v 0.059772 -0.010153 -0.047945
v 0.063694 -0.011169 -0.047036
v 0.064390 -0.009642 -0.046923
v 0.060193 -0.008696 -0.047691
v 0.072576 -0.008712 -0.057435
v 0.071911 -0.005291 -0.054148
v 0.071344 -0.002176 -0.054019
v 0.071567 -0.002632 -0.056742
v 0.026228 -0.046166 -0.110497
v 0.011739 -0.046094 -0.114983
v 0.011604 -0.058305 -0.112213
v 0.024940 -0.060003 -0.106595
v 0.043284 -0.083159 -0.087129
v 0.038306 -0.075204 -0.092646
v 0.037040 -0.088099 -0.096689
v 0.045240 -0.090745 -0.086647
v 0.038117 0.047418 0.040629
v 0.045194 0.046410 0.035114
v 0.044384 0.040266 0.038531
v -0.060441 -0.009787 -0.050020
v -0.064350 -0.010801 -0.049177
v -0.065011 -0.009397 -0.049108
v -0.060579 -0.008341 -0.049801
v -0.072709 -0.008415 -0.059914
v -0.071803 -0.005053 -0.056550
v -0.071422 -0.002000 -0.056338
v -0.071700 -0.002318 -0.059049
v 0.037391 0.040602 0.042652
v 0.091902 0.013429 -0.068122
v 0.091750 0.010844 -0.069501
v 0.091795 0.009444 -0.067734
v 0.091787 0.011770 -0.066722
v 0.087624 -0.005373 -0.066685
v 0.087653 0.002261 -0.068203
v 0.089081 0.004783 -0.068568
v 0.088882 0.002760 -0.068117
v 0.086973 -0.015865 -0.063935
v 0.086024 -0.015138 -0.063404
v 0.087918 -0.010542 -0.065044
v 0.088693 -0.010889 -0.065910
v 0.071437 -0.035639 -0.040981
v 0.074188 -0.033814 -0.042815
v 0.074730 -0.035648 -0.043899
v 0.070021 -0.037075 -0.042295
v 0.067087 -0.035659 -0.043134
v 0.072023 -0.036402 -0.047090
v 0.071357 -0.033133 -0.048008
v 0.067412 -0.033115 -0.044734
v 0.087273 0.023260 -0.052915
v 0.087458 0.020068 -0.052684
v 0.085839 0.019390 -0.050152
v 0.085647 0.022691 -0.050122
v 0.072282 -0.009826 -0.063707
v 0.070215 -0.016346 -0.061382
v 0.076090 -0.011102 -0.063718
v 0.076569 -0.008384 -0.064241
v 0.085403 0.012508 -0.060567
v 0.086247 0.013619 -0.064057
v 0.086426 0.011547 -0.065332
v 0.085492 0.009880 -0.062775
v 0.087866 0.015391 -0.069053
v 0.087986 0.012521 -0.070494
v 0.069942 -0.026694 -0.038845
v 0.069097 -0.022963 -0.038072
v 0.069907 -0.021355 -0.039318
v 0.070454 -0.022393 -0.040516
v 0.070795 -0.008944 -0.054382
v 0.072229 -0.004801 -0.052598
v 0.083002 -0.026535 -0.058477
v 0.082757 -0.024598 -0.057759
v 0.084767 -0.020431 -0.061347
v 0.085040 -0.021724 -0.062112
v 0.080021 -0.021868 -0.056040
v 0.082280 -0.019328 -0.059632
v 0.083437 -0.018630 -0.061343
v 0.082140 -0.020818 -0.059384
v 0.088352 0.015897 -0.059444
v 0.086151 0.017902 -0.055068
v 0.086802 0.017963 -0.055433
v 0.088639 0.015758 -0.060459
v 0.079149 0.003537 -0.063678
v 0.078088 0.008438 -0.061834
v 0.076724 0.007938 -0.061970
v 0.077879 0.003665 -0.063585
v 0.088467 0.012465 -0.066819
v 0.088771 0.009784 -0.067920
v 0.086907 0.008956 -0.066928
v 0.074699 0.010579 -0.049880
v 0.074752 0.011271 -0.050693
v 0.075376 0.009597 -0.051135
v 0.074806 0.008384 -0.049880
v 0.074566 -0.036942 -0.047124
v 0.067364 -0.024586 -0.054838
v 0.069291 -0.023706 -0.056092
v 0.072118 -0.019810 -0.059137
v 0.070852 -0.018724 -0.059388
v 0.067034 -0.033915 -0.039345
v 0.069972 -0.033768 -0.038944
v 0.070919 -0.035108 -0.040083
v 0.067769 -0.035621 -0.040399
v 0.077958 0.014722 -0.050673
v 0.080540 0.014092 -0.053008
v 0.078727 0.013103 -0.052293
v 0.076840 0.013473 -0.050483
v 0.086295 0.000353 -0.066747
v 0.085577 0.007138 -0.064642
v 0.085206 -0.009034 -0.061326
v 0.085652 -0.008953 -0.064395
v 0.084692 -0.013012 -0.063233
v -0.028550 -0.046382 -0.110528
v -0.014072 -0.046173 -0.114991
v -0.013969 -0.058427 -0.112229
v -0.027325 -0.060300 -0.106580
v 0.084598 -0.013084 -0.060220
v 0.085084 -0.000864 -0.061228
v 0.085743 -0.000766 -0.064695
v 0.089352 0.008500 -0.066272
v 0.089108 0.002436 -0.066777
v 0.089258 0.008973 -0.067041
v 0.075663 0.011742 -0.059853
v 0.075573 0.014837 -0.063986
v 0.074691 0.008440 -0.065625
v 0.075680 0.009434 -0.061375
v 0.070652 -0.017332 -0.039701
v 0.072093 -0.015154 -0.040820
v 0.071058 -0.017432 -0.042328
v 0.070444 -0.019550 -0.042112
v 0.072835 -0.021757 -0.057907
v 0.070180 -0.024798 -0.055331
v 0.070795 -0.025274 -0.054663
v 0.073575 -0.023570 -0.056375
v 0.083122 0.015443 -0.055010
v 0.083011 0.009885 -0.055751
v 0.081333 0.009790 -0.054358
v 0.076363 -0.020532 -0.047471
v 0.077016 -0.019134 -0.049467
v 0.078255 -0.022310 -0.051349
v 0.077331 -0.024440 -0.049658
v 0.079088 -0.033092 -0.052592
v 0.076767 -0.033013 -0.052945
v 0.074335 -0.035166 -0.049867
v 0.076882 -0.035666 -0.049674
v 0.070241 -0.020694 -0.041184
v 0.070161 -0.019948 -0.039566
v 0.081443 0.003841 -0.065394
v 0.080388 0.009883 -0.063349
v 0.084635 0.008158 -0.060613
v 0.084763 0.005761 -0.062129
v 0.073516 -0.004509 -0.045329
v 0.070890 -0.003820 -0.046428
v 0.070681 -0.004502 -0.046623
v 0.073913 -0.006134 -0.045215
v 0.074019 -0.004438 -0.043806
v 0.074456 -0.005996 -0.043713
v 0.074154 -0.006359 -0.042197
v 0.073776 -0.005443 -0.042101
v 0.070152 -0.003450 -0.047382
v 0.070282 -0.003745 -0.046866
v 0.070793 -0.003316 -0.047257
v 0.074885 -0.001217 -0.058456
v 0.076329 -0.009076 -0.060888
v 0.074042 -0.008784 -0.059683
v 0.071161 -0.001309 -0.057945
v 0.086465 -0.007772 -0.066075
v 0.082025 0.018841 -0.045976
v 0.080171 0.020720 -0.046020
v 0.082785 0.024502 -0.050653
v 0.071757 -0.017471 -0.051836
v 0.074079 -0.016916 -0.048736
v 0.072259 -0.017103 -0.047183
v 0.070863 -0.018188 -0.050183
v 0.070075 -0.013027 -0.044981
v 0.068135 -0.016517 -0.044167
v 0.072498 -0.014635 -0.043725
v 0.074103 0.001212 -0.043465
v 0.072457 -0.002437 -0.046637
v 0.073304 -0.003404 -0.045005
v 0.073691 -0.003146 -0.043548
v 0.087029 -0.016584 -0.064983
v 0.088809 -0.011435 -0.067353
v 0.087022 -0.011356 -0.068403
v 0.085309 -0.016874 -0.066071
v 0.067612 -0.030316 -0.037711
v 0.065203 -0.032926 -0.040579
v 0.067370 -0.027160 -0.036577
v 0.091311 0.019994 -0.062447
v 0.087227 0.022492 -0.062946
v 0.087501 0.020552 -0.065376
v 0.091619 0.018050 -0.064656
v 0.070186 0.002796 -0.052621
v 0.070571 0.000708 -0.052343
v 0.071067 0.002275 -0.050603
v 0.070768 0.004103 -0.050604
v 0.050067 -0.032249 -0.093732
v 0.058164 -0.032387 -0.074888
v 0.062025 -0.018534 -0.083341
v 0.055081 -0.018729 -0.099299
v 0.079968 -0.030519 -0.052283
v 0.078704 -0.032789 -0.049587
v 0.075290 0.008889 -0.042276
v 0.074482 0.010892 -0.041295
v 0.075782 0.016211 -0.042755
v 0.076613 0.012863 -0.042535
v 0.088472 0.004220 -0.071493
v 0.091504 0.003412 -0.070219
v 0.077427 0.015297 -0.048807
v 0.081719 0.018875 -0.051736
v 0.079317 0.016407 -0.050921
v 0.077173 0.015035 -0.049341
v 0.076317 0.006766 -0.047279
v 0.077173 0.008109 -0.046853
v 0.075731 0.009046 -0.047113
v 0.074586 0.007630 -0.047229
v 0.074390 0.015539 -0.040163
v 0.076156 0.020364 -0.043303
v 0.066108 -0.025401 -0.054310
v 0.077087 0.007756 -0.044778
v 0.078011 0.010359 -0.044265
v 0.078431 0.009597 -0.046608
v -0.045847 -0.083676 -0.086795
v -0.040843 -0.075651 -0.092421
v -0.039317 -0.088654 -0.096566
v -0.047758 -0.091317 -0.086354
v 0.068408 -0.022048 -0.035973
v 0.069469 -0.020328 -0.037965
v 0.076337 0.013822 -0.049328
v 0.075625 0.012738 -0.049363
v 0.073974 0.009176 -0.049070
v 0.074284 0.006681 -0.050270
v 0.081248 -0.000150 -0.057367
v 0.082973 -0.008538 -0.059303
v 0.065751 -0.018127 -0.069561
v 0.062777 -0.032145 -0.054933
v 0.074573 0.009477 -0.047176
v 0.074387 0.009814 -0.047480
v 0.073280 0.008919 -0.048211
v 0.073533 0.008401 -0.047363
v 0.077299 -0.034370 -0.047070
v 0.079865 0.006254 -0.054711
v 0.076368 0.004627 -0.052871
v 0.076929 0.006844 -0.051907
v 0.088855 -0.005825 -0.065980
v 0.089868 0.002492 -0.066829
v 0.091324 0.002989 -0.068347
v 0.090175 -0.006028 -0.067248
v 0.065702 -0.034105 -0.041408
v 0.070503 -0.000045 -0.053334
v 0.071891 -0.001877 -0.052533
v 0.071190 0.005568 -0.050627
v 0.072104 0.007367 -0.049015
v 0.069860 -0.017325 -0.037611
v 0.087673 0.016469 -0.063993
v 0.088091 0.014580 -0.065426
v 0.086012 0.015206 -0.062683
v 0.085631 0.016414 -0.061071
v 0.084710 0.017606 -0.057260
v 0.085192 0.019078 -0.056841
v 0.087000 0.017944 -0.061859
v 0.075092 0.005380 -0.051735
v 0.076029 0.007359 -0.050794
v 0.075427 -0.021840 -0.045919
v 0.076057 -0.027988 -0.046986
v 0.083366 -0.016472 -0.060990
v 0.082990 -0.015747 -0.058133
v 0.084306 -0.005430 -0.069142
v 0.084139 0.003920 -0.069848
v 0.082505 0.003814 -0.067569
v 0.082888 -0.004956 -0.067714
v 0.076701 -0.002574 -0.064198
v 0.073755 -0.001766 -0.064737
v 0.073321 -0.004336 -0.041597
v 0.072616 -0.000681 -0.039806
v 0.071130 0.004979 -0.051009
v 0.071563 0.006518 -0.048851
v 0.077358 -0.019160 -0.060352
v 0.073317 -0.026703 -0.053141
v 0.077522 -0.021570 -0.058709
v 0.068994 -0.027309 -0.051071
v 0.068707 -0.028466 -0.048802
v 0.071468 -0.028510 -0.050402
v 0.080066 -0.019917 -0.055200
v 0.081852 -0.018696 -0.057972
v 0.069315 -0.003679 -0.048165
v 0.067931 -0.005280 -0.049370
v 0.068945 -0.004201 -0.047512
v 0.084069 -0.000733 -0.058788
v 0.084599 -0.008731 -0.059583
v 0.077413 0.010257 -0.047045
v 0.074906 0.000137 -0.048699
v 0.076178 0.003488 -0.046319
v 0.080719 0.013737 -0.046505
v 0.079077 0.011988 -0.047233
v 0.078524 0.011123 -0.047044
v 0.079577 0.011568 -0.046299
v 0.062398 -0.013980 -0.047537
v 0.066054 -0.015465 -0.046283
v 0.067497 -0.012170 -0.046103
v 0.084224 0.019402 -0.055663
v 0.084613 0.017344 -0.056842
v 0.081743 0.010554 -0.065217
v 0.075738 0.011496 -0.051843
v 0.076604 0.009811 -0.052617
v 0.077977 0.023150 -0.058680
v 0.077510 0.021158 -0.055299
v 0.077768 0.021290 -0.054033
v 0.078254 0.025311 -0.054095
v 0.067998 -0.031424 -0.045711
v 0.070898 -0.031053 -0.048354
v 0.070649 -0.029676 -0.048810
v 0.068347 -0.029904 -0.046926
v 0.071574 -0.017340 -0.046465
v 0.070548 -0.018500 -0.049185
v 0.084859 -0.015053 -0.063593
v 0.084050 -0.015941 -0.062612
v 0.085423 -0.011974 -0.064680
v 0.086619 -0.010750 -0.065373
v 0.071453 0.003472 -0.054242
v 0.070182 0.002341 -0.054801
v 0.078070 0.015307 -0.056135
v 0.080399 0.017687 -0.057611
v 0.079298 0.020587 -0.053960
v 0.077547 0.018428 -0.053839
v 0.083080 0.011317 -0.067717
v 0.076469 0.008452 -0.052352
v 0.077153 0.008648 -0.053421
v 0.075981 0.008918 -0.051853
v 0.073821 0.006701 -0.047461
v 0.075640 0.005440 -0.047704
v 0.080052 0.013758 -0.047881
v 0.084052 0.017266 -0.051156
v 0.083138 0.017050 -0.050798
v 0.079350 0.014382 -0.048285
v 0.074557 0.011394 -0.048526
v 0.013069 -0.034016 -0.121298
v 0.014879 -0.023738 -0.128591
v -0.037678 0.047136 0.039498
v -0.044878 0.046214 0.033976
v -0.044096 0.039992 0.037188
v -0.036933 0.040367 0.041370
v 0.077766 0.020931 -0.046188
v 0.079045 0.022775 -0.050356
v 0.079953 0.023706 -0.050608
v 0.078334 0.021847 -0.047234
v 0.085591 0.015136 -0.060404
v 0.089361 0.011365 -0.065852
v 0.072946 -0.003009 -0.050690
v 0.069855 -0.006150 -0.050675
v 0.060014 -0.007455 -0.049448
v 0.060365 -0.006161 -0.049588
v 0.061081 -0.006699 -0.050763
v 0.060570 -0.008330 -0.050808
v 0.062711 -0.012657 -0.051156
v 0.065391 -0.013767 -0.050122
v 0.064602 -0.015752 -0.048605
v 0.061714 -0.015110 -0.050639
v 0.059146 -0.010918 -0.049872
v 0.059611 -0.009181 -0.049542
v 0.060422 -0.010132 -0.050964
v 0.060062 -0.012142 -0.051265
v 0.083696 0.019008 -0.053365
v 0.085443 0.018910 -0.054979
v 0.090077 0.010704 -0.065138
v 0.090102 0.008584 -0.066265
v 0.088685 0.015142 -0.062947
v 0.089075 0.013443 -0.064364
v 0.072654 -0.012477 -0.040564
v 0.073690 -0.012219 -0.042518
v 0.073240 -0.013911 -0.042504
v 0.091315 0.014149 -0.065222
v 0.091821 0.015755 -0.066533
v 0.070437 -0.030177 -0.038590
v 0.069150 -0.031587 -0.037897
v 0.042931 -0.100563 -0.023482
v 0.052351 -0.095422 -0.035138
v 0.051849 -0.105230 -0.034961
v 0.042784 -0.110421 -0.024057
v 0.080547 0.016047 -0.044875
v 0.079327 0.018548 -0.044378
v 0.059281 -0.012296 -0.048349
v 0.059251 -0.013516 -0.050373
v 0.061769 -0.015219 -0.048961
v 0.064776 -0.007973 -0.046960
v 0.060548 -0.007234 -0.047687
v 0.063007 -0.010902 -0.051088
v 0.064586 -0.005749 -0.050233
v 0.065008 -0.004642 -0.048573
v 0.067447 -0.019101 -0.045409
v 0.069080 -0.019340 -0.047885
v 0.070617 -0.019520 -0.044367
v 0.059676 -0.013926 -0.051135
v 0.071179 0.004540 -0.052037
v 0.066217 -0.009827 -0.050836
v 0.069356 -0.012347 -0.052577
v 0.068950 -0.014538 -0.051694
v 0.065930 -0.011823 -0.050778
v 0.078584 -0.022808 -0.053141
v 0.078929 -0.020904 -0.053004
v 0.072973 -0.016645 -0.053646
v 0.075995 -0.016609 -0.051594
v 0.072483 -0.000126 -0.051013
v 0.074175 0.002964 -0.049196
v 0.069621 -0.003528 -0.047886
v 0.067059 -0.007559 -0.050500
v 0.069375 -0.009748 -0.052441
v 0.065042 -0.006442 -0.047161
v 0.068958 -0.006538 -0.046641
v 0.068794 -0.005445 -0.046897
v 0.065008 -0.005406 -0.047462
v 0.079503 0.009805 -0.053781
v 0.077952 0.016138 -0.043423
v 0.079384 0.013234 -0.044351
v 0.078604 0.027470 -0.070629
v 0.076329 0.019347 -0.075348
v 0.077054 0.020029 -0.062522
v 0.062999 -0.008937 -0.050854
v 0.061272 -0.005101 -0.049181
v 0.061424 -0.005328 -0.047741
v 0.084081 -0.019154 -0.061058
v 0.071646 -0.019737 -0.044003
v 0.072304 0.004865 -0.048558
v 0.083495 -0.010621 -0.067557
v 0.082201 -0.015778 -0.065442
v 0.071465 0.006099 -0.048863
v 0.072452 0.007270 -0.047686
v 0.069890 -0.018976 -0.048668
v 0.071200 -0.018395 -0.045514
v 0.072824 0.007737 -0.047614
v 0.073091 -0.012756 -0.043964
v 0.084694 0.009641 -0.059088
v 0.075024 -0.030344 -0.053385
v 0.073096 -0.031940 -0.050470
v 0.060980 -0.006168 -0.047770
v 0.064435 -0.015854 -0.047888
v 0.064187 -0.007163 -0.050926
v 0.071406 -0.008784 -0.045497
v 0.070883 -0.010993 -0.045208
v 0.073698 -0.010513 -0.044142
v 0.077462 -0.016231 -0.053362
v 0.073752 -0.015305 -0.055962
v 0.074932 -0.014391 -0.058122
v 0.079121 -0.015599 -0.055163
v 0.080825 -0.020596 -0.062949
v 0.079232 -0.024930 -0.059453
v 0.081575 -0.026741 -0.059218
v 0.083586 -0.022286 -0.063120
v 0.080061 0.042803 -0.079184
v 0.079572 0.033034 -0.063778
v 0.080986 0.049232 -0.067751
v 0.082551 0.019206 -0.062640
v 0.082696 0.016889 -0.064373
v 0.087775 0.017931 -0.067289
v 0.077547 0.023485 -0.048323
v 0.078080 0.021112 -0.052240
v 0.077599 0.022423 -0.050001
v 0.087952 -0.005830 -0.070272
v 0.074646 0.004953 -0.042589
v 0.076634 0.005592 -0.045361
v 0.076204 -0.017939 -0.061118
v 0.079044 -0.017486 -0.053299
v 0.081092 -0.017019 -0.055573
v 0.088816 0.019969 -0.055389
v 0.085719 0.018090 -0.052969
v 0.008448 -0.112048 0.003689
v 0.008773 -0.118925 -0.000285
v 0.008479 -0.008799 0.057748
v 0.009976 -0.009086 0.056373
v 0.008955 -0.007161 0.055411
v 0.008189 -0.007072 0.056042
v 0.008990 -0.017917 0.056170
v 0.008335 -0.016295 0.055108
v 0.009173 -0.016544 0.054432
v 0.009943 -0.017866 0.055224
v 0.005733 -0.007386 0.055144
v 0.004200 -0.010358 0.057896
v 0.005721 -0.008942 0.059390
v 0.006921 -0.006622 0.055984
v 0.088250 0.023326 -0.056389
v 0.011925 -0.018046 0.055610
v 0.010968 -0.016523 0.054544
v 0.011920 -0.015772 0.056276
v 0.013237 -0.016974 0.057273
v 0.005410 -0.017317 0.064065
v 0.006414 -0.015132 0.064230
v 0.005195 -0.016073 0.061813
v 0.005255 -0.017927 0.061446
v 0.007899 -0.014395 0.063672
v 0.009662 -0.014931 0.065359
v 0.011178 -0.014946 0.063714
v 0.009183 -0.014385 0.062110
v 0.004809 -0.013829 0.056976
v 0.005969 -0.015677 0.058169
v 0.004164 -0.013839 0.060579
v 0.012112 -0.013752 0.054597
v 0.010473 -0.014888 0.053291
v 0.009807 -0.011071 0.052479
v 0.011213 -0.010128 0.053526
v 0.046019 -0.084538 -0.022570
v 0.053957 -0.082040 -0.036458
v 0.033984 0.005477 0.038058
v 0.033197 0.002664 0.039257
v 0.028981 0.003694 0.039756
v 0.029960 0.006203 0.038765
v 0.074497 -0.008164 -0.043115
v 0.073962 -0.007368 -0.041808
v 0.082741 0.014167 -0.066020
v 0.088385 0.016732 -0.060044
v 0.082391 0.021069 -0.060459
v 0.081122 0.023347 -0.055754
v 0.080041 0.021849 -0.054793
v 0.081233 0.019197 -0.058849
v 0.090813 0.017353 -0.061297
v 0.072836 -0.021223 -0.043701
v 0.082144 0.005626 -0.056335
v 0.080514 0.023832 -0.053245
v 0.083976 0.025333 -0.053865
v 0.088254 -0.005859 -0.066059
v 0.091153 0.015805 -0.063351
v 0.089186 0.014391 -0.062153
v 0.082203 0.015887 -0.047004
v 0.075986 -0.012289 -0.060513
v 0.082405 -0.012207 -0.058524
v 0.080904 -0.014582 -0.056892
v -0.091206 0.013791 -0.070639
v -0.091089 0.011193 -0.071937
v -0.091143 0.009830 -0.070119
v -0.091083 0.012177 -0.069312
v -0.087512 -0.004872 -0.069012
v -0.087558 0.002635 -0.070611
v -0.088776 0.005173 -0.071089
v -0.088780 0.003143 -0.070640
v 0.075200 -0.013868 -0.059508
v 0.069878 0.001308 -0.054515
v 0.069359 -0.016570 -0.035295
v 0.077968 -0.027624 -0.050579
v -0.087162 -0.015274 -0.065781
v -0.086324 -0.014618 -0.065405
v -0.088054 -0.010002 -0.067056
v -0.088772 -0.010364 -0.067776
v 0.079006 -0.026438 -0.053062
v 0.029176 -0.033422 -0.115651
v 0.032684 -0.022266 -0.122096
v 0.090231 -0.006041 -0.069136
v 0.083165 0.018144 -0.054051
v 0.074510 -0.021748 -0.045037
v 0.073607 -0.027665 -0.044298
v 0.072263 -0.027154 -0.042405
v 0.077018 0.009005 -0.053034
v 0.075424 -0.016960 -0.061579
v 0.075595 -0.014686 -0.062473
v 0.061426 -0.005821 -0.050504
v 0.078147 -0.023114 -0.058917
v 0.074304 -0.028539 -0.053298
v 0.057582 -0.078562 -0.050010
v 0.054348 -0.075635 -0.065199
v -0.072709 -0.034853 -0.042977
v -0.075192 -0.033073 -0.044811
v -0.075768 -0.034887 -0.046049
v -0.071318 -0.036047 -0.044493
v 0.054649 -0.087132 -0.063078
v 0.056723 -0.091030 -0.048587
v 0.071337 -0.002380 -0.036240
v 0.071789 -0.009741 -0.038685
v 0.070764 -0.010794 -0.036942
v 0.021918 -0.102971 -0.001144
v 0.019439 -0.114594 -0.005490
v 0.069521 -0.015959 -0.031186
v 0.069288 -0.016525 -0.021020
v 0.071274 -0.000676 -0.021168
v 0.070640 -0.006200 -0.030786
v 0.059459 0.030934 0.016136
v 0.061317 0.031629 0.011355
v 0.062087 0.022096 0.011293
v 0.059902 0.023309 0.015437
v 0.019884 0.088664 0.032535
v 0.009913 0.089400 0.034674
v 0.009987 0.096956 0.028634
v 0.020225 0.095874 0.026073
v 0.034718 -0.014082 -0.126460
v 0.036681 -0.003585 -0.131210
v 0.017140 -0.006496 -0.138324
v 0.015967 -0.016222 -0.133136
v 0.020536 0.113127 0.003583
v 0.010033 0.114773 0.006273
v 0.010170 0.119805 -0.003816
v -0.068466 -0.034650 -0.045163
v -0.072691 -0.035425 -0.049290
v -0.071851 -0.032346 -0.050202
v -0.068614 -0.032278 -0.046796
v 0.020866 0.117866 -0.006164
v 0.053045 0.003007 0.029105
v 0.055114 -0.003319 0.029234
v 0.051150 -0.003788 0.032990
v 0.049537 0.002565 0.032091
v 0.073086 -0.032330 -0.041564
v 0.071999 -0.031454 -0.040367
v -0.087047 0.023567 -0.055100
v -0.087038 0.020398 -0.055061
v -0.085054 0.019844 -0.052626
v -0.085309 0.023076 -0.052227
v -0.073980 -0.010310 -0.065318
v -0.071965 -0.016683 -0.063137
v -0.077722 -0.011550 -0.065642
v -0.078003 -0.008907 -0.066109
v 0.010368 0.124104 -0.015620
v 0.021323 0.121961 -0.017560
v 0.011828 0.012159 0.044524
v -0.084332 0.012724 -0.063209
v -0.085562 0.013928 -0.066714
v -0.085925 0.011898 -0.067949
v -0.084898 0.010173 -0.065336
v -0.087330 0.015696 -0.071429
v -0.087448 0.012829 -0.072959
v -0.071214 -0.025774 -0.040598
v -0.070436 -0.022025 -0.039825
v -0.071002 -0.020501 -0.041211
v -0.071445 -0.021551 -0.042364
v -0.070692 -0.008681 -0.056823
v -0.072300 -0.004608 -0.054984
v -0.082843 -0.025702 -0.060668
v -0.082959 -0.023938 -0.059797
v -0.084994 -0.019804 -0.063215
v -0.085011 -0.021016 -0.064128
v 0.012280 0.014121 0.041775
v 0.015894 0.010897 0.040546
v 0.015437 0.008792 0.042737
v 0.007651 0.060774 0.046329
v 0.008638 0.068870 0.043806
v 0.017406 0.068929 0.042408
v 0.015846 0.060831 0.045387
v 0.020346 0.008309 0.039579
v 0.019559 0.006273 0.040965
v 0.009972 0.103530 0.021901
v 0.020376 0.102280 0.019116
v 0.020787 0.127876 -0.067843
v -0.080283 -0.021383 -0.058076
v -0.082497 -0.018863 -0.061727
v -0.083679 -0.018145 -0.063443
v -0.082369 -0.020311 -0.061454
v 0.021289 0.128212 -0.059339
v 0.010022 0.130898 -0.059781
v -0.087878 0.016284 -0.062090
v -0.085692 0.018203 -0.057644
v -0.086196 0.018314 -0.058036
v -0.088020 0.016173 -0.063154
v 0.011067 0.129903 -0.072378
v 0.067853 -0.000258 -0.091482
v 0.071130 -0.001412 -0.076009
v 0.074163 0.010566 -0.077604
v 0.072149 0.016213 -0.094224
v 0.032872 -0.096264 -0.010557
v 0.030926 -0.108061 -0.013821
v -0.079925 0.003275 -0.065461
v -0.078544 0.008371 -0.063626
v -0.077622 0.007634 -0.063580
v -0.078953 0.003163 -0.065156
v -0.088044 0.012861 -0.069463
v -0.088386 0.010178 -0.070524
v -0.086500 0.009323 -0.069477
v -0.074641 0.010403 -0.052247
v -0.074892 0.010976 -0.052982
v -0.075568 0.009386 -0.053355
v -0.075003 0.008312 -0.052102
v -0.075299 -0.036067 -0.049470
v -0.069020 -0.024779 -0.056753
v -0.070749 -0.023909 -0.058120
v -0.073435 -0.019973 -0.061163
v -0.072429 -0.018939 -0.061322
v 0.052543 0.052988 0.023525
v 0.054629 0.058546 0.018937
v 0.058014 0.051366 0.015254
v 0.055674 0.046845 0.020220
v 0.006044 0.047923 0.049806
v 0.013287 0.047774 0.049657
v 0.011406 0.041553 0.049765
v 0.005380 0.041568 0.050140
v -0.068722 -0.032983 -0.040942
v -0.071510 -0.032924 -0.040613
v -0.072331 -0.034286 -0.041879
v -0.069331 -0.034674 -0.042322
v 0.059912 0.016028 0.015965
v 0.062530 0.013046 0.012822
v 0.061514 0.004952 0.017622
v 0.058628 0.009055 0.019704
v 0.055664 0.004309 0.025799
v -0.077788 0.014393 -0.053050
v -0.080110 0.013930 -0.055453
v -0.078529 0.012868 -0.054625
v -0.076797 0.013141 -0.052820
v 0.057986 -0.001670 0.025378
v -0.086417 0.000746 -0.069036
v -0.085209 0.007523 -0.067137
v 0.018884 0.078773 0.038603
v 0.009379 0.079150 0.040239
v 0.060180 0.041974 0.012453
v 0.057965 0.039129 0.017684
v 0.009181 0.015338 0.047130
v 0.009829 0.016849 0.043544
v 0.007288 0.021848 0.046296
v -0.085639 -0.008608 -0.063558
v -0.086022 -0.008508 -0.066635
v -0.085003 -0.012523 -0.065394
v -0.084959 -0.012616 -0.062288
v 0.004568 0.021075 0.052113
v 0.004569 0.024976 0.050826
v 0.007229 0.024845 0.047020
v 0.033219 0.060647 0.038583
v 0.035014 0.068128 0.035059
v 0.042546 0.066893 0.029698
v 0.040806 0.059862 0.033518
v 0.020453 0.107914 0.011824
v -0.085242 -0.000555 -0.063581
v -0.085947 -0.000389 -0.066997
v 0.009974 0.109350 0.014622
v 0.004675 0.033847 0.049723
v 0.008669 0.033837 0.047970
v 0.007622 0.030621 0.047334
v -0.089098 0.008964 -0.068963
v -0.089167 0.002816 -0.069253
v -0.088931 0.009401 -0.069678
v -0.076492 0.011597 -0.061316
v -0.076514 0.014572 -0.065179
v -0.075997 0.007967 -0.066807
v -0.076841 0.009049 -0.062812
v 0.004754 0.030703 0.049766
v 0.024029 0.004777 0.040263
v 0.024950 0.007071 0.039285
v 0.065032 -0.031323 -0.044445
v 0.066187 -0.032568 -0.043932
v 0.073019 0.014964 -0.033784
v 0.071536 0.004342 -0.031899
v 0.071942 0.012674 -0.022233
v 0.072577 0.025527 -0.024398
v 0.075039 0.037446 -0.027913
v 0.076335 0.046025 -0.033260
v 0.076964 0.030330 -0.040441
v 0.075292 0.023946 -0.036090
v 0.049631 -0.084370 -0.075925
v 0.047354 -0.074162 -0.079290
v 0.004471 0.017927 0.054669
v 0.004374 0.014940 0.057126
v 0.019679 0.035619 -0.149743
v -0.071350 -0.016637 -0.042022
v -0.072694 -0.014591 -0.043269
v -0.071679 -0.016780 -0.044667
v -0.071207 -0.018784 -0.044276
v 0.019032 0.022010 -0.147873
v 0.039374 0.026056 -0.139366
v 0.039809 0.039014 -0.140845
v 0.064522 -0.010909 -0.087457
v -0.073985 -0.021802 -0.059921
v -0.071414 -0.024866 -0.057410
v -0.071866 -0.025177 -0.056748
v -0.074592 -0.023500 -0.058404
v 0.068429 -0.010279 -0.073169
v 0.010606 -0.012145 0.058259
v 0.007476 -0.007785 0.053556
v 0.007528 -0.011443 0.052472
v 0.007195 -0.008910 0.053557
v 0.010633 -0.014704 0.059896
v 0.012721 -0.015434 0.061138
v 0.008434 -0.014957 0.053248
v 0.007786 -0.014760 0.053588
v 0.007017 -0.011147 0.052660
v 0.008773 -0.007227 0.054246
v 0.002673 -0.019128 0.066565
v 0.003323 -0.017721 0.069592
v 0.006977 -0.016244 0.068294
v 0.005525 -0.017707 0.066150
v 0.005323 -0.008676 0.054832
v 0.004417 -0.010729 0.055429
v 0.005535 -0.012615 0.062673
v 0.007136 -0.008772 0.058819
v 0.007571 -0.006741 0.056057
v 0.007112 -0.011883 0.061915
v 0.006344 -0.017848 0.058797
v 0.008775 -0.011760 0.060280
v -0.082144 0.015432 -0.057681
v -0.082123 0.010006 -0.058301
v -0.080754 0.009797 -0.056801
v -0.076799 -0.020056 -0.049606
v -0.077540 -0.018796 -0.051529
v -0.078456 -0.021856 -0.053467
v -0.077484 -0.023866 -0.051894
v 0.077815 -0.018178 -0.051283
v 0.055249 -0.064768 -0.031208
v 0.059169 -0.049966 -0.038856
v 0.058658 -0.050346 -0.044600
v -0.079013 -0.032195 -0.054897
v -0.076814 -0.032388 -0.055511
v -0.074839 -0.034482 -0.052393
v -0.077189 -0.034866 -0.052133
v -0.071250 -0.019874 -0.043173
v -0.071087 -0.019165 -0.041622
v -0.081804 0.003764 -0.067353
v -0.080490 0.009914 -0.065383
v 0.056575 -0.065843 -0.040414
v 0.079754 0.008181 -0.054474
v 0.066837 0.057853 -0.003322
v 0.068374 0.069609 -0.012867
v 0.073707 0.057850 -0.024465
v -0.083961 0.008421 -0.063135
v -0.084506 0.006118 -0.064611
v 0.073152 0.047133 -0.019151
v 0.068795 0.079387 -0.021170
v 0.074116 0.068740 -0.031913
v 0.077338 0.056572 -0.041543
v 0.079055 0.036293 -0.055310
v 0.041295 0.018831 0.033810
v 0.041526 0.018517 0.033783
v 0.040031 0.018111 0.034956
v -0.073838 -0.004293 -0.047818
v -0.071210 -0.003633 -0.048881
v -0.071061 -0.004329 -0.049057
v -0.074260 -0.005890 -0.047674
v 0.039869 0.018477 0.035034
v 0.040961 0.018984 0.033505
v 0.039695 0.018615 0.034479
v -0.074347 -0.004188 -0.046299
v -0.074788 -0.005709 -0.046189
v -0.074552 -0.006059 -0.044675
v -0.074185 -0.005142 -0.044584
v 0.042023 0.019374 0.032665
v 0.042374 0.019184 0.032960
v 0.042529 0.018847 0.032918
v 0.024720 0.018908 0.037373
v 0.025136 0.019025 0.036664
v 0.027508 0.018508 0.037635
v 0.027325 0.018408 0.038409
v 0.024568 0.018593 0.037621
v 0.027551 0.017970 0.038470
v -0.070512 -0.003346 -0.049795
v -0.070638 -0.003604 -0.049291
v -0.071111 -0.003154 -0.049698
v -0.075131 -0.000405 -0.061338
v -0.076561 -0.008331 -0.063373
v -0.074359 -0.008326 -0.062174
v -0.071549 -0.000785 -0.060466
v 0.023930 0.020115 0.031438
v 0.023691 0.020733 0.031457
v -0.086567 -0.007252 -0.068268
v 0.024957 0.019213 0.031681
v 0.022749 0.020896 0.034002
v 0.022681 0.021957 0.034048
v -0.081731 0.019197 -0.048151
v -0.080147 0.021026 -0.047839
v -0.082635 0.024790 -0.052525
v 0.023328 0.022441 0.031500
v 0.023452 0.021283 0.031416
v 0.022967 0.020383 0.034231
v -0.072450 -0.017504 -0.054106
v -0.074925 -0.016541 -0.050823
v -0.073046 -0.016569 -0.049299
v -0.071553 -0.017941 -0.052427
v -0.070652 -0.012617 -0.047390
v -0.068723 -0.015994 -0.046511
v -0.073124 -0.014142 -0.046152
v -0.074244 0.001562 -0.045989
v -0.072590 -0.002136 -0.049134
v -0.073606 -0.003166 -0.047514
v -0.074015 -0.002900 -0.046061
v -0.087004 -0.015948 -0.066886
v -0.088617 -0.010837 -0.069207
v -0.086818 -0.010896 -0.070503
v -0.085250 -0.016300 -0.068136
v 0.021362 0.020178 0.034850
v 0.021037 0.020601 0.034648
v -0.069190 -0.029319 -0.039303
v -0.067027 -0.031982 -0.042154
v -0.069151 -0.026098 -0.038208
v -0.090892 0.020359 -0.064862
v -0.086907 0.022843 -0.065196
v -0.087126 0.020869 -0.067678
v -0.091144 0.018400 -0.067144
v -0.070727 0.003125 -0.055023
v -0.070926 0.000976 -0.054654
v -0.071363 0.002547 -0.053031
v -0.071276 0.004399 -0.053111
v 0.021179 0.021543 0.034754
v 0.032162 0.017026 0.038480
v 0.032507 0.016380 0.038198
v 0.028036 0.016752 0.038349
v 0.027844 0.017391 0.038472
v 0.031859 0.017573 0.038599
v 0.035154 0.017642 0.037840
v 0.035509 0.017102 0.037632
v 0.035794 0.016491 0.037283
v -0.052213 -0.032615 -0.094058
v -0.060329 -0.032702 -0.075423
v -0.063945 -0.018911 -0.084083
v -0.056962 -0.019101 -0.099828
v -0.080102 -0.029769 -0.054430
v -0.079052 -0.032015 -0.051830
v -0.075276 0.009236 -0.044668
v -0.074596 0.011307 -0.043216
v -0.075904 0.016667 -0.044303
v -0.076461 0.013258 -0.044658
v 0.024661 0.017543 0.037751
v 0.024593 0.018142 0.037734
v 0.036047 0.015801 0.036908
v 0.032781 0.015642 0.037801
v -0.087844 0.004588 -0.074029
v -0.090710 0.003856 -0.072400
v 0.028205 0.015960 0.038107
v 0.024588 0.016952 0.037773
v 0.021527 0.018218 0.037085
v 0.022026 0.018626 0.037046
v 0.032959 0.014860 0.037496
v 0.032873 0.013980 0.037410
v 0.028071 0.014267 0.037945
v 0.028216 0.015122 0.037909
v -0.077148 0.015063 -0.051357
v -0.081094 0.018756 -0.054407
v -0.078845 0.016191 -0.053473
v -0.076979 0.014725 -0.051800
v -0.076281 0.007065 -0.049834
v -0.077048 0.008365 -0.049316
v -0.075666 0.009199 -0.049518
v -0.074664 0.007809 -0.049693
v 0.036170 0.015013 0.036550
v 0.036097 0.014104 0.036423
v -0.074501 0.015931 -0.041560
v -0.076083 0.020703 -0.044520
v 0.044234 0.018980 0.031252
v 0.044786 0.019412 0.030567
v 0.044943 0.018730 0.030459
v -0.067826 -0.025549 -0.055884
v 0.044630 0.018303 0.030878
v 0.047606 0.015663 0.027583
v 0.048600 0.016917 0.026807
v 0.050624 0.015677 0.025256
v -0.076914 0.008127 -0.047320
v -0.077769 0.010710 -0.046699
v -0.078125 0.009905 -0.049088
v -0.069950 -0.021070 -0.037714
v -0.070625 -0.019459 -0.039891
v -0.076205 0.013498 -0.051736
v -0.075598 0.012420 -0.051776
v -0.074086 0.009128 -0.051406
v -0.074569 0.006776 -0.052526
v 0.049348 0.014385 0.026519
v -0.081329 0.000389 -0.059617
v -0.083112 -0.007983 -0.061228
v 0.057481 0.006159 0.022611
v 0.051328 0.011893 0.025738
v 0.052701 0.013340 0.023752
v 0.043566 0.018599 0.031997
v 0.042748 0.018320 0.032813
v 0.043362 0.019174 0.032102
v 0.044017 0.019540 0.031394
v 0.044007 0.017951 0.031611
v 0.043113 0.017646 0.032574
v 0.041797 0.018006 0.033703
v 0.042128 0.017313 0.033520
v 0.040591 0.016914 0.034718
v 0.040322 0.017556 0.034862
v 0.038143 0.017256 0.036248
v -0.067584 -0.018395 -0.070765
v -0.064795 -0.032171 -0.055804
v 0.037848 0.017811 0.036400
v 0.038426 0.016630 0.035985
v 0.040847 0.016202 0.034538
v 0.038756 0.015948 0.035714
v 0.042506 0.016591 0.033180
v 0.043598 0.016964 0.032110
v 0.044457 0.017338 0.031116
v 0.045114 0.017726 0.030336
v 0.045534 0.018335 0.029800
v 0.045004 0.016597 0.030360
v 0.045593 0.015844 0.029592
v 0.044357 0.015369 0.030912
v 0.044039 0.016199 0.031499
v 0.045817 0.017097 0.029446
v 0.046567 0.016433 0.028520
v -0.074514 0.009532 -0.049530
v -0.074288 0.009797 -0.049839
v -0.073410 0.008878 -0.050542
v -0.073673 0.008468 -0.049764
v 0.042802 0.015879 0.032793
v 0.042978 0.015091 0.032318
v 0.041052 0.014707 0.033877
v 0.041001 0.015563 0.034314
v -0.078083 -0.033642 -0.049337
v -0.079787 0.006496 -0.056943
v -0.076749 0.004926 -0.055147
v -0.077399 0.006888 -0.053995
v 0.038991 0.015236 0.035431
v 0.039021 0.014368 0.035064
v -0.088781 -0.005277 -0.067949
v -0.089876 0.002904 -0.069032
v -0.090935 0.003380 -0.070564
v -0.089764 -0.005446 -0.069217
v 0.031713 0.017967 0.038597
v 0.031619 0.018102 0.037994
v 0.034844 0.018148 0.037327
v 0.034963 0.018025 0.037905
v 0.037616 0.018188 0.036438
v -0.067328 -0.033130 -0.043188
v -0.070796 0.000190 -0.055603
v -0.072083 -0.001671 -0.054874
v 0.037588 0.018334 0.035873
v 0.034958 0.016943 0.034871
v 0.034163 0.017357 0.031024
v 0.037023 0.017427 0.030205
v 0.038195 0.017180 0.033715
v -0.071619 0.005751 -0.052973
v -0.072414 0.007420 -0.051389
v 0.031231 0.016729 0.035398
v 0.030869 0.017684 0.031601
v 0.027586 0.017262 0.035576
v -0.070834 -0.016630 -0.039804
v 0.027598 0.018384 0.031758
v 0.025103 0.018780 0.035290
v 0.034109 0.029005 0.038215
v 0.034271 0.029132 0.038680
v 0.039025 0.028454 0.037924
v 0.038617 0.028247 0.037354
v 0.049881 -0.000456 -0.121159
v 0.051374 0.014561 -0.126650
v 0.038598 0.010148 -0.135995
v 0.041511 0.026431 0.036253
v 0.041589 0.027002 0.036123
v 0.043860 0.025985 0.034606
v 0.043588 0.025418 0.034689
v 0.041355 0.025750 0.036240
v -0.087239 0.016731 -0.066598
v -0.087612 0.014943 -0.068071
v -0.085456 0.015363 -0.065280
v -0.085076 0.016526 -0.063682
v -0.084227 0.017643 -0.059846
v -0.084791 0.019285 -0.059443
v -0.086519 0.018126 -0.064472
v -0.075445 0.005549 -0.053971
v -0.076487 0.007327 -0.052892
v 0.043284 0.024743 0.034476
v 0.038400 0.026756 0.037864
v -0.075850 -0.021223 -0.048115
v -0.076547 -0.027299 -0.049197
v -0.083650 -0.016033 -0.063074
v -0.083389 -0.015310 -0.060081
v -0.083995 -0.005096 -0.071342
v -0.083883 0.004131 -0.072115
v -0.082566 0.003891 -0.069664
v -0.082875 -0.004759 -0.069824
v 0.038531 0.027447 0.037891
v 0.038550 0.027899 0.037527
v 0.043426 0.023840 0.029470
v 0.042511 0.025349 0.030298
v -0.078001 -0.003173 -0.065805
v -0.075255 -0.002362 -0.066149
v -0.073843 -0.004049 -0.044059
v -0.073167 -0.000347 -0.042105
v -0.071633 0.005255 -0.053469
v -0.072057 0.006661 -0.051329
v -0.078255 -0.019097 -0.062338
v -0.074080 -0.026445 -0.055260
v -0.078184 -0.021352 -0.060773
v -0.070054 -0.027115 -0.053136
v -0.069689 -0.028101 -0.050914
v -0.072245 -0.028203 -0.052617
v 0.042377 0.023919 0.032860
v 0.043121 0.022992 0.031685
v 0.043882 0.023107 0.028767
v 0.043576 0.022304 0.030753
v 0.043429 0.023650 0.025518
v 0.042661 0.024435 0.026213
v 0.041465 0.025386 0.027234
v -0.080411 -0.019515 -0.057197
v -0.082178 -0.018283 -0.059997
v 0.043882 0.022924 0.025127
v -0.069667 -0.003593 -0.050566
v -0.068020 -0.005087 -0.051751
v -0.069375 -0.004150 -0.049906
v -0.083902 -0.000297 -0.061054
v -0.084838 -0.008281 -0.061671
v -0.077168 0.010482 -0.049485
v 0.044180 0.022186 0.024982
v -0.074959 0.000512 -0.051246
v -0.076086 0.003928 -0.048966
v -0.080144 0.014059 -0.049025
v -0.078631 0.012242 -0.049712
v -0.078120 0.011398 -0.049516
v -0.079083 0.011897 -0.048807
v -0.063099 -0.013506 -0.049662
v -0.066648 -0.015041 -0.048455
v -0.068088 -0.011825 -0.048348
v 0.044129 0.021347 0.024939
v 0.043833 0.020549 0.025270
v 0.060057 -0.010299 0.022833
v 0.060043 0.001010 0.021586
v -0.083521 0.019511 -0.058339
v -0.083772 0.017384 -0.059508
v -0.081571 0.010699 -0.067372
v 0.062493 -0.007112 0.018471
v 0.043121 0.019561 0.032174
v -0.075870 0.011229 -0.054094
v -0.076734 0.009616 -0.054834
v 0.043770 0.019951 0.031433
v -0.078164 0.023087 -0.059561
v -0.077486 0.021154 -0.056345
v -0.077590 0.021344 -0.055151
v -0.078106 0.025368 -0.055007
v 0.042688 0.019772 0.031958
v -0.069040 -0.030766 -0.047784
v -0.071673 -0.030544 -0.050681
v -0.071464 -0.029288 -0.051062
v -0.069280 -0.029401 -0.048988
v -0.072286 -0.016780 -0.048666
v -0.071267 -0.018122 -0.051444
v 0.043123 0.020075 0.031356
v -0.085204 -0.014599 -0.065729
v -0.084383 -0.015497 -0.064717
v -0.085700 -0.011482 -0.066831
v -0.086853 -0.010275 -0.067565
v 0.044267 0.020373 0.030671
v 0.044661 0.019971 0.030615
v 0.041558 0.018008 0.031353
v 0.041237 0.018219 0.028291
v 0.042352 0.018755 0.027361
v -0.071758 0.003920 -0.056763
v -0.070754 0.002796 -0.057289
v -0.078057 0.015475 -0.057758
v -0.080104 0.017982 -0.059374
v -0.079025 0.020782 -0.055544
v -0.077534 0.018525 -0.055307
v -0.082766 0.011517 -0.069936
v 0.042486 0.018873 0.030195
v 0.040404 0.017437 0.032401
v 0.039479 0.017722 0.029266
v 0.042931 0.019254 0.026610
v 0.043486 0.019877 0.025817
v -0.076832 0.008414 -0.054476
v -0.077405 0.008649 -0.055570
v 0.043066 0.019331 0.029568
v -0.076276 0.008798 -0.054014
v 0.043539 0.019864 0.028750
v 0.043536 0.020479 0.030672
v -0.074036 0.006918 -0.049994
v -0.075684 0.005767 -0.050303
v -0.079432 0.014030 -0.050385
v -0.083322 0.017550 -0.053737
v -0.082488 0.017283 -0.053357
v -0.078856 0.014527 -0.050805
v 0.044130 0.021164 0.027987
v 0.044214 0.021726 0.028048
v 0.043858 0.020860 0.029985
v -0.074496 0.011251 -0.050914
v 0.044211 0.021308 0.029386
v 0.043914 0.020598 0.028163
v -0.015287 -0.034101 -0.121340
v -0.016922 -0.023818 -0.128670
v 0.044136 0.022432 0.028297
v 0.043953 0.021766 0.029909
v 0.045202 0.019400 0.030068
v 0.045135 0.020348 0.029954
v 0.046009 0.021148 0.029184
v 0.045823 0.019217 0.029399
v -0.077742 0.021190 -0.047820
v -0.078892 0.022995 -0.051918
v -0.079788 0.023969 -0.052332
v -0.078243 0.022106 -0.048920
v -0.084667 0.015309 -0.063073
v 0.046844 0.019064 0.028478
v 0.046390 0.017849 0.028811
v 0.047339 0.021467 0.028603
v 0.048706 0.021821 0.027965
v -0.088914 0.011793 -0.068518
v -0.073107 -0.002747 -0.053141
v -0.069784 -0.005857 -0.053138
v 0.048023 0.018978 0.027526
v 0.047309 0.017500 0.027892
v 0.044709 0.020749 0.030017
v -0.060334 -0.007149 -0.051540
v -0.060639 -0.005936 -0.051729
v -0.061354 -0.006438 -0.052825
v -0.060892 -0.008009 -0.052833
v 0.045048 0.021194 0.029551
v 0.046803 0.022571 0.029754
v -0.063339 -0.012130 -0.053185
v -0.066013 -0.013355 -0.052202
v -0.065204 -0.015286 -0.050756
v -0.062455 -0.014504 -0.052665
v 0.047717 0.023210 0.029551
v 0.045641 0.022071 0.030092
v 0.045159 0.022848 0.031362
v 0.046125 0.023497 0.031367
v -0.059645 -0.010388 -0.051984
v -0.060000 -0.008778 -0.051615
v -0.060822 -0.009686 -0.053000
v -0.060727 -0.011588 -0.053332
v 0.046779 0.024136 0.031348
v 0.045102 0.024390 0.032988
v -0.083065 0.019063 -0.056012
v -0.084823 0.019192 -0.057623
v 0.045616 0.024998 0.032972
v 0.044402 0.023754 0.032812
v 0.044693 0.021845 0.030247
v -0.089571 0.011214 -0.067920
v -0.089748 0.009028 -0.068796
v -0.088263 0.015487 -0.065564
v -0.088557 0.013851 -0.067023
v 0.044268 0.022456 0.031170
v 0.043651 0.023214 0.032358
v 0.042812 0.024050 0.033723
v -0.073258 -0.012018 -0.043040
v -0.074204 -0.011794 -0.044989
v -0.073810 -0.013434 -0.044981
v -0.090580 0.014590 -0.067917
v -0.091167 0.016143 -0.069060
v -0.071738 -0.029295 -0.040266
v -0.070655 -0.030717 -0.039482
v -0.045187 -0.100218 -0.023538
v -0.054275 -0.095211 -0.035097
v -0.053957 -0.105362 -0.034807
v -0.044992 -0.110297 -0.023926
v -0.080160 0.016399 -0.047188
v -0.079267 0.018858 -0.046294
v 0.041145 0.025210 0.035673
v 0.040848 0.025118 0.034842
v 0.038250 0.026119 0.037374
v -0.060031 -0.011816 -0.050450
v -0.060076 -0.012948 -0.052516
v -0.062586 -0.014600 -0.051098
v -0.065360 -0.007813 -0.049225
v -0.061113 -0.007065 -0.049821
v 0.038108 0.026026 0.036598
v 0.034723 0.029806 0.039798
v 0.040092 0.029435 0.038882
v 0.038043 0.027646 0.033570
v 0.036363 0.026864 0.030421
v 0.033817 0.027105 0.031785
v 0.034639 0.028130 0.035377
v -0.063374 -0.010496 -0.053078
v 0.022872 0.022634 0.034323
v 0.023325 0.023742 0.034909
v -0.064779 -0.005560 -0.052451
v -0.065468 -0.004603 -0.050855
v -0.068100 -0.018424 -0.047672
v -0.069687 -0.018744 -0.050176
v -0.071331 -0.018786 -0.046595
v -0.060445 -0.013263 -0.053220
v -0.071534 0.004901 -0.054470
v 0.023833 0.024436 0.032139
v 0.023274 0.023266 0.031640
v 0.021974 0.022198 0.035253
v 0.023115 0.023291 0.035965
v -0.066406 -0.009563 -0.053006
v -0.069654 -0.012217 -0.054899
v -0.069371 -0.014354 -0.053932
v -0.066256 -0.011469 -0.052894
v -0.078878 -0.022325 -0.055180
v -0.079252 -0.020496 -0.055030
v -0.073565 -0.016735 -0.055879
v -0.076590 -0.016527 -0.053755
v -0.072674 0.000121 -0.053412
v -0.074295 0.003271 -0.051732
v -0.069910 -0.003401 -0.050300
v -0.067192 -0.007346 -0.052762
v -0.069414 -0.009525 -0.054807
v -0.065591 -0.006351 -0.049481
v -0.069489 -0.006430 -0.049035
v -0.069299 -0.005367 -0.049292
v -0.065512 -0.005357 -0.049782
v -0.079403 0.009645 -0.056029
v -0.077753 0.016569 -0.045354
v -0.078815 0.013664 -0.046742
v -0.079100 0.027318 -0.071412
v -0.077268 0.019058 -0.076256
v -0.077626 0.019878 -0.063493
v -0.063254 -0.008691 -0.052886
v -0.061524 -0.004925 -0.051373
v -0.061930 -0.005267 -0.049967
v -0.084360 -0.018570 -0.062959
v -0.072517 -0.018951 -0.046101
v -0.072585 0.005121 -0.051064
v -0.083618 -0.010350 -0.069733
v -0.082372 -0.015447 -0.067605
v -0.071906 0.006308 -0.051387
v -0.072854 0.007432 -0.050229
v -0.070486 -0.018549 -0.050958
v -0.071882 -0.017726 -0.047752
v -0.073119 0.007864 -0.050099
v -0.073658 -0.012343 -0.046435
v -0.083812 0.009875 -0.061627
v 0.026854 0.026877 0.036485
v 0.027466 0.026447 0.032801
v -0.075126 -0.029908 -0.055948
v -0.073525 -0.031404 -0.052957
v 0.024847 0.025831 0.032603
v -0.061512 -0.006058 -0.049965
v 0.024551 0.025435 0.035807
v -0.065133 -0.015333 -0.050035
v -0.064421 -0.006974 -0.052945
v 0.027683 0.025640 0.037852
v 0.024933 0.024410 0.036914
v 0.034599 0.026520 0.037841
v -0.071860 -0.008503 -0.047915
v -0.071401 -0.010649 -0.047649
v -0.074162 -0.010157 -0.046576
v 0.021278 0.071455 -0.146704
v 0.020700 0.055817 -0.149847
v -0.077955 -0.016168 -0.055457
v -0.074379 -0.015471 -0.058143
v -0.075370 -0.014470 -0.060271
v -0.079438 -0.015304 -0.057145
v -0.080904 -0.020227 -0.065250
v -0.079175 -0.024550 -0.062027
v -0.081449 -0.026049 -0.061629
v -0.083469 -0.021619 -0.065346
v 0.040263 0.057672 -0.140960
v 0.040380 0.071256 -0.138429
v -0.080410 0.042691 -0.079801
v -0.079717 0.032978 -0.064525
v -0.081066 0.049188 -0.068365
v -0.082184 0.019583 -0.064812
v -0.082321 0.017176 -0.066565
v -0.087115 0.018323 -0.069700
v -0.077374 0.023694 -0.049398
v -0.077825 0.021247 -0.053403
v -0.077506 0.022635 -0.051310
v -0.087311 -0.005391 -0.072662
v 0.041047 0.026747 0.031695
v 0.039241 0.026283 0.028855
v 0.050499 0.072439 -0.130762
v 0.049742 0.081093 -0.127891
v 0.040866 0.082911 -0.133307
v 0.034863 -0.061921 -0.097802
v 0.024756 -0.072420 -0.104379
v -0.074619 0.005353 -0.045174
v -0.076534 0.005994 -0.047980
v 0.021180 0.021926 0.036370
v -0.077348 -0.018018 -0.063059
v 0.022648 0.023008 0.036955
v -0.079477 -0.017092 -0.055194
v -0.081376 -0.016523 -0.057472
v -0.088241 0.020355 -0.057919
v -0.084903 0.018496 -0.055565
v 0.020166 0.021185 0.035897
v 0.019052 0.020984 0.036157
v 0.020001 0.022008 0.036520
v 0.021528 0.023360 0.037156
v 0.024511 0.024349 0.037701
v 0.023613 0.024859 0.038081
v 0.026807 0.026453 0.038990
v 0.027455 0.025785 0.038645
v 0.034427 0.026554 0.038665
v 0.034211 0.027273 0.038920
v 0.026191 0.027088 0.038852
v 0.022989 0.025465 0.037840
v 0.025679 0.027663 0.038425
v 0.022688 0.026227 0.037510
v 0.034013 0.028630 0.038505
v 0.034068 0.028023 0.038895
v 0.022115 0.018971 0.036891
v 0.019432 0.019513 0.036394
v 0.022442 0.019353 0.036510
v 0.020417 0.019896 0.036081
v 0.023357 0.019550 0.035707
v 0.019796 0.020275 0.035883
v 0.018777 0.019959 0.036154
v -0.012103 -0.111499 0.003293
v -0.011439 -0.118606 -0.000466
v 0.023468 0.019696 0.034522
v 0.018999 0.022249 0.036104
v 0.017974 0.020844 0.035993
v 0.017779 0.022539 0.035631
v 0.016772 0.020800 0.035696
v 0.019799 0.024560 0.036263
v 0.020648 0.023908 0.036695
v 0.017707 0.019630 0.036115
v 0.018292 0.019112 0.036398
v 0.016643 0.019426 0.035920
v 0.017320 0.018749 0.036212
v 0.024363 0.016321 0.037788
v 0.024041 0.015602 0.037805
v 0.020876 0.017636 0.037160
v 0.020224 0.017034 0.037106
v 0.032597 0.012892 0.037296
v 0.035891 0.013102 0.036363
v 0.032120 0.011593 0.037274
v -0.007377 -0.009317 0.057872
v -0.008832 -0.009639 0.056514
v -0.007815 -0.007716 0.055543
v -0.007076 -0.007602 0.056165
v 0.035560 0.011618 0.036310
v 0.027154 0.012072 0.037918
v 0.027717 0.013269 0.037888
v 0.031125 -0.115984 -0.015350
v 0.046364 0.014896 0.028928
v 0.047711 0.013342 0.028334
v 0.046005 0.012667 0.030069
v 0.044911 0.014445 0.030384
v 0.043306 0.014043 0.031877
v -0.007760 -0.018463 0.056536
v -0.007139 -0.016846 0.055395
v -0.007938 -0.017122 0.054709
v -0.008670 -0.018454 0.055634
v 0.043845 0.012186 0.031917
v 0.041343 0.011949 0.033589
v 0.041208 0.013650 0.033502
v 0.038968 0.013377 0.034935
v 0.038812 0.011763 0.034989
v 0.049644 0.018452 0.026267
v 0.050860 0.021617 0.026103
v 0.051614 0.017445 0.024573
v 0.053081 0.021149 0.023892
v 0.016225 0.023325 0.035659
v -0.004653 -0.007860 0.055296
v -0.003148 -0.010784 0.058057
v -0.004665 -0.009393 0.059516
v -0.005850 -0.007111 0.056115
v 0.015407 0.021139 0.035496
v 0.014049 0.024137 0.036645
v 0.013666 0.021686 0.036200
v 0.015557 0.026920 0.037798
v 0.017776 0.026099 0.036766
v 0.015708 0.019376 0.035673
v 0.016365 0.018337 0.035936
v 0.014303 0.019233 0.036049
v 0.015325 0.017806 0.036232
v 0.023471 0.014585 0.037705
v 0.022845 0.013448 0.037698
v 0.019481 0.016255 0.036976
v 0.018535 0.015353 0.037120
v 0.047802 -0.011492 -0.116102
v 0.052489 0.030336 -0.129641
v 0.047290 0.033800 0.036474
v 0.045237 0.030832 0.037303
v 0.041567 0.031763 0.039573
v 0.043205 0.035282 0.039700
v 0.049168 0.038423 0.034271
v 0.051803 0.035281 0.031345
v 0.049909 0.031788 0.033400
v 0.047900 0.029373 0.034710
v 0.051657 0.024380 0.026988
v 0.050057 0.024219 0.028604
v 0.050135 0.025858 0.030110
v 0.051723 0.026623 0.028622
v 0.053867 0.024578 0.024675
v 0.054160 0.027911 0.026381
v 0.051121 0.028938 0.030854
v 0.049288 0.027511 0.032272
v 0.053280 0.031252 0.028956
v 0.023567 0.031439 0.040792
v 0.024538 0.030085 0.039480
v 0.021486 0.028150 0.037891
v 0.019737 0.028778 0.038599
v 0.022149 0.032757 0.041715
v 0.017627 0.029512 0.039397
v 0.036839 0.036222 0.042591
v 0.035672 0.032392 0.041302
v 0.025302 0.028078 0.038022
v 0.022923 0.026713 0.037585
v 0.025154 0.028328 0.038152
v 0.022792 0.026994 0.037495
v 0.058536 0.092012 -0.109952
v 0.060833 0.098073 -0.097447
v 0.044174 0.108749 -0.103799
v 0.043267 0.101307 -0.116118
v 0.041715 0.027217 0.036083
v 0.042133 0.027522 0.036661
v 0.044683 0.026622 0.034997
v 0.044100 0.026261 0.034621
v 0.046022 0.025389 0.032976
v 0.046686 0.025763 0.033111
v 0.047965 0.024898 0.031332
v 0.047297 0.024584 0.031356
v 0.047945 0.024017 0.030155
v 0.048515 0.023958 0.029765
v 0.022525 0.027633 0.037798
v 0.025003 0.028822 0.038569
v 0.051786 0.060510 -0.131945
v 0.044467 0.074584 0.024506
v 0.051482 0.071030 0.017893
v 0.049322 0.064347 0.023738
v 0.043328 0.028644 0.037345
v 0.046014 0.027665 0.035211
v 0.047852 0.026509 0.033027
v 0.048920 0.025328 0.031138
v 0.049306 0.024471 0.029849
v 0.070241 -0.013768 -0.036926
v 0.071060 -0.013804 -0.038598
v 0.078698 -0.003250 -0.064169
v 0.076736 0.003540 -0.063568
v 0.075529 0.006981 -0.062571
v 0.078032 0.015184 -0.048460
v 0.082285 0.018194 -0.051235
v 0.082100 -0.022499 -0.058110
v 0.078963 -0.024282 -0.054207
v -0.087964 0.023706 -0.058680
v 0.082157 -0.021528 -0.058706
v 0.088452 0.014534 -0.062411
v 0.088788 0.012866 -0.063750
v 0.089607 0.012698 -0.063616
v 0.040683 -0.032889 -0.105756
v 0.045160 -0.020277 -0.111918
v 0.089221 0.010818 -0.065202
v 0.073375 -0.009030 -0.040990
v 0.080044 -0.003974 -0.064413
v 0.082026 -0.004690 -0.066112
v 0.082436 -0.009906 -0.066469
v 0.081813 -0.009260 -0.065368
v 0.081316 -0.014763 -0.064538
v 0.080820 -0.013708 -0.063836
v 0.083820 -0.018804 -0.061298
v 0.085969 -0.015272 -0.063146
v 0.083452 0.018684 -0.052270
v 0.082595 0.017641 -0.050740
v 0.084187 0.018291 -0.052542
v 0.074100 -0.010264 -0.042458
v 0.076085 0.013726 -0.048250
v 0.075825 0.011127 -0.047240
v 0.075384 0.011536 -0.047673
v 0.070059 -0.005035 -0.046734
v 0.070133 -0.004069 -0.046858
v 0.071290 -0.006563 -0.046181
v 0.073977 -0.008211 -0.044833
v 0.067357 -0.015946 -0.045060
v 0.066600 -0.017344 -0.047408
v 0.067188 -0.018428 -0.046541
v 0.085241 0.025085 -0.056847
v 0.075890 0.010144 -0.047004
v 0.077455 0.011180 -0.047024
v 0.077777 0.012412 -0.047303
v 0.085075 0.017906 -0.052857
v 0.077913 0.013323 -0.047589
v 0.077116 0.013350 -0.047528
v 0.078783 0.014896 -0.048349
v 0.076447 0.013358 -0.047736
v 0.073818 -0.011764 -0.059227
v 0.072386 -0.011996 -0.057246
v 0.072474 0.007391 -0.037996
v 0.073260 0.005005 -0.040089
v 0.078009 -0.024918 -0.051953
v 0.075497 0.013932 -0.058872
v 0.075641 0.016414 -0.060068
v 0.087250 -0.010524 -0.065097
v 0.080205 -0.015966 -0.055138
v 0.078055 -0.016515 -0.053110
v 0.082055 -0.014949 -0.056946
v 0.083673 -0.012425 -0.058545
v 0.070630 0.003934 -0.052713
v 0.083164 0.007773 -0.056934
v 0.083665 0.005572 -0.058333
v 0.081550 0.007816 -0.055348
v 0.077057 0.019979 -0.058292
v 0.076836 0.019927 -0.055915
v 0.077641 0.014254 -0.056260
v 0.076109 0.018338 -0.055313
v 0.069402 -0.012416 -0.045438
v 0.069220 -0.018596 -0.048983
v 0.068235 -0.016456 -0.049753
v 0.070234 -0.018349 -0.049924
v 0.069686 -0.017463 -0.051328
v 0.070164 -0.015806 -0.053100
v 0.070851 -0.013836 -0.054486
v 0.070783 -0.011429 -0.055276
v 0.068977 -0.008192 -0.046316
v 0.077367 0.019337 -0.045118
v 0.068431 -0.010128 -0.046131
v 0.070382 -0.006462 -0.046415
v 0.070550 -0.008290 -0.045946
v 0.070243 -0.010333 -0.045529
v 0.074887 -0.019345 -0.046452
v 0.075721 -0.017651 -0.049011
v 0.073388 -0.018665 -0.045809
v 0.076733 -0.016973 -0.051163
v 0.072213 -0.018349 -0.045361
v 0.075414 0.015256 -0.057227
v 0.075804 0.018361 -0.057345
v 0.070304 -0.010167 -0.034924
v 0.064483 -0.001794 0.013327
v 0.065841 0.007725 0.007661
v 0.024518 -0.052499 0.032024
v 0.023204 -0.055497 0.032560
v 0.056808 -0.013111 0.027305
v 0.052246 -0.015622 0.032506
v 0.025021 -0.046340 0.042659
v 0.024143 -0.047048 0.042793
v 0.023250 -0.046531 0.043100
v 0.024142 -0.046131 0.042717
v 0.021324 -0.046157 0.041914
v 0.022230 -0.046279 0.041199
v 0.022684 -0.046171 0.041822
v 0.021855 -0.046032 0.042552
v 0.029328 -0.030910 0.045513
v 0.032779 -0.026749 0.044805
v 0.035209 -0.031213 0.043531
v 0.031762 -0.034628 0.044432
v 0.023669 -0.047728 0.034374
v 0.023687 -0.046345 0.034673
v 0.022608 -0.046168 0.038260
v 0.022872 -0.046838 0.038004
v 0.023139 -0.050537 0.034528
v 0.022491 -0.048226 0.037883
v 0.025382 -0.048472 0.031887
v 0.024907 -0.046165 0.032182
v 0.033445 -0.052919 0.038966
v 0.030006 -0.050565 0.040156
v 0.031249 -0.047313 0.040979
v 0.034745 -0.048138 0.039700
v 0.024887 -0.019041 0.045713
v 0.029136 -0.022863 0.045608
v 0.026036 -0.026990 0.046200
v 0.022187 -0.022668 0.046320
v 0.018161 -0.017971 0.046586
v 0.020730 -0.015120 0.045631
v 0.016095 -0.010457 0.049934
v 0.017037 -0.014149 0.051087
v 0.016846 -0.015131 0.054518
v 0.016917 -0.012952 0.053320
v 0.015119 -0.019026 0.052782
v 0.017286 -0.016358 0.049575
v 0.011523 -0.020314 0.053316
v -0.010666 -0.018681 0.056011
v -0.009740 -0.017124 0.054861
v -0.010730 -0.016356 0.056567
v -0.012032 -0.017638 0.057619
v 0.011168 -0.019593 0.054223
v 0.015122 -0.019507 0.051237
v -0.004001 -0.017533 0.064154
v -0.005121 -0.015460 0.064319
v -0.004026 -0.016419 0.061984
v -0.003974 -0.018224 0.061638
v 0.015494 -0.020410 0.049442
v 0.011955 -0.020939 0.052292
v 0.010459 -0.018603 0.055146
v 0.013051 -0.018508 0.055142
v -0.006681 -0.014848 0.063763
v -0.008396 -0.015370 0.065436
v -0.010013 -0.015468 0.063845
v -0.008014 -0.014953 0.062256
v -0.003694 -0.014275 0.057174
v -0.004851 -0.016090 0.058412
v -0.003073 -0.014236 0.060736
v -0.010938 -0.014317 0.054823
v -0.009298 -0.015462 0.053511
v -0.008649 -0.011629 0.052687
v -0.010033 -0.010695 0.053714
v 0.014706 -0.016643 0.056764
v 0.004868 -0.018405 0.063825
v 0.006110 -0.017131 0.065774
v 0.009209 0.013227 0.050178
v 0.011819 0.009752 0.047130
v 0.009140 0.010555 0.052350
v 0.011786 0.007484 0.049329
v 0.013847 -0.014609 0.060660
v 0.015267 -0.012673 0.059008
v 0.011686 -0.013500 0.064498
v 0.012659 -0.010775 0.064089
v 0.004650 0.027972 0.050194
v 0.002695 -0.021740 0.059625
v 0.002993 -0.022415 0.059181
v 0.002470 -0.020774 0.061584
v 0.022210 0.094269 -0.134427
v 0.022711 0.106573 -0.123142
v 0.021949 0.119977 -0.100017
v 0.019727 0.124492 -0.087624
v 0.007392 -0.039261 0.059985
v 0.006841 -0.036565 0.059888
v 0.013475 -0.039954 0.046141
v 0.008105 -0.039806 0.047699
v 0.007923 -0.043636 0.050309
v 0.013024 -0.043574 0.048656
v 0.016874 -0.043683 0.046185
v 0.017592 -0.040290 0.043815
v 0.013923 -0.036441 0.044770
v 0.008406 -0.036138 0.046366
v 0.013091 -0.045736 0.051920
v 0.008056 -0.045841 0.054304
v 0.008065 -0.044109 0.057161
v 0.013290 -0.044390 0.054215
v 0.018505 -0.024711 0.048429
v 0.014563 -0.024180 0.050780
v 0.010467 -0.024187 0.054278
v 0.007356 -0.024435 0.057035
v 0.006541 -0.022398 0.057237
v 0.008955 -0.021674 0.054952
v 0.006154 -0.021566 0.057517
v 0.008588 -0.020938 0.055513
v 0.008361 -0.020174 0.055969
v 0.008878 -0.018817 0.056348
v 0.007061 -0.019045 0.057586
v 0.007573 -0.017841 0.057230
v 0.006016 -0.020715 0.057689
v 0.004500 0.004960 0.064855
v 0.004269 0.008593 0.062141
v 0.011141 -0.034664 0.057712
v 0.006353 -0.034292 0.059373
v 0.005570 -0.030023 0.058729
v 0.009774 -0.029961 0.057254
v 0.014115 -0.030651 0.054569
v 0.015948 -0.036267 0.054803
v 0.003426 -0.023151 0.058841
v 0.011623 -0.036970 0.057905
v 0.012073 -0.039576 0.057696
v 0.016545 -0.038665 0.054803
v 0.016923 -0.040947 0.054369
v 0.020498 -0.038641 0.051324
v 0.019292 -0.032523 0.051446
v 0.024869 -0.034525 0.048029
v 0.024200 -0.041232 0.047708
v 0.031342 -0.044193 0.042215
v 0.026339 -0.046539 0.042387
v 0.026679 -0.045290 0.043130
v 0.026505 -0.044108 0.044199
v 0.030639 -0.041111 0.043759
v 0.034724 -0.043472 0.040951
v 0.033752 -0.038863 0.042672
v 0.028777 -0.037991 0.045655
v 0.025909 -0.042870 0.045543
v 0.025350 -0.045637 0.043313
v 0.024346 -0.045832 0.043129
v 0.025282 -0.044959 0.044268
v 0.024250 -0.045533 0.043946
v 0.024795 -0.044340 0.045421
v 0.023954 -0.045280 0.044916
v 0.023266 -0.044807 0.046355
v 0.023823 -0.043358 0.047157
v 0.022188 -0.046092 0.041799
v 0.021481 -0.046019 0.043036
v 0.021791 -0.046038 0.044359
v 0.022427 -0.046043 0.043090
v 0.022517 -0.046210 0.041221
v 0.022719 -0.046039 0.042398
v 0.022293 -0.045484 0.039340
v 0.021266 -0.044676 0.041230
v -0.048829 -0.083956 -0.022936
v -0.055632 -0.081599 -0.036622
v 0.022856 -0.046459 0.040490
v 0.023075 -0.046119 0.041495
v 0.023307 -0.045991 0.042741
v 0.023378 -0.045888 0.043252
v 0.023092 -0.045795 0.044079
v 0.022494 -0.045681 0.045306
v 0.016951 -0.042922 0.053150
v 0.020247 -0.042710 0.050640
v 0.019971 -0.044363 0.049218
v 0.016798 -0.044996 0.051117
v 0.019510 -0.045510 0.047666
v 0.018209 -0.036883 0.042693
v 0.016343 -0.045722 0.049335
v 0.020567 -0.041300 0.040957
v 0.021389 -0.038710 0.038975
v 0.019538 -0.044097 0.043315
v 0.023484 -0.044834 0.035721
v 0.022187 -0.043096 0.038353
v 0.024688 -0.044344 0.033311
v 0.023174 -0.041177 0.036437
v 0.019195 -0.045956 0.045801
v 0.020487 -0.040885 0.051200
v 0.012582 -0.041949 0.056299
v 0.007641 -0.041599 0.058778
v -0.033767 0.004957 0.036326
v -0.033037 0.002138 0.037591
v -0.028894 0.003369 0.038550
v -0.029818 0.005869 0.037484
v 0.005517 -0.002933 0.070906
v 0.005031 0.001323 0.067738
v 0.022489 -0.046138 0.043163
v 0.009432 -0.124424 -0.003611
v -0.074911 -0.007822 -0.045566
v -0.074421 -0.007054 -0.044285
v -0.082248 0.014460 -0.068291
v 0.025420 -0.047740 0.042203
v 0.022113 -0.052669 0.034582
v 0.021557 -0.049155 0.038136
v 0.029930 -0.057361 0.039211
v 0.024762 -0.061498 0.041829
v 0.022859 -0.057574 0.043431
v 0.027192 -0.053981 0.040661
v 0.020779 -0.051248 0.045727
v 0.023635 -0.049350 0.043279
v -0.087968 0.017074 -0.062658
v 0.022574 -0.048001 0.044161
v 0.020030 -0.049144 0.046636
v 0.019245 -0.047563 0.047197
v 0.021720 -0.046941 0.044491
v 0.017091 -0.045962 0.046136
v 0.012720 -0.045495 0.049357
v 0.011685 -0.049142 0.044603
v 0.016368 -0.049485 0.041993
v 0.019967 -0.049398 0.039450
v 0.020379 -0.046168 0.042949
v -0.082102 0.021436 -0.062535
v -0.080825 0.023707 -0.057740
v -0.079676 0.022183 -0.056611
v -0.080796 0.019600 -0.060811
v 0.017953 -0.045712 0.046820
v 0.020914 -0.045944 0.043647
v 0.013276 -0.045391 0.050348
v 0.019948 -0.121218 -0.008540
v 0.021211 -0.046175 0.044356
v 0.018418 -0.046145 0.047099
v 0.014056 -0.046271 0.050919
v 0.015011 -0.048262 0.051268
v 0.015742 -0.050526 0.051157
v 0.016228 -0.053253 0.050062
v 0.017489 -0.060280 0.047314
v 0.018159 -0.065074 0.046359
v 0.011185 -0.061892 0.050571
v 0.011342 -0.066779 0.050452
v 0.011031 -0.054787 0.053951
v 0.010910 -0.051380 0.055417
v 0.010403 -0.048679 0.055279
v 0.009759 -0.046379 0.054392
v 0.004112 -0.024846 0.058494
v 0.005858 -0.019080 0.058832
v 0.004878 -0.019023 0.061275
v 0.008092 -0.015542 0.066649
v 0.002384 -0.019981 0.063857
v 0.010303 -0.013624 0.066154
v 0.008897 -0.014360 0.067696
v 0.009456 -0.012547 0.068585
v 0.010484 -0.011834 0.067314
v 0.007569 -0.015110 0.069062
v 0.008715 -0.012818 0.069714
v 0.003790 -0.016503 0.071067
v 0.004738 -0.012895 0.073233
v 0.005631 -0.006822 0.073031
v 0.005154 -0.010501 0.073722
v 0.009869 -0.010830 0.069187
v 0.010875 -0.008778 0.067805
v -0.090164 0.017737 -0.063949
v 0.011036 -0.005859 0.065320
v 0.012999 -0.008077 0.061609
v 0.010553 0.130193 -0.043840
v 0.008987 -0.045157 0.053554
v 0.008293 -0.045233 0.051631
v -0.073747 -0.020407 -0.045658
v -0.081791 0.005935 -0.058639
v 0.010739 -0.059432 0.037941
v 0.011053 -0.055023 0.040364
v 0.006678 -0.054953 0.041917
v -0.080288 0.024122 -0.055075
v -0.083745 0.025644 -0.055882
v 0.006394 -0.059740 0.039502
v 0.004047 -0.045103 0.052671
v -0.088288 -0.005352 -0.068312
v -0.090414 0.016251 -0.066066
v -0.088635 0.014829 -0.064919
v -0.081438 0.016306 -0.049519
v -0.076010 -0.011713 -0.062723
v -0.082545 -0.011497 -0.060405
v -0.081066 -0.013999 -0.058796
v -0.075340 -0.013540 -0.061586
v -0.070519 0.001635 -0.056779
v 0.003275 -0.048735 0.047368
v 0.007386 -0.048798 0.046315
v 0.004480 -0.044944 0.054975
v 0.005056 -0.046384 0.056128
v 0.005569 -0.048795 0.057307
v 0.002594 -0.055060 0.042669
v 0.002404 -0.059827 0.040343
v -0.070673 -0.015801 -0.037307
v 0.020264 -0.054156 0.035827
v -0.078273 -0.026952 -0.052700
v -0.079315 -0.025791 -0.055055
v -0.031368 -0.033595 -0.115744
v -0.034675 -0.022430 -0.122283
v -0.089531 -0.005441 -0.071120
v 0.020909 -0.057795 0.033761
v 0.015918 -0.055039 0.038257
v 0.015997 -0.059012 0.036115
v 0.005236 -0.066909 0.053555
v 0.005244 -0.062398 0.053081
v 0.005556 -0.052165 0.057518
v 0.005393 -0.055939 0.055836
v 0.022755 0.114525 -0.112278
v 0.063017 0.076904 -0.005521
v 0.061412 0.070123 0.002521
v -0.082472 0.018066 -0.056731
v 0.054368 0.077770 0.009522
v 0.056393 0.083120 0.002094
v 0.063798 0.084684 -0.013798
v 0.057084 0.089750 -0.005759
v 0.040304 0.121798 -0.063230
v 0.040877 0.121305 -0.048927
v 0.021768 0.127523 -0.045056
v 0.035151 0.121803 -0.077262
v 0.047473 0.113232 -0.086518
v 0.049771 0.116092 -0.067087
v 0.049754 0.116170 -0.051741
v -0.075227 -0.020989 -0.047031
v -0.074374 -0.026916 -0.046389
v -0.073161 -0.026310 -0.044316
v -0.077155 0.008905 -0.055249
v 0.024465 -0.086532 -0.105647
v 0.052588 0.043042 -0.131110
v 0.048413 0.115220 -0.037900
v 0.040196 0.119584 -0.035105
v 0.039638 0.116546 -0.022683
v 0.047074 0.113010 -0.026152
v 0.021592 0.125280 -0.030572
v 0.010491 0.127630 -0.028741
v 0.018332 0.006245 -0.143812
v 0.004226 0.012046 0.059525
v 0.045902 -0.049062 -0.088788
v 0.055084 -0.049356 -0.070950
v 0.056287 -0.100904 -0.048435
v 0.067656 -0.026488 -0.051974
v 0.067236 -0.026015 -0.052932
v 0.058248 -0.064262 -0.052496
v 0.059230 -0.050473 -0.053518
v 0.036749 -0.047996 -0.100719
v 0.077356 -0.015081 -0.062725
v 0.078238 -0.011414 -0.063983
v 0.078713 -0.016018 -0.062429
v 0.079765 -0.012091 -0.063777
v 0.080146 -0.008073 -0.064355
v 0.079465 -0.017931 -0.061743
v 0.077541 0.020101 -0.053097
v 0.078692 0.021680 -0.052302
v -0.076763 -0.017157 -0.063554
v -0.077127 -0.014987 -0.064444
v 0.067481 -0.028589 -0.047763
v 0.067245 -0.027817 -0.049422
v -0.061668 -0.005605 -0.052616
v 0.066805 -0.028252 -0.048495
v 0.066551 -0.028857 -0.047252
v 0.067226 -0.029648 -0.046249
v 0.066515 -0.029529 -0.046129
v 0.077980 0.035666 -0.046401
v 0.065089 -0.028808 -0.049550
v 0.066582 -0.026394 -0.052209
v 0.066812 -0.027310 -0.050737
v 0.065874 -0.028140 -0.049406
v 0.065778 -0.029340 -0.047377
v 0.065797 -0.030327 -0.045666
v 0.066812 -0.030965 -0.045144
v -0.078489 -0.022808 -0.061187
v -0.074696 -0.028202 -0.055651
v -0.059727 -0.078539 -0.050108
v -0.057805 -0.075907 -0.065043
v -0.058294 -0.087351 -0.062944
v -0.058935 -0.091061 -0.048453
v -0.072505 -0.002050 -0.038283
v -0.072703 -0.009400 -0.041057
v -0.071926 -0.010377 -0.039174
v 0.079870 -0.019110 -0.062144
v 0.072419 -0.029958 -0.050535
v -0.025743 -0.102212 -0.001332
v -0.022386 -0.114171 -0.005593
v 0.077682 0.012315 -0.059139
v 0.077603 0.010740 -0.060471
v 0.080080 0.012331 -0.062021
v 0.080100 0.014464 -0.060662
v 0.057627 -0.010433 -0.103549
v 0.060156 0.000518 -0.108876
v 0.011580 -0.085024 -0.110434
v 0.011762 -0.070822 -0.110227
v 0.075293 0.032938 -0.094077
v 0.077825 0.013928 -0.057542
v 0.080250 0.016120 -0.059197
v 0.078847 -0.007369 -0.064336
v 0.077341 0.013056 -0.057287
v 0.077096 0.011492 -0.058844
v 0.081351 0.017744 -0.060738
v 0.081436 0.015578 -0.062391
v 0.081306 0.013268 -0.063750
v 0.076827 0.009845 -0.060449
v -0.071103 -0.015074 -0.032999
v -0.070673 -0.015468 -0.022690
v -0.072047 0.000088 -0.022780
v -0.071958 -0.005531 -0.032572
v 0.076540 0.018580 -0.060168
v 0.080559 0.063533 -0.070493
v 0.079554 0.057636 -0.084575
v 0.077063 0.080512 -0.074001
v 0.076256 0.075504 -0.089369
v 0.071462 0.069482 -0.105314
v 0.074559 0.050625 -0.100551
v 0.076931 0.019688 -0.054560
v 0.079440 0.022616 -0.052735
v 0.064340 0.091100 -0.021714
v 0.069356 0.085971 -0.029063
v 0.057328 0.095545 -0.013015
v 0.057145 0.100718 -0.019845
v 0.063665 0.097154 -0.028805
v 0.070759 0.090163 -0.041016
v 0.079731 0.054188 -0.055436
v 0.078888 0.069004 -0.056278
v 0.075876 0.073164 -0.042633
v -0.059306 0.030857 0.014730
v -0.061192 0.031547 0.010137
v -0.061667 0.022207 0.009713
v -0.059434 0.023276 0.013782
v 0.075223 0.085568 -0.058318
v 0.066675 0.099346 -0.047449
v 0.070315 0.095664 -0.062114
v 0.059522 0.107801 -0.051388
v 0.061583 0.105743 -0.066100
v 0.061464 0.103175 -0.082178
v 0.071990 0.091669 -0.077336
v 0.061746 0.102569 -0.035069
v 0.055550 0.105437 -0.025347
v 0.056568 0.108861 -0.038644
v 0.053299 0.109452 -0.029941
v 0.073974 0.075018 -0.035342
v 0.062589 -0.034949 -0.045039
v 0.063851 -0.035258 -0.039895
v -0.019241 0.088537 0.032305
v -0.009204 0.089340 0.034554
v -0.009388 0.096904 0.028540
v -0.019704 0.095786 0.025906
v 0.068042 -0.024461 -0.032852
v -0.036519 -0.014264 -0.126686
v -0.038285 -0.003764 -0.131450
v -0.018841 -0.006591 -0.138443
v -0.017855 -0.016314 -0.133236
v 0.068311 0.000756 0.000816
v 0.068534 0.013368 -0.001758
v 0.071445 0.005332 -0.012224
v 0.069308 -0.008150 -0.008797
v -0.020236 0.113080 0.003487
v -0.009688 0.114746 0.006223
v -0.009866 0.119781 -0.003860
v -0.020594 0.117824 -0.006250
v -0.052358 0.003179 0.027053
v -0.054414 -0.002760 0.027208
v -0.050465 -0.003506 0.030857
v -0.048923 0.002519 0.029999
v 0.067206 0.027111 -0.003353
v 0.070858 0.019530 -0.013697
v 0.071061 0.033741 -0.015624
v 0.067332 0.041499 -0.003791
v 0.062381 0.063996 -0.120372
v 0.064469 0.047133 -0.118391
v -0.074236 -0.031538 -0.043423
v -0.073222 -0.030617 -0.042104
v 0.064749 0.034331 -0.116497
v 0.047632 0.058052 0.027922
v -0.010090 0.124087 -0.015658
v -0.021072 0.121931 -0.017636
v 0.021802 0.085207 -0.140588
v 0.046729 0.082234 0.016926
v 0.054951 0.084548 -0.120878
v -0.001173 -0.070523 -0.111970
v 0.041755 0.090524 -0.127490
v 0.071093 0.086777 -0.092493
v 0.067730 0.081486 -0.106067
v 0.059565 0.075070 -0.120936
v 0.063390 0.018132 -0.114295
v 0.047668 0.109188 -0.018487
v 0.056198 0.024494 0.021683
v 0.055439 0.020079 0.020858
v 0.056281 0.029183 0.023204
v 0.053705 0.015430 0.022299
v 0.015162 0.006640 0.044780
v 0.014777 0.004584 0.046695
v 0.014176 0.002283 0.048571
v 0.018146 0.001852 0.044474
v 0.017349 -0.001157 0.046198
v 0.011354 0.002026 0.053556
v 0.011605 0.004845 0.051444
v 0.013775 -0.000653 0.050314
v 0.013314 -0.003930 0.051820
v 0.011178 -0.001101 0.055765
v 0.017308 -0.016437 0.047312
v 0.018178 -0.011563 0.046249
v 0.015780 -0.007404 0.048347
v 0.020963 -0.003989 0.044843
v 0.019768 -0.007421 0.045871
v 0.016536 -0.003965 0.047438
v 0.022280 -0.000626 0.043124
v 0.014162 -0.007394 0.054196
v 0.015526 -0.010624 0.057066
v 0.012048 -0.004620 0.058646
v 0.010422 -0.002485 0.062095
v 0.009605 0.001232 0.059214
v 0.018748 0.004085 0.042744
v 0.023147 0.002039 0.041662
v 0.023301 -0.010875 0.045545
v 0.027872 -0.014229 0.045533
v 0.025237 -0.006371 0.044256
v 0.029784 -0.009139 0.044146
v 0.026570 -0.002743 0.042542
v 0.031080 -0.005178 0.042309
v 0.032129 -0.017927 0.045274
v 0.035805 -0.022047 0.044311
v 0.039204 -0.027192 0.042417
v 0.038643 -0.016791 0.042781
v 0.042482 -0.022361 0.040801
v 0.040550 -0.011623 0.040973
v 0.045058 -0.016702 0.038923
v -0.011805 0.012019 0.043881
v -0.012232 0.014000 0.041109
v -0.015905 0.010750 0.039840
v -0.015473 0.008646 0.042019
v -0.006912 0.060766 0.046054
v -0.007883 0.068859 0.043593
v -0.016685 0.068845 0.042045
v -0.015106 0.060785 0.044899
v 0.034537 -0.012629 0.043783
v 0.036114 -0.008194 0.041847
v 0.032309 -0.001222 0.040654
v 0.027828 0.000591 0.041055
v 0.041615 -0.000086 0.037375
v 0.041502 -0.005834 0.039175
v 0.036949 -0.003371 0.040016
v 0.037483 0.001389 0.038358
v 0.046637 -0.009744 0.037061
v 0.046314 -0.001895 0.035763
v 0.045408 0.003301 0.034294
v 0.031396 0.009809 0.037681
v 0.026411 0.010368 0.038192
v 0.035038 0.009621 0.036795
v 0.041288 0.004109 0.035931
v 0.037810 0.004812 0.037143
v 0.049333 0.010807 0.028012
v 0.047100 0.010032 0.030284
v 0.041345 0.009543 0.034292
v 0.038440 0.009522 0.035682
v 0.044306 0.009773 0.032508
v 0.021919 0.011878 0.038097
v 0.017617 0.014001 0.038009
v 0.054329 -0.062506 -0.068014
v 0.009334 0.004599 0.056956
v 0.009167 0.007699 0.054721
v 0.014493 0.030096 0.041078
v 0.012672 0.027482 0.039646
v 0.007462 0.027736 0.047256
v 0.018742 0.033531 0.043565
v 0.014024 0.016551 0.038033
v -0.020344 0.008106 0.038767
v -0.019583 0.006041 0.040128
v 0.012448 0.018780 0.037944
v 0.011445 0.021775 0.038179
v 0.011428 0.024546 0.038823
v -0.009479 0.103498 0.021835
v -0.019959 0.102228 0.018998
v -0.020536 0.127848 -0.067909
v -0.021014 0.128176 -0.059405
v -0.009750 0.130879 -0.059811
v -0.010804 0.129893 -0.072413
v 0.030213 0.047515 0.045221
v 0.027217 0.040968 0.046616
v 0.057936 0.063511 0.011680
v 0.061766 0.054773 0.007842
v 0.050030 0.043503 0.030660
v 0.053263 0.039350 0.027706
v 0.055469 0.034303 0.025136
v 0.063565 0.042986 0.005097
v 0.064182 0.030469 0.004383
v 0.065281 0.018697 0.005208
v -0.069328 -0.000648 -0.092213
v -0.072632 -0.001854 -0.077058
v -0.075448 0.010186 -0.078531
v -0.073289 0.015919 -0.094935
v 0.048767 0.094085 0.002590
v -0.036352 -0.095528 -0.010643
v -0.033620 -0.107612 -0.013816
v -0.001145 -0.084300 -0.111768
v 0.048717 0.099658 -0.004360
v 0.048224 0.088085 0.009809
v 0.039372 0.112641 -0.013137
v 0.039399 0.108244 -0.004673
v 0.048359 0.104688 -0.011342
v 0.039842 0.103194 0.002712
v 0.040142 0.097630 0.009588
v 0.039611 0.091697 0.016832
v 0.038468 0.085428 0.023743
v 0.036781 0.076752 0.030596
v 0.044478 -0.061468 -0.085886
v 0.007982 -0.006987 0.054665
v 0.007263 -0.006796 0.055185
v -0.052028 0.052797 0.022528
v -0.054038 0.058317 0.018110
v -0.057548 0.051130 0.014390
v -0.055338 0.046640 0.019186
v 0.006839 -0.007609 0.054105
v 0.006214 -0.007324 0.054627
v 0.005696 -0.009141 0.054324
v 0.007282 -0.016042 0.056486
v 0.005974 -0.014196 0.055433
v 0.005260 -0.010844 0.054192
v 0.066171 -0.030848 -0.034599
v -0.005378 0.047997 0.049600
v -0.012615 0.047851 0.049038
v -0.010782 0.041679 0.049279
v -0.004715 0.041634 0.050005
v -0.059154 0.016072 0.014062
v -0.061879 0.013265 0.011087
v -0.060900 0.005293 0.015819
v -0.057915 0.009155 0.017787
v -0.054909 0.004539 0.023848
v -0.057312 -0.001049 0.023452
v -0.018163 0.078648 0.038302
v -0.008620 0.079111 0.040098
v -0.059907 0.041776 0.011469
v -0.057860 0.038991 0.016561
v -0.009047 0.015214 0.046582
v -0.009728 0.016732 0.042966
v -0.006843 0.021739 0.045814
v -0.003585 0.020915 0.051638
v -0.003250 0.024812 0.050143
v -0.006460 0.024692 0.046428
v -0.032651 0.060477 0.037896
v -0.034389 0.067962 0.034527
v -0.041925 0.066683 0.029060
v -0.040239 0.059691 0.032730
v -0.020104 0.107865 0.011719
v -0.009565 0.109322 0.014567
v -0.003660 0.033874 0.049289
v -0.007943 0.033835 0.047498
v -0.006790 0.030575 0.046744
v -0.003555 0.030669 0.049124
v -0.024187 0.004486 0.039378
v -0.025096 0.006793 0.038382
v -0.066623 -0.030609 -0.045900
v -0.067675 -0.031634 -0.045746
v -0.073177 0.015356 -0.035133
v -0.072243 0.004843 -0.033510
v -0.072095 0.013234 -0.023610
v -0.072360 0.025866 -0.025593
v -0.074630 0.037641 -0.028918
v -0.075972 0.046141 -0.034085
v -0.076705 0.030525 -0.041445
v -0.075093 0.024250 -0.037254
v -0.052646 -0.084792 -0.075558
v -0.050276 -0.074563 -0.078954
v -0.003375 0.017714 0.054271
v -0.003310 0.014749 0.056791
v -0.020657 0.035565 -0.149872
v -0.020230 0.021945 -0.148005
v -0.040454 0.025938 -0.139613
v -0.040660 0.038922 -0.141078
v -0.066220 -0.011302 -0.088253
v -0.070134 -0.010716 -0.074311
v -0.009479 -0.012684 0.058442
v -0.006357 -0.008324 0.053741
v -0.006402 -0.011997 0.052694
v -0.006094 -0.009437 0.053772
v -0.009486 -0.015277 0.060115
v -0.011562 -0.016044 0.061370
v -0.007252 -0.015525 0.053461
v -0.006628 -0.015304 0.053814
v -0.005889 -0.011692 0.052891
v -0.007613 -0.007792 0.054404
v -0.000984 -0.019132 0.066549
v -0.001468 -0.017641 0.069511
v -0.005359 -0.016352 0.068261
v -0.003905 -0.017773 0.066146
v -0.004243 -0.009147 0.055023
v -0.003325 -0.011187 0.055626
v -0.004412 -0.013035 0.062783
v -0.006056 -0.009259 0.058926
v -0.006479 -0.007251 0.056172
v -0.005992 -0.012360 0.062011
v -0.005169 -0.018237 0.059071
v -0.007667 -0.012271 0.060413
v -0.078241 -0.017832 -0.053283
v -0.058615 -0.064237 -0.031762
v -0.062851 -0.049625 -0.039540
v -0.061383 -0.050128 -0.045110
v -0.058922 -0.065656 -0.040851
v -0.079691 0.008159 -0.056699
v -0.066422 0.057825 -0.004066
v -0.068029 0.069574 -0.013404
v -0.073339 0.057899 -0.025143
v -0.072694 0.047240 -0.020019
v -0.068503 0.079342 -0.021601
v -0.073797 0.068753 -0.032441
v -0.077082 0.056609 -0.042174
v -0.079011 0.036297 -0.056049
v -0.041492 0.018482 0.032384
v -0.041696 0.018149 0.032336
v -0.040193 0.017766 0.033525
v -0.040049 0.018141 0.033620
v -0.041209 0.018652 0.032114
v -0.039911 0.018291 0.033112
v -0.042257 0.019048 0.031243
v -0.042575 0.018826 0.031512
v -0.042707 0.018472 0.031454
v -0.024776 0.018802 0.035814
v -0.025130 0.018973 0.035066
v -0.027530 0.018446 0.036026
v -0.027419 0.018265 0.036859
v -0.024664 0.018413 0.036106
v -0.027680 0.017758 0.036956
v -0.023824 0.020205 0.029458
v -0.023635 0.020780 0.029470
v -0.024793 0.019335 0.029740
v -0.022620 0.020796 0.032304
v -0.022446 0.021769 0.032367
v -0.023206 0.022317 0.029535
v -0.023426 0.021267 0.029438
v -0.022836 0.020329 0.032531
v -0.021323 0.020083 0.033182
v -0.020976 0.020469 0.032960
v -0.021013 0.021382 0.033098
v -0.032346 0.016769 0.037002
v -0.032674 0.016116 0.036716
v -0.028184 0.016497 0.036890
v -0.028003 0.017141 0.036984
v -0.032046 0.017342 0.037104
v -0.035326 0.017397 0.036369
v -0.035667 0.016848 0.036134
v -0.035926 0.016229 0.035763
v -0.024784 0.017293 0.036285
v -0.024709 0.017910 0.036244
v -0.036155 0.015498 0.035353
v -0.032912 0.015352 0.036290
v -0.028332 0.015694 0.036642
v -0.024698 0.016705 0.036328
v -0.021561 0.018026 0.035630
v -0.022045 0.018443 0.035564
v -0.033071 0.014498 0.035961
v -0.032953 0.013587 0.035898
v -0.028125 0.013924 0.036614
v -0.028312 0.014819 0.036452
v -0.036289 0.014631 0.034973
v -0.036208 0.013644 0.034847
v -0.044371 0.018577 0.029756
v -0.044936 0.019023 0.029089
v -0.045060 0.018307 0.028938
v -0.044742 0.017871 0.029323
v -0.047442 0.015254 0.025831
v -0.048367 0.016551 0.025068
v -0.050268 0.015410 0.023494
v -0.049051 0.014055 0.024730
v -0.056819 0.006324 0.020714
v -0.050865 0.011645 0.023895
v -0.052176 0.013162 0.021904
v -0.043704 0.018202 0.030480
v -0.042892 0.017935 0.031295
v -0.043541 0.018795 0.030638
v -0.044193 0.019164 0.029948
v -0.044131 0.017526 0.030048
v -0.043238 0.017236 0.031001
v -0.041912 0.017637 0.032187
v -0.042220 0.016927 0.031935
v -0.040673 0.016560 0.033138
v -0.040415 0.017239 0.033338
v -0.038250 0.017000 0.034711
v -0.038005 0.017523 0.034955
v -0.038510 0.016346 0.034420
v -0.040950 0.015791 0.032919
v -0.038861 0.015589 0.034117
v -0.042610 0.016149 0.031550
v -0.043705 0.016505 0.030478
v -0.044545 0.016882 0.029486
v -0.045200 0.017272 0.028730
v -0.045617 0.017895 0.028229
v -0.045050 0.016112 0.028663
v -0.045565 0.015359 0.027851
v -0.044361 0.014846 0.029172
v -0.044111 0.015700 0.029801
v -0.045864 0.016625 0.027776
v -0.046531 0.015979 0.026808
v -0.042900 0.015386 0.031109
v -0.043044 0.014541 0.030606
v -0.041177 0.014162 0.032231
v -0.041120 0.015099 0.032674
v -0.039122 0.014806 0.033813
v -0.039185 0.013847 0.033493
v -0.031854 0.017800 0.037072
v -0.031684 0.018054 0.036414
v -0.034944 0.018070 0.035824
v -0.035117 0.017811 0.036469
v -0.037795 0.017910 0.035034
v -0.037753 0.018149 0.034482
v -0.034994 0.016821 0.033368
v -0.034043 0.017450 0.029187
v -0.036933 0.017480 0.028412
v -0.038341 0.017017 0.032267
v -0.031178 0.016663 0.033819
v -0.030692 0.017785 0.029773
v -0.027485 0.017219 0.033928
v -0.027398 0.018519 0.029876
v -0.024991 0.018758 0.033640
v -0.033719 0.028955 0.036362
v -0.033831 0.029114 0.036817
v -0.038615 0.028382 0.036101
v -0.038247 0.028135 0.035525
v -0.051351 -0.000678 -0.121513
v -0.052575 0.014366 -0.127021
v -0.039935 0.010005 -0.136252
v -0.041186 0.026129 0.034550
v -0.041190 0.026738 0.034333
v -0.043419 0.025707 0.032804
v -0.043251 0.025092 0.032969
v -0.041138 0.025386 0.034628
v -0.043074 0.024356 0.032846
v -0.038174 0.026454 0.036248
v -0.038211 0.027172 0.036173
v -0.038191 0.027671 0.035762
v -0.043644 0.023558 0.028026
v -0.042641 0.025038 0.028809
v -0.042423 0.023504 0.031376
v -0.043264 0.022649 0.030228
v -0.044172 0.022872 0.027335
v -0.043818 0.021995 0.029337
v -0.043364 0.023467 0.023863
v -0.042554 0.024199 0.024515
v -0.041328 0.025090 0.025479
v -0.043813 0.022766 0.023493
v -0.044056 0.022026 0.023362
v -0.043999 0.021214 0.023310
v -0.043738 0.020441 0.023622
v -0.059569 -0.009218 0.020898
v -0.059412 0.001488 0.019738
v -0.062059 -0.006218 0.016622
v -0.043320 0.019207 0.030725
v -0.043967 0.019610 0.029997
v -0.042909 0.019469 0.030543
v -0.043343 0.019782 0.029949
v -0.044440 0.020041 0.029236
v -0.044823 0.019610 0.029169
v -0.041763 0.017713 0.029959
v -0.041153 0.018163 0.026581
v -0.042269 0.018658 0.025678
v -0.042698 0.018589 0.028751
v -0.040576 0.017193 0.030978
v -0.039381 0.017720 0.027523
v -0.042905 0.019177 0.024904
v -0.043407 0.019805 0.024145
v -0.043304 0.019092 0.028106
v -0.043769 0.019620 0.027300
v -0.043771 0.020182 0.029276
v -0.044348 0.020890 0.026555
v -0.044430 0.021457 0.026614
v -0.044064 0.020533 0.028598
v -0.044389 0.020979 0.027976
v -0.044141 0.020328 0.026724
v -0.044394 0.022169 0.026856
v -0.044162 0.021438 0.028498
v -0.045321 0.019000 0.028577
v -0.045236 0.019976 0.028491
v -0.046014 0.020788 0.027633
v -0.045876 0.018810 0.027854
v -0.046792 0.018653 0.026850
v -0.046405 0.017401 0.027165
v -0.047132 0.021124 0.026926
v -0.048278 0.021512 0.026164
v -0.047832 0.018586 0.025827
v -0.047217 0.017074 0.026189
v -0.044802 0.020390 0.028573
v -0.045112 0.020832 0.028079
v -0.046559 0.022224 0.028090
v -0.047294 0.022909 0.027772
v -0.045558 0.021713 0.028532
v -0.045009 0.022479 0.029771
v -0.045817 0.023160 0.029682
v -0.046308 0.023842 0.029564
v -0.044768 0.024065 0.031277
v -0.045138 0.024714 0.031164
v -0.044206 0.023387 0.031190
v -0.044736 0.021488 0.028775
v -0.044279 0.022101 0.029676
v -0.043583 0.022819 0.030825
v -0.042703 0.023603 0.032172
v -0.041025 0.024760 0.034126
v -0.040803 0.024641 0.033309
v -0.038125 0.025743 0.035824
v -0.038053 0.025609 0.035071
v -0.034252 0.029837 0.037968
v -0.039647 0.029378 0.037067
v -0.038002 0.027261 0.032039
v -0.036247 0.026533 0.028628
v -0.033660 0.026825 0.030033
v -0.034528 0.027797 0.033837
v -0.022626 0.022438 0.032633
v -0.023041 0.023555 0.033226
v -0.023640 0.024282 0.030185
v -0.023111 0.023126 0.029667
v -0.021769 0.022025 0.033599
v -0.022887 0.023117 0.034301
v -0.026627 0.026712 0.034874
v -0.027261 0.026199 0.030945
v -0.024652 0.025649 0.030696
v -0.024288 0.025270 0.034138
v -0.027483 0.025453 0.036214
v -0.024705 0.024240 0.035249
v -0.034485 0.026230 0.036269
v -0.021834 0.071424 -0.146812
v -0.021453 0.055775 -0.149967
v -0.040903 0.057601 -0.141172
v -0.040835 0.071206 -0.138626
v -0.041060 0.026381 0.030190
v -0.039099 0.025944 0.027069
v -0.050863 0.072364 -0.131007
v -0.049994 0.081032 -0.128110
v -0.041186 0.082870 -0.133492
v -0.037306 -0.062336 -0.097720
v -0.027162 -0.072791 -0.104350
v -0.021002 0.021749 0.034753
v -0.022434 0.022845 0.035319
v -0.020029 0.021009 0.034309
v -0.018917 0.020858 0.034607
v -0.019823 0.021884 0.034916
v -0.021308 0.023248 0.035509
v -0.024282 0.024192 0.036069
v -0.023384 0.024735 0.036427
v -0.026558 0.026302 0.037379
v -0.027250 0.025628 0.037038
v -0.034243 0.026294 0.037096
v -0.033946 0.027052 0.037286
v -0.025901 0.026990 0.037152
v -0.022728 0.025407 0.036131
v -0.025347 0.027624 0.036613
v -0.022375 0.026217 0.035689
v -0.033650 0.028463 0.036747
v -0.033735 0.027806 0.037198
v -0.022152 0.018815 0.035392
v -0.019399 0.019366 0.034923
v -0.022440 0.019251 0.034935
v -0.020361 0.019766 0.034521
v -0.023349 0.019485 0.034087
v -0.019727 0.020123 0.034319
v -0.018715 0.019823 0.034668
v -0.023333 0.019671 0.032862
v -0.018819 0.022159 0.034560
v -0.017823 0.020757 0.034554
v -0.017540 0.022481 0.034208
v -0.016598 0.020732 0.034389
v -0.019511 0.024560 0.034599
v -0.020426 0.023851 0.035083
v -0.017633 0.019508 0.034707
v -0.018263 0.018956 0.034978
v -0.016532 0.019318 0.034630
v -0.017291 0.018594 0.034894
v -0.024453 0.016072 0.036357
v -0.024102 0.015333 0.036414
v -0.020899 0.017435 0.035744
v -0.020232 0.016837 0.035752
v -0.032618 0.012442 0.035809
v -0.035917 0.012604 0.034754
v -0.032052 0.011133 0.035764
v -0.035505 0.011083 0.034668
v -0.027145 0.011696 0.036623
v -0.027727 0.012876 0.036562
v -0.033416 -0.115826 -0.015111
v -0.046239 0.014425 0.027156
v -0.047486 0.012919 0.026518
v -0.045798 0.012159 0.028224
v -0.044826 0.013913 0.028595
v -0.043268 0.013473 0.030088
v -0.043711 0.011590 0.030069
v -0.041249 0.011340 0.031758
v -0.041267 0.013066 0.031777
v -0.039022 0.012823 0.033268
v -0.038723 0.011200 0.033212
v -0.049317 0.018112 0.024529
v -0.050386 0.021382 0.024276
v -0.051173 0.017177 0.022824
v -0.052637 0.020953 0.022104
v -0.015977 0.023261 0.034598
v -0.015217 0.021059 0.034384
v -0.013786 0.024052 0.035772
v -0.013449 0.021584 0.035349
v -0.015187 0.026894 0.036863
v -0.017439 0.026106 0.035466
v -0.015535 0.019248 0.034545
v -0.016270 0.018199 0.034780
v -0.014128 0.019109 0.035075
v -0.015192 0.017660 0.035209
v -0.023496 0.014308 0.036461
v -0.022839 0.013195 0.036561
v -0.019454 0.016085 0.035768
v -0.018482 0.015191 0.036094
v -0.049491 -0.011769 -0.116443
v -0.053421 0.030178 -0.129977
v -0.046941 0.033697 0.034875
v -0.044755 0.030726 0.035544
v -0.041085 0.031680 0.037783
v -0.042825 0.035167 0.038107
v -0.048969 0.038272 0.032894
v -0.051556 0.035067 0.029866
v -0.049560 0.031667 0.031770
v -0.047402 0.029263 0.032948
v -0.051184 0.024145 0.025209
v -0.049454 0.024028 0.026745
v -0.049532 0.025692 0.028288
v -0.051270 0.026401 0.026891
v -0.053454 0.024372 0.022950
v -0.053787 0.027708 0.024698
v -0.050676 0.028766 0.029144
v -0.048758 0.027371 0.030490
v -0.052965 0.031048 0.027367
v -0.023062 0.031476 0.039347
v -0.024087 0.030136 0.037770
v -0.021108 0.028189 0.036217
v -0.019287 0.028838 0.037231
v -0.021655 0.032820 0.040524
v -0.017158 0.029509 0.038368
v -0.036334 0.036091 0.040949
v -0.035179 0.032368 0.039535
v -0.024927 0.028068 0.036156
v -0.022573 0.026709 0.035706
v -0.024769 0.028366 0.036236
v -0.022449 0.027023 0.035623
v -0.058591 0.091958 -0.110183
v -0.060813 0.098012 -0.097691
v -0.044157 0.108710 -0.103969
v -0.043350 0.101266 -0.116283
v -0.041307 0.027041 0.034275
v -0.041680 0.027383 0.034846
v -0.044160 0.026478 0.033143
v -0.043620 0.026049 0.032777
v -0.045477 0.025167 0.031140
v -0.046090 0.025615 0.031251
v -0.047316 0.024739 0.029458
v -0.046707 0.024353 0.029506
v -0.047385 0.023771 0.028300
v -0.047914 0.023754 0.027892
v -0.022135 0.027689 0.035954
v -0.024574 0.028873 0.036700
v -0.052307 0.060418 -0.132220
v -0.043989 0.074411 0.024013
v -0.051036 0.070847 0.017335
v -0.048712 0.064118 0.023007
v -0.042840 0.028525 0.035550
v -0.045485 0.027533 0.033401
v -0.047248 0.026388 0.031177
v -0.048261 0.025183 0.029269
v -0.048648 0.024309 0.027943
v -0.071285 -0.013172 -0.039125
v -0.071915 -0.013290 -0.040958
v -0.079652 -0.003641 -0.065924
v -0.078060 0.002874 -0.065015
v -0.076818 0.006368 -0.063966
v -0.077714 0.015127 -0.050966
v -0.081684 0.018223 -0.053838
v -0.082430 -0.021885 -0.060028
v -0.079302 -0.023724 -0.056188
v -0.082448 -0.020980 -0.060688
v -0.087990 0.014953 -0.065120
v -0.088272 0.013354 -0.066532
v -0.089000 0.013207 -0.066464
v -0.042867 -0.033160 -0.105918
v -0.047076 -0.020556 -0.112248
v -0.088809 0.011323 -0.067996
v -0.073943 -0.008676 -0.043463
v -0.080715 -0.004178 -0.066303
v -0.082377 -0.004707 -0.068142
v -0.082677 -0.009711 -0.068556
v -0.082224 -0.009220 -0.067439
v -0.081719 -0.014553 -0.066603
v -0.081433 -0.013638 -0.065848
v -0.084093 -0.018287 -0.063347
v -0.086314 -0.014835 -0.065328
v -0.082848 0.018753 -0.054878
v -0.082032 0.017776 -0.053306
v -0.083553 0.018479 -0.055140
v -0.074583 -0.009869 -0.044910
v -0.075965 0.013472 -0.050701
v -0.075536 0.011232 -0.049619
v -0.075105 0.011507 -0.050098
v -0.070517 -0.004923 -0.049155
v -0.070535 -0.003963 -0.049277
v -0.071707 -0.006342 -0.048611
v -0.074359 -0.007917 -0.047274
v -0.067919 -0.015534 -0.047352
v -0.067116 -0.016923 -0.049683
v -0.067693 -0.017919 -0.048841
v -0.085005 0.025402 -0.058981
v -0.075685 0.010295 -0.049389
v -0.077067 0.011398 -0.049459
v -0.077385 0.012569 -0.049753
v -0.084388 0.018186 -0.055442
v -0.077454 0.013468 -0.050072
v -0.076797 0.013382 -0.049977
v -0.078384 0.014953 -0.050848
v -0.076223 0.013236 -0.050214
v -0.074059 -0.011579 -0.061574
v -0.072848 -0.012113 -0.059610
v -0.072992 0.007765 -0.039737
v -0.073598 0.005337 -0.042337
v -0.078311 -0.024357 -0.054032
v -0.076041 0.013946 -0.060374
v -0.076091 0.016411 -0.061370
v -0.087448 -0.010025 -0.067254
v -0.080513 -0.015460 -0.056954
v -0.078458 -0.016176 -0.055039
v -0.082418 -0.014399 -0.058755
v -0.083958 -0.011870 -0.060392
v -0.071120 0.004337 -0.055205
v -0.082495 0.007956 -0.059372
v -0.083159 0.005893 -0.060779
v -0.081100 0.007924 -0.057689
v -0.077286 0.019919 -0.059327
v -0.076985 0.019911 -0.057104
v -0.077838 0.014281 -0.057843
v -0.076254 0.018369 -0.056711
v -0.069958 -0.012077 -0.047794
v -0.069713 -0.018192 -0.051329
v -0.068621 -0.016079 -0.052044
v -0.070795 -0.018070 -0.052269
v -0.070068 -0.017266 -0.053643
v -0.070610 -0.015790 -0.055410
v -0.071347 -0.013914 -0.056804
v -0.071039 -0.011320 -0.057672
v -0.069544 -0.008037 -0.048692
v -0.077562 0.019687 -0.046500
v -0.069032 -0.009886 -0.048436
v -0.070863 -0.006304 -0.048827
v -0.071060 -0.008088 -0.048351
v -0.070796 -0.010071 -0.047918
v -0.075675 -0.018764 -0.048454
v -0.076440 -0.017305 -0.051064
v -0.074254 -0.017971 -0.047776
v -0.077213 -0.016717 -0.053206
v -0.073056 -0.017652 -0.047444
v -0.075875 0.015253 -0.058677
v -0.076164 0.018319 -0.058591
v -0.071694 -0.009612 -0.036983
v -0.064191 -0.001182 0.011614
v -0.065539 0.008210 0.006107
v -0.026996 -0.050942 0.032946
v -0.026252 -0.053972 0.033272
v -0.056298 -0.012157 0.025327
v -0.051592 -0.014865 0.030440
v -0.025160 -0.045888 0.045381
v -0.024741 -0.046592 0.045499
v -0.023783 -0.046141 0.045822
v -0.024252 -0.045759 0.045517
v -0.022481 -0.045241 0.044108
v -0.023196 -0.045374 0.043434
v -0.023245 -0.045570 0.044388
v -0.022658 -0.045383 0.045052
v -0.028297 -0.031083 0.046220
v -0.031968 -0.026637 0.044123
v -0.034408 -0.030792 0.043211
v -0.030860 -0.034490 0.045332
v -0.025284 -0.046361 0.035734
v -0.024794 -0.045164 0.036233
v -0.023494 -0.045241 0.040183
v -0.024154 -0.045675 0.039795
v -0.025277 -0.049130 0.035667
v -0.024072 -0.047033 0.039529
v -0.027202 -0.046946 0.033056
v -0.026128 -0.044821 0.033571
v -0.035285 -0.051685 0.040338
v -0.031279 -0.049650 0.042091
v -0.031787 -0.046589 0.042948
v -0.035661 -0.047120 0.041114
v -0.024300 -0.019468 0.045173
v -0.028389 -0.023044 0.044899
v -0.024920 -0.027349 0.046636
v -0.021093 -0.023240 0.046490
v -0.017399 -0.018700 0.046845
v -0.020396 -0.015729 0.045347
v -0.016039 -0.011164 0.050260
v -0.016541 -0.014945 0.051568
v -0.015947 -0.015890 0.054929
v -0.016361 -0.013724 0.053685
v -0.014008 -0.019722 0.053228
v -0.016676 -0.017154 0.050083
v -0.010130 -0.020905 0.053715
v -0.009777 -0.020189 0.054632
v -0.014148 -0.020266 0.051731
v -0.014386 -0.021220 0.049975
v -0.010512 -0.021628 0.052736
v -0.009136 -0.019199 0.055590
v -0.011763 -0.019176 0.055565
v -0.013506 -0.017346 0.057132
v -0.003368 -0.018559 0.063897
v -0.004609 -0.017315 0.065808
v -0.008968 0.013095 0.049679
v -0.011779 0.009602 0.046534
v -0.008971 0.010427 0.051916
v -0.011747 0.007301 0.048780
v -0.012677 -0.015253 0.060906
v -0.014240 -0.013359 0.059254
v -0.010512 -0.014036 0.064640
v -0.011620 -0.011300 0.064207
v -0.003313 0.027851 0.049474
v -0.001244 -0.021954 0.059791
v -0.001437 -0.022603 0.059310
v -0.001014 -0.020903 0.061679
v -0.022462 0.094252 -0.134525
v -0.022843 0.106559 -0.123236
v -0.021833 0.119953 -0.100099
v -0.019541 0.124475 -0.087694
v -0.004078 -0.039422 0.060399
v -0.003612 -0.036751 0.060211
v -0.011410 -0.040153 0.046917
v -0.005792 -0.039934 0.048028
v -0.005295 -0.043784 0.050721
v -0.010633 -0.043849 0.049593
v -0.014975 -0.043926 0.047682
v -0.016025 -0.040351 0.045086
v -0.012066 -0.036567 0.045438
v -0.006295 -0.036252 0.046634
v -0.010422 -0.046035 0.052974
v -0.005116 -0.045973 0.054806
v -0.004917 -0.044236 0.057666
v -0.010428 -0.044670 0.055306
v -0.017057 -0.025476 0.048987
v -0.012917 -0.024901 0.051382
v -0.008673 -0.024772 0.054646
v -0.005398 -0.024835 0.057102
v -0.004818 -0.022764 0.057373
v -0.007345 -0.022215 0.055266
v -0.004587 -0.021927 0.057745
v -0.007052 -0.021431 0.055824
v -0.006896 -0.020685 0.056335
v -0.007583 -0.019342 0.056748
v -0.005775 -0.019497 0.057908
v -0.006405 -0.018314 0.057565
v -0.004559 -0.021111 0.058005
v -0.003561 0.004704 0.064501
v -0.003343 0.008365 0.061774
v -0.008309 -0.035081 0.058470
v -0.003329 -0.034512 0.059556
v -0.002953 -0.030246 0.058729
v -0.007367 -0.030396 0.057646
v -0.012005 -0.031224 0.055598
v -0.013451 -0.036783 0.056212
v -0.001686 -0.023342 0.058899
v -0.008659 -0.037306 0.058806
v -0.009020 -0.039894 0.058661
v -0.013943 -0.039112 0.056310
v -0.014269 -0.041338 0.055934
v -0.018363 -0.039139 0.053257
v -0.017403 -0.033159 0.052915
v -0.023275 -0.034971 0.049609
v -0.022647 -0.041540 0.049939
v -0.031309 -0.043701 0.044192
v -0.026549 -0.046015 0.044942
v -0.026485 -0.044900 0.045717
v -0.025884 -0.043906 0.046726
v -0.030108 -0.040849 0.045622
v -0.034900 -0.042813 0.042449
v -0.033329 -0.038469 0.043933
v -0.027699 -0.038063 0.047326
v -0.024856 -0.042889 0.047942
v -0.025057 -0.045325 0.046029
v -0.024172 -0.045511 0.045933
v -0.024603 -0.044801 0.046954
v -0.023689 -0.045355 0.046709
v -0.023731 -0.044352 0.048015
v -0.022975 -0.045271 0.047600
v -0.021792 -0.044979 0.048835
v -0.022285 -0.043594 0.049544
v -0.022107 -0.045823 0.044230
v -0.020795 -0.045997 0.045411
v -0.020726 -0.046140 0.046870
v -0.021932 -0.045947 0.045734
v -0.022969 -0.045615 0.043589
v -0.022675 -0.045733 0.045044
v -0.022660 -0.044874 0.041404
v -0.020990 -0.044339 0.043349
v -0.023670 -0.045621 0.042773
v -0.023510 -0.045530 0.044094
v -0.023399 -0.045654 0.045505
v -0.023051 -0.045666 0.046021
v -0.022306 -0.045766 0.046791
v -0.021169 -0.045834 0.047831
v -0.014347 -0.043305 0.054820
v -0.018084 -0.043102 0.052775
v -0.017893 -0.044737 0.051426
v -0.014342 -0.045365 0.052819
v -0.017643 -0.045842 0.049876
v -0.016841 -0.036787 0.043808
v -0.014131 -0.046066 0.050991
v -0.019687 -0.041073 0.042598
v -0.020654 -0.038292 0.040427
v -0.018374 -0.044120 0.045243
v -0.024033 -0.043910 0.037446
v -0.022057 -0.042518 0.040147
v -0.025326 -0.043228 0.034863
v -0.023116 -0.040393 0.038032
v -0.017659 -0.046194 0.047929
v -0.018345 -0.041317 0.053256
v -0.009599 -0.042264 0.057346
v -0.004352 -0.041742 0.059241
v -0.003978 -0.003206 0.070645
v -0.003886 0.001047 0.067454
v -0.023121 -0.045673 0.045828
v -0.011678 -0.124327 -0.003617
v -0.026166 -0.047160 0.044825
v -0.024739 -0.051278 0.035539
v -0.023436 -0.048012 0.039668
v -0.032958 -0.056039 0.040760
v -0.028770 -0.060282 0.043298
v -0.026152 -0.056590 0.045345
v -0.029535 -0.052930 0.042725
v -0.023001 -0.050581 0.047996
v -0.025092 -0.048755 0.045838
v -0.023827 -0.047518 0.046723
v -0.021850 -0.048584 0.048813
v -0.020741 -0.047024 0.049265
v -0.022794 -0.046509 0.046998
v -0.018748 -0.045185 0.047799
v -0.014485 -0.044790 0.050535
v -0.014187 -0.048475 0.045396
v -0.018773 -0.048627 0.043116
v -0.022065 -0.048392 0.040832
v -0.021753 -0.045332 0.044951
v -0.019298 -0.045060 0.048699
v -0.021969 -0.045320 0.045928
v -0.014701 -0.044816 0.051661
v -0.022134 -0.121005 -0.008220
v -0.022240 -0.045650 0.046781
v -0.019727 -0.045567 0.049059
v -0.015386 -0.045742 0.052244
v -0.016555 -0.047735 0.052655
v -0.017735 -0.049985 0.052678
v -0.018819 -0.052712 0.051726
v -0.021391 -0.059393 0.048579
v -0.022831 -0.063954 0.047225
v -0.015458 -0.061317 0.051190
v -0.016295 -0.065954 0.050698
v -0.013595 -0.054357 0.054866
v -0.012796 -0.050902 0.056142
v -0.011882 -0.048242 0.055967
v -0.011097 -0.045929 0.055171
v -0.002111 -0.025051 0.058446
v -0.004575 -0.019454 0.059100
v -0.003516 -0.019309 0.061460
v -0.006667 -0.015828 0.066679
v -0.000853 -0.020071 0.063900
v -0.009051 -0.014075 0.066251
v -0.007486 -0.014685 0.067722
v -0.008093 -0.012920 0.068613
v -0.009238 -0.012274 0.067362
v -0.005965 -0.015275 0.069004
v -0.007198 -0.013120 0.069689
v -0.001827 -0.016397 0.070917
v -0.002690 -0.012885 0.072995
v -0.003710 -0.007043 0.072678
v -0.003097 -0.010605 0.073385
v -0.008479 -0.011197 0.069198
v -0.009672 -0.009190 0.067816
v -0.010163 -0.006209 0.065287
v -0.012262 -0.008563 0.061672
v -0.010292 0.130169 -0.043871
v -0.010450 -0.044677 0.054334
v -0.010104 -0.044699 0.052335
v -0.014633 -0.058695 0.038245
v -0.014455 -0.054321 0.040811
v -0.010122 -0.054474 0.042179
v -0.010363 -0.059254 0.039666
v -0.005803 -0.044774 0.053028
v -0.005842 -0.048421 0.047631
v -0.009936 -0.048277 0.046827
v -0.005834 -0.044653 0.055367
v -0.006275 -0.046094 0.056529
v -0.006924 -0.048518 0.057643
v -0.006098 -0.054788 0.042796
v -0.006400 -0.059560 0.040418
v -0.023234 -0.052895 0.036647
v -0.024357 -0.056402 0.034334
v -0.019194 -0.054047 0.038916
v -0.019750 -0.057929 0.036568
v -0.010170 -0.066519 0.053221
v -0.009466 -0.062057 0.053030
v -0.007320 -0.051891 0.057731
v -0.008055 -0.055705 0.056183
v -0.022731 0.114516 -0.112367
v -0.062657 0.076813 -0.005983
v -0.061012 0.070032 0.001964
v -0.053986 0.077654 0.009069
v -0.056028 0.083018 0.001687
v -0.063466 0.084625 -0.014194
v -0.056750 0.089661 -0.006108
v -0.040116 0.121755 -0.063369
v -0.040669 0.121251 -0.049065
v -0.021509 0.127487 -0.045123
v -0.034999 0.121774 -0.077388
v -0.047380 0.113187 -0.086698
v -0.049616 0.116042 -0.067273
v -0.049577 0.116111 -0.051922
v -0.026619 -0.087018 -0.105655
v -0.053300 0.042921 -0.131420
v -0.048221 0.115155 -0.038074
v -0.039981 0.119528 -0.035242
v -0.039425 0.116488 -0.022826
v -0.046879 0.112943 -0.026326
v -0.021345 0.125249 -0.030643
v -0.010228 0.127615 -0.028775
v -0.019783 0.006164 -0.143942
v -0.003228 0.011816 0.059147
v -0.048299 -0.049455 -0.088887
v -0.057643 -0.049657 -0.071106
v -0.058433 -0.101056 -0.048186
v -0.068960 -0.026490 -0.054005
v -0.068709 -0.026135 -0.054933
v -0.060801 -0.064267 -0.052687
v -0.061704 -0.050461 -0.053889
v -0.039078 -0.048342 -0.100785
v -0.078615 -0.015284 -0.064648
v -0.079465 -0.011729 -0.065841
v -0.079609 -0.016008 -0.064327
v -0.080655 -0.012193 -0.065698
v -0.080825 -0.008220 -0.066335
v -0.080088 -0.017774 -0.063732
v -0.077411 0.020158 -0.054400
v -0.078530 0.021791 -0.053709
v -0.068593 -0.028096 -0.049708
v -0.068409 -0.027475 -0.051428
v -0.068001 -0.027696 -0.050322
v -0.067822 -0.028254 -0.049110
v -0.068367 -0.028999 -0.048173
v -0.067815 -0.028820 -0.047931
v -0.077776 0.035750 -0.047223
v -0.066559 -0.028503 -0.051073
v -0.068175 -0.026450 -0.054104
v -0.068157 -0.027128 -0.052655
v -0.067260 -0.027759 -0.051158
v -0.066810 -0.028589 -0.048975
v -0.066925 -0.029476 -0.047274
v -0.068135 -0.030184 -0.046996
v -0.080257 -0.018833 -0.064246
v -0.072946 -0.029563 -0.052920
v -0.077869 0.012443 -0.060885
v -0.077988 0.010755 -0.062180
v -0.080005 0.012484 -0.063939
v -0.079853 0.014713 -0.062581
v -0.059333 -0.010810 -0.104058
v -0.061568 0.000222 -0.109379
v -0.013833 -0.085270 -0.110444
v -0.014132 -0.071006 -0.110248
v -0.076013 0.032740 -0.094701
v -0.077864 0.014091 -0.059278
v -0.079892 0.016431 -0.061089
v -0.079845 -0.007723 -0.066156
v -0.077602 0.013108 -0.058928
v -0.077577 0.011490 -0.060474
v -0.080806 0.018165 -0.062788
v -0.080894 0.015956 -0.064498
v -0.080990 0.013494 -0.065887
v -0.077533 0.009720 -0.062070
v -0.076994 0.018490 -0.061211
v -0.080553 0.063489 -0.070992
v -0.079750 0.057546 -0.085064
v -0.076973 0.080455 -0.074395
v -0.076311 0.075424 -0.089759
v -0.071695 0.069381 -0.105685
v -0.075013 0.050495 -0.101011
v -0.076919 0.019731 -0.055846
v -0.079257 0.022833 -0.054381
v -0.064044 0.091038 -0.022055
v -0.069084 0.085922 -0.029435
v -0.057033 0.095465 -0.013316
v -0.056889 0.100640 -0.020107
v -0.063411 0.097088 -0.029105
v -0.070504 0.090118 -0.041369
v -0.079618 0.054205 -0.056062
v -0.078741 0.068986 -0.056774
v -0.075642 0.073149 -0.043100
v -0.075032 0.085523 -0.058692
v -0.066473 0.099281 -0.047738
v -0.070139 0.095605 -0.062412
v -0.059368 0.107733 -0.051622
v -0.061442 0.105673 -0.066348
v -0.061354 0.103107 -0.082425
v -0.071839 0.091605 -0.077649
v -0.061529 0.102501 -0.035332
v -0.055331 0.105365 -0.025577
v -0.056392 0.108790 -0.038864
v -0.053114 0.109381 -0.030147
v -0.073694 0.074997 -0.035777
v -0.064962 -0.034624 -0.046103
v -0.066566 -0.034567 -0.041217
v -0.069880 -0.023318 -0.034464
v -0.068360 0.001514 -0.000716
v -0.068233 0.013927 -0.003116
v -0.071469 0.005957 -0.013619
v -0.069916 -0.007196 -0.010381
v -0.066770 0.027420 -0.004628
v -0.070492 0.019982 -0.014983
v -0.070695 0.033943 -0.016711
v -0.066895 0.041572 -0.004803
v -0.062773 0.063890 -0.120700
v -0.065033 0.047010 -0.118753
v -0.065469 0.034168 -0.116914
v -0.047071 0.057891 0.027038
v -0.022197 0.085183 -0.140690
v -0.046348 0.082086 0.016539
v -0.055090 0.084486 -0.121102
v -0.041950 0.090488 -0.127663
v -0.071033 0.086706 -0.092804
v -0.067813 0.081410 -0.106359
v -0.059803 0.074987 -0.121213
v -0.064413 0.017905 -0.114780
v -0.047443 0.109114 -0.018680
v -0.055677 0.024375 0.020005
v -0.054852 0.019963 0.019044
v -0.055958 0.029027 0.021590
v -0.053168 0.015235 0.020453
v -0.015185 0.006441 0.044068
v -0.014784 0.004334 0.046023
v -0.014207 0.001979 0.047930
v -0.018159 0.001509 0.043641
v -0.017338 -0.001596 0.045362
v -0.011369 0.001761 0.053147
v -0.011609 0.004632 0.050941
v -0.013862 -0.001022 0.049824
v -0.013472 -0.004386 0.051611
v -0.011226 -0.001408 0.055493
v -0.017022 -0.017200 0.047751
v -0.018214 -0.012210 0.046133
v -0.015975 -0.007982 0.048212
v -0.020838 -0.004485 0.043829
v -0.019702 -0.007997 0.045114
v -0.016639 -0.004483 0.046837
v -0.022188 -0.001039 0.042107
v -0.014018 -0.007995 0.054272
v -0.014818 -0.011325 0.057275
v -0.011788 -0.005034 0.058577
v -0.009957 -0.002766 0.061952
v -0.009401 0.001004 0.058942
v -0.018783 0.003806 0.041891
v -0.023199 0.001729 0.040733
v -0.023101 -0.011405 0.044623
v -0.027590 -0.014612 0.044378
v -0.025028 -0.006837 0.043067
v -0.029451 -0.009502 0.042726
v -0.026460 -0.003133 0.041413
v -0.030800 -0.005566 0.040823
v -0.031648 -0.018071 0.043850
v -0.035144 -0.021873 0.042753
v -0.038414 -0.026604 0.041112
v -0.037912 -0.016649 0.040909
v -0.041688 -0.021836 0.038958
v -0.039855 -0.011631 0.038913
v -0.044231 -0.016310 0.036841
v -0.033978 -0.012784 0.042055
v -0.035605 -0.008451 0.039998
v -0.032080 -0.001699 0.039081
v -0.027794 0.000236 0.039947
v -0.041109 -0.000519 0.035182
v -0.040832 -0.006017 0.037065
v -0.036463 -0.003797 0.038030
v -0.037109 0.000780 0.036247
v -0.045853 -0.009562 0.034910
v -0.045585 -0.001964 0.033613
v -0.044906 0.002964 0.032196
v -0.031258 0.009361 0.036203
v -0.026423 0.010003 0.037005
v -0.034886 0.009053 0.035062
v -0.040873 0.003552 0.033790
v -0.037465 0.004212 0.035086
v -0.048935 0.010474 0.026162
v -0.046750 0.009576 0.028378
v -0.041125 0.008964 0.032357
v -0.038217 0.008934 0.033777
v -0.044064 0.009196 0.030576
v -0.021880 0.011646 0.037117
v -0.017569 0.013843 0.037159
v -0.057411 -0.062741 -0.067949
v -0.009129 0.004395 0.056597
v -0.009021 0.007534 0.054311
v -0.014070 0.030042 0.040350
v -0.012284 0.027369 0.039063
v -0.006530 0.027631 0.046623
v -0.018259 0.033558 0.042700
v -0.013913 0.016420 0.037186
v -0.012337 0.018657 0.037163
v -0.011321 0.021638 0.037595
v -0.011222 0.024384 0.038283
v -0.029603 0.047334 0.044060
v -0.026628 0.040800 0.045471
v -0.057469 0.063347 0.011019
v -0.061322 0.054639 0.007058
v -0.049864 0.043341 0.029466
v -0.053144 0.039197 0.026423
v -0.055341 0.034105 0.023754
v -0.063226 0.042921 0.004124
v -0.063917 0.030567 0.003179
v -0.064921 0.019020 0.003719
v -0.048449 0.093986 0.002298
v -0.048434 0.099569 -0.004614
v -0.047885 0.087973 0.009478
v -0.039144 0.112573 -0.013296
v -0.039150 0.108166 -0.004852
v -0.048106 0.104604 -0.011564
v -0.039563 0.103107 0.002506
v -0.039822 0.097526 0.009350
v -0.039245 0.091573 0.016555
v -0.038023 0.085269 0.023404
v -0.036215 0.076605 0.030181
v -0.047154 -0.061849 -0.085726
v -0.006862 -0.007519 0.054780
v -0.006161 -0.007317 0.055319
v -0.005736 -0.008138 0.054275
v -0.005123 -0.007842 0.054793
v -0.004602 -0.009644 0.054529
v -0.006137 -0.016534 0.056751
v -0.004818 -0.014695 0.055649
v -0.004141 -0.011353 0.054407
v -0.068566 -0.029770 -0.036084
v -0.058347 -0.097106 -0.062842
v -0.054053 -0.093600 -0.075219
v 0.055024 -0.096812 -0.062963
v 0.050997 -0.093142 -0.075562
v 0.020422 -0.127807 -0.010572
v 0.031879 -0.123617 -0.016465
v 0.033297 -0.132197 -0.017836
v 0.021377 -0.135609 -0.012091
v 0.058513 -0.114482 -0.068748
v 0.056038 -0.106076 -0.063599
v 0.052807 -0.101972 -0.078395
v 0.056838 -0.110381 -0.084051
v 0.046556 -0.099719 -0.091220
v 0.050471 -0.109067 -0.096972
v 0.039768 -0.109613 -0.106707
v 0.037035 -0.098648 -0.100951
v 0.025337 -0.098801 -0.107903
v 0.027739 -0.110835 -0.113109
v 0.043112 -0.118872 -0.024830
v 0.051967 -0.113974 -0.036039
v 0.052627 -0.123644 -0.037050
v 0.043582 -0.127476 -0.025879
v 0.056377 -0.109492 -0.048951
v 0.057700 -0.118797 -0.052019
v 0.013618 -0.110158 -0.117262
v 0.012358 -0.096987 -0.111887
v 0.023500 -0.153788 -0.013838
v 0.010764 -0.155678 -0.011408
v 0.010556 -0.146279 -0.010550
v 0.022697 -0.144619 -0.013241
v 0.054738 -0.155809 -0.031692
v 0.069384 -0.148944 -0.045001
v 0.075679 -0.157418 -0.040963
v 0.059412 -0.164608 -0.027097
v 0.096929 -0.156401 -0.054230
v 0.106204 -0.145103 -0.076019
v 0.038548 -0.160788 -0.021154
v 0.041494 -0.169415 -0.015927
v -0.000933 -0.120558 -0.125969
v -0.000928 -0.108119 -0.118171
v 0.096518 -0.139188 -0.079629
v 0.094942 -0.135178 -0.102606
v 0.107700 -0.140513 -0.100549
v 0.053721 -0.156725 -0.143934
v 0.053860 -0.163502 -0.147624
v 0.069387 -0.158768 -0.143943
v 0.064768 -0.152897 -0.139779
v 0.073709 -0.124250 -0.097437
v 0.062036 -0.125269 -0.112656
v 0.071437 -0.132131 -0.117659
v 0.084210 -0.129853 -0.102187
v 0.037117 -0.141921 -0.135531
v 0.055135 -0.136694 -0.127497
v 0.047454 -0.129016 -0.122395
v 0.032098 -0.132756 -0.129146
v 0.086724 -0.133990 -0.079705
v 0.075183 -0.129059 -0.077230
v 0.079184 -0.141431 -0.060878
v 0.069839 -0.135585 -0.059604
v 0.061857 -0.141391 -0.044060
v 0.056438 -0.117386 -0.104139
v 0.043983 -0.119482 -0.114081
v 0.028688 -0.122019 -0.121412
v 0.013054 -0.122645 -0.125700
v -0.000971 -0.170655 -0.147028
v -0.000877 -0.158580 -0.143612
v 0.017897 -0.144369 -0.138151
v 0.015840 -0.133279 -0.132050
v 0.088117 -0.148130 -0.059053
v 0.061925 -0.128140 -0.056999
v 0.056206 -0.132817 -0.041650
v 0.065617 -0.172841 -0.017566
v 0.083917 -0.166336 -0.033722
v 0.045315 -0.177847 -0.006470
v 0.027004 -0.181185 0.000356
v 0.019467 -0.155853 -0.143696
v 0.018532 -0.168052 -0.147080
v 0.038497 -0.164827 -0.147653
v 0.041808 -0.153026 -0.142491
v 0.049590 -0.145864 -0.031491
v 0.036617 -0.151012 -0.021647
v 0.023827 -0.163591 -0.012843
v 0.063997 -0.118109 -0.089943
v 0.065018 -0.122671 -0.073359
v 0.046013 -0.136130 -0.028956
v 0.034982 -0.141748 -0.019906
v 0.009859 -0.137581 -0.008435
v 0.024936 -0.172510 -0.007880
v 0.097606 -0.144713 -0.121890
v 0.084028 -0.152363 -0.135743
v 0.075983 -0.149037 -0.134368
v -0.000803 -0.145650 -0.138724
v -0.001135 -0.147661 -0.010101
v -0.001198 -0.156765 -0.012013
v -0.000793 -0.139060 -0.007308
v 0.081596 -0.140268 -0.123672
v 0.060709 -0.145517 -0.134667
v -0.000783 -0.131794 -0.004630
v -0.001038 -0.096241 -0.113116
v -0.001221 -0.167316 -0.012260
v -0.001477 -0.177375 -0.007098
v -0.001727 -0.187442 0.001578
v 0.009567 -0.130406 -0.006028
v 0.011114 -0.175300 -0.006396
v 0.010783 -0.165471 -0.010892
v 0.011967 -0.185146 0.001341
v -0.000500 -0.132749 -0.132749
v -0.022189 -0.127806 -0.010054
v -0.033919 -0.123626 -0.016040
v -0.035391 -0.132265 -0.017342
v -0.023083 -0.135689 -0.011718
v -0.060879 -0.115010 -0.068989
v -0.058703 -0.106477 -0.063526
v -0.055576 -0.102523 -0.078271
v -0.058947 -0.111179 -0.084080
v -0.048630 -0.100385 -0.091120
v -0.052045 -0.109993 -0.096777
v -0.041280 -0.110561 -0.106321
v -0.038842 -0.099391 -0.100830
v -0.027102 -0.099421 -0.107788
v -0.029418 -0.111639 -0.112684
v -0.045462 -0.118966 -0.024476
v -0.054182 -0.114337 -0.035718
v -0.054788 -0.123875 -0.036691
v -0.046038 -0.127574 -0.025340
v -0.058415 -0.109807 -0.048641
v -0.059621 -0.119232 -0.052148
v -0.015306 -0.110622 -0.116937
v -0.014309 -0.097341 -0.111788
v -0.025734 -0.153839 -0.013642
v -0.012804 -0.155741 -0.011485
v -0.012396 -0.146330 -0.010566
v -0.024788 -0.144624 -0.013004
v -0.056909 -0.156297 -0.032658
v -0.071033 -0.149634 -0.046511
v -0.077578 -0.158061 -0.042396
v -0.061722 -0.165212 -0.028224
v -0.099217 -0.156459 -0.055557
v -0.108063 -0.144920 -0.076918
v -0.040875 -0.161033 -0.021486
v -0.043884 -0.169713 -0.016553
v -0.098560 -0.139291 -0.080445
v -0.096954 -0.135664 -0.102942
v -0.109889 -0.140531 -0.101074
v -0.055727 -0.157056 -0.144336
v -0.055932 -0.163648 -0.147991
v -0.071379 -0.159005 -0.144325
v -0.066839 -0.153285 -0.140179
v -0.075571 -0.125034 -0.097581
v -0.063766 -0.126056 -0.112560
v -0.073016 -0.132838 -0.117834
v -0.085750 -0.130525 -0.102409
v -0.038678 -0.142376 -0.135696
v -0.056534 -0.137298 -0.127742
v -0.049006 -0.129823 -0.122406
v -0.032803 -0.133408 -0.129258
v -0.088339 -0.134148 -0.080298
v -0.076709 -0.129374 -0.077792
v -0.080596 -0.142015 -0.061982
v -0.071424 -0.136238 -0.060755
v -0.063566 -0.141952 -0.045322
v -0.057618 -0.118271 -0.104021
v -0.045276 -0.120334 -0.113801
v -0.030468 -0.122701 -0.120968
v -0.015076 -0.122863 -0.125328
v -0.019538 -0.144607 -0.138090
v -0.017326 -0.133686 -0.131947
v -0.089764 -0.148568 -0.060240
v -0.063879 -0.128542 -0.057744
v -0.058312 -0.133128 -0.042009
v -0.068349 -0.172919 -0.018469
v -0.086502 -0.166461 -0.034978
v -0.048099 -0.177821 -0.007013
v -0.030067 -0.181319 0.000145
v -0.021252 -0.156179 -0.143826
v -0.019693 -0.168404 -0.147224
v -0.039375 -0.165417 -0.148033
v -0.043352 -0.153415 -0.142827
v -0.051968 -0.146156 -0.031864
v -0.039058 -0.151137 -0.021590
v -0.026128 -0.163621 -0.012824
v -0.065517 -0.118875 -0.090071
v -0.066842 -0.123227 -0.073908
v -0.048610 -0.136247 -0.028625
v -0.037467 -0.141801 -0.019412
v -0.011673 -0.137652 -0.008469
v -0.027436 -0.172638 -0.008150
v -0.099137 -0.144869 -0.122299
v -0.085795 -0.152636 -0.136117
v -0.077556 -0.149540 -0.134786
v -0.083133 -0.140841 -0.124002
v -0.062076 -0.146059 -0.135066
v -0.011357 -0.130446 -0.005935
v -0.013805 -0.175340 -0.006508
v -0.013113 -0.165526 -0.010980
v -0.015083 -0.185022 0.001092
v -0.005986 -0.009665 0.053681
v -0.068392 -0.032005 -0.015526
v -0.068256 -0.039708 -0.022642
v -0.065248 -0.050020 -0.016226
v -0.065945 -0.041846 -0.009175
v -0.060024 -0.060508 -0.007790
v -0.062675 -0.050560 -0.001870
v -0.054365 -0.068491 0.001362
v -0.058508 -0.058343 0.005320
v -0.049927 -0.073276 0.011248
v -0.054102 -0.063439 0.013670
v -0.035997 -0.076653 0.032520
v -0.034394 -0.081501 0.028876
v -0.028342 -0.084404 0.036304
v -0.029011 -0.080582 0.040572
v -0.021581 -0.086771 0.043090
v -0.022008 -0.083000 0.047169
v -0.013804 -0.088135 0.047027
v -0.013573 -0.084493 0.051181
v -0.004251 -0.088714 0.048752
v -0.003859 -0.084945 0.052830
v -0.003116 -0.075657 0.055948
v -0.012104 -0.075344 0.054607
v -0.012940 -0.079973 0.053728
v -0.003513 -0.080781 0.054937
v -0.019673 -0.074276 0.050978
v -0.021197 -0.078983 0.049612
v -0.026273 -0.071575 0.045554
v -0.028081 -0.076379 0.043651
v -0.033521 -0.067517 0.038976
v -0.035553 -0.072218 0.035929
v -0.039703 -0.062286 0.035024
v -0.042745 -0.065474 0.030604
v -0.012866 -0.091043 0.040737
v -0.004475 -0.091567 0.043134
v -0.019826 -0.089893 0.036998
v -0.026072 -0.088019 0.031356
v -0.031330 -0.086081 0.024814
v -0.043608 -0.076405 0.020573
v -0.036983 -0.083980 0.016836
v -0.044232 -0.079805 0.008523
v -0.049225 -0.075290 -0.002276
v -0.056100 -0.067106 -0.012913
v -0.063105 -0.056285 -0.022477
v -0.066771 -0.044186 -0.030016
v -0.069239 -0.031832 -0.028013
v -0.018262 -0.070180 0.050867
v -0.011155 -0.070995 0.054202
v -0.025251 -0.067587 0.045986
v -0.031380 -0.063607 0.041174
v -0.036112 -0.059228 0.038499
v -0.039858 -0.047807 0.038666
v -0.039303 -0.053933 0.037941
v -0.037044 -0.035947 0.041591
v -0.038823 -0.041758 0.039943
v -0.044757 -0.028784 0.036114
v -0.046965 -0.037346 0.032841
v -0.043023 -0.040128 0.036710
v -0.041095 -0.032807 0.038935
v -0.048162 -0.023138 0.033188
v -0.050803 -0.032828 0.028740
v -0.011831 -0.093559 0.035103
v -0.004459 -0.094157 0.036342
v -0.017936 -0.092712 0.031565
v -0.023031 -0.091835 0.026337
v -0.026892 -0.091151 0.019872
v -0.031186 -0.089934 0.012502
v -0.036391 -0.087803 0.004070
v -0.043075 -0.083356 -0.006082
v -0.051724 -0.074392 -0.017944
v -0.060414 -0.061195 -0.028376
v -0.064581 -0.048414 -0.035908
v -0.023144 -0.098312 0.007191
v -0.019704 -0.097576 0.013346
v -0.016980 -0.097148 0.018667
v -0.014301 -0.096947 0.023041
v -0.010021 -0.098261 0.022590
v -0.003904 -0.098939 0.022331
v -0.008709 -0.101398 0.015000
v -0.003138 -0.101380 0.015213
v -0.010507 -0.103730 0.010367
v -0.002559 -0.104331 0.010374
v -0.012225 -0.106454 0.006550
v -0.002092 -0.109072 0.007177
v -0.043391 -0.055713 0.034340
v -0.047289 -0.056531 0.029392
v -0.048258 -0.046831 0.030337
v -0.052283 -0.043722 0.024947
v -0.051604 -0.055479 0.023246
v -0.044186 -0.048005 0.035151
v -0.056466 -0.051600 0.015650
v -0.056372 -0.038782 0.019029
v -0.054586 -0.026899 0.024705
v -0.059515 -0.034146 0.013753
v -0.060326 -0.045755 0.008521
v -0.058179 -0.022337 0.020316
v -0.061060 -0.018081 0.015997
v -0.062126 -0.028762 0.008819
v -0.062878 -0.039904 0.003302
v -0.046710 -0.068261 0.023802
v -0.065263 -0.033039 -0.002917
v -0.063445 -0.013911 0.011483
v -0.064205 -0.023712 0.004229
v -0.065920 -0.008346 0.005838
v -0.066805 -0.016616 -0.002126
v -0.067632 -0.025602 -0.009701
v -0.070219 -0.023706 -0.024073
v -0.002816 -0.071183 0.055752
v -0.064315 -0.033335 -0.051034
v -0.020536 -0.030617 0.049755
v -0.015316 -0.028671 0.052175
v -0.010299 -0.027946 0.055129
v -0.006306 -0.027565 0.057255
v -0.002452 -0.027667 0.058455
v -0.001246 -0.119811 0.001046
v 0.000383 0.041649 0.050215
v -0.001637 -0.113554 0.004891
v -0.002005 -0.059768 0.040638
v 0.000145 0.128616 -0.027662
v -0.002475 -0.066625 0.055021
v -0.001764 -0.054911 0.043104
v 0.000661 0.001768 0.069002
v -0.002165 -0.062037 0.054126
v -0.000897 -0.052376 0.058053
v -0.000644 -0.046454 0.056774
v 0.000396 0.079088 0.040779
v -0.000681 -0.049117 0.058075
v 0.001001 -0.025230 0.058739
v 0.000839 -0.002478 0.072082
v -0.000710 -0.044672 0.055514
v -0.001161 -0.046079 -0.115838
v -0.001252 -0.055525 0.056749
v -0.001290 -0.048491 0.047810
v -0.000907 -0.044941 0.053362
v 0.001107 -0.036330 0.047071
v 0.001186 -0.027995 0.058604
v 0.000629 0.019161 0.055595
v -0.000909 -0.007503 -0.140014
v 0.000591 0.016125 0.057995
v 0.000291 0.103900 0.023094
v 0.000414 0.089424 0.035476
v 0.000554 0.005767 0.065970
v -0.000428 0.055346 -0.153242
v -0.000325 0.071866 -0.150197
v 0.000357 0.060771 0.046361
v 0.000088 0.126158 -0.090987
v 0.001019 -0.006519 0.074172
v 0.000751 -0.020398 0.063959
v 0.000171 0.120603 -0.002642
v -0.000655 0.020871 -0.150775
v -0.000038 0.116517 -0.115438
v 0.001605 -0.044613 0.057911
v 0.000158 0.125007 -0.014589
v 0.001500 -0.046046 0.054964
v 0.000966 -0.016914 0.071512
v -0.000782 0.005183 -0.146244
v -0.000543 0.034596 -0.152895
v 0.001558 -0.034681 0.059445
v 0.001337 -0.030634 0.058792
v 0.000024 0.122167 -0.103612
v 0.000365 0.048110 0.049622
v 0.001621 -0.037078 0.060332
v 0.000707 0.028002 0.050827
v 0.001689 -0.039943 0.060725
v -0.001064 -0.125955 -0.002134
v -0.000154 0.095936 -0.137423
v 0.001677 -0.042477 0.059412
v 0.001363 -0.043604 0.050940
v 0.000544 0.009493 0.062964
v 0.001203 -0.039964 0.048503
v 0.000365 0.068921 0.044088
v 0.000772 -0.022744 0.059756
v 0.000746 -0.022076 0.060300
v 0.000699 0.024930 0.051751
v 0.000359 0.097278 0.029563
v 0.000657 0.030654 0.050541
v 0.000859 -0.023491 0.059284
v -0.000238 0.086590 -0.143724
v 0.000132 0.130881 -0.073576
v 0.000128 0.132141 -0.060384
v 0.000668 0.022033 0.053273
v 0.000575 0.013108 0.060318
v -0.001167 -0.057833 -0.113569
v 0.001059 -0.013345 0.074072
v 0.001074 -0.010409 0.074657
v 0.000199 0.115368 0.007617
v -0.000993 -0.017014 -0.134646
v 0.000133 0.131495 -0.043199
v 0.000236 0.109808 0.015931
v -0.001130 -0.034325 -0.122235
v -0.001059 -0.024489 -0.129897
v 0.000892 -0.018200 0.069778
v 0.000562 0.033892 0.050460
v 0.000806 -0.019585 0.066617
v -0.000097 0.108584 -0.126011
v 0.000738 -0.021222 0.061756
v 0.007079 -0.009145 0.053469
v 0.066195 -0.033437 -0.013849
v 0.064790 -0.040944 -0.021056
v 0.061579 -0.051519 -0.014856
v 0.063559 -0.043602 -0.007604
v 0.056161 -0.062365 -0.006620
v 0.059970 -0.052642 -0.000422
v 0.049936 -0.070340 0.002208
v 0.055131 -0.060709 0.006575
v -0.003358 -0.016884 0.068899
v -0.002371 -0.018394 0.066372
v 0.044857 -0.075492 0.011843
v 0.050264 -0.065807 0.014592
v -0.015281 0.020056 0.034473
v -0.007275 -0.019665 0.056606
v -0.006535 0.003239 0.062135
v -0.013726 0.020267 0.035136
v 0.029632 -0.078744 0.032564
v 0.027675 -0.083563 0.029037
v 0.020636 -0.086088 0.036302
v 0.021732 -0.082373 0.040510
v -0.009382 -0.019479 0.055314
v 0.013294 -0.088150 0.043139
v 0.014326 -0.084569 0.047310
v 0.005266 -0.088983 0.047153
v 0.005767 -0.085489 0.051482
v -0.006077 0.010162 0.056987
v -0.008132 0.019180 0.044433
v 0.005664 -0.076065 0.054949
v 0.005932 -0.080861 0.054084
v -0.006194 0.006709 0.059695
v -0.014780 -0.016809 0.055961
v -0.012940 -0.019300 0.054540
v -0.005960 -0.010842 0.071464
v -0.006905 -0.007949 0.070449
v 0.013324 -0.075549 0.051111
v -0.006692 -0.013984 0.069442
v -0.003924 -0.015719 0.070016
v 0.014280 -0.080462 0.049766
v -0.017545 0.020025 0.034618
v -0.023365 0.021722 0.029441
v -0.005173 -0.012892 0.071335
v -0.002186 -0.015001 0.072002
v -0.020828 0.020869 0.032888
v -0.016401 0.019981 0.034511
v -0.011037 -0.012436 0.064505
v -0.006765 0.018096 0.048798
v 0.020341 -0.073205 0.045379
v 0.021486 -0.078150 0.043514
v 0.028211 -0.069322 0.038476
v 0.029731 -0.074167 0.035714
v -0.013526 -0.014070 0.060204
v 0.035321 -0.064128 0.034481
v 0.037956 -0.067448 0.030387
v 0.004281 -0.091745 0.040811
v -0.018597 0.020255 0.034568
v -0.019628 0.020488 0.034259
v -0.007088 -0.000482 0.065122
v 0.011550 -0.090951 0.037047
v 0.018458 -0.089626 0.031475
v 0.024276 -0.088098 0.025003
v 0.038025 -0.078713 0.020931
v -0.022515 0.021219 0.032207
v -0.002192 -0.020090 0.061526
v -0.009203 -0.013046 0.066773
v -0.007854 -0.013567 0.068271
v -0.002662 -0.020677 0.059517
v 0.031103 -0.085859 0.017063
v 0.038746 -0.081638 0.008873
v -0.011778 0.020002 0.037377
v 0.044490 -0.076681 -0.001713
v -0.006289 0.015805 0.052302
v -0.006215 0.012907 0.054767
v 0.051898 -0.068538 -0.012026
v 0.058960 -0.057401 -0.021295
v -0.002053 -0.019315 0.063906
v 0.062764 -0.045129 -0.028613
v 0.066582 -0.033078 -0.026402
v 0.012598 -0.071215 0.050918
v 0.005493 -0.071555 0.054575
v 0.019965 -0.068956 0.045503
v -0.007307 -0.004406 0.068274
v 0.026790 -0.065094 0.040206
v 0.032458 -0.060822 0.037454
v 0.038405 -0.049138 0.037767
v -0.004903 -0.020105 0.057972
v 0.036769 -0.055429 0.037013
v 0.037371 -0.036650 0.041352
v 0.038380 -0.042704 0.039156
v 0.045341 -0.029741 0.037558
v 0.046653 -0.038596 0.033669
v 0.042471 -0.041322 0.036728
v 0.001040 -0.015313 0.072942
v -0.004471 -0.014476 0.070755
v 0.041522 -0.033729 0.039708
v 0.048867 -0.023981 0.035100
v 0.050905 -0.034116 0.030311
v 0.003355 -0.094122 0.035196
v -0.029210 0.033718 0.040933
v -0.029254 0.031456 0.039282
v 0.009723 -0.093697 0.031714
v 0.015741 -0.093114 0.026452
v 0.020236 -0.092478 0.020012
v 0.025201 -0.091384 0.012657
v 0.031523 -0.089169 0.004267
v 0.038821 -0.084398 -0.005772
v -0.021854 0.036782 0.044665
v -0.004164 0.037444 0.049582
v -0.009199 0.037467 0.048354
v 0.047824 -0.075477 -0.017376
v -0.029573 0.027525 0.037521
v -0.030659 0.026091 0.036448
v -0.029098 0.029512 0.037592
v -0.030599 0.026215 0.037311
v -0.030025 0.026881 0.037578
v 0.056331 -0.061970 -0.027507
v -0.029026 0.029044 0.036801
v 0.060602 -0.048972 -0.034844
v -0.029117 0.028653 0.036680
v 0.018111 -0.099115 0.007279
v -0.028086 0.036510 0.042796
v 0.013619 -0.098344 0.013419
v 0.009846 -0.097855 0.018744
v -0.029188 0.028185 0.037111
v -0.030458 0.027390 0.034947
v 0.006642 -0.097551 0.023146
v -0.030549 0.026684 0.030781
v 0.002278 -0.098593 0.022647
v 0.000450 0.037548 0.050215
v -0.020466 0.047570 0.047468
v -0.050563 0.047662 0.026191
v 0.002562 -0.101622 0.015035
v -0.053901 0.042372 0.023389
v 0.005182 -0.104137 0.010447
v -0.047682 0.006456 0.028985
v -0.050273 0.007529 0.026443
v -0.017716 0.041445 0.048022
v 0.007598 -0.107085 0.006871
v 0.040145 -0.057395 0.033678
v 0.043835 -0.058286 0.029212
v 0.046412 -0.048350 0.030529
v 0.051101 -0.045391 0.026074
v -0.025655 0.068445 0.039170
v -0.030735 0.115339 -0.009391
v -0.024047 0.060733 0.042263
v -0.038746 0.053413 0.036281
v 0.048658 -0.057513 0.023856
v -0.030776 0.110760 -0.000209
v 0.042264 -0.049520 0.034624
v 0.054232 -0.053886 0.016994
v 0.055761 -0.040710 0.020831
v 0.054840 -0.028284 0.026609
v 0.059002 -0.036113 0.015704
v -0.045641 0.052031 0.030414
v 0.058525 -0.048014 0.010190
v -0.054961 0.012890 0.019221
v -0.006106 0.053904 0.048163
v -0.056506 0.018481 0.016952
v 0.058378 -0.023818 0.022258
v -0.013846 0.053847 0.047540
v -0.027348 0.125284 -0.072190
v 0.061215 -0.019551 0.017955
v 0.061521 -0.030530 0.010756
v 0.061269 -0.041888 0.005025
v 0.042027 -0.070428 0.024139
v -0.012748 0.033720 0.045296
v 0.063782 -0.034718 -0.001169
v -0.037879 0.006878 0.034271
v -0.040946 0.006547 0.032965
v 0.063450 -0.015101 0.013357
v -0.031240 0.125084 -0.060869
v -0.053991 0.010487 0.021372
v -0.029093 0.087265 0.028675
v -0.009175 0.027520 0.043201
v -0.010233 0.030304 0.043620
v -0.029967 0.094114 0.022068
v 0.063430 -0.025151 0.006107
v 0.065731 -0.009275 0.007554
v 0.065904 -0.017744 -0.000396
v -0.030435 0.100290 0.014992
v 0.066124 -0.026904 -0.008017
v 0.068418 -0.024978 -0.022427
v -0.031132 0.119333 -0.020106
v -0.021099 0.010019 0.037688
v 0.062393 -0.033549 -0.050070
v 0.022024 -0.030011 0.048631
v 0.017087 -0.027996 0.051112
v -0.056336 0.036227 0.020827
v -0.057450 0.029864 0.018931
v -0.031845 0.124536 -0.046971
v -0.030569 0.007782 0.036701
v -0.057248 0.024029 0.017543
v -0.015472 0.127171 -0.080261
v 0.012260 -0.027357 0.054467
v -0.052504 0.008735 0.023876
v 0.008532 -0.027136 0.057097
v 0.004777 -0.027455 0.058531
v -0.031241 0.053689 0.041310
v -0.034403 0.007169 0.035507
v -0.008693 0.024571 0.042345
v -0.016589 0.012260 0.038100
v -0.013063 0.015360 0.038655
v -0.030640 0.105766 0.007781
v -0.010848 0.017927 0.039736
v -0.008925 0.021769 0.041461
v -0.025804 0.008539 0.037586
v -0.027577 0.077891 0.035040
v -0.031417 0.122531 -0.032848
v -0.044343 0.006440 0.031181
v 0.000126 0.128433 -0.083044
v 0.000352 0.053898 0.048400
v -0.009746 0.019578 0.040695
v -0.015180 0.037352 0.046629
v -0.022500 0.053757 0.045368
v -0.001686 -0.058664 0.054848
v -0.025960 -0.040795 0.047954
v -0.027672 -0.042626 0.046363
v -0.028171 -0.048186 0.043658
v -0.018127 -0.036317 0.053145
v -0.022788 -0.038763 0.050189
v -0.020042 -0.055877 0.050236
v -0.028472 -0.044388 0.045119
v -0.014447 -0.057608 0.053008
v -0.028740 -0.046259 0.044129
v -0.008633 -0.058932 0.054355
v 0.001469 -0.032596 0.059178
v -0.007876 -0.032650 0.058140
v -0.003178 -0.032276 0.059231
v -0.012940 -0.034053 0.055955
v -0.026819 -0.050535 0.044471
v -0.024547 -0.053143 0.046665
v 0.005161 -0.016963 0.069007
v 0.004074 -0.018403 0.066402
v 0.015460 0.020164 0.035614
v 0.008660 -0.019152 0.056239
v 0.007149 0.003466 0.062436
v 0.013913 0.020377 0.036047
v 0.010758 -0.018877 0.054900
v 0.006579 0.010333 0.057358
v 0.008327 0.019284 0.044940
v 0.006771 0.006923 0.060059
v 0.015914 -0.016094 0.055585
v 0.014211 -0.018619 0.054114
v 0.007680 -0.010580 0.071630
v 0.008414 -0.007628 0.070584
v 0.008261 -0.013746 0.069487
v 0.005739 -0.015737 0.070160
v 0.017658 0.020121 0.036015
v 0.023385 0.021802 0.031417
v 0.006948 -0.012724 0.071484
v 0.004217 -0.015089 0.072216
v 0.020928 0.021021 0.034553
v 0.016543 0.020070 0.035827
v 0.012192 -0.011909 0.064372
v 0.007157 0.018189 0.049259
v 0.014662 -0.013415 0.059955
v 0.018693 0.020367 0.036050
v 0.019730 0.020636 0.035815
v 0.007816 -0.000257 0.065313
v 0.022626 0.021360 0.033901
v 0.003606 -0.019844 0.061362
v 0.010452 -0.012604 0.066704
v 0.009235 -0.013212 0.068239
v 0.004016 -0.020338 0.059267
v 0.011896 0.020124 0.038066
v 0.006842 0.015928 0.052736
v 0.006878 0.013078 0.055153
v 0.003587 -0.019187 0.063845
v 0.008452 -0.004118 0.068387
v 0.006270 -0.019680 0.057655
v 0.006272 -0.014402 0.070901
v 0.029714 0.033735 0.042484
v 0.029741 0.031415 0.040994
v 0.022398 0.036723 0.045651
v 0.004946 0.037406 0.049767
v 0.009851 0.037402 0.048761
v 0.029887 0.027691 0.039197
v 0.030820 0.026323 0.038041
v 0.029554 0.029455 0.039439
v 0.030778 0.026418 0.038892
v 0.030287 0.027069 0.039170
v 0.029442 0.029031 0.038708
v 0.029486 0.028693 0.038544
v 0.028595 0.036527 0.044090
v 0.029539 0.028296 0.038878
v 0.030623 0.027653 0.036531
v 0.030746 0.027002 0.032576
v 0.021175 0.047586 0.048474
v 0.050922 0.047859 0.027330
v 0.054074 0.042527 0.024573
v 0.048167 0.006758 0.031002
v 0.050830 0.007691 0.028403
v 0.018359 0.041323 0.048949
v 0.026305 0.068612 0.039661
v 0.030989 0.115395 -0.009267
v 0.024668 0.060878 0.042860
v 0.039222 0.053614 0.037212
v 0.031045 0.110823 -0.000069
v 0.046064 0.052224 0.031411
v 0.055642 0.012958 0.021146
v 0.006786 0.053884 0.048483
v 0.057252 0.018531 0.018865
v 0.014584 0.053861 0.048136
v 0.027559 0.125310 -0.072097
v 0.013326 0.033678 0.045971
v 0.038183 0.007467 0.036250
v 0.041258 0.007124 0.034977
v 0.031478 0.125123 -0.060767
v 0.054608 0.010551 0.023266
v 0.029646 0.087416 0.028968
v 0.009729 0.027636 0.043706
v 0.010754 0.030390 0.044137
v 0.030399 0.094225 0.022293
v 0.030787 0.100377 0.015173
v 0.031364 0.119378 -0.019995
v 0.021136 0.010204 0.038531
v 0.056387 0.036373 0.022106
v 0.057644 0.029981 0.020482
v 0.032087 0.124579 -0.046869
v 0.030750 0.008162 0.038086
v 0.057774 0.024106 0.019240
v 0.015703 0.127182 -0.080208
v 0.053136 0.008811 0.025781
v 0.031745 0.053883 0.042161
v 0.034604 0.007712 0.037246
v 0.009050 0.024724 0.042851
v 0.016628 0.012406 0.038828
v 0.013143 0.015481 0.039361
v 0.030942 0.105840 0.007940
v 0.010927 0.018027 0.040359
v 0.009137 0.021899 0.041955
v 0.025724 0.008851 0.038584
v 0.028214 0.078058 0.035425
v 0.031648 0.122575 -0.032743
v 0.044687 0.006930 0.033189
v 0.009869 0.019691 0.041244
v 0.015805 0.037208 0.047483
v 0.023189 0.053846 0.046161
v 0.027057 -0.040708 0.045843
v 0.028270 -0.042831 0.044121
v 0.027289 -0.048842 0.041348
v 0.020224 -0.035745 0.051403
v 0.024433 -0.038378 0.048196
v 0.016716 -0.056533 0.048629
v 0.028628 -0.044814 0.042804
v 0.011045 -0.058044 0.052099
v 0.028442 -0.046830 0.041834
v 0.005077 -0.059175 0.054087
v 0.010514 -0.032220 0.057550
v 0.006038 -0.032054 0.059121
v 0.015234 -0.033477 0.054684
v 0.025022 -0.051279 0.042008
v 0.021857 -0.053970 0.044473
v 0.031812 0.022954 0.024732
v -0.031423 0.023018 0.022597
f 4 2 1
f 8 6 5
f 13 15 14
f 17 19 18
f 32 30 29
f 36 34 33
f 37 39 38
f 21 23 20
f 25 27 24
f 41 43 42
f 48 46 45
f 52 50 49
f 53 55 54
f 60 58 57
f 29 62 61
f 66 64 63
f 67 6 68
f 72 70 69
f 76 74 73
f 77 79 78
f 81 83 82
f 59 86 85
f 88 90 89
f 96 94 93
f 100 98 97
f 101 103 102
f 106 34 87
f 108 115 107
f 117 36 118
f 124 126 125
f 131 129 128
f 132 134 133
f 142 140 139
f 148 60 147
f 144 127 124
f 149 151 150
f 156 154 153
f 159 158 157
f 116 164 105
f 171 169 168
f 174 173 172
f 179 181 180
f 186 188 187
f 194 196 195
f 199 139 198
f 206 208 207
f 213 211 210
f 202 214 201
f 96 216 54
f 92 43 44
f 97 246 100
f 250 229 228
f 252 58 253
f 258 256 255
f 260 229 259
f 110 112 113
f 114 263 109
f 265 267 266
f 56 270 269
f 274 249 250
f 185 63 64
f 280 278 276
f 285 283 157
f 288 211 212
f 141 92 46
f 289 175 176
f 148 105 106
f 312 170 171
f 238 42 43
f 318 160 317
f 310 308 307
f 241 325 324
f 160 240 317
f 47 307 308
f 108 315 164
f 345 86 119
f 348 350 349
f 356 358 357
f 355 353 352
f 363 32 362
f 149 150 176
f 364 253 365
f 366 368 367
f 183 371 63
f 163 161 160
f 209 101 208
f 378 165 166
f 379 381 380
f 383 3 4
f 284 386 385
f 387 389 388
f 391 229 249
f 73 397 396
f 405 407 406
f 203 411 410
f 414 413 412
f 1 357 4
f 277 131 275
f 254 57 58
f 358 415 351
f 417 386 408
f 401 192 420
f 419 127 143
f 421 182 422
f 103 302 409
f 428 368 174
f 380 359 356
f 62 266 323
f 140 431 430
f 357 351 348
f 356 379 380
f 415 403 434
f 437 436 435
f 438 440 439
f 188 450 449
f 452 454 453
f 265 181 421
f 224 64 225
f 237 213 427
f 275 128 458
f 281 460 459
f 50 79 461
f 73 282 281
f 468 466 465
f 390 352 359
f 482 484 483
f 489 487 486
f 493 495 494
f 472 470 469
f 502 500 499
f 220 222 223
f 512 143 66
f 518 511 80
f 513 230 286
f 205 31 244
f 189 451 188
f 163 532 8
f 533 225 251
f 446 447 412
f 335 540 334
f 544 546 545
f 329 291 292
f 199 262 238
f 385 416 550
f 532 191 247
f 363 118 243
f 236 237 250
f 578 580 579
f 573 571 570
f 561 562 272
f 241 259 240
f 590 592 591
f 545 595 594
f 503 155 504
f 606 624 623
f 478 480 479
f 646 648 647
f 590 689 684
f 564 651 650
f 728 184 727
f 714 716 715
f 692 575 693
f 541 581 578
f 346 248 400
f 161 230 160
f 128 94 95
f 698 704 703
f 574 576 575
f 290 401 328
f 630 725 726
f 733 735 734
f 755 496 493
f 759 481 760
f 757 762 761
f 764 466 467
f 768 3808 3809
f 759 488 489
f 492 475 771
f 474 769 473
f 773 465 772
f 771 486 483
f 484 775 491
f 774 489 486
f 495 764 756
f 495 761 494
f 137 784 136
f 325 797 547
f 165 51 52
f 369 29 370
f 730 568 569
f 90 301 89
f 243 516 242
f 800 806 805
f 817 808 816
f 816 823 822
f 306 447 807
f 815 809 808
f 829 828 825
f 726 501 502
f 274 424 423
f 879 881 880
f 884 879 885
f 219 217 211
f 906 904 897
f 455 205 542
f 898 830 829
f 903 880 881
f 906 897 898
f 377 519 165
f 923 948 946
f 946 951 950
f 3519 739 3517
f 900 886 880
f 225 65 144
f 182 442 422
f 809 947 824
f 954 962 961
f 927 965 966
f 885 880 886
f 925 966 967
f 343 341 340
f 965 971 968
f 968 970 969
f 972 969 973
f 963 981 978
f 336 338 339
f 992 827 828
f 810 996 959
f 1007 1002 1008
f 1012 827 1009
f 1011 1007 1008
f 294 292 291
f 907 920 919
f 1017 1019 1018
f 1020 1022 1021
f 1035 1020 1044
f 1061 1047 1046
f 1063 1046 1062
f 1044 1021 1045
f 1102 1097 1109
f 1116 1118 1117
f 1016 1014 1013
f 881 904 903
f 816 1127 817
f 1094 949 1097
f 514 167 515
f 146 81 82
f 1133 1130 1129
f 1102 1126 822
f 822 1116 816
f 1145 1148 1136
f 1076 1151 1069
f 1148 1086 1087
f 1109 1114 1136
f 1154 1156 1155
f 1153 967 1156
f 3464 463 3714
f 1144 1152 1151
f 1156 1163 1162
f 1164 1169 1165
f 1145 1176 1147
f 1114 1154 1171
f 1183 1164 1177
f 1184 1177 1185
f 1069 1062 1064
f 1023 1194 1022
f 1162 1170 1169
f 1195 1185 1191
f 1183 1176 1155
f 1201 1152 1196
f 1061 1201 1202
f 3825 843 3836
f 1203 1195 1034
f 1202 1184 1195
f 1218 1203 1217
f 1060 1202 1203
f 1225 1217 1219
f 671 694 670
f 1219 1024 1035
f 1217 1034 1024
f 1226 1015 1227
f 1243 1234 1233
f 1231 1229 1228
f 847 1233 843
f 843 1244 878
f 1233 1245 1244
f 1923 233 216
f 2100 499 500
f 3914 2135 3900
f 61 323 505
f 210 217 457
f 1299 1309 1300
f 3863 1231 3862
f 1066 1321 1322
f 1322 1228 1229
f 1060 1321 1047
f 1325 1323 1310
f 1244 1332 1330
f 1290 1242 1288
f 1337 1339 1338
f 1330 1340 1339
f 1341 1245 1294
f 1342 1332 1341
f 1343 1341 1344
f 1344 1294 1293
f 3857 1345 1346
f 1347 1342 1343
f 3856 1295 1345
f 1349 1348 1347
f 3861 1347 3853
f 3853 1343 3857
f 906 829 1353
f 905 1353 1354
f 865 1355 1357
f 1355 829 825
f 1357 825 826
f 1356 1353 1355
f 3834 1338 3833
f 866 1356 865
f 1358 1354 1356
f 3828 1337 3834
f 838 1012 841
f 1363 1338 1339
f 1368 1339 1340
f 1348 1340 1342
f 1371 3824 3829
f 524 526 523
f 528 530 527
f 1372 1369 1371
f 535 537 538
f 1367 1348 1350
f 1370 1359 1369
f 1369 3833 3824
f 1373 903 904
f 555 557 558
f 1374 910 1373
f 1373 905 1375
f 1374 1375 1376
f 1375 1354 1370
f 1378 908 1377
f 376 651 1387
f 1388 973 969
f 586 588 585
f 1390 1388 1391
f 1391 969 970
f 597 599 596
f 600 602 603
f 1392 970 979
f 608 610 607
f 612 523 611
f 614 616 613
f 617 25 24
f 620 622 619
f 1397 1391 1392
f 1398 1392 1399
f 1400 920 1378
f 1402 1165 1169
f 636 638 635
f 930 1402 929
f 641 643 644
f 929 1169 1170
f 1404 1403 1402
f 1411 1365 1406
f 1412 1415 1414
f 652 654 655
f 609 657 658
f 659 661 662
f 558 586 585
f 665 667 664
f 1413 1406 1412
f 1418 3810 3813
f 1417 1371 1416
f 1416 3829 3810
f 1419 1416 1418
f 1386 1374 1420
f 677 679 676
f 1385 1420 1421
f 1420 1376 1422
f 685 687 688
f 1421 1422 1423
f 528 691 658
f 1422 1372 1417
f 1018 747 1425
f 699 701 702
f 1424 579 1017
f 3663 1767 3660
f 700 711 712
f 1093 3754 1571
f 717 530 719
f 721 723 720
f 704 3543 3554
f 19 1426 1430
f 1429 1427 1426
f 1658 3542 3544
f 1439 1434 1438
f 1437 1435 1434
f 1426 1433 1432
f 1442 1432 1440
f 742 744 745
f 1432 1441 1440
f 751 753 750
f 1438 1403 1405
f 1446 1444 1443
f 1447 1446 1443
f 3860 1443 3848
f 1415 1445 1446
f 1414 1446 1448
f 2173 469 470
f 777 779 686
f 780 782 783
f 1676 1806 1675
f 3859 1349 3861
f 789 791 788
f 745 793 742
f 652 795 653
f 1455 1457 1456
f 1454 1350 1452
f 610 802 801
f 3831 698 703
f 1352 1045 1351
f 1015 1459 1460
f 811 813 814
f 2118 3817 2117
f 819 821 818
f 1466 1194 1190
f 1467 1465 1466
f 1182 1468 1467
f 832 833 831
f 835 837 834
f 1467 1190 1182
f 1469 1444 1445
f 840 712 690
f 1453 1469 1454
f 599 845 846
f 1226 3849 3855
f 851 853 850
f 855 856 854
f 858 860 857
f 861 863 864
f 1014 3855 3858
f 867 868 869
f 870 872 873
f 874 876 877
f 1310 1471 1309
f 1476 1427 1475
f 1461 1475 1460
f 887 889 890
f 788 892 891
f 894 896 893
f 1460 1227 1015
f 901 524 612
f 1465 1477 1464
f 1865 3500 1864
f 911 913 914
f 916 918 915
f 1850 3507 1851
f 921 895 894
f 1479 1436 1478
f 926 667 601
f 1481 563 1480
f 269 84 1482
f 931 933 916
f 934 614 869
f 936 688 937
f 938 662 939
f 1484 122 123
f 941 835 834
f 320 509 510
f 1849 3505 1850
f 84 1484 83
f 1487 1488 539
f 1757 3502 3509
f 365 1491 364
f 461 80 511
f 117 362 1496
f 1494 541 1495
f 926 957 958
f 1477 1433 1476
f 1709 1585 1700
f 119 1496 345
f 271 504 156
f 511 189 186
f 345 1492 365
f 255 344 254
f 57 299 132
f 1501 268 1500
f 267 1499 145
f 974 976 977
f 1678 1693 1676
f 3846 1807 3840
f 557 663 558
f 983 984 985
f 1443 3849 3848
f 421 268 265
f 989 991 988
f 1490 418 1504
f 279 309 310
f 997 676 679
f 998 999 875
f 1504 38 1505
f 1506 1507 1486
f 360 1508 1506
f 1506 207 360
f 939 1006 938
f 270 1483 269
f 66 546 512
f 1010 793 935
f 367 437 1509
f 244 363 243
f 1670 3534 1669
f 209 1510 226
f 235 1512 1511
f 1511 234 235
f 388 426 425
f 427 250 237
f 161 521 231
f 100 45 44
f 1025 608 1027
f 1029 1031 1028
f 939 1033 1032
f 41 594 99
f 1036 783 1037
f 702 1038 1039
f 1040 1042 1043
f 362 369 1493
f 187 477 186
f 70 539 198
f 1511 1521 234
f 1049 603 1048
f 613 869 614
f 860 1051 857
f 1005 1053 1006
f 753 1056 1054
f 1057 1059 1055
f 293 1522 292
f 288 1521 1522
f 292 1523 329
f 331 1508 1524
f 306 453 305
f 100 41 99
f 462 78 79
f 330 1524 462
f 635 1068 636
f 1485 1526 1528
f 206 1528 1510
f 1070 1072 831
f 942 1073 1074
f 916 1075 917
f 440 1530 439
f 157 1514 285
f 1529 5 1530
f 371 546 63
f 790 663 791
f 1077 857 1078
f 1403 1435 1165
f 1080 1082 1079
f 531 1529 440
f 21 1084 1085
f 272 1531 561
f 137 396 397
f 690 802 691
f 335 3567 581
f 1090 1029 1091
f 1092 794 1042
f 1533 137 138
f 661 1095 1096
f 69 445 72
f 1099 1101 1098
f 38 1536 1505
f 1104 1106 1103
f 852 1108 853
f 1377 909 1386
f 291 411 294
f 316 516 33
f 539 1533 534
f 1505 316 313
f 1110 1112 1113
f 1539 460 264
f 522 1537 1539
f 834 1120 1119
f 1122 1124 1121
f 612 1041 901
f 935 615 614
f 276 130 131
f 1686 3522 1685
f 193 1541 273
f 231 1540 287
f 556 982 557
f 365 85 345
f 190 318 1541
f 1810 3574 3528
f 3924 3512 3791
f 1132 985 1131
f 208 102 132
f 1134 662 661
f 1491 80 77
f 429 1542 147
f 1137 915 918
f 172 428 174
f 1139 1141 1142
f 549 54 55
f 1517 1518 296
f 976 1146 938
f 834 984 941
f 1543 286 115
f 1544 239 513
f 133 1544 1542
f 506 257 258
f 420 328 401
f 1158 1160 1157
f 587 1103 588
f 1513 1514 151
f 607 1027 608
f 304 1545 303
f 364 77 506
f 69 198 139
f 1006 976 938
f 700 1112 701
f 3877 3525 3787
f 1166 657 656
f 1167 858 1077
f 1300 3524 1299
f 1172 1174 1175
f 218 200 217
f 1179 1181 1178
f 372 97 98
f 89 227 88
f 1186 1188 1189
f 172 1517 1549
f 1482 81 1498
f 1090 1193 1030
f 394 353 1551
f 526 1198 1197
f 811 858 812
f 1199 1026 1025
f 606 697 696
f 1204 1206 743
f 1207 523 526
f 1209 867 613
f 914 685 936
f 1478 1441 1477
f 1029 1161 1091
f 1211 1213 1214
f 3858 1451 3859
f 844 1216 845
f 423 273 274
f 1220 1222 1083
f 22 1224 23
f 882 897 881
f 1519 173 387
f 1189 1232 1178
f 349 550 416
f 1071 1236 1072
f 1237 1239 745
f 1221 1189 1240
f 1510 1512 333
f 939 1241 1005
f 1556 5 67
f 1553 394 1551
f 404 67 347
f 1247 1249 1246
f 142 238 92
f 1251 635 1250
f 850 1253 851
f 1254 1077 1255
f 57 133 429
f 443 552 551
f 1187 1175 1188
f 1256 831 833
f 432 382 383
f 741 747 746
f 434 351 415
f 349 383 348
f 251 1481 1480
f 395 352 353
f 1518 1550 1551
f 1558 378 340
f 109 314 315
f 285 1513 407
f 395 393 392
f 202 410 1558
f 417 405 432
f 1246 1258 1247
f 3 297 2
f 1259 1261 1262
f 403 347 284
f 955 953 952
f 462 51 330
f 1096 687 1263
f 429 60 57
f 896 1265 932
f 1267 1268 1266
f 423 327 420
f 37 180 40
f 20 1187 1186
f 1256 1071 1070
f 155 156 504
f 1188 1269 1232
f 1236 1271 1262
f 1272 535 621
f 565 463 464
f 1273 745 1239
f 876 1255 1274
f 316 164 315
f 437 503 1509
f 194 1495 197
f 1275 864 863
f 624 631 630
f 1277 1137 1278
f 569 567 566
f 1481 125 366
f 324 547 326
f 1279 1107 1280
f 1525 329 1523
f 1281 1137 918
f 171 1553 1552
f 1488 396 1533
f 1557 1562 1559
f 1282 1206 1205
f 1053 1278 1281
f 778 607 1283
f 713 3566 3569
f 251 144 124
f 4 348 383
f 709 707 706
f 728 45 246
f 261 1563 544
f 789 1287 790
f 74 263 282
f 403 385 434
f 1178 1240 1189
f 1223 1289 1224
f 158 150 151
f 1220 1186 1221
f 296 354 433
f 784 1538 1566
f 1181 1291 1222
f 1269 1257 1246
f 1566 438 399
f 136 1566 1564
f 1563 169 1565
f 107 109 108
f 1297 1298 1296
f 1464 1476 1461
f 1520 507 508
f 1301 1303 1304
f 1306 1308 1305
f 175 1532 272
f 1532 200 201
f 1311 1312 1313
f 872 1315 1316
f 1317 1318 1319
f 3836 878 3828
f 1305 864 1276
f 1040 863 1320
f 1564 399 169
f 592 1575 591
f 591 1088 689
f 1581 1583 1582
f 1196 1147 1176
f 710 583 713
f 285 408 386
f 953 961 963
f 1594 1589 1593
f 1585 1587 1586
f 1592 1590 1589
f 3885 944 3899
f 1600 1598 1597
f 1604 1602 1601
f 1399 979 980
f 1589 1596 1595
f 1610 1608 1607
f 298 361 360
f 551 276 277
f 1627 3814 3819
f 859 818 860
f 1078 1328 1329
f 1555 1530 1556
f 572 680 681
f 772 776 774
f 977 918 917
f 404 392 393
f 1054 750 753
f 1644 1643 1642
f 932 1082 933
f 1067 1334 1068
f 1540 264 114
f 597 643 1336
f 471 762 470
f 1642 3831 3842
f 1644 3842 3843
f 923 950 927
f 96 548 95
f 520 522 521
f 445 443 442
f 849 848 842
f 480 755 493
f 1646 481 1639
f 311 1567 170
f 464 3497 3495
f 3497 1361 3495
f 234 236 235
f 190 192 191
f 153 152 149
f 231 286 230
f 1552 1551 1550
f 760 1648 488
f 3832 1649 3830
f 828 826 825
f 52 166 165
f 1663 1661 1660
f 287 115 286
f 668 670 669
f 634 640 639
f 553 559 554
f 118 33 516
f 492 491 490
f 3552 1651 3553
f 582 584 583
f 384 392 415
f 1381 1383 1380
f 1562 435 436
f 952 951 947
f 3529 583 584
f 1660 1667 1666
f 1394 1396 1393
f 1660 1664 1663
f 1671 1669 1668
f 1624 1673 1672
f 1407 1409 1410
f 1677 1675 1674
f 1613 1677 1625
f 1679 1676 1677
f 1626 3811 3814
f 534 198 539
f 176 150 159
f 803 734 800
f 400 191 192
f 65 143 144
f 3526 1656 3540
f 402 157 283
f 629 627 626
f 461 49 50
f 758 495 756
f 796 786 785
f 406 1513 1560
f 342 166 167
f 1694 1658 1695
f 1692 1694 1696
f 3557 1652 3552
f 3921 1703 3923
f 326 302 90
f 3916 1702 1706
f 3919 1698 1701
f 1699 3927 3918
f 1557 1560 1561
f 1127 1117 1128
f 400 289 346
f 1706 1707 1708
f 1707 1599 1600
f 1709 1708 1588
f 1714 1711 1713
f 3919 1709 1700
f 1704 1577 1703
f 1716 1713 1715
f 1559 1549 297
f 1722 1720 1719
f 1335 596 1489
f 410 377 378
f 973 1163 972
f 168 399 398
f 1571 1089 1093
f 1572 682 1571
f 749 647 754
f 1730 1723 1729
f 1594 1729 1592
f 1729 1591 1592
f 1731 1730 1583
f 1384 1377 1379
f 1732 1712 1714
f 1724 1731 1732
f 1712 1731 1580
f 1722 1732 1733
f 1721 1733 1734
f 1734 1716 1717
f 1735 1736 1697
f 1733 1714 1716
f 1663 1741 1668
f 1742 1740 1743
f 1738 1737 1735
f 1665 1666 1740
f 1665 1744 1664
f 1725 1746 1745
f 1591 1745 1590
f 1590 1747 1596
f 1745 1748 1747
f 1659 3538 3542
f 3287 3545 3282
f 1185 1182 1190
f 1664 1749 1741
f 1741 1739 1738
f 1746 1743 1748
f 1726 1742 1746
f 1153 924 925
f 1115 1153 1154
f 1654 3575 1655
f 1896 3549 1686
f 1720 1744 1726
f 1721 1749 1720
f 1750 1701 1698
f 1697 1750 1696
f 1151 1063 1062
f 1751 1670 1671
f 1695 1752 1751
f 961 986 981
f 1770 1768 1767
f 1766 1593 1765
f 1731 1579 1580
f 1579 1774 1578
f 3928 1771 3929
f 1764 3928 3917
f 1777 1775 1774
f 3762 1699 1700
f 1004 1128 1003
f 1774 1771 1772
f 987 1399 980
f 1578 1772 1764
f 1783 1781 1778
f 1597 1770 1767
f 639 3895 3884
f 3928 1769 1770
f 1793 1789 1788
f 3929 1798 1769
f 3508 3773 1806
f 1802 3924 3922
f 1788 1794 1793
f 1793 1795 1776
f 3773 1675 1806
f 1584 1783 1789
f 1771 3920 3929
f 1801 1798 1800
f 1768 1798 1799
f 1775 1797 1771
f 508 515 1520
f 1796 1802 1797
f 1800 3920 3922
f 1794 1804 1795
f 3532 1752 3547
f 485 1807 775
f 3809 1640 768
f 3837 1810 1653
f 485 1640 1808
f 1690 3770 3772
f 487 1648 1811
f 3839 1816 3822
f 3838 1648 3830
f 3839 1811 3838
f 1812 487 1811
f 1641 767 768
f 465 755 776
f 767 3823 3808
f 3822 3826 3847
f 1809 1815 767
f 3837 1651 3840
f 675 3541 3496
f 1814 1822 1821
f 1821 3821 3820
f 1824 1649 1825
f 1827 1850 1805
f 1668 1662 1663
f 1779 1848 1828
f 1790 1805 1794
f 1833 1853 1852
f 3521 693 575
f 1614 1616 1617
f 1852 3498 3501
f 1620 1622 1623
f 1855 1574 1861
f 1847 3501 3513
f 1766 1855 1782
f 1629 1631 1628
f 1633 1634 1632
f 1635 1637 1638
f 1848 1852 1847
f 1855 1863 1862
f 1803 1867 1802
f 1862 1831 1832
f 1782 1862 1781
f 3922 1865 1800
f 1873 1870 1869
f 1874 799 804
f 2045 3897 2044
f 1219 1295 1225
f 1615 1396 1395
f 3884 1877 1876
f 645 3786 3559
f 1345 1035 1346
f 634 3884 3880
f 15 1327 14
f 3910 1878 1893
f 1894 605 1893
f 3506 627 693
f 3560 645 3559
f 340 454 1558
f 1897 195 1898
f 1889 1877 1890
f 1901 129 1900
f 196 754 232
f 1705 3921 3916
f 340 166 343
f 1570 563 561
f 1904 194 1897
f 1781 1832 1780
f 1905 55 1906
f 1000 995 996
f 986 920 987
f 1191 1190 1194
f 2094 2075 2093
f 1920 1919 1915
f 453 1912 1911
f 1915 1918 1916
f 3882 2106 3901
f 1655 3531 1868
f 1916 1926 1925
f 704 3561 703
f 278 1925 1900
f 3565 1818 1820
f 1097 1115 1114
f 1927 727 1923
f 3578 3654 3758
f 1920 307 1929
f 1929 48 728
f 503 1497 1509
f 1902 787 796
f 1816 3820 3826
f 1925 1923 1924
f 1535 1568 1534
f 254 258 255
f 1509 366 367
f 119 35 36
f 219 293 294
f 141 47 431
f 542 244 245
f 1940 430 431
f 1779 1827 1790
f 1701 3915 3919
f 1661 3515 1667
f 270 754 647
f 197 749 196
f 1727 1212 1211
f 53 232 754
f 1465 1479 1478
f 1284 3854 1293
f 1951 412 413
f 168 1554 1553
f 1486 206 207
f 506 78 361
f 994 1007 993
f 951 963 964
f 1013 3861 1351
f 3826 1820 1818
f 1498 1954 1482
f 299 543 132
f 1754 1756 1753
f 1681 1683 1682
f 1696 1695 1697
f 13 738 737
f 473 475 474
f 482 768 1640
f 204 30 205
f 1761 820 819
f 611 1125 612
f 1501 1908 1909
f 1074 711 699
f 1960 82 83
f 120 1960 123
f 35 87 34
f 1773 1025 1031
f 1965 1569 1535
f 494 471 479
f 1966 1969 1968
f 446 1971 1967
f 174 125 126
f 1580 1578 1577
f 1785 1787 1784
f 1972 304 305
f 1254 875 999
f 1973 342 514
f 321 1973 509
f 1910 275 1907
f 509 514 508
f 1486 1527 1485
f 1974 804 1975
f 1977 1974 1978
f 1980 1966 1981
f 379 2 295
f 1718 1710 1701
f 884 992 883
f 1680 1678 1679
f 902 525 524
f 344 256 299
f 135 137 136
f 236 228 333
f 448 1967 1966
f 589 604 584
f 910 908 907
f 1981 1968 1987
f 1982 1987 1979
f 1988 1987 1989
f 1990 1989 1991
f 1991 1993 1992
f 322 320 319
f 992 830 883
f 1144 1086 1143
f 1995 1978 1994
f 1133 1118 1126
f 1997 1994 1996
f 870 1335 1489
f 805 1982 1998
f 727 2000 1999
f 1996 1988 1990
f 1994 1979 1988
f 1829 792 1273
f 1830 941 983
f 798 800 799
f 729 731 730
f 2011 2023 2022
f 1834 846 1159
f 402 284 347
f 2022 2024 2025
f 1838 989 988
f 810 952 809
f 1823 1840 644
f 1430 1432 1431
f 1215 1841 1079
f 149 176 177
f 1316 873 872
f 2112 1384 2106
f 1842 1844 1845
f 1159 845 1160
f 837 1846 1120
f 1971 2030 2027
f 517 370 189
f 858 833 812
f 1471 2027 1888
f 3551 626 627
f 2174 770 490
f 935 1854 1010
f 1613 1611 1618
f 1231 1225 1295
f 1856 891 892
f 1300 748 741
f 1150 1858 1859
f 1643 696 1642
f 1215 1264 1216
f 1320 902 901
f 1956 1944 1960
f 2031 669 1474
f 2034 1310 1299
f 1879 1656 1657
f 40 242 39
f 1992 2039 1456
f 888 957 889
f 1882 1996 1990
f 1078 1255 1077
f 1871 1192 1090
f 294 218 219
f 1323 2026 1471
f 123 83 1484
f 1324 2041 1323
f 384 359 352
f 1324 2038 2036
f 1883 1885 1829
f 287 114 107
f 1096 1134 661
f 915 931 916
f 806 1981 1982
f 3533 584 604
f 1425 2042 1018
f 1018 1948 1017
f 3562 740 3519
f 1948 649 646
f 1881 1990 1991
f 1900 130 278
f 992 994 993
f 923 925 924
f 3878 2047 3876
f 1643 625 606
f 2050 2051 2049
f 2045 1404 2047
f 3876 945 3885
f 1139 1079 1841
f 1037 892 982
f 2055 2057 2056
f 1198 718 717
f 1619 1612 1611
f 2058 1606 2059
f 2059 1607 2058
f 2058 1624 1605
f 71 179 37
f 405 1557 382
f 976 1006 977
f 322 1972 1911
f 2061 2063 2062
f 2066 2067 1825
f 2052 2064 2051
f 1609 2066 1647
f 1515 152 1516
f 1009 993 1007
f 1644 3815 2118
f 279 1916 278
f 1285 3862 1284
f 1647 1825 1649
f 2056 2067 2065
f 319 1953 1952
f 667 1913 1914
f 2070 625 2048
f 2052 2055 2063
f 2038 1655 1458
f 1606 2073 2072
f 1235 1270 1236
f 2072 2075 2074
f 2059 2072 2062
f 2074 2077 2076
f 1601 2078 2073
f 2049 1643 1645
f 1000 1001 994
f 1089 684 689
f 1931 1306 1930
f 1462 1021 1022
f 1932 1934 1935
f 875 1846 998
f 1936 1937 1938
f 44 46 92
f 1534 1956 120
f 1541 317 391
f 2081 2084 2083
f 146 1959 300
f 1360 1942 1361
f 985 1032 1033
f 1995 1892 2043
f 2079 2082 2081
f 2095 2076 2077
f 2081 2078 2079
f 2055 2054 2053
f 501 2095 500
f 2097 2099 2098
f 2098 2094 2083
f 2140 3893 3866
f 2141 3894 3893
f 2051 2048 2049
f 592 2101 1576
f 2071 2076 2096
f 2102 2098 2101
f 593 2102 592
f 1019 746 747
f 1950 12 1327
f 725 2096 501
f 1385 2104 1379
f 1379 2106 1384
f 2107 2100 2097
f 3908 502 3896
f 3896 499 3901
f 940 2109 944
f 928 1170 973
f 3868 684 3899
f 1962 1964 1961
f 3878 573 3897
f 2039 1968 1969
f 1389 2110 2109
f 1398 2113 1397
f 3757 3753 3743
f 3911 2107 2103
f 949 924 1115
f 260 324 326
f 1390 2113 2110
f 2070 2064 2071
f 3867 2103 593
f 2105 1421 2114
f 2114 1423 2115
f 3892 2115 3903
f 3908 2114 3892
f 554 1902 553
f 972 967 966
f 1765 1573 1574
f 1984 1986 1983
f 2053 2069 2057
f 3573 724 714
f 1625 1674 1673
f 3881 2119 2122
f 3903 2123 3904
f 56 1906 55
f 626 3879 629
f 2001 2003 2004
f 3912 2127 3907
f 2006 2008 2009
f 2127 1412 2128
f 2014 2016 2017
f 2018 2020 2021
f 1495 1947 197
f 1379 1386 1385
f 3814 1680 1618
f 2029 1884 2028
f 3902 2120 3887
f 629 3914 3872
f 682 943 1089
f 724 2121 716
f 1757 3821 3845
f 765 3844 3809
f 3851 715 3852
f 706 3870 3872
f 981 987 980
f 1457 1656 1880
f 2017 2032 2033
f 1458 1868 1457
f 1776 1792 1793
f 1959 1946 1958
f 3663 3725 3661
f 3913 2122 3850
f 1093 689 1088
f 966 968 972
f 3852 3881 3913
f 2172 2170 2171
f 670 2137 669
f 3761 1903 233
f 1429 28 1449
f 964 978 971
f 3841 1413 2127
f 1473 669 2137
f 3834 1359 1358
f 2138 1870 2137
f 1872 2137 1870
f 715 3888 3881
f 1881 1992 1880
f 3843 739 740
f 1837 3513 3514
f 253 59 85
f 1808 3840 1807
f 1647 3818 1609
f 3865 671 668
f 2112 3883 2111
f 1405 2044 1438
f 3829 1364 1366
f 273 391 249
f 576 3520 3555
f 3875 668 2031
f 1430 2140 2139
f 2136 3860 28
f 1430 18 19
f 3893 570 695
f 1442 2046 2141
f 1431 2141 2140
f 3869 3850 2136
f 3808 1817 766
f 3866 695 671
f 2142 798 2138
f 571 2142 694
f 3819 1618 1611
f 2143 2025 2142
f 694 2138 670
f 681 2144 572
f 2144 2022 2143
f 328 457 290
f 1572 2011 2144
f 630 3903 624
f 2085 2087 2088
f 2090 2092 2089
f 572 2143 571
f 1875 2153 2149
f 1873 2149 2154
f 2103 2097 2102
f 2157 2155 2156
f 2128 1414 2120
f 3874 589 582
f 3872 628 629
f 2149 2158 2159
f 2159 3905 3890
f 698 3902 705
f 3823 3827 1817
f 2158 3874 3905
f 1438 2046 1439
f 2035 2160 2161
f 2161 3889 3886
f 3871 605 589
f 3873 18 3875
f 370 61 451
f 649 413 648
f 2153 2156 2158
f 1428 1449 1450
f 1490 73 1488
f 3890 710 633
f 2155 3891 3871
f 1456 1880 1992
f 2125 2087 2124
f 2160 3890 3889
f 300 505 323
f 1064 1046 1065
f 2043 1891 2155
f 2129 2004 2003
f 2131 2133 2134
f 3848 1450 1449
f 1998 804 805
f 3879 3864 3914
f 474 490 770
f 1164 1182 1177
f 707 3909 3870
f 708 2162 707
f 2162 3886 3909
f 548 1905 458
f 1145 1114 1171
f 705 1650 704
f 2043 1977 1995
f 737 554 559
f 1034 1191 1023
f 458 1907 275
f 195 232 233
f 2040 1969 1970
f 2145 2147 2148
f 2054 2049 1645
f 3832 1639 3818
f 9 11 10
f 252 506 258
f 472 479 471
f 1865 3791 3503
f 900 910 907
f 1941 2151 1942
f 1921 1927 1919
f 2163 1898 2116
f 271 153 178
f 1904 12 9
f 282 264 460
f 1872 2154 2035
f 1326 1897 2163
f 628 693 627
f 1724 1719 1723
f 1549 436 172
f 1582 1730 1729
f 1921 1929 1928
f 3563 10 11
f 2152 1950 1949
f 475 774 771
f 769 2171 473
f 2171 476 473
f 476 772 475
f 1791 464 1760
f 2166 2168 2169
f 595 372 98
f 483 1641 482
f 762 2173 470
f 771 484 492
f 486 1809 483
f 297 1517 296
f 763 2174 762
f 776 759 489
f 184 2176 2000
f 412 303 414
f 2005 185 224
f 3811 1682 3846
f 2164 756 764
f 1472 2161 2162
f 950 964 965
f 2177 2179 2180
f 227 1510 333
f 764 467 2164
f 2182 2184 2181
f 2186 2018 2185
f 1985 2181 1986
f 214 729 1531
f 1545 1546 1569
f 865 842 866
f 849 1357 1362
f 452 1558 454
f 559 3188 737
f 16 737 3188
f 560 498 374
f 3193 3195 3194
f 3200 3198 3199
f 3211 3213 3212
f 3215 3217 3216
f 2187 2002 2001
f 2169 2189 2190
f 2192 2085 2191
f 2193 2195 2196
f 2198 2200 2197
f 1998 1979 1975
f 3664 3668 3671
f 2116 1903 1902
f 1859 2009 1150
f 3904 2126 3906
f 1135 1087 1130
f 2201 2015 2014
f 1149 110 1858
f 3221 3218 3215
f 2203 2205 2206
f 579 1895 1019
f 1755 2208 1756
f 3891 1893 605
f 1211 2150 1727
f 868 2210 2209
f 944 930 940
f 2130 2202 2201
f 233 1898 195
f 665 750 666
f 1167 999 618
f 2211 2213 2214
f 2215 2217 2218
f 3867 590 3868
f 2220 220 2219
f 823 948 1094
f 3225 3227 3226
f 266 455 265
f 3882 2107 3883
f 2221 3519 3517
f 2223 2225 2226
f 2207 2124 2208
f 673 3869 3864
f 817 996 815
f 2227 2146 2145
f 1947 646 749
f 3900 17 3873
f 2229 1638 1381
f 1679 1618 1680
f 1637 2232 2230
f 2233 1617 1616
f 2231 2236 2237
f 1381 2238 1382
f 3586 2242 3587
f 1630 2233 1631
f 1681 472 469
f 1408 2243 2244
f 3236 3238 3237
f 3232 3240 3235
f 1637 2238 1638
f 3237 3233 3234
f 1409 1634 2245
f 1380 2247 2246
f 1628 2245 1621
f 2249 1622 1633
f 1632 1408 2244
f 2248 1631 2250
f 2235 1637 1636
f 3245 3199 3198
f 631 2071 725
f 515 52 49
f 782 2251 1251
f 2253 2255 2252
f 397 459 784
f 1456 2040 1455
f 2040 2036 1455
f 1401 2111 1398
f 2041 1970 2026
f 1535 414 1965
f 1586 2080 2079
f 2256 1132 1886
f 1700 3918 3919
f 3815 1686 3817
f 1263 1886 1096
f 598 844 599
f 2257 2259 2260
f 2258 2262 2259
f 2259 2263 2216
f 2260 2216 2215
f 1967 1970 1969
f 2212 1963 2213
f 922 2218 2217
f 1312 1101 2264
f 1307 1286 789
f 1548 1546 1972
f 2266 2268 2265
f 2265 2270 2269
f 2272 2269 2271
f 2273 2265 2272
f 2275 2277 2274
f 2278 2277 2279
f 2284 3617 3639
f 2287 2286 2281
f 2288 2283 2287
f 2290 3639 3620
f 2291 2293 2294
f 2295 2294 2279
f 2296 2291 2295
f 2297 2292 2291
f 2294 2299 2300
f 2279 2300 2278
f 2298 2302 2292
f 2292 2303 2293
f 2293 2304 2299
f 2304 2306 2299
f 2306 2300 2299
f 2308 2310 2307
f 2302 2310 2303
f 2301 2307 2302
f 2312 2307 2311
f 2313 2315 2316
f 2318 2320 2317
f 3748 2322 2323
f 2324 2273 2326
f 2313 2326 2327
f 2328 2313 2316
f 2329 2324 2328
f 2331 2333 2330
f 2330 2267 2266
f 2325 2266 2273
f 2329 2330 2325
f 2333 2335 2267
f 2336 2333 2332
f 2338 2332 2337
f 2331 2337 2332
f 2329 2339 2331
f 2328 2340 2329
f 2316 2341 2328
f 2342 2315 2343
f 2344 2346 2347
f 2341 2347 2340
f 2342 2344 2341
f 2348 2345 2344
f 2350 2352 2353
f 2339 2353 2337
f 2340 2350 2339
f 2347 2351 2350
f 2337 2354 2338
f 2353 2355 2354
f 2356 2276 2357
f 2356 2358 2359
f 2356 2296 2295
f 2279 2356 2295
f 2360 2270 2268
f 2267 2360 2268
f 2362 2364 2365
f 2362 2361 2358
f 2366 2358 2357
f 2366 2363 2362
f 2357 2368 2366
f 2366 2369 2367
f 2276 2370 2368
f 2368 2282 2369
f 2372 2374 2371
f 2375 2377 2007
f 2378 2380 2381
f 2382 2381 2383
f 2384 2378 2382
f 2385 2379 2378
f 2388 2390 2387
f 2387 2392 2391
f 2393 2387 2391
f 2394 2388 2387
f 2186 2402 2400
f 2403 2327 2326
f 2272 2326 2273
f 2271 2403 2272
f 2405 2404 2403
f 2404 2408 2327
f 2409 2411 2412
f 2409 2271 2269
f 2413 2269 2270
f 2413 2410 2409
f 2417 2416 2418
f 2417 2406 2405
f 2412 2405 2271
f 2411 2417 2412
f 2406 2407 2404
f 3569 632 713
f 2420 2397 2421
f 2420 2423 2422
f 2424 2422 2419
f 2424 2398 2420
f 2425 2392 2426
f 2421 2426 2423
f 2397 2425 2421
f 2396 2391 2425
f 2427 2315 2314
f 2427 2408 2428
f 2430 2428 2429
f 2343 2427 2430
f 2432 2430 2431
f 2431 2429 2433
f 2435 2433 2434
f 2436 2431 2435
f 2428 2407 2437
f 2422 2407 2419
f 2438 2422 2423
f 2429 2437 2438
f 2440 2433 2439
f 2441 2433 2429
f 2442 2439 2441
f 2443 2440 2439
f 2445 2444 2443
f 2447 2443 2442
f 2383 2445 2447
f 2381 2446 2445
f 2448 2423 2426
f 2449 2426 2392
f 2441 2449 2442
f 2441 2438 2448
f 2449 2390 2450
f 2450 2389 2451
f 2447 2451 2383
f 2442 2450 2447
f 2451 2453 2452
f 2452 2455 2454
f 2382 2454 2384
f 2383 2452 2382
f 2456 2373 2372
f 2459 2461 2458
f 2463 2465 2462
f 2462 2285 2284
f 2466 2284 2290
f 2467 2462 2466
f 2461 3703 3701
f 2468 2470 2471
f 2472 2471 2473
f 2474 3701 3688
f 2475 2477 2478
f 2458 2453 2479
f 2479 2389 2388
f 2395 2479 2388
f 2480 2458 2479
f 2481 2483 2478
f 2484 2485 221
f 2471 2464 2463
f 2473 2463 2467
f 2487 2466 2486
f 2486 2290 2488
f 2490 2488 2489
f 2491 2486 2490
f 2492 2467 2487
f 2493 2487 2491
f 2494 2492 2493
f 2495 2473 2492
f 3690 2474 3688
f 3691 2496 3690
f 2498 2493 2499
f 2500 2499 2501
f 3700 2498 2500
f 3687 2494 2498
f 2306 2278 2300
f 2305 2504 2306
f 2504 2507 2506
f 2506 2288 2508
f 2274 2508 2275
f 2278 2506 2274
f 3633 2489 2488
f 3620 2488 2290
f 2507 2289 2288
f 2505 2509 2507
f 2508 2287 2511
f 2511 2281 2280
f 2370 2280 2282
f 2275 2511 2370
f 2512 2489 2513
f 2514 2513 2515
f 2517 2514 2516
f 2517 2490 2512
f 2499 2491 2517
f 2499 2516 2501
f 2510 2519 2518
f 2518 2521 2520
f 3616 2520 3621
f 3632 2518 3616
f 2522 2303 2310
f 2523 2310 2309
f 2305 2522 2524
f 2524 2523 2525
f 2519 2525 2521
f 2505 2524 2519
f 2308 2527 2526
f 2526 2529 2528
f 2531 2528 2530
f 2309 2526 2531
f 1214 2151 1211
f 2419 2418 2424
f 2533 2349 2317
f 2534 2317 2320
f 2535 2533 2534
f 2536 2345 2533
f 2537 2346 2536
f 2538 2536 2535
f 2539 2537 2538
f 2540 2351 2537
f 2312 2541 2527
f 2527 2542 2529
f 2543 2434 2544
f 2545 2544 2546
f 2319 2543 2545
f 2318 2435 2543
f 2514 2548 2547
f 2547 2550 2549
f 2552 2549 2551
f 2552 2514 2547
f 2520 2554 2553
f 2553 2556 2555
f 3590 2555 3593
f 3621 2553 3590
f 2523 2531 2557
f 2557 2530 2558
f 2525 2557 2559
f 2559 2558 2560
f 2554 2560 2556
f 2521 2559 2554
f 2561 2007 2006
f 2376 2225 2377
f 2564 2566 2563
f 2563 338 2567
f 2569 2567 2568
f 2570 2563 2569
f 2572 2574 2571
f 2571 2576 2575
f 2544 2575 2546
f 2544 2572 2571
f 2578 2569 2577
f 2579 2569 2568
f 2574 2579 2576
f 2573 2577 2574
f 2581 2583 2580
f 2584 2583 2585
f 3697 2580 2584
f 3676 2580 3675
f 2582 2552 2583
f 2583 2551 2585
f 2500 2589 2588
f 2590 2589 2591
f 3693 2588 2590
f 3695 2500 2588
f 2501 2591 2589
f 2592 2594 2595
f 2386 2503 2502
f 2596 2386 2374
f 2596 2373 2597
f 2599 2597 2598
f 2599 2379 2596
f 2600 2380 2599
f 2600 2598 2601
f 2603 2601 2602
f 2603 2446 2600
f 2604 2602 2605
f 2440 2605 2434
f 2444 2604 2440
f 2606 2581 2607
f 2606 2590 2591
f 2591 2582 2606
f 3676 2456 3689
f 3689 2372 3693
f 2478 2608 2481
f 2609 2611 2199
f 2564 2613 2612
f 2612 2598 2597
f 2457 2597 2373
f 2565 2612 2457
f 2614 2570 2578
f 2615 2578 2573
f 2602 2614 2615
f 2601 2613 2614
f 2572 2605 2616
f 2616 2602 2615
f 2573 2616 2615
f 1459 1045 1021
f 1265 1079 1082
f 1612 1609 1611
f 2067 2069 2068
f 1135 1136 1148
f 1938 2618 2617
f 95 458 128
f 2058 1608 1612
f 1454 1445 1367
f 655 1048 2619
f 722 2621 723
f 1131 1033 1134
f 562 366 1497
f 1723 1725 1591
f 1786 1122 1787
f 267 323 266
f 1325 1654 2038
f 1468 1435 1479
f 658 529 528
f 8 247 7
f 382 1559 3
f 788 1307 789
f 940 929 928
f 911 2623 912
f 2621 655 654
f 2624 2625 2626
f 998 27 26
f 635 2626 2625
f 2627 644 1840
f 2628 1840 2629
f 1200 2627 2628
f 1199 641 2627
f 1520 49 477
f 1452 1349 1451
f 2630 1859 1858
f 644 1335 1823
f 1197 717 2632
f 2632 719 1166
f 2628 1166 1200
f 2629 2632 2628
f 1762 1050 821
f 1823 873 1839
f 2634 794 652
f 1028 1027 1161
f 1042 2635 1043
f 93 1901 1924
f 2036 1458 1455
f 1527 1525 1526
f 877 1274 1277
f 134 797 1544
f 1328 931 1329
f 607 1091 1161
f 1043 2637 2636
f 2636 2639 2638
f 1275 2638 1276
f 1275 1043 2636
f 1272 2626 2640
f 2640 638 637
f 1110 2640 637
f 536 2640 2641
f 1472 1474 1473
f 2042 1951 649
f 1058 1105 1059
f 2642 2643 2644
f 1192 2644 1193
f 912 2642 1192
f 3898 3526 3786
f 1049 2620 2621
f 616 1885 613
f 1331 666 750
f 990 1198 525
f 1911 321 322
f 1298 1205 2645
f 76 1504 75
f 1502 421 422
f 610 658 691
f 1146 659 938
f 2646 914 936
f 1280 1238 1279
f 975 2647 2648
f 2647 975 974
f 1453 1452 1451
f 1514 158 151
f 835 1843 1842
f 1271 1173 1289
f 2649 813 2650
f 1893 1826 1894
f 1050 1937 1051
f 2651 814 813
f 1006 1281 977
f 2653 2654 2655
f 1001 1003 1002
f 585 679 558
f 2624 621 620
f 555 2028 556
f 1207 1197 2629
f 1626 478 472
f 426 419 1567
f 1030 1773 1031
f 3898 634 3880
f 534 138 262
f 1125 1042 1041
f 333 88 227
f 569 561 730
f 1489 871 870
f 1857 620 891
f 1673 3770 3763
f 622 864 1308
f 2647 974 2657
f 619 891 620
f 261 545 262
f 393 1556 404
f 2658 2647 2657
f 1075 2657 917
f 1081 2658 1075
f 1080 2659 2658
f 2644 1141 2660
f 2660 1140 1336
f 642 1336 643
f 1193 2660 642
f 679 555 558
f 1503 1500 1502
f 1318 1101 1100
f 2661 1139 1142
f 2661 2663 2662
f 2662 2659 2661
f 2662 2622 2664
f 2664 911 2646
f 2648 2646 1146
f 2648 2662 2664
f 2083 2093 2081
f 1442 1437 1439
f 519 330 51
f 1885 1209 613
f 799 805 804
f 1946 1952 1953
f 1302 1253 1252
f 566 224 533
f 1389 928 1388
f 683 681 680
f 836 1842 2665
f 2665 1845 1303
f 2666 1303 1302
f 24 2665 2666
f 831 2650 832
f 1845 1304 1303
f 2010 2012 2011
f 1051 2667 2668
f 1522 1511 1523
f 531 441 522
f 782 1251 1250
f 1250 2625 2669
f 2669 1857 1856
f 783 1856 1037
f 782 2669 783
f 720 2671 721
f 1055 1930 1056
f 1333 1251 2251
f 619 1308 1307
f 652 2619 2634
f 521 1539 1540
f 1838 537 2672
f 2672 536 2641
f 1113 2641 1110
f 1113 1838 2672
f 1016 1351 1045
f 3897 570 3894
f 226 104 101
f 3564 3827 1818
f 1036 1884 1883
f 2674 1304 2673
f 2673 1844 2675
f 1334 2675 1039
f 1333 2673 1334
f 2676 1039 2675
f 1843 2675 1844
f 942 2676 1843
f 1074 702 2676
f 811 859 858
f 752 1055 753
f 1200 656 1026
f 1120 874 2677
f 2677 877 1052
f 1241 1052 1005
f 1119 2677 1241
f 1560 151 1515
f 1208 611 523
f 215 736 214
f 1460 1462 1461
f 1208 1839 873
f 854 1282 1297
f 72 182 179
f 544 1565 512
f 217 456 457
f 2047 930 945
f 1204 1937 2633
f 913 686 685
f 840 1113 1112
f 1531 730 561
f 2678 1283 801
f 601 1914 602
f 1537 459 460
f 1819 3509 3527
f 991 862 538
f 2679 1073 1830
f 2680 983 2256
f 779 2256 1263
f 778 2680 779
f 2678 1830 2680
f 180 245 40
f 1886 1131 1134
f 1138 1274 1255
f 1841 1140 1139
f 75 314 74
f 193 420 192
f 2681 1099 1098
f 170 1565 169
f 349 417 432
f 1121 2684 2683
f 547 409 302
f 123 121 120
f 2643 1142 1141
f 1542 513 1543
f 899 907 919
f 1210 676 867
f 791 982 892
f 24 837 836
f 893 932 931
f 1860 863 862
f 535 862 861
f 832 813 812
f 2650 813 832
f 1569 1547 1568
f 181 542 180
f 660 937 688
f 2013 568 2012
f 887 2631 2630
f 1524 361 78
f 520 162 1529
f 2653 854 2685
f 1238 2655 2686
f 718 527 530
f 1492 518 1491
f 792 615 793
f 599 1835 596
f 290 456 175
f 312 1552 425
f 1248 1179 1249
f 153 177 178
f 1240 1222 1221
f 1257 1235 1071
f 1291 1083 1222
f 1052 1277 1053
f 743 2618 1204
f 444 430 443
f 23 1172 1187
f 2687 1180 1179
f 102 409 134
f 1283 610 801
f 373 650 651
f 1180 1084 1291
f 855 2655 1237
f 1173 1917 1174
f 2689 853 2688
f 2688 1108 1279
f 2686 1279 1238
f 2687 2688 2686
f 2691 1252 2690
f 2690 850 2689
f 1248 2689 2687
f 1248 2691 2690
f 2692 24 2666
f 2691 2666 1302
f 1247 2692 2691
f 1258 617 2692
f 394 1555 393
f 2693 1259 1223
f 1072 1262 1261
f 1257 1168 1258
f 398 1555 1554
f 871 1314 872
f 1178 1249 1179
f 1224 1173 1172
f 1010 2618 742
f 1175 1292 1269
f 2654 2686 2655
f 2694 1216 1264
f 71 1487 70
f 701 1111 1038
f 1072 2649 2650
f 1085 22 21
f 895 1264 896
f 1601 1605 1604
f 1259 1271 1289
f 21 1220 1083
f 988 538 537
f 598 1336 1140
f 820 1762 821
f 1050 818 821
f 1298 1761 2652
f 1168 618 617
f 858 1256 833
f 39 516 1536
f 2652 819 814
f 313 315 314
f 2026 1971 2027
f 2656 596 1835
f 814 818 811
f 2696 813 2649
f 1260 2649 1261
f 2693 2696 1260
f 2697 2651 2696
f 381 390 380
f 3818 1611 1609
f 1475 1428 1227
f 1292 1917 1235
f 1551 354 1518
f 1526 1523 1511
f 1593 1595 1573
f 1232 1246 1249
f 2695 1223 22
f 2698 1296 2697
f 2698 2693 2695
f 2685 2695 1085
f 2685 1297 2698
f 562 271 272
f 2652 1296 1298
f 1365 1364 1363
f 1958 1953 1957
f 585 2210 997
f 1561 1515 435
f 975 1146 976
f 347 68 346
f 1038 636 1068
f 2700 780 2699
f 2699 1036 1883
f 2701 1883 1829
f 851 2699 2701
f 2674 2251 2702
f 2702 781 2700
f 1253 2700 851
f 1301 2702 1253
f 1519 388 1550
f 1273 1280 2703
f 2703 1107 852
f 2701 852 851
f 1829 2703 2701
f 91 326 90
f 1784 2656 1785
f 2683 2705 2704
f 604 3499 3533
f 1669 3548 1662
f 2062 2060 2059
f 621 861 622
f 2023 732 2024
f 686 1263 687
f 857 2668 1328
f 883 882 879
f 637 1111 1110
f 2668 893 1328
f 2667 894 2668
f 1039 1068 1334
f 313 1504 1505
f 1911 305 453
f 1936 1964 2212
f 2707 2401 2183
f 2708 2183 2182
f 738 2116 554
f 2349 2432 2436
f 2711 2020 2019
f 2400 2019 2186
f 2714 2716 2713
f 2717 2719 2720
f 2721 2723 2724
f 2726 2728 2725
f 2725 2730 2729
f 2731 2729 2709
f 2732 2725 2731
f 2734 2736 2733
f 2738 2740 2737
f 2737 2741 2742
f 2744 2746 2743
f 2745 2748 2747
f 2749 2747 2751
f 2753 2751 2752
f 2250 2246 2248
f 2754 1614 2755
f 3598 2755 3609
f 3608 2747 3609
f 1617 2755 1614
f 2242 1620 2757
f 2191 2760 2759
f 2761 2760 2762
f 3648 2761 3649
f 3623 2759 3648
f 3209 3223 3224
f 1395 2236 2235
f 1395 1636 1615
f 1616 2229 2233
f 1617 2763 2756
f 2756 3628 3608
f 2765 2234 1630
f 2766 3628 3622
f 3202 3246 3247
f 1516 435 1515
f 2768 3552 3553
f 1495 578 1424
f 2135 28 17
f 3526 2773 2774
f 1690 3926 3925
f 2778 2780 2777
f 2777 2781 2782
f 2784 2777 2783
f 3555 575 576
f 1494 9 540
f 3529 2015 3566
f 451 505 450
f 2786 2788 2785
f 2779 2785 2780
f 2789 2741 2740
f 2790 2752 2789
f 2792 2794 2791
f 2793 2796 2794
f 2796 2750 2749
f 2794 2749 2753
f 2798 1396 2754
f 3591 2754 3598
f 2798 2800 1393
f 3591 2799 2798
f 2797 2795 2801
f 2791 2753 2790
f 216 232 54
f 3804 2807 3803
f 3805 2804 3803
f 2769 3557 3552
f 183 184 97
f 2811 2775 2776
f 2804 2776 2805
f 2809 2811 2804
f 2812 2813 2814
f 3805 2816 3795
f 3796 2815 3795
f 3798 2820 2821
f 3793 2819 3798
f 2824 2735 2819
f 2823 2824 2819
f 2825 2826 2724
f 3793 2827 3792
f 3796 2826 3792
f 2713 2829 2828
f 2828 2831 2830
f 2822 2828 2830
f 2821 2713 2828
f 2832 2822 2830
f 2833 2830 2831
f 2834 2832 2833
f 2835 2827 2832
f 2837 2839 2836
f 2836 2841 2840
f 2842 2840 2727
f 2843 2836 2842
f 2840 2845 2844
f 2718 2845 2719
f 2730 2844 2718
f 2727 2844 2728
f 2846 2719 2845
f 2846 2841 2847
f 2829 2847 2831
f 2829 2716 2846
f 2847 2839 2848
f 2848 2838 2849
f 2833 2849 2834
f 2831 2848 2833
f 2850 2851 2852
f 2853 2852 2854
f 2783 2782 2855
f 2785 2853 2856
f 2780 2856 2781
f 2857 2855 2782
f 2859 2782 2781
f 2861 2842 2860
f 2860 2727 2726
f 2862 2726 2732
f 2863 2860 2862
f 2861 2858 2857
f 2843 2857 2859
f 2856 2854 2864
f 2781 2864 2859
f 2837 2859 2864
f 2838 2864 2854
f 2852 2834 2849
f 2854 2849 2838
f 2865 2818 2835
f 2851 2835 2834
f 2813 2815 2865
f 2814 2865 2851
f 2866 2814 2850
f 2788 2850 2853
f 2866 2787 2867
f 2812 2867 2775
f 1892 1890 1891
f 2720 2846 2870
f 298 256 257
f 2872 2713 2820
f 3794 2735 2734
f 2729 2874 2873
f 2846 2715 2870
f 2876 2878 2875
f 2733 2878 2734
f 3806 2879 2880
f 3806 2872 3794
f 2882 2884 2881
f 2881 2715 2714
f 2880 2714 2872
f 2879 2881 2880
f 2885 2887 2888
f 2888 2890 2885
f 2885 2892 2891
f 2893 2885 2891
f 1942 2532 2894
f 2895 2720 2870
f 2884 2870 2715
f 2883 2895 2884
f 2896 2892 2895
f 2889 2717 2890
f 2890 2720 2892
f 2897 2891 2896
f 2898 2896 2883
f 2899 2883 2882
f 2900 2882 2879
f 3797 2879 3807
f 2876 2901 2877
f 2901 2904 2903
f 1785 1835 1834
f 2905 2899 2900
f 2907 2897 2898
f 3797 2903 3799
f 632 577 633
f 3532 2867 2787
f 434 550 350
f 2768 3640 3643
f 2910 1623 2249
f 2241 2758 2242
f 3640 2913 3652
f 1623 2757 1620
f 3587 2757 3652
f 2229 1380 2250
f 2765 1629 2914
f 2915 1629 2912
f 3642 2914 2915
f 3641 2765 2914
f 2919 3642 3613
f 2918 2912 2241
f 3614 2241 3586
f 3618 3613 3670
f 3541 2180 3496
f 3521 2188 3506
f 3705 714 3851
f 2925 2917 2924
f 2924 2916 2919
f 3610 2919 3618
f 3611 2924 3610
f 2926 2766 2925
f 3658 2925 3611
f 1715 1705 1710
f 785 498 796
f 1387 565 1791
f 374 1899 560
f 3573 2206 3556
f 2929 2886 2893
f 2932 2934 2931
f 1905 1908 1907
f 2930 2936 2937
f 2938 2930 2929
f 1493 517 518
f 1603 1586 1602
f 2939 2929 2908
f 2940 2908 2907
f 3665 1600 3661
f 2886 2937 2887
f 2906 2898 2899
f 2908 2893 2897
f 2942 2933 2941
f 2941 2937 2936
f 3501 2936 3513
f 3498 2941 3501
f 2943 2710 2873
f 2943 2874 2889
f 2945 2889 2888
f 2946 2943 2945
f 2932 2888 2887
f 2931 2945 2932
f 727 1929 728
f 2903 2947 2948
f 545 42 262
f 1480 533 251
f 2907 2949 2940
f 2906 2950 2949
f 1558 215 202
f 3799 2948 3801
f 2054 1644 2118
f 3705 2203 3573
f 1828 1849 1827
f 2953 2955 2952
f 2952 2957 2956
f 2956 2258 2952
f 2953 2258 2257
f 2454 2474 2496
f 3747 2959 3766
f 3747 2131 3737
f 2961 2963 2958
f 2958 2964 2959
f 222 2485 2965
f 2477 2966 2608
f 2631 2006 1859
f 2384 2496 2497
f 2967 2959 2964
f 2968 2970 2969
f 3759 2971 3784
f 3784 2960 3766
f 2972 2033 2032
f 2007 2973 2008
f 3560 2134 2133
f 1836 1832 1831
f 3506 2090 3551
f 955 959 956
f 672 674 673
f 633 713 632
f 2024 733 803
f 2025 803 798
f 425 1550 388
f 2975 888 887
f 1319 1157 2694
f 1212 2977 1213
f 889 2228 2227
f 1978 1975 1979
f 1138 1329 915
f 751 2979 2978
f 1619 1625 1624
f 2252 1728 1727
f 1157 845 1216
f 2706 1938 2617
f 2980 2254 2981
f 2982 887 2630
f 802 711 2679
f 678 2029 2028
f 527 690 528
f 1839 2629 1840
f 2983 602 1914
f 2983 1913 1331
f 2985 1331 1054
f 2986 2983 2985
f 2987 2635 2634
f 2985 2639 2986
f 2990 1318 2989
f 2991 2993 2994
f 2995 2994 2996
f 1106 2991 2995
f 1058 2992 2991
f 1415 1365 1367
f 1317 2217 2997
f 1932 2255 2980
f 926 2999 664
f 3001 2992 3000
f 3000 1057 2978
f 2999 2978 2979
f 2998 3000 2999
f 3002 2209 3003
f 3002 2996 2994
f 2993 3002 2994
f 3001 2998 3002
f 1103 2995 3004
f 3004 2996 3003
f 2209 3004 3003
f 588 3004 2210
f 295 433 381
f 2638 2988 3005
f 3005 1056 1930
f 1305 1930 1306
f 1276 3005 1305
f 1987 1993 1989
f 2633 1761 2645
f 1423 1417 1419
f 3561 739 703
f 2671 2704 2705
f 1473 2035 1472
f 922 2694 895
f 1401 1378 1384
f 556 1884 1037
f 842 3825 3836
f 1854 2617 1010
f 933 1081 1075
f 1440 1436 1437
f 529 719 530
f 1031 1027 1028
f 777 912 1871
f 2645 1204 2633
f 441 1538 1537
f 790 587 586
f 2065 1610 1607
f 1860 990 902
f 60 87 59
f 1424 1948 1947
f 332 1507 331
f 261 138 135
f 187 449 507
f 1719 1726 1725
f 1931 1059 3006
f 3006 1105 1104
f 1287 1104 587
f 1286 3006 1287
f 3007 3009 3010
f 3009 653 795
f 618 26 25
f 2029 1210 1209
f 957 600 2228
f 1049 2228 600
f 2631 3011 2561
f 890 2227 3011
f 3011 2145 3012
f 2561 3012 2375
f 1026 609 608
f 2706 1961 1964
f 3013 2485 3014
f 2148 1267 3015
f 3015 1266 1311
f 2997 1101 1317
f 642 1773 1193
f 186 461 511
f 1041 1320 901
f 1121 3017 1122
f 2984 2987 3018
f 3018 2634 2619
f 1048 3018 2619
f 603 2984 3018
f 2679 801 802
f 2062 2074 2061
f 2061 2076 2064
f 414 1545 1965
f 3016 2683 3019
f 3019 2704 2670
f 3020 2670 720
f 3007 3019 3020
f 1871 1091 777
f 3021 1122 3017
f 3022 3017 3010
f 1314 3022 1315
f 1784 3021 1314
f 1316 1763 611
f 3023 3010 3009
f 3023 795 1092
f 1763 1092 1125
f 1315 3023 1763
f 3016 3010 3017
f 752 2978 1057
f 2986 2637 2987
f 3024 653 3008
f 3020 3008 3007
f 720 3024 3020
f 723 654 3024
f 2681 1268 3025
f 2671 1268 721
f 2705 3025 2671
f 1313 3027 1311
f 3026 3029 3027
f 3027 3030 3031
f 1311 3031 3015
f 2012 731 2023
f 917 974 977
f 743 856 744
f 1888 2030 1425
f 2682 2684 3032
f 3032 1124 2989
f 1100 2989 1318
f 1099 3032 1100
f 1123 2989 1124
f 3033 1159 1158
f 2990 1158 1319
f 1123 3033 2990
f 1786 1834 3033
f 1054 2988 2985
f 2979 664 2999
f 2623 2663 2643
f 1095 688 687
f 3034 2261 2956
f 3036 2956 2957
f 3037 3034 3036
f 3038 3035 3034
f 3040 3026 1313
f 2263 3041 3040
f 3042 3043 3041
f 3041 3028 3026
f 3044 3043 3039
f 3046 3045 3044
f 3047 3049 3045
f 3043 3049 3028
f 3038 3051 3050
f 3050 3053 3052
f 3052 3044 3050
f 3039 3050 3044
f 3054 3039 3042
f 3042 2262 3054
f 2261 3054 2262
f 2216 2997 2217
f 2212 2667 1936
f 3056 2209 3055
f 934 1961 1854
f 2013 3757 567
f 3058 3060 3061
f 3059 3063 3060
f 3060 2213 1963
f 3061 1963 1962
f 3063 2214 2213
f 3062 3064 3063
f 3065 2260 3064
f 3064 2215 2214
f 3066 3031 3030
f 2608 3067 3066
f 2966 3068 3067
f 3031 3068 3015
f 2455 2461 2474
f 2476 2226 2477
f 3551 2089 3525
f 3526 3769 3786
f 433 355 381
f 2115 1419 2123
f 3509 2922 3527
f 3769 2131 2134
f 3069 2167 2166
f 2971 2928 2960
f 2961 2773 2962
f 3070 2478 2483
f 2610 3071 2954
f 2502 2374 2386
f 3072 2595 3073
f 2964 3052 2967
f 3048 3074 3049
f 2593 3075 3074
f 3075 3029 3074
f 3074 3028 3049
f 3072 3075 2592
f 3076 2482 2481
f 2481 3066 3076
f 3076 3030 3075
f 2967 3053 2970
f 2482 3073 2483
f 479 493 494
f 706 3873 709
f 3561 2221 3517
f 2013 3754 3755
f 3533 2016 3529
f 3562 2222 2974
f 1171 1155 1176
f 2586 2565 2587
f 2982 113 2484
f 2562 3077 3068
f 2376 3012 3077
f 3012 2148 3077
f 3077 3015 3068
f 2963 3046 2964
f 3051 2970 3053
f 1683 491 775
f 3850 1447 3860
f 1986 3734 3768
f 3079 2546 2575
f 3081 2575 2576
f 1983 3768 3765
f 3082 2319 2545
f 3080 2545 2546
f 3734 3082 3080
f 3732 2323 3082
f 1309 1888 748
f 3073 2772 2771
f 2760 3084 2762
f 2760 2088 3083
f 3085 3086 3087
f 3089 3090 3088
f 3089 3084 3085
f 3092 3090 3091
f 3093 2744 2743
f 2751 2748 3093
f 3093 2752 2751
f 2742 3093 3094
f 3094 2743 3095
f 3096 3098 3087
f 3099 3087 3086
f 3097 3095 3098
f 3100 2746 3101
f 3101 3102 3100
f 2764 2927 3101
f 2745 3101 2746
f 3102 3091 3100
f 3100 3095 2743
f 2869 3592 3634
f 3102 3104 3092
f 3658 2869 3634
f 2927 3103 3102
f 3098 3091 3090
f 3087 3090 3085
f 2088 3105 3083
f 3083 3086 3084
f 2483 2771 3070
f 2401 2185 2321
f 3099 3105 3106
f 2125 3106 3105
f 3108 2742 3107
f 3107 3094 3097
f 3110 3107 3109
f 3109 3097 3096
f 3111 3096 3099
f 3112 3109 3111
f 3113 2737 3108
f 3115 2722 3114
f 3117 3114 3116
f 3119 3116 3118
f 3118 3120 3121
f 3116 3113 3120
f 3122 3111 3123
f 3122 1755 1754
f 3124 3126 3127
f 3125 3121 3126
f 3128 3118 3125
f 3129 3125 3124
f 2020 3128 3129
f 3853 1346 1352
f 1065 1047 1066
f 1814 3830 1649
f 2021 3129 3130
f 3111 3106 3123
f 3123 2207 1755
f 2377 2224 2973
f 3014 113 112
f 1756 3782 3767
f 3131 2530 2528
f 3133 2528 2529
f 1753 3767 3775
f 3134 3127 3135
f 2327 2314 2313
f 2436 2317 2349
f 2018 3711 3712
f 2534 3137 2535
f 2320 3136 2534
f 2185 3712 3771
f 3138 2542 2539
f 3134 3744 3745
f 3785 3134 3745
f 3140 2539 2538
f 2535 3140 2538
f 3711 3130 3785
f 2558 3132 3141
f 3782 3141 3132
f 2560 3141 3142
f 3760 3142 3141
f 958 2976 2981
f 1933 2980 3143
f 2399 2418 2416
f 2348 2343 2432
f 2322 2319 2323
f 2718 2874 2730
f 2709 2873 2710
f 2894 1361 1942
f 346 176 347
f 1876 1882 1881
f 2802 3607 3592
f 3104 3088 3092
f 2974 3649 3603
f 3089 2761 2762
f 3088 3145 3089
f 2803 3603 3607
f 3870 692 628
f 2123 1418 2126
f 1365 1368 1367
f 1581 1782 1783
f 3569 2129 3520
f 3555 2002 3521
f 3146 2551 3147
f 3751 3147 3750
f 3742 3146 3751
f 3149 2585 3146
f 3196 3197 3195
f 3604 2191 3623
f 3142 2556 2560
f 3777 3150 3142
f 3646 2550 3593
f 3150 2555 2556
f 3778 3151 3150
f 3788 3152 3646
f 3153 2551 2549
f 3152 2549 2550
f 3781 3153 3152
f 3776 3147 3153
f 3148 2206 2205
f 2183 2321 2184
f 2132 2928 2133
f 3684 2204 2203
f 3719 2197 3721
f 2594 2773 2951
f 2595 2951 2772
f 1870 799 1869
f 3713 2178 3706
f 3706 3736 3790
f 336 3774 3722
f 339 3154 336
f 3789 3149 3742
f 3683 2584 3149
f 2963 3048 3047
f 3722 337 336
f 339 2566 2586
f 3156 2168 2167
f 2610 2167 2611
f 2954 3156 2610
f 3157 2953 2257
f 3707 2169 3709
f 2567 3159 2568
f 337 2567 338
f 3730 2166 3707
f 3764 1983 3765
f 2579 3081 2576
f 2568 3160 2579
f 3709 2190 3764
f 3065 3162 3161
f 3161 1984 2189
f 3157 2189 2168
f 2257 3161 3157
f 734 1922 806
f 3059 2708 3163
f 3163 2182 1985
f 3162 1985 1984
f 3062 3163 3162
f 3203 3205 3204
f 2122 1448 1447
f 3817 1685 3812
f 139 444 69
f 1570 566 533
f 2957 3165 3036
f 2955 3164 2957
f 1912 341 1973
f 3130 3124 3134
f 1548 319 1547
f 1949 1327 1887
f 2969 3078 3167
f 3167 3169 3168
f 3724 2017 3720
f 3720 2033 3759
f 3168 3165 3170
f 3170 3164 3171
f 3779 3171 3756
f 3724 3170 3779
f 3171 3166 3172
f 3172 3071 3173
f 3752 3173 3749
f 3756 3172 3752
f 3169 3036 3165
f 2593 2962 2594
f 3173 2609 3174
f 3174 2199 2198
f 3783 2198 3719
f 3749 3174 3783
f 2190 1984 1983
f 2196 2767 3148
f 2119 1414 1448
f 1464 1466 1465
f 2199 3069 2200
f 2457 2587 2565
f 2226 2562 2966
f 481 1627 1639
f 333 235 236
f 3078 3037 3169
f 3040 2997 2263
f 2219 1933 2220
f 2385 2497 2503
f 221 3175 2484
f 2220 3143 3175
f 3175 2976 2975
f 2484 2975 2982
f 2954 3166 2955
f 2630 110 2982
f 1547 1952 1955
f 2091 2188 2187
f 3733 2178 2177
f 1918 1927 1926
f 3563 111 3511
f 955 960 954
f 2037 112 3563
f 3143 2981 2976
f 2218 2214 2215
f 672 3787 3541
f 2152 3014 2037
f 1147 1143 1145
f 2248 1409 2245
f 1615 1635 1616
f 1410 2246 2247
f 3241 3242 3240
f 3177 1383 1382
f 2238 3176 1382
f 3176 2230 3178
f 1410 3179 1407
f 3179 2243 1407
f 1633 2800 2249
f 1621 2758 2912
f 1622 2245 1634
f 2236 3181 3182
f 2237 3182 3183
f 2250 2233 2229
f 2912 1628 1621
f 135 1564 1563
f 1567 512 1565
f 1085 2653 2685
f 3184 868 3056
f 869 3057 934
f 1266 1098 1312
f 1267 722 721
f 937 2646 936
f 2146 722 2147
f 2211 921 2667
f 1957 507 449
f 1313 2264 3040
f 1496 1493 1492
f 2681 2705 2682
f 2887 2933 2932
f 1687 1659 1694
f 145 1498 81
f 1317 1319 2694
f 37 418 71
f 1935 3185 2977
f 104 301 103
f 2101 2083 2084
f 543 360 207
f 1934 3186 3185
f 234 212 237
f 3845 1822 1824
f 1976 1874 1974
f 223 2219 220
f 3655 3605 3612
f 468 773 2165
f 1935 1728 1932
f 3240 3226 3235
f 3261 3250 3260
f 3215 3244 3264
f 3265 3215 3264
f 3267 3198 3196
f 3205 3269 3255
f 3214 3265 3270
f 3271 3214 3192
f 3251 3239 3236
f 3222 3266 3272
f 3232 3234 3233
f 3216 3243 3244
f 3196 3268 3267
f 3244 3254 3255
f 3238 3247 3246
f 3264 3255 3269
f 3253 3216 3217
f 3211 3221 3265
f 3257 3218 3256
f 3258 3272 3259
f 3274 3280 3273
f 3228 3262 3263
f 3275 3281 3280
f 3226 3273 3280
f 3236 3260 3251
f 3281 3236 3237
f 3287 3192 3189
f 3235 3280 3234
f 3234 3281 3237
f 3288 3259 3272
f 3260 3276 3251
f 3289 3278 3284
f 3210 3224 3283
f 3199 3201 3200
f 3228 3230 3229
f 3290 3285 3286
f 3282 3271 3287
f 3260 3262 3261
f 3243 3268 3254
f 3267 3241 3232
f 3194 3208 3193
f 3191 3269 3206
f 3270 3192 3214
f 3275 3230 3231
f 3264 3270 3265
f 3252 3276 3291
f 3248 3291 3223
f 3213 3279 3277
f 3272 3289 3288
f 3277 3212 3213
f 3228 3281 3231
f 3220 3253 3219
f 3219 3217 3257
f 3256 3222 3258
f 3247 3252 3248
f 3245 3232 3233
f 3266 3212 3289
f 3208 3255 3254
f 3288 3284 3285
f 3204 3208 3207
f 560 3187 559
f 3209 3201 3202
f 3189 3191 3190
f 448 807 447
f 647 122 270
f 1833 1780 1832
f 510 508 507
f 3210 1887 3201
f 1887 3200 3201
f 15 3197 3200
f 16 3195 3197
f 3195 3187 3194
f 3194 1899 3207
f 3207 375 3204
f 387 126 127
f 3189 1760 3287
f 3577 757 758
f 763 2172 2175
f 3583 3580 3581
f 3581 3579 3578
f 3594 3596 3595
f 3400 3602 3401
f 3626 3625 3627
f 3631 3599 3601
f 3636 3595 3596
f 3647 3588 3645
f 3650 3584 3647
f 3653 3580 3651
f 3653 3654 3579
f 1801 3656 3655
f 3651 3582 3650
f 3644 3595 3637
f 1767 3659 3660
f 1597 3661 1600
f 1708 3665 3664
f 3671 3667 3666
f 3666 3673 3672
f 1588 3664 1587
f 2080 3666 2082
f 2082 3672 2084
f 3674 3635 3631
f 3677 3636 3635
f 3682 3645 3681
f 3692 3650 3686
f 3681 3644 3680
f 786 3692 785
f 3694 3651 3692
f 785 3686 497
f 497 3682 650
f 650 3681 564
f 3696 3681 3680
f 3405 3605 3402
f 3702 3678 3677
f 3699 3679 3678
f 3645 3638 3644
f 1799 3659 1768
f 3708 3458 3460
f 3462 3708 3460
f 3714 564 3696
f 3615 3602 3600
f 3710 3696 3698
f 3635 3596 3599
f 3629 3627 3630
f 3597 3599 3596
f 3630 3715 3629
f 3627 3597 3594
f 3717 3723 3718
f 3715 3660 3629
f 3716 3725 3715
f 3668 3661 3725
f 3668 3717 3667
f 3667 3718 3673
f 3727 3673 3718
f 3728 3672 3673
f 3726 3718 3723
f 1576 2084 3672
f 3727 3731 3729
f 3203 1387 3190
f 3190 1791 3189
f 3283 1949 3210
f 317 259 391
f 2000 3653 3694
f 3601 3600 3602
f 3589 3584 3585
f 3577 756 2170
f 3585 3582 3583
f 3678 3637 3636
f 3204 376 3203
f 1801 3657 1799
f 3729 3728 3727
f 1575 3738 1088
f 3735 1576 3728
f 1776 1796 1775
f 1293 1290 1284
f 1326 1327 12
f 1294 1234 1290
f 878 1330 1337
f 497 374 498
f 122 413 121
f 3699 3704 3708
f 3606 3401 3602
f 3708 3698 3699
f 3464 3710 3462
f 3704 3443 3458
f 439 399 438
f 1512 1526 1511
f 1668 1738 1671
f 839 1362 838
f 1362 826 1012
f 3843 1896 3815
f 2053 2118 2117
f 3888 2120 2119
f 696 3816 3831
f 1826 639 640
f 3740 3729 3731
f 956 886 960
f 1980 1922 807
f 33 105 164
f 1343 3856 3857
f 3907 2128 3902
f 1766 1582 1594
f 14 2163 738
f 595 99 594
f 3233 3246 3245
f 1346 1044 1352
f 748 1425 747
f 3193 3254 3268
f 3190 3206 3203
f 3612 3606 3615
f 3624 3615 3625
f 3631 3443 3674
f 3679 3644 3637
f 3686 3647 3682
f 3702 3674 3704
f 3625 3600 3597
f 3601 3415 3631
f 3739 3735 3729
f 3630 3594 3741
f 3741 3716 3630
f 1284 1288 1285
f 3698 3680 3679
f 1778 1780 1779
f 1792 1584 1789
f 695 571 694
f 3638 3594 3595
f 3741 3588 3589
f 3247 3209 3202
f 3292 3294 3295
f 3296 3298 3299
f 3299 3300 3301
f 3302 3304 3305
f 3306 3308 3309
f 3307 3311 3308
f 3303 3301 3300
f 3312 3304 3313
f 3314 3316 3317
f 3318 3320 3321
f 3324 3321 3325
f 3326 3328 3323
f 3329 3331 3332
f 3333 3335 3336
f 3337 3339 3340
f 3333 3341 3342
f 3342 3343 3344
f 3319 3344 3343
f 3338 3334 3339
f 3346 3302 3347
f 3305 3347 3302
f 3312 3223 3349
f 3350 3340 3351
f 3312 3348 3305
f 3352 3341 3326
f 3311 3354 3308
f 3341 3327 3326
f 3359 3361 3362
f 3360 3250 3249
f 3318 3345 3319
f 3364 3318 3324
f 3314 3324 3365
f 3366 3301 3346
f 3299 3367 3296
f 3308 3368 3309
f 3369 3295 3294
f 3317 3364 3314
f 3370 3317 3316
f 3325 3365 3324
f 3352 3319 3343
f 3296 3353 3311
f 3297 3311 3310
f 3363 3354 3345
f 3345 3353 3344
f 3344 3367 3342
f 3366 3342 3367
f 3347 3334 3346
f 3339 3348 3340
f 3348 3351 3340
f 3363 3369 3368
f 3294 3368 3369
f 3293 3309 3294
f 3331 3374 3332
f 3346 3333 3366
f 3323 3352 3326
f 3356 3321 3320
f 3355 3325 3321
f 3357 3371 3325
f 3322 3320 3352
f 3361 3329 3362
f 3373 3375 3374
f 3374 3376 3332
f 3329 3376 3362
f 3327 3372 3328
f 3336 3375 3327
f 3335 3376 3375
f 3376 3337 3362
f 3337 3359 3362
f 3359 3276 3250
f 3377 3295 3370
f 3277 3315 3278
f 3371 3379 3365
f 3378 3358 3380
f 3365 3315 3314
f 3316 3279 3370
f 3282 3370 3279
f 3313 3224 3312
f 3378 3284 3379
f 3380 3285 3378
f 3379 3278 3315
f 3276 3351 3291
f 3291 3349 3223
f 3313 2965 3013
f 2965 3303 222
f 222 3300 223
f 223 3298 3186
f 3298 3185 3186
f 3297 2977 3185
f 3310 1213 2977
f 3307 1214 1213
f 2532 3306 3293
f 2894 3293 3292
f 2871 3292 3377
f 3253 3240 3242
f 3283 3013 2152
f 1997 1889 1892
f 1237 744 855
f 1535 120 121
f 1531 201 214
f 1119 1032 984
f 946 824 947
f 163 5 162
f 3589 3723 3741
f 1155 1162 1164
f 427 327 424
f 553 796 498
f 3381 2231 2237
f 3381 2230 2232
f 2237 3180 3381
f 3383 3385 3382
f 3384 3387 3385
f 3386 3389 3387
f 3388 3391 3389
f 3392 3394 3395
f 3395 3396 3397
f 3398 3397 3396
f 3400 3399 3398
f 3403 3405 3402
f 3406 3404 3403
f 3408 3407 3406
f 3410 3409 3408
f 3412 3411 3410
f 3415 3398 3414
f 3414 3396 3416
f 3416 3394 3417
f 3417 3393 3418
f 3393 3420 3418
f 3419 3421 3420
f 3390 3422 3421
f 3388 3423 3422
f 3386 3424 3423
f 3384 3425 3424
f 3425 3426 3184
f 2904 3428 2947
f 3429 2904 2902
f 3430 2902 2876
f 2875 3430 2876
f 3432 2733 2736
f 2825 3435 2824
f 3437 3439 3436
f 3441 3436 3440
f 2724 3434 2825
f 3436 3115 3117
f 3440 3117 3119
f 3443 3414 3442
f 3442 3416 3444
f 3444 3417 3445
f 3445 3418 3446
f 3446 3420 3447
f 3420 3448 3447
f 3421 3449 3448
f 3422 3450 3449
f 3423 3451 3450
f 3424 3452 3451
f 3425 3056 3452
f 3451 2253 2252
f 3450 2252 1727
f 3449 1727 2150
f 3448 2150 1941
f 3453 3448 1941
f 3454 3447 3453
f 3455 3446 3454
f 3456 3445 3455
f 3442 3456 3457
f 3443 3457 3458
f 3459 3458 3457
f 3457 3455 3459
f 3459 3454 3461
f 3462 3459 3461
f 3461 3453 3463
f 3464 3461 3463
f 3463 1941 1360
f 3404 3401 3405
f 3407 3399 3404
f 3409 3397 3407
f 3411 3395 3409
f 3465 3413 3412
f 3467 3469 3466
f 3465 3431 3433
f 3470 3466 3465
f 3438 3432 3435
f 3467 3438 3437
f 3468 3437 3441
f 3471 3468 3472
f 3472 3441 3473
f 3473 3440 2712
f 2712 3119 3128
f 3475 3472 3474
f 3474 3473 3476
f 3476 2712 2711
f 3477 2711 2400
f 3478 3476 3477
f 3479 3474 3478
f 3392 3413 3480
f 3466 3480 3413
f 3419 3392 3480
f 3390 3480 3391
f 3469 3391 3480
f 3389 3471 3475
f 3387 3475 3479
f 3385 3479 3481
f 3482 2400 2402
f 3483 3477 3482
f 3481 3478 3483
f 3484 2402 2707
f 3058 2707 2708
f 3061 3484 3058
f 3485 3482 3484
f 3382 3481 3486
f 3486 3483 3485
f 3426 3382 3487
f 3487 3486 1962
f 3486 3061 1962
f 1961 3487 1962
f 3057 3426 3487
f 3428 3402 3488
f 3427 3403 3428
f 3429 3406 3427
f 3430 3408 3429
f 3431 3410 3430
f 3470 3433 3432
f 3434 3438 3435
f 2723 3439 3434
f 2875 3433 3431
f 2736 3435 3432
f 2947 3488 3500
f 3464 1360 3497
f 1900 1924 1901
f 1736 1718 1750
f 1955 1943 1956
f 1671 1735 1751
f 1696 1698 1692
f 1800 1864 1801
f 2063 2056 2060
f 1737 1717 1736
f 1751 1697 1695
f 943 3899 684
f 3656 3402 3605
f 1577 1764 1703
f 3917 1599 3923
f 1945 82 1944
f 68 7 248
f 147 1543 148
f 1109 1133 1102
f 1503 1907 1908
f 1499 1909 1498
f 452 735 215
f 1824 3835 3845
f 1825 2068 1824
f 1463 1022 1194
f 841 1009 1011
f 1568 1955 1534
f 1926 1927 1923
f 1910 1502 1939
f 1939 422 442
f 309 1940 308
f 1804 1866 1803
f 269 1954 56
f 2065 2060 2056
f 3812 1758 3835
f 280 552 1940
f 1875 1869 1874
f 1739 1734 1737
f 1778 1790 1788
f 310 1915 279
f 1909 1906 1954
f 1789 1778 1788
f 978 980 979
f 1584 1731 1583
f 425 311 312
f 148 115 116
f 2044 3894 2046
f 277 1939 551
f 1943 1945 1944
f 1461 1463 1464
f 2253 3056 3055
f 2981 3489 958
f 2209 3489 3055
f 2254 3055 3489
f 2998 958 3489
f 2826 2721 2724
f 3490 2721 2817
f 2816 3490 2817
f 2334 2296 2335
f 2298 2334 2336
f 2301 2336 2338
f 2311 2338 2354
f 2312 2354 2355
f 2359 2361 2360
f 2335 2359 2360
f 2414 2365 2364
f 2413 2361 2365
f 2355 2540 2541
f 2541 2539 2542
f 2722 2739 2738
f 3114 2738 3113
f 3110 3121 3120
f 3108 3120 3113
f 3122 3127 3126
f 3112 3126 3121
f 3127 1753 3135
f 3139 2529 2542
f 3744 3133 3139
f 3490 2740 2739
f 3491 2789 3490
f 228 91 88
f 245 243 242
f 248 247 191
f 2 296 295
f 145 300 267
f 327 210 328
f 329 331 330
f 250 228 236
f 239 240 230
f 373 375 374
f 178 176 175
f 1218 1228 1321
f 3862 1295 3854
f 808 824 823
f 3858 1013 1014
f 3813 1411 1413
f 2154 2159 2160
f 3845 1758 1757
f 306 1922 452
f 2157 1976 1977
f 708 2031 1474
f 1450 1227 1428
f 1672 1605 1624
f 1813 1821 1816
f 1717 1715 1718
f 176 402 347
f 1710 3916 3915
f 1712 1577 1711
f 1705 1711 1704
f 971 979 970
f 822 1094 1102
f 2909 2793 2792
f 2810 2795 2793
f 2799 2249 2800
f 3662 2910 2799
f 2769 2801 2795
f 3177 3178 3179
f 3178 3180 3179
f 3181 1393 2800
f 3181 1632 3182
f 3182 2244 3183
f 3183 2243 3180
f 3492 2790 3491
f 2808 3491 2816
f 2239 3572 2240
f 1149 3571 3570
f 1150 3567 3571
f 2202 3566 2015
f 2921 3565 2923
f 3568 2133 2928
f 1777 1759 1792
f 1201 1183 1184
f 3561 2195 2194
f 3553 2770 2768
f 3927 1687 1692
f 1516 154 503
f 3549 2974 2803
f 3550 2779 2778
f 2771 3575 3546
f 3070 3546 3558
f 3547 2775 2867
f 1376 1370 1372
f 2767 3556 2206
f 2195 3543 2767
f 2775 3542 2776
f 3377 3545 2871
f 3804 3539 2806
f 2776 3538 2805
f 2240 3535 2920
f 2920 3669 3619
f 3548 2786 2779
f 1805 1851 1804
f 3534 2787 2786
f 2951 3540 3531
f 2772 3531 3575
f 2973 3530 3536
f 2224 3537 3530
f 1957 320 510
f 306 304 303
f 2770 3528 2913
f 2913 3574 2239
f 2923 3527 2922
f 308 431 47
f 207 132 543
f 1879 1881 1880
f 3733 3525 2089
f 2475 3558 3524
f 2476 3524 3523
f 2223 3523 3537
f 3522 2803 2802
f 2037 11 1950
f 1959 450 505
f 2003 3520 2129
f 9 334 540
f 2009 3518 3567
f 2008 3536 3518
f 3877 673 3879
f 3515 2778 2784
f 2935 3513 2936
f 111 3570 3511
f 3510 2935 2938
f 683 3885 943
f 3508 2810 2909
f 736 732 729
f 1795 1803 1796
f 3505 2938 2939
f 3507 2939 2940
f 2950 3504 2949
f 2940 3504 3507
f 3801 3512 2950
f 2868 3502 2869
f 2869 3522 2802
f 1024 1023 1020
f 3500 2948 2947
f 551 442 443
f 2972 3568 2928
f 2032 3499 2972
f 216 1924 1923
f 203 201 200
f 1828 1847 1837
f 1958 449 450
f 272 178 175
f 2871 3495 1361
f 3619 3564 2921
f 2801 3643 3662
f 2005 3654 2176
f 960 899 962
f 3657 3612 3624
f 3780 3646 3151
f 3151 3593 2555
f 2193 3623 2194
f 3607 3145 3144
f 3603 2761 3145
f 3592 3144 3104
f 2926 3634 3103
f 3634 3104 3103
f 3755 3746 3753
f 566 3758 2005
f 3488 1864 3500
f 1602 2079 2078
f 2868 3611 2922
f 2922 3610 2923
f 2923 3618 2921
f 3670 2918 3614
f 3619 3614 2920
f 2921 3670 3619
f 2920 3586 2240
f 3613 2915 2918
f 2917 3622 3641
f 2916 3641 3642
f 2239 3652 2913
f 2911 3652 2757
f 3643 2911 2910
f 2797 3662 3591
f 2797 3598 2750
f 3622 2763 2765
f 3608 2764 2745
f 2194 3648 2221
f 2221 3649 2222
f 2756 3609 2755
f 2750 3609 2747
f 3669 1817 3827
f 3763 1691 1699
f 2515 3590 2548
f 2548 3593 2550
f 2513 3632 3616
f 2513 3621 2515
f 2509 3620 2289
f 2510 3633 2509
f 2289 3639 2283
f 2283 3617 2286
f 2240 3587 2239
f 3659 3624 3626
f 716 3887 3888
f 727 3761 1923
f 2165 2170 2164
f 3660 3626 3629
f 3743 3578 3757
f 2175 769 770
f 2100 2095 2099
f 3758 3757 3578
f 640 3568 1826
f 1653 3553 1651
f 1895 3530 746
f 746 3537 741
f 1653 3528 3576
f 3762 1604 1672
f 2093 2073 2078
f 959 995 884
f 962 919 986
f 1400 1398 1399
f 1000 1127 1004
f 956 884 885
f 1662 3550 1661
f 2034 3546 1654
f 3926 3539 3802
f 3535 766 1817
f 3572 765 766
f 334 3571 335
f 1868 3540 1656
f 1684 1652 1678
f 1682 775 1807
f 1585 3762 1700
f 3763 1672 1673
f 2173 490 491
f 1658 3547 1752
f 3556 1650 724
f 1571 2010 1572
f 1587 3671 2080
f 2099 2077 2094
f 787 1999 786
f 2000 786 1999
f 3155 3697 3683
f 3713 3683 3789
f 2180 3685 3684
f 3496 3684 3705
f 1684 3840 1651
f 1760 3495 3545
f 2607 3693 2590
f 2581 3689 2607
f 2371 3700 3695
f 2371 3693 2372
f 2587 3675 2586
f 2586 3697 339
f 2497 3687 2503
f 2502 3687 3700
f 2494 3690 2495
f 3690 2472 2495
f 3688 2468 2472
f 3701 2469 2468
f 726 3892 630
f 581 3518 580
f 10 3570 334
f 1837 3510 1849
f 741 3523 1300
f 1299 3558 2034
f 1851 3504 1866
f 3527 1820 1819
f 580 3536 1895
f 1758 3522 3502
f 1693 3508 1806
f 3504 1867 1866
f 1894 3568 3499
f 2126 3813 3841
f 3906 3841 3912
f 2113 3867 2110
f 2179 3789 3685
f 624 3904 623
f 2192 3788 3780
f 2177 3787 3733
f 1364 3833 1338
f 3858 1470 1453
f 3135 3775 3744
f 2069 3835 2068
f 1351 3853 1352
f 2108 3901 499
f 2089 3736 3733
f 3828 1358 866
f 2001 3783 2187
f 2187 3719 2091
f 2130 3752 2004
f 2004 3749 2001
f 2014 3779 2201
f 2201 3756 2130
f 3167 3759 2969
f 3168 3720 3167
f 3159 3764 3160
f 3160 3765 3081
f 3730 3158 337
f 3158 3709 3159
f 2200 3730 3722
f 3685 3742 2204
f 3722 2197 2200
f 3790 2092 3721
f 3774 3721 2197
f 3154 3790 3774
f 3155 3706 3154
f 2091 3721 2092
f 2196 3750 3776
f 2193 3776 3781
f 3604 3781 3788
f 2086 3780 3778
f 2087 3778 3777
f 2204 3751 2205
f 2205 3750 3148
f 3909 574 692
f 2124 3777 3760
f 2208 3760 3782
f 3711 3140 3137
f 3785 3138 3140
f 3745 3139 3138
f 3771 3136 2322
f 3712 3137 3136
f 3775 3131 3133
f 3767 3132 3131
f 1813 3838 1814
f 1293 3856 1344
f 2184 3748 3732
f 2181 3732 3734
f 3765 3079 3081
f 3768 3080 3079
f 709 3875 2031
f 2774 3737 3769
f 3786 2134 3559
f 3809 766 765
f 2968 3766 2959
f 2969 3784 2968
f 2958 3737 2961
f 2132 3766 2960
f 2321 3771 3748
f 3860 1449 28
f 3905 582 710
f 3886 577 574
f 3847 1818 3827
f 705 3887 2121
f 3816 3907 698
f 2111 3911 2113
f 3810 1366 1411
f 1812 3822 1815
f 675 3852 674
f 3496 3851 675
f 2110 3868 2109
f 2104 3901 2106
f 2109 3899 944
f 3842 703 739
f 1680 3846 1684
f 1639 3819 3818
f 623 3906 697
f 2139 3866 3865
f 1808 3844 3837
f 3820 1819 1820
f 3872 3900 706
f 1646 3830 1648
f 3889 633 577
f 2139 3875 18
f 2156 3871 3874
f 674 3913 3869
f 2117 3812 2069
f 1815 3847 3823
f 3855 1444 1470
f 697 3912 3816
f 866 3836 3828
f 3864 2136 2135
f 3585 3726 3589
f 3583 3731 3585
f 3753 3738 3739
f 3740 3581 3743
f 1088 3746 1093
f 3739 3743 3753
f 2791 3493 2792
f 3492 2807 3493
f 2792 3494 2909
f 3493 2806 3494
f 3508 3494 3516
f 3516 2806 3539
f 2948 3791 3801
f 2105 3896 2104
f 3538 3804 2805
f 680 3876 683
f 1891 3910 3891
f 2905 3801 2950
f 2900 3799 2905
f 2901 3807 2877
f 2734 3806 3794
f 2877 3806 2878
f 2820 3794 2872
f 2818 3792 2827
f 2823 3792 2826
f 2822 3798 2821
f 2819 3800 3798
f 2817 3795 2816
f 2809 3795 2815
f 2808 3803 2807
f 2805 3803 2804
f 1702 3923 1599
f 3922 1797 1802
f 3915 1706 1709
f 3918 1692 1698
f 1657 3880 1879
f 1890 3895 3910
f 3772 1674 1675
f 1689 3772 3773
f 3926 3538 1688
f 3516 1689 3773
f 3917 1703 1764
f 1598 3928 1770
f 3880 1876 1879
f 1691 3925 3927
f 3925 1688 1687
f 1117 1118 3930
f 1066 1322 3930
f 1243 847 3930
f 3825 848 3930
f 1128 1117 3930
f 1129 1130 3930
f 841 1011 3930
f 1230 3863 3930
f 1242 1243 3930
f 1322 1229 3930
f 1064 1065 3930
f 1003 1128 3930
f 1229 1230 3930
f 3863 1285 3930
f 1285 1288 3930
f 848 839 3930
f 847 3825 3930
f 1118 1129 3930
f 1065 1066 3930
f 1087 1086 3930
f 1008 1002 3930
f 1011 1008 3930
f 1002 1003 3930
f 1076 1069 3930
f 838 841 3930
f 839 838 3930
f 1288 1242 3930
f 1130 1087 3930
f 1086 1076 3930
f 1069 1064 3930
f 2410 2414 3931
f 2411 2410 3931
f 3617 2285 3931
f 2394 2393 3931
f 2393 2396 3931
f 2281 2286 3931
f 2282 2280 3931
f 2398 2399 3931
f 2465 2464 3931
f 2396 2397 3931
f 2470 2469 3931
f 2399 2416 3931
f 2480 2395 3931
f 2459 2480 3931
f 2369 2282 3931
f 2460 2459 3931
f 2415 2411 3931
f 2416 2415 3931
f 2364 2363 3931
f 2286 3617 3931
f 2464 2470 3931
f 2469 3703 3931
f 2285 2465 3931
f 2414 2364 3931
f 2395 2394 3931
f 2363 2367 3931
f 2397 2398 3931
f 2280 2281 3931
f 3703 2460 3931
f 2367 2369 3931
f 4 3 2
f 8 7 6
f 13 16 15
f 17 28 19
f 32 31 30
f 36 35 34
f 37 40 39
f 21 22 23
f 25 26 27
f 41 44 43
f 48 47 46
f 52 51 50
f 53 56 55
f 60 59 58
f 29 30 62
f 66 65 64
f 67 5 6
f 72 71 70
f 76 75 74
f 77 80 79
f 81 84 83
f 59 87 86
f 88 91 90
f 96 95 94
f 100 99 98
f 101 104 103
f 106 105 34
f 108 116 115
f 117 119 36
f 124 127 126
f 131 130 129
f 132 102 134
f 142 141 140
f 148 106 60
f 144 143 127
f 149 152 151
f 156 155 154
f 159 150 158
f 116 108 164
f 171 170 169
f 174 126 173
f 179 182 181
f 186 189 188
f 194 197 196
f 199 142 139
f 206 209 208
f 213 212 211
f 202 215 214
f 96 93 216
f 92 238 43
f 97 184 246
f 250 249 229
f 252 254 58
f 258 257 256
f 260 91 229
f 110 111 112
f 114 264 263
f 265 268 267
f 56 53 270
f 274 273 249
f 185 183 63
f 280 279 278
f 285 284 283
f 288 219 211
f 141 142 92
f 289 290 175
f 148 116 105
f 312 311 170
f 238 262 42
f 318 163 160
f 310 309 308
f 241 239 325
f 160 230 240
f 47 48 307
f 108 109 315
f 345 85 86
f 348 351 350
f 356 359 358
f 355 354 353
f 363 31 32
f 364 252 253
f 366 125 368
f 183 372 371
f 163 162 161
f 209 226 101
f 378 377 165
f 379 295 381
f 383 382 3
f 284 285 386
f 387 127 389
f 391 259 229
f 73 281 397
f 405 408 407
f 203 218 411
f 414 121 413
f 1 356 357
f 277 276 131
f 254 344 57
f 358 384 415
f 417 416 386
f 401 400 192
f 419 389 127
f 421 181 182
f 103 301 302
f 428 367 368
f 380 390 359
f 62 204 266
f 140 141 431
f 357 358 351
f 356 1 379
f 415 392 403
f 437 428 436
f 438 441 440
f 188 451 450
f 265 455 181
f 224 185 64
f 237 212 213
f 275 131 128
f 281 282 460
f 50 462 79
f 73 74 282
f 468 467 466
f 390 355 352
f 482 485 484
f 489 488 487
f 493 496 495
f 472 471 470
f 502 501 500
f 220 221 222
f 512 419 143
f 518 517 511
f 513 239 230
f 205 30 31
f 189 370 451
f 163 318 532
f 533 224 225
f 446 448 447
f 335 541 540
f 544 512 546
f 329 519 291
f 199 534 262
f 385 386 416
f 532 190 191
f 363 117 118
f 578 581 580
f 573 572 571
f 561 563 562
f 241 260 259
f 590 593 592
f 545 546 595
f 503 154 155
f 606 625 624
f 478 481 480
f 646 649 648
f 590 591 689
f 564 565 651
f 728 246 184
f 714 724 716
f 692 574 575
f 541 335 581
f 346 68 248
f 161 231 230
f 128 129 94
f 698 705 704
f 574 577 576
f 290 289 401
f 630 631 725
f 733 736 735
f 755 466 496
f 759 480 481
f 757 763 762
f 764 496 466
f 768 767 3808
f 759 760 488
f 492 474 475
f 474 770 769
f 773 468 465
f 771 774 486
f 484 485 775
f 774 776 489
f 495 496 764
f 495 757 761
f 137 397 784
f 325 239 797
f 165 519 51
f 369 32 29
f 730 731 568
f 90 302 301
f 243 118 516
f 800 734 806
f 817 815 808
f 816 808 823
f 306 303 447
f 815 810 809
f 829 830 828
f 726 725 501
f 274 427 424
f 879 882 881
f 884 883 879
f 219 218 217
f 906 905 904
f 455 204 205
f 898 882 830
f 903 900 880
f 377 291 519
f 923 949 948
f 946 947 951
f 3519 740 739
f 900 899 886
f 225 64 65
f 182 445 442
f 809 952 947
f 954 960 962
f 927 950 965
f 885 879 880
f 925 927 966
f 343 342 341
f 965 964 971
f 968 971 970
f 972 968 969
f 963 961 981
f 336 337 338
f 992 993 827
f 810 815 996
f 1007 1001 1002
f 1012 826 827
f 1011 1009 1007
f 294 293 292
f 907 908 920
f 1017 579 1019
f 1020 1023 1022
f 1035 1024 1020
f 1061 1060 1047
f 1063 1061 1046
f 1044 1020 1021
f 1102 1094 1097
f 1116 1126 1118
f 1016 1015 1014
f 881 897 904
f 816 1116 1127
f 1094 948 949
f 514 342 167
f 146 145 81
f 1133 1135 1130
f 1102 1133 1126
f 822 1126 1116
f 1145 1143 1148
f 1076 1144 1151
f 1148 1143 1086
f 1109 1097 1114
f 1154 1153 1156
f 1153 925 967
f 3464 3497 463
f 1144 1147 1152
f 1156 967 1163
f 1164 1162 1169
f 1145 1171 1176
f 1114 1115 1154
f 1183 1155 1164
f 1184 1183 1177
f 1069 1151 1062
f 1023 1191 1194
f 1162 1163 1170
f 1195 1184 1185
f 1183 1196 1176
f 1201 1063 1152
f 1061 1063 1201
f 3825 847 843
f 1203 1202 1195
f 1202 1201 1184
f 1218 1060 1203
f 1060 1061 1202
f 1225 1218 1217
f 671 695 694
f 1219 1217 1024
f 1217 1203 1034
f 1226 1014 1015
f 1243 1242 1234
f 1231 1230 1229
f 847 1243 1233
f 843 1233 1244
f 1233 1234 1245
f 1923 3761 233
f 2100 2108 499
f 3914 3864 2135
f 61 62 323
f 210 211 217
f 1299 1310 1309
f 3863 1230 1231
f 1066 1047 1321
f 1322 1321 1228
f 1060 1218 1321
f 1325 1324 1323
f 1244 1245 1332
f 1290 1234 1242
f 1337 1330 1339
f 1330 1332 1340
f 1341 1332 1245
f 1342 1340 1332
f 1343 1342 1341
f 1344 1341 1294
f 3857 3856 1345
f 1347 1348 1342
f 3856 3854 1295
f 1349 1350 1348
f 3861 1349 1347
f 3853 1347 1343
f 906 898 829
f 905 906 1353
f 865 1356 1355
f 1355 1353 829
f 1357 1355 825
f 1356 1354 1353
f 3834 1337 1338
f 866 1358 1356
f 1358 1359 1354
f 3828 878 1337
f 838 1362 1012
f 1363 1364 1338
f 1368 1363 1339
f 1348 1368 1340
f 1371 1369 3824
f 524 525 526
f 528 529 530
f 1372 1370 1369
f 535 536 537
f 1367 1368 1348
f 1370 1354 1359
f 1369 1359 3833
f 1373 910 903
f 555 556 557
f 1374 909 910
f 1373 904 905
f 1374 1373 1375
f 1375 905 1354
f 1378 920 908
f 376 373 651
f 1388 928 973
f 586 587 588
f 1390 1389 1388
f 1391 1388 969
f 597 598 599
f 600 601 602
f 1392 1391 970
f 608 609 610
f 612 524 523
f 614 615 616
f 617 618 25
f 620 621 622
f 1397 1390 1391
f 1398 1397 1392
f 1400 987 920
f 1402 1403 1165
f 636 637 638
f 930 1404 1402
f 641 642 643
f 929 1402 1169
f 1404 1405 1403
f 1411 1366 1365
f 1412 1406 1415
f 652 653 654
f 609 656 657
f 659 660 661
f 558 663 586
f 665 666 667
f 1413 1411 1406
f 1418 1416 3810
f 1417 1372 1371
f 1416 1371 3829
f 1419 1417 1416
f 1386 909 1374
f 677 678 679
f 1385 1386 1420
f 1420 1374 1376
f 685 686 687
f 1421 1420 1422
f 528 690 691
f 1422 1376 1372
f 1018 1019 747
f 699 700 701
f 1424 578 579
f 3663 1597 1767
f 700 699 711
f 1093 3746 3754
f 717 718 530
f 721 722 723
f 704 1650 3543
f 19 1429 1426
f 1429 1428 1427
f 1658 1659 3542
f 1439 1437 1434
f 1437 1436 1435
f 1426 1427 1433
f 1442 1431 1432
f 742 743 744
f 1432 1433 1441
f 751 752 753
f 1438 1434 1403
f 1446 1445 1444
f 1447 1448 1446
f 3860 1447 1443
f 1415 1367 1445
f 1414 1415 1446
f 2173 1683 469
f 777 778 779
f 780 781 782
f 1676 1693 1806
f 3859 1451 1349
f 789 790 791
f 745 792 793
f 652 794 795
f 1455 1458 1457
f 1454 1367 1350
f 610 691 802
f 3831 3816 698
f 1352 1044 1045
f 1015 1016 1459
f 811 812 813
f 2118 3815 3817
f 819 820 821
f 1466 1463 1194
f 1467 1468 1465
f 1182 1165 1468
f 832 812 833
f 835 836 837
f 1467 1466 1190
f 1469 1470 1444
f 840 700 712
f 1453 1470 1469
f 599 844 845
f 1226 1450 3849
f 851 852 853
f 855 744 856
f 858 859 860
f 861 862 863
f 1014 1226 3855
f 867 676 868
f 870 871 872
f 874 875 876
f 1310 1323 1471
f 1476 1433 1427
f 1461 1476 1475
f 887 888 889
f 788 791 892
f 894 895 896
f 1460 1475 1227
f 901 902 524
f 1465 1478 1477
f 1865 3503 3500
f 911 912 913
f 916 917 918
f 1850 3505 3507
f 921 922 895
f 1479 1435 1436
f 926 664 667
f 1481 562 563
f 269 1483 84
f 931 932 933
f 934 935 614
f 936 685 688
f 938 659 662
f 1484 270 122
f 941 942 835
f 320 321 509
f 1849 3510 3505
f 84 1483 1484
f 1487 1490 1488
f 1757 1758 3502
f 365 1492 1491
f 461 79 80
f 117 363 362
f 1494 540 541
f 926 601 957
f 1477 1441 1433
f 1709 1588 1585
f 119 117 1496
f 271 1497 504
f 511 517 189
f 345 1496 1492
f 57 344 299
f 1501 1499 268
f 267 268 1499
f 974 975 976
f 1678 1652 1693
f 3846 1682 1807
f 557 982 663
f 983 941 984
f 1443 1444 3849
f 421 1500 268
f 989 990 991
f 1490 1487 418
f 279 280 309
f 997 868 676
f 998 26 999
f 1504 418 38
f 1506 1508 1507
f 360 361 1508
f 1506 1486 207
f 939 1005 1006
f 270 1484 1483
f 66 63 546
f 1010 742 793
f 367 428 437
f 244 31 363
f 1670 3532 3534
f 209 206 1510
f 388 389 426
f 427 274 250
f 161 520 521
f 100 246 45
f 1025 1026 608
f 1029 1030 1031
f 939 662 1033
f 41 42 594
f 1036 780 783
f 702 701 1038
f 1040 1041 1042
f 362 32 369
f 187 1520 477
f 70 1487 539
f 1049 600 603
f 613 867 869
f 860 1050 1051
f 1005 1052 1053
f 753 1055 1056
f 1057 1058 1059
f 293 288 1522
f 288 212 1521
f 292 1522 1523
f 331 1507 1508
f 306 452 453
f 100 44 41
f 462 1524 78
f 330 331 1524
f 635 1067 1068
f 1485 1527 1526
f 206 1485 1528
f 1070 1071 1072
f 942 941 1073
f 916 933 1075
f 440 1529 1530
f 157 158 1514
f 1529 162 5
f 371 595 546
f 790 586 663
f 1077 858 857
f 1403 1434 1435
f 1080 1081 1082
f 531 520 1529
f 21 1083 1084
f 272 1532 1531
f 690 712 802
f 335 3571 3567
f 1090 1030 1029
f 1092 795 794
f 1533 396 137
f 661 660 1095
f 69 444 445
f 1099 1100 1101
f 38 39 1536
f 1104 1105 1106
f 852 1107 1108
f 1377 908 909
f 291 377 411
f 316 1536 516
f 539 1488 1533
f 1505 1536 316
f 1110 1111 1112
f 1539 1537 460
f 522 441 1537
f 834 837 1120
f 1122 1123 1124
f 612 1125 1041
f 935 793 615
f 276 278 130
f 1686 3549 3522
f 193 190 1541
f 231 521 1540
f 556 1037 982
f 365 253 85
f 190 532 318
f 1810 765 3574
f 3924 1867 3512
f 1132 983 985
f 208 101 102
f 1134 1033 662
f 1491 518 80
f 429 133 1542
f 1137 1138 915
f 172 436 428
f 1139 1140 1141
f 549 96 54
f 1517 1519 1518
f 834 1119 984
f 1543 513 286
f 1544 797 239
f 133 134 1544
f 506 361 257
f 420 327 328
f 1158 1159 1160
f 587 1104 1103
f 607 1161 1027
f 304 1546 1545
f 364 1491 77
f 69 70 198
f 700 840 1112
f 3877 626 3525
f 1166 719 657
f 1167 1168 858
f 1300 3523 3524
f 1172 1173 1174
f 218 203 200
f 1179 1180 1181
f 372 183 97
f 89 104 227
f 1186 1187 1188
f 172 173 1517
f 1482 84 81
f 1090 1192 1193
f 394 395 353
f 526 525 1198
f 1199 1200 1026
f 606 623 697
f 1204 1205 1206
f 1207 1208 523
f 1209 1210 867
f 914 913 685
f 1478 1436 1441
f 1029 1028 1161
f 1211 1212 1213
f 3858 1453 1451
f 844 1215 1216
f 423 193 273
f 1220 1221 1222
f 22 1223 1224
f 882 898 897
f 1519 1517 173
f 1189 1188 1232
f 349 350 550
f 1071 1235 1236
f 1237 1238 1239
f 1221 1186 1189
f 1510 1528 1512
f 939 1032 1241
f 1556 1530 5
f 1553 1554 394
f 404 1556 67
f 1247 1248 1249
f 142 199 238
f 1251 1067 635
f 850 1252 1253
f 1254 1167 1077
f 57 132 133
f 443 430 552
f 1187 1172 1175
f 1256 1070 831
f 432 405 382
f 741 748 747
f 434 350 351
f 349 432 383
f 251 124 1481
f 395 384 352
f 1518 1519 1550
f 1558 410 378
f 109 263 314
f 285 1514 1513
f 395 394 393
f 202 203 410
f 417 408 405
f 1246 1257 1258
f 3 1559 297
f 1259 1260 1261
f 403 404 347
f 955 954 953
f 462 50 51
f 1096 1095 687
f 429 147 60
f 896 1264 1265
f 1267 721 1268
f 423 424 327
f 37 179 180
f 20 23 1187
f 1256 1168 1071
f 1188 1175 1269
f 1236 1270 1271
f 1272 536 535
f 565 564 463
f 1273 792 745
f 876 1254 1255
f 316 33 164
f 437 1516 503
f 194 1494 1495
f 1275 1276 864
f 624 625 631
f 1277 1274 1137
f 569 568 567
f 1481 124 125
f 324 325 547
f 1279 1108 1107
f 1525 332 329
f 1281 1278 1137
f 171 168 1553
f 1488 73 396
f 1557 1561 1562
f 1282 856 1206
f 1053 1277 1278
f 778 777 607
f 713 583 3566
f 251 225 144
f 4 357 348
f 709 708 707
f 728 48 45
f 261 135 1563
f 789 1286 1287
f 74 314 263
f 403 284 385
f 1178 1181 1240
f 1223 1259 1289
f 1220 20 1186
f 296 1518 354
f 784 459 1538
f 1181 1180 1291
f 1269 1292 1257
f 1566 1538 438
f 136 784 1566
f 1563 1564 169
f 107 114 109
f 1297 1282 1298
f 1464 1477 1476
f 1520 187 507
f 1301 1302 1303
f 1306 1307 1308
f 175 456 1532
f 1532 456 200
f 1311 1266 1312
f 872 1314 1315
f 3836 843 878
f 1305 1308 864
f 1040 1275 863
f 1564 1566 399
f 592 1576 1575
f 591 1575 1088
f 1581 1584 1583
f 1196 1152 1147
f 710 582 583
f 285 407 408
f 953 954 961
f 1594 1592 1589
f 1585 1588 1587
f 1592 1591 1590
f 3885 945 944
f 1600 1599 1598
f 1604 1603 1602
f 1399 1392 979
f 1589 1590 1596
f 1610 1609 1608
f 298 257 361
f 551 552 276
f 1627 1626 3814
f 859 811 818
f 1078 857 1328
f 1555 439 1530
f 572 573 680
f 772 465 776
f 977 1281 918
f 404 403 392
f 1054 1331 750
f 1644 1645 1643
f 932 1265 1082
f 1067 1333 1334
f 1540 1539 264
f 597 1335 643
f 471 761 762
f 1642 696 3831
f 1644 1642 3842
f 923 946 950
f 96 549 548
f 520 531 522
f 445 444 443
f 849 839 848
f 480 759 755
f 1646 760 481
f 311 426 1567
f 464 463 3497
f 3497 1360 1361
f 234 237 236
f 190 193 192
f 153 154 152
f 231 287 286
f 1552 1553 1551
f 760 1646 1648
f 3832 1647 1649
f 828 827 826
f 52 167 166
f 1663 1662 1661
f 287 107 115
f 668 671 670
f 634 645 640
f 553 560 559
f 118 36 33
f 492 484 491
f 3552 1652 1651
f 582 589 584
f 384 395 392
f 1381 1382 1383
f 1562 1561 435
f 952 953 951
f 3529 3566 583
f 1660 1661 1667
f 1394 1395 1396
f 1660 1665 1664
f 1671 1670 1669
f 1624 1625 1673
f 1407 1408 1409
f 1677 1676 1675
f 1613 1679 1677
f 1679 1678 1676
f 1626 1681 3811
f 534 199 198
f 803 733 734
f 400 248 191
f 65 66 143
f 3526 1657 1656
f 402 159 157
f 629 628 627
f 461 477 49
f 758 757 495
f 796 787 786
f 406 407 1513
f 342 343 166
f 1694 1659 1658
f 1692 1687 1694
f 3557 1693 1652
f 3921 1704 1703
f 326 547 302
f 3916 3921 1702
f 3919 3918 1698
f 1699 1691 3927
f 1557 406 1560
f 1127 1116 1117
f 400 401 289
f 1706 1702 1707
f 1707 1702 1599
f 1709 1706 1708
f 1714 1712 1711
f 3919 3915 1709
f 1704 1711 1577
f 1716 1714 1713
f 1559 1562 1549
f 1722 1721 1720
f 1335 597 596
f 410 411 377
f 973 1170 1163
f 168 169 399
f 1571 682 1089
f 1572 681 682
f 749 646 647
f 1730 1724 1723
f 1594 1582 1729
f 1729 1723 1591
f 1384 1378 1377
f 1732 1731 1712
f 1724 1730 1731
f 1722 1724 1732
f 1721 1722 1733
f 1734 1733 1716
f 1735 1737 1736
f 1733 1732 1714
f 1663 1664 1741
f 1742 1665 1740
f 1738 1739 1737
f 1665 1660 1666
f 1665 1742 1744
f 1725 1726 1746
f 1591 1725 1745
f 1590 1745 1747
f 1745 1746 1748
f 1659 1688 3538
f 3287 1760 3545
f 1185 1177 1182
f 1664 1744 1749
f 1741 1749 1739
f 1746 1742 1743
f 1726 1744 1742
f 1115 924 1153
f 1654 3546 3575
f 1896 3562 3549
f 1720 1749 1744
f 1721 1739 1749
f 1750 1718 1701
f 1697 1736 1750
f 1151 1152 1063
f 1751 1752 1670
f 1695 1658 1752
f 961 962 986
f 1770 1769 1768
f 1766 1594 1593
f 1731 1759 1579
f 1579 1777 1774
f 3928 1772 1771
f 1764 1772 3928
f 1777 1776 1775
f 3762 3763 1699
f 1004 1127 1128
f 1774 1775 1771
f 987 1400 1399
f 1578 1774 1772
f 1783 1782 1781
f 1597 1598 1770
f 639 1878 3895
f 3928 3929 1769
f 1793 1792 1789
f 3929 3920 1798
f 3508 3516 3773
f 1802 1867 3924
f 1788 1790 1794
f 1793 1794 1795
f 3773 3772 1675
f 1584 1581 1783
f 1771 1797 3920
f 1801 1799 1798
f 1768 1769 1798
f 1775 1796 1797
f 508 514 515
f 1796 1803 1802
f 1800 1798 3920
f 1794 1805 1804
f 3532 1670 1752
f 485 1808 1807
f 3809 3844 1640
f 3837 3844 1810
f 485 482 1640
f 1690 1691 3770
f 487 488 1648
f 3839 1813 1816
f 3838 1811 1648
f 3839 1812 1811
f 1812 1809 487
f 1641 1809 767
f 465 466 755
f 767 1815 3823
f 3822 1816 3826
f 1809 1812 1815
f 3837 1653 1651
f 675 672 3541
f 1814 1649 1822
f 1821 1822 3821
f 1824 1822 1649
f 1827 1849 1850
f 1668 1669 1662
f 1779 1780 1848
f 1790 1827 1805
f 1833 1836 1853
f 3521 3506 693
f 1614 1615 1616
f 1852 1853 3498
f 1620 1621 1622
f 1855 1765 1574
f 1847 1852 3501
f 1766 1765 1855
f 1629 1630 1631
f 1633 1622 1634
f 1635 1636 1637
f 1848 1833 1852
f 1855 1861 1863
f 1803 1866 1867
f 1862 1863 1831
f 1782 1855 1862
f 3922 3924 1865
f 1873 1872 1870
f 1874 1869 799
f 2045 3878 3897
f 1219 1345 1295
f 1615 1614 1396
f 3884 3895 1877
f 645 3898 3786
f 1345 1219 1035
f 634 639 3884
f 15 1887 1327
f 3910 3895 1878
f 1894 604 605
f 3506 3551 627
f 3560 640 645
f 340 341 454
f 1897 194 195
f 1889 1882 1877
f 1901 94 129
f 196 749 754
f 1705 1704 3921
f 340 378 166
f 1570 1480 563
f 1904 1494 194
f 1781 1862 1832
f 1905 549 55
f 1000 994 995
f 986 919 920
f 1191 1185 1190
f 2094 2077 2075
f 1920 1921 1919
f 453 454 1912
f 1915 1919 1918
f 3882 2112 2106
f 1655 3575 3531
f 1916 1918 1926
f 704 3554 3561
f 278 1916 1925
f 3565 3564 1818
f 1097 949 1115
f 1927 1928 727
f 3578 3579 3654
f 1920 310 307
f 1929 307 48
f 503 504 1497
f 1902 1903 787
f 1816 1821 3820
f 1925 1926 1923
f 1535 1569 1568
f 254 252 258
f 1509 1497 366
f 119 86 35
f 219 288 293
f 141 46 47
f 542 205 244
f 1940 552 430
f 1779 1828 1827
f 1701 1710 3915
f 1661 3550 3515
f 270 53 754
f 197 1947 749
f 1727 1728 1212
f 53 54 232
f 1465 1468 1479
f 1284 3862 3854
f 1951 446 412
f 168 398 1554
f 1486 1485 206
f 506 77 78
f 994 1001 1007
f 951 953 963
f 1013 3859 3861
f 3826 3820 1820
f 1498 1909 1954
f 299 298 543
f 1754 1755 1756
f 1681 469 1683
f 1696 1694 1695
f 13 14 738
f 473 476 475
f 482 1641 768
f 204 62 30
f 1761 1762 820
f 611 1763 1125
f 1501 1503 1908
f 1074 1073 711
f 1960 1944 82
f 120 1956 1960
f 35 86 87
f 1773 1199 1025
f 1965 1545 1569
f 494 761 471
f 1966 1967 1969
f 446 1951 1971
f 174 368 125
f 1580 1579 1578
f 1785 1786 1787
f 1972 1546 304
f 1254 876 875
f 1973 341 342
f 321 1912 1973
f 1910 277 275
f 509 1973 514
f 1486 1507 1527
f 1974 1874 804
f 1977 1976 1974
f 1980 448 1966
f 379 1 2
f 1718 1715 1710
f 884 995 992
f 1680 1684 1678
f 902 990 525
f 344 255 256
f 135 138 137
f 448 446 1967
f 589 605 604
f 910 909 908
f 1981 1966 1968
f 1982 1981 1987
f 1988 1979 1987
f 1990 1988 1989
f 1991 1989 1993
f 322 321 320
f 992 828 830
f 1144 1076 1086
f 1995 1977 1978
f 1133 1129 1118
f 1997 1995 1994
f 870 1823 1335
f 805 806 1982
f 727 184 2000
f 1996 1994 1988
f 1994 1978 1979
f 1829 616 792
f 1830 1073 941
f 798 803 800
f 729 732 731
f 2011 2012 2023
f 1834 1835 846
f 402 283 284
f 2022 2023 2024
f 1838 718 989
f 810 955 952
f 1823 1839 1840
f 1430 1426 1432
f 1215 844 1841
f 1316 1208 873
f 2112 1401 1384
f 1842 1843 1844
f 1159 846 845
f 837 27 1846
f 1971 1951 2030
f 517 369 370
f 1471 2026 2027
f 3551 3525 626
f 2174 2175 770
f 935 934 1854
f 1613 1619 1611
f 1231 1228 1225
f 1856 1857 891
f 1300 1309 748
f 1150 1149 1858
f 1643 606 696
f 1215 1265 1264
f 1320 1860 902
f 1956 1943 1944
f 2031 668 669
f 2034 1325 1310
f 1879 1880 1656
f 40 245 242
f 1992 1993 2039
f 888 958 957
f 1882 1889 1996
f 1078 1138 1255
f 1871 912 1192
f 294 411 218
f 1323 2041 2026
f 123 1960 83
f 1324 2036 2041
f 384 358 359
f 1324 1325 2038
f 1883 1884 1885
f 287 1540 114
f 1096 1886 1134
f 915 1329 931
f 806 1980 1981
f 3533 3529 584
f 1425 2030 2042
f 1018 2042 1948
f 3562 1896 740
f 1948 2042 649
f 1881 1882 1990
f 1900 129 130
f 992 995 994
f 923 927 925
f 3878 2045 2047
f 1643 2048 625
f 2050 2052 2051
f 2045 1405 1404
f 3876 2047 945
f 1139 1080 1079
f 1037 1856 892
f 2055 2053 2057
f 1198 989 718
f 1619 2058 1612
f 2058 1605 1606
f 2059 2060 1607
f 2058 1619 1624
f 71 72 179
f 405 406 1557
f 322 1548 1972
f 2061 2052 2063
f 2066 2065 2067
f 2052 2061 2064
f 1609 1610 2066
f 1515 151 152
f 1009 827 993
f 1644 3843 3815
f 279 1915 1916
f 1285 3863 3862
f 1647 2066 1825
f 2056 2057 2067
f 319 320 1953
f 667 666 1913
f 2070 631 625
f 2052 2050 2055
f 2038 1654 1655
f 1606 1601 2073
f 1235 1917 1270
f 2072 2073 2075
f 2059 1606 2072
f 2074 2075 2077
f 1601 1602 2078
f 2049 2048 1643
f 1000 1004 1001
f 1089 943 684
f 1931 1286 1306
f 1462 1459 1021
f 1932 1933 1934
f 875 874 1846
f 1936 1051 1937
f 44 45 46
f 1534 1955 1956
f 1541 318 317
f 2081 2082 2084
f 146 1945 1959
f 1360 1941 1942
f 985 984 1032
f 1995 1997 1892
f 2079 2080 2082
f 2095 2096 2076
f 2081 2093 2078
f 2055 2050 2054
f 501 2096 2095
f 2097 2100 2099
f 2098 2099 2094
f 2140 2141 3893
f 2141 2046 3894
f 2051 2070 2048
f 592 2102 2101
f 2071 2064 2076
f 2102 2097 2098
f 593 2103 2102
f 1019 1895 746
f 1950 11 12
f 725 2071 2096
f 1385 2105 2104
f 1379 2104 2106
f 2107 2108 2100
f 3908 726 502
f 3896 502 499
f 940 1389 2109
f 928 929 1170
f 3868 590 684
f 1962 1963 1964
f 3878 680 573
f 2039 1993 1968
f 1389 1390 2110
f 1398 2111 2113
f 3757 3755 3753
f 3911 3883 2107
f 949 923 924
f 260 241 324
f 1390 1397 2113
f 2070 2051 2064
f 3867 3911 2103
f 2105 1385 1421
f 2114 1421 1423
f 3892 2114 2115
f 3908 2105 2114
f 554 2116 1902
f 972 1163 967
f 1765 1593 1573
f 1984 1985 1986
f 2053 2117 2069
f 3573 3556 724
f 1625 1677 1674
f 3881 3888 2119
f 3903 2115 2123
f 56 1954 1906
f 626 3877 3879
f 2001 2002 2003
f 3912 3841 2127
f 2006 2007 2008
f 2127 1413 1412
f 2014 2015 2016
f 2018 2019 2020
f 1495 1424 1947
f 1379 1377 1386
f 3814 3811 1680
f 2029 1885 1884
f 3902 2128 2120
f 629 3879 3914
f 682 683 943
f 724 1650 2121
f 1757 1819 3821
f 765 1810 3844
f 3851 714 715
f 706 707 3870
f 981 986 987
f 1457 1868 1656
f 2017 2016 2032
f 1458 1655 1868
f 1776 1777 1792
f 1959 1945 1946
f 3663 3715 3725
f 3913 3881 2122
f 1093 1089 689
f 966 965 968
f 3852 715 3881
f 2172 3577 2170
f 670 2138 2137
f 3761 787 1903
f 1429 19 28
f 964 963 978
f 3841 3813 1413
f 1473 1474 669
f 3834 3833 1359
f 2138 798 1870
f 1872 1473 2137
f 715 716 3888
f 1881 1991 1992
f 3843 3842 739
f 1837 1847 3513
f 253 58 59
f 1808 3837 3840
f 1647 3832 3818
f 3865 3866 671
f 2112 3882 3883
f 1405 2045 2044
f 3829 3824 1364
f 273 1541 391
f 576 632 3520
f 3875 3865 668
f 1430 1431 2140
f 2136 3850 3860
f 1430 2139 18
f 3893 3894 570
f 1442 1439 2046
f 1431 1442 2141
f 3869 3913 3850
f 3808 3823 1817
f 3866 3893 695
f 2142 2025 798
f 571 2143 2142
f 3819 3814 1618
f 2143 2022 2025
f 694 2142 2138
f 681 1572 2144
f 2144 2011 2022
f 328 210 457
f 1572 2010 2011
f 630 3892 3903
f 2085 2086 2087
f 2090 2091 2092
f 572 2144 2143
f 1875 1976 2153
f 1873 1875 2149
f 2103 2107 2097
f 2157 2043 2155
f 2128 1412 1414
f 3874 3871 589
f 3872 3870 628
f 2149 2153 2158
f 2159 2158 3905
f 698 3907 3902
f 3823 3847 3827
f 2158 2156 3874
f 1438 2044 2046
f 2035 2154 2160
f 2161 2160 3889
f 3871 3891 605
f 3873 17 18
f 370 29 61
f 649 1951 413
f 2153 2157 2156
f 1428 1429 1449
f 1490 76 73
f 3890 3905 710
f 2155 1891 3891
f 1456 1457 1880
f 2125 2088 2087
f 2160 2159 3890
f 300 1959 505
f 1064 1062 1046
f 2043 1892 1891
f 2129 2130 2004
f 2131 2132 2133
f 3848 3849 1450
f 1998 1975 804
f 3879 673 3864
f 474 492 490
f 1164 1165 1182
f 707 2162 3909
f 708 1472 2162
f 2162 2161 3886
f 548 549 1905
f 1145 1136 1114
f 705 2121 1650
f 2043 2157 1977
f 737 738 554
f 1034 1195 1191
f 458 1905 1907
f 195 196 232
f 2040 2039 1969
f 2145 2146 2147
f 2054 2050 2049
f 3832 1646 1639
f 9 12 11
f 252 364 506
f 472 478 479
f 1865 3924 3791
f 900 903 910
f 1941 2150 2151
f 1921 1928 1927
f 2163 1897 1898
f 271 156 153
f 1904 1326 12
f 282 263 264
f 1872 1873 2154
f 1326 1904 1897
f 628 692 693
f 1724 1722 1719
f 1549 1562 436
f 1582 1583 1730
f 1921 1920 1929
f 3563 3511 10
f 2152 2037 1950
f 475 772 774
f 769 2172 2171
f 2171 2165 476
f 476 773 772
f 1791 565 464
f 2166 2167 2168
f 595 371 372
f 483 1809 1641
f 762 2174 2173
f 771 483 484
f 486 487 1809
f 297 1549 1517
f 763 2175 2174
f 776 755 759
f 184 185 2176
f 412 447 303
f 2005 2176 185
f 3811 1681 1682
f 2164 2170 756
f 1472 2035 2161
f 950 951 964
f 2177 2178 2179
f 227 226 1510
f 2182 2183 2184
f 2186 2019 2018
f 1985 2182 2181
f 214 736 729
f 865 849 842
f 849 865 1357
f 559 3187 3188
f 16 13 737
f 560 553 498
f 3193 3196 3195
f 3200 3197 3198
f 3211 3214 3213
f 3215 3218 3217
f 2187 2188 2002
f 2169 2168 2189
f 2192 2086 2085
f 2193 2194 2195
f 2198 2199 2200
f 1998 1982 1979
f 3664 3665 3668
f 2116 1898 1903
f 1859 2006 2009
f 3904 2123 2126
f 1135 1148 1087
f 2201 2202 2015
f 1149 111 110
f 3221 3222 3218
f 2203 2204 2205
f 579 580 1895
f 1755 2207 2208
f 3891 3910 1893
f 1211 2151 2150
f 868 997 2210
f 944 945 930
f 2130 2129 2202
f 233 1903 1898
f 665 751 750
f 1167 1254 999
f 2211 2212 2213
f 2215 2216 2217
f 3867 593 590
f 2220 221 220
f 823 824 948
f 3225 3220 3227
f 266 204 455
f 3882 2108 2107
f 2221 2222 3519
f 2223 2224 2225
f 2207 2125 2124
f 673 674 3869
f 817 1000 996
f 2227 2228 2146
f 1947 1948 646
f 3900 2135 17
f 2229 1635 1638
f 1679 1613 1618
f 1637 2231 2232
f 2233 2234 1617
f 2231 2235 2236
f 1381 1638 2238
f 3586 2241 2242
f 1630 2234 2233
f 1681 1626 472
f 1408 1407 2243
f 3236 3239 3238
f 3232 3241 3240
f 1637 2230 2238
f 3237 3238 3233
f 1409 1408 1634
f 1380 1383 2247
f 1628 2248 2245
f 2249 1623 1622
f 1632 1634 1408
f 2248 1628 1631
f 2235 2231 1637
f 3245 3246 3199
f 631 2070 2071
f 515 167 52
f 782 781 2251
f 2253 2254 2255
f 397 281 459
f 1456 2039 2040
f 2040 2041 2036
f 1401 2112 2111
f 2041 2040 1970
f 1535 121 414
f 1586 1587 2080
f 2256 983 1132
f 1700 1699 3918
f 3815 1896 1686
f 1263 2256 1886
f 598 1841 844
f 2257 2258 2259
f 2258 2261 2262
f 2259 2262 2263
f 2260 2259 2216
f 1967 1971 1970
f 2212 1964 1963
f 922 921 2218
f 1312 1098 1101
f 1307 1306 1286
f 1548 1569 1546
f 2266 2267 2268
f 2265 2268 2270
f 2272 2265 2269
f 2273 2266 2265
f 2275 2276 2277
f 2278 2274 2277
f 2284 2285 3617
f 2287 2283 2286
f 2288 2289 2283
f 2290 2284 3639
f 2291 2292 2293
f 2295 2291 2294
f 2296 2297 2291
f 2297 2298 2292
f 2294 2293 2299
f 2279 2294 2300
f 2298 2301 2302
f 2292 2302 2303
f 2293 2303 2304
f 2304 2305 2306
f 2308 2309 2310
f 2302 2307 2310
f 2301 2311 2307
f 2312 2308 2307
f 2313 2314 2315
f 2318 2319 2320
f 3748 3771 2322
f 2324 2325 2273
f 2313 2324 2326
f 2328 2324 2313
f 2329 2325 2324
f 2331 2332 2333
f 2330 2333 2267
f 2325 2330 2266
f 2329 2331 2330
f 2333 2334 2335
f 2336 2334 2333
f 2338 2336 2332
f 2331 2339 2337
f 2329 2340 2339
f 2328 2341 2340
f 2316 2342 2341
f 2342 2316 2315
f 2344 2345 2346
f 2341 2344 2347
f 2342 2348 2344
f 2348 2349 2345
f 2350 2351 2352
f 2339 2350 2353
f 2340 2347 2350
f 2347 2346 2351
f 2337 2353 2354
f 2353 2352 2355
f 2356 2277 2276
f 2356 2357 2358
f 2356 2359 2296
f 2279 2277 2356
f 2360 2361 2270
f 2267 2335 2360
f 2362 2363 2364
f 2362 2365 2361
f 2366 2362 2358
f 2366 2367 2363
f 2357 2276 2368
f 2366 2368 2369
f 2276 2275 2370
f 2368 2370 2282
f 2372 2373 2374
f 2375 2376 2377
f 2378 2379 2380
f 2382 2378 2381
f 2384 2385 2378
f 2385 2386 2379
f 2388 2389 2390
f 2387 2390 2392
f 2393 2394 2387
f 2394 2395 2388
f 2186 2401 2402
f 2403 2404 2327
f 2272 2403 2326
f 2271 2405 2403
f 2405 2406 2404
f 2404 2407 2408
f 2409 2410 2411
f 2409 2412 2271
f 2413 2409 2269
f 2413 2414 2410
f 2417 2415 2416
f 2417 2418 2406
f 2412 2417 2405
f 2411 2415 2417
f 2406 2419 2407
f 3569 3520 632
f 2420 2398 2397
f 2420 2421 2423
f 2424 2420 2422
f 2424 2399 2398
f 2425 2391 2392
f 2421 2425 2426
f 2397 2396 2425
f 2396 2393 2391
f 2427 2314 2408
f 2430 2427 2428
f 2343 2315 2427
f 2432 2343 2430
f 2431 2430 2429
f 2435 2431 2433
f 2436 2432 2431
f 2428 2408 2407
f 2422 2437 2407
f 2438 2437 2422
f 2429 2428 2437
f 2440 2434 2433
f 2441 2439 2433
f 2442 2443 2439
f 2443 2444 2440
f 2445 2446 2444
f 2447 2445 2443
f 2383 2381 2445
f 2381 2380 2446
f 2448 2438 2423
f 2449 2448 2426
f 2441 2448 2449
f 2441 2429 2438
f 2449 2392 2390
f 2450 2390 2389
f 2447 2450 2451
f 2442 2449 2450
f 2451 2389 2453
f 2452 2453 2455
f 2382 2452 2454
f 2383 2451 2452
f 2456 2457 2373
f 2459 2460 2461
f 2463 2464 2465
f 2462 2465 2285
f 2466 2462 2284
f 2467 2463 2462
f 2461 2460 3703
f 2468 2469 2470
f 2472 2468 2471
f 2474 2461 3701
f 2475 2476 2477
f 2458 2455 2453
f 2479 2453 2389
f 2395 2480 2479
f 2480 2459 2458
f 2481 2482 2483
f 2484 113 2485
f 2471 2470 2464
f 2473 2471 2463
f 2487 2467 2466
f 2486 2466 2290
f 2490 2486 2488
f 2491 2487 2486
f 2492 2473 2467
f 2493 2492 2487
f 2494 2495 2492
f 2495 2472 2473
f 3690 2496 2474
f 3691 2497 2496
f 2498 2494 2493
f 2500 2498 2499
f 3700 3687 2498
f 3687 3691 2494
f 2306 2504 2278
f 2305 2505 2504
f 2504 2505 2507
f 2506 2507 2288
f 2274 2506 2508
f 2278 2504 2506
f 3633 3632 2489
f 3620 3633 2488
f 2507 2509 2289
f 2505 2510 2509
f 2508 2288 2287
f 2511 2287 2281
f 2370 2511 2280
f 2275 2508 2511
f 2512 2490 2489
f 2514 2512 2513
f 2517 2512 2514
f 2517 2491 2490
f 2499 2493 2491
f 2499 2517 2516
f 2510 2505 2519
f 2518 2519 2521
f 3616 2518 2520
f 3632 2510 2518
f 2522 2304 2303
f 2523 2522 2310
f 2305 2304 2522
f 2524 2522 2523
f 2519 2524 2525
f 2505 2305 2524
f 2308 2312 2527
f 2526 2527 2529
f 2531 2526 2528
f 2309 2308 2526
f 1214 2532 2151
f 2419 2406 2418
f 2533 2345 2349
f 2534 2533 2317
f 2535 2536 2533
f 2536 2346 2345
f 2537 2351 2346
f 2538 2537 2536
f 2539 2540 2537
f 2540 2352 2351
f 2312 2355 2541
f 2527 2541 2542
f 2543 2435 2434
f 2545 2543 2544
f 2319 2318 2543
f 2318 2436 2435
f 2514 2515 2548
f 2547 2548 2550
f 2552 2547 2549
f 2552 2516 2514
f 2520 2521 2554
f 2553 2554 2556
f 3590 2553 2555
f 3621 2520 2553
f 2523 2309 2531
f 2557 2531 2530
f 2525 2523 2557
f 2559 2557 2558
f 2554 2559 2560
f 2521 2525 2559
f 2561 2375 2007
f 2376 2562 2225
f 2564 2565 2566
f 2563 2566 338
f 2569 2563 2567
f 2570 2564 2563
f 2572 2573 2574
f 2571 2574 2576
f 2544 2571 2575
f 2544 2434 2572
f 2578 2570 2569
f 2579 2577 2569
f 2574 2577 2579
f 2573 2578 2577
f 2581 2582 2583
f 2584 2580 2583
f 3697 3675 2580
f 3676 2581 2580
f 2582 2516 2552
f 2583 2552 2551
f 2500 2501 2589
f 2590 2588 2589
f 3693 3695 2588
f 3695 3700 2500
f 2501 2516 2591
f 2592 2593 2594
f 2386 2385 2503
f 2596 2379 2386
f 2596 2374 2373
f 2599 2596 2597
f 2599 2380 2379
f 2600 2446 2380
f 2600 2599 2598
f 2603 2600 2601
f 2603 2444 2446
f 2604 2603 2602
f 2440 2604 2605
f 2444 2603 2604
f 2606 2582 2581
f 2606 2607 2590
f 2591 2516 2582
f 3676 2587 2456
f 3689 2456 2372
f 2478 2477 2608
f 2609 2610 2611
f 2564 2570 2613
f 2612 2613 2598
f 2457 2612 2597
f 2565 2564 2612
f 2614 2613 2570
f 2615 2614 2578
f 2602 2601 2614
f 2601 2598 2613
f 2572 2434 2605
f 2616 2605 2602
f 2573 2572 2616
f 1459 1016 1045
f 1265 1215 1079
f 1612 1608 1609
f 2067 2057 2069
f 1135 1109 1136
f 1938 1937 2618
f 95 548 458
f 2058 1607 1608
f 1454 1469 1445
f 655 2620 1048
f 722 1049 2621
f 1131 985 1033
f 562 1481 366
f 1723 1719 1725
f 1786 1123 1122
f 267 300 323
f 1325 2034 1654
f 1468 1165 1435
f 658 657 529
f 8 532 247
f 382 1557 1559
f 788 619 1307
f 940 930 929
f 911 2622 2623
f 2621 2620 655
f 2624 1857 2625
f 998 1846 27
f 635 638 2626
f 2627 641 644
f 2628 2627 1840
f 1200 1199 2627
f 1199 1773 641
f 1520 515 49
f 1452 1350 1349
f 2630 2631 1859
f 644 643 1335
f 1197 1198 717
f 2632 717 719
f 2628 2632 1166
f 2629 1197 2632
f 1762 2633 1050
f 1823 870 873
f 2634 2635 794
f 1042 794 2635
f 93 94 1901
f 2036 2038 1458
f 1527 332 1525
f 877 876 1274
f 134 409 797
f 1328 893 931
f 607 777 1091
f 1043 2635 2637
f 2636 2637 2639
f 1275 2636 2638
f 1275 1040 1043
f 1272 2624 2626
f 2640 2626 638
f 1110 2641 2640
f 536 1272 2640
f 1472 708 1474
f 2042 2030 1951
f 1058 1106 1105
f 2642 2623 2643
f 1192 2642 2644
f 912 2623 2642
f 3898 1657 3526
f 1049 1048 2620
f 616 1829 1885
f 1331 1913 666
f 990 989 1198
f 1911 1912 321
f 1298 1282 1205
f 76 1490 1504
f 1502 1500 421
f 610 609 658
f 1146 937 659
f 2646 911 914
f 1280 1239 1238
f 1453 1454 1452
f 835 942 1843
f 1271 1270 1173
f 1893 1878 1826
f 1050 2633 1937
f 2651 2652 814
f 1006 1053 1281
f 2653 1084 2654
f 1001 1004 1003
f 585 997 679
f 2624 1272 621
f 555 678 2028
f 1207 526 1197
f 1626 1627 478
f 426 389 419
f 1030 1193 1773
f 3898 645 634
f 534 1533 138
f 1125 1092 1042
f 333 228 88
f 569 1570 561
f 1489 2656 871
f 1857 2624 620
f 1673 1674 3770
f 622 861 864
f 619 788 891
f 261 544 545
f 393 1555 1556
f 2658 2659 2647
f 1075 2658 2657
f 1081 1080 2658
f 1080 1139 2659
f 2644 2643 1141
f 2660 1141 1140
f 642 2660 1336
f 1193 2644 2660
f 679 678 555
f 1503 1501 1500
f 1318 1317 1101
f 2661 2659 1139
f 2661 1142 2663
f 2662 2647 2659
f 2662 2663 2622
f 2664 2622 911
f 2648 2664 2646
f 2648 2647 2662
f 2083 2094 2093
f 1442 1440 1437
f 519 329 330
f 1885 2029 1209
f 799 800 805
f 1946 1943 1952
f 1302 1301 1253
f 566 2005 224
f 1389 940 928
f 683 682 681
f 836 835 1842
f 2665 1842 1845
f 2666 2665 1303
f 24 836 2665
f 831 1072 2650
f 1845 1844 1304
f 2010 2013 2012
f 1051 1936 2667
f 1522 1521 1511
f 531 440 441
f 1250 635 2625
f 2669 2625 1857
f 783 2669 1856
f 782 1250 2669
f 720 2670 2671
f 1055 1931 1930
f 1333 1067 1251
f 619 622 1308
f 652 655 2619
f 521 522 1539
f 1838 988 537
f 2672 537 536
f 1113 2672 2641
f 1113 527 1838
f 1016 1013 1351
f 3897 573 570
f 226 227 104
f 3564 3669 3827
f 1036 1037 1884
f 2674 1301 1304
f 2673 1304 1844
f 1334 2673 2675
f 1333 2674 2673
f 2676 702 1039
f 1843 2676 2675
f 942 1074 2676
f 1074 699 702
f 752 1057 1055
f 1200 1166 656
f 1120 1846 874
f 2677 874 877
f 1241 2677 1052
f 1119 1120 2677
f 1560 1513 151
f 1208 1316 611
f 215 735 736
f 1460 1459 1462
f 1208 1207 1839
f 854 856 1282
f 72 445 182
f 544 1563 1565
f 217 200 456
f 2047 1404 930
f 1204 2618 1937
f 913 777 686
f 840 527 1113
f 1531 729 730
f 2678 778 1283
f 601 667 1914
f 1537 1538 459
f 1819 1757 3509
f 991 1860 862
f 2679 711 1073
f 2680 1830 983
f 779 2680 2256
f 778 2678 2680
f 2678 2679 1830
f 180 542 245
f 1886 1132 1131
f 1138 1137 1274
f 1841 598 1140
f 75 313 314
f 193 423 420
f 2681 2682 1099
f 170 1567 1565
f 349 416 417
f 1121 1124 2684
f 547 797 409
f 123 122 121
f 2643 2663 1142
f 1542 1544 513
f 899 900 907
f 1210 677 676
f 791 663 982
f 24 27 837
f 893 896 932
f 1860 1320 863
f 535 538 862
f 1569 1548 1547
f 181 455 542
f 660 659 937
f 2013 567 568
f 887 890 2631
f 1524 1508 361
f 520 161 162
f 2653 855 854
f 1238 1237 2655
f 718 1838 527
f 1492 1493 518
f 792 616 615
f 599 846 1835
f 290 457 456
f 312 171 1552
f 1248 2687 1179
f 153 149 177
f 1240 1181 1222
f 1257 1292 1235
f 1291 1084 1083
f 1052 877 1277
f 743 742 2618
f 444 140 430
f 23 1224 1172
f 2687 2654 1180
f 102 103 409
f 1283 607 610
f 373 497 650
f 1180 2654 1084
f 855 2653 2655
f 1173 1270 1917
f 2689 850 853
f 2688 853 1108
f 2686 2688 1279
f 2687 2689 2688
f 2691 1302 1252
f 2690 1252 850
f 1248 2690 2689
f 1248 1247 2691
f 2692 617 24
f 2691 2692 2666
f 1247 1258 2692
f 1258 1168 617
f 394 1554 1555
f 2693 1260 1259
f 1072 1236 1262
f 1257 1071 1168
f 398 439 1555
f 871 1784 1314
f 1178 1232 1249
f 1224 1289 1173
f 1010 2617 2618
f 1175 1174 1292
f 2654 2687 2686
f 2694 1157 1216
f 71 418 1487
f 701 1112 1111
f 1072 1261 2649
f 1085 2695 22
f 895 2694 1264
f 1601 1606 1605
f 1259 1262 1271
f 21 20 1220
f 988 991 538
f 598 597 1336
f 1050 860 818
f 1298 2645 1761
f 1168 1167 618
f 858 1168 1256
f 39 242 516
f 2652 1761 819
f 313 316 315
f 2026 1970 1971
f 2656 1489 596
f 814 819 818
f 2696 2651 813
f 1260 2696 2649
f 2693 2697 2696
f 2697 1296 2651
f 381 355 390
f 3818 3819 1611
f 1475 1427 1428
f 1292 1174 1917
f 1551 353 354
f 1526 1525 1523
f 1593 1589 1595
f 1232 1269 1246
f 2695 2693 1223
f 2698 1297 1296
f 2698 2697 2693
f 2685 2698 2695
f 2685 854 1297
f 562 1497 271
f 2652 2651 1296
f 1365 1366 1364
f 1958 1946 1953
f 585 588 2210
f 1561 1560 1515
f 975 2648 1146
f 347 67 68
f 1038 1111 636
f 2700 781 780
f 2699 780 1036
f 2701 2699 1883
f 851 2700 2699
f 2674 1333 2251
f 2702 2251 781
f 1253 2702 2700
f 1301 2674 2702
f 1519 387 388
f 1273 1239 1280
f 2703 1280 1107
f 2701 2703 852
f 1829 1273 2703
f 91 260 326
f 1784 871 2656
f 2683 2684 2705
f 604 1894 3499
f 1669 3534 3548
f 2062 2063 2060
f 621 535 861
f 2023 731 732
f 686 779 1263
f 857 1051 2668
f 883 830 882
f 637 636 1111
f 2668 894 893
f 2667 921 894
f 1039 1038 1068
f 313 75 1504
f 1911 1972 305
f 1936 2706 1964
f 2707 2402 2401
f 2708 2707 2183
f 738 2163 2116
f 2349 2348 2432
f 2711 2712 2020
f 2400 2711 2019
f 2714 2715 2716
f 2717 2718 2719
f 2721 2722 2723
f 2726 2727 2728
f 2725 2728 2730
f 2731 2725 2729
f 2732 2726 2725
f 2734 2735 2736
f 2738 2739 2740
f 2737 2740 2741
f 2744 2745 2746
f 2745 2744 2748
f 2749 2750 2747
f 2753 2749 2751
f 2250 1380 2246
f 2754 1396 1614
f 3598 2754 2755
f 3608 2745 2747
f 1617 2756 2755
f 2242 2758 1620
f 2191 2085 2760
f 2761 2759 2760
f 3648 2759 2761
f 3623 2191 2759
f 3209 3248 3223
f 1395 1394 2236
f 1395 2235 1636
f 1616 1635 2229
f 1617 2234 2763
f 2756 2763 3628
f 2765 2763 2234
f 2766 2764 3628
f 3202 3199 3246
f 1516 437 435
f 2768 2769 3552
f 1495 541 578
f 2135 2136 28
f 3526 3540 2773
f 1690 1689 3926
f 2778 2779 2780
f 2777 2780 2781
f 2784 2778 2777
f 3555 3521 575
f 1494 1904 9
f 3529 2016 2015
f 451 61 505
f 2786 2787 2788
f 2779 2786 2785
f 2789 2752 2741
f 2790 2753 2752
f 2792 2793 2794
f 2793 2795 2796
f 2796 2797 2750
f 2794 2796 2749
f 2798 1393 1396
f 3591 2798 2754
f 2798 2799 2800
f 3591 3662 2799
f 2797 2796 2795
f 2791 2794 2753
f 216 233 232
f 3804 2806 2807
f 3805 2809 2804
f 2769 2810 3557
f 183 185 184
f 2811 2812 2775
f 2804 2811 2776
f 2809 2813 2811
f 2812 2811 2813
f 3805 2808 2816
f 3796 2818 2815
f 3798 3800 2820
f 3793 2823 2819
f 2824 2736 2735
f 2823 2825 2824
f 2825 2823 2826
f 3793 2822 2827
f 3796 2817 2826
f 2713 2716 2829
f 2828 2829 2831
f 2822 2821 2828
f 2821 2820 2713
f 2832 2827 2822
f 2833 2832 2830
f 2834 2835 2832
f 2835 2818 2827
f 2837 2838 2839
f 2836 2839 2841
f 2842 2836 2840
f 2843 2837 2836
f 2840 2841 2845
f 2718 2844 2845
f 2730 2728 2844
f 2727 2840 2844
f 2846 2845 2841
f 2829 2846 2847
f 2847 2841 2839
f 2848 2839 2838
f 2833 2848 2849
f 2831 2847 2848
f 2850 2814 2851
f 2853 2850 2852
f 2783 2777 2782
f 2785 2788 2853
f 2780 2785 2856
f 2857 2858 2855
f 2859 2857 2782
f 2861 2843 2842
f 2860 2842 2727
f 2862 2860 2726
f 2863 2861 2860
f 2861 2863 2858
f 2843 2861 2857
f 2856 2853 2854
f 2781 2856 2864
f 2837 2843 2859
f 2838 2837 2864
f 2852 2851 2834
f 2854 2852 2849
f 2865 2815 2818
f 2851 2865 2835
f 2813 2809 2815
f 2814 2813 2865
f 2866 2812 2814
f 2788 2866 2850
f 2866 2788 2787
f 2812 2866 2867
f 1892 1889 1890
f 2720 2719 2846
f 298 299 256
f 2872 2714 2713
f 3794 3800 2735
f 2729 2730 2874
f 2846 2716 2715
f 2876 2877 2878
f 2733 2875 2878
f 3806 3807 2879
f 3806 2880 2872
f 2882 2883 2884
f 2881 2884 2715
f 2880 2881 2714
f 2879 2882 2881
f 2885 2886 2887
f 2888 2889 2890
f 2885 2890 2892
f 2893 2886 2885
f 1942 2151 2532
f 2895 2892 2720
f 2884 2895 2870
f 2883 2896 2895
f 2896 2891 2892
f 2889 2874 2717
f 2890 2717 2720
f 2897 2893 2891
f 2898 2897 2896
f 2899 2898 2883
f 2900 2899 2882
f 3797 2900 2879
f 2876 2902 2901
f 2901 2902 2904
f 1785 2656 1835
f 2905 2906 2899
f 2907 2908 2897
f 3797 2901 2903
f 632 576 577
f 3532 3547 2867
f 434 385 550
f 2768 2770 3640
f 2910 2911 1623
f 2241 2912 2758
f 3640 2770 2913
f 1623 2911 2757
f 3587 2242 2757
f 2229 1381 1380
f 2765 1630 1629
f 2915 2914 1629
f 3642 3641 2914
f 3641 3622 2765
f 2919 2916 3642
f 2918 2915 2912
f 3614 2918 2241
f 3618 2919 3613
f 3541 2177 2180
f 3521 2002 2188
f 3705 3573 714
f 2925 2766 2917
f 2924 2917 2916
f 3610 2924 2919
f 3611 2925 2924
f 2926 2927 2766
f 3658 2926 2925
f 1715 1713 1705
f 785 497 498
f 1387 651 565
f 374 375 1899
f 3573 2203 2206
f 2929 2930 2886
f 2932 2933 2934
f 1905 1906 1908
f 2930 2935 2936
f 2938 2935 2930
f 1493 369 517
f 1603 1585 1586
f 2939 2938 2929
f 2940 2939 2908
f 3665 1707 1600
f 2886 2930 2937
f 2906 2907 2898
f 2908 2929 2893
f 2942 2934 2933
f 2941 2933 2937
f 3501 2941 2936
f 3498 2942 2941
f 2943 2944 2710
f 2943 2873 2874
f 2945 2943 2889
f 2946 2944 2943
f 2932 2945 2888
f 2931 2946 2945
f 727 1928 1929
f 2903 2904 2947
f 545 594 42
f 1480 1570 533
f 2907 2906 2949
f 2906 2905 2950
f 1558 452 215
f 3799 2903 2948
f 2054 1645 1644
f 3705 3684 2203
f 1828 1837 1849
f 2953 2954 2955
f 2952 2955 2957
f 2956 2261 2258
f 2953 2952 2258
f 2454 2455 2474
f 3747 2958 2959
f 3747 2132 2131
f 2961 2962 2963
f 2958 2963 2964
f 222 221 2485
f 2477 2226 2966
f 2631 2561 2006
f 2384 2454 2496
f 2967 2968 2959
f 2968 2967 2970
f 3759 2033 2971
f 3784 2971 2960
f 2972 2971 2033
f 2007 2377 2973
f 3560 3559 2134
f 1836 1833 1832
f 3506 2188 2090
f 955 810 959
f 672 675 674
f 633 710 713
f 2024 732 733
f 2025 2024 803
f 425 1552 1550
f 2975 2976 888
f 1319 1158 1157
f 1212 1935 2977
f 889 957 2228
f 1978 1974 1975
f 1138 1078 1329
f 751 665 2979
f 1619 1613 1625
f 2252 2255 1728
f 1157 1160 845
f 2706 1936 1938
f 2980 2255 2254
f 2982 2975 887
f 802 712 711
f 678 677 2029
f 527 840 690
f 1839 1207 2629
f 2983 2984 602
f 2983 1914 1913
f 2985 2983 1331
f 2986 2984 2983
f 2987 2637 2635
f 2985 2988 2639
f 2990 1319 1318
f 2991 2992 2993
f 2995 2991 2994
f 1106 1058 2991
f 1058 1057 2992
f 1415 1406 1365
f 1317 922 2217
f 1932 1728 2255
f 926 2998 2999
f 3001 2993 2992
f 3000 2992 1057
f 2999 3000 2978
f 2998 3001 3000
f 3002 2998 2209
f 3002 3003 2996
f 2993 3001 3002
f 1103 1106 2995
f 3004 2995 2996
f 2209 2210 3004
f 588 1103 3004
f 295 296 433
f 2638 2639 2988
f 3005 2988 1056
f 1305 3005 1930
f 1276 2638 3005
f 1987 1968 1993
f 2633 1762 1761
f 1423 1422 1417
f 3561 3517 739
f 2671 2670 2704
f 1473 1872 2035
f 922 1317 2694
f 1401 1400 1378
f 556 2028 1884
f 842 848 3825
f 1854 2706 2617
f 933 1082 1081
f 1440 1441 1436
f 529 657 719
f 1031 1025 1027
f 777 913 912
f 2645 1205 1204
f 441 438 1538
f 790 1287 587
f 2065 2066 1610
f 1860 991 990
f 60 106 87
f 1424 1017 1948
f 332 1527 1507
f 261 262 138
f 187 188 449
f 1719 1720 1726
f 1931 1055 1059
f 3006 1059 1105
f 1287 3006 1104
f 1286 1931 3006
f 3007 3008 3009
f 3009 3008 653
f 618 999 26
f 2029 677 1210
f 957 601 600
f 1049 2146 2228
f 2631 890 3011
f 890 889 2227
f 3011 2227 2145
f 2561 3011 3012
f 1026 656 609
f 2706 1854 1961
f 3013 2965 2485
f 2148 2147 1267
f 3015 1267 1266
f 2997 2264 1101
f 642 641 1773
f 186 477 461
f 1041 1040 1320
f 1121 3016 3017
f 2984 2986 2987
f 3018 2987 2634
f 1048 603 3018
f 603 602 2984
f 2679 2678 801
f 2062 2072 2074
f 2061 2074 2076
f 414 303 1545
f 3016 1121 2683
f 3019 2683 2704
f 3020 3019 2670
f 3007 3016 3019
f 1871 1090 1091
f 3021 1787 1122
f 3022 3021 3017
f 1314 3021 3022
f 1784 1787 3021
f 1316 1315 1763
f 3023 3022 3010
f 3023 3009 795
f 1763 3023 1092
f 1315 3022 3023
f 3016 3007 3010
f 752 751 2978
f 2986 2639 2637
f 3024 654 653
f 3020 3024 3008
f 720 723 3024
f 723 2621 654
f 2681 1098 1268
f 2671 3025 1268
f 2705 2681 3025
f 1313 3026 3027
f 3026 3028 3029
f 3027 3029 3030
f 1311 3027 3031
f 2012 568 731
f 917 2657 974
f 743 1206 856
f 1888 2027 2030
f 2682 2705 2684
f 3032 2684 1124
f 1100 3032 2989
f 1099 2682 3032
f 1123 2990 2989
f 3033 1834 1159
f 2990 3033 1158
f 1123 1786 3033
f 1786 1785 1834
f 1054 1056 2988
f 2979 665 664
f 2623 2622 2663
f 1095 660 688
f 3034 3035 2261
f 3036 3034 2956
f 3037 3038 3034
f 3038 3039 3035
f 3040 3041 3026
f 2263 3042 3041
f 3042 3039 3043
f 3041 3043 3028
f 3044 3045 3043
f 3046 3047 3045
f 3047 3048 3049
f 3043 3045 3049
f 3038 3037 3051
f 3050 3051 3053
f 3052 3046 3044
f 3039 3038 3050
f 3054 3035 3039
f 3042 2263 2262
f 2261 3035 3054
f 2216 2263 2997
f 2212 2211 2667
f 3056 868 2209
f 934 3057 1961
f 2013 3755 3757
f 3058 3059 3060
f 3059 3062 3063
f 3060 3063 2213
f 3061 3060 1963
f 3063 3064 2214
f 3062 3065 3064
f 3065 2257 2260
f 3064 2260 2215
f 3066 3067 3031
f 2608 2966 3067
f 2966 2562 3068
f 3031 3067 3068
f 2455 2458 2461
f 2476 2223 2226
f 3551 2090 2089
f 3526 2774 3769
f 433 354 355
f 2115 1423 1419
f 3509 2868 2922
f 3769 3737 2131
f 3069 2611 2167
f 2971 2972 2928
f 2961 2774 2773
f 3070 2475 2478
f 2610 2609 3071
f 2502 2371 2374
f 3072 2592 2595
f 2964 3046 3052
f 3048 2593 3074
f 2593 2592 3075
f 3075 3030 3029
f 3074 3029 3028
f 3072 3076 3075
f 3076 3072 2482
f 2481 2608 3066
f 3076 3066 3030
f 2967 3052 3053
f 2482 3072 3073
f 479 480 493
f 706 3900 3873
f 3561 2194 2221
f 2013 2010 3754
f 3533 2032 2016
f 3562 3519 2222
f 1171 1154 1155
f 2586 2566 2565
f 2982 110 113
f 2562 2376 3077
f 2376 2375 3012
f 3012 2145 2148
f 3077 2148 3015
f 2963 3047 3046
f 3051 3078 2970
f 1683 2173 491
f 3850 2122 1447
f 1986 2181 3734
f 3079 3080 2546
f 3081 3079 2575
f 1983 1986 3768
f 3082 2323 2319
f 3080 3082 2545
f 3734 3732 3082
f 3732 3748 2323
f 1309 1471 1888
f 3073 2595 2772
f 2760 3083 3084
f 2760 2085 2088
f 3085 3084 3086
f 3089 3085 3090
f 3089 2762 3084
f 3092 3088 3090
f 3093 2748 2744
f 2751 2747 2748
f 3093 2741 2752
f 2742 2741 3093
f 3094 3093 2743
f 3096 3097 3098
f 3099 3096 3087
f 3097 3094 3095
f 3100 2743 2746
f 3101 2927 3102
f 2764 2766 2927
f 2745 2764 3101
f 3102 3092 3091
f 3100 3091 3095
f 2869 2802 3592
f 3102 3103 3104
f 3658 2868 2869
f 2927 2926 3103
f 3098 3095 3091
f 3087 3098 3090
f 2088 2125 3105
f 3083 3105 3086
f 2483 3073 2771
f 2401 2186 2185
f 3099 3086 3105
f 2125 2207 3106
f 3108 2737 2742
f 3107 2742 3094
f 3110 3108 3107
f 3109 3107 3097
f 3111 3109 3096
f 3112 3110 3109
f 3113 2738 2737
f 3115 2723 2722
f 3117 3115 3114
f 3119 3117 3116
f 3118 3116 3120
f 3116 3114 3113
f 3122 3112 3111
f 3122 3123 1755
f 3124 3125 3126
f 3125 3118 3121
f 3128 3119 3118
f 3129 3128 3125
f 2020 2712 3128
f 3853 3857 1346
f 1065 1046 1047
f 1814 3838 3830
f 2021 2020 3129
f 3111 3099 3106
f 3123 3106 2207
f 2377 2225 2224
f 3014 2485 113
f 1756 2208 3782
f 3131 3132 2530
f 3133 3131 2528
f 1753 1756 3767
f 3134 3124 3127
f 2327 2408 2314
f 2436 2318 2317
f 2018 2021 3711
f 2534 3136 3137
f 2320 2322 3136
f 2185 2018 3712
f 3138 3139 2542
f 3134 3135 3744
f 3785 3130 3134
f 3140 3138 2539
f 2535 3137 3140
f 3711 2021 3130
f 2558 2530 3132
f 3782 3760 3141
f 2560 2558 3141
f 3760 3777 3142
f 958 888 2976
f 1933 1932 2980
f 2399 2424 2418
f 2348 2342 2343
f 2322 2320 2319
f 2718 2717 2874
f 2709 2729 2873
f 2894 2871 1361
f 346 289 176
f 1876 1877 1882
f 2802 2803 3607
f 3104 3144 3088
f 2974 2222 3649
f 3089 3145 2761
f 3088 3144 3145
f 2803 2974 3603
f 3870 3909 692
f 2123 1419 1418
f 1365 1363 1368
f 1581 1766 1782
f 3569 2202 2129
f 3555 2003 2002
f 3146 2585 2551
f 3751 3146 3147
f 3742 3149 3146
f 3149 2584 2585
f 3196 3198 3197
f 3604 2192 2191
f 3142 3150 2556
f 3777 3778 3150
f 3646 3152 2550
f 3150 3151 2555
f 3778 3780 3151
f 3788 3781 3152
f 3153 3147 2551
f 3152 3153 2549
f 3781 3776 3153
f 3776 3750 3147
f 3148 2767 2206
f 2183 2401 2321
f 2132 2960 2928
f 3684 3685 2204
f 3719 2198 2197
f 2594 2962 2773
f 2595 2594 2951
f 1870 798 799
f 3713 2179 2178
f 3706 2178 3736
f 336 3154 3774
f 339 3155 3154
f 3789 3683 3149
f 3683 3697 2584
f 2963 2962 3048
f 3722 3730 337
f 339 338 2566
f 3156 3157 2168
f 2610 3156 2167
f 2954 2953 3156
f 3157 3156 2953
f 3707 2166 2169
f 2567 3158 3159
f 337 3158 2567
f 3730 3069 2166
f 3764 2190 1983
f 2579 3160 3081
f 2568 3159 3160
f 3709 2169 2190
f 3065 3062 3162
f 3161 3162 1984
f 3157 3161 2189
f 2257 3065 3161
f 734 735 1922
f 3059 3058 2708
f 3163 2708 2182
f 3162 3163 1985
f 3062 3059 3163
f 3203 3206 3205
f 2122 2119 1448
f 3817 1686 1685
f 139 140 444
f 1570 569 566
f 2957 3164 3165
f 2955 3166 3164
f 1912 454 341
f 3130 3129 3124
f 1548 322 319
f 1949 1950 1327
f 2969 2970 3078
f 3167 3078 3169
f 3724 2014 2017
f 3720 2017 2033
f 3168 3169 3165
f 3170 3165 3164
f 3779 3170 3171
f 3724 3168 3170
f 3171 3164 3166
f 3172 3166 3071
f 3752 3172 3173
f 3756 3171 3172
f 3169 3037 3036
f 2593 3048 2962
f 3173 3071 2609
f 3174 2609 2199
f 3783 3174 2198
f 3749 3173 3174
f 2190 2189 1984
f 2196 2195 2767
f 2119 2120 1414
f 1464 1463 1466
f 2199 2611 3069
f 2457 2456 2587
f 2226 2225 2562
f 481 478 1627
f 333 1512 235
f 3078 3051 3037
f 3040 2264 2997
f 2219 1934 1933
f 2385 2384 2497
f 221 2220 3175
f 2220 1933 3143
f 3175 3143 2976
f 2484 3175 2975
f 2954 3071 3166
f 2630 1858 110
f 1547 319 1952
f 2091 2090 2188
f 3733 3736 2178
f 1918 1919 1927
f 3563 112 111
f 955 956 960
f 2037 3014 112
f 3143 2980 2981
f 2218 2211 2214
f 672 3877 3787
f 2152 3013 3014
f 1147 1144 1143
f 2248 2246 1409
f 1615 1636 1635
f 1410 1409 2246
f 3241 3243 3242
f 1382 3176 3177
f 3177 1410 2247
f 2247 1383 3177
f 3176 2238 2230
f 1410 3177 3179
f 3179 3180 2243
f 1633 3181 2800
f 1621 1620 2758
f 1622 1621 2245
f 2236 1394 3181
f 2237 2236 3182
f 2250 1631 2233
f 2912 1629 1628
f 135 136 1564
f 1567 419 512
f 1085 1084 2653
f 3184 869 868
f 869 3184 3057
f 1266 1268 1098
f 1267 2147 722
f 937 1146 2646
f 2146 1049 722
f 2211 2218 921
f 1957 510 507
f 1313 1312 2264
f 1496 362 1493
f 2887 2937 2933
f 1687 1688 1659
f 145 1499 1498
f 37 38 418
f 1935 1934 3185
f 104 89 301
f 2101 2098 2083
f 543 298 360
f 1934 2219 3186
f 234 1521 212
f 3845 3821 1822
f 1976 1875 1874
f 223 3186 2219
f 3655 3656 3605
f 2165 2164 467
f 467 468 2165
f 773 476 2165
f 1935 1212 1728
f 3240 3225 3226
f 3261 3249 3250
f 3215 3216 3244
f 3265 3221 3215
f 3267 3245 3198
f 3205 3206 3269
f 3214 3211 3265
f 3271 3213 3214
f 3251 3252 3239
f 3222 3221 3266
f 3232 3235 3234
f 3216 3242 3243
f 3196 3193 3268
f 3244 3243 3254
f 3238 3239 3247
f 3264 3244 3255
f 3253 3242 3216
f 3211 3266 3221
f 3257 3217 3218
f 3258 3222 3272
f 3274 3275 3280
f 3228 3229 3262
f 3275 3231 3281
f 3226 3227 3273
f 3236 3263 3260
f 3281 3263 3236
f 3287 3271 3192
f 3235 3226 3280
f 3234 3280 3281
f 3288 3290 3259
f 3260 3250 3276
f 3289 3212 3278
f 3210 3209 3224
f 3199 3202 3201
f 3228 3231 3230
f 3290 3288 3285
f 3282 3279 3271
f 3260 3263 3262
f 3243 3241 3268
f 3267 3268 3241
f 3194 3207 3208
f 3191 3270 3269
f 3270 3191 3192
f 3275 3274 3230
f 3264 3269 3270
f 3252 3251 3276
f 3248 3252 3291
f 3213 3271 3279
f 3272 3266 3289
f 3277 3278 3212
f 3228 3263 3281
f 3220 3225 3253
f 3219 3253 3217
f 3256 3218 3222
f 3247 3239 3252
f 3245 3267 3232
f 3266 3211 3212
f 3208 3205 3255
f 3288 3289 3284
f 3204 3205 3208
f 560 1899 3187
f 3209 3210 3201
f 3189 3192 3191
f 448 1980 807
f 647 648 122
f 1833 1848 1780
f 510 509 508
f 3210 1949 1887
f 1887 15 3200
f 15 16 3197
f 16 3188 3195
f 3195 3188 3187
f 3194 3187 1899
f 3207 1899 375
f 387 173 126
f 3189 1791 1760
f 3577 763 757
f 763 3577 2172
f 3583 3582 3580
f 3581 3580 3579
f 3594 3597 3596
f 3400 3601 3602
f 3626 3624 3625
f 3631 3635 3599
f 3636 3637 3595
f 3647 3584 3588
f 3650 3582 3584
f 3653 3579 3580
f 3653 2176 3654
f 1801 1864 3656
f 3651 3580 3582
f 3644 3638 3595
f 1767 1768 3659
f 1597 3663 3661
f 1708 1707 3665
f 3671 3668 3667
f 3666 3667 3673
f 1588 1708 3664
f 2080 3671 3666
f 2082 3666 3672
f 3674 3677 3635
f 3677 3678 3636
f 3682 3647 3645
f 3692 3651 3650
f 3681 3645 3644
f 786 3694 3692
f 3694 3653 3651
f 785 3692 3686
f 497 3686 3682
f 650 3682 3681
f 3696 564 3681
f 3405 3606 3605
f 3702 3699 3678
f 3699 3698 3679
f 3645 3588 3638
f 1799 3657 3659
f 3708 3704 3458
f 3462 3710 3708
f 3714 463 564
f 3615 3606 3602
f 3710 3714 3696
f 3635 3636 3596
f 3629 3626 3627
f 3597 3600 3599
f 3630 3716 3715
f 3627 3625 3597
f 3717 3716 3723
f 3715 3663 3660
f 3716 3717 3725
f 3668 3665 3661
f 3668 3725 3717
f 3667 3717 3718
f 3727 3728 3673
f 3728 1576 3672
f 3726 3727 3718
f 1576 2101 2084
f 3727 3726 3731
f 3203 376 1387
f 3190 1387 1791
f 3283 2152 1949
f 317 240 259
f 2000 2176 3653
f 3601 3599 3600
f 3589 3588 3584
f 3577 758 756
f 3585 3584 3582
f 3678 3679 3637
f 3204 375 376
f 1801 3655 3657
f 3729 3735 3728
f 1575 3735 3738
f 3735 1575 1576
f 1776 1795 1796
f 1293 1294 1290
f 1326 14 1327
f 1294 1245 1234
f 878 1244 1330
f 497 373 374
f 122 648 413
f 3699 3702 3704
f 3606 3405 3401
f 3708 3710 3698
f 3464 3714 3710
f 3704 3674 3443
f 439 398 399
f 1512 1528 1526
f 1668 1741 1738
f 839 849 1362
f 1362 1357 826
f 3843 740 1896
f 2053 2054 2118
f 3888 3887 2120
f 696 697 3816
f 1826 1878 639
f 3740 3739 3729
f 956 885 886
f 1980 806 1922
f 33 34 105
f 1343 1344 3856
f 3907 2127 2128
f 1766 1581 1582
f 14 1326 2163
f 595 98 99
f 3233 3238 3246
f 1346 1035 1044
f 748 1888 1425
f 3193 3208 3254
f 3190 3191 3206
f 3612 3605 3606
f 3624 3612 3615
f 3631 3415 3443
f 3679 3680 3644
f 3686 3650 3647
f 3702 3677 3674
f 3625 3615 3600
f 3601 3400 3415
f 3739 3738 3735
f 3630 3627 3594
f 3741 3723 3716
f 1284 1290 1288
f 3698 3696 3680
f 1778 1781 1780
f 1792 1759 1584
f 695 570 571
f 3638 3741 3594
f 3741 3638 3588
f 3247 3248 3209
f 3292 3293 3294
f 3296 3297 3298
f 3299 3298 3300
f 3302 3303 3304
f 3306 3307 3308
f 3307 3310 3311
f 3303 3302 3301
f 3312 3305 3304
f 3314 3315 3316
f 3318 3319 3320
f 3324 3318 3321
f 3326 3327 3328
f 3329 3330 3331
f 3333 3334 3335
f 3337 3338 3339
f 3333 3336 3341
f 3342 3341 3343
f 3319 3345 3344
f 3338 3335 3334
f 3346 3301 3302
f 3305 3348 3347
f 3312 3224 3223
f 3350 3337 3340
f 3312 3349 3348
f 3352 3343 3341
f 3311 3353 3354
f 3341 3336 3327
f 3359 3360 3361
f 3360 3359 3250
f 3318 3363 3345
f 3364 3363 3318
f 3314 3364 3324
f 3366 3299 3301
f 3299 3366 3367
f 3308 3354 3368
f 3369 3317 3295
f 3317 3369 3364
f 3370 3295 3317
f 3325 3371 3365
f 3352 3320 3319
f 3296 3367 3353
f 3297 3296 3311
f 3363 3368 3354
f 3345 3354 3353
f 3344 3353 3367
f 3366 3333 3342
f 3347 3339 3334
f 3339 3347 3348
f 3348 3349 3351
f 3363 3364 3369
f 3294 3309 3368
f 3293 3306 3309
f 3331 3373 3374
f 3346 3334 3333
f 3323 3322 3352
f 3356 3355 3321
f 3355 3357 3325
f 3357 3358 3371
f 3322 3356 3320
f 3361 3330 3329
f 3373 3372 3375
f 3374 3375 3376
f 3329 3332 3376
f 3327 3375 3372
f 3336 3335 3375
f 3335 3338 3376
f 3376 3338 3337
f 3337 3350 3359
f 3359 3350 3276
f 3377 3292 3295
f 3277 3316 3315
f 3371 3378 3379
f 3378 3371 3358
f 3365 3379 3315
f 3316 3277 3279
f 3282 3377 3370
f 3313 3283 3224
f 3378 3285 3284
f 3380 3286 3285
f 3379 3284 3278
f 3276 3350 3351
f 3291 3351 3349
f 3313 3304 2965
f 2965 3304 3303
f 222 3303 3300
f 223 3300 3298
f 3298 3297 3185
f 3297 3310 2977
f 3310 3307 1213
f 3307 3306 1214
f 2532 1214 3306
f 2894 2532 3293
f 2871 2894 3292
f 3253 3225 3240
f 3283 3313 3013
f 1997 1996 1889
f 1237 745 744
f 1535 1534 120
f 1531 1532 201
f 1119 1241 1032
f 946 948 824
f 163 8 5
f 3589 3726 3723
f 1155 1156 1162
f 427 213 327
f 553 1902 796
f 3381 2232 2231
f 3381 3178 2230
f 2237 3183 3180
f 3383 3384 3385
f 3384 3386 3387
f 3386 3388 3389
f 3388 3390 3391
f 3392 3393 3394
f 3395 3394 3396
f 3398 3399 3397
f 3400 3401 3399
f 3403 3404 3405
f 3406 3407 3404
f 3408 3409 3407
f 3410 3411 3409
f 3412 3413 3411
f 3415 3400 3398
f 3414 3398 3396
f 3416 3396 3394
f 3417 3394 3393
f 3393 3419 3420
f 3419 3390 3421
f 3390 3388 3422
f 3388 3386 3423
f 3386 3384 3424
f 3384 3383 3425
f 3425 3383 3426
f 2904 3427 3428
f 3429 3427 2904
f 3430 3429 2902
f 2875 3431 3430
f 3432 3433 2733
f 2825 3434 3435
f 3437 3438 3439
f 3441 3437 3436
f 2724 2723 3434
f 3436 3439 3115
f 3440 3436 3117
f 3443 3415 3414
f 3442 3414 3416
f 3444 3416 3417
f 3445 3417 3418
f 3446 3418 3420
f 3420 3421 3448
f 3421 3422 3449
f 3422 3423 3450
f 3423 3424 3451
f 3424 3425 3452
f 3425 3184 3056
f 3451 3452 2253
f 3450 3451 2252
f 3449 3450 1727
f 3448 3449 2150
f 3453 3447 3448
f 3454 3446 3447
f 3455 3445 3446
f 3456 3444 3445
f 3442 3444 3456
f 3443 3442 3457
f 3459 3460 3458
f 3457 3456 3455
f 3459 3455 3454
f 3462 3460 3459
f 3461 3454 3453
f 3464 3462 3461
f 3463 3453 1941
f 3404 3399 3401
f 3407 3397 3399
f 3409 3395 3397
f 3411 3392 3395
f 3465 3466 3413
f 3467 3468 3469
f 3465 3412 3431
f 3470 3467 3466
f 3438 3470 3432
f 3467 3470 3438
f 3468 3467 3437
f 3471 3469 3468
f 3472 3468 3441
f 3473 3441 3440
f 2712 3440 3119
f 3475 3471 3472
f 3474 3472 3473
f 3476 3473 2712
f 3477 3476 2711
f 3478 3474 3476
f 3479 3475 3474
f 3392 3411 3413
f 3466 3469 3480
f 3419 3393 3392
f 3390 3419 3480
f 3469 3471 3391
f 3389 3391 3471
f 3387 3389 3475
f 3385 3387 3479
f 3482 3477 2400
f 3483 3478 3477
f 3481 3479 3478
f 3484 3482 2402
f 3058 3484 2707
f 3061 3485 3484
f 3485 3483 3482
f 3382 3385 3481
f 3486 3481 3483
f 3426 3383 3382
f 3487 3382 3486
f 3486 3485 3061
f 1961 3057 3487
f 3057 3184 3426
f 3428 3403 3402
f 3427 3406 3403
f 3429 3408 3406
f 3430 3410 3408
f 3431 3412 3410
f 3470 3465 3433
f 3434 3439 3438
f 2723 3115 3439
f 2875 2733 3433
f 2736 2824 3435
f 2947 3428 3488
f 3464 3463 1360
f 1900 1925 1924
f 1736 1717 1718
f 1955 1952 1943
f 1671 1738 1735
f 1696 1750 1698
f 1800 1865 1864
f 2063 2055 2056
f 1737 1734 1717
f 1751 1735 1697
f 943 3885 3899
f 3656 3488 3402
f 1577 1578 1764
f 3917 1598 1599
f 1945 146 82
f 68 6 7
f 147 1542 1543
f 1109 1135 1133
f 1503 1910 1907
f 1499 1501 1909
f 452 1922 735
f 1824 2068 3835
f 1825 2067 2068
f 1463 1462 1022
f 841 1012 1009
f 1568 1547 1955
f 1910 1503 1502
f 1939 1502 422
f 309 280 1940
f 1804 1851 1866
f 269 1482 1954
f 2065 1607 2060
f 3812 1685 1758
f 280 276 552
f 1875 1873 1869
f 1739 1721 1734
f 1778 1779 1790
f 310 1920 1915
f 1909 1908 1906
f 1789 1783 1778
f 978 981 980
f 1584 1759 1731
f 425 426 311
f 148 1543 115
f 2044 3897 3894
f 277 1910 1939
f 1943 1946 1945
f 1461 1462 1463
f 2253 3452 3056
f 2981 2254 3489
f 2209 2998 3489
f 2254 2253 3055
f 2998 926 958
f 2826 2817 2721
f 3490 2739 2721
f 2816 3491 3490
f 2334 2297 2296
f 2298 2297 2334
f 2301 2298 2336
f 2311 2301 2338
f 2312 2311 2354
f 2359 2358 2361
f 2335 2296 2359
f 2414 2413 2365
f 2413 2270 2361
f 2355 2352 2540
f 2541 2540 2539
f 2722 2721 2739
f 3114 2722 2738
f 3110 3112 3121
f 3108 3110 3120
f 3122 1754 3127
f 3112 3122 3126
f 3127 1754 1753
f 3139 3133 2529
f 3744 3775 3133
f 3490 2789 2740
f 3491 2790 2789
f 228 229 91
f 245 244 243
f 248 7 247
f 2 297 296
f 145 146 300
f 327 213 210
f 329 332 331
f 239 241 240
f 373 376 375
f 178 177 176
f 1218 1225 1228
f 3862 1231 1295
f 808 809 824
f 3858 3859 1013
f 3813 3810 1411
f 2154 2149 2159
f 3845 3835 1758
f 306 807 1922
f 2157 2153 1976
f 708 709 2031
f 1450 1226 1227
f 1672 1604 1605
f 1813 1814 1821
f 1717 1716 1715
f 176 159 402
f 1710 1705 3916
f 1712 1580 1577
f 1705 1713 1711
f 971 978 979
f 822 823 1094
f 2909 2810 2793
f 2810 2769 2795
f 2799 2910 2249
f 3662 3643 2910
f 2769 2768 2801
f 3177 3176 3178
f 3178 3381 3180
f 3181 1394 1393
f 3181 1633 1632
f 3182 1632 2244
f 3183 2244 2243
f 3492 2791 2790
f 2808 3492 3491
f 2239 3574 3572
f 1149 1150 3571
f 1150 2009 3567
f 2202 3569 3566
f 2921 3564 3565
f 3568 3560 2133
f 1777 1579 1759
f 1201 1196 1183
f 3561 3554 2195
f 3553 3576 2770
f 3927 3925 1687
f 1516 152 154
f 3549 3562 2974
f 3550 3548 2779
f 2771 2772 3575
f 3070 2771 3546
f 3547 3544 2775
f 1376 1375 1370
f 2767 3543 3556
f 2195 3554 3543
f 2775 3544 3542
f 3377 3282 3545
f 3804 3802 3539
f 2776 3542 3538
f 2240 3572 3535
f 2920 3535 3669
f 3548 3534 2786
f 1805 1850 1851
f 3534 3532 2787
f 2951 2773 3540
f 2772 2951 3531
f 2973 2224 3530
f 2224 2223 3537
f 1957 1953 320
f 306 305 304
f 2770 3576 3528
f 2913 3528 3574
f 2923 3565 3527
f 308 1940 431
f 207 208 132
f 1879 1876 1881
f 3733 3787 3525
f 2475 3070 3558
f 2476 2475 3524
f 2223 2476 3523
f 3522 3549 2803
f 2037 3563 11
f 1959 1958 450
f 2003 3555 3520
f 9 10 334
f 2009 2008 3518
f 2008 2973 3536
f 3877 672 673
f 3515 3550 2778
f 2935 3514 3513
f 111 1149 3570
f 3510 3514 2935
f 683 3876 3885
f 3508 3557 2810
f 736 733 732
f 1795 1804 1803
f 3505 3510 2938
f 3507 3505 2939
f 2950 3512 3504
f 2940 2949 3504
f 3801 3791 3512
f 2868 3509 3502
f 2869 3502 3522
f 1024 1034 1023
f 3500 3503 2948
f 551 1939 442
f 2972 3499 3568
f 2032 3533 3499
f 216 93 1924
f 203 202 201
f 1828 1848 1847
f 1958 1957 449
f 272 271 178
f 2871 3545 3495
f 3619 3669 3564
f 2801 2768 3643
f 2005 3758 3654
f 960 886 899
f 3657 3655 3612
f 3780 3788 3646
f 3151 3646 3593
f 2193 3604 3623
f 3607 3603 3145
f 3603 3649 2761
f 3592 3607 3144
f 2926 3658 3634
f 3634 3592 3104
f 3755 3754 3746
f 566 567 3758
f 3488 3656 1864
f 1602 1586 2079
f 2868 3658 3611
f 2922 3611 3610
f 2923 3610 3618
f 3670 3613 2918
f 3619 3670 3614
f 2921 3618 3670
f 2920 3614 3586
f 3613 3642 2915
f 2917 2766 3622
f 2916 2917 3641
f 2239 3587 3652
f 2911 3640 3652
f 3643 3640 2911
f 2797 2801 3662
f 2797 3591 3598
f 3622 3628 2763
f 3608 3628 2764
f 2194 3623 3648
f 2221 3648 3649
f 2756 3608 3609
f 2750 3598 3609
f 3669 3535 1817
f 3763 3770 1691
f 2515 3621 3590
f 2548 3590 3593
f 2513 2489 3632
f 2513 3616 3621
f 2509 3633 3620
f 2510 3632 3633
f 2289 3620 3639
f 2283 3639 3617
f 2240 3586 3587
f 3659 3657 3624
f 716 2121 3887
f 727 1999 3761
f 2165 2171 2170
f 3660 3659 3626
f 3743 3581 3578
f 2175 2172 769
f 2100 500 2095
f 3758 567 3757
f 640 3560 3568
f 1653 3576 3553
f 1895 3536 3530
f 746 3530 3537
f 1653 1810 3528
f 3762 1603 1604
f 2093 2075 2073
f 959 996 995
f 962 899 919
f 1400 1401 1398
f 1000 817 1127
f 956 959 884
f 1662 3548 3550
f 2034 3558 3546
f 3926 1689 3539
f 3535 3572 766
f 3572 3574 765
f 334 3570 3571
f 1868 3531 3540
f 1684 1651 1652
f 1682 1683 775
f 1585 1603 3762
f 3763 3762 1672
f 2173 2174 490
f 1658 3544 3547
f 3556 3543 1650
f 1571 3754 2010
f 1587 3664 3671
f 2099 2095 2077
f 787 3761 1999
f 2000 3694 786
f 3155 339 3697
f 3713 3155 3683
f 2180 2179 3685
f 3496 2180 3684
f 1684 3846 3840
f 1760 464 3495
f 2607 3689 3693
f 2581 3676 3689
f 2371 2502 3700
f 2371 3695 3693
f 2587 3676 3675
f 2586 3675 3697
f 2497 3691 3687
f 2502 2503 3687
f 2494 3691 3690
f 3690 3688 2472
f 3688 3701 2468
f 3701 3703 2469
f 726 3908 3892
f 581 3567 3518
f 10 3511 3570
f 1837 3514 3510
f 741 3537 3523
f 1299 3524 3558
f 1851 3507 3504
f 3527 3565 1820
f 580 3518 3536
f 1758 1685 3522
f 1693 3557 3508
f 3504 3512 1867
f 1894 1826 3568
f 2126 1418 3813
f 3906 2126 3841
f 2113 3911 3867
f 2179 3713 3789
f 624 3903 3904
f 2192 3604 3788
f 2177 3541 3787
f 1364 3824 3833
f 3858 3855 1470
f 3135 1753 3775
f 2069 3812 3835
f 1351 3861 3853
f 2108 3882 3901
f 2089 2092 3736
f 3828 3834 1358
f 2001 3749 3783
f 2187 3783 3719
f 2130 3756 3752
f 2004 3752 3749
f 2014 3724 3779
f 2201 3779 3756
f 3167 3720 3759
f 3168 3724 3720
f 3159 3709 3764
f 3160 3764 3765
f 3730 3707 3158
f 3158 3707 3709
f 2200 3069 3730
f 3685 3789 3742
f 3722 3774 2197
f 3790 3736 2092
f 3774 3790 3721
f 3154 3706 3790
f 3155 3713 3706
f 2091 3719 3721
f 2196 3148 3750
f 2193 2196 3776
f 3604 2193 3781
f 2086 2192 3780
f 2087 2086 3778
f 2204 3742 3751
f 2205 3751 3750
f 3909 3886 574
f 2124 2087 3777
f 2208 2124 3760
f 3711 3785 3140
f 3785 3745 3138
f 3745 3744 3139
f 3771 3712 3136
f 3712 3711 3137
f 3775 3767 3131
f 3767 3782 3132
f 1813 3839 3838
f 1293 3854 3856
f 2184 2321 3748
f 2181 2184 3732
f 3765 3768 3079
f 3768 3734 3080
f 709 3873 3875
f 2774 2961 3737
f 3786 3769 2134
f 3809 3808 766
f 2968 3784 3766
f 2969 3759 3784
f 2958 3747 3737
f 2132 3747 3766
f 2321 2185 3771
f 3860 3848 1449
f 3905 3874 582
f 3886 3889 577
f 3847 3826 1818
f 705 3902 3887
f 3816 3912 3907
f 2111 3883 3911
f 3810 3829 1366
f 1812 3839 3822
f 675 3851 3852
f 3496 3705 3851
f 2110 3867 3868
f 2104 3896 3901
f 2109 3868 3899
f 3842 3831 703
f 1680 3811 3846
f 1639 1627 3819
f 623 3904 3906
f 2139 2140 3866
f 1808 1640 3844
f 3820 3821 1819
f 3872 3914 3900
f 1646 3832 3830
f 3889 3890 633
f 2139 3865 3875
f 2156 2155 3871
f 674 3852 3913
f 2117 3817 3812
f 1815 3822 3847
f 3855 3849 1444
f 697 3906 3912
f 866 842 3836
f 3864 3869 2136
f 3585 3731 3726
f 3583 3740 3731
f 3753 3746 3738
f 3740 3583 3581
f 1088 3738 3746
f 3739 3740 3743
f 2791 3492 3493
f 3492 2808 2807
f 2792 3493 3494
f 3493 2807 2806
f 3508 2909 3494
f 3516 3494 2806
f 2948 3503 3791
f 2105 3908 3896
f 3538 3802 3804
f 680 3878 3876
f 1891 1890 3910
f 2905 3799 3801
f 2900 3797 3799
f 2901 3797 3807
f 2734 2878 3806
f 2877 3807 3806
f 2820 3800 3794
f 2818 3796 3792
f 2823 3793 3792
f 2822 3793 3798
f 2819 2735 3800
f 2817 3796 3795
f 2809 3805 3795
f 2808 3805 3803
f 2805 3804 3803
f 1702 3921 3923
f 3922 3920 1797
f 3915 3916 1706
f 3918 3927 1692
f 1657 3898 3880
f 1890 1877 3895
f 3772 3770 1674
f 1689 1690 3772
f 3926 3802 3538
f 3516 3539 1689
f 3917 3923 1703
f 1598 3917 3928
f 3880 3884 1876
f 1691 1690 3925
f 3925 3926 1688
