v 0.059806 -0.010006 -0.048094
v 0.063735 -0.011010 -0.047192
v 0.064435 -0.009482 -0.047083
v 0.060229 -0.008549 -0.047843
v 0.072518 -0.008541 -0.057580
v 0.071854 -0.005122 -0.054290
v 0.071280 -0.002006 -0.054157
v 0.071495 -0.002463 -0.056878
v 0.026110 -0.046036 -0.110356
v 0.011612 -0.045946 -0.114862
v 0.011474 -0.058172 -0.112088
v 0.024814 -0.059912 -0.106425
v 0.043133 -0.083114 -0.086840
v 0.038193 -0.075122 -0.092423
v 0.036839 -0.088092 -0.096404
v 0.045028 -0.090783 -0.086286
v 0.039302 0.047432 0.040148
v 0.046340 0.046399 0.034357
v 0.045386 0.040083 0.037825
v -0.060390 -0.009623 -0.049807
v -0.064295 -0.010649 -0.048959
v -0.064949 -0.009246 -0.048883
v -0.060529 -0.008178 -0.049585
v -0.072755 -0.008287 -0.059731
v -0.071835 -0.004932 -0.056359
v -0.071456 -0.001885 -0.056146
v -0.071746 -0.002194 -0.058863
v 0.038444 0.040433 0.042214
v 0.091794 0.013635 -0.068229
v 0.091646 0.011050 -0.069612
v 0.091696 0.009650 -0.067848
v 0.091683 0.011975 -0.066832
v 0.087537 -0.005178 -0.066820
v 0.087555 0.002460 -0.068327
v 0.088981 0.004984 -0.068690
v 0.088785 0.002960 -0.068242
v 0.086910 -0.015678 -0.064089
v 0.085960 -0.014954 -0.063558
v 0.087844 -0.010352 -0.065188
v 0.088619 -0.010698 -0.066056
v 0.071641 -0.035365 -0.041130
v 0.074345 -0.033564 -0.042965
v 0.074891 -0.035388 -0.044050
v 0.070223 -0.036804 -0.042441
v 0.067306 -0.035363 -0.043269
v 0.072172 -0.036155 -0.047213
v 0.071478 -0.032914 -0.048128
v 0.067599 -0.032836 -0.044864
v 0.087162 0.023460 -0.053016
v 0.087351 0.020267 -0.052788
v 0.085733 0.019588 -0.050261
v 0.085537 0.022892 -0.050229
v 0.072207 -0.009566 -0.063798
v 0.070180 -0.016079 -0.061485
v 0.076026 -0.010871 -0.063837
v 0.076493 -0.008163 -0.064352
v 0.085299 0.012698 -0.060674
v 0.086139 0.013817 -0.064164
v 0.086321 0.011746 -0.065441
v 0.085390 0.010074 -0.062884
v 0.087753 0.015599 -0.069153
v 0.087877 0.012729 -0.070597
v 0.070178 -0.026295 -0.038997
v 0.069328 -0.022554 -0.038224
v 0.070088 -0.020984 -0.039472
v 0.070623 -0.022027 -0.040669
v 0.070750 -0.008774 -0.054529
v 0.072177 -0.004626 -0.052742
v 0.082996 -0.026332 -0.058649
v 0.082739 -0.024406 -0.057931
v 0.084721 -0.020243 -0.061511
v 0.085001 -0.021529 -0.062276
v 0.079988 -0.021688 -0.056209
v 0.082225 -0.019148 -0.059797
v 0.083379 -0.018452 -0.061508
v 0.082093 -0.020642 -0.059552
v 0.088244 0.016097 -0.059550
v 0.086045 0.018096 -0.055172
v 0.086696 0.018159 -0.055537
v 0.088532 0.015959 -0.060564
v 0.079058 0.003736 -0.063777
v 0.077990 0.008639 -0.061921
v 0.076624 0.008145 -0.062053
v 0.077785 0.003874 -0.063677
v 0.088360 0.012667 -0.066930
v 0.088667 0.009986 -0.068036
v 0.086803 0.009156 -0.067041
v 0.074612 0.010736 -0.049997
v 0.074661 0.011431 -0.050806
v 0.075287 0.009758 -0.051250
v 0.074720 0.008546 -0.050001
v 0.074706 -0.036696 -0.047275
v 0.067396 -0.024347 -0.054952
v 0.069304 -0.023501 -0.056219
v 0.072098 -0.019600 -0.059272
v 0.070833 -0.018473 -0.059508
v 0.067330 -0.033576 -0.039481
v 0.070228 -0.033448 -0.039087
v 0.071147 -0.034815 -0.040228
v 0.068024 -0.035326 -0.040541
v 0.077861 0.014884 -0.050783
v 0.080441 0.014261 -0.053118
v 0.078630 0.013269 -0.052403
v 0.076745 0.013633 -0.050594
v 0.086199 0.000549 -0.066872
v 0.085477 0.007334 -0.064756
v 0.085125 -0.008844 -0.061472
v 0.085567 -0.008761 -0.064538
v 0.084616 -0.012824 -0.063386
v -0.028656 -0.046213 -0.110465
v -0.014192 -0.046009 -0.114905
v -0.014089 -0.058274 -0.112153
v -0.027439 -0.060140 -0.106534
v 0.084527 -0.012897 -0.060375
v 0.084995 -0.000674 -0.061360
v 0.085649 -0.000572 -0.064823
v 0.089252 0.008701 -0.066389
v 0.089015 0.002635 -0.066902
v 0.089156 0.009175 -0.067158
v 0.075555 0.011945 -0.059928
v 0.075453 0.015052 -0.064056
v 0.074571 0.008664 -0.065694
v 0.075572 0.009645 -0.061451
v 0.070776 -0.017010 -0.039865
v 0.072178 -0.014852 -0.040985
v 0.071141 -0.017143 -0.042490
v 0.070550 -0.019245 -0.042269
v 0.072821 -0.021563 -0.058052
v 0.070198 -0.024605 -0.055466
v 0.070819 -0.025084 -0.054805
v 0.073572 -0.023391 -0.056521
v 0.083018 0.015624 -0.055117
v 0.082913 0.010066 -0.055862
v 0.081236 0.009966 -0.054470
v 0.076396 -0.020299 -0.047639
v 0.077021 -0.018923 -0.049635
v 0.078261 -0.022101 -0.051518
v 0.077369 -0.024204 -0.049827
v 0.079133 -0.032885 -0.052761
v 0.076822 -0.032792 -0.053109
v 0.074442 -0.034914 -0.050030
v 0.076976 -0.035433 -0.049844
v 0.070378 -0.020360 -0.041340
v 0.070317 -0.019605 -0.039723
v 0.081350 0.004039 -0.065498
v 0.080287 0.010085 -0.063440
v 0.084537 0.008349 -0.060725
v 0.084666 0.005955 -0.062246
v 0.073510 -0.004305 -0.045490
v 0.070877 -0.003629 -0.046584
v 0.070681 -0.004314 -0.046781
v 0.073920 -0.005922 -0.045378
v 0.074024 -0.004209 -0.043970
v 0.074469 -0.005763 -0.043878
v 0.074174 -0.006116 -0.042363
v 0.073793 -0.005195 -0.042267
v 0.070137 -0.003275 -0.047536
v 0.070273 -0.003564 -0.047022
v 0.070772 -0.003129 -0.047410
v 0.074804 -0.001043 -0.058588
v 0.076254 -0.008901 -0.061031
v 0.073974 -0.008611 -0.059829
v 0.071083 -0.001140 -0.058081
v 0.086379 -0.007575 -0.066215
v 0.081920 0.019046 -0.046087
v 0.080062 0.020927 -0.046127
v 0.082670 0.024707 -0.050754
v 0.071758 -0.017271 -0.051995
v 0.074096 -0.016682 -0.048898
v 0.072292 -0.016854 -0.047343
v 0.070881 -0.017975 -0.050343
v 0.070116 -0.012801 -0.045143
v 0.068190 -0.016278 -0.044326
v 0.072555 -0.014367 -0.043890
v 0.074058 0.001441 -0.043616
v 0.072430 -0.002238 -0.046790
v 0.073291 -0.003190 -0.045163
v 0.073681 -0.002913 -0.043708
v 0.086969 -0.016390 -0.065138
v 0.088735 -0.011239 -0.067499
v 0.086948 -0.011163 -0.068546
v 0.085251 -0.016679 -0.066223
v 0.067901 -0.029946 -0.037847
v 0.065542 -0.032563 -0.040709
v 0.067706 -0.026731 -0.036732
v 0.091199 0.020200 -0.062549
v 0.087110 0.022698 -0.063042
v 0.087385 0.020758 -0.065473
v 0.091507 0.018256 -0.064759
v 0.070110 0.002963 -0.052753
v 0.070499 0.000882 -0.052478
v 0.070994 0.002453 -0.050738
v 0.070691 0.004274 -0.050736
v 0.049983 -0.032075 -0.093646
v 0.058155 -0.032173 -0.074837
v 0.061948 -0.018304 -0.083326
v 0.054964 -0.018519 -0.099261
v 0.079997 -0.030322 -0.052451
v 0.078778 -0.032564 -0.049757
v 0.075200 0.009133 -0.042410
v 0.074378 0.011177 -0.041424
v 0.075662 0.016483 -0.042873
v 0.076507 0.013113 -0.042659
v 0.088373 0.004422 -0.071609
v 0.091409 0.003617 -0.070340
v 0.077333 0.015460 -0.048919
v 0.081617 0.019049 -0.051842
v 0.079218 0.016574 -0.051029
v 0.077077 0.015196 -0.049452
v 0.076234 0.006965 -0.047419
v 0.077087 0.008305 -0.046990
v 0.075648 0.009222 -0.047246
v 0.074504 0.007809 -0.047363
v 0.074264 0.015857 -0.040282
v 0.076025 0.020650 -0.043413
v 0.066157 -0.025149 -0.054388
v 0.077000 0.007975 -0.044916
v 0.077915 0.010585 -0.044396
v 0.078338 0.009803 -0.046742
v -0.045910 -0.083568 -0.086758
v -0.040929 -0.075524 -0.092390
v -0.039452 -0.088523 -0.096543
v -0.047783 -0.091288 -0.086314
v 0.068691 -0.021618 -0.036132
v 0.069669 -0.019935 -0.038119
v 0.076242 0.013984 -0.049441
v 0.075533 0.012899 -0.049479
v 0.073891 0.009334 -0.049194
v 0.074201 0.006843 -0.050394
v 0.081165 0.000030 -0.057501
v 0.082898 -0.008357 -0.059452
v 0.065710 -0.017834 -0.069616
v 0.062886 -0.031852 -0.054951
v 0.074491 0.009641 -0.047304
v 0.074306 0.009972 -0.047606
v 0.073200 0.009078 -0.048337
v 0.073453 0.008567 -0.047493
v 0.077419 -0.034119 -0.047239
v 0.079776 0.006428 -0.054831
v 0.076286 0.004795 -0.052995
v 0.076843 0.007010 -0.052026
v 0.088773 -0.005630 -0.066115
v 0.089777 0.002692 -0.066954
v 0.091232 0.003191 -0.068472
v 0.090093 -0.005831 -0.067384
v 0.065974 -0.033777 -0.041540
v 0.070433 0.000124 -0.053468
v 0.071828 -0.001700 -0.052673
v 0.071111 0.005729 -0.050754
v 0.072025 0.007527 -0.049143
v 0.070017 -0.016966 -0.037773
v 0.087562 0.016669 -0.064098
v 0.087981 0.014781 -0.065534
v 0.085902 0.015402 -0.062787
v 0.085521 0.016608 -0.061174
v 0.084602 0.017796 -0.057362
v 0.085084 0.019269 -0.056943
v 0.086888 0.018140 -0.061963
v 0.075010 0.005543 -0.051858
v 0.075943 0.007523 -0.050914
v 0.075493 -0.021569 -0.046085
v 0.076149 -0.027734 -0.047151
v 0.083301 -0.016289 -0.061150
v 0.082931 -0.015564 -0.058294
v 0.084222 -0.005236 -0.069268
v 0.084041 0.004118 -0.069958
v 0.082411 0.004011 -0.067677
v 0.082807 -0.004763 -0.067837
v 0.076614 -0.002361 -0.064299
v 0.073656 -0.001532 -0.064819
v 0.073332 -0.004073 -0.041761
v 0.072600 -0.000407 -0.039961
v 0.071051 0.005145 -0.051139
v 0.071485 0.006684 -0.048981
v 0.077324 -0.018971 -0.060502
v 0.073339 -0.026527 -0.053291
v 0.077499 -0.021384 -0.058865
v 0.069054 -0.027105 -0.051211
v 0.068798 -0.028256 -0.048946
v 0.071530 -0.028327 -0.050554
v 0.080031 -0.019737 -0.055366
v 0.081801 -0.018515 -0.058138
v 0.069297 -0.003509 -0.048317
v 0.067915 -0.005115 -0.049523
v 0.068942 -0.004038 -0.047668
v 0.083985 -0.000547 -0.058921
v 0.084523 -0.008544 -0.059730
v 0.077323 0.010444 -0.047176
v 0.074848 0.000338 -0.048846
v 0.076108 0.003703 -0.046465
v 0.080619 0.013938 -0.046628
v 0.078982 0.012176 -0.047357
v 0.078431 0.011315 -0.047173
v 0.079480 0.011773 -0.046427
v 0.062430 -0.013822 -0.047691
v 0.066084 -0.015290 -0.046441
v 0.067534 -0.011991 -0.046264
v 0.084117 0.019588 -0.055766
v 0.084507 0.017531 -0.056945
v 0.081641 0.010756 -0.065311
v 0.075642 0.011663 -0.051954
v 0.076510 0.009981 -0.052729
v 0.077864 0.023370 -0.058757
v 0.077401 0.021373 -0.055382
v 0.077656 0.021511 -0.054120
v 0.078139 0.025547 -0.054180
v 0.068148 -0.031177 -0.045840
v 0.071007 -0.030824 -0.048507
v 0.070741 -0.029473 -0.048961
v 0.068463 -0.029691 -0.047055
v 0.071613 -0.017084 -0.046624
v 0.070578 -0.018274 -0.049344
v 0.084790 -0.014871 -0.063750
v 0.083982 -0.015758 -0.062771
v 0.085345 -0.011786 -0.064832
v 0.086541 -0.010562 -0.065520
v 0.071373 0.003637 -0.054367
v 0.070102 0.002505 -0.054929
v 0.077965 0.015508 -0.056219
v 0.080290 0.017895 -0.057697
v 0.079186 0.020800 -0.054047
v 0.077439 0.018634 -0.053923
v 0.082975 0.011519 -0.067813
v 0.076378 0.008621 -0.052467
v 0.077061 0.008819 -0.053536
v 0.075891 0.009085 -0.051968
v 0.073741 0.006881 -0.047595
v 0.075560 0.005639 -0.047845
v 0.079955 0.013942 -0.047998
v 0.083947 0.017458 -0.051266
v 0.083035 0.017235 -0.050908
v 0.079255 0.014557 -0.048400
v 0.074470 0.011553 -0.048648
v 0.012919 -0.033836 -0.121191
v 0.014695 -0.023534 -0.128506
v -0.038730 0.047238 0.039247
v -0.045942 0.046136 0.033623
v -0.045035 0.039904 0.037005
v -0.037967 0.040327 0.041269
v 0.077650 0.021153 -0.046293
v 0.078926 0.022994 -0.050452
v 0.079837 0.023914 -0.050704
v 0.078221 0.022056 -0.047337
v 0.085484 0.015327 -0.060509
v 0.089257 0.011566 -0.065964
v 0.072895 -0.002820 -0.050836
v 0.069824 -0.005974 -0.050825
v 0.060023 -0.007310 -0.049595
v 0.060369 -0.006016 -0.049735
v 0.061073 -0.006552 -0.050908
v 0.060562 -0.008181 -0.050953
v 0.062704 -0.012501 -0.051308
v 0.065392 -0.013600 -0.050276
v 0.064617 -0.015580 -0.048761
v 0.061717 -0.014951 -0.050790
v 0.059158 -0.010772 -0.050019
v 0.059622 -0.009035 -0.049689
v 0.060414 -0.009983 -0.051109
v 0.060055 -0.011993 -0.051411
v 0.083591 0.019190 -0.053468
v 0.085337 0.019100 -0.055083
v 0.089975 0.010906 -0.065249
v 0.090003 0.008787 -0.066380
v 0.088577 0.015342 -0.063054
v 0.088969 0.013644 -0.064474
v 0.072722 -0.012187 -0.040731
v 0.073740 -0.011955 -0.042685
v 0.073301 -0.013632 -0.042670
v 0.091209 0.014353 -0.065330
v 0.091711 0.015961 -0.066639
v 0.070676 -0.029838 -0.038731
v 0.069414 -0.031250 -0.038037
v 0.044017 -0.101393 -0.023589
v 0.053227 -0.095929 -0.035195
v 0.052651 -0.105927 -0.034979
v 0.043696 -0.111234 -0.024102
v 0.080442 0.016261 -0.044993
v 0.079216 0.018770 -0.044490
v 0.059310 -0.012147 -0.048499
v 0.059263 -0.013368 -0.050520
v 0.061785 -0.015065 -0.049113
v 0.064816 -0.007816 -0.047120
v 0.060578 -0.007085 -0.047838
v 0.062995 -0.010748 -0.051238
v 0.064576 -0.005595 -0.050383
v 0.065008 -0.004487 -0.048726
v 0.067511 -0.018843 -0.045561
v 0.069129 -0.019102 -0.048039
v 0.070694 -0.019243 -0.044522
v 0.059674 -0.013775 -0.051283
v 0.071099 0.004704 -0.052162
v 0.066200 -0.009668 -0.050989
v 0.069333 -0.012178 -0.052731
v 0.068940 -0.014363 -0.051850
v 0.065919 -0.011662 -0.050933
v 0.078576 -0.022618 -0.053310
v 0.078913 -0.020716 -0.053172
v 0.072956 -0.016457 -0.053803
v 0.075983 -0.016406 -0.051756
v 0.072417 0.000060 -0.051154
v 0.074103 0.003158 -0.049337
v 0.069597 -0.003347 -0.048038
v 0.067040 -0.007396 -0.050651
v 0.069346 -0.009581 -0.052593
v 0.065072 -0.006288 -0.047320
v 0.068987 -0.006374 -0.046806
v 0.068810 -0.005283 -0.047058
v 0.065024 -0.005252 -0.047619
v 0.079405 0.009981 -0.053893
v 0.077843 0.016373 -0.043540
v 0.079282 0.013457 -0.044476
v 0.078476 0.027698 -0.070700
v 0.076196 0.019575 -0.075415
v 0.076935 0.020246 -0.062594
v 0.062985 -0.008783 -0.051004
v 0.061274 -0.004955 -0.049329
v 0.061438 -0.005181 -0.047892
v 0.084029 -0.018970 -0.061221
v 0.071739 -0.019436 -0.044159
v 0.072227 0.005046 -0.048692
v 0.083424 -0.010431 -0.067695
v 0.082143 -0.015587 -0.065590
v 0.071387 0.006270 -0.048994
v 0.072373 0.007441 -0.047818
v 0.069926 -0.018749 -0.048822
v 0.071254 -0.018123 -0.045672
v 0.072745 0.007907 -0.047745
v 0.073133 -0.012507 -0.044129
v 0.084595 0.009828 -0.059198
v 0.075060 -0.030151 -0.053545
v 0.073178 -0.031719 -0.050629
v 0.061001 -0.006020 -0.047922
v 0.064455 -0.015692 -0.048044
v 0.064173 -0.007010 -0.051075
v 0.071432 -0.008577 -0.045661
v 0.070918 -0.010777 -0.045371
v 0.073727 -0.010273 -0.044308
v 0.077432 -0.016042 -0.053523
v 0.073717 -0.015122 -0.056115
v 0.074882 -0.014210 -0.058272
v 0.079077 -0.015416 -0.055322
v 0.080785 -0.020404 -0.063106
v 0.079222 -0.024733 -0.059619
v 0.081574 -0.026530 -0.059382
v 0.083551 -0.022081 -0.063283
v 0.079889 0.043047 -0.079244
v 0.079450 0.033270 -0.063854
v 0.080833 0.049481 -0.067815
v 0.082439 0.019412 -0.062729
v 0.082585 0.017095 -0.064462
v 0.087659 0.018142 -0.067388
v 0.077422 0.023740 -0.048421
v 0.077962 0.021344 -0.052331
v 0.077475 0.022661 -0.050098
v 0.087866 -0.005630 -0.070403
v 0.074576 0.005184 -0.042732
v 0.076555 0.005807 -0.045503
v 0.076164 -0.017740 -0.061259
v 0.079013 -0.017300 -0.053463
v 0.081047 -0.016836 -0.055737
v 0.088712 0.020165 -0.055492
v 0.085615 0.018283 -0.053074
v 0.010185 -0.113433 0.003467
v 0.010010 -0.120389 -0.000513
v 0.008106 -0.008795 0.058869
v 0.009615 -0.009085 0.057503
v 0.008576 -0.007152 0.056523
v 0.007813 -0.007062 0.057160
v 0.008467 -0.017940 0.057387
v 0.007852 -0.016320 0.056313
v 0.008709 -0.016577 0.055637
v 0.009457 -0.017913 0.056455
v 0.005287 -0.007365 0.056254
v 0.003726 -0.010324 0.059020
v 0.005263 -0.008906 0.060493
v 0.006498 -0.006600 0.057091
v 0.088139 0.023527 -0.056488
v 0.011532 -0.018130 0.056833
v 0.010559 -0.016549 0.055754
v 0.011598 -0.015796 0.057455
v 0.012974 -0.017097 0.058464
v 0.004692 -0.017130 0.065083
v 0.005799 -0.015006 0.065264
v 0.004566 -0.015981 0.062895
v 0.004556 -0.017792 0.062508
v 0.007414 -0.014332 0.064719
v 0.009181 -0.014879 0.066347
v 0.010824 -0.014969 0.064771
v 0.008801 -0.014392 0.063189
v 0.004295 -0.013812 0.058116
v 0.005395 -0.015642 0.059307
v 0.003634 -0.013785 0.061692
v 0.011757 -0.013753 0.055775
v 0.010074 -0.014895 0.054486
v 0.009407 -0.011073 0.053638
v 0.010831 -0.010131 0.054663
v 0.047393 -0.085020 -0.022683
v 0.054842 -0.082333 -0.036486
v 0.034527 0.004790 0.037599
v 0.033702 0.001957 0.038663
v 0.029427 0.003062 0.039316
v 0.030473 0.005573 0.038463
v 0.074520 -0.007915 -0.043283
v 0.073987 -0.007115 -0.041976
v 0.082633 0.014371 -0.066112
v 0.088275 0.016930 -0.060150
v 0.082277 0.021274 -0.060548
v 0.081008 0.023552 -0.055842
v 0.079929 0.022056 -0.054880
v 0.081122 0.019403 -0.058937
v 0.090704 0.017555 -0.061402
v 0.072946 -0.020903 -0.043857
v 0.082054 0.005807 -0.056456
v 0.080400 0.024037 -0.053336
v 0.083861 0.025536 -0.053960
v 0.088170 -0.005664 -0.066194
v 0.091046 0.016008 -0.063457
v 0.089080 0.014592 -0.062259
v 0.082103 0.016082 -0.047120
v 0.075920 -0.012113 -0.060661
v 0.082340 -0.012026 -0.058678
v 0.080850 -0.014400 -0.057049
v -0.091339 0.013915 -0.070453
v -0.091225 0.011316 -0.071757
v -0.091275 0.009952 -0.069941
v -0.091211 0.012300 -0.069130
v -0.087631 -0.004743 -0.068860
v -0.087683 0.002766 -0.070452
v -0.088904 0.005302 -0.070926
v -0.088907 0.003271 -0.070478
v 0.075142 -0.013688 -0.059658
v 0.069801 0.001475 -0.054646
v 0.069560 -0.016159 -0.035458
v 0.078012 -0.027413 -0.050744
v -0.087267 -0.015167 -0.065630
v -0.086426 -0.014503 -0.065254
v -0.088168 -0.009885 -0.066904
v -0.088889 -0.010249 -0.067622
v 0.079013 -0.026253 -0.053225
v 0.029040 -0.033248 -0.115541
v 0.032512 -0.022055 -0.122027
v 0.090148 -0.005840 -0.069271
v 0.083059 0.018326 -0.054156
v 0.074597 -0.021445 -0.045194
v 0.073742 -0.027365 -0.044458
v 0.072437 -0.026814 -0.042561
v 0.076925 0.009176 -0.053147
v 0.075383 -0.016740 -0.061714
v 0.075544 -0.014448 -0.062599
v 0.061419 -0.005675 -0.050650
v 0.078130 -0.022925 -0.059079
v 0.074330 -0.028361 -0.053454
v 0.058054 -0.078633 -0.050002
v 0.054517 -0.075502 -0.065024
v -0.072562 -0.034954 -0.042815
v -0.075093 -0.033115 -0.044642
v -0.075665 -0.034949 -0.045888
v -0.071170 -0.036155 -0.044339
v 0.054906 -0.087287 -0.062887
v 0.057268 -0.091351 -0.048553
v 0.071345 -0.002027 -0.036389
v 0.071845 -0.009441 -0.038851
v 0.070845 -0.010446 -0.037101
v 0.023784 -0.104086 -0.001363
v 0.020859 -0.115745 -0.005749
v 0.069815 -0.015504 -0.031374
v 0.069739 -0.016050 -0.021294
v 0.071282 -0.000204 -0.021365
v 0.070737 -0.005751 -0.030949
v 0.059892 0.031002 0.014905
v 0.061518 0.031646 0.010412
v 0.062282 0.022131 0.010299
v 0.060169 0.023312 0.014197
v 0.020085 0.089054 0.032429
v 0.010028 0.089837 0.034655
v 0.010056 0.097370 0.028598
v 0.020348 0.096259 0.025975
v 0.034538 -0.013866 -0.126399
v 0.036492 -0.003363 -0.131156
v 0.016942 -0.006279 -0.138251
v 0.015776 -0.016013 -0.133058
v 0.020496 0.113388 0.003520
v 0.009992 0.115039 0.006236
v 0.010100 0.120025 -0.003830
v -0.068295 -0.034814 -0.045018
v -0.072592 -0.035498 -0.049159
v -0.071770 -0.032400 -0.050071
v -0.068463 -0.032428 -0.046651
v 0.020789 0.118091 -0.006198
v 0.053384 0.002538 0.027906
v 0.055479 -0.003622 0.028177
v 0.051570 -0.004235 0.032023
v 0.049934 0.001963 0.030968
v 0.073267 -0.032046 -0.041710
v 0.072210 -0.031146 -0.040511
v -0.087140 0.023674 -0.054882
v -0.087127 0.020503 -0.054847
v -0.085130 0.019942 -0.052405
v -0.085390 0.023172 -0.052001
v -0.074100 -0.010300 -0.065175
v -0.072049 -0.016717 -0.062991
v -0.077839 -0.011542 -0.065500
v -0.078131 -0.008868 -0.065966
v 0.010272 0.124294 -0.015607
v 0.021219 0.122164 -0.017564
v 0.011965 0.011879 0.044360
v -0.084437 0.012850 -0.063034
v -0.085677 0.014058 -0.066540
v -0.086045 0.012027 -0.067780
v -0.085010 0.010301 -0.065168
v -0.087467 0.015818 -0.071247
v -0.087589 0.012949 -0.072782
v -0.071032 -0.025993 -0.040401
v -0.070257 -0.022259 -0.039618
v -0.070859 -0.020653 -0.041003
v -0.071319 -0.021688 -0.042164
v -0.070721 -0.008559 -0.056633
v -0.072323 -0.004498 -0.054786
v -0.082896 -0.025639 -0.060505
v -0.083015 -0.023854 -0.059635
v -0.085080 -0.019705 -0.063060
v -0.085098 -0.020931 -0.063973
v 0.012406 0.013842 0.041521
v 0.016100 0.010566 0.040333
v 0.015671 0.008508 0.042636
v 0.007985 0.060969 0.046342
v 0.008907 0.069229 0.043875
v 0.017881 0.069247 0.042409
v 0.016418 0.061012 0.045290
v 0.020636 0.007841 0.039329
v 0.019869 0.005893 0.040811
v 0.009999 0.103890 0.021845
v 0.020431 0.102624 0.019017
v 0.020609 0.128103 -0.067807
v -0.080336 -0.021268 -0.057911
v -0.082572 -0.018740 -0.061572
v -0.083763 -0.018021 -0.063289
v -0.082440 -0.020191 -0.061296
v 0.021119 0.128424 -0.059303
v 0.009855 0.131097 -0.059726
v -0.087984 0.016408 -0.061898
v -0.085785 0.018323 -0.057444
v -0.086291 0.018432 -0.057835
v -0.088129 0.016295 -0.062961
v 0.010885 0.130123 -0.072324
v 0.067718 -0.000034 -0.091501
v 0.071004 -0.001163 -0.076071
v 0.074025 0.010804 -0.077663
v 0.071991 0.016454 -0.094270
v 0.034460 -0.096920 -0.010594
v 0.032229 -0.108981 -0.013952
v -0.080058 0.003373 -0.065303
v -0.078671 0.008480 -0.063459
v -0.077751 0.007733 -0.063416
v -0.079088 0.003249 -0.065001
v -0.088169 0.012990 -0.069291
v -0.088514 0.010307 -0.070356
v -0.086624 0.009453 -0.069314
v -0.074686 0.010527 -0.052042
v -0.074946 0.011100 -0.052784
v -0.075627 0.009506 -0.053160
v -0.075052 0.008436 -0.051901
v -0.075211 -0.036116 -0.049316
v -0.069029 -0.024831 -0.056606
v -0.070771 -0.023929 -0.057969
v -0.073500 -0.019985 -0.061016
v -0.072496 -0.018984 -0.061179
v 0.053288 0.053004 0.022654
v 0.055184 0.058555 0.018274
v 0.058453 0.051310 0.014520
v 0.056241 0.046798 0.019194
v 0.006434 0.047806 0.049915
v 0.013947 0.047750 0.049590
v 0.012009 0.041377 0.049785
v 0.005727 0.041331 0.050198
v -0.068494 -0.033215 -0.040773
v -0.071316 -0.033100 -0.040442
v -0.072161 -0.034421 -0.041713
v -0.069135 -0.034843 -0.042164
v 0.060109 0.015914 0.014690
v 0.062747 0.012996 0.011773
v 0.061771 0.004769 0.016490
v 0.058848 0.008799 0.018388
v 0.055943 0.003915 0.024513
v -0.077848 0.014511 -0.052849
v -0.080183 0.014050 -0.055261
v -0.078596 0.012989 -0.054432
v -0.076854 0.013259 -0.052620
v 0.058309 -0.001899 0.024238
v -0.086536 0.000875 -0.068880
v -0.085326 0.007654 -0.066974
v 0.019191 0.079124 0.038485
v 0.009564 0.079554 0.040238
v 0.060410 0.041878 0.011607
v 0.058447 0.039133 0.016542
v 0.009251 0.015074 0.046959
v 0.009947 0.016609 0.043317
v 0.007503 0.021599 0.046168
v -0.085733 -0.008476 -0.063398
v -0.086125 -0.008376 -0.066482
v -0.085099 -0.012392 -0.065242
v -0.085045 -0.012483 -0.062130
v 0.004618 0.020838 0.052018
v 0.004625 0.024694 0.050738
v 0.007448 0.024544 0.046911
v 0.034097 0.060777 0.038214
v 0.035695 0.068333 0.034823
v 0.043200 0.067028 0.029275
v 0.041707 0.059975 0.033019
v 0.020454 0.108212 0.011735
v -0.085339 -0.000426 -0.063415
v -0.086055 -0.000259 -0.066837
v 0.009962 0.109662 0.014568
v 0.004888 0.033499 0.049714
v 0.009083 0.033512 0.048025
v 0.007928 0.030309 0.047317
v -0.089224 0.009090 -0.068794
v -0.089292 0.002942 -0.069090
v -0.089058 0.009528 -0.069509
v -0.076608 0.011705 -0.061137
v -0.076642 0.014676 -0.064997
v -0.076130 0.008057 -0.066638
v -0.076966 0.009148 -0.062641
v 0.004913 0.030355 0.049731
v 0.024422 0.004277 0.040015
v 0.025372 0.006513 0.039058
v 0.065284 -0.031004 -0.044537
v 0.066428 -0.032239 -0.044056
v 0.072897 0.015339 -0.033907
v 0.071484 0.004743 -0.032035
v 0.071811 0.013090 -0.022378
v 0.072417 0.025899 -0.024524
v 0.074891 0.037778 -0.028032
v 0.076207 0.046323 -0.033364
v 0.076829 0.030621 -0.040545
v 0.075143 0.024284 -0.036205
v 0.049569 -0.084308 -0.075632
v 0.047325 -0.074038 -0.079067
v 0.004513 0.017698 0.054583
v 0.004444 0.014725 0.057082
v 0.019445 0.035856 -0.149688
v -0.071240 -0.016706 -0.041800
v -0.072616 -0.014620 -0.043050
v -0.071612 -0.016793 -0.044456
v -0.071128 -0.018819 -0.044074
v 0.018797 0.022247 -0.147823
v 0.039155 0.026297 -0.139353
v 0.039587 0.039259 -0.140836
v 0.064402 -0.010668 -0.087474
v -0.074040 -0.021803 -0.059773
v -0.071432 -0.024879 -0.057262
v -0.071877 -0.025191 -0.056599
v -0.074636 -0.023489 -0.058257
v 0.068334 -0.010022 -0.073220
v 0.010272 -0.012156 0.059406
v 0.007073 -0.007778 0.054684
v 0.007116 -0.011449 0.053638
v 0.006787 -0.008905 0.054705
v 0.010316 -0.014752 0.061023
v 0.012441 -0.015519 0.062241
v 0.007998 -0.014982 0.054427
v 0.007328 -0.014787 0.054763
v 0.006582 -0.011155 0.053815
v 0.008382 -0.007219 0.055366
v 0.001971 -0.018821 0.067471
v 0.002627 -0.017402 0.070468
v 0.006285 -0.015987 0.069217
v 0.004801 -0.017454 0.067108
v 0.004873 -0.008662 0.055956
v 0.003943 -0.010717 0.056564
v 0.005012 -0.012552 0.063749
v 0.006722 -0.008754 0.059923
v 0.007173 -0.006726 0.057166
v 0.006667 -0.011856 0.063001
v 0.005702 -0.017787 0.059913
v 0.008403 -0.011765 0.061392
v -0.082226 0.015556 -0.057492
v -0.082211 0.010129 -0.058122
v -0.080832 0.009920 -0.056619
v -0.076793 -0.020000 -0.049413
v -0.077554 -0.018711 -0.051341
v -0.078473 -0.021772 -0.053287
v -0.077482 -0.023821 -0.051711
v 0.077800 -0.017982 -0.051448
v 0.056714 -0.064911 -0.031249
v 0.060016 -0.049707 -0.038952
v 0.059198 -0.050074 -0.044632
v -0.079018 -0.032157 -0.054735
v -0.076811 -0.032381 -0.055357
v -0.074782 -0.034534 -0.052236
v -0.077146 -0.034875 -0.051967
v -0.071148 -0.019954 -0.042970
v -0.070960 -0.019270 -0.041411
v -0.081939 0.003867 -0.067193
v -0.080620 0.010026 -0.065212
v 0.057413 -0.065866 -0.040468
v 0.079660 0.008358 -0.054588
v 0.066799 0.058041 -0.003682
v 0.068298 0.069851 -0.013069
v 0.073601 0.058132 -0.024606
v -0.084064 0.008546 -0.062964
v -0.084613 0.006245 -0.064445
v 0.073022 0.047418 -0.019353
v 0.068697 0.079632 -0.021280
v 0.074015 0.069012 -0.032006
v 0.077241 0.056843 -0.041620
v 0.078950 0.036534 -0.055389
v 0.041448 0.018041 0.033027
v 0.041700 0.017723 0.032932
v 0.040239 0.017249 0.034127
v -0.073802 -0.004213 -0.047587
v -0.071183 -0.003539 -0.048656
v -0.071027 -0.004228 -0.048829
v -0.074222 -0.005817 -0.047444
v 0.040061 0.017636 0.034262
v 0.041074 0.018282 0.032826
v 0.039860 0.017861 0.033762
v -0.074297 -0.004134 -0.046062
v -0.074743 -0.005658 -0.045957
v -0.074496 -0.006021 -0.044441
v -0.074124 -0.005115 -0.044346
v 0.042120 0.018736 0.032042
v 0.042519 0.018456 0.032193
v 0.042678 0.018120 0.032071
v 0.025090 0.018286 0.036669
v 0.025498 0.018437 0.035967
v 0.027847 0.017821 0.036968
v 0.027679 0.017656 0.037727
v 0.024945 0.017967 0.036909
v 0.027926 0.017199 0.037763
v -0.070490 -0.003234 -0.049572
v -0.070610 -0.003498 -0.049065
v -0.071092 -0.003056 -0.049475
v -0.075197 -0.000274 -0.061159
v -0.076633 -0.008196 -0.063204
v -0.074420 -0.008193 -0.061997
v -0.071607 -0.000656 -0.060285
v 0.024119 0.019864 0.030807
v 0.023866 0.020514 0.030839
v -0.086680 -0.007121 -0.068118
v 0.025147 0.018930 0.031050
v 0.022929 0.020668 0.033387
v 0.022799 0.021963 0.033456
v -0.081793 0.019282 -0.047920
v -0.080212 0.021110 -0.047608
v -0.082719 0.024887 -0.052300
v 0.023451 0.022332 0.030919
v 0.023605 0.021103 0.030823
v 0.023212 0.020064 0.033578
v -0.072468 -0.017402 -0.053917
v -0.074935 -0.016480 -0.050631
v -0.073041 -0.016530 -0.049103
v -0.071557 -0.017857 -0.052233
v -0.070612 -0.012556 -0.047174
v -0.068680 -0.015950 -0.046303
v -0.073073 -0.014130 -0.045937
v -0.074221 0.001604 -0.045753
v -0.072571 -0.002056 -0.048909
v -0.073569 -0.003098 -0.047281
v -0.073968 -0.002854 -0.045823
v -0.087112 -0.015849 -0.066733
v -0.088738 -0.010727 -0.069054
v -0.086944 -0.010791 -0.070351
v -0.085361 -0.016211 -0.067986
v 0.021503 0.019832 0.034071
v 0.021214 0.020348 0.033955
v -0.068967 -0.029566 -0.039121
v -0.066773 -0.032279 -0.041984
v -0.068907 -0.026440 -0.038000
v -0.091012 0.020478 -0.064660
v -0.087027 0.022965 -0.064995
v -0.087254 0.020993 -0.067485
v -0.091270 0.018521 -0.066949
v -0.070761 0.003242 -0.054824
v -0.070955 0.001085 -0.054454
v -0.071389 0.002648 -0.052824
v -0.071306 0.004511 -0.052904
v 0.021261 0.021705 0.034105
v 0.032576 0.016151 0.037738
v 0.032941 0.015513 0.037429
v 0.028438 0.015984 0.037632
v 0.028237 0.016615 0.037752
v 0.032259 0.016712 0.037869
v 0.035487 0.016744 0.037098
v 0.035864 0.016199 0.036843
v 0.036159 0.015600 0.036441
v -0.052311 -0.032472 -0.093994
v -0.060398 -0.032641 -0.075352
v -0.064058 -0.018826 -0.083987
v -0.057087 -0.018960 -0.099733
v -0.080118 -0.029705 -0.054264
v -0.079032 -0.031995 -0.051656
v -0.075293 0.009254 -0.044432
v -0.074624 0.011283 -0.042984
v -0.075956 0.016667 -0.044076
v -0.076498 0.013278 -0.044423
v 0.025041 0.016909 0.037034
v 0.024962 0.017522 0.037013
v 0.036424 0.014934 0.036008
v 0.033228 0.014796 0.037000
v -0.087984 0.004709 -0.073862
v -0.090847 0.003977 -0.072230
v 0.028632 0.015202 0.037383
v 0.024986 0.016331 0.037078
v 0.021774 0.017776 0.036385
v 0.022054 0.018205 0.036266
v 0.033434 0.014036 0.036713
v 0.033406 0.013210 0.036758
v 0.028598 0.013599 0.037396
v 0.028666 0.014377 0.037213
v -0.077199 0.015183 -0.051146
v -0.081162 0.018878 -0.054201
v -0.078909 0.016313 -0.053272
v -0.077031 0.014847 -0.051593
v -0.076302 0.007139 -0.049605
v -0.077072 0.008444 -0.049083
v -0.075692 0.009299 -0.049290
v -0.074688 0.007905 -0.049468
v 0.036578 0.014163 0.035628
v 0.036587 0.013266 0.035651
v -0.074558 0.015869 -0.041339
v -0.076159 0.020693 -0.044306
v 0.044393 0.018402 0.030314
v 0.044957 0.018941 0.029588
v 0.045101 0.018175 0.029433
v -0.067824 -0.025605 -0.055749
v 0.044826 0.017706 0.029792
v 0.047864 0.015139 0.026170
v 0.048753 0.016505 0.025311
v 0.050745 0.015323 0.023713
v -0.076933 0.008178 -0.047085
v -0.077800 0.010754 -0.046463
v -0.078156 0.009974 -0.048855
v -0.069753 -0.021383 -0.037493
v -0.070469 -0.019658 -0.039678
v -0.076255 0.013616 -0.051528
v -0.075646 0.012537 -0.051568
v -0.074123 0.009247 -0.051194
v -0.074612 0.006896 -0.052322
v 0.049520 0.013892 0.025018
v -0.081405 0.000510 -0.059441
v -0.083192 -0.007855 -0.061061
v 0.057726 0.005821 0.021291
v 0.051436 0.011414 0.024214
v 0.052805 0.012981 0.022206
v 0.043724 0.017940 0.031059
v 0.042923 0.017598 0.031881
v 0.043513 0.018523 0.031246
v 0.044164 0.018976 0.030555
v 0.044217 0.017303 0.030540
v 0.043321 0.016940 0.031540
v 0.042003 0.017221 0.032777
v 0.042368 0.016543 0.032503
v 0.040856 0.016074 0.033748
v 0.040561 0.016698 0.033969
v 0.038419 0.016358 0.035397
v -0.067673 -0.018411 -0.070635
v -0.064773 -0.032261 -0.055686
v 0.038104 0.016911 0.035606
v 0.038721 0.015746 0.035061
v 0.041135 0.015384 0.033485
v 0.039083 0.015086 0.034728
v 0.042775 0.015843 0.032057
v 0.043844 0.016283 0.030954
v 0.044683 0.016720 0.029922
v 0.045331 0.017150 0.029133
v 0.045726 0.017815 0.028627
v 0.045255 0.015990 0.029049
v 0.045901 0.015228 0.028279
v 0.044695 0.014683 0.029678
v 0.044313 0.015535 0.030240
v 0.046064 0.016539 0.028113
v 0.046841 0.015883 0.027145
v -0.074542 0.009645 -0.049308
v -0.074317 0.009915 -0.049618
v -0.073441 0.008996 -0.050324
v -0.073701 0.008579 -0.049545
v 0.043097 0.015153 0.031590
v 0.043346 0.014341 0.031155
v 0.041454 0.013890 0.032802
v 0.041317 0.014777 0.033201
v -0.078020 -0.033670 -0.049161
v -0.079859 0.006620 -0.056761
v -0.076806 0.005051 -0.054958
v -0.077461 0.007011 -0.053806
v 0.039350 0.014406 0.034401
v 0.039471 0.013518 0.034132
v -0.088902 -0.005154 -0.067794
v -0.090003 0.003028 -0.068867
v -0.091067 0.003501 -0.070395
v -0.089889 -0.005326 -0.069060
v 0.032108 0.017117 0.037909
v 0.031992 0.017347 0.037359
v 0.035142 0.017382 0.036694
v 0.035279 0.017145 0.037221
v 0.037852 0.017312 0.035690
v -0.067114 -0.033357 -0.043036
v -0.070830 0.000306 -0.055408
v -0.072108 -0.001566 -0.054673
v 0.037801 0.017567 0.035176
v 0.035207 0.016323 0.034214
v 0.034323 0.017058 0.030404
v 0.037167 0.017134 0.029582
v 0.038413 0.016568 0.033038
v -0.071655 0.005872 -0.052768
v -0.072445 0.007538 -0.051176
v 0.031509 0.016116 0.034749
v 0.031047 0.017384 0.030983
v 0.027877 0.016687 0.034929
v -0.070699 -0.016776 -0.039577
v 0.027793 0.018086 0.031130
v 0.025395 0.018299 0.034643
v 0.034346 0.030068 0.037274
v 0.034554 0.029742 0.037944
v 0.039357 0.029154 0.037278
v 0.038939 0.029338 0.036580
v 0.049691 -0.000223 -0.121131
v 0.051169 0.014804 -0.126650
v 0.038382 0.010389 -0.135966
v 0.041748 0.027863 0.035475
v 0.041845 0.028341 0.035373
v 0.044078 0.027123 0.033890
v 0.043789 0.026595 0.033963
v 0.041611 0.027148 0.035543
v -0.087354 0.016859 -0.066416
v -0.087732 0.015072 -0.067894
v -0.085567 0.015491 -0.065102
v -0.085181 0.016652 -0.063499
v -0.084324 0.017768 -0.059657
v -0.084888 0.019408 -0.059250
v -0.086625 0.018254 -0.064285
v -0.075493 0.005674 -0.053773
v -0.076542 0.007451 -0.052697
v 0.043512 0.025841 0.033781
v 0.038703 0.028382 0.037175
v -0.075825 -0.021219 -0.047922
v -0.076509 -0.027297 -0.049012
v -0.083732 -0.015901 -0.062920
v -0.083463 -0.015177 -0.059920
v -0.084129 -0.004987 -0.071191
v -0.084021 0.004248 -0.071954
v -0.082702 0.004002 -0.069504
v -0.083007 -0.004660 -0.069675
v 0.038839 0.029062 0.037157
v 0.038862 0.029335 0.036760
v 0.043559 0.023968 0.028849
v 0.042650 0.025554 0.029679
v -0.078134 -0.003108 -0.065657
v -0.075389 -0.002304 -0.065999
v -0.073782 -0.004034 -0.043818
v -0.073119 -0.000365 -0.041863
v -0.071668 0.005370 -0.053263
v -0.072087 0.006773 -0.051116
v -0.078337 -0.019069 -0.062191
v -0.074093 -0.026438 -0.055108
v -0.078253 -0.021320 -0.060623
v -0.070022 -0.027158 -0.052981
v -0.069622 -0.028164 -0.050756
v -0.072210 -0.028223 -0.052457
v 0.042534 0.024490 0.032230
v 0.043224 0.023355 0.031073
v 0.044005 0.023177 0.028134
v 0.043651 0.022507 0.030136
v 0.043572 0.023570 0.024901
v 0.042795 0.024366 0.025611
v 0.041605 0.025335 0.026637
v -0.080461 -0.019391 -0.057028
v -0.082245 -0.018156 -0.059837
v 0.044021 0.022827 0.024500
v -0.069652 -0.003478 -0.050346
v -0.068011 -0.004962 -0.051539
v -0.069346 -0.004022 -0.049683
v -0.083989 -0.000169 -0.060885
v -0.084924 -0.008149 -0.061507
v -0.077198 0.010573 -0.049255
v 0.044299 0.022060 0.024357
v -0.074965 0.000582 -0.051025
v -0.076093 0.003983 -0.048737
v -0.080190 0.014142 -0.048794
v -0.078670 0.012338 -0.049483
v -0.078154 0.011485 -0.049284
v -0.079121 0.011969 -0.048574
v -0.063058 -0.013359 -0.049451
v -0.066620 -0.014920 -0.048248
v -0.068043 -0.011704 -0.048131
v 0.044239 0.021189 0.024314
v 0.043963 0.020366 0.024641
v 0.060311 -0.010345 0.021795
v 0.060322 0.000789 0.020410
v -0.083610 0.019631 -0.058143
v -0.083865 0.017508 -0.059320
v -0.081703 0.010818 -0.067201
v 0.062714 -0.007161 0.017427
v 0.043263 0.018917 0.031419
v -0.075933 0.011347 -0.053901
v -0.076800 0.009736 -0.054645
v 0.043941 0.019416 0.030682
v -0.078294 0.023174 -0.059362
v -0.077599 0.021238 -0.056143
v -0.077699 0.021419 -0.054947
v -0.078232 0.025431 -0.054804
v 0.042751 0.019222 0.031404
v -0.068917 -0.030883 -0.047639
v -0.071594 -0.030619 -0.050522
v -0.071397 -0.029340 -0.050901
v -0.069186 -0.029476 -0.048841
v -0.072276 -0.016749 -0.048470
v -0.071263 -0.018056 -0.051248
v 0.043137 0.019580 0.030866
v -0.085302 -0.014476 -0.065579
v -0.084475 -0.015368 -0.064566
v -0.085804 -0.011352 -0.066681
v -0.086963 -0.010148 -0.067414
v 0.044420 0.019963 0.029884
v 0.044859 0.019530 0.029738
v 0.041739 0.017432 0.030714
v 0.041434 0.017926 0.027674
v 0.042549 0.018488 0.026739
v -0.071811 0.004047 -0.056575
v -0.070801 0.002921 -0.057099
v -0.078166 0.015583 -0.057562
v -0.080217 0.018091 -0.059177
v -0.079131 0.020880 -0.055340
v -0.077639 0.018624 -0.055105
v -0.082902 0.011637 -0.069765
v 0.042656 0.018388 0.029536
v 0.040600 0.016842 0.031728
v 0.039637 0.017427 0.028649
v 0.043109 0.019017 0.025985
v 0.043640 0.019669 0.025188
v -0.076897 0.008534 -0.054287
v -0.077474 0.008770 -0.055384
v 0.043210 0.018889 0.028934
v -0.076338 0.008919 -0.053823
v 0.043666 0.019480 0.028086
v 0.043553 0.020072 0.030145
v -0.074059 0.007013 -0.049773
v -0.075704 0.005842 -0.050077
v -0.079483 0.014133 -0.050163
v -0.083393 0.017657 -0.053521
v -0.082555 0.017398 -0.053143
v -0.078907 0.014643 -0.050587
v 0.044232 0.020946 0.027326
v 0.044314 0.021612 0.027399
v 0.043893 0.020572 0.029363
v -0.074533 0.011374 -0.050699
v 0.044294 0.021188 0.028680
v 0.044029 0.020297 0.027487
v -0.015429 -0.033923 -0.121248
v -0.017099 -0.023631 -0.128576
v 0.044245 0.022424 0.027653
v 0.044024 0.021813 0.029246
v 0.045375 0.018927 0.029059
v 0.045303 0.020018 0.029045
v 0.046212 0.021083 0.028124
v 0.045997 0.018770 0.028301
v -0.077811 0.021258 -0.047594
v -0.078978 0.023078 -0.051698
v -0.079872 0.024064 -0.052111
v -0.078314 0.022189 -0.048693
v -0.084770 0.015437 -0.062893
v 0.047044 0.018669 0.027235
v 0.046609 0.017348 0.027482
v 0.047582 0.021502 0.027451
v 0.048888 0.021732 0.026771
v -0.089039 0.011921 -0.068344
v -0.073119 -0.002654 -0.052932
v -0.069788 -0.005746 -0.052931
v 0.048226 0.018612 0.026191
v 0.047528 0.017046 0.026476
v 0.044862 0.020458 0.029217
v -0.060311 -0.006992 -0.051334
v -0.060615 -0.005781 -0.051521
v -0.061346 -0.006288 -0.052622
v -0.060889 -0.007858 -0.052634
v 0.045201 0.021066 0.028715
v 0.047011 0.022838 0.028792
v -0.063347 -0.011988 -0.052990
v -0.066018 -0.013226 -0.052005
v -0.065197 -0.015166 -0.050557
v -0.062454 -0.014367 -0.052470
v 0.047930 0.023532 0.028518
v 0.045783 0.022251 0.029242
v 0.045320 0.023304 0.030596
v 0.046333 0.024072 0.030549
v -0.059623 -0.010228 -0.051782
v -0.059978 -0.008619 -0.051411
v -0.060824 -0.009534 -0.052805
v -0.060730 -0.011440 -0.053139
v 0.046974 0.024738 0.030517
v 0.045304 0.025264 0.032241
v -0.083145 0.019185 -0.055810
v -0.084914 0.019313 -0.057424
v 0.045816 0.025870 0.032212
v 0.044588 0.024535 0.032089
v 0.044792 0.021961 0.029519
v -0.089697 0.011337 -0.067743
v -0.089875 0.009151 -0.068623
v -0.088378 0.015612 -0.065380
v -0.088678 0.013977 -0.066843
v 0.044378 0.022799 0.030465
v 0.043791 0.023809 0.031668
v 0.043019 0.024918 0.033013
v -0.073181 -0.012033 -0.042815
v -0.074149 -0.011776 -0.044767
v -0.073751 -0.013430 -0.044762
v -0.090704 0.014713 -0.067730
v -0.091296 0.016267 -0.068870
v -0.071554 -0.029467 -0.040085
v -0.070451 -0.030911 -0.039302
v -0.044439 -0.101409 -0.023749
v -0.054037 -0.096125 -0.035174
v -0.053860 -0.106278 -0.034954
v -0.044591 -0.111375 -0.024169
v -0.080210 0.016470 -0.046954
v -0.079323 0.018923 -0.046060
v 0.041396 0.026424 0.035001
v 0.041051 0.025957 0.034247
v 0.038536 0.027591 0.036711
v -0.059985 -0.011654 -0.050240
v -0.060054 -0.012792 -0.052316
v -0.062566 -0.014453 -0.050897
v -0.065296 -0.007661 -0.048996
v -0.061065 -0.006904 -0.049604
v 0.038351 0.027138 0.036007
v 0.035084 0.030145 0.039099
v 0.040459 0.029839 0.038240
v 0.038210 0.028161 0.032947
v 0.036506 0.026880 0.029827
v 0.033950 0.027189 0.031188
v 0.034818 0.028825 0.034748
v -0.063384 -0.010353 -0.052882
v 0.022980 0.022878 0.033702
v 0.023439 0.024193 0.034277
v -0.064767 -0.005420 -0.052242
v -0.065438 -0.004460 -0.050636
v -0.068059 -0.018394 -0.047476
v -0.069663 -0.018691 -0.049982
v -0.071284 -0.018781 -0.046398
v -0.060444 -0.013116 -0.053027
v -0.071578 0.005025 -0.054273
v 0.023946 0.024488 0.031535
v 0.023386 0.023236 0.031045
v 0.022064 0.022640 0.034593
v 0.023219 0.024023 0.035314
v -0.066417 -0.009428 -0.052809
v -0.069677 -0.012088 -0.054705
v -0.069388 -0.014231 -0.053737
v -0.066267 -0.011332 -0.052698
v -0.078908 -0.022220 -0.055005
v -0.079284 -0.020384 -0.054852
v -0.073598 -0.016616 -0.055694
v -0.076622 -0.016429 -0.053569
v -0.072693 0.000215 -0.053204
v -0.074313 0.003352 -0.051514
v -0.069899 -0.003296 -0.050083
v -0.067198 -0.007216 -0.052560
v -0.069433 -0.009400 -0.054611
v -0.065530 -0.006199 -0.049251
v -0.069426 -0.006293 -0.048799
v -0.069250 -0.005231 -0.049061
v -0.065462 -0.005209 -0.049556
v -0.079474 0.009769 -0.055843
v -0.077802 0.016609 -0.045120
v -0.078857 0.013717 -0.046508
v -0.079264 0.027426 -0.071223
v -0.077428 0.019174 -0.076077
v -0.077756 0.019981 -0.063300
v -0.063260 -0.008548 -0.052688
v -0.061497 -0.004772 -0.051161
v -0.061888 -0.005112 -0.049748
v -0.084447 -0.018460 -0.062804
v -0.072457 -0.018980 -0.045903
v -0.072608 0.005217 -0.050849
v -0.083743 -0.010254 -0.069585
v -0.082484 -0.015364 -0.067460
v -0.071933 0.006415 -0.051174
v -0.072879 0.007538 -0.050011
v -0.070476 -0.018483 -0.050768
v -0.071857 -0.017717 -0.047554
v -0.073145 0.007973 -0.049881
v -0.073611 -0.012307 -0.046216
v -0.083911 0.009999 -0.061452
v 0.026991 0.027695 0.035889
v 0.027589 0.026626 0.032194
v -0.075134 -0.029889 -0.055796
v -0.073484 -0.031438 -0.052800
v 0.024972 0.025958 0.031992
v -0.061466 -0.005901 -0.049747
v 0.024683 0.026085 0.035182
v -0.065117 -0.015198 -0.049832
v -0.064420 -0.006831 -0.052742
v 0.027896 0.026823 0.037265
v 0.025075 0.025383 0.036287
v 0.034852 0.027783 0.037253
v -0.071813 -0.008419 -0.047687
v -0.071354 -0.010574 -0.047427
v -0.074118 -0.010111 -0.046353
v 0.021028 0.071696 -0.146637
v 0.020455 0.056056 -0.149780
v -0.078000 -0.016052 -0.055276
v -0.074425 -0.015349 -0.057964
v -0.075429 -0.014341 -0.060097
v -0.079495 -0.015179 -0.056969
v -0.080996 -0.020159 -0.065102
v -0.079235 -0.024505 -0.061873
v -0.081502 -0.026005 -0.061477
v -0.083556 -0.021551 -0.065194
v 0.040034 0.057920 -0.140945
v 0.040137 0.071509 -0.138407
v -0.080576 0.042812 -0.079603
v -0.079879 0.033071 -0.064329
v -0.081231 0.049284 -0.068162
v -0.082307 0.019709 -0.064621
v -0.082448 0.017302 -0.066381
v -0.087247 0.018449 -0.069512
v -0.077473 0.023733 -0.049190
v -0.077926 0.021317 -0.053196
v -0.077598 0.022699 -0.051097
v -0.087446 -0.005276 -0.072506
v 0.041189 0.027074 0.031078
v 0.039376 0.026251 0.028257
v 0.050278 0.072689 -0.130762
v 0.049514 0.081345 -0.127881
v 0.040632 0.083161 -0.133279
v 0.034754 -0.061837 -0.097616
v 0.024620 -0.072353 -0.104191
v -0.074613 0.005390 -0.044936
v -0.076543 0.006051 -0.047746
v 0.021260 0.022370 0.035831
v -0.077437 -0.018003 -0.062916
v 0.022761 0.023791 0.036364
v -0.079522 -0.016969 -0.055019
v -0.081436 -0.016394 -0.057303
v -0.088343 0.020468 -0.057712
v -0.084987 0.018607 -0.055357
v 0.020213 0.021368 0.035349
v 0.019081 0.021180 0.035547
v 0.019996 0.022450 0.035959
v 0.021568 0.024162 0.036557
v 0.024636 0.025457 0.037092
v 0.023705 0.026011 0.037496
v 0.026977 0.027934 0.038414
v 0.027652 0.027173 0.038061
v 0.034702 0.028130 0.038043
v 0.034474 0.028989 0.038246
v 0.026318 0.028526 0.038237
v 0.023062 0.026550 0.037221
v 0.025759 0.028924 0.037737
v 0.022728 0.027178 0.036866
v 0.034233 0.030111 0.037705
v 0.034312 0.029718 0.038191
v 0.022383 0.018497 0.036181
v 0.019338 0.019315 0.035667
v 0.022708 0.018881 0.035806
v 0.020444 0.019597 0.035455
v 0.023722 0.019071 0.034994
v 0.019868 0.020086 0.035329
v 0.018852 0.019864 0.035532
v -0.010325 -0.113325 0.003382
v -0.010194 -0.120328 -0.000533
v 0.023731 0.019298 0.033858
v 0.019057 0.022633 0.035463
v 0.018045 0.021007 0.035404
v 0.017879 0.022816 0.034999
v 0.016880 0.020924 0.035094
v 0.019850 0.025005 0.035564
v 0.020699 0.024629 0.036068
v 0.017811 0.019608 0.035492
v 0.018323 0.018992 0.035712
v 0.016761 0.019432 0.035321
v 0.017435 0.018642 0.035571
v 0.024776 0.015730 0.037112
v 0.024480 0.015042 0.037169
v 0.021170 0.017227 0.036493
v 0.020529 0.016666 0.036465
v 0.033165 0.012115 0.036788
v 0.036423 0.012279 0.035713
v 0.032702 0.010846 0.036912
v -0.008097 -0.008714 0.058449
v -0.009582 -0.008997 0.057062
v -0.008539 -0.007074 0.056102
v -0.007784 -0.006987 0.056739
v 0.036139 0.010808 0.035792
v 0.027685 0.011398 0.037707
v 0.028241 0.012558 0.037527
v 0.032184 -0.117007 -0.015548
v 0.046682 0.014276 0.027606
v 0.047958 0.012720 0.026940
v 0.046346 0.011953 0.028796
v 0.045287 0.013746 0.029155
v 0.043727 0.013283 0.030740
v -0.008590 -0.017786 0.057029
v -0.007942 -0.016152 0.055935
v -0.008758 -0.016399 0.055188
v -0.009525 -0.017728 0.056050
v 0.044280 0.011410 0.030774
v 0.041828 0.011140 0.032600
v 0.041663 0.012841 0.032449
v 0.039432 0.012547 0.034034
v 0.039325 0.010955 0.034194
v 0.049780 0.018135 0.024832
v 0.050994 0.021538 0.024792
v 0.051719 0.017180 0.023071
v 0.053215 0.021063 0.022429
v 0.016354 0.023493 0.035179
v -0.005326 -0.007263 0.055884
v -0.003822 -0.010223 0.058684
v -0.005329 -0.008841 0.060138
v -0.006524 -0.006520 0.056706
v 0.015503 0.021198 0.034969
v 0.014204 0.024193 0.036281
v 0.013761 0.021669 0.035765
v 0.015792 0.027028 0.037517
v 0.017955 0.026406 0.036262
v 0.015743 0.019308 0.035219
v 0.016427 0.018192 0.035506
v 0.014319 0.019105 0.035575
v 0.015372 0.017590 0.035813
v 0.023901 0.014032 0.037364
v 0.023262 0.012932 0.037480
v 0.019736 0.015899 0.036583
v 0.018749 0.014997 0.036806
v 0.047647 -0.011286 -0.116056
v 0.052286 0.030578 -0.129651
v 0.047924 0.033768 0.035682
v 0.045589 0.030992 0.036589
v 0.042043 0.031875 0.038902
v 0.043997 0.035195 0.039036
v 0.049960 0.038313 0.033284
v 0.052352 0.035140 0.030328
v 0.050381 0.031791 0.032581
v 0.048125 0.029567 0.033980
v 0.051822 0.024396 0.025870
v 0.050194 0.024351 0.027632
v 0.050250 0.026045 0.029263
v 0.051911 0.026673 0.027629
v 0.054065 0.024548 0.023358
v 0.054445 0.027894 0.025199
v 0.051403 0.028965 0.029948
v 0.049425 0.027715 0.031508
v 0.053747 0.031183 0.027916
v 0.023954 0.031553 0.040377
v 0.024836 0.030371 0.038906
v 0.021687 0.028604 0.037294
v 0.019980 0.029036 0.038190
v 0.022632 0.032751 0.041416
v 0.017921 0.029557 0.039158
v 0.037566 0.036153 0.042028
v 0.036196 0.032481 0.040691
v 0.025359 0.029055 0.037290
v 0.022918 0.027502 0.036916
v 0.025261 0.029063 0.037452
v 0.022940 0.027686 0.036833
v 0.058323 0.092272 -0.109962
v 0.060630 0.098329 -0.097463
v 0.043973 0.109023 -0.103793
v 0.043047 0.101567 -0.116097
v 0.042026 0.028285 0.035476
v 0.042391 0.028239 0.036131
v 0.044886 0.027304 0.034478
v 0.044388 0.027213 0.034077
v 0.046301 0.026166 0.032386
v 0.046863 0.026340 0.032547
v 0.048108 0.025354 0.030647
v 0.047525 0.025140 0.030653
v 0.048156 0.024419 0.029315
v 0.048667 0.024255 0.028895
v 0.022665 0.028164 0.037165
v 0.025214 0.029301 0.037933
v 0.051576 0.060760 -0.131959
v 0.044869 0.074773 0.024108
v 0.051882 0.071191 0.017468
v 0.049964 0.064428 0.023224
v 0.043576 0.029090 0.036782
v 0.046195 0.028107 0.034644
v 0.047965 0.026917 0.032394
v 0.049022 0.025657 0.030411
v 0.049445 0.024732 0.029018
v 0.070365 -0.013391 -0.037087
v 0.071162 -0.013479 -0.038763
v 0.078616 -0.003051 -0.064278
v 0.076640 0.003759 -0.063658
v 0.075425 0.007197 -0.062651
v 0.077938 0.015349 -0.048573
v 0.082184 0.018368 -0.051343
v 0.082071 -0.022317 -0.058279
v 0.078950 -0.024102 -0.054376
v -0.088069 0.023821 -0.058469
v 0.082117 -0.021352 -0.058874
v 0.088345 0.014733 -0.062518
v 0.088684 0.013066 -0.063858
v 0.089503 0.012899 -0.063725
v 0.040564 -0.032722 -0.105649
v 0.045015 -0.020068 -0.111862
v 0.089118 0.011020 -0.065314
v 0.073416 -0.008760 -0.041160
v 0.079964 -0.003780 -0.064527
v 0.081945 -0.004498 -0.066232
v 0.082366 -0.009716 -0.066604
v 0.081741 -0.009070 -0.065499
v 0.081257 -0.014578 -0.064682
v 0.080759 -0.013521 -0.063976
v 0.083763 -0.018627 -0.061461
v 0.085900 -0.015090 -0.063301
v 0.083349 0.018864 -0.052376
v 0.082494 0.017820 -0.050849
v 0.084083 0.018477 -0.052648
v 0.074136 -0.009998 -0.042626
v 0.075993 0.013886 -0.048366
v 0.075739 0.011293 -0.047365
v 0.075298 0.011696 -0.047796
v 0.070069 -0.004862 -0.046894
v 0.070131 -0.003896 -0.047015
v 0.071304 -0.006367 -0.046344
v 0.073995 -0.007988 -0.044999
v 0.067396 -0.015747 -0.045219
v 0.066627 -0.017153 -0.047565
v 0.067230 -0.018208 -0.046697
v 0.085126 0.025290 -0.056941
v 0.075805 0.010315 -0.047133
v 0.077366 0.011356 -0.047151
v 0.077687 0.012585 -0.047424
v 0.084971 0.018095 -0.052963
v 0.077821 0.013494 -0.047707
v 0.077026 0.013514 -0.047647
v 0.078689 0.015064 -0.048463
v 0.076358 0.013517 -0.047854
v 0.073759 -0.011589 -0.059375
v 0.072339 -0.011821 -0.057395
v 0.072393 0.007713 -0.038127
v 0.073195 0.005265 -0.040230
v 0.078023 -0.024719 -0.052123
v 0.075391 0.014129 -0.058948
v 0.075529 0.016617 -0.060143
v 0.087175 -0.010334 -0.065242
v 0.080162 -0.015783 -0.055300
v 0.078024 -0.016327 -0.053273
v 0.081999 -0.014767 -0.057105
v 0.083607 -0.012241 -0.058700
v 0.070551 0.004098 -0.052842
v 0.083070 0.007955 -0.057048
v 0.083574 0.005759 -0.058453
v 0.081457 0.007993 -0.055463
v 0.076946 0.020187 -0.058370
v 0.076728 0.020131 -0.055996
v 0.077535 0.014452 -0.056339
v 0.076003 0.018539 -0.055394
v 0.069439 -0.012222 -0.045600
v 0.069247 -0.018390 -0.049136
v 0.068245 -0.016269 -0.049911
v 0.070254 -0.018143 -0.050083
v 0.069689 -0.017271 -0.051487
v 0.070150 -0.015622 -0.053256
v 0.070822 -0.013659 -0.054640
v 0.070744 -0.011260 -0.055427
v 0.069018 -0.008025 -0.046483
v 0.077246 0.019584 -0.045225
v 0.068475 -0.009954 -0.046296
v 0.070405 -0.006284 -0.046580
v 0.070585 -0.008107 -0.046113
v 0.070284 -0.010141 -0.045695
v 0.074932 -0.019085 -0.046616
v 0.075731 -0.017428 -0.049176
v 0.073444 -0.018385 -0.045969
v 0.076719 -0.016774 -0.051328
v 0.072273 -0.018062 -0.045521
v 0.075307 0.015455 -0.057306
v 0.075696 0.018562 -0.057424
v 0.070419 -0.009761 -0.035081
v 0.064698 -0.001813 0.012370
v 0.066018 0.007799 0.006847
v 0.025938 -0.052225 0.032395
v 0.024840 -0.055209 0.032926
v 0.057069 -0.013271 0.026338
v 0.052432 -0.015933 0.031630
v 0.024696 -0.046466 0.043493
v 0.024003 -0.047111 0.043673
v 0.023120 -0.046606 0.043882
v 0.023820 -0.046244 0.043485
v 0.021899 -0.045956 0.042539
v 0.022709 -0.046077 0.041773
v 0.022805 -0.046071 0.042494
v 0.022093 -0.045939 0.043263
v 0.028536 -0.031378 0.045856
v 0.032281 -0.027133 0.044607
v 0.034648 -0.031579 0.043395
v 0.031041 -0.035069 0.044825
v 0.024706 -0.047427 0.034784
v 0.024497 -0.046037 0.035079
v 0.023212 -0.045882 0.038755
v 0.023659 -0.046532 0.038488
v 0.024399 -0.050247 0.034937
v 0.023415 -0.047911 0.038373
v 0.026531 -0.048166 0.032262
v 0.025793 -0.045841 0.032546
v 0.033613 -0.053068 0.039721
v 0.030059 -0.050705 0.041160
v 0.031019 -0.047611 0.041943
v 0.034614 -0.048443 0.040418
v 0.024567 -0.019471 0.045791
v 0.028727 -0.023290 0.045458
v 0.025270 -0.027419 0.046493
v 0.021506 -0.023089 0.046674
v 0.017658 -0.018279 0.047206
v 0.020541 -0.015506 0.046092
v 0.016144 -0.010618 0.050801
v 0.016919 -0.014258 0.052040
v 0.016695 -0.015230 0.055506
v 0.016940 -0.013040 0.054239
v 0.014674 -0.019116 0.053809
v 0.017018 -0.016468 0.050544
v 0.010830 -0.020400 0.054332
v -0.011581 -0.017933 0.056369
v -0.010597 -0.016370 0.055291
v -0.011623 -0.015624 0.056988
v -0.012998 -0.016905 0.058003
v 0.010572 -0.019680 0.055335
v 0.014515 -0.019623 0.052168
v -0.004735 -0.017081 0.064844
v -0.005832 -0.014975 0.064972
v -0.004767 -0.015916 0.062645
v -0.004720 -0.017760 0.062315
v 0.014733 -0.020622 0.050233
v 0.011121 -0.021073 0.053173
v 0.009945 -0.018688 0.056377
v 0.012679 -0.018638 0.056342
v -0.007418 -0.014320 0.064375
v -0.009121 -0.014850 0.066016
v -0.010824 -0.014881 0.064383
v -0.008813 -0.014343 0.062800
v -0.004416 -0.013695 0.057796
v -0.005625 -0.015533 0.059047
v -0.003771 -0.013702 0.061390
v -0.011758 -0.013604 0.055308
v -0.010104 -0.014727 0.054009
v -0.009417 -0.010925 0.053219
v -0.010800 -0.010015 0.054232
v 0.014479 -0.016776 0.057911
v 0.004142 -0.018177 0.064820
v 0.005404 -0.016921 0.066752
v 0.009204 0.012934 0.050047
v 0.011880 0.009450 0.047038
v 0.009086 0.010257 0.052292
v 0.011776 0.007158 0.049303
v 0.013595 -0.014708 0.061743
v 0.015133 -0.012781 0.059969
v 0.011289 -0.013496 0.065472
v 0.012253 -0.010839 0.064887
v 0.004746 0.027651 0.050108
v 0.001991 -0.021497 0.060619
v 0.002267 -0.022169 0.060154
v 0.001764 -0.020478 0.062524
v 0.021969 0.094515 -0.134362
v 0.022479 0.106822 -0.123077
v 0.021743 0.120247 -0.099980
v 0.019533 0.124753 -0.087589
v 0.005975 -0.038204 0.060134
v 0.005441 -0.035600 0.060101
v 0.012708 -0.039204 0.046130
v 0.007134 -0.039029 0.047517
v 0.006816 -0.042746 0.050158
v 0.012118 -0.042773 0.048678
v 0.016321 -0.042978 0.046384
v 0.017192 -0.039570 0.043990
v 0.013233 -0.035714 0.044750
v 0.007514 -0.035409 0.046182
v 0.012039 -0.044892 0.052032
v 0.006818 -0.044822 0.054266
v 0.006721 -0.043024 0.057246
v 0.012124 -0.043531 0.054424
v 0.017604 -0.025083 0.048999
v 0.013595 -0.024425 0.051491
v 0.009556 -0.024273 0.055068
v 0.006483 -0.024330 0.057836
v 0.005800 -0.022312 0.058242
v 0.008203 -0.021733 0.055957
v 0.005465 -0.021493 0.058612
v 0.007908 -0.020990 0.056628
v 0.007736 -0.020241 0.057163
v 0.008306 -0.018851 0.057567
v 0.006445 -0.019037 0.058762
v 0.007002 -0.017838 0.058415
v 0.005357 -0.020662 0.058843
v 0.004439 0.004651 0.065017
v 0.004276 0.008297 0.062213
v 0.009907 -0.034062 0.058144
v 0.004970 -0.033449 0.059576
v 0.004339 -0.029510 0.058999
v 0.008594 -0.029694 0.057658
v 0.012959 -0.030659 0.055060
v 0.014832 -0.035984 0.055345
v 0.002644 -0.022894 0.059741
v 0.010387 -0.036243 0.058336
v 0.010789 -0.038767 0.058003
v 0.015436 -0.038261 0.055296
v 0.015818 -0.040452 0.054766
v 0.019462 -0.038631 0.051911
v 0.018181 -0.032756 0.052014
v 0.023869 -0.034942 0.048595
v 0.023315 -0.041356 0.048395
v 0.030928 -0.044568 0.043134
v 0.026024 -0.046705 0.043318
v 0.026222 -0.045486 0.044009
v 0.025918 -0.044308 0.045045
v 0.030029 -0.041510 0.044593
v 0.034359 -0.043903 0.041695
v 0.033187 -0.039318 0.043256
v 0.027942 -0.038415 0.046308
v 0.025181 -0.043049 0.046325
v 0.024884 -0.045791 0.044095
v 0.023944 -0.045930 0.043865
v 0.024711 -0.045098 0.045013
v 0.023751 -0.045607 0.044630
v 0.024127 -0.044443 0.046140
v 0.023360 -0.045302 0.045545
v 0.022560 -0.044727 0.046928
v 0.023016 -0.043379 0.047799
v 0.022216 -0.045898 0.042381
v 0.021363 -0.045735 0.043532
v 0.021405 -0.045834 0.044869
v 0.022155 -0.045955 0.043702
v 0.022745 -0.046012 0.041804
v 0.022579 -0.045970 0.043045
v 0.022692 -0.045178 0.039834
v 0.021466 -0.044272 0.041663
v -0.047790 -0.085060 -0.022905
v -0.055353 -0.082437 -0.036635
v 0.023236 -0.046237 0.041065
v 0.023127 -0.046003 0.042161
v 0.023080 -0.046031 0.043445
v 0.023027 -0.045900 0.043919
v 0.022629 -0.045768 0.044686
v 0.021917 -0.045534 0.045825
v 0.015941 -0.042402 0.053546
v 0.019342 -0.042503 0.051144
v 0.019176 -0.044076 0.049684
v 0.015891 -0.044384 0.051436
v 0.018869 -0.045123 0.048082
v 0.017872 -0.036155 0.042856
v 0.015597 -0.045054 0.049588
v 0.020571 -0.040679 0.041258
v 0.021424 -0.038059 0.039253
v 0.019390 -0.043536 0.043654
v 0.024069 -0.044485 0.036105
v 0.022523 -0.042635 0.038705
v 0.025331 -0.043949 0.033653
v 0.023534 -0.040665 0.036758
v 0.018790 -0.045481 0.046182
v 0.019506 -0.040759 0.051745
v 0.011330 -0.041145 0.056592
v 0.006224 -0.040525 0.058921
v -0.034319 0.004794 0.036721
v -0.033560 0.002020 0.037941
v -0.029351 0.003299 0.038891
v -0.030316 0.005749 0.037887
v 0.005260 -0.002956 0.071443
v 0.004909 0.001115 0.068073
v 0.022501 -0.046167 0.043901
v 0.010324 -0.125904 -0.003706
v -0.074865 -0.007789 -0.045339
v -0.074362 -0.007028 -0.044052
v -0.082380 0.014582 -0.068113
v 0.025329 -0.047801 0.043181
v 0.023563 -0.052362 0.034993
v 0.022608 -0.048824 0.038654
v 0.030552 -0.057277 0.040005
v 0.025843 -0.061110 0.042499
v 0.023799 -0.057197 0.044367
v 0.027679 -0.053873 0.041678
v 0.021436 -0.050878 0.046768
v 0.023874 -0.049246 0.044282
v -0.088076 0.017195 -0.062468
v 0.022766 -0.047918 0.045093
v 0.020575 -0.048805 0.047588
v 0.019742 -0.047255 0.048086
v 0.021906 -0.046883 0.045337
v 0.017971 -0.045433 0.046940
v 0.013668 -0.044755 0.050302
v 0.012993 -0.048457 0.045382
v 0.017647 -0.048948 0.042646
v 0.021115 -0.049005 0.040013
v 0.021073 -0.045850 0.043653
v -0.082219 0.021557 -0.062337
v -0.080931 0.023821 -0.057535
v -0.079780 0.022292 -0.056405
v -0.080910 0.019718 -0.060614
v 0.018585 -0.045269 0.047676
v 0.021321 -0.045732 0.044421
v 0.014015 -0.044712 0.051333
v 0.020973 -0.122401 -0.008750
v 0.021471 -0.046069 0.045138
v 0.018923 -0.045808 0.047937
v 0.014692 -0.045645 0.051863
v 0.015668 -0.047650 0.052196
v 0.016509 -0.049873 0.052129
v 0.017131 -0.052577 0.051018
v 0.018755 -0.059491 0.047962
v 0.019616 -0.064258 0.046682
v 0.012720 -0.060747 0.051058
v 0.013229 -0.065588 0.050760
v 0.012027 -0.053798 0.054793
v 0.011682 -0.050497 0.056331
v 0.011018 -0.047855 0.056214
v 0.010367 -0.045558 0.055449
v 0.003230 -0.024537 0.059241
v 0.005214 -0.018997 0.059955
v 0.004195 -0.018856 0.062331
v 0.007475 -0.015382 0.067613
v 0.001686 -0.019685 0.064788
v 0.009800 -0.013555 0.067061
v 0.008308 -0.014222 0.068587
v 0.008907 -0.012468 0.069385
v 0.009971 -0.011815 0.068099
v 0.006915 -0.014888 0.069936
v 0.008138 -0.012690 0.070484
v 0.003109 -0.016174 0.071902
v 0.004132 -0.012639 0.074021
v 0.005179 -0.006699 0.073650
v 0.004587 -0.010292 0.074424
v 0.009377 -0.010767 0.069935
v 0.010428 -0.008789 0.068494
v -0.090277 0.017859 -0.063750
v 0.010766 -0.005951 0.065969
v 0.012762 -0.008229 0.062362
v 0.010411 0.130381 -0.043790
v 0.009698 -0.044316 0.054687
v 0.009217 -0.044390 0.052721
v -0.073677 -0.020469 -0.045463
v -0.081875 0.006061 -0.058463
v 0.012614 -0.058983 0.038456
v 0.012735 -0.054471 0.040970
v 0.008375 -0.054395 0.042625
v -0.080385 0.024226 -0.054862
v -0.083843 0.025749 -0.055666
v 0.008314 -0.059313 0.040099
v 0.004906 -0.044279 0.053846
v -0.088407 -0.005230 -0.068157
v -0.090536 0.016368 -0.065874
v -0.088753 0.014948 -0.064732
v -0.081496 0.016395 -0.049293
v -0.076081 -0.011578 -0.062554
v -0.082621 -0.011367 -0.060237
v -0.081133 -0.013870 -0.058624
v -0.075406 -0.013406 -0.061416
v -0.070561 0.001753 -0.056586
v 0.004538 -0.048024 0.048364
v 0.008673 -0.048048 0.047228
v 0.005100 -0.044107 0.056179
v 0.005567 -0.045550 0.057239
v 0.006110 -0.047939 0.058265
v 0.004309 -0.054573 0.043449
v 0.004370 -0.059478 0.041003
v -0.070529 -0.016058 -0.037073
v 0.021828 -0.053772 0.036263
v -0.078273 -0.026897 -0.052526
v -0.079344 -0.025699 -0.054892
v -0.031490 -0.033417 -0.115660
v -0.034838 -0.022255 -0.122182
v -0.089662 -0.005328 -0.070962
v 0.022664 -0.057439 0.034137
v 0.017571 -0.054557 0.038759
v 0.017830 -0.058595 0.036541
v 0.007338 -0.065519 0.053925
v 0.007014 -0.061073 0.053552
v 0.006283 -0.051236 0.058328
v 0.006457 -0.054849 0.056536
v 0.022497 0.114790 -0.112225
v 0.062972 0.077130 -0.005755
v 0.061492 0.070326 0.002170
v -0.082553 0.018188 -0.056534
v 0.054526 0.078011 0.009195
v 0.056396 0.083374 0.001853
v 0.063690 0.084933 -0.013936
v 0.057008 0.089998 -0.005921
v 0.040123 0.122011 -0.063227
v 0.040703 0.121490 -0.048927
v 0.021617 0.127723 -0.045025
v 0.034971 0.122059 -0.077252
v 0.047291 0.113501 -0.086525
v 0.049576 0.116318 -0.067097
v 0.049571 0.116349 -0.051755
v -0.075185 -0.021026 -0.046842
v -0.074293 -0.026976 -0.046201
v -0.073039 -0.026431 -0.044125
v -0.077224 0.009023 -0.055063
v 0.024265 -0.086521 -0.105452
v 0.052384 0.043289 -0.131130
v 0.048240 0.115383 -0.037921
v 0.040036 0.119758 -0.035115
v 0.039502 0.116725 -0.022712
v 0.046923 0.113177 -0.026186
v 0.021464 0.125478 -0.030553
v 0.010372 0.127815 -0.028702
v 0.018111 0.006476 -0.143752
v 0.004258 0.011782 0.059509
v 0.045850 -0.048923 -0.088658
v 0.055152 -0.049173 -0.070854
v 0.056810 -0.101444 -0.048344
v 0.067710 -0.026274 -0.052104
v 0.067281 -0.025801 -0.053056
v 0.058754 -0.064087 -0.052457
v 0.059535 -0.050218 -0.053498
v 0.036647 -0.047871 -0.100575
v 0.077301 -0.014873 -0.062859
v 0.078171 -0.011212 -0.064110
v 0.078662 -0.015824 -0.062571
v 0.079701 -0.011897 -0.063911
v 0.080073 -0.007880 -0.064479
v 0.079420 -0.017744 -0.061892
v 0.077429 0.020317 -0.053184
v 0.078574 0.021903 -0.052392
v -0.076854 -0.017167 -0.063410
v -0.077230 -0.015006 -0.064303
v 0.067598 -0.028356 -0.047890
v 0.067344 -0.027579 -0.049557
v -0.061654 -0.005455 -0.052411
v 0.066925 -0.027996 -0.048615
v 0.066691 -0.028591 -0.047373
v 0.067372 -0.029394 -0.046370
v 0.066676 -0.029248 -0.046244
v 0.077873 0.035924 -0.046490
v 0.065229 -0.028528 -0.049646
v 0.066653 -0.026139 -0.052327
v 0.066902 -0.027059 -0.050862
v 0.065994 -0.027879 -0.049521
v 0.065924 -0.029089 -0.047467
v 0.065980 -0.030045 -0.045760
v 0.067002 -0.030663 -0.045263
v -0.078553 -0.022770 -0.061035
v -0.074710 -0.028183 -0.055500
v -0.059695 -0.079009 -0.050106
v -0.057794 -0.075999 -0.065015
v -0.058370 -0.087660 -0.062962
v -0.058975 -0.091682 -0.048530
v -0.072453 -0.002185 -0.038044
v -0.072612 -0.009443 -0.040818
v -0.071825 -0.010492 -0.038939
v 0.079828 -0.018923 -0.062297
v 0.072485 -0.029764 -0.050692
v -0.024143 -0.104098 -0.001291
v -0.021240 -0.115789 -0.005685
v 0.077578 0.012515 -0.059220
v 0.077501 0.010941 -0.060552
v 0.079976 0.012535 -0.062106
v 0.079994 0.014667 -0.060746
v 0.057496 -0.010234 -0.103519
v 0.059990 0.000745 -0.108875
v 0.011384 -0.084957 -0.110280
v 0.011614 -0.070726 -0.110082
v 0.075121 0.033179 -0.094129
v 0.077721 0.014127 -0.057624
v 0.080144 0.016324 -0.059282
v 0.078771 -0.007170 -0.064455
v 0.077236 0.013254 -0.057365
v 0.076991 0.011692 -0.058922
v 0.081243 0.017950 -0.060825
v 0.081329 0.015783 -0.062478
v 0.081201 0.013472 -0.063838
v 0.076723 0.010049 -0.060527
v -0.070958 -0.015464 -0.032757
v -0.070611 -0.016049 -0.022475
v -0.072142 -0.000325 -0.022562
v -0.071899 -0.005854 -0.032333
v 0.076428 0.018783 -0.060244
v 0.080376 0.063781 -0.070546
v 0.079348 0.057878 -0.084621
v 0.076863 0.080749 -0.074045
v 0.076031 0.075743 -0.089404
v 0.071246 0.069727 -0.105346
v 0.074366 0.050871 -0.100598
v 0.076823 0.019896 -0.054644
v 0.079323 0.022830 -0.052824
v 0.064201 0.091321 -0.021804
v 0.069225 0.086193 -0.029138
v 0.057215 0.095773 -0.013122
v 0.057003 0.100914 -0.019921
v 0.063501 0.097344 -0.028870
v 0.070599 0.090376 -0.041072
v 0.079611 0.054451 -0.055504
v 0.078753 0.069257 -0.056337
v 0.075770 0.073414 -0.042696
v -0.059850 0.030603 0.014111
v -0.061546 0.031310 0.009623
v -0.062143 0.021781 0.009343
v -0.059923 0.022887 0.013266
v 0.075052 0.085794 -0.058370
v 0.066489 0.099532 -0.047492
v 0.070122 0.095871 -0.062157
v 0.059338 0.107984 -0.051414
v 0.061396 0.105956 -0.066124
v 0.061276 0.103421 -0.082202
v 0.071784 0.091899 -0.077376
v 0.061567 0.102741 -0.035116
v 0.055390 0.105611 -0.025400
v 0.056389 0.109025 -0.038676
v 0.053132 0.109614 -0.029979
v 0.073865 0.075261 -0.035417
v 0.062968 -0.034673 -0.045130
v 0.064362 -0.034910 -0.040018
v -0.019473 0.088873 0.032258
v -0.009339 0.089741 0.034559
v -0.009487 0.097280 0.028524
v -0.019869 0.096105 0.025854
v 0.068490 -0.023991 -0.033042
v -0.036695 -0.014079 -0.126585
v -0.038463 -0.003562 -0.131337
v -0.019035 -0.006386 -0.138347
v -0.018041 -0.016120 -0.133145
v 0.068497 0.001000 0.000189
v 0.068453 0.013616 -0.002267
v 0.071427 0.005730 -0.012512
v 0.069590 -0.007744 -0.009271
v -0.020314 0.113292 0.003482
v -0.009753 0.114981 0.006210
v -0.009938 0.119974 -0.003847
v -0.020673 0.118010 -0.006220
v -0.053071 0.002512 0.026999
v -0.055131 -0.003505 0.027239
v -0.051236 -0.004099 0.031073
v -0.049624 0.001976 0.030062
v 0.067073 0.027279 -0.003785
v 0.070658 0.019822 -0.013897
v 0.070965 0.034030 -0.015825
v 0.067277 0.041663 -0.004203
v 0.062181 0.064246 -0.120402
v 0.064278 0.047381 -0.118431
v -0.074112 -0.031621 -0.043251
v -0.073068 -0.030740 -0.041926
v 0.064560 0.034575 -0.116533
v 0.048509 0.058147 0.027281
v -0.010177 0.124252 -0.015615
v -0.021160 0.122096 -0.017572
v 0.021555 0.085448 -0.140522
v 0.046933 0.082489 0.016607
v 0.054725 0.084803 -0.120879
v -0.001320 -0.070394 -0.111866
v 0.041526 0.090781 -0.127466
v 0.070874 0.087019 -0.092523
v 0.067509 0.081733 -0.106088
v 0.059347 0.075320 -0.120950
v 0.063208 0.018370 -0.114321
v 0.047534 0.109374 -0.018544
v 0.056401 0.024480 0.020239
v 0.055584 0.019982 0.019283
v 0.056627 0.029186 0.021857
v 0.053825 0.015150 0.020721
v 0.015350 0.006345 0.044759
v 0.014892 0.004249 0.046732
v 0.014265 0.001961 0.048764
v 0.018389 0.001502 0.044567
v 0.017501 -0.001523 0.046435
v 0.011315 0.001690 0.053787
v 0.011570 0.004521 0.051537
v 0.013803 -0.000988 0.050632
v 0.013339 -0.004214 0.052327
v 0.011151 -0.001387 0.056191
v 0.017020 -0.016635 0.048182
v 0.018115 -0.011885 0.046840
v 0.015835 -0.007686 0.048919
v 0.021182 -0.004383 0.045081
v 0.019845 -0.007796 0.046246
v 0.016615 -0.004315 0.047839
v 0.022607 -0.001023 0.043189
v 0.014311 -0.007565 0.054972
v 0.015518 -0.010742 0.057937
v 0.011950 -0.004849 0.059267
v 0.010289 -0.002677 0.062638
v 0.009558 0.000970 0.059582
v 0.019067 0.003768 0.042747
v 0.023547 0.001641 0.041571
v 0.023356 -0.011302 0.045763
v 0.027877 -0.014691 0.045468
v 0.025470 -0.006825 0.044338
v 0.029979 -0.009656 0.043975
v 0.026956 -0.003201 0.042463
v 0.031437 -0.005718 0.042001
v 0.032049 -0.018392 0.044981
v 0.035592 -0.022473 0.043893
v 0.038844 -0.027543 0.041968
v 0.038665 -0.017296 0.042246
v 0.042348 -0.022789 0.040213
v 0.040776 -0.012186 0.040324
v 0.045166 -0.017174 0.038225
v -0.011891 0.011907 0.043935
v -0.012347 0.013873 0.041051
v -0.016078 0.010635 0.039875
v -0.015648 0.008605 0.042194
v -0.007206 0.060916 0.046071
v -0.008139 0.069184 0.043734
v -0.017153 0.069131 0.042138
v -0.015668 0.060921 0.044859
v 0.034664 -0.013167 0.043376
v 0.036421 -0.008775 0.041323
v 0.032768 -0.001854 0.040118
v 0.028261 0.000051 0.040728
v 0.042130 -0.000772 0.036552
v 0.041924 -0.006452 0.038433
v 0.037401 -0.004011 0.039354
v 0.038006 0.000651 0.037625
v 0.046974 -0.010280 0.036248
v 0.046801 -0.002497 0.034863
v 0.045850 0.002570 0.033240
v 0.031969 0.009110 0.037438
v 0.026931 0.009739 0.038066
v 0.035612 0.008861 0.036346
v 0.041798 0.003322 0.035037
v 0.038358 0.004059 0.036474
v 0.049487 0.010214 0.026560
v 0.047360 0.009325 0.028949
v 0.041827 0.008727 0.033363
v 0.038988 0.008720 0.035005
v 0.044701 0.008976 0.031348
v 0.022300 0.011373 0.037929
v 0.017778 0.013598 0.037667
v 0.054490 -0.062312 -0.067899
v 0.009265 0.004282 0.057128
v 0.009086 0.007391 0.054759
v 0.014867 0.029980 0.040979
v 0.012961 0.027389 0.039517
v 0.007683 0.027439 0.047173
v 0.019269 0.033428 0.043434
v 0.014047 0.016267 0.037617
v -0.020632 0.008016 0.038928
v -0.019868 0.006051 0.040412
v 0.012478 0.018595 0.037538
v 0.011563 0.021670 0.037850
v 0.011637 0.024450 0.038598
v -0.009553 0.103811 0.021790
v -0.020067 0.102486 0.018927
v -0.020702 0.128047 -0.067808
v -0.021164 0.128356 -0.059302
v -0.009907 0.131066 -0.059724
v -0.010981 0.130099 -0.072326
v 0.031318 0.047572 0.044919
v 0.028205 0.040763 0.046368
v 0.058296 0.063619 0.011209
v 0.061990 0.054811 0.007291
v 0.051008 0.043492 0.029606
v 0.054078 0.039344 0.026518
v 0.055996 0.034327 0.023848
v 0.063670 0.043006 0.004460
v 0.064189 0.030527 0.003683
v 0.065291 0.018817 0.004445
v -0.069480 -0.000509 -0.092080
v -0.072774 -0.001770 -0.076903
v -0.075601 0.010296 -0.078362
v -0.073477 0.016054 -0.094769
v 0.048740 0.094345 0.002410
v -0.034954 -0.097037 -0.010652
v -0.032622 -0.109031 -0.014057
v -0.001338 -0.084189 -0.111662
v 0.048644 0.099900 -0.004484
v 0.048287 0.088357 0.009563
v 0.039264 0.112842 -0.013194
v 0.039325 0.108472 -0.004763
v 0.048252 0.104902 -0.011426
v 0.039806 0.103446 0.002578
v 0.040155 0.097897 0.009400
v 0.039716 0.091983 0.016598
v 0.038709 0.085717 0.023470
v 0.037176 0.076995 0.030270
v 0.044450 -0.061330 -0.085723
v 0.007592 -0.006966 0.055737
v 0.006858 -0.006783 0.056292
v -0.052869 0.052775 0.022025
v -0.054833 0.058320 0.017783
v -0.058150 0.051060 0.013909
v -0.056024 0.046548 0.018547
v 0.006436 -0.007601 0.055225
v 0.005794 -0.007314 0.055747
v 0.005264 -0.009137 0.055456
v 0.006763 -0.016052 0.057663
v 0.005481 -0.014216 0.056586
v 0.004798 -0.010852 0.055331
v 0.066721 -0.030430 -0.034768
v -0.005716 0.047847 0.049649
v -0.013258 0.047795 0.048979
v -0.011324 0.041489 0.049300
v -0.004990 0.041388 0.050082
v -0.059669 0.015517 0.013656
v -0.062440 0.012660 0.010823
v -0.061514 0.004572 0.015611
v -0.058500 0.008494 0.017478
v -0.055598 0.003833 0.023690
v -0.057981 -0.001882 0.023358
v -0.018492 0.078958 0.038274
v -0.008804 0.079485 0.040130
v -0.060306 0.041615 0.010912
v -0.058426 0.038836 0.015861
v -0.009072 0.015064 0.046575
v -0.009818 0.016582 0.042872
v -0.007083 0.021555 0.045789
v -0.003649 0.020733 0.051623
v -0.003341 0.024574 0.050121
v -0.006670 0.024461 0.046383
v -0.033481 0.060611 0.037686
v -0.035127 0.068134 0.034416
v -0.042714 0.066810 0.028870
v -0.041127 0.059771 0.032439
v -0.020192 0.108099 0.011676
v -0.009629 0.109596 0.014530
v -0.003857 0.033527 0.049288
v -0.008337 0.033554 0.047523
v -0.007108 0.030286 0.046746
v -0.003709 0.030341 0.049089
v -0.024571 0.004485 0.039723
v -0.025496 0.006692 0.038684
v -0.066434 -0.030833 -0.045760
v -0.067481 -0.031860 -0.045600
v -0.073249 0.015207 -0.034921
v -0.072245 0.004632 -0.033279
v -0.072189 0.012959 -0.023415
v -0.072503 0.025684 -0.025415
v -0.074792 0.037541 -0.028755
v -0.076133 0.046116 -0.033918
v -0.076820 0.030509 -0.041254
v -0.075195 0.024163 -0.037057
v -0.052629 -0.084779 -0.075518
v -0.050293 -0.074505 -0.078919
v -0.003403 0.017548 0.054288
v -0.003293 0.014554 0.056792
v -0.020902 0.035782 -0.149741
v -0.020474 0.022161 -0.147886
v -0.040692 0.026141 -0.139476
v -0.040902 0.039125 -0.140933
v -0.066360 -0.011196 -0.088126
v -0.070262 -0.010666 -0.074178
v -0.010281 -0.012033 0.058958
v -0.007096 -0.007638 0.054283
v -0.007162 -0.011290 0.053240
v -0.006840 -0.008739 0.054319
v -0.010357 -0.014599 0.060587
v -0.012451 -0.015377 0.061820
v -0.008033 -0.014812 0.053987
v -0.007396 -0.014611 0.054373
v -0.006633 -0.011003 0.053448
v -0.008351 -0.007124 0.054947
v -0.001702 -0.018769 0.067367
v -0.002162 -0.017261 0.070296
v -0.006013 -0.015888 0.068938
v -0.004602 -0.017332 0.066854
v -0.004932 -0.008533 0.055609
v -0.004022 -0.010589 0.056232
v -0.005093 -0.012511 0.063429
v -0.006741 -0.008691 0.059531
v -0.007166 -0.006656 0.056758
v -0.006703 -0.011817 0.062631
v -0.005949 -0.017719 0.059688
v -0.008425 -0.011680 0.060981
v -0.078272 -0.017726 -0.053101
v -0.057723 -0.065015 -0.031613
v -0.062263 -0.050114 -0.039382
v -0.061022 -0.050451 -0.044997
v -0.058443 -0.066193 -0.040764
v -0.079767 0.008275 -0.056517
v -0.066633 0.057786 -0.004168
v -0.068186 0.069629 -0.013356
v -0.073497 0.057895 -0.025030
v -0.072878 0.047143 -0.019951
v -0.068643 0.079437 -0.021470
v -0.073977 0.068805 -0.032278
v -0.077268 0.056649 -0.041982
v -0.079170 0.036367 -0.055847
v -0.041724 0.017849 0.032151
v -0.041939 0.017508 0.032041
v -0.040452 0.017064 0.033223
v -0.040302 0.017460 0.033371
v -0.041414 0.018102 0.031977
v -0.040155 0.017687 0.032920
v -0.042457 0.018549 0.031149
v -0.042808 0.018252 0.031307
v -0.042937 0.017892 0.031181
v -0.025149 0.018340 0.035504
v -0.025509 0.018527 0.034777
v -0.027876 0.017924 0.035764
v -0.027762 0.017699 0.036563
v -0.025037 0.017968 0.035769
v -0.028030 0.017186 0.036634
v -0.024129 0.020035 0.029311
v -0.023931 0.020636 0.029344
v -0.025102 0.019140 0.029587
v -0.022933 0.020643 0.032191
v -0.022723 0.021855 0.032275
v -0.023473 0.022278 0.029449
v -0.023711 0.021156 0.029341
v -0.023173 0.020108 0.032369
v -0.021521 0.019846 0.032866
v -0.021247 0.020308 0.032729
v -0.021234 0.021625 0.032908
v -0.032710 0.016091 0.036648
v -0.033046 0.015451 0.036343
v -0.028551 0.015936 0.036552
v -0.028361 0.016572 0.036648
v -0.032405 0.016673 0.036768
v -0.035638 0.016670 0.036049
v -0.035987 0.016118 0.035774
v -0.036255 0.015514 0.035374
v -0.025148 0.016864 0.035942
v -0.025071 0.017481 0.035897
v -0.036496 0.014827 0.034946
v -0.033293 0.014726 0.035917
v -0.028713 0.015155 0.036310
v -0.025076 0.016289 0.036004
v -0.021854 0.017740 0.035308
v -0.022183 0.018163 0.035176
v -0.033474 0.013938 0.035646
v -0.033406 0.013105 0.035703
v -0.028602 0.013542 0.036378
v -0.028707 0.014324 0.036161
v -0.036649 0.014027 0.034578
v -0.036630 0.013111 0.034620
v -0.044611 0.018138 0.029423
v -0.045188 0.018676 0.028731
v -0.045294 0.017897 0.028551
v -0.044996 0.017421 0.028892
v -0.047766 0.014815 0.025267
v -0.048627 0.016169 0.024418
v -0.050572 0.014966 0.022867
v -0.049408 0.013565 0.024179
v -0.057458 0.005618 0.020467
v -0.051292 0.011098 0.023431
v -0.052593 0.012623 0.021394
v -0.043938 0.017687 0.030142
v -0.043129 0.017360 0.030955
v -0.043780 0.018287 0.030368
v -0.044434 0.018739 0.029696
v -0.044389 0.017026 0.029622
v -0.043491 0.016684 0.030593
v -0.042173 0.017006 0.031833
v -0.042495 0.016323 0.031520
v -0.040962 0.015894 0.032735
v -0.040696 0.016539 0.032986
v -0.038542 0.016259 0.034361
v -0.038288 0.016785 0.034643
v -0.038815 0.015628 0.034024
v -0.041242 0.015173 0.032472
v -0.039175 0.014927 0.033684
v -0.042890 0.015587 0.031081
v -0.043973 0.015995 0.030003
v -0.044808 0.016421 0.028995
v -0.045462 0.016849 0.028233
v -0.045869 0.017519 0.027752
v -0.045330 0.015671 0.028133
v -0.045899 0.014908 0.027362
v -0.044716 0.014367 0.028740
v -0.044394 0.015224 0.029294
v -0.046137 0.016221 0.027223
v -0.046827 0.015564 0.026247
v -0.043186 0.014870 0.030615
v -0.043395 0.014043 0.030199
v -0.041520 0.013637 0.031833
v -0.041416 0.014537 0.032204
v -0.039453 0.014206 0.033369
v -0.039553 0.013287 0.033137
v -0.032215 0.017138 0.036772
v -0.032048 0.017452 0.036153
v -0.035265 0.017424 0.035565
v -0.035431 0.017096 0.036179
v -0.038071 0.017194 0.034756
v -0.038033 0.017501 0.034249
v -0.035299 0.016345 0.033179
v -0.034320 0.017234 0.029078
v -0.037207 0.017257 0.028319
v -0.038636 0.016532 0.032104
v -0.031506 0.016206 0.033618
v -0.030978 0.017575 0.029651
v -0.027822 0.016784 0.033721
v -0.027697 0.018313 0.029736
v -0.025339 0.018398 0.033426
v -0.034119 0.030013 0.035860
v -0.034250 0.029684 0.036485
v -0.039032 0.029050 0.035822
v -0.038691 0.029270 0.035102
v -0.051527 -0.000486 -0.121378
v -0.052785 0.014558 -0.126873
v -0.040147 0.010211 -0.136119
v -0.041607 0.027760 0.034211
v -0.041608 0.028249 0.033975
v -0.043825 0.027023 0.032532
v -0.043648 0.026460 0.032729
v -0.041578 0.026985 0.034398
v -0.043493 0.025636 0.032661
v -0.038645 0.028287 0.036007
v -0.038686 0.028988 0.035850
v -0.038648 0.029268 0.035347
v -0.043933 0.023770 0.027960
v -0.042942 0.025322 0.028743
v -0.042746 0.024214 0.031291
v -0.043527 0.023130 0.030186
v -0.044449 0.023024 0.027264
v -0.044051 0.022325 0.029286
v -0.043653 0.023435 0.023811
v -0.042846 0.024178 0.024472
v -0.041625 0.025087 0.025437
v -0.044105 0.022720 0.023431
v -0.044339 0.021951 0.023299
v -0.044274 0.021105 0.023246
v -0.044018 0.020308 0.023557
v -0.060117 -0.010201 0.020851
v -0.060062 0.000692 0.019579
v -0.062552 -0.007131 0.016506
v -0.043554 0.018710 0.030539
v -0.044230 0.019213 0.029824
v -0.043089 0.019045 0.030505
v -0.043488 0.019414 0.029987
v -0.044701 0.019752 0.029045
v -0.045112 0.019291 0.028893
v -0.042023 0.017281 0.029846
v -0.041424 0.017957 0.026509
v -0.042530 0.018475 0.025612
v -0.042953 0.018215 0.028639
v -0.040854 0.016723 0.030841
v -0.039652 0.017500 0.027443
v -0.043176 0.019009 0.024840
v -0.043692 0.019653 0.024078
v -0.043557 0.018752 0.028013
v -0.044016 0.019330 0.027197
v -0.043925 0.019895 0.029298
v -0.044593 0.020753 0.026458
v -0.044679 0.021428 0.026529
v -0.044242 0.020361 0.028538
v -0.044619 0.020980 0.027848
v -0.044387 0.020106 0.026618
v -0.044657 0.022249 0.026779
v -0.044389 0.021616 0.028408
v -0.045575 0.018657 0.028205
v -0.045503 0.019766 0.028197
v -0.046322 0.020833 0.027226
v -0.046127 0.018488 0.027431
v -0.047061 0.018373 0.026330
v -0.046672 0.017039 0.026604
v -0.047480 0.021256 0.026453
v -0.048562 0.021508 0.025604
v -0.048095 0.018307 0.025233
v -0.047487 0.016722 0.025579
v -0.045072 0.020223 0.028368
v -0.045396 0.020836 0.027846
v -0.046910 0.022620 0.027748
v -0.047652 0.023359 0.027338
v -0.045849 0.022029 0.028290
v -0.045336 0.023086 0.029574
v -0.046199 0.023884 0.029429
v -0.046678 0.024592 0.029269
v -0.045164 0.025099 0.031055
v -0.045538 0.025746 0.030896
v -0.044573 0.024320 0.031007
v -0.044989 0.021743 0.028633
v -0.044559 0.022583 0.029539
v -0.043896 0.023560 0.030685
v -0.043085 0.024633 0.031988
v -0.041448 0.026155 0.033947
v -0.041169 0.025643 0.033225
v -0.038566 0.027404 0.035627
v -0.038450 0.026894 0.034958
v -0.034713 0.030036 0.037713
v -0.040060 0.029683 0.036816
v -0.038323 0.027873 0.031939
v -0.036537 0.026604 0.028569
v -0.033937 0.026970 0.029963
v -0.034854 0.028596 0.033715
v -0.022895 0.022765 0.032517
v -0.023309 0.024102 0.033094
v -0.023894 0.024411 0.030084
v -0.023369 0.023171 0.029572
v -0.022015 0.022546 0.033415
v -0.023153 0.023937 0.034137
v -0.026931 0.027616 0.034753
v -0.027525 0.026451 0.030849
v -0.024916 0.025853 0.030591
v -0.024580 0.026016 0.033998
v -0.027844 0.026765 0.036104
v -0.025009 0.025316 0.035113
v -0.034883 0.027653 0.036141
v -0.022089 0.071643 -0.146674
v -0.021707 0.055993 -0.149828
v -0.041145 0.057806 -0.141017
v -0.041070 0.071411 -0.138461
v -0.041358 0.026793 0.030116
v -0.039386 0.025963 0.027018
v -0.051076 0.072559 -0.130825
v -0.050199 0.081232 -0.127927
v -0.041412 0.083075 -0.133318
v -0.037410 -0.062180 -0.097691
v -0.027282 -0.072651 -0.104319
v -0.021230 0.022282 0.034653
v -0.022702 0.023715 0.035187
v -0.020217 0.021284 0.034189
v -0.019073 0.021140 0.034414
v -0.019963 0.022404 0.034772
v -0.021504 0.024123 0.035335
v -0.024563 0.025398 0.035929
v -0.023613 0.025973 0.036278
v -0.026890 0.027893 0.037231
v -0.027604 0.027140 0.036909
v -0.034667 0.028044 0.036924
v -0.034370 0.028942 0.037051
v -0.026196 0.028516 0.036941
v -0.022950 0.026557 0.035918
v -0.025593 0.028942 0.036342
v -0.022563 0.027200 0.035468
v -0.034040 0.030068 0.036298
v -0.034144 0.029669 0.036882
v -0.022465 0.018492 0.035068
v -0.019383 0.019301 0.034593
v -0.022758 0.018908 0.034648
v -0.020477 0.019583 0.034316
v -0.023738 0.019132 0.033805
v -0.019906 0.020036 0.034191
v -0.018885 0.019837 0.034451
v -0.023665 0.019384 0.032648
v -0.019011 0.022613 0.034321
v -0.018013 0.020999 0.034366
v -0.017773 0.022824 0.033963
v -0.016817 0.020934 0.034166
v -0.019695 0.025029 0.034309
v -0.020622 0.024626 0.034853
v -0.017827 0.019595 0.034470
v -0.018342 0.018980 0.034673
v -0.016751 0.019431 0.034405
v -0.017434 0.018643 0.034612
v -0.024839 0.015689 0.036062
v -0.024505 0.015006 0.036179
v -0.021224 0.017196 0.035450
v -0.020556 0.016645 0.035496
v -0.033116 0.012053 0.035755
v -0.036393 0.012148 0.034698
v -0.032576 0.010816 0.035925
v -0.036030 0.010697 0.034794
v -0.027619 0.011409 0.036799
v -0.028214 0.012552 0.036536
v -0.032711 -0.117083 -0.015526
v -0.046612 0.013962 0.026694
v -0.047890 0.012420 0.026069
v -0.046247 0.011676 0.027903
v -0.045239 0.013441 0.028230
v -0.043697 0.012990 0.029791
v -0.044184 0.011126 0.029848
v -0.041746 0.010888 0.031647
v -0.041679 0.012579 0.031494
v -0.039455 0.012335 0.033075
v -0.039241 0.010770 0.033235
v -0.049514 0.017813 0.023825
v -0.050624 0.021238 0.023674
v -0.051416 0.016810 0.022136
v -0.052910 0.020677 0.021452
v -0.016176 0.023482 0.034339
v -0.015388 0.021207 0.034100
v -0.014002 0.024142 0.035571
v -0.013592 0.021646 0.035060
v -0.015481 0.026973 0.036762
v -0.017716 0.026369 0.035304
v -0.015714 0.019313 0.034385
v -0.016410 0.018194 0.034637
v -0.014270 0.019102 0.034863
v -0.015344 0.017589 0.035048
v -0.023904 0.014033 0.036415
v -0.023225 0.012944 0.036623
v -0.019733 0.015897 0.035681
v -0.018734 0.014998 0.035998
v -0.049646 -0.011588 -0.116342
v -0.053647 0.030370 -0.129829
v -0.047510 0.033514 0.034569
v -0.045132 0.030780 0.035267
v -0.041568 0.031695 0.037529
v -0.043515 0.034991 0.037858
v -0.049731 0.038046 0.032490
v -0.052225 0.034885 0.029422
v -0.050054 0.031529 0.031471
v -0.047698 0.029361 0.032676
v -0.051469 0.024098 0.024731
v -0.049748 0.024143 0.026375
v -0.049802 0.025837 0.027976
v -0.051586 0.026389 0.026467
v -0.053768 0.024180 0.022337
v -0.054196 0.027551 0.024151
v -0.051069 0.028690 0.028771
v -0.049015 0.027505 0.030216
v -0.053516 0.030878 0.026884
v -0.023568 0.031491 0.039236
v -0.024521 0.030326 0.037635
v -0.021423 0.028572 0.036092
v -0.019641 0.029000 0.037150
v -0.022234 0.032705 0.040455
v -0.017544 0.029531 0.038305
v -0.037074 0.036043 0.040744
v -0.035750 0.032351 0.039330
v -0.025120 0.029050 0.035905
v -0.022694 0.027504 0.035532
v -0.024990 0.029058 0.036050
v -0.022703 0.027686 0.035481
v -0.058784 0.092162 -0.110009
v -0.060995 0.098211 -0.097519
v -0.044372 0.108946 -0.103828
v -0.043566 0.101489 -0.116129
v -0.041726 0.028198 0.034004
v -0.042022 0.028125 0.034673
v -0.044465 0.027187 0.032999
v -0.044036 0.027097 0.032611
v -0.045903 0.026031 0.030928
v -0.046413 0.026215 0.031098
v -0.047626 0.025224 0.029252
v -0.047086 0.024995 0.029261
v -0.047729 0.024271 0.027993
v -0.048217 0.024107 0.027583
v -0.022383 0.028139 0.035831
v -0.024914 0.029243 0.036580
v -0.052535 0.060612 -0.132050
v -0.044538 0.074563 0.023831
v -0.051640 0.070966 0.017166
v -0.049561 0.064191 0.022806
v -0.043144 0.028941 0.035355
v -0.045745 0.027962 0.033220
v -0.047501 0.026769 0.030989
v -0.048519 0.025497 0.029043
v -0.048943 0.024566 0.027670
v -0.071168 -0.013329 -0.038895
v -0.071810 -0.013363 -0.040729
v -0.079784 -0.003562 -0.065775
v -0.078199 0.002942 -0.064861
v -0.076952 0.006449 -0.063806
v -0.077765 0.015243 -0.050752
v -0.081748 0.018343 -0.053627
v -0.082492 -0.021784 -0.059867
v -0.079341 -0.023618 -0.056021
v -0.082515 -0.020866 -0.060528
v -0.088104 0.015076 -0.064935
v -0.088392 0.013478 -0.066352
v -0.089122 0.013330 -0.066283
v -0.042976 -0.032988 -0.105845
v -0.047216 -0.020392 -0.112151
v -0.088934 0.011445 -0.067821
v -0.073873 -0.008669 -0.043229
v -0.080847 -0.004093 -0.066155
v -0.082510 -0.004614 -0.067992
v -0.082802 -0.009623 -0.068410
v -0.082351 -0.009139 -0.067293
v -0.081832 -0.014476 -0.066459
v -0.081549 -0.013570 -0.065704
v -0.084179 -0.018169 -0.063193
v -0.086415 -0.014711 -0.065178
v -0.082921 0.018876 -0.054672
v -0.082098 0.017895 -0.053093
v -0.083631 0.018599 -0.054934
v -0.074532 -0.009855 -0.044686
v -0.076007 0.013596 -0.050487
v -0.075569 0.011347 -0.049396
v -0.075139 0.011628 -0.049878
v -0.070472 -0.004804 -0.048923
v -0.070501 -0.003846 -0.049049
v -0.071664 -0.006247 -0.048381
v -0.074317 -0.007853 -0.047047
v -0.067887 -0.015442 -0.047144
v -0.067101 -0.016819 -0.049482
v -0.067668 -0.017848 -0.048640
v -0.085111 0.025520 -0.058772
v -0.075715 0.010401 -0.049163
v -0.077100 0.011500 -0.049231
v -0.077424 0.012678 -0.049529
v -0.084469 0.018303 -0.055236
v -0.077499 0.013577 -0.049851
v -0.076839 0.013495 -0.049757
v -0.078436 0.015066 -0.050632
v -0.076264 0.013353 -0.049995
v -0.074121 -0.011447 -0.061400
v -0.072899 -0.011987 -0.059431
v -0.073000 0.007682 -0.039506
v -0.073584 0.005332 -0.042097
v -0.078328 -0.024276 -0.053854
v -0.076154 0.014054 -0.060188
v -0.076208 0.016520 -0.061180
v -0.087559 -0.009901 -0.067102
v -0.080571 -0.015331 -0.056781
v -0.078503 -0.016056 -0.054859
v -0.082488 -0.014265 -0.058588
v -0.084038 -0.011735 -0.060229
v -0.071159 0.004457 -0.055005
v -0.082585 0.008079 -0.059197
v -0.083253 0.006018 -0.060608
v -0.081181 0.008046 -0.057511
v -0.077402 0.020019 -0.059129
v -0.077093 0.020010 -0.056903
v -0.077944 0.014393 -0.057649
v -0.076359 0.018475 -0.056512
v -0.069917 -0.011981 -0.047575
v -0.069705 -0.018103 -0.051137
v -0.068624 -0.015971 -0.051845
v -0.070797 -0.017980 -0.052074
v -0.070082 -0.017160 -0.053449
v -0.070636 -0.015674 -0.055221
v -0.071383 -0.013788 -0.056618
v -0.071075 -0.011192 -0.057484
v -0.069474 -0.007900 -0.048456
v -0.077631 0.019724 -0.046277
v -0.068969 -0.009756 -0.048206
v -0.070807 -0.006186 -0.048592
v -0.070996 -0.007974 -0.048115
v -0.070736 -0.009966 -0.047687
v -0.075663 -0.018734 -0.048258
v -0.076453 -0.017229 -0.050873
v -0.074232 -0.017972 -0.047579
v -0.077243 -0.016617 -0.053019
v -0.073028 -0.017661 -0.047246
v -0.075984 0.015363 -0.058485
v -0.076274 0.018425 -0.058395
v -0.071596 -0.009836 -0.036746
v -0.064644 -0.001965 0.011479
v -0.065993 0.007562 0.005972
v -0.026170 -0.052003 0.032628
v -0.025040 -0.055058 0.033155
v -0.056872 -0.013046 0.025422
v -0.052187 -0.015615 0.030777
v -0.024631 -0.046000 0.043631
v -0.024042 -0.046735 0.043899
v -0.023182 -0.046275 0.044189
v -0.023809 -0.045837 0.043736
v -0.021997 -0.045731 0.042939
v -0.022850 -0.045783 0.042170
v -0.022902 -0.045781 0.042885
v -0.022167 -0.045691 0.043644
v -0.028510 -0.030873 0.045262
v -0.032191 -0.026673 0.043767
v -0.034397 -0.031012 0.042715
v -0.030871 -0.034477 0.044354
v -0.024909 -0.047133 0.035038
v -0.024668 -0.045735 0.035329
v -0.023330 -0.045600 0.039069
v -0.023835 -0.046221 0.038819
v -0.024598 -0.050014 0.035191
v -0.023598 -0.047641 0.038692
v -0.026765 -0.047882 0.032495
v -0.026003 -0.045524 0.032775
v -0.033481 -0.052420 0.039265
v -0.029913 -0.050130 0.040802
v -0.030850 -0.046996 0.041643
v -0.034403 -0.047769 0.039990
v -0.024736 -0.019119 0.044982
v -0.028751 -0.022877 0.044609
v -0.025335 -0.026945 0.045759
v -0.021645 -0.022657 0.045851
v -0.018026 -0.017942 0.046610
v -0.020893 -0.015219 0.045411
v -0.016766 -0.010421 0.050544
v -0.017319 -0.014050 0.051717
v -0.016742 -0.015019 0.055106
v -0.017177 -0.012887 0.053913
v -0.014800 -0.018823 0.053351
v -0.017422 -0.016224 0.050178
v -0.010907 -0.020064 0.053792
v -0.010605 -0.019408 0.054864
v -0.014851 -0.019334 0.051692
v -0.015060 -0.020326 0.049687
v -0.011238 -0.020775 0.052570
v -0.010003 -0.018492 0.055942
v -0.012706 -0.018433 0.055884
v -0.014468 -0.016604 0.057479
v -0.004100 -0.018130 0.064622
v -0.005302 -0.016858 0.066486
v -0.008925 0.012952 0.049745
v -0.011828 0.009534 0.046704
v -0.008889 0.010304 0.052050
v -0.011747 0.007255 0.049038
v -0.013572 -0.014574 0.061339
v -0.015042 -0.012630 0.059570
v -0.011249 -0.013422 0.065126
v -0.012179 -0.010770 0.064597
v -0.003423 0.027562 0.049427
v -0.002009 -0.021518 0.060531
v -0.002235 -0.022132 0.059992
v -0.001740 -0.020514 0.062488
v -0.022701 0.094477 -0.134384
v -0.023073 0.106793 -0.123104
v -0.022052 0.120212 -0.099997
v -0.019740 0.124717 -0.087598
v -0.005518 -0.038078 0.059995
v -0.005059 -0.035512 0.059898
v -0.012472 -0.039255 0.046118
v -0.006849 -0.039057 0.047490
v -0.006480 -0.042741 0.050149
v -0.011819 -0.042788 0.048702
v -0.016061 -0.042978 0.046480
v -0.016988 -0.039576 0.044036
v -0.013041 -0.035765 0.044715
v -0.007269 -0.035461 0.046134
v -0.011707 -0.044809 0.052070
v -0.006418 -0.044740 0.054282
v -0.006302 -0.042875 0.057228
v -0.011771 -0.043321 0.054431
v -0.017737 -0.024704 0.048345
v -0.013675 -0.024101 0.050894
v -0.009544 -0.024005 0.054520
v -0.006351 -0.024151 0.057305
v -0.005726 -0.022150 0.057801
v -0.008199 -0.021476 0.055425
v -0.005451 -0.021379 0.058293
v -0.007903 -0.020752 0.056161
v -0.007750 -0.020068 0.056772
v -0.008411 -0.018696 0.057187
v -0.006586 -0.018948 0.058457
v -0.007205 -0.017717 0.058114
v -0.005405 -0.020618 0.058633
v -0.003599 0.004490 0.064705
v -0.003336 0.008125 0.061887
v -0.009582 -0.033874 0.057867
v -0.004701 -0.033387 0.059279
v -0.004081 -0.029442 0.058604
v -0.008394 -0.029513 0.057237
v -0.012863 -0.030343 0.054707
v -0.014553 -0.035624 0.055126
v -0.002538 -0.022818 0.059463
v -0.010026 -0.036000 0.058157
v -0.010396 -0.038515 0.057906
v -0.015142 -0.037897 0.055199
v -0.015517 -0.040105 0.054772
v -0.019222 -0.038149 0.051796
v -0.018116 -0.032328 0.051691
v -0.023721 -0.034397 0.048312
v -0.023155 -0.040844 0.048332
v -0.030761 -0.043948 0.042913
v -0.025930 -0.046178 0.043291
v -0.026103 -0.044928 0.044001
v -0.025754 -0.043739 0.045016
v -0.029893 -0.040901 0.044370
v -0.034180 -0.043262 0.041392
v -0.033014 -0.038687 0.042897
v -0.027832 -0.037825 0.046041
v -0.025013 -0.042501 0.046268
v -0.024743 -0.045288 0.044194
v -0.023869 -0.045494 0.044085
v -0.024514 -0.044575 0.045086
v -0.023594 -0.045154 0.044810
v -0.023902 -0.043930 0.046184
v -0.023142 -0.044858 0.045695
v -0.022310 -0.044308 0.047039
v -0.022781 -0.042886 0.047812
v -0.022141 -0.045692 0.042702
v -0.021180 -0.045584 0.043817
v -0.021180 -0.045605 0.045128
v -0.022024 -0.045690 0.044007
v -0.022794 -0.045739 0.042161
v -0.022560 -0.045678 0.043382
v -0.022696 -0.044965 0.040123
v -0.021344 -0.044116 0.041928
v -0.023386 -0.045917 0.041465
v -0.023219 -0.045675 0.042549
v -0.023102 -0.045694 0.043773
v -0.022936 -0.045538 0.044199
v -0.022446 -0.045417 0.044930
v -0.021671 -0.045208 0.046014
v -0.015605 -0.042076 0.053587
v -0.019050 -0.042092 0.051201
v -0.018872 -0.043758 0.049815
v -0.015562 -0.044168 0.051530
v -0.018576 -0.044917 0.048270
v -0.017727 -0.036127 0.042878
v -0.015299 -0.044967 0.049717
v -0.020432 -0.040595 0.041390
v -0.021361 -0.037934 0.039352
v -0.019171 -0.043475 0.043840
v -0.024150 -0.044211 0.036345
v -0.022483 -0.042440 0.038916
v -0.025466 -0.043647 0.033869
v -0.023559 -0.040428 0.036927
v -0.018524 -0.045385 0.046397
v -0.019261 -0.040306 0.051736
v -0.010989 -0.040906 0.056575
v -0.005788 -0.040383 0.058866
v -0.004352 -0.003108 0.071148
v -0.004073 0.000957 0.067776
v -0.022569 -0.045882 0.044245
v -0.010847 -0.125922 -0.003678
v -0.025318 -0.047371 0.043275
v -0.023740 -0.052192 0.035253
v -0.022760 -0.048642 0.038973
v -0.030629 -0.056738 0.039789
v -0.026180 -0.060716 0.042474
v -0.024051 -0.056847 0.044361
v -0.027719 -0.053406 0.041541
v -0.021699 -0.050668 0.046975
v -0.024007 -0.048925 0.044493
v -0.022917 -0.047645 0.045370
v -0.020845 -0.048643 0.047815
v -0.019958 -0.047131 0.048335
v -0.022058 -0.046647 0.045652
v -0.018019 -0.045466 0.047254
v -0.013734 -0.044817 0.050549
v -0.013022 -0.048500 0.045600
v -0.017709 -0.048951 0.042931
v -0.021214 -0.048930 0.040328
v -0.021136 -0.045749 0.044032
v -0.018675 -0.045257 0.047992
v -0.021402 -0.045603 0.044778
v -0.014138 -0.044789 0.051544
v -0.021332 -0.122434 -0.008425
v -0.021600 -0.045870 0.045484
v -0.019080 -0.045738 0.048231
v -0.014891 -0.045691 0.052009
v -0.015958 -0.047630 0.052290
v -0.016863 -0.049813 0.052209
v -0.017532 -0.052487 0.051118
v -0.019081 -0.059266 0.047895
v -0.019952 -0.064013 0.046559
v -0.013132 -0.060641 0.050863
v -0.013487 -0.065444 0.050488
v -0.012384 -0.053779 0.054673
v -0.012063 -0.050479 0.056182
v -0.011347 -0.047935 0.056105
v -0.010628 -0.045691 0.055432
v -0.003052 -0.024443 0.058848
v -0.005379 -0.019007 0.059764
v -0.004270 -0.018892 0.062178
v -0.007347 -0.015348 0.067316
v -0.001583 -0.019717 0.064734
v -0.009706 -0.013535 0.066774
v -0.008119 -0.014198 0.068306
v -0.008685 -0.012480 0.069153
v -0.009815 -0.011804 0.067849
v -0.006588 -0.014821 0.069647
v -0.007765 -0.012702 0.070255
v -0.002481 -0.015991 0.071658
v -0.003281 -0.012548 0.073716
v -0.004202 -0.006825 0.073298
v -0.003659 -0.010298 0.074119
v -0.009041 -0.010784 0.069729
v -0.010208 -0.008773 0.068301
v -0.010588 -0.005899 0.065736
v -0.012723 -0.008129 0.062051
v -0.010423 0.130338 -0.043786
v -0.009892 -0.044434 0.054776
v -0.009322 -0.044451 0.052882
v -0.012698 -0.059005 0.038572
v -0.012798 -0.054506 0.041117
v -0.008389 -0.054440 0.042704
v -0.008343 -0.059357 0.040145
v -0.005045 -0.044269 0.053957
v -0.004643 -0.047993 0.048456
v -0.008753 -0.048043 0.047385
v -0.005312 -0.044155 0.056235
v -0.005823 -0.045661 0.057171
v -0.006392 -0.048049 0.058082
v -0.004345 -0.054585 0.043489
v -0.004374 -0.059501 0.041020
v -0.021968 -0.053683 0.036520
v -0.022839 -0.057335 0.034354
v -0.017678 -0.054542 0.038985
v -0.017977 -0.058550 0.036728
v -0.007549 -0.065488 0.053358
v -0.007253 -0.060986 0.053046
v -0.006568 -0.051256 0.058056
v -0.006867 -0.054813 0.056263
v -0.022954 0.114760 -0.112247
v -0.062859 0.076922 -0.005967
v -0.061353 0.070108 0.001868
v -0.054383 0.077790 0.008965
v -0.056265 0.083162 0.001662
v -0.063602 0.084734 -0.014111
v -0.056903 0.089804 -0.006068
v -0.040256 0.121918 -0.063239
v -0.040776 0.121381 -0.048936
v -0.021632 0.127647 -0.045023
v -0.035184 0.121990 -0.077269
v -0.047578 0.113412 -0.086559
v -0.049763 0.116211 -0.067126
v -0.049681 0.116235 -0.051778
v -0.026831 -0.086877 -0.105678
v -0.053529 0.043115 -0.131261
v -0.048303 0.115270 -0.037940
v -0.040072 0.119655 -0.035122
v -0.039505 0.116627 -0.022723
v -0.046951 0.113065 -0.026206
v -0.021450 0.125411 -0.030554
v -0.010336 0.127777 -0.028704
v -0.020005 0.006378 -0.143837
v -0.003206 0.011609 0.059206
v -0.048379 -0.049325 -0.088849
v -0.057676 -0.049625 -0.071055
v -0.058482 -0.101752 -0.048322
v -0.068935 -0.026537 -0.053851
v -0.068695 -0.026173 -0.054779
v -0.060686 -0.064515 -0.052621
v -0.061591 -0.050628 -0.053790
v -0.039179 -0.048176 -0.100740
v -0.078722 -0.015262 -0.064507
v -0.079585 -0.011686 -0.065699
v -0.079714 -0.015965 -0.064184
v -0.080773 -0.012136 -0.065556
v -0.080952 -0.008146 -0.066191
v -0.080187 -0.017720 -0.063587
v -0.077512 0.020248 -0.054194
v -0.078629 0.021877 -0.053500
v -0.068499 -0.028188 -0.049558
v -0.068335 -0.027563 -0.051269
v -0.067907 -0.027806 -0.050173
v -0.067708 -0.028383 -0.048961
v -0.068244 -0.029125 -0.048029
v -0.067679 -0.028975 -0.047787
v -0.077920 0.035784 -0.047025
v -0.066466 -0.028636 -0.050924
v -0.068137 -0.026534 -0.053949
v -0.068097 -0.027220 -0.052499
v -0.067170 -0.027869 -0.051008
v -0.066698 -0.028700 -0.048845
v -0.066778 -0.029636 -0.047144
v -0.067976 -0.030369 -0.046853
v -0.080351 -0.018773 -0.064100
v -0.072915 -0.029581 -0.052763
v -0.077984 0.012559 -0.060700
v -0.078107 0.010869 -0.062002
v -0.080128 0.012602 -0.063759
v -0.079972 0.014833 -0.062394
v -0.059472 -0.010642 -0.103957
v -0.061742 0.000389 -0.109247
v -0.014037 -0.085139 -0.110405
v -0.014275 -0.070867 -0.110185
v -0.076210 0.032878 -0.094521
v -0.077975 0.014206 -0.059088
v -0.080008 0.016548 -0.060898
v -0.079973 -0.007658 -0.066011
v -0.077712 0.013221 -0.058739
v -0.077691 0.011602 -0.060291
v -0.080925 0.018288 -0.062597
v -0.081017 0.016080 -0.064312
v -0.081117 0.013616 -0.065708
v -0.077654 0.009829 -0.061894
v -0.077112 0.018595 -0.061017
v -0.080711 0.063598 -0.070789
v -0.079907 0.057679 -0.084863
v -0.077135 0.080583 -0.074197
v -0.076463 0.075571 -0.089555
v -0.071871 0.069548 -0.105487
v -0.075206 0.050652 -0.100825
v -0.077025 0.019820 -0.055643
v -0.079353 0.022931 -0.054168
v -0.064158 0.091145 -0.021927
v -0.069214 0.086019 -0.029274
v -0.057144 0.095599 -0.013229
v -0.056976 0.100764 -0.019991
v -0.063506 0.097188 -0.028956
v -0.070646 0.090213 -0.041192
v -0.079807 0.054271 -0.055859
v -0.078920 0.069078 -0.056573
v -0.075822 0.073231 -0.042907
v -0.075195 0.085633 -0.058501
v -0.066588 0.099388 -0.047567
v -0.070276 0.095730 -0.062234
v -0.059477 0.107861 -0.051461
v -0.061587 0.105829 -0.066180
v -0.061526 0.103290 -0.082256
v -0.071997 0.091750 -0.077465
v -0.061614 0.102600 -0.035179
v -0.055406 0.105478 -0.025446
v -0.056473 0.108899 -0.038715
v -0.053182 0.109492 -0.030011
v -0.073858 0.075075 -0.035599
v -0.064699 -0.034891 -0.045936
v -0.066216 -0.034958 -0.041027
v -0.069611 -0.023776 -0.034227
v -0.068627 0.000893 -0.000699
v -0.068523 0.013432 -0.003098
v -0.071640 0.005499 -0.013480
v -0.070025 -0.007804 -0.010302
v -0.067050 0.027010 -0.004606
v -0.070668 0.019620 -0.014831
v -0.070936 0.033736 -0.016611
v -0.067200 0.041377 -0.004889
v -0.062986 0.064074 -0.120521
v -0.065253 0.047189 -0.118584
v -0.065684 0.034341 -0.116752
v -0.047979 0.057911 0.026677
v -0.022445 0.085404 -0.140550
v -0.046720 0.082261 0.016404
v -0.055288 0.084686 -0.120921
v -0.042169 0.090701 -0.127496
v -0.071196 0.086867 -0.092613
v -0.067983 0.081585 -0.106162
v -0.059997 0.075174 -0.121022
v -0.064614 0.018075 -0.114626
v -0.047526 0.109254 -0.018576
v -0.056041 0.024076 0.019347
v -0.055200 0.019563 0.018405
v -0.056456 0.028789 0.020963
v -0.053537 0.014750 0.019860
v -0.015337 0.006458 0.044374
v -0.014887 0.004368 0.046418
v -0.014305 0.002078 0.048414
v -0.018377 0.001626 0.044162
v -0.017549 -0.001408 0.045947
v -0.011422 0.001802 0.053564
v -0.011593 0.004621 0.051283
v -0.013982 -0.000857 0.050322
v -0.013672 -0.004091 0.052037
v -0.011389 -0.001257 0.055937
v -0.017652 -0.016388 0.047838
v -0.018705 -0.011661 0.046431
v -0.016361 -0.007508 0.048609
v -0.021170 -0.004256 0.044481
v -0.020048 -0.007648 0.045643
v -0.016849 -0.004190 0.047370
v -0.022549 -0.000865 0.042748
v -0.014598 -0.007452 0.054676
v -0.015528 -0.010630 0.057584
v -0.012075 -0.004753 0.058977
v -0.010206 -0.002606 0.062391
v -0.009519 0.001042 0.059356
v -0.019058 0.003892 0.042324
v -0.023589 0.001837 0.041240
v -0.023525 -0.011088 0.045081
v -0.028019 -0.014450 0.044734
v -0.025445 -0.006658 0.043691
v -0.029917 -0.009432 0.043272
v -0.026914 -0.002997 0.042053
v -0.031324 -0.005524 0.041408
v -0.032061 -0.018074 0.044169
v -0.035490 -0.022065 0.043024
v -0.038535 -0.027001 0.041205
v -0.038392 -0.016901 0.041403
v -0.042040 -0.022296 0.039402
v -0.040470 -0.011877 0.039472
v -0.044799 -0.016765 0.037361
v -0.034479 -0.012864 0.042580
v -0.036192 -0.008532 0.040578
v -0.032614 -0.001719 0.039536
v -0.028253 0.000284 0.040428
v -0.041767 -0.000758 0.035541
v -0.041519 -0.006241 0.037560
v -0.037078 -0.003897 0.038507
v -0.037694 0.000606 0.036601
v -0.046556 -0.009982 0.035380
v -0.046333 -0.002341 0.033951
v -0.045540 0.002564 0.032329
v -0.031784 0.009112 0.036526
v -0.026887 0.009781 0.037337
v -0.035429 0.008744 0.035329
v -0.041470 0.003244 0.034010
v -0.038040 0.003974 0.035412
v -0.049378 0.009927 0.025764
v -0.047219 0.009076 0.028100
v -0.041656 0.008528 0.032380
v -0.038777 0.008551 0.033962
v -0.044561 0.008734 0.030434
v -0.022231 0.011427 0.037247
v -0.017762 0.013627 0.037033
v -0.057388 -0.062791 -0.067904
v -0.009135 0.004332 0.056920
v -0.008958 0.007436 0.054537
v -0.014520 0.029877 0.040364
v -0.012650 0.027274 0.039005
v -0.006760 0.027375 0.046574
v -0.018857 0.033371 0.042699
v -0.014014 0.016278 0.036979
v -0.012444 0.018581 0.036940
v -0.011471 0.021603 0.037362
v -0.011470 0.024340 0.038131
v -0.030664 0.047486 0.043960
v -0.027595 0.040767 0.045280
v -0.058064 0.063391 0.010814
v -0.061748 0.054568 0.006750
v -0.050778 0.043225 0.028959
v -0.053953 0.039041 0.025818
v -0.055889 0.034010 0.023054
v -0.063551 0.042740 0.003786
v -0.064178 0.030259 0.002886
v -0.065291 0.018533 0.003560
v -0.048601 0.094153 0.002281
v -0.048548 0.099734 -0.004574
v -0.048106 0.088139 0.009393
v -0.039226 0.112733 -0.013220
v -0.039237 0.108338 -0.004813
v -0.048196 0.104759 -0.011485
v -0.039668 0.103287 0.002498
v -0.039957 0.097707 0.009282
v -0.039456 0.091773 0.016444
v -0.038360 0.085494 0.023269
v -0.036692 0.076785 0.029991
v -0.047206 -0.061756 -0.085683
v -0.007584 -0.006868 0.055339
v -0.006858 -0.006692 0.055891
v -0.006460 -0.007472 0.054827
v -0.005823 -0.007204 0.055359
v -0.005312 -0.008993 0.055099
v -0.006921 -0.015901 0.057337
v -0.005557 -0.014059 0.056233
v -0.004858 -0.010707 0.054981
v -0.068217 -0.030237 -0.035864
v -0.058491 -0.097576 -0.062940
v -0.054145 -0.093853 -0.075262
v 0.055262 -0.097237 -0.062741
v 0.050953 -0.093384 -0.075242
v 0.021070 -0.128988 -0.010713
v 0.032584 -0.124636 -0.016601
v 0.033725 -0.133226 -0.017867
v 0.021677 -0.136737 -0.012221
v 0.058644 -0.115308 -0.068544
v 0.056323 -0.106714 -0.063382
v 0.052704 -0.102496 -0.078066
v 0.056717 -0.111152 -0.083764
v 0.046260 -0.099957 -0.090836
v 0.050227 -0.109770 -0.096673
v 0.039548 -0.110205 -0.106542
v 0.036753 -0.098772 -0.100640
v 0.025106 -0.098919 -0.107787
v 0.027551 -0.111447 -0.113127
v 0.043908 -0.119758 -0.024805
v 0.052599 -0.114783 -0.035874
v 0.052964 -0.124590 -0.036884
v 0.044161 -0.128421 -0.025714
v 0.056816 -0.110193 -0.048820
v 0.057872 -0.119661 -0.051910
v 0.013396 -0.110599 -0.117419
v 0.012111 -0.096978 -0.111763
v 0.023412 -0.154924 -0.013947
v 0.010601 -0.156823 -0.011632
v 0.010559 -0.147479 -0.010622
v 0.022782 -0.145744 -0.013345
v 0.054708 -0.156966 -0.031637
v 0.069338 -0.150148 -0.044897
v 0.075648 -0.158609 -0.040820
v 0.059332 -0.165781 -0.027037
v 0.096983 -0.157600 -0.054011
v 0.106303 -0.146355 -0.075781
v 0.038440 -0.161937 -0.021197
v 0.041325 -0.170590 -0.015959
v -0.001181 -0.121112 -0.126368
v -0.001195 -0.108247 -0.118345
v 0.096500 -0.140520 -0.079433
v 0.094950 -0.136574 -0.102414
v 0.107804 -0.141851 -0.100311
v 0.053574 -0.158172 -0.143845
v 0.053682 -0.164959 -0.147523
v 0.069315 -0.160225 -0.143814
v 0.064666 -0.154360 -0.139661
v 0.073653 -0.125635 -0.097331
v 0.061961 -0.126653 -0.112579
v 0.071390 -0.133552 -0.117550
v 0.084172 -0.131257 -0.102040
v 0.036964 -0.143316 -0.135507
v 0.055036 -0.138111 -0.127432
v 0.047298 -0.130419 -0.122322
v 0.031948 -0.134124 -0.129149
v 0.086669 -0.135334 -0.079553
v 0.075158 -0.130344 -0.077112
v 0.079116 -0.142706 -0.060747
v 0.069883 -0.136768 -0.059482
v 0.061925 -0.142535 -0.043968
v 0.056315 -0.118451 -0.104006
v 0.043816 -0.120551 -0.113991
v 0.028484 -0.123137 -0.121382
v 0.012847 -0.123575 -0.125894
v -0.001242 -0.171918 -0.147123
v -0.001109 -0.159844 -0.143718
v 0.017699 -0.145705 -0.138202
v 0.015685 -0.134555 -0.132168
v 0.088083 -0.149388 -0.058878
v 0.062170 -0.129108 -0.056797
v 0.056399 -0.133857 -0.041534
v 0.065530 -0.174022 -0.017492
v 0.083918 -0.167503 -0.033553
v 0.045142 -0.179031 -0.006479
v 0.026829 -0.182350 0.000271
v 0.019251 -0.157192 -0.143725
v 0.018269 -0.169392 -0.147103
v 0.038287 -0.166229 -0.147612
v 0.041643 -0.154438 -0.142445
v 0.049717 -0.146991 -0.031402
v 0.036638 -0.152147 -0.021638
v 0.023638 -0.164741 -0.012964
v 0.063909 -0.119185 -0.089724
v 0.065035 -0.123646 -0.073162
v 0.046329 -0.137166 -0.028768
v 0.035236 -0.142844 -0.019818
v 0.010104 -0.138846 -0.008396
v 0.024723 -0.173678 -0.007984
v 0.097762 -0.146057 -0.121705
v 0.084094 -0.153772 -0.135588
v 0.075945 -0.150491 -0.134227
v -0.001007 -0.146909 -0.138852
v -0.001171 -0.148889 -0.010128
v -0.001368 -0.157896 -0.012268
v -0.000634 -0.140410 -0.007183
v 0.081589 -0.141702 -0.123523
v 0.060609 -0.146964 -0.134569
v -0.000321 -0.133307 -0.004504
v -0.001292 -0.096153 -0.113030
v -0.001457 -0.168443 -0.012477
v -0.001679 -0.178507 -0.007287
v -0.001854 -0.188578 0.001404
v 0.010140 -0.131790 -0.005997
v 0.010880 -0.176451 -0.006551
v 0.010546 -0.166615 -0.011074
v 0.011848 -0.186291 0.001213
v -0.000691 -0.133854 -0.133046
v -0.021654 -0.129063 -0.010225
v -0.033407 -0.124766 -0.016395
v -0.035080 -0.133319 -0.017573
v -0.022800 -0.136852 -0.011868
v -0.060884 -0.115800 -0.069223
v -0.058915 -0.107109 -0.063666
v -0.055657 -0.102959 -0.078370
v -0.059104 -0.111750 -0.084276
v -0.048699 -0.100457 -0.091090
v -0.052216 -0.110409 -0.096910
v -0.041521 -0.110900 -0.106540
v -0.039055 -0.099321 -0.100859
v -0.027420 -0.099359 -0.107966
v -0.029726 -0.111996 -0.113056
v -0.045197 -0.119976 -0.024724
v -0.054199 -0.115230 -0.035856
v -0.054738 -0.124780 -0.036922
v -0.045783 -0.128562 -0.025570
v -0.058521 -0.110540 -0.048832
v -0.059795 -0.120015 -0.052362
v -0.015585 -0.110910 -0.117298
v -0.014595 -0.097240 -0.111827
v -0.025758 -0.154972 -0.013973
v -0.012902 -0.156875 -0.011751
v -0.012349 -0.147544 -0.010623
v -0.024660 -0.145776 -0.013292
v -0.056920 -0.157405 -0.033005
v -0.071092 -0.150727 -0.046875
v -0.077607 -0.159160 -0.042786
v -0.061785 -0.166299 -0.028605
v -0.099134 -0.157607 -0.056024
v -0.107955 -0.146062 -0.077413
v -0.040930 -0.162138 -0.021842
v -0.044009 -0.170801 -0.016902
v -0.098568 -0.140359 -0.080908
v -0.096949 -0.136713 -0.103397
v -0.109720 -0.141693 -0.101562
v -0.055889 -0.158139 -0.144622
v -0.056126 -0.164725 -0.148271
v -0.071440 -0.160079 -0.144662
v -0.066946 -0.154345 -0.140511
v -0.075629 -0.126085 -0.097973
v -0.063841 -0.127118 -0.112875
v -0.073084 -0.133882 -0.118204
v -0.085808 -0.131549 -0.102835
v -0.038840 -0.143507 -0.135926
v -0.056647 -0.138378 -0.128041
v -0.049138 -0.130889 -0.122692
v -0.032962 -0.134522 -0.129502
v -0.088416 -0.135184 -0.080736
v -0.076782 -0.130435 -0.078191
v -0.080688 -0.143075 -0.062388
v -0.071485 -0.137306 -0.061107
v -0.063600 -0.143058 -0.045646
v -0.057766 -0.119055 -0.104299
v -0.045480 -0.121073 -0.114107
v -0.030676 -0.123520 -0.121271
v -0.015307 -0.123622 -0.125704
v -0.019736 -0.145796 -0.138265
v -0.017488 -0.134852 -0.132196
v -0.089810 -0.149643 -0.060672
v -0.063970 -0.129448 -0.057988
v -0.058364 -0.134054 -0.042282
v -0.068387 -0.174014 -0.018877
v -0.086471 -0.167586 -0.035416
v -0.048211 -0.178923 -0.007378
v -0.030219 -0.182440 -0.000164
v -0.021480 -0.157371 -0.143995
v -0.019960 -0.169594 -0.147383
v -0.039607 -0.166543 -0.148258
v -0.043533 -0.154533 -0.143071
v -0.051903 -0.147267 -0.032184
v -0.038991 -0.152276 -0.021964
v -0.026262 -0.164730 -0.013143
v -0.065635 -0.119722 -0.090352
v -0.066921 -0.124121 -0.074151
v -0.048362 -0.137228 -0.028958
v -0.037293 -0.142882 -0.019726
v -0.011455 -0.138961 -0.008345
v -0.027638 -0.173742 -0.008465
v -0.099027 -0.145981 -0.122740
v -0.085755 -0.153725 -0.136505
v -0.077621 -0.150583 -0.135159
v -0.083165 -0.141885 -0.124399
v -0.062200 -0.147119 -0.135386
v -0.010857 -0.131890 -0.005883
v -0.014017 -0.176462 -0.006763
v -0.013309 -0.166643 -0.011239
v -0.015212 -0.186156 0.000855
v -0.006718 -0.008982 0.054237
v -0.067856 -0.032816 -0.015243
v -0.067406 -0.040477 -0.022342
v -0.064136 -0.050999 -0.015940
v -0.065175 -0.042888 -0.008871
v -0.058451 -0.061754 -0.007507
v -0.061570 -0.051848 -0.001515
v -0.052342 -0.069961 0.001574
v -0.056900 -0.059867 0.005606
v -0.047284 -0.074943 0.011352
v -0.051931 -0.065055 0.013787
v -0.032569 -0.078406 0.032564
v -0.030908 -0.083379 0.028964
v -0.024542 -0.086200 0.036334
v -0.025207 -0.081960 0.040479
v -0.017493 -0.088076 0.043029
v -0.018008 -0.083780 0.046973
v -0.009617 -0.088652 0.046827
v -0.009541 -0.084555 0.050922
v -0.000270 -0.088631 0.048585
v -0.000203 -0.084525 0.052729
v -0.000096 -0.074625 0.056007
v -0.008760 -0.074726 0.054577
v -0.009241 -0.079667 0.053545
v -0.000153 -0.080029 0.054961
v -0.016067 -0.074250 0.050662
v -0.017369 -0.079309 0.049247
v -0.022602 -0.072181 0.045031
v -0.024328 -0.077353 0.043352
v -0.030083 -0.068605 0.038481
v -0.032073 -0.073639 0.035680
v -0.036631 -0.063596 0.034519
v -0.039685 -0.067019 0.030352
v -0.008697 -0.092029 0.040670
v -0.000353 -0.091975 0.042982
v -0.015815 -0.091393 0.037018
v -0.022313 -0.089877 0.031430
v -0.027820 -0.088084 0.024917
v -0.040519 -0.078130 0.020677
v -0.033949 -0.085820 0.016956
v -0.041608 -0.081542 0.008686
v -0.047222 -0.076773 -0.002061
v -0.054419 -0.068289 -0.012645
v -0.061866 -0.057146 -0.022211
v -0.065994 -0.044854 -0.029766
v -0.068681 -0.032455 -0.027750
v -0.015022 -0.069833 0.050690
v -0.008178 -0.070107 0.054299
v -0.021899 -0.067869 0.045365
v -0.028297 -0.064308 0.040464
v -0.033342 -0.060223 0.037746
v -0.038236 -0.048677 0.037676
v -0.037042 -0.054915 0.037061
v -0.036654 -0.036383 0.040906
v -0.037906 -0.042420 0.039079
v -0.044726 -0.029475 0.036308
v -0.046190 -0.038224 0.032672
v -0.042006 -0.040941 0.036159
v -0.040801 -0.033415 0.038743
v -0.048494 -0.023835 0.033608
v -0.050421 -0.033741 0.028865
v -0.007710 -0.094718 0.035055
v -0.000369 -0.094971 0.036223
v -0.013922 -0.094216 0.031577
v -0.019385 -0.093600 0.026379
v -0.023633 -0.093059 0.019953
v -0.028411 -0.091972 0.012638
v -0.034337 -0.089785 0.004278
v -0.041521 -0.084978 -0.005850
v -0.050269 -0.075590 -0.017671
v -0.059292 -0.062000 -0.028143
v -0.063867 -0.048988 -0.035700
v -0.020812 -0.100173 0.007273
v -0.016758 -0.099350 0.013406
v -0.013455 -0.098726 0.018698
v -0.010481 -0.098273 0.023037
v -0.006260 -0.099498 0.022592
v -0.000299 -0.100093 0.022323
v -0.005632 -0.102943 0.015079
v -0.000098 -0.102898 0.015323
v -0.007814 -0.105477 0.010499
v 0.000049 -0.106014 0.010560
v -0.009920 -0.108302 0.006663
v 0.000070 -0.110698 0.007202
v -0.040830 -0.056965 0.033714
v -0.044769 -0.057913 0.029009
v -0.046442 -0.047918 0.029901
v -0.050839 -0.044840 0.024811
v -0.049310 -0.056886 0.023031
v -0.042287 -0.049054 0.034430
v -0.054821 -0.053061 0.015730
v -0.055601 -0.040005 0.019226
v -0.054642 -0.027912 0.024959
v -0.059144 -0.035392 0.014065
v -0.059333 -0.047158 0.008811
v -0.058395 -0.023409 0.020501
v -0.061358 -0.019155 0.016107
v -0.061991 -0.029907 0.009115
v -0.062238 -0.041125 0.003628
v -0.043853 -0.069858 0.023754
v -0.064889 -0.034054 -0.002618
v -0.063720 -0.014871 0.011520
v -0.064126 -0.024693 0.004456
v -0.066142 -0.009140 0.005836
v -0.066762 -0.017405 -0.001991
v -0.067314 -0.026387 -0.009469
v -0.069909 -0.024325 -0.023821
v -0.000122 -0.069931 0.055946
v -0.064175 -0.033513 -0.050892
v -0.021098 -0.029956 0.048695
v -0.016013 -0.027894 0.051225
v -0.011128 -0.027154 0.054565
v -0.007283 -0.026794 0.057136
v -0.003473 -0.026974 0.058602
v -0.000016 -0.121573 0.001027
v 0.000411 0.041334 0.050294
v 0.000004 -0.115237 0.004828
v 0.000005 -0.059553 0.041308
v 0.000033 0.128779 -0.027610
v -0.000122 -0.065303 0.055340
v -0.000023 -0.054554 0.043882
v 0.000486 0.001557 0.069256
v -0.000141 -0.060749 0.054486
v -0.000154 -0.051578 0.058729
v -0.000168 -0.045758 0.057769
v 0.000385 0.079503 0.040832
v -0.000152 -0.048420 0.058846
v 0.000083 -0.024759 0.059303
v 0.000534 -0.002449 0.072583
v -0.000138 -0.043979 0.056655
v -0.001293 -0.045917 -0.115736
v -0.000114 -0.054486 0.057268
v -0.000039 -0.047911 0.048793
v -0.000098 -0.044247 0.054503
v 0.000141 -0.035580 0.046738
v 0.000123 -0.027435 0.058830
v 0.000645 0.018942 0.055534
v -0.001094 -0.007299 -0.139928
v 0.000633 0.015916 0.057969
v 0.000256 0.104261 0.023060
v 0.000362 0.089866 0.035484
v 0.000508 0.005452 0.066083
v -0.000684 0.055578 -0.153123
v -0.000584 0.072097 -0.150082
v 0.000378 0.060902 0.046426
v -0.000114 0.126415 -0.090918
v 0.000561 -0.006323 0.074834
v 0.000043 -0.020069 0.064849
v 0.000103 0.120812 -0.002642
v -0.000898 0.021100 -0.150679
v -0.000264 0.116765 -0.115342
v 0.000197 -0.043377 0.057804
v 0.000066 0.125179 -0.014563
v 0.000197 -0.044894 0.054728
v 0.000304 -0.016545 0.072309
v -0.001001 0.005404 -0.146154
v -0.000789 0.034825 -0.152788
v 0.000135 -0.033701 0.059311
v 0.000128 -0.029949 0.058784
v -0.000190 0.122425 -0.103530
v 0.000389 0.047903 0.049693
v 0.000158 -0.035951 0.060249
v 0.000704 0.027688 0.050740
v 0.000216 -0.038728 0.060647
v -0.000204 -0.127640 -0.002058
v -0.000409 0.096170 -0.137316
v 0.000209 -0.041238 0.059336
v 0.000192 -0.042628 0.050606
v 0.000571 0.009211 0.063036
v 0.000165 -0.039142 0.048159
v 0.000376 0.069254 0.044174
v 0.000013 -0.022355 0.060582
v 0.000016 -0.021690 0.061142
v 0.000688 0.024665 0.051670
v 0.000313 0.097706 0.029561
v 0.000672 0.030290 0.050464
v 0.000045 -0.023087 0.060047
v -0.000492 0.086823 -0.143616
v -0.000048 0.131093 -0.073506
v -0.000033 0.132330 -0.060312
v 0.000654 0.021808 0.053219
v 0.000622 0.012857 0.060319
v -0.001303 -0.057672 -0.113474
v 0.000462 -0.013041 0.074874
v 0.000527 -0.010128 0.075456
v 0.000146 0.115628 0.007596
v -0.001171 -0.016819 -0.134560
v -0.000003 0.131665 -0.043131
v 0.000198 0.110114 0.015893
v -0.001273 -0.034148 -0.122133
v -0.001231 -0.024298 -0.129804
v 0.000206 -0.017843 0.070618
v 0.000584 0.033501 0.050427
v 0.000104 -0.019253 0.067494
v -0.000336 0.108824 -0.125905
v 0.000025 -0.020857 0.062620
v 0.006663 -0.009141 0.054610
v 0.066961 -0.032947 -0.014234
v 0.065805 -0.040501 -0.021364
v 0.062798 -0.051081 -0.015179
v 0.064499 -0.043094 -0.007999
v 0.057536 -0.061947 -0.006836
v 0.061080 -0.052179 -0.000770
v 0.051566 -0.070108 0.002058
v 0.056431 -0.060270 0.006243
v -0.004033 -0.016460 0.069628
v -0.003087 -0.017997 0.067132
v 0.046858 -0.075345 0.011745
v 0.051646 -0.065533 0.014298
v -0.015464 0.020157 0.034244
v -0.008115 -0.019047 0.057046
v -0.006625 0.003152 0.062458
v -0.013848 0.020299 0.034851
v 0.031980 -0.078690 0.032538
v 0.030311 -0.083559 0.028891
v 0.023710 -0.086112 0.036122
v 0.024465 -0.082114 0.040322
v -0.010253 -0.018764 0.055640
v 0.016735 -0.088101 0.042919
v 0.017398 -0.084043 0.047012
v 0.008994 -0.088790 0.046901
v 0.009050 -0.084772 0.051085
v -0.006038 0.010005 0.057123
v -0.008296 0.019021 0.044365
v 0.008380 -0.074879 0.054981
v 0.008855 -0.079846 0.053779
v -0.006184 0.006554 0.059917
v -0.015649 -0.015979 0.056206
v -0.013845 -0.018502 0.054792
v -0.006508 -0.010493 0.072079
v -0.007414 -0.007643 0.071017
v 0.015636 -0.074469 0.050825
v -0.007280 -0.013546 0.070044
v -0.004558 -0.015292 0.070713
v 0.016868 -0.079564 0.049333
v -0.017769 0.020179 0.034409
v -0.023644 0.021635 0.029358
v -0.005736 -0.012516 0.071962
v -0.002815 -0.014630 0.072745
v -0.021076 0.020869 0.032696
v -0.016634 0.020141 0.034305
v -0.011710 -0.011828 0.064944
v -0.006836 0.017934 0.048785
v 0.022214 -0.072497 0.045104
v 0.023780 -0.077628 0.043288
v 0.029685 -0.069031 0.038512
v 0.031572 -0.074005 0.035677
v -0.014386 -0.013367 0.060580
v 0.036378 -0.064174 0.034754
v 0.039377 -0.067557 0.030577
v 0.008143 -0.092014 0.040619
v -0.018791 0.020390 0.034380
v -0.019818 0.020554 0.034161
v -0.007323 -0.000434 0.065537
v 0.015123 -0.091215 0.036836
v 0.021659 -0.089795 0.031271
v 0.027187 -0.088200 0.024823
v 0.040251 -0.078628 0.020856
v -0.022806 0.021144 0.032121
v -0.002945 -0.019697 0.062294
v -0.009830 -0.012530 0.067283
v -0.008451 -0.013097 0.068822
v -0.003483 -0.020273 0.060249
v 0.033622 -0.086055 0.016971
v 0.041062 -0.081751 0.008872
v -0.011899 0.019949 0.037136
v 0.046285 -0.076712 -0.001774
v -0.006270 0.015650 0.052334
v -0.006187 0.012752 0.054842
v 0.053310 -0.068310 -0.012192
v 0.060322 -0.057108 -0.021574
v -0.002793 -0.018929 0.064682
v 0.063791 -0.044726 -0.028825
v 0.067422 -0.032597 -0.026650
v 0.014750 -0.070029 0.050982
v 0.007923 -0.070208 0.054786
v 0.021587 -0.068148 0.045488
v -0.007704 -0.004222 0.068752
v 0.027963 -0.064723 0.040445
v 0.033253 -0.060812 0.037947
v 0.038392 -0.049404 0.038188
v -0.005759 -0.019621 0.058596
v 0.037111 -0.055616 0.037561
v 0.036867 -0.036998 0.041422
v 0.038103 -0.043079 0.039513
v 0.045030 -0.030044 0.036991
v 0.046386 -0.038825 0.033273
v 0.042220 -0.041588 0.036668
v 0.000405 -0.014968 0.073732
v -0.005079 -0.014079 0.071432
v 0.041097 -0.034018 0.039367
v 0.048760 -0.024316 0.034368
v 0.050529 -0.034255 0.029495
v 0.007214 -0.094703 0.035010
v -0.029875 0.033623 0.040744
v -0.029804 0.031493 0.039062
v 0.013350 -0.094139 0.031500
v 0.018987 -0.093564 0.026274
v 0.023261 -0.093110 0.019910
v 0.028020 -0.092090 0.012618
v 0.033955 -0.089878 0.004303
v 0.040750 -0.084867 -0.005775
v -0.022633 0.036624 0.044506
v -0.004392 0.037124 0.049613
v -0.009665 0.037200 0.048408
v 0.049426 -0.075631 -0.017453
v -0.029935 0.029264 0.037242
v -0.031032 0.027515 0.036333
v -0.029540 0.029751 0.037387
v -0.031004 0.027903 0.037157
v -0.030416 0.028672 0.037376
v 0.057893 -0.061960 -0.027725
v -0.029402 0.029635 0.036526
v 0.061638 -0.048700 -0.035021
v -0.029459 0.029701 0.036276
v 0.020558 -0.100215 0.007207
v -0.028856 0.036375 0.042632
v 0.016464 -0.099354 0.013336
v 0.013142 -0.098724 0.018639
v -0.029521 0.029682 0.036722
v -0.030783 0.028317 0.034821
v 0.010173 -0.098258 0.022988
v -0.030818 0.026913 0.030698
v 0.005854 -0.099492 0.022564
v 0.000481 0.037164 0.050233
v -0.021396 0.047645 0.047404
v -0.051498 0.047592 0.025632
v 0.005535 -0.102895 0.015039
v -0.054673 0.042237 0.022680
v 0.007807 -0.105482 0.010442
v -0.048235 0.005918 0.028851
v -0.050832 0.006925 0.026199
v -0.018500 0.041310 0.047884
v 0.009847 -0.108415 0.006715
v 0.040758 -0.057632 0.034069
v 0.044540 -0.058477 0.029314
v 0.046450 -0.048533 0.030383
v 0.050880 -0.045398 0.025410
v -0.026320 0.068686 0.039205
v -0.030825 0.115511 -0.009340
v -0.024772 0.060884 0.042149
v -0.039717 0.053461 0.035917
v 0.049164 -0.057428 0.023461
v -0.030860 0.110947 -0.000200
v 0.042387 -0.049758 0.034851
v 0.054677 -0.053583 0.016322
v 0.055475 -0.040461 0.019914
v 0.054653 -0.028315 0.025687
v 0.058911 -0.035731 0.014825
v -0.046647 0.052025 0.029973
v 0.059003 -0.047566 0.009530
v -0.055447 0.012304 0.018772
v -0.006448 0.053937 0.048213
v -0.056957 0.017993 0.016433
v 0.058392 -0.023718 0.021350
v -0.014498 0.053955 0.047461
v -0.027525 0.125488 -0.072080
v 0.061307 -0.019347 0.017038
v 0.061648 -0.030128 0.009964
v 0.061852 -0.041420 0.004440
v 0.043628 -0.070373 0.024068
v -0.013300 0.033423 0.045398
v 0.064407 -0.034262 -0.001712
v -0.038441 0.006574 0.034523
v -0.041502 0.006171 0.033086
v 0.063609 -0.014947 0.012475
v -0.031387 0.125254 -0.060752
v -0.054521 0.009866 0.020987
v -0.029392 0.087546 0.028579
v -0.009525 0.027298 0.043191
v -0.010676 0.030032 0.043665
v -0.030169 0.094374 0.021981
v 0.063678 -0.024809 0.005380
v 0.065962 -0.009107 0.006756
v 0.066277 -0.017424 -0.001042
v -0.030560 0.100502 0.014909
v 0.066681 -0.026475 -0.008496
v 0.069091 -0.024481 -0.022687
v -0.031219 0.119490 -0.020021
v -0.021407 0.009838 0.037799
v 0.062632 -0.033271 -0.050131
v 0.021037 -0.030426 0.049182
v 0.015995 -0.028292 0.051677
v -0.057006 0.036083 0.020117
v -0.057950 0.029604 0.018265
v -0.031963 0.124682 -0.046856
v -0.031099 0.007610 0.037143
v -0.057668 0.023668 0.016924
v -0.015661 0.127399 -0.080169
v 0.011168 -0.027452 0.055025
v -0.053051 0.008109 0.023548
v 0.007471 -0.026982 0.057633
v 0.003710 -0.027059 0.059023
v -0.032189 0.053824 0.041057
v -0.034961 0.006948 0.035892
v -0.009006 0.024395 0.042294
v -0.016753 0.012076 0.038014
v -0.013164 0.015224 0.038498
v -0.030735 0.105963 0.007743
v -0.010948 0.017801 0.039555
v -0.009170 0.021631 0.041346
v -0.026248 0.008389 0.037938
v -0.027997 0.078134 0.034929
v -0.031515 0.122677 -0.032742
v -0.044890 0.005995 0.031161
v -0.000066 0.128670 -0.082977
v 0.000371 0.053851 0.048412
v -0.009905 0.019457 0.040535
v -0.015827 0.037152 0.046725
v -0.023372 0.053913 0.045229
v -0.000079 -0.057468 0.055261
v -0.026129 -0.040451 0.046476
v -0.027512 -0.042547 0.044871
v -0.027140 -0.048479 0.042197
v -0.018917 -0.035390 0.051781
v -0.023297 -0.038104 0.048705
v -0.018263 -0.055648 0.049568
v -0.028023 -0.044495 0.043591
v -0.012659 -0.056935 0.052684
v -0.028009 -0.046506 0.042637
v -0.006899 -0.057873 0.054281
v 0.000133 -0.031787 0.059031
v -0.009009 -0.031608 0.057576
v -0.004429 -0.031340 0.058944
v -0.013905 -0.033024 0.054915
v -0.025437 -0.050813 0.043151
v -0.022864 -0.053298 0.045657
v 0.004447 -0.016652 0.069901
v 0.003357 -0.018122 0.067338
v 0.015528 0.020156 0.035076
v 0.008061 -0.019209 0.057453
v 0.007085 0.003191 0.062702
v 0.013966 0.020309 0.035566
v 0.010218 -0.018978 0.056082
v 0.006581 0.010069 0.057393
v 0.008485 0.019053 0.044749
v 0.006731 0.006622 0.060182
v 0.015680 -0.016189 0.056635
v 0.013808 -0.018718 0.055229
v 0.007122 -0.010450 0.072306
v 0.007994 -0.007572 0.071241
v 0.007639 -0.013566 0.070307
v 0.005053 -0.015444 0.071016
v 0.017767 0.020186 0.035408
v 0.023522 0.021648 0.030839
v 0.006343 -0.012535 0.072230
v 0.003572 -0.014792 0.073038
v 0.021051 0.020937 0.033908
v 0.016661 0.020139 0.035227
v 0.011747 -0.011903 0.065254
v 0.007245 0.017949 0.049118
v 0.014431 -0.013502 0.060963
v 0.018768 0.020410 0.035452
v 0.019793 0.020609 0.035292
v 0.007703 -0.000430 0.065769
v 0.022762 0.021214 0.033322
v 0.002917 -0.019624 0.062379
v 0.009942 -0.012547 0.067560
v 0.008658 -0.013095 0.069075
v 0.003363 -0.020206 0.060368
v 0.011968 0.019986 0.037691
v 0.006868 0.015689 0.052634
v 0.006916 0.012833 0.055105
v 0.002881 -0.018924 0.064815
v 0.008210 -0.004179 0.068974
v 0.005652 -0.019659 0.058843
v 0.005631 -0.014160 0.071723
v 0.030310 0.033721 0.041975
v 0.030189 0.031596 0.040354
v 0.023116 0.036614 0.045431
v 0.005226 0.037082 0.049799
v 0.010360 0.037118 0.048856
v 0.030073 0.029294 0.038513
v 0.031039 0.027578 0.037468
v 0.029869 0.029823 0.038743
v 0.031032 0.027949 0.038294
v 0.030505 0.028715 0.038526
v 0.029671 0.029673 0.037936
v 0.029672 0.029720 0.037672
v 0.029292 0.036481 0.043649
v 0.029693 0.029694 0.038089
v 0.030803 0.028476 0.035913
v 0.030873 0.027162 0.031975
v 0.022097 0.047658 0.048320
v 0.051814 0.047826 0.026288
v 0.054818 0.042505 0.023338
v 0.048457 0.006044 0.029732
v 0.051035 0.007119 0.027035
v 0.019178 0.041171 0.048884
v 0.026937 0.068883 0.039581
v 0.030898 0.115610 -0.009317
v 0.025406 0.061032 0.042645
v 0.040272 0.053650 0.036615
v 0.030990 0.111067 -0.000154
v 0.047146 0.052272 0.030675
v 0.055793 0.012688 0.019689
v 0.007173 0.053934 0.048529
v 0.057405 0.018414 0.017412
v 0.015229 0.053987 0.047993
v 0.027380 0.125553 -0.072073
v 0.013832 0.033437 0.046000
v 0.038724 0.006694 0.035590
v 0.041756 0.006303 0.034078
v 0.031301 0.125340 -0.060749
v 0.054763 0.010174 0.021809
v 0.029893 0.087765 0.028782
v 0.010024 0.027404 0.043647
v 0.011150 0.030118 0.044158
v 0.030539 0.094566 0.022124
v 0.030836 0.100674 0.015015
v 0.031245 0.119573 -0.020014
v 0.021464 0.009708 0.038324
v 0.057050 0.036417 0.020823
v 0.058054 0.030031 0.019099
v 0.031922 0.124778 -0.046854
v 0.031308 0.007515 0.037893
v 0.058011 0.024102 0.017826
v 0.015512 0.127430 -0.080165
v 0.053300 0.008329 0.024345
v 0.032777 0.053962 0.041722
v 0.035172 0.007006 0.036850
v 0.009287 0.024515 0.042703
v 0.016770 0.012008 0.038531
v 0.013190 0.015182 0.039017
v 0.030931 0.106108 0.007815
v 0.010998 0.017807 0.040048
v 0.009307 0.021706 0.041730
v 0.026212 0.008280 0.038479
v 0.028595 0.078357 0.035207
v 0.031506 0.122765 -0.032740
v 0.045092 0.006116 0.032067
v 0.009994 0.019496 0.040975
v 0.016429 0.037065 0.047521
v 0.024039 0.053986 0.045900
v 0.026264 -0.040997 0.046622
v 0.027666 -0.043125 0.045013
v 0.027212 -0.048960 0.042353
v 0.019131 -0.035860 0.051982
v 0.023461 -0.038627 0.048851
v 0.017807 -0.055803 0.049522
v 0.028183 -0.045095 0.043747
v 0.012297 -0.056954 0.052804
v 0.028142 -0.047072 0.042811
v 0.006502 -0.057936 0.054626
v 0.009287 -0.031790 0.057943
v 0.004699 -0.031396 0.059273
v 0.014090 -0.033340 0.055206
v 0.025373 -0.051183 0.043093
v 0.022667 -0.053579 0.045549
v 0.031928 0.022829 0.024126
v -0.031699 0.022942 0.022516
f 4 2 1
f 8 6 5
f 13 15 14
f 17 19 18
f 32 30 29
f 36 34 33
f 37 39 38
f 21 23 20
f 25 27 24
f 41 43 42
f 48 46 45
f 52 50 49
f 53 55 54
f 60 58 57
f 29 62 61
f 66 64 63
f 67 6 68
f 72 70 69
f 76 74 73
f 77 79 78
f 81 83 82
f 59 86 85
f 88 90 89
f 96 94 93
f 100 98 97
f 101 103 102
f 106 34 87
f 108 115 107
f 117 36 118
f 124 126 125
f 131 129 128
f 132 134 133
f 142 140 139
f 148 60 147
f 144 127 124
f 149 151 150
f 156 154 153
f 159 158 157
f 116 164 105
f 171 169 168
f 174 173 172
f 179 181 180
f 186 188 187
f 194 196 195
f 199 139 198
f 206 208 207
f 213 211 210
f 202 214 201
f 96 216 54
f 92 43 44
f 97 246 100
f 250 229 228
f 252 58 253
f 258 256 255
f 260 229 259
f 110 112 113
f 114 263 109
f 265 267 266
f 56 270 269
f 274 249 250
f 185 63 64
f 280 278 276
f 285 283 157
f 288 211 212
f 141 92 46
f 289 175 176
f 148 105 106
f 312 170 171
f 238 42 43
f 318 160 317
f 310 308 307
f 241 325 324
f 160 240 317
f 47 307 308
f 108 315 164
f 345 86 119
f 348 350 349
f 356 358 357
f 355 353 352
f 363 32 362
f 149 150 176
f 364 253 365
f 366 368 367
f 183 371 63
f 163 161 160
f 209 101 208
f 378 165 166
f 379 381 380
f 383 3 4
f 284 386 385
f 387 389 388
f 391 229 249
f 73 397 396
f 405 407 406
f 203 411 410
f 414 413 412
f 1 357 4
f 277 131 275
f 254 57 58
f 358 415 351
f 417 386 408
f 401 192 420
f 419 127 143
f 421 182 422
f 103 302 409
f 428 368 174
f 380 359 356
f 62 266 323
f 140 431 430
f 357 351 348
f 356 379 380
f 415 403 434
f 437 436 435
f 438 440 439
f 188 450 449
f 452 454 453
f 265 181 421
f 224 64 225
f 237 213 427
f 275 128 458
f 281 460 459
f 50 79 461
f 73 282 281
f 468 466 465
f 390 352 359
f 482 484 483
f 489 487 486
f 493 495 494
f 472 470 469
f 502 500 499
f 220 222 223
f 512 143 66
f 518 511 80
f 513 230 286
f 205 31 244
f 189 451 188
f 163 532 8
f 533 225 251
f 446 447 412
f 335 540 334
f 544 546 545
f 329 291 292
f 199 262 238
f 385 416 550
f 532 191 247
f 363 118 243
f 236 237 250
f 578 580 579
f 573 571 570
f 561 562 272
f 241 259 240
f 590 592 591
f 545 595 594
f 503 155 504
f 606 624 623
f 478 480 479
f 646 648 647
f 590 689 684
f 564 651 650
f 728 184 727
f 714 716 715
f 692 575 693
f 541 581 578
f 346 248 400
f 161 230 160
f 128 94 95
f 698 704 703
f 574 576 575
f 290 401 328
f 630 725 726
f 733 735 734
f 755 496 493
f 759 481 760
f 757 762 761
f 764 466 467
f 768 3808 3809
f 759 488 489
f 492 475 771
f 474 769 473
f 773 465 772
f 771 486 483
f 484 775 491
f 774 489 486
f 495 764 756
f 495 761 494
f 137 784 136
f 325 797 547
f 165 51 52
f 369 29 370
f 730 568 569
f 90 301 89
f 243 516 242
f 800 806 805
f 817 808 816
f 816 823 822
f 306 447 807
f 815 809 808
f 829 828 825
f 726 501 502
f 274 424 423
f 879 881 880
f 884 879 885
f 219 217 211
f 906 904 897
f 455 205 542
f 898 830 829
f 903 880 881
f 906 897 898
f 377 519 165
f 923 948 946
f 946 951 950
f 3519 739 3517
f 900 886 880
f 225 65 144
f 182 442 422
f 809 947 824
f 954 962 961
f 927 965 966
f 885 880 886
f 925 966 967
f 343 341 340
f 965 971 968
f 968 970 969
f 972 969 973
f 963 981 978
f 336 338 339
f 992 827 828
f 810 996 959
f 1007 1002 1008
f 1012 827 1009
f 1011 1007 1008
f 294 292 291
f 907 920 919
f 1017 1019 1018
f 1020 1022 1021
f 1035 1020 1044
f 1061 1047 1046
f 1063 1046 1062
f 1044 1021 1045
f 1102 1097 1109
f 1116 1118 1117
f 1016 1014 1013
f 881 904 903
f 816 1127 817
f 1094 949 1097
f 514 167 515
f 146 81 82
f 1133 1130 1129
f 1102 1126 822
f 822 1116 816
f 1145 1148 1136
f 1076 1151 1069
f 1148 1086 1087
f 1109 1114 1136
f 1154 1156 1155
f 1153 967 1156
f 3464 463 3714
f 1144 1152 1151
f 1156 1163 1162
f 1164 1169 1165
f 1145 1176 1147
f 1114 1154 1171
f 1183 1164 1177
f 1184 1177 1185
f 1069 1062 1064
f 1023 1194 1022
f 1162 1170 1169
f 1195 1185 1191
f 1183 1176 1155
f 1201 1152 1196
f 1061 1201 1202
f 3825 843 3836
f 1203 1195 1034
f 1202 1184 1195
f 1218 1203 1217
f 1060 1202 1203
f 1225 1217 1219
f 671 694 670
f 1219 1024 1035
f 1217 1034 1024
f 1226 1015 1227
f 1243 1234 1233
f 1231 1229 1228
f 847 1233 843
f 843 1244 878
f 1233 1245 1244
f 1923 233 216
f 2100 499 500
f 3914 2135 3900
f 61 323 505
f 210 217 457
f 1299 1309 1300
f 3863 1231 3862
f 1066 1321 1322
f 1322 1228 1229
f 1060 1321 1047
f 1325 1323 1310
f 1244 1332 1330
f 1290 1242 1288
f 1337 1339 1338
f 1330 1340 1339
f 1341 1245 1294
f 1342 1332 1341
f 1343 1341 1344
f 1344 1294 1293
f 3857 1345 1346
f 1347 1342 1343
f 3856 1295 1345
f 1349 1348 1347
f 3861 1347 3853
f 3853 1343 3857
f 906 829 1353
f 905 1353 1354
f 865 1355 1357
f 1355 829 825
f 1357 825 826
f 1356 1353 1355
f 3834 1338 3833
f 866 1356 865
f 1358 1354 1356
f 3828 1337 3834
f 838 1012 841
f 1363 1338 1339
f 1368 1339 1340
f 1348 1340 1342
f 1371 3824 3829
f 524 526 523
f 528 530 527
f 1372 1369 1371
f 535 537 538
f 1367 1348 1350
f 1370 1359 1369
f 1369 3833 3824
f 1373 903 904
f 555 557 558
f 1374 910 1373
f 1373 905 1375
f 1374 1375 1376
f 1375 1354 1370
f 1378 908 1377
f 376 651 1387
f 1388 973 969
f 586 588 585
f 1390 1388 1391
f 1391 969 970
f 597 599 596
f 600 602 603
f 1392 970 979
f 608 610 607
f 612 523 611
f 614 616 613
f 617 25 24
f 620 622 619
f 1397 1391 1392
f 1398 1392 1399
f 1400 920 1378
f 1402 1165 1169
f 636 638 635
f 930 1402 929
f 641 643 644
f 929 1169 1170
f 1404 1403 1402
f 1411 1365 1406
f 1412 1415 1414
f 652 654 655
f 609 657 658
f 659 661 662
f 558 586 585
f 665 667 664
f 1413 1406 1412
f 1418 3810 3813
f 1417 1371 1416
f 1416 3829 3810
f 1419 1416 1418
f 1386 1374 1420
f 677 679 676
f 1385 1420 1421
f 1420 1376 1422
f 685 687 688
f 1421 1422 1423
f 528 691 658
f 1422 1372 1417
f 1018 747 1425
f 699 701 702
f 1424 579 1017
f 3663 1767 3660
f 700 711 712
f 1093 3754 1571
f 717 530 719
f 721 723 720
f 704 3543 3554
f 19 1426 1430
f 1429 1427 1426
f 1658 3542 3544
f 1439 1434 1438
f 1437 1435 1434
f 1426 1433 1432
f 1442 1432 1440
f 742 744 745
f 1432 1441 1440
f 751 753 750
f 1438 1403 1405
f 1446 1444 1443
f 1447 1446 1443
f 3860 1443 3848
f 1415 1445 1446
f 1414 1446 1448
f 2173 469 470
f 777 779 686
f 780 782 783
f 1676 1806 1675
f 3859 1349 3861
f 789 791 788
f 745 793 742
f 652 795 653
f 1455 1457 1456
f 1454 1350 1452
f 610 802 801
f 3831 698 703
f 1352 1045 1351
f 1015 1459 1460
f 811 813 814
f 2118 3817 2117
f 819 821 818
f 1466 1194 1190
f 1467 1465 1466
f 1182 1468 1467
f 832 833 831
f 835 837 834
f 1467 1190 1182
f 1469 1444 1445
f 840 712 690
f 1453 1469 1454
f 599 845 846
f 1226 3849 3855
f 851 853 850
f 855 856 854
f 858 860 857
f 861 863 864
f 1014 3855 3858
f 867 868 869
f 870 872 873
f 874 876 877
f 1310 1471 1309
f 1476 1427 1475
f 1461 1475 1460
f 887 889 890
f 788 892 891
f 894 896 893
f 1460 1227 1015
f 901 524 612
f 1465 1477 1464
f 1865 3500 1864
f 911 913 914
f 916 918 915
f 1850 3507 1851
f 921 895 894
f 1479 1436 1478
f 926 667 601
f 1481 563 1480
f 269 84 1482
f 931 933 916
f 934 614 869
f 936 688 937
f 938 662 939
f 1484 122 123
f 941 835 834
f 320 509 510
f 1849 3505 1850
f 84 1484 83
f 1487 1488 539
f 1757 3502 3509
f 365 1491 364
f 461 80 511
f 117 362 1496
f 1494 541 1495
f 926 957 958
f 1477 1433 1476
f 1709 1585 1700
f 119 1496 345
f 271 504 156
f 511 189 186
f 345 1492 365
f 255 344 254
f 57 299 132
f 1501 268 1500
f 267 1499 145
f 974 976 977
f 1678 1693 1676
f 3846 1807 3840
f 557 663 558
f 983 984 985
f 1443 3849 3848
f 421 268 265
f 989 991 988
f 1490 418 1504
f 279 309 310
f 997 676 679
f 998 999 875
f 1504 38 1505
f 1506 1507 1486
f 360 1508 1506
f 1506 207 360
f 939 1006 938
f 270 1483 269
f 66 546 512
f 1010 793 935
f 367 437 1509
f 244 363 243
f 1670 3534 1669
f 209 1510 226
f 235 1512 1511
f 1511 234 235
f 388 426 425
f 427 250 237
f 161 521 231
f 100 45 44
f 1025 608 1027
f 1029 1031 1028
f 939 1033 1032
f 41 594 99
f 1036 783 1037
f 702 1038 1039
f 1040 1042 1043
f 362 369 1493
f 187 477 186
f 70 539 198
f 1511 1521 234
f 1049 603 1048
f 613 869 614
f 860 1051 857
f 1005 1053 1006
f 753 1056 1054
f 1057 1059 1055
f 293 1522 292
f 288 1521 1522
f 292 1523 329
f 331 1508 1524
f 306 453 305
f 100 41 99
f 462 78 79
f 330 1524 462
f 635 1068 636
f 1485 1526 1528
f 206 1528 1510
f 1070 1072 831
f 942 1073 1074
f 916 1075 917
f 440 1530 439
f 157 1514 285
f 1529 5 1530
f 371 546 63
f 790 663 791
f 1077 857 1078
f 1403 1435 1165
f 1080 1082 1079
f 531 1529 440
f 21 1084 1085
f 272 1531 561
f 137 396 397
f 690 802 691
f 335 3567 581
f 1090 1029 1091
f 1092 794 1042
f 1533 137 138
f 661 1095 1096
f 69 445 72
f 1099 1101 1098
f 38 1536 1505
f 1104 1106 1103
f 852 1108 853
f 1377 909 1386
f 291 411 294
f 316 516 33
f 539 1533 534
f 1505 316 313
f 1110 1112 1113
f 1539 460 264
f 522 1537 1539
f 834 1120 1119
f 1122 1124 1121
f 612 1041 901
f 935 615 614
f 276 130 131
f 1686 3522 1685
f 193 1541 273
f 231 1540 287
f 556 982 557
f 365 85 345
f 190 318 1541
f 1810 3574 3528
f 3924 3512 3791
f 1132 985 1131
f 208 102 132
f 1134 662 661
f 1491 80 77
f 429 1542 147
f 1137 915 918
f 172 428 174
f 1139 1141 1142
f 549 54 55
f 1517 1518 296
f 976 1146 938
f 834 984 941
f 1543 286 115
f 1544 239 513
f 133 1544 1542
f 506 257 258
f 420 328 401
f 1158 1160 1157
f 587 1103 588
f 1513 1514 151
f 607 1027 608
f 304 1545 303
f 364 77 506
f 69 198 139
f 1006 976 938
f 700 1112 701
f 3877 3525 3787
f 1166 657 656
f 1167 858 1077
f 1300 3524 1299
f 1172 1174 1175
f 218 200 217
f 1179 1181 1178
f 372 97 98
f 89 227 88
f 1186 1188 1189
f 172 1517 1549
f 1482 81 1498
f 1090 1193 1030
f 394 353 1551
f 526 1198 1197
f 811 858 812
f 1199 1026 1025
f 606 697 696
f 1204 1206 743
f 1207 523 526
f 1209 867 613
f 914 685 936
f 1478 1441 1477
f 1029 1161 1091
f 1211 1213 1214
f 3858 1451 3859
f 844 1216 845
f 423 273 274
f 1220 1222 1083
f 22 1224 23
f 882 897 881
f 1519 173 387
f 1189 1232 1178
f 349 550 416
f 1071 1236 1072
f 1237 1239 745
f 1221 1189 1240
f 1510 1512 333
f 939 1241 1005
f 1556 5 67
f 1553 394 1551
f 404 67 347
f 1247 1249 1246
f 142 238 92
f 1251 635 1250
f 850 1253 851
f 1254 1077 1255
f 57 133 429
f 443 552 551
f 1187 1175 1188
f 1256 831 833
f 432 382 383
f 741 747 746
f 434 351 415
f 349 383 348
f 251 1481 1480
f 395 352 353
f 1518 1550 1551
f 1558 378 340
f 109 314 315
f 285 1513 407
f 395 393 392
f 202 410 1558
f 417 405 432
f 1246 1258 1247
f 3 297 2
f 1259 1261 1262
f 403 347 284
f 955 953 952
f 462 51 330
f 1096 687 1263
f 429 60 57
f 896 1265 932
f 1267 1268 1266
f 423 327 420
f 37 180 40
f 20 1187 1186
f 1256 1071 1070
f 155 156 504
f 1188 1269 1232
f 1236 1271 1262
f 1272 535 621
f 565 463 464
f 1273 745 1239
f 876 1255 1274
f 316 164 315
f 437 503 1509
f 194 1495 197
f 1275 864 863
f 624 631 630
f 1277 1137 1278
f 569 567 566
f 1481 125 366
f 324 547 326
f 1279 1107 1280
f 1525 329 1523
f 1281 1137 918
f 171 1553 1552
f 1488 396 1533
f 1557 1562 1559
f 1282 1206 1205
f 1053 1278 1281
f 778 607 1283
f 713 3566 3569
f 251 144 124
f 4 348 383
f 709 707 706
f 728 45 246
f 261 1563 544
f 789 1287 790
f 74 263 282
f 403 385 434
f 1178 1240 1189
f 1223 1289 1224
f 158 150 151
f 1220 1186 1221
f 296 354 433
f 784 1538 1566
f 1181 1291 1222
f 1269 1257 1246
f 1566 438 399
f 136 1566 1564
f 1563 169 1565
f 107 109 108
f 1297 1298 1296
f 1464 1476 1461
f 1520 507 508
f 1301 1303 1304
f 1306 1308 1305
f 175 1532 272
f 1532 200 201
f 1311 1312 1313
f 872 1315 1316
f 1317 1318 1319
f 3836 878 3828
f 1305 864 1276
f 1040 863 1320
f 1564 399 169
f 592 1575 591
f 591 1088 689
f 1581 1583 1582
f 1196 1147 1176
f 710 583 713
f 285 408 386
f 953 961 963
f 1594 1589 1593
f 1585 1587 1586
f 1592 1590 1589
f 3885 944 3899
f 1600 1598 1597
f 1604 1602 1601
f 1399 979 980
f 1589 1596 1595
f 1610 1608 1607
f 298 361 360
f 551 276 277
f 1627 3814 3819
f 859 818 860
f 1078 1328 1329
f 1555 1530 1556
f 572 680 681
f 772 776 774
f 977 918 917
f 404 392 393
f 1054 750 753
f 1644 1643 1642
f 932 1082 933
f 1067 1334 1068
f 1540 264 114
f 597 643 1336
f 471 762 470
f 1642 3831 3842
f 1644 3842 3843
f 923 950 927
f 96 548 95
f 520 522 521
f 445 443 442
f 849 848 842
f 480 755 493
f 1646 481 1639
f 311 1567 170
f 464 3497 3495
f 3497 1361 3495
f 234 236 235
f 190 192 191
f 153 152 149
f 231 286 230
f 1552 1551 1550
f 760 1648 488
f 3832 1649 3830
f 828 826 825
f 52 166 165
f 1663 1661 1660
f 287 115 286
f 668 670 669
f 634 640 639
f 553 559 554
f 118 33 516
f 492 491 490
f 3552 1651 3553
f 582 584 583
f 384 392 415
f 1381 1383 1380
f 1562 435 436
f 952 951 947
f 3529 583 584
f 1660 1667 1666
f 1394 1396 1393
f 1660 1664 1663
f 1671 1669 1668
f 1624 1673 1672
f 1407 1409 1410
f 1677 1675 1674
f 1613 1677 1625
f 1679 1676 1677
f 1626 3811 3814
f 534 198 539
f 176 150 159
f 803 734 800
f 400 191 192
f 65 143 144
f 3526 1656 3540
f 402 157 283
f 629 627 626
f 461 49 50
f 758 495 756
f 796 786 785
f 406 1513 1560
f 342 166 167
f 1694 1658 1695
f 1692 1694 1696
f 3557 1652 3552
f 3921 1703 3923
f 326 302 90
f 3916 1702 1706
f 3919 1698 1701
f 1699 3927 3918
f 1557 1560 1561
f 1127 1117 1128
f 400 289 346
f 1706 1707 1708
f 1707 1599 1600
f 1709 1708 1588
f 1714 1711 1713
f 3919 1709 1700
f 1704 1577 1703
f 1716 1713 1715
f 1559 1549 297
f 1722 1720 1719
f 1335 596 1489
f 410 377 378
f 973 1163 972
f 168 399 398
f 1571 1089 1093
f 1572 682 1571
f 749 647 754
f 1730 1723 1729
f 1594 1729 1592
f 1729 1591 1592
f 1731 1730 1583
f 1384 1377 1379
f 1732 1712 1714
f 1724 1731 1732
f 1712 1731 1580
f 1722 1732 1733
f 1721 1733 1734
f 1734 1716 1717
f 1735 1736 1697
f 1733 1714 1716
f 1663 1741 1668
f 1742 1740 1743
f 1738 1737 1735
f 1665 1666 1740
f 1665 1744 1664
f 1725 1746 1745
f 1591 1745 1590
f 1590 1747 1596
f 1745 1748 1747
f 1659 3538 3542
f 3287 3545 3282
f 1185 1182 1190
f 1664 1749 1741
f 1741 1739 1738
f 1746 1743 1748
f 1726 1742 1746
f 1153 924 925
f 1115 1153 1154
f 1654 3575 1655
f 1896 3549 1686
f 1720 1744 1726
f 1721 1749 1720
f 1750 1701 1698
f 1697 1750 1696
f 1151 1063 1062
f 1751 1670 1671
f 1695 1752 1751
f 961 986 981
f 1770 1768 1767
f 1766 1593 1765
f 1731 1579 1580
f 1579 1774 1578
f 3928 1771 3929
f 1764 3928 3917
f 1777 1775 1774
f 3762 1699 1700
f 1004 1128 1003
f 1774 1771 1772
f 987 1399 980
f 1578 1772 1764
f 1783 1781 1778
f 1597 1770 1767
f 639 3895 3884
f 3928 1769 1770
f 1793 1789 1788
f 3929 1798 1769
f 3508 3773 1806
f 1802 3924 3922
f 1788 1794 1793
f 1793 1795 1776
f 3773 1675 1806
f 1584 1783 1789
f 1771 3920 3929
f 1801 1798 1800
f 1768 1798 1799
f 1775 1797 1771
f 508 515 1520
f 1796 1802 1797
f 1800 3920 3922
f 1794 1804 1795
f 3532 1752 3547
f 485 1807 775
f 3809 1640 768
f 3837 1810 1653
f 485 1640 1808
f 1690 3770 3772
f 487 1648 1811
f 3839 1816 3822
f 3838 1648 3830
f 3839 1811 3838
f 1812 487 1811
f 1641 767 768
f 465 755 776
f 767 3823 3808
f 3822 3826 3847
f 1809 1815 767
f 3837 1651 3840
f 675 3541 3496
f 1814 1822 1821
f 1821 3821 3820
f 1824 1649 1825
f 1827 1850 1805
f 1668 1662 1663
f 1779 1848 1828
f 1790 1805 1794
f 1833 1853 1852
f 3521 693 575
f 1614 1616 1617
f 1852 3498 3501
f 1620 1622 1623
f 1855 1574 1861
f 1847 3501 3513
f 1766 1855 1782
f 1629 1631 1628
f 1633 1634 1632
f 1635 1637 1638
f 1848 1852 1847
f 1855 1863 1862
f 1803 1867 1802
f 1862 1831 1832
f 1782 1862 1781
f 3922 1865 1800
f 1873 1870 1869
f 1874 799 804
f 2045 3897 2044
f 1219 1295 1225
f 1615 1396 1395
f 3884 1877 1876
f 645 3786 3559
f 1345 1035 1346
f 634 3884 3880
f 15 1327 14
f 3910 1878 1893
f 1894 605 1893
f 3506 627 693
f 3560 645 3559
f 340 454 1558
f 1897 195 1898
f 1889 1877 1890
f 1901 129 1900
f 196 754 232
f 1705 3921 3916
f 340 166 343
f 1570 563 561
f 1904 194 1897
f 1781 1832 1780
f 1905 55 1906
f 1000 995 996
f 986 920 987
f 1191 1190 1194
f 2094 2075 2093
f 1920 1919 1915
f 453 1912 1911
f 1915 1918 1916
f 3882 2106 3901
f 1655 3531 1868
f 1916 1926 1925
f 704 3561 703
f 278 1925 1900
f 3565 1818 1820
f 1097 1115 1114
f 1927 727 1923
f 3578 3654 3758
f 1920 307 1929
f 1929 48 728
f 503 1497 1509
f 1902 787 796
f 1816 3820 3826
f 1925 1923 1924
f 1535 1568 1534
f 254 258 255
f 1509 366 367
f 119 35 36
f 219 293 294
f 141 47 431
f 542 244 245
f 1940 430 431
f 1779 1827 1790
f 1701 3915 3919
f 1661 3515 1667
f 270 754 647
f 197 749 196
f 1727 1212 1211
f 53 232 754
f 1465 1479 1478
f 1284 3854 1293
f 1951 412 413
f 168 1554 1553
f 1486 206 207
f 506 78 361
f 994 1007 993
f 951 963 964
f 1013 3861 1351
f 3826 1820 1818
f 1498 1954 1482
f 299 543 132
f 1754 1756 1753
f 1681 1683 1682
f 1696 1695 1697
f 13 738 737
f 473 475 474
f 482 768 1640
f 204 30 205
f 1761 820 819
f 611 1125 612
f 1501 1908 1909
f 1074 711 699
f 1960 82 83
f 120 1960 123
f 35 87 34
f 1773 1025 1031
f 1965 1569 1535
f 494 471 479
f 1966 1969 1968
f 446 1971 1967
f 174 125 126
f 1580 1578 1577
f 1785 1787 1784
f 1972 304 305
f 1254 875 999
f 1973 342 514
f 321 1973 509
f 1910 275 1907
f 509 514 508
f 1486 1527 1485
f 1974 804 1975
f 1977 1974 1978
f 1980 1966 1981
f 379 2 295
f 1718 1710 1701
f 884 992 883
f 1680 1678 1679
f 902 525 524
f 344 256 299
f 135 137 136
f 236 228 333
f 448 1967 1966
f 589 604 584
f 910 908 907
f 1981 1968 1987
f 1982 1987 1979
f 1988 1987 1989
f 1990 1989 1991
f 1991 1993 1992
f 322 320 319
f 992 830 883
f 1144 1086 1143
f 1995 1978 1994
f 1133 1118 1126
f 1997 1994 1996
f 870 1335 1489
f 805 1982 1998
f 727 2000 1999
f 1996 1988 1990
f 1994 1979 1988
f 1829 792 1273
f 1830 941 983
f 798 800 799
f 729 731 730
f 2011 2023 2022
f 1834 846 1159
f 402 284 347
f 2022 2024 2025
f 1838 989 988
f 810 952 809
f 1823 1840 644
f 1430 1432 1431
f 1215 1841 1079
f 149 176 177
f 1316 873 872
f 2112 1384 2106
f 1842 1844 1845
f 1159 845 1160
f 837 1846 1120
f 1971 2030 2027
f 517 370 189
f 858 833 812
f 1471 2027 1888
f 3551 626 627
f 2174 770 490
f 935 1854 1010
f 1613 1611 1618
f 1231 1225 1295
f 1856 891 892
f 1300 748 741
f 1150 1858 1859
f 1643 696 1642
f 1215 1264 1216
f 1320 902 901
f 1956 1944 1960
f 2031 669 1474
f 2034 1310 1299
f 1879 1656 1657
f 40 242 39
f 1992 2039 1456
f 888 957 889
f 1882 1996 1990
f 1078 1255 1077
f 1871 1192 1090
f 294 218 219
f 1323 2026 1471
f 123 83 1484
f 1324 2041 1323
f 384 359 352
f 1324 2038 2036
f 1883 1885 1829
f 287 114 107
f 1096 1134 661
f 915 931 916
f 806 1981 1982
f 3533 584 604
f 1425 2042 1018
f 1018 1948 1017
f 3562 740 3519
f 1948 649 646
f 1881 1990 1991
f 1900 130 278
f 992 994 993
f 923 925 924
f 3878 2047 3876
f 1643 625 606
f 2050 2051 2049
f 2045 1404 2047
f 3876 945 3885
f 1139 1079 1841
f 1037 892 982
f 2055 2057 2056
f 1198 718 717
f 1619 1612 1611
f 2058 1606 2059
f 2059 1607 2058
f 2058 1624 1605
f 71 179 37
f 405 1557 382
f 976 1006 977
f 322 1972 1911
f 2061 2063 2062
f 2066 2067 1825
f 2052 2064 2051
f 1609 2066 1647
f 1515 152 1516
f 1009 993 1007
f 1644 3815 2118
f 279 1916 278
f 1285 3862 1284
f 1647 1825 1649
f 2056 2067 2065
f 319 1953 1952
f 667 1913 1914
f 2070 625 2048
f 2052 2055 2063
f 2038 1655 1458
f 1606 2073 2072
f 1235 1270 1236
f 2072 2075 2074
f 2059 2072 2062
f 2074 2077 2076
f 1601 2078 2073
f 2049 1643 1645
f 1000 1001 994
f 1089 684 689
f 1931 1306 1930
f 1462 1021 1022
f 1932 1934 1935
f 875 1846 998
f 1936 1937 1938
f 44 46 92
f 1534 1956 120
f 1541 317 391
f 2081 2084 2083
f 146 1959 300
f 1360 1942 1361
f 985 1032 1033
f 1995 1892 2043
f 2079 2082 2081
f 2095 2076 2077
f 2081 2078 2079
f 2055 2054 2053
f 501 2095 500
f 2097 2099 2098
f 2098 2094 2083
f 2140 3893 3866
f 2141 3894 3893
f 2051 2048 2049
f 592 2101 1576
f 2071 2076 2096
f 2102 2098 2101
f 593 2102 592
f 1019 746 747
f 1950 12 1327
f 725 2096 501
f 1385 2104 1379
f 1379 2106 1384
f 2107 2100 2097
f 3908 502 3896
f 3896 499 3901
f 940 2109 944
f 928 1170 973
f 3868 684 3899
f 1962 1964 1961
f 3878 573 3897
f 2039 1968 1969
f 1389 2110 2109
f 1398 2113 1397
f 3757 3753 3743
f 3911 2107 2103
f 949 924 1115
f 260 324 326
f 1390 2113 2110
f 2070 2064 2071
f 3867 2103 593
f 2105 1421 2114
f 2114 1423 2115
f 3892 2115 3903
f 3908 2114 3892
f 554 1902 553
f 972 967 966
f 1765 1573 1574
f 1984 1986 1983
f 2053 2069 2057
f 3573 724 714
f 1625 1674 1673
f 3881 2119 2122
f 3903 2123 3904
f 56 1906 55
f 626 3879 629
f 2001 2003 2004
f 3912 2127 3907
f 2006 2008 2009
f 2127 1412 2128
f 2014 2016 2017
f 2018 2020 2021
f 1495 1947 197
f 1379 1386 1385
f 3814 1680 1618
f 2029 1884 2028
f 3902 2120 3887
f 629 3914 3872
f 682 943 1089
f 724 2121 716
f 1757 3821 3845
f 765 3844 3809
f 3851 715 3852
f 706 3870 3872
f 981 987 980
f 1457 1656 1880
f 2017 2032 2033
f 1458 1868 1457
f 1776 1792 1793
f 1959 1946 1958
f 3663 3725 3661
f 3913 2122 3850
f 1093 689 1088
f 966 968 972
f 3852 3881 3913
f 2172 2170 2171
f 670 2137 669
f 3761 1903 233
f 1429 28 1449
f 964 978 971
f 3841 1413 2127
f 1473 669 2137
f 3834 1359 1358
f 2138 1870 2137
f 1872 2137 1870
f 715 3888 3881
f 1881 1992 1880
f 3843 739 740
f 1837 3513 3514
f 253 59 85
f 1808 3840 1807
f 1647 3818 1609
f 3865 671 668
f 2112 3883 2111
f 1405 2044 1438
f 3829 1364 1366
f 273 391 249
f 576 3520 3555
f 3875 668 2031
f 1430 2140 2139
f 2136 3860 28
f 1430 18 19
f 3893 570 695
f 1442 2046 2141
f 1431 2141 2140
f 3869 3850 2136
f 3808 1817 766
f 3866 695 671
f 2142 798 2138
f 571 2142 694
f 3819 1618 1611
f 2143 2025 2142
f 694 2138 670
f 681 2144 572
f 2144 2022 2143
f 328 457 290
f 1572 2011 2144
f 630 3903 624
f 2085 2087 2088
f 2090 2092 2089
f 572 2143 571
f 1875 2153 2149
f 1873 2149 2154
f 2103 2097 2102
f 2157 2155 2156
f 2128 1414 2120
f 3874 589 582
f 3872 628 629
f 2149 2158 2159
f 2159 3905 3890
f 698 3902 705
f 3823 3827 1817
f 2158 3874 3905
f 1438 2046 1439
f 2035 2160 2161
f 2161 3889 3886
f 3871 605 589
f 3873 18 3875
f 370 61 451
f 649 413 648
f 2153 2156 2158
f 1428 1449 1450
f 1490 73 1488
f 3890 710 633
f 2155 3891 3871
f 1456 1880 1992
f 2125 2087 2124
f 2160 3890 3889
f 300 505 323
f 1064 1046 1065
f 2043 1891 2155
f 2129 2004 2003
f 2131 2133 2134
f 3848 1450 1449
f 1998 804 805
f 3879 3864 3914
f 474 490 770
f 1164 1182 1177
f 707 3909 3870
f 708 2162 707
f 2162 3886 3909
f 548 1905 458
f 1145 1114 1171
f 705 1650 704
f 2043 1977 1995
f 737 554 559
f 1034 1191 1023
f 458 1907 275
f 195 232 233
f 2040 1969 1970
f 2145 2147 2148
f 2054 2049 1645
f 3832 1639 3818
f 9 11 10
f 252 506 258
f 472 479 471
f 1865 3791 3503
f 900 910 907
f 1941 2151 1942
f 1921 1927 1919
f 2163 1898 2116
f 271 153 178
f 1904 12 9
f 282 264 460
f 1872 2154 2035
f 1326 1897 2163
f 628 693 627
f 1724 1719 1723
f 1549 436 172
f 1582 1730 1729
f 1921 1929 1928
f 3563 10 11
f 2152 1950 1949
f 475 774 771
f 769 2171 473
f 2171 476 473
f 476 772 475
f 1791 464 1760
f 2166 2168 2169
f 595 372 98
f 483 1641 482
f 762 2173 470
f 771 484 492
f 486 1809 483
f 297 1517 296
f 763 2174 762
f 776 759 489
f 184 2176 2000
f 412 303 414
f 2005 185 224
f 3811 1682 3846
f 2164 756 764
f 1472 2161 2162
f 950 964 965
f 2177 2179 2180
f 227 1510 333
f 764 467 2164
f 2182 2184 2181
f 2186 2018 2185
f 1985 2181 1986
f 214 729 1531
f 1545 1546 1569
f 865 842 866
f 849 1357 1362
f 452 1558 454
f 559 3188 737
f 16 737 3188
f 560 498 374
f 3193 3195 3194
f 3200 3198 3199
f 3211 3213 3212
f 3215 3217 3216
f 2187 2002 2001
f 2169 2189 2190
f 2192 2085 2191
f 2193 2195 2196
f 2198 2200 2197
f 1998 1979 1975
f 3664 3668 3671
f 2116 1903 1902
f 1859 2009 1150
f 3904 2126 3906
f 1135 1087 1130
f 2201 2015 2014
f 1149 110 1858
f 3221 3218 3215
f 2203 2205 2206
f 579 1895 1019
f 1755 2208 1756
f 3891 1893 605
f 1211 2150 1727
f 868 2210 2209
f 944 930 940
f 2130 2202 2201
f 233 1898 195
f 665 750 666
f 1167 999 618
f 2211 2213 2214
f 2215 2217 2218
f 3867 590 3868
f 2220 220 2219
f 823 948 1094
f 3225 3227 3226
f 266 455 265
f 3882 2107 3883
f 2221 3519 3517
f 2223 2225 2226
f 2207 2124 2208
f 673 3869 3864
f 817 996 815
f 2227 2146 2145
f 1947 646 749
f 3900 17 3873
f 2229 1638 1381
f 1679 1618 1680
f 1637 2232 2230
f 2233 1617 1616
f 2231 2236 2237
f 1381 2238 1382
f 3586 2242 3587
f 1630 2233 1631
f 1681 472 469
f 1408 2243 2244
f 3236 3238 3237
f 3232 3240 3235
f 1637 2238 1638
f 3237 3233 3234
f 1409 1634 2245
f 1380 2247 2246
f 1628 2245 1621
f 2249 1622 1633
f 1632 1408 2244
f 2248 1631 2250
f 2235 1637 1636
f 3245 3199 3198
f 631 2071 725
f 515 52 49
f 782 2251 1251
f 2253 2255 2252
f 397 459 784
f 1456 2040 1455
f 2040 2036 1455
f 1401 2111 1398
f 2041 1970 2026
f 1535 414 1965
f 1586 2080 2079
f 2256 1132 1886
f 1700 3918 3919
f 3815 1686 3817
f 1263 1886 1096
f 598 844 599
f 2257 2259 2260
f 2258 2262 2259
f 2259 2263 2216
f 2260 2216 2215
f 1967 1970 1969
f 2212 1963 2213
f 922 2218 2217
f 1312 1101 2264
f 1307 1286 789
f 1548 1546 1972
f 2266 2268 2265
f 2265 2270 2269
f 2272 2269 2271
f 2273 2265 2272
f 2275 2277 2274
f 2278 2277 2279
f 2284 3617 3639
f 2287 2286 2281
f 2288 2283 2287
f 2290 3639 3620
f 2291 2293 2294
f 2295 2294 2279
f 2296 2291 2295
f 2297 2292 2291
f 2294 2299 2300
f 2279 2300 2278
f 2298 2302 2292
f 2292 2303 2293
f 2293 2304 2299
f 2304 2306 2299
f 2306 2300 2299
f 2308 2310 2307
f 2302 2310 2303
f 2301 2307 2302
f 2312 2307 2311
f 2313 2315 2316
f 2318 2320 2317
f 3748 2322 2323
f 2324 2273 2326
f 2313 2326 2327
f 2328 2313 2316
f 2329 2324 2328
f 2331 2333 2330
f 2330 2267 2266
f 2325 2266 2273
f 2329 2330 2325
f 2333 2335 2267
f 2336 2333 2332
f 2338 2332 2337
f 2331 2337 2332
f 2329 2339 2331
f 2328 2340 2329
f 2316 2341 2328
f 2342 2315 2343
f 2344 2346 2347
f 2341 2347 2340
f 2342 2344 2341
f 2348 2345 2344
f 2350 2352 2353
f 2339 2353 2337
f 2340 2350 2339
f 2347 2351 2350
f 2337 2354 2338
f 2353 2355 2354
f 2356 2276 2357
f 2356 2358 2359
f 2356 2296 2295
f 2279 2356 2295
f 2360 2270 2268
f 2267 2360 2268
f 2362 2364 2365
f 2362 2361 2358
f 2366 2358 2357
f 2366 2363 2362
f 2357 2368 2366
f 2366 2369 2367
f 2276 2370 2368
f 2368 2282 2369
f 2372 2374 2371
f 2375 2377 2007
f 2378 2380 2381
f 2382 2381 2383
f 2384 2378 2382
f 2385 2379 2378
f 2388 2390 2387
f 2387 2392 2391
f 2393 2387 2391
f 2394 2388 2387
f 2186 2402 2400
f 2403 2327 2326
f 2272 2326 2273
f 2271 2403 2272
f 2405 2404 2403
f 2404 2408 2327
f 2409 2411 2412
f 2409 2271 2269
f 2413 2269 2270
f 2413 2410 2409
f 2417 2416 2418
f 2417 2406 2405
f 2412 2405 2271
f 2411 2417 2412
f 2406 2407 2404
f 3569 632 713
f 2420 2397 2421
f 2420 2423 2422
f 2424 2422 2419
f 2424 2398 2420
f 2425 2392 2426
f 2421 2426 2423
f 2397 2425 2421
f 2396 2391 2425
f 2427 2315 2314
f 2427 2408 2428
f 2430 2428 2429
f 2343 2427 2430
f 2432 2430 2431
f 2431 2429 2433
f 2435 2433 2434
f 2436 2431 2435
f 2428 2407 2437
f 2422 2407 2419
f 2438 2422 2423
f 2429 2437 2438
f 2440 2433 2439
f 2441 2433 2429
f 2442 2439 2441
f 2443 2440 2439
f 2445 2444 2443
f 2447 2443 2442
f 2383 2445 2447
f 2381 2446 2445
f 2448 2423 2426
f 2449 2426 2392
f 2441 2449 2442
f 2441 2438 2448
f 2449 2390 2450
f 2450 2389 2451
f 2447 2451 2383
f 2442 2450 2447
f 2451 2453 2452
f 2452 2455 2454
f 2382 2454 2384
f 2383 2452 2382
f 2456 2373 2372
f 2459 2461 2458
f 2463 2465 2462
f 2462 2285 2284
f 2466 2284 2290
f 2467 2462 2466
f 2461 3703 3701
f 2468 2470 2471
f 2472 2471 2473
f 2474 3701 3688
f 2475 2477 2478
f 2458 2453 2479
f 2479 2389 2388
f 2395 2479 2388
f 2480 2458 2479
f 2481 2483 2478
f 2484 2485 221
f 2471 2464 2463
f 2473 2463 2467
f 2487 2466 2486
f 2486 2290 2488
f 2490 2488 2489
f 2491 2486 2490
f 2492 2467 2487
f 2493 2487 2491
f 2494 2492 2493
f 2495 2473 2492
f 3690 2474 3688
f 3691 2496 3690
f 2498 2493 2499
f 2500 2499 2501
f 3700 2498 2500
f 3687 2494 2498
f 2306 2278 2300
f 2305 2504 2306
f 2504 2507 2506
f 2506 2288 2508
f 2274 2508 2275
f 2278 2506 2274
f 3633 2489 2488
f 3620 2488 2290
f 2507 2289 2288
f 2505 2509 2507
f 2508 2287 2511
f 2511 2281 2280
f 2370 2280 2282
f 2275 2511 2370
f 2512 2489 2513
f 2514 2513 2515
f 2517 2514 2516
f 2517 2490 2512
f 2499 2491 2517
f 2499 2516 2501
f 2510 2519 2518
f 2518 2521 2520
f 3616 2520 3621
f 3632 2518 3616
f 2522 2303 2310
f 2523 2310 2309
f 2305 2522 2524
f 2524 2523 2525
f 2519 2525 2521
f 2505 2524 2519
f 2308 2527 2526
f 2526 2529 2528
f 2531 2528 2530
f 2309 2526 2531
f 1214 2151 1211
f 2419 2418 2424
f 2533 2349 2317
f 2534 2317 2320
f 2535 2533 2534
f 2536 2345 2533
f 2537 2346 2536
f 2538 2536 2535
f 2539 2537 2538
f 2540 2351 2537
f 2312 2541 2527
f 2527 2542 2529
f 2543 2434 2544
f 2545 2544 2546
f 2319 2543 2545
f 2318 2435 2543
f 2514 2548 2547
f 2547 2550 2549
f 2552 2549 2551
f 2552 2514 2547
f 2520 2554 2553
f 2553 2556 2555
f 3590 2555 3593
f 3621 2553 3590
f 2523 2531 2557
f 2557 2530 2558
f 2525 2557 2559
f 2559 2558 2560
f 2554 2560 2556
f 2521 2559 2554
f 2561 2007 2006
f 2376 2225 2377
f 2564 2566 2563
f 2563 338 2567
f 2569 2567 2568
f 2570 2563 2569
f 2572 2574 2571
f 2571 2576 2575
f 2544 2575 2546
f 2544 2572 2571
f 2578 2569 2577
f 2579 2569 2568
f 2574 2579 2576
f 2573 2577 2574
f 2581 2583 2580
f 2584 2583 2585
f 3697 2580 2584
f 3676 2580 3675
f 2582 2552 2583
f 2583 2551 2585
f 2500 2589 2588
f 2590 2589 2591
f 3693 2588 2590
f 3695 2500 2588
f 2501 2591 2589
f 2592 2594 2595
f 2386 2503 2502
f 2596 2386 2374
f 2596 2373 2597
f 2599 2597 2598
f 2599 2379 2596
f 2600 2380 2599
f 2600 2598 2601
f 2603 2601 2602
f 2603 2446 2600
f 2604 2602 2605
f 2440 2605 2434
f 2444 2604 2440
f 2606 2581 2607
f 2606 2590 2591
f 2591 2582 2606
f 3676 2456 3689
f 3689 2372 3693
f 2478 2608 2481
f 2609 2611 2199
f 2564 2613 2612
f 2612 2598 2597
f 2457 2597 2373
f 2565 2612 2457
f 2614 2570 2578
f 2615 2578 2573
f 2602 2614 2615
f 2601 2613 2614
f 2572 2605 2616
f 2616 2602 2615
f 2573 2616 2615
f 1459 1045 1021
f 1265 1079 1082
f 1612 1609 1611
f 2067 2069 2068
f 1135 1136 1148
f 1938 2618 2617
f 95 458 128
f 2058 1608 1612
f 1454 1445 1367
f 655 1048 2619
f 722 2621 723
f 1131 1033 1134
f 562 366 1497
f 1723 1725 1591
f 1786 1122 1787
f 267 323 266
f 1325 1654 2038
f 1468 1435 1479
f 658 529 528
f 8 247 7
f 382 1559 3
f 788 1307 789
f 940 929 928
f 911 2623 912
f 2621 655 654
f 2624 2625 2626
f 998 27 26
f 635 2626 2625
f 2627 644 1840
f 2628 1840 2629
f 1200 2627 2628
f 1199 641 2627
f 1520 49 477
f 1452 1349 1451
f 2630 1859 1858
f 644 1335 1823
f 1197 717 2632
f 2632 719 1166
f 2628 1166 1200
f 2629 2632 2628
f 1762 1050 821
f 1823 873 1839
f 2634 794 652
f 1028 1027 1161
f 1042 2635 1043
f 93 1901 1924
f 2036 1458 1455
f 1527 1525 1526
f 877 1274 1277
f 134 797 1544
f 1328 931 1329
f 607 1091 1161
f 1043 2637 2636
f 2636 2639 2638
f 1275 2638 1276
f 1275 1043 2636
f 1272 2626 2640
f 2640 638 637
f 1110 2640 637
f 536 2640 2641
f 1472 1474 1473
f 2042 1951 649
f 1058 1105 1059
f 2642 2643 2644
f 1192 2644 1193
f 912 2642 1192
f 3898 3526 3786
f 1049 2620 2621
f 616 1885 613
f 1331 666 750
f 990 1198 525
f 1911 321 322
f 1298 1205 2645
f 76 1504 75
f 1502 421 422
f 610 658 691
f 1146 659 938
f 2646 914 936
f 1280 1238 1279
f 975 2647 2648
f 2647 975 974
f 1453 1452 1451
f 1514 158 151
f 835 1843 1842
f 1271 1173 1289
f 2649 813 2650
f 1893 1826 1894
f 1050 1937 1051
f 2651 814 813
f 1006 1281 977
f 2653 2654 2655
f 1001 1003 1002
f 585 679 558
f 2624 621 620
f 555 2028 556
f 1207 1197 2629
f 1626 478 472
f 426 419 1567
f 1030 1773 1031
f 3898 634 3880
f 534 138 262
f 1125 1042 1041
f 333 88 227
f 569 561 730
f 1489 871 870
f 1857 620 891
f 1673 3770 3763
f 622 864 1308
f 2647 974 2657
f 619 891 620
f 261 545 262
f 393 1556 404
f 2658 2647 2657
f 1075 2657 917
f 1081 2658 1075
f 1080 2659 2658
f 2644 1141 2660
f 2660 1140 1336
f 642 1336 643
f 1193 2660 642
f 679 555 558
f 1503 1500 1502
f 1318 1101 1100
f 2661 1139 1142
f 2661 2663 2662
f 2662 2659 2661
f 2662 2622 2664
f 2664 911 2646
f 2648 2646 1146
f 2648 2662 2664
f 2083 2093 2081
f 1442 1437 1439
f 519 330 51
f 1885 1209 613
f 799 805 804
f 1946 1952 1953
f 1302 1253 1252
f 566 224 533
f 1389 928 1388
f 683 681 680
f 836 1842 2665
f 2665 1845 1303
f 2666 1303 1302
f 24 2665 2666
f 831 2650 832
f 1845 1304 1303
f 2010 2012 2011
f 1051 2667 2668
f 1522 1511 1523
f 531 441 522
f 782 1251 1250
f 1250 2625 2669
f 2669 1857 1856
f 783 1856 1037
f 782 2669 783
f 720 2671 721
f 1055 1930 1056
f 1333 1251 2251
f 619 1308 1307
f 652 2619 2634
f 521 1539 1540
f 1838 537 2672
f 2672 536 2641
f 1113 2641 1110
f 1113 1838 2672
f 1016 1351 1045
f 3897 570 3894
f 226 104 101
f 3564 3827 1818
f 1036 1884 1883
f 2674 1304 2673
f 2673 1844 2675
f 1334 2675 1039
f 1333 2673 1334
f 2676 1039 2675
f 1843 2675 1844
f 942 2676 1843
f 1074 702 2676
f 811 859 858
f 752 1055 753
f 1200 656 1026
f 1120 874 2677
f 2677 877 1052
f 1241 1052 1005
f 1119 2677 1241
f 1560 151 1515
f 1208 611 523
f 215 736 214
f 1460 1462 1461
f 1208 1839 873
f 854 1282 1297
f 72 182 179
f 544 1565 512
f 217 456 457
f 2047 930 945
f 1204 1937 2633
f 913 686 685
f 840 1113 1112
f 1531 730 561
f 2678 1283 801
f 601 1914 602
f 1537 459 460
f 1819 3509 3527
f 991 862 538
f 2679 1073 1830
f 2680 983 2256
f 779 2256 1263
f 778 2680 779
f 2678 1830 2680
f 180 245 40
f 1886 1131 1134
f 1138 1274 1255
f 1841 1140 1139
f 75 314 74
f 193 420 192
f 2681 1099 1098
f 170 1565 169
f 349 417 432
f 1121 2684 2683
f 547 409 302
f 123 121 120
f 2643 1142 1141
f 1542 513 1543
f 899 907 919
f 1210 676 867
f 791 982 892
f 24 837 836
f 893 932 931
f 1860 863 862
f 535 862 861
f 832 813 812
f 2650 813 832
f 1569 1547 1568
f 181 542 180
f 660 937 688
f 2013 568 2012
f 887 2631 2630
f 1524 361 78
f 520 162 1529
f 2653 854 2685
f 1238 2655 2686
f 718 527 530
f 1492 518 1491
f 792 615 793
f 599 1835 596
f 290 456 175
f 312 1552 425
f 1248 1179 1249
f 153 177 178
f 1240 1222 1221
f 1257 1235 1071
f 1291 1083 1222
f 1052 1277 1053
f 743 2618 1204
f 444 430 443
f 23 1172 1187
f 2687 1180 1179
f 102 409 134
f 1283 610 801
f 373 650 651
f 1180 1084 1291
f 855 2655 1237
f 1173 1917 1174
f 2689 853 2688
f 2688 1108 1279
f 2686 1279 1238
f 2687 2688 2686
f 2691 1252 2690
f 2690 850 2689
f 1248 2689 2687
f 1248 2691 2690
f 2692 24 2666
f 2691 2666 1302
f 1247 2692 2691
f 1258 617 2692
f 394 1555 393
f 2693 1259 1223
f 1072 1262 1261
f 1257 1168 1258
f 398 1555 1554
f 871 1314 872
f 1178 1249 1179
f 1224 1173 1172
f 1010 2618 742
f 1175 1292 1269
f 2654 2686 2655
f 2694 1216 1264
f 71 1487 70
f 701 1111 1038
f 1072 2649 2650
f 1085 22 21
f 895 1264 896
f 1601 1605 1604
f 1259 1271 1289
f 21 1220 1083
f 988 538 537
f 598 1336 1140
f 820 1762 821
f 1050 818 821
f 1298 1761 2652
f 1168 618 617
f 858 1256 833
f 39 516 1536
f 2652 819 814
f 313 315 314
f 2026 1971 2027
f 2656 596 1835
f 814 818 811
f 2696 813 2649
f 1260 2649 1261
f 2693 2696 1260
f 2697 2651 2696
f 381 390 380
f 3818 1611 1609
f 1475 1428 1227
f 1292 1917 1235
f 1551 354 1518
f 1526 1523 1511
f 1593 1595 1573
f 1232 1246 1249
f 2695 1223 22
f 2698 1296 2697
f 2698 2693 2695
f 2685 2695 1085
f 2685 1297 2698
f 562 271 272
f 2652 1296 1298
f 1365 1364 1363
f 1958 1953 1957
f 585 2210 997
f 1561 1515 435
f 975 1146 976
f 347 68 346
f 1038 636 1068
f 2700 780 2699
f 2699 1036 1883
f 2701 1883 1829
f 851 2699 2701
f 2674 2251 2702
f 2702 781 2700
f 1253 2700 851
f 1301 2702 1253
f 1519 388 1550
f 1273 1280 2703
f 2703 1107 852
f 2701 852 851
f 1829 2703 2701
f 91 326 90
f 1784 2656 1785
f 2683 2705 2704
f 604 3499 3533
f 1669 3548 1662
f 2062 2060 2059
f 621 861 622
f 2023 732 2024
f 686 1263 687
f 857 2668 1328
f 883 882 879
f 637 1111 1110
f 2668 893 1328
f 2667 894 2668
f 1039 1068 1334
f 313 1504 1505
f 1911 305 453
f 1936 1964 2212
f 2707 2401 2183
f 2708 2183 2182
f 738 2116 554
f 2349 2432 2436
f 2711 2020 2019
f 2400 2019 2186
f 2714 2716 2713
f 2717 2719 2720
f 2721 2723 2724
f 2726 2728 2725
f 2725 2730 2729
f 2731 2729 2709
f 2732 2725 2731
f 2734 2736 2733
f 2738 2740 2737
f 2737 2741 2742
f 2744 2746 2743
f 2745 2748 2747
f 2749 2747 2751
f 2753 2751 2752
f 2250 2246 2248
f 2754 1614 2755
f 3598 2755 3609
f 3608 2747 3609
f 1617 2755 1614
f 2242 1620 2757
f 2191 2760 2759
f 2761 2760 2762
f 3648 2761 3649
f 3623 2759 3648
f 3209 3223 3224
f 1395 2236 2235
f 1395 1636 1615
f 1616 2229 2233
f 1617 2763 2756
f 2756 3628 3608
f 2765 2234 1630
f 2766 3628 3622
f 3202 3246 3247
f 1516 435 1515
f 2768 3552 3553
f 1495 578 1424
f 2135 28 17
f 3526 2773 2774
f 1690 3926 3925
f 2778 2780 2777
f 2777 2781 2782
f 2784 2777 2783
f 3555 575 576
f 1494 9 540
f 3529 2015 3566
f 451 505 450
f 2786 2788 2785
f 2779 2785 2780
f 2789 2741 2740
f 2790 2752 2789
f 2792 2794 2791
f 2793 2796 2794
f 2796 2750 2749
f 2794 2749 2753
f 2798 1396 2754
f 3591 2754 3598
f 2798 2800 1393
f 3591 2799 2798
f 2797 2795 2801
f 2791 2753 2790
f 216 232 54
f 3804 2807 3803
f 3805 2804 3803
f 2769 3557 3552
f 183 184 97
f 2811 2775 2776
f 2804 2776 2805
f 2809 2811 2804
f 2812 2813 2814
f 3805 2816 3795
f 3796 2815 3795
f 3798 2820 2821
f 3793 2819 3798
f 2824 2735 2819
f 2823 2824 2819
f 2825 2826 2724
f 3793 2827 3792
f 3796 2826 3792
f 2713 2829 2828
f 2828 2831 2830
f 2822 2828 2830
f 2821 2713 2828
f 2832 2822 2830
f 2833 2830 2831
f 2834 2832 2833
f 2835 2827 2832
f 2837 2839 2836
f 2836 2841 2840
f 2842 2840 2727
f 2843 2836 2842
f 2840 2845 2844
f 2718 2845 2719
f 2730 2844 2718
f 2727 2844 2728
f 2846 2719 2845
f 2846 2841 2847
f 2829 2847 2831
f 2829 2716 2846
f 2847 2839 2848
f 2848 2838 2849
f 2833 2849 2834
f 2831 2848 2833
f 2850 2851 2852
f 2853 2852 2854
f 2783 2782 2855
f 2785 2853 2856
f 2780 2856 2781
f 2857 2855 2782
f 2859 2782 2781
f 2861 2842 2860
f 2860 2727 2726
f 2862 2726 2732
f 2863 2860 2862
f 2861 2858 2857
f 2843 2857 2859
f 2856 2854 2864
f 2781 2864 2859
f 2837 2859 2864
f 2838 2864 2854
f 2852 2834 2849
f 2854 2849 2838
f 2865 2818 2835
f 2851 2835 2834
f 2813 2815 2865
f 2814 2865 2851
f 2866 2814 2850
f 2788 2850 2853
f 2866 2787 2867
f 2812 2867 2775
f 1892 1890 1891
f 2720 2846 2870
f 298 256 257
f 2872 2713 2820
f 3794 2735 2734
f 2729 2874 2873
f 2846 2715 2870
f 2876 2878 2875
f 2733 2878 2734
f 3806 2879 2880
f 3806 2872 3794
f 2882 2884 2881
f 2881 2715 2714
f 2880 2714 2872
f 2879 2881 2880
f 2885 2887 2888
f 2888 2890 2885
f 2885 2892 2891
f 2893 2885 2891
f 1942 2532 2894
f 2895 2720 2870
f 2884 2870 2715
f 2883 2895 2884
f 2896 2892 2895
f 2889 2717 2890
f 2890 2720 2892
f 2897 2891 2896
f 2898 2896 2883
f 2899 2883 2882
f 2900 2882 2879
f 3797 2879 3807
f 2876 2901 2877
f 2901 2904 2903
f 1785 1835 1834
f 2905 2899 2900
f 2907 2897 2898
f 3797 2903 3799
f 632 577 633
f 3532 2867 2787
f 434 550 350
f 2768 3640 3643
f 2910 1623 2249
f 2241 2758 2242
f 3640 2913 3652
f 1623 2757 1620
f 3587 2757 3652
f 2229 1380 2250
f 2765 1629 2914
f 2915 1629 2912
f 3642 2914 2915
f 3641 2765 2914
f 2919 3642 3613
f 2918 2912 2241
f 3614 2241 3586
f 3618 3613 3670
f 3541 2180 3496
f 3521 2188 3506
f 3705 714 3851
f 2925 2917 2924
f 2924 2916 2919
f 3610 2919 3618
f 3611 2924 3610
f 2926 2766 2925
f 3658 2925 3611
f 1715 1705 1710
f 785 498 796
f 1387 565 1791
f 374 1899 560
f 3573 2206 3556
f 2929 2886 2893
f 2932 2934 2931
f 1905 1908 1907
f 2930 2936 2937
f 2938 2930 2929
f 1493 517 518
f 1603 1586 1602
f 2939 2929 2908
f 2940 2908 2907
f 3665 1600 3661
f 2886 2937 2887
f 2906 2898 2899
f 2908 2893 2897
f 2942 2933 2941
f 2941 2937 2936
f 3501 2936 3513
f 3498 2941 3501
f 2943 2710 2873
f 2943 2874 2889
f 2945 2889 2888
f 2946 2943 2945
f 2932 2888 2887
f 2931 2945 2932
f 727 1929 728
f 2903 2947 2948
f 545 42 262
f 1480 533 251
f 2907 2949 2940
f 2906 2950 2949
f 1558 215 202
f 3799 2948 3801
f 2054 1644 2118
f 3705 2203 3573
f 1828 1849 1827
f 2953 2955 2952
f 2952 2957 2956
f 2956 2258 2952
f 2953 2258 2257
f 2454 2474 2496
f 3747 2959 3766
f 3747 2131 3737
f 2961 2963 2958
f 2958 2964 2959
f 222 2485 2965
f 2477 2966 2608
f 2631 2006 1859
f 2384 2496 2497
f 2967 2959 2964
f 2968 2970 2969
f 3759 2971 3784
f 3784 2960 3766
f 2972 2033 2032
f 2007 2973 2008
f 3560 2134 2133
f 1836 1832 1831
f 3506 2090 3551
f 955 959 956
f 672 674 673
f 633 713 632
f 2024 733 803
f 2025 803 798
f 425 1550 388
f 2975 888 887
f 1319 1157 2694
f 1212 2977 1213
f 889 2228 2227
f 1978 1975 1979
f 1138 1329 915
f 751 2979 2978
f 1619 1625 1624
f 2252 1728 1727
f 1157 845 1216
f 2706 1938 2617
f 2980 2254 2981
f 2982 887 2630
f 802 711 2679
f 678 2029 2028
f 527 690 528
f 1839 2629 1840
f 2983 602 1914
f 2983 1913 1331
f 2985 1331 1054
f 2986 2983 2985
f 2987 2635 2634
f 2985 2639 2986
f 2990 1318 2989
f 2991 2993 2994
f 2995 2994 2996
f 1106 2991 2995
f 1058 2992 2991
f 1415 1365 1367
f 1317 2217 2997
f 1932 2255 2980
f 926 2999 664
f 3001 2992 3000
f 3000 1057 2978
f 2999 2978 2979
f 2998 3000 2999
f 3002 2209 3003
f 3002 2996 2994
f 2993 3002 2994
f 3001 2998 3002
f 1103 2995 3004
f 3004 2996 3003
f 2209 3004 3003
f 588 3004 2210
f 295 433 381
f 2638 2988 3005
f 3005 1056 1930
f 1305 1930 1306
f 1276 3005 1305
f 1987 1993 1989
f 2633 1761 2645
f 1423 1417 1419
f 3561 739 703
f 2671 2704 2705
f 1473 2035 1472
f 922 2694 895
f 1401 1378 1384
f 556 1884 1037
f 842 3825 3836
f 1854 2617 1010
f 933 1081 1075
f 1440 1436 1437
f 529 719 530
f 1031 1027 1028
f 777 912 1871
f 2645 1204 2633
f 441 1538 1537
f 790 587 586
f 2065 1610 1607
f 1860 990 902
f 60 87 59
f 1424 1948 1947
f 332 1507 331
f 261 138 135
f 187 449 507
f 1719 1726 1725
f 1931 1059 3006
f 3006 1105 1104
f 1287 1104 587
f 1286 3006 1287
f 3007 3009 3010
f 3009 653 795
f 618 26 25
f 2029 1210 1209
f 957 600 2228
f 1049 2228 600
f 2631 3011 2561
f 890 2227 3011
f 3011 2145 3012
f 2561 3012 2375
f 1026 609 608
f 2706 1961 1964
f 3013 2485 3014
f 2148 1267 3015
f 3015 1266 1311
f 2997 1101 1317
f 642 1773 1193
f 186 461 511
f 1041 1320 901
f 1121 3017 1122
f 2984 2987 3018
f 3018 2634 2619
f 1048 3018 2619
f 603 2984 3018
f 2679 801 802
f 2062 2074 2061
f 2061 2076 2064
f 414 1545 1965
f 3016 2683 3019
f 3019 2704 2670
f 3020 2670 720
f 3007 3019 3020
f 1871 1091 777
f 3021 1122 3017
f 3022 3017 3010
f 1314 3022 1315
f 1784 3021 1314
f 1316 1763 611
f 3023 3010 3009
f 3023 795 1092
f 1763 1092 1125
f 1315 3023 1763
f 3016 3010 3017
f 752 2978 1057
f 2986 2637 2987
f 3024 653 3008
f 3020 3008 3007
f 720 3024 3020
f 723 654 3024
f 2681 1268 3025
f 2671 1268 721
f 2705 3025 2671
f 1313 3027 1311
f 3026 3029 3027
f 3027 3030 3031
f 1311 3031 3015
f 2012 731 2023
f 917 974 977
f 743 856 744
f 1888 2030 1425
f 2682 2684 3032
f 3032 1124 2989
f 1100 2989 1318
f 1099 3032 1100
f 1123 2989 1124
f 3033 1159 1158
f 2990 1158 1319
f 1123 3033 2990
f 1786 1834 3033
f 1054 2988 2985
f 2979 664 2999
f 2623 2663 2643
f 1095 688 687
f 3034 2261 2956
f 3036 2956 2957
f 3037 3034 3036
f 3038 3035 3034
f 3040 3026 1313
f 2263 3041 3040
f 3042 3043 3041
f 3041 3028 3026
f 3044 3043 3039
f 3046 3045 3044
f 3047 3049 3045
f 3043 3049 3028
f 3038 3051 3050
f 3050 3053 3052
f 3052 3044 3050
f 3039 3050 3044
f 3054 3039 3042
f 3042 2262 3054
f 2261 3054 2262
f 2216 2997 2217
f 2212 2667 1936
f 3056 2209 3055
f 934 1961 1854
f 2013 3757 567
f 3058 3060 3061
f 3059 3063 3060
f 3060 2213 1963
f 3061 1963 1962
f 3063 2214 2213
f 3062 3064 3063
f 3065 2260 3064
f 3064 2215 2214
f 3066 3031 3030
f 2608 3067 3066
f 2966 3068 3067
f 3031 3068 3015
f 2455 2461 2474
f 2476 2226 2477
f 3551 2089 3525
f 3526 3769 3786
f 433 355 381
f 2115 1419 2123
f 3509 2922 3527
f 3769 2131 2134
f 3069 2167 2166
f 2971 2928 2960
f 2961 2773 2962
f 3070 2478 2483
f 2610 3071 2954
f 2502 2374 2386
f 3072 2595 3073
f 2964 3052 2967
f 3048 3074 3049
f 2593 3075 3074
f 3075 3029 3074
f 3074 3028 3049
f 3072 3075 2592
f 3076 2482 2481
f 2481 3066 3076
f 3076 3030 3075
f 2967 3053 2970
f 2482 3073 2483
f 479 493 494
f 706 3873 709
f 3561 2221 3517
f 2013 3754 3755
f 3533 2016 3529
f 3562 2222 2974
f 1171 1155 1176
f 2586 2565 2587
f 2982 113 2484
f 2562 3077 3068
f 2376 3012 3077
f 3012 2148 3077
f 3077 3015 3068
f 2963 3046 2964
f 3051 2970 3053
f 1683 491 775
f 3850 1447 3860
f 1986 3734 3768
f 3079 2546 2575
f 3081 2575 2576
f 1983 3768 3765
f 3082 2319 2545
f 3080 2545 2546
f 3734 3082 3080
f 3732 2323 3082
f 1309 1888 748
f 3073 2772 2771
f 2760 3084 2762
f 2760 2088 3083
f 3085 3086 3087
f 3089 3090 3088
f 3089 3084 3085
f 3092 3090 3091
f 3093 2744 2743
f 2751 2748 3093
f 3093 2752 2751
f 2742 3093 3094
f 3094 2743 3095
f 3096 3098 3087
f 3099 3087 3086
f 3097 3095 3098
f 3100 2746 3101
f 3101 3102 3100
f 2764 2927 3101
f 2745 3101 2746
f 3102 3091 3100
f 3100 3095 2743
f 2869 3592 3634
f 3102 3104 3092
f 3658 2869 3634
f 2927 3103 3102
f 3098 3091 3090
f 3087 3090 3085
f 2088 3105 3083
f 3083 3086 3084
f 2483 2771 3070
f 2401 2185 2321
f 3099 3105 3106
f 2125 3106 3105
f 3108 2742 3107
f 3107 3094 3097
f 3110 3107 3109
f 3109 3097 3096
f 3111 3096 3099
f 3112 3109 3111
f 3113 2737 3108
f 3115 2722 3114
f 3117 3114 3116
f 3119 3116 3118
f 3118 3120 3121
f 3116 3113 3120
f 3122 3111 3123
f 3122 1755 1754
f 3124 3126 3127
f 3125 3121 3126
f 3128 3118 3125
f 3129 3125 3124
f 2020 3128 3129
f 3853 1346 1352
f 1065 1047 1066
f 1814 3830 1649
f 2021 3129 3130
f 3111 3106 3123
f 3123 2207 1755
f 2377 2224 2973
f 3014 113 112
f 1756 3782 3767
f 3131 2530 2528
f 3133 2528 2529
f 1753 3767 3775
f 3134 3127 3135
f 2327 2314 2313
f 2436 2317 2349
f 2018 3711 3712
f 2534 3137 2535
f 2320 3136 2534
f 2185 3712 3771
f 3138 2542 2539
f 3134 3744 3745
f 3785 3134 3745
f 3140 2539 2538
f 2535 3140 2538
f 3711 3130 3785
f 2558 3132 3141
f 3782 3141 3132
f 2560 3141 3142
f 3760 3142 3141
f 958 2976 2981
f 1933 2980 3143
f 2399 2418 2416
f 2348 2343 2432
f 2322 2319 2323
f 2718 2874 2730
f 2709 2873 2710
f 2894 1361 1942
f 346 176 347
f 1876 1882 1881
f 2802 3607 3592
f 3104 3088 3092
f 2974 3649 3603
f 3089 2761 2762
f 3088 3145 3089
f 2803 3603 3607
f 3870 692 628
f 2123 1418 2126
f 1365 1368 1367
f 1581 1782 1783
f 3569 2129 3520
f 3555 2002 3521
f 3146 2551 3147
f 3751 3147 3750
f 3742 3146 3751
f 3149 2585 3146
f 3196 3197 3195
f 3604 2191 3623
f 3142 2556 2560
f 3777 3150 3142
f 3646 2550 3593
f 3150 2555 2556
f 3778 3151 3150
f 3788 3152 3646
f 3153 2551 2549
f 3152 2549 2550
f 3781 3153 3152
f 3776 3147 3153
f 3148 2206 2205
f 2183 2321 2184
f 2132 2928 2133
f 3684 2204 2203
f 3719 2197 3721
f 2594 2773 2951
f 2595 2951 2772
f 1870 799 1869
f 3713 2178 3706
f 3706 3736 3790
f 336 3774 3722
f 339 3154 336
f 3789 3149 3742
f 3683 2584 3149
f 2963 3048 3047
f 3722 337 336
f 339 2566 2586
f 3156 2168 2167
f 2610 2167 2611
f 2954 3156 2610
f 3157 2953 2257
f 3707 2169 3709
f 2567 3159 2568
f 337 2567 338
f 3730 2166 3707
f 3764 1983 3765
f 2579 3081 2576
f 2568 3160 2579
f 3709 2190 3764
f 3065 3162 3161
f 3161 1984 2189
f 3157 2189 2168
f 2257 3161 3157
f 734 1922 806
f 3059 2708 3163
f 3163 2182 1985
f 3162 1985 1984
f 3062 3163 3162
f 3203 3205 3204
f 2122 1448 1447
f 3817 1685 3812
f 139 444 69
f 1570 566 533
f 2957 3165 3036
f 2955 3164 2957
f 1912 341 1973
f 3130 3124 3134
f 1548 319 1547
f 1949 1327 1887
f 2969 3078 3167
f 3167 3169 3168
f 3724 2017 3720
f 3720 2033 3759
f 3168 3165 3170
f 3170 3164 3171
f 3779 3171 3756
f 3724 3170 3779
f 3171 3166 3172
f 3172 3071 3173
f 3752 3173 3749
f 3756 3172 3752
f 3169 3036 3165
f 2593 2962 2594
f 3173 2609 3174
f 3174 2199 2198
f 3783 2198 3719
f 3749 3174 3783
f 2190 1984 1983
f 2196 2767 3148
f 2119 1414 1448
f 1464 1466 1465
f 2199 3069 2200
f 2457 2587 2565
f 2226 2562 2966
f 481 1627 1639
f 333 235 236
f 3078 3037 3169
f 3040 2997 2263
f 2219 1933 2220
f 2385 2497 2503
f 221 3175 2484
f 2220 3143 3175
f 3175 2976 2975
f 2484 2975 2982
f 2954 3166 2955
f 2630 110 2982
f 1547 1952 1955
f 2091 2188 2187
f 3733 2178 2177
f 1918 1927 1926
f 3563 111 3511
f 955 960 954
f 2037 112 3563
f 3143 2981 2976
f 2218 2214 2215
f 672 3787 3541
f 2152 3014 2037
f 1147 1143 1145
f 2248 1409 2245
f 1615 1635 1616
f 1410 2246 2247
f 3241 3242 3240
f 3177 1383 1382
f 2238 3176 1382
f 3176 2230 3178
f 1410 3179 1407
f 3179 2243 1407
f 1633 2800 2249
f 1621 2758 2912
f 1622 2245 1634
f 2236 3181 3182
f 2237 3182 3183
f 2250 2233 2229
f 2912 1628 1621
f 135 1564 1563
f 1567 512 1565
f 1085 2653 2685
f 3184 868 3056
f 869 3057 934
f 1266 1098 1312
f 1267 722 721
f 937 2646 936
f 2146 722 2147
f 2211 921 2667
f 1957 507 449
f 1313 2264 3040
f 1496 1493 1492
f 2681 2705 2682
f 2887 2933 2932
f 1687 1659 1694
f 145 1498 81
f 1317 1319 2694
f 37 418 71
f 1935 3185 2977
f 104 301 103
f 2101 2083 2084
f 543 360 207
f 1934 3186 3185
f 234 212 237
f 3845 1822 1824
f 1976 1874 1974
f 223 2219 220
f 3655 3605 3612
f 468 773 2165
f 1935 1728 1932
f 3240 3226 3235
f 3261 3250 3260
f 3215 3244 3264
f 3265 3215 3264
f 3267 3198 3196
f 3205 3269 3255
f 3214 3265 3270
f 3271 3214 3192
f 3251 3239 3236
f 3222 3266 3272
f 3232 3234 3233
f 3216 3243 3244
f 3196 3268 3267
f 3244 3254 3255
f 3238 3247 3246
f 3264 3255 3269
f 3253 3216 3217
f 3211 3221 3265
f 3257 3218 3256
f 3258 3272 3259
f 3274 3280 3273
f 3228 3262 3263
f 3275 3281 3280
f 3226 3273 3280
f 3236 3260 3251
f 3281 3236 3237
f 3287 3192 3189
f 3235 3280 3234
f 3234 3281 3237
f 3288 3259 3272
f 3260 3276 3251
f 3289 3278 3284
f 3210 3224 3283
f 3199 3201 3200
f 3228 3230 3229
f 3290 3285 3286
f 3282 3271 3287
f 3260 3262 3261
f 3243 3268 3254
f 3267 3241 3232
f 3194 3208 3193
f 3191 3269 3206
f 3270 3192 3214
f 3275 3230 3231
f 3264 3270 3265
f 3252 3276 3291
f 3248 3291 3223
f 3213 3279 3277
f 3272 3289 3288
f 3277 3212 3213
f 3228 3281 3231
f 3220 3253 3219
f 3219 3217 3257
f 3256 3222 3258
f 3247 3252 3248
f 3245 3232 3233
f 3266 3212 3289
f 3208 3255 3254
f 3288 3284 3285
f 3204 3208 3207
f 560 3187 559
f 3209 3201 3202
f 3189 3191 3190
f 448 807 447
f 647 122 270
f 1833 1780 1832
f 510 508 507
f 3210 1887 3201
f 1887 3200 3201
f 15 3197 3200
f 16 3195 3197
f 3195 3187 3194
f 3194 1899 3207
f 3207 375 3204
f 387 126 127
f 3189 1760 3287
f 3577 757 758
f 763 2172 2175
f 3583 3580 3581
f 3581 3579 3578
f 3594 3596 3595
f 3400 3602 3401
f 3626 3625 3627
f 3631 3599 3601
f 3636 3595 3596
f 3647 3588 3645
f 3650 3584 3647
f 3653 3580 3651
f 3653 3654 3579
f 1801 3656 3655
f 3651 3582 3650
f 3644 3595 3637
f 1767 3659 3660
f 1597 3661 1600
f 1708 3665 3664
f 3671 3667 3666
f 3666 3673 3672
f 1588 3664 1587
f 2080 3666 2082
f 2082 3672 2084
f 3674 3635 3631
f 3677 3636 3635
f 3682 3645 3681
f 3692 3650 3686
f 3681 3644 3680
f 786 3692 785
f 3694 3651 3692
f 785 3686 497
f 497 3682 650
f 650 3681 564
f 3696 3681 3680
f 3405 3605 3402
f 3702 3678 3677
f 3699 3679 3678
f 3645 3638 3644
f 1799 3659 1768
f 3708 3458 3460
f 3462 3708 3460
f 3714 564 3696
f 3615 3602 3600
f 3710 3696 3698
f 3635 3596 3599
f 3629 3627 3630
f 3597 3599 3596
f 3630 3715 3629
f 3627 3597 3594
f 3717 3723 3718
f 3715 3660 3629
f 3716 3725 3715
f 3668 3661 3725
f 3668 3717 3667
f 3667 3718 3673
f 3727 3673 3718
f 3728 3672 3673
f 3726 3718 3723
f 1576 2084 3672
f 3727 3731 3729
f 3203 1387 3190
f 3190 1791 3189
f 3283 1949 3210
f 317 259 391
f 2000 3653 3694
f 3601 3600 3602
f 3589 3584 3585
f 3577 756 2170
f 3585 3582 3583
f 3678 3637 3636
f 3204 376 3203
f 1801 3657 1799
f 3729 3728 3727
f 1575 3738 1088
f 3735 1576 3728
f 1776 1796 1775
f 1293 1290 1284
f 1326 1327 12
f 1294 1234 1290
f 878 1330 1337
f 497 374 498
f 122 413 121
f 3699 3704 3708
f 3606 3401 3602
f 3708 3698 3699
f 3464 3710 3462
f 3704 3443 3458
f 439 399 438
f 1512 1526 1511
f 1668 1738 1671
f 839 1362 838
f 1362 826 1012
f 3843 1896 3815
f 2053 2118 2117
f 3888 2120 2119
f 696 3816 3831
f 1826 639 640
f 3740 3729 3731
f 956 886 960
f 1980 1922 807
f 33 105 164
f 1343 3856 3857
f 3907 2128 3902
f 1766 1582 1594
f 14 2163 738
f 595 99 594
f 3233 3246 3245
f 1346 1044 1352
f 748 1425 747
f 3193 3254 3268
f 3190 3206 3203
f 3612 3606 3615
f 3624 3615 3625
f 3631 3443 3674
f 3679 3644 3637
f 3686 3647 3682
f 3702 3674 3704
f 3625 3600 3597
f 3601 3415 3631
f 3739 3735 3729
f 3630 3594 3741
f 3741 3716 3630
f 1284 1288 1285
f 3698 3680 3679
f 1778 1780 1779
f 1792 1584 1789
f 695 571 694
f 3638 3594 3595
f 3741 3588 3589
f 3247 3209 3202
f 3292 3294 3295
f 3296 3298 3299
f 3299 3300 3301
f 3302 3304 3305
f 3306 3308 3309
f 3307 3311 3308
f 3303 3301 3300
f 3312 3304 3313
f 3314 3316 3317
f 3318 3320 3321
f 3324 3321 3325
f 3326 3328 3323
f 3329 3331 3332
f 3333 3335 3336
f 3337 3339 3340
f 3333 3341 3342
f 3342 3343 3344
f 3319 3344 3343
f 3338 3334 3339
f 3346 3302 3347
f 3305 3347 3302
f 3312 3223 3349
f 3350 3340 3351
f 3312 3348 3305
f 3352 3341 3326
f 3311 3354 3308
f 3341 3327 3326
f 3359 3361 3362
f 3360 3250 3249
f 3318 3345 3319
f 3364 3318 3324
f 3314 3324 3365
f 3366 3301 3346
f 3299 3367 3296
f 3308 3368 3309
f 3369 3295 3294
f 3317 3364 3314
f 3370 3317 3316
f 3325 3365 3324
f 3352 3319 3343
f 3296 3353 3311
f 3297 3311 3310
f 3363 3354 3345
f 3345 3353 3344
f 3344 3367 3342
f 3366 3342 3367
f 3347 3334 3346
f 3339 3348 3340
f 3348 3351 3340
f 3363 3369 3368
f 3294 3368 3369
f 3293 3309 3294
f 3331 3374 3332
f 3346 3333 3366
f 3323 3352 3326
f 3356 3321 3320
f 3355 3325 3321
f 3357 3371 3325
f 3322 3320 3352
f 3361 3329 3362
f 3373 3375 3374
f 3374 3376 3332
f 3329 3376 3362
f 3327 3372 3328
f 3336 3375 3327
f 3335 3376 3375
f 3376 3337 3362
f 3337 3359 3362
f 3359 3276 3250
f 3377 3295 3370
f 3277 3315 3278
f 3371 3379 3365
f 3378 3358 3380
f 3365 3315 3314
f 3316 3279 3370
f 3282 3370 3279
f 3313 3224 3312
f 3378 3284 3379
f 3380 3285 3378
f 3379 3278 3315
f 3276 3351 3291
f 3291 3349 3223
f 3313 2965 3013
f 2965 3303 222
f 222 3300 223
f 223 3298 3186
f 3298 3185 3186
f 3297 2977 3185
f 3310 1213 2977
f 3307 1214 1213
f 2532 3306 3293
f 2894 3293 3292
f 2871 3292 3377
f 3253 3240 3242
f 3283 3013 2152
f 1997 1889 1892
f 1237 744 855
f 1535 120 121
f 1531 201 214
f 1119 1032 984
f 946 824 947
f 163 5 162
f 3589 3723 3741
f 1155 1162 1164
f 427 327 424
f 553 796 498
f 3381 2231 2237
f 3381 2230 2232
f 2237 3180 3381
f 3383 3385 3382
f 3384 3387 3385
f 3386 3389 3387
f 3388 3391 3389
f 3392 3394 3395
f 3395 3396 3397
f 3398 3397 3396
f 3400 3399 3398
f 3403 3405 3402
f 3406 3404 3403
f 3408 3407 3406
f 3410 3409 3408
f 3412 3411 3410
f 3415 3398 3414
f 3414 3396 3416
f 3416 3394 3417
f 3417 3393 3418
f 3393 3420 3418
f 3419 3421 3420
f 3390 3422 3421
f 3388 3423 3422
f 3386 3424 3423
f 3384 3425 3424
f 3425 3426 3184
f 2904 3428 2947
f 3429 2904 2902
f 3430 2902 2876
f 2875 3430 2876
f 3432 2733 2736
f 2825 3435 2824
f 3437 3439 3436
f 3441 3436 3440
f 2724 3434 2825
f 3436 3115 3117
f 3440 3117 3119
f 3443 3414 3442
f 3442 3416 3444
f 3444 3417 3445
f 3445 3418 3446
f 3446 3420 3447
f 3420 3448 3447
f 3421 3449 3448
f 3422 3450 3449
f 3423 3451 3450
f 3424 3452 3451
f 3425 3056 3452
f 3451 2253 2252
f 3450 2252 1727
f 3449 1727 2150
f 3448 2150 1941
f 3453 3448 1941
f 3454 3447 3453
f 3455 3446 3454
f 3456 3445 3455
f 3442 3456 3457
f 3443 3457 3458
f 3459 3458 3457
f 3457 3455 3459
f 3459 3454 3461
f 3462 3459 3461
f 3461 3453 3463
f 3464 3461 3463
f 3463 1941 1360
f 3404 3401 3405
f 3407 3399 3404
f 3409 3397 3407
f 3411 3395 3409
f 3465 3413 3412
f 3467 3469 3466
f 3465 3431 3433
f 3470 3466 3465
f 3438 3432 3435
f 3467 3438 3437
f 3468 3437 3441
f 3471 3468 3472
f 3472 3441 3473
f 3473 3440 2712
f 2712 3119 3128
f 3475 3472 3474
f 3474 3473 3476
f 3476 2712 2711
f 3477 2711 2400
f 3478 3476 3477
f 3479 3474 3478
f 3392 3413 3480
f 3466 3480 3413
f 3419 3392 3480
f 3390 3480 3391
f 3469 3391 3480
f 3389 3471 3475
f 3387 3475 3479
f 3385 3479 3481
f 3482 2400 2402
f 3483 3477 3482
f 3481 3478 3483
f 3484 2402 2707
f 3058 2707 2708
f 3061 3484 3058
f 3485 3482 3484
f 3382 3481 3486
f 3486 3483 3485
f 3426 3382 3487
f 3487 3486 1962
f 3486 3061 1962
f 1961 3487 1962
f 3057 3426 3487
f 3428 3402 3488
f 3427 3403 3428
f 3429 3406 3427
f 3430 3408 3429
f 3431 3410 3430
f 3470 3433 3432
f 3434 3438 3435
f 2723 3439 3434
f 2875 3433 3431
f 2736 3435 3432
f 2947 3488 3500
f 3464 1360 3497
f 1900 1924 1901
f 1736 1718 1750
f 1955 1943 1956
f 1671 1735 1751
f 1696 1698 1692
f 1800 1864 1801
f 2063 2056 2060
f 1737 1717 1736
f 1751 1697 1695
f 943 3899 684
f 3656 3402 3605
f 1577 1764 1703
f 3917 1599 3923
f 1945 82 1944
f 68 7 248
f 147 1543 148
f 1109 1133 1102
f 1503 1907 1908
f 1499 1909 1498
f 452 735 215
f 1824 3835 3845
f 1825 2068 1824
f 1463 1022 1194
f 841 1009 1011
f 1568 1955 1534
f 1926 1927 1923
f 1910 1502 1939
f 1939 422 442
f 309 1940 308
f 1804 1866 1803
f 269 1954 56
f 2065 2060 2056
f 3812 1758 3835
f 280 552 1940
f 1875 1869 1874
f 1739 1734 1737
f 1778 1790 1788
f 310 1915 279
f 1909 1906 1954
f 1789 1778 1788
f 978 980 979
f 1584 1731 1583
f 425 311 312
f 148 115 116
f 2044 3894 2046
f 277 1939 551
f 1943 1945 1944
f 1461 1463 1464
f 2253 3056 3055
f 2981 3489 958
f 2209 3489 3055
f 2254 3055 3489
f 2998 958 3489
f 2826 2721 2724
f 3490 2721 2817
f 2816 3490 2817
f 2334 2296 2335
f 2298 2334 2336
f 2301 2336 2338
f 2311 2338 2354
f 2312 2354 2355
f 2359 2361 2360
f 2335 2359 2360
f 2414 2365 2364
f 2413 2361 2365
f 2355 2540 2541
f 2541 2539 2542
f 2722 2739 2738
f 3114 2738 3113
f 3110 3121 3120
f 3108 3120 3113
f 3122 3127 3126
f 3112 3126 3121
f 3127 1753 3135
f 3139 2529 2542
f 3744 3133 3139
f 3490 2740 2739
f 3491 2789 3490
f 228 91 88
f 245 243 242
f 248 247 191
f 2 296 295
f 145 300 267
f 327 210 328
f 329 331 330
f 250 228 236
f 239 240 230
f 373 375 374
f 178 176 175
f 1218 1228 1321
f 3862 1295 3854
f 808 824 823
f 3858 1013 1014
f 3813 1411 1413
f 2154 2159 2160
f 3845 1758 1757
f 306 1922 452
f 2157 1976 1977
f 708 2031 1474
f 1450 1227 1428
f 1672 1605 1624
f 1813 1821 1816
f 1717 1715 1718
f 176 402 347
f 1710 3916 3915
f 1712 1577 1711
f 1705 1711 1704
f 971 979 970
f 822 1094 1102
f 2909 2793 2792
f 2810 2795 2793
f 2799 2249 2800
f 3662 2910 2799
f 2769 2801 2795
f 3177 3178 3179
f 3178 3180 3179
f 3181 1393 2800
f 3181 1632 3182
f 3182 2244 3183
f 3183 2243 3180
f 3492 2790 3491
f 2808 3491 2816
f 2239 3572 2240
f 1149 3571 3570
f 1150 3567 3571
f 2202 3566 2015
f 2921 3565 2923
f 3568 2133 2928
f 1777 1759 1792
f 1201 1183 1184
f 3561 2195 2194
f 3553 2770 2768
f 3927 1687 1692
f 1516 154 503
f 3549 2974 2803
f 3550 2779 2778
f 2771 3575 3546
f 3070 3546 3558
f 3547 2775 2867
f 1376 1370 1372
f 2767 3556 2206
f 2195 3543 2767
f 2775 3542 2776
f 3377 3545 2871
f 3804 3539 2806
f 2776 3538 2805
f 2240 3535 2920
f 2920 3669 3619
f 3548 2786 2779
f 1805 1851 1804
f 3534 2787 2786
f 2951 3540 3531
f 2772 3531 3575
f 2973 3530 3536
f 2224 3537 3530
f 1957 320 510
f 306 304 303
f 2770 3528 2913
f 2913 3574 2239
f 2923 3527 2922
f 308 431 47
f 207 132 543
f 1879 1881 1880
f 3733 3525 2089
f 2475 3558 3524
f 2476 3524 3523
f 2223 3523 3537
f 3522 2803 2802
f 2037 11 1950
f 1959 450 505
f 2003 3520 2129
f 9 334 540
f 2009 3518 3567
f 2008 3536 3518
f 3877 673 3879
f 3515 2778 2784
f 2935 3513 2936
f 111 3570 3511
f 3510 2935 2938
f 683 3885 943
f 3508 2810 2909
f 736 732 729
f 1795 1803 1796
f 3505 2938 2939
f 3507 2939 2940
f 2950 3504 2949
f 2940 3504 3507
f 3801 3512 2950
f 2868 3502 2869
f 2869 3522 2802
f 1024 1023 1020
f 3500 2948 2947
f 551 442 443
f 2972 3568 2928
f 2032 3499 2972
f 216 1924 1923
f 203 201 200
f 1828 1847 1837
f 1958 449 450
f 272 178 175
f 2871 3495 1361
f 3619 3564 2921
f 2801 3643 3662
f 2005 3654 2176
f 960 899 962
f 3657 3612 3624
f 3780 3646 3151
f 3151 3593 2555
f 2193 3623 2194
f 3607 3145 3144
f 3603 2761 3145
f 3592 3144 3104
f 2926 3634 3103
f 3634 3104 3103
f 3755 3746 3753
f 566 3758 2005
f 3488 1864 3500
f 1602 2079 2078
f 2868 3611 2922
f 2922 3610 2923
f 2923 3618 2921
f 3670 2918 3614
f 3619 3614 2920
f 2921 3670 3619
f 2920 3586 2240
f 3613 2915 2918
f 2917 3622 3641
f 2916 3641 3642
f 2239 3652 2913
f 2911 3652 2757
f 3643 2911 2910
f 2797 3662 3591
f 2797 3598 2750
f 3622 2763 2765
f 3608 2764 2745
f 2194 3648 2221
f 2221 3649 2222
f 2756 3609 2755
f 2750 3609 2747
f 3669 1817 3827
f 3763 1691 1699
f 2515 3590 2548
f 2548 3593 2550
f 2513 3632 3616
f 2513 3621 2515
f 2509 3620 2289
f 2510 3633 2509
f 2289 3639 2283
f 2283 3617 2286
f 2240 3587 2239
f 3659 3624 3626
f 716 3887 3888
f 727 3761 1923
f 2165 2170 2164
f 3660 3626 3629
f 3743 3578 3757
f 2175 769 770
f 2100 2095 2099
f 3758 3757 3578
f 640 3568 1826
f 1653 3553 1651
f 1895 3530 746
f 746 3537 741
f 1653 3528 3576
f 3762 1604 1672
f 2093 2073 2078
f 959 995 884
f 962 919 986
f 1400 1398 1399
f 1000 1127 1004
f 956 884 885
f 1662 3550 1661
f 2034 3546 1654
f 3926 3539 3802
f 3535 766 1817
f 3572 765 766
f 334 3571 335
f 1868 3540 1656
f 1684 1652 1678
f 1682 775 1807
f 1585 3762 1700
f 3763 1672 1673
f 2173 490 491
f 1658 3547 1752
f 3556 1650 724
f 1571 2010 1572
f 1587 3671 2080
f 2099 2077 2094
f 787 1999 786
f 2000 786 1999
f 3155 3697 3683
f 3713 3683 3789
f 2180 3685 3684
f 3496 3684 3705
f 1684 3840 1651
f 1760 3495 3545
f 2607 3693 2590
f 2581 3689 2607
f 2371 3700 3695
f 2371 3693 2372
f 2587 3675 2586
f 2586 3697 339
f 2497 3687 2503
f 2502 3687 3700
f 2494 3690 2495
f 3690 2472 2495
f 3688 2468 2472
f 3701 2469 2468
f 726 3892 630
f 581 3518 580
f 10 3570 334
f 1837 3510 1849
f 741 3523 1300
f 1299 3558 2034
f 1851 3504 1866
f 3527 1820 1819
f 580 3536 1895
f 1758 3522 3502
f 1693 3508 1806
f 3504 1867 1866
f 1894 3568 3499
f 2126 3813 3841
f 3906 3841 3912
f 2113 3867 2110
f 2179 3789 3685
f 624 3904 623
f 2192 3788 3780
f 2177 3787 3733
f 1364 3833 1338
f 3858 1470 1453
f 3135 3775 3744
f 2069 3835 2068
f 1351 3853 1352
f 2108 3901 499
f 2089 3736 3733
f 3828 1358 866
f 2001 3783 2187
f 2187 3719 2091
f 2130 3752 2004
f 2004 3749 2001
f 2014 3779 2201
f 2201 3756 2130
f 3167 3759 2969
f 3168 3720 3167
f 3159 3764 3160
f 3160 3765 3081
f 3730 3158 337
f 3158 3709 3159
f 2200 3730 3722
f 3685 3742 2204
f 3722 2197 2200
f 3790 2092 3721
f 3774 3721 2197
f 3154 3790 3774
f 3155 3706 3154
f 2091 3721 2092
f 2196 3750 3776
f 2193 3776 3781
f 3604 3781 3788
f 2086 3780 3778
f 2087 3778 3777
f 2204 3751 2205
f 2205 3750 3148
f 3909 574 692
f 2124 3777 3760
f 2208 3760 3782
f 3711 3140 3137
f 3785 3138 3140
f 3745 3139 3138
f 3771 3136 2322
f 3712 3137 3136
f 3775 3131 3133
f 3767 3132 3131
f 1813 3838 1814
f 1293 3856 1344
f 2184 3748 3732
f 2181 3732 3734
f 3765 3079 3081
f 3768 3080 3079
f 709 3875 2031
f 2774 3737 3769
f 3786 2134 3559
f 3809 766 765
f 2968 3766 2959
f 2969 3784 2968
f 2958 3737 2961
f 2132 3766 2960
f 2321 3771 3748
f 3860 1449 28
f 3905 582 710
f 3886 577 574
f 3847 1818 3827
f 705 3887 2121
f 3816 3907 698
f 2111 3911 2113
f 3810 1366 1411
f 1812 3822 1815
f 675 3852 674
f 3496 3851 675
f 2110 3868 2109
f 2104 3901 2106
f 2109 3899 944
f 3842 703 739
f 1680 3846 1684
f 1639 3819 3818
f 623 3906 697
f 2139 3866 3865
f 1808 3844 3837
f 3820 1819 1820
f 3872 3900 706
f 1646 3830 1648
f 3889 633 577
f 2139 3875 18
f 2156 3871 3874
f 674 3913 3869
f 2117 3812 2069
f 1815 3847 3823
f 3855 1444 1470
f 697 3912 3816
f 866 3836 3828
f 3864 2136 2135
f 3585 3726 3589
f 3583 3731 3585
f 3753 3738 3739
f 3740 3581 3743
f 1088 3746 1093
f 3739 3743 3753
f 2791 3493 2792
f 3492 2807 3493
f 2792 3494 2909
f 3493 2806 3494
f 3508 3494 3516
f 3516 2806 3539
f 2948 3791 3801
f 2105 3896 2104
f 3538 3804 2805
f 680 3876 683
f 1891 3910 3891
f 2905 3801 2950
f 2900 3799 2905
f 2901 3807 2877
f 2734 3806 3794
f 2877 3806 2878
f 2820 3794 2872
f 2818 3792 2827
f 2823 3792 2826
f 2822 3798 2821
f 2819 3800 3798
f 2817 3795 2816
f 2809 3795 2815
f 2808 3803 2807
f 2805 3803 2804
f 1702 3923 1599
f 3922 1797 1802
f 3915 1706 1709
f 3918 1692 1698
f 1657 3880 1879
f 1890 3895 3910
f 3772 1674 1675
f 1689 3772 3773
f 3926 3538 1688
f 3516 1689 3773
f 3917 1703 1764
f 1598 3928 1770
f 3880 1876 1879
f 1691 3925 3927
f 3925 1688 1687
f 1117 1118 3930
f 1066 1322 3930
f 1243 847 3930
f 3825 848 3930
f 1128 1117 3930
f 1129 1130 3930
f 841 1011 3930
f 1230 3863 3930
f 1242 1243 3930
f 1322 1229 3930
f 1064 1065 3930
f 1003 1128 3930
f 1229 1230 3930
f 3863 1285 3930
f 1285 1288 3930
f 848 839 3930
f 847 3825 3930
f 1118 1129 3930
f 1065 1066 3930
f 1087 1086 3930
f 1008 1002 3930
f 1011 1008 3930
f 1002 1003 3930
f 1076 1069 3930
f 838 841 3930
f 839 838 3930
f 1288 1242 3930
f 1130 1087 3930
f 1086 1076 3930
f 1069 1064 3930
f 2410 2414 3931
f 2411 2410 3931
f 3617 2285 3931
f 2394 2393 3931
f 2393 2396 3931
f 2281 2286 3931
f 2282 2280 3931
f 2398 2399 3931
f 2465 2464 3931
f 2396 2397 3931
f 2470 2469 3931
f 2399 2416 3931
f 2480 2395 3931
f 2459 2480 3931
f 2369 2282 3931
f 2460 2459 3931
f 2415 2411 3931
f 2416 2415 3931
f 2364 2363 3931
f 2286 3617 3931
f 2464 2470 3931
f 2469 3703 3931
f 2285 2465 3931
f 2414 2364 3931
f 2395 2394 3931
f 2363 2367 3931
f 2397 2398 3931
f 2280 2281 3931
f 3703 2460 3931
f 2367 2369 3931
f 4 3 2
f 8 7 6
f 13 16 15
f 17 28 19
f 32 31 30
f 36 35 34
f 37 40 39
f 21 22 23
f 25 26 27
f 41 44 43
f 48 47 46
f 52 51 50
f 53 56 55
f 60 59 58
f 29 30 62
f 66 65 64
f 67 5 6
f 72 71 70
f 76 75 74
f 77 80 79
f 81 84 83
f 59 87 86
f 88 91 90
f 96 95 94
f 100 99 98
f 101 104 103
f 106 105 34
f 108 116 115
f 117 119 36
f 124 127 126
f 131 130 129
f 132 102 134
f 142 141 140
f 148 106 60
f 144 143 127
f 149 152 151
f 156 155 154
f 159 150 158
f 116 108 164
f 171 170 169
f 174 126 173
f 179 182 181
f 186 189 188
f 194 197 196
f 199 142 139
f 206 209 208
f 213 212 211
f 202 215 214
f 96 93 216
f 92 238 43
f 97 184 246
f 250 249 229
f 252 254 58
f 258 257 256
f 260 91 229
f 110 111 112
f 114 264 263
f 265 268 267
f 56 53 270
f 274 273 249
f 185 183 63
f 280 279 278
f 285 284 283
f 288 219 211
f 141 142 92
f 289 290 175
f 148 116 105
f 312 311 170
f 238 262 42
f 318 163 160
f 310 309 308
f 241 239 325
f 160 230 240
f 47 48 307
f 108 109 315
f 345 85 86
f 348 351 350
f 356 359 358
f 355 354 353
f 363 31 32
f 364 252 253
f 366 125 368
f 183 372 371
f 163 162 161
f 209 226 101
f 378 377 165
f 379 295 381
f 383 382 3
f 284 285 386
f 387 127 389
f 391 259 229
f 73 281 397
f 405 408 407
f 203 218 411
f 414 121 413
f 1 356 357
f 277 276 131
f 254 344 57
f 358 384 415
f 417 416 386
f 401 400 192
f 419 389 127
f 421 181 182
f 103 301 302
f 428 367 368
f 380 390 359
f 62 204 266
f 140 141 431
f 357 358 351
f 356 1 379
f 415 392 403
f 437 428 436
f 438 441 440
f 188 451 450
f 265 455 181
f 224 185 64
f 237 212 213
f 275 131 128
f 281 282 460
f 50 462 79
f 73 74 282
f 468 467 466
f 390 355 352
f 482 485 484
f 489 488 487
f 493 496 495
f 472 471 470
f 502 501 500
f 220 221 222
f 512 419 143
f 518 517 511
f 513 239 230
f 205 30 31
f 189 370 451
f 163 318 532
f 533 224 225
f 446 448 447
f 335 541 540
f 544 512 546
f 329 519 291
f 199 534 262
f 385 386 416
f 532 190 191
f 363 117 118
f 578 581 580
f 573 572 571
f 561 563 562
f 241 260 259
f 590 593 592
f 545 546 595
f 503 154 155
f 606 625 624
f 478 481 480
f 646 649 648
f 590 591 689
f 564 565 651
f 728 246 184
f 714 724 716
f 692 574 575
f 541 335 581
f 346 68 248
f 161 231 230
f 128 129 94
f 698 705 704
f 574 577 576
f 290 289 401
f 630 631 725
f 733 736 735
f 755 466 496
f 759 480 481
f 757 763 762
f 764 496 466
f 768 767 3808
f 759 760 488
f 492 474 475
f 474 770 769
f 773 468 465
f 771 774 486
f 484 485 775
f 774 776 489
f 495 496 764
f 495 757 761
f 137 397 784
f 325 239 797
f 165 519 51
f 369 32 29
f 730 731 568
f 90 302 301
f 243 118 516
f 800 734 806
f 817 815 808
f 816 808 823
f 306 303 447
f 815 810 809
f 829 830 828
f 726 725 501
f 274 427 424
f 879 882 881
f 884 883 879
f 219 218 217
f 906 905 904
f 455 204 205
f 898 882 830
f 903 900 880
f 377 291 519
f 923 949 948
f 946 947 951
f 3519 740 739
f 900 899 886
f 225 64 65
f 182 445 442
f 809 952 947
f 954 960 962
f 927 950 965
f 885 879 880
f 925 927 966
f 343 342 341
f 965 964 971
f 968 971 970
f 972 968 969
f 963 961 981
f 336 337 338
f 992 993 827
f 810 815 996
f 1007 1001 1002
f 1012 826 827
f 1011 1009 1007
f 294 293 292
f 907 908 920
f 1017 579 1019
f 1020 1023 1022
f 1035 1024 1020
f 1061 1060 1047
f 1063 1061 1046
f 1044 1020 1021
f 1102 1094 1097
f 1116 1126 1118
f 1016 1015 1014
f 881 897 904
f 816 1116 1127
f 1094 948 949
f 514 342 167
f 146 145 81
f 1133 1135 1130
f 1102 1133 1126
f 822 1126 1116
f 1145 1143 1148
f 1076 1144 1151
f 1148 1143 1086
f 1109 1097 1114
f 1154 1153 1156
f 1153 925 967
f 3464 3497 463
f 1144 1147 1152
f 1156 967 1163
f 1164 1162 1169
f 1145 1171 1176
f 1114 1115 1154
f 1183 1155 1164
f 1184 1183 1177
f 1069 1151 1062
f 1023 1191 1194
f 1162 1163 1170
f 1195 1184 1185
f 1183 1196 1176
f 1201 1063 1152
f 1061 1063 1201
f 3825 847 843
f 1203 1202 1195
f 1202 1201 1184
f 1218 1060 1203
f 1060 1061 1202
f 1225 1218 1217
f 671 695 694
f 1219 1217 1024
f 1217 1203 1034
f 1226 1014 1015
f 1243 1242 1234
f 1231 1230 1229
f 847 1243 1233
f 843 1233 1244
f 1233 1234 1245
f 1923 3761 233
f 2100 2108 499
f 3914 3864 2135
f 61 62 323
f 210 211 217
f 1299 1310 1309
f 3863 1230 1231
f 1066 1047 1321
f 1322 1321 1228
f 1060 1218 1321
f 1325 1324 1323
f 1244 1245 1332
f 1290 1234 1242
f 1337 1330 1339
f 1330 1332 1340
f 1341 1332 1245
f 1342 1340 1332
f 1343 1342 1341
f 1344 1341 1294
f 3857 3856 1345
f 1347 1348 1342
f 3856 3854 1295
f 1349 1350 1348
f 3861 1349 1347
f 3853 1347 1343
f 906 898 829
f 905 906 1353
f 865 1356 1355
f 1355 1353 829
f 1357 1355 825
f 1356 1354 1353
f 3834 1337 1338
f 866 1358 1356
f 1358 1359 1354
f 3828 878 1337
f 838 1362 1012
f 1363 1364 1338
f 1368 1363 1339
f 1348 1368 1340
f 1371 1369 3824
f 524 525 526
f 528 529 530
f 1372 1370 1369
f 535 536 537
f 1367 1368 1348
f 1370 1354 1359
f 1369 1359 3833
f 1373 910 903
f 555 556 557
f 1374 909 910
f 1373 904 905
f 1374 1373 1375
f 1375 905 1354
f 1378 920 908
f 376 373 651
f 1388 928 973
f 586 587 588
f 1390 1389 1388
f 1391 1388 969
f 597 598 599
f 600 601 602
f 1392 1391 970
f 608 609 610
f 612 524 523
f 614 615 616
f 617 618 25
f 620 621 622
f 1397 1390 1391
f 1398 1397 1392
f 1400 987 920
f 1402 1403 1165
f 636 637 638
f 930 1404 1402
f 641 642 643
f 929 1402 1169
f 1404 1405 1403
f 1411 1366 1365
f 1412 1406 1415
f 652 653 654
f 609 656 657
f 659 660 661
f 558 663 586
f 665 666 667
f 1413 1411 1406
f 1418 1416 3810
f 1417 1372 1371
f 1416 1371 3829
f 1419 1417 1416
f 1386 909 1374
f 677 678 679
f 1385 1386 1420
f 1420 1374 1376
f 685 686 687
f 1421 1420 1422
f 528 690 691
f 1422 1376 1372
f 1018 1019 747
f 699 700 701
f 1424 578 579
f 3663 1597 1767
f 700 699 711
f 1093 3746 3754
f 717 718 530
f 721 722 723
f 704 1650 3543
f 19 1429 1426
f 1429 1428 1427
f 1658 1659 3542
f 1439 1437 1434
f 1437 1436 1435
f 1426 1427 1433
f 1442 1431 1432
f 742 743 744
f 1432 1433 1441
f 751 752 753
f 1438 1434 1403
f 1446 1445 1444
f 1447 1448 1446
f 3860 1447 1443
f 1415 1367 1445
f 1414 1415 1446
f 2173 1683 469
f 777 778 779
f 780 781 782
f 1676 1693 1806
f 3859 1451 1349
f 789 790 791
f 745 792 793
f 652 794 795
f 1455 1458 1457
f 1454 1367 1350
f 610 691 802
f 3831 3816 698
f 1352 1044 1045
f 1015 1016 1459
f 811 812 813
f 2118 3815 3817
f 819 820 821
f 1466 1463 1194
f 1467 1468 1465
f 1182 1165 1468
f 832 812 833
f 835 836 837
f 1467 1466 1190
f 1469 1470 1444
f 840 700 712
f 1453 1470 1469
f 599 844 845
f 1226 1450 3849
f 851 852 853
f 855 744 856
f 858 859 860
f 861 862 863
f 1014 1226 3855
f 867 676 868
f 870 871 872
f 874 875 876
f 1310 1323 1471
f 1476 1433 1427
f 1461 1476 1475
f 887 888 889
f 788 791 892
f 894 895 896
f 1460 1475 1227
f 901 902 524
f 1465 1478 1477
f 1865 3503 3500
f 911 912 913
f 916 917 918
f 1850 3505 3507
f 921 922 895
f 1479 1435 1436
f 926 664 667
f 1481 562 563
f 269 1483 84
f 931 932 933
f 934 935 614
f 936 685 688
f 938 659 662
f 1484 270 122
f 941 942 835
f 320 321 509
f 1849 3510 3505
f 84 1483 1484
f 1487 1490 1488
f 1757 1758 3502
f 365 1492 1491
f 461 79 80
f 117 363 362
f 1494 540 541
f 926 601 957
f 1477 1441 1433
f 1709 1588 1585
f 119 117 1496
f 271 1497 504
f 511 517 189
f 345 1496 1492
f 57 344 299
f 1501 1499 268
f 267 268 1499
f 974 975 976
f 1678 1652 1693
f 3846 1682 1807
f 557 982 663
f 983 941 984
f 1443 1444 3849
f 421 1500 268
f 989 990 991
f 1490 1487 418
f 279 280 309
f 997 868 676
f 998 26 999
f 1504 418 38
f 1506 1508 1507
f 360 361 1508
f 1506 1486 207
f 939 1005 1006
f 270 1484 1483
f 66 63 546
f 1010 742 793
f 367 428 437
f 244 31 363
f 1670 3532 3534
f 209 206 1510
f 388 389 426
f 427 274 250
f 161 520 521
f 100 246 45
f 1025 1026 608
f 1029 1030 1031
f 939 662 1033
f 41 42 594
f 1036 780 783
f 702 701 1038
f 1040 1041 1042
f 362 32 369
f 187 1520 477
f 70 1487 539
f 1049 600 603
f 613 867 869
f 860 1050 1051
f 1005 1052 1053
f 753 1055 1056
f 1057 1058 1059
f 293 288 1522
f 288 212 1521
f 292 1522 1523
f 331 1507 1508
f 306 452 453
f 100 44 41
f 462 1524 78
f 330 331 1524
f 635 1067 1068
f 1485 1527 1526
f 206 1485 1528
f 1070 1071 1072
f 942 941 1073
f 916 933 1075
f 440 1529 1530
f 157 158 1514
f 1529 162 5
f 371 595 546
f 790 586 663
f 1077 858 857
f 1403 1434 1435
f 1080 1081 1082
f 531 520 1529
f 21 1083 1084
f 272 1532 1531
f 690 712 802
f 335 3571 3567
f 1090 1030 1029
f 1092 795 794
f 1533 396 137
f 661 660 1095
f 69 444 445
f 1099 1100 1101
f 38 39 1536
f 1104 1105 1106
f 852 1107 1108
f 1377 908 909
f 291 377 411
f 316 1536 516
f 539 1488 1533
f 1505 1536 316
f 1110 1111 1112
f 1539 1537 460
f 522 441 1537
f 834 837 1120
f 1122 1123 1124
f 612 1125 1041
f 935 793 615
f 276 278 130
f 1686 3549 3522
f 193 190 1541
f 231 521 1540
f 556 1037 982
f 365 253 85
f 190 532 318
f 1810 765 3574
f 3924 1867 3512
f 1132 983 985
f 208 101 102
f 1134 1033 662
f 1491 518 80
f 429 133 1542
f 1137 1138 915
f 172 436 428
f 1139 1140 1141
f 549 96 54
f 1517 1519 1518
f 834 1119 984
f 1543 513 286
f 1544 797 239
f 133 134 1544
f 506 361 257
f 420 327 328
f 1158 1159 1160
f 587 1104 1103
f 607 1161 1027
f 304 1546 1545
f 364 1491 77
f 69 70 198
f 700 840 1112
f 3877 626 3525
f 1166 719 657
f 1167 1168 858
f 1300 3523 3524
f 1172 1173 1174
f 218 203 200
f 1179 1180 1181
f 372 183 97
f 89 104 227
f 1186 1187 1188
f 172 173 1517
f 1482 84 81
f 1090 1192 1193
f 394 395 353
f 526 525 1198
f 1199 1200 1026
f 606 623 697
f 1204 1205 1206
f 1207 1208 523
f 1209 1210 867
f 914 913 685
f 1478 1436 1441
f 1029 1028 1161
f 1211 1212 1213
f 3858 1453 1451
f 844 1215 1216
f 423 193 273
f 1220 1221 1222
f 22 1223 1224
f 882 898 897
f 1519 1517 173
f 1189 1188 1232
f 349 350 550
f 1071 1235 1236
f 1237 1238 1239
f 1221 1186 1189
f 1510 1528 1512
f 939 1032 1241
f 1556 1530 5
f 1553 1554 394
f 404 1556 67
f 1247 1248 1249
f 142 199 238
f 1251 1067 635
f 850 1252 1253
f 1254 1167 1077
f 57 132 133
f 443 430 552
f 1187 1172 1175
f 1256 1070 831
f 432 405 382
f 741 748 747
f 434 350 351
f 349 432 383
f 251 124 1481
f 395 384 352
f 1518 1519 1550
f 1558 410 378
f 109 263 314
f 285 1514 1513
f 395 394 393
f 202 203 410
f 417 408 405
f 1246 1257 1258
f 3 1559 297
f 1259 1260 1261
f 403 404 347
f 955 954 953
f 462 50 51
f 1096 1095 687
f 429 147 60
f 896 1264 1265
f 1267 721 1268
f 423 424 327
f 37 179 180
f 20 23 1187
f 1256 1168 1071
f 1188 1175 1269
f 1236 1270 1271
f 1272 536 535
f 565 564 463
f 1273 792 745
f 876 1254 1255
f 316 33 164
f 437 1516 503
f 194 1494 1495
f 1275 1276 864
f 624 625 631
f 1277 1274 1137
f 569 568 567
f 1481 124 125
f 324 325 547
f 1279 1108 1107
f 1525 332 329
f 1281 1278 1137
f 171 168 1553
f 1488 73 396
f 1557 1561 1562
f 1282 856 1206
f 1053 1277 1278
f 778 777 607
f 713 583 3566
f 251 225 144
f 4 357 348
f 709 708 707
f 728 48 45
f 261 135 1563
f 789 1286 1287
f 74 314 263
f 403 284 385
f 1178 1181 1240
f 1223 1259 1289
f 1220 20 1186
f 296 1518 354
f 784 459 1538
f 1181 1180 1291
f 1269 1292 1257
f 1566 1538 438
f 136 784 1566
f 1563 1564 169
f 107 114 109
f 1297 1282 1298
f 1464 1477 1476
f 1520 187 507
f 1301 1302 1303
f 1306 1307 1308
f 175 456 1532
f 1532 456 200
f 1311 1266 1312
f 872 1314 1315
f 3836 843 878
f 1305 1308 864
f 1040 1275 863
f 1564 1566 399
f 592 1576 1575
f 591 1575 1088
f 1581 1584 1583
f 1196 1152 1147
f 710 582 583
f 285 407 408
f 953 954 961
f 1594 1592 1589
f 1585 1588 1587
f 1592 1591 1590
f 3885 945 944
f 1600 1599 1598
f 1604 1603 1602
f 1399 1392 979
f 1589 1590 1596
f 1610 1609 1608
f 298 257 361
f 551 552 276
f 1627 1626 3814
f 859 811 818
f 1078 857 1328
f 1555 439 1530
f 572 573 680
f 772 465 776
f 977 1281 918
f 404 403 392
f 1054 1331 750
f 1644 1645 1643
f 932 1265 1082
f 1067 1333 1334
f 1540 1539 264
f 597 1335 643
f 471 761 762
f 1642 696 3831
f 1644 1642 3842
f 923 946 950
f 96 549 548
f 520 531 522
f 445 444 443
f 849 839 848
f 480 759 755
f 1646 760 481
f 311 426 1567
f 464 463 3497
f 3497 1360 1361
f 234 237 236
f 190 193 192
f 153 154 152
f 231 287 286
f 1552 1553 1551
f 760 1646 1648
f 3832 1647 1649
f 828 827 826
f 52 167 166
f 1663 1662 1661
f 287 107 115
f 668 671 670
f 634 645 640
f 553 560 559
f 118 36 33
f 492 484 491
f 3552 1652 1651
f 582 589 584
f 384 395 392
f 1381 1382 1383
f 1562 1561 435
f 952 953 951
f 3529 3566 583
f 1660 1661 1667
f 1394 1395 1396
f 1660 1665 1664
f 1671 1670 1669
f 1624 1625 1673
f 1407 1408 1409
f 1677 1676 1675
f 1613 1679 1677
f 1679 1678 1676
f 1626 1681 3811
f 534 199 198
f 803 733 734
f 400 248 191
f 65 66 143
f 3526 1657 1656
f 402 159 157
f 629 628 627
f 461 477 49
f 758 757 495
f 796 787 786
f 406 407 1513
f 342 343 166
f 1694 1659 1658
f 1692 1687 1694
f 3557 1693 1652
f 3921 1704 1703
f 326 547 302
f 3916 3921 1702
f 3919 3918 1698
f 1699 1691 3927
f 1557 406 1560
f 1127 1116 1117
f 400 401 289
f 1706 1702 1707
f 1707 1702 1599
f 1709 1706 1708
f 1714 1712 1711
f 3919 3915 1709
f 1704 1711 1577
f 1716 1714 1713
f 1559 1562 1549
f 1722 1721 1720
f 1335 597 596
f 410 411 377
f 973 1170 1163
f 168 169 399
f 1571 682 1089
f 1572 681 682
f 749 646 647
f 1730 1724 1723
f 1594 1582 1729
f 1729 1723 1591
f 1384 1378 1377
f 1732 1731 1712
f 1724 1730 1731
f 1722 1724 1732
f 1721 1722 1733
f 1734 1733 1716
f 1735 1737 1736
f 1733 1732 1714
f 1663 1664 1741
f 1742 1665 1740
f 1738 1739 1737
f 1665 1660 1666
f 1665 1742 1744
f 1725 1726 1746
f 1591 1725 1745
f 1590 1745 1747
f 1745 1746 1748
f 1659 1688 3538
f 3287 1760 3545
f 1185 1177 1182
f 1664 1744 1749
f 1741 1749 1739
f 1746 1742 1743
f 1726 1744 1742
f 1115 924 1153
f 1654 3546 3575
f 1896 3562 3549
f 1720 1749 1744
f 1721 1739 1749
f 1750 1718 1701
f 1697 1736 1750
f 1151 1152 1063
f 1751 1752 1670
f 1695 1658 1752
f 961 962 986
f 1770 1769 1768
f 1766 1594 1593
f 1731 1759 1579
f 1579 1777 1774
f 3928 1772 1771
f 1764 1772 3928
f 1777 1776 1775
f 3762 3763 1699
f 1004 1127 1128
f 1774 1775 1771
f 987 1400 1399
f 1578 1774 1772
f 1783 1782 1781
f 1597 1598 1770
f 639 1878 3895
f 3928 3929 1769
f 1793 1792 1789
f 3929 3920 1798
f 3508 3516 3773
f 1802 1867 3924
f 1788 1790 1794
f 1793 1794 1795
f 3773 3772 1675
f 1584 1581 1783
f 1771 1797 3920
f 1801 1799 1798
f 1768 1769 1798
f 1775 1796 1797
f 508 514 515
f 1796 1803 1802
f 1800 1798 3920
f 1794 1805 1804
f 3532 1670 1752
f 485 1808 1807
f 3809 3844 1640
f 3837 3844 1810
f 485 482 1640
f 1690 1691 3770
f 487 488 1648
f 3839 1813 1816
f 3838 1811 1648
f 3839 1812 1811
f 1812 1809 487
f 1641 1809 767
f 465 466 755
f 767 1815 3823
f 3822 1816 3826
f 1809 1812 1815
f 3837 1653 1651
f 675 672 3541
f 1814 1649 1822
f 1821 1822 3821
f 1824 1822 1649
f 1827 1849 1850
f 1668 1669 1662
f 1779 1780 1848
f 1790 1827 1805
f 1833 1836 1853
f 3521 3506 693
f 1614 1615 1616
f 1852 1853 3498
f 1620 1621 1622
f 1855 1765 1574
f 1847 1852 3501
f 1766 1765 1855
f 1629 1630 1631
f 1633 1622 1634
f 1635 1636 1637
f 1848 1833 1852
f 1855 1861 1863
f 1803 1866 1867
f 1862 1863 1831
f 1782 1855 1862
f 3922 3924 1865
f 1873 1872 1870
f 1874 1869 799
f 2045 3878 3897
f 1219 1345 1295
f 1615 1614 1396
f 3884 3895 1877
f 645 3898 3786
f 1345 1219 1035
f 634 639 3884
f 15 1887 1327
f 3910 3895 1878
f 1894 604 605
f 3506 3551 627
f 3560 640 645
f 340 341 454
f 1897 194 195
f 1889 1882 1877
f 1901 94 129
f 196 749 754
f 1705 1704 3921
f 340 378 166
f 1570 1480 563
f 1904 1494 194
f 1781 1862 1832
f 1905 549 55
f 1000 994 995
f 986 919 920
f 1191 1185 1190
f 2094 2077 2075
f 1920 1921 1919
f 453 454 1912
f 1915 1919 1918
f 3882 2112 2106
f 1655 3575 3531
f 1916 1918 1926
f 704 3554 3561
f 278 1916 1925
f 3565 3564 1818
f 1097 949 1115
f 1927 1928 727
f 3578 3579 3654
f 1920 310 307
f 1929 307 48
f 503 504 1497
f 1902 1903 787
f 1816 1821 3820
f 1925 1926 1923
f 1535 1569 1568
f 254 252 258
f 1509 1497 366
f 119 86 35
f 219 288 293
f 141 46 47
f 542 205 244
f 1940 552 430
f 1779 1828 1827
f 1701 1710 3915
f 1661 3550 3515
f 270 53 754
f 197 1947 749
f 1727 1728 1212
f 53 54 232
f 1465 1468 1479
f 1284 3862 3854
f 1951 446 412
f 168 398 1554
f 1486 1485 206
f 506 77 78
f 994 1001 1007
f 951 953 963
f 1013 3859 3861
f 3826 3820 1820
f 1498 1909 1954
f 299 298 543
f 1754 1755 1756
f 1681 469 1683
f 1696 1694 1695
f 13 14 738
f 473 476 475
f 482 1641 768
f 204 62 30
f 1761 1762 820
f 611 1763 1125
f 1501 1503 1908
f 1074 1073 711
f 1960 1944 82
f 120 1956 1960
f 35 86 87
f 1773 1199 1025
f 1965 1545 1569
f 494 761 471
f 1966 1967 1969
f 446 1951 1971
f 174 368 125
f 1580 1579 1578
f 1785 1786 1787
f 1972 1546 304
f 1254 876 875
f 1973 341 342
f 321 1912 1973
f 1910 277 275
f 509 1973 514
f 1486 1507 1527
f 1974 1874 804
f 1977 1976 1974
f 1980 448 1966
f 379 1 2
f 1718 1715 1710
f 884 995 992
f 1680 1684 1678
f 902 990 525
f 344 255 256
f 135 138 137
f 448 446 1967
f 589 605 604
f 910 909 908
f 1981 1966 1968
f 1982 1981 1987
f 1988 1979 1987
f 1990 1988 1989
f 1991 1989 1993
f 322 321 320
f 992 828 830
f 1144 1076 1086
f 1995 1977 1978
f 1133 1129 1118
f 1997 1995 1994
f 870 1823 1335
f 805 806 1982
f 727 184 2000
f 1996 1994 1988
f 1994 1978 1979
f 1829 616 792
f 1830 1073 941
f 798 803 800
f 729 732 731
f 2011 2012 2023
f 1834 1835 846
f 402 283 284
f 2022 2023 2024
f 1838 718 989
f 810 955 952
f 1823 1839 1840
f 1430 1426 1432
f 1215 844 1841
f 1316 1208 873
f 2112 1401 1384
f 1842 1843 1844
f 1159 846 845
f 837 27 1846
f 1971 1951 2030
f 517 369 370
f 1471 2026 2027
f 3551 3525 626
f 2174 2175 770
f 935 934 1854
f 1613 1619 1611
f 1231 1228 1225
f 1856 1857 891
f 1300 1309 748
f 1150 1149 1858
f 1643 606 696
f 1215 1265 1264
f 1320 1860 902
f 1956 1943 1944
f 2031 668 669
f 2034 1325 1310
f 1879 1880 1656
f 40 245 242
f 1992 1993 2039
f 888 958 957
f 1882 1889 1996
f 1078 1138 1255
f 1871 912 1192
f 294 411 218
f 1323 2041 2026
f 123 1960 83
f 1324 2036 2041
f 384 358 359
f 1324 1325 2038
f 1883 1884 1885
f 287 1540 114
f 1096 1886 1134
f 915 1329 931
f 806 1980 1981
f 3533 3529 584
f 1425 2030 2042
f 1018 2042 1948
f 3562 1896 740
f 1948 2042 649
f 1881 1882 1990
f 1900 129 130
f 992 995 994
f 923 927 925
f 3878 2045 2047
f 1643 2048 625
f 2050 2052 2051
f 2045 1405 1404
f 3876 2047 945
f 1139 1080 1079
f 1037 1856 892
f 2055 2053 2057
f 1198 989 718
f 1619 2058 1612
f 2058 1605 1606
f 2059 2060 1607
f 2058 1619 1624
f 71 72 179
f 405 406 1557
f 322 1548 1972
f 2061 2052 2063
f 2066 2065 2067
f 2052 2061 2064
f 1609 1610 2066
f 1515 151 152
f 1009 827 993
f 1644 3843 3815
f 279 1915 1916
f 1285 3863 3862
f 1647 2066 1825
f 2056 2057 2067
f 319 320 1953
f 667 666 1913
f 2070 631 625
f 2052 2050 2055
f 2038 1654 1655
f 1606 1601 2073
f 1235 1917 1270
f 2072 2073 2075
f 2059 1606 2072
f 2074 2075 2077
f 1601 1602 2078
f 2049 2048 1643
f 1000 1004 1001
f 1089 943 684
f 1931 1286 1306
f 1462 1459 1021
f 1932 1933 1934
f 875 874 1846
f 1936 1051 1937
f 44 45 46
f 1534 1955 1956
f 1541 318 317
f 2081 2082 2084
f 146 1945 1959
f 1360 1941 1942
f 985 984 1032
f 1995 1997 1892
f 2079 2080 2082
f 2095 2096 2076
f 2081 2093 2078
f 2055 2050 2054
f 501 2096 2095
f 2097 2100 2099
f 2098 2099 2094
f 2140 2141 3893
f 2141 2046 3894
f 2051 2070 2048
f 592 2102 2101
f 2071 2064 2076
f 2102 2097 2098
f 593 2103 2102
f 1019 1895 746
f 1950 11 12
f 725 2071 2096
f 1385 2105 2104
f 1379 2104 2106
f 2107 2108 2100
f 3908 726 502
f 3896 502 499
f 940 1389 2109
f 928 929 1170
f 3868 590 684
f 1962 1963 1964
f 3878 680 573
f 2039 1993 1968
f 1389 1390 2110
f 1398 2111 2113
f 3757 3755 3753
f 3911 3883 2107
f 949 923 924
f 260 241 324
f 1390 1397 2113
f 2070 2051 2064
f 3867 3911 2103
f 2105 1385 1421
f 2114 1421 1423
f 3892 2114 2115
f 3908 2105 2114
f 554 2116 1902
f 972 1163 967
f 1765 1593 1573
f 1984 1985 1986
f 2053 2117 2069
f 3573 3556 724
f 1625 1677 1674
f 3881 3888 2119
f 3903 2115 2123
f 56 1954 1906
f 626 3877 3879
f 2001 2002 2003
f 3912 3841 2127
f 2006 2007 2008
f 2127 1413 1412
f 2014 2015 2016
f 2018 2019 2020
f 1495 1424 1947
f 1379 1377 1386
f 3814 3811 1680
f 2029 1885 1884
f 3902 2128 2120
f 629 3879 3914
f 682 683 943
f 724 1650 2121
f 1757 1819 3821
f 765 1810 3844
f 3851 714 715
f 706 707 3870
f 981 986 987
f 1457 1868 1656
f 2017 2016 2032
f 1458 1655 1868
f 1776 1777 1792
f 1959 1945 1946
f 3663 3715 3725
f 3913 3881 2122
f 1093 1089 689
f 966 965 968
f 3852 715 3881
f 2172 3577 2170
f 670 2138 2137
f 3761 787 1903
f 1429 19 28
f 964 963 978
f 3841 3813 1413
f 1473 1474 669
f 3834 3833 1359
f 2138 798 1870
f 1872 1473 2137
f 715 716 3888
f 1881 1991 1992
f 3843 3842 739
f 1837 1847 3513
f 253 58 59
f 1808 3837 3840
f 1647 3832 3818
f 3865 3866 671
f 2112 3882 3883
f 1405 2045 2044
f 3829 3824 1364
f 273 1541 391
f 576 632 3520
f 3875 3865 668
f 1430 1431 2140
f 2136 3850 3860
f 1430 2139 18
f 3893 3894 570
f 1442 1439 2046
f 1431 1442 2141
f 3869 3913 3850
f 3808 3823 1817
f 3866 3893 695
f 2142 2025 798
f 571 2143 2142
f 3819 3814 1618
f 2143 2022 2025
f 694 2142 2138
f 681 1572 2144
f 2144 2011 2022
f 328 210 457
f 1572 2010 2011
f 630 3892 3903
f 2085 2086 2087
f 2090 2091 2092
f 572 2144 2143
f 1875 1976 2153
f 1873 1875 2149
f 2103 2107 2097
f 2157 2043 2155
f 2128 1412 1414
f 3874 3871 589
f 3872 3870 628
f 2149 2153 2158
f 2159 2158 3905
f 698 3907 3902
f 3823 3847 3827
f 2158 2156 3874
f 1438 2044 2046
f 2035 2154 2160
f 2161 2160 3889
f 3871 3891 605
f 3873 17 18
f 370 29 61
f 649 1951 413
f 2153 2157 2156
f 1428 1429 1449
f 1490 76 73
f 3890 3905 710
f 2155 1891 3891
f 1456 1457 1880
f 2125 2088 2087
f 2160 2159 3890
f 300 1959 505
f 1064 1062 1046
f 2043 1892 1891
f 2129 2130 2004
f 2131 2132 2133
f 3848 3849 1450
f 1998 1975 804
f 3879 673 3864
f 474 492 490
f 1164 1165 1182
f 707 2162 3909
f 708 1472 2162
f 2162 2161 3886
f 548 549 1905
f 1145 1136 1114
f 705 2121 1650
f 2043 2157 1977
f 737 738 554
f 1034 1195 1191
f 458 1905 1907
f 195 196 232
f 2040 2039 1969
f 2145 2146 2147
f 2054 2050 2049
f 3832 1646 1639
f 9 12 11
f 252 364 506
f 472 478 479
f 1865 3924 3791
f 900 903 910
f 1941 2150 2151
f 1921 1928 1927
f 2163 1897 1898
f 271 156 153
f 1904 1326 12
f 282 263 264
f 1872 1873 2154
f 1326 1904 1897
f 628 692 693
f 1724 1722 1719
f 1549 1562 436
f 1582 1583 1730
f 1921 1920 1929
f 3563 3511 10
f 2152 2037 1950
f 475 772 774
f 769 2172 2171
f 2171 2165 476
f 476 773 772
f 1791 565 464
f 2166 2167 2168
f 595 371 372
f 483 1809 1641
f 762 2174 2173
f 771 483 484
f 486 487 1809
f 297 1549 1517
f 763 2175 2174
f 776 755 759
f 184 185 2176
f 412 447 303
f 2005 2176 185
f 3811 1681 1682
f 2164 2170 756
f 1472 2035 2161
f 950 951 964
f 2177 2178 2179
f 227 226 1510
f 2182 2183 2184
f 2186 2019 2018
f 1985 2182 2181
f 214 736 729
f 865 849 842
f 849 865 1357
f 559 3187 3188
f 16 13 737
f 560 553 498
f 3193 3196 3195
f 3200 3197 3198
f 3211 3214 3213
f 3215 3218 3217
f 2187 2188 2002
f 2169 2168 2189
f 2192 2086 2085
f 2193 2194 2195
f 2198 2199 2200
f 1998 1982 1979
f 3664 3665 3668
f 2116 1898 1903
f 1859 2006 2009
f 3904 2123 2126
f 1135 1148 1087
f 2201 2202 2015
f 1149 111 110
f 3221 3222 3218
f 2203 2204 2205
f 579 580 1895
f 1755 2207 2208
f 3891 3910 1893
f 1211 2151 2150
f 868 997 2210
f 944 945 930
f 2130 2129 2202
f 233 1903 1898
f 665 751 750
f 1167 1254 999
f 2211 2212 2213
f 2215 2216 2217
f 3867 593 590
f 2220 221 220
f 823 824 948
f 3225 3220 3227
f 266 204 455
f 3882 2108 2107
f 2221 2222 3519
f 2223 2224 2225
f 2207 2125 2124
f 673 674 3869
f 817 1000 996
f 2227 2228 2146
f 1947 1948 646
f 3900 2135 17
f 2229 1635 1638
f 1679 1613 1618
f 1637 2231 2232
f 2233 2234 1617
f 2231 2235 2236
f 1381 1638 2238
f 3586 2241 2242
f 1630 2234 2233
f 1681 1626 472
f 1408 1407 2243
f 3236 3239 3238
f 3232 3241 3240
f 1637 2230 2238
f 3237 3238 3233
f 1409 1408 1634
f 1380 1383 2247
f 1628 2248 2245
f 2249 1623 1622
f 1632 1634 1408
f 2248 1628 1631
f 2235 2231 1637
f 3245 3246 3199
f 631 2070 2071
f 515 167 52
f 782 781 2251
f 2253 2254 2255
f 397 281 459
f 1456 2039 2040
f 2040 2041 2036
f 1401 2112 2111
f 2041 2040 1970
f 1535 121 414
f 1586 1587 2080
f 2256 983 1132
f 1700 1699 3918
f 3815 1896 1686
f 1263 2256 1886
f 598 1841 844
f 2257 2258 2259
f 2258 2261 2262
f 2259 2262 2263
f 2260 2259 2216
f 1967 1971 1970
f 2212 1964 1963
f 922 921 2218
f 1312 1098 1101
f 1307 1306 1286
f 1548 1569 1546
f 2266 2267 2268
f 2265 2268 2270
f 2272 2265 2269
f 2273 2266 2265
f 2275 2276 2277
f 2278 2274 2277
f 2284 2285 3617
f 2287 2283 2286
f 2288 2289 2283
f 2290 2284 3639
f 2291 2292 2293
f 2295 2291 2294
f 2296 2297 2291
f 2297 2298 2292
f 2294 2293 2299
f 2279 2294 2300
f 2298 2301 2302
f 2292 2302 2303
f 2293 2303 2304
f 2304 2305 2306
f 2308 2309 2310
f 2302 2307 2310
f 2301 2311 2307
f 2312 2308 2307
f 2313 2314 2315
f 2318 2319 2320
f 3748 3771 2322
f 2324 2325 2273
f 2313 2324 2326
f 2328 2324 2313
f 2329 2325 2324
f 2331 2332 2333
f 2330 2333 2267
f 2325 2330 2266
f 2329 2331 2330
f 2333 2334 2335
f 2336 2334 2333
f 2338 2336 2332
f 2331 2339 2337
f 2329 2340 2339
f 2328 2341 2340
f 2316 2342 2341
f 2342 2316 2315
f 2344 2345 2346
f 2341 2344 2347
f 2342 2348 2344
f 2348 2349 2345
f 2350 2351 2352
f 2339 2350 2353
f 2340 2347 2350
f 2347 2346 2351
f 2337 2353 2354
f 2353 2352 2355
f 2356 2277 2276
f 2356 2357 2358
f 2356 2359 2296
f 2279 2277 2356
f 2360 2361 2270
f 2267 2335 2360
f 2362 2363 2364
f 2362 2365 2361
f 2366 2362 2358
f 2366 2367 2363
f 2357 2276 2368
f 2366 2368 2369
f 2276 2275 2370
f 2368 2370 2282
f 2372 2373 2374
f 2375 2376 2377
f 2378 2379 2380
f 2382 2378 2381
f 2384 2385 2378
f 2385 2386 2379
f 2388 2389 2390
f 2387 2390 2392
f 2393 2394 2387
f 2394 2395 2388
f 2186 2401 2402
f 2403 2404 2327
f 2272 2403 2326
f 2271 2405 2403
f 2405 2406 2404
f 2404 2407 2408
f 2409 2410 2411
f 2409 2412 2271
f 2413 2409 2269
f 2413 2414 2410
f 2417 2415 2416
f 2417 2418 2406
f 2412 2417 2405
f 2411 2415 2417
f 2406 2419 2407
f 3569 3520 632
f 2420 2398 2397
f 2420 2421 2423
f 2424 2420 2422
f 2424 2399 2398
f 2425 2391 2392
f 2421 2425 2426
f 2397 2396 2425
f 2396 2393 2391
f 2427 2314 2408
f 2430 2427 2428
f 2343 2315 2427
f 2432 2343 2430
f 2431 2430 2429
f 2435 2431 2433
f 2436 2432 2431
f 2428 2408 2407
f 2422 2437 2407
f 2438 2437 2422
f 2429 2428 2437
f 2440 2434 2433
f 2441 2439 2433
f 2442 2443 2439
f 2443 2444 2440
f 2445 2446 2444
f 2447 2445 2443
f 2383 2381 2445
f 2381 2380 2446
f 2448 2438 2423
f 2449 2448 2426
f 2441 2448 2449
f 2441 2429 2438
f 2449 2392 2390
f 2450 2390 2389
f 2447 2450 2451
f 2442 2449 2450
f 2451 2389 2453
f 2452 2453 2455
f 2382 2452 2454
f 2383 2451 2452
f 2456 2457 2373
f 2459 2460 2461
f 2463 2464 2465
f 2462 2465 2285
f 2466 2462 2284
f 2467 2463 2462
f 2461 2460 3703
f 2468 2469 2470
f 2472 2468 2471
f 2474 2461 3701
f 2475 2476 2477
f 2458 2455 2453
f 2479 2453 2389
f 2395 2480 2479
f 2480 2459 2458
f 2481 2482 2483
f 2484 113 2485
f 2471 2470 2464
f 2473 2471 2463
f 2487 2467 2466
f 2486 2466 2290
f 2490 2486 2488
f 2491 2487 2486
f 2492 2473 2467
f 2493 2492 2487
f 2494 2495 2492
f 2495 2472 2473
f 3690 2496 2474
f 3691 2497 2496
f 2498 2494 2493
f 2500 2498 2499
f 3700 3687 2498
f 3687 3691 2494
f 2306 2504 2278
f 2305 2505 2504
f 2504 2505 2507
f 2506 2507 2288
f 2274 2506 2508
f 2278 2504 2506
f 3633 3632 2489
f 3620 3633 2488
f 2507 2509 2289
f 2505 2510 2509
f 2508 2288 2287
f 2511 2287 2281
f 2370 2511 2280
f 2275 2508 2511
f 2512 2490 2489
f 2514 2512 2513
f 2517 2512 2514
f 2517 2491 2490
f 2499 2493 2491
f 2499 2517 2516
f 2510 2505 2519
f 2518 2519 2521
f 3616 2518 2520
f 3632 2510 2518
f 2522 2304 2303
f 2523 2522 2310
f 2305 2304 2522
f 2524 2522 2523
f 2519 2524 2525
f 2505 2305 2524
f 2308 2312 2527
f 2526 2527 2529
f 2531 2526 2528
f 2309 2308 2526
f 1214 2532 2151
f 2419 2406 2418
f 2533 2345 2349
f 2534 2533 2317
f 2535 2536 2533
f 2536 2346 2345
f 2537 2351 2346
f 2538 2537 2536
f 2539 2540 2537
f 2540 2352 2351
f 2312 2355 2541
f 2527 2541 2542
f 2543 2435 2434
f 2545 2543 2544
f 2319 2318 2543
f 2318 2436 2435
f 2514 2515 2548
f 2547 2548 2550
f 2552 2547 2549
f 2552 2516 2514
f 2520 2521 2554
f 2553 2554 2556
f 3590 2553 2555
f 3621 2520 2553
f 2523 2309 2531
f 2557 2531 2530
f 2525 2523 2557
f 2559 2557 2558
f 2554 2559 2560
f 2521 2525 2559
f 2561 2375 2007
f 2376 2562 2225
f 2564 2565 2566
f 2563 2566 338
f 2569 2563 2567
f 2570 2564 2563
f 2572 2573 2574
f 2571 2574 2576
f 2544 2571 2575
f 2544 2434 2572
f 2578 2570 2569
f 2579 2577 2569
f 2574 2577 2579
f 2573 2578 2577
f 2581 2582 2583
f 2584 2580 2583
f 3697 3675 2580
f 3676 2581 2580
f 2582 2516 2552
f 2583 2552 2551
f 2500 2501 2589
f 2590 2588 2589
f 3693 3695 2588
f 3695 3700 2500
f 2501 2516 2591
f 2592 2593 2594
f 2386 2385 2503
f 2596 2379 2386
f 2596 2374 2373
f 2599 2596 2597
f 2599 2380 2379
f 2600 2446 2380
f 2600 2599 2598
f 2603 2600 2601
f 2603 2444 2446
f 2604 2603 2602
f 2440 2604 2605
f 2444 2603 2604
f 2606 2582 2581
f 2606 2607 2590
f 2591 2516 2582
f 3676 2587 2456
f 3689 2456 2372
f 2478 2477 2608
f 2609 2610 2611
f 2564 2570 2613
f 2612 2613 2598
f 2457 2612 2597
f 2565 2564 2612
f 2614 2613 2570
f 2615 2614 2578
f 2602 2601 2614
f 2601 2598 2613
f 2572 2434 2605
f 2616 2605 2602
f 2573 2572 2616
f 1459 1016 1045
f 1265 1215 1079
f 1612 1608 1609
f 2067 2057 2069
f 1135 1109 1136
f 1938 1937 2618
f 95 548 458
f 2058 1607 1608
f 1454 1469 1445
f 655 2620 1048
f 722 1049 2621
f 1131 985 1033
f 562 1481 366
f 1723 1719 1725
f 1786 1123 1122
f 267 300 323
f 1325 2034 1654
f 1468 1165 1435
f 658 657 529
f 8 532 247
f 382 1557 1559
f 788 619 1307
f 940 930 929
f 911 2622 2623
f 2621 2620 655
f 2624 1857 2625
f 998 1846 27
f 635 638 2626
f 2627 641 644
f 2628 2627 1840
f 1200 1199 2627
f 1199 1773 641
f 1520 515 49
f 1452 1350 1349
f 2630 2631 1859
f 644 643 1335
f 1197 1198 717
f 2632 717 719
f 2628 2632 1166
f 2629 1197 2632
f 1762 2633 1050
f 1823 870 873
f 2634 2635 794
f 1042 794 2635
f 93 94 1901
f 2036 2038 1458
f 1527 332 1525
f 877 876 1274
f 134 409 797
f 1328 893 931
f 607 777 1091
f 1043 2635 2637
f 2636 2637 2639
f 1275 2636 2638
f 1275 1040 1043
f 1272 2624 2626
f 2640 2626 638
f 1110 2641 2640
f 536 1272 2640
f 1472 708 1474
f 2042 2030 1951
f 1058 1106 1105
f 2642 2623 2643
f 1192 2642 2644
f 912 2623 2642
f 3898 1657 3526
f 1049 1048 2620
f 616 1829 1885
f 1331 1913 666
f 990 989 1198
f 1911 1912 321
f 1298 1282 1205
f 76 1490 1504
f 1502 1500 421
f 610 609 658
f 1146 937 659
f 2646 911 914
f 1280 1239 1238
f 1453 1454 1452
f 835 942 1843
f 1271 1270 1173
f 1893 1878 1826
f 1050 2633 1937
f 2651 2652 814
f 1006 1053 1281
f 2653 1084 2654
f 1001 1004 1003
f 585 997 679
f 2624 1272 621
f 555 678 2028
f 1207 526 1197
f 1626 1627 478
f 426 389 419
f 1030 1193 1773
f 3898 645 634
f 534 1533 138
f 1125 1092 1042
f 333 228 88
f 569 1570 561
f 1489 2656 871
f 1857 2624 620
f 1673 1674 3770
f 622 861 864
f 619 788 891
f 261 544 545
f 393 1555 1556
f 2658 2659 2647
f 1075 2658 2657
f 1081 1080 2658
f 1080 1139 2659
f 2644 2643 1141
f 2660 1141 1140
f 642 2660 1336
f 1193 2644 2660
f 679 678 555
f 1503 1501 1500
f 1318 1317 1101
f 2661 2659 1139
f 2661 1142 2663
f 2662 2647 2659
f 2662 2663 2622
f 2664 2622 911
f 2648 2664 2646
f 2648 2647 2662
f 2083 2094 2093
f 1442 1440 1437
f 519 329 330
f 1885 2029 1209
f 799 800 805
f 1946 1943 1952
f 1302 1301 1253
f 566 2005 224
f 1389 940 928
f 683 682 681
f 836 835 1842
f 2665 1842 1845
f 2666 2665 1303
f 24 836 2665
f 831 1072 2650
f 1845 1844 1304
f 2010 2013 2012
f 1051 1936 2667
f 1522 1521 1511
f 531 440 441
f 1250 635 2625
f 2669 2625 1857
f 783 2669 1856
f 782 1250 2669
f 720 2670 2671
f 1055 1931 1930
f 1333 1067 1251
f 619 622 1308
f 652 655 2619
f 521 522 1539
f 1838 988 537
f 2672 537 536
f 1113 2672 2641
f 1113 527 1838
f 1016 1013 1351
f 3897 573 570
f 226 227 104
f 3564 3669 3827
f 1036 1037 1884
f 2674 1301 1304
f 2673 1304 1844
f 1334 2673 2675
f 1333 2674 2673
f 2676 702 1039
f 1843 2676 2675
f 942 1074 2676
f 1074 699 702
f 752 1057 1055
f 1200 1166 656
f 1120 1846 874
f 2677 874 877
f 1241 2677 1052
f 1119 1120 2677
f 1560 1513 151
f 1208 1316 611
f 215 735 736
f 1460 1459 1462
f 1208 1207 1839
f 854 856 1282
f 72 445 182
f 544 1563 1565
f 217 200 456
f 2047 1404 930
f 1204 2618 1937
f 913 777 686
f 840 527 1113
f 1531 729 730
f 2678 778 1283
f 601 667 1914
f 1537 1538 459
f 1819 1757 3509
f 991 1860 862
f 2679 711 1073
f 2680 1830 983
f 779 2680 2256
f 778 2678 2680
f 2678 2679 1830
f 180 542 245
f 1886 1132 1131
f 1138 1137 1274
f 1841 598 1140
f 75 313 314
f 193 423 420
f 2681 2682 1099
f 170 1567 1565
f 349 416 417
f 1121 1124 2684
f 547 797 409
f 123 122 121
f 2643 2663 1142
f 1542 1544 513
f 899 900 907
f 1210 677 676
f 791 663 982
f 24 27 837
f 893 896 932
f 1860 1320 863
f 535 538 862
f 1569 1548 1547
f 181 455 542
f 660 659 937
f 2013 567 568
f 887 890 2631
f 1524 1508 361
f 520 161 162
f 2653 855 854
f 1238 1237 2655
f 718 1838 527
f 1492 1493 518
f 792 616 615
f 599 846 1835
f 290 457 456
f 312 171 1552
f 1248 2687 1179
f 153 149 177
f 1240 1181 1222
f 1257 1292 1235
f 1291 1084 1083
f 1052 877 1277
f 743 742 2618
f 444 140 430
f 23 1224 1172
f 2687 2654 1180
f 102 103 409
f 1283 607 610
f 373 497 650
f 1180 2654 1084
f 855 2653 2655
f 1173 1270 1917
f 2689 850 853
f 2688 853 1108
f 2686 2688 1279
f 2687 2689 2688
f 2691 1302 1252
f 2690 1252 850
f 1248 2690 2689
f 1248 1247 2691
f 2692 617 24
f 2691 2692 2666
f 1247 1258 2692
f 1258 1168 617
f 394 1554 1555
f 2693 1260 1259
f 1072 1236 1262
f 1257 1071 1168
f 398 439 1555
f 871 1784 1314
f 1178 1232 1249
f 1224 1289 1173
f 1010 2617 2618
f 1175 1174 1292
f 2654 2687 2686
f 2694 1157 1216
f 71 418 1487
f 701 1112 1111
f 1072 1261 2649
f 1085 2695 22
f 895 2694 1264
f 1601 1606 1605
f 1259 1262 1271
f 21 20 1220
f 988 991 538
f 598 597 1336
f 1050 860 818
f 1298 2645 1761
f 1168 1167 618
f 858 1168 1256
f 39 242 516
f 2652 1761 819
f 313 316 315
f 2026 1970 1971
f 2656 1489 596
f 814 819 818
f 2696 2651 813
f 1260 2696 2649
f 2693 2697 2696
f 2697 1296 2651
f 381 355 390
f 3818 3819 1611
f 1475 1427 1428
f 1292 1174 1917
f 1551 353 354
f 1526 1525 1523
f 1593 1589 1595
f 1232 1269 1246
f 2695 2693 1223
f 2698 1297 1296
f 2698 2697 2693
f 2685 2698 2695
f 2685 854 1297
f 562 1497 271
f 2652 2651 1296
f 1365 1366 1364
f 1958 1946 1953
f 585 588 2210
f 1561 1560 1515
f 975 2648 1146
f 347 67 68
f 1038 1111 636
f 2700 781 780
f 2699 780 1036
f 2701 2699 1883
f 851 2700 2699
f 2674 1333 2251
f 2702 2251 781
f 1253 2702 2700
f 1301 2674 2702
f 1519 387 388
f 1273 1239 1280
f 2703 1280 1107
f 2701 2703 852
f 1829 1273 2703
f 91 260 326
f 1784 871 2656
f 2683 2684 2705
f 604 1894 3499
f 1669 3534 3548
f 2062 2063 2060
f 621 535 861
f 2023 731 732
f 686 779 1263
f 857 1051 2668
f 883 830 882
f 637 636 1111
f 2668 894 893
f 2667 921 894
f 1039 1038 1068
f 313 75 1504
f 1911 1972 305
f 1936 2706 1964
f 2707 2402 2401
f 2708 2707 2183
f 738 2163 2116
f 2349 2348 2432
f 2711 2712 2020
f 2400 2711 2019
f 2714 2715 2716
f 2717 2718 2719
f 2721 2722 2723
f 2726 2727 2728
f 2725 2728 2730
f 2731 2725 2729
f 2732 2726 2725
f 2734 2735 2736
f 2738 2739 2740
f 2737 2740 2741
f 2744 2745 2746
f 2745 2744 2748
f 2749 2750 2747
f 2753 2749 2751
f 2250 1380 2246
f 2754 1396 1614
f 3598 2754 2755
f 3608 2745 2747
f 1617 2756 2755
f 2242 2758 1620
f 2191 2085 2760
f 2761 2759 2760
f 3648 2759 2761
f 3623 2191 2759
f 3209 3248 3223
f 1395 1394 2236
f 1395 2235 1636
f 1616 1635 2229
f 1617 2234 2763
f 2756 2763 3628
f 2765 2763 2234
f 2766 2764 3628
f 3202 3199 3246
f 1516 437 435
f 2768 2769 3552
f 1495 541 578
f 2135 2136 28
f 3526 3540 2773
f 1690 1689 3926
f 2778 2779 2780
f 2777 2780 2781
f 2784 2778 2777
f 3555 3521 575
f 1494 1904 9
f 3529 2016 2015
f 451 61 505
f 2786 2787 2788
f 2779 2786 2785
f 2789 2752 2741
f 2790 2753 2752
f 2792 2793 2794
f 2793 2795 2796
f 2796 2797 2750
f 2794 2796 2749
f 2798 1393 1396
f 3591 2798 2754
f 2798 2799 2800
f 3591 3662 2799
f 2797 2796 2795
f 2791 2794 2753
f 216 233 232
f 3804 2806 2807
f 3805 2809 2804
f 2769 2810 3557
f 183 185 184
f 2811 2812 2775
f 2804 2811 2776
f 2809 2813 2811
f 2812 2811 2813
f 3805 2808 2816
f 3796 2818 2815
f 3798 3800 2820
f 3793 2823 2819
f 2824 2736 2735
f 2823 2825 2824
f 2825 2823 2826
f 3793 2822 2827
f 3796 2817 2826
f 2713 2716 2829
f 2828 2829 2831
f 2822 2821 2828
f 2821 2820 2713
f 2832 2827 2822
f 2833 2832 2830
f 2834 2835 2832
f 2835 2818 2827
f 2837 2838 2839
f 2836 2839 2841
f 2842 2836 2840
f 2843 2837 2836
f 2840 2841 2845
f 2718 2844 2845
f 2730 2728 2844
f 2727 2840 2844
f 2846 2845 2841
f 2829 2846 2847
f 2847 2841 2839
f 2848 2839 2838
f 2833 2848 2849
f 2831 2847 2848
f 2850 2814 2851
f 2853 2850 2852
f 2783 2777 2782
f 2785 2788 2853
f 2780 2785 2856
f 2857 2858 2855
f 2859 2857 2782
f 2861 2843 2842
f 2860 2842 2727
f 2862 2860 2726
f 2863 2861 2860
f 2861 2863 2858
f 2843 2861 2857
f 2856 2853 2854
f 2781 2856 2864
f 2837 2843 2859
f 2838 2837 2864
f 2852 2851 2834
f 2854 2852 2849
f 2865 2815 2818
f 2851 2865 2835
f 2813 2809 2815
f 2814 2813 2865
f 2866 2812 2814
f 2788 2866 2850
f 2866 2788 2787
f 2812 2866 2867
f 1892 1889 1890
f 2720 2719 2846
f 298 299 256
f 2872 2714 2713
f 3794 3800 2735
f 2729 2730 2874
f 2846 2716 2715
f 2876 2877 2878
f 2733 2875 2878
f 3806 3807 2879
f 3806 2880 2872
f 2882 2883 2884
f 2881 2884 2715
f 2880 2881 2714
f 2879 2882 2881
f 2885 2886 2887
f 2888 2889 2890
f 2885 2890 2892
f 2893 2886 2885
f 1942 2151 2532
f 2895 2892 2720
f 2884 2895 2870
f 2883 2896 2895
f 2896 2891 2892
f 2889 2874 2717
f 2890 2717 2720
f 2897 2893 2891
f 2898 2897 2896
f 2899 2898 2883
f 2900 2899 2882
f 3797 2900 2879
f 2876 2902 2901
f 2901 2902 2904
f 1785 2656 1835
f 2905 2906 2899
f 2907 2908 2897
f 3797 2901 2903
f 632 576 577
f 3532 3547 2867
f 434 385 550
f 2768 2770 3640
f 2910 2911 1623
f 2241 2912 2758
f 3640 2770 2913
f 1623 2911 2757
f 3587 2242 2757
f 2229 1381 1380
f 2765 1630 1629
f 2915 2914 1629
f 3642 3641 2914
f 3641 3622 2765
f 2919 2916 3642
f 2918 2915 2912
f 3614 2918 2241
f 3618 2919 3613
f 3541 2177 2180
f 3521 2002 2188
f 3705 3573 714
f 2925 2766 2917
f 2924 2917 2916
f 3610 2924 2919
f 3611 2925 2924
f 2926 2927 2766
f 3658 2926 2925
f 1715 1713 1705
f 785 497 498
f 1387 651 565
f 374 375 1899
f 3573 2203 2206
f 2929 2930 2886
f 2932 2933 2934
f 1905 1906 1908
f 2930 2935 2936
f 2938 2935 2930
f 1493 369 517
f 1603 1585 1586
f 2939 2938 2929
f 2940 2939 2908
f 3665 1707 1600
f 2886 2930 2937
f 2906 2907 2898
f 2908 2929 2893
f 2942 2934 2933
f 2941 2933 2937
f 3501 2941 2936
f 3498 2942 2941
f 2943 2944 2710
f 2943 2873 2874
f 2945 2943 2889
f 2946 2944 2943
f 2932 2945 2888
f 2931 2946 2945
f 727 1928 1929
f 2903 2904 2947
f 545 594 42
f 1480 1570 533
f 2907 2906 2949
f 2906 2905 2950
f 1558 452 215
f 3799 2903 2948
f 2054 1645 1644
f 3705 3684 2203
f 1828 1837 1849
f 2953 2954 2955
f 2952 2955 2957
f 2956 2261 2258
f 2953 2952 2258
f 2454 2455 2474
f 3747 2958 2959
f 3747 2132 2131
f 2961 2962 2963
f 2958 2963 2964
f 222 221 2485
f 2477 2226 2966
f 2631 2561 2006
f 2384 2454 2496
f 2967 2968 2959
f 2968 2967 2970
f 3759 2033 2971
f 3784 2971 2960
f 2972 2971 2033
f 2007 2377 2973
f 3560 3559 2134
f 1836 1833 1832
f 3506 2188 2090
f 955 810 959
f 672 675 674
f 633 710 713
f 2024 732 733
f 2025 2024 803
f 425 1552 1550
f 2975 2976 888
f 1319 1158 1157
f 1212 1935 2977
f 889 957 2228
f 1978 1974 1975
f 1138 1078 1329
f 751 665 2979
f 1619 1613 1625
f 2252 2255 1728
f 1157 1160 845
f 2706 1936 1938
f 2980 2255 2254
f 2982 2975 887
f 802 712 711
f 678 677 2029
f 527 840 690
f 1839 1207 2629
f 2983 2984 602
f 2983 1914 1913
f 2985 2983 1331
f 2986 2984 2983
f 2987 2637 2635
f 2985 2988 2639
f 2990 1319 1318
f 2991 2992 2993
f 2995 2991 2994
f 1106 1058 2991
f 1058 1057 2992
f 1415 1406 1365
f 1317 922 2217
f 1932 1728 2255
f 926 2998 2999
f 3001 2993 2992
f 3000 2992 1057
f 2999 3000 2978
f 2998 3001 3000
f 3002 2998 2209
f 3002 3003 2996
f 2993 3001 3002
f 1103 1106 2995
f 3004 2995 2996
f 2209 2210 3004
f 588 1103 3004
f 295 296 433
f 2638 2639 2988
f 3005 2988 1056
f 1305 3005 1930
f 1276 2638 3005
f 1987 1968 1993
f 2633 1762 1761
f 1423 1422 1417
f 3561 3517 739
f 2671 2670 2704
f 1473 1872 2035
f 922 1317 2694
f 1401 1400 1378
f 556 2028 1884
f 842 848 3825
f 1854 2706 2617
f 933 1082 1081
f 1440 1441 1436
f 529 657 719
f 1031 1025 1027
f 777 913 912
f 2645 1205 1204
f 441 438 1538
f 790 1287 587
f 2065 2066 1610
f 1860 991 990
f 60 106 87
f 1424 1017 1948
f 332 1527 1507
f 261 262 138
f 187 188 449
f 1719 1720 1726
f 1931 1055 1059
f 3006 1059 1105
f 1287 3006 1104
f 1286 1931 3006
f 3007 3008 3009
f 3009 3008 653
f 618 999 26
f 2029 677 1210
f 957 601 600
f 1049 2146 2228
f 2631 890 3011
f 890 889 2227
f 3011 2227 2145
f 2561 3011 3012
f 1026 656 609
f 2706 1854 1961
f 3013 2965 2485
f 2148 2147 1267
f 3015 1267 1266
f 2997 2264 1101
f 642 641 1773
f 186 477 461
f 1041 1040 1320
f 1121 3016 3017
f 2984 2986 2987
f 3018 2987 2634
f 1048 603 3018
f 603 602 2984
f 2679 2678 801
f 2062 2072 2074
f 2061 2074 2076
f 414 303 1545
f 3016 1121 2683
f 3019 2683 2704
f 3020 3019 2670
f 3007 3016 3019
f 1871 1090 1091
f 3021 1787 1122
f 3022 3021 3017
f 1314 3021 3022
f 1784 1787 3021
f 1316 1315 1763
f 3023 3022 3010
f 3023 3009 795
f 1763 3023 1092
f 1315 3022 3023
f 3016 3007 3010
f 752 751 2978
f 2986 2639 2637
f 3024 654 653
f 3020 3024 3008
f 720 723 3024
f 723 2621 654
f 2681 1098 1268
f 2671 3025 1268
f 2705 2681 3025
f 1313 3026 3027
f 3026 3028 3029
f 3027 3029 3030
f 1311 3027 3031
f 2012 568 731
f 917 2657 974
f 743 1206 856
f 1888 2027 2030
f 2682 2705 2684
f 3032 2684 1124
f 1100 3032 2989
f 1099 2682 3032
f 1123 2990 2989
f 3033 1834 1159
f 2990 3033 1158
f 1123 1786 3033
f 1786 1785 1834
f 1054 1056 2988
f 2979 665 664
f 2623 2622 2663
f 1095 660 688
f 3034 3035 2261
f 3036 3034 2956
f 3037 3038 3034
f 3038 3039 3035
f 3040 3041 3026
f 2263 3042 3041
f 3042 3039 3043
f 3041 3043 3028
f 3044 3045 3043
f 3046 3047 3045
f 3047 3048 3049
f 3043 3045 3049
f 3038 3037 3051
f 3050 3051 3053
f 3052 3046 3044
f 3039 3038 3050
f 3054 3035 3039
f 3042 2263 2262
f 2261 3035 3054
f 2216 2263 2997
f 2212 2211 2667
f 3056 868 2209
f 934 3057 1961
f 2013 3755 3757
f 3058 3059 3060
f 3059 3062 3063
f 3060 3063 2213
f 3061 3060 1963
f 3063 3064 2214
f 3062 3065 3064
f 3065 2257 2260
f 3064 2260 2215
f 3066 3067 3031
f 2608 2966 3067
f 2966 2562 3068
f 3031 3067 3068
f 2455 2458 2461
f 2476 2223 2226
f 3551 2090 2089
f 3526 2774 3769
f 433 354 355
f 2115 1423 1419
f 3509 2868 2922
f 3769 3737 2131
f 3069 2611 2167
f 2971 2972 2928
f 2961 2774 2773
f 3070 2475 2478
f 2610 2609 3071
f 2502 2371 2374
f 3072 2592 2595
f 2964 3046 3052
f 3048 2593 3074
f 2593 2592 3075
f 3075 3030 3029
f 3074 3029 3028
f 3072 3076 3075
f 3076 3072 2482
f 2481 2608 3066
f 3076 3066 3030
f 2967 3052 3053
f 2482 3072 3073
f 479 480 493
f 706 3900 3873
f 3561 2194 2221
f 2013 2010 3754
f 3533 2032 2016
f 3562 3519 2222
f 1171 1154 1155
f 2586 2566 2565
f 2982 110 113
f 2562 2376 3077
f 2376 2375 3012
f 3012 2145 2148
f 3077 2148 3015
f 2963 3047 3046
f 3051 3078 2970
f 1683 2173 491
f 3850 2122 1447
f 1986 2181 3734
f 3079 3080 2546
f 3081 3079 2575
f 1983 1986 3768
f 3082 2323 2319
f 3080 3082 2545
f 3734 3732 3082
f 3732 3748 2323
f 1309 1471 1888
f 3073 2595 2772
f 2760 3083 3084
f 2760 2085 2088
f 3085 3084 3086
f 3089 3085 3090
f 3089 2762 3084
f 3092 3088 3090
f 3093 2748 2744
f 2751 2747 2748
f 3093 2741 2752
f 2742 2741 3093
f 3094 3093 2743
f 3096 3097 3098
f 3099 3096 3087
f 3097 3094 3095
f 3100 2743 2746
f 3101 2927 3102
f 2764 2766 2927
f 2745 2764 3101
f 3102 3092 3091
f 3100 3091 3095
f 2869 2802 3592
f 3102 3103 3104
f 3658 2868 2869
f 2927 2926 3103
f 3098 3095 3091
f 3087 3098 3090
f 2088 2125 3105
f 3083 3105 3086
f 2483 3073 2771
f 2401 2186 2185
f 3099 3086 3105
f 2125 2207 3106
f 3108 2737 2742
f 3107 2742 3094
f 3110 3108 3107
f 3109 3107 3097
f 3111 3109 3096
f 3112 3110 3109
f 3113 2738 2737
f 3115 2723 2722
f 3117 3115 3114
f 3119 3117 3116
f 3118 3116 3120
f 3116 3114 3113
f 3122 3112 3111
f 3122 3123 1755
f 3124 3125 3126
f 3125 3118 3121
f 3128 3119 3118
f 3129 3128 3125
f 2020 2712 3128
f 3853 3857 1346
f 1065 1046 1047
f 1814 3838 3830
f 2021 2020 3129
f 3111 3099 3106
f 3123 3106 2207
f 2377 2225 2224
f 3014 2485 113
f 1756 2208 3782
f 3131 3132 2530
f 3133 3131 2528
f 1753 1756 3767
f 3134 3124 3127
f 2327 2408 2314
f 2436 2318 2317
f 2018 2021 3711
f 2534 3136 3137
f 2320 2322 3136
f 2185 2018 3712
f 3138 3139 2542
f 3134 3135 3744
f 3785 3130 3134
f 3140 3138 2539
f 2535 3137 3140
f 3711 2021 3130
f 2558 2530 3132
f 3782 3760 3141
f 2560 2558 3141
f 3760 3777 3142
f 958 888 2976
f 1933 1932 2980
f 2399 2424 2418
f 2348 2342 2343
f 2322 2320 2319
f 2718 2717 2874
f 2709 2729 2873
f 2894 2871 1361
f 346 289 176
f 1876 1877 1882
f 2802 2803 3607
f 3104 3144 3088
f 2974 2222 3649
f 3089 3145 2761
f 3088 3144 3145
f 2803 2974 3603
f 3870 3909 692
f 2123 1419 1418
f 1365 1363 1368
f 1581 1766 1782
f 3569 2202 2129
f 3555 2003 2002
f 3146 2585 2551
f 3751 3146 3147
f 3742 3149 3146
f 3149 2584 2585
f 3196 3198 3197
f 3604 2192 2191
f 3142 3150 2556
f 3777 3778 3150
f 3646 3152 2550
f 3150 3151 2555
f 3778 3780 3151
f 3788 3781 3152
f 3153 3147 2551
f 3152 3153 2549
f 3781 3776 3153
f 3776 3750 3147
f 3148 2767 2206
f 2183 2401 2321
f 2132 2960 2928
f 3684 3685 2204
f 3719 2198 2197
f 2594 2962 2773
f 2595 2594 2951
f 1870 798 799
f 3713 2179 2178
f 3706 2178 3736
f 336 3154 3774
f 339 3155 3154
f 3789 3683 3149
f 3683 3697 2584
f 2963 2962 3048
f 3722 3730 337
f 339 338 2566
f 3156 3157 2168
f 2610 3156 2167
f 2954 2953 3156
f 3157 3156 2953
f 3707 2166 2169
f 2567 3158 3159
f 337 3158 2567
f 3730 3069 2166
f 3764 2190 1983
f 2579 3160 3081
f 2568 3159 3160
f 3709 2169 2190
f 3065 3062 3162
f 3161 3162 1984
f 3157 3161 2189
f 2257 3065 3161
f 734 735 1922
f 3059 3058 2708
f 3163 2708 2182
f 3162 3163 1985
f 3062 3059 3163
f 3203 3206 3205
f 2122 2119 1448
f 3817 1686 1685
f 139 140 444
f 1570 569 566
f 2957 3164 3165
f 2955 3166 3164
f 1912 454 341
f 3130 3129 3124
f 1548 322 319
f 1949 1950 1327
f 2969 2970 3078
f 3167 3078 3169
f 3724 2014 2017
f 3720 2017 2033
f 3168 3169 3165
f 3170 3165 3164
f 3779 3170 3171
f 3724 3168 3170
f 3171 3164 3166
f 3172 3166 3071
f 3752 3172 3173
f 3756 3171 3172
f 3169 3037 3036
f 2593 3048 2962
f 3173 3071 2609
f 3174 2609 2199
f 3783 3174 2198
f 3749 3173 3174
f 2190 2189 1984
f 2196 2195 2767
f 2119 2120 1414
f 1464 1463 1466
f 2199 2611 3069
f 2457 2456 2587
f 2226 2225 2562
f 481 478 1627
f 333 1512 235
f 3078 3051 3037
f 3040 2264 2997
f 2219 1934 1933
f 2385 2384 2497
f 221 2220 3175
f 2220 1933 3143
f 3175 3143 2976
f 2484 3175 2975
f 2954 3071 3166
f 2630 1858 110
f 1547 319 1952
f 2091 2090 2188
f 3733 3736 2178
f 1918 1919 1927
f 3563 112 111
f 955 956 960
f 2037 3014 112
f 3143 2980 2981
f 2218 2211 2214
f 672 3877 3787
f 2152 3013 3014
f 1147 1144 1143
f 2248 2246 1409
f 1615 1636 1635
f 1410 1409 2246
f 3241 3243 3242
f 1382 3176 3177
f 3177 1410 2247
f 2247 1383 3177
f 3176 2238 2230
f 1410 3177 3179
f 3179 3180 2243
f 1633 3181 2800
f 1621 1620 2758
f 1622 1621 2245
f 2236 1394 3181
f 2237 2236 3182
f 2250 1631 2233
f 2912 1629 1628
f 135 136 1564
f 1567 419 512
f 1085 1084 2653
f 3184 869 868
f 869 3184 3057
f 1266 1268 1098
f 1267 2147 722
f 937 1146 2646
f 2146 1049 722
f 2211 2218 921
f 1957 510 507
f 1313 1312 2264
f 1496 362 1493
f 2887 2937 2933
f 1687 1688 1659
f 145 1499 1498
f 37 38 418
f 1935 1934 3185
f 104 89 301
f 2101 2098 2083
f 543 298 360
f 1934 2219 3186
f 234 1521 212
f 3845 3821 1822
f 1976 1875 1874
f 223 3186 2219
f 3655 3656 3605
f 2165 2164 467
f 467 468 2165
f 773 476 2165
f 1935 1212 1728
f 3240 3225 3226
f 3261 3249 3250
f 3215 3216 3244
f 3265 3221 3215
f 3267 3245 3198
f 3205 3206 3269
f 3214 3211 3265
f 3271 3213 3214
f 3251 3252 3239
f 3222 3221 3266
f 3232 3235 3234
f 3216 3242 3243
f 3196 3193 3268
f 3244 3243 3254
f 3238 3239 3247
f 3264 3244 3255
f 3253 3242 3216
f 3211 3266 3221
f 3257 3217 3218
f 3258 3222 3272
f 3274 3275 3280
f 3228 3229 3262
f 3275 3231 3281
f 3226 3227 3273
f 3236 3263 3260
f 3281 3263 3236
f 3287 3271 3192
f 3235 3226 3280
f 3234 3280 3281
f 3288 3290 3259
f 3260 3250 3276
f 3289 3212 3278
f 3210 3209 3224
f 3199 3202 3201
f 3228 3231 3230
f 3290 3288 3285
f 3282 3279 3271
f 3260 3263 3262
f 3243 3241 3268
f 3267 3268 3241
f 3194 3207 3208
f 3191 3270 3269
f 3270 3191 3192
f 3275 3274 3230
f 3264 3269 3270
f 3252 3251 3276
f 3248 3252 3291
f 3213 3271 3279
f 3272 3266 3289
f 3277 3278 3212
f 3228 3263 3281
f 3220 3225 3253
f 3219 3253 3217
f 3256 3218 3222
f 3247 3239 3252
f 3245 3267 3232
f 3266 3211 3212
f 3208 3205 3255
f 3288 3289 3284
f 3204 3205 3208
f 560 1899 3187
f 3209 3210 3201
f 3189 3192 3191
f 448 1980 807
f 647 648 122
f 1833 1848 1780
f 510 509 508
f 3210 1949 1887
f 1887 15 3200
f 15 16 3197
f 16 3188 3195
f 3195 3188 3187
f 3194 3187 1899
f 3207 1899 375
f 387 173 126
f 3189 1791 1760
f 3577 763 757
f 763 3577 2172
f 3583 3582 3580
f 3581 3580 3579
f 3594 3597 3596
f 3400 3601 3602
f 3626 3624 3625
f 3631 3635 3599
f 3636 3637 3595
f 3647 3584 3588
f 3650 3582 3584
f 3653 3579 3580
f 3653 2176 3654
f 1801 1864 3656
f 3651 3580 3582
f 3644 3638 3595
f 1767 1768 3659
f 1597 3663 3661
f 1708 1707 3665
f 3671 3668 3667
f 3666 3667 3673
f 1588 1708 3664
f 2080 3671 3666
f 2082 3666 3672
f 3674 3677 3635
f 3677 3678 3636
f 3682 3647 3645
f 3692 3651 3650
f 3681 3645 3644
f 786 3694 3692
f 3694 3653 3651
f 785 3692 3686
f 497 3686 3682
f 650 3682 3681
f 3696 564 3681
f 3405 3606 3605
f 3702 3699 3678
f 3699 3698 3679
f 3645 3588 3638
f 1799 3657 3659
f 3708 3704 3458
f 3462 3710 3708
f 3714 463 564
f 3615 3606 3602
f 3710 3714 3696
f 3635 3636 3596
f 3629 3626 3627
f 3597 3600 3599
f 3630 3716 3715
f 3627 3625 3597
f 3717 3716 3723
f 3715 3663 3660
f 3716 3717 3725
f 3668 3665 3661
f 3668 3725 3717
f 3667 3717 3718
f 3727 3728 3673
f 3728 1576 3672
f 3726 3727 3718
f 1576 2101 2084
f 3727 3726 3731
f 3203 376 1387
f 3190 1387 1791
f 3283 2152 1949
f 317 240 259
f 2000 2176 3653
f 3601 3599 3600
f 3589 3588 3584
f 3577 758 756
f 3585 3584 3582
f 3678 3679 3637
f 3204 375 376
f 1801 3655 3657
f 3729 3735 3728
f 1575 3735 3738
f 3735 1575 1576
f 1776 1795 1796
f 1293 1294 1290
f 1326 14 1327
f 1294 1245 1234
f 878 1244 1330
f 497 373 374
f 122 648 413
f 3699 3702 3704
f 3606 3405 3401
f 3708 3710 3698
f 3464 3714 3710
f 3704 3674 3443
f 439 398 399
f 1512 1528 1526
f 1668 1741 1738
f 839 849 1362
f 1362 1357 826
f 3843 740 1896
f 2053 2054 2118
f 3888 3887 2120
f 696 697 3816
f 1826 1878 639
f 3740 3739 3729
f 956 885 886
f 1980 806 1922
f 33 34 105
f 1343 1344 3856
f 3907 2127 2128
f 1766 1581 1582
f 14 1326 2163
f 595 98 99
f 3233 3238 3246
f 1346 1035 1044
f 748 1888 1425
f 3193 3208 3254
f 3190 3191 3206
f 3612 3605 3606
f 3624 3612 3615
f 3631 3415 3443
f 3679 3680 3644
f 3686 3650 3647
f 3702 3677 3674
f 3625 3615 3600
f 3601 3400 3415
f 3739 3738 3735
f 3630 3627 3594
f 3741 3723 3716
f 1284 1290 1288
f 3698 3696 3680
f 1778 1781 1780
f 1792 1759 1584
f 695 570 571
f 3638 3741 3594
f 3741 3638 3588
f 3247 3248 3209
f 3292 3293 3294
f 3296 3297 3298
f 3299 3298 3300
f 3302 3303 3304
f 3306 3307 3308
f 3307 3310 3311
f 3303 3302 3301
f 3312 3305 3304
f 3314 3315 3316
f 3318 3319 3320
f 3324 3318 3321
f 3326 3327 3328
f 3329 3330 3331
f 3333 3334 3335
f 3337 3338 3339
f 3333 3336 3341
f 3342 3341 3343
f 3319 3345 3344
f 3338 3335 3334
f 3346 3301 3302
f 3305 3348 3347
f 3312 3224 3223
f 3350 3337 3340
f 3312 3349 3348
f 3352 3343 3341
f 3311 3353 3354
f 3341 3336 3327
f 3359 3360 3361
f 3360 3359 3250
f 3318 3363 3345
f 3364 3363 3318
f 3314 3364 3324
f 3366 3299 3301
f 3299 3366 3367
f 3308 3354 3368
f 3369 3317 3295
f 3317 3369 3364
f 3370 3295 3317
f 3325 3371 3365
f 3352 3320 3319
f 3296 3367 3353
f 3297 3296 3311
f 3363 3368 3354
f 3345 3354 3353
f 3344 3353 3367
f 3366 3333 3342
f 3347 3339 3334
f 3339 3347 3348
f 3348 3349 3351
f 3363 3364 3369
f 3294 3309 3368
f 3293 3306 3309
f 3331 3373 3374
f 3346 3334 3333
f 3323 3322 3352
f 3356 3355 3321
f 3355 3357 3325
f 3357 3358 3371
f 3322 3356 3320
f 3361 3330 3329
f 3373 3372 3375
f 3374 3375 3376
f 3329 3332 3376
f 3327 3375 3372
f 3336 3335 3375
f 3335 3338 3376
f 3376 3338 3337
f 3337 3350 3359
f 3359 3350 3276
f 3377 3292 3295
f 3277 3316 3315
f 3371 3378 3379
f 3378 3371 3358
f 3365 3379 3315
f 3316 3277 3279
f 3282 3377 3370
f 3313 3283 3224
f 3378 3285 3284
f 3380 3286 3285
f 3379 3284 3278
f 3276 3350 3351
f 3291 3351 3349
f 3313 3304 2965
f 2965 3304 3303
f 222 3303 3300
f 223 3300 3298
f 3298 3297 3185
f 3297 3310 2977
f 3310 3307 1213
f 3307 3306 1214
f 2532 1214 3306
f 2894 2532 3293
f 2871 2894 3292
f 3253 3225 3240
f 3283 3313 3013
f 1997 1996 1889
f 1237 745 744
f 1535 1534 120
f 1531 1532 201
f 1119 1241 1032
f 946 948 824
f 163 8 5
f 3589 3726 3723
f 1155 1156 1162
f 427 213 327
f 553 1902 796
f 3381 2232 2231
f 3381 3178 2230
f 2237 3183 3180
f 3383 3384 3385
f 3384 3386 3387
f 3386 3388 3389
f 3388 3390 3391
f 3392 3393 3394
f 3395 3394 3396
f 3398 3399 3397
f 3400 3401 3399
f 3403 3404 3405
f 3406 3407 3404
f 3408 3409 3407
f 3410 3411 3409
f 3412 3413 3411
f 3415 3400 3398
f 3414 3398 3396
f 3416 3396 3394
f 3417 3394 3393
f 3393 3419 3420
f 3419 3390 3421
f 3390 3388 3422
f 3388 3386 3423
f 3386 3384 3424
f 3384 3383 3425
f 3425 3383 3426
f 2904 3427 3428
f 3429 3427 2904
f 3430 3429 2902
f 2875 3431 3430
f 3432 3433 2733
f 2825 3434 3435
f 3437 3438 3439
f 3441 3437 3436
f 2724 2723 3434
f 3436 3439 3115
f 3440 3436 3117
f 3443 3415 3414
f 3442 3414 3416
f 3444 3416 3417
f 3445 3417 3418
f 3446 3418 3420
f 3420 3421 3448
f 3421 3422 3449
f 3422 3423 3450
f 3423 3424 3451
f 3424 3425 3452
f 3425 3184 3056
f 3451 3452 2253
f 3450 3451 2252
f 3449 3450 1727
f 3448 3449 2150
f 3453 3447 3448
f 3454 3446 3447
f 3455 3445 3446
f 3456 3444 3445
f 3442 3444 3456
f 3443 3442 3457
f 3459 3460 3458
f 3457 3456 3455
f 3459 3455 3454
f 3462 3460 3459
f 3461 3454 3453
f 3464 3462 3461
f 3463 3453 1941
f 3404 3399 3401
f 3407 3397 3399
f 3409 3395 3397
f 3411 3392 3395
f 3465 3466 3413
f 3467 3468 3469
f 3465 3412 3431
f 3470 3467 3466
f 3438 3470 3432
f 3467 3470 3438
f 3468 3467 3437
f 3471 3469 3468
f 3472 3468 3441
f 3473 3441 3440
f 2712 3440 3119
f 3475 3471 3472
f 3474 3472 3473
f 3476 3473 2712
f 3477 3476 2711
f 3478 3474 3476
f 3479 3475 3474
f 3392 3411 3413
f 3466 3469 3480
f 3419 3393 3392
f 3390 3419 3480
f 3469 3471 3391
f 3389 3391 3471
f 3387 3389 3475
f 3385 3387 3479
f 3482 3477 2400
f 3483 3478 3477
f 3481 3479 3478
f 3484 3482 2402
f 3058 3484 2707
f 3061 3485 3484
f 3485 3483 3482
f 3382 3385 3481
f 3486 3481 3483
f 3426 3383 3382
f 3487 3382 3486
f 3486 3485 3061
f 1961 3057 3487
f 3057 3184 3426
f 3428 3403 3402
f 3427 3406 3403
f 3429 3408 3406
f 3430 3410 3408
f 3431 3412 3410
f 3470 3465 3433
f 3434 3439 3438
f 2723 3115 3439
f 2875 2733 3433
f 2736 2824 3435
f 2947 3428 3488
f 3464 3463 1360
f 1900 1925 1924
f 1736 1717 1718
f 1955 1952 1943
f 1671 1738 1735
f 1696 1750 1698
f 1800 1865 1864
f 2063 2055 2056
f 1737 1734 1717
f 1751 1735 1697
f 943 3885 3899
f 3656 3488 3402
f 1577 1578 1764
f 3917 1598 1599
f 1945 146 82
f 68 6 7
f 147 1542 1543
f 1109 1135 1133
f 1503 1910 1907
f 1499 1501 1909
f 452 1922 735
f 1824 2068 3835
f 1825 2067 2068
f 1463 1462 1022
f 841 1012 1009
f 1568 1547 1955
f 1910 1503 1502
f 1939 1502 422
f 309 280 1940
f 1804 1851 1866
f 269 1482 1954
f 2065 1607 2060
f 3812 1685 1758
f 280 276 552
f 1875 1873 1869
f 1739 1721 1734
f 1778 1779 1790
f 310 1920 1915
f 1909 1908 1906
f 1789 1783 1778
f 978 981 980
f 1584 1759 1731
f 425 426 311
f 148 1543 115
f 2044 3897 3894
f 277 1910 1939
f 1943 1946 1945
f 1461 1462 1463
f 2253 3452 3056
f 2981 2254 3489
f 2209 2998 3489
f 2254 2253 3055
f 2998 926 958
f 2826 2817 2721
f 3490 2739 2721
f 2816 3491 3490
f 2334 2297 2296
f 2298 2297 2334
f 2301 2298 2336
f 2311 2301 2338
f 2312 2311 2354
f 2359 2358 2361
f 2335 2296 2359
f 2414 2413 2365
f 2413 2270 2361
f 2355 2352 2540
f 2541 2540 2539
f 2722 2721 2739
f 3114 2722 2738
f 3110 3112 3121
f 3108 3110 3120
f 3122 1754 3127
f 3112 3122 3126
f 3127 1754 1753
f 3139 3133 2529
f 3744 3775 3133
f 3490 2789 2740
f 3491 2790 2789
f 228 229 91
f 245 244 243
f 248 7 247
f 2 297 296
f 145 146 300
f 327 213 210
f 329 332 331
f 239 241 240
f 373 376 375
f 178 177 176
f 1218 1225 1228
f 3862 1231 1295
f 808 809 824
f 3858 3859 1013
f 3813 3810 1411
f 2154 2149 2159
f 3845 3835 1758
f 306 807 1922
f 2157 2153 1976
f 708 709 2031
f 1450 1226 1227
f 1672 1604 1605
f 1813 1814 1821
f 1717 1716 1715
f 176 159 402
f 1710 1705 3916
f 1712 1580 1577
f 1705 1713 1711
f 971 978 979
f 822 823 1094
f 2909 2810 2793
f 2810 2769 2795
f 2799 2910 2249
f 3662 3643 2910
f 2769 2768 2801
f 3177 3176 3178
f 3178 3381 3180
f 3181 1394 1393
f 3181 1633 1632
f 3182 1632 2244
f 3183 2244 2243
f 3492 2791 2790
f 2808 3492 3491
f 2239 3574 3572
f 1149 1150 3571
f 1150 2009 3567
f 2202 3569 3566
f 2921 3564 3565
f 3568 3560 2133
f 1777 1579 1759
f 1201 1196 1183
f 3561 3554 2195
f 3553 3576 2770
f 3927 3925 1687
f 1516 152 154
f 3549 3562 2974
f 3550 3548 2779
f 2771 2772 3575
f 3070 2771 3546
f 3547 3544 2775
f 1376 1375 1370
f 2767 3543 3556
f 2195 3554 3543
f 2775 3544 3542
f 3377 3282 3545
f 3804 3802 3539
f 2776 3542 3538
f 2240 3572 3535
f 2920 3535 3669
f 3548 3534 2786
f 1805 1850 1851
f 3534 3532 2787
f 2951 2773 3540
f 2772 2951 3531
f 2973 2224 3530
f 2224 2223 3537
f 1957 1953 320
f 306 305 304
f 2770 3576 3528
f 2913 3528 3574
f 2923 3565 3527
f 308 1940 431
f 207 208 132
f 1879 1876 1881
f 3733 3787 3525
f 2475 3070 3558
f 2476 2475 3524
f 2223 2476 3523
f 3522 3549 2803
f 2037 3563 11
f 1959 1958 450
f 2003 3555 3520
f 9 10 334
f 2009 2008 3518
f 2008 2973 3536
f 3877 672 673
f 3515 3550 2778
f 2935 3514 3513
f 111 1149 3570
f 3510 3514 2935
f 683 3876 3885
f 3508 3557 2810
f 736 733 732
f 1795 1804 1803
f 3505 3510 2938
f 3507 3505 2939
f 2950 3512 3504
f 2940 2949 3504
f 3801 3791 3512
f 2868 3509 3502
f 2869 3502 3522
f 1024 1034 1023
f 3500 3503 2948
f 551 1939 442
f 2972 3499 3568
f 2032 3533 3499
f 216 93 1924
f 203 202 201
f 1828 1848 1847
f 1958 1957 449
f 272 271 178
f 2871 3545 3495
f 3619 3669 3564
f 2801 2768 3643
f 2005 3758 3654
f 960 886 899
f 3657 3655 3612
f 3780 3788 3646
f 3151 3646 3593
f 2193 3604 3623
f 3607 3603 3145
f 3603 3649 2761
f 3592 3607 3144
f 2926 3658 3634
f 3634 3592 3104
f 3755 3754 3746
f 566 567 3758
f 3488 3656 1864
f 1602 1586 2079
f 2868 3658 3611
f 2922 3611 3610
f 2923 3610 3618
f 3670 3613 2918
f 3619 3670 3614
f 2921 3618 3670
f 2920 3614 3586
f 3613 3642 2915
f 2917 2766 3622
f 2916 2917 3641
f 2239 3587 3652
f 2911 3640 3652
f 3643 3640 2911
f 2797 2801 3662
f 2797 3591 3598
f 3622 3628 2763
f 3608 3628 2764
f 2194 3623 3648
f 2221 3648 3649
f 2756 3608 3609
f 2750 3598 3609
f 3669 3535 1817
f 3763 3770 1691
f 2515 3621 3590
f 2548 3590 3593
f 2513 2489 3632
f 2513 3616 3621
f 2509 3633 3620
f 2510 3632 3633
f 2289 3620 3639
f 2283 3639 3617
f 2240 3586 3587
f 3659 3657 3624
f 716 2121 3887
f 727 1999 3761
f 2165 2171 2170
f 3660 3659 3626
f 3743 3581 3578
f 2175 2172 769
f 2100 500 2095
f 3758 567 3757
f 640 3560 3568
f 1653 3576 3553
f 1895 3536 3530
f 746 3530 3537
f 1653 1810 3528
f 3762 1603 1604
f 2093 2075 2073
f 959 996 995
f 962 899 919
f 1400 1401 1398
f 1000 817 1127
f 956 959 884
f 1662 3548 3550
f 2034 3558 3546
f 3926 1689 3539
f 3535 3572 766
f 3572 3574 765
f 334 3570 3571
f 1868 3531 3540
f 1684 1651 1652
f 1682 1683 775
f 1585 1603 3762
f 3763 3762 1672
f 2173 2174 490
f 1658 3544 3547
f 3556 3543 1650
f 1571 3754 2010
f 1587 3664 3671
f 2099 2095 2077
f 787 3761 1999
f 2000 3694 786
f 3155 339 3697
f 3713 3155 3683
f 2180 2179 3685
f 3496 2180 3684
f 1684 3846 3840
f 1760 464 3495
f 2607 3689 3693
f 2581 3676 3689
f 2371 2502 3700
f 2371 3695 3693
f 2587 3676 3675
f 2586 3675 3697
f 2497 3691 3687
f 2502 2503 3687
f 2494 3691 3690
f 3690 3688 2472
f 3688 3701 2468
f 3701 3703 2469
f 726 3908 3892
f 581 3567 3518
f 10 3511 3570
f 1837 3514 3510
f 741 3537 3523
f 1299 3524 3558
f 1851 3507 3504
f 3527 3565 1820
f 580 3518 3536
f 1758 1685 3522
f 1693 3557 3508
f 3504 3512 1867
f 1894 1826 3568
f 2126 1418 3813
f 3906 2126 3841
f 2113 3911 3867
f 2179 3713 3789
f 624 3903 3904
f 2192 3604 3788
f 2177 3541 3787
f 1364 3824 3833
f 3858 3855 1470
f 3135 1753 3775
f 2069 3812 3835
f 1351 3861 3853
f 2108 3882 3901
f 2089 2092 3736
f 3828 3834 1358
f 2001 3749 3783
f 2187 3783 3719
f 2130 3756 3752
f 2004 3752 3749
f 2014 3724 3779
f 2201 3779 3756
f 3167 3720 3759
f 3168 3724 3720
f 3159 3709 3764
f 3160 3764 3765
f 3730 3707 3158
f 3158 3707 3709
f 2200 3069 3730
f 3685 3789 3742
f 3722 3774 2197
f 3790 3736 2092
f 3774 3790 3721
f 3154 3706 3790
f 3155 3713 3706
f 2091 3719 3721
f 2196 3148 3750
f 2193 2196 3776
f 3604 2193 3781
f 2086 2192 3780
f 2087 2086 3778
f 2204 3742 3751
f 2205 3751 3750
f 3909 3886 574
f 2124 2087 3777
f 2208 2124 3760
f 3711 3785 3140
f 3785 3745 3138
f 3745 3744 3139
f 3771 3712 3136
f 3712 3711 3137
f 3775 3767 3131
f 3767 3782 3132
f 1813 3839 3838
f 1293 3854 3856
f 2184 2321 3748
f 2181 2184 3732
f 3765 3768 3079
f 3768 3734 3080
f 709 3873 3875
f 2774 2961 3737
f 3786 3769 2134
f 3809 3808 766
f 2968 3784 3766
f 2969 3759 3784
f 2958 3747 3737
f 2132 3747 3766
f 2321 2185 3771
f 3860 3848 1449
f 3905 3874 582
f 3886 3889 577
f 3847 3826 1818
f 705 3902 3887
f 3816 3912 3907
f 2111 3883 3911
f 3810 3829 1366
f 1812 3839 3822
f 675 3851 3852
f 3496 3705 3851
f 2110 3867 3868
f 2104 3896 3901
f 2109 3868 3899
f 3842 3831 703
f 1680 3811 3846
f 1639 1627 3819
f 623 3904 3906
f 2139 2140 3866
f 1808 1640 3844
f 3820 3821 1819
f 3872 3914 3900
f 1646 3832 3830
f 3889 3890 633
f 2139 3865 3875
f 2156 2155 3871
f 674 3852 3913
f 2117 3817 3812
f 1815 3822 3847
f 3855 3849 1444
f 697 3906 3912
f 866 842 3836
f 3864 3869 2136
f 3585 3731 3726
f 3583 3740 3731
f 3753 3746 3738
f 3740 3583 3581
f 1088 3738 3746
f 3739 3740 3743
f 2791 3492 3493
f 3492 2808 2807
f 2792 3493 3494
f 3493 2807 2806
f 3508 2909 3494
f 3516 3494 2806
f 2948 3503 3791
f 2105 3908 3896
f 3538 3802 3804
f 680 3878 3876
f 1891 1890 3910
f 2905 3799 3801
f 2900 3797 3799
f 2901 3797 3807
f 2734 2878 3806
f 2877 3807 3806
f 2820 3800 3794
f 2818 3796 3792
f 2823 3793 3792
f 2822 3793 3798
f 2819 2735 3800
f 2817 3796 3795
f 2809 3805 3795
f 2808 3805 3803
f 2805 3804 3803
f 1702 3921 3923
f 3922 3920 1797
f 3915 3916 1706
f 3918 3927 1692
f 1657 3898 3880
f 1890 1877 3895
f 3772 3770 1674
f 1689 1690 3772
f 3926 3802 3538
f 3516 3539 1689
f 3917 3923 1703
f 1598 3917 3928
f 3880 3884 1876
f 1691 1690 3925
f 3925 3926 1688
