v 0.059719 -0.010612 -0.047858
v 0.063640 -0.011632 -0.046940
v 0.064364 -0.010109 -0.046834
v 0.060154 -0.009159 -0.047606
v 0.072401 -0.009180 -0.057223
v 0.071754 -0.005747 -0.053956
v 0.071203 -0.002625 -0.053825
v 0.071426 -0.003089 -0.056531
v 0.026006 -0.046282 -0.110276
v 0.011531 -0.046120 -0.114850
v 0.011306 -0.058327 -0.112086
v 0.024601 -0.060120 -0.106378
v 0.042790 -0.083345 -0.086787
v 0.037886 -0.075360 -0.092351
v 0.036485 -0.088284 -0.096385
v 0.044726 -0.090932 -0.086268
v 0.038517 0.047920 0.040179
v 0.045626 0.046740 0.034540
v 0.044684 0.040562 0.038012
v -0.060190 -0.009348 -0.050155
v -0.064102 -0.010356 -0.049326
v -0.064747 -0.008949 -0.049253
v -0.060325 -0.007903 -0.049936
v -0.072614 -0.007987 -0.060172
v -0.071695 -0.004635 -0.056791
v -0.071311 -0.001593 -0.056576
v -0.071592 -0.001904 -0.059298
v 0.037714 0.041109 0.042340
v 0.091875 0.012844 -0.067667
v 0.091706 0.010262 -0.069052
v 0.091734 0.008860 -0.067285
v 0.091743 0.011185 -0.066270
v 0.087460 -0.005940 -0.066290
v 0.087552 0.001699 -0.067791
v 0.088998 0.004213 -0.068142
v 0.088780 0.002189 -0.067698
v 0.086714 -0.016431 -0.063594
v 0.085769 -0.015705 -0.063068
v 0.087701 -0.011111 -0.064675
v 0.088475 -0.011463 -0.065534
v 0.071362 -0.035946 -0.040939
v 0.074049 -0.034187 -0.042730
v 0.074579 -0.036002 -0.043817
v 0.069939 -0.037372 -0.042261
v 0.067063 -0.035885 -0.043127
v 0.071869 -0.036735 -0.047016
v 0.071186 -0.033500 -0.047929
v 0.067364 -0.033366 -0.044716
v 0.087250 0.022706 -0.052518
v 0.087416 0.019511 -0.052291
v 0.085784 0.018847 -0.049794
v 0.085607 0.022153 -0.049761
v 0.072075 -0.010123 -0.063399
v 0.070008 -0.016610 -0.061143
v 0.075856 -0.011472 -0.063424
v 0.076351 -0.008778 -0.063914
v 0.085352 0.011958 -0.060159
v 0.086213 0.013063 -0.063636
v 0.086380 0.010992 -0.064910
v 0.085427 0.009333 -0.062363
v 0.087853 0.014842 -0.068618
v 0.087955 0.011971 -0.070064
v 0.070031 -0.026798 -0.038850
v 0.069227 -0.023043 -0.038094
v 0.069957 -0.021513 -0.039310
v 0.070465 -0.022562 -0.040489
v 0.070624 -0.009401 -0.054199
v 0.072081 -0.005250 -0.052415
v 0.082704 -0.027038 -0.058238
v 0.082456 -0.025122 -0.057514
v 0.084476 -0.020979 -0.061049
v 0.084750 -0.022257 -0.061817
v 0.079722 -0.022410 -0.055798
v 0.081990 -0.019883 -0.059349
v 0.083154 -0.019194 -0.061046
v 0.081844 -0.021378 -0.059114
v 0.088317 0.015328 -0.059021
v 0.086111 0.017341 -0.054667
v 0.086758 0.017400 -0.055026
v 0.088601 0.015186 -0.060031
v 0.079014 0.003073 -0.063295
v 0.077991 0.007984 -0.061443
v 0.076615 0.007506 -0.061585
v 0.077736 0.003232 -0.063208
v 0.088432 0.011898 -0.066386
v 0.088719 0.009216 -0.067489
v 0.086846 0.008400 -0.066508
v 0.074611 0.010071 -0.049611
v 0.074670 0.010762 -0.050402
v 0.075284 0.009088 -0.050841
v 0.074704 0.007880 -0.049606
v 0.074385 -0.037312 -0.047034
v 0.067163 -0.024872 -0.054689
v 0.069060 -0.024060 -0.055935
v 0.071862 -0.020177 -0.058932
v 0.070617 -0.019015 -0.059180
v 0.067176 -0.034056 -0.039373
v 0.070024 -0.033980 -0.038937
v 0.070902 -0.035375 -0.040056
v 0.067809 -0.035851 -0.040403
v 0.077896 0.014197 -0.050358
v 0.080476 0.013562 -0.052664
v 0.078657 0.012583 -0.051967
v 0.076771 0.012956 -0.050181
v 0.086173 -0.000201 -0.066346
v 0.085496 0.006590 -0.064233
v 0.084995 -0.009594 -0.060965
v 0.085453 -0.009515 -0.064023
v 0.084453 -0.013576 -0.062889
v -0.028780 -0.046164 -0.110657
v -0.014280 -0.046040 -0.115024
v -0.014272 -0.058295 -0.112280
v -0.027689 -0.060075 -0.106734
v 0.084351 -0.013647 -0.059885
v 0.084935 -0.001413 -0.060851
v 0.085606 -0.001318 -0.064305
v 0.089280 0.007926 -0.065841
v 0.088995 0.001863 -0.066359
v 0.089194 0.008400 -0.066610
v 0.075591 0.011316 -0.059477
v 0.075535 0.014421 -0.063608
v 0.074599 0.008053 -0.065248
v 0.075585 0.009019 -0.060994
v 0.070644 -0.017576 -0.039666
v 0.072035 -0.015433 -0.040756
v 0.070973 -0.017721 -0.042257
v 0.070374 -0.019811 -0.042052
v 0.072559 -0.022157 -0.057710
v 0.069934 -0.025178 -0.055178
v 0.070545 -0.025664 -0.054518
v 0.073292 -0.023999 -0.056189
v 0.083068 0.014905 -0.054638
v 0.082927 0.009355 -0.055376
v 0.081247 0.009267 -0.054003
v 0.076142 -0.020963 -0.047308
v 0.076772 -0.019602 -0.049279
v 0.077993 -0.022792 -0.051153
v 0.077092 -0.024872 -0.049489
v 0.078790 -0.033562 -0.052416
v 0.076484 -0.033435 -0.052788
v 0.074112 -0.035522 -0.049766
v 0.076634 -0.036081 -0.049548
v 0.070210 -0.020915 -0.041142
v 0.070182 -0.020153 -0.039545
v 0.081323 0.003353 -0.065004
v 0.080308 0.009409 -0.062948
v 0.084552 0.007623 -0.060217
v 0.084664 0.005223 -0.061735
v 0.073432 -0.004939 -0.045208
v 0.070802 -0.004254 -0.046306
v 0.070607 -0.004945 -0.046506
v 0.073828 -0.006555 -0.045095
v 0.073954 -0.004838 -0.043702
v 0.074377 -0.006390 -0.043603
v 0.074087 -0.006739 -0.042100
v 0.073721 -0.005816 -0.042013
v 0.070061 -0.003905 -0.047252
v 0.070199 -0.004193 -0.046744
v 0.070695 -0.003754 -0.047126
v 0.074745 -0.001701 -0.058192
v 0.076143 -0.009570 -0.060623
v 0.073858 -0.009266 -0.059444
v 0.071019 -0.001781 -0.057711
v 0.086279 -0.008329 -0.065695
v 0.081948 0.018337 -0.045668
v 0.080105 0.020232 -0.045717
v 0.082755 0.023991 -0.050304
v 0.071547 -0.017906 -0.051676
v 0.073872 -0.017319 -0.048576
v 0.072074 -0.017471 -0.047047
v 0.070668 -0.018601 -0.050040
v 0.069972 -0.013411 -0.044882
v 0.068015 -0.016869 -0.044080
v 0.072400 -0.014963 -0.043634
v 0.074011 0.000817 -0.043340
v 0.072359 -0.002865 -0.046503
v 0.073225 -0.003818 -0.044888
v 0.073624 -0.003536 -0.043446
v 0.086771 -0.017136 -0.064643
v 0.088595 -0.011999 -0.066978
v 0.086811 -0.011910 -0.068036
v 0.085054 -0.017408 -0.065740
v 0.067775 -0.030423 -0.037740
v 0.065469 -0.032973 -0.040636
v 0.067662 -0.027149 -0.036645
v 0.091309 0.019415 -0.062002
v 0.087240 0.021943 -0.062519
v 0.087510 0.019999 -0.064941
v 0.091610 0.017467 -0.064202
v 0.070070 0.002338 -0.052419
v 0.070446 0.000264 -0.052153
v 0.070944 0.001832 -0.050417
v 0.070653 0.003647 -0.050405
v 0.049908 -0.032471 -0.093420
v 0.058003 -0.032589 -0.074593
v 0.061904 -0.018783 -0.083015
v 0.055008 -0.018975 -0.098971
v 0.079667 -0.031018 -0.052089
v 0.078445 -0.033238 -0.049434
v 0.075169 0.008504 -0.042107
v 0.074351 0.010570 -0.041131
v 0.075664 0.015856 -0.042543
v 0.076491 0.012472 -0.042333
v 0.088388 0.003660 -0.071074
v 0.091409 0.002833 -0.069785
v 0.077362 0.014770 -0.048509
v 0.081679 0.018330 -0.051389
v 0.079262 0.015876 -0.050592
v 0.077108 0.014511 -0.049042
v 0.076205 0.006311 -0.047083
v 0.077064 0.007641 -0.046646
v 0.075629 0.008558 -0.046896
v 0.074476 0.007157 -0.047024
v 0.074246 0.015265 -0.039973
v 0.076046 0.020029 -0.043057
v 0.065955 -0.025645 -0.054150
v 0.076969 0.007326 -0.044589
v 0.077892 0.009930 -0.044057
v 0.078321 0.009136 -0.046390
v -0.046438 -0.083389 -0.087109
v -0.041345 -0.075390 -0.092684
v -0.039948 -0.088334 -0.096836
v -0.048427 -0.090998 -0.086702
v 0.068656 -0.022056 -0.036029
v 0.069573 -0.020440 -0.037976
v 0.076266 0.013306 -0.049041
v 0.075547 0.012228 -0.049087
v 0.073877 0.008673 -0.048826
v 0.074176 0.006182 -0.050016
v 0.081104 -0.000672 -0.057046
v 0.082770 -0.009077 -0.058985
v 0.065602 -0.018323 -0.069293
v 0.062701 -0.032262 -0.054745
v 0.074473 0.008977 -0.046949
v 0.074292 0.009304 -0.047244
v 0.073182 0.008417 -0.047980
v 0.073428 0.007912 -0.047146
v 0.077095 -0.034766 -0.046954
v 0.079756 0.005734 -0.054377
v 0.076249 0.004122 -0.052584
v 0.076821 0.006333 -0.051603
v 0.088678 -0.006397 -0.065583
v 0.089754 0.001917 -0.066407
v 0.091219 0.002408 -0.067915
v 0.090003 -0.006604 -0.066844
v 0.065808 -0.034253 -0.041435
v 0.070375 -0.000493 -0.053140
v 0.071757 -0.002320 -0.052349
v 0.071078 0.005083 -0.050400
v 0.071999 0.006877 -0.048794
v 0.069918 -0.017502 -0.037606
v 0.087658 0.015902 -0.063565
v 0.088067 0.014013 -0.064994
v 0.085985 0.014649 -0.062264
v 0.085606 0.015855 -0.060657
v 0.084683 0.017046 -0.056853
v 0.085169 0.018517 -0.056437
v 0.086988 0.017378 -0.061440
v 0.074980 0.004879 -0.051467
v 0.075922 0.006851 -0.050506
v 0.075238 -0.022205 -0.045784
v 0.075861 -0.028381 -0.046856
v 0.083096 -0.017034 -0.060678
v 0.082720 -0.016306 -0.057830
v 0.084142 -0.005963 -0.068764
v 0.084048 0.003391 -0.069450
v 0.082399 0.003306 -0.067176
v 0.082718 -0.005471 -0.067341
v 0.076519 -0.002987 -0.063844
v 0.073588 -0.002121 -0.064385
v 0.073270 -0.004686 -0.041515
v 0.072549 -0.001006 -0.039723
v 0.071018 0.004509 -0.050797
v 0.071454 0.006044 -0.048642
v 0.077072 -0.019610 -0.060109
v 0.073035 -0.027142 -0.052984
v 0.077225 -0.022032 -0.058481
v 0.068783 -0.027671 -0.050966
v 0.068532 -0.028826 -0.048727
v 0.071233 -0.028932 -0.050296
v 0.079779 -0.020460 -0.054955
v 0.081566 -0.019251 -0.057694
v 0.069214 -0.004138 -0.048028
v 0.067821 -0.005739 -0.049231
v 0.068869 -0.004671 -0.047389
v 0.083915 -0.001275 -0.058429
v 0.084387 -0.009284 -0.059237
v 0.077312 0.009772 -0.046819
v 0.074789 -0.000294 -0.048533
v 0.076063 0.003065 -0.046151
v 0.080624 0.013244 -0.046238
v 0.078983 0.011490 -0.046978
v 0.078425 0.010636 -0.046807
v 0.079471 0.011095 -0.046059
v 0.062293 -0.014433 -0.047436
v 0.065911 -0.015907 -0.046171
v 0.067410 -0.012618 -0.045997
v 0.084196 0.018848 -0.055275
v 0.084578 0.016791 -0.056445
v 0.081679 0.010060 -0.064810
v 0.075655 0.010995 -0.051537
v 0.076514 0.009310 -0.052305
v 0.077987 0.022714 -0.058316
v 0.077490 0.020725 -0.054953
v 0.077740 0.020862 -0.053695
v 0.078247 0.024895 -0.053751
v 0.067900 -0.031727 -0.045672
v 0.070718 -0.031408 -0.048284
v 0.070454 -0.030066 -0.048730
v 0.068203 -0.030258 -0.046866
v 0.071396 -0.017692 -0.046338
v 0.070364 -0.018892 -0.049052
v 0.084605 -0.015621 -0.063263
v 0.083788 -0.016506 -0.062290
v 0.085196 -0.012541 -0.064326
v 0.086404 -0.011319 -0.065010
v 0.071333 0.002993 -0.053996
v 0.070063 0.001876 -0.054580
v 0.078023 0.014851 -0.055761
v 0.080369 0.017220 -0.057224
v 0.079265 0.020134 -0.053594
v 0.077507 0.017981 -0.053480
v 0.083033 0.010801 -0.067306
v 0.076369 0.007950 -0.052046
v 0.077057 0.008144 -0.053104
v 0.075884 0.008416 -0.051553
v 0.073708 0.006237 -0.047263
v 0.075525 0.004995 -0.047516
v 0.079969 0.013242 -0.047591
v 0.083993 0.016727 -0.050809
v 0.083082 0.016508 -0.050455
v 0.079274 0.013856 -0.047986
v 0.074471 0.010883 -0.048272
v 0.012972 -0.034045 -0.121152
v 0.014879 -0.023779 -0.128444
v -0.038849 0.048301 0.038864
v -0.045968 0.047154 0.033185
v -0.045111 0.040988 0.036472
v -0.038164 0.041455 0.040854
v 0.077696 0.020485 -0.045904
v 0.079003 0.022321 -0.050035
v 0.079920 0.023224 -0.050274
v 0.078276 0.021375 -0.046932
v 0.085556 0.014579 -0.059992
v 0.089313 0.010790 -0.065415
v 0.072814 -0.003444 -0.050520
v 0.069722 -0.006597 -0.050521
v 0.059934 -0.007909 -0.049347
v 0.060290 -0.006616 -0.049489
v 0.060979 -0.007152 -0.050648
v 0.060453 -0.008779 -0.050689
v 0.062555 -0.013111 -0.051022
v 0.065223 -0.014219 -0.049984
v 0.064434 -0.016191 -0.048482
v 0.061551 -0.015555 -0.050516
v 0.059043 -0.011370 -0.049769
v 0.059522 -0.009634 -0.049439
v 0.060290 -0.010580 -0.050842
v 0.059921 -0.012588 -0.051144
v 0.083661 0.018454 -0.052990
v 0.085411 0.018348 -0.054583
v 0.090021 0.010127 -0.064696
v 0.090030 0.008009 -0.065828
v 0.088657 0.014568 -0.062514
v 0.089038 0.012869 -0.063928
v 0.072599 -0.012778 -0.040498
v 0.073603 -0.012560 -0.042426
v 0.073154 -0.014229 -0.042418
v 0.091281 0.013564 -0.064771
v 0.091803 0.015171 -0.066078
v 0.070498 -0.030371 -0.038580
v 0.069243 -0.031767 -0.037902
v 0.044746 -0.100805 -0.023086
v 0.053257 -0.095502 -0.034859
v 0.052692 -0.105378 -0.034548
v 0.044193 -0.110573 -0.023514
v 0.080450 0.015572 -0.044607
v 0.079239 0.018094 -0.044109
v 0.059197 -0.012748 -0.048259
v 0.059128 -0.013964 -0.050268
v 0.061623 -0.015673 -0.048848
v 0.064757 -0.008447 -0.046873
v 0.060510 -0.007693 -0.047604
v 0.062855 -0.011362 -0.050949
v 0.064488 -0.006210 -0.050109
v 0.064939 -0.005105 -0.048465
v 0.067324 -0.019419 -0.045326
v 0.068928 -0.019699 -0.047778
v 0.070492 -0.019831 -0.044277
v 0.059525 -0.014370 -0.051017
v 0.071063 0.004062 -0.051801
v 0.066058 -0.010292 -0.050683
v 0.069173 -0.012811 -0.052407
v 0.068760 -0.014993 -0.051533
v 0.065762 -0.012287 -0.050629
v 0.078301 -0.023325 -0.052930
v 0.078652 -0.021426 -0.052785
v 0.072753 -0.017100 -0.053467
v 0.075761 -0.017069 -0.051399
v 0.072356 -0.000563 -0.050835
v 0.074057 0.002523 -0.049014
v 0.069514 -0.003969 -0.047749
v 0.066918 -0.008019 -0.050350
v 0.069207 -0.010211 -0.052272
v 0.065018 -0.006919 -0.047073
v 0.068930 -0.007022 -0.046543
v 0.068746 -0.005925 -0.046788
v 0.064965 -0.005879 -0.047367
v 0.079415 0.009296 -0.053446
v 0.077847 0.015714 -0.043184
v 0.079273 0.012785 -0.044113
v 0.078693 0.027023 -0.070234
v 0.076374 0.018923 -0.074956
v 0.077053 0.019600 -0.062147
v 0.062859 -0.009396 -0.050716
v 0.061202 -0.005557 -0.049083
v 0.061375 -0.005788 -0.047655
v 0.083794 -0.019708 -0.060761
v 0.071545 -0.020017 -0.043923
v 0.072186 0.004415 -0.048368
v 0.083283 -0.011150 -0.067206
v 0.081946 -0.016290 -0.065127
v 0.071352 0.005635 -0.048663
v 0.072342 0.006799 -0.047484
v 0.069714 -0.019359 -0.048543
v 0.071040 -0.018719 -0.045403
v 0.072716 0.007260 -0.047407
v 0.072990 -0.013116 -0.043862
v 0.084619 0.009103 -0.058694
v 0.074732 -0.030787 -0.053229
v 0.072859 -0.032329 -0.050366
v 0.060936 -0.006627 -0.047687
v 0.064274 -0.016307 -0.047770
v 0.064067 -0.007625 -0.050792
v 0.071333 -0.009206 -0.045392
v 0.070800 -0.011398 -0.045107
v 0.073600 -0.010890 -0.044034
v 0.077214 -0.016720 -0.053142
v 0.073531 -0.015770 -0.055761
v 0.074707 -0.014869 -0.057899
v 0.078868 -0.016110 -0.054916
v 0.080540 -0.021092 -0.062675
v 0.078938 -0.025402 -0.059233
v 0.081284 -0.027211 -0.058989
v 0.083301 -0.022788 -0.062837
v 0.080258 0.042358 -0.078769
v 0.079659 0.032592 -0.063391
v 0.081164 0.048789 -0.067341
v 0.082546 0.018699 -0.062228
v 0.082680 0.016382 -0.063958
v 0.087771 0.017385 -0.066853
v 0.077489 0.023101 -0.048024
v 0.078038 0.020698 -0.051916
v 0.077544 0.022010 -0.049692
v 0.087790 -0.006382 -0.069880
v 0.074538 0.004555 -0.042443
v 0.076518 0.005162 -0.045185
v 0.075926 -0.018361 -0.060868
v 0.078773 -0.018009 -0.053061
v 0.080815 -0.017563 -0.055303
v 0.088786 0.019393 -0.054969
v 0.085671 0.017534 -0.052585
v 0.011800 -0.112057 0.003585
v 0.011191 -0.119043 -0.000178
v 0.009741 -0.007938 0.057114
v 0.011271 -0.008153 0.055676
v 0.010266 -0.006218 0.054705
v 0.009474 -0.006185 0.055379
v 0.010761 -0.016822 0.055546
v 0.009953 -0.015193 0.054489
v 0.010742 -0.015387 0.053713
v 0.011639 -0.016683 0.054465
v 0.007066 -0.006487 0.054540
v 0.005548 -0.009504 0.057361
v 0.007027 -0.008126 0.058866
v 0.008227 -0.005752 0.055377
v 0.088238 0.022762 -0.055969
v 0.013485 -0.016854 0.054750
v 0.012454 -0.015362 0.053740
v 0.013300 -0.014662 0.055468
v 0.014683 -0.015846 0.056439
v 0.007087 -0.016602 0.063866
v 0.007896 -0.014361 0.063914
v 0.006759 -0.015264 0.061447
v 0.007000 -0.017146 0.061163
v 0.009231 -0.013558 0.063245
v 0.010999 -0.014081 0.064956
v 0.012447 -0.013978 0.063159
v 0.010475 -0.013447 0.061548
v 0.006274 -0.012905 0.056453
v 0.007568 -0.014774 0.057712
v 0.005588 -0.013006 0.060122
v 0.013471 -0.012702 0.053843
v 0.011899 -0.013782 0.052549
v 0.011193 -0.010022 0.051756
v 0.012566 -0.009131 0.052803
v 0.048298 -0.084491 -0.022475
v 0.054835 -0.082014 -0.036302
v 0.033716 0.005637 0.038420
v 0.033048 0.002972 0.039672
v 0.028751 0.004019 0.040213
v 0.029628 0.006365 0.039126
v 0.074410 -0.008532 -0.043011
v 0.073893 -0.007731 -0.041718
v 0.082713 0.013657 -0.065605
v 0.088359 0.016160 -0.059620
v 0.082389 0.020562 -0.060054
v 0.081110 0.022852 -0.055369
v 0.080020 0.021374 -0.054418
v 0.081217 0.018713 -0.058453
v 0.090788 0.016769 -0.060856
v 0.072743 -0.021482 -0.043622
v 0.082029 0.005097 -0.055977
v 0.080495 0.023342 -0.052882
v 0.083965 0.024808 -0.053482
v 0.088080 -0.006426 -0.065666
v 0.091125 0.015219 -0.062901
v 0.089145 0.013814 -0.061715
v 0.082121 0.015370 -0.046699
v 0.075773 -0.012783 -0.060263
v 0.082173 -0.012744 -0.058226
v 0.080654 -0.015110 -0.056618
v -0.091129 0.014267 -0.071047
v -0.091010 0.011667 -0.072349
v -0.091078 0.010302 -0.070531
v -0.091018 0.012649 -0.069720
v -0.087479 -0.004416 -0.069411
v -0.087498 0.003089 -0.071007
v -0.088707 0.005632 -0.071491
v -0.088720 0.003603 -0.071043
v 0.074974 -0.014356 -0.059270
v 0.069756 0.000855 -0.054310
v 0.069507 -0.016636 -0.035320
v 0.077708 -0.028096 -0.050406
v -0.087149 -0.014835 -0.066170
v -0.086307 -0.014176 -0.065789
v -0.088033 -0.009554 -0.067453
v -0.088753 -0.009910 -0.068179
v 0.078708 -0.026956 -0.052854
v 0.029063 -0.033543 -0.115418
v 0.032666 -0.022399 -0.121861
v 0.090064 -0.006610 -0.068731
v 0.083133 0.017595 -0.053676
v 0.074360 -0.022050 -0.044924
v 0.073488 -0.027967 -0.044211
v 0.072228 -0.027378 -0.042356
v 0.076924 0.008502 -0.052718
v 0.075157 -0.017337 -0.061333
v 0.075340 -0.015036 -0.062210
v 0.061337 -0.006277 -0.050393
v 0.077851 -0.023582 -0.058696
v 0.074010 -0.028991 -0.053139
v 0.057594 -0.078558 -0.049744
v 0.054043 -0.075686 -0.064857
v -0.072401 -0.034695 -0.043162
v -0.074948 -0.032831 -0.045019
v -0.075531 -0.034670 -0.046264
v -0.071018 -0.035908 -0.044682
v 0.054375 -0.087266 -0.062646
v 0.056900 -0.091115 -0.048247
v 0.071288 -0.002569 -0.036180
v 0.071757 -0.010029 -0.038633
v 0.070763 -0.010999 -0.036911
v 0.025387 -0.102893 -0.001152
v 0.022098 -0.114678 -0.005219
v 0.069840 -0.015892 -0.031249
v 0.069830 -0.016221 -0.021174
v 0.071039 -0.000547 -0.021148
v 0.070685 -0.006190 -0.030767
v 0.059280 0.030764 0.015529
v 0.061018 0.031340 0.010880
v 0.061690 0.021903 0.010898
v 0.059646 0.023104 0.014966
v 0.019949 0.088841 0.032467
v 0.009912 0.089682 0.034643
v 0.010030 0.097152 0.028592
v 0.020311 0.095975 0.026032
v 0.034782 -0.014244 -0.126224
v 0.036844 -0.003774 -0.130969
v 0.017313 -0.006561 -0.138173
v 0.016044 -0.016278 -0.132990
v 0.020750 0.113053 0.003598
v 0.010240 0.114776 0.006243
v 0.010453 0.119774 -0.003816
v -0.068120 -0.034602 -0.045334
v -0.072461 -0.035245 -0.049510
v -0.071643 -0.032137 -0.050426
v -0.068299 -0.032208 -0.046976
v 0.021148 0.117763 -0.006116
v 0.052977 0.003291 0.029026
v 0.055299 -0.002698 0.029128
v 0.051436 -0.003246 0.033091
v 0.049469 0.002789 0.032133
v 0.073005 -0.032641 -0.041501
v 0.071989 -0.031713 -0.040328
v -0.086982 0.024015 -0.055443
v -0.086982 0.020840 -0.055405
v -0.084993 0.020272 -0.052945
v -0.085244 0.023507 -0.052545
v -0.074067 -0.010053 -0.065637
v -0.072015 -0.016493 -0.063423
v -0.077763 -0.011272 -0.065981
v -0.078057 -0.008587 -0.066459
v 0.010734 0.124046 -0.015591
v 0.021685 0.121832 -0.017480
v 0.011081 0.012265 0.044509
v -0.084263 0.013167 -0.063576
v -0.085483 0.014370 -0.067088
v -0.085851 0.012342 -0.068330
v -0.084835 0.010618 -0.065712
v -0.087250 0.016152 -0.071817
v -0.087365 0.013281 -0.073352
v -0.070785 -0.025816 -0.040701
v -0.069987 -0.022099 -0.039907
v -0.070622 -0.020460 -0.041310
v -0.071100 -0.021488 -0.042479
v -0.070584 -0.008264 -0.057057
v -0.072182 -0.004198 -0.055216
v -0.082801 -0.025322 -0.060996
v -0.082920 -0.023533 -0.060128
v -0.084978 -0.019379 -0.063580
v -0.084995 -0.020608 -0.064492
v 0.011567 0.014188 0.041739
v 0.015269 0.010995 0.040648
v 0.014806 0.008968 0.042862
v 0.007567 0.061374 0.046362
v 0.008582 0.069396 0.043887
v 0.017544 0.069388 0.042458
v 0.016000 0.061420 0.045387
v 0.019849 0.008448 0.039821
v 0.019129 0.006556 0.041283
v 0.010062 0.103632 0.021838
v 0.020490 0.102298 0.019081
v 0.021435 0.127724 -0.067714
v -0.080242 -0.020955 -0.058392
v -0.082471 -0.018422 -0.062078
v -0.083655 -0.017697 -0.063805
v -0.082337 -0.019870 -0.061797
v 0.021891 0.128055 -0.059212
v 0.010646 0.130804 -0.059704
v -0.087806 0.016739 -0.062462
v -0.085622 0.018649 -0.057996
v -0.086136 0.018761 -0.058393
v -0.087958 0.016630 -0.063530
v 0.011750 0.129805 -0.072290
v 0.067836 -0.000601 -0.091108
v 0.071021 -0.001743 -0.075654
v 0.074139 0.010184 -0.077222
v 0.072251 0.015827 -0.093834
v 0.035869 -0.096075 -0.010267
v 0.033382 -0.108238 -0.013350
v -0.079945 0.003683 -0.065827
v -0.078565 0.008794 -0.063976
v -0.077655 0.008038 -0.063925
v -0.078986 0.003548 -0.065513
v -0.087960 0.013313 -0.069853
v -0.088303 0.010634 -0.070920
v -0.086425 0.009770 -0.069865
v -0.074556 0.010838 -0.052515
v -0.074816 0.011411 -0.053267
v -0.075498 0.009815 -0.053643
v -0.074926 0.008748 -0.052377
v -0.075091 -0.035835 -0.049699
v -0.068995 -0.024606 -0.056999
v -0.070723 -0.023673 -0.058378
v -0.073441 -0.019724 -0.061451
v -0.072447 -0.018752 -0.061604
v 0.052807 0.053005 0.023014
v 0.054811 0.058406 0.018649
v 0.058107 0.051123 0.014980
v 0.055844 0.046765 0.019691
v 0.005920 0.048560 0.049774
v 0.013374 0.048510 0.049538
v 0.011430 0.042250 0.049778
v 0.005173 0.042195 0.050110
v -0.068242 -0.033032 -0.041063
v -0.071097 -0.032879 -0.040759
v -0.071972 -0.034177 -0.042047
v -0.068930 -0.034625 -0.042476
v 0.059742 0.015911 0.015667
v 0.062274 0.013021 0.012540
v 0.061452 0.005119 0.017385
v 0.058542 0.009077 0.019480
v 0.055580 0.004570 0.025631
v -0.077711 0.014825 -0.053347
v -0.080037 0.014373 -0.055777
v -0.078454 0.013308 -0.054937
v -0.076718 0.013572 -0.053110
v 0.058091 -0.001085 0.025148
v -0.086366 0.001195 -0.069427
v -0.085147 0.007971 -0.067519
v 0.018948 0.079064 0.038528
v 0.009340 0.079533 0.040230
v 0.060063 0.041620 0.012100
v 0.057978 0.038993 0.017070
v 0.008401 0.015426 0.047046
v 0.009109 0.016931 0.043456
v 0.006607 0.022002 0.046202
v -0.085616 -0.008137 -0.063942
v -0.085995 -0.008046 -0.067026
v -0.084978 -0.012065 -0.065776
v -0.084937 -0.012149 -0.062662
v 0.003820 0.021185 0.052014
v 0.003892 0.025188 0.050756
v 0.006625 0.025078 0.046950
v 0.033609 0.061043 0.038409
v 0.035325 0.068368 0.034972
v 0.042835 0.066988 0.029492
v 0.041192 0.060119 0.033212
v 0.020609 0.107874 0.011807
v -0.085200 -0.000088 -0.063961
v -0.085899 0.000069 -0.067384
v 0.010114 0.109391 0.014566
v 0.004281 0.034325 0.049727
v 0.008459 0.034346 0.048055
v 0.007253 0.031053 0.047366
v -0.089031 0.009426 -0.069366
v -0.089115 0.003279 -0.069659
v -0.088855 0.009861 -0.070079
v -0.076525 0.012020 -0.061641
v -0.076522 0.014984 -0.065502
v -0.076039 0.008349 -0.067135
v -0.076884 0.009454 -0.063145
v 0.004266 0.031100 0.049766
v 0.023723 0.005115 0.040708
v 0.024539 0.007230 0.039601
v 0.065169 -0.031441 -0.044444
v 0.066263 -0.032717 -0.043944
v 0.072829 0.014793 -0.033609
v 0.071407 0.004247 -0.031797
v 0.071568 0.012638 -0.022102
v 0.072294 0.025369 -0.024200
v 0.074854 0.037179 -0.027660
v 0.076246 0.045690 -0.032961
v 0.076865 0.029997 -0.040151
v 0.075116 0.023694 -0.035857
v 0.049201 -0.084509 -0.075551
v 0.047009 -0.074288 -0.078968
v 0.003757 0.017970 0.054608
v 0.003706 0.015014 0.057145
v 0.020166 0.035525 -0.149617
v -0.071035 -0.016476 -0.042136
v -0.072430 -0.014367 -0.043408
v -0.071439 -0.016541 -0.044814
v -0.070947 -0.018584 -0.044416
v 0.019424 0.021923 -0.147749
v 0.039752 0.025841 -0.139127
v 0.040266 0.038796 -0.140596
v 0.064428 -0.011191 -0.087112
v -0.073982 -0.021529 -0.060211
v -0.071377 -0.024612 -0.057670
v -0.071812 -0.024920 -0.057005
v -0.074572 -0.023203 -0.058692
v 0.068275 -0.010560 -0.072843
v 0.011893 -0.011195 0.057559
v 0.008840 -0.006756 0.052821
v 0.008927 -0.010373 0.051762
v 0.008574 -0.007869 0.052840
v 0.011949 -0.013685 0.059186
v 0.014042 -0.014361 0.060417
v 0.009900 -0.013840 0.052548
v 0.009268 -0.013675 0.052948
v 0.008413 -0.010089 0.051978
v 0.010119 -0.006240 0.053521
v 0.004609 -0.018656 0.066763
v 0.005110 -0.017255 0.069797
v 0.008587 -0.015583 0.068217
v 0.007259 -0.017058 0.066088
v 0.006676 -0.007736 0.054214
v 0.005804 -0.009799 0.054848
v 0.006901 -0.011825 0.062239
v 0.008410 -0.007954 0.058252
v 0.008858 -0.005884 0.055434
v 0.008410 -0.011082 0.061425
v 0.008124 -0.016974 0.058403
v 0.010046 -0.010895 0.059687
v -0.082070 0.015877 -0.058021
v -0.082071 0.010457 -0.058654
v -0.080696 0.010247 -0.057141
v -0.076668 -0.019704 -0.049840
v -0.077436 -0.018406 -0.051783
v -0.078365 -0.021467 -0.053736
v -0.077366 -0.023529 -0.052141
v 0.077556 -0.018675 -0.051071
v 0.057292 -0.064711 -0.031313
v 0.060271 -0.049828 -0.038947
v 0.059164 -0.050262 -0.044542
v -0.078943 -0.031848 -0.055182
v -0.076733 -0.032096 -0.055784
v -0.074681 -0.034263 -0.052631
v -0.077052 -0.034578 -0.052386
v -0.070946 -0.019733 -0.043299
v -0.070737 -0.019058 -0.041729
v -0.081802 0.004184 -0.067728
v -0.080489 0.010347 -0.065743
v 0.057368 -0.065782 -0.040368
v 0.079657 0.007671 -0.054137
v 0.066699 0.057529 -0.003281
v 0.068360 0.069272 -0.012692
v 0.073641 0.057521 -0.024202
v -0.083906 0.008870 -0.063505
v -0.084451 0.006569 -0.064987
v 0.072965 0.046844 -0.018946
v 0.068901 0.079030 -0.020917
v 0.074188 0.068383 -0.031596
v 0.077400 0.056192 -0.041187
v 0.079112 0.035868 -0.054943
v 0.040642 0.018248 0.033878
v 0.040889 0.017941 0.033814
v 0.039405 0.017523 0.034992
v -0.073637 -0.003907 -0.047997
v -0.071016 -0.003241 -0.049058
v -0.070845 -0.003924 -0.049231
v -0.074050 -0.005507 -0.047854
v 0.039233 0.017894 0.035096
v 0.040286 0.018441 0.033623
v 0.039045 0.018073 0.034566
v -0.074124 -0.003838 -0.046463
v -0.074570 -0.005357 -0.046361
v -0.074324 -0.005728 -0.044836
v -0.073949 -0.004833 -0.044735
v 0.041349 0.018845 0.032814
v 0.041724 0.018615 0.033036
v 0.041884 0.018289 0.032949
v 0.024200 0.018538 0.037266
v 0.024621 0.018660 0.036561
v 0.026965 0.018100 0.037569
v 0.026777 0.017978 0.038337
v 0.024047 0.018225 0.037518
v 0.027013 0.017537 0.038383
v -0.070320 -0.002929 -0.049979
v -0.070436 -0.003195 -0.049469
v -0.070929 -0.002757 -0.049882
v -0.075045 0.000029 -0.061624
v -0.076497 -0.007891 -0.063672
v -0.074281 -0.007891 -0.062453
v -0.071448 -0.000362 -0.060731
v 0.023358 0.019884 0.031389
v 0.023112 0.020517 0.031415
v -0.086538 -0.006797 -0.068662
v 0.024379 0.018965 0.031637
v 0.022160 0.020681 0.033940
v 0.022062 0.021846 0.034002
v -0.081676 0.019603 -0.048433
v -0.080094 0.021427 -0.048116
v -0.082571 0.025213 -0.052831
v 0.022724 0.022276 0.031483
v 0.022861 0.021085 0.031390
v 0.022414 0.020130 0.034144
v -0.072333 -0.017119 -0.054325
v -0.074799 -0.016197 -0.051048
v -0.072896 -0.016259 -0.049503
v -0.071417 -0.017578 -0.052633
v -0.070441 -0.012271 -0.047556
v -0.068519 -0.015685 -0.046668
v -0.072903 -0.013856 -0.046316
v -0.074076 0.001884 -0.046159
v -0.072415 -0.001760 -0.049319
v -0.073408 -0.002802 -0.047686
v -0.073804 -0.002569 -0.046218
v -0.086991 -0.015519 -0.067275
v -0.088596 -0.010391 -0.069612
v -0.086796 -0.010466 -0.070903
v -0.085237 -0.015894 -0.068518
v 0.020757 0.019917 0.034686
v 0.020446 0.020374 0.034533
v -0.068696 -0.029398 -0.039404
v -0.066468 -0.032143 -0.042249
v -0.068563 -0.026325 -0.038268
v -0.090813 0.020830 -0.065249
v -0.086823 0.023305 -0.065563
v -0.087043 0.021332 -0.068056
v -0.091066 0.018874 -0.067541
v -0.070616 0.003534 -0.055257
v -0.070811 0.001374 -0.054880
v -0.071251 0.002938 -0.053251
v -0.071169 0.004805 -0.053339
v 0.020543 0.021500 0.034675
v 0.031627 0.016534 0.038428
v 0.031986 0.015905 0.038148
v 0.027507 0.016349 0.038271
v 0.027314 0.016966 0.038378
v 0.031317 0.017082 0.038546
v 0.034574 0.017098 0.037839
v 0.034941 0.016564 0.037613
v 0.035240 0.015974 0.037248
v -0.052392 -0.032329 -0.094302
v -0.060503 -0.032477 -0.075694
v -0.064064 -0.018637 -0.084368
v -0.057047 -0.018802 -0.100084
v -0.080040 -0.029388 -0.054724
v -0.078934 -0.031684 -0.052094
v -0.075186 0.009527 -0.044861
v -0.074521 0.011532 -0.043406
v -0.075852 0.016934 -0.044525
v -0.076394 0.013557 -0.044871
v 0.024137 0.017195 0.037645
v 0.024067 0.017790 0.037621
v 0.035510 0.015320 0.036864
v 0.032273 0.015202 0.037762
v -0.087776 0.005042 -0.074432
v -0.090650 0.004325 -0.072816
v 0.027689 0.015584 0.038050
v 0.024069 0.016626 0.037689
v 0.020943 0.017958 0.036974
v 0.021352 0.018368 0.036903
v 0.032480 0.014464 0.037512
v 0.032426 0.013678 0.037449
v 0.027634 0.014027 0.037892
v 0.027719 0.014782 0.037892
v -0.077068 0.015497 -0.051638
v -0.081008 0.019197 -0.054720
v -0.078766 0.016629 -0.053778
v -0.076900 0.015160 -0.052084
v -0.076174 0.007447 -0.050055
v -0.076946 0.008756 -0.049541
v -0.075564 0.009612 -0.049748
v -0.074561 0.008211 -0.049918
v 0.035666 0.014579 0.036532
v 0.035637 0.013736 0.036479
v -0.074459 0.016100 -0.041771
v -0.076044 0.020959 -0.044773
v 0.043621 0.018492 0.031212
v 0.044189 0.018972 0.030492
v 0.044345 0.018258 0.030364
v -0.067808 -0.025402 -0.056127
v 0.044049 0.017822 0.030764
v 0.047167 0.015403 0.027354
v 0.048122 0.016674 0.026504
v 0.050254 0.015519 0.024976
v -0.076818 0.008475 -0.047531
v -0.077690 0.011052 -0.046920
v -0.078033 0.010282 -0.049318
v -0.069426 -0.021273 -0.037768
v -0.070212 -0.019488 -0.039973
v -0.076124 0.013927 -0.052012
v -0.075514 0.012848 -0.052046
v -0.073996 0.009556 -0.051657
v -0.074485 0.007204 -0.052787
v 0.048944 0.014211 0.026264
v -0.081273 0.000838 -0.059948
v -0.083076 -0.007519 -0.061576
v 0.057408 0.006314 0.022412
v 0.051004 0.011825 0.025531
v 0.052437 0.013264 0.023517
v 0.042942 0.018076 0.031970
v 0.042123 0.017776 0.032796
v 0.042727 0.018646 0.032120
v 0.043392 0.019050 0.031411
v 0.043424 0.017455 0.031515
v 0.042517 0.017134 0.032505
v 0.041182 0.017445 0.033693
v 0.041540 0.016779 0.033467
v 0.040004 0.016365 0.034686
v 0.039713 0.016978 0.034868
v 0.037536 0.016689 0.036250
v -0.067669 -0.018219 -0.071037
v -0.064828 -0.032115 -0.056040
v 0.037231 0.017235 0.036427
v 0.037843 0.016085 0.035952
v 0.040284 0.015691 0.034475
v 0.038202 0.015438 0.035665
v 0.041944 0.016098 0.033085
v 0.043034 0.016495 0.031995
v 0.043897 0.016890 0.030975
v 0.044561 0.017286 0.030180
v 0.044973 0.017905 0.029636
v 0.044472 0.016198 0.030188
v 0.045111 0.015499 0.029421
v 0.043862 0.014999 0.030783
v 0.043500 0.015782 0.031358
v 0.045305 0.016708 0.029252
v 0.046103 0.016106 0.028313
v -0.074418 0.009957 -0.049766
v -0.074193 0.010228 -0.050080
v -0.073316 0.009305 -0.050782
v -0.073575 0.008886 -0.049995
v 0.042261 0.015443 0.032682
v 0.042479 0.014698 0.032227
v 0.040566 0.014292 0.033838
v 0.040463 0.015114 0.034246
v -0.077901 -0.033370 -0.049575
v -0.079726 0.006944 -0.057271
v -0.076677 0.005366 -0.055441
v -0.077335 0.007329 -0.054299
v 0.038466 0.014783 0.035387
v 0.038554 0.013955 0.035074
v -0.088755 -0.004820 -0.068354
v -0.089828 0.003370 -0.069443
v -0.090885 0.003851 -0.070980
v -0.089738 -0.004985 -0.069628
v 0.031176 0.017472 0.038567
v 0.031075 0.017650 0.037988
v 0.034248 0.017672 0.037378
v 0.034377 0.017488 0.037938
v 0.036993 0.017625 0.036479
v -0.066885 -0.033176 -0.043328
v -0.070682 0.000593 -0.055835
v -0.071963 -0.001272 -0.055101
v 0.036948 0.017831 0.035937
v 0.034358 0.016511 0.034892
v 0.033554 0.017054 0.031053
v 0.036408 0.017103 0.030258
v 0.037578 0.016721 0.033773
v -0.071526 0.006170 -0.053214
v -0.072317 0.007842 -0.051624
v 0.030650 0.016323 0.035377
v 0.030272 0.017404 0.031602
v 0.027024 0.016887 0.035523
v -0.070472 -0.016584 -0.039892
v 0.027018 0.018120 0.031730
v 0.024560 0.018458 0.035217
v 0.033639 0.029537 0.038009
v 0.033876 0.029642 0.038467
v 0.038628 0.028989 0.037669
v 0.038171 0.028800 0.037201
v 0.050015 -0.000722 -0.120859
v 0.051618 0.014281 -0.126346
v 0.038861 0.009948 -0.135758
v 0.040982 0.027018 0.036117
v 0.041097 0.027591 0.035982
v 0.043346 0.026435 0.034474
v 0.043046 0.025854 0.034586
v 0.040815 0.026280 0.036172
v -0.087150 0.017178 -0.066976
v -0.087526 0.015393 -0.068456
v -0.085377 0.015804 -0.065651
v -0.084997 0.016966 -0.064047
v -0.084150 0.018083 -0.060201
v -0.084709 0.019724 -0.059796
v -0.086428 0.018573 -0.064840
v -0.075365 0.005987 -0.054247
v -0.076417 0.007767 -0.053182
v 0.042734 0.025118 0.034416
v 0.037879 0.027406 0.037782
v -0.075683 -0.020944 -0.048327
v -0.076377 -0.027008 -0.049422
v -0.083625 -0.015576 -0.063441
v -0.083362 -0.014848 -0.060436
v -0.083973 -0.004675 -0.071733
v -0.083836 0.004564 -0.072501
v -0.082542 0.004318 -0.070045
v -0.082869 -0.004350 -0.070210
v 0.038030 0.028131 0.037764
v 0.038082 0.028556 0.037392
v 0.042841 0.023696 0.029530
v 0.041928 0.025246 0.030346
v -0.078050 -0.002818 -0.066158
v -0.075332 -0.002034 -0.066480
v -0.073610 -0.003762 -0.044202
v -0.072964 -0.000119 -0.042240
v -0.071533 0.005666 -0.053704
v -0.071957 0.007071 -0.051557
v -0.078255 -0.018778 -0.062664
v -0.074029 -0.026147 -0.055530
v -0.078173 -0.021026 -0.061092
v -0.069950 -0.026897 -0.053366
v -0.069526 -0.027899 -0.051128
v -0.072123 -0.027931 -0.052854
v 0.041770 0.024009 0.032867
v 0.042493 0.022976 0.031721
v 0.043291 0.022936 0.028830
v 0.042934 0.022205 0.030805
v 0.042885 0.023393 0.025596
v 0.042109 0.024186 0.026295
v 0.040915 0.025152 0.027313
v -0.080361 -0.019073 -0.057509
v -0.082144 -0.017836 -0.060338
v 0.043336 0.022655 0.025204
v -0.069485 -0.003173 -0.050756
v -0.067841 -0.004664 -0.051941
v -0.069165 -0.003714 -0.050084
v -0.083859 0.000169 -0.061419
v -0.084813 -0.007807 -0.062043
v -0.077070 0.010886 -0.049720
v 0.043620 0.021897 0.025063
v -0.074824 0.000879 -0.051454
v -0.075961 0.004280 -0.049170
v -0.080072 0.014458 -0.049285
v -0.078550 0.012653 -0.049965
v -0.078030 0.011798 -0.049757
v -0.079002 0.012281 -0.049049
v -0.062884 -0.013076 -0.049814
v -0.066469 -0.014629 -0.048627
v -0.067869 -0.011404 -0.048514
v 0.043558 0.021036 0.025023
v 0.043260 0.020226 0.025352
v 0.060497 -0.009410 0.022420
v 0.060080 0.001400 0.021318
v -0.083440 0.019945 -0.058679
v -0.083697 0.017823 -0.059858
v -0.081546 0.011139 -0.067739
v 0.062671 -0.006451 0.018061
v 0.042478 0.019027 0.032251
v -0.075800 0.011656 -0.054391
v -0.076668 0.010048 -0.055138
v 0.043152 0.019469 0.031502
v -0.078131 0.023490 -0.059878
v -0.077468 0.021555 -0.056651
v -0.077569 0.021731 -0.055451
v -0.078064 0.025739 -0.055314
v 0.042003 0.019281 0.032137
v -0.068780 -0.030643 -0.047978
v -0.071480 -0.030348 -0.050897
v -0.071294 -0.029056 -0.051283
v -0.069073 -0.029218 -0.049194
v -0.072129 -0.016483 -0.048862
v -0.071117 -0.017782 -0.051641
v 0.042416 0.019610 0.031556
v -0.085180 -0.014153 -0.066109
v -0.084359 -0.015044 -0.065092
v -0.085673 -0.011027 -0.067220
v -0.086825 -0.009820 -0.067958
v 0.043649 0.019956 0.030699
v 0.044076 0.019542 0.030592
v 0.040938 0.017506 0.031457
v 0.040678 0.017851 0.028375
v 0.041807 0.018390 0.027445
v -0.071666 0.004341 -0.057024
v -0.070649 0.003213 -0.057539
v -0.078070 0.015914 -0.058078
v -0.080095 0.018426 -0.059702
v -0.079012 0.021208 -0.055854
v -0.077536 0.018950 -0.055613
v -0.082715 0.011953 -0.070309
v 0.041877 0.018401 0.030287
v 0.039783 0.016951 0.032485
v 0.038882 0.017372 0.029341
v 0.042371 0.018906 0.026693
v 0.042915 0.019542 0.025900
v -0.076766 0.008847 -0.054779
v -0.077339 0.009085 -0.055883
v 0.042444 0.018880 0.029670
v -0.076207 0.009231 -0.054311
v 0.042917 0.019441 0.028829
v 0.042837 0.020057 0.030837
v -0.073929 0.007316 -0.050216
v -0.075570 0.006145 -0.050522
v -0.079363 0.014447 -0.050659
v -0.083254 0.017979 -0.054049
v -0.082411 0.017719 -0.053667
v -0.078783 0.014960 -0.051086
v 0.043516 0.020829 0.028058
v 0.043604 0.021451 0.028120
v 0.043184 0.020495 0.030082
v -0.074403 0.011688 -0.051169
v 0.043576 0.021031 0.029418
v 0.043297 0.020218 0.028230
v -0.015384 -0.033971 -0.121366
v -0.016922 -0.023691 -0.128699
v 0.043536 0.022219 0.028364
v 0.043311 0.021581 0.029951
v 0.044613 0.018958 0.029963
v 0.044545 0.019973 0.029888
v 0.045468 0.020917 0.028988
v 0.045251 0.018797 0.029234
v -0.077696 0.021559 -0.048082
v -0.078849 0.023389 -0.052200
v -0.079735 0.024380 -0.052623
v -0.078194 0.022498 -0.049192
v -0.084592 0.015752 -0.063437
v 0.046311 0.018689 0.028229
v 0.045867 0.017465 0.028579
v 0.046850 0.021309 0.028329
v 0.048219 0.021619 0.027607
v -0.088838 0.012254 -0.068914
v -0.072975 -0.002355 -0.053358
v -0.069637 -0.005450 -0.053344
v 0.047520 0.018656 0.027239
v 0.046809 0.017190 0.027628
v 0.044105 0.020386 0.030014
v -0.060120 -0.006724 -0.051690
v -0.060420 -0.005513 -0.051878
v -0.061161 -0.006018 -0.052989
v -0.060712 -0.007591 -0.053001
v 0.044461 0.020910 0.029500
v 0.046291 0.022514 0.029552
v -0.063188 -0.011707 -0.053373
v -0.065867 -0.012937 -0.052398
v -0.065051 -0.014883 -0.050939
v -0.062302 -0.014091 -0.052843
v 0.047232 0.023202 0.029261
v 0.045063 0.021955 0.029986
v 0.044588 0.022875 0.031291
v 0.045605 0.023604 0.031233
v -0.059442 -0.009962 -0.052135
v -0.059793 -0.008352 -0.051767
v -0.060654 -0.009267 -0.053172
v -0.060566 -0.011175 -0.053504
v 0.046266 0.024278 0.031159
v 0.044567 0.024659 0.032880
v -0.082984 0.019503 -0.056344
v -0.084744 0.019633 -0.057969
v 0.045090 0.025287 0.032811
v 0.043837 0.023961 0.032748
v 0.044072 0.021692 0.030238
v -0.089512 0.011677 -0.068322
v -0.089687 0.009493 -0.069202
v -0.088183 0.015941 -0.065947
v -0.088480 0.014307 -0.067413
v 0.043650 0.022426 0.031154
v 0.043046 0.023317 0.032334
v 0.042234 0.024294 0.033672
v -0.072996 -0.011771 -0.043181
v -0.073975 -0.011493 -0.045152
v -0.073575 -0.013156 -0.045139
v -0.090514 0.015063 -0.068319
v -0.091089 0.016620 -0.069464
v -0.071322 -0.029256 -0.040396
v -0.070212 -0.030706 -0.039607
v -0.043548 -0.099988 -0.024458
v -0.053845 -0.095014 -0.035715
v -0.053710 -0.105022 -0.035460
v -0.044008 -0.109994 -0.024772
v -0.080098 0.016783 -0.047447
v -0.079212 0.019230 -0.046550
v 0.040586 0.025624 0.035627
v 0.040258 0.025335 0.034840
v 0.037709 0.026666 0.037315
v -0.059795 -0.011382 -0.050586
v -0.059881 -0.012525 -0.052669
v -0.062407 -0.014174 -0.051263
v -0.065088 -0.007363 -0.049368
v -0.060859 -0.006627 -0.049958
v 0.037544 0.026371 0.036583
v 0.034430 0.030359 0.039422
v 0.039788 0.029923 0.038517
v 0.037473 0.027701 0.033569
v 0.035806 0.026695 0.030469
v 0.033251 0.026982 0.031809
v 0.034076 0.028279 0.035342
v -0.063222 -0.010070 -0.053269
v 0.022258 0.022626 0.034247
v 0.022725 0.023825 0.034819
v -0.064584 -0.005134 -0.052626
v -0.065246 -0.004169 -0.051018
v -0.067895 -0.018148 -0.047828
v -0.069506 -0.018429 -0.050353
v -0.071117 -0.018529 -0.046761
v -0.060285 -0.012850 -0.053389
v -0.071441 0.005321 -0.054721
v 0.023242 0.024342 0.032105
v 0.022673 0.023138 0.031611
v 0.021347 0.022285 0.035150
v 0.022499 0.023511 0.035857
v -0.066264 -0.009132 -0.053213
v -0.069537 -0.011788 -0.055125
v -0.069251 -0.013935 -0.054150
v -0.066116 -0.011038 -0.053099
v -0.078808 -0.021908 -0.055466
v -0.079181 -0.020070 -0.055316
v -0.073467 -0.016330 -0.056113
v -0.076498 -0.016134 -0.054005
v -0.072550 0.000509 -0.053631
v -0.074174 0.003651 -0.051950
v -0.069736 -0.002996 -0.050492
v -0.067038 -0.006920 -0.052965
v -0.069288 -0.009101 -0.055029
v -0.065323 -0.005901 -0.049625
v -0.069225 -0.005979 -0.049191
v -0.069058 -0.004920 -0.049457
v -0.065263 -0.004914 -0.049932
v -0.079339 0.010093 -0.056355
v -0.077696 0.016902 -0.045589
v -0.078747 0.014019 -0.046980
v -0.079015 0.027750 -0.071761
v -0.077221 0.019480 -0.076597
v -0.077605 0.020298 -0.063815
v -0.063093 -0.008263 -0.053075
v -0.061302 -0.004501 -0.051522
v -0.061687 -0.004835 -0.050107
v -0.084341 -0.018137 -0.063321
v -0.072276 -0.018737 -0.046261
v -0.072476 0.005511 -0.051283
v -0.083604 -0.009946 -0.070119
v -0.082365 -0.015063 -0.067976
v -0.071801 0.006711 -0.051612
v -0.072748 0.007838 -0.050453
v -0.070328 -0.018214 -0.051150
v -0.071704 -0.017461 -0.047935
v -0.073015 0.008275 -0.050326
v -0.073446 -0.012018 -0.046606
v -0.083757 0.010325 -0.061991
v 0.026283 0.027103 0.036411
v 0.026891 0.026397 0.032779
v -0.075057 -0.029601 -0.056219
v -0.073384 -0.031161 -0.053194
v 0.024272 0.025767 0.032569
v -0.061263 -0.005625 -0.050103
v 0.023971 0.025598 0.035719
v -0.064968 -0.014909 -0.050211
v -0.064246 -0.006544 -0.053130
v 0.027123 0.026047 0.037768
v 0.024339 0.024737 0.036814
v 0.034045 0.026955 0.037788
v -0.071632 -0.008116 -0.048083
v -0.071177 -0.010279 -0.047816
v -0.073952 -0.009813 -0.046753
v 0.021960 0.071342 -0.146558
v 0.021302 0.055710 -0.149705
v -0.077886 -0.015749 -0.055730
v -0.074294 -0.015064 -0.058394
v -0.075298 -0.014053 -0.060542
v -0.079384 -0.014867 -0.057442
v -0.080893 -0.019861 -0.065598
v -0.079139 -0.024210 -0.062341
v -0.081405 -0.025704 -0.061951
v -0.083451 -0.021243 -0.065702
v 0.040826 0.057448 -0.140707
v 0.040999 0.071035 -0.138188
v -0.080186 0.043133 -0.080157
v -0.079614 0.033398 -0.064872
v -0.080848 0.049610 -0.068723
v -0.082130 0.020037 -0.065165
v -0.082271 0.017627 -0.066924
v -0.087031 0.018785 -0.070083
v -0.077334 0.024027 -0.049682
v -0.077799 0.021626 -0.053694
v -0.077473 0.023003 -0.051589
v -0.087278 -0.004949 -0.073066
v 0.040465 0.026703 0.031726
v 0.038685 0.026073 0.028919
v 0.051113 0.072147 -0.130472
v 0.050391 0.080801 -0.127604
v 0.041554 0.082676 -0.133066
v 0.034508 -0.062091 -0.097529
v 0.024336 -0.072531 -0.104165
v -0.074493 0.005668 -0.045355
v -0.076422 0.006349 -0.048186
v 0.020549 0.022029 0.036323
v -0.077362 -0.017722 -0.063384
v 0.022036 0.023266 0.036876
v -0.079418 -0.016654 -0.055491
v -0.081336 -0.016072 -0.057798
v -0.088182 0.020809 -0.058283
v -0.084842 0.018930 -0.055901
v 0.019513 0.021169 0.035850
v 0.018388 0.021016 0.036077
v 0.019330 0.022149 0.036458
v 0.020890 0.023659 0.037074
v 0.023910 0.024753 0.037610
v 0.023013 0.025309 0.037995
v 0.026238 0.027039 0.038904
v 0.026882 0.026299 0.038563
v 0.033886 0.027151 0.038595
v 0.033679 0.027962 0.038807
v 0.025622 0.027695 0.038739
v 0.022386 0.025932 0.037743
v 0.025113 0.028241 0.038292
v 0.022097 0.026693 0.037412
v 0.033507 0.029302 0.038332
v 0.033548 0.028738 0.038757
v 0.021546 0.018673 0.036776
v 0.018688 0.019352 0.036253
v 0.021884 0.019046 0.036389
v 0.019744 0.019663 0.035986
v 0.022854 0.019229 0.035586
v 0.019142 0.020090 0.035829
v 0.018115 0.019849 0.036071
v -0.008825 -0.111902 0.003100
v -0.009158 -0.118973 -0.000594
v 0.022920 0.019409 0.034430
v 0.018364 0.022423 0.036008
v 0.017329 0.020921 0.035929
v 0.017180 0.022740 0.035548
v 0.016153 0.020919 0.035629
v 0.019217 0.024886 0.036153
v 0.020025 0.024229 0.036605
v 0.017058 0.019599 0.036043
v 0.017603 0.019023 0.036281
v 0.016003 0.019455 0.035870
v 0.016669 0.018701 0.036126
v 0.023854 0.016036 0.037728
v 0.023557 0.015366 0.037750
v 0.020316 0.017412 0.037066
v 0.019671 0.016854 0.037029
v 0.032178 0.012659 0.037393
v 0.035464 0.012815 0.036478
v 0.031718 0.011442 0.037469
v -0.006469 -0.009472 0.059289
v -0.007916 -0.009759 0.057979
v -0.006849 -0.007833 0.057018
v -0.006130 -0.007748 0.057614
v 0.035172 0.011417 0.036490
v 0.026718 0.011934 0.038082
v 0.027278 0.013061 0.037970
v 0.033052 -0.116230 -0.014732
v 0.045918 0.014604 0.028752
v 0.047290 0.013124 0.028141
v 0.045571 0.012410 0.029931
v 0.044459 0.014123 0.030261
v 0.042845 0.013704 0.031799
v -0.006276 -0.018544 0.057833
v -0.005816 -0.016948 0.056735
v -0.006729 -0.017214 0.056128
v -0.007376 -0.018566 0.057048
v 0.043405 0.011913 0.031839
v 0.040913 0.011692 0.033586
v 0.040751 0.013308 0.033480
v 0.038502 0.013053 0.034950
v 0.038389 0.011541 0.035053
v 0.049176 0.018185 0.025928
v 0.050431 0.021442 0.025688
v 0.051227 0.017233 0.024232
v 0.052753 0.020960 0.023459
v 0.015626 0.023506 0.035640
v -0.003538 -0.008006 0.056691
v -0.001976 -0.010941 0.059387
v -0.003560 -0.009562 0.060836
v -0.004797 -0.007260 0.057518
v 0.014787 0.021253 0.035460
v 0.013464 0.024313 0.036618
v 0.013012 0.021796 0.036132
v 0.015081 0.027215 0.037862
v 0.017249 0.026400 0.036770
v 0.015030 0.019380 0.035687
v 0.015700 0.018302 0.035932
v 0.013616 0.019227 0.035984
v 0.014659 0.017751 0.036190
v 0.022991 0.014403 0.037720
v 0.022347 0.013323 0.037773
v 0.018915 0.016120 0.036959
v 0.017940 0.015245 0.037116
v 0.047847 -0.011744 -0.115800
v 0.052841 0.030041 -0.129323
v 0.047299 0.034012 0.035928
v 0.045035 0.031087 0.036907
v 0.041414 0.032142 0.039148
v 0.043311 0.035626 0.039195
v 0.049310 0.038585 0.033587
v 0.051748 0.035288 0.030671
v 0.049823 0.031866 0.032920
v 0.047632 0.029518 0.034355
v 0.051339 0.024206 0.026624
v 0.049630 0.024146 0.028253
v 0.049761 0.025828 0.029784
v 0.051460 0.026495 0.028241
v 0.053613 0.024362 0.024228
v 0.053986 0.027737 0.025892
v 0.050943 0.028887 0.030438
v 0.048962 0.027557 0.031948
v 0.053173 0.031159 0.028395
v 0.023325 0.031982 0.040689
v 0.024189 0.030588 0.039327
v 0.021008 0.028585 0.037831
v 0.019317 0.029204 0.038613
v 0.022000 0.033313 0.041694
v 0.017282 0.029910 0.039506
v 0.036870 0.036734 0.042120
v 0.035539 0.032867 0.040908
v 0.024741 0.028577 0.037941
v 0.022332 0.027143 0.037508
v 0.024638 0.028814 0.038056
v 0.022257 0.027428 0.037417
v 0.059154 0.091652 -0.109617
v 0.061429 0.097692 -0.097107
v 0.044883 0.108474 -0.103539
v 0.043985 0.101039 -0.115854
v 0.041260 0.027745 0.035956
v 0.041678 0.027972 0.036438
v 0.044183 0.026970 0.034777
v 0.043616 0.026677 0.034493
v 0.045513 0.025664 0.032805
v 0.046168 0.025994 0.032887
v 0.047451 0.025020 0.031078
v 0.046774 0.024718 0.031136
v 0.047438 0.024072 0.029886
v 0.048009 0.023978 0.029461
v 0.022018 0.028059 0.037729
v 0.024569 0.029290 0.038457
v 0.052334 0.060214 -0.131643
v 0.044653 0.074562 0.024374
v 0.051658 0.070908 0.017785
v 0.049573 0.064304 0.023496
v 0.042949 0.029012 0.037037
v 0.045595 0.027925 0.034931
v 0.047400 0.026672 0.032754
v 0.048459 0.025385 0.030856
v 0.048838 0.024474 0.029539
v 0.070279 -0.013921 -0.036916
v 0.071056 -0.014046 -0.038564
v 0.078515 -0.003705 -0.063807
v 0.076584 0.003135 -0.063198
v 0.075403 0.006578 -0.062197
v 0.077965 0.014654 -0.048162
v 0.082242 0.017646 -0.050895
v 0.081802 -0.023043 -0.057855
v 0.078662 -0.024815 -0.053986
v -0.087892 0.024168 -0.059044
v 0.081859 -0.022085 -0.058442
v 0.088415 0.013961 -0.061979
v 0.088743 0.012292 -0.063314
v 0.089560 0.012120 -0.063175
v 0.040538 -0.033073 -0.105469
v 0.045120 -0.020477 -0.111625
v 0.089166 0.010244 -0.064766
v 0.073316 -0.009367 -0.040913
v 0.079860 -0.004451 -0.064048
v 0.081848 -0.005190 -0.065742
v 0.082219 -0.010420 -0.066122
v 0.081594 -0.009762 -0.065022
v 0.081058 -0.015273 -0.064222
v 0.080562 -0.014204 -0.063520
v 0.083535 -0.019370 -0.060998
v 0.085715 -0.015840 -0.062812
v 0.083413 0.018132 -0.051908
v 0.082546 0.017095 -0.050399
v 0.084145 0.017737 -0.052172
v 0.074011 -0.010604 -0.042363
v 0.076010 0.013208 -0.047976
v 0.075732 0.010620 -0.046997
v 0.075297 0.011023 -0.047423
v 0.070002 -0.005503 -0.046621
v 0.070060 -0.004532 -0.046738
v 0.071221 -0.007000 -0.046070
v 0.073887 -0.008617 -0.044718
v 0.067216 -0.016356 -0.044957
v 0.066432 -0.017764 -0.047291
v 0.067034 -0.018802 -0.046440
v 0.085240 0.024553 -0.056442
v 0.075791 0.009646 -0.046774
v 0.077361 0.010678 -0.046782
v 0.077689 0.011899 -0.047042
v 0.085030 0.017350 -0.052480
v 0.077830 0.012803 -0.047312
v 0.077035 0.012829 -0.047257
v 0.078712 0.014365 -0.048049
v 0.076370 0.012834 -0.047465
v 0.073609 -0.012245 -0.058996
v 0.072183 -0.012465 -0.057036
v 0.072350 0.007146 -0.037866
v 0.073157 0.004658 -0.039966
v 0.077735 -0.025415 -0.051761
v 0.075438 0.013495 -0.058502
v 0.075606 0.015979 -0.059700
v 0.087036 -0.011091 -0.064732
v 0.079941 -0.016497 -0.054879
v 0.077797 -0.017022 -0.052881
v 0.081792 -0.015496 -0.056655
v 0.083429 -0.012979 -0.058224
v 0.070516 0.003464 -0.052496
v 0.083069 0.007241 -0.056557
v 0.083552 0.005036 -0.057955
v 0.081453 0.007291 -0.054990
v 0.077044 0.019540 -0.057934
v 0.076811 0.019485 -0.055565
v 0.077593 0.013810 -0.055894
v 0.076073 0.017894 -0.054957
v 0.069303 -0.012847 -0.045332
v 0.069046 -0.019002 -0.048857
v 0.068051 -0.016894 -0.049611
v 0.070042 -0.018766 -0.049784
v 0.069483 -0.017903 -0.051173
v 0.069957 -0.016256 -0.052929
v 0.070647 -0.014297 -0.054302
v 0.070592 -0.011898 -0.055085
v 0.068955 -0.008674 -0.046222
v 0.077278 0.018938 -0.044857
v 0.068390 -0.010593 -0.046033
v 0.070340 -0.006929 -0.046312
v 0.070513 -0.008753 -0.045849
v 0.070188 -0.010778 -0.045432
v 0.074693 -0.019720 -0.046307
v 0.075497 -0.018086 -0.048835
v 0.073220 -0.018994 -0.045685
v 0.076488 -0.017454 -0.050960
v 0.072060 -0.018656 -0.045252
v 0.075361 0.014818 -0.056863
v 0.075772 0.017921 -0.056987
v 0.070360 -0.010261 -0.034915
v 0.064338 -0.001406 0.012991
v 0.065470 0.007856 0.007404
v 0.029123 -0.050989 0.030912
v 0.028267 -0.054053 0.031593
v 0.057508 -0.012199 0.027028
v 0.053316 -0.014759 0.032480
v 0.030716 -0.044585 0.038091
v 0.030306 -0.045435 0.038237
v 0.029470 -0.044968 0.038516
v 0.029844 -0.044456 0.038123
v 0.027207 -0.044556 0.038646
v 0.027597 -0.044639 0.038019
v 0.028350 -0.044482 0.037945
v 0.028097 -0.044389 0.038583
v 0.031767 -0.029162 0.042328
v 0.034692 -0.025447 0.043024
v 0.037609 -0.029791 0.041323
v 0.034661 -0.032830 0.041100
v 0.028043 -0.046113 0.032758
v 0.027757 -0.044650 0.032871
v 0.027257 -0.044468 0.035729
v 0.027677 -0.045168 0.035666
v 0.027852 -0.049031 0.033085
v 0.027497 -0.046617 0.035667
v 0.029558 -0.046835 0.030597
v 0.028698 -0.044433 0.030717
v 0.038968 -0.051250 0.035504
v 0.035640 -0.048851 0.036260
v 0.036263 -0.045507 0.037037
v 0.039561 -0.046399 0.036182
v 0.026038 -0.017781 0.044374
v 0.030663 -0.021593 0.044081
v 0.028040 -0.025326 0.043286
v 0.023821 -0.021071 0.043793
v 0.019533 -0.016391 0.044780
v 0.021560 -0.013866 0.044684
v 0.016966 -0.009063 0.049050
v 0.018200 -0.012576 0.049815
v 0.018090 -0.013619 0.053303
v 0.017961 -0.011455 0.052233
v 0.016648 -0.017503 0.051466
v 0.018587 -0.014743 0.048215
v 0.013553 -0.018927 0.052058
v -0.009695 -0.018798 0.057546
v -0.008718 -0.017197 0.056369
v -0.009949 -0.016434 0.058090
v -0.011368 -0.017759 0.059177
v 0.013117 -0.018301 0.053186
v 0.016749 -0.017909 0.049694
v -0.002260 -0.017489 0.065075
v -0.003707 -0.015526 0.065387
v -0.002484 -0.016485 0.063090
v -0.002183 -0.018225 0.062615
v 0.017313 -0.018762 0.047554
v 0.014113 -0.019464 0.050713
v 0.012257 -0.017409 0.054340
v 0.014678 -0.017267 0.054196
v -0.005634 -0.014978 0.064946
v -0.007382 -0.015478 0.066538
v -0.009275 -0.015588 0.065107
v -0.007213 -0.015063 0.063560
v -0.002390 -0.014396 0.058466
v -0.003373 -0.016176 0.059614
v -0.001773 -0.014366 0.061967
v -0.010031 -0.014389 0.056325
v -0.008270 -0.015520 0.055003
v -0.007625 -0.011703 0.054167
v -0.009059 -0.010782 0.055193
v 0.016149 -0.015387 0.055815
v 0.006711 -0.017745 0.063730
v 0.007756 -0.016435 0.065619
v 0.008408 0.013334 0.050129
v 0.011042 0.009904 0.047139
v 0.008368 0.010699 0.052337
v 0.011045 0.007706 0.049369
v 0.015120 -0.013440 0.059887
v 0.016385 -0.011330 0.058063
v 0.012905 -0.012449 0.063909
v 0.013638 -0.009694 0.063455
v 0.004067 0.028285 0.050147
v 0.005032 -0.021154 0.059623
v 0.005485 -0.021852 0.059122
v 0.004685 -0.020260 0.061704
v 0.022988 0.094146 -0.134280
v 0.023513 0.106441 -0.122988
v 0.022730 0.119839 -0.099870
v 0.020473 0.124363 -0.087494
v 0.011984 -0.037896 0.058779
v 0.011353 -0.035337 0.058780
v 0.015647 -0.038402 0.044599
v 0.010062 -0.038625 0.046675
v 0.010572 -0.042328 0.049142
v 0.015856 -0.041932 0.046819
v 0.020075 -0.041805 0.043791
v 0.020212 -0.038444 0.041867
v 0.015808 -0.034947 0.043405
v 0.010089 -0.035020 0.045427
v 0.016683 -0.044023 0.049842
v 0.011581 -0.044401 0.053033
v 0.012268 -0.042624 0.055872
v 0.017456 -0.042639 0.052024
v 0.020584 -0.023026 0.045839
v 0.017016 -0.022593 0.048723
v 0.013193 -0.022889 0.052901
v 0.010234 -0.023504 0.056265
v 0.009162 -0.021552 0.056691
v 0.011417 -0.020499 0.053910
v 0.008599 -0.020760 0.057126
v 0.010889 -0.019841 0.054705
v 0.010538 -0.019124 0.055306
v 0.010796 -0.017743 0.055732
v 0.009032 -0.018113 0.057129
v 0.009370 -0.016856 0.056728
v 0.008316 -0.019901 0.057374
v 0.004031 0.005024 0.064882
v 0.003676 0.008652 0.062203
v 0.015344 -0.033183 0.055979
v 0.010652 -0.033202 0.058353
v 0.009203 -0.029218 0.057957
v 0.013333 -0.028768 0.055863
v 0.017499 -0.029072 0.052205
v 0.020044 -0.034428 0.052063
v 0.006085 -0.022579 0.058655
v 0.016053 -0.035381 0.056047
v 0.016545 -0.037895 0.055604
v 0.020899 -0.036771 0.051964
v 0.021372 -0.039034 0.051387
v 0.024605 -0.036575 0.047792
v 0.022515 -0.030636 0.048195
v 0.027943 -0.032538 0.044320
v 0.028471 -0.039107 0.043730
v 0.035892 -0.042288 0.038304
v 0.031883 -0.044719 0.037931
v 0.031828 -0.043363 0.038744
v 0.031315 -0.042115 0.039912
v 0.034688 -0.039127 0.039884
v 0.038894 -0.041689 0.037433
v 0.037255 -0.037042 0.039198
v 0.032272 -0.035962 0.041712
v 0.030441 -0.040798 0.041361
v 0.030654 -0.043800 0.038790
v 0.029810 -0.044050 0.038554
v 0.030285 -0.043043 0.039822
v 0.029436 -0.043693 0.039425
v 0.029583 -0.042349 0.041106
v 0.028896 -0.043366 0.040493
v 0.028041 -0.042811 0.042180
v 0.028413 -0.041288 0.043080
v 0.027052 -0.044364 0.038232
v 0.026076 -0.044170 0.039478
v 0.026566 -0.044162 0.040357
v 0.027467 -0.044287 0.038975
v 0.027604 -0.044503 0.037803
v 0.027972 -0.044341 0.038347
v 0.026751 -0.043710 0.036587
v 0.025494 -0.042765 0.038334
v -0.046368 -0.083855 -0.023657
v -0.054994 -0.081618 -0.037149
v 0.027999 -0.044768 0.037288
v 0.028555 -0.044384 0.037613
v 0.028886 -0.044325 0.038353
v 0.028690 -0.044119 0.038833
v 0.028128 -0.043970 0.039699
v 0.027310 -0.043759 0.041120
v 0.021405 -0.041051 0.050151
v 0.024787 -0.040742 0.046967
v 0.024519 -0.042445 0.045524
v 0.021042 -0.043085 0.048140
v 0.023913 -0.043574 0.044054
v 0.020545 -0.035069 0.041015
v 0.020142 -0.043829 0.046565
v 0.023681 -0.039329 0.038784
v 0.024172 -0.036743 0.037136
v 0.023237 -0.042137 0.040553
v 0.027304 -0.043025 0.033702
v 0.025728 -0.041168 0.036155
v 0.028173 -0.042480 0.031651
v 0.026340 -0.039214 0.034617
v 0.023339 -0.044029 0.042513
v 0.024889 -0.038848 0.047609
v 0.016992 -0.040264 0.054122
v 0.012157 -0.040179 0.057540
v -0.034517 0.004267 0.035829
v -0.033712 0.001308 0.037030
v -0.029602 0.002667 0.038131
v -0.030595 0.005292 0.037133
v 0.005953 -0.002586 0.071049
v 0.004921 0.001483 0.067774
v 0.028817 -0.044544 0.038751
v 0.011173 -0.124646 -0.003171
v -0.074695 -0.007494 -0.045739
v -0.074190 -0.006741 -0.044443
v -0.082202 0.014900 -0.068654
v 0.031486 -0.046039 0.037762
v 0.027253 -0.051231 0.033257
v 0.026981 -0.047608 0.035939
v 0.036264 -0.055796 0.035728
v 0.031965 -0.060237 0.038555
v 0.030245 -0.056180 0.039893
v 0.033689 -0.052337 0.036795
v 0.028538 -0.049820 0.041784
v 0.030454 -0.047787 0.038983
v -0.087888 0.017522 -0.063031
v 0.029569 -0.046510 0.039732
v 0.028005 -0.047755 0.042573
v 0.027388 -0.046196 0.043128
v 0.028819 -0.045485 0.040055
v 0.024726 -0.044530 0.043070
v 0.021211 -0.044226 0.046841
v 0.019335 -0.047943 0.042860
v 0.023282 -0.048171 0.039918
v 0.025973 -0.047970 0.037252
v 0.026966 -0.044609 0.039669
v -0.082049 0.021886 -0.062878
v -0.080778 0.024145 -0.058065
v -0.079647 0.022620 -0.056927
v -0.080765 0.020050 -0.061145
v 0.026018 -0.044272 0.043138
v 0.027917 -0.044386 0.039688
v 0.022286 -0.044110 0.047325
v 0.021909 -0.121380 -0.007958
v 0.028371 -0.044663 0.040052
v 0.026598 -0.044752 0.043121
v 0.023254 -0.044968 0.047658
v 0.024238 -0.046935 0.047988
v 0.024782 -0.049214 0.047958
v 0.024956 -0.052021 0.046950
v 0.025611 -0.059241 0.044423
v 0.026086 -0.064283 0.043596
v 0.019754 -0.061225 0.048625
v 0.019649 -0.066468 0.048449
v 0.020539 -0.053627 0.051923
v 0.020830 -0.050088 0.053304
v 0.020485 -0.047360 0.052992
v 0.019795 -0.045130 0.052059
v 0.007040 -0.024229 0.058169
v 0.007845 -0.018272 0.058545
v 0.006824 -0.018298 0.061107
v 0.009586 -0.014803 0.066414
v 0.004470 -0.019499 0.064031
v 0.011595 -0.012720 0.065736
v 0.010292 -0.013585 0.067437
v 0.010737 -0.011749 0.068306
v 0.011655 -0.010943 0.066907
v 0.009084 -0.014437 0.068965
v 0.010033 -0.012095 0.069562
v 0.005454 -0.016015 0.071253
v 0.006131 -0.012401 0.073441
v 0.006459 -0.006366 0.073193
v 0.006301 -0.010004 0.073923
v 0.011051 -0.010040 0.068977
v 0.011800 -0.007915 0.067507
v -0.090098 0.018209 -0.064334
v 0.011577 -0.005049 0.065007
v 0.013597 -0.007065 0.060991
v 0.011097 0.130102 -0.043772
v 0.018757 -0.043971 0.051403
v 0.017410 -0.044107 0.049827
v -0.073493 -0.020232 -0.045821
v -0.081738 0.006392 -0.058989
v 0.017392 -0.058187 0.037213
v 0.018005 -0.053820 0.039319
v 0.014064 -0.053832 0.041109
v -0.080243 0.024546 -0.055383
v -0.083681 0.026078 -0.056209
v 0.013466 -0.058580 0.038911
v 0.013556 -0.044089 0.051628
v -0.088259 -0.004901 -0.068712
v -0.090351 0.016713 -0.066459
v -0.088578 0.015280 -0.065304
v -0.081380 0.016713 -0.049801
v -0.075947 -0.011280 -0.063016
v -0.082506 -0.011038 -0.060743
v -0.081023 -0.013550 -0.059115
v -0.075276 -0.013115 -0.061870
v -0.070406 0.002040 -0.057018
v 0.011775 -0.047751 0.046589
v 0.015546 -0.047697 0.045032
v 0.014754 -0.043841 0.053776
v 0.015700 -0.045211 0.054829
v 0.016256 -0.047530 0.056082
v 0.010288 -0.054068 0.042140
v 0.009797 -0.058789 0.039927
v -0.070264 -0.015929 -0.037373
v 0.025910 -0.052776 0.034562
v -0.078166 -0.026590 -0.052966
v -0.079256 -0.025386 -0.055352
v -0.031481 -0.033374 -0.115864
v -0.034690 -0.022214 -0.122409
v -0.089501 -0.004991 -0.071531
v 0.026444 -0.056386 0.032878
v 0.022265 -0.053744 0.037058
v 0.022127 -0.057685 0.035282
v 0.013671 -0.066718 0.052507
v 0.014027 -0.061936 0.052187
v 0.016030 -0.050894 0.056465
v 0.015338 -0.054804 0.054907
v 0.023491 0.114402 -0.112128
v 0.063036 0.076589 -0.005418
v 0.061427 0.069856 0.002532
v -0.082388 0.018508 -0.057065
v 0.054443 0.077585 0.009502
v 0.056436 0.082867 0.002144
v 0.063876 0.084359 -0.013608
v 0.057168 0.089459 -0.005636
v 0.040888 0.121536 -0.063012
v 0.041377 0.121023 -0.048715
v 0.022296 0.127365 -0.044935
v 0.035821 0.121582 -0.077060
v 0.048125 0.112931 -0.086249
v 0.050311 0.115781 -0.066822
v 0.050232 0.115834 -0.051487
v -0.075025 -0.020774 -0.047223
v -0.074127 -0.026721 -0.046570
v -0.072838 -0.026205 -0.044465
v -0.077092 0.009335 -0.055559
v 0.023914 -0.086646 -0.105459
v 0.053027 0.042741 -0.130794
v 0.048812 0.114886 -0.037667
v 0.040613 0.119305 -0.034913
v 0.039980 0.116283 -0.022516
v 0.047409 0.112696 -0.025943
v 0.022035 0.125133 -0.030468
v 0.010943 0.127554 -0.028687
v 0.018611 0.006170 -0.143667
v 0.003558 0.012100 0.059553
v 0.045658 -0.049256 -0.088491
v 0.054927 -0.049511 -0.070673
v 0.056561 -0.101062 -0.047955
v 0.067456 -0.026822 -0.051863
v 0.067034 -0.026345 -0.052810
v 0.058432 -0.064234 -0.052297
v 0.059331 -0.050491 -0.053352
v 0.036497 -0.048169 -0.100445
v 0.077086 -0.015501 -0.062443
v 0.077992 -0.011855 -0.063670
v 0.078436 -0.016479 -0.062145
v 0.079514 -0.012563 -0.063460
v 0.079927 -0.008550 -0.064013
v 0.079179 -0.018413 -0.061465
v 0.077503 0.019665 -0.052754
v 0.078652 0.021243 -0.051960
v -0.076782 -0.016898 -0.063874
v -0.077157 -0.014746 -0.064771
v 0.067366 -0.028901 -0.047707
v 0.067111 -0.028119 -0.049354
v -0.061465 -0.005184 -0.052776
v 0.066712 -0.028519 -0.048437
v 0.066483 -0.029111 -0.047210
v 0.067152 -0.029927 -0.046211
v 0.066477 -0.029758 -0.046100
v 0.077968 0.035278 -0.046065
v 0.065046 -0.029010 -0.049476
v 0.066430 -0.026656 -0.052105
v 0.066675 -0.027583 -0.050655
v 0.065789 -0.028393 -0.049343
v 0.065730 -0.029600 -0.047322
v 0.065801 -0.030538 -0.045638
v 0.066808 -0.031165 -0.045131
v -0.078464 -0.022475 -0.061502
v -0.074640 -0.027890 -0.055925
v -0.060045 -0.078511 -0.050530
v -0.058346 -0.075833 -0.065430
v -0.059167 -0.087112 -0.063494
v -0.059325 -0.090835 -0.049011
v -0.072307 -0.002004 -0.038397
v -0.072439 -0.009198 -0.041178
v -0.071648 -0.010291 -0.039274
v 0.079584 -0.019600 -0.061870
v 0.072172 -0.030375 -0.050425
v -0.022359 -0.102733 -0.001764
v -0.020139 -0.114448 -0.006013
v 0.077617 0.011862 -0.058751
v 0.077525 0.010290 -0.060079
v 0.080020 0.011862 -0.061618
v 0.080055 0.013994 -0.060261
v 0.057617 -0.010732 -0.103203
v 0.060240 0.000194 -0.108530
v 0.011028 -0.085047 -0.110328
v 0.011344 -0.070852 -0.110104
v 0.075497 0.032514 -0.093669
v 0.077769 0.013472 -0.057159
v 0.080215 0.015649 -0.058800
v 0.078631 -0.007821 -0.063996
v 0.077281 0.012612 -0.056913
v 0.077025 0.011052 -0.058464
v 0.081332 0.017257 -0.060333
v 0.081407 0.015091 -0.061982
v 0.081262 0.012781 -0.063339
v 0.076741 0.009412 -0.060064
v -0.070595 -0.015444 -0.033035
v -0.070152 -0.016277 -0.022684
v -0.072074 -0.000364 -0.022893
v -0.071711 -0.005792 -0.032655
v 0.076524 0.018138 -0.059802
v 0.080817 0.063094 -0.070078
v 0.079847 0.057188 -0.084155
v 0.077428 0.080074 -0.073601
v 0.076665 0.075063 -0.088962
v 0.071921 0.069066 -0.104923
v 0.074892 0.050202 -0.100147
v 0.076900 0.019249 -0.054215
v 0.079410 0.022154 -0.052384
v 0.064501 0.090746 -0.021466
v 0.069538 0.085596 -0.028763
v 0.057477 0.095227 -0.012832
v 0.057363 0.100378 -0.019623
v 0.063904 0.096781 -0.028526
v 0.071017 0.089770 -0.040677
v 0.079869 0.053772 -0.055045
v 0.079115 0.068584 -0.055881
v 0.076060 0.072766 -0.042266
v -0.059964 0.031109 0.013797
v -0.061659 0.031787 0.009280
v -0.062276 0.022055 0.008988
v -0.060025 0.023225 0.012897
v 0.075545 0.085143 -0.057939
v 0.067013 0.098937 -0.047120
v 0.070709 0.095242 -0.061756
v 0.059941 0.107414 -0.051085
v 0.062069 0.105355 -0.065776
v 0.062013 0.102789 -0.081845
v 0.072435 0.091242 -0.076960
v 0.062043 0.102185 -0.034781
v 0.055825 0.105089 -0.025107
v 0.056923 0.108483 -0.038372
v 0.053623 0.109100 -0.029699
v 0.074122 0.074636 -0.035002
v 0.062966 -0.035016 -0.045048
v 0.064458 -0.035207 -0.039993
v -0.019495 0.088967 0.032088
v -0.009394 0.089731 0.034438
v -0.009468 0.097206 0.028412
v -0.019822 0.096118 0.025692
v 0.068590 -0.024322 -0.032980
v -0.036455 -0.014026 -0.126823
v -0.038115 -0.003501 -0.131591
v -0.018664 -0.006440 -0.138475
v -0.017777 -0.016177 -0.133271
v 0.068015 0.001053 0.000586
v 0.067988 0.013365 -0.001860
v 0.070983 0.005443 -0.012173
v 0.069500 -0.007780 -0.008966
v -0.020041 0.113257 0.003319
v -0.009493 0.114869 0.006104
v -0.009585 0.119879 -0.003949
v -0.020313 0.117986 -0.006385
v -0.053020 0.001848 0.026299
v -0.054887 -0.004491 0.026601
v -0.050883 -0.005136 0.030200
v -0.049552 0.001275 0.029202
v 0.066634 0.026871 -0.003457
v 0.070331 0.019402 -0.013581
v 0.070799 0.033519 -0.015455
v 0.067059 0.041196 -0.003803
v 0.062899 0.063635 -0.120025
v 0.064870 0.046765 -0.118027
v -0.073939 -0.031360 -0.043605
v -0.072864 -0.030500 -0.042260
v 0.065057 0.033967 -0.116126
v 0.047969 0.058180 0.027493
v -0.009718 0.124154 -0.015721
v -0.020698 0.122059 -0.017748
v 0.022545 0.085088 -0.140444
v 0.046832 0.082124 0.016866
v 0.055576 0.084218 -0.120561
v -0.001584 -0.070465 -0.111943
v 0.042466 0.090278 -0.127241
v 0.071584 0.086352 -0.092109
v 0.068259 0.081082 -0.105692
v 0.060144 0.074722 -0.120604
v 0.063599 0.017781 -0.113932
v 0.047943 0.108890 -0.018300
v 0.055963 0.024292 0.021167
v 0.055196 0.019902 0.020413
v 0.056113 0.029022 0.022585
v 0.053451 0.015275 0.021975
v 0.014529 0.006894 0.044919
v 0.014155 0.004929 0.046863
v 0.013671 0.002768 0.048740
v 0.017781 0.002356 0.044828
v 0.017071 -0.000502 0.046489
v 0.010800 0.002449 0.053589
v 0.010931 0.005160 0.051493
v 0.013339 -0.000042 0.050356
v 0.013142 -0.003128 0.051576
v 0.010794 -0.000530 0.055582
v 0.018508 -0.014898 0.046074
v 0.018770 -0.010345 0.045700
v 0.016017 -0.006327 0.047989
v 0.020962 -0.003207 0.045231
v 0.019934 -0.006463 0.045891
v 0.016375 -0.003146 0.047499
v 0.022166 0.000001 0.043639
v 0.014610 -0.006292 0.053607
v 0.016399 -0.009306 0.056175
v 0.012077 -0.003833 0.058194
v 0.010395 -0.001906 0.061869
v 0.009183 0.001625 0.059135
v 0.018358 0.004485 0.043098
v 0.022976 0.002561 0.042206
v 0.023787 -0.009891 0.045450
v 0.028669 -0.013250 0.045377
v 0.025532 -0.005541 0.044720
v 0.030358 -0.008293 0.044632
v 0.026712 -0.002021 0.043203
v 0.031447 -0.004422 0.043031
v 0.033277 -0.016939 0.044988
v 0.037334 -0.021025 0.043763
v 0.041165 -0.026062 0.041362
v 0.039854 -0.015921 0.043003
v 0.044093 -0.021414 0.040585
v 0.041403 -0.010840 0.041531
v 0.046303 -0.015862 0.039223
v -0.012485 0.011893 0.043799
v -0.012885 0.013938 0.040957
v -0.016565 0.010512 0.039644
v -0.016171 0.008375 0.041941
v -0.007538 0.061444 0.046028
v -0.008383 0.069473 0.043617
v -0.017354 0.069549 0.041965
v -0.015956 0.061588 0.044799
v 0.035401 -0.011776 0.044186
v 0.036694 -0.007431 0.042516
v 0.032408 -0.000656 0.041282
v 0.027787 0.001148 0.041675
v 0.041695 0.000296 0.037765
v 0.041953 -0.005211 0.039731
v 0.037210 -0.002772 0.040634
v 0.037441 0.001718 0.038776
v 0.047339 -0.009057 0.037452
v 0.046521 -0.001459 0.036052
v 0.045294 0.003456 0.034439
v 0.031001 0.009756 0.037956
v 0.025968 0.010310 0.038422
v 0.034664 0.009532 0.037012
v 0.041117 0.004233 0.036151
v 0.037590 0.004951 0.037443
v 0.048968 0.010729 0.027850
v 0.046717 0.009898 0.030179
v 0.040967 0.009388 0.034343
v 0.038071 0.009394 0.035824
v 0.043916 0.009596 0.032472
v 0.021397 0.011817 0.038226
v 0.016981 0.013917 0.037995
v 0.054206 -0.062572 -0.067740
v 0.008744 0.004870 0.056981
v 0.008459 0.007896 0.054739
v 0.014200 0.030520 0.041195
v 0.012208 0.027793 0.039701
v 0.006951 0.028080 0.047220
v 0.018624 0.034125 0.043620
v 0.013312 0.016502 0.037939
v -0.021038 0.007710 0.038489
v -0.020259 0.005596 0.039938
v 0.011745 0.018795 0.037849
v 0.010781 0.021903 0.038089
v 0.010846 0.024742 0.038795
v -0.009455 0.103696 0.021675
v -0.019948 0.102457 0.018764
v -0.019871 0.127955 -0.067970
v -0.020390 0.128283 -0.059470
v -0.009113 0.130911 -0.059824
v -0.010108 0.129931 -0.072427
v 0.030575 0.048211 0.044925
v 0.027529 0.041598 0.046551
v 0.058062 0.063302 0.011605
v 0.061725 0.054466 0.007729
v 0.050416 0.043732 0.029972
v 0.053429 0.039449 0.026930
v 0.055396 0.034264 0.024390
v 0.063365 0.042639 0.004894
v 0.063704 0.030158 0.004055
v 0.064703 0.018596 0.004921
v -0.069335 -0.000269 -0.092524
v -0.072696 -0.001513 -0.077377
v -0.075450 0.010578 -0.078864
v -0.073188 0.016327 -0.095260
v 0.048860 0.093858 0.002652
v -0.033098 -0.095603 -0.011512
v -0.031421 -0.107576 -0.014752
v -0.001703 -0.084231 -0.111763
v 0.048865 0.099399 -0.004244
v 0.048295 0.087906 0.009811
v 0.039651 0.112403 -0.013000
v 0.039613 0.108027 -0.004570
v 0.048568 0.104407 -0.011184
v 0.039995 0.102998 0.002773
v 0.040244 0.097461 0.009599
v 0.039701 0.091588 0.016798
v 0.038597 0.085410 0.023673
v 0.036940 0.076845 0.030458
v 0.044204 -0.061610 -0.085588
v 0.009309 -0.006006 0.053919
v 0.008581 -0.005864 0.054509
v -0.052990 0.053595 0.021755
v -0.054898 0.059021 0.017501
v -0.058276 0.051775 0.013643
v -0.056173 0.047346 0.018293
v 0.008186 -0.006601 0.053385
v 0.007549 -0.006359 0.053955
v 0.007060 -0.008144 0.053659
v 0.008899 -0.015026 0.055941
v 0.007452 -0.013168 0.054841
v 0.006658 -0.009827 0.053552
v 0.066879 -0.030715 -0.034749
v -0.006189 0.048639 0.049455
v -0.013678 0.048694 0.048772
v -0.011832 0.042443 0.049155
v -0.005519 0.042271 0.049919
v -0.059720 0.015623 0.013254
v -0.062531 0.012666 0.010470
v -0.061498 0.004256 0.015217
v -0.058536 0.008341 0.017023
v -0.055559 0.003269 0.023104
v -0.057797 -0.002726 0.022868
v -0.018605 0.079196 0.038094
v -0.008954 0.079596 0.039996
v -0.060418 0.042247 0.010602
v -0.058512 0.039497 0.015553
v -0.009714 0.015228 0.046533
v -0.010371 0.016790 0.042843
v -0.007495 0.021961 0.045694
v -0.004220 0.021055 0.051539
v -0.003844 0.025059 0.050017
v -0.007080 0.025005 0.046280
v -0.033690 0.061430 0.037493
v -0.035224 0.068732 0.034122
v -0.042782 0.067456 0.028556
v -0.041255 0.060596 0.032164
v -0.019999 0.108056 0.011511
v -0.009452 0.109470 0.014416
v -0.004406 0.034365 0.049239
v -0.008863 0.034427 0.047487
v -0.007601 0.031064 0.046703
v -0.004240 0.031103 0.049044
v -0.024890 0.003911 0.039077
v -0.025845 0.006295 0.038072
v -0.066221 -0.030675 -0.046048
v -0.067273 -0.031679 -0.045900
v -0.073189 0.015375 -0.035332
v -0.072169 0.004753 -0.033649
v -0.072291 0.013041 -0.023803
v -0.072478 0.025833 -0.025851
v -0.074686 0.037733 -0.029230
v -0.075942 0.046359 -0.034422
v -0.076672 0.030773 -0.041739
v -0.075099 0.024379 -0.037511
v -0.053309 -0.084567 -0.075965
v -0.050753 -0.074365 -0.079270
v -0.004104 0.017776 0.054259
v -0.004034 0.014764 0.056820
v -0.020165 0.035709 -0.149939
v -0.019839 0.022089 -0.148071
v -0.040074 0.026195 -0.139780
v -0.040182 0.039176 -0.141236
v -0.066306 -0.010986 -0.088546
v -0.070234 -0.010436 -0.074617
v -0.008673 -0.012800 0.059894
v -0.005326 -0.008417 0.055229
v -0.005341 -0.012079 0.054168
v -0.005049 -0.009526 0.055255
v -0.008807 -0.015362 0.061549
v -0.010933 -0.016159 0.062784
v -0.006130 -0.015602 0.054906
v -0.005435 -0.015398 0.055211
v -0.004779 -0.011786 0.054338
v -0.006616 -0.007893 0.055889
v 0.000967 -0.018864 0.067027
v 0.000337 -0.017384 0.069982
v -0.003740 -0.016274 0.069029
v -0.002115 -0.017660 0.066908
v -0.003107 -0.009286 0.056425
v -0.002135 -0.011327 0.056988
v -0.003199 -0.013181 0.063991
v -0.005067 -0.009430 0.060282
v -0.005491 -0.007407 0.057588
v -0.004981 -0.012524 0.063276
v -0.003434 -0.018277 0.060142
v -0.006818 -0.012421 0.061774
v -0.078161 -0.017417 -0.053555
v -0.056573 -0.064398 -0.032097
v -0.061605 -0.049944 -0.039582
v -0.060813 -0.050322 -0.045257
v -0.057997 -0.065725 -0.041087
v -0.079634 0.008596 -0.057028
v -0.066582 0.058105 -0.004577
v -0.068041 0.069909 -0.013807
v -0.073298 0.058156 -0.025519
v -0.072777 0.047368 -0.020401
v -0.068395 0.079705 -0.021949
v -0.073680 0.069084 -0.032784
v -0.076953 0.056949 -0.042515
v -0.078909 0.036697 -0.056391
v -0.041935 0.018090 0.031923
v -0.042148 0.017755 0.031821
v -0.040666 0.017300 0.032999
v -0.040516 0.017690 0.033139
v -0.041631 0.018331 0.031732
v -0.040368 0.017905 0.032689
v -0.042668 0.018791 0.030893
v -0.043012 0.018501 0.031078
v -0.043146 0.018144 0.030962
v -0.025362 0.018412 0.035438
v -0.025714 0.018614 0.034707
v -0.028106 0.018030 0.035644
v -0.027999 0.017802 0.036442
v -0.025251 0.018031 0.035712
v -0.028265 0.017291 0.036519
v -0.024296 0.020142 0.029275
v -0.024092 0.020742 0.029307
v -0.025279 0.019251 0.029542
v -0.023116 0.020735 0.032145
v -0.022917 0.021841 0.032217
v -0.023637 0.022353 0.029403
v -0.023870 0.021258 0.029298
v -0.023355 0.020195 0.032327
v -0.021784 0.019901 0.032902
v -0.021459 0.020368 0.032737
v -0.021468 0.021484 0.032890
v -0.032915 0.016245 0.036489
v -0.033250 0.015597 0.036179
v -0.028777 0.016036 0.036428
v -0.028590 0.016679 0.036531
v -0.032609 0.016828 0.036612
v -0.035848 0.016857 0.035867
v -0.036194 0.016308 0.035591
v -0.036463 0.015698 0.035188
v -0.025371 0.016923 0.035877
v -0.025295 0.017536 0.035836
v -0.036702 0.014989 0.034745
v -0.033494 0.014851 0.035736
v -0.028935 0.015241 0.036171
v -0.025293 0.016344 0.035923
v -0.022097 0.017771 0.035279
v -0.022535 0.018153 0.035180
v -0.033674 0.014027 0.035412
v -0.033576 0.013141 0.035233
v -0.028807 0.013553 0.035890
v -0.028932 0.014382 0.035962
v -0.036849 0.014149 0.034327
v -0.036786 0.013193 0.034152
v -0.044800 0.018404 0.029213
v -0.045363 0.018931 0.028540
v -0.045468 0.018175 0.028341
v -0.045168 0.017689 0.028682
v -0.047865 0.014899 0.024807
v -0.048759 0.016317 0.024049
v -0.050672 0.015027 0.022419
v -0.049484 0.013541 0.023661
v -0.057448 0.005233 0.019958
v -0.051351 0.010942 0.022867
v -0.052657 0.012565 0.020891
v -0.044136 0.017951 0.029932
v -0.043333 0.017619 0.030742
v -0.043978 0.018543 0.030155
v -0.044626 0.018999 0.029480
v -0.044569 0.017289 0.029406
v -0.043681 0.016942 0.030373
v -0.042373 0.017259 0.031620
v -0.042682 0.016574 0.031303
v -0.041156 0.016133 0.032514
v -0.040899 0.016778 0.032769
v -0.038746 0.016474 0.034160
v -0.038502 0.016997 0.034435
v -0.039022 0.015839 0.033819
v -0.041431 0.015392 0.032229
v -0.039372 0.015125 0.033458
v -0.043068 0.015816 0.030836
v -0.044145 0.016229 0.029751
v -0.044971 0.016658 0.028744
v -0.045616 0.017099 0.027987
v -0.046022 0.017783 0.027524
v -0.045468 0.015872 0.027813
v -0.045994 0.015055 0.026909
v -0.044804 0.014512 0.028254
v -0.044540 0.015418 0.028972
v -0.046269 0.016441 0.026919
v -0.046942 0.015730 0.025854
v -0.043341 0.015057 0.030300
v -0.043485 0.014182 0.029701
v -0.041633 0.013767 0.031348
v -0.041590 0.014712 0.031900
v -0.039646 0.014362 0.033087
v -0.039688 0.013407 0.032649
v -0.032421 0.017291 0.036611
v -0.032252 0.017595 0.035989
v -0.035474 0.017601 0.035378
v -0.035651 0.017279 0.035993
v -0.038292 0.017404 0.034541
v -0.038243 0.017703 0.034035
v -0.035507 0.016538 0.033009
v -0.034510 0.017414 0.028960
v -0.037396 0.017458 0.028177
v -0.038824 0.016758 0.031900
v -0.031720 0.016377 0.033483
v -0.031168 0.017733 0.029557
v -0.028045 0.016937 0.033613
v -0.027884 0.018444 0.029670
v -0.025549 0.018506 0.033343
v -0.034245 0.029781 0.035856
v -0.034417 0.029964 0.036290
v -0.039132 0.029275 0.035472
v -0.038742 0.029011 0.035016
v -0.051207 -0.000348 -0.121722
v -0.052321 0.014694 -0.127240
v -0.039662 0.010268 -0.136405
v -0.041654 0.027069 0.034086
v -0.041666 0.027705 0.033835
v -0.043901 0.026588 0.032322
v -0.043718 0.025930 0.032542
v -0.041604 0.026253 0.034243
v -0.043538 0.025110 0.032478
v -0.038646 0.027376 0.035872
v -0.038688 0.028151 0.035727
v -0.038670 0.028647 0.035256
v -0.044044 0.023837 0.027776
v -0.043040 0.025334 0.028565
v -0.042837 0.023988 0.031099
v -0.043660 0.023040 0.029976
v -0.044567 0.023130 0.027081
v -0.044201 0.022327 0.029080
v -0.043761 0.023638 0.023635
v -0.042946 0.024368 0.024297
v -0.041720 0.025258 0.025270
v -0.044220 0.022934 0.023257
v -0.044465 0.022177 0.023124
v -0.044404 0.021341 0.023071
v -0.044144 0.020549 0.023385
v -0.059511 -0.011341 0.020493
v -0.059949 0.000070 0.019145
v -0.062177 -0.008007 0.016180
v -0.043750 0.018963 0.030311
v -0.044406 0.019461 0.029601
v -0.043304 0.019284 0.030228
v -0.043714 0.019660 0.029692
v -0.044872 0.019987 0.028843
v -0.045273 0.019539 0.028696
v -0.042205 0.017542 0.029631
v -0.041587 0.018189 0.026343
v -0.042694 0.018711 0.025439
v -0.043125 0.018473 0.028436
v -0.041036 0.016972 0.030630
v -0.039825 0.017720 0.027284
v -0.043319 0.019251 0.024667
v -0.043816 0.019898 0.023908
v -0.043722 0.019013 0.027807
v -0.044178 0.019589 0.027001
v -0.044138 0.020137 0.029030
v -0.044747 0.020985 0.026275
v -0.044827 0.021624 0.026350
v -0.044439 0.020580 0.028317
v -0.044783 0.021142 0.027665
v -0.044544 0.020356 0.026430
v -0.044790 0.022397 0.026599
v -0.044549 0.021702 0.028217
v -0.045741 0.018932 0.028014
v -0.045665 0.020001 0.028010
v -0.046451 0.020992 0.027086
v -0.046282 0.018767 0.027231
v -0.047195 0.018648 0.026111
v -0.046804 0.017287 0.026339
v -0.047583 0.021416 0.026289
v -0.048679 0.021815 0.025383
v -0.048218 0.018583 0.024977
v -0.047609 0.016933 0.025267
v -0.045231 0.020437 0.028181
v -0.045541 0.020998 0.027680
v -0.047019 0.022669 0.027566
v -0.047758 0.023435 0.027143
v -0.045986 0.022071 0.028106
v -0.045449 0.022970 0.029378
v -0.046293 0.023749 0.029216
v -0.046779 0.024499 0.029023
v -0.045247 0.024763 0.030845
v -0.045623 0.025475 0.030655
v -0.044658 0.023999 0.030816
v -0.045140 0.021790 0.028438
v -0.044690 0.022510 0.029347
v -0.044002 0.023333 0.030501
v -0.043141 0.024225 0.031829
v -0.041475 0.025505 0.033785
v -0.041223 0.025217 0.033019
v -0.038575 0.026551 0.035484
v -0.038482 0.026247 0.034772
v -0.034905 0.030732 0.037244
v -0.040212 0.030269 0.036295
v -0.038400 0.027635 0.031786
v -0.036639 0.026698 0.028437
v -0.034055 0.027000 0.029844
v -0.034931 0.028200 0.033579
v -0.023098 0.022592 0.032456
v -0.023505 0.023791 0.033028
v -0.024061 0.024388 0.030036
v -0.023538 0.023196 0.029527
v -0.022240 0.022235 0.033372
v -0.023364 0.023450 0.034065
v -0.027067 0.027086 0.034640
v -0.027666 0.026369 0.030774
v -0.025066 0.025788 0.030537
v -0.024744 0.025584 0.033924
v -0.027956 0.025991 0.035947
v -0.025185 0.024680 0.035005
v -0.034916 0.026881 0.035948
v -0.021137 0.071562 -0.146878
v -0.020838 0.055916 -0.150030
v -0.040309 0.057852 -0.141328
v -0.040171 0.071450 -0.138780
v -0.041454 0.026712 0.029943
v -0.039489 0.026108 0.026869
v -0.050225 0.072660 -0.131210
v -0.049311 0.081319 -0.128305
v -0.040477 0.083108 -0.133641
v -0.037710 -0.062071 -0.097942
v -0.027623 -0.072565 -0.104530
v -0.021472 0.021966 0.034554
v -0.022917 0.023201 0.035086
v -0.020479 0.021119 0.034118
v -0.019352 0.020982 0.034375
v -0.020253 0.022110 0.034694
v -0.021765 0.023620 0.035256
v -0.024759 0.024690 0.035813
v -0.023845 0.025258 0.036154
v -0.027040 0.026978 0.037073
v -0.027727 0.026253 0.036755
v -0.034701 0.027074 0.036772
v -0.034419 0.027924 0.036924
v -0.026377 0.027686 0.036809
v -0.023184 0.025945 0.035829
v -0.025822 0.028316 0.036259
v -0.022838 0.026772 0.035381
v -0.034138 0.029375 0.036243
v -0.034212 0.028732 0.036758
v -0.022699 0.018531 0.035050
v -0.019775 0.019264 0.034601
v -0.022988 0.018959 0.034623
v -0.020799 0.019607 0.034273
v -0.023918 0.019204 0.033776
v -0.020179 0.020050 0.034126
v -0.019154 0.019814 0.034422
v -0.023866 0.019474 0.032601
v -0.019265 0.022409 0.034288
v -0.018269 0.020905 0.034310
v -0.018011 0.022771 0.033921
v -0.017066 0.020918 0.034121
v -0.019977 0.024980 0.034268
v -0.020874 0.024238 0.034800
v -0.018082 0.019561 0.034436
v -0.018662 0.018941 0.034661
v -0.017005 0.019415 0.034349
v -0.017718 0.018625 0.034567
v -0.025057 0.015727 0.035954
v -0.024728 0.015020 0.035984
v -0.021447 0.017226 0.035401
v -0.020787 0.016667 0.035405
v -0.033280 0.012028 0.035076
v -0.036521 0.012152 0.034012
v -0.032763 0.010705 0.035132
v -0.036157 0.010601 0.033952
v -0.027880 0.011318 0.036111
v -0.028438 0.012530 0.035932
v -0.031884 -0.115690 -0.016100
v -0.046686 0.014015 0.026146
v -0.047945 0.012346 0.025453
v -0.046292 0.011591 0.027193
v -0.045298 0.013488 0.027615
v -0.043758 0.013044 0.029139
v -0.044232 0.011050 0.029073
v -0.041819 0.010818 0.030841
v -0.041770 0.012627 0.030853
v -0.039560 0.012375 0.032388
v -0.039328 0.010697 0.032384
v -0.049644 0.018060 0.023493
v -0.050723 0.021595 0.023278
v -0.051513 0.017007 0.021722
v -0.052999 0.021007 0.021026
v -0.016463 0.023594 0.034294
v -0.015698 0.021289 0.034106
v -0.014347 0.024364 0.035553
v -0.013948 0.021824 0.035086
v -0.015844 0.027308 0.036717
v -0.018008 0.026547 0.035190
v -0.016042 0.019360 0.034294
v -0.016757 0.018238 0.034486
v -0.014650 0.019213 0.034819
v -0.015740 0.017664 0.034932
v -0.024167 0.014039 0.035975
v -0.023533 0.012917 0.036136
v -0.020038 0.015940 0.035390
v -0.019095 0.015029 0.035702
v -0.049449 -0.011454 -0.116656
v -0.053056 0.030506 -0.130206
v -0.047657 0.034462 0.034026
v -0.045339 0.031526 0.034751
v -0.041773 0.032525 0.037012
v -0.043676 0.036022 0.037319
v -0.049833 0.039036 0.032031
v -0.052386 0.035776 0.028993
v -0.050220 0.032362 0.030947
v -0.047910 0.030014 0.032158
v -0.051611 0.024551 0.024319
v -0.049857 0.024551 0.025939
v -0.049968 0.026320 0.027492
v -0.051768 0.026941 0.026041
v -0.053907 0.024633 0.021957
v -0.054341 0.028135 0.023769
v -0.051246 0.029380 0.028299
v -0.049213 0.028072 0.029701
v -0.053641 0.031630 0.026462
v -0.023888 0.032200 0.038987
v -0.024781 0.030909 0.037300
v -0.021686 0.028811 0.035882
v -0.019971 0.029412 0.036992
v -0.022600 0.033515 0.040288
v -0.017946 0.030056 0.038248
v -0.037276 0.037087 0.040265
v -0.035948 0.033224 0.038828
v -0.025416 0.028738 0.035840
v -0.023043 0.027281 0.035421
v -0.025294 0.029052 0.035882
v -0.022950 0.027605 0.035323
v -0.057911 0.092282 -0.110413
v -0.060150 0.098347 -0.097933
v -0.043410 0.108957 -0.104137
v -0.042596 0.101512 -0.116447
v -0.041779 0.027955 0.033749
v -0.042120 0.028266 0.034215
v -0.044563 0.027304 0.032508
v -0.044087 0.026907 0.032261
v -0.045940 0.025938 0.030558
v -0.046494 0.026363 0.030603
v -0.047707 0.025425 0.028776
v -0.047137 0.025031 0.028888
v -0.047794 0.024393 0.027651
v -0.048306 0.024343 0.027194
v -0.022673 0.028307 0.035623
v -0.025177 0.029581 0.036313
v -0.051737 0.060728 -0.132434
v -0.044574 0.075035 0.023547
v -0.051653 0.071459 0.016859
v -0.049588 0.064862 0.022481
v -0.043306 0.029392 0.034801
v -0.045903 0.028347 0.032669
v -0.047646 0.027137 0.030449
v -0.048648 0.025864 0.028528
v -0.049035 0.024921 0.027198
v -0.070960 -0.013147 -0.039212
v -0.071613 -0.013135 -0.041068
v -0.079690 -0.003258 -0.066290
v -0.078105 0.003229 -0.065363
v -0.076863 0.006740 -0.064304
v -0.077636 0.015556 -0.051245
v -0.081596 0.018666 -0.054147
v -0.082391 -0.021464 -0.060361
v -0.079252 -0.023306 -0.056489
v -0.082413 -0.020546 -0.061026
v -0.087922 0.015405 -0.065502
v -0.088207 0.013808 -0.066921
v -0.088943 0.013666 -0.066858
v -0.043020 -0.032884 -0.106108
v -0.047120 -0.020282 -0.112450
v -0.088745 0.011776 -0.068391
v -0.073698 -0.008393 -0.043610
v -0.080744 -0.003786 -0.066677
v -0.082389 -0.004302 -0.068524
v -0.082675 -0.009317 -0.068938
v -0.082236 -0.008833 -0.067818
v -0.081722 -0.014175 -0.066973
v -0.081448 -0.013270 -0.066217
v -0.084073 -0.017845 -0.063710
v -0.086294 -0.014383 -0.065711
v -0.082765 0.019197 -0.055203
v -0.081948 0.018219 -0.053615
v -0.083474 0.018922 -0.055469
v -0.074362 -0.009571 -0.045076
v -0.075877 0.013911 -0.050969
v -0.075443 0.011660 -0.049865
v -0.075011 0.011943 -0.050349
v -0.070283 -0.004493 -0.049325
v -0.070320 -0.003538 -0.049453
v -0.071479 -0.005941 -0.048781
v -0.074147 -0.007546 -0.047454
v -0.067738 -0.015157 -0.047522
v -0.066959 -0.016537 -0.049864
v -0.067521 -0.017581 -0.049010
v -0.084933 0.025856 -0.059328
v -0.075589 0.010714 -0.049627
v -0.076975 0.011815 -0.049703
v -0.077301 0.012994 -0.050010
v -0.084317 0.018626 -0.055776
v -0.077376 0.013890 -0.050337
v -0.076714 0.013808 -0.050239
v -0.078310 0.015380 -0.051128
v -0.076138 0.013667 -0.050476
v -0.073985 -0.011151 -0.061849
v -0.072764 -0.011694 -0.059869
v -0.072899 0.007885 -0.039900
v -0.073467 0.005583 -0.042500
v -0.078225 -0.023968 -0.054305
v -0.076066 0.014375 -0.060693
v -0.076094 0.016838 -0.061687
v -0.087422 -0.009571 -0.067649
v -0.080464 -0.015011 -0.057265
v -0.078392 -0.015746 -0.055321
v -0.082385 -0.013937 -0.059093
v -0.083931 -0.011400 -0.060752
v -0.071016 0.004754 -0.055447
v -0.082445 0.008408 -0.059730
v -0.083109 0.006348 -0.061145
v -0.081046 0.008374 -0.058034
v -0.077268 0.020340 -0.059639
v -0.076970 0.020333 -0.057412
v -0.077853 0.014720 -0.058158
v -0.076253 0.018801 -0.057018
v -0.069747 -0.011684 -0.047963
v -0.069560 -0.017827 -0.051520
v -0.068483 -0.015681 -0.052245
v -0.070658 -0.017698 -0.052472
v -0.069947 -0.016873 -0.053856
v -0.070503 -0.015385 -0.055636
v -0.071249 -0.013493 -0.057043
v -0.070939 -0.010893 -0.057915
v -0.069272 -0.007585 -0.048845
v -0.077521 0.020015 -0.046753
v -0.068777 -0.009446 -0.048593
v -0.070613 -0.005874 -0.048990
v -0.070801 -0.007662 -0.048509
v -0.070550 -0.009660 -0.048078
v -0.075526 -0.018453 -0.048669
v -0.076325 -0.016933 -0.051304
v -0.074082 -0.017710 -0.047972
v -0.077125 -0.016315 -0.053465
v -0.072870 -0.017410 -0.047627
v -0.075895 0.015688 -0.058992
v -0.076162 0.018748 -0.058903
v -0.071388 -0.009697 -0.037064
v -0.064541 -0.002492 0.011168
v -0.066130 0.007413 0.005662
v -0.022129 -0.051627 0.034257
v -0.020805 -0.054540 0.034369
v -0.056004 -0.014314 0.024947
v -0.050852 -0.016954 0.030037
v -0.018276 -0.047589 0.050161
v -0.017295 -0.048059 0.050273
v -0.016326 -0.047456 0.050450
v -0.017350 -0.047318 0.050218
v -0.015893 -0.046274 0.047324
v -0.017152 -0.046435 0.046594
v -0.016688 -0.046823 0.048239
v -0.015486 -0.046592 0.048966
v -0.025595 -0.032561 0.049067
v -0.030005 -0.028123 0.045950
v -0.031692 -0.032643 0.045476
v -0.027471 -0.036339 0.048572
v -0.020692 -0.047118 0.037547
v -0.020533 -0.045911 0.038199
v -0.018399 -0.046095 0.042793
v -0.018930 -0.046565 0.042233
v -0.020278 -0.049827 0.037289
v -0.018631 -0.047886 0.041847
v -0.022865 -0.047701 0.034580
v -0.022241 -0.045559 0.035245
v -0.028142 -0.054160 0.044271
v -0.024192 -0.051877 0.046670
v -0.025477 -0.048867 0.047349
v -0.029424 -0.049614 0.044917
v -0.023511 -0.020380 0.046682
v -0.027018 -0.024234 0.046432
v -0.022846 -0.028515 0.049010
v -0.019635 -0.024131 0.048498
v -0.016582 -0.019296 0.048714
v -0.020168 -0.016375 0.046880
v -0.016334 -0.011438 0.051907
v -0.016468 -0.015186 0.053419
v -0.015633 -0.016148 0.056668
v -0.016433 -0.013967 0.055376
v -0.013233 -0.019980 0.055027
v -0.016331 -0.017441 0.051998
v -0.008626 -0.021151 0.055312
v -0.008378 -0.020403 0.056170
v -0.013185 -0.020575 0.053603
v -0.013113 -0.021650 0.051982
v -0.008813 -0.021938 0.054439
v -0.007796 -0.019359 0.057022
v -0.010857 -0.019371 0.057179
v -0.012937 -0.017567 0.058769
v -0.001462 -0.018444 0.064679
v -0.002931 -0.017257 0.066686
v -0.009647 0.013053 0.049702
v -0.012495 0.009451 0.046587
v -0.009618 0.010319 0.052030
v -0.012438 0.007099 0.048948
v -0.012126 -0.015444 0.062354
v -0.013980 -0.013631 0.060782
v -0.009738 -0.014179 0.065840
v -0.011023 -0.011565 0.065341
v -0.003933 0.028201 0.049357
v 0.001043 -0.021734 0.060321
v 0.000971 -0.022373 0.059773
v 0.001198 -0.020635 0.062138
v -0.021674 0.094385 -0.134585
v -0.022029 0.106690 -0.123299
v -0.021040 0.120078 -0.100165
v -0.018785 0.124576 -0.087748
v 0.000672 -0.038503 0.060545
v 0.000971 -0.035962 0.060399
v -0.009083 -0.039968 0.047525
v -0.003678 -0.039472 0.048055
v -0.002452 -0.043208 0.050914
v -0.007568 -0.043607 0.050510
v -0.011589 -0.044036 0.049312
v -0.013299 -0.040477 0.046288
v -0.010093 -0.036393 0.045859
v -0.004506 -0.035829 0.046574
v -0.006575 -0.045670 0.054157
v -0.001401 -0.045213 0.055155
v -0.000525 -0.043318 0.058083
v -0.006009 -0.044188 0.056637
v -0.015152 -0.026158 0.051125
v -0.010805 -0.025338 0.053250
v -0.006329 -0.024976 0.056006
v -0.002777 -0.024805 0.057935
v -0.002490 -0.022743 0.058263
v -0.005308 -0.022377 0.056582
v -0.002403 -0.021919 0.058650
v -0.005165 -0.021577 0.057107
v -0.005105 -0.020846 0.057620
v -0.005947 -0.019443 0.057991
v -0.003974 -0.019561 0.059018
v -0.004787 -0.018385 0.058744
v -0.002472 -0.021142 0.058963
v -0.004054 0.004621 0.064824
v -0.003973 0.008290 0.061963
v -0.004122 -0.034756 0.059411
v 0.000998 -0.033847 0.059761
v 0.000729 -0.029844 0.058940
v -0.003838 -0.030281 0.058399
v -0.008655 -0.031454 0.057179
v -0.009395 -0.036872 0.058197
v 0.000874 -0.023103 0.059304
v -0.004179 -0.036880 0.059817
v -0.004345 -0.039341 0.059768
v -0.009567 -0.039146 0.058436
v -0.009668 -0.041333 0.058169
v -0.014195 -0.039709 0.056207
v -0.014146 -0.033756 0.055396
v -0.019977 -0.036059 0.052763
v -0.018059 -0.042609 0.053645
v -0.025735 -0.045873 0.048408
v -0.019824 -0.047884 0.049705
v -0.020277 -0.046743 0.050267
v -0.020189 -0.045589 0.051077
v -0.025273 -0.042841 0.049643
v -0.029659 -0.045172 0.046241
v -0.029071 -0.040626 0.047508
v -0.023669 -0.039696 0.051063
v -0.019685 -0.044338 0.052072
v -0.018682 -0.047004 0.050668
v -0.017602 -0.047112 0.050577
v -0.018673 -0.046355 0.051404
v -0.017532 -0.046842 0.051218
v -0.018222 -0.045727 0.052248
v -0.017237 -0.046588 0.051904
v -0.016494 -0.046017 0.052724
v -0.017273 -0.044655 0.053356
v -0.016536 -0.046738 0.047726
v -0.015667 -0.046816 0.048709
v -0.015343 -0.047038 0.050546
v -0.016072 -0.047031 0.049736
v -0.017156 -0.046619 0.046976
v -0.016538 -0.046894 0.049047
v -0.017742 -0.045676 0.044168
v -0.016387 -0.045097 0.046045
v -0.017815 -0.046680 0.045966
v -0.017135 -0.046790 0.047955
v -0.016752 -0.047037 0.049895
v -0.016760 -0.047030 0.050404
v -0.016428 -0.046992 0.051044
v -0.015748 -0.046819 0.051690
v -0.009694 -0.043314 0.057133
v -0.013298 -0.043628 0.055939
v -0.013002 -0.045229 0.054594
v -0.009823 -0.045367 0.055027
v -0.012845 -0.046310 0.052912
v -0.014468 -0.036914 0.044759
v -0.010079 -0.046117 0.052976
v -0.016484 -0.041518 0.044320
v -0.017853 -0.038722 0.041834
v -0.014447 -0.044599 0.047512
v -0.020029 -0.044647 0.039526
v -0.018382 -0.043180 0.042184
v -0.021777 -0.043962 0.036612
v -0.019915 -0.041039 0.039719
v -0.013179 -0.046664 0.050669
v -0.013807 -0.041869 0.056332
v -0.004958 -0.041743 0.058681
v 0.000354 -0.040782 0.059543
v -0.003645 -0.003184 0.071169
v -0.004063 0.001010 0.067903
v -0.015669 -0.046957 0.050200
v -0.010088 -0.124630 -0.003611
v -0.018801 -0.048873 0.049676
v -0.019217 -0.051864 0.036979
v -0.017517 -0.048801 0.041920
v -0.024982 -0.058382 0.044941
v -0.020198 -0.062141 0.047221
v -0.017490 -0.058091 0.049618
v -0.021594 -0.054966 0.047433
v -0.013964 -0.051424 0.052297
v -0.016936 -0.050088 0.050553
v -0.015538 -0.048592 0.051332
v -0.012662 -0.049129 0.052966
v -0.011528 -0.047433 0.053255
v -0.014527 -0.047433 0.051423
v -0.010395 -0.045529 0.050562
v -0.005328 -0.044604 0.052598
v -0.005932 -0.048158 0.046744
v -0.011224 -0.048754 0.044974
v -0.015479 -0.048944 0.042981
v -0.014452 -0.046118 0.048088
v -0.010418 -0.045483 0.052079
v -0.014081 -0.046256 0.049709
v -0.004973 -0.044616 0.054255
v -0.020477 -0.121086 -0.008787
v -0.014054 -0.046588 0.050950
v -0.010610 -0.045972 0.052815
v -0.005396 -0.045524 0.055204
v -0.006465 -0.047500 0.055839
v -0.007686 -0.049822 0.055959
v -0.008930 -0.052751 0.055033
v -0.012088 -0.060194 0.051921
v -0.013692 -0.065174 0.050235
v -0.005908 -0.061370 0.053419
v -0.007129 -0.066478 0.052851
v -0.003101 -0.053738 0.057058
v -0.002102 -0.050224 0.058429
v -0.001068 -0.047575 0.058163
v -0.000392 -0.045307 0.057149
v 0.000701 -0.024776 0.058816
v -0.002652 -0.019471 0.060072
v -0.001552 -0.019262 0.062307
v -0.005279 -0.015852 0.067626
v 0.001233 -0.019810 0.064379
v -0.008034 -0.014197 0.067281
v -0.006250 -0.014754 0.068629
v -0.007006 -0.013064 0.069465
v -0.008308 -0.012473 0.068297
v -0.004487 -0.015241 0.069759
v -0.005994 -0.013198 0.070424
v -0.000130 -0.016135 0.071367
v -0.001244 -0.012706 0.073459
v -0.002868 -0.006993 0.073169
v -0.001898 -0.010489 0.073882
v -0.007494 -0.011343 0.069982
v -0.008982 -0.009376 0.068656
v -0.009903 -0.006456 0.066153
v -0.012115 -0.008876 0.062853
v -0.009740 0.130203 -0.043895
v -0.000086 -0.044092 0.056007
v -0.000445 -0.044177 0.053587
v -0.007450 -0.058330 0.038649
v -0.006957 -0.053962 0.041510
v -0.002294 -0.053920 0.042530
v -0.002871 -0.058705 0.039819
v 0.003938 -0.044043 0.053512
v 0.002834 -0.047719 0.047867
v -0.001381 -0.047713 0.047601
v 0.004718 -0.043819 0.056093
v 0.004743 -0.045219 0.057456
v 0.004247 -0.047599 0.058747
v 0.001859 -0.054101 0.042839
v 0.001208 -0.058869 0.040371
v -0.017093 -0.053261 0.037920
v -0.018326 -0.056727 0.035238
v -0.012274 -0.054033 0.039950
v -0.013074 -0.057892 0.037238
v -0.001141 -0.066575 0.054363
v -0.000067 -0.061809 0.054298
v 0.003664 -0.050958 0.058962
v 0.002464 -0.054835 0.057437
v -0.021914 0.114645 -0.112433
v -0.062760 0.077212 -0.006374
v -0.061322 0.070461 0.001501
v -0.054363 0.078123 0.008644
v -0.056194 0.083418 0.001303
v -0.063411 0.084981 -0.014545
v -0.056743 0.090024 -0.006454
v -0.039494 0.121967 -0.063522
v -0.040120 0.121459 -0.049224
v -0.020957 0.127589 -0.045198
v -0.034310 0.121961 -0.077517
v -0.046688 0.113448 -0.086884
v -0.049001 0.116306 -0.067470
v -0.049033 0.116363 -0.052121
v -0.027251 -0.086744 -0.105864
v -0.052838 0.043244 -0.131636
v -0.047756 0.115401 -0.038277
v -0.039516 0.119733 -0.035411
v -0.039046 0.116705 -0.023012
v -0.046494 0.113194 -0.026540
v -0.020880 0.125360 -0.030732
v -0.009767 0.127663 -0.028814
v -0.019505 0.006316 -0.143986
v -0.003925 0.011792 0.059252
v -0.048594 -0.049195 -0.089137
v -0.057887 -0.049483 -0.071374
v -0.058794 -0.100642 -0.048776
v -0.068878 -0.026289 -0.054235
v -0.068649 -0.025929 -0.055167
v -0.060957 -0.064375 -0.052947
v -0.061706 -0.050504 -0.054115
v -0.039359 -0.048077 -0.100984
v -0.078643 -0.014982 -0.064993
v -0.079498 -0.011397 -0.066199
v -0.079627 -0.015674 -0.064678
v -0.080677 -0.011841 -0.066064
v -0.080851 -0.007844 -0.066708
v -0.080099 -0.017424 -0.064082
v -0.077397 0.020569 -0.054698
v -0.078508 0.022195 -0.054005
v -0.068389 -0.027945 -0.049908
v -0.068242 -0.027324 -0.051632
v -0.067802 -0.027583 -0.050518
v -0.067587 -0.028164 -0.049298
v -0.068112 -0.028896 -0.048364
v -0.067540 -0.028766 -0.048112
v -0.077703 0.036091 -0.047544
v -0.066374 -0.028445 -0.051266
v -0.068079 -0.026315 -0.054323
v -0.068019 -0.026994 -0.052864
v -0.067072 -0.027654 -0.051355
v -0.066578 -0.028491 -0.049168
v -0.066621 -0.029441 -0.047452
v -0.067810 -0.030168 -0.047169
v -0.080256 -0.018476 -0.064594
v -0.072824 -0.029292 -0.053162
v -0.077891 0.012888 -0.061219
v -0.078014 0.011191 -0.062520
v -0.080008 0.012930 -0.064288
v -0.079851 0.015167 -0.062924
v -0.059348 -0.010459 -0.104328
v -0.061483 0.000592 -0.109647
v -0.014430 -0.085102 -0.110552
v -0.014570 -0.070856 -0.110330
v -0.075807 0.033168 -0.095042
v -0.077881 0.014538 -0.059606
v -0.079886 0.016885 -0.061426
v -0.079881 -0.007359 -0.066522
v -0.077628 0.013547 -0.059250
v -0.077610 0.011924 -0.060803
v -0.080777 0.018621 -0.063131
v -0.080869 0.016410 -0.064847
v -0.080970 0.013942 -0.066243
v -0.077570 0.010145 -0.062405
v -0.076982 0.018916 -0.061529
v -0.080238 0.063914 -0.071341
v -0.079405 0.057984 -0.085411
v -0.076550 0.080870 -0.074721
v -0.075833 0.075845 -0.090081
v -0.071180 0.069787 -0.105987
v -0.074662 0.050922 -0.101344
v -0.076910 0.020139 -0.056147
v -0.079224 0.023252 -0.054681
v -0.063872 0.091391 -0.022368
v -0.068883 0.086292 -0.029748
v -0.056896 0.095807 -0.013627
v -0.056648 0.100970 -0.020387
v -0.063137 0.097432 -0.029388
v -0.070212 0.090489 -0.041667
v -0.079438 0.054584 -0.056412
v -0.078468 0.069389 -0.057116
v -0.075426 0.073531 -0.043430
v -0.074667 0.085920 -0.059007
v -0.066072 0.099636 -0.048013
v -0.069683 0.095985 -0.062702
v -0.058877 0.108048 -0.051866
v -0.060898 0.106011 -0.066600
v -0.060745 0.103450 -0.082675
v -0.071337 0.092001 -0.077948
v -0.061169 0.102828 -0.035596
v -0.055009 0.105670 -0.025830
v -0.055958 0.109083 -0.039103
v -0.052723 0.109660 -0.030383
v -0.073518 0.075372 -0.036101
v -0.064394 -0.034732 -0.046216
v -0.065739 -0.034851 -0.041262
v -0.069106 -0.023775 -0.034460
v -0.068816 0.000596 -0.000937
v -0.068805 0.013491 -0.003433
v -0.071906 0.005520 -0.013785
v -0.070032 -0.008167 -0.010454
v -0.067311 0.027227 -0.004944
v -0.070884 0.019776 -0.015197
v -0.070930 0.033924 -0.017034
v -0.067229 0.041669 -0.005274
v -0.062237 0.064256 -0.120968
v -0.064618 0.047392 -0.119037
v -0.065156 0.034551 -0.117207
v -0.048048 0.058726 0.026350
v -0.021439 0.085319 -0.140753
v -0.046709 0.082576 0.016127
v -0.054417 0.084798 -0.121321
v -0.041211 0.090730 -0.127818
v -0.070480 0.087095 -0.093095
v -0.067224 0.081785 -0.106637
v -0.059193 0.075329 -0.121458
v -0.064202 0.018286 -0.115064
v -0.047148 0.109394 -0.018915
v -0.056157 0.024500 0.018977
v -0.055250 0.019827 0.017975
v -0.056573 0.029376 0.020621
v -0.053587 0.014840 0.019393
v -0.015911 0.006153 0.044139
v -0.015505 0.004024 0.046230
v -0.014940 0.001667 0.048366
v -0.018879 0.001086 0.043885
v -0.018062 -0.002006 0.045897
v -0.012043 0.001527 0.053657
v -0.012285 0.004404 0.051264
v -0.014574 -0.001332 0.050478
v -0.014072 -0.004676 0.052540
v -0.011827 -0.001662 0.056261
v -0.016702 -0.017596 0.049573
v -0.018398 -0.012678 0.047515
v -0.016481 -0.008317 0.049350
v -0.021443 -0.005030 0.044392
v -0.020167 -0.008505 0.046062
v -0.017281 -0.004871 0.047649
v -0.022859 -0.001585 0.042336
v -0.014510 -0.008248 0.055592
v -0.014862 -0.011584 0.058768
v -0.012088 -0.005311 0.059588
v -0.010147 -0.003021 0.062737
v -0.009928 0.000812 0.059560
v -0.019494 0.003375 0.041907
v -0.023873 0.001144 0.040621
v -0.023255 -0.012096 0.045601
v -0.027314 -0.015572 0.045171
v -0.025396 -0.007583 0.043491
v -0.029511 -0.010505 0.042898
v -0.026977 -0.003883 0.041424
v -0.031133 -0.006557 0.040600
v -0.030899 -0.019295 0.044549
v -0.033838 -0.023373 0.043565
v -0.036371 -0.028444 0.042319
v -0.037141 -0.018191 0.040966
v -0.040252 -0.023690 0.039319
v -0.039571 -0.013157 0.038437
v -0.043380 -0.018135 0.036512
v -0.033679 -0.014059 0.042081
v -0.035684 -0.009709 0.039585
v -0.032629 -0.002632 0.038583
v -0.028415 -0.000514 0.039627
v -0.041654 -0.001670 0.034430
v -0.041037 -0.007420 0.036314
v -0.036880 -0.004956 0.037379
v -0.037727 -0.000207 0.035556
v -0.045714 -0.011244 0.034228
v -0.046057 -0.003330 0.032867
v -0.045521 0.001888 0.031360
v -0.032013 0.008902 0.035690
v -0.027191 0.009619 0.036653
v -0.035586 0.008523 0.034419
v -0.041510 0.002615 0.032993
v -0.038148 0.003394 0.034420
v -0.049433 0.009698 0.025115
v -0.047277 0.008823 0.027343
v -0.041729 0.008304 0.031462
v -0.038874 0.008330 0.033012
v -0.044619 0.008501 0.029579
v -0.022594 0.011353 0.036785
v -0.018181 0.013648 0.036783
v -0.057703 -0.062669 -0.068238
v -0.009767 0.004237 0.057013
v -0.009664 0.007398 0.054568
v -0.014922 0.030577 0.040273
v -0.013003 0.027800 0.038951
v -0.007216 0.028050 0.046506
v -0.019265 0.034277 0.042551
v -0.014471 0.016391 0.036916
v -0.012891 0.018761 0.036940
v -0.011858 0.021890 0.037371
v -0.011802 0.024717 0.038092
v -0.030911 0.048545 0.043669
v -0.027972 0.041970 0.045142
v -0.058103 0.063922 0.010513
v -0.061804 0.055098 0.006441
v -0.050820 0.044150 0.028571
v -0.054027 0.039890 0.025479
v -0.056035 0.034715 0.022758
v -0.063615 0.043210 0.003443
v -0.064347 0.030608 0.002550
v -0.065533 0.018704 0.003229
v -0.048461 0.094336 0.001958
v -0.048322 0.099896 -0.004916
v -0.048043 0.088367 0.009096
v -0.038856 0.112824 -0.013505
v -0.038951 0.108441 -0.005092
v -0.047895 0.104914 -0.011826
v -0.039457 0.103399 0.002224
v -0.039826 0.097843 0.009024
v -0.039394 0.091952 0.016200
v -0.038353 0.085762 0.023029
v -0.036740 0.077206 0.029727
v -0.047524 -0.061636 -0.085979
v -0.005860 -0.007629 0.056260
v -0.005135 -0.007443 0.056771
v -0.004699 -0.008242 0.055757
v -0.004058 -0.007964 0.056243
v -0.003500 -0.009761 0.055969
v -0.004735 -0.016626 0.058029
v -0.003554 -0.014809 0.056994
v -0.002975 -0.011472 0.055812
v -0.067621 -0.030211 -0.036077
v -0.059301 -0.096644 -0.063451
v -0.055105 -0.093216 -0.075789
v 0.054858 -0.097009 -0.062449
v 0.050630 -0.093322 -0.075091
v 0.021784 -0.127982 -0.009718
v 0.033204 -0.123798 -0.015654
v 0.034115 -0.132300 -0.016906
v 0.022179 -0.135701 -0.011124
v 0.058482 -0.114720 -0.068078
v 0.056085 -0.106267 -0.062974
v 0.052503 -0.102223 -0.077860
v 0.056502 -0.110711 -0.083489
v 0.045989 -0.099968 -0.090827
v 0.050011 -0.109363 -0.096481
v 0.039269 -0.109826 -0.106313
v 0.036395 -0.098859 -0.100661
v 0.024756 -0.098887 -0.107788
v 0.027319 -0.110886 -0.112876
v 0.044230 -0.119003 -0.024180
v 0.052699 -0.114116 -0.035360
v 0.053107 -0.123786 -0.036253
v 0.044397 -0.127576 -0.025042
v 0.056796 -0.109654 -0.048350
v 0.057941 -0.118919 -0.051327
v 0.013169 -0.110074 -0.117206
v 0.011705 -0.097012 -0.111780
v 0.023346 -0.153690 -0.013351
v 0.010459 -0.155550 -0.011130
v 0.010681 -0.146252 -0.009894
v 0.023020 -0.144644 -0.012339
v 0.054600 -0.155824 -0.031143
v 0.069224 -0.149069 -0.044370
v 0.075516 -0.157549 -0.040299
v 0.059167 -0.164676 -0.026572
v 0.096904 -0.156603 -0.053451
v 0.106298 -0.145383 -0.075191
v 0.038299 -0.160749 -0.020730
v 0.041100 -0.169437 -0.015543
v -0.001354 -0.120320 -0.126030
v -0.001520 -0.107994 -0.118120
v 0.096458 -0.139551 -0.078849
v 0.094962 -0.135581 -0.101840
v 0.107841 -0.140878 -0.099717
v 0.053503 -0.156936 -0.143463
v 0.053573 -0.163725 -0.147151
v 0.069267 -0.159068 -0.143376
v 0.064625 -0.153188 -0.139232
v 0.073635 -0.124643 -0.096801
v 0.061954 -0.125588 -0.112093
v 0.071412 -0.132454 -0.117063
v 0.084179 -0.130243 -0.101490
v 0.036944 -0.141990 -0.135179
v 0.055042 -0.136901 -0.127028
v 0.047305 -0.129229 -0.121952
v 0.031945 -0.132836 -0.128780
v 0.086624 -0.134349 -0.078981
v 0.075078 -0.129410 -0.076576
v 0.079021 -0.141689 -0.060188
v 0.069823 -0.135738 -0.058948
v 0.061861 -0.141448 -0.043460
v 0.056167 -0.117694 -0.103629
v 0.043690 -0.119680 -0.113663
v 0.028402 -0.122151 -0.121060
v 0.012767 -0.122610 -0.125550
v -0.001417 -0.170358 -0.146957
v -0.001222 -0.158285 -0.143533
v 0.017656 -0.144304 -0.137936
v 0.015671 -0.133182 -0.131839
v 0.087984 -0.148387 -0.058320
v 0.062226 -0.128169 -0.056177
v 0.056474 -0.132850 -0.040900
v 0.065307 -0.172953 -0.017046
v 0.083768 -0.166473 -0.033044
v 0.044858 -0.177904 -0.006089
v 0.026527 -0.181153 0.000597
v 0.019148 -0.155761 -0.143469
v 0.018104 -0.167953 -0.146864
v 0.038156 -0.164903 -0.147296
v 0.041578 -0.153135 -0.142104
v 0.049745 -0.145822 -0.030791
v 0.036665 -0.150928 -0.020985
v 0.023439 -0.163512 -0.012542
v 0.063742 -0.118487 -0.089378
v 0.064894 -0.122966 -0.072690
v 0.046451 -0.136189 -0.028086
v 0.035437 -0.141789 -0.018959
v 0.010467 -0.137621 -0.007681
v 0.024458 -0.172469 -0.007622
v 0.097830 -0.145005 -0.121160
v 0.084115 -0.152672 -0.135093
v 0.075939 -0.149377 -0.133751
v -0.001058 -0.145390 -0.138654
v -0.001166 -0.147541 -0.009779
v -0.001555 -0.156566 -0.011906
v -0.000400 -0.139061 -0.006797
v 0.081610 -0.140622 -0.123013
v 0.060593 -0.145773 -0.134150
v 0.000156 -0.131962 -0.004130
v -0.001728 -0.096180 -0.113080
v -0.001725 -0.167119 -0.012189
v -0.001974 -0.177183 -0.007031
v -0.002154 -0.187260 0.001628
v 0.010735 -0.130558 -0.005383
v 0.010579 -0.175184 -0.006241
v 0.010297 -0.165339 -0.010706
v 0.011554 -0.185025 0.001485
v -0.000729 -0.132486 -0.132755
v -0.020951 -0.127701 -0.010691
v -0.032720 -0.123369 -0.016999
v -0.034565 -0.131906 -0.018130
v -0.022313 -0.135464 -0.012318
v -0.061479 -0.114290 -0.069496
v -0.059581 -0.105839 -0.064116
v -0.056576 -0.101908 -0.078798
v -0.059744 -0.110349 -0.084539
v -0.049356 -0.099947 -0.091449
v -0.052737 -0.109222 -0.097161
v -0.041851 -0.109934 -0.106655
v -0.039569 -0.099000 -0.101123
v -0.027821 -0.099064 -0.108058
v -0.029935 -0.111061 -0.112999
v -0.044746 -0.118599 -0.025258
v -0.054017 -0.113910 -0.036333
v -0.054588 -0.123389 -0.037319
v -0.045401 -0.127165 -0.026055
v -0.058677 -0.109298 -0.049283
v -0.059892 -0.118620 -0.052756
v -0.015811 -0.110245 -0.117109
v -0.015024 -0.097151 -0.111893
v -0.025844 -0.153521 -0.013988
v -0.013059 -0.155486 -0.011573
v -0.012259 -0.146161 -0.010606
v -0.024418 -0.144344 -0.013626
v -0.057083 -0.155783 -0.032968
v -0.071257 -0.149008 -0.046857
v -0.077775 -0.157442 -0.042809
v -0.062005 -0.164660 -0.028591
v -0.099239 -0.155798 -0.056109
v -0.107990 -0.144158 -0.077522
v -0.041125 -0.160599 -0.021782
v -0.044267 -0.169255 -0.016837
v -0.098627 -0.138449 -0.080989
v -0.096953 -0.134741 -0.103489
v -0.109688 -0.139727 -0.101689
v -0.055971 -0.156254 -0.144644
v -0.056244 -0.162833 -0.148305
v -0.071490 -0.158131 -0.144736
v -0.066995 -0.152412 -0.140563
v -0.075618 -0.124248 -0.097982
v -0.063861 -0.125241 -0.112921
v -0.073076 -0.131959 -0.118248
v -0.085812 -0.129615 -0.102893
v -0.038875 -0.141721 -0.135889
v -0.056660 -0.136513 -0.128057
v -0.049153 -0.129082 -0.122685
v -0.032979 -0.132787 -0.129444
v -0.088487 -0.133292 -0.080781
v -0.076879 -0.128558 -0.078177
v -0.080834 -0.141254 -0.062399
v -0.071658 -0.135470 -0.061038
v -0.063689 -0.141374 -0.045599
v -0.058021 -0.117412 -0.104412
v -0.045671 -0.119535 -0.114167
v -0.030824 -0.122036 -0.121303
v -0.015430 -0.122431 -0.125538
v -0.019795 -0.144128 -0.138157
v -0.017496 -0.133273 -0.132118
v -0.089947 -0.147818 -0.060726
v -0.064085 -0.127788 -0.058126
v -0.058285 -0.132554 -0.042553
v -0.068610 -0.172374 -0.018884
v -0.086648 -0.165864 -0.035473
v -0.048478 -0.177388 -0.007335
v -0.030511 -0.181002 -0.000060
v -0.021591 -0.155687 -0.143897
v -0.020130 -0.167915 -0.147292
v -0.039748 -0.164743 -0.148240
v -0.043612 -0.152715 -0.143053
v -0.051960 -0.145674 -0.032178
v -0.039051 -0.150744 -0.021964
v -0.026491 -0.163273 -0.013031
v -0.065989 -0.117929 -0.090463
v -0.067370 -0.122261 -0.074164
v -0.048161 -0.135788 -0.029316
v -0.036977 -0.141380 -0.020186
v -0.011124 -0.137614 -0.008333
v -0.027934 -0.172291 -0.008347
v -0.098999 -0.143985 -0.122862
v -0.085757 -0.151743 -0.136609
v -0.077650 -0.148608 -0.135238
v -0.083164 -0.139914 -0.124475
v -0.062235 -0.145211 -0.135417
v -0.010293 -0.130578 -0.005861
v -0.014318 -0.175084 -0.006579
v -0.013567 -0.165259 -0.011036
v -0.015503 -0.184786 0.001022
v -0.004920 -0.009760 0.055153
v -0.066788 -0.033191 -0.015266
v -0.066223 -0.040638 -0.022397
v -0.062903 -0.051317 -0.015956
v -0.063805 -0.043446 -0.008819
v -0.057177 -0.062266 -0.007518
v -0.059795 -0.052515 -0.001435
v -0.050701 -0.070496 0.001592
v -0.054619 -0.060609 0.005769
v -0.045010 -0.075571 0.011543
v -0.049108 -0.065889 0.014166
v -0.029028 -0.079718 0.033953
v -0.027789 -0.084409 0.029761
v -0.020956 -0.087173 0.037158
v -0.021206 -0.083128 0.041787
v -0.013486 -0.088928 0.043586
v -0.013659 -0.084887 0.047946
v -0.005356 -0.089514 0.046928
v -0.004929 -0.085629 0.051262
v 0.004184 -0.089557 0.048109
v 0.004613 -0.085665 0.052320
v 0.005392 -0.076090 0.055783
v -0.003325 -0.076052 0.055257
v -0.004249 -0.080894 0.054077
v 0.005011 -0.081365 0.054662
v -0.010867 -0.075526 0.052396
v -0.012697 -0.080572 0.050678
v -0.017595 -0.073566 0.047560
v -0.019897 -0.078658 0.045229
v -0.025330 -0.070180 0.041492
v -0.027944 -0.075097 0.037810
v -0.032018 -0.065300 0.037637
v -0.035740 -0.068575 0.032522
v -0.004927 -0.092693 0.040525
v 0.003592 -0.092596 0.042443
v -0.012288 -0.092037 0.037183
v -0.019128 -0.090590 0.031787
v -0.024897 -0.088702 0.025235
v -0.037845 -0.079007 0.021197
v -0.031519 -0.086223 0.017072
v -0.039664 -0.081866 0.008597
v -0.045830 -0.076941 -0.002294
v -0.053392 -0.068475 -0.012848
v -0.060700 -0.057174 -0.022323
v -0.064921 -0.044853 -0.029871
v -0.067708 -0.032551 -0.027873
v -0.009248 -0.071027 0.052684
v -0.002271 -0.071402 0.055081
v -0.016278 -0.069215 0.048504
v -0.022932 -0.065868 0.044431
v -0.028196 -0.061922 0.041905
v -0.033637 -0.050477 0.041608
v -0.032075 -0.056653 0.041087
v -0.033340 -0.038198 0.044357
v -0.033908 -0.044266 0.042971
v -0.042445 -0.031026 0.037171
v -0.043429 -0.039943 0.034593
v -0.038591 -0.042714 0.038946
v -0.038067 -0.035047 0.040781
v -0.046504 -0.025289 0.033421
v -0.048110 -0.035361 0.029862
v -0.004401 -0.095025 0.034777
v 0.003117 -0.095123 0.035699
v -0.010784 -0.094546 0.031474
v -0.016505 -0.093771 0.026334
v -0.020975 -0.092965 0.019852
v -0.025970 -0.091588 0.012422
v -0.032207 -0.089133 0.003860
v -0.039681 -0.084278 -0.006481
v -0.048883 -0.075098 -0.018183
v -0.058122 -0.061696 -0.028405
v -0.062941 -0.048839 -0.035834
v -0.018651 -0.098987 0.006820
v -0.014310 -0.098396 0.013012
v -0.010732 -0.098151 0.018369
v -0.007617 -0.098069 0.022733
v -0.003396 -0.099063 0.022189
v 0.002594 -0.099474 0.021871
v -0.003219 -0.101826 0.014619
v 0.002282 -0.101763 0.014903
v -0.005595 -0.104057 0.010000
v 0.002114 -0.104642 0.010120
v -0.007977 -0.106855 0.006241
v 0.001881 -0.109217 0.006856
v -0.036322 -0.058702 0.036816
v -0.040899 -0.059519 0.031250
v -0.043004 -0.049618 0.032214
v -0.047914 -0.046381 0.026271
v -0.045883 -0.058217 0.024351
v -0.038110 -0.050828 0.037435
v -0.051816 -0.054153 0.016321
v -0.052956 -0.041381 0.019883
v -0.052584 -0.029404 0.025128
v -0.056916 -0.036660 0.014335
v -0.056835 -0.048150 0.009132
v -0.056810 -0.024806 0.020417
v -0.060223 -0.020419 0.015983
v -0.060326 -0.031067 0.009228
v -0.060274 -0.042033 0.003794
v -0.040638 -0.071024 0.024868
v -0.063521 -0.034850 -0.002529
v -0.063063 -0.015897 0.011371
v -0.063083 -0.025677 0.004492
v -0.065968 -0.009831 0.005656
v -0.066325 -0.018089 -0.002046
v -0.066476 -0.026939 -0.009519
v -0.069105 -0.024493 -0.023973
v 0.005748 -0.071350 0.055645
v -0.064057 -0.033355 -0.051207
v -0.017963 -0.031530 0.052302
v -0.012550 -0.029254 0.054238
v -0.007406 -0.028209 0.056503
v -0.003231 -0.027512 0.058001
v 0.000773 -0.027344 0.058757
v 0.001021 -0.120134 0.001189
v -0.000128 0.042185 0.050171
v 0.001420 -0.113717 0.004717
v 0.005595 -0.058908 0.040407
v 0.000598 0.128603 -0.027655
v 0.006249 -0.066531 0.055059
v 0.006152 -0.054076 0.042856
v 0.000566 0.001802 0.069251
v 0.006922 -0.061708 0.054356
v 0.010029 -0.051243 0.058244
v 0.010412 -0.045371 0.056625
v 0.000185 0.079519 0.040770
v 0.010473 -0.047986 0.058051
v 0.003930 -0.024796 0.058725
v 0.001275 -0.002294 0.072456
v 0.009883 -0.043686 0.055291
v -0.001365 -0.046025 -0.115789
v 0.009050 -0.054534 0.056977
v 0.007442 -0.047654 0.047545
v 0.008851 -0.044058 0.053089
v 0.002770 -0.035589 0.046561
v 0.004516 -0.027495 0.058406
v -0.000075 0.019172 0.055513
v -0.000731 -0.007461 -0.139952
v -0.000118 0.016139 0.057971
v 0.000325 0.104069 0.023004
v 0.000259 0.089761 0.035431
v 0.000091 0.005720 0.066113
v 0.000189 0.055368 -0.153217
v 0.000377 0.071882 -0.150164
v 0.000013 0.061344 0.046414
v 0.000865 0.126143 -0.090947
v 0.001886 -0.006244 0.074578
v 0.002863 -0.020030 0.064277
v 0.000451 0.120640 -0.002686
v -0.000257 0.020903 -0.150740
v 0.000800 0.116516 -0.115392
v 0.005914 -0.043421 0.057507
v 0.000520 0.125014 -0.014606
v 0.005081 -0.044934 0.054504
v 0.002654 -0.016539 0.071830
v -0.000499 0.005224 -0.146184
v -0.000053 0.034624 -0.152871
v 0.005943 -0.033819 0.058971
v 0.005082 -0.030033 0.058452
v 0.000842 0.122158 -0.103568
v -0.000106 0.048651 0.049536
v 0.006224 -0.036072 0.059824
v 0.000104 0.028303 0.050729
v 0.006405 -0.038810 0.060221
v 0.000540 -0.126288 -0.001706
v 0.000633 0.095945 -0.137384
v 0.006335 -0.041290 0.058964
v 0.004038 -0.042673 0.050447
v -0.000075 0.009450 0.063039
v 0.003168 -0.039170 0.047992
v 0.000087 0.069465 0.044160
v 0.003251 -0.022337 0.059945
v 0.003105 -0.021654 0.060532
v 0.000066 0.025145 0.051674
v 0.000295 0.097548 0.029512
v 0.000084 0.031029 0.050467
v 0.003496 -0.023094 0.059388
v 0.000529 0.086603 -0.143690
v 0.000836 0.130847 -0.073539
v 0.000771 0.132105 -0.060352
v -0.000019 0.022132 0.053184
v -0.000105 0.013087 0.060332
v -0.001445 -0.057781 -0.113524
v 0.002475 -0.013005 0.074444
v 0.002262 -0.010093 0.075115
v 0.000391 0.115434 0.007544
v -0.000915 -0.016973 -0.134590
v 0.000682 0.131466 -0.043177
v 0.000352 0.109909 0.015834
v -0.001225 -0.034272 -0.122175
v -0.001058 -0.024444 -0.129836
v 0.002702 -0.017836 0.070114
v 0.000005 0.034327 0.050392
v 0.002769 -0.019221 0.066954
v 0.000730 0.108585 -0.125963
v 0.002984 -0.020819 0.062030
v 0.008448 -0.008115 0.052769
v 0.067620 -0.032909 -0.014333
v 0.066488 -0.040507 -0.021501
v 0.063775 -0.050856 -0.015451
v 0.065475 -0.042797 -0.008293
v 0.058897 -0.061491 -0.007257
v 0.062456 -0.051651 -0.001246
v 0.053432 -0.069499 0.001490
v 0.058361 -0.059563 0.005545
v -0.001611 -0.016722 0.069511
v -0.000484 -0.018211 0.066990
v 0.049307 -0.074617 0.010875
v 0.054240 -0.064762 0.013275
v -0.015773 0.020217 0.034204
v -0.005560 -0.019798 0.057857
v -0.007070 0.003121 0.062624
v -0.014208 0.020441 0.034856
v 0.035793 -0.078146 0.030398
v 0.033804 -0.083042 0.027258
v 0.027492 -0.085993 0.034401
v 0.028649 -0.082155 0.038281
v -0.008039 -0.019688 0.056806
v 0.020852 -0.088464 0.041465
v 0.021964 -0.084734 0.045445
v 0.013389 -0.089655 0.045965
v 0.013913 -0.085975 0.050244
v -0.006767 0.010104 0.057176
v -0.008766 0.019321 0.044316
v 0.013976 -0.076296 0.053975
v 0.014145 -0.081233 0.052982
v -0.006844 0.006614 0.060022
v -0.014265 -0.017043 0.057635
v -0.012091 -0.019548 0.056244
v -0.004835 -0.010883 0.072055
v -0.006134 -0.008033 0.071087
v 0.021243 -0.075609 0.049156
v -0.005331 -0.014001 0.070175
v -0.002285 -0.015580 0.070616
v 0.021998 -0.080617 0.047845
v -0.018010 0.020124 0.034362
v -0.023800 0.021733 0.029311
v -0.003799 -0.012855 0.071903
v -0.000596 -0.014773 0.072462
v -0.021287 0.020868 0.032689
v -0.016876 0.020125 0.034250
v -0.010315 -0.012648 0.065699
v -0.007435 0.018194 0.048741
v 0.027733 -0.072874 0.042679
v 0.028571 -0.077901 0.041027
v 0.034924 -0.068497 0.035612
v 0.036067 -0.073514 0.033188
v -0.013089 -0.014326 0.061704
v 0.041226 -0.062912 0.031630
v 0.043415 -0.066429 0.027953
v 0.012002 -0.092451 0.039692
v -0.019046 0.020314 0.034341
v -0.020077 0.020503 0.034087
v -0.007289 -0.000630 0.065740
v 0.018845 -0.091365 0.035642
v 0.025160 -0.089540 0.029954
v 0.030484 -0.087606 0.023652
v 0.043220 -0.077912 0.019556
v -0.022990 0.021222 0.032069
v -0.000089 -0.019958 0.062199
v -0.008242 -0.013206 0.067772
v -0.006689 -0.013671 0.069140
v -0.000582 -0.020630 0.060336
v 0.036408 -0.085283 0.016103
v 0.043351 -0.080924 0.008260
v -0.012324 0.020180 0.037160
v 0.048010 -0.076070 -0.002172
v -0.006979 0.015841 0.052319
v -0.006930 0.012890 0.054846
v 0.054711 -0.067929 -0.012474
v 0.061338 -0.056974 -0.021801
v -0.000038 -0.019138 0.064541
v 0.064378 -0.044826 -0.028946
v 0.067866 -0.032782 -0.026696
v 0.020705 -0.071106 0.048946
v 0.013815 -0.071591 0.053543
v 0.027596 -0.068455 0.042762
v -0.007016 -0.004534 0.068929
v 0.033731 -0.064067 0.037121
v 0.038620 -0.059437 0.034311
v 0.043101 -0.047466 0.034765
v -0.002988 -0.020176 0.059045
v 0.042170 -0.053873 0.033985
v 0.040440 -0.035074 0.038718
v 0.042280 -0.041075 0.036264
v 0.047439 -0.028608 0.036578
v 0.049477 -0.037269 0.031879
v 0.045975 -0.039852 0.034498
v 0.002611 -0.014946 0.073264
v -0.002941 -0.014376 0.071341
v 0.044117 -0.032413 0.037981
v 0.050570 -0.023024 0.034769
v 0.053058 -0.032955 0.028980
v 0.010709 -0.094711 0.034272
v -0.030135 0.034550 0.040368
v -0.030039 0.032296 0.038642
v 0.016765 -0.093982 0.030619
v 0.022187 -0.093158 0.025393
v 0.026135 -0.092353 0.019149
v 0.030466 -0.090984 0.012051
v 0.035763 -0.088685 0.003993
v 0.042148 -0.084011 -0.005937
v -0.023018 0.037711 0.044306
v -0.004940 0.038012 0.049522
v -0.010191 0.038167 0.048283
v 0.050667 -0.075184 -0.017577
v -0.030066 0.028351 0.037126
v -0.031106 0.026702 0.036148
v -0.029768 0.030348 0.037028
v -0.031067 0.026928 0.036991
v -0.030512 0.027661 0.037245
v 0.058789 -0.061828 -0.027863
v -0.029606 0.029816 0.036378
v 0.062160 -0.048834 -0.035104
v -0.029637 0.029426 0.036268
v 0.022602 -0.099064 0.007029
v -0.029164 0.037442 0.042293
v 0.018962 -0.098423 0.012948
v 0.016024 -0.098066 0.018111
v -0.029686 0.028996 0.036660
v -0.030880 0.027797 0.034695
v 0.013231 -0.097910 0.022383
v -0.030948 0.026868 0.030598
v 0.008826 -0.099020 0.022046
v -0.000081 0.038034 0.050150
v -0.021713 0.048624 0.047153
v -0.051611 0.048495 0.025334
v 0.007974 -0.101952 0.014664
v -0.054773 0.043052 0.022392
v 0.010047 -0.104278 0.010179
v -0.048278 0.005486 0.028059
v -0.050862 0.006512 0.025519
v -0.018959 0.042365 0.047815
v 0.011840 -0.107081 0.006646
v 0.045294 -0.055965 0.030923
v 0.048378 -0.057010 0.026777
v 0.050054 -0.046927 0.028225
v 0.053990 -0.044124 0.024135
v -0.026459 0.069209 0.038947
v -0.030465 0.115551 -0.009567
v -0.025015 0.061648 0.042017
v -0.039856 0.054428 0.035605
v 0.052515 -0.056304 0.021814
v -0.030583 0.110994 -0.000421
v 0.046668 -0.047947 0.032031
v 0.057432 -0.052686 0.015388
v 0.058055 -0.039437 0.019327
v 0.056580 -0.027177 0.025754
v 0.060914 -0.034854 0.014586
v -0.046753 0.052976 0.029656
v 0.061079 -0.046801 0.008934
v -0.055476 0.012272 0.018288
v -0.006848 0.054609 0.048067
v -0.056975 0.018176 0.015984
v 0.059712 -0.022684 0.021578
v -0.014842 0.054740 0.047279
v -0.026682 0.125429 -0.072281
v 0.062127 -0.018447 0.017320
v 0.063032 -0.029389 0.009894
v 0.063367 -0.040831 0.004073
v 0.046863 -0.069513 0.022292
v -0.013743 0.034393 0.045223
v 0.065394 -0.033853 -0.001904
v -0.038557 0.006184 0.033551
v -0.041572 0.005773 0.032109
v 0.063937 -0.014253 0.012819
v -0.030626 0.125251 -0.060983
v -0.054550 0.009663 0.020461
v -0.029394 0.087739 0.028371
v -0.009908 0.027948 0.043108
v -0.011099 0.030832 0.043568
v -0.030110 0.094480 0.021780
v 0.064483 -0.024251 0.005442
v 0.065803 -0.008713 0.007125
v 0.066594 -0.017127 -0.000827
v -0.030431 0.100565 0.014702
v 0.067304 -0.026332 -0.008464
v 0.069406 -0.024663 -0.022671
v -0.030755 0.119512 -0.020260
v -0.021809 0.009681 0.037390
v 0.062531 -0.033653 -0.049991
v 0.024496 -0.028189 0.045318
v 0.019872 -0.026302 0.048340
v -0.057089 0.036756 0.019817
v -0.058084 0.030141 0.017958
v -0.031298 0.124698 -0.047092
v -0.031366 0.007296 0.036352
v -0.057779 0.024050 0.016544
v -0.014746 0.127245 -0.080295
v 0.015310 -0.025925 0.052586
v -0.053071 0.007774 0.022952
v 0.011752 -0.026080 0.056039
v 0.008035 -0.026751 0.057992
v -0.032361 0.054774 0.040754
v -0.035144 0.006580 0.034975
v -0.009331 0.024907 0.042197
v -0.017223 0.012055 0.037812
v -0.013669 0.015336 0.038445
v -0.030533 0.106009 0.007526
v -0.011439 0.018012 0.039548
v -0.009513 0.022015 0.041280
v -0.026593 0.008142 0.037322
v -0.028073 0.078477 0.034699
v -0.030950 0.122693 -0.032981
v -0.044934 0.005577 0.030250
v 0.000869 0.128408 -0.083005
v -0.000065 0.054451 0.048299
v -0.010333 0.019744 0.040515
v -0.016303 0.038162 0.046582
v -0.023611 0.054807 0.044972
v 0.007910 -0.058021 0.055118
v -0.021304 -0.042308 0.051940
v -0.022361 -0.044446 0.050602
v -0.021029 -0.050122 0.048449
v -0.014406 -0.036897 0.055934
v -0.018731 -0.039832 0.053723
v -0.010425 -0.056276 0.053604
v -0.022554 -0.046381 0.049543
v -0.004387 -0.057287 0.055205
v -0.022263 -0.048316 0.048793
v 0.001290 -0.058322 0.055553
v 0.005573 -0.031883 0.058723
v -0.003995 -0.032436 0.058981
v 0.000883 -0.031753 0.059399
v -0.009232 -0.034208 0.057772
v -0.018835 -0.052204 0.049239
v -0.015659 -0.054356 0.051041
v 0.006874 -0.016385 0.069070
v 0.005925 -0.017842 0.066468
v 0.014809 0.020217 0.035566
v 0.010698 -0.018106 0.055620
v 0.006691 0.003679 0.062404
v 0.013241 0.020427 0.035974
v 0.012633 -0.017658 0.054002
v 0.005887 0.010448 0.057378
v 0.007613 0.019391 0.044836
v 0.006160 0.007070 0.060078
v 0.017278 -0.014688 0.054475
v 0.015826 -0.017259 0.053020
v 0.008816 -0.009944 0.071602
v 0.009300 -0.006980 0.070554
v 0.009682 -0.013052 0.069370
v 0.007349 -0.015148 0.070211
v 0.017021 0.020145 0.035951
v 0.022782 0.021614 0.031405
v 0.008301 -0.012110 0.071493
v 0.005768 -0.014592 0.072404
v 0.020304 0.020868 0.034479
v 0.015913 0.020149 0.035770
v 0.013295 -0.010787 0.063705
v 0.006399 0.018280 0.049163
v 0.015857 -0.012128 0.059064
v 0.018038 0.020329 0.035984
v 0.019073 0.020529 0.035784
v 0.007738 0.000125 0.065221
v 0.022006 0.021177 0.033871
v 0.005725 -0.019225 0.061341
v 0.011670 -0.011673 0.066265
v 0.010561 -0.012413 0.067965
v 0.006210 -0.019643 0.059134
v 0.011211 0.020189 0.037973
v 0.006073 0.016010 0.052672
v 0.006148 0.013177 0.055147
v 0.005576 -0.018607 0.063880
v 0.008942 -0.003543 0.068336
v 0.008425 -0.018825 0.057295
v 0.007778 -0.013806 0.070946
v 0.029654 0.034278 0.042181
v 0.029539 0.031950 0.040687
v 0.022470 0.037426 0.045581
v 0.004646 0.037959 0.049759
v 0.009759 0.038018 0.048825
v 0.029346 0.028374 0.039054
v 0.030259 0.026755 0.037971
v 0.029220 0.029982 0.039193
v 0.030228 0.026990 0.038810
v 0.029741 0.027727 0.039057
v 0.029007 0.029521 0.038561
v 0.028990 0.029219 0.038366
v 0.028639 0.037185 0.043807
v 0.029009 0.028930 0.038688
v 0.030062 0.027867 0.036469
v 0.030175 0.026927 0.032576
v 0.021409 0.048358 0.048285
v 0.051305 0.047980 0.026688
v 0.054305 0.042574 0.023823
v 0.047880 0.006738 0.030943
v 0.050562 0.007746 0.028275
v 0.018532 0.042061 0.048963
v 0.026581 0.068964 0.039652
v 0.031267 0.115219 -0.009170
v 0.024979 0.061371 0.042794
v 0.039640 0.053983 0.036770
v 0.031256 0.110671 -0.000008
v 0.046548 0.052485 0.030926
v 0.055492 0.012887 0.020913
v 0.006709 0.054526 0.048452
v 0.057057 0.018376 0.018509
v 0.014708 0.054584 0.048004
v 0.028223 0.125131 -0.071934
v 0.013184 0.034257 0.046047
v 0.037870 0.007462 0.036460
v 0.040952 0.007079 0.035090
v 0.032067 0.124911 -0.060593
v 0.054437 0.010557 0.023072
v 0.029757 0.087501 0.028898
v 0.009244 0.027976 0.043720
v 0.010454 0.030816 0.044246
v 0.030508 0.094225 0.022260
v 0.030905 0.100290 0.015156
v 0.031716 0.119176 -0.019867
v 0.020611 0.010233 0.038719
v 0.056425 0.036316 0.021366
v 0.057475 0.029824 0.019815
v 0.032595 0.124357 -0.046699
v 0.030380 0.008216 0.038437
v 0.057552 0.023909 0.018719
v 0.016418 0.127070 -0.080098
v 0.052913 0.008855 0.025613
v 0.032139 0.054422 0.041832
v 0.034273 0.007748 0.037557
v 0.008416 0.024968 0.042777
v 0.015987 0.012405 0.038884
v 0.012424 0.015485 0.039301
v 0.031099 0.105711 0.007959
v 0.010217 0.018077 0.040269
v 0.008425 0.022053 0.041842
v 0.025288 0.008900 0.038881
v 0.028341 0.078245 0.035303
v 0.032080 0.122357 -0.032591
v 0.044386 0.006868 0.033203
v 0.009175 0.019785 0.041146
v 0.015804 0.037918 0.047570
v 0.023439 0.054548 0.045955
v 0.031163 -0.038624 0.041800
v 0.032765 -0.040811 0.040023
v 0.033082 -0.047136 0.037103
v 0.023915 -0.033722 0.047930
v 0.028241 -0.036250 0.044288
v 0.025137 -0.055372 0.045652
v 0.033516 -0.042866 0.038624
v 0.020042 -0.057104 0.050152
v 0.033724 -0.044990 0.037573
v 0.014361 -0.058358 0.053199
v 0.014404 -0.030878 0.055937
v 0.010019 -0.031123 0.058168
v 0.018978 -0.031749 0.052053
v 0.031640 -0.049672 0.037887
v 0.029455 -0.052517 0.040714
v 0.031257 0.022734 0.024761
v -0.031823 0.023078 0.022432
f 4 2 1
f 8 6 5
f 13 15 14
f 17 19 18
f 32 30 29
f 36 34 33
f 37 39 38
f 21 23 20
f 25 27 24
f 41 43 42
f 48 46 45
f 52 50 49
f 53 55 54
f 60 58 57
f 29 62 61
f 66 64 63
f 67 6 68
f 72 70 69
f 76 74 73
f 77 79 78
f 81 83 82
f 59 86 85
f 88 90 89
f 96 94 93
f 100 98 97
f 101 103 102
f 106 34 87
f 108 115 107
f 117 36 118
f 124 126 125
f 131 129 128
f 132 134 133
f 142 140 139
f 148 60 147
f 144 127 124
f 149 151 150
f 156 154 153
f 159 158 157
f 116 164 105
f 171 169 168
f 174 173 172
f 179 181 180
f 186 188 187
f 194 196 195
f 199 139 198
f 206 208 207
f 213 211 210
f 202 214 201
f 96 216 54
f 92 43 44
f 97 246 100
f 250 229 228
f 252 58 253
f 258 256 255
f 260 229 259
f 110 112 113
f 114 263 109
f 265 267 266
f 56 270 269
f 274 249 250
f 185 63 64
f 280 278 276
f 285 283 157
f 288 211 212
f 141 92 46
f 289 175 176
f 148 105 106
f 312 170 171
f 238 42 43
f 318 160 317
f 310 308 307
f 241 325 324
f 160 240 317
f 47 307 308
f 108 315 164
f 345 86 119
f 348 350 349
f 356 358 357
f 355 353 352
f 363 32 362
f 149 150 176
f 364 253 365
f 366 368 367
f 183 371 63
f 163 161 160
f 209 101 208
f 378 165 166
f 379 381 380
f 383 3 4
f 284 386 385
f 387 389 388
f 391 229 249
f 73 397 396
f 405 407 406
f 203 411 410
f 414 413 412
f 1 357 4
f 277 131 275
f 254 57 58
f 358 415 351
f 417 386 408
f 401 192 420
f 419 127 143
f 421 182 422
f 103 302 409
f 428 368 174
f 380 359 356
f 62 266 323
f 140 431 430
f 357 351 348
f 356 379 380
f 415 403 434
f 437 436 435
f 438 440 439
f 188 450 449
f 452 454 453
f 265 181 421
f 224 64 225
f 237 213 427
f 275 128 458
f 281 460 459
f 50 79 461
f 73 282 281
f 468 466 465
f 390 352 359
f 482 484 483
f 489 487 486
f 493 495 494
f 472 470 469
f 502 500 499
f 220 222 223
f 512 143 66
f 518 511 80
f 513 230 286
f 205 31 244
f 189 451 188
f 163 532 8
f 533 225 251
f 446 447 412
f 335 540 334
f 544 546 545
f 329 291 292
f 199 262 238
f 385 416 550
f 532 191 247
f 363 118 243
f 236 237 250
f 578 580 579
f 573 571 570
f 561 562 272
f 241 259 240
f 590 592 591
f 545 595 594
f 503 155 504
f 606 624 623
f 478 480 479
f 646 648 647
f 590 689 684
f 564 651 650
f 728 184 727
f 714 716 715
f 692 575 693
f 541 581 578
f 346 248 400
f 161 230 160
f 128 94 95
f 698 704 703
f 574 576 575
f 290 401 328
f 630 725 726
f 733 735 734
f 755 496 493
f 759 481 760
f 757 762 761
f 764 466 467
f 768 3808 3809
f 759 488 489
f 492 475 771
f 474 769 473
f 773 465 772
f 771 486 483
f 484 775 491
f 774 489 486
f 495 764 756
f 495 761 494
f 137 784 136
f 325 797 547
f 165 51 52
f 369 29 370
f 730 568 569
f 90 301 89
f 243 516 242
f 800 806 805
f 817 808 816
f 816 823 822
f 306 447 807
f 815 809 808
f 829 828 825
f 726 501 502
f 274 424 423
f 879 881 880
f 884 879 885
f 219 217 211
f 906 904 897
f 455 205 542
f 898 830 829
f 903 880 881
f 906 897 898
f 377 519 165
f 923 948 946
f 946 951 950
f 3519 739 3517
f 900 886 880
f 225 65 144
f 182 442 422
f 809 947 824
f 954 962 961
f 927 965 966
f 885 880 886
f 925 966 967
f 343 341 340
f 965 971 968
f 968 970 969
f 972 969 973
f 963 981 978
f 336 338 339
f 992 827 828
f 810 996 959
f 1007 1002 1008
f 1012 827 1009
f 1011 1007 1008
f 294 292 291
f 907 920 919
f 1017 1019 1018
f 1020 1022 1021
f 1035 1020 1044
f 1061 1047 1046
f 1063 1046 1062
f 1044 1021 1045
f 1102 1097 1109
f 1116 1118 1117
f 1016 1014 1013
f 881 904 903
f 816 1127 817
f 1094 949 1097
f 514 167 515
f 146 81 82
f 1133 1130 1129
f 1102 1126 822
f 822 1116 816
f 1145 1148 1136
f 1076 1151 1069
f 1148 1086 1087
f 1109 1114 1136
f 1154 1156 1155
f 1153 967 1156
f 3464 463 3714
f 1144 1152 1151
f 1156 1163 1162
f 1164 1169 1165
f 1145 1176 1147
f 1114 1154 1171
f 1183 1164 1177
f 1184 1177 1185
f 1069 1062 1064
f 1023 1194 1022
f 1162 1170 1169
f 1195 1185 1191
f 1183 1176 1155
f 1201 1152 1196
f 1061 1201 1202
f 3825 843 3836
f 1203 1195 1034
f 1202 1184 1195
f 1218 1203 1217
f 1060 1202 1203
f 1225 1217 1219
f 671 694 670
f 1219 1024 1035
f 1217 1034 1024
f 1226 1015 1227
f 1243 1234 1233
f 1231 1229 1228
f 847 1233 843
f 843 1244 878
f 1233 1245 1244
f 1923 233 216
f 2100 499 500
f 3914 2135 3900
f 61 323 505
f 210 217 457
f 1299 1309 1300
f 3863 1231 3862
f 1066 1321 1322
f 1322 1228 1229
f 1060 1321 1047
f 1325 1323 1310
f 1244 1332 1330
f 1290 1242 1288
f 1337 1339 1338
f 1330 1340 1339
f 1341 1245 1294
f 1342 1332 1341
f 1343 1341 1344
f 1344 1294 1293
f 3857 1345 1346
f 1347 1342 1343
f 3856 1295 1345
f 1349 1348 1347
f 3861 1347 3853
f 3853 1343 3857
f 906 829 1353
f 905 1353 1354
f 865 1355 1357
f 1355 829 825
f 1357 825 826
f 1356 1353 1355
f 3834 1338 3833
f 866 1356 865
f 1358 1354 1356
f 3828 1337 3834
f 838 1012 841
f 1363 1338 1339
f 1368 1339 1340
f 1348 1340 1342
f 1371 3824 3829
f 524 526 523
f 528 530 527
f 1372 1369 1371
f 535 537 538
f 1367 1348 1350
f 1370 1359 1369
f 1369 3833 3824
f 1373 903 904
f 555 557 558
f 1374 910 1373
f 1373 905 1375
f 1374 1375 1376
f 1375 1354 1370
f 1378 908 1377
f 376 651 1387
f 1388 973 969
f 586 588 585
f 1390 1388 1391
f 1391 969 970
f 597 599 596
f 600 602 603
f 1392 970 979
f 608 610 607
f 612 523 611
f 614 616 613
f 617 25 24
f 620 622 619
f 1397 1391 1392
f 1398 1392 1399
f 1400 920 1378
f 1402 1165 1169
f 636 638 635
f 930 1402 929
f 641 643 644
f 929 1169 1170
f 1404 1403 1402
f 1411 1365 1406
f 1412 1415 1414
f 652 654 655
f 609 657 658
f 659 661 662
f 558 586 585
f 665 667 664
f 1413 1406 1412
f 1418 3810 3813
f 1417 1371 1416
f 1416 3829 3810
f 1419 1416 1418
f 1386 1374 1420
f 677 679 676
f 1385 1420 1421
f 1420 1376 1422
f 685 687 688
f 1421 1422 1423
f 528 691 658
f 1422 1372 1417
f 1018 747 1425
f 699 701 702
f 1424 579 1017
f 3663 1767 3660
f 700 711 712
f 1093 3754 1571
f 717 530 719
f 721 723 720
f 704 3543 3554
f 19 1426 1430
f 1429 1427 1426
f 1658 3542 3544
f 1439 1434 1438
f 1437 1435 1434
f 1426 1433 1432
f 1442 1432 1440
f 742 744 745
f 1432 1441 1440
f 751 753 750
f 1438 1403 1405
f 1446 1444 1443
f 1447 1446 1443
f 3860 1443 3848
f 1415 1445 1446
f 1414 1446 1448
f 2173 469 470
f 777 779 686
f 780 782 783
f 1676 1806 1675
f 3859 1349 3861
f 789 791 788
f 745 793 742
f 652 795 653
f 1455 1457 1456
f 1454 1350 1452
f 610 802 801
f 3831 698 703
f 1352 1045 1351
f 1015 1459 1460
f 811 813 814
f 2118 3817 2117
f 819 821 818
f 1466 1194 1190
f 1467 1465 1466
f 1182 1468 1467
f 832 833 831
f 835 837 834
f 1467 1190 1182
f 1469 1444 1445
f 840 712 690
f 1453 1469 1454
f 599 845 846
f 1226 3849 3855
f 851 853 850
f 855 856 854
f 858 860 857
f 861 863 864
f 1014 3855 3858
f 867 868 869
f 870 872 873
f 874 876 877
f 1310 1471 1309
f 1476 1427 1475
f 1461 1475 1460
f 887 889 890
f 788 892 891
f 894 896 893
f 1460 1227 1015
f 901 524 612
f 1465 1477 1464
f 1865 3500 1864
f 911 913 914
f 916 918 915
f 1850 3507 1851
f 921 895 894
f 1479 1436 1478
f 926 667 601
f 1481 563 1480
f 269 84 1482
f 931 933 916
f 934 614 869
f 936 688 937
f 938 662 939
f 1484 122 123
f 941 835 834
f 320 509 510
f 1849 3505 1850
f 84 1484 83
f 1487 1488 539
f 1757 3502 3509
f 365 1491 364
f 461 80 511
f 117 362 1496
f 1494 541 1495
f 926 957 958
f 1477 1433 1476
f 1709 1585 1700
f 119 1496 345
f 271 504 156
f 511 189 186
f 345 1492 365
f 255 344 254
f 57 299 132
f 1501 268 1500
f 267 1499 145
f 974 976 977
f 1678 1693 1676
f 3846 1807 3840
f 557 663 558
f 983 984 985
f 1443 3849 3848
f 421 268 265
f 989 991 988
f 1490 418 1504
f 279 309 310
f 997 676 679
f 998 999 875
f 1504 38 1505
f 1506 1507 1486
f 360 1508 1506
f 1506 207 360
f 939 1006 938
f 270 1483 269
f 66 546 512
f 1010 793 935
f 367 437 1509
f 244 363 243
f 1670 3534 1669
f 209 1510 226
f 235 1512 1511
f 1511 234 235
f 388 426 425
f 427 250 237
f 161 521 231
f 100 45 44
f 1025 608 1027
f 1029 1031 1028
f 939 1033 1032
f 41 594 99
f 1036 783 1037
f 702 1038 1039
f 1040 1042 1043
f 362 369 1493
f 187 477 186
f 70 539 198
f 1511 1521 234
f 1049 603 1048
f 613 869 614
f 860 1051 857
f 1005 1053 1006
f 753 1056 1054
f 1057 1059 1055
f 293 1522 292
f 288 1521 1522
f 292 1523 329
f 331 1508 1524
f 306 453 305
f 100 41 99
f 462 78 79
f 330 1524 462
f 635 1068 636
f 1485 1526 1528
f 206 1528 1510
f 1070 1072 831
f 942 1073 1074
f 916 1075 917
f 440 1530 439
f 157 1514 285
f 1529 5 1530
f 371 546 63
f 790 663 791
f 1077 857 1078
f 1403 1435 1165
f 1080 1082 1079
f 531 1529 440
f 21 1084 1085
f 272 1531 561
f 137 396 397
f 690 802 691
f 335 3567 581
f 1090 1029 1091
f 1092 794 1042
f 1533 137 138
f 661 1095 1096
f 69 445 72
f 1099 1101 1098
f 38 1536 1505
f 1104 1106 1103
f 852 1108 853
f 1377 909 1386
f 291 411 294
f 316 516 33
f 539 1533 534
f 1505 316 313
f 1110 1112 1113
f 1539 460 264
f 522 1537 1539
f 834 1120 1119
f 1122 1124 1121
f 612 1041 901
f 935 615 614
f 276 130 131
f 1686 3522 1685
f 193 1541 273
f 231 1540 287
f 556 982 557
f 365 85 345
f 190 318 1541
f 1810 3574 3528
f 3924 3512 3791
f 1132 985 1131
f 208 102 132
f 1134 662 661
f 1491 80 77
f 429 1542 147
f 1137 915 918
f 172 428 174
f 1139 1141 1142
f 549 54 55
f 1517 1518 296
f 976 1146 938
f 834 984 941
f 1543 286 115
f 1544 239 513
f 133 1544 1542
f 506 257 258
f 420 328 401
f 1158 1160 1157
f 587 1103 588
f 1513 1514 151
f 607 1027 608
f 304 1545 303
f 364 77 506
f 69 198 139
f 1006 976 938
f 700 1112 701
f 3877 3525 3787
f 1166 657 656
f 1167 858 1077
f 1300 3524 1299
f 1172 1174 1175
f 218 200 217
f 1179 1181 1178
f 372 97 98
f 89 227 88
f 1186 1188 1189
f 172 1517 1549
f 1482 81 1498
f 1090 1193 1030
f 394 353 1551
f 526 1198 1197
f 811 858 812
f 1199 1026 1025
f 606 697 696
f 1204 1206 743
f 1207 523 526
f 1209 867 613
f 914 685 936
f 1478 1441 1477
f 1029 1161 1091
f 1211 1213 1214
f 3858 1451 3859
f 844 1216 845
f 423 273 274
f 1220 1222 1083
f 22 1224 23
f 882 897 881
f 1519 173 387
f 1189 1232 1178
f 349 550 416
f 1071 1236 1072
f 1237 1239 745
f 1221 1189 1240
f 1510 1512 333
f 939 1241 1005
f 1556 5 67
f 1553 394 1551
f 404 67 347
f 1247 1249 1246
f 142 238 92
f 1251 635 1250
f 850 1253 851
f 1254 1077 1255
f 57 133 429
f 443 552 551
f 1187 1175 1188
f 1256 831 833
f 432 382 383
f 741 747 746
f 434 351 415
f 349 383 348
f 251 1481 1480
f 395 352 353
f 1518 1550 1551
f 1558 378 340
f 109 314 315
f 285 1513 407
f 395 393 392
f 202 410 1558
f 417 405 432
f 1246 1258 1247
f 3 297 2
f 1259 1261 1262
f 403 347 284
f 955 953 952
f 462 51 330
f 1096 687 1263
f 429 60 57
f 896 1265 932
f 1267 1268 1266
f 423 327 420
f 37 180 40
f 20 1187 1186
f 1256 1071 1070
f 155 156 504
f 1188 1269 1232
f 1236 1271 1262
f 1272 535 621
f 565 463 464
f 1273 745 1239
f 876 1255 1274
f 316 164 315
f 437 503 1509
f 194 1495 197
f 1275 864 863
f 624 631 630
f 1277 1137 1278
f 569 567 566
f 1481 125 366
f 324 547 326
f 1279 1107 1280
f 1525 329 1523
f 1281 1137 918
f 171 1553 1552
f 1488 396 1533
f 1557 1562 1559
f 1282 1206 1205
f 1053 1278 1281
f 778 607 1283
f 713 3566 3569
f 251 144 124
f 4 348 383
f 709 707 706
f 728 45 246
f 261 1563 544
f 789 1287 790
f 74 263 282
f 403 385 434
f 1178 1240 1189
f 1223 1289 1224
f 158 150 151
f 1220 1186 1221
f 296 354 433
f 784 1538 1566
f 1181 1291 1222
f 1269 1257 1246
f 1566 438 399
f 136 1566 1564
f 1563 169 1565
f 107 109 108
f 1297 1298 1296
f 1464 1476 1461
f 1520 507 508
f 1301 1303 1304
f 1306 1308 1305
f 175 1532 272
f 1532 200 201
f 1311 1312 1313
f 872 1315 1316
f 1317 1318 1319
f 3836 878 3828
f 1305 864 1276
f 1040 863 1320
f 1564 399 169
f 592 1575 591
f 591 1088 689
f 1581 1583 1582
f 1196 1147 1176
f 710 583 713
f 285 408 386
f 953 961 963
f 1594 1589 1593
f 1585 1587 1586
f 1592 1590 1589
f 3885 944 3899
f 1600 1598 1597
f 1604 1602 1601
f 1399 979 980
f 1589 1596 1595
f 1610 1608 1607
f 298 361 360
f 551 276 277
f 1627 3814 3819
f 859 818 860
f 1078 1328 1329
f 1555 1530 1556
f 572 680 681
f 772 776 774
f 977 918 917
f 404 392 393
f 1054 750 753
f 1644 1643 1642
f 932 1082 933
f 1067 1334 1068
f 1540 264 114
f 597 643 1336
f 471 762 470
f 1642 3831 3842
f 1644 3842 3843
f 923 950 927
f 96 548 95
f 520 522 521
f 445 443 442
f 849 848 842
f 480 755 493
f 1646 481 1639
f 311 1567 170
f 464 3497 3495
f 3497 1361 3495
f 234 236 235
f 190 192 191
f 153 152 149
f 231 286 230
f 1552 1551 1550
f 760 1648 488
f 3832 1649 3830
f 828 826 825
f 52 166 165
f 1663 1661 1660
f 287 115 286
f 668 670 669
f 634 640 639
f 553 559 554
f 118 33 516
f 492 491 490
f 3552 1651 3553
f 582 584 583
f 384 392 415
f 1381 1383 1380
f 1562 435 436
f 952 951 947
f 3529 583 584
f 1660 1667 1666
f 1394 1396 1393
f 1660 1664 1663
f 1671 1669 1668
f 1624 1673 1672
f 1407 1409 1410
f 1677 1675 1674
f 1613 1677 1625
f 1679 1676 1677
f 1626 3811 3814
f 534 198 539
f 176 150 159
f 803 734 800
f 400 191 192
f 65 143 144
f 3526 1656 3540
f 402 157 283
f 629 627 626
f 461 49 50
f 758 495 756
f 796 786 785
f 406 1513 1560
f 342 166 167
f 1694 1658 1695
f 1692 1694 1696
f 3557 1652 3552
f 3921 1703 3923
f 326 302 90
f 3916 1702 1706
f 3919 1698 1701
f 1699 3927 3918
f 1557 1560 1561
f 1127 1117 1128
f 400 289 346
f 1706 1707 1708
f 1707 1599 1600
f 1709 1708 1588
f 1714 1711 1713
f 3919 1709 1700
f 1704 1577 1703
f 1716 1713 1715
f 1559 1549 297
f 1722 1720 1719
f 1335 596 1489
f 410 377 378
f 973 1163 972
f 168 399 398
f 1571 1089 1093
f 1572 682 1571
f 749 647 754
f 1730 1723 1729
f 1594 1729 1592
f 1729 1591 1592
f 1731 1730 1583
f 1384 1377 1379
f 1732 1712 1714
f 1724 1731 1732
f 1712 1731 1580
f 1722 1732 1733
f 1721 1733 1734
f 1734 1716 1717
f 1735 1736 1697
f 1733 1714 1716
f 1663 1741 1668
f 1742 1740 1743
f 1738 1737 1735
f 1665 1666 1740
f 1665 1744 1664
f 1725 1746 1745
f 1591 1745 1590
f 1590 1747 1596
f 1745 1748 1747
f 1659 3538 3542
f 3287 3545 3282
f 1185 1182 1190
f 1664 1749 1741
f 1741 1739 1738
f 1746 1743 1748
f 1726 1742 1746
f 1153 924 925
f 1115 1153 1154
f 1654 3575 1655
f 1896 3549 1686
f 1720 1744 1726
f 1721 1749 1720
f 1750 1701 1698
f 1697 1750 1696
f 1151 1063 1062
f 1751 1670 1671
f 1695 1752 1751
f 961 986 981
f 1770 1768 1767
f 1766 1593 1765
f 1731 1579 1580
f 1579 1774 1578
f 3928 1771 3929
f 1764 3928 3917
f 1777 1775 1774
f 3762 1699 1700
f 1004 1128 1003
f 1774 1771 1772
f 987 1399 980
f 1578 1772 1764
f 1783 1781 1778
f 1597 1770 1767
f 639 3895 3884
f 3928 1769 1770
f 1793 1789 1788
f 3929 1798 1769
f 3508 3773 1806
f 1802 3924 3922
f 1788 1794 1793
f 1793 1795 1776
f 3773 1675 1806
f 1584 1783 1789
f 1771 3920 3929
f 1801 1798 1800
f 1768 1798 1799
f 1775 1797 1771
f 508 515 1520
f 1796 1802 1797
f 1800 3920 3922
f 1794 1804 1795
f 3532 1752 3547
f 485 1807 775
f 3809 1640 768
f 3837 1810 1653
f 485 1640 1808
f 1690 3770 3772
f 487 1648 1811
f 3839 1816 3822
f 3838 1648 3830
f 3839 1811 3838
f 1812 487 1811
f 1641 767 768
f 465 755 776
f 767 3823 3808
f 3822 3826 3847
f 1809 1815 767
f 3837 1651 3840
f 675 3541 3496
f 1814 1822 1821
f 1821 3821 3820
f 1824 1649 1825
f 1827 1850 1805
f 1668 1662 1663
f 1779 1848 1828
f 1790 1805 1794
f 1833 1853 1852
f 3521 693 575
f 1614 1616 1617
f 1852 3498 3501
f 1620 1622 1623
f 1855 1574 1861
f 1847 3501 3513
f 1766 1855 1782
f 1629 1631 1628
f 1633 1634 1632
f 1635 1637 1638
f 1848 1852 1847
f 1855 1863 1862
f 1803 1867 1802
f 1862 1831 1832
f 1782 1862 1781
f 3922 1865 1800
f 1873 1870 1869
f 1874 799 804
f 2045 3897 2044
f 1219 1295 1225
f 1615 1396 1395
f 3884 1877 1876
f 645 3786 3559
f 1345 1035 1346
f 634 3884 3880
f 15 1327 14
f 3910 1878 1893
f 1894 605 1893
f 3506 627 693
f 3560 645 3559
f 340 454 1558
f 1897 195 1898
f 1889 1877 1890
f 1901 129 1900
f 196 754 232
f 1705 3921 3916
f 340 166 343
f 1570 563 561
f 1904 194 1897
f 1781 1832 1780
f 1905 55 1906
f 1000 995 996
f 986 920 987
f 1191 1190 1194
f 2094 2075 2093
f 1920 1919 1915
f 453 1912 1911
f 1915 1918 1916
f 3882 2106 3901
f 1655 3531 1868
f 1916 1926 1925
f 704 3561 703
f 278 1925 1900
f 3565 1818 1820
f 1097 1115 1114
f 1927 727 1923
f 3578 3654 3758
f 1920 307 1929
f 1929 48 728
f 503 1497 1509
f 1902 787 796
f 1816 3820 3826
f 1925 1923 1924
f 1535 1568 1534
f 254 258 255
f 1509 366 367
f 119 35 36
f 219 293 294
f 141 47 431
f 542 244 245
f 1940 430 431
f 1779 1827 1790
f 1701 3915 3919
f 1661 3515 1667
f 270 754 647
f 197 749 196
f 1727 1212 1211
f 53 232 754
f 1465 1479 1478
f 1284 3854 1293
f 1951 412 413
f 168 1554 1553
f 1486 206 207
f 506 78 361
f 994 1007 993
f 951 963 964
f 1013 3861 1351
f 3826 1820 1818
f 1498 1954 1482
f 299 543 132
f 1754 1756 1753
f 1681 1683 1682
f 1696 1695 1697
f 13 738 737
f 473 475 474
f 482 768 1640
f 204 30 205
f 1761 820 819
f 611 1125 612
f 1501 1908 1909
f 1074 711 699
f 1960 82 83
f 120 1960 123
f 35 87 34
f 1773 1025 1031
f 1965 1569 1535
f 494 471 479
f 1966 1969 1968
f 446 1971 1967
f 174 125 126
f 1580 1578 1577
f 1785 1787 1784
f 1972 304 305
f 1254 875 999
f 1973 342 514
f 321 1973 509
f 1910 275 1907
f 509 514 508
f 1486 1527 1485
f 1974 804 1975
f 1977 1974 1978
f 1980 1966 1981
f 379 2 295
f 1718 1710 1701
f 884 992 883
f 1680 1678 1679
f 902 525 524
f 344 256 299
f 135 137 136
f 236 228 333
f 448 1967 1966
f 589 604 584
f 910 908 907
f 1981 1968 1987
f 1982 1987 1979
f 1988 1987 1989
f 1990 1989 1991
f 1991 1993 1992
f 322 320 319
f 992 830 883
f 1144 1086 1143
f 1995 1978 1994
f 1133 1118 1126
f 1997 1994 1996
f 870 1335 1489
f 805 1982 1998
f 727 2000 1999
f 1996 1988 1990
f 1994 1979 1988
f 1829 792 1273
f 1830 941 983
f 798 800 799
f 729 731 730
f 2011 2023 2022
f 1834 846 1159
f 402 284 347
f 2022 2024 2025
f 1838 989 988
f 810 952 809
f 1823 1840 644
f 1430 1432 1431
f 1215 1841 1079
f 149 176 177
f 1316 873 872
f 2112 1384 2106
f 1842 1844 1845
f 1159 845 1160
f 837 1846 1120
f 1971 2030 2027
f 517 370 189
f 858 833 812
f 1471 2027 1888
f 3551 626 627
f 2174 770 490
f 935 1854 1010
f 1613 1611 1618
f 1231 1225 1295
f 1856 891 892
f 1300 748 741
f 1150 1858 1859
f 1643 696 1642
f 1215 1264 1216
f 1320 902 901
f 1956 1944 1960
f 2031 669 1474
f 2034 1310 1299
f 1879 1656 1657
f 40 242 39
f 1992 2039 1456
f 888 957 889
f 1882 1996 1990
f 1078 1255 1077
f 1871 1192 1090
f 294 218 219
f 1323 2026 1471
f 123 83 1484
f 1324 2041 1323
f 384 359 352
f 1324 2038 2036
f 1883 1885 1829
f 287 114 107
f 1096 1134 661
f 915 931 916
f 806 1981 1982
f 3533 584 604
f 1425 2042 1018
f 1018 1948 1017
f 3562 740 3519
f 1948 649 646
f 1881 1990 1991
f 1900 130 278
f 992 994 993
f 923 925 924
f 3878 2047 3876
f 1643 625 606
f 2050 2051 2049
f 2045 1404 2047
f 3876 945 3885
f 1139 1079 1841
f 1037 892 982
f 2055 2057 2056
f 1198 718 717
f 1619 1612 1611
f 2058 1606 2059
f 2059 1607 2058
f 2058 1624 1605
f 71 179 37
f 405 1557 382
f 976 1006 977
f 322 1972 1911
f 2061 2063 2062
f 2066 2067 1825
f 2052 2064 2051
f 1609 2066 1647
f 1515 152 1516
f 1009 993 1007
f 1644 3815 2118
f 279 1916 278
f 1285 3862 1284
f 1647 1825 1649
f 2056 2067 2065
f 319 1953 1952
f 667 1913 1914
f 2070 625 2048
f 2052 2055 2063
f 2038 1655 1458
f 1606 2073 2072
f 1235 1270 1236
f 2072 2075 2074
f 2059 2072 2062
f 2074 2077 2076
f 1601 2078 2073
f 2049 1643 1645
f 1000 1001 994
f 1089 684 689
f 1931 1306 1930
f 1462 1021 1022
f 1932 1934 1935
f 875 1846 998
f 1936 1937 1938
f 44 46 92
f 1534 1956 120
f 1541 317 391
f 2081 2084 2083
f 146 1959 300
f 1360 1942 1361
f 985 1032 1033
f 1995 1892 2043
f 2079 2082 2081
f 2095 2076 2077
f 2081 2078 2079
f 2055 2054 2053
f 501 2095 500
f 2097 2099 2098
f 2098 2094 2083
f 2140 3893 3866
f 2141 3894 3893
f 2051 2048 2049
f 592 2101 1576
f 2071 2076 2096
f 2102 2098 2101
f 593 2102 592
f 1019 746 747
f 1950 12 1327
f 725 2096 501
f 1385 2104 1379
f 1379 2106 1384
f 2107 2100 2097
f 3908 502 3896
f 3896 499 3901
f 940 2109 944
f 928 1170 973
f 3868 684 3899
f 1962 1964 1961
f 3878 573 3897
f 2039 1968 1969
f 1389 2110 2109
f 1398 2113 1397
f 3757 3753 3743
f 3911 2107 2103
f 949 924 1115
f 260 324 326
f 1390 2113 2110
f 2070 2064 2071
f 3867 2103 593
f 2105 1421 2114
f 2114 1423 2115
f 3892 2115 3903
f 3908 2114 3892
f 554 1902 553
f 972 967 966
f 1765 1573 1574
f 1984 1986 1983
f 2053 2069 2057
f 3573 724 714
f 1625 1674 1673
f 3881 2119 2122
f 3903 2123 3904
f 56 1906 55
f 626 3879 629
f 2001 2003 2004
f 3912 2127 3907
f 2006 2008 2009
f 2127 1412 2128
f 2014 2016 2017
f 2018 2020 2021
f 1495 1947 197
f 1379 1386 1385
f 3814 1680 1618
f 2029 1884 2028
f 3902 2120 3887
f 629 3914 3872
f 682 943 1089
f 724 2121 716
f 1757 3821 3845
f 765 3844 3809
f 3851 715 3852
f 706 3870 3872
f 981 987 980
f 1457 1656 1880
f 2017 2032 2033
f 1458 1868 1457
f 1776 1792 1793
f 1959 1946 1958
f 3663 3725 3661
f 3913 2122 3850
f 1093 689 1088
f 966 968 972
f 3852 3881 3913
f 2172 2170 2171
f 670 2137 669
f 3761 1903 233
f 1429 28 1449
f 964 978 971
f 3841 1413 2127
f 1473 669 2137
f 3834 1359 1358
f 2138 1870 2137
f 1872 2137 1870
f 715 3888 3881
f 1881 1992 1880
f 3843 739 740
f 1837 3513 3514
f 253 59 85
f 1808 3840 1807
f 1647 3818 1609
f 3865 671 668
f 2112 3883 2111
f 1405 2044 1438
f 3829 1364 1366
f 273 391 249
f 576 3520 3555
f 3875 668 2031
f 1430 2140 2139
f 2136 3860 28
f 1430 18 19
f 3893 570 695
f 1442 2046 2141
f 1431 2141 2140
f 3869 3850 2136
f 3808 1817 766
f 3866 695 671
f 2142 798 2138
f 571 2142 694
f 3819 1618 1611
f 2143 2025 2142
f 694 2138 670
f 681 2144 572
f 2144 2022 2143
f 328 457 290
f 1572 2011 2144
f 630 3903 624
f 2085 2087 2088
f 2090 2092 2089
f 572 2143 571
f 1875 2153 2149
f 1873 2149 2154
f 2103 2097 2102
f 2157 2155 2156
f 2128 1414 2120
f 3874 589 582
f 3872 628 629
f 2149 2158 2159
f 2159 3905 3890
f 698 3902 705
f 3823 3827 1817
f 2158 3874 3905
f 1438 2046 1439
f 2035 2160 2161
f 2161 3889 3886
f 3871 605 589
f 3873 18 3875
f 370 61 451
f 649 413 648
f 2153 2156 2158
f 1428 1449 1450
f 1490 73 1488
f 3890 710 633
f 2155 3891 3871
f 1456 1880 1992
f 2125 2087 2124
f 2160 3890 3889
f 300 505 323
f 1064 1046 1065
f 2043 1891 2155
f 2129 2004 2003
f 2131 2133 2134
f 3848 1450 1449
f 1998 804 805
f 3879 3864 3914
f 474 490 770
f 1164 1182 1177
f 707 3909 3870
f 708 2162 707
f 2162 3886 3909
f 548 1905 458
f 1145 1114 1171
f 705 1650 704
f 2043 1977 1995
f 737 554 559
f 1034 1191 1023
f 458 1907 275
f 195 232 233
f 2040 1969 1970
f 2145 2147 2148
f 2054 2049 1645
f 3832 1639 3818
f 9 11 10
f 252 506 258
f 472 479 471
f 1865 3791 3503
f 900 910 907
f 1941 2151 1942
f 1921 1927 1919
f 2163 1898 2116
f 271 153 178
f 1904 12 9
f 282 264 460
f 1872 2154 2035
f 1326 1897 2163
f 628 693 627
f 1724 1719 1723
f 1549 436 172
f 1582 1730 1729
f 1921 1929 1928
f 3563 10 11
f 2152 1950 1949
f 475 774 771
f 769 2171 473
f 2171 476 473
f 476 772 475
f 1791 464 1760
f 2166 2168 2169
f 595 372 98
f 483 1641 482
f 762 2173 470
f 771 484 492
f 486 1809 483
f 297 1517 296
f 763 2174 762
f 776 759 489
f 184 2176 2000
f 412 303 414
f 2005 185 224
f 3811 1682 3846
f 2164 756 764
f 1472 2161 2162
f 950 964 965
f 2177 2179 2180
f 227 1510 333
f 764 467 2164
f 2182 2184 2181
f 2186 2018 2185
f 1985 2181 1986
f 214 729 1531
f 1545 1546 1569
f 865 842 866
f 849 1357 1362
f 452 1558 454
f 559 3188 737
f 16 737 3188
f 560 498 374
f 3193 3195 3194
f 3200 3198 3199
f 3211 3213 3212
f 3215 3217 3216
f 2187 2002 2001
f 2169 2189 2190
f 2192 2085 2191
f 2193 2195 2196
f 2198 2200 2197
f 1998 1979 1975
f 3664 3668 3671
f 2116 1903 1902
f 1859 2009 1150
f 3904 2126 3906
f 1135 1087 1130
f 2201 2015 2014
f 1149 110 1858
f 3221 3218 3215
f 2203 2205 2206
f 579 1895 1019
f 1755 2208 1756
f 3891 1893 605
f 1211 2150 1727
f 868 2210 2209
f 944 930 940
f 2130 2202 2201
f 233 1898 195
f 665 750 666
f 1167 999 618
f 2211 2213 2214
f 2215 2217 2218
f 3867 590 3868
f 2220 220 2219
f 823 948 1094
f 3225 3227 3226
f 266 455 265
f 3882 2107 3883
f 2221 3519 3517
f 2223 2225 2226
f 2207 2124 2208
f 673 3869 3864
f 817 996 815
f 2227 2146 2145
f 1947 646 749
f 3900 17 3873
f 2229 1638 1381
f 1679 1618 1680
f 1637 2232 2230
f 2233 1617 1616
f 2231 2236 2237
f 1381 2238 1382
f 3586 2242 3587
f 1630 2233 1631
f 1681 472 469
f 1408 2243 2244
f 3236 3238 3237
f 3232 3240 3235
f 1637 2238 1638
f 3237 3233 3234
f 1409 1634 2245
f 1380 2247 2246
f 1628 2245 1621
f 2249 1622 1633
f 1632 1408 2244
f 2248 1631 2250
f 2235 1637 1636
f 3245 3199 3198
f 631 2071 725
f 515 52 49
f 782 2251 1251
f 2253 2255 2252
f 397 459 784
f 1456 2040 1455
f 2040 2036 1455
f 1401 2111 1398
f 2041 1970 2026
f 1535 414 1965
f 1586 2080 2079
f 2256 1132 1886
f 1700 3918 3919
f 3815 1686 3817
f 1263 1886 1096
f 598 844 599
f 2257 2259 2260
f 2258 2262 2259
f 2259 2263 2216
f 2260 2216 2215
f 1967 1970 1969
f 2212 1963 2213
f 922 2218 2217
f 1312 1101 2264
f 1307 1286 789
f 1548 1546 1972
f 2266 2268 2265
f 2265 2270 2269
f 2272 2269 2271
f 2273 2265 2272
f 2275 2277 2274
f 2278 2277 2279
f 2284 3617 3639
f 2287 2286 2281
f 2288 2283 2287
f 2290 3639 3620
f 2291 2293 2294
f 2295 2294 2279
f 2296 2291 2295
f 2297 2292 2291
f 2294 2299 2300
f 2279 2300 2278
f 2298 2302 2292
f 2292 2303 2293
f 2293 2304 2299
f 2304 2306 2299
f 2306 2300 2299
f 2308 2310 2307
f 2302 2310 2303
f 2301 2307 2302
f 2312 2307 2311
f 2313 2315 2316
f 2318 2320 2317
f 3748 2322 2323
f 2324 2273 2326
f 2313 2326 2327
f 2328 2313 2316
f 2329 2324 2328
f 2331 2333 2330
f 2330 2267 2266
f 2325 2266 2273
f 2329 2330 2325
f 2333 2335 2267
f 2336 2333 2332
f 2338 2332 2337
f 2331 2337 2332
f 2329 2339 2331
f 2328 2340 2329
f 2316 2341 2328
f 2342 2315 2343
f 2344 2346 2347
f 2341 2347 2340
f 2342 2344 2341
f 2348 2345 2344
f 2350 2352 2353
f 2339 2353 2337
f 2340 2350 2339
f 2347 2351 2350
f 2337 2354 2338
f 2353 2355 2354
f 2356 2276 2357
f 2356 2358 2359
f 2356 2296 2295
f 2279 2356 2295
f 2360 2270 2268
f 2267 2360 2268
f 2362 2364 2365
f 2362 2361 2358
f 2366 2358 2357
f 2366 2363 2362
f 2357 2368 2366
f 2366 2369 2367
f 2276 2370 2368
f 2368 2282 2369
f 2372 2374 2371
f 2375 2377 2007
f 2378 2380 2381
f 2382 2381 2383
f 2384 2378 2382
f 2385 2379 2378
f 2388 2390 2387
f 2387 2392 2391
f 2393 2387 2391
f 2394 2388 2387
f 2186 2402 2400
f 2403 2327 2326
f 2272 2326 2273
f 2271 2403 2272
f 2405 2404 2403
f 2404 2408 2327
f 2409 2411 2412
f 2409 2271 2269
f 2413 2269 2270
f 2413 2410 2409
f 2417 2416 2418
f 2417 2406 2405
f 2412 2405 2271
f 2411 2417 2412
f 2406 2407 2404
f 3569 632 713
f 2420 2397 2421
f 2420 2423 2422
f 2424 2422 2419
f 2424 2398 2420
f 2425 2392 2426
f 2421 2426 2423
f 2397 2425 2421
f 2396 2391 2425
f 2427 2315 2314
f 2427 2408 2428
f 2430 2428 2429
f 2343 2427 2430
f 2432 2430 2431
f 2431 2429 2433
f 2435 2433 2434
f 2436 2431 2435
f 2428 2407 2437
f 2422 2407 2419
f 2438 2422 2423
f 2429 2437 2438
f 2440 2433 2439
f 2441 2433 2429
f 2442 2439 2441
f 2443 2440 2439
f 2445 2444 2443
f 2447 2443 2442
f 2383 2445 2447
f 2381 2446 2445
f 2448 2423 2426
f 2449 2426 2392
f 2441 2449 2442
f 2441 2438 2448
f 2449 2390 2450
f 2450 2389 2451
f 2447 2451 2383
f 2442 2450 2447
f 2451 2453 2452
f 2452 2455 2454
f 2382 2454 2384
f 2383 2452 2382
f 2456 2373 2372
f 2459 2461 2458
f 2463 2465 2462
f 2462 2285 2284
f 2466 2284 2290
f 2467 2462 2466
f 2461 3703 3701
f 2468 2470 2471
f 2472 2471 2473
f 2474 3701 3688
f 2475 2477 2478
f 2458 2453 2479
f 2479 2389 2388
f 2395 2479 2388
f 2480 2458 2479
f 2481 2483 2478
f 2484 2485 221
f 2471 2464 2463
f 2473 2463 2467
f 2487 2466 2486
f 2486 2290 2488
f 2490 2488 2489
f 2491 2486 2490
f 2492 2467 2487
f 2493 2487 2491
f 2494 2492 2493
f 2495 2473 2492
f 3690 2474 3688
f 3691 2496 3690
f 2498 2493 2499
f 2500 2499 2501
f 3700 2498 2500
f 3687 2494 2498
f 2306 2278 2300
f 2305 2504 2306
f 2504 2507 2506
f 2506 2288 2508
f 2274 2508 2275
f 2278 2506 2274
f 3633 2489 2488
f 3620 2488 2290
f 2507 2289 2288
f 2505 2509 2507
f 2508 2287 2511
f 2511 2281 2280
f 2370 2280 2282
f 2275 2511 2370
f 2512 2489 2513
f 2514 2513 2515
f 2517 2514 2516
f 2517 2490 2512
f 2499 2491 2517
f 2499 2516 2501
f 2510 2519 2518
f 2518 2521 2520
f 3616 2520 3621
f 3632 2518 3616
f 2522 2303 2310
f 2523 2310 2309
f 2305 2522 2524
f 2524 2523 2525
f 2519 2525 2521
f 2505 2524 2519
f 2308 2527 2526
f 2526 2529 2528
f 2531 2528 2530
f 2309 2526 2531
f 1214 2151 1211
f 2419 2418 2424
f 2533 2349 2317
f 2534 2317 2320
f 2535 2533 2534
f 2536 2345 2533
f 2537 2346 2536
f 2538 2536 2535
f 2539 2537 2538
f 2540 2351 2537
f 2312 2541 2527
f 2527 2542 2529
f 2543 2434 2544
f 2545 2544 2546
f 2319 2543 2545
f 2318 2435 2543
f 2514 2548 2547
f 2547 2550 2549
f 2552 2549 2551
f 2552 2514 2547
f 2520 2554 2553
f 2553 2556 2555
f 3590 2555 3593
f 3621 2553 3590
f 2523 2531 2557
f 2557 2530 2558
f 2525 2557 2559
f 2559 2558 2560
f 2554 2560 2556
f 2521 2559 2554
f 2561 2007 2006
f 2376 2225 2377
f 2564 2566 2563
f 2563 338 2567
f 2569 2567 2568
f 2570 2563 2569
f 2572 2574 2571
f 2571 2576 2575
f 2544 2575 2546
f 2544 2572 2571
f 2578 2569 2577
f 2579 2569 2568
f 2574 2579 2576
f 2573 2577 2574
f 2581 2583 2580
f 2584 2583 2585
f 3697 2580 2584
f 3676 2580 3675
f 2582 2552 2583
f 2583 2551 2585
f 2500 2589 2588
f 2590 2589 2591
f 3693 2588 2590
f 3695 2500 2588
f 2501 2591 2589
f 2592 2594 2595
f 2386 2503 2502
f 2596 2386 2374
f 2596 2373 2597
f 2599 2597 2598
f 2599 2379 2596
f 2600 2380 2599
f 2600 2598 2601
f 2603 2601 2602
f 2603 2446 2600
f 2604 2602 2605
f 2440 2605 2434
f 2444 2604 2440
f 2606 2581 2607
f 2606 2590 2591
f 2591 2582 2606
f 3676 2456 3689
f 3689 2372 3693
f 2478 2608 2481
f 2609 2611 2199
f 2564 2613 2612
f 2612 2598 2597
f 2457 2597 2373
f 2565 2612 2457
f 2614 2570 2578
f 2615 2578 2573
f 2602 2614 2615
f 2601 2613 2614
f 2572 2605 2616
f 2616 2602 2615
f 2573 2616 2615
f 1459 1045 1021
f 1265 1079 1082
f 1612 1609 1611
f 2067 2069 2068
f 1135 1136 1148
f 1938 2618 2617
f 95 458 128
f 2058 1608 1612
f 1454 1445 1367
f 655 1048 2619
f 722 2621 723
f 1131 1033 1134
f 562 366 1497
f 1723 1725 1591
f 1786 1122 1787
f 267 323 266
f 1325 1654 2038
f 1468 1435 1479
f 658 529 528
f 8 247 7
f 382 1559 3
f 788 1307 789
f 940 929 928
f 911 2623 912
f 2621 655 654
f 2624 2625 2626
f 998 27 26
f 635 2626 2625
f 2627 644 1840
f 2628 1840 2629
f 1200 2627 2628
f 1199 641 2627
f 1520 49 477
f 1452 1349 1451
f 2630 1859 1858
f 644 1335 1823
f 1197 717 2632
f 2632 719 1166
f 2628 1166 1200
f 2629 2632 2628
f 1762 1050 821
f 1823 873 1839
f 2634 794 652
f 1028 1027 1161
f 1042 2635 1043
f 93 1901 1924
f 2036 1458 1455
f 1527 1525 1526
f 877 1274 1277
f 134 797 1544
f 1328 931 1329
f 607 1091 1161
f 1043 2637 2636
f 2636 2639 2638
f 1275 2638 1276
f 1275 1043 2636
f 1272 2626 2640
f 2640 638 637
f 1110 2640 637
f 536 2640 2641
f 1472 1474 1473
f 2042 1951 649
f 1058 1105 1059
f 2642 2643 2644
f 1192 2644 1193
f 912 2642 1192
f 3898 3526 3786
f 1049 2620 2621
f 616 1885 613
f 1331 666 750
f 990 1198 525
f 1911 321 322
f 1298 1205 2645
f 76 1504 75
f 1502 421 422
f 610 658 691
f 1146 659 938
f 2646 914 936
f 1280 1238 1279
f 975 2647 2648
f 2647 975 974
f 1453 1452 1451
f 1514 158 151
f 835 1843 1842
f 1271 1173 1289
f 2649 813 2650
f 1893 1826 1894
f 1050 1937 1051
f 2651 814 813
f 1006 1281 977
f 2653 2654 2655
f 1001 1003 1002
f 585 679 558
f 2624 621 620
f 555 2028 556
f 1207 1197 2629
f 1626 478 472
f 426 419 1567
f 1030 1773 1031
f 3898 634 3880
f 534 138 262
f 1125 1042 1041
f 333 88 227
f 569 561 730
f 1489 871 870
f 1857 620 891
f 1673 3770 3763
f 622 864 1308
f 2647 974 2657
f 619 891 620
f 261 545 262
f 393 1556 404
f 2658 2647 2657
f 1075 2657 917
f 1081 2658 1075
f 1080 2659 2658
f 2644 1141 2660
f 2660 1140 1336
f 642 1336 643
f 1193 2660 642
f 679 555 558
f 1503 1500 1502
f 1318 1101 1100
f 2661 1139 1142
f 2661 2663 2662
f 2662 2659 2661
f 2662 2622 2664
f 2664 911 2646
f 2648 2646 1146
f 2648 2662 2664
f 2083 2093 2081
f 1442 1437 1439
f 519 330 51
f 1885 1209 613
f 799 805 804
f 1946 1952 1953
f 1302 1253 1252
f 566 224 533
f 1389 928 1388
f 683 681 680
f 836 1842 2665
f 2665 1845 1303
f 2666 1303 1302
f 24 2665 2666
f 831 2650 832
f 1845 1304 1303
f 2010 2012 2011
f 1051 2667 2668
f 1522 1511 1523
f 531 441 522
f 782 1251 1250
f 1250 2625 2669
f 2669 1857 1856
f 783 1856 1037
f 782 2669 783
f 720 2671 721
f 1055 1930 1056
f 1333 1251 2251
f 619 1308 1307
f 652 2619 2634
f 521 1539 1540
f 1838 537 2672
f 2672 536 2641
f 1113 2641 1110
f 1113 1838 2672
f 1016 1351 1045
f 3897 570 3894
f 226 104 101
f 3564 3827 1818
f 1036 1884 1883
f 2674 1304 2673
f 2673 1844 2675
f 1334 2675 1039
f 1333 2673 1334
f 2676 1039 2675
f 1843 2675 1844
f 942 2676 1843
f 1074 702 2676
f 811 859 858
f 752 1055 753
f 1200 656 1026
f 1120 874 2677
f 2677 877 1052
f 1241 1052 1005
f 1119 2677 1241
f 1560 151 1515
f 1208 611 523
f 215 736 214
f 1460 1462 1461
f 1208 1839 873
f 854 1282 1297
f 72 182 179
f 544 1565 512
f 217 456 457
f 2047 930 945
f 1204 1937 2633
f 913 686 685
f 840 1113 1112
f 1531 730 561
f 2678 1283 801
f 601 1914 602
f 1537 459 460
f 1819 3509 3527
f 991 862 538
f 2679 1073 1830
f 2680 983 2256
f 779 2256 1263
f 778 2680 779
f 2678 1830 2680
f 180 245 40
f 1886 1131 1134
f 1138 1274 1255
f 1841 1140 1139
f 75 314 74
f 193 420 192
f 2681 1099 1098
f 170 1565 169
f 349 417 432
f 1121 2684 2683
f 547 409 302
f 123 121 120
f 2643 1142 1141
f 1542 513 1543
f 899 907 919
f 1210 676 867
f 791 982 892
f 24 837 836
f 893 932 931
f 1860 863 862
f 535 862 861
f 832 813 812
f 2650 813 832
f 1569 1547 1568
f 181 542 180
f 660 937 688
f 2013 568 2012
f 887 2631 2630
f 1524 361 78
f 520 162 1529
f 2653 854 2685
f 1238 2655 2686
f 718 527 530
f 1492 518 1491
f 792 615 793
f 599 1835 596
f 290 456 175
f 312 1552 425
f 1248 1179 1249
f 153 177 178
f 1240 1222 1221
f 1257 1235 1071
f 1291 1083 1222
f 1052 1277 1053
f 743 2618 1204
f 444 430 443
f 23 1172 1187
f 2687 1180 1179
f 102 409 134
f 1283 610 801
f 373 650 651
f 1180 1084 1291
f 855 2655 1237
f 1173 1917 1174
f 2689 853 2688
f 2688 1108 1279
f 2686 1279 1238
f 2687 2688 2686
f 2691 1252 2690
f 2690 850 2689
f 1248 2689 2687
f 1248 2691 2690
f 2692 24 2666
f 2691 2666 1302
f 1247 2692 2691
f 1258 617 2692
f 394 1555 393
f 2693 1259 1223
f 1072 1262 1261
f 1257 1168 1258
f 398 1555 1554
f 871 1314 872
f 1178 1249 1179
f 1224 1173 1172
f 1010 2618 742
f 1175 1292 1269
f 2654 2686 2655
f 2694 1216 1264
f 71 1487 70
f 701 1111 1038
f 1072 2649 2650
f 1085 22 21
f 895 1264 896
f 1601 1605 1604
f 1259 1271 1289
f 21 1220 1083
f 988 538 537
f 598 1336 1140
f 820 1762 821
f 1050 818 821
f 1298 1761 2652
f 1168 618 617
f 858 1256 833
f 39 516 1536
f 2652 819 814
f 313 315 314
f 2026 1971 2027
f 2656 596 1835
f 814 818 811
f 2696 813 2649
f 1260 2649 1261
f 2693 2696 1260
f 2697 2651 2696
f 381 390 380
f 3818 1611 1609
f 1475 1428 1227
f 1292 1917 1235
f 1551 354 1518
f 1526 1523 1511
f 1593 1595 1573
f 1232 1246 1249
f 2695 1223 22
f 2698 1296 2697
f 2698 2693 2695
f 2685 2695 1085
f 2685 1297 2698
f 562 271 272
f 2652 1296 1298
f 1365 1364 1363
f 1958 1953 1957
f 585 2210 997
f 1561 1515 435
f 975 1146 976
f 347 68 346
f 1038 636 1068
f 2700 780 2699
f 2699 1036 1883
f 2701 1883 1829
f 851 2699 2701
f 2674 2251 2702
f 2702 781 2700
f 1253 2700 851
f 1301 2702 1253
f 1519 388 1550
f 1273 1280 2703
f 2703 1107 852
f 2701 852 851
f 1829 2703 2701
f 91 326 90
f 1784 2656 1785
f 2683 2705 2704
f 604 3499 3533
f 1669 3548 1662
f 2062 2060 2059
f 621 861 622
f 2023 732 2024
f 686 1263 687
f 857 2668 1328
f 883 882 879
f 637 1111 1110
f 2668 893 1328
f 2667 894 2668
f 1039 1068 1334
f 313 1504 1505
f 1911 305 453
f 1936 1964 2212
f 2707 2401 2183
f 2708 2183 2182
f 738 2116 554
f 2349 2432 2436
f 2711 2020 2019
f 2400 2019 2186
f 2714 2716 2713
f 2717 2719 2720
f 2721 2723 2724
f 2726 2728 2725
f 2725 2730 2729
f 2731 2729 2709
f 2732 2725 2731
f 2734 2736 2733
f 2738 2740 2737
f 2737 2741 2742
f 2744 2746 2743
f 2745 2748 2747
f 2749 2747 2751
f 2753 2751 2752
f 2250 2246 2248
f 2754 1614 2755
f 3598 2755 3609
f 3608 2747 3609
f 1617 2755 1614
f 2242 1620 2757
f 2191 2760 2759
f 2761 2760 2762
f 3648 2761 3649
f 3623 2759 3648
f 3209 3223 3224
f 1395 2236 2235
f 1395 1636 1615
f 1616 2229 2233
f 1617 2763 2756
f 2756 3628 3608
f 2765 2234 1630
f 2766 3628 3622
f 3202 3246 3247
f 1516 435 1515
f 2768 3552 3553
f 1495 578 1424
f 2135 28 17
f 3526 2773 2774
f 1690 3926 3925
f 2778 2780 2777
f 2777 2781 2782
f 2784 2777 2783
f 3555 575 576
f 1494 9 540
f 3529 2015 3566
f 451 505 450
f 2786 2788 2785
f 2779 2785 2780
f 2789 2741 2740
f 2790 2752 2789
f 2792 2794 2791
f 2793 2796 2794
f 2796 2750 2749
f 2794 2749 2753
f 2798 1396 2754
f 3591 2754 3598
f 2798 2800 1393
f 3591 2799 2798
f 2797 2795 2801
f 2791 2753 2790
f 216 232 54
f 3804 2807 3803
f 3805 2804 3803
f 2769 3557 3552
f 183 184 97
f 2811 2775 2776
f 2804 2776 2805
f 2809 2811 2804
f 2812 2813 2814
f 3805 2816 3795
f 3796 2815 3795
f 3798 2820 2821
f 3793 2819 3798
f 2824 2735 2819
f 2823 2824 2819
f 2825 2826 2724
f 3793 2827 3792
f 3796 2826 3792
f 2713 2829 2828
f 2828 2831 2830
f 2822 2828 2830
f 2821 2713 2828
f 2832 2822 2830
f 2833 2830 2831
f 2834 2832 2833
f 2835 2827 2832
f 2837 2839 2836
f 2836 2841 2840
f 2842 2840 2727
f 2843 2836 2842
f 2840 2845 2844
f 2718 2845 2719
f 2730 2844 2718
f 2727 2844 2728
f 2846 2719 2845
f 2846 2841 2847
f 2829 2847 2831
f 2829 2716 2846
f 2847 2839 2848
f 2848 2838 2849
f 2833 2849 2834
f 2831 2848 2833
f 2850 2851 2852
f 2853 2852 2854
f 2783 2782 2855
f 2785 2853 2856
f 2780 2856 2781
f 2857 2855 2782
f 2859 2782 2781
f 2861 2842 2860
f 2860 2727 2726
f 2862 2726 2732
f 2863 2860 2862
f 2861 2858 2857
f 2843 2857 2859
f 2856 2854 2864
f 2781 2864 2859
f 2837 2859 2864
f 2838 2864 2854
f 2852 2834 2849
f 2854 2849 2838
f 2865 2818 2835
f 2851 2835 2834
f 2813 2815 2865
f 2814 2865 2851
f 2866 2814 2850
f 2788 2850 2853
f 2866 2787 2867
f 2812 2867 2775
f 1892 1890 1891
f 2720 2846 2870
f 298 256 257
f 2872 2713 2820
f 3794 2735 2734
f 2729 2874 2873
f 2846 2715 2870
f 2876 2878 2875
f 2733 2878 2734
f 3806 2879 2880
f 3806 2872 3794
f 2882 2884 2881
f 2881 2715 2714
f 2880 2714 2872
f 2879 2881 2880
f 2885 2887 2888
f 2888 2890 2885
f 2885 2892 2891
f 2893 2885 2891
f 1942 2532 2894
f 2895 2720 2870
f 2884 2870 2715
f 2883 2895 2884
f 2896 2892 2895
f 2889 2717 2890
f 2890 2720 2892
f 2897 2891 2896
f 2898 2896 2883
f 2899 2883 2882
f 2900 2882 2879
f 3797 2879 3807
f 2876 2901 2877
f 2901 2904 2903
f 1785 1835 1834
f 2905 2899 2900
f 2907 2897 2898
f 3797 2903 3799
f 632 577 633
f 3532 2867 2787
f 434 550 350
f 2768 3640 3643
f 2910 1623 2249
f 2241 2758 2242
f 3640 2913 3652
f 1623 2757 1620
f 3587 2757 3652
f 2229 1380 2250
f 2765 1629 2914
f 2915 1629 2912
f 3642 2914 2915
f 3641 2765 2914
f 2919 3642 3613
f 2918 2912 2241
f 3614 2241 3586
f 3618 3613 3670
f 3541 2180 3496
f 3521 2188 3506
f 3705 714 3851
f 2925 2917 2924
f 2924 2916 2919
f 3610 2919 3618
f 3611 2924 3610
f 2926 2766 2925
f 3658 2925 3611
f 1715 1705 1710
f 785 498 796
f 1387 565 1791
f 374 1899 560
f 3573 2206 3556
f 2929 2886 2893
f 2932 2934 2931
f 1905 1908 1907
f 2930 2936 2937
f 2938 2930 2929
f 1493 517 518
f 1603 1586 1602
f 2939 2929 2908
f 2940 2908 2907
f 3665 1600 3661
f 2886 2937 2887
f 2906 2898 2899
f 2908 2893 2897
f 2942 2933 2941
f 2941 2937 2936
f 3501 2936 3513
f 3498 2941 3501
f 2943 2710 2873
f 2943 2874 2889
f 2945 2889 2888
f 2946 2943 2945
f 2932 2888 2887
f 2931 2945 2932
f 727 1929 728
f 2903 2947 2948
f 545 42 262
f 1480 533 251
f 2907 2949 2940
f 2906 2950 2949
f 1558 215 202
f 3799 2948 3801
f 2054 1644 2118
f 3705 2203 3573
f 1828 1849 1827
f 2953 2955 2952
f 2952 2957 2956
f 2956 2258 2952
f 2953 2258 2257
f 2454 2474 2496
f 3747 2959 3766
f 3747 2131 3737
f 2961 2963 2958
f 2958 2964 2959
f 222 2485 2965
f 2477 2966 2608
f 2631 2006 1859
f 2384 2496 2497
f 2967 2959 2964
f 2968 2970 2969
f 3759 2971 3784
f 3784 2960 3766
f 2972 2033 2032
f 2007 2973 2008
f 3560 2134 2133
f 1836 1832 1831
f 3506 2090 3551
f 955 959 956
f 672 674 673
f 633 713 632
f 2024 733 803
f 2025 803 798
f 425 1550 388
f 2975 888 887
f 1319 1157 2694
f 1212 2977 1213
f 889 2228 2227
f 1978 1975 1979
f 1138 1329 915
f 751 2979 2978
f 1619 1625 1624
f 2252 1728 1727
f 1157 845 1216
f 2706 1938 2617
f 2980 2254 2981
f 2982 887 2630
f 802 711 2679
f 678 2029 2028
f 527 690 528
f 1839 2629 1840
f 2983 602 1914
f 2983 1913 1331
f 2985 1331 1054
f 2986 2983 2985
f 2987 2635 2634
f 2985 2639 2986
f 2990 1318 2989
f 2991 2993 2994
f 2995 2994 2996
f 1106 2991 2995
f 1058 2992 2991
f 1415 1365 1367
f 1317 2217 2997
f 1932 2255 2980
f 926 2999 664
f 3001 2992 3000
f 3000 1057 2978
f 2999 2978 2979
f 2998 3000 2999
f 3002 2209 3003
f 3002 2996 2994
f 2993 3002 2994
f 3001 2998 3002
f 1103 2995 3004
f 3004 2996 3003
f 2209 3004 3003
f 588 3004 2210
f 295 433 381
f 2638 2988 3005
f 3005 1056 1930
f 1305 1930 1306
f 1276 3005 1305
f 1987 1993 1989
f 2633 1761 2645
f 1423 1417 1419
f 3561 739 703
f 2671 2704 2705
f 1473 2035 1472
f 922 2694 895
f 1401 1378 1384
f 556 1884 1037
f 842 3825 3836
f 1854 2617 1010
f 933 1081 1075
f 1440 1436 1437
f 529 719 530
f 1031 1027 1028
f 777 912 1871
f 2645 1204 2633
f 441 1538 1537
f 790 587 586
f 2065 1610 1607
f 1860 990 902
f 60 87 59
f 1424 1948 1947
f 332 1507 331
f 261 138 135
f 187 449 507
f 1719 1726 1725
f 1931 1059 3006
f 3006 1105 1104
f 1287 1104 587
f 1286 3006 1287
f 3007 3009 3010
f 3009 653 795
f 618 26 25
f 2029 1210 1209
f 957 600 2228
f 1049 2228 600
f 2631 3011 2561
f 890 2227 3011
f 3011 2145 3012
f 2561 3012 2375
f 1026 609 608
f 2706 1961 1964
f 3013 2485 3014
f 2148 1267 3015
f 3015 1266 1311
f 2997 1101 1317
f 642 1773 1193
f 186 461 511
f 1041 1320 901
f 1121 3017 1122
f 2984 2987 3018
f 3018 2634 2619
f 1048 3018 2619
f 603 2984 3018
f 2679 801 802
f 2062 2074 2061
f 2061 2076 2064
f 414 1545 1965
f 3016 2683 3019
f 3019 2704 2670
f 3020 2670 720
f 3007 3019 3020
f 1871 1091 777
f 3021 1122 3017
f 3022 3017 3010
f 1314 3022 1315
f 1784 3021 1314
f 1316 1763 611
f 3023 3010 3009
f 3023 795 1092
f 1763 1092 1125
f 1315 3023 1763
f 3016 3010 3017
f 752 2978 1057
f 2986 2637 2987
f 3024 653 3008
f 3020 3008 3007
f 720 3024 3020
f 723 654 3024
f 2681 1268 3025
f 2671 1268 721
f 2705 3025 2671
f 1313 3027 1311
f 3026 3029 3027
f 3027 3030 3031
f 1311 3031 3015
f 2012 731 2023
f 917 974 977
f 743 856 744
f 1888 2030 1425
f 2682 2684 3032
f 3032 1124 2989
f 1100 2989 1318
f 1099 3032 1100
f 1123 2989 1124
f 3033 1159 1158
f 2990 1158 1319
f 1123 3033 2990
f 1786 1834 3033
f 1054 2988 2985
f 2979 664 2999
f 2623 2663 2643
f 1095 688 687
f 3034 2261 2956
f 3036 2956 2957
f 3037 3034 3036
f 3038 3035 3034
f 3040 3026 1313
f 2263 3041 3040
f 3042 3043 3041
f 3041 3028 3026
f 3044 3043 3039
f 3046 3045 3044
f 3047 3049 3045
f 3043 3049 3028
f 3038 3051 3050
f 3050 3053 3052
f 3052 3044 3050
f 3039 3050 3044
f 3054 3039 3042
f 3042 2262 3054
f 2261 3054 2262
f 2216 2997 2217
f 2212 2667 1936
f 3056 2209 3055
f 934 1961 1854
f 2013 3757 567
f 3058 3060 3061
f 3059 3063 3060
f 3060 2213 1963
f 3061 1963 1962
f 3063 2214 2213
f 3062 3064 3063
f 3065 2260 3064
f 3064 2215 2214
f 3066 3031 3030
f 2608 3067 3066
f 2966 3068 3067
f 3031 3068 3015
f 2455 2461 2474
f 2476 2226 2477
f 3551 2089 3525
f 3526 3769 3786
f 433 355 381
f 2115 1419 2123
f 3509 2922 3527
f 3769 2131 2134
f 3069 2167 2166
f 2971 2928 2960
f 2961 2773 2962
f 3070 2478 2483
f 2610 3071 2954
f 2502 2374 2386
f 3072 2595 3073
f 2964 3052 2967
f 3048 3074 3049
f 2593 3075 3074
f 3075 3029 3074
f 3074 3028 3049
f 3072 3075 2592
f 3076 2482 2481
f 2481 3066 3076
f 3076 3030 3075
f 2967 3053 2970
f 2482 3073 2483
f 479 493 494
f 706 3873 709
f 3561 2221 3517
f 2013 3754 3755
f 3533 2016 3529
f 3562 2222 2974
f 1171 1155 1176
f 2586 2565 2587
f 2982 113 2484
f 2562 3077 3068
f 2376 3012 3077
f 3012 2148 3077
f 3077 3015 3068
f 2963 3046 2964
f 3051 2970 3053
f 1683 491 775
f 3850 1447 3860
f 1986 3734 3768
f 3079 2546 2575
f 3081 2575 2576
f 1983 3768 3765
f 3082 2319 2545
f 3080 2545 2546
f 3734 3082 3080
f 3732 2323 3082
f 1309 1888 748
f 3073 2772 2771
f 2760 3084 2762
f 2760 2088 3083
f 3085 3086 3087
f 3089 3090 3088
f 3089 3084 3085
f 3092 3090 3091
f 3093 2744 2743
f 2751 2748 3093
f 3093 2752 2751
f 2742 3093 3094
f 3094 2743 3095
f 3096 3098 3087
f 3099 3087 3086
f 3097 3095 3098
f 3100 2746 3101
f 3101 3102 3100
f 2764 2927 3101
f 2745 3101 2746
f 3102 3091 3100
f 3100 3095 2743
f 2869 3592 3634
f 3102 3104 3092
f 3658 2869 3634
f 2927 3103 3102
f 3098 3091 3090
f 3087 3090 3085
f 2088 3105 3083
f 3083 3086 3084
f 2483 2771 3070
f 2401 2185 2321
f 3099 3105 3106
f 2125 3106 3105
f 3108 2742 3107
f 3107 3094 3097
f 3110 3107 3109
f 3109 3097 3096
f 3111 3096 3099
f 3112 3109 3111
f 3113 2737 3108
f 3115 2722 3114
f 3117 3114 3116
f 3119 3116 3118
f 3118 3120 3121
f 3116 3113 3120
f 3122 3111 3123
f 3122 1755 1754
f 3124 3126 3127
f 3125 3121 3126
f 3128 3118 3125
f 3129 3125 3124
f 2020 3128 3129
f 3853 1346 1352
f 1065 1047 1066
f 1814 3830 1649
f 2021 3129 3130
f 3111 3106 3123
f 3123 2207 1755
f 2377 2224 2973
f 3014 113 112
f 1756 3782 3767
f 3131 2530 2528
f 3133 2528 2529
f 1753 3767 3775
f 3134 3127 3135
f 2327 2314 2313
f 2436 2317 2349
f 2018 3711 3712
f 2534 3137 2535
f 2320 3136 2534
f 2185 3712 3771
f 3138 2542 2539
f 3134 3744 3745
f 3785 3134 3745
f 3140 2539 2538
f 2535 3140 2538
f 3711 3130 3785
f 2558 3132 3141
f 3782 3141 3132
f 2560 3141 3142
f 3760 3142 3141
f 958 2976 2981
f 1933 2980 3143
f 2399 2418 2416
f 2348 2343 2432
f 2322 2319 2323
f 2718 2874 2730
f 2709 2873 2710
f 2894 1361 1942
f 346 176 347
f 1876 1882 1881
f 2802 3607 3592
f 3104 3088 3092
f 2974 3649 3603
f 3089 2761 2762
f 3088 3145 3089
f 2803 3603 3607
f 3870 692 628
f 2123 1418 2126
f 1365 1368 1367
f 1581 1782 1783
f 3569 2129 3520
f 3555 2002 3521
f 3146 2551 3147
f 3751 3147 3750
f 3742 3146 3751
f 3149 2585 3146
f 3196 3197 3195
f 3604 2191 3623
f 3142 2556 2560
f 3777 3150 3142
f 3646 2550 3593
f 3150 2555 2556
f 3778 3151 3150
f 3788 3152 3646
f 3153 2551 2549
f 3152 2549 2550
f 3781 3153 3152
f 3776 3147 3153
f 3148 2206 2205
f 2183 2321 2184
f 2132 2928 2133
f 3684 2204 2203
f 3719 2197 3721
f 2594 2773 2951
f 2595 2951 2772
f 1870 799 1869
f 3713 2178 3706
f 3706 3736 3790
f 336 3774 3722
f 339 3154 336
f 3789 3149 3742
f 3683 2584 3149
f 2963 3048 3047
f 3722 337 336
f 339 2566 2586
f 3156 2168 2167
f 2610 2167 2611
f 2954 3156 2610
f 3157 2953 2257
f 3707 2169 3709
f 2567 3159 2568
f 337 2567 338
f 3730 2166 3707
f 3764 1983 3765
f 2579 3081 2576
f 2568 3160 2579
f 3709 2190 3764
f 3065 3162 3161
f 3161 1984 2189
f 3157 2189 2168
f 2257 3161 3157
f 734 1922 806
f 3059 2708 3163
f 3163 2182 1985
f 3162 1985 1984
f 3062 3163 3162
f 3203 3205 3204
f 2122 1448 1447
f 3817 1685 3812
f 139 444 69
f 1570 566 533
f 2957 3165 3036
f 2955 3164 2957
f 1912 341 1973
f 3130 3124 3134
f 1548 319 1547
f 1949 1327 1887
f 2969 3078 3167
f 3167 3169 3168
f 3724 2017 3720
f 3720 2033 3759
f 3168 3165 3170
f 3170 3164 3171
f 3779 3171 3756
f 3724 3170 3779
f 3171 3166 3172
f 3172 3071 3173
f 3752 3173 3749
f 3756 3172 3752
f 3169 3036 3165
f 2593 2962 2594
f 3173 2609 3174
f 3174 2199 2198
f 3783 2198 3719
f 3749 3174 3783
f 2190 1984 1983
f 2196 2767 3148
f 2119 1414 1448
f 1464 1466 1465
f 2199 3069 2200
f 2457 2587 2565
f 2226 2562 2966
f 481 1627 1639
f 333 235 236
f 3078 3037 3169
f 3040 2997 2263
f 2219 1933 2220
f 2385 2497 2503
f 221 3175 2484
f 2220 3143 3175
f 3175 2976 2975
f 2484 2975 2982
f 2954 3166 2955
f 2630 110 2982
f 1547 1952 1955
f 2091 2188 2187
f 3733 2178 2177
f 1918 1927 1926
f 3563 111 3511
f 955 960 954
f 2037 112 3563
f 3143 2981 2976
f 2218 2214 2215
f 672 3787 3541
f 2152 3014 2037
f 1147 1143 1145
f 2248 1409 2245
f 1615 1635 1616
f 1410 2246 2247
f 3241 3242 3240
f 3177 1383 1382
f 2238 3176 1382
f 3176 2230 3178
f 1410 3179 1407
f 3179 2243 1407
f 1633 2800 2249
f 1621 2758 2912
f 1622 2245 1634
f 2236 3181 3182
f 2237 3182 3183
f 2250 2233 2229
f 2912 1628 1621
f 135 1564 1563
f 1567 512 1565
f 1085 2653 2685
f 3184 868 3056
f 869 3057 934
f 1266 1098 1312
f 1267 722 721
f 937 2646 936
f 2146 722 2147
f 2211 921 2667
f 1957 507 449
f 1313 2264 3040
f 1496 1493 1492
f 2681 2705 2682
f 2887 2933 2932
f 1687 1659 1694
f 145 1498 81
f 1317 1319 2694
f 37 418 71
f 1935 3185 2977
f 104 301 103
f 2101 2083 2084
f 543 360 207
f 1934 3186 3185
f 234 212 237
f 3845 1822 1824
f 1976 1874 1974
f 223 2219 220
f 3655 3605 3612
f 468 773 2165
f 1935 1728 1932
f 3240 3226 3235
f 3261 3250 3260
f 3215 3244 3264
f 3265 3215 3264
f 3267 3198 3196
f 3205 3269 3255
f 3214 3265 3270
f 3271 3214 3192
f 3251 3239 3236
f 3222 3266 3272
f 3232 3234 3233
f 3216 3243 3244
f 3196 3268 3267
f 3244 3254 3255
f 3238 3247 3246
f 3264 3255 3269
f 3253 3216 3217
f 3211 3221 3265
f 3257 3218 3256
f 3258 3272 3259
f 3274 3280 3273
f 3228 3262 3263
f 3275 3281 3280
f 3226 3273 3280
f 3236 3260 3251
f 3281 3236 3237
f 3287 3192 3189
f 3235 3280 3234
f 3234 3281 3237
f 3288 3259 3272
f 3260 3276 3251
f 3289 3278 3284
f 3210 3224 3283
f 3199 3201 3200
f 3228 3230 3229
f 3290 3285 3286
f 3282 3271 3287
f 3260 3262 3261
f 3243 3268 3254
f 3267 3241 3232
f 3194 3208 3193
f 3191 3269 3206
f 3270 3192 3214
f 3275 3230 3231
f 3264 3270 3265
f 3252 3276 3291
f 3248 3291 3223
f 3213 3279 3277
f 3272 3289 3288
f 3277 3212 3213
f 3228 3281 3231
f 3220 3253 3219
f 3219 3217 3257
f 3256 3222 3258
f 3247 3252 3248
f 3245 3232 3233
f 3266 3212 3289
f 3208 3255 3254
f 3288 3284 3285
f 3204 3208 3207
f 560 3187 559
f 3209 3201 3202
f 3189 3191 3190
f 448 807 447
f 647 122 270
f 1833 1780 1832
f 510 508 507
f 3210 1887 3201
f 1887 3200 3201
f 15 3197 3200
f 16 3195 3197
f 3195 3187 3194
f 3194 1899 3207
f 3207 375 3204
f 387 126 127
f 3189 1760 3287
f 3577 757 758
f 763 2172 2175
f 3583 3580 3581
f 3581 3579 3578
f 3594 3596 3595
f 3400 3602 3401
f 3626 3625 3627
f 3631 3599 3601
f 3636 3595 3596
f 3647 3588 3645
f 3650 3584 3647
f 3653 3580 3651
f 3653 3654 3579
f 1801 3656 3655
f 3651 3582 3650
f 3644 3595 3637
f 1767 3659 3660
f 1597 3661 1600
f 1708 3665 3664
f 3671 3667 3666
f 3666 3673 3672
f 1588 3664 1587
f 2080 3666 2082
f 2082 3672 2084
f 3674 3635 3631
f 3677 3636 3635
f 3682 3645 3681
f 3692 3650 3686
f 3681 3644 3680
f 786 3692 785
f 3694 3651 3692
f 785 3686 497
f 497 3682 650
f 650 3681 564
f 3696 3681 3680
f 3405 3605 3402
f 3702 3678 3677
f 3699 3679 3678
f 3645 3638 3644
f 1799 3659 1768
f 3708 3458 3460
f 3462 3708 3460
f 3714 564 3696
f 3615 3602 3600
f 3710 3696 3698
f 3635 3596 3599
f 3629 3627 3630
f 3597 3599 3596
f 3630 3715 3629
f 3627 3597 3594
f 3717 3723 3718
f 3715 3660 3629
f 3716 3725 3715
f 3668 3661 3725
f 3668 3717 3667
f 3667 3718 3673
f 3727 3673 3718
f 3728 3672 3673
f 3726 3718 3723
f 1576 2084 3672
f 3727 3731 3729
f 3203 1387 3190
f 3190 1791 3189
f 3283 1949 3210
f 317 259 391
f 2000 3653 3694
f 3601 3600 3602
f 3589 3584 3585
f 3577 756 2170
f 3585 3582 3583
f 3678 3637 3636
f 3204 376 3203
f 1801 3657 1799
f 3729 3728 3727
f 1575 3738 1088
f 3735 1576 3728
f 1776 1796 1775
f 1293 1290 1284
f 1326 1327 12
f 1294 1234 1290
f 878 1330 1337
f 497 374 498
f 122 413 121
f 3699 3704 3708
f 3606 3401 3602
f 3708 3698 3699
f 3464 3710 3462
f 3704 3443 3458
f 439 399 438
f 1512 1526 1511
f 1668 1738 1671
f 839 1362 838
f 1362 826 1012
f 3843 1896 3815
f 2053 2118 2117
f 3888 2120 2119
f 696 3816 3831
f 1826 639 640
f 3740 3729 3731
f 956 886 960
f 1980 1922 807
f 33 105 164
f 1343 3856 3857
f 3907 2128 3902
f 1766 1582 1594
f 14 2163 738
f 595 99 594
f 3233 3246 3245
f 1346 1044 1352
f 748 1425 747
f 3193 3254 3268
f 3190 3206 3203
f 3612 3606 3615
f 3624 3615 3625
f 3631 3443 3674
f 3679 3644 3637
f 3686 3647 3682
f 3702 3674 3704
f 3625 3600 3597
f 3601 3415 3631
f 3739 3735 3729
f 3630 3594 3741
f 3741 3716 3630
f 1284 1288 1285
f 3698 3680 3679
f 1778 1780 1779
f 1792 1584 1789
f 695 571 694
f 3638 3594 3595
f 3741 3588 3589
f 3247 3209 3202
f 3292 3294 3295
f 3296 3298 3299
f 3299 3300 3301
f 3302 3304 3305
f 3306 3308 3309
f 3307 3311 3308
f 3303 3301 3300
f 3312 3304 3313
f 3314 3316 3317
f 3318 3320 3321
f 3324 3321 3325
f 3326 3328 3323
f 3329 3331 3332
f 3333 3335 3336
f 3337 3339 3340
f 3333 3341 3342
f 3342 3343 3344
f 3319 3344 3343
f 3338 3334 3339
f 3346 3302 3347
f 3305 3347 3302
f 3312 3223 3349
f 3350 3340 3351
f 3312 3348 3305
f 3352 3341 3326
f 3311 3354 3308
f 3341 3327 3326
f 3359 3361 3362
f 3360 3250 3249
f 3318 3345 3319
f 3364 3318 3324
f 3314 3324 3365
f 3366 3301 3346
f 3299 3367 3296
f 3308 3368 3309
f 3369 3295 3294
f 3317 3364 3314
f 3370 3317 3316
f 3325 3365 3324
f 3352 3319 3343
f 3296 3353 3311
f 3297 3311 3310
f 3363 3354 3345
f 3345 3353 3344
f 3344 3367 3342
f 3366 3342 3367
f 3347 3334 3346
f 3339 3348 3340
f 3348 3351 3340
f 3363 3369 3368
f 3294 3368 3369
f 3293 3309 3294
f 3331 3374 3332
f 3346 3333 3366
f 3323 3352 3326
f 3356 3321 3320
f 3355 3325 3321
f 3357 3371 3325
f 3322 3320 3352
f 3361 3329 3362
f 3373 3375 3374
f 3374 3376 3332
f 3329 3376 3362
f 3327 3372 3328
f 3336 3375 3327
f 3335 3376 3375
f 3376 3337 3362
f 3337 3359 3362
f 3359 3276 3250
f 3377 3295 3370
f 3277 3315 3278
f 3371 3379 3365
f 3378 3358 3380
f 3365 3315 3314
f 3316 3279 3370
f 3282 3370 3279
f 3313 3224 3312
f 3378 3284 3379
f 3380 3285 3378
f 3379 3278 3315
f 3276 3351 3291
f 3291 3349 3223
f 3313 2965 3013
f 2965 3303 222
f 222 3300 223
f 223 3298 3186
f 3298 3185 3186
f 3297 2977 3185
f 3310 1213 2977
f 3307 1214 1213
f 2532 3306 3293
f 2894 3293 3292
f 2871 3292 3377
f 3253 3240 3242
f 3283 3013 2152
f 1997 1889 1892
f 1237 744 855
f 1535 120 121
f 1531 201 214
f 1119 1032 984
f 946 824 947
f 163 5 162
f 3589 3723 3741
f 1155 1162 1164
f 427 327 424
f 553 796 498
f 3381 2231 2237
f 3381 2230 2232
f 2237 3180 3381
f 3383 3385 3382
f 3384 3387 3385
f 3386 3389 3387
f 3388 3391 3389
f 3392 3394 3395
f 3395 3396 3397
f 3398 3397 3396
f 3400 3399 3398
f 3403 3405 3402
f 3406 3404 3403
f 3408 3407 3406
f 3410 3409 3408
f 3412 3411 3410
f 3415 3398 3414
f 3414 3396 3416
f 3416 3394 3417
f 3417 3393 3418
f 3393 3420 3418
f 3419 3421 3420
f 3390 3422 3421
f 3388 3423 3422
f 3386 3424 3423
f 3384 3425 3424
f 3425 3426 3184
f 2904 3428 2947
f 3429 2904 2902
f 3430 2902 2876
f 2875 3430 2876
f 3432 2733 2736
f 2825 3435 2824
f 3437 3439 3436
f 3441 3436 3440
f 2724 3434 2825
f 3436 3115 3117
f 3440 3117 3119
f 3443 3414 3442
f 3442 3416 3444
f 3444 3417 3445
f 3445 3418 3446
f 3446 3420 3447
f 3420 3448 3447
f 3421 3449 3448
f 3422 3450 3449
f 3423 3451 3450
f 3424 3452 3451
f 3425 3056 3452
f 3451 2253 2252
f 3450 2252 1727
f 3449 1727 2150
f 3448 2150 1941
f 3453 3448 1941
f 3454 3447 3453
f 3455 3446 3454
f 3456 3445 3455
f 3442 3456 3457
f 3443 3457 3458
f 3459 3458 3457
f 3457 3455 3459
f 3459 3454 3461
f 3462 3459 3461
f 3461 3453 3463
f 3464 3461 3463
f 3463 1941 1360
f 3404 3401 3405
f 3407 3399 3404
f 3409 3397 3407
f 3411 3395 3409
f 3465 3413 3412
f 3467 3469 3466
f 3465 3431 3433
f 3470 3466 3465
f 3438 3432 3435
f 3467 3438 3437
f 3468 3437 3441
f 3471 3468 3472
f 3472 3441 3473
f 3473 3440 2712
f 2712 3119 3128
f 3475 3472 3474
f 3474 3473 3476
f 3476 2712 2711
f 3477 2711 2400
f 3478 3476 3477
f 3479 3474 3478
f 3392 3413 3480
f 3466 3480 3413
f 3419 3392 3480
f 3390 3480 3391
f 3469 3391 3480
f 3389 3471 3475
f 3387 3475 3479
f 3385 3479 3481
f 3482 2400 2402
f 3483 3477 3482
f 3481 3478 3483
f 3484 2402 2707
f 3058 2707 2708
f 3061 3484 3058
f 3485 3482 3484
f 3382 3481 3486
f 3486 3483 3485
f 3426 3382 3487
f 3487 3486 1962
f 3486 3061 1962
f 1961 3487 1962
f 3057 3426 3487
f 3428 3402 3488
f 3427 3403 3428
f 3429 3406 3427
f 3430 3408 3429
f 3431 3410 3430
f 3470 3433 3432
f 3434 3438 3435
f 2723 3439 3434
f 2875 3433 3431
f 2736 3435 3432
f 2947 3488 3500
f 3464 1360 3497
f 1900 1924 1901
f 1736 1718 1750
f 1955 1943 1956
f 1671 1735 1751
f 1696 1698 1692
f 1800 1864 1801
f 2063 2056 2060
f 1737 1717 1736
f 1751 1697 1695
f 943 3899 684
f 3656 3402 3605
f 1577 1764 1703
f 3917 1599 3923
f 1945 82 1944
f 68 7 248
f 147 1543 148
f 1109 1133 1102
f 1503 1907 1908
f 1499 1909 1498
f 452 735 215
f 1824 3835 3845
f 1825 2068 1824
f 1463 1022 1194
f 841 1009 1011
f 1568 1955 1534
f 1926 1927 1923
f 1910 1502 1939
f 1939 422 442
f 309 1940 308
f 1804 1866 1803
f 269 1954 56
f 2065 2060 2056
f 3812 1758 3835
f 280 552 1940
f 1875 1869 1874
f 1739 1734 1737
f 1778 1790 1788
f 310 1915 279
f 1909 1906 1954
f 1789 1778 1788
f 978 980 979
f 1584 1731 1583
f 425 311 312
f 148 115 116
f 2044 3894 2046
f 277 1939 551
f 1943 1945 1944
f 1461 1463 1464
f 2253 3056 3055
f 2981 3489 958
f 2209 3489 3055
f 2254 3055 3489
f 2998 958 3489
f 2826 2721 2724
f 3490 2721 2817
f 2816 3490 2817
f 2334 2296 2335
f 2298 2334 2336
f 2301 2336 2338
f 2311 2338 2354
f 2312 2354 2355
f 2359 2361 2360
f 2335 2359 2360
f 2414 2365 2364
f 2413 2361 2365
f 2355 2540 2541
f 2541 2539 2542
f 2722 2739 2738
f 3114 2738 3113
f 3110 3121 3120
f 3108 3120 3113
f 3122 3127 3126
f 3112 3126 3121
f 3127 1753 3135
f 3139 2529 2542
f 3744 3133 3139
f 3490 2740 2739
f 3491 2789 3490
f 228 91 88
f 245 243 242
f 248 247 191
f 2 296 295
f 145 300 267
f 327 210 328
f 329 331 330
f 250 228 236
f 239 240 230
f 373 375 374
f 178 176 175
f 1218 1228 1321
f 3862 1295 3854
f 808 824 823
f 3858 1013 1014
f 3813 1411 1413
f 2154 2159 2160
f 3845 1758 1757
f 306 1922 452
f 2157 1976 1977
f 708 2031 1474
f 1450 1227 1428
f 1672 1605 1624
f 1813 1821 1816
f 1717 1715 1718
f 176 402 347
f 1710 3916 3915
f 1712 1577 1711
f 1705 1711 1704
f 971 979 970
f 822 1094 1102
f 2909 2793 2792
f 2810 2795 2793
f 2799 2249 2800
f 3662 2910 2799
f 2769 2801 2795
f 3177 3178 3179
f 3178 3180 3179
f 3181 1393 2800
f 3181 1632 3182
f 3182 2244 3183
f 3183 2243 3180
f 3492 2790 3491
f 2808 3491 2816
f 2239 3572 2240
f 1149 3571 3570
f 1150 3567 3571
f 2202 3566 2015
f 2921 3565 2923
f 3568 2133 2928
f 1777 1759 1792
f 1201 1183 1184
f 3561 2195 2194
f 3553 2770 2768
f 3927 1687 1692
f 1516 154 503
f 3549 2974 2803
f 3550 2779 2778
f 2771 3575 3546
f 3070 3546 3558
f 3547 2775 2867
f 1376 1370 1372
f 2767 3556 2206
f 2195 3543 2767
f 2775 3542 2776
f 3377 3545 2871
f 3804 3539 2806
f 2776 3538 2805
f 2240 3535 2920
f 2920 3669 3619
f 3548 2786 2779
f 1805 1851 1804
f 3534 2787 2786
f 2951 3540 3531
f 2772 3531 3575
f 2973 3530 3536
f 2224 3537 3530
f 1957 320 510
f 306 304 303
f 2770 3528 2913
f 2913 3574 2239
f 2923 3527 2922
f 308 431 47
f 207 132 543
f 1879 1881 1880
f 3733 3525 2089
f 2475 3558 3524
f 2476 3524 3523
f 2223 3523 3537
f 3522 2803 2802
f 2037 11 1950
f 1959 450 505
f 2003 3520 2129
f 9 334 540
f 2009 3518 3567
f 2008 3536 3518
f 3877 673 3879
f 3515 2778 2784
f 2935 3513 2936
f 111 3570 3511
f 3510 2935 2938
f 683 3885 943
f 3508 2810 2909
f 736 732 729
f 1795 1803 1796
f 3505 2938 2939
f 3507 2939 2940
f 2950 3504 2949
f 2940 3504 3507
f 3801 3512 2950
f 2868 3502 2869
f 2869 3522 2802
f 1024 1023 1020
f 3500 2948 2947
f 551 442 443
f 2972 3568 2928
f 2032 3499 2972
f 216 1924 1923
f 203 201 200
f 1828 1847 1837
f 1958 449 450
f 272 178 175
f 2871 3495 1361
f 3619 3564 2921
f 2801 3643 3662
f 2005 3654 2176
f 960 899 962
f 3657 3612 3624
f 3780 3646 3151
f 3151 3593 2555
f 2193 3623 2194
f 3607 3145 3144
f 3603 2761 3145
f 3592 3144 3104
f 2926 3634 3103
f 3634 3104 3103
f 3755 3746 3753
f 566 3758 2005
f 3488 1864 3500
f 1602 2079 2078
f 2868 3611 2922
f 2922 3610 2923
f 2923 3618 2921
f 3670 2918 3614
f 3619 3614 2920
f 2921 3670 3619
f 2920 3586 2240
f 3613 2915 2918
f 2917 3622 3641
f 2916 3641 3642
f 2239 3652 2913
f 2911 3652 2757
f 3643 2911 2910
f 2797 3662 3591
f 2797 3598 2750
f 3622 2763 2765
f 3608 2764 2745
f 2194 3648 2221
f 2221 3649 2222
f 2756 3609 2755
f 2750 3609 2747
f 3669 1817 3827
f 3763 1691 1699
f 2515 3590 2548
f 2548 3593 2550
f 2513 3632 3616
f 2513 3621 2515
f 2509 3620 2289
f 2510 3633 2509
f 2289 3639 2283
f 2283 3617 2286
f 2240 3587 2239
f 3659 3624 3626
f 716 3887 3888
f 727 3761 1923
f 2165 2170 2164
f 3660 3626 3629
f 3743 3578 3757
f 2175 769 770
f 2100 2095 2099
f 3758 3757 3578
f 640 3568 1826
f 1653 3553 1651
f 1895 3530 746
f 746 3537 741
f 1653 3528 3576
f 3762 1604 1672
f 2093 2073 2078
f 959 995 884
f 962 919 986
f 1400 1398 1399
f 1000 1127 1004
f 956 884 885
f 1662 3550 1661
f 2034 3546 1654
f 3926 3539 3802
f 3535 766 1817
f 3572 765 766
f 334 3571 335
f 1868 3540 1656
f 1684 1652 1678
f 1682 775 1807
f 1585 3762 1700
f 3763 1672 1673
f 2173 490 491
f 1658 3547 1752
f 3556 1650 724
f 1571 2010 1572
f 1587 3671 2080
f 2099 2077 2094
f 787 1999 786
f 2000 786 1999
f 3155 3697 3683
f 3713 3683 3789
f 2180 3685 3684
f 3496 3684 3705
f 1684 3840 1651
f 1760 3495 3545
f 2607 3693 2590
f 2581 3689 2607
f 2371 3700 3695
f 2371 3693 2372
f 2587 3675 2586
f 2586 3697 339
f 2497 3687 2503
f 2502 3687 3700
f 2494 3690 2495
f 3690 2472 2495
f 3688 2468 2472
f 3701 2469 2468
f 726 3892 630
f 581 3518 580
f 10 3570 334
f 1837 3510 1849
f 741 3523 1300
f 1299 3558 2034
f 1851 3504 1866
f 3527 1820 1819
f 580 3536 1895
f 1758 3522 3502
f 1693 3508 1806
f 3504 1867 1866
f 1894 3568 3499
f 2126 3813 3841
f 3906 3841 3912
f 2113 3867 2110
f 2179 3789 3685
f 624 3904 623
f 2192 3788 3780
f 2177 3787 3733
f 1364 3833 1338
f 3858 1470 1453
f 3135 3775 3744
f 2069 3835 2068
f 1351 3853 1352
f 2108 3901 499
f 2089 3736 3733
f 3828 1358 866
f 2001 3783 2187
f 2187 3719 2091
f 2130 3752 2004
f 2004 3749 2001
f 2014 3779 2201
f 2201 3756 2130
f 3167 3759 2969
f 3168 3720 3167
f 3159 3764 3160
f 3160 3765 3081
f 3730 3158 337
f 3158 3709 3159
f 2200 3730 3722
f 3685 3742 2204
f 3722 2197 2200
f 3790 2092 3721
f 3774 3721 2197
f 3154 3790 3774
f 3155 3706 3154
f 2091 3721 2092
f 2196 3750 3776
f 2193 3776 3781
f 3604 3781 3788
f 2086 3780 3778
f 2087 3778 3777
f 2204 3751 2205
f 2205 3750 3148
f 3909 574 692
f 2124 3777 3760
f 2208 3760 3782
f 3711 3140 3137
f 3785 3138 3140
f 3745 3139 3138
f 3771 3136 2322
f 3712 3137 3136
f 3775 3131 3133
f 3767 3132 3131
f 1813 3838 1814
f 1293 3856 1344
f 2184 3748 3732
f 2181 3732 3734
f 3765 3079 3081
f 3768 3080 3079
f 709 3875 2031
f 2774 3737 3769
f 3786 2134 3559
f 3809 766 765
f 2968 3766 2959
f 2969 3784 2968
f 2958 3737 2961
f 2132 3766 2960
f 2321 3771 3748
f 3860 1449 28
f 3905 582 710
f 3886 577 574
f 3847 1818 3827
f 705 3887 2121
f 3816 3907 698
f 2111 3911 2113
f 3810 1366 1411
f 1812 3822 1815
f 675 3852 674
f 3496 3851 675
f 2110 3868 2109
f 2104 3901 2106
f 2109 3899 944
f 3842 703 739
f 1680 3846 1684
f 1639 3819 3818
f 623 3906 697
f 2139 3866 3865
f 1808 3844 3837
f 3820 1819 1820
f 3872 3900 706
f 1646 3830 1648
f 3889 633 577
f 2139 3875 18
f 2156 3871 3874
f 674 3913 3869
f 2117 3812 2069
f 1815 3847 3823
f 3855 1444 1470
f 697 3912 3816
f 866 3836 3828
f 3864 2136 2135
f 3585 3726 3589
f 3583 3731 3585
f 3753 3738 3739
f 3740 3581 3743
f 1088 3746 1093
f 3739 3743 3753
f 2791 3493 2792
f 3492 2807 3493
f 2792 3494 2909
f 3493 2806 3494
f 3508 3494 3516
f 3516 2806 3539
f 2948 3791 3801
f 2105 3896 2104
f 3538 3804 2805
f 680 3876 683
f 1891 3910 3891
f 2905 3801 2950
f 2900 3799 2905
f 2901 3807 2877
f 2734 3806 3794
f 2877 3806 2878
f 2820 3794 2872
f 2818 3792 2827
f 2823 3792 2826
f 2822 3798 2821
f 2819 3800 3798
f 2817 3795 2816
f 2809 3795 2815
f 2808 3803 2807
f 2805 3803 2804
f 1702 3923 1599
f 3922 1797 1802
f 3915 1706 1709
f 3918 1692 1698
f 1657 3880 1879
f 1890 3895 3910
f 3772 1674 1675
f 1689 3772 3773
f 3926 3538 1688
f 3516 1689 3773
f 3917 1703 1764
f 1598 3928 1770
f 3880 1876 1879
f 1691 3925 3927
f 3925 1688 1687
f 1117 1118 3930
f 1066 1322 3930
f 1243 847 3930
f 3825 848 3930
f 1128 1117 3930
f 1129 1130 3930
f 841 1011 3930
f 1230 3863 3930
f 1242 1243 3930
f 1322 1229 3930
f 1064 1065 3930
f 1003 1128 3930
f 1229 1230 3930
f 3863 1285 3930
f 1285 1288 3930
f 848 839 3930
f 847 3825 3930
f 1118 1129 3930
f 1065 1066 3930
f 1087 1086 3930
f 1008 1002 3930
f 1011 1008 3930
f 1002 1003 3930
f 1076 1069 3930
f 838 841 3930
f 839 838 3930
f 1288 1242 3930
f 1130 1087 3930
f 1086 1076 3930
f 1069 1064 3930
f 2410 2414 3931
f 2411 2410 3931
f 3617 2285 3931
f 2394 2393 3931
f 2393 2396 3931
f 2281 2286 3931
f 2282 2280 3931
f 2398 2399 3931
f 2465 2464 3931
f 2396 2397 3931
f 2470 2469 3931
f 2399 2416 3931
f 2480 2395 3931
f 2459 2480 3931
f 2369 2282 3931
f 2460 2459 3931
f 2415 2411 3931
f 2416 2415 3931
f 2364 2363 3931
f 2286 3617 3931
f 2464 2470 3931
f 2469 3703 3931
f 2285 2465 3931
f 2414 2364 3931
f 2395 2394 3931
f 2363 2367 3931
f 2397 2398 3931
f 2280 2281 3931
f 3703 2460 3931
f 2367 2369 3931
f 4 3 2
f 8 7 6
f 13 16 15
f 17 28 19
f 32 31 30
f 36 35 34
f 37 40 39
f 21 22 23
f 25 26 27
f 41 44 43
f 48 47 46
f 52 51 50
f 53 56 55
f 60 59 58
f 29 30 62
f 66 65 64
f 67 5 6
f 72 71 70
f 76 75 74
f 77 80 79
f 81 84 83
f 59 87 86
f 88 91 90
f 96 95 94
f 100 99 98
f 101 104 103
f 106 105 34
f 108 116 115
f 117 119 36
f 124 127 126
f 131 130 129
f 132 102 134
f 142 141 140
f 148 106 60
f 144 143 127
f 149 152 151
f 156 155 154
f 159 150 158
f 116 108 164
f 171 170 169
f 174 126 173
f 179 182 181
f 186 189 188
f 194 197 196
f 199 142 139
f 206 209 208
f 213 212 211
f 202 215 214
f 96 93 216
f 92 238 43
f 97 184 246
f 250 249 229
f 252 254 58
f 258 257 256
f 260 91 229
f 110 111 112
f 114 264 263
f 265 268 267
f 56 53 270
f 274 273 249
f 185 183 63
f 280 279 278
f 285 284 283
f 288 219 211
f 141 142 92
f 289 290 175
f 148 116 105
f 312 311 170
f 238 262 42
f 318 163 160
f 310 309 308
f 241 239 325
f 160 230 240
f 47 48 307
f 108 109 315
f 345 85 86
f 348 351 350
f 356 359 358
f 355 354 353
f 363 31 32
f 364 252 253
f 366 125 368
f 183 372 371
f 163 162 161
f 209 226 101
f 378 377 165
f 379 295 381
f 383 382 3
f 284 285 386
f 387 127 389
f 391 259 229
f 73 281 397
f 405 408 407
f 203 218 411
f 414 121 413
f 1 356 357
f 277 276 131
f 254 344 57
f 358 384 415
f 417 416 386
f 401 400 192
f 419 389 127
f 421 181 182
f 103 301 302
f 428 367 368
f 380 390 359
f 62 204 266
f 140 141 431
f 357 358 351
f 356 1 379
f 415 392 403
f 437 428 436
f 438 441 440
f 188 451 450
f 265 455 181
f 224 185 64
f 237 212 213
f 275 131 128
f 281 282 460
f 50 462 79
f 73 74 282
f 468 467 466
f 390 355 352
f 482 485 484
f 489 488 487
f 493 496 495
f 472 471 470
f 502 501 500
f 220 221 222
f 512 419 143
f 518 517 511
f 513 239 230
f 205 30 31
f 189 370 451
f 163 318 532
f 533 224 225
f 446 448 447
f 335 541 540
f 544 512 546
f 329 519 291
f 199 534 262
f 385 386 416
f 532 190 191
f 363 117 118
f 578 581 580
f 573 572 571
f 561 563 562
f 241 260 259
f 590 593 592
f 545 546 595
f 503 154 155
f 606 625 624
f 478 481 480
f 646 649 648
f 590 591 689
f 564 565 651
f 728 246 184
f 714 724 716
f 692 574 575
f 541 335 581
f 346 68 248
f 161 231 230
f 128 129 94
f 698 705 704
f 574 577 576
f 290 289 401
f 630 631 725
f 733 736 735
f 755 466 496
f 759 480 481
f 757 763 762
f 764 496 466
f 768 767 3808
f 759 760 488
f 492 474 475
f 474 770 769
f 773 468 465
f 771 774 486
f 484 485 775
f 774 776 489
f 495 496 764
f 495 757 761
f 137 397 784
f 325 239 797
f 165 519 51
f 369 32 29
f 730 731 568
f 90 302 301
f 243 118 516
f 800 734 806
f 817 815 808
f 816 808 823
f 306 303 447
f 815 810 809
f 829 830 828
f 726 725 501
f 274 427 424
f 879 882 881
f 884 883 879
f 219 218 217
f 906 905 904
f 455 204 205
f 898 882 830
f 903 900 880
f 377 291 519
f 923 949 948
f 946 947 951
f 3519 740 739
f 900 899 886
f 225 64 65
f 182 445 442
f 809 952 947
f 954 960 962
f 927 950 965
f 885 879 880
f 925 927 966
f 343 342 341
f 965 964 971
f 968 971 970
f 972 968 969
f 963 961 981
f 336 337 338
f 992 993 827
f 810 815 996
f 1007 1001 1002
f 1012 826 827
f 1011 1009 1007
f 294 293 292
f 907 908 920
f 1017 579 1019
f 1020 1023 1022
f 1035 1024 1020
f 1061 1060 1047
f 1063 1061 1046
f 1044 1020 1021
f 1102 1094 1097
f 1116 1126 1118
f 1016 1015 1014
f 881 897 904
f 816 1116 1127
f 1094 948 949
f 514 342 167
f 146 145 81
f 1133 1135 1130
f 1102 1133 1126
f 822 1126 1116
f 1145 1143 1148
f 1076 1144 1151
f 1148 1143 1086
f 1109 1097 1114
f 1154 1153 1156
f 1153 925 967
f 3464 3497 463
f 1144 1147 1152
f 1156 967 1163
f 1164 1162 1169
f 1145 1171 1176
f 1114 1115 1154
f 1183 1155 1164
f 1184 1183 1177
f 1069 1151 1062
f 1023 1191 1194
f 1162 1163 1170
f 1195 1184 1185
f 1183 1196 1176
f 1201 1063 1152
f 1061 1063 1201
f 3825 847 843
f 1203 1202 1195
f 1202 1201 1184
f 1218 1060 1203
f 1060 1061 1202
f 1225 1218 1217
f 671 695 694
f 1219 1217 1024
f 1217 1203 1034
f 1226 1014 1015
f 1243 1242 1234
f 1231 1230 1229
f 847 1243 1233
f 843 1233 1244
f 1233 1234 1245
f 1923 3761 233
f 2100 2108 499
f 3914 3864 2135
f 61 62 323
f 210 211 217
f 1299 1310 1309
f 3863 1230 1231
f 1066 1047 1321
f 1322 1321 1228
f 1060 1218 1321
f 1325 1324 1323
f 1244 1245 1332
f 1290 1234 1242
f 1337 1330 1339
f 1330 1332 1340
f 1341 1332 1245
f 1342 1340 1332
f 1343 1342 1341
f 1344 1341 1294
f 3857 3856 1345
f 1347 1348 1342
f 3856 3854 1295
f 1349 1350 1348
f 3861 1349 1347
f 3853 1347 1343
f 906 898 829
f 905 906 1353
f 865 1356 1355
f 1355 1353 829
f 1357 1355 825
f 1356 1354 1353
f 3834 1337 1338
f 866 1358 1356
f 1358 1359 1354
f 3828 878 1337
f 838 1362 1012
f 1363 1364 1338
f 1368 1363 1339
f 1348 1368 1340
f 1371 1369 3824
f 524 525 526
f 528 529 530
f 1372 1370 1369
f 535 536 537
f 1367 1368 1348
f 1370 1354 1359
f 1369 1359 3833
f 1373 910 903
f 555 556 557
f 1374 909 910
f 1373 904 905
f 1374 1373 1375
f 1375 905 1354
f 1378 920 908
f 376 373 651
f 1388 928 973
f 586 587 588
f 1390 1389 1388
f 1391 1388 969
f 597 598 599
f 600 601 602
f 1392 1391 970
f 608 609 610
f 612 524 523
f 614 615 616
f 617 618 25
f 620 621 622
f 1397 1390 1391
f 1398 1397 1392
f 1400 987 920
f 1402 1403 1165
f 636 637 638
f 930 1404 1402
f 641 642 643
f 929 1402 1169
f 1404 1405 1403
f 1411 1366 1365
f 1412 1406 1415
f 652 653 654
f 609 656 657
f 659 660 661
f 558 663 586
f 665 666 667
f 1413 1411 1406
f 1418 1416 3810
f 1417 1372 1371
f 1416 1371 3829
f 1419 1417 1416
f 1386 909 1374
f 677 678 679
f 1385 1386 1420
f 1420 1374 1376
f 685 686 687
f 1421 1420 1422
f 528 690 691
f 1422 1376 1372
f 1018 1019 747
f 699 700 701
f 1424 578 579
f 3663 1597 1767
f 700 699 711
f 1093 3746 3754
f 717 718 530
f 721 722 723
f 704 1650 3543
f 19 1429 1426
f 1429 1428 1427
f 1658 1659 3542
f 1439 1437 1434
f 1437 1436 1435
f 1426 1427 1433
f 1442 1431 1432
f 742 743 744
f 1432 1433 1441
f 751 752 753
f 1438 1434 1403
f 1446 1445 1444
f 1447 1448 1446
f 3860 1447 1443
f 1415 1367 1445
f 1414 1415 1446
f 2173 1683 469
f 777 778 779
f 780 781 782
f 1676 1693 1806
f 3859 1451 1349
f 789 790 791
f 745 792 793
f 652 794 795
f 1455 1458 1457
f 1454 1367 1350
f 610 691 802
f 3831 3816 698
f 1352 1044 1045
f 1015 1016 1459
f 811 812 813
f 2118 3815 3817
f 819 820 821
f 1466 1463 1194
f 1467 1468 1465
f 1182 1165 1468
f 832 812 833
f 835 836 837
f 1467 1466 1190
f 1469 1470 1444
f 840 700 712
f 1453 1470 1469
f 599 844 845
f 1226 1450 3849
f 851 852 853
f 855 744 856
f 858 859 860
f 861 862 863
f 1014 1226 3855
f 867 676 868
f 870 871 872
f 874 875 876
f 1310 1323 1471
f 1476 1433 1427
f 1461 1476 1475
f 887 888 889
f 788 791 892
f 894 895 896
f 1460 1475 1227
f 901 902 524
f 1465 1478 1477
f 1865 3503 3500
f 911 912 913
f 916 917 918
f 1850 3505 3507
f 921 922 895
f 1479 1435 1436
f 926 664 667
f 1481 562 563
f 269 1483 84
f 931 932 933
f 934 935 614
f 936 685 688
f 938 659 662
f 1484 270 122
f 941 942 835
f 320 321 509
f 1849 3510 3505
f 84 1483 1484
f 1487 1490 1488
f 1757 1758 3502
f 365 1492 1491
f 461 79 80
f 117 363 362
f 1494 540 541
f 926 601 957
f 1477 1441 1433
f 1709 1588 1585
f 119 117 1496
f 271 1497 504
f 511 517 189
f 345 1496 1492
f 57 344 299
f 1501 1499 268
f 267 268 1499
f 974 975 976
f 1678 1652 1693
f 3846 1682 1807
f 557 982 663
f 983 941 984
f 1443 1444 3849
f 421 1500 268
f 989 990 991
f 1490 1487 418
f 279 280 309
f 997 868 676
f 998 26 999
f 1504 418 38
f 1506 1508 1507
f 360 361 1508
f 1506 1486 207
f 939 1005 1006
f 270 1484 1483
f 66 63 546
f 1010 742 793
f 367 428 437
f 244 31 363
f 1670 3532 3534
f 209 206 1510
f 388 389 426
f 427 274 250
f 161 520 521
f 100 246 45
f 1025 1026 608
f 1029 1030 1031
f 939 662 1033
f 41 42 594
f 1036 780 783
f 702 701 1038
f 1040 1041 1042
f 362 32 369
f 187 1520 477
f 70 1487 539
f 1049 600 603
f 613 867 869
f 860 1050 1051
f 1005 1052 1053
f 753 1055 1056
f 1057 1058 1059
f 293 288 1522
f 288 212 1521
f 292 1522 1523
f 331 1507 1508
f 306 452 453
f 100 44 41
f 462 1524 78
f 330 331 1524
f 635 1067 1068
f 1485 1527 1526
f 206 1485 1528
f 1070 1071 1072
f 942 941 1073
f 916 933 1075
f 440 1529 1530
f 157 158 1514
f 1529 162 5
f 371 595 546
f 790 586 663
f 1077 858 857
f 1403 1434 1435
f 1080 1081 1082
f 531 520 1529
f 21 1083 1084
f 272 1532 1531
f 690 712 802
f 335 3571 3567
f 1090 1030 1029
f 1092 795 794
f 1533 396 137
f 661 660 1095
f 69 444 445
f 1099 1100 1101
f 38 39 1536
f 1104 1105 1106
f 852 1107 1108
f 1377 908 909
f 291 377 411
f 316 1536 516
f 539 1488 1533
f 1505 1536 316
f 1110 1111 1112
f 1539 1537 460
f 522 441 1537
f 834 837 1120
f 1122 1123 1124
f 612 1125 1041
f 935 793 615
f 276 278 130
f 1686 3549 3522
f 193 190 1541
f 231 521 1540
f 556 1037 982
f 365 253 85
f 190 532 318
f 1810 765 3574
f 3924 1867 3512
f 1132 983 985
f 208 101 102
f 1134 1033 662
f 1491 518 80
f 429 133 1542
f 1137 1138 915
f 172 436 428
f 1139 1140 1141
f 549 96 54
f 1517 1519 1518
f 834 1119 984
f 1543 513 286
f 1544 797 239
f 133 134 1544
f 506 361 257
f 420 327 328
f 1158 1159 1160
f 587 1104 1103
f 607 1161 1027
f 304 1546 1545
f 364 1491 77
f 69 70 198
f 700 840 1112
f 3877 626 3525
f 1166 719 657
f 1167 1168 858
f 1300 3523 3524
f 1172 1173 1174
f 218 203 200
f 1179 1180 1181
f 372 183 97
f 89 104 227
f 1186 1187 1188
f 172 173 1517
f 1482 84 81
f 1090 1192 1193
f 394 395 353
f 526 525 1198
f 1199 1200 1026
f 606 623 697
f 1204 1205 1206
f 1207 1208 523
f 1209 1210 867
f 914 913 685
f 1478 1436 1441
f 1029 1028 1161
f 1211 1212 1213
f 3858 1453 1451
f 844 1215 1216
f 423 193 273
f 1220 1221 1222
f 22 1223 1224
f 882 898 897
f 1519 1517 173
f 1189 1188 1232
f 349 350 550
f 1071 1235 1236
f 1237 1238 1239
f 1221 1186 1189
f 1510 1528 1512
f 939 1032 1241
f 1556 1530 5
f 1553 1554 394
f 404 1556 67
f 1247 1248 1249
f 142 199 238
f 1251 1067 635
f 850 1252 1253
f 1254 1167 1077
f 57 132 133
f 443 430 552
f 1187 1172 1175
f 1256 1070 831
f 432 405 382
f 741 748 747
f 434 350 351
f 349 432 383
f 251 124 1481
f 395 384 352
f 1518 1519 1550
f 1558 410 378
f 109 263 314
f 285 1514 1513
f 395 394 393
f 202 203 410
f 417 408 405
f 1246 1257 1258
f 3 1559 297
f 1259 1260 1261
f 403 404 347
f 955 954 953
f 462 50 51
f 1096 1095 687
f 429 147 60
f 896 1264 1265
f 1267 721 1268
f 423 424 327
f 37 179 180
f 20 23 1187
f 1256 1168 1071
f 1188 1175 1269
f 1236 1270 1271
f 1272 536 535
f 565 564 463
f 1273 792 745
f 876 1254 1255
f 316 33 164
f 437 1516 503
f 194 1494 1495
f 1275 1276 864
f 624 625 631
f 1277 1274 1137
f 569 568 567
f 1481 124 125
f 324 325 547
f 1279 1108 1107
f 1525 332 329
f 1281 1278 1137
f 171 168 1553
f 1488 73 396
f 1557 1561 1562
f 1282 856 1206
f 1053 1277 1278
f 778 777 607
f 713 583 3566
f 251 225 144
f 4 357 348
f 709 708 707
f 728 48 45
f 261 135 1563
f 789 1286 1287
f 74 314 263
f 403 284 385
f 1178 1181 1240
f 1223 1259 1289
f 1220 20 1186
f 296 1518 354
f 784 459 1538
f 1181 1180 1291
f 1269 1292 1257
f 1566 1538 438
f 136 784 1566
f 1563 1564 169
f 107 114 109
f 1297 1282 1298
f 1464 1477 1476
f 1520 187 507
f 1301 1302 1303
f 1306 1307 1308
f 175 456 1532
f 1532 456 200
f 1311 1266 1312
f 872 1314 1315
f 3836 843 878
f 1305 1308 864
f 1040 1275 863
f 1564 1566 399
f 592 1576 1575
f 591 1575 1088
f 1581 1584 1583
f 1196 1152 1147
f 710 582 583
f 285 407 408
f 953 954 961
f 1594 1592 1589
f 1585 1588 1587
f 1592 1591 1590
f 3885 945 944
f 1600 1599 1598
f 1604 1603 1602
f 1399 1392 979
f 1589 1590 1596
f 1610 1609 1608
f 298 257 361
f 551 552 276
f 1627 1626 3814
f 859 811 818
f 1078 857 1328
f 1555 439 1530
f 572 573 680
f 772 465 776
f 977 1281 918
f 404 403 392
f 1054 1331 750
f 1644 1645 1643
f 932 1265 1082
f 1067 1333 1334
f 1540 1539 264
f 597 1335 643
f 471 761 762
f 1642 696 3831
f 1644 1642 3842
f 923 946 950
f 96 549 548
f 520 531 522
f 445 444 443
f 849 839 848
f 480 759 755
f 1646 760 481
f 311 426 1567
f 464 463 3497
f 3497 1360 1361
f 234 237 236
f 190 193 192
f 153 154 152
f 231 287 286
f 1552 1553 1551
f 760 1646 1648
f 3832 1647 1649
f 828 827 826
f 52 167 166
f 1663 1662 1661
f 287 107 115
f 668 671 670
f 634 645 640
f 553 560 559
f 118 36 33
f 492 484 491
f 3552 1652 1651
f 582 589 584
f 384 395 392
f 1381 1382 1383
f 1562 1561 435
f 952 953 951
f 3529 3566 583
f 1660 1661 1667
f 1394 1395 1396
f 1660 1665 1664
f 1671 1670 1669
f 1624 1625 1673
f 1407 1408 1409
f 1677 1676 1675
f 1613 1679 1677
f 1679 1678 1676
f 1626 1681 3811
f 534 199 198
f 803 733 734
f 400 248 191
f 65 66 143
f 3526 1657 1656
f 402 159 157
f 629 628 627
f 461 477 49
f 758 757 495
f 796 787 786
f 406 407 1513
f 342 343 166
f 1694 1659 1658
f 1692 1687 1694
f 3557 1693 1652
f 3921 1704 1703
f 326 547 302
f 3916 3921 1702
f 3919 3918 1698
f 1699 1691 3927
f 1557 406 1560
f 1127 1116 1117
f 400 401 289
f 1706 1702 1707
f 1707 1702 1599
f 1709 1706 1708
f 1714 1712 1711
f 3919 3915 1709
f 1704 1711 1577
f 1716 1714 1713
f 1559 1562 1549
f 1722 1721 1720
f 1335 597 596
f 410 411 377
f 973 1170 1163
f 168 169 399
f 1571 682 1089
f 1572 681 682
f 749 646 647
f 1730 1724 1723
f 1594 1582 1729
f 1729 1723 1591
f 1384 1378 1377
f 1732 1731 1712
f 1724 1730 1731
f 1722 1724 1732
f 1721 1722 1733
f 1734 1733 1716
f 1735 1737 1736
f 1733 1732 1714
f 1663 1664 1741
f 1742 1665 1740
f 1738 1739 1737
f 1665 1660 1666
f 1665 1742 1744
f 1725 1726 1746
f 1591 1725 1745
f 1590 1745 1747
f 1745 1746 1748
f 1659 1688 3538
f 3287 1760 3545
f 1185 1177 1182
f 1664 1744 1749
f 1741 1749 1739
f 1746 1742 1743
f 1726 1744 1742
f 1115 924 1153
f 1654 3546 3575
f 1896 3562 3549
f 1720 1749 1744
f 1721 1739 1749
f 1750 1718 1701
f 1697 1736 1750
f 1151 1152 1063
f 1751 1752 1670
f 1695 1658 1752
f 961 962 986
f 1770 1769 1768
f 1766 1594 1593
f 1731 1759 1579
f 1579 1777 1774
f 3928 1772 1771
f 1764 1772 3928
f 1777 1776 1775
f 3762 3763 1699
f 1004 1127 1128
f 1774 1775 1771
f 987 1400 1399
f 1578 1774 1772
f 1783 1782 1781
f 1597 1598 1770
f 639 1878 3895
f 3928 3929 1769
f 1793 1792 1789
f 3929 3920 1798
f 3508 3516 3773
f 1802 1867 3924
f 1788 1790 1794
f 1793 1794 1795
f 3773 3772 1675
f 1584 1581 1783
f 1771 1797 3920
f 1801 1799 1798
f 1768 1769 1798
f 1775 1796 1797
f 508 514 515
f 1796 1803 1802
f 1800 1798 3920
f 1794 1805 1804
f 3532 1670 1752
f 485 1808 1807
f 3809 3844 1640
f 3837 3844 1810
f 485 482 1640
f 1690 1691 3770
f 487 488 1648
f 3839 1813 1816
f 3838 1811 1648
f 3839 1812 1811
f 1812 1809 487
f 1641 1809 767
f 465 466 755
f 767 1815 3823
f 3822 1816 3826
f 1809 1812 1815
f 3837 1653 1651
f 675 672 3541
f 1814 1649 1822
f 1821 1822 3821
f 1824 1822 1649
f 1827 1849 1850
f 1668 1669 1662
f 1779 1780 1848
f 1790 1827 1805
f 1833 1836 1853
f 3521 3506 693
f 1614 1615 1616
f 1852 1853 3498
f 1620 1621 1622
f 1855 1765 1574
f 1847 1852 3501
f 1766 1765 1855
f 1629 1630 1631
f 1633 1622 1634
f 1635 1636 1637
f 1848 1833 1852
f 1855 1861 1863
f 1803 1866 1867
f 1862 1863 1831
f 1782 1855 1862
f 3922 3924 1865
f 1873 1872 1870
f 1874 1869 799
f 2045 3878 3897
f 1219 1345 1295
f 1615 1614 1396
f 3884 3895 1877
f 645 3898 3786
f 1345 1219 1035
f 634 639 3884
f 15 1887 1327
f 3910 3895 1878
f 1894 604 605
f 3506 3551 627
f 3560 640 645
f 340 341 454
f 1897 194 195
f 1889 1882 1877
f 1901 94 129
f 196 749 754
f 1705 1704 3921
f 340 378 166
f 1570 1480 563
f 1904 1494 194
f 1781 1862 1832
f 1905 549 55
f 1000 994 995
f 986 919 920
f 1191 1185 1190
f 2094 2077 2075
f 1920 1921 1919
f 453 454 1912
f 1915 1919 1918
f 3882 2112 2106
f 1655 3575 3531
f 1916 1918 1926
f 704 3554 3561
f 278 1916 1925
f 3565 3564 1818
f 1097 949 1115
f 1927 1928 727
f 3578 3579 3654
f 1920 310 307
f 1929 307 48
f 503 504 1497
f 1902 1903 787
f 1816 1821 3820
f 1925 1926 1923
f 1535 1569 1568
f 254 252 258
f 1509 1497 366
f 119 86 35
f 219 288 293
f 141 46 47
f 542 205 244
f 1940 552 430
f 1779 1828 1827
f 1701 1710 3915
f 1661 3550 3515
f 270 53 754
f 197 1947 749
f 1727 1728 1212
f 53 54 232
f 1465 1468 1479
f 1284 3862 3854
f 1951 446 412
f 168 398 1554
f 1486 1485 206
f 506 77 78
f 994 1001 1007
f 951 953 963
f 1013 3859 3861
f 3826 3820 1820
f 1498 1909 1954
f 299 298 543
f 1754 1755 1756
f 1681 469 1683
f 1696 1694 1695
f 13 14 738
f 473 476 475
f 482 1641 768
f 204 62 30
f 1761 1762 820
f 611 1763 1125
f 1501 1503 1908
f 1074 1073 711
f 1960 1944 82
f 120 1956 1960
f 35 86 87
f 1773 1199 1025
f 1965 1545 1569
f 494 761 471
f 1966 1967 1969
f 446 1951 1971
f 174 368 125
f 1580 1579 1578
f 1785 1786 1787
f 1972 1546 304
f 1254 876 875
f 1973 341 342
f 321 1912 1973
f 1910 277 275
f 509 1973 514
f 1486 1507 1527
f 1974 1874 804
f 1977 1976 1974
f 1980 448 1966
f 379 1 2
f 1718 1715 1710
f 884 995 992
f 1680 1684 1678
f 902 990 525
f 344 255 256
f 135 138 137
f 448 446 1967
f 589 605 604
f 910 909 908
f 1981 1966 1968
f 1982 1981 1987
f 1988 1979 1987
f 1990 1988 1989
f 1991 1989 1993
f 322 321 320
f 992 828 830
f 1144 1076 1086
f 1995 1977 1978
f 1133 1129 1118
f 1997 1995 1994
f 870 1823 1335
f 805 806 1982
f 727 184 2000
f 1996 1994 1988
f 1994 1978 1979
f 1829 616 792
f 1830 1073 941
f 798 803 800
f 729 732 731
f 2011 2012 2023
f 1834 1835 846
f 402 283 284
f 2022 2023 2024
f 1838 718 989
f 810 955 952
f 1823 1839 1840
f 1430 1426 1432
f 1215 844 1841
f 1316 1208 873
f 2112 1401 1384
f 1842 1843 1844
f 1159 846 845
f 837 27 1846
f 1971 1951 2030
f 517 369 370
f 1471 2026 2027
f 3551 3525 626
f 2174 2175 770
f 935 934 1854
f 1613 1619 1611
f 1231 1228 1225
f 1856 1857 891
f 1300 1309 748
f 1150 1149 1858
f 1643 606 696
f 1215 1265 1264
f 1320 1860 902
f 1956 1943 1944
f 2031 668 669
f 2034 1325 1310
f 1879 1880 1656
f 40 245 242
f 1992 1993 2039
f 888 958 957
f 1882 1889 1996
f 1078 1138 1255
f 1871 912 1192
f 294 411 218
f 1323 2041 2026
f 123 1960 83
f 1324 2036 2041
f 384 358 359
f 1324 1325 2038
f 1883 1884 1885
f 287 1540 114
f 1096 1886 1134
f 915 1329 931
f 806 1980 1981
f 3533 3529 584
f 1425 2030 2042
f 1018 2042 1948
f 3562 1896 740
f 1948 2042 649
f 1881 1882 1990
f 1900 129 130
f 992 995 994
f 923 927 925
f 3878 2045 2047
f 1643 2048 625
f 2050 2052 2051
f 2045 1405 1404
f 3876 2047 945
f 1139 1080 1079
f 1037 1856 892
f 2055 2053 2057
f 1198 989 718
f 1619 2058 1612
f 2058 1605 1606
f 2059 2060 1607
f 2058 1619 1624
f 71 72 179
f 405 406 1557
f 322 1548 1972
f 2061 2052 2063
f 2066 2065 2067
f 2052 2061 2064
f 1609 1610 2066
f 1515 151 152
f 1009 827 993
f 1644 3843 3815
f 279 1915 1916
f 1285 3863 3862
f 1647 2066 1825
f 2056 2057 2067
f 319 320 1953
f 667 666 1913
f 2070 631 625
f 2052 2050 2055
f 2038 1654 1655
f 1606 1601 2073
f 1235 1917 1270
f 2072 2073 2075
f 2059 1606 2072
f 2074 2075 2077
f 1601 1602 2078
f 2049 2048 1643
f 1000 1004 1001
f 1089 943 684
f 1931 1286 1306
f 1462 1459 1021
f 1932 1933 1934
f 875 874 1846
f 1936 1051 1937
f 44 45 46
f 1534 1955 1956
f 1541 318 317
f 2081 2082 2084
f 146 1945 1959
f 1360 1941 1942
f 985 984 1032
f 1995 1997 1892
f 2079 2080 2082
f 2095 2096 2076
f 2081 2093 2078
f 2055 2050 2054
f 501 2096 2095
f 2097 2100 2099
f 2098 2099 2094
f 2140 2141 3893
f 2141 2046 3894
f 2051 2070 2048
f 592 2102 2101
f 2071 2064 2076
f 2102 2097 2098
f 593 2103 2102
f 1019 1895 746
f 1950 11 12
f 725 2071 2096
f 1385 2105 2104
f 1379 2104 2106
f 2107 2108 2100
f 3908 726 502
f 3896 502 499
f 940 1389 2109
f 928 929 1170
f 3868 590 684
f 1962 1963 1964
f 3878 680 573
f 2039 1993 1968
f 1389 1390 2110
f 1398 2111 2113
f 3757 3755 3753
f 3911 3883 2107
f 949 923 924
f 260 241 324
f 1390 1397 2113
f 2070 2051 2064
f 3867 3911 2103
f 2105 1385 1421
f 2114 1421 1423
f 3892 2114 2115
f 3908 2105 2114
f 554 2116 1902
f 972 1163 967
f 1765 1593 1573
f 1984 1985 1986
f 2053 2117 2069
f 3573 3556 724
f 1625 1677 1674
f 3881 3888 2119
f 3903 2115 2123
f 56 1954 1906
f 626 3877 3879
f 2001 2002 2003
f 3912 3841 2127
f 2006 2007 2008
f 2127 1413 1412
f 2014 2015 2016
f 2018 2019 2020
f 1495 1424 1947
f 1379 1377 1386
f 3814 3811 1680
f 2029 1885 1884
f 3902 2128 2120
f 629 3879 3914
f 682 683 943
f 724 1650 2121
f 1757 1819 3821
f 765 1810 3844
f 3851 714 715
f 706 707 3870
f 981 986 987
f 1457 1868 1656
f 2017 2016 2032
f 1458 1655 1868
f 1776 1777 1792
f 1959 1945 1946
f 3663 3715 3725
f 3913 3881 2122
f 1093 1089 689
f 966 965 968
f 3852 715 3881
f 2172 3577 2170
f 670 2138 2137
f 3761 787 1903
f 1429 19 28
f 964 963 978
f 3841 3813 1413
f 1473 1474 669
f 3834 3833 1359
f 2138 798 1870
f 1872 1473 2137
f 715 716 3888
f 1881 1991 1992
f 3843 3842 739
f 1837 1847 3513
f 253 58 59
f 1808 3837 3840
f 1647 3832 3818
f 3865 3866 671
f 2112 3882 3883
f 1405 2045 2044
f 3829 3824 1364
f 273 1541 391
f 576 632 3520
f 3875 3865 668
f 1430 1431 2140
f 2136 3850 3860
f 1430 2139 18
f 3893 3894 570
f 1442 1439 2046
f 1431 1442 2141
f 3869 3913 3850
f 3808 3823 1817
f 3866 3893 695
f 2142 2025 798
f 571 2143 2142
f 3819 3814 1618
f 2143 2022 2025
f 694 2142 2138
f 681 1572 2144
f 2144 2011 2022
f 328 210 457
f 1572 2010 2011
f 630 3892 3903
f 2085 2086 2087
f 2090 2091 2092
f 572 2144 2143
f 1875 1976 2153
f 1873 1875 2149
f 2103 2107 2097
f 2157 2043 2155
f 2128 1412 1414
f 3874 3871 589
f 3872 3870 628
f 2149 2153 2158
f 2159 2158 3905
f 698 3907 3902
f 3823 3847 3827
f 2158 2156 3874
f 1438 2044 2046
f 2035 2154 2160
f 2161 2160 3889
f 3871 3891 605
f 3873 17 18
f 370 29 61
f 649 1951 413
f 2153 2157 2156
f 1428 1429 1449
f 1490 76 73
f 3890 3905 710
f 2155 1891 3891
f 1456 1457 1880
f 2125 2088 2087
f 2160 2159 3890
f 300 1959 505
f 1064 1062 1046
f 2043 1892 1891
f 2129 2130 2004
f 2131 2132 2133
f 3848 3849 1450
f 1998 1975 804
f 3879 673 3864
f 474 492 490
f 1164 1165 1182
f 707 2162 3909
f 708 1472 2162
f 2162 2161 3886
f 548 549 1905
f 1145 1136 1114
f 705 2121 1650
f 2043 2157 1977
f 737 738 554
f 1034 1195 1191
f 458 1905 1907
f 195 196 232
f 2040 2039 1969
f 2145 2146 2147
f 2054 2050 2049
f 3832 1646 1639
f 9 12 11
f 252 364 506
f 472 478 479
f 1865 3924 3791
f 900 903 910
f 1941 2150 2151
f 1921 1928 1927
f 2163 1897 1898
f 271 156 153
f 1904 1326 12
f 282 263 264
f 1872 1873 2154
f 1326 1904 1897
f 628 692 693
f 1724 1722 1719
f 1549 1562 436
f 1582 1583 1730
f 1921 1920 1929
f 3563 3511 10
f 2152 2037 1950
f 475 772 774
f 769 2172 2171
f 2171 2165 476
f 476 773 772
f 1791 565 464
f 2166 2167 2168
f 595 371 372
f 483 1809 1641
f 762 2174 2173
f 771 483 484
f 486 487 1809
f 297 1549 1517
f 763 2175 2174
f 776 755 759
f 184 185 2176
f 412 447 303
f 2005 2176 185
f 3811 1681 1682
f 2164 2170 756
f 1472 2035 2161
f 950 951 964
f 2177 2178 2179
f 227 226 1510
f 2182 2183 2184
f 2186 2019 2018
f 1985 2182 2181
f 214 736 729
f 865 849 842
f 849 865 1357
f 559 3187 3188
f 16 13 737
f 560 553 498
f 3193 3196 3195
f 3200 3197 3198
f 3211 3214 3213
f 3215 3218 3217
f 2187 2188 2002
f 2169 2168 2189
f 2192 2086 2085
f 2193 2194 2195
f 2198 2199 2200
f 1998 1982 1979
f 3664 3665 3668
f 2116 1898 1903
f 1859 2006 2009
f 3904 2123 2126
f 1135 1148 1087
f 2201 2202 2015
f 1149 111 110
f 3221 3222 3218
f 2203 2204 2205
f 579 580 1895
f 1755 2207 2208
f 3891 3910 1893
f 1211 2151 2150
f 868 997 2210
f 944 945 930
f 2130 2129 2202
f 233 1903 1898
f 665 751 750
f 1167 1254 999
f 2211 2212 2213
f 2215 2216 2217
f 3867 593 590
f 2220 221 220
f 823 824 948
f 3225 3220 3227
f 266 204 455
f 3882 2108 2107
f 2221 2222 3519
f 2223 2224 2225
f 2207 2125 2124
f 673 674 3869
f 817 1000 996
f 2227 2228 2146
f 1947 1948 646
f 3900 2135 17
f 2229 1635 1638
f 1679 1613 1618
f 1637 2231 2232
f 2233 2234 1617
f 2231 2235 2236
f 1381 1638 2238
f 3586 2241 2242
f 1630 2234 2233
f 1681 1626 472
f 1408 1407 2243
f 3236 3239 3238
f 3232 3241 3240
f 1637 2230 2238
f 3237 3238 3233
f 1409 1408 1634
f 1380 1383 2247
f 1628 2248 2245
f 2249 1623 1622
f 1632 1634 1408
f 2248 1628 1631
f 2235 2231 1637
f 3245 3246 3199
f 631 2070 2071
f 515 167 52
f 782 781 2251
f 2253 2254 2255
f 397 281 459
f 1456 2039 2040
f 2040 2041 2036
f 1401 2112 2111
f 2041 2040 1970
f 1535 121 414
f 1586 1587 2080
f 2256 983 1132
f 1700 1699 3918
f 3815 1896 1686
f 1263 2256 1886
f 598 1841 844
f 2257 2258 2259
f 2258 2261 2262
f 2259 2262 2263
f 2260 2259 2216
f 1967 1971 1970
f 2212 1964 1963
f 922 921 2218
f 1312 1098 1101
f 1307 1306 1286
f 1548 1569 1546
f 2266 2267 2268
f 2265 2268 2270
f 2272 2265 2269
f 2273 2266 2265
f 2275 2276 2277
f 2278 2274 2277
f 2284 2285 3617
f 2287 2283 2286
f 2288 2289 2283
f 2290 2284 3639
f 2291 2292 2293
f 2295 2291 2294
f 2296 2297 2291
f 2297 2298 2292
f 2294 2293 2299
f 2279 2294 2300
f 2298 2301 2302
f 2292 2302 2303
f 2293 2303 2304
f 2304 2305 2306
f 2308 2309 2310
f 2302 2307 2310
f 2301 2311 2307
f 2312 2308 2307
f 2313 2314 2315
f 2318 2319 2320
f 3748 3771 2322
f 2324 2325 2273
f 2313 2324 2326
f 2328 2324 2313
f 2329 2325 2324
f 2331 2332 2333
f 2330 2333 2267
f 2325 2330 2266
f 2329 2331 2330
f 2333 2334 2335
f 2336 2334 2333
f 2338 2336 2332
f 2331 2339 2337
f 2329 2340 2339
f 2328 2341 2340
f 2316 2342 2341
f 2342 2316 2315
f 2344 2345 2346
f 2341 2344 2347
f 2342 2348 2344
f 2348 2349 2345
f 2350 2351 2352
f 2339 2350 2353
f 2340 2347 2350
f 2347 2346 2351
f 2337 2353 2354
f 2353 2352 2355
f 2356 2277 2276
f 2356 2357 2358
f 2356 2359 2296
f 2279 2277 2356
f 2360 2361 2270
f 2267 2335 2360
f 2362 2363 2364
f 2362 2365 2361
f 2366 2362 2358
f 2366 2367 2363
f 2357 2276 2368
f 2366 2368 2369
f 2276 2275 2370
f 2368 2370 2282
f 2372 2373 2374
f 2375 2376 2377
f 2378 2379 2380
f 2382 2378 2381
f 2384 2385 2378
f 2385 2386 2379
f 2388 2389 2390
f 2387 2390 2392
f 2393 2394 2387
f 2394 2395 2388
f 2186 2401 2402
f 2403 2404 2327
f 2272 2403 2326
f 2271 2405 2403
f 2405 2406 2404
f 2404 2407 2408
f 2409 2410 2411
f 2409 2412 2271
f 2413 2409 2269
f 2413 2414 2410
f 2417 2415 2416
f 2417 2418 2406
f 2412 2417 2405
f 2411 2415 2417
f 2406 2419 2407
f 3569 3520 632
f 2420 2398 2397
f 2420 2421 2423
f 2424 2420 2422
f 2424 2399 2398
f 2425 2391 2392
f 2421 2425 2426
f 2397 2396 2425
f 2396 2393 2391
f 2427 2314 2408
f 2430 2427 2428
f 2343 2315 2427
f 2432 2343 2430
f 2431 2430 2429
f 2435 2431 2433
f 2436 2432 2431
f 2428 2408 2407
f 2422 2437 2407
f 2438 2437 2422
f 2429 2428 2437
f 2440 2434 2433
f 2441 2439 2433
f 2442 2443 2439
f 2443 2444 2440
f 2445 2446 2444
f 2447 2445 2443
f 2383 2381 2445
f 2381 2380 2446
f 2448 2438 2423
f 2449 2448 2426
f 2441 2448 2449
f 2441 2429 2438
f 2449 2392 2390
f 2450 2390 2389
f 2447 2450 2451
f 2442 2449 2450
f 2451 2389 2453
f 2452 2453 2455
f 2382 2452 2454
f 2383 2451 2452
f 2456 2457 2373
f 2459 2460 2461
f 2463 2464 2465
f 2462 2465 2285
f 2466 2462 2284
f 2467 2463 2462
f 2461 2460 3703
f 2468 2469 2470
f 2472 2468 2471
f 2474 2461 3701
f 2475 2476 2477
f 2458 2455 2453
f 2479 2453 2389
f 2395 2480 2479
f 2480 2459 2458
f 2481 2482 2483
f 2484 113 2485
f 2471 2470 2464
f 2473 2471 2463
f 2487 2467 2466
f 2486 2466 2290
f 2490 2486 2488
f 2491 2487 2486
f 2492 2473 2467
f 2493 2492 2487
f 2494 2495 2492
f 2495 2472 2473
f 3690 2496 2474
f 3691 2497 2496
f 2498 2494 2493
f 2500 2498 2499
f 3700 3687 2498
f 3687 3691 2494
f 2306 2504 2278
f 2305 2505 2504
f 2504 2505 2507
f 2506 2507 2288
f 2274 2506 2508
f 2278 2504 2506
f 3633 3632 2489
f 3620 3633 2488
f 2507 2509 2289
f 2505 2510 2509
f 2508 2288 2287
f 2511 2287 2281
f 2370 2511 2280
f 2275 2508 2511
f 2512 2490 2489
f 2514 2512 2513
f 2517 2512 2514
f 2517 2491 2490
f 2499 2493 2491
f 2499 2517 2516
f 2510 2505 2519
f 2518 2519 2521
f 3616 2518 2520
f 3632 2510 2518
f 2522 2304 2303
f 2523 2522 2310
f 2305 2304 2522
f 2524 2522 2523
f 2519 2524 2525
f 2505 2305 2524
f 2308 2312 2527
f 2526 2527 2529
f 2531 2526 2528
f 2309 2308 2526
f 1214 2532 2151
f 2419 2406 2418
f 2533 2345 2349
f 2534 2533 2317
f 2535 2536 2533
f 2536 2346 2345
f 2537 2351 2346
f 2538 2537 2536
f 2539 2540 2537
f 2540 2352 2351
f 2312 2355 2541
f 2527 2541 2542
f 2543 2435 2434
f 2545 2543 2544
f 2319 2318 2543
f 2318 2436 2435
f 2514 2515 2548
f 2547 2548 2550
f 2552 2547 2549
f 2552 2516 2514
f 2520 2521 2554
f 2553 2554 2556
f 3590 2553 2555
f 3621 2520 2553
f 2523 2309 2531
f 2557 2531 2530
f 2525 2523 2557
f 2559 2557 2558
f 2554 2559 2560
f 2521 2525 2559
f 2561 2375 2007
f 2376 2562 2225
f 2564 2565 2566
f 2563 2566 338
f 2569 2563 2567
f 2570 2564 2563
f 2572 2573 2574
f 2571 2574 2576
f 2544 2571 2575
f 2544 2434 2572
f 2578 2570 2569
f 2579 2577 2569
f 2574 2577 2579
f 2573 2578 2577
f 2581 2582 2583
f 2584 2580 2583
f 3697 3675 2580
f 3676 2581 2580
f 2582 2516 2552
f 2583 2552 2551
f 2500 2501 2589
f 2590 2588 2589
f 3693 3695 2588
f 3695 3700 2500
f 2501 2516 2591
f 2592 2593 2594
f 2386 2385 2503
f 2596 2379 2386
f 2596 2374 2373
f 2599 2596 2597
f 2599 2380 2379
f 2600 2446 2380
f 2600 2599 2598
f 2603 2600 2601
f 2603 2444 2446
f 2604 2603 2602
f 2440 2604 2605
f 2444 2603 2604
f 2606 2582 2581
f 2606 2607 2590
f 2591 2516 2582
f 3676 2587 2456
f 3689 2456 2372
f 2478 2477 2608
f 2609 2610 2611
f 2564 2570 2613
f 2612 2613 2598
f 2457 2612 2597
f 2565 2564 2612
f 2614 2613 2570
f 2615 2614 2578
f 2602 2601 2614
f 2601 2598 2613
f 2572 2434 2605
f 2616 2605 2602
f 2573 2572 2616
f 1459 1016 1045
f 1265 1215 1079
f 1612 1608 1609
f 2067 2057 2069
f 1135 1109 1136
f 1938 1937 2618
f 95 548 458
f 2058 1607 1608
f 1454 1469 1445
f 655 2620 1048
f 722 1049 2621
f 1131 985 1033
f 562 1481 366
f 1723 1719 1725
f 1786 1123 1122
f 267 300 323
f 1325 2034 1654
f 1468 1165 1435
f 658 657 529
f 8 532 247
f 382 1557 1559
f 788 619 1307
f 940 930 929
f 911 2622 2623
f 2621 2620 655
f 2624 1857 2625
f 998 1846 27
f 635 638 2626
f 2627 641 644
f 2628 2627 1840
f 1200 1199 2627
f 1199 1773 641
f 1520 515 49
f 1452 1350 1349
f 2630 2631 1859
f 644 643 1335
f 1197 1198 717
f 2632 717 719
f 2628 2632 1166
f 2629 1197 2632
f 1762 2633 1050
f 1823 870 873
f 2634 2635 794
f 1042 794 2635
f 93 94 1901
f 2036 2038 1458
f 1527 332 1525
f 877 876 1274
f 134 409 797
f 1328 893 931
f 607 777 1091
f 1043 2635 2637
f 2636 2637 2639
f 1275 2636 2638
f 1275 1040 1043
f 1272 2624 2626
f 2640 2626 638
f 1110 2641 2640
f 536 1272 2640
f 1472 708 1474
f 2042 2030 1951
f 1058 1106 1105
f 2642 2623 2643
f 1192 2642 2644
f 912 2623 2642
f 3898 1657 3526
f 1049 1048 2620
f 616 1829 1885
f 1331 1913 666
f 990 989 1198
f 1911 1912 321
f 1298 1282 1205
f 76 1490 1504
f 1502 1500 421
f 610 609 658
f 1146 937 659
f 2646 911 914
f 1280 1239 1238
f 1453 1454 1452
f 835 942 1843
f 1271 1270 1173
f 1893 1878 1826
f 1050 2633 1937
f 2651 2652 814
f 1006 1053 1281
f 2653 1084 2654
f 1001 1004 1003
f 585 997 679
f 2624 1272 621
f 555 678 2028
f 1207 526 1197
f 1626 1627 478
f 426 389 419
f 1030 1193 1773
f 3898 645 634
f 534 1533 138
f 1125 1092 1042
f 333 228 88
f 569 1570 561
f 1489 2656 871
f 1857 2624 620
f 1673 1674 3770
f 622 861 864
f 619 788 891
f 261 544 545
f 393 1555 1556
f 2658 2659 2647
f 1075 2658 2657
f 1081 1080 2658
f 1080 1139 2659
f 2644 2643 1141
f 2660 1141 1140
f 642 2660 1336
f 1193 2644 2660
f 679 678 555
f 1503 1501 1500
f 1318 1317 1101
f 2661 2659 1139
f 2661 1142 2663
f 2662 2647 2659
f 2662 2663 2622
f 2664 2622 911
f 2648 2664 2646
f 2648 2647 2662
f 2083 2094 2093
f 1442 1440 1437
f 519 329 330
f 1885 2029 1209
f 799 800 805
f 1946 1943 1952
f 1302 1301 1253
f 566 2005 224
f 1389 940 928
f 683 682 681
f 836 835 1842
f 2665 1842 1845
f 2666 2665 1303
f 24 836 2665
f 831 1072 2650
f 1845 1844 1304
f 2010 2013 2012
f 1051 1936 2667
f 1522 1521 1511
f 531 440 441
f 1250 635 2625
f 2669 2625 1857
f 783 2669 1856
f 782 1250 2669
f 720 2670 2671
f 1055 1931 1930
f 1333 1067 1251
f 619 622 1308
f 652 655 2619
f 521 522 1539
f 1838 988 537
f 2672 537 536
f 1113 2672 2641
f 1113 527 1838
f 1016 1013 1351
f 3897 573 570
f 226 227 104
f 3564 3669 3827
f 1036 1037 1884
f 2674 1301 1304
f 2673 1304 1844
f 1334 2673 2675
f 1333 2674 2673
f 2676 702 1039
f 1843 2676 2675
f 942 1074 2676
f 1074 699 702
f 752 1057 1055
f 1200 1166 656
f 1120 1846 874
f 2677 874 877
f 1241 2677 1052
f 1119 1120 2677
f 1560 1513 151
f 1208 1316 611
f 215 735 736
f 1460 1459 1462
f 1208 1207 1839
f 854 856 1282
f 72 445 182
f 544 1563 1565
f 217 200 456
f 2047 1404 930
f 1204 2618 1937
f 913 777 686
f 840 527 1113
f 1531 729 730
f 2678 778 1283
f 601 667 1914
f 1537 1538 459
f 1819 1757 3509
f 991 1860 862
f 2679 711 1073
f 2680 1830 983
f 779 2680 2256
f 778 2678 2680
f 2678 2679 1830
f 180 542 245
f 1886 1132 1131
f 1138 1137 1274
f 1841 598 1140
f 75 313 314
f 193 423 420
f 2681 2682 1099
f 170 1567 1565
f 349 416 417
f 1121 1124 2684
f 547 797 409
f 123 122 121
f 2643 2663 1142
f 1542 1544 513
f 899 900 907
f 1210 677 676
f 791 663 982
f 24 27 837
f 893 896 932
f 1860 1320 863
f 535 538 862
f 1569 1548 1547
f 181 455 542
f 660 659 937
f 2013 567 568
f 887 890 2631
f 1524 1508 361
f 520 161 162
f 2653 855 854
f 1238 1237 2655
f 718 1838 527
f 1492 1493 518
f 792 616 615
f 599 846 1835
f 290 457 456
f 312 171 1552
f 1248 2687 1179
f 153 149 177
f 1240 1181 1222
f 1257 1292 1235
f 1291 1084 1083
f 1052 877 1277
f 743 742 2618
f 444 140 430
f 23 1224 1172
f 2687 2654 1180
f 102 103 409
f 1283 607 610
f 373 497 650
f 1180 2654 1084
f 855 2653 2655
f 1173 1270 1917
f 2689 850 853
f 2688 853 1108
f 2686 2688 1279
f 2687 2689 2688
f 2691 1302 1252
f 2690 1252 850
f 1248 2690 2689
f 1248 1247 2691
f 2692 617 24
f 2691 2692 2666
f 1247 1258 2692
f 1258 1168 617
f 394 1554 1555
f 2693 1260 1259
f 1072 1236 1262
f 1257 1071 1168
f 398 439 1555
f 871 1784 1314
f 1178 1232 1249
f 1224 1289 1173
f 1010 2617 2618
f 1175 1174 1292
f 2654 2687 2686
f 2694 1157 1216
f 71 418 1487
f 701 1112 1111
f 1072 1261 2649
f 1085 2695 22
f 895 2694 1264
f 1601 1606 1605
f 1259 1262 1271
f 21 20 1220
f 988 991 538
f 598 597 1336
f 1050 860 818
f 1298 2645 1761
f 1168 1167 618
f 858 1168 1256
f 39 242 516
f 2652 1761 819
f 313 316 315
f 2026 1970 1971
f 2656 1489 596
f 814 819 818
f 2696 2651 813
f 1260 2696 2649
f 2693 2697 2696
f 2697 1296 2651
f 381 355 390
f 3818 3819 1611
f 1475 1427 1428
f 1292 1174 1917
f 1551 353 354
f 1526 1525 1523
f 1593 1589 1595
f 1232 1269 1246
f 2695 2693 1223
f 2698 1297 1296
f 2698 2697 2693
f 2685 2698 2695
f 2685 854 1297
f 562 1497 271
f 2652 2651 1296
f 1365 1366 1364
f 1958 1946 1953
f 585 588 2210
f 1561 1560 1515
f 975 2648 1146
f 347 67 68
f 1038 1111 636
f 2700 781 780
f 2699 780 1036
f 2701 2699 1883
f 851 2700 2699
f 2674 1333 2251
f 2702 2251 781
f 1253 2702 2700
f 1301 2674 2702
f 1519 387 388
f 1273 1239 1280
f 2703 1280 1107
f 2701 2703 852
f 1829 1273 2703
f 91 260 326
f 1784 871 2656
f 2683 2684 2705
f 604 1894 3499
f 1669 3534 3548
f 2062 2063 2060
f 621 535 861
f 2023 731 732
f 686 779 1263
f 857 1051 2668
f 883 830 882
f 637 636 1111
f 2668 894 893
f 2667 921 894
f 1039 1038 1068
f 313 75 1504
f 1911 1972 305
f 1936 2706 1964
f 2707 2402 2401
f 2708 2707 2183
f 738 2163 2116
f 2349 2348 2432
f 2711 2712 2020
f 2400 2711 2019
f 2714 2715 2716
f 2717 2718 2719
f 2721 2722 2723
f 2726 2727 2728
f 2725 2728 2730
f 2731 2725 2729
f 2732 2726 2725
f 2734 2735 2736
f 2738 2739 2740
f 2737 2740 2741
f 2744 2745 2746
f 2745 2744 2748
f 2749 2750 2747
f 2753 2749 2751
f 2250 1380 2246
f 2754 1396 1614
f 3598 2754 2755
f 3608 2745 2747
f 1617 2756 2755
f 2242 2758 1620
f 2191 2085 2760
f 2761 2759 2760
f 3648 2759 2761
f 3623 2191 2759
f 3209 3248 3223
f 1395 1394 2236
f 1395 2235 1636
f 1616 1635 2229
f 1617 2234 2763
f 2756 2763 3628
f 2765 2763 2234
f 2766 2764 3628
f 3202 3199 3246
f 1516 437 435
f 2768 2769 3552
f 1495 541 578
f 2135 2136 28
f 3526 3540 2773
f 1690 1689 3926
f 2778 2779 2780
f 2777 2780 2781
f 2784 2778 2777
f 3555 3521 575
f 1494 1904 9
f 3529 2016 2015
f 451 61 505
f 2786 2787 2788
f 2779 2786 2785
f 2789 2752 2741
f 2790 2753 2752
f 2792 2793 2794
f 2793 2795 2796
f 2796 2797 2750
f 2794 2796 2749
f 2798 1393 1396
f 3591 2798 2754
f 2798 2799 2800
f 3591 3662 2799
f 2797 2796 2795
f 2791 2794 2753
f 216 233 232
f 3804 2806 2807
f 3805 2809 2804
f 2769 2810 3557
f 183 185 184
f 2811 2812 2775
f 2804 2811 2776
f 2809 2813 2811
f 2812 2811 2813
f 3805 2808 2816
f 3796 2818 2815
f 3798 3800 2820
f 3793 2823 2819
f 2824 2736 2735
f 2823 2825 2824
f 2825 2823 2826
f 3793 2822 2827
f 3796 2817 2826
f 2713 2716 2829
f 2828 2829 2831
f 2822 2821 2828
f 2821 2820 2713
f 2832 2827 2822
f 2833 2832 2830
f 2834 2835 2832
f 2835 2818 2827
f 2837 2838 2839
f 2836 2839 2841
f 2842 2836 2840
f 2843 2837 2836
f 2840 2841 2845
f 2718 2844 2845
f 2730 2728 2844
f 2727 2840 2844
f 2846 2845 2841
f 2829 2846 2847
f 2847 2841 2839
f 2848 2839 2838
f 2833 2848 2849
f 2831 2847 2848
f 2850 2814 2851
f 2853 2850 2852
f 2783 2777 2782
f 2785 2788 2853
f 2780 2785 2856
f 2857 2858 2855
f 2859 2857 2782
f 2861 2843 2842
f 2860 2842 2727
f 2862 2860 2726
f 2863 2861 2860
f 2861 2863 2858
f 2843 2861 2857
f 2856 2853 2854
f 2781 2856 2864
f 2837 2843 2859
f 2838 2837 2864
f 2852 2851 2834
f 2854 2852 2849
f 2865 2815 2818
f 2851 2865 2835
f 2813 2809 2815
f 2814 2813 2865
f 2866 2812 2814
f 2788 2866 2850
f 2866 2788 2787
f 2812 2866 2867
f 1892 1889 1890
f 2720 2719 2846
f 298 299 256
f 2872 2714 2713
f 3794 3800 2735
f 2729 2730 2874
f 2846 2716 2715
f 2876 2877 2878
f 2733 2875 2878
f 3806 3807 2879
f 3806 2880 2872
f 2882 2883 2884
f 2881 2884 2715
f 2880 2881 2714
f 2879 2882 2881
f 2885 2886 2887
f 2888 2889 2890
f 2885 2890 2892
f 2893 2886 2885
f 1942 2151 2532
f 2895 2892 2720
f 2884 2895 2870
f 2883 2896 2895
f 2896 2891 2892
f 2889 2874 2717
f 2890 2717 2720
f 2897 2893 2891
f 2898 2897 2896
f 2899 2898 2883
f 2900 2899 2882
f 3797 2900 2879
f 2876 2902 2901
f 2901 2902 2904
f 1785 2656 1835
f 2905 2906 2899
f 2907 2908 2897
f 3797 2901 2903
f 632 576 577
f 3532 3547 2867
f 434 385 550
f 2768 2770 3640
f 2910 2911 1623
f 2241 2912 2758
f 3640 2770 2913
f 1623 2911 2757
f 3587 2242 2757
f 2229 1381 1380
f 2765 1630 1629
f 2915 2914 1629
f 3642 3641 2914
f 3641 3622 2765
f 2919 2916 3642
f 2918 2915 2912
f 3614 2918 2241
f 3618 2919 3613
f 3541 2177 2180
f 3521 2002 2188
f 3705 3573 714
f 2925 2766 2917
f 2924 2917 2916
f 3610 2924 2919
f 3611 2925 2924
f 2926 2927 2766
f 3658 2926 2925
f 1715 1713 1705
f 785 497 498
f 1387 651 565
f 374 375 1899
f 3573 2203 2206
f 2929 2930 2886
f 2932 2933 2934
f 1905 1906 1908
f 2930 2935 2936
f 2938 2935 2930
f 1493 369 517
f 1603 1585 1586
f 2939 2938 2929
f 2940 2939 2908
f 3665 1707 1600
f 2886 2930 2937
f 2906 2907 2898
f 2908 2929 2893
f 2942 2934 2933
f 2941 2933 2937
f 3501 2941 2936
f 3498 2942 2941
f 2943 2944 2710
f 2943 2873 2874
f 2945 2943 2889
f 2946 2944 2943
f 2932 2945 2888
f 2931 2946 2945
f 727 1928 1929
f 2903 2904 2947
f 545 594 42
f 1480 1570 533
f 2907 2906 2949
f 2906 2905 2950
f 1558 452 215
f 3799 2903 2948
f 2054 1645 1644
f 3705 3684 2203
f 1828 1837 1849
f 2953 2954 2955
f 2952 2955 2957
f 2956 2261 2258
f 2953 2952 2258
f 2454 2455 2474
f 3747 2958 2959
f 3747 2132 2131
f 2961 2962 2963
f 2958 2963 2964
f 222 221 2485
f 2477 2226 2966
f 2631 2561 2006
f 2384 2454 2496
f 2967 2968 2959
f 2968 2967 2970
f 3759 2033 2971
f 3784 2971 2960
f 2972 2971 2033
f 2007 2377 2973
f 3560 3559 2134
f 1836 1833 1832
f 3506 2188 2090
f 955 810 959
f 672 675 674
f 633 710 713
f 2024 732 733
f 2025 2024 803
f 425 1552 1550
f 2975 2976 888
f 1319 1158 1157
f 1212 1935 2977
f 889 957 2228
f 1978 1974 1975
f 1138 1078 1329
f 751 665 2979
f 1619 1613 1625
f 2252 2255 1728
f 1157 1160 845
f 2706 1936 1938
f 2980 2255 2254
f 2982 2975 887
f 802 712 711
f 678 677 2029
f 527 840 690
f 1839 1207 2629
f 2983 2984 602
f 2983 1914 1913
f 2985 2983 1331
f 2986 2984 2983
f 2987 2637 2635
f 2985 2988 2639
f 2990 1319 1318
f 2991 2992 2993
f 2995 2991 2994
f 1106 1058 2991
f 1058 1057 2992
f 1415 1406 1365
f 1317 922 2217
f 1932 1728 2255
f 926 2998 2999
f 3001 2993 2992
f 3000 2992 1057
f 2999 3000 2978
f 2998 3001 3000
f 3002 2998 2209
f 3002 3003 2996
f 2993 3001 3002
f 1103 1106 2995
f 3004 2995 2996
f 2209 2210 3004
f 588 1103 3004
f 295 296 433
f 2638 2639 2988
f 3005 2988 1056
f 1305 3005 1930
f 1276 2638 3005
f 1987 1968 1993
f 2633 1762 1761
f 1423 1422 1417
f 3561 3517 739
f 2671 2670 2704
f 1473 1872 2035
f 922 1317 2694
f 1401 1400 1378
f 556 2028 1884
f 842 848 3825
f 1854 2706 2617
f 933 1082 1081
f 1440 1441 1436
f 529 657 719
f 1031 1025 1027
f 777 913 912
f 2645 1205 1204
f 441 438 1538
f 790 1287 587
f 2065 2066 1610
f 1860 991 990
f 60 106 87
f 1424 1017 1948
f 332 1527 1507
f 261 262 138
f 187 188 449
f 1719 1720 1726
f 1931 1055 1059
f 3006 1059 1105
f 1287 3006 1104
f 1286 1931 3006
f 3007 3008 3009
f 3009 3008 653
f 618 999 26
f 2029 677 1210
f 957 601 600
f 1049 2146 2228
f 2631 890 3011
f 890 889 2227
f 3011 2227 2145
f 2561 3011 3012
f 1026 656 609
f 2706 1854 1961
f 3013 2965 2485
f 2148 2147 1267
f 3015 1267 1266
f 2997 2264 1101
f 642 641 1773
f 186 477 461
f 1041 1040 1320
f 1121 3016 3017
f 2984 2986 2987
f 3018 2987 2634
f 1048 603 3018
f 603 602 2984
f 2679 2678 801
f 2062 2072 2074
f 2061 2074 2076
f 414 303 1545
f 3016 1121 2683
f 3019 2683 2704
f 3020 3019 2670
f 3007 3016 3019
f 1871 1090 1091
f 3021 1787 1122
f 3022 3021 3017
f 1314 3021 3022
f 1784 1787 3021
f 1316 1315 1763
f 3023 3022 3010
f 3023 3009 795
f 1763 3023 1092
f 1315 3022 3023
f 3016 3007 3010
f 752 751 2978
f 2986 2639 2637
f 3024 654 653
f 3020 3024 3008
f 720 723 3024
f 723 2621 654
f 2681 1098 1268
f 2671 3025 1268
f 2705 2681 3025
f 1313 3026 3027
f 3026 3028 3029
f 3027 3029 3030
f 1311 3027 3031
f 2012 568 731
f 917 2657 974
f 743 1206 856
f 1888 2027 2030
f 2682 2705 2684
f 3032 2684 1124
f 1100 3032 2989
f 1099 2682 3032
f 1123 2990 2989
f 3033 1834 1159
f 2990 3033 1158
f 1123 1786 3033
f 1786 1785 1834
f 1054 1056 2988
f 2979 665 664
f 2623 2622 2663
f 1095 660 688
f 3034 3035 2261
f 3036 3034 2956
f 3037 3038 3034
f 3038 3039 3035
f 3040 3041 3026
f 2263 3042 3041
f 3042 3039 3043
f 3041 3043 3028
f 3044 3045 3043
f 3046 3047 3045
f 3047 3048 3049
f 3043 3045 3049
f 3038 3037 3051
f 3050 3051 3053
f 3052 3046 3044
f 3039 3038 3050
f 3054 3035 3039
f 3042 2263 2262
f 2261 3035 3054
f 2216 2263 2997
f 2212 2211 2667
f 3056 868 2209
f 934 3057 1961
f 2013 3755 3757
f 3058 3059 3060
f 3059 3062 3063
f 3060 3063 2213
f 3061 3060 1963
f 3063 3064 2214
f 3062 3065 3064
f 3065 2257 2260
f 3064 2260 2215
f 3066 3067 3031
f 2608 2966 3067
f 2966 2562 3068
f 3031 3067 3068
f 2455 2458 2461
f 2476 2223 2226
f 3551 2090 2089
f 3526 2774 3769
f 433 354 355
f 2115 1423 1419
f 3509 2868 2922
f 3769 3737 2131
f 3069 2611 2167
f 2971 2972 2928
f 2961 2774 2773
f 3070 2475 2478
f 2610 2609 3071
f 2502 2371 2374
f 3072 2592 2595
f 2964 3046 3052
f 3048 2593 3074
f 2593 2592 3075
f 3075 3030 3029
f 3074 3029 3028
f 3072 3076 3075
f 3076 3072 2482
f 2481 2608 3066
f 3076 3066 3030
f 2967 3052 3053
f 2482 3072 3073
f 479 480 493
f 706 3900 3873
f 3561 2194 2221
f 2013 2010 3754
f 3533 2032 2016
f 3562 3519 2222
f 1171 1154 1155
f 2586 2566 2565
f 2982 110 113
f 2562 2376 3077
f 2376 2375 3012
f 3012 2145 2148
f 3077 2148 3015
f 2963 3047 3046
f 3051 3078 2970
f 1683 2173 491
f 3850 2122 1447
f 1986 2181 3734
f 3079 3080 2546
f 3081 3079 2575
f 1983 1986 3768
f 3082 2323 2319
f 3080 3082 2545
f 3734 3732 3082
f 3732 3748 2323
f 1309 1471 1888
f 3073 2595 2772
f 2760 3083 3084
f 2760 2085 2088
f 3085 3084 3086
f 3089 3085 3090
f 3089 2762 3084
f 3092 3088 3090
f 3093 2748 2744
f 2751 2747 2748
f 3093 2741 2752
f 2742 2741 3093
f 3094 3093 2743
f 3096 3097 3098
f 3099 3096 3087
f 3097 3094 3095
f 3100 2743 2746
f 3101 2927 3102
f 2764 2766 2927
f 2745 2764 3101
f 3102 3092 3091
f 3100 3091 3095
f 2869 2802 3592
f 3102 3103 3104
f 3658 2868 2869
f 2927 2926 3103
f 3098 3095 3091
f 3087 3098 3090
f 2088 2125 3105
f 3083 3105 3086
f 2483 3073 2771
f 2401 2186 2185
f 3099 3086 3105
f 2125 2207 3106
f 3108 2737 2742
f 3107 2742 3094
f 3110 3108 3107
f 3109 3107 3097
f 3111 3109 3096
f 3112 3110 3109
f 3113 2738 2737
f 3115 2723 2722
f 3117 3115 3114
f 3119 3117 3116
f 3118 3116 3120
f 3116 3114 3113
f 3122 3112 3111
f 3122 3123 1755
f 3124 3125 3126
f 3125 3118 3121
f 3128 3119 3118
f 3129 3128 3125
f 2020 2712 3128
f 3853 3857 1346
f 1065 1046 1047
f 1814 3838 3830
f 2021 2020 3129
f 3111 3099 3106
f 3123 3106 2207
f 2377 2225 2224
f 3014 2485 113
f 1756 2208 3782
f 3131 3132 2530
f 3133 3131 2528
f 1753 1756 3767
f 3134 3124 3127
f 2327 2408 2314
f 2436 2318 2317
f 2018 2021 3711
f 2534 3136 3137
f 2320 2322 3136
f 2185 2018 3712
f 3138 3139 2542
f 3134 3135 3744
f 3785 3130 3134
f 3140 3138 2539
f 2535 3137 3140
f 3711 2021 3130
f 2558 2530 3132
f 3782 3760 3141
f 2560 2558 3141
f 3760 3777 3142
f 958 888 2976
f 1933 1932 2980
f 2399 2424 2418
f 2348 2342 2343
f 2322 2320 2319
f 2718 2717 2874
f 2709 2729 2873
f 2894 2871 1361
f 346 289 176
f 1876 1877 1882
f 2802 2803 3607
f 3104 3144 3088
f 2974 2222 3649
f 3089 3145 2761
f 3088 3144 3145
f 2803 2974 3603
f 3870 3909 692
f 2123 1419 1418
f 1365 1363 1368
f 1581 1766 1782
f 3569 2202 2129
f 3555 2003 2002
f 3146 2585 2551
f 3751 3146 3147
f 3742 3149 3146
f 3149 2584 2585
f 3196 3198 3197
f 3604 2192 2191
f 3142 3150 2556
f 3777 3778 3150
f 3646 3152 2550
f 3150 3151 2555
f 3778 3780 3151
f 3788 3781 3152
f 3153 3147 2551
f 3152 3153 2549
f 3781 3776 3153
f 3776 3750 3147
f 3148 2767 2206
f 2183 2401 2321
f 2132 2960 2928
f 3684 3685 2204
f 3719 2198 2197
f 2594 2962 2773
f 2595 2594 2951
f 1870 798 799
f 3713 2179 2178
f 3706 2178 3736
f 336 3154 3774
f 339 3155 3154
f 3789 3683 3149
f 3683 3697 2584
f 2963 2962 3048
f 3722 3730 337
f 339 338 2566
f 3156 3157 2168
f 2610 3156 2167
f 2954 2953 3156
f 3157 3156 2953
f 3707 2166 2169
f 2567 3158 3159
f 337 3158 2567
f 3730 3069 2166
f 3764 2190 1983
f 2579 3160 3081
f 2568 3159 3160
f 3709 2169 2190
f 3065 3062 3162
f 3161 3162 1984
f 3157 3161 2189
f 2257 3065 3161
f 734 735 1922
f 3059 3058 2708
f 3163 2708 2182
f 3162 3163 1985
f 3062 3059 3163
f 3203 3206 3205
f 2122 2119 1448
f 3817 1686 1685
f 139 140 444
f 1570 569 566
f 2957 3164 3165
f 2955 3166 3164
f 1912 454 341
f 3130 3129 3124
f 1548 322 319
f 1949 1950 1327
f 2969 2970 3078
f 3167 3078 3169
f 3724 2014 2017
f 3720 2017 2033
f 3168 3169 3165
f 3170 3165 3164
f 3779 3170 3171
f 3724 3168 3170
f 3171 3164 3166
f 3172 3166 3071
f 3752 3172 3173
f 3756 3171 3172
f 3169 3037 3036
f 2593 3048 2962
f 3173 3071 2609
f 3174 2609 2199
f 3783 3174 2198
f 3749 3173 3174
f 2190 2189 1984
f 2196 2195 2767
f 2119 2120 1414
f 1464 1463 1466
f 2199 2611 3069
f 2457 2456 2587
f 2226 2225 2562
f 481 478 1627
f 333 1512 235
f 3078 3051 3037
f 3040 2264 2997
f 2219 1934 1933
f 2385 2384 2497
f 221 2220 3175
f 2220 1933 3143
f 3175 3143 2976
f 2484 3175 2975
f 2954 3071 3166
f 2630 1858 110
f 1547 319 1952
f 2091 2090 2188
f 3733 3736 2178
f 1918 1919 1927
f 3563 112 111
f 955 956 960
f 2037 3014 112
f 3143 2980 2981
f 2218 2211 2214
f 672 3877 3787
f 2152 3013 3014
f 1147 1144 1143
f 2248 2246 1409
f 1615 1636 1635
f 1410 1409 2246
f 3241 3243 3242
f 1382 3176 3177
f 3177 1410 2247
f 2247 1383 3177
f 3176 2238 2230
f 1410 3177 3179
f 3179 3180 2243
f 1633 3181 2800
f 1621 1620 2758
f 1622 1621 2245
f 2236 1394 3181
f 2237 2236 3182
f 2250 1631 2233
f 2912 1629 1628
f 135 136 1564
f 1567 419 512
f 1085 1084 2653
f 3184 869 868
f 869 3184 3057
f 1266 1268 1098
f 1267 2147 722
f 937 1146 2646
f 2146 1049 722
f 2211 2218 921
f 1957 510 507
f 1313 1312 2264
f 1496 362 1493
f 2887 2937 2933
f 1687 1688 1659
f 145 1499 1498
f 37 38 418
f 1935 1934 3185
f 104 89 301
f 2101 2098 2083
f 543 298 360
f 1934 2219 3186
f 234 1521 212
f 3845 3821 1822
f 1976 1875 1874
f 223 3186 2219
f 3655 3656 3605
f 2165 2164 467
f 467 468 2165
f 773 476 2165
f 1935 1212 1728
f 3240 3225 3226
f 3261 3249 3250
f 3215 3216 3244
f 3265 3221 3215
f 3267 3245 3198
f 3205 3206 3269
f 3214 3211 3265
f 3271 3213 3214
f 3251 3252 3239
f 3222 3221 3266
f 3232 3235 3234
f 3216 3242 3243
f 3196 3193 3268
f 3244 3243 3254
f 3238 3239 3247
f 3264 3244 3255
f 3253 3242 3216
f 3211 3266 3221
f 3257 3217 3218
f 3258 3222 3272
f 3274 3275 3280
f 3228 3229 3262
f 3275 3231 3281
f 3226 3227 3273
f 3236 3263 3260
f 3281 3263 3236
f 3287 3271 3192
f 3235 3226 3280
f 3234 3280 3281
f 3288 3290 3259
f 3260 3250 3276
f 3289 3212 3278
f 3210 3209 3224
f 3199 3202 3201
f 3228 3231 3230
f 3290 3288 3285
f 3282 3279 3271
f 3260 3263 3262
f 3243 3241 3268
f 3267 3268 3241
f 3194 3207 3208
f 3191 3270 3269
f 3270 3191 3192
f 3275 3274 3230
f 3264 3269 3270
f 3252 3251 3276
f 3248 3252 3291
f 3213 3271 3279
f 3272 3266 3289
f 3277 3278 3212
f 3228 3263 3281
f 3220 3225 3253
f 3219 3253 3217
f 3256 3218 3222
f 3247 3239 3252
f 3245 3267 3232
f 3266 3211 3212
f 3208 3205 3255
f 3288 3289 3284
f 3204 3205 3208
f 560 1899 3187
f 3209 3210 3201
f 3189 3192 3191
f 448 1980 807
f 647 648 122
f 1833 1848 1780
f 510 509 508
f 3210 1949 1887
f 1887 15 3200
f 15 16 3197
f 16 3188 3195
f 3195 3188 3187
f 3194 3187 1899
f 3207 1899 375
f 387 173 126
f 3189 1791 1760
f 3577 763 757
f 763 3577 2172
f 3583 3582 3580
f 3581 3580 3579
f 3594 3597 3596
f 3400 3601 3602
f 3626 3624 3625
f 3631 3635 3599
f 3636 3637 3595
f 3647 3584 3588
f 3650 3582 3584
f 3653 3579 3580
f 3653 2176 3654
f 1801 1864 3656
f 3651 3580 3582
f 3644 3638 3595
f 1767 1768 3659
f 1597 3663 3661
f 1708 1707 3665
f 3671 3668 3667
f 3666 3667 3673
f 1588 1708 3664
f 2080 3671 3666
f 2082 3666 3672
f 3674 3677 3635
f 3677 3678 3636
f 3682 3647 3645
f 3692 3651 3650
f 3681 3645 3644
f 786 3694 3692
f 3694 3653 3651
f 785 3692 3686
f 497 3686 3682
f 650 3682 3681
f 3696 564 3681
f 3405 3606 3605
f 3702 3699 3678
f 3699 3698 3679
f 3645 3588 3638
f 1799 3657 3659
f 3708 3704 3458
f 3462 3710 3708
f 3714 463 564
f 3615 3606 3602
f 3710 3714 3696
f 3635 3636 3596
f 3629 3626 3627
f 3597 3600 3599
f 3630 3716 3715
f 3627 3625 3597
f 3717 3716 3723
f 3715 3663 3660
f 3716 3717 3725
f 3668 3665 3661
f 3668 3725 3717
f 3667 3717 3718
f 3727 3728 3673
f 3728 1576 3672
f 3726 3727 3718
f 1576 2101 2084
f 3727 3726 3731
f 3203 376 1387
f 3190 1387 1791
f 3283 2152 1949
f 317 240 259
f 2000 2176 3653
f 3601 3599 3600
f 3589 3588 3584
f 3577 758 756
f 3585 3584 3582
f 3678 3679 3637
f 3204 375 376
f 1801 3655 3657
f 3729 3735 3728
f 1575 3735 3738
f 3735 1575 1576
f 1776 1795 1796
f 1293 1294 1290
f 1326 14 1327
f 1294 1245 1234
f 878 1244 1330
f 497 373 374
f 122 648 413
f 3699 3702 3704
f 3606 3405 3401
f 3708 3710 3698
f 3464 3714 3710
f 3704 3674 3443
f 439 398 399
f 1512 1528 1526
f 1668 1741 1738
f 839 849 1362
f 1362 1357 826
f 3843 740 1896
f 2053 2054 2118
f 3888 3887 2120
f 696 697 3816
f 1826 1878 639
f 3740 3739 3729
f 956 885 886
f 1980 806 1922
f 33 34 105
f 1343 1344 3856
f 3907 2127 2128
f 1766 1581 1582
f 14 1326 2163
f 595 98 99
f 3233 3238 3246
f 1346 1035 1044
f 748 1888 1425
f 3193 3208 3254
f 3190 3191 3206
f 3612 3605 3606
f 3624 3612 3615
f 3631 3415 3443
f 3679 3680 3644
f 3686 3650 3647
f 3702 3677 3674
f 3625 3615 3600
f 3601 3400 3415
f 3739 3738 3735
f 3630 3627 3594
f 3741 3723 3716
f 1284 1290 1288
f 3698 3696 3680
f 1778 1781 1780
f 1792 1759 1584
f 695 570 571
f 3638 3741 3594
f 3741 3638 3588
f 3247 3248 3209
f 3292 3293 3294
f 3296 3297 3298
f 3299 3298 3300
f 3302 3303 3304
f 3306 3307 3308
f 3307 3310 3311
f 3303 3302 3301
f 3312 3305 3304
f 3314 3315 3316
f 3318 3319 3320
f 3324 3318 3321
f 3326 3327 3328
f 3329 3330 3331
f 3333 3334 3335
f 3337 3338 3339
f 3333 3336 3341
f 3342 3341 3343
f 3319 3345 3344
f 3338 3335 3334
f 3346 3301 3302
f 3305 3348 3347
f 3312 3224 3223
f 3350 3337 3340
f 3312 3349 3348
f 3352 3343 3341
f 3311 3353 3354
f 3341 3336 3327
f 3359 3360 3361
f 3360 3359 3250
f 3318 3363 3345
f 3364 3363 3318
f 3314 3364 3324
f 3366 3299 3301
f 3299 3366 3367
f 3308 3354 3368
f 3369 3317 3295
f 3317 3369 3364
f 3370 3295 3317
f 3325 3371 3365
f 3352 3320 3319
f 3296 3367 3353
f 3297 3296 3311
f 3363 3368 3354
f 3345 3354 3353
f 3344 3353 3367
f 3366 3333 3342
f 3347 3339 3334
f 3339 3347 3348
f 3348 3349 3351
f 3363 3364 3369
f 3294 3309 3368
f 3293 3306 3309
f 3331 3373 3374
f 3346 3334 3333
f 3323 3322 3352
f 3356 3355 3321
f 3355 3357 3325
f 3357 3358 3371
f 3322 3356 3320
f 3361 3330 3329
f 3373 3372 3375
f 3374 3375 3376
f 3329 3332 3376
f 3327 3375 3372
f 3336 3335 3375
f 3335 3338 3376
f 3376 3338 3337
f 3337 3350 3359
f 3359 3350 3276
f 3377 3292 3295
f 3277 3316 3315
f 3371 3378 3379
f 3378 3371 3358
f 3365 3379 3315
f 3316 3277 3279
f 3282 3377 3370
f 3313 3283 3224
f 3378 3285 3284
f 3380 3286 3285
f 3379 3284 3278
f 3276 3350 3351
f 3291 3351 3349
f 3313 3304 2965
f 2965 3304 3303
f 222 3303 3300
f 223 3300 3298
f 3298 3297 3185
f 3297 3310 2977
f 3310 3307 1213
f 3307 3306 1214
f 2532 1214 3306
f 2894 2532 3293
f 2871 2894 3292
f 3253 3225 3240
f 3283 3313 3013
f 1997 1996 1889
f 1237 745 744
f 1535 1534 120
f 1531 1532 201
f 1119 1241 1032
f 946 948 824
f 163 8 5
f 3589 3726 3723
f 1155 1156 1162
f 427 213 327
f 553 1902 796
f 3381 2232 2231
f 3381 3178 2230
f 2237 3183 3180
f 3383 3384 3385
f 3384 3386 3387
f 3386 3388 3389
f 3388 3390 3391
f 3392 3393 3394
f 3395 3394 3396
f 3398 3399 3397
f 3400 3401 3399
f 3403 3404 3405
f 3406 3407 3404
f 3408 3409 3407
f 3410 3411 3409
f 3412 3413 3411
f 3415 3400 3398
f 3414 3398 3396
f 3416 3396 3394
f 3417 3394 3393
f 3393 3419 3420
f 3419 3390 3421
f 3390 3388 3422
f 3388 3386 3423
f 3386 3384 3424
f 3384 3383 3425
f 3425 3383 3426
f 2904 3427 3428
f 3429 3427 2904
f 3430 3429 2902
f 2875 3431 3430
f 3432 3433 2733
f 2825 3434 3435
f 3437 3438 3439
f 3441 3437 3436
f 2724 2723 3434
f 3436 3439 3115
f 3440 3436 3117
f 3443 3415 3414
f 3442 3414 3416
f 3444 3416 3417
f 3445 3417 3418
f 3446 3418 3420
f 3420 3421 3448
f 3421 3422 3449
f 3422 3423 3450
f 3423 3424 3451
f 3424 3425 3452
f 3425 3184 3056
f 3451 3452 2253
f 3450 3451 2252
f 3449 3450 1727
f 3448 3449 2150
f 3453 3447 3448
f 3454 3446 3447
f 3455 3445 3446
f 3456 3444 3445
f 3442 3444 3456
f 3443 3442 3457
f 3459 3460 3458
f 3457 3456 3455
f 3459 3455 3454
f 3462 3460 3459
f 3461 3454 3453
f 3464 3462 3461
f 3463 3453 1941
f 3404 3399 3401
f 3407 3397 3399
f 3409 3395 3397
f 3411 3392 3395
f 3465 3466 3413
f 3467 3468 3469
f 3465 3412 3431
f 3470 3467 3466
f 3438 3470 3432
f 3467 3470 3438
f 3468 3467 3437
f 3471 3469 3468
f 3472 3468 3441
f 3473 3441 3440
f 2712 3440 3119
f 3475 3471 3472
f 3474 3472 3473
f 3476 3473 2712
f 3477 3476 2711
f 3478 3474 3476
f 3479 3475 3474
f 3392 3411 3413
f 3466 3469 3480
f 3419 3393 3392
f 3390 3419 3480
f 3469 3471 3391
f 3389 3391 3471
f 3387 3389 3475
f 3385 3387 3479
f 3482 3477 2400
f 3483 3478 3477
f 3481 3479 3478
f 3484 3482 2402
f 3058 3484 2707
f 3061 3485 3484
f 3485 3483 3482
f 3382 3385 3481
f 3486 3481 3483
f 3426 3383 3382
f 3487 3382 3486
f 3486 3485 3061
f 1961 3057 3487
f 3057 3184 3426
f 3428 3403 3402
f 3427 3406 3403
f 3429 3408 3406
f 3430 3410 3408
f 3431 3412 3410
f 3470 3465 3433
f 3434 3439 3438
f 2723 3115 3439
f 2875 2733 3433
f 2736 2824 3435
f 2947 3428 3488
f 3464 3463 1360
f 1900 1925 1924
f 1736 1717 1718
f 1955 1952 1943
f 1671 1738 1735
f 1696 1750 1698
f 1800 1865 1864
f 2063 2055 2056
f 1737 1734 1717
f 1751 1735 1697
f 943 3885 3899
f 3656 3488 3402
f 1577 1578 1764
f 3917 1598 1599
f 1945 146 82
f 68 6 7
f 147 1542 1543
f 1109 1135 1133
f 1503 1910 1907
f 1499 1501 1909
f 452 1922 735
f 1824 2068 3835
f 1825 2067 2068
f 1463 1462 1022
f 841 1012 1009
f 1568 1547 1955
f 1910 1503 1502
f 1939 1502 422
f 309 280 1940
f 1804 1851 1866
f 269 1482 1954
f 2065 1607 2060
f 3812 1685 1758
f 280 276 552
f 1875 1873 1869
f 1739 1721 1734
f 1778 1779 1790
f 310 1920 1915
f 1909 1908 1906
f 1789 1783 1778
f 978 981 980
f 1584 1759 1731
f 425 426 311
f 148 1543 115
f 2044 3897 3894
f 277 1910 1939
f 1943 1946 1945
f 1461 1462 1463
f 2253 3452 3056
f 2981 2254 3489
f 2209 2998 3489
f 2254 2253 3055
f 2998 926 958
f 2826 2817 2721
f 3490 2739 2721
f 2816 3491 3490
f 2334 2297 2296
f 2298 2297 2334
f 2301 2298 2336
f 2311 2301 2338
f 2312 2311 2354
f 2359 2358 2361
f 2335 2296 2359
f 2414 2413 2365
f 2413 2270 2361
f 2355 2352 2540
f 2541 2540 2539
f 2722 2721 2739
f 3114 2722 2738
f 3110 3112 3121
f 3108 3110 3120
f 3122 1754 3127
f 3112 3122 3126
f 3127 1754 1753
f 3139 3133 2529
f 3744 3775 3133
f 3490 2789 2740
f 3491 2790 2789
f 228 229 91
f 245 244 243
f 248 7 247
f 2 297 296
f 145 146 300
f 327 213 210
f 329 332 331
f 239 241 240
f 373 376 375
f 178 177 176
f 1218 1225 1228
f 3862 1231 1295
f 808 809 824
f 3858 3859 1013
f 3813 3810 1411
f 2154 2149 2159
f 3845 3835 1758
f 306 807 1922
f 2157 2153 1976
f 708 709 2031
f 1450 1226 1227
f 1672 1604 1605
f 1813 1814 1821
f 1717 1716 1715
f 176 159 402
f 1710 1705 3916
f 1712 1580 1577
f 1705 1713 1711
f 971 978 979
f 822 823 1094
f 2909 2810 2793
f 2810 2769 2795
f 2799 2910 2249
f 3662 3643 2910
f 2769 2768 2801
f 3177 3176 3178
f 3178 3381 3180
f 3181 1394 1393
f 3181 1633 1632
f 3182 1632 2244
f 3183 2244 2243
f 3492 2791 2790
f 2808 3492 3491
f 2239 3574 3572
f 1149 1150 3571
f 1150 2009 3567
f 2202 3569 3566
f 2921 3564 3565
f 3568 3560 2133
f 1777 1579 1759
f 1201 1196 1183
f 3561 3554 2195
f 3553 3576 2770
f 3927 3925 1687
f 1516 152 154
f 3549 3562 2974
f 3550 3548 2779
f 2771 2772 3575
f 3070 2771 3546
f 3547 3544 2775
f 1376 1375 1370
f 2767 3543 3556
f 2195 3554 3543
f 2775 3544 3542
f 3377 3282 3545
f 3804 3802 3539
f 2776 3542 3538
f 2240 3572 3535
f 2920 3535 3669
f 3548 3534 2786
f 1805 1850 1851
f 3534 3532 2787
f 2951 2773 3540
f 2772 2951 3531
f 2973 2224 3530
f 2224 2223 3537
f 1957 1953 320
f 306 305 304
f 2770 3576 3528
f 2913 3528 3574
f 2923 3565 3527
f 308 1940 431
f 207 208 132
f 1879 1876 1881
f 3733 3787 3525
f 2475 3070 3558
f 2476 2475 3524
f 2223 2476 3523
f 3522 3549 2803
f 2037 3563 11
f 1959 1958 450
f 2003 3555 3520
f 9 10 334
f 2009 2008 3518
f 2008 2973 3536
f 3877 672 673
f 3515 3550 2778
f 2935 3514 3513
f 111 1149 3570
f 3510 3514 2935
f 683 3876 3885
f 3508 3557 2810
f 736 733 732
f 1795 1804 1803
f 3505 3510 2938
f 3507 3505 2939
f 2950 3512 3504
f 2940 2949 3504
f 3801 3791 3512
f 2868 3509 3502
f 2869 3502 3522
f 1024 1034 1023
f 3500 3503 2948
f 551 1939 442
f 2972 3499 3568
f 2032 3533 3499
f 216 93 1924
f 203 202 201
f 1828 1848 1847
f 1958 1957 449
f 272 271 178
f 2871 3545 3495
f 3619 3669 3564
f 2801 2768 3643
f 2005 3758 3654
f 960 886 899
f 3657 3655 3612
f 3780 3788 3646
f 3151 3646 3593
f 2193 3604 3623
f 3607 3603 3145
f 3603 3649 2761
f 3592 3607 3144
f 2926 3658 3634
f 3634 3592 3104
f 3755 3754 3746
f 566 567 3758
f 3488 3656 1864
f 1602 1586 2079
f 2868 3658 3611
f 2922 3611 3610
f 2923 3610 3618
f 3670 3613 2918
f 3619 3670 3614
f 2921 3618 3670
f 2920 3614 3586
f 3613 3642 2915
f 2917 2766 3622
f 2916 2917 3641
f 2239 3587 3652
f 2911 3640 3652
f 3643 3640 2911
f 2797 2801 3662
f 2797 3591 3598
f 3622 3628 2763
f 3608 3628 2764
f 2194 3623 3648
f 2221 3648 3649
f 2756 3608 3609
f 2750 3598 3609
f 3669 3535 1817
f 3763 3770 1691
f 2515 3621 3590
f 2548 3590 3593
f 2513 2489 3632
f 2513 3616 3621
f 2509 3633 3620
f 2510 3632 3633
f 2289 3620 3639
f 2283 3639 3617
f 2240 3586 3587
f 3659 3657 3624
f 716 2121 3887
f 727 1999 3761
f 2165 2171 2170
f 3660 3659 3626
f 3743 3581 3578
f 2175 2172 769
f 2100 500 2095
f 3758 567 3757
f 640 3560 3568
f 1653 3576 3553
f 1895 3536 3530
f 746 3530 3537
f 1653 1810 3528
f 3762 1603 1604
f 2093 2075 2073
f 959 996 995
f 962 899 919
f 1400 1401 1398
f 1000 817 1127
f 956 959 884
f 1662 3548 3550
f 2034 3558 3546
f 3926 1689 3539
f 3535 3572 766
f 3572 3574 765
f 334 3570 3571
f 1868 3531 3540
f 1684 1651 1652
f 1682 1683 775
f 1585 1603 3762
f 3763 3762 1672
f 2173 2174 490
f 1658 3544 3547
f 3556 3543 1650
f 1571 3754 2010
f 1587 3664 3671
f 2099 2095 2077
f 787 3761 1999
f 2000 3694 786
f 3155 339 3697
f 3713 3155 3683
f 2180 2179 3685
f 3496 2180 3684
f 1684 3846 3840
f 1760 464 3495
f 2607 3689 3693
f 2581 3676 3689
f 2371 2502 3700
f 2371 3695 3693
f 2587 3676 3675
f 2586 3675 3697
f 2497 3691 3687
f 2502 2503 3687
f 2494 3691 3690
f 3690 3688 2472
f 3688 3701 2468
f 3701 3703 2469
f 726 3908 3892
f 581 3567 3518
f 10 3511 3570
f 1837 3514 3510
f 741 3537 3523
f 1299 3524 3558
f 1851 3507 3504
f 3527 3565 1820
f 580 3518 3536
f 1758 1685 3522
f 1693 3557 3508
f 3504 3512 1867
f 1894 1826 3568
f 2126 1418 3813
f 3906 2126 3841
f 2113 3911 3867
f 2179 3713 3789
f 624 3903 3904
f 2192 3604 3788
f 2177 3541 3787
f 1364 3824 3833
f 3858 3855 1470
f 3135 1753 3775
f 2069 3812 3835
f 1351 3861 3853
f 2108 3882 3901
f 2089 2092 3736
f 3828 3834 1358
f 2001 3749 3783
f 2187 3783 3719
f 2130 3756 3752
f 2004 3752 3749
f 2014 3724 3779
f 2201 3779 3756
f 3167 3720 3759
f 3168 3724 3720
f 3159 3709 3764
f 3160 3764 3765
f 3730 3707 3158
f 3158 3707 3709
f 2200 3069 3730
f 3685 3789 3742
f 3722 3774 2197
f 3790 3736 2092
f 3774 3790 3721
f 3154 3706 3790
f 3155 3713 3706
f 2091 3719 3721
f 2196 3148 3750
f 2193 2196 3776
f 3604 2193 3781
f 2086 2192 3780
f 2087 2086 3778
f 2204 3742 3751
f 2205 3751 3750
f 3909 3886 574
f 2124 2087 3777
f 2208 2124 3760
f 3711 3785 3140
f 3785 3745 3138
f 3745 3744 3139
f 3771 3712 3136
f 3712 3711 3137
f 3775 3767 3131
f 3767 3782 3132
f 1813 3839 3838
f 1293 3854 3856
f 2184 2321 3748
f 2181 2184 3732
f 3765 3768 3079
f 3768 3734 3080
f 709 3873 3875
f 2774 2961 3737
f 3786 3769 2134
f 3809 3808 766
f 2968 3784 3766
f 2969 3759 3784
f 2958 3747 3737
f 2132 3747 3766
f 2321 2185 3771
f 3860 3848 1449
f 3905 3874 582
f 3886 3889 577
f 3847 3826 1818
f 705 3902 3887
f 3816 3912 3907
f 2111 3883 3911
f 3810 3829 1366
f 1812 3839 3822
f 675 3851 3852
f 3496 3705 3851
f 2110 3867 3868
f 2104 3896 3901
f 2109 3868 3899
f 3842 3831 703
f 1680 3811 3846
f 1639 1627 3819
f 623 3904 3906
f 2139 2140 3866
f 1808 1640 3844
f 3820 3821 1819
f 3872 3914 3900
f 1646 3832 3830
f 3889 3890 633
f 2139 3865 3875
f 2156 2155 3871
f 674 3852 3913
f 2117 3817 3812
f 1815 3822 3847
f 3855 3849 1444
f 697 3906 3912
f 866 842 3836
f 3864 3869 2136
f 3585 3731 3726
f 3583 3740 3731
f 3753 3746 3738
f 3740 3583 3581
f 1088 3738 3746
f 3739 3740 3743
f 2791 3492 3493
f 3492 2808 2807
f 2792 3493 3494
f 3493 2807 2806
f 3508 2909 3494
f 3516 3494 2806
f 2948 3503 3791
f 2105 3908 3896
f 3538 3802 3804
f 680 3878 3876
f 1891 1890 3910
f 2905 3799 3801
f 2900 3797 3799
f 2901 3797 3807
f 2734 2878 3806
f 2877 3807 3806
f 2820 3800 3794
f 2818 3796 3792
f 2823 3793 3792
f 2822 3793 3798
f 2819 2735 3800
f 2817 3796 3795
f 2809 3805 3795
f 2808 3805 3803
f 2805 3804 3803
f 1702 3921 3923
f 3922 3920 1797
f 3915 3916 1706
f 3918 3927 1692
f 1657 3898 3880
f 1890 1877 3895
f 3772 3770 1674
f 1689 1690 3772
f 3926 3802 3538
f 3516 3539 1689
f 3917 3923 1703
f 1598 3917 3928
f 3880 3884 1876
f 1691 1690 3925
f 3925 3926 1688
