v 0.059627 -0.010071 -0.048170
v 0.063554 -0.011073 -0.047269
v 0.064270 -0.009544 -0.047164
v 0.060057 -0.008612 -0.047922
v 0.072313 -0.008615 -0.057639
v 0.071671 -0.005186 -0.054361
v 0.071113 -0.002069 -0.054230
v 0.071320 -0.002534 -0.056945
v 0.026043 -0.046163 -0.110437
v 0.011542 -0.046071 -0.114933
v 0.011397 -0.058282 -0.112166
v 0.024735 -0.060021 -0.106514
v 0.043084 -0.083207 -0.086982
v 0.038126 -0.075219 -0.092542
v 0.036764 -0.088171 -0.096518
v 0.045011 -0.090827 -0.086451
v 0.038536 0.048096 0.040260
v 0.045594 0.047032 0.034535
v 0.044709 0.040937 0.037905
v -0.060155 -0.009655 -0.049795
v -0.064052 -0.010679 -0.048944
v -0.064714 -0.009276 -0.048870
v -0.060296 -0.008211 -0.049575
v -0.072542 -0.008348 -0.059706
v -0.071635 -0.004980 -0.056345
v -0.071267 -0.001932 -0.056135
v -0.071558 -0.002252 -0.058849
v 0.037727 0.041374 0.042230
v 0.091674 0.013472 -0.068268
v 0.091504 0.010889 -0.069645
v 0.091553 0.009489 -0.067878
v 0.091563 0.011813 -0.066866
v 0.087324 -0.005331 -0.066825
v 0.087384 0.002301 -0.068342
v 0.088820 0.004823 -0.068708
v 0.088611 0.002801 -0.068258
v 0.086614 -0.015804 -0.064086
v 0.085666 -0.015083 -0.063554
v 0.087583 -0.010491 -0.065189
v 0.088356 -0.010836 -0.066057
v 0.071221 -0.035392 -0.041197
v 0.073927 -0.033607 -0.043024
v 0.074468 -0.035429 -0.044106
v 0.069806 -0.036825 -0.042509
v 0.066899 -0.035367 -0.043341
v 0.071752 -0.036181 -0.047271
v 0.071071 -0.032931 -0.048187
v 0.067206 -0.032833 -0.044938
v 0.087097 0.023327 -0.053094
v 0.087288 0.020136 -0.052863
v 0.085672 0.019470 -0.050343
v 0.085473 0.022773 -0.050315
v 0.072003 -0.009623 -0.063839
v 0.069932 -0.016108 -0.061530
v 0.075756 -0.010922 -0.063859
v 0.076257 -0.008230 -0.064377
v 0.085208 0.012561 -0.060717
v 0.086043 0.013663 -0.064200
v 0.086208 0.011589 -0.065472
v 0.085278 0.009929 -0.062918
v 0.087635 0.015439 -0.069195
v 0.087738 0.012571 -0.070632
v 0.069809 -0.026323 -0.039075
v 0.068995 -0.022582 -0.038302
v 0.069769 -0.021027 -0.039553
v 0.070292 -0.022076 -0.040745
v 0.070550 -0.008840 -0.054596
v 0.072000 -0.004686 -0.052817
v 0.082630 -0.026417 -0.058655
v 0.082381 -0.024498 -0.057934
v 0.084392 -0.020353 -0.061508
v 0.084666 -0.021632 -0.062274
v 0.079644 -0.021797 -0.056218
v 0.081903 -0.019269 -0.059796
v 0.083059 -0.018574 -0.061504
v 0.081755 -0.020756 -0.059554
v 0.088164 0.015948 -0.059602
v 0.085978 0.017958 -0.055234
v 0.086627 0.018021 -0.055600
v 0.088450 0.015809 -0.060616
v 0.078886 0.003629 -0.063810
v 0.077857 0.008526 -0.061971
v 0.076488 0.008039 -0.062103
v 0.077613 0.003774 -0.063714
v 0.088243 0.012505 -0.066961
v 0.088528 0.009824 -0.068061
v 0.086668 0.008996 -0.067066
v 0.074522 0.010652 -0.050075
v 0.074575 0.011343 -0.050880
v 0.075192 0.009668 -0.051320
v 0.074619 0.008462 -0.050074
v 0.074285 -0.036733 -0.047327
v 0.067091 -0.024348 -0.055009
v 0.068983 -0.023504 -0.056269
v 0.071779 -0.019617 -0.059304
v 0.070536 -0.018491 -0.059545
v 0.066937 -0.033573 -0.039560
v 0.069820 -0.033462 -0.039163
v 0.070732 -0.034834 -0.040299
v 0.067619 -0.035331 -0.040615
v 0.077794 0.014789 -0.050856
v 0.080364 0.014159 -0.053183
v 0.078549 0.013173 -0.052472
v 0.076670 0.013543 -0.050669
v 0.086020 0.000396 -0.066885
v 0.085339 0.007183 -0.064783
v 0.084894 -0.008984 -0.061481
v 0.085337 -0.008908 -0.064540
v 0.084347 -0.012966 -0.063384
v -0.028737 -0.046301 -0.110511
v -0.014266 -0.046114 -0.114955
v -0.014173 -0.058368 -0.112203
v -0.027540 -0.060208 -0.106589
v 0.084258 -0.013034 -0.060379
v 0.084814 -0.000809 -0.061382
v 0.085467 -0.000718 -0.064839
v 0.089105 0.008540 -0.066414
v 0.088835 0.002478 -0.066919
v 0.089011 0.009013 -0.067184
v 0.075456 0.011844 -0.060002
v 0.075362 0.014954 -0.064138
v 0.074461 0.008571 -0.065763
v 0.075458 0.009545 -0.061515
v 0.070523 -0.017063 -0.039945
v 0.071949 -0.014907 -0.041063
v 0.070895 -0.017200 -0.042566
v 0.070273 -0.019304 -0.042344
v 0.072485 -0.021582 -0.058080
v 0.069859 -0.024609 -0.055510
v 0.070467 -0.025089 -0.054845
v 0.073220 -0.023413 -0.056549
v 0.082947 0.015507 -0.055175
v 0.082819 0.009952 -0.055911
v 0.081143 0.009861 -0.054525
v 0.076054 -0.020383 -0.047685
v 0.076692 -0.019015 -0.049675
v 0.077911 -0.022195 -0.051548
v 0.077004 -0.024288 -0.049862
v 0.078739 -0.032952 -0.052784
v 0.076424 -0.032846 -0.053132
v 0.074030 -0.034949 -0.050071
v 0.076564 -0.035482 -0.049883
v 0.070075 -0.020416 -0.041417
v 0.070024 -0.019653 -0.039804
v 0.081178 0.003921 -0.065529
v 0.080156 0.009962 -0.063487
v 0.084423 0.008219 -0.060763
v 0.084526 0.005817 -0.062276
v 0.073347 -0.004363 -0.045575
v 0.070713 -0.003687 -0.046668
v 0.070510 -0.004372 -0.046866
v 0.073744 -0.005978 -0.045462
v 0.073862 -0.004268 -0.044054
v 0.074294 -0.005819 -0.043961
v 0.074004 -0.006173 -0.042446
v 0.073632 -0.005255 -0.042350
v 0.069969 -0.003334 -0.047620
v 0.070105 -0.003622 -0.047107
v 0.070607 -0.003187 -0.047494
v 0.074630 -0.001137 -0.058639
v 0.076041 -0.009003 -0.061066
v 0.073762 -0.008699 -0.059876
v 0.070904 -0.001220 -0.058143
v 0.086153 -0.007725 -0.066215
v 0.081855 0.018943 -0.046179
v 0.079992 0.020827 -0.046223
v 0.082602 0.024589 -0.050845
v 0.071474 -0.017354 -0.052045
v 0.073792 -0.016764 -0.048948
v 0.071991 -0.016930 -0.047398
v 0.070592 -0.018052 -0.050398
v 0.069895 -0.012860 -0.045219
v 0.067944 -0.016337 -0.044399
v 0.072328 -0.014423 -0.043966
v 0.073926 0.001380 -0.043701
v 0.072274 -0.002296 -0.046874
v 0.073137 -0.003249 -0.045247
v 0.073532 -0.002972 -0.043792
v 0.086668 -0.016510 -0.065134
v 0.088470 -0.011374 -0.067499
v 0.086680 -0.011290 -0.068545
v 0.084946 -0.016792 -0.066217
v 0.067520 -0.029954 -0.037927
v 0.065179 -0.032541 -0.040771
v 0.067364 -0.026728 -0.036794
v 0.091113 0.020044 -0.062608
v 0.087024 0.022544 -0.063106
v 0.087290 0.020600 -0.065528
v 0.091411 0.018095 -0.064810
v 0.069971 0.002895 -0.052830
v 0.070352 0.000820 -0.052555
v 0.070858 0.002390 -0.050819
v 0.070562 0.004206 -0.050815
v 0.049904 -0.032204 -0.093724
v 0.058011 -0.032272 -0.074916
v 0.061835 -0.018419 -0.083399
v 0.054897 -0.018659 -0.099331
v 0.079612 -0.030400 -0.052469
v 0.078372 -0.032628 -0.049791
v 0.075103 0.009064 -0.042496
v 0.074276 0.011111 -0.041506
v 0.075568 0.016408 -0.042962
v 0.076418 0.013037 -0.042749
v 0.088194 0.004270 -0.071632
v 0.091229 0.003461 -0.070362
v 0.077273 0.015364 -0.048998
v 0.081563 0.018937 -0.051915
v 0.079158 0.016472 -0.051100
v 0.077017 0.015102 -0.049529
v 0.076126 0.006895 -0.047507
v 0.076987 0.008232 -0.047080
v 0.075549 0.009147 -0.047336
v 0.074397 0.007738 -0.047452
v 0.074163 0.015794 -0.040357
v 0.075925 0.020580 -0.043501
v 0.065881 -0.025157 -0.054458
v 0.076903 0.007905 -0.045005
v 0.077826 0.010510 -0.044486
v 0.078247 0.009727 -0.046831
v -0.046116 -0.083582 -0.086892
v -0.041081 -0.075561 -0.092490
v -0.039636 -0.088527 -0.096632
v -0.048029 -0.091237 -0.086477
v 0.068397 -0.021626 -0.036192
v 0.069371 -0.019969 -0.038195
v 0.076176 0.013894 -0.049521
v 0.075455 0.012812 -0.049558
v 0.073792 0.009255 -0.049275
v 0.074092 0.006761 -0.050470
v 0.081001 -0.000079 -0.057540
v 0.082678 -0.008476 -0.059474
v 0.065528 -0.017908 -0.069672
v 0.062662 -0.031901 -0.055045
v 0.074396 0.009563 -0.047392
v 0.074213 0.009893 -0.047693
v 0.073100 0.009001 -0.048422
v 0.073349 0.008492 -0.047579
v 0.077002 -0.034169 -0.047284
v 0.079655 0.006324 -0.054882
v 0.076155 0.004701 -0.053055
v 0.076729 0.006916 -0.052087
v 0.088550 -0.005779 -0.066122
v 0.089597 0.002536 -0.066971
v 0.091053 0.003035 -0.068491
v 0.089870 -0.005979 -0.067392
v 0.065585 -0.033766 -0.041614
v 0.070278 0.000059 -0.053543
v 0.071669 -0.001760 -0.052751
v 0.070993 0.005653 -0.050831
v 0.071916 0.007452 -0.049225
v 0.069759 -0.017009 -0.037851
v 0.087473 0.016511 -0.064140
v 0.087879 0.014621 -0.065570
v 0.085817 0.015250 -0.062828
v 0.085446 0.016460 -0.061222
v 0.084534 0.017655 -0.057416
v 0.085018 0.019127 -0.057000
v 0.086812 0.017988 -0.062012
v 0.074893 0.005458 -0.051929
v 0.075835 0.007434 -0.050981
v 0.075135 -0.021645 -0.046134
v 0.075757 -0.027801 -0.047195
v 0.083002 -0.016422 -0.061149
v 0.082637 -0.015692 -0.058301
v 0.083997 -0.005366 -0.069276
v 0.083866 0.003976 -0.069982
v 0.082238 0.003882 -0.067704
v 0.082585 -0.004881 -0.067847
v 0.076414 -0.002444 -0.064331
v 0.073496 -0.001613 -0.064864
v 0.073176 -0.004133 -0.041842
v 0.072454 -0.000464 -0.040041
v 0.070927 0.005074 -0.051218
v 0.071369 0.006613 -0.049064
v 0.076984 -0.019017 -0.060514
v 0.072971 -0.026546 -0.053326
v 0.077146 -0.021434 -0.058878
v 0.068701 -0.027100 -0.051265
v 0.068434 -0.028246 -0.049008
v 0.071152 -0.028330 -0.050606
v 0.079699 -0.019849 -0.055383
v 0.081482 -0.018637 -0.058143
v 0.069123 -0.003567 -0.048401
v 0.067730 -0.005166 -0.049600
v 0.068770 -0.004091 -0.047751
v 0.083808 -0.000672 -0.058950
v 0.084296 -0.008675 -0.059746
v 0.077234 0.010364 -0.047266
v 0.074706 0.000279 -0.048931
v 0.075987 0.003640 -0.046551
v 0.080550 0.013846 -0.046717
v 0.078909 0.012087 -0.047446
v 0.078350 0.011231 -0.047262
v 0.079400 0.011690 -0.046517
v 0.062219 -0.013884 -0.047761
v 0.065850 -0.015347 -0.046510
v 0.067334 -0.012049 -0.046340
v 0.084058 0.019457 -0.055827
v 0.084441 0.017397 -0.056999
v 0.081508 0.010622 -0.065355
v 0.075556 0.011573 -0.052024
v 0.076416 0.009888 -0.052795
v 0.077773 0.023285 -0.058863
v 0.077307 0.021289 -0.055484
v 0.077562 0.021425 -0.054221
v 0.078040 0.025467 -0.054289
v 0.067767 -0.031170 -0.045912
v 0.070617 -0.030826 -0.048566
v 0.070360 -0.029470 -0.049020
v 0.068092 -0.029683 -0.047124
v 0.071314 -0.017158 -0.046682
v 0.070285 -0.018349 -0.049401
v 0.084497 -0.015004 -0.063745
v 0.083685 -0.015891 -0.062766
v 0.085079 -0.011928 -0.064827
v 0.086281 -0.010704 -0.065518
v 0.071230 0.003554 -0.054433
v 0.069954 0.002429 -0.055000
v 0.077873 0.015398 -0.056304
v 0.080200 0.017774 -0.057780
v 0.079100 0.020687 -0.054137
v 0.077349 0.018530 -0.054017
v 0.082840 0.011373 -0.067852
v 0.076273 0.008527 -0.052529
v 0.076956 0.008722 -0.053595
v 0.075789 0.008994 -0.052035
v 0.073628 0.006812 -0.047682
v 0.075443 0.005572 -0.047931
v 0.079891 0.013843 -0.048082
v 0.083888 0.017341 -0.051344
v 0.082977 0.017120 -0.050985
v 0.079194 0.014457 -0.048482
v 0.074385 0.011471 -0.048731
v 0.012857 -0.033979 -0.121260
v 0.014631 -0.023684 -0.128563
v -0.038090 0.047756 0.039281
v -0.045338 0.046703 0.033718
v -0.044418 0.040538 0.036908
v -0.037297 0.041033 0.041223
v 0.077572 0.021058 -0.046391
v 0.078849 0.022888 -0.050548
v 0.079766 0.023801 -0.050797
v 0.078148 0.021955 -0.047434
v 0.085405 0.015185 -0.060555
v 0.089134 0.011405 -0.065996
v 0.072732 -0.002877 -0.050915
v 0.069642 -0.006034 -0.050902
v 0.059833 -0.007369 -0.049670
v 0.060184 -0.006075 -0.049811
v 0.060876 -0.006609 -0.050982
v 0.060356 -0.008240 -0.051023
v 0.062469 -0.012561 -0.051371
v 0.065148 -0.013661 -0.050339
v 0.064369 -0.015638 -0.048824
v 0.061478 -0.015011 -0.050851
v 0.058954 -0.010833 -0.050090
v 0.059428 -0.009096 -0.049761
v 0.060199 -0.010043 -0.051176
v 0.059832 -0.012053 -0.051475
v 0.083535 0.019064 -0.053535
v 0.085273 0.018963 -0.055144
v 0.089853 0.010746 -0.065281
v 0.089859 0.008628 -0.066407
v 0.088485 0.015186 -0.063098
v 0.088862 0.013485 -0.064511
v 0.072516 -0.012241 -0.040810
v 0.073531 -0.012008 -0.042764
v 0.073081 -0.013687 -0.042748
v 0.091104 0.014192 -0.065370
v 0.091604 0.015800 -0.066683
v 0.070282 -0.029860 -0.038809
v 0.069018 -0.031264 -0.038116
v 0.043721 -0.100821 -0.023813
v 0.052971 -0.095536 -0.035337
v 0.052471 -0.105431 -0.035142
v 0.043490 -0.110691 -0.024305
v 0.080370 0.016169 -0.045086
v 0.079140 0.018680 -0.044587
v 0.059112 -0.012211 -0.048569
v 0.059045 -0.013430 -0.050586
v 0.061551 -0.015126 -0.049177
v 0.064655 -0.007878 -0.047203
v 0.060408 -0.007148 -0.047918
v 0.062767 -0.010807 -0.051305
v 0.064388 -0.005649 -0.050460
v 0.064833 -0.004543 -0.048806
v 0.067242 -0.018907 -0.045629
v 0.068846 -0.019170 -0.048102
v 0.070397 -0.019309 -0.044590
v 0.059443 -0.013835 -0.051344
v 0.070971 0.004626 -0.052235
v 0.065978 -0.009725 -0.051057
v 0.069102 -0.012247 -0.052793
v 0.068693 -0.014434 -0.051911
v 0.065684 -0.011721 -0.050998
v 0.078220 -0.022718 -0.053332
v 0.078572 -0.020819 -0.053198
v 0.072681 -0.016544 -0.053848
v 0.075687 -0.016498 -0.051799
v 0.072270 -0.000000 -0.051234
v 0.073972 0.003094 -0.049421
v 0.069425 -0.003404 -0.048120
v 0.066835 -0.007450 -0.050723
v 0.069133 -0.009646 -0.052661
v 0.064911 -0.006349 -0.047404
v 0.068826 -0.006433 -0.046892
v 0.068644 -0.005339 -0.047143
v 0.064858 -0.005311 -0.047702
v 0.079312 0.009882 -0.053953
v 0.077759 0.016290 -0.043634
v 0.079202 0.013374 -0.044567
v 0.078394 0.027582 -0.070809
v 0.076112 0.019451 -0.075505
v 0.076851 0.020155 -0.062690
v 0.062768 -0.008839 -0.051074
v 0.061094 -0.005012 -0.049408
v 0.061268 -0.005240 -0.047973
v 0.083705 -0.019085 -0.061218
v 0.071430 -0.019499 -0.044228
v 0.072104 0.004981 -0.048777
v 0.083155 -0.010548 -0.067694
v 0.081837 -0.015689 -0.065586
v 0.071268 0.006201 -0.049078
v 0.072260 0.007370 -0.047904
v 0.069635 -0.018822 -0.048880
v 0.070954 -0.018193 -0.045733
v 0.072635 0.007835 -0.047831
v 0.072921 -0.012562 -0.044207
v 0.084495 0.009703 -0.059242
v 0.074670 -0.030194 -0.053570
v 0.072776 -0.031745 -0.050673
v 0.060831 -0.006080 -0.048002
v 0.064211 -0.015750 -0.048109
v 0.063971 -0.007066 -0.051149
v 0.071246 -0.008636 -0.045743
v 0.070720 -0.010836 -0.045451
v 0.073528 -0.010326 -0.044388
v 0.077143 -0.016141 -0.053557
v 0.073453 -0.015213 -0.056157
v 0.074620 -0.014311 -0.058307
v 0.078793 -0.015523 -0.055349
v 0.080446 -0.020490 -0.063105
v 0.078853 -0.024799 -0.059628
v 0.081202 -0.026607 -0.059388
v 0.083212 -0.022177 -0.063279
v 0.079838 0.042912 -0.079373
v 0.079363 0.033163 -0.063972
v 0.080769 0.049356 -0.067956
v 0.082345 0.019265 -0.062792
v 0.082483 0.016947 -0.064518
v 0.087554 0.017983 -0.067436
v 0.077320 0.023660 -0.048520
v 0.077868 0.021255 -0.052430
v 0.077388 0.022566 -0.050194
v 0.087639 -0.005769 -0.070411
v 0.074468 0.005119 -0.042819
v 0.076449 0.005739 -0.045591
v 0.075838 -0.017781 -0.061274
v 0.078696 -0.017410 -0.053487
v 0.080737 -0.016955 -0.055751
v 0.088640 0.020024 -0.055559
v 0.085553 0.018157 -0.053146
v 0.010196 -0.112920 0.003549
v 0.010089 -0.119753 -0.000235
v 0.007886 -0.008615 0.058444
v 0.009361 -0.008918 0.057101
v 0.008352 -0.006991 0.056143
v 0.007603 -0.006894 0.056760
v 0.008234 -0.017806 0.056945
v 0.007647 -0.016159 0.055893
v 0.008480 -0.016416 0.055264
v 0.009212 -0.017818 0.056070
v 0.005111 -0.007194 0.055885
v 0.003577 -0.010138 0.058574
v 0.005106 -0.008710 0.060062
v 0.006315 -0.006418 0.056709
v 0.088065 0.023384 -0.056559
v 0.011237 -0.018049 0.056490
v 0.010271 -0.016453 0.055388
v 0.011262 -0.015708 0.057079
v 0.012635 -0.016982 0.058103
v 0.004667 -0.016947 0.064591
v 0.005726 -0.014810 0.064802
v 0.004478 -0.015778 0.062398
v 0.004471 -0.017615 0.062000
v 0.007257 -0.014121 0.064278
v 0.009023 -0.014683 0.065934
v 0.010572 -0.014794 0.064336
v 0.008578 -0.014165 0.062761
v 0.004150 -0.013595 0.057663
v 0.005251 -0.015443 0.058833
v 0.003519 -0.013571 0.061194
v 0.011457 -0.013630 0.055382
v 0.009795 -0.014757 0.054113
v 0.009168 -0.010930 0.053264
v 0.010588 -0.009988 0.054310
v 0.046875 -0.084754 -0.023041
v 0.054432 -0.081979 -0.036629
v 0.034123 0.005153 0.037083
v 0.033427 0.002340 0.038360
v 0.029156 0.003459 0.039023
v 0.030070 0.005972 0.037953
v 0.074334 -0.007968 -0.043363
v 0.073813 -0.007169 -0.042058
v 0.082519 0.014223 -0.066160
v 0.088196 0.016781 -0.060201
v 0.082191 0.021132 -0.060619
v 0.080932 0.023420 -0.055924
v 0.079848 0.021934 -0.054968
v 0.081034 0.019272 -0.059015
v 0.090622 0.017401 -0.061456
v 0.072609 -0.020965 -0.043924
v 0.081921 0.005692 -0.056498
v 0.080328 0.023913 -0.053424
v 0.083792 0.025405 -0.054044
v 0.087951 -0.005814 -0.066199
v 0.090953 0.015848 -0.063503
v 0.088987 0.014435 -0.062303
v 0.082040 0.015980 -0.047207
v 0.075675 -0.012219 -0.060691
v 0.082083 -0.012145 -0.058696
v 0.080574 -0.014515 -0.057070
v -0.091249 0.013755 -0.070414
v -0.091114 0.011157 -0.071712
v -0.091160 0.009794 -0.069891
v -0.091118 0.012141 -0.069086
v -0.087443 -0.004891 -0.068783
v -0.087536 0.002609 -0.070389
v -0.088768 0.005144 -0.070865
v -0.088757 0.003115 -0.070413
v 0.074881 -0.013796 -0.059686
v 0.069648 0.001405 -0.054720
v 0.069312 -0.016183 -0.035521
v 0.077623 -0.027493 -0.050772
v -0.086989 -0.015280 -0.065540
v -0.086150 -0.014621 -0.065164
v -0.087930 -0.010017 -0.066818
v -0.088650 -0.010378 -0.067537
v 0.078641 -0.026343 -0.053239
v 0.028980 -0.033389 -0.115615
v 0.032445 -0.022201 -0.122089
v 0.089922 -0.005985 -0.069279
v 0.083001 0.018205 -0.054220
v 0.074243 -0.021517 -0.045250
v 0.073355 -0.027422 -0.044516
v 0.072058 -0.026859 -0.042631
v 0.076825 0.009080 -0.053209
v 0.075066 -0.016773 -0.061733
v 0.075244 -0.014486 -0.062618
v 0.061230 -0.005732 -0.050726
v 0.077767 -0.022982 -0.059090
v 0.073949 -0.028394 -0.053482
v 0.057833 -0.078446 -0.050095
v 0.054387 -0.075571 -0.065141
v -0.072077 -0.034869 -0.042782
v -0.074619 -0.033060 -0.044603
v -0.075193 -0.034890 -0.045844
v -0.070696 -0.036065 -0.044309
v 0.054834 -0.087171 -0.063066
v 0.057082 -0.091054 -0.048676
v 0.071192 -0.002074 -0.036449
v 0.071662 -0.009492 -0.038930
v 0.070649 -0.010494 -0.037174
v 0.023680 -0.103720 -0.001570
v 0.020737 -0.115146 -0.005765
v 0.069624 -0.015508 -0.031401
v 0.069695 -0.015973 -0.021293
v 0.071262 -0.000205 -0.021368
v 0.070598 -0.005769 -0.030972
v 0.059506 0.031417 0.015119
v 0.061200 0.032002 0.010492
v 0.061953 0.022406 0.010392
v 0.059876 0.023660 0.014382
v 0.019970 0.088827 0.032316
v 0.009975 0.089565 0.034503
v 0.010020 0.097063 0.028440
v 0.020265 0.095986 0.025853
v 0.034463 -0.014018 -0.126453
v 0.036406 -0.003524 -0.131201
v 0.016862 -0.006432 -0.138281
v 0.015707 -0.016163 -0.133099
v 0.020485 0.113214 0.003387
v 0.009988 0.114851 0.006091
v 0.010102 0.119877 -0.003981
v -0.067832 -0.034702 -0.044995
v -0.072144 -0.035414 -0.049115
v -0.071341 -0.032310 -0.050028
v -0.068025 -0.032311 -0.046629
v 0.020789 0.117948 -0.006344
v 0.053373 0.002745 0.028003
v 0.055638 -0.003551 0.028136
v 0.051700 -0.004178 0.031930
v 0.049866 0.002182 0.030968
v 0.072854 -0.032087 -0.041774
v 0.071806 -0.031177 -0.040583
v -0.087087 0.023550 -0.054878
v -0.087073 0.020383 -0.054838
v -0.085073 0.019835 -0.052401
v -0.085331 0.023064 -0.052002
v -0.073942 -0.010347 -0.065162
v -0.071834 -0.016730 -0.062979
v -0.077610 -0.011581 -0.065459
v -0.077940 -0.008927 -0.065931
v 0.010275 0.124165 -0.015772
v 0.021225 0.122033 -0.017727
v 0.011713 0.012444 0.044121
v -0.084360 0.012715 -0.063003
v -0.085600 0.013906 -0.066503
v -0.085954 0.011873 -0.067737
v -0.084915 0.010159 -0.065128
v -0.087381 0.015662 -0.071215
v -0.087482 0.012794 -0.072744
v -0.070561 -0.025924 -0.040391
v -0.069809 -0.022195 -0.039609
v -0.070441 -0.020611 -0.040991
v -0.070899 -0.021654 -0.042148
v -0.070500 -0.008607 -0.056613
v -0.072121 -0.004539 -0.054774
v -0.082533 -0.025696 -0.060424
v -0.082659 -0.023922 -0.059549
v -0.084764 -0.019799 -0.062969
v -0.084778 -0.021018 -0.063885
v 0.012140 0.014440 0.041350
v 0.015814 0.011081 0.040142
v 0.015413 0.008943 0.042385
v 0.007822 0.061387 0.045959
v 0.008776 0.069299 0.043526
v 0.017632 0.069315 0.042096
v 0.016126 0.061374 0.044993
v 0.020343 0.008334 0.039080
v 0.019612 0.006299 0.040543
v 0.009975 0.103602 0.021688
v 0.020374 0.102363 0.018889
v 0.020590 0.127912 -0.067986
v -0.079988 -0.021352 -0.057831
v -0.082257 -0.018844 -0.061485
v -0.083454 -0.018129 -0.063198
v -0.082107 -0.020285 -0.061209
v 0.021105 0.128246 -0.059484
v 0.009841 0.130922 -0.059905
v -0.087920 0.016263 -0.061871
v -0.085727 0.018191 -0.057427
v -0.086235 0.018298 -0.057818
v -0.088067 0.016150 -0.062934
v 0.010860 0.129922 -0.072499
v 0.067636 -0.000170 -0.091574
v 0.070889 -0.001270 -0.076138
v 0.073937 0.010678 -0.077749
v 0.071904 0.016308 -0.094354
v 0.034152 -0.096649 -0.011014
v 0.031955 -0.108423 -0.014213
v -0.079924 0.003269 -0.065279
v -0.078574 0.008369 -0.063451
v -0.077657 0.007630 -0.063411
v -0.078959 0.003153 -0.064981
v -0.088074 0.012831 -0.069246
v -0.088399 0.010147 -0.070304
v -0.086511 0.009297 -0.069263
v -0.074586 0.010453 -0.052036
v -0.074854 0.011020 -0.052777
v -0.075524 0.009425 -0.053150
v -0.074941 0.008360 -0.051892
v -0.074755 -0.036058 -0.049267
v -0.068735 -0.024790 -0.056590
v -0.070463 -0.023891 -0.057941
v -0.073206 -0.019980 -0.060975
v -0.072225 -0.018979 -0.061149
v 0.052742 0.053254 0.022962
v 0.054689 0.058719 0.018482
v 0.058017 0.051565 0.014699
v 0.055767 0.047170 0.019479
v 0.006281 0.048803 0.049372
v 0.013639 0.048594 0.049204
v 0.011774 0.042459 0.049388
v 0.005603 0.042509 0.049660
v -0.068004 -0.033093 -0.040764
v -0.070818 -0.032996 -0.040423
v -0.071669 -0.034324 -0.041686
v -0.068650 -0.034727 -0.042142
v 0.059841 0.016221 0.014879
v 0.062534 0.013280 0.011924
v 0.061669 0.005069 0.016603
v 0.058647 0.009124 0.018534
v 0.055876 0.004158 0.024636
v -0.077778 0.014424 -0.052842
v -0.080108 0.013953 -0.055248
v -0.078514 0.012899 -0.054422
v -0.076774 0.013177 -0.052614
v 0.058382 -0.001730 0.024280
v -0.086378 0.000725 -0.068815
v -0.085208 0.007506 -0.066925
v 0.019045 0.079055 0.038372
v 0.009485 0.079439 0.040062
v 0.060053 0.042247 0.011718
v 0.058032 0.039557 0.016767
v 0.009026 0.015719 0.046739
v 0.009690 0.017270 0.043142
v 0.007263 0.022503 0.045978
v -0.085516 -0.008609 -0.063323
v -0.085912 -0.008516 -0.066403
v -0.084844 -0.012524 -0.065156
v -0.084787 -0.012610 -0.062048
v 0.004540 0.021715 0.051828
v 0.004582 0.025736 0.050528
v 0.007321 0.025589 0.046705
v 0.033502 0.060972 0.038138
v 0.035240 0.068368 0.034693
v 0.042796 0.067095 0.029344
v 0.041094 0.060158 0.033079
v 0.020424 0.107996 0.011609
v -0.085172 -0.000556 -0.063357
v -0.085891 -0.000401 -0.066774
v 0.009949 0.109421 0.014419
v 0.004824 0.034774 0.049277
v 0.008938 0.034731 0.047619
v 0.007826 0.031500 0.046976
v -0.089101 0.008934 -0.068739
v -0.089137 0.002789 -0.069025
v -0.088936 0.009371 -0.069455
v -0.076547 0.011607 -0.061153
v -0.076596 0.014583 -0.065022
v -0.076072 0.007969 -0.066653
v -0.076894 0.009052 -0.062649
v 0.004871 0.031602 0.049368
v 0.024151 0.004672 0.039720
v 0.025023 0.006961 0.038658
v 0.064930 -0.030983 -0.044608
v 0.066049 -0.032222 -0.044132
v 0.072806 0.015280 -0.033945
v 0.071386 0.004711 -0.032068
v 0.071745 0.013083 -0.022445
v 0.072338 0.025821 -0.024609
v 0.074757 0.037621 -0.028126
v 0.076049 0.046172 -0.033482
v 0.076707 0.030531 -0.040625
v 0.075036 0.024203 -0.036268
v 0.049566 -0.084386 -0.075812
v 0.047263 -0.074136 -0.079200
v 0.004410 0.018504 0.054453
v 0.004301 0.015488 0.056970
v 0.019348 0.035676 -0.149799
v -0.070895 -0.016697 -0.041786
v -0.072305 -0.014624 -0.043035
v -0.071293 -0.016800 -0.044440
v -0.070778 -0.018817 -0.044056
v 0.018702 0.022069 -0.147901
v 0.039052 0.026115 -0.139435
v 0.039480 0.039074 -0.140937
v 0.064310 -0.010790 -0.087545
v -0.073726 -0.021794 -0.059724
v -0.071105 -0.024839 -0.057224
v -0.071534 -0.025149 -0.056554
v -0.074299 -0.023475 -0.058201
v 0.068189 -0.010113 -0.073281
v 0.009989 -0.011998 0.058976
v 0.006855 -0.007642 0.054321
v 0.006888 -0.011296 0.053247
v 0.006575 -0.008788 0.054337
v 0.010036 -0.014564 0.060613
v 0.012124 -0.015371 0.061855
v 0.007781 -0.014782 0.054062
v 0.007129 -0.014586 0.054376
v 0.006365 -0.010987 0.053424
v 0.008166 -0.007086 0.055007
v 0.002021 -0.018643 0.066918
v 0.002673 -0.017226 0.069959
v 0.006277 -0.015836 0.068775
v 0.004804 -0.017280 0.066624
v 0.004685 -0.008504 0.055575
v 0.003781 -0.010533 0.056142
v 0.004910 -0.012345 0.063276
v 0.006542 -0.008555 0.059493
v 0.006981 -0.006548 0.056774
v 0.006502 -0.011635 0.062537
v 0.005571 -0.017616 0.059428
v 0.008178 -0.011562 0.060944
v -0.082162 0.015443 -0.057474
v -0.082123 0.010018 -0.058097
v -0.080743 0.009819 -0.056598
v -0.076415 -0.020038 -0.049366
v -0.077197 -0.018766 -0.051289
v -0.078101 -0.021829 -0.053225
v -0.077084 -0.023859 -0.051654
v 0.077479 -0.018082 -0.051481
v 0.055948 -0.064640 -0.031420
v 0.059513 -0.049589 -0.038901
v 0.058881 -0.050043 -0.044617
v -0.078612 -0.032171 -0.054664
v -0.076405 -0.032381 -0.055290
v -0.074349 -0.034495 -0.052184
v -0.076708 -0.034856 -0.051909
v -0.070762 -0.019937 -0.042954
v -0.070571 -0.019243 -0.041397
v -0.081801 0.003753 -0.067161
v -0.080522 0.009905 -0.065200
v 0.056863 -0.065640 -0.040526
v 0.079555 0.008257 -0.054644
v 0.066610 0.057931 -0.003735
v 0.068141 0.069751 -0.013151
v 0.073402 0.058009 -0.024713
v -0.083963 0.008418 -0.062927
v -0.084489 0.006110 -0.064399
v 0.072837 0.047296 -0.019405
v 0.068610 0.079530 -0.021423
v 0.073854 0.068899 -0.032143
v 0.077079 0.056743 -0.041771
v 0.078837 0.036459 -0.055530
v 0.040797 0.018367 0.033111
v 0.041052 0.018051 0.033029
v 0.039574 0.017579 0.034170
v -0.073579 -0.004238 -0.047577
v -0.070964 -0.003567 -0.048647
v -0.070797 -0.004255 -0.048820
v -0.073983 -0.005838 -0.047432
v 0.039401 0.017957 0.034289
v 0.040432 0.018609 0.032878
v 0.039201 0.018181 0.033807
v -0.074067 -0.004156 -0.046051
v -0.074500 -0.005677 -0.045944
v -0.074253 -0.006039 -0.044427
v -0.073887 -0.005134 -0.044333
v 0.041483 0.019068 0.032088
v 0.041870 0.018792 0.032293
v 0.042044 0.018457 0.032190
v 0.024402 0.018552 0.036674
v 0.024822 0.018701 0.035979
v 0.027203 0.018089 0.036899
v 0.027013 0.017928 0.037646
v 0.024255 0.018223 0.036932
v 0.027261 0.017475 0.037698
v -0.070270 -0.003263 -0.049564
v -0.070388 -0.003526 -0.049057
v -0.070877 -0.003085 -0.049467
v -0.075022 -0.000359 -0.061130
v -0.076425 -0.008290 -0.063157
v -0.074209 -0.008270 -0.061962
v -0.071423 -0.000725 -0.060264
v 0.023473 0.020217 0.031046
v 0.023205 0.020879 0.031091
v -0.086475 -0.007266 -0.068038
v 0.024524 0.019280 0.031268
v 0.022286 0.021035 0.033572
v 0.022193 0.022077 0.033671
v -0.081723 0.019194 -0.047924
v -0.080141 0.021023 -0.047619
v -0.082658 0.024780 -0.052309
v 0.022810 0.022633 0.031193
v 0.022937 0.021471 0.031083
v 0.022568 0.020402 0.033717
v -0.072154 -0.017455 -0.053881
v -0.074596 -0.016527 -0.050593
v -0.072696 -0.016566 -0.049071
v -0.071231 -0.017902 -0.052201
v -0.070326 -0.012576 -0.047157
v -0.068371 -0.015968 -0.046285
v -0.072778 -0.014142 -0.045921
v -0.074034 0.001576 -0.045746
v -0.072365 -0.002084 -0.048901
v -0.073355 -0.003124 -0.047271
v -0.073752 -0.002877 -0.045812
v -0.086832 -0.015959 -0.066646
v -0.088498 -0.010855 -0.068970
v -0.086704 -0.010912 -0.070272
v -0.085082 -0.016313 -0.067901
v 0.020987 0.020119 0.034318
v 0.020597 0.020666 0.034203
v -0.068477 -0.029460 -0.039115
v -0.066306 -0.032150 -0.041977
v -0.068429 -0.026339 -0.037995
v -0.090950 0.020328 -0.064640
v -0.086966 0.022816 -0.064983
v -0.087187 0.020840 -0.067466
v -0.091201 0.018366 -0.066921
v -0.070602 0.003188 -0.054816
v -0.070784 0.001039 -0.054447
v -0.071228 0.002603 -0.052818
v -0.071156 0.004458 -0.052898
v 0.020701 0.021547 0.034390
v 0.031821 0.016466 0.037649
v 0.032179 0.015846 0.037333
v 0.027752 0.016295 0.037549
v 0.027561 0.016904 0.037683
v 0.031500 0.017010 0.037787
v 0.034755 0.017051 0.037035
v 0.035116 0.016519 0.036794
v 0.035428 0.015940 0.036387
v -0.052352 -0.032555 -0.094031
v -0.060341 -0.032685 -0.075387
v -0.064028 -0.018899 -0.084009
v -0.057127 -0.019064 -0.099756
v -0.079719 -0.029736 -0.054189
v -0.078599 -0.031997 -0.051594
v -0.075162 0.009214 -0.044429
v -0.074493 0.011246 -0.042980
v -0.075849 0.016616 -0.044079
v -0.076386 0.013229 -0.044424
v 0.024390 0.017186 0.037034
v 0.024314 0.017763 0.037029
v 0.035709 0.015278 0.035935
v 0.032470 0.015139 0.036885
v -0.087840 0.004559 -0.073810
v -0.090699 0.003824 -0.072172
v 0.027933 0.015534 0.037279
v 0.024305 0.016637 0.037051
v 0.021196 0.018042 0.036472
v 0.021772 0.018339 0.036417
v 0.032694 0.014380 0.036518
v 0.032632 0.013554 0.036268
v 0.027903 0.013929 0.036855
v 0.027978 0.014723 0.037042
v -0.077133 0.015097 -0.051143
v -0.081108 0.018774 -0.054194
v -0.078848 0.016218 -0.053263
v -0.076965 0.014762 -0.051588
v -0.076166 0.007093 -0.049600
v -0.076946 0.008394 -0.049080
v -0.075571 0.009243 -0.049289
v -0.074557 0.007853 -0.049466
v 0.035872 0.014514 0.035493
v 0.035835 0.013639 0.035243
v -0.074438 0.015832 -0.041336
v -0.076058 0.020642 -0.044316
v 0.043772 0.018771 0.030468
v 0.044322 0.019277 0.029792
v 0.044491 0.018587 0.029603
v -0.067562 -0.025562 -0.055751
v 0.044194 0.018106 0.029974
v 0.047227 0.015499 0.026157
v 0.048175 0.016871 0.025362
v 0.050276 0.015635 0.023745
v -0.076804 0.008133 -0.047082
v -0.077687 0.010704 -0.046462
v -0.078042 0.009920 -0.048852
v -0.069316 -0.021307 -0.037485
v -0.070057 -0.019610 -0.039666
v -0.076180 0.013536 -0.051524
v -0.075559 0.012462 -0.051564
v -0.074010 0.009180 -0.051189
v -0.074490 0.006826 -0.052314
v 0.049012 0.014210 0.025036
v -0.081245 0.000411 -0.059399
v -0.082980 -0.007963 -0.060999
v 0.057597 0.006101 0.021433
v 0.051098 0.011722 0.024282
v 0.052440 0.013267 0.022281
v 0.043101 0.018308 0.031207
v 0.042286 0.017956 0.032012
v 0.042878 0.018868 0.031389
v 0.043536 0.019325 0.030701
v 0.043578 0.017695 0.030696
v 0.042675 0.017321 0.031668
v 0.041341 0.017568 0.032880
v 0.041688 0.016911 0.032610
v 0.040159 0.016440 0.033796
v 0.039870 0.017047 0.034023
v 0.037697 0.016695 0.035406
v -0.067541 -0.018448 -0.070639
v -0.064583 -0.032257 -0.055738
v 0.037407 0.017234 0.035600
v 0.038019 0.016104 0.035064
v 0.040448 0.015756 0.033508
v 0.038379 0.015448 0.034702
v 0.042103 0.016218 0.032144
v 0.043193 0.016664 0.031067
v 0.044051 0.017105 0.030067
v 0.044704 0.017552 0.029302
v 0.045108 0.018223 0.028818
v 0.044623 0.016374 0.029173
v 0.045230 0.015619 0.028274
v 0.044009 0.015083 0.029610
v 0.043658 0.015910 0.030322
v 0.045434 0.016940 0.028273
v 0.046184 0.016280 0.027206
v -0.074429 0.009587 -0.049307
v -0.074208 0.009852 -0.049616
v -0.073325 0.008934 -0.050321
v -0.073577 0.008523 -0.049543
v 0.042420 0.015522 0.031631
v 0.042640 0.014738 0.031035
v 0.040743 0.014289 0.032610
v 0.040632 0.015139 0.033168
v -0.077563 -0.033643 -0.049109
v -0.079740 0.006522 -0.056734
v -0.076670 0.004967 -0.054936
v -0.077342 0.006925 -0.053787
v 0.038644 0.014757 0.034319
v 0.038728 0.013908 0.033825
v -0.088704 -0.005297 -0.067716
v -0.089849 0.002875 -0.068801
v -0.090915 0.003349 -0.070332
v -0.089692 -0.005468 -0.068982
v 0.031365 0.017418 0.037800
v 0.031262 0.017641 0.037240
v 0.034420 0.017683 0.036600
v 0.034581 0.017455 0.037129
v 0.037182 0.017632 0.035663
v -0.066646 -0.033226 -0.043022
v -0.070654 0.000256 -0.055400
v -0.071922 -0.001608 -0.054665
v 0.037109 0.017882 0.035155
v 0.034517 0.016721 0.034225
v 0.033680 0.017443 0.030618
v 0.036527 0.017513 0.029807
v 0.037690 0.016971 0.033091
v -0.071521 0.005809 -0.052761
v -0.072318 0.007478 -0.051171
v 0.030843 0.016522 0.034746
v 0.030411 0.017770 0.031184
v 0.027244 0.017065 0.034937
v -0.070332 -0.016749 -0.039565
v 0.027161 0.018447 0.031340
v 0.024772 0.018616 0.034665
v 0.033699 0.029148 0.038263
v 0.033911 0.029719 0.038418
v 0.038565 0.028957 0.037547
v 0.038124 0.028313 0.037353
v 0.049608 -0.000385 -0.121194
v 0.051073 0.014631 -0.126719
v 0.038284 0.010217 -0.136019
v 0.041052 0.025784 0.036171
v 0.041099 0.026604 0.036029
v 0.043342 0.025635 0.034353
v 0.043104 0.024881 0.034471
v 0.040897 0.024967 0.036143
v -0.087283 0.016704 -0.066383
v -0.087651 0.014914 -0.067855
v -0.085499 0.015342 -0.065070
v -0.085120 0.016508 -0.063472
v -0.084268 0.017631 -0.059635
v -0.084832 0.019272 -0.059231
v -0.086564 0.018106 -0.064258
v -0.075366 0.005598 -0.053760
v -0.076426 0.007370 -0.052683
v 0.042796 0.024129 0.034248
v 0.037954 0.025870 0.037831
v -0.075418 -0.021239 -0.047880
v -0.076071 -0.027297 -0.048964
v -0.083444 -0.016020 -0.062833
v -0.083174 -0.015293 -0.059839
v -0.083937 -0.005112 -0.071128
v -0.083879 0.004109 -0.071908
v -0.082561 0.003876 -0.069465
v -0.082820 -0.004773 -0.069617
v 0.038080 0.026723 0.037884
v 0.038075 0.027508 0.037550
v 0.042853 0.023818 0.029104
v 0.041943 0.025283 0.029954
v -0.077979 -0.003186 -0.065630
v -0.075279 -0.002379 -0.065992
v -0.073549 -0.004054 -0.043805
v -0.072900 -0.000382 -0.041853
v -0.071525 0.005312 -0.053256
v -0.071951 0.006717 -0.051111
v -0.078024 -0.019096 -0.062126
v -0.073731 -0.026408 -0.055054
v -0.077921 -0.021345 -0.060555
v -0.069664 -0.027091 -0.052947
v -0.069241 -0.028075 -0.050724
v -0.071824 -0.028156 -0.052413
v 0.041834 0.023537 0.032557
v 0.042574 0.022731 0.031336
v 0.043302 0.023122 0.028380
v 0.043006 0.022132 0.030367
v 0.042899 0.023838 0.025165
v 0.042105 0.024604 0.025870
v 0.040899 0.025528 0.026900
v -0.080122 -0.019478 -0.056954
v -0.081927 -0.018260 -0.059754
v 0.043367 0.023115 0.024768
v -0.069431 -0.003509 -0.050339
v -0.067785 -0.004988 -0.051528
v -0.069121 -0.004046 -0.049672
v -0.083823 -0.000287 -0.060832
v -0.084707 -0.008272 -0.061438
v -0.077088 0.010514 -0.049253
v 0.043673 0.022384 0.024618
v -0.074785 0.000548 -0.051019
v -0.075932 0.003947 -0.048731
v -0.080107 0.014069 -0.048794
v -0.078582 0.012267 -0.049481
v -0.078055 0.011422 -0.049283
v -0.079023 0.011907 -0.048572
v -0.062799 -0.013389 -0.049433
v -0.066335 -0.014943 -0.048227
v -0.067782 -0.011727 -0.048113
v 0.043630 0.021545 0.024572
v 0.043308 0.020744 0.024906
v 0.060498 -0.010224 0.021712
v 0.060300 0.001026 0.020477
v -0.083559 0.019506 -0.058128
v -0.083809 0.017379 -0.059299
v -0.081601 0.010686 -0.067181
v 0.062764 -0.006950 0.017384
v 0.042613 0.019254 0.031532
v -0.075843 0.011263 -0.053893
v -0.076703 0.009649 -0.054633
v 0.043261 0.019740 0.030820
v -0.078228 0.023096 -0.059403
v -0.077526 0.021161 -0.056177
v -0.077621 0.021342 -0.054979
v -0.078146 0.025360 -0.054842
v 0.042139 0.019540 0.031409
v -0.068503 -0.030767 -0.047613
v -0.071181 -0.030534 -0.050484
v -0.070999 -0.029253 -0.050863
v -0.068792 -0.029369 -0.048811
v -0.071930 -0.016782 -0.048440
v -0.070928 -0.018094 -0.051218
v 0.042555 0.019919 0.030842
v -0.085025 -0.014598 -0.065489
v -0.084191 -0.015489 -0.064476
v -0.085556 -0.011488 -0.066594
v -0.086724 -0.010284 -0.067329
v 0.043748 0.020257 0.030072
v 0.044178 0.019846 0.029930
v 0.041022 0.017863 0.030820
v 0.040707 0.018343 0.027916
v 0.041827 0.018899 0.026989
v -0.071659 0.003974 -0.056558
v -0.070639 0.002857 -0.057087
v -0.078097 0.015479 -0.057582
v -0.080148 0.017977 -0.059191
v -0.079062 0.020776 -0.055360
v -0.077568 0.018528 -0.055129
v -0.082798 0.011493 -0.069736
v 0.041951 0.018774 0.029684
v 0.039872 0.017260 0.031832
v 0.038968 0.017823 0.028880
v 0.042380 0.019428 0.026240
v 0.042939 0.020065 0.025455
v -0.076787 0.008447 -0.054272
v -0.077366 0.008679 -0.055366
v 0.042506 0.019284 0.029073
v -0.076230 0.008835 -0.053810
v 0.042977 0.019867 0.028262
v 0.042958 0.020394 0.030179
v -0.073920 0.006964 -0.049770
v -0.075557 0.005798 -0.050072
v -0.079411 0.014048 -0.050161
v -0.083336 0.017550 -0.053516
v -0.082497 0.017292 -0.053137
v -0.078838 0.014555 -0.050585
v 0.043583 0.021250 0.027546
v 0.043654 0.021808 0.027631
v 0.043299 0.020820 0.029499
v -0.074435 0.011304 -0.050695
v 0.043658 0.021271 0.028908
v 0.043357 0.020652 0.027694
v -0.015498 -0.034052 -0.121298
v -0.017165 -0.023769 -0.128612
v 0.043568 0.022479 0.027897
v 0.043391 0.021672 0.029477
v 0.044736 0.019311 0.029269
v 0.044647 0.020296 0.029253
v 0.045527 0.021144 0.028461
v 0.045368 0.019172 0.028520
v -0.077733 0.021179 -0.047609
v -0.078909 0.022985 -0.051716
v -0.079809 0.023962 -0.052126
v -0.078243 0.022102 -0.048710
v -0.084708 0.015300 -0.062865
v 0.046416 0.019067 0.027474
v 0.045989 0.017765 0.027688
v 0.046874 0.021559 0.027779
v 0.048229 0.022110 0.026969
v -0.088939 0.011765 -0.068297
v -0.072924 -0.002688 -0.052923
v -0.069571 -0.005781 -0.052921
v 0.047613 0.019047 0.026395
v 0.046913 0.017447 0.026641
v 0.044192 0.020686 0.029427
v -0.060074 -0.007024 -0.051324
v -0.060382 -0.005812 -0.051512
v -0.061109 -0.006320 -0.052612
v -0.060646 -0.007893 -0.052622
v 0.044532 0.021131 0.028985
v 0.046312 0.022567 0.029107
v -0.063080 -0.012023 -0.052969
v -0.065738 -0.013260 -0.051982
v -0.064908 -0.015195 -0.050534
v -0.062180 -0.014399 -0.052448
v 0.047218 0.023340 0.028821
v 0.045133 0.021957 0.029518
v 0.044658 0.022573 0.030900
v 0.045632 0.023322 0.030856
v -0.059378 -0.010263 -0.051769
v -0.059737 -0.008653 -0.051400
v -0.060575 -0.009569 -0.052791
v -0.060474 -0.011476 -0.053122
v 0.046263 0.024117 0.030769
v 0.044608 0.024025 0.032616
v -0.083094 0.019065 -0.055799
v -0.084858 0.019182 -0.057408
v 0.045090 0.024794 0.032550
v 0.043905 0.023315 0.032457
v 0.044156 0.021706 0.029758
v -0.089599 0.011179 -0.067696
v -0.089756 0.008995 -0.068569
v -0.088304 0.015460 -0.065346
v -0.088592 0.013821 -0.066804
v 0.043735 0.022196 0.030747
v 0.043134 0.022821 0.032011
v 0.042305 0.023496 0.033454
v -0.072891 -0.012038 -0.042800
v -0.073867 -0.011786 -0.044752
v -0.073457 -0.013440 -0.044746
v -0.090625 0.014556 -0.067692
v -0.091218 0.016109 -0.068837
v -0.071064 -0.029378 -0.040070
v -0.069955 -0.030809 -0.039289
v -0.044283 -0.100794 -0.024167
v -0.053958 -0.095664 -0.035456
v -0.053745 -0.105735 -0.035332
v -0.044391 -0.110740 -0.024601
v -0.080128 0.016399 -0.046957
v -0.079241 0.018851 -0.046069
v 0.040668 0.024459 0.035509
v 0.040321 0.024550 0.034603
v 0.037787 0.025220 0.037288
v -0.059743 -0.011686 -0.050225
v -0.059800 -0.012826 -0.052299
v -0.062295 -0.014485 -0.050876
v -0.065065 -0.007690 -0.048984
v -0.060832 -0.006936 -0.049594
v 0.037624 0.025256 0.036462
v 0.034403 0.030690 0.039147
v 0.039669 0.030239 0.038115
v 0.037528 0.027349 0.033280
v 0.035814 0.026946 0.030107
v 0.033314 0.027141 0.031469
v 0.034168 0.027735 0.035118
v -0.063126 -0.010388 -0.052864
v 0.022410 0.022604 0.033925
v 0.022875 0.023586 0.034517
v -0.064537 -0.005450 -0.052231
v -0.065210 -0.004488 -0.050627
v -0.067732 -0.018411 -0.047455
v -0.069330 -0.018716 -0.049956
v -0.070926 -0.018793 -0.046375
v -0.060182 -0.013152 -0.053007
v -0.071438 0.004958 -0.054262
v 0.023361 0.024535 0.031823
v 0.022785 0.023412 0.031325
v 0.021500 0.022063 0.034865
v 0.022653 0.023013 0.035583
v -0.066165 -0.009462 -0.052790
v -0.069418 -0.012137 -0.054682
v -0.069111 -0.014279 -0.053711
v -0.066001 -0.011369 -0.052676
v -0.078538 -0.022287 -0.054935
v -0.078929 -0.020457 -0.054786
v -0.073300 -0.016681 -0.055655
v -0.076303 -0.016496 -0.053524
v -0.072517 0.000176 -0.053196
v -0.074151 0.003311 -0.051507
v -0.069681 -0.003326 -0.050075
v -0.066959 -0.007247 -0.052545
v -0.069192 -0.009444 -0.054592
v -0.065301 -0.006227 -0.049240
v -0.069196 -0.006318 -0.048786
v -0.069022 -0.005256 -0.049050
v -0.065235 -0.005236 -0.049546
v -0.079382 0.009675 -0.055826
v -0.077707 0.016548 -0.045125
v -0.078760 0.013656 -0.046509
v -0.079224 0.027323 -0.071272
v -0.077408 0.019063 -0.076111
v -0.077709 0.019894 -0.063336
v -0.063011 -0.008581 -0.052672
v -0.061268 -0.004803 -0.051153
v -0.061659 -0.005141 -0.049740
v -0.084135 -0.018561 -0.062714
v -0.072082 -0.018982 -0.045881
v -0.072459 0.005170 -0.050845
v -0.083507 -0.010365 -0.069511
v -0.082208 -0.015458 -0.067379
v -0.071792 0.006362 -0.051170
v -0.072743 0.007485 -0.050009
v -0.070142 -0.018515 -0.050738
v -0.071505 -0.017742 -0.047528
v -0.073013 0.007918 -0.049878
v -0.073334 -0.012322 -0.046200
v -0.083823 0.009876 -0.061421
v 0.026376 0.026496 0.036197
v 0.027005 0.026454 0.032501
v -0.074741 -0.029881 -0.055731
v -0.073066 -0.031393 -0.052749
v 0.024369 0.025889 0.032302
v -0.061235 -0.005931 -0.049738
v 0.024076 0.025169 0.035485
v -0.064829 -0.015226 -0.049810
v -0.064181 -0.006863 -0.052729
v 0.027240 0.024997 0.037560
v 0.024481 0.023959 0.036569
v 0.034126 0.025725 0.037672
v -0.071561 -0.008442 -0.047674
v -0.071089 -0.010595 -0.047412
v -0.073854 -0.010127 -0.046339
v 0.020942 0.071499 -0.146806
v 0.020363 0.055864 -0.149931
v -0.077698 -0.016131 -0.055225
v -0.074149 -0.015423 -0.057924
v -0.075163 -0.014427 -0.060050
v -0.079206 -0.015269 -0.056912
v -0.080681 -0.020229 -0.065021
v -0.078879 -0.024543 -0.061798
v -0.081138 -0.026048 -0.061397
v -0.083236 -0.021629 -0.065109
v 0.039929 0.057723 -0.141072
v 0.040037 0.071303 -0.138550
v -0.080570 0.042689 -0.079678
v -0.079814 0.032977 -0.064383
v -0.081185 0.049171 -0.068242
v -0.082239 0.019566 -0.064615
v -0.082374 0.017157 -0.066369
v -0.087173 0.018292 -0.069487
v -0.077381 0.023665 -0.049215
v -0.077845 0.021238 -0.053224
v -0.077519 0.022617 -0.051117
v -0.087252 -0.005412 -0.072438
v 0.040533 0.026601 0.031366
v 0.038696 0.026410 0.028536
v 0.050184 0.072481 -0.130900
v 0.049426 0.081126 -0.128027
v 0.040537 0.082941 -0.133430
v 0.034673 -0.061947 -0.097713
v 0.024530 -0.072440 -0.104285
v -0.074459 0.005356 -0.044932
v -0.076400 0.006011 -0.047743
v 0.020721 0.021814 0.035976
v -0.077143 -0.018026 -0.062857
v 0.022193 0.022739 0.036589
v -0.079196 -0.017054 -0.054954
v -0.081125 -0.016495 -0.057229
v -0.088286 0.020332 -0.057697
v -0.084934 0.018486 -0.055346
v 0.019704 0.021189 0.035493
v 0.018587 0.021074 0.035769
v 0.019546 0.022000 0.036156
v 0.021098 0.023183 0.036843
v 0.024075 0.023874 0.037393
v 0.023206 0.024457 0.037811
v 0.026400 0.025807 0.038791
v 0.027012 0.025079 0.038397
v 0.033986 0.025615 0.038575
v 0.033804 0.026347 0.038861
v 0.025805 0.026643 0.038693
v 0.022580 0.025284 0.037614
v 0.025319 0.027545 0.038305
v 0.022340 0.026357 0.037293
v 0.033616 0.028256 0.038540
v 0.033687 0.027268 0.038877
v 0.021787 0.018748 0.036280
v 0.019064 0.019459 0.035864
v 0.022115 0.019141 0.035881
v 0.020057 0.019828 0.035531
v 0.023011 0.019355 0.035088
v 0.019372 0.020311 0.035407
v 0.018329 0.020044 0.035710
v -0.010403 -0.112792 0.003314
v -0.010280 -0.119693 -0.000363
v 0.023120 0.019614 0.033945
v 0.018539 0.022440 0.035758
v 0.017509 0.021097 0.035616
v 0.017344 0.022962 0.035266
v 0.016326 0.021208 0.035314
v 0.019411 0.024996 0.035949
v 0.020202 0.023966 0.036413
v 0.017248 0.019813 0.035700
v 0.017888 0.019180 0.035911
v 0.016195 0.019715 0.035503
v 0.016904 0.018914 0.035721
v 0.024087 0.016050 0.037051
v 0.023800 0.015367 0.037003
v 0.020525 0.017537 0.036557
v 0.019888 0.017000 0.036485
v 0.032414 0.012506 0.036078
v 0.035677 0.012659 0.035088
v 0.031996 0.011232 0.036060
v -0.007873 -0.008688 0.058055
v -0.009339 -0.008975 0.056698
v -0.008332 -0.007053 0.055743
v -0.007582 -0.006965 0.056361
v 0.035416 0.011186 0.034992
v 0.027060 0.011802 0.036877
v 0.027574 0.012971 0.036795
v 0.032024 -0.116403 -0.015619
v 0.046025 0.014644 0.027511
v 0.047417 0.013055 0.026864
v 0.045752 0.012310 0.028598
v 0.044609 0.014128 0.028982
v 0.043022 0.013673 0.030485
v -0.008306 -0.017729 0.056676
v -0.007692 -0.016098 0.055569
v -0.008499 -0.016346 0.054871
v -0.009242 -0.017707 0.055749
v 0.043623 0.011779 0.030426
v 0.041148 0.011512 0.032114
v 0.040951 0.013238 0.032127
v 0.038702 0.012933 0.033573
v 0.038619 0.011323 0.033557
v 0.049227 0.018564 0.024880
v 0.050445 0.022023 0.024689
v 0.051250 0.017595 0.023062
v 0.052803 0.021514 0.022436
v 0.015884 0.023922 0.035240
v -0.005137 -0.007224 0.055528
v -0.003634 -0.010154 0.058252
v -0.005128 -0.008773 0.059722
v -0.006332 -0.006475 0.056337
v 0.015040 0.021659 0.035128
v 0.013803 0.024806 0.036247
v 0.013331 0.022274 0.035766
v 0.015443 0.027724 0.037474
v 0.017507 0.026814 0.036368
v 0.015320 0.019728 0.035262
v 0.016029 0.018590 0.035403
v 0.013963 0.019618 0.035615
v 0.015034 0.018059 0.035708
v 0.023301 0.014435 0.036769
v 0.022713 0.013331 0.036841
v 0.019235 0.016319 0.036255
v 0.018323 0.015433 0.036437
v 0.047574 -0.011440 -0.116113
v 0.052182 0.030399 -0.129737
v 0.047260 0.034550 0.035464
v 0.044910 0.031633 0.036284
v 0.041275 0.032643 0.038601
v 0.043208 0.036067 0.038757
v 0.049460 0.039100 0.033394
v 0.052009 0.035966 0.030261
v 0.049842 0.032517 0.032298
v 0.047558 0.030125 0.033646
v 0.051348 0.024941 0.025661
v 0.049575 0.024792 0.027376
v 0.049717 0.026528 0.028905
v 0.051466 0.027268 0.027359
v 0.053685 0.025088 0.023318
v 0.054060 0.028531 0.025075
v 0.050929 0.029625 0.029650
v 0.048914 0.028229 0.031131
v 0.053324 0.031929 0.027737
v 0.023528 0.032483 0.040208
v 0.024339 0.031006 0.038979
v 0.021213 0.028921 0.037499
v 0.019605 0.029677 0.038201
v 0.022197 0.033792 0.041198
v 0.017602 0.030445 0.039024
v 0.036825 0.037169 0.041692
v 0.035463 0.033354 0.040454
v 0.024999 0.028348 0.037965
v 0.022635 0.027068 0.037416
v 0.024837 0.028892 0.037949
v 0.022454 0.027531 0.037234
v 0.058241 0.092052 -0.110107
v 0.060570 0.098125 -0.097622
v 0.043908 0.108793 -0.103955
v 0.042966 0.101332 -0.116249
v 0.041179 0.027203 0.035879
v 0.041589 0.027921 0.036103
v 0.044071 0.026995 0.034247
v 0.043491 0.026244 0.034171
v 0.045369 0.025459 0.032329
v 0.046046 0.026162 0.032225
v 0.047364 0.025346 0.030336
v 0.046673 0.024785 0.030555
v 0.047364 0.024309 0.029276
v 0.047948 0.024388 0.028744
v 0.022239 0.028345 0.037482
v 0.024713 0.029593 0.038230
v 0.051470 0.060563 -0.132079
v 0.044597 0.074733 0.024187
v 0.051538 0.071148 0.017570
v 0.049472 0.064528 0.023348
v 0.042823 0.029336 0.036453
v 0.045472 0.028302 0.034231
v 0.047309 0.027138 0.031970
v 0.048398 0.025953 0.030007
v 0.048768 0.025059 0.028695
v 0.070139 -0.013437 -0.037159
v 0.070946 -0.013531 -0.038841
v 0.078407 -0.003142 -0.064304
v 0.076465 0.003666 -0.063696
v 0.075279 0.007101 -0.062701
v 0.077878 0.015251 -0.048654
v 0.082129 0.018256 -0.051420
v 0.081720 -0.022420 -0.058282
v 0.078591 -0.024201 -0.054389
v -0.088012 0.023683 -0.058460
v 0.081774 -0.021461 -0.058877
v 0.088253 0.014578 -0.062562
v 0.088577 0.012907 -0.063895
v 0.089398 0.012739 -0.063762
v 0.040506 -0.032862 -0.105728
v 0.044951 -0.020215 -0.111926
v 0.088995 0.010859 -0.065345
v 0.073235 -0.008815 -0.041240
v 0.079750 -0.003877 -0.064548
v 0.081727 -0.004605 -0.066247
v 0.082099 -0.009822 -0.066607
v 0.081481 -0.009167 -0.065506
v 0.080955 -0.014672 -0.064680
v 0.080463 -0.013608 -0.063978
v 0.083443 -0.018746 -0.061458
v 0.085610 -0.015221 -0.063296
v 0.083293 0.018743 -0.052447
v 0.082437 0.017706 -0.050926
v 0.084025 0.018352 -0.052719
v 0.073939 -0.010051 -0.042705
v 0.075924 0.013797 -0.048448
v 0.075654 0.011211 -0.047452
v 0.075215 0.011614 -0.047882
v 0.069902 -0.004923 -0.046981
v 0.069963 -0.003955 -0.047102
v 0.071127 -0.006426 -0.046427
v 0.073808 -0.008042 -0.045081
v 0.067156 -0.015808 -0.045292
v 0.066373 -0.017219 -0.047631
v 0.066971 -0.018273 -0.046763
v 0.085051 0.025148 -0.057016
v 0.075714 0.010236 -0.047222
v 0.077284 0.011273 -0.047240
v 0.077612 0.012496 -0.047512
v 0.084911 0.017968 -0.053033
v 0.077753 0.013401 -0.047793
v 0.076956 0.013424 -0.047732
v 0.078628 0.014965 -0.048544
v 0.076288 0.013428 -0.047939
v 0.073518 -0.011683 -0.059416
v 0.072101 -0.011906 -0.057443
v 0.072283 0.007659 -0.038193
v 0.073083 0.005204 -0.040313
v 0.077653 -0.024809 -0.052148
v 0.075297 0.014027 -0.059029
v 0.075436 0.016519 -0.060230
v 0.086916 -0.010476 -0.065241
v 0.079862 -0.015897 -0.055321
v 0.077720 -0.016432 -0.053303
v 0.081711 -0.014890 -0.057118
v 0.083342 -0.012371 -0.058710
v 0.070417 0.004024 -0.052918
v 0.082958 0.007838 -0.057092
v 0.083435 0.005634 -0.058488
v 0.081348 0.007885 -0.055512
v 0.076853 0.020097 -0.058468
v 0.076636 0.020041 -0.056094
v 0.077445 0.014347 -0.056425
v 0.075911 0.018440 -0.055488
v 0.069228 -0.012283 -0.045678
v 0.068976 -0.018461 -0.049197
v 0.067985 -0.016339 -0.049973
v 0.069972 -0.018217 -0.050140
v 0.069416 -0.017348 -0.051542
v 0.069889 -0.015701 -0.053309
v 0.070574 -0.013738 -0.054693
v 0.070516 -0.011333 -0.055486
v 0.068855 -0.008085 -0.046568
v 0.077158 0.019499 -0.045321
v 0.068301 -0.010012 -0.046378
v 0.070239 -0.006347 -0.046667
v 0.070417 -0.008171 -0.046199
v 0.070102 -0.010203 -0.045779
v 0.074604 -0.019164 -0.046668
v 0.075416 -0.017515 -0.049221
v 0.073126 -0.018459 -0.046026
v 0.076411 -0.016870 -0.051367
v 0.071967 -0.018133 -0.045581
v 0.075215 0.015355 -0.057391
v 0.075603 0.018467 -0.057516
v 0.070216 -0.009799 -0.035136
v 0.064568 -0.001562 0.012366
v 0.065777 0.008038 0.006900
v 0.025890 -0.052041 0.033344
v 0.024961 -0.055247 0.033953
v 0.057377 -0.013230 0.026207
v 0.052871 -0.015999 0.031522
v 0.025385 -0.045371 0.043979
v 0.024618 -0.046050 0.044208
v 0.023700 -0.045620 0.044445
v 0.024486 -0.045237 0.044010
v 0.022137 -0.045545 0.043246
v 0.022923 -0.045566 0.042507
v 0.023199 -0.045418 0.043084
v 0.022464 -0.045345 0.043857
v 0.029272 -0.030898 0.046026
v 0.033025 -0.026926 0.044787
v 0.035532 -0.031271 0.043609
v 0.031891 -0.034473 0.045001
v 0.024639 -0.047053 0.035675
v 0.024395 -0.045619 0.035895
v 0.023253 -0.045385 0.039523
v 0.023710 -0.046081 0.039322
v 0.024419 -0.050022 0.035883
v 0.023505 -0.047562 0.039237
v 0.026379 -0.047825 0.033158
v 0.025606 -0.045470 0.033377
v 0.034676 -0.052148 0.040127
v 0.030971 -0.049652 0.041636
v 0.031883 -0.046469 0.042273
v 0.035576 -0.047420 0.040744
v 0.024906 -0.019388 0.045665
v 0.029272 -0.023136 0.045510
v 0.025816 -0.027156 0.046620
v 0.021857 -0.022998 0.046717
v 0.017839 -0.018325 0.047094
v 0.020693 -0.015465 0.045800
v 0.015996 -0.010670 0.050532
v 0.016749 -0.014366 0.051814
v 0.016459 -0.015285 0.055267
v 0.016681 -0.013093 0.053988
v 0.014570 -0.019187 0.053630
v 0.016900 -0.016590 0.050382
v 0.010872 -0.020504 0.054179
v -0.011270 -0.017928 0.056138
v -0.010307 -0.016374 0.055008
v -0.011310 -0.015645 0.056714
v -0.012654 -0.016914 0.057785
v 0.010500 -0.019729 0.055084
v 0.014562 -0.019714 0.052048
v -0.004538 -0.016942 0.064378
v -0.005618 -0.014857 0.064537
v -0.004539 -0.015788 0.062185
v -0.004502 -0.017631 0.061855
v 0.014929 -0.020637 0.050229
v 0.011318 -0.021146 0.053168
v 0.009743 -0.018629 0.056022
v 0.012417 -0.018582 0.056042
v -0.007159 -0.014238 0.063975
v -0.008876 -0.014793 0.065651
v -0.010517 -0.014875 0.064029
v -0.008521 -0.014317 0.062443
v -0.004208 -0.013590 0.057374
v -0.005365 -0.015425 0.058615
v -0.003571 -0.013589 0.060916
v -0.011474 -0.013607 0.054989
v -0.009830 -0.014712 0.053695
v -0.009195 -0.010913 0.052885
v -0.010573 -0.010009 0.053922
v 0.014165 -0.016724 0.057591
v 0.004113 -0.018009 0.064298
v 0.005398 -0.016732 0.066291
v 0.009040 0.013593 0.049836
v 0.011672 0.009968 0.046782
v 0.008984 0.010881 0.052115
v 0.011637 0.007668 0.049053
v 0.013270 -0.014603 0.061372
v 0.014885 -0.012743 0.059699
v 0.011066 -0.013370 0.065091
v 0.012191 -0.010688 0.064670
v 0.004733 0.028819 0.049858
v 0.001996 -0.021512 0.060064
v 0.002274 -0.022306 0.059608
v 0.001798 -0.020418 0.061946
v 0.021888 0.094296 -0.134522
v 0.022412 0.106600 -0.123247
v 0.021700 0.120010 -0.100138
v 0.019502 0.124529 -0.087751
v 0.006099 -0.039223 0.059978
v 0.005603 -0.036609 0.060030
v 0.012780 -0.039639 0.046067
v 0.007187 -0.039396 0.047532
v 0.006878 -0.043195 0.050177
v 0.012182 -0.043250 0.048660
v 0.016348 -0.043401 0.046394
v 0.017176 -0.040032 0.043922
v 0.013331 -0.036163 0.044655
v 0.007603 -0.035782 0.046189
v 0.012129 -0.045465 0.051958
v 0.006908 -0.045463 0.054153
v 0.006838 -0.043905 0.057090
v 0.012228 -0.044257 0.054359
v 0.017874 -0.024891 0.049070
v 0.013866 -0.024328 0.051637
v 0.009752 -0.024349 0.055072
v 0.006562 -0.024577 0.057615
v 0.005786 -0.022512 0.057836
v 0.008258 -0.021868 0.055736
v 0.005408 -0.021607 0.058131
v 0.007874 -0.021082 0.056290
v 0.007629 -0.020249 0.056761
v 0.008107 -0.018766 0.057126
v 0.006302 -0.018934 0.058286
v 0.006812 -0.017687 0.057933
v 0.005260 -0.020681 0.058338
v 0.004338 0.005375 0.064903
v 0.004149 0.009054 0.062114
v 0.010113 -0.034785 0.058222
v 0.005182 -0.034374 0.059621
v 0.004523 -0.030093 0.059085
v 0.008842 -0.030086 0.057820
v 0.013302 -0.030733 0.055296
v 0.015112 -0.036323 0.055512
v 0.002668 -0.023130 0.059255
v 0.010545 -0.037084 0.058344
v 0.010954 -0.039640 0.058017
v 0.015684 -0.038723 0.055468
v 0.016054 -0.040990 0.054954
v 0.019920 -0.038466 0.052184
v 0.018612 -0.032444 0.052225
v 0.024487 -0.034254 0.048763
v 0.023916 -0.040746 0.048699
v 0.031737 -0.043486 0.043375
v 0.026747 -0.045569 0.043745
v 0.026945 -0.044430 0.044368
v 0.026634 -0.043345 0.045338
v 0.030851 -0.040537 0.044784
v 0.035231 -0.042940 0.041946
v 0.034048 -0.038522 0.043435
v 0.028720 -0.037512 0.046478
v 0.025869 -0.042191 0.046601
v 0.025594 -0.044720 0.044524
v 0.024628 -0.044940 0.044337
v 0.025403 -0.044131 0.045407
v 0.024424 -0.044679 0.045076
v 0.024771 -0.043625 0.046488
v 0.023972 -0.044524 0.045964
v 0.023022 -0.044260 0.047303
v 0.023564 -0.042852 0.048153
v 0.022521 -0.045268 0.042965
v 0.021583 -0.045366 0.043966
v 0.021748 -0.045394 0.045280
v 0.022629 -0.045202 0.044199
v 0.023014 -0.045372 0.042474
v 0.023061 -0.045168 0.043600
v 0.022738 -0.044732 0.040484
v 0.021465 -0.044072 0.042128
v -0.047546 -0.084713 -0.023360
v -0.055213 -0.082045 -0.036770
v 0.023476 -0.045681 0.041763
v 0.023556 -0.045300 0.042720
v 0.023655 -0.045155 0.043986
v 0.023631 -0.045012 0.044407
v 0.023191 -0.044984 0.045141
v 0.022335 -0.045096 0.046216
v 0.016103 -0.042918 0.053646
v 0.019692 -0.042544 0.051417
v 0.019434 -0.044113 0.049900
v 0.016007 -0.044829 0.051466
v 0.019078 -0.045159 0.048283
v 0.017855 -0.036664 0.042757
v 0.015688 -0.045466 0.049594
v 0.020463 -0.040970 0.041378
v 0.021301 -0.038414 0.039337
v 0.019375 -0.043712 0.043857
v 0.023950 -0.044162 0.036772
v 0.022386 -0.042584 0.039134
v 0.025136 -0.043711 0.034327
v 0.023350 -0.040717 0.037162
v 0.018918 -0.045558 0.046383
v 0.019930 -0.040722 0.052052
v 0.011474 -0.041996 0.056574
v 0.006366 -0.041526 0.058758
v -0.033996 0.005010 0.036053
v -0.033390 0.002279 0.037445
v -0.029211 0.003555 0.038432
v -0.030022 0.005973 0.037232
v 0.005127 -0.002544 0.071197
v 0.004765 0.001697 0.067916
v 0.022996 -0.045358 0.044477
v 0.010356 -0.125160 -0.003507
v -0.074610 -0.007804 -0.045325
v -0.074113 -0.007042 -0.044038
v -0.082298 0.014438 -0.068094
v 0.025989 -0.046702 0.043706
v 0.023722 -0.052331 0.035995
v 0.022781 -0.048638 0.039538
v 0.031667 -0.056763 0.040532
v 0.026969 -0.061199 0.043308
v 0.024764 -0.056948 0.045082
v 0.028663 -0.053149 0.042284
v 0.022080 -0.050328 0.047382
v 0.024482 -0.048286 0.044831
v -0.088012 0.017052 -0.062441
v 0.023325 -0.046993 0.045646
v 0.021176 -0.048163 0.048200
v 0.020331 -0.046609 0.048678
v 0.022432 -0.046016 0.045910
v 0.018414 -0.045473 0.047619
v 0.014301 -0.045098 0.050998
v 0.013683 -0.049049 0.046394
v 0.018165 -0.049242 0.043615
v 0.021405 -0.049010 0.040944
v 0.021357 -0.045609 0.044334
v -0.082157 0.021420 -0.062337
v -0.080873 0.023695 -0.057544
v -0.079718 0.022176 -0.056421
v -0.080845 0.019592 -0.060623
v 0.019070 -0.045021 0.048248
v 0.021666 -0.045286 0.045022
v 0.014703 -0.044719 0.051894
v 0.020890 -0.121732 -0.008729
v 0.021933 -0.045384 0.045712
v 0.019479 -0.045326 0.048490
v 0.015413 -0.045442 0.052460
v 0.016413 -0.047316 0.052907
v 0.017236 -0.049623 0.052906
v 0.017908 -0.052559 0.051901
v 0.019836 -0.060158 0.049057
v 0.020860 -0.065369 0.047919
v 0.013703 -0.062310 0.052554
v 0.014211 -0.067723 0.052091
v 0.012860 -0.054295 0.056035
v 0.012522 -0.050595 0.057412
v 0.011906 -0.047800 0.057162
v 0.011213 -0.045582 0.056166
v 0.003299 -0.024872 0.058905
v 0.005100 -0.018873 0.059449
v 0.004105 -0.018700 0.061790
v 0.007407 -0.015201 0.067186
v 0.001728 -0.019543 0.064203
v 0.009648 -0.013386 0.066708
v 0.008236 -0.014049 0.068225
v 0.008835 -0.012248 0.069085
v 0.009912 -0.011618 0.067832
v 0.006898 -0.014722 0.069560
v 0.008070 -0.012446 0.070204
v 0.003147 -0.015993 0.071466
v 0.004122 -0.012406 0.073703
v 0.005104 -0.006390 0.073392
v 0.004565 -0.010029 0.074158
v 0.009271 -0.010512 0.069683
v 0.010400 -0.008517 0.068317
v -0.090216 0.017710 -0.063724
v 0.010695 -0.005645 0.065770
v 0.012696 -0.008033 0.062144
v 0.010407 0.130223 -0.043976
v 0.010501 -0.044566 0.055282
v 0.009949 -0.044977 0.053441
v -0.073272 -0.020460 -0.045439
v -0.081748 0.005951 -0.058427
v 0.013382 -0.059806 0.039727
v 0.013474 -0.055283 0.042193
v 0.009079 -0.055414 0.043851
v -0.080327 0.024112 -0.054874
v -0.083788 0.025627 -0.055671
v 0.009026 -0.060321 0.041348
v 0.005573 -0.045001 0.054549
v -0.088211 -0.005374 -0.068080
v -0.090466 0.016214 -0.065842
v -0.088681 0.014795 -0.064698
v -0.081427 0.016309 -0.049293
v -0.075840 -0.011673 -0.062503
v -0.082369 -0.011474 -0.060171
v -0.080858 -0.013970 -0.058561
v -0.075147 -0.013500 -0.061363
v -0.070390 0.001698 -0.056577
v 0.005154 -0.048996 0.049386
v 0.009396 -0.048882 0.048257
v 0.005857 -0.044477 0.056779
v 0.006371 -0.045674 0.058053
v 0.006928 -0.048039 0.059395
v 0.004855 -0.055704 0.044649
v 0.004908 -0.060588 0.042200
v -0.070147 -0.016014 -0.037065
v 0.022190 -0.053996 0.037359
v -0.077857 -0.026923 -0.052461
v -0.078958 -0.025749 -0.054815
v -0.031562 -0.033529 -0.115701
v -0.034898 -0.022382 -0.122209
v -0.089465 -0.005468 -0.070888
v 0.023045 -0.057710 0.035283
v 0.018182 -0.055083 0.039938
v 0.018492 -0.059163 0.037790
v 0.007977 -0.068254 0.055244
v 0.007686 -0.063259 0.055238
v 0.007095 -0.051540 0.059710
v 0.007188 -0.055670 0.058137
v 0.022443 0.114572 -0.112391
v 0.062847 0.077057 -0.005782
v 0.061297 0.070229 0.002194
v -0.082501 0.018072 -0.056520
v 0.054317 0.077878 0.009267
v 0.056286 0.083240 0.001850
v 0.063617 0.084819 -0.014026
v 0.056948 0.089872 -0.005985
v 0.040121 0.121868 -0.063405
v 0.040712 0.121363 -0.049107
v 0.021612 0.127560 -0.045208
v 0.034948 0.121872 -0.077425
v 0.047246 0.113298 -0.086693
v 0.049570 0.116177 -0.067273
v 0.049584 0.116237 -0.051932
v -0.074775 -0.021032 -0.046808
v -0.073842 -0.026953 -0.046167
v -0.072580 -0.026388 -0.044103
v -0.077121 0.008934 -0.055047
v 0.024161 -0.086585 -0.105522
v 0.052278 0.043103 -0.131229
v 0.048271 0.115296 -0.038092
v 0.040056 0.119649 -0.035289
v 0.039526 0.116626 -0.022874
v 0.046963 0.113102 -0.026347
v 0.021465 0.125335 -0.030733
v 0.010371 0.127679 -0.028882
v 0.018022 0.006314 -0.143795
v 0.004125 0.012543 0.059409
v 0.045756 -0.049039 -0.088742
v 0.055002 -0.049256 -0.070932
v 0.056700 -0.101043 -0.048500
v 0.067375 -0.026266 -0.052164
v 0.066958 -0.025795 -0.053118
v 0.058426 -0.064089 -0.052499
v 0.059297 -0.050238 -0.053582
v 0.036578 -0.047997 -0.100661
v 0.076995 -0.014928 -0.062870
v 0.077893 -0.011280 -0.064123
v 0.078345 -0.015890 -0.062577
v 0.079414 -0.011975 -0.063918
v 0.079821 -0.007967 -0.064492
v 0.079092 -0.017816 -0.061895
v 0.077338 0.020219 -0.053281
v 0.078489 0.021797 -0.052487
v -0.076570 -0.017183 -0.063360
v -0.076966 -0.015029 -0.064257
v 0.067245 -0.028342 -0.047962
v 0.067001 -0.027563 -0.049627
v -0.061423 -0.005486 -0.052401
v 0.066584 -0.027981 -0.048689
v 0.066344 -0.028574 -0.047450
v 0.067011 -0.029379 -0.046446
v 0.066321 -0.029231 -0.046323
v 0.077740 0.035855 -0.046614
v 0.064909 -0.028515 -0.049723
v 0.066335 -0.026129 -0.052396
v 0.066570 -0.027045 -0.050933
v 0.065661 -0.027863 -0.049597
v 0.065580 -0.029076 -0.047546
v 0.065621 -0.030029 -0.045840
v 0.066632 -0.030647 -0.045343
v -0.078207 -0.022800 -0.060963
v -0.074331 -0.028165 -0.055439
v -0.059638 -0.078784 -0.050248
v -0.057814 -0.075993 -0.065129
v -0.058460 -0.087479 -0.063160
v -0.058911 -0.091336 -0.048710
v -0.072212 -0.002189 -0.038029
v -0.072338 -0.009445 -0.040805
v -0.071530 -0.010484 -0.038925
v 0.079493 -0.019000 -0.062299
v 0.072094 -0.029779 -0.050736
v -0.024141 -0.103703 -0.001666
v -0.021137 -0.115083 -0.005936
v 0.077478 0.012401 -0.059292
v 0.077391 0.010827 -0.060616
v 0.079865 0.012410 -0.062167
v 0.079893 0.014544 -0.060816
v 0.057423 -0.010384 -0.103585
v 0.059911 0.000589 -0.108946
v 0.011272 -0.085032 -0.110347
v 0.011521 -0.070818 -0.110158
v 0.075038 0.033030 -0.094232
v 0.077626 0.014014 -0.057702
v 0.080048 0.016200 -0.059358
v 0.078526 -0.007248 -0.064473
v 0.077142 0.013147 -0.057445
v 0.076892 0.011584 -0.058995
v 0.081147 0.017815 -0.060897
v 0.081226 0.015647 -0.062543
v 0.081089 0.013336 -0.063894
v 0.076613 0.009941 -0.060591
v -0.070591 -0.015406 -0.032749
v -0.070373 -0.015928 -0.022503
v -0.071988 -0.000302 -0.022563
v -0.071636 -0.005831 -0.032316
v 0.076338 0.018690 -0.060338
v 0.080338 0.063658 -0.070704
v 0.079323 0.057736 -0.084771
v 0.076834 0.080614 -0.074211
v 0.076005 0.075583 -0.089563
v 0.071187 0.069545 -0.105487
v 0.074301 0.050709 -0.100726
v 0.076730 0.019804 -0.054743
v 0.079246 0.022715 -0.052917
v 0.064186 0.091239 -0.021930
v 0.069194 0.086122 -0.029289
v 0.057188 0.095664 -0.013235
v 0.057022 0.100841 -0.020054
v 0.063532 0.097289 -0.029015
v 0.070585 0.090303 -0.041232
v 0.079500 0.054330 -0.055655
v 0.078668 0.069143 -0.056504
v 0.075658 0.073313 -0.042870
v -0.059586 0.031036 0.014124
v -0.061294 0.031661 0.009611
v -0.061981 0.022156 0.009308
v -0.059798 0.023318 0.013257
v 0.075024 0.085692 -0.058538
v 0.066510 0.099459 -0.047660
v 0.070116 0.095770 -0.062323
v 0.059351 0.107885 -0.051593
v 0.061391 0.105828 -0.066301
v 0.061236 0.103250 -0.082369
v 0.071755 0.091762 -0.077538
v 0.061611 0.102692 -0.035274
v 0.055437 0.105558 -0.025549
v 0.056426 0.108955 -0.038848
v 0.053183 0.109558 -0.030142
v 0.073762 0.075189 -0.035567
v 0.062635 -0.034630 -0.045154
v 0.064008 -0.034853 -0.040030
v -0.019339 0.088714 0.032167
v -0.009259 0.089511 0.034416
v -0.009424 0.097021 0.028393
v -0.019763 0.095901 0.025773
v 0.068234 -0.023976 -0.033058
v -0.036743 -0.014205 -0.126592
v -0.038504 -0.003698 -0.131336
v -0.019090 -0.006527 -0.138350
v -0.018103 -0.016257 -0.133161
v 0.068319 0.001133 0.000177
v 0.068194 0.013742 -0.002313
v 0.071301 0.005748 -0.012535
v 0.069587 -0.007663 -0.009141
v -0.020285 0.113158 0.003384
v -0.009733 0.114821 0.006087
v -0.009930 0.119851 -0.003979
v -0.020660 0.117899 -0.006336
v -0.053066 0.002766 0.026919
v -0.055327 -0.003360 0.027057
v -0.051400 -0.004014 0.030856
v -0.049571 0.002197 0.029922
v 0.066802 0.027411 -0.003887
v 0.070495 0.019917 -0.014009
v 0.070802 0.033991 -0.015901
v 0.067084 0.041666 -0.004250
v 0.062088 0.064051 -0.120526
v 0.064175 0.047204 -0.118538
v -0.073631 -0.031559 -0.043216
v -0.072581 -0.030664 -0.041902
v 0.064454 0.034408 -0.116622
v 0.047906 0.058335 0.027473
v -0.010175 0.124141 -0.015765
v -0.021153 0.121985 -0.017713
v 0.021468 0.085238 -0.140686
v 0.046732 0.082343 0.016659
v 0.054636 0.084581 -0.121017
v -0.001414 -0.070489 -0.111925
v 0.041435 0.090552 -0.127612
v 0.070828 0.086847 -0.092676
v 0.067441 0.081537 -0.106234
v 0.059264 0.075116 -0.121088
v 0.063106 0.018211 -0.114393
v 0.047562 0.109289 -0.018689
v 0.056083 0.024961 0.020371
v 0.055206 0.020372 0.019441
v 0.056296 0.029804 0.021936
v 0.053402 0.015498 0.020821
v 0.015116 0.006719 0.044435
v 0.014693 0.004651 0.046409
v 0.014148 0.002332 0.048410
v 0.018170 0.001783 0.044153
v 0.017383 -0.001272 0.046012
v 0.011277 0.002197 0.053582
v 0.011490 0.005016 0.051276
v 0.013772 -0.000621 0.050348
v 0.013322 -0.003959 0.052082
v 0.011140 -0.000978 0.055954
v 0.017044 -0.016701 0.047961
v 0.018173 -0.011837 0.046543
v 0.015823 -0.007565 0.048656
v 0.021051 -0.004256 0.044547
v 0.019835 -0.007708 0.045799
v 0.016590 -0.004117 0.047478
v 0.022382 -0.000824 0.042716
v 0.014096 -0.007478 0.054655
v 0.015260 -0.010714 0.057676
v 0.011909 -0.004554 0.059014
v 0.010214 -0.002295 0.062414
v 0.009474 0.001457 0.059367
v 0.018807 0.004062 0.042364
v 0.023294 0.001911 0.041201
v 0.023429 -0.011249 0.045320
v 0.028117 -0.014643 0.045163
v 0.025424 -0.006754 0.043851
v 0.030110 -0.009605 0.043641
v 0.026802 -0.003032 0.042036
v 0.031443 -0.005585 0.041698
v 0.032498 -0.018340 0.044861
v 0.036256 -0.022429 0.043925
v 0.039696 -0.027467 0.042130
v 0.039199 -0.017324 0.042195
v 0.043107 -0.022832 0.040290
v 0.041111 -0.012179 0.040162
v 0.045708 -0.017237 0.038140
v -0.011828 0.012402 0.043573
v -0.012262 0.014399 0.040810
v -0.015997 0.011081 0.039633
v -0.015564 0.008947 0.041802
v -0.007071 0.061392 0.045703
v -0.008009 0.069318 0.043368
v -0.016928 0.069282 0.041819
v -0.015410 0.061329 0.044562
v 0.034989 -0.013143 0.043201
v 0.036577 -0.008694 0.041101
v 0.032634 -0.001561 0.039882
v 0.028050 0.000365 0.040437
v 0.042010 -0.000553 0.036285
v 0.042022 -0.006357 0.038195
v 0.037370 -0.003826 0.039108
v 0.037776 0.000971 0.037315
v 0.047227 -0.010256 0.036070
v 0.046812 -0.002345 0.034693
v 0.045672 0.002852 0.033082
v 0.031352 0.009489 0.036604
v 0.026385 0.010166 0.037346
v 0.034977 0.009216 0.035532
v 0.041484 0.003678 0.034713
v 0.037962 0.004434 0.036021
v 0.049154 0.010530 0.026570
v 0.046969 0.009654 0.028819
v 0.041251 0.009090 0.032833
v 0.038357 0.009077 0.034289
v 0.044195 0.009334 0.031019
v 0.021834 0.011822 0.037395
v 0.017425 0.014100 0.037400
v 0.054335 -0.062393 -0.067986
v 0.009219 0.004871 0.056982
v 0.009033 0.007983 0.054614
v 0.014551 0.031057 0.040707
v 0.012652 0.028325 0.039331
v 0.007613 0.028563 0.046932
v 0.018859 0.034587 0.043093
v 0.013748 0.016814 0.037519
v -0.020506 0.008380 0.038598
v -0.019767 0.006331 0.039990
v 0.012160 0.019187 0.037505
v 0.011226 0.022396 0.037777
v 0.011312 0.025256 0.038468
v -0.009505 0.103568 0.021666
v -0.019992 0.102291 0.018849
v -0.020718 0.127882 -0.067969
v -0.021177 0.128210 -0.059464
v -0.009923 0.130909 -0.059895
v -0.010998 0.129914 -0.072489
v 0.030635 0.048264 0.044918
v 0.027639 0.041807 0.046369
v 0.057944 0.063652 0.011337
v 0.061695 0.054904 0.007385
v 0.050433 0.044117 0.029843
v 0.053592 0.040007 0.026695
v 0.055685 0.034982 0.023972
v 0.063392 0.043175 0.004515
v 0.063864 0.030758 0.003668
v 0.064949 0.019034 0.004462
v -0.069494 -0.000617 -0.092103
v -0.072729 -0.001860 -0.076917
v -0.075585 0.010186 -0.078393
v -0.073490 0.015927 -0.094804
v 0.048677 0.094194 0.002358
v -0.034810 -0.096634 -0.011198
v -0.032404 -0.108361 -0.014522
v -0.001455 -0.084271 -0.111710
v 0.048609 0.099764 -0.004585
v 0.048167 0.088191 0.009561
v 0.039276 0.112733 -0.013339
v 0.039315 0.108340 -0.004886
v 0.048247 0.104790 -0.011556
v 0.039770 0.103292 0.002485
v 0.040090 0.097726 0.009345
v 0.039602 0.091794 0.016572
v 0.038536 0.085551 0.023475
v 0.036947 0.076950 0.030294
v 0.044368 -0.061432 -0.085820
v 0.007367 -0.006816 0.055380
v 0.006655 -0.006606 0.055914
v -0.052439 0.052983 0.022256
v -0.054328 0.058483 0.017925
v -0.057748 0.051284 0.014087
v -0.055657 0.046840 0.018757
v 0.006214 -0.007444 0.054861
v 0.005592 -0.007142 0.055377
v 0.005060 -0.008975 0.055078
v 0.006582 -0.015854 0.057212
v 0.005315 -0.013980 0.056172
v 0.004612 -0.010658 0.054939
v 0.066416 -0.030389 -0.034765
v -0.005587 0.048856 0.049151
v -0.012986 0.048624 0.048604
v -0.011120 0.042528 0.048900
v -0.004892 0.042582 0.049572
v -0.059607 0.015958 0.013678
v -0.062377 0.013085 0.010815
v -0.061548 0.005029 0.015540
v -0.058475 0.008966 0.017433
v -0.055574 0.004165 0.023602
v -0.058125 -0.001596 0.023223
v -0.018334 0.078960 0.038145
v -0.008707 0.079412 0.039942
v -0.059923 0.041929 0.010976
v -0.058104 0.039182 0.015967
v -0.009051 0.015668 0.046245
v -0.009745 0.017187 0.042620
v -0.006953 0.022409 0.045530
v -0.003644 0.021573 0.051346
v -0.003289 0.025581 0.049833
v -0.006583 0.025455 0.046107
v -0.033029 0.060848 0.037647
v -0.034727 0.068240 0.034329
v -0.042287 0.066906 0.028874
v -0.040649 0.059986 0.032501
v -0.020140 0.107931 0.011589
v -0.009595 0.109389 0.014407
v -0.003788 0.034813 0.048826
v -0.008225 0.034728 0.047173
v -0.007009 0.031454 0.046407
v -0.003650 0.031588 0.048710
v -0.024453 0.004743 0.039287
v -0.025286 0.006984 0.038184
v -0.066026 -0.030704 -0.045755
v -0.067041 -0.031727 -0.045587
v -0.073135 0.015170 -0.034895
v -0.072086 0.004625 -0.033263
v -0.072160 0.012961 -0.023434
v -0.072406 0.025612 -0.025440
v -0.074661 0.037389 -0.028782
v -0.075994 0.045977 -0.033962
v -0.076708 0.030435 -0.041259
v -0.075084 0.024099 -0.037048
v -0.052862 -0.084771 -0.075705
v -0.050436 -0.074535 -0.079047
v -0.003419 0.018322 0.054072
v -0.003341 0.015317 0.056628
v -0.020966 0.035607 -0.149837
v -0.020535 0.021991 -0.147947
v -0.040739 0.025971 -0.139529
v -0.040949 0.038948 -0.141006
v -0.066358 -0.011291 -0.088148
v -0.070177 -0.010730 -0.074186
v -0.010007 -0.012021 0.058598
v -0.006900 -0.007633 0.053946
v -0.006948 -0.011268 0.052884
v -0.006649 -0.008752 0.053981
v -0.010050 -0.014607 0.060281
v -0.012121 -0.015385 0.061557
v -0.007809 -0.014738 0.053663
v -0.007172 -0.014539 0.054019
v -0.006421 -0.010965 0.053088
v -0.008156 -0.007126 0.054614
v -0.001568 -0.018588 0.066819
v -0.002031 -0.017084 0.069783
v -0.005843 -0.015767 0.068494
v -0.004442 -0.017190 0.066384
v -0.004736 -0.008503 0.055243
v -0.003832 -0.010526 0.055828
v -0.004893 -0.012413 0.062981
v -0.006532 -0.008639 0.059119
v -0.006971 -0.006624 0.056383
v -0.006468 -0.011743 0.062197
v -0.005685 -0.017606 0.059261
v -0.008165 -0.011645 0.060583
v -0.077932 -0.017796 -0.053043
v -0.057247 -0.064798 -0.031795
v -0.061729 -0.049937 -0.039374
v -0.060765 -0.050370 -0.045010
v -0.058178 -0.065973 -0.040842
v -0.079663 0.008180 -0.056496
v -0.066446 0.057665 -0.004172
v -0.068034 0.069545 -0.013374
v -0.073325 0.057787 -0.025061
v -0.072703 0.047013 -0.019939
v -0.068517 0.079339 -0.021553
v -0.073805 0.068701 -0.032346
v -0.077103 0.056560 -0.042061
v -0.079067 0.036307 -0.055920
v -0.041069 0.017979 0.032066
v -0.041276 0.017651 0.031976
v -0.039768 0.017194 0.033110
v -0.039633 0.017577 0.033236
v -0.040789 0.018226 0.031852
v -0.039504 0.017802 0.032792
v -0.041843 0.018694 0.031019
v -0.042159 0.018398 0.031241
v -0.042299 0.018047 0.031139
v -0.024513 0.018442 0.035377
v -0.024893 0.018633 0.034640
v -0.027261 0.018011 0.035569
v -0.027113 0.017785 0.036369
v -0.024392 0.018067 0.035676
v -0.027379 0.017282 0.036465
v -0.023571 0.020252 0.029348
v -0.023365 0.020866 0.029388
v -0.024555 0.019345 0.029613
v -0.022384 0.020868 0.032176
v -0.022205 0.021797 0.032281
v -0.022932 0.022444 0.029510
v -0.023141 0.021392 0.029391
v -0.022620 0.020297 0.032317
v -0.021112 0.019984 0.032938
v -0.020723 0.020478 0.032793
v -0.020762 0.021251 0.032989
v -0.031946 0.016206 0.036480
v -0.032274 0.015587 0.036180
v -0.027867 0.016073 0.036388
v -0.027693 0.016686 0.036488
v -0.031648 0.016766 0.036597
v -0.034900 0.016762 0.035895
v -0.035225 0.016233 0.035634
v -0.035503 0.015652 0.035236
v -0.024531 0.016989 0.035843
v -0.024458 0.017574 0.035805
v -0.035756 0.014985 0.034796
v -0.032526 0.014876 0.035744
v -0.028018 0.015314 0.036139
v -0.024433 0.016443 0.035889
v -0.021329 0.017876 0.035271
v -0.021915 0.018171 0.035201
v -0.032726 0.014102 0.035391
v -0.032611 0.013309 0.035122
v -0.027901 0.013745 0.035854
v -0.028027 0.014502 0.035932
v -0.035922 0.014205 0.034384
v -0.035852 0.013323 0.034111
v -0.044010 0.018343 0.029424
v -0.044589 0.018860 0.028774
v -0.044709 0.018148 0.028575
v -0.044392 0.017666 0.028918
v -0.047216 0.015110 0.025131
v -0.048147 0.016480 0.024342
v -0.050204 0.015277 0.022742
v -0.048959 0.013843 0.024030
v -0.057443 0.006037 0.020410
v -0.050995 0.011405 0.023311
v -0.052331 0.012958 0.021293
v -0.043322 0.017887 0.030138
v -0.042489 0.017547 0.030930
v -0.043150 0.018452 0.030351
v -0.043827 0.018916 0.029681
v -0.043765 0.017265 0.029630
v -0.042845 0.016907 0.030574
v -0.041495 0.017175 0.031782
v -0.041800 0.016524 0.031482
v -0.040240 0.016076 0.032646
v -0.039985 0.016688 0.032893
v -0.037798 0.016384 0.034246
v -0.037575 0.016890 0.034507
v -0.038086 0.015783 0.033906
v -0.040531 0.015381 0.032373
v -0.038442 0.015110 0.033556
v -0.042210 0.015815 0.031033
v -0.043331 0.016239 0.029979
v -0.044195 0.016676 0.028996
v -0.044866 0.017117 0.028253
v -0.045289 0.017786 0.027789
v -0.044722 0.015947 0.028104
v -0.045268 0.015206 0.027212
v -0.044047 0.014656 0.028529
v -0.043757 0.015484 0.029236
v -0.045552 0.016511 0.027225
v -0.046247 0.015871 0.026173
v -0.042516 0.015110 0.030528
v -0.042705 0.014310 0.029947
v -0.040800 0.013896 0.031513
v -0.040716 0.014755 0.032060
v -0.038734 0.014400 0.033193
v -0.038804 0.013535 0.032713
v -0.031483 0.017221 0.036572
v -0.031341 0.017532 0.035940
v -0.034555 0.017513 0.035388
v -0.034737 0.017178 0.036000
v -0.037390 0.017295 0.034596
v -0.037343 0.017607 0.034091
v -0.034662 0.016526 0.033051
v -0.033764 0.017462 0.029106
v -0.036659 0.017489 0.028352
v -0.037958 0.016737 0.031980
v -0.030891 0.016394 0.033476
v -0.030429 0.017801 0.029667
v -0.027250 0.016986 0.033571
v -0.027155 0.018523 0.029756
v -0.024784 0.018560 0.033283
v -0.033441 0.028670 0.036803
v -0.033646 0.029301 0.037025
v -0.038246 0.028484 0.036232
v -0.037788 0.027780 0.035928
v -0.051559 -0.000619 -0.121390
v -0.052821 0.014403 -0.126904
v -0.040190 0.010056 -0.136140
v -0.040758 0.025127 0.034834
v -0.040745 0.026006 0.034627
v -0.043003 0.025084 0.032969
v -0.042853 0.024265 0.033150
v -0.040703 0.024248 0.034861
v -0.042664 0.023459 0.033001
v -0.037721 0.025144 0.036514
v -0.037756 0.026042 0.036478
v -0.037730 0.026894 0.036116
v -0.043293 0.023427 0.028028
v -0.042292 0.024844 0.028831
v -0.042029 0.022951 0.031428
v -0.042904 0.022243 0.030251
v -0.043821 0.022783 0.027324
v -0.043455 0.021709 0.029328
v -0.043092 0.023573 0.023876
v -0.042257 0.024288 0.024535
v -0.041017 0.025154 0.025503
v -0.043560 0.022877 0.023502
v -0.043823 0.022145 0.023367
v -0.043750 0.021336 0.023312
v -0.043458 0.020562 0.023627
v -0.060338 -0.009960 0.020637
v -0.060146 0.001078 0.019458
v -0.062681 -0.006777 0.016326
v -0.042917 0.018865 0.030486
v -0.043586 0.019366 0.029790
v -0.042509 0.019188 0.030337
v -0.042949 0.019586 0.029798
v -0.044084 0.019884 0.029057
v -0.044479 0.019449 0.028920
v -0.041386 0.017521 0.029781
v -0.040871 0.018207 0.026561
v -0.042005 0.018725 0.025664
v -0.042333 0.018444 0.028613
v -0.040190 0.016947 0.030762
v -0.039092 0.017743 0.027483
v -0.042608 0.019276 0.024896
v -0.043102 0.019921 0.024149
v -0.042935 0.018995 0.027987
v -0.043412 0.019569 0.027196
v -0.043385 0.020055 0.029170
v -0.044026 0.020912 0.026493
v -0.044118 0.021466 0.026579
v -0.043713 0.020441 0.028502
v -0.044056 0.020875 0.027896
v -0.043801 0.020321 0.026638
v -0.044065 0.022128 0.026837
v -0.043819 0.021259 0.028459
v -0.044982 0.018884 0.028254
v -0.044907 0.019884 0.028244
v -0.045701 0.020712 0.027409
v -0.045553 0.018734 0.027489
v -0.046502 0.018637 0.026405
v -0.046107 0.017334 0.026643
v -0.046844 0.021131 0.026636
v -0.048033 0.021720 0.025771
v -0.047579 0.018633 0.025299
v -0.046944 0.017033 0.025592
v -0.044469 0.020279 0.028411
v -0.044788 0.020706 0.027951
v -0.046252 0.022120 0.027928
v -0.046997 0.022915 0.027570
v -0.045242 0.021503 0.028409
v -0.044670 0.022061 0.029732
v -0.045486 0.022825 0.029620
v -0.045973 0.023654 0.029461
v -0.044410 0.023464 0.031335
v -0.044763 0.024287 0.031190
v -0.043837 0.022723 0.031246
v -0.044400 0.021254 0.028703
v -0.043929 0.021707 0.029656
v -0.043212 0.022241 0.030869
v -0.042282 0.022813 0.032288
v -0.040583 0.023682 0.034294
v -0.040367 0.023844 0.033366
v -0.037655 0.024439 0.036022
v -0.037605 0.024535 0.035179
v -0.034131 0.030313 0.037907
v -0.039358 0.029793 0.036885
v -0.037643 0.026764 0.032075
v -0.035933 0.026528 0.028648
v -0.033378 0.026761 0.030037
v -0.034179 0.027154 0.033871
v -0.022398 0.022261 0.032522
v -0.022800 0.023212 0.033109
v -0.023400 0.024292 0.030151
v -0.022863 0.023195 0.029635
v -0.021519 0.021692 0.033472
v -0.022630 0.022584 0.034177
v -0.026302 0.026061 0.034827
v -0.027010 0.026087 0.030932
v -0.024390 0.025603 0.030677
v -0.023991 0.024783 0.034078
v -0.027143 0.024469 0.036147
v -0.024420 0.023486 0.035152
v -0.034031 0.025081 0.036314
v -0.022155 0.071446 -0.146813
v -0.021771 0.055805 -0.149953
v -0.041197 0.057618 -0.141115
v -0.041134 0.071219 -0.138587
v -0.040734 0.026077 0.030216
v -0.038800 0.025992 0.027100
v -0.051138 0.072374 -0.130952
v -0.050262 0.081038 -0.128065
v -0.041475 0.082877 -0.133461
v -0.037516 -0.062235 -0.097758
v -0.027401 -0.072694 -0.104383
v -0.020761 0.021436 0.034600
v -0.022183 0.022302 0.035201
v -0.019793 0.020870 0.034147
v -0.018690 0.020810 0.034471
v -0.019610 0.021682 0.034794
v -0.021099 0.022803 0.035439
v -0.024011 0.023387 0.035998
v -0.023148 0.023997 0.036388
v -0.026272 0.025254 0.037394
v -0.026912 0.024538 0.037011
v -0.033800 0.024912 0.037252
v -0.033547 0.025672 0.037502
v -0.025677 0.026152 0.037224
v -0.022521 0.024912 0.036155
v -0.025205 0.027149 0.036786
v -0.022269 0.026076 0.035777
v -0.033334 0.027673 0.037077
v -0.033384 0.026618 0.037441
v -0.021925 0.018603 0.035038
v -0.019244 0.019276 0.034642
v -0.022228 0.019020 0.034578
v -0.020183 0.019664 0.034215
v -0.023114 0.019258 0.033733
v -0.019500 0.020104 0.034080
v -0.018470 0.019852 0.034460
v -0.023129 0.019550 0.032560
v -0.018613 0.022188 0.034466
v -0.017609 0.020896 0.034415
v -0.017372 0.022782 0.034077
v -0.016406 0.021051 0.034233
v -0.019398 0.024831 0.034578
v -0.020224 0.023671 0.035052
v -0.017396 0.019640 0.034516
v -0.018047 0.019002 0.034722
v -0.016329 0.019565 0.034432
v -0.017051 0.018760 0.034634
v -0.024194 0.015858 0.035924
v -0.023875 0.015177 0.035952
v -0.020653 0.017365 0.035396
v -0.020003 0.016838 0.035416
v -0.032356 0.012275 0.035005
v -0.035626 0.012376 0.033963
v -0.031901 0.011019 0.035077
v -0.035319 0.010918 0.033934
v -0.027056 0.011622 0.036027
v -0.027553 0.012759 0.035856
v -0.032518 -0.116379 -0.015854
v -0.046006 0.014248 0.026470
v -0.047375 0.012683 0.025841
v -0.045666 0.011937 0.027557
v -0.044582 0.013719 0.027913
v -0.043015 0.013264 0.029404
v -0.043552 0.011391 0.029377
v -0.041075 0.011146 0.031032
v -0.040968 0.012851 0.031029
v -0.038723 0.012580 0.032474
v -0.038531 0.011002 0.032462
v -0.049117 0.018173 0.023799
v -0.050221 0.021634 0.023547
v -0.051105 0.017228 0.022029
v -0.052605 0.021135 0.021313
v -0.015877 0.023784 0.034328
v -0.015095 0.021522 0.034195
v -0.013762 0.024669 0.035505
v -0.013342 0.022138 0.035046
v -0.015262 0.027597 0.036701
v -0.017417 0.026697 0.035273
v -0.015423 0.019590 0.034337
v -0.016133 0.018466 0.034490
v -0.014069 0.019506 0.034837
v -0.015149 0.017957 0.034910
v -0.023350 0.014244 0.035875
v -0.022768 0.013187 0.036034
v -0.019320 0.016172 0.035356
v -0.018430 0.015324 0.035668
v -0.049687 -0.011706 -0.116349
v -0.053688 0.030202 -0.129887
v -0.046955 0.034209 0.034375
v -0.044526 0.031268 0.035056
v -0.040920 0.032258 0.037361
v -0.042861 0.035709 0.037629
v -0.049292 0.038720 0.032478
v -0.051892 0.035518 0.029328
v -0.049570 0.032150 0.031220
v -0.047143 0.029783 0.032419
v -0.051061 0.024530 0.024526
v -0.049215 0.024411 0.026183
v -0.049275 0.026171 0.027702
v -0.051167 0.026851 0.026239
v -0.053474 0.024670 0.022204
v -0.053852 0.028076 0.023985
v -0.050604 0.029235 0.028518
v -0.048491 0.027886 0.029921
v -0.053148 0.031466 0.026704
v -0.023222 0.032308 0.039121
v -0.024129 0.030851 0.037654
v -0.021092 0.028795 0.036119
v -0.019371 0.029584 0.037106
v -0.021860 0.033674 0.040271
v -0.017306 0.030353 0.038192
v -0.036438 0.036833 0.040504
v -0.035134 0.033000 0.039214
v -0.024888 0.028013 0.036450
v -0.022559 0.026830 0.035880
v -0.024738 0.028661 0.036386
v -0.022353 0.027336 0.035710
v -0.058814 0.091968 -0.110131
v -0.061010 0.098024 -0.097643
v -0.044390 0.108726 -0.103961
v -0.043602 0.101273 -0.116264
v -0.040822 0.026675 0.034502
v -0.041244 0.027453 0.034809
v -0.043705 0.026558 0.032962
v -0.043140 0.025756 0.032818
v -0.045029 0.025002 0.031019
v -0.045649 0.025741 0.030960
v -0.046941 0.024946 0.029080
v -0.046319 0.024356 0.029276
v -0.047043 0.023895 0.028009
v -0.047606 0.023992 0.027499
v -0.022110 0.028203 0.035974
v -0.024554 0.029405 0.036739
v -0.052581 0.060428 -0.132151
v -0.044213 0.074543 0.023854
v -0.051238 0.070929 0.017220
v -0.049020 0.064305 0.022825
v -0.042470 0.028902 0.035210
v -0.045080 0.027889 0.032990
v -0.046861 0.026758 0.030721
v -0.047912 0.025591 0.028763
v -0.048327 0.024696 0.027441
v -0.070833 -0.013312 -0.038880
v -0.071497 -0.013358 -0.040714
v -0.079617 -0.003647 -0.065740
v -0.078070 0.002854 -0.064844
v -0.076851 0.006358 -0.063801
v -0.077697 0.015157 -0.050749
v -0.081692 0.018240 -0.053621
v -0.082143 -0.021863 -0.059781
v -0.078972 -0.023686 -0.055944
v -0.082175 -0.020955 -0.060442
v -0.088031 0.014924 -0.064901
v -0.088307 0.013322 -0.066312
v -0.089039 0.013173 -0.066242
v -0.043044 -0.033087 -0.105884
v -0.047272 -0.020509 -0.112176
v -0.088833 0.011289 -0.067774
v -0.073612 -0.008681 -0.043215
v -0.080672 -0.004186 -0.066112
v -0.082329 -0.004717 -0.067941
v -0.082571 -0.009723 -0.068340
v -0.082128 -0.009231 -0.067230
v -0.081562 -0.014561 -0.066382
v -0.081287 -0.013648 -0.065633
v -0.083871 -0.018274 -0.063103
v -0.086143 -0.014832 -0.065087
v -0.082869 0.018761 -0.054663
v -0.082039 0.017791 -0.053087
v -0.083576 0.018482 -0.054923
v -0.074264 -0.009868 -0.044671
v -0.075927 0.013519 -0.050484
v -0.075468 0.011279 -0.049396
v -0.075042 0.011559 -0.049877
v -0.070243 -0.004833 -0.048914
v -0.070275 -0.003875 -0.049041
v -0.071422 -0.006272 -0.048369
v -0.074066 -0.007872 -0.047034
v -0.067589 -0.015467 -0.047126
v -0.066799 -0.016852 -0.049461
v -0.067356 -0.017875 -0.048619
v -0.085055 0.025383 -0.058770
v -0.075604 0.010340 -0.049163
v -0.077001 0.011434 -0.049230
v -0.077335 0.012605 -0.049528
v -0.084415 0.018183 -0.055225
v -0.077419 0.013499 -0.049850
v -0.076757 0.013418 -0.049756
v -0.078368 0.014979 -0.050630
v -0.076183 0.013277 -0.049994
v -0.073878 -0.011529 -0.061358
v -0.072652 -0.012056 -0.059397
v -0.072842 0.007659 -0.039497
v -0.073419 0.005304 -0.042093
v -0.077936 -0.024326 -0.053787
v -0.076092 0.013958 -0.060209
v -0.076150 0.016427 -0.061207
v -0.087322 -0.010036 -0.067017
v -0.080268 -0.015427 -0.056714
v -0.078188 -0.016139 -0.054800
v -0.082203 -0.014375 -0.058514
v -0.083780 -0.011855 -0.060153
v -0.071008 0.004398 -0.054997
v -0.082480 0.007965 -0.059165
v -0.083125 0.005898 -0.060567
v -0.081076 0.007942 -0.057484
v -0.077337 0.019935 -0.059162
v -0.077024 0.019925 -0.056934
v -0.077880 0.014293 -0.057671
v -0.076290 0.018383 -0.056539
v -0.069643 -0.012006 -0.047560
v -0.069390 -0.018137 -0.051109
v -0.068326 -0.016013 -0.051819
v -0.070477 -0.018023 -0.052044
v -0.069776 -0.017210 -0.053418
v -0.070348 -0.015731 -0.055189
v -0.071115 -0.013848 -0.056587
v -0.070830 -0.011249 -0.057458
v -0.069239 -0.007925 -0.048441
v -0.077540 0.019658 -0.046289
v -0.068725 -0.009781 -0.048191
v -0.070573 -0.006215 -0.048581
v -0.070755 -0.008002 -0.048102
v -0.070484 -0.009993 -0.047673
v -0.075291 -0.018766 -0.048220
v -0.076107 -0.017281 -0.050828
v -0.073864 -0.017996 -0.047548
v -0.076914 -0.016686 -0.052969
v -0.072666 -0.017683 -0.047219
v -0.075920 0.015268 -0.058509
v -0.076209 0.018335 -0.058423
v -0.071274 -0.009815 -0.036732
v -0.064633 -0.001564 0.011345
v -0.065847 0.007920 0.005893
v -0.025913 -0.051773 0.033153
v -0.024855 -0.055060 0.033748
v -0.057205 -0.012910 0.025188
v -0.052717 -0.015603 0.030616
v -0.025248 -0.044789 0.043425
v -0.024515 -0.045526 0.043762
v -0.023622 -0.045133 0.044093
v -0.024390 -0.044697 0.043587
v -0.022134 -0.045187 0.043056
v -0.022998 -0.045122 0.042323
v -0.023225 -0.044939 0.042892
v -0.022445 -0.044912 0.043639
v -0.029266 -0.030427 0.045342
v -0.033016 -0.026468 0.043919
v -0.035327 -0.030674 0.042780
v -0.031743 -0.033903 0.044304
v -0.024761 -0.046666 0.035468
v -0.024561 -0.045189 0.035672
v -0.023354 -0.044896 0.039336
v -0.023831 -0.045618 0.039140
v -0.024441 -0.049716 0.035686
v -0.023580 -0.047154 0.039057
v -0.026514 -0.047475 0.032951
v -0.025812 -0.045060 0.033146
v -0.034414 -0.051398 0.039193
v -0.030690 -0.048968 0.040730
v -0.031655 -0.045791 0.041382
v -0.035305 -0.046675 0.039816
v -0.025212 -0.019097 0.045004
v -0.029386 -0.022768 0.044704
v -0.025914 -0.026766 0.045981
v -0.022014 -0.022681 0.046088
v -0.018280 -0.018099 0.046733
v -0.021237 -0.015249 0.045305
v -0.016783 -0.010495 0.050381
v -0.017229 -0.014191 0.051661
v -0.016559 -0.015124 0.055047
v -0.017013 -0.012975 0.053814
v -0.014663 -0.018892 0.053314
v -0.017340 -0.016371 0.050186
v -0.010864 -0.020153 0.053760
v -0.010454 -0.019454 0.054719
v -0.014859 -0.019426 0.051715
v -0.015249 -0.020418 0.049824
v -0.011370 -0.020860 0.052686
v -0.009741 -0.018467 0.055689
v -0.012408 -0.018417 0.055702
v -0.014150 -0.016620 0.057303
v -0.003923 -0.017997 0.064134
v -0.005125 -0.016712 0.066040
v -0.008959 0.013565 0.049393
v -0.011770 0.009964 0.046261
v -0.008954 0.010864 0.051700
v -0.011727 0.007673 0.048558
v -0.013256 -0.014604 0.061114
v -0.014821 -0.012671 0.059435
v -0.010992 -0.013441 0.064834
v -0.012075 -0.010714 0.064411
v -0.003373 0.028709 0.049100
v -0.001871 -0.021540 0.060002
v -0.002115 -0.022281 0.059495
v -0.001606 -0.020456 0.061921
v -0.022764 0.094266 -0.134534
v -0.023122 0.106568 -0.123253
v -0.022073 0.119972 -0.100138
v -0.019759 0.124498 -0.087745
v -0.005423 -0.039017 0.059674
v -0.004990 -0.036441 0.059681
v -0.012511 -0.039554 0.045880
v -0.006906 -0.039351 0.047399
v -0.006494 -0.043098 0.050030
v -0.011803 -0.043092 0.048446
v -0.016016 -0.043165 0.046172
v -0.016949 -0.039855 0.043720
v -0.013129 -0.036104 0.044473
v -0.007380 -0.035771 0.046055
v -0.011648 -0.045198 0.051705
v -0.006376 -0.045278 0.054002
v -0.006219 -0.043649 0.056880
v -0.011690 -0.043878 0.054046
v -0.018005 -0.024628 0.048517
v -0.013895 -0.024073 0.051105
v -0.009644 -0.024112 0.054559
v -0.006287 -0.024405 0.057107
v -0.005578 -0.022355 0.057463
v -0.008150 -0.021617 0.055295
v -0.005268 -0.021498 0.057880
v -0.007765 -0.020843 0.055920
v -0.007546 -0.020084 0.056454
v -0.008147 -0.018656 0.056852
v -0.006338 -0.018884 0.058061
v -0.006940 -0.017629 0.057728
v -0.005183 -0.020639 0.058177
v -0.003680 0.005163 0.064503
v -0.003414 0.008853 0.061716
v -0.009658 -0.034555 0.057698
v -0.004690 -0.034251 0.059220
v -0.004086 -0.029998 0.058662
v -0.008527 -0.029899 0.057273
v -0.013168 -0.030469 0.054807
v -0.014782 -0.035973 0.054975
v -0.002433 -0.023071 0.059055
v -0.010034 -0.036759 0.057864
v -0.010382 -0.039280 0.057579
v -0.015285 -0.038297 0.054935
v -0.015576 -0.040484 0.054434
v -0.019637 -0.038011 0.051638
v -0.018554 -0.032121 0.051759
v -0.024316 -0.033803 0.048254
v -0.023711 -0.040218 0.048064
v -0.031547 -0.042807 0.042543
v -0.026596 -0.044952 0.043049
v -0.026794 -0.043810 0.043689
v -0.026446 -0.042721 0.044656
v -0.030700 -0.039922 0.044071
v -0.035056 -0.042247 0.041207
v -0.033911 -0.037894 0.042786
v -0.028577 -0.036993 0.045845
v -0.025674 -0.041596 0.045932
v -0.025405 -0.044108 0.043930
v -0.024497 -0.044362 0.043873
v -0.025173 -0.043509 0.044803
v -0.024224 -0.044067 0.044569
v -0.024513 -0.043004 0.045869
v -0.023713 -0.043897 0.045431
v -0.022696 -0.043619 0.046746
v -0.023270 -0.042250 0.047518
v -0.022384 -0.044753 0.042728
v -0.021342 -0.044904 0.043719
v -0.021462 -0.044871 0.044952
v -0.022434 -0.044662 0.043910
v -0.023005 -0.044837 0.042262
v -0.022973 -0.044627 0.043346
v -0.022748 -0.044242 0.040278
v -0.021368 -0.043646 0.041902
v -0.023556 -0.045164 0.041602
v -0.023577 -0.044763 0.042541
v -0.023600 -0.044647 0.043677
v -0.023484 -0.044442 0.044037
v -0.022958 -0.044398 0.044726
v -0.022014 -0.044494 0.045777
v -0.015605 -0.042402 0.053226
v -0.019287 -0.041953 0.050875
v -0.019015 -0.043550 0.049461
v -0.015520 -0.044385 0.051135
v -0.018677 -0.044674 0.047947
v -0.017714 -0.036488 0.042566
v -0.015257 -0.045126 0.049341
v -0.020368 -0.040679 0.041158
v -0.021299 -0.038122 0.039122
v -0.019144 -0.043382 0.043626
v -0.024092 -0.043719 0.036534
v -0.022432 -0.042188 0.038895
v -0.025347 -0.043278 0.034076
v -0.023477 -0.040317 0.036910
v -0.018576 -0.045162 0.046122
v -0.019595 -0.040190 0.051478
v -0.010935 -0.041604 0.056205
v -0.005692 -0.041262 0.058474
v -0.004330 -0.002719 0.070893
v -0.004117 0.001504 0.067562
v -0.022957 -0.044906 0.044185
v -0.010843 -0.125199 -0.003565
v -0.025850 -0.046138 0.043127
v -0.023625 -0.052097 0.035799
v -0.022749 -0.048326 0.039360
v -0.031539 -0.056064 0.039890
v -0.026993 -0.060550 0.042893
v -0.024698 -0.056351 0.044682
v -0.028470 -0.052518 0.041651
v -0.021966 -0.049839 0.047122
v -0.024375 -0.047762 0.044426
v -0.023227 -0.046515 0.045327
v -0.020982 -0.047729 0.047927
v -0.020020 -0.046208 0.048375
v -0.022299 -0.045584 0.045607
v -0.017982 -0.045259 0.047412
v -0.013590 -0.044927 0.050780
v -0.013009 -0.048975 0.046122
v -0.017715 -0.049108 0.043368
v -0.021183 -0.048796 0.040740
v -0.021168 -0.045317 0.044148
v -0.018666 -0.044724 0.048024
v -0.021489 -0.044930 0.044814
v -0.014006 -0.044514 0.051647
v -0.021172 -0.121684 -0.008736
v -0.021782 -0.044973 0.045459
v -0.019112 -0.044963 0.048235
v -0.014777 -0.045158 0.052162
v -0.015890 -0.046984 0.052572
v -0.016861 -0.049252 0.052603
v -0.017676 -0.052166 0.051657
v -0.019731 -0.059635 0.048781
v -0.020848 -0.064790 0.047603
v -0.013571 -0.061942 0.052269
v -0.014072 -0.067283 0.051840
v -0.012386 -0.053971 0.055686
v -0.011949 -0.050294 0.057000
v -0.011176 -0.047600 0.056753
v -0.010396 -0.045427 0.055865
v -0.002981 -0.024781 0.058565
v -0.005138 -0.018907 0.059312
v -0.004073 -0.018777 0.061693
v -0.007140 -0.015244 0.066905
v -0.001444 -0.019569 0.064159
v -0.009508 -0.013507 0.066479
v -0.007957 -0.014129 0.067964
v -0.008595 -0.012388 0.068881
v -0.009727 -0.011732 0.067611
v -0.006438 -0.014705 0.069258
v -0.007686 -0.012571 0.069983
v -0.002364 -0.015814 0.071202
v -0.003183 -0.012336 0.073340
v -0.004141 -0.006547 0.072976
v -0.003573 -0.010065 0.073745
v -0.008956 -0.010662 0.069493
v -0.010107 -0.008638 0.068081
v -0.010549 -0.005673 0.065496
v -0.012725 -0.007997 0.061873
v -0.010432 0.130202 -0.043963
v -0.009629 -0.044447 0.055053
v -0.009064 -0.044862 0.053252
v -0.012900 -0.059828 0.039439
v -0.012918 -0.055280 0.041901
v -0.008413 -0.055434 0.043599
v -0.008459 -0.060379 0.041093
v -0.004617 -0.044869 0.054473
v -0.004350 -0.048879 0.049278
v -0.008635 -0.048756 0.048040
v -0.004863 -0.044362 0.056676
v -0.005403 -0.045594 0.057856
v -0.006036 -0.047947 0.059095
v -0.004175 -0.055695 0.044507
v -0.004301 -0.060614 0.042051
v -0.021940 -0.053838 0.037134
v -0.022813 -0.057573 0.035040
v -0.017778 -0.055004 0.039669
v -0.018138 -0.059094 0.037516
v -0.007655 -0.068055 0.054725
v -0.007292 -0.063004 0.054755
v -0.006321 -0.051360 0.059303
v -0.006695 -0.055431 0.057784
v -0.022990 0.114531 -0.112395
v -0.062713 0.076869 -0.005941
v -0.061124 0.070012 0.001919
v -0.054132 0.077674 0.009047
v -0.056134 0.083060 0.001707
v -0.063521 0.084645 -0.014136
v -0.056831 0.089714 -0.006069
v -0.040272 0.121795 -0.063387
v -0.040789 0.121286 -0.049085
v -0.021641 0.127521 -0.045187
v -0.035192 0.121807 -0.077415
v -0.047579 0.113212 -0.086693
v -0.049771 0.116077 -0.067270
v -0.049686 0.116138 -0.051919
v -0.026962 -0.086903 -0.105688
v -0.053568 0.042940 -0.131334
v -0.048302 0.115185 -0.038077
v -0.040072 0.119562 -0.035267
v -0.039494 0.116533 -0.022854
v -0.046943 0.112985 -0.026334
v -0.021448 0.125294 -0.030712
v -0.010338 0.127659 -0.028871
v -0.020063 0.006226 -0.143860
v -0.003278 0.012350 0.059026
v -0.048432 -0.049384 -0.088904
v -0.057641 -0.049647 -0.071110
v -0.058518 -0.101319 -0.048571
v -0.068600 -0.026472 -0.053828
v -0.068376 -0.026115 -0.054760
v -0.060558 -0.064474 -0.052700
v -0.061432 -0.050597 -0.053871
v -0.039260 -0.048254 -0.100790
v -0.078453 -0.015305 -0.064448
v -0.079348 -0.011745 -0.065645
v -0.079431 -0.016019 -0.064116
v -0.080524 -0.012206 -0.065492
v -0.080740 -0.008229 -0.066136
v -0.079889 -0.017779 -0.063514
v -0.077438 0.020159 -0.054221
v -0.078558 0.021781 -0.053523
v -0.068123 -0.028083 -0.049535
v -0.067975 -0.027474 -0.051249
v -0.067546 -0.027704 -0.050157
v -0.067333 -0.028272 -0.048946
v -0.067852 -0.029005 -0.048009
v -0.067291 -0.028852 -0.047774
v -0.077796 0.035730 -0.047074
v -0.066130 -0.028544 -0.050925
v -0.067816 -0.026465 -0.053940
v -0.067756 -0.027139 -0.052485
v -0.066819 -0.027772 -0.050998
v -0.066332 -0.028583 -0.048832
v -0.066385 -0.029505 -0.047133
v -0.067564 -0.030240 -0.046839
v -0.080043 -0.018835 -0.064023
v -0.072514 -0.029527 -0.052712
v -0.077914 0.012449 -0.060711
v -0.078032 0.010758 -0.062007
v -0.080050 0.012480 -0.063759
v -0.079900 0.014712 -0.062400
v -0.059510 -0.010757 -0.103974
v -0.061772 0.000262 -0.109266
v -0.014166 -0.085200 -0.110431
v -0.014379 -0.070939 -0.110233
v -0.076224 0.032741 -0.094579
v -0.077906 0.014098 -0.059103
v -0.079939 0.016430 -0.060908
v -0.079771 -0.007731 -0.065965
v -0.077647 0.013119 -0.058758
v -0.077626 0.011498 -0.060305
v -0.080856 0.018157 -0.062602
v -0.080944 0.015947 -0.064311
v -0.081037 0.013483 -0.065700
v -0.077582 0.009724 -0.061901
v -0.077054 0.018507 -0.061048
v -0.080670 0.063482 -0.070886
v -0.079912 0.057549 -0.084956
v -0.077103 0.080455 -0.074312
v -0.076477 0.075429 -0.089669
v -0.071898 0.069387 -0.105592
v -0.075233 0.050504 -0.100910
v -0.076952 0.019736 -0.055673
v -0.079290 0.022826 -0.054187
v -0.064099 0.091068 -0.021996
v -0.069111 0.085932 -0.029372
v -0.057103 0.095522 -0.013278
v -0.056955 0.100700 -0.020073
v -0.063469 0.097119 -0.029055
v -0.070560 0.090119 -0.041302
v -0.079693 0.054161 -0.055945
v -0.078812 0.068967 -0.056676
v -0.075675 0.073128 -0.043016
v -0.075120 0.085520 -0.058615
v -0.066551 0.099294 -0.047690
v -0.070243 0.095619 -0.062353
v -0.059462 0.107755 -0.051599
v -0.061579 0.105699 -0.066316
v -0.061529 0.103132 -0.082385
v -0.071982 0.091619 -0.077581
v -0.061592 0.102529 -0.035294
v -0.055394 0.105415 -0.025555
v -0.056460 0.108815 -0.038849
v -0.053174 0.109419 -0.030139
v -0.073707 0.074995 -0.035689
v -0.064310 -0.034774 -0.045925
v -0.065741 -0.034812 -0.041010
v -0.069168 -0.023679 -0.034218
v -0.068505 0.001120 -0.000814
v -0.068294 0.013651 -0.003206
v -0.071637 0.005670 -0.013498
v -0.069871 -0.007663 -0.010295
v -0.066869 0.027180 -0.004695
v -0.070613 0.019754 -0.014867
v -0.070776 0.033689 -0.016633
v -0.066988 0.041362 -0.004907
v -0.063019 0.063899 -0.120619
v -0.065282 0.047026 -0.118664
v -0.065722 0.034186 -0.116816
v -0.047457 0.058137 0.026764
v -0.022509 0.085200 -0.140699
v -0.046481 0.082143 0.016458
v -0.055340 0.084495 -0.121050
v -0.042222 0.090493 -0.127632
v -0.071210 0.086717 -0.092728
v -0.068022 0.081419 -0.106285
v -0.060049 0.074995 -0.121145
v -0.064639 0.017934 -0.114661
v -0.047511 0.109174 -0.018682
v -0.055864 0.024571 0.019304
v -0.054974 0.020008 0.018353
v -0.056220 0.029345 0.020903
v -0.053265 0.015158 0.019758
v -0.015260 0.006736 0.043844
v -0.014826 0.004687 0.045857
v -0.014336 0.002381 0.047826
v -0.018303 0.001828 0.043502
v -0.017571 -0.001218 0.045281
v -0.011505 0.002241 0.053178
v -0.011635 0.005040 0.050797
v -0.014089 -0.000546 0.049845
v -0.013861 -0.003844 0.051706
v -0.011508 -0.000903 0.055564
v -0.017806 -0.016513 0.047814
v -0.018977 -0.011648 0.046236
v -0.016547 -0.007400 0.048320
v -0.021230 -0.004155 0.043776
v -0.020249 -0.007584 0.045120
v -0.017002 -0.004021 0.046852
v -0.022468 -0.000742 0.042027
v -0.014573 -0.007385 0.054398
v -0.015382 -0.010643 0.057436
v -0.012159 -0.004509 0.058693
v -0.010258 -0.002294 0.062104
v -0.009603 0.001469 0.059025
v -0.018952 0.004085 0.041730
v -0.023494 0.002006 0.040670
v -0.023806 -0.011087 0.044603
v -0.028448 -0.014426 0.044451
v -0.025603 -0.006606 0.043086
v -0.030224 -0.009402 0.042883
v -0.026923 -0.002872 0.041439
v -0.031471 -0.005425 0.040964
v -0.032654 -0.018040 0.044080
v -0.036270 -0.022020 0.043084
v -0.039476 -0.026896 0.041338
v -0.039074 -0.016920 0.041410
v -0.042939 -0.022310 0.039501
v -0.040946 -0.011863 0.039318
v -0.045508 -0.016788 0.037335
v -0.034951 -0.012852 0.042407
v -0.036475 -0.008474 0.040273
v -0.032599 -0.001497 0.039116
v -0.028185 0.000502 0.039933
v -0.041746 -0.000560 0.035201
v -0.041733 -0.006154 0.037265
v -0.037164 -0.003743 0.038149
v -0.037563 0.000868 0.036163
v -0.046943 -0.009944 0.035175
v -0.046395 -0.002206 0.033670
v -0.045404 0.002816 0.032062
v -0.031232 0.009322 0.035647
v -0.026433 0.010022 0.036566
v -0.034834 0.008960 0.034444
v -0.041210 0.003536 0.033561
v -0.037709 0.004246 0.034816
v -0.049045 0.010206 0.025602
v -0.046828 0.009340 0.027829
v -0.041093 0.008797 0.031725
v -0.038167 0.008794 0.033142
v -0.044068 0.009012 0.029982
v -0.021895 0.011731 0.036716
v -0.017567 0.014036 0.036779
v -0.057373 -0.062814 -0.067986
v -0.009241 0.004858 0.056621
v -0.009066 0.007974 0.054220
v -0.014255 0.030915 0.040105
v -0.012400 0.028160 0.038816
v -0.006681 0.028473 0.046285
v -0.018492 0.034481 0.042402
v -0.013900 0.016762 0.036894
v -0.012302 0.019092 0.036875
v -0.011296 0.022243 0.037271
v -0.011283 0.025064 0.037998
v -0.030060 0.048068 0.043906
v -0.027110 0.041633 0.045363
v -0.057661 0.063415 0.010924
v -0.061429 0.054634 0.006858
v -0.050347 0.043744 0.029068
v -0.053625 0.039564 0.025899
v -0.055717 0.034512 0.023104
v -0.063265 0.042878 0.003835
v -0.063961 0.030498 0.002857
v -0.065095 0.018840 0.003491
v -0.048527 0.094048 0.002288
v -0.048501 0.099641 -0.004615
v -0.047971 0.088018 0.009436
v -0.039209 0.112642 -0.013324
v -0.039211 0.108247 -0.004886
v -0.048172 0.104679 -0.011561
v -0.039620 0.103184 0.002461
v -0.039875 0.097586 0.009280
v -0.039314 0.091631 0.016454
v -0.038157 0.085374 0.023283
v -0.036444 0.076796 0.029995
v -0.047301 -0.061806 -0.085764
v -0.007381 -0.006846 0.054984
v -0.006664 -0.006652 0.055527
v -0.006257 -0.007447 0.054484
v -0.005627 -0.007169 0.055007
v -0.005113 -0.008961 0.054739
v -0.006671 -0.015810 0.056939
v -0.005350 -0.013948 0.055851
v -0.004661 -0.010641 0.054613
v -0.067721 -0.030097 -0.035844
v -0.058558 -0.097287 -0.063162
v -0.054393 -0.093637 -0.075489
v 0.055286 -0.096956 -0.062934
v 0.051072 -0.093244 -0.075468
v 0.021057 -0.128291 -0.010617
v 0.032527 -0.124021 -0.016556
v 0.033685 -0.132580 -0.017772
v 0.021727 -0.136052 -0.012034
v 0.058851 -0.114764 -0.068565
v 0.056425 -0.106278 -0.063543
v 0.052861 -0.102223 -0.078237
v 0.056851 -0.110764 -0.083805
v 0.046261 -0.099926 -0.090954
v 0.050288 -0.109486 -0.096720
v 0.039557 -0.109936 -0.106606
v 0.036654 -0.098791 -0.100718
v 0.025037 -0.098837 -0.107887
v 0.027576 -0.111144 -0.113179
v 0.043716 -0.119186 -0.024977
v 0.052515 -0.114219 -0.036084
v 0.052965 -0.123969 -0.036981
v 0.043991 -0.127796 -0.025877
v 0.056885 -0.109665 -0.048966
v 0.058033 -0.119039 -0.051958
v 0.013415 -0.110362 -0.117393
v 0.012003 -0.096975 -0.111841
v 0.023499 -0.154268 -0.013732
v 0.010675 -0.156126 -0.011388
v 0.010627 -0.146717 -0.010518
v 0.022816 -0.145049 -0.013200
v 0.054784 -0.156345 -0.031511
v 0.069399 -0.149547 -0.044758
v 0.075702 -0.158017 -0.040701
v 0.059412 -0.165173 -0.026903
v 0.097033 -0.157035 -0.053930
v 0.106356 -0.145795 -0.075699
v 0.038531 -0.161308 -0.021027
v 0.041393 -0.169948 -0.015785
v -0.001185 -0.120937 -0.125969
v -0.001256 -0.108172 -0.118226
v 0.096545 -0.139960 -0.079304
v 0.094988 -0.136006 -0.102278
v 0.107851 -0.141282 -0.100216
v 0.053563 -0.157566 -0.143656
v 0.053657 -0.164364 -0.147336
v 0.069311 -0.159627 -0.143653
v 0.064665 -0.153761 -0.139488
v 0.073673 -0.125110 -0.097157
v 0.061981 -0.126102 -0.112388
v 0.071419 -0.132971 -0.117382
v 0.084209 -0.130698 -0.101880
v 0.036974 -0.142695 -0.135299
v 0.055057 -0.137510 -0.127250
v 0.047323 -0.129875 -0.122116
v 0.031971 -0.133513 -0.128921
v 0.086718 -0.134776 -0.079406
v 0.075224 -0.129768 -0.076964
v 0.079170 -0.142127 -0.060599
v 0.069937 -0.136183 -0.059356
v 0.061966 -0.141940 -0.043870
v 0.056342 -0.117992 -0.103925
v 0.043863 -0.120045 -0.113940
v 0.028509 -0.122671 -0.121195
v 0.012876 -0.123192 -0.125619
v -0.001267 -0.171261 -0.146884
v -0.001120 -0.159177 -0.143471
v 0.017706 -0.145105 -0.137961
v 0.015697 -0.133974 -0.131841
v 0.088132 -0.148818 -0.058757
v 0.062243 -0.128511 -0.056792
v 0.056407 -0.133163 -0.041492
v 0.065539 -0.173405 -0.017389
v 0.083956 -0.166921 -0.033472
v 0.045144 -0.178371 -0.006339
v 0.026828 -0.181663 0.000430
v 0.019231 -0.156558 -0.143492
v 0.018243 -0.168762 -0.146873
v 0.038265 -0.165613 -0.147403
v 0.041639 -0.153819 -0.142240
v 0.049807 -0.146308 -0.031230
v 0.036740 -0.151497 -0.021450
v 0.023722 -0.164083 -0.012750
v 0.063990 -0.118658 -0.089707
v 0.065209 -0.123113 -0.073069
v 0.046317 -0.136471 -0.028755
v 0.035200 -0.142157 -0.019762
v 0.010158 -0.138072 -0.008286
v 0.024777 -0.173007 -0.007782
v 0.097799 -0.145454 -0.121611
v 0.084110 -0.153167 -0.135466
v 0.075961 -0.149892 -0.134072
v -0.000996 -0.146279 -0.138600
v -0.001108 -0.148083 -0.010109
v -0.001312 -0.157216 -0.012002
v -0.000563 -0.139585 -0.007103
v 0.081614 -0.141111 -0.123374
v 0.060620 -0.146361 -0.134392
v -0.000273 -0.132478 -0.004323
v -0.001425 -0.096208 -0.113044
v -0.001408 -0.167777 -0.012190
v -0.001641 -0.177808 -0.007029
v -0.001830 -0.187847 0.001595
v 0.010170 -0.131005 -0.005866
v 0.010915 -0.175769 -0.006309
v 0.010612 -0.165944 -0.010805
v 0.011846 -0.185579 0.001390
v -0.000676 -0.133344 -0.132673
v -0.021480 -0.128327 -0.010587
v -0.033250 -0.124045 -0.016688
v -0.034885 -0.132578 -0.017891
v -0.022597 -0.136068 -0.012179
v -0.061072 -0.115067 -0.069230
v -0.058908 -0.106634 -0.063879
v -0.055814 -0.102582 -0.078504
v -0.059311 -0.111099 -0.084257
v -0.048888 -0.100341 -0.091154
v -0.052281 -0.110151 -0.096795
v -0.041583 -0.110658 -0.106463
v -0.039204 -0.099271 -0.100874
v -0.027509 -0.099308 -0.107892
v -0.029755 -0.111728 -0.112943
v -0.044957 -0.119322 -0.025095
v -0.054049 -0.114635 -0.036252
v -0.054546 -0.124089 -0.037176
v -0.045530 -0.127853 -0.025896
v -0.058579 -0.110026 -0.049075
v -0.059743 -0.119394 -0.052518
v -0.015628 -0.110751 -0.117078
v -0.014716 -0.097239 -0.111813
v -0.025688 -0.154209 -0.013905
v -0.012857 -0.156136 -0.011606
v -0.012256 -0.146711 -0.010677
v -0.024516 -0.144928 -0.013394
v -0.056876 -0.156597 -0.032888
v -0.071020 -0.149921 -0.046729
v -0.077549 -0.158341 -0.042655
v -0.061779 -0.165480 -0.028443
v -0.099079 -0.156759 -0.055911
v -0.107886 -0.145195 -0.077275
v -0.040918 -0.161357 -0.021687
v -0.043999 -0.170001 -0.016714
v -0.098484 -0.139515 -0.080725
v -0.096874 -0.135865 -0.103198
v -0.109659 -0.140808 -0.101414
v -0.055878 -0.157374 -0.144395
v -0.056127 -0.163969 -0.148044
v -0.071422 -0.159280 -0.144457
v -0.066922 -0.153555 -0.140292
v -0.075503 -0.125360 -0.097745
v -0.063785 -0.126376 -0.112663
v -0.073021 -0.133084 -0.117989
v -0.085725 -0.130734 -0.102618
v -0.038814 -0.142766 -0.135710
v -0.056603 -0.137613 -0.127834
v -0.049103 -0.130130 -0.122509
v -0.032939 -0.133793 -0.129296
v -0.088324 -0.134364 -0.080528
v -0.076658 -0.129657 -0.078001
v -0.080605 -0.142257 -0.062202
v -0.071424 -0.136470 -0.060932
v -0.063462 -0.142261 -0.045555
v -0.057699 -0.118618 -0.104059
v -0.045455 -0.120593 -0.113900
v -0.030689 -0.122946 -0.121144
v -0.015314 -0.123267 -0.125377
v -0.019722 -0.145105 -0.138024
v -0.017468 -0.134192 -0.132052
v -0.089738 -0.148814 -0.060509
v -0.063991 -0.128666 -0.057967
v -0.058162 -0.133359 -0.042407
v -0.068333 -0.173178 -0.018738
v -0.086434 -0.166747 -0.035302
v -0.048154 -0.178104 -0.007224
v -0.030162 -0.181655 0.000003
v -0.021485 -0.156671 -0.143753
v -0.019982 -0.168905 -0.147143
v -0.039609 -0.165817 -0.148027
v -0.043522 -0.153786 -0.142847
v -0.051795 -0.146468 -0.032139
v -0.038915 -0.151499 -0.021893
v -0.026249 -0.163969 -0.012958
v -0.065598 -0.119085 -0.090198
v -0.066991 -0.123320 -0.074074
v -0.048304 -0.136470 -0.029041
v -0.037094 -0.142073 -0.019911
v -0.011333 -0.138145 -0.008433
v -0.027616 -0.172971 -0.008255
v -0.098979 -0.145116 -0.122569
v -0.085723 -0.152891 -0.136317
v -0.077591 -0.149771 -0.134940
v -0.083111 -0.141062 -0.124188
v -0.062168 -0.146340 -0.135163
v -0.010773 -0.131098 -0.005888
v -0.013980 -0.175735 -0.006528
v -0.013284 -0.165929 -0.011005
v -0.015161 -0.185406 0.001036
v -0.006519 -0.008971 0.053889
v -0.067577 -0.032653 -0.015265
v -0.066903 -0.040280 -0.022327
v -0.063946 -0.050880 -0.015968
v -0.065149 -0.042722 -0.008964
v -0.058730 -0.061769 -0.007712
v -0.061815 -0.051698 -0.001734
v -0.052795 -0.070001 0.001195
v -0.057364 -0.059715 0.005240
v -0.047793 -0.075077 0.010825
v -0.052469 -0.064871 0.013274
v -0.033381 -0.079133 0.032273
v -0.031676 -0.084365 0.028640
v -0.025131 -0.087535 0.036374
v -0.025852 -0.083341 0.040724
v -0.017897 -0.089879 0.043473
v -0.018592 -0.085960 0.047826
v -0.009916 -0.091107 0.047725
v -0.009964 -0.087388 0.052192
v -0.000286 -0.091359 0.049542
v -0.000164 -0.087535 0.053940
v 0.000059 -0.077916 0.057316
v -0.008990 -0.077773 0.055961
v -0.009625 -0.082673 0.054984
v -0.000051 -0.083263 0.056264
v -0.016809 -0.076654 0.052073
v -0.018138 -0.081704 0.050583
v -0.023640 -0.073623 0.046061
v -0.025225 -0.078811 0.044007
v -0.031152 -0.069041 0.038860
v -0.032992 -0.074154 0.035766
v -0.037592 -0.063297 0.034351
v -0.040494 -0.066763 0.029933
v -0.008953 -0.094117 0.041239
v -0.000417 -0.094311 0.043712
v -0.016207 -0.093067 0.037274
v -0.022870 -0.091239 0.031358
v -0.028425 -0.089117 0.024577
v -0.041187 -0.078616 0.020138
v -0.034571 -0.086526 0.016486
v -0.042127 -0.081980 0.008168
v -0.047694 -0.077011 -0.002433
v -0.054682 -0.068409 -0.012858
v -0.061535 -0.057035 -0.022208
v -0.065404 -0.044642 -0.029741
v -0.068161 -0.032310 -0.027739
v -0.015593 -0.072094 0.052000
v -0.008299 -0.073052 0.055603
v -0.022883 -0.069079 0.046562
v -0.029285 -0.064528 0.041015
v -0.034328 -0.059753 0.037732
v -0.039220 -0.047737 0.037503
v -0.038027 -0.054052 0.036871
v -0.037621 -0.035846 0.040885
v -0.038874 -0.041624 0.039038
v -0.045804 -0.029341 0.036473
v -0.047358 -0.037826 0.032743
v -0.043058 -0.040385 0.036104
v -0.041824 -0.033111 0.038811
v -0.049446 -0.023809 0.033687
v -0.051622 -0.033502 0.029036
v -0.008032 -0.096581 0.035442
v -0.000487 -0.096934 0.036673
v -0.014348 -0.095801 0.031748
v -0.019862 -0.094784 0.026321
v -0.024145 -0.093885 0.019695
v -0.028898 -0.092561 0.012265
v -0.034730 -0.090148 0.003876
v -0.041672 -0.085064 -0.006318
v -0.050223 -0.075555 -0.018034
v -0.058745 -0.061812 -0.028190
v -0.063205 -0.048756 -0.035647
v -0.021210 -0.100368 0.007095
v -0.017161 -0.099819 0.013296
v -0.013839 -0.099604 0.018692
v -0.010867 -0.099544 0.023177
v -0.006548 -0.100684 0.022772
v -0.000430 -0.101164 0.022554
v -0.005879 -0.103441 0.015179
v -0.000241 -0.103374 0.015429
v -0.008065 -0.105590 0.010490
v -0.000089 -0.106112 0.010573
v -0.010080 -0.108062 0.006495
v -0.000020 -0.110400 0.007201
v -0.041708 -0.056298 0.033269
v -0.045591 -0.057261 0.028457
v -0.047466 -0.047269 0.029623
v -0.052059 -0.044372 0.024760
v -0.050214 -0.056373 0.022615
v -0.043190 -0.048344 0.034034
v -0.055719 -0.052689 0.015524
v -0.056791 -0.039717 0.019279
v -0.055632 -0.027748 0.025052
v -0.060040 -0.035161 0.014042
v -0.060025 -0.046897 0.008688
v -0.059073 -0.023216 0.020432
v -0.061754 -0.018904 0.015957
v -0.062528 -0.029662 0.009008
v -0.062640 -0.040893 0.003498
v -0.044556 -0.069778 0.023208
v -0.064978 -0.033814 -0.002763
v -0.063897 -0.014549 0.011349
v -0.064354 -0.024409 0.004307
v -0.066090 -0.008826 0.005675
v -0.066749 -0.017113 -0.002020
v -0.067203 -0.026123 -0.009594
v -0.069520 -0.024210 -0.023843
v 0.000091 -0.073137 0.057179
v -0.063877 -0.033438 -0.050895
v -0.021554 -0.029680 0.048790
v -0.016356 -0.027771 0.051402
v -0.011371 -0.027229 0.054719
v -0.007351 -0.027093 0.057117
v -0.003455 -0.027396 0.058510
v -0.000010 -0.120852 0.001393
v 0.000388 0.042591 0.049765
v -0.000007 -0.114641 0.005051
v 0.000317 -0.060701 0.042437
v 0.000030 0.128658 -0.027782
v 0.000144 -0.068165 0.056718
v 0.000344 -0.055708 0.045026
v 0.000404 0.002182 0.069170
v 0.000182 -0.063138 0.056260
v 0.000392 -0.051917 0.060194
v 0.000469 -0.045873 0.058550
v 0.000390 0.079341 0.040650
v 0.000460 -0.048478 0.060026
v 0.000164 -0.025127 0.059007
v 0.000468 -0.002054 0.072355
v 0.000482 -0.044352 0.057172
v -0.001364 -0.046038 -0.115799
v 0.000345 -0.055482 0.058938
v 0.000433 -0.048895 0.049753
v 0.000465 -0.044979 0.055135
v 0.000121 -0.035870 0.046770
v 0.000224 -0.027941 0.058829
v 0.000582 0.019756 0.055361
v -0.001161 -0.007450 -0.139945
v 0.000540 0.016698 0.057785
v 0.000269 0.103950 0.022919
v 0.000377 0.089540 0.035368
v 0.000399 0.006209 0.065998
v -0.000763 0.055383 -0.153280
v -0.000660 0.071901 -0.150259
v 0.000357 0.061427 0.046071
v -0.000142 0.126172 -0.091075
v 0.000551 -0.006048 0.074558
v 0.000134 -0.019936 0.064232
v 0.000107 0.120664 -0.002786
v -0.000974 0.020922 -0.150756
v -0.000313 0.116534 -0.115507
v 0.000306 -0.044212 0.057554
v 0.000067 0.125058 -0.014719
v 0.000260 -0.045503 0.054582
v 0.000377 -0.016382 0.071832
v -0.001073 0.005240 -0.146191
v -0.000868 0.034644 -0.152904
v 0.000269 -0.034670 0.059422
v 0.000249 -0.030629 0.058963
v -0.000228 0.122183 -0.103691
v 0.000361 0.048998 0.049219
v 0.000287 -0.037046 0.060124
v 0.000715 0.028855 0.050471
v 0.000349 -0.039779 0.060367
v -0.000189 -0.126841 -0.001803
v -0.000480 0.095960 -0.137485
v 0.000345 -0.042154 0.058996
v 0.000204 -0.043047 0.050625
v 0.000448 0.009992 0.062885
v 0.000150 -0.039455 0.048187
v 0.000379 0.069349 0.043854
v 0.000081 -0.022492 0.060041
v 0.000092 -0.021731 0.060590
v 0.000690 0.025709 0.051450
v 0.000329 0.097357 0.029426
v 0.000674 0.031572 0.050123
v 0.000111 -0.023326 0.059558
v -0.000566 0.086620 -0.143794
v -0.000070 0.130892 -0.073673
v -0.000049 0.132162 -0.060491
v 0.000626 0.022714 0.053008
v 0.000503 0.013639 0.060155
v -0.001377 -0.057792 -0.113535
v 0.000501 -0.012828 0.074499
v 0.000554 -0.009896 0.075125
v 0.000153 0.115430 0.007456
v -0.001237 -0.016966 -0.134593
v -0.000011 0.131525 -0.043314
v 0.000209 0.109857 0.015751
v -0.001339 -0.034283 -0.122197
v -0.001297 -0.024445 -0.129854
v 0.000292 -0.017689 0.070071
v 0.000574 0.034834 0.049977
v 0.000195 -0.019077 0.066897
v -0.000397 0.108598 -0.126071
v 0.000111 -0.020810 0.062038
v 0.006447 -0.009000 0.054236
v 0.067018 -0.032910 -0.014186
v 0.065594 -0.040426 -0.021305
v 0.062812 -0.051085 -0.015110
v 0.064668 -0.043070 -0.007994
v 0.057918 -0.062093 -0.006908
v 0.061462 -0.052192 -0.000831
v 0.052019 -0.070310 0.001870
v 0.056967 -0.060331 0.006135
v -0.003883 -0.016300 0.069144
v -0.002936 -0.017826 0.066624
v 0.047344 -0.075709 0.011475
v 0.052273 -0.065635 0.014134
v -0.015159 0.020457 0.034289
v -0.007881 -0.019026 0.056717
v -0.006684 0.003693 0.062177
v -0.013626 0.020740 0.034883
v 0.032840 -0.079728 0.032686
v 0.031001 -0.084793 0.028924
v 0.024194 -0.087725 0.036438
v 0.025096 -0.083765 0.040855
v -0.010022 -0.018760 0.055413
v 0.017038 -0.090146 0.043520
v 0.017931 -0.086445 0.047945
v 0.009254 -0.091415 0.047853
v 0.009512 -0.087797 0.052401
v -0.006145 0.010662 0.056879
v -0.008185 0.019727 0.044101
v 0.008937 -0.078090 0.056276
v 0.009442 -0.083044 0.055269
v -0.006294 0.007187 0.059664
v -0.015395 -0.016051 0.056118
v -0.013598 -0.018525 0.054682
v -0.006434 -0.010302 0.071771
v -0.007342 -0.007419 0.070744
v 0.016611 -0.077166 0.052274
v -0.007159 -0.013426 0.069715
v -0.004427 -0.015139 0.070285
v 0.017727 -0.082219 0.050683
v -0.017323 0.020180 0.034458
v -0.023063 0.021867 0.029419
v -0.005636 -0.012331 0.071622
v -0.002707 -0.014434 0.072334
v -0.020551 0.020881 0.032777
v -0.016204 0.020279 0.034338
v -0.011523 -0.011853 0.064711
v -0.006821 0.018658 0.048495
v 0.023400 -0.074269 0.046291
v 0.024705 -0.079403 0.044147
v 0.030989 -0.069782 0.039334
v 0.032643 -0.074871 0.036186
v -0.014110 -0.013414 0.060412
v 0.037551 -0.064150 0.035132
v 0.040293 -0.067599 0.030624
v 0.008244 -0.094151 0.041232
v -0.018351 0.020279 0.034407
v -0.019382 0.020456 0.034072
v -0.007360 -0.000022 0.065244
v 0.015370 -0.093030 0.037253
v 0.022040 -0.091309 0.031432
v 0.027596 -0.089362 0.024748
v 0.040908 -0.079357 0.020694
v -0.022247 0.021341 0.032133
v -0.002769 -0.019599 0.061756
v -0.009672 -0.012493 0.067003
v -0.008334 -0.013024 0.068528
v -0.003277 -0.020200 0.059732
v 0.034056 -0.086832 0.016758
v 0.041396 -0.082228 0.008561
v -0.011723 0.020519 0.037062
v 0.046552 -0.076953 -0.002014
v -0.006320 0.016353 0.052060
v -0.006250 0.013449 0.054607
v 0.053532 -0.068453 -0.012281
v 0.060112 -0.057067 -0.021477
v -0.002629 -0.018784 0.064153
v 0.063462 -0.044614 -0.028763
v 0.067209 -0.032552 -0.026612
v 0.015654 -0.072596 0.052322
v 0.008493 -0.073314 0.055977
v 0.022807 -0.069732 0.046830
v -0.007660 -0.003896 0.068493
v 0.029242 -0.065222 0.041414
v 0.034466 -0.060545 0.038435
v 0.039434 -0.048531 0.038367
v -0.005518 -0.019582 0.058150
v 0.038215 -0.054859 0.037781
v 0.037818 -0.036507 0.041632
v 0.039082 -0.042348 0.039773
v 0.046020 -0.029995 0.037207
v 0.047527 -0.038531 0.033511
v 0.043344 -0.041149 0.036892
v 0.000462 -0.014781 0.073306
v -0.004956 -0.013906 0.071047
v 0.042103 -0.033787 0.039580
v 0.049572 -0.024362 0.034428
v 0.051619 -0.034107 0.029736
v 0.007292 -0.096524 0.035419
v -0.029364 0.034473 0.040553
v -0.029302 0.032141 0.039065
v 0.013509 -0.095708 0.031764
v 0.019187 -0.094758 0.026329
v 0.023461 -0.093891 0.019779
v 0.028210 -0.092602 0.012397
v 0.034110 -0.090181 0.004053
v 0.040672 -0.084937 -0.006100
v -0.022188 0.037656 0.044371
v -0.004316 0.038398 0.049131
v -0.009508 0.038362 0.048032
v 0.049195 -0.075576 -0.017685
v -0.029312 0.026473 0.037703
v -0.030260 0.024971 0.036414
v -0.029065 0.030049 0.037581
v -0.030194 0.024917 0.037356
v -0.029699 0.025601 0.037714
v 0.057285 -0.061764 -0.027691
v -0.028918 0.029321 0.036989
v 0.061149 -0.048558 -0.034932
v -0.028944 0.028476 0.037081
v 0.020703 -0.100360 0.007114
v -0.028380 0.037352 0.042444
v 0.016588 -0.099830 0.013289
v 0.013211 -0.099587 0.018681
v -0.028985 0.027511 0.037370
v -0.030113 0.026666 0.034963
v 0.010245 -0.099493 0.023172
v -0.030291 0.026566 0.030776
v 0.005851 -0.100680 0.022774
v 0.000461 0.038495 0.049718
v -0.020915 0.048328 0.047209
v -0.051092 0.047948 0.025820
v 0.005515 -0.103456 0.015163
v -0.054339 0.042649 0.022857
v 0.007827 -0.105599 0.010479
v -0.048018 0.006200 0.028683
v -0.050663 0.007219 0.026106
v -0.018135 0.042258 0.047770
v 0.009821 -0.108114 0.006667
v 0.041772 -0.057147 0.034110
v 0.045497 -0.058059 0.029217
v 0.047567 -0.048047 0.030426
v 0.052044 -0.045048 0.025559
v -0.025974 0.068813 0.038969
v -0.030809 0.115414 -0.009445
v -0.024403 0.061205 0.041977
v -0.039165 0.053838 0.035999
v 0.050175 -0.057199 0.023443
v -0.030831 0.110842 -0.000274
v 0.043450 -0.049183 0.034870
v 0.055580 -0.053445 0.016429
v 0.056608 -0.040328 0.020156
v 0.055559 -0.028260 0.025852
v 0.059814 -0.035671 0.014956
v -0.046143 0.052369 0.030143
v 0.059724 -0.047490 0.009619
v -0.055285 0.012720 0.018691
v -0.006304 0.054691 0.047792
v -0.056802 0.018422 0.016391
v 0.059033 -0.023648 0.021359
v -0.014191 0.054560 0.047132
v -0.027542 0.125323 -0.072233
v 0.061743 -0.019244 0.016982
v 0.062286 -0.030048 0.009990
v 0.062320 -0.041345 0.004459
v 0.044425 -0.070616 0.023979
v -0.013038 0.034621 0.045020
v 0.064659 -0.034138 -0.001741
v -0.037973 0.006817 0.033804
v -0.041053 0.006470 0.032490
v 0.063806 -0.014762 0.012403
v -0.031402 0.125124 -0.060910
v -0.054367 0.010237 0.020917
v -0.029222 0.087421 0.028547
v -0.009357 0.028326 0.042925
v -0.010465 0.031179 0.043333
v -0.030036 0.094207 0.021948
v 0.064071 -0.024652 0.005361
v 0.065961 -0.008915 0.006711
v 0.066464 -0.017224 -0.000931
v -0.030473 0.100350 0.014875
v 0.066863 -0.026308 -0.008490
v 0.069026 -0.024448 -0.022676
v -0.031207 0.119383 -0.020156
v -0.021190 0.010202 0.037406
v 0.062349 -0.033263 -0.050173
v 0.021488 -0.030025 0.049265
v 0.016350 -0.028069 0.051877
v -0.056719 0.036538 0.020161
v -0.057774 0.030125 0.018255
v -0.031972 0.124574 -0.047013
v -0.030664 0.007813 0.036319
v -0.057553 0.024141 0.016894
v -0.015679 0.127194 -0.080323
v 0.011485 -0.027483 0.055223
v -0.052890 0.008436 0.023472
v 0.007672 -0.027269 0.057669
v 0.003843 -0.027494 0.058916
v -0.031641 0.054235 0.041053
v -0.034482 0.007146 0.035056
v -0.008825 0.025290 0.042041
v -0.016649 0.012536 0.037822
v -0.013085 0.015750 0.038374
v -0.030683 0.105838 0.007692
v -0.010842 0.018377 0.039402
v -0.008991 0.022400 0.041131
v -0.025913 0.008657 0.037289
v -0.027795 0.078157 0.034873
v -0.031513 0.122571 -0.032894
v -0.044523 0.006300 0.030778
v -0.000092 0.128441 -0.083135
v 0.000352 0.054697 0.048060
v -0.009757 0.020112 0.040347
v -0.015538 0.038216 0.046442
v -0.022909 0.054403 0.045070
v 0.000302 -0.059235 0.057075
v -0.026830 -0.039571 0.046180
v -0.028245 -0.041514 0.044483
v -0.027789 -0.047189 0.042086
v -0.019374 -0.035205 0.051737
v -0.023879 -0.037486 0.048543
v -0.018632 -0.055670 0.050283
v -0.028738 -0.043352 0.043218
v -0.012845 -0.057671 0.053893
v -0.028735 -0.045235 0.042351
v -0.006833 -0.059178 0.055945
v 0.000263 -0.032602 0.059256
v -0.009144 -0.032144 0.057548
v -0.004414 -0.032054 0.059032
v -0.014206 -0.033265 0.054906
v -0.025966 -0.049737 0.043148
v -0.023293 -0.052689 0.045906
v 0.004464 -0.016475 0.069423
v 0.003374 -0.017934 0.066814
v 0.015071 0.020598 0.035222
v 0.007918 -0.019164 0.057034
v 0.006973 0.003791 0.062537
v 0.013570 0.020869 0.035642
v 0.010077 -0.018973 0.055776
v 0.006475 0.010751 0.057265
v 0.008210 0.019811 0.044565
v 0.006647 0.007298 0.060047
v 0.015411 -0.016204 0.056384
v 0.013609 -0.018737 0.055001
v 0.007080 -0.010173 0.072076
v 0.007919 -0.007265 0.071011
v 0.007601 -0.013369 0.069989
v 0.005064 -0.015262 0.070607
v 0.017191 0.020356 0.035623
v 0.022842 0.022008 0.031112
v 0.006303 -0.012282 0.071946
v 0.003587 -0.014584 0.072660
v 0.020432 0.021117 0.034183
v 0.016088 0.020430 0.035424
v 0.011620 -0.011821 0.064959
v 0.007064 0.018710 0.048930
v 0.014173 -0.013454 0.060669
v 0.018218 0.020485 0.035649
v 0.019264 0.020699 0.035393
v 0.007568 0.000028 0.065543
v 0.022108 0.021549 0.033536
v 0.002892 -0.019521 0.061814
v 0.009832 -0.012389 0.067235
v 0.008589 -0.012907 0.068753
v 0.003307 -0.020140 0.059825
v 0.011631 0.020644 0.037652
v 0.006745 0.016428 0.052474
v 0.006781 0.013555 0.054979
v 0.002874 -0.018763 0.064254
v 0.008079 -0.003800 0.068747
v 0.005542 -0.019618 0.058348
v 0.005617 -0.013946 0.071375
v 0.029703 0.034737 0.041704
v 0.029580 0.032408 0.040282
v 0.022633 0.037767 0.045197
v 0.005132 0.038343 0.049315
v 0.010171 0.038317 0.048422
v 0.029533 0.027046 0.039129
v 0.030361 0.025553 0.037798
v 0.029288 0.030309 0.038954
v 0.030331 0.025543 0.038723
v 0.029898 0.026235 0.039055
v 0.029109 0.029623 0.038530
v 0.029120 0.028880 0.038575
v 0.028735 0.037565 0.043396
v 0.029186 0.028002 0.038857
v 0.030161 0.027205 0.036293
v 0.030279 0.026999 0.032268
v 0.021573 0.048378 0.048106
v 0.051258 0.048290 0.026595
v 0.054321 0.043029 0.023627
v 0.048226 0.006351 0.029691
v 0.050837 0.007386 0.027085
v 0.018780 0.042214 0.048714
v 0.026553 0.068913 0.039308
v 0.030901 0.115482 -0.009456
v 0.024948 0.061291 0.042448
v 0.039621 0.054086 0.036777
v 0.030976 0.110917 -0.000274
v 0.046498 0.052660 0.030907
v 0.055455 0.012996 0.019786
v 0.007017 0.054672 0.048078
v 0.057056 0.018743 0.017575
v 0.014925 0.054594 0.047731
v 0.027363 0.125367 -0.072249
v 0.013548 0.034660 0.045574
v 0.038214 0.007052 0.034992
v 0.041288 0.006695 0.033630
v 0.031293 0.125179 -0.060931
v 0.054498 0.010452 0.021927
v 0.029732 0.087562 0.028719
v 0.009843 0.028455 0.043410
v 0.010922 0.031297 0.043802
v 0.030428 0.094331 0.022049
v 0.030769 0.100463 0.014932
v 0.031255 0.119453 -0.020175
v 0.021086 0.010199 0.037950
v 0.056610 0.036961 0.021015
v 0.057731 0.030557 0.019298
v 0.031921 0.124631 -0.047037
v 0.030790 0.007902 0.037194
v 0.057702 0.024511 0.018008
v 0.015484 0.127212 -0.080333
v 0.053090 0.008606 0.024455
v 0.032101 0.054408 0.041740
v 0.034644 0.007365 0.036158
v 0.009027 0.025458 0.042498
v 0.016473 0.012542 0.038336
v 0.012921 0.015774 0.038919
v 0.030898 0.105934 0.007716
v 0.010723 0.018450 0.039943
v 0.009020 0.022539 0.041574
v 0.025759 0.008724 0.037908
v 0.028391 0.078296 0.035146
v 0.031513 0.122632 -0.032918
v 0.044717 0.006490 0.031830
v 0.009712 0.020223 0.040851
v 0.016103 0.038212 0.047138
v 0.023511 0.054491 0.045750
v 0.026995 -0.040111 0.046853
v 0.028424 -0.042128 0.045237
v 0.027983 -0.047790 0.042849
v 0.019605 -0.035590 0.052241
v 0.024087 -0.037951 0.049119
v 0.018694 -0.056121 0.050495
v 0.028929 -0.044001 0.044027
v 0.013168 -0.057995 0.054165
v 0.028920 -0.045879 0.043170
v 0.007195 -0.059452 0.056325
v 0.009529 -0.032345 0.058092
v 0.004889 -0.032159 0.059432
v 0.014415 -0.033535 0.055413
v 0.026139 -0.050291 0.043692
v 0.023440 -0.053240 0.046219
v 0.031324 0.023128 0.024456
v -0.031197 0.023117 0.022637
f 4 2 1
f 8 6 5
f 13 15 14
f 17 19 18
f 32 30 29
f 36 34 33
f 37 39 38
f 21 23 20
f 25 27 24
f 41 43 42
f 48 46 45
f 52 50 49
f 53 55 54
f 60 58 57
f 29 62 61
f 66 64 63
f 67 6 68
f 72 70 69
f 76 74 73
f 77 79 78
f 81 83 82
f 59 86 85
f 88 90 89
f 96 94 93
f 100 98 97
f 101 103 102
f 106 34 87
f 108 115 107
f 117 36 118
f 124 126 125
f 131 129 128
f 132 134 133
f 142 140 139
f 148 60 147
f 144 127 124
f 149 151 150
f 156 154 153
f 159 158 157
f 116 164 105
f 171 169 168
f 174 173 172
f 179 181 180
f 186 188 187
f 194 196 195
f 199 139 198
f 206 208 207
f 213 211 210
f 202 214 201
f 96 216 54
f 92 43 44
f 97 246 100
f 250 229 228
f 252 58 253
f 258 256 255
f 260 229 259
f 110 112 113
f 114 263 109
f 265 267 266
f 56 270 269
f 274 249 250
f 185 63 64
f 280 278 276
f 285 283 157
f 288 211 212
f 141 92 46
f 289 175 176
f 148 105 106
f 312 170 171
f 238 42 43
f 318 160 317
f 310 308 307
f 241 325 324
f 160 240 317
f 47 307 308
f 108 315 164
f 345 86 119
f 348 350 349
f 356 358 357
f 355 353 352
f 363 32 362
f 149 150 176
f 364 253 365
f 366 368 367
f 183 371 63
f 163 161 160
f 209 101 208
f 378 165 166
f 379 381 380
f 383 3 4
f 284 386 385
f 387 389 388
f 391 229 249
f 73 397 396
f 405 407 406
f 203 411 410
f 414 413 412
f 1 357 4
f 277 131 275
f 254 57 58
f 358 415 351
f 417 386 408
f 401 192 420
f 419 127 143
f 421 182 422
f 103 302 409
f 428 368 174
f 380 359 356
f 62 266 323
f 140 431 430
f 357 351 348
f 356 379 380
f 415 403 434
f 437 436 435
f 438 440 439
f 188 450 449
f 452 454 453
f 265 181 421
f 224 64 225
f 237 213 427
f 275 128 458
f 281 460 459
f 50 79 461
f 73 282 281
f 468 466 465
f 390 352 359
f 482 484 483
f 489 487 486
f 493 495 494
f 472 470 469
f 502 500 499
f 220 222 223
f 512 143 66
f 518 511 80
f 513 230 286
f 205 31 244
f 189 451 188
f 163 532 8
f 533 225 251
f 446 447 412
f 335 540 334
f 544 546 545
f 329 291 292
f 199 262 238
f 385 416 550
f 532 191 247
f 363 118 243
f 236 237 250
f 578 580 579
f 573 571 570
f 561 562 272
f 241 259 240
f 590 592 591
f 545 595 594
f 503 155 504
f 606 624 623
f 478 480 479
f 646 648 647
f 590 689 684
f 564 651 650
f 728 184 727
f 714 716 715
f 692 575 693
f 541 581 578
f 346 248 400
f 161 230 160
f 128 94 95
f 698 704 703
f 574 576 575
f 290 401 328
f 630 725 726
f 733 735 734
f 755 496 493
f 759 481 760
f 757 762 761
f 764 466 467
f 768 3808 3809
f 759 488 489
f 492 475 771
f 474 769 473
f 773 465 772
f 771 486 483
f 484 775 491
f 774 489 486
f 495 764 756
f 495 761 494
f 137 784 136
f 325 797 547
f 165 51 52
f 369 29 370
f 730 568 569
f 90 301 89
f 243 516 242
f 800 806 805
f 817 808 816
f 816 823 822
f 306 447 807
f 815 809 808
f 829 828 825
f 726 501 502
f 274 424 423
f 879 881 880
f 884 879 885
f 219 217 211
f 906 904 897
f 455 205 542
f 898 830 829
f 903 880 881
f 906 897 898
f 377 519 165
f 923 948 946
f 946 951 950
f 3519 739 3517
f 900 886 880
f 225 65 144
f 182 442 422
f 809 947 824
f 954 962 961
f 927 965 966
f 885 880 886
f 925 966 967
f 343 341 340
f 965 971 968
f 968 970 969
f 972 969 973
f 963 981 978
f 336 338 339
f 992 827 828
f 810 996 959
f 1007 1002 1008
f 1012 827 1009
f 1011 1007 1008
f 294 292 291
f 907 920 919
f 1017 1019 1018
f 1020 1022 1021
f 1035 1020 1044
f 1061 1047 1046
f 1063 1046 1062
f 1044 1021 1045
f 1102 1097 1109
f 1116 1118 1117
f 1016 1014 1013
f 881 904 903
f 816 1127 817
f 1094 949 1097
f 514 167 515
f 146 81 82
f 1133 1130 1129
f 1102 1126 822
f 822 1116 816
f 1145 1148 1136
f 1076 1151 1069
f 1148 1086 1087
f 1109 1114 1136
f 1154 1156 1155
f 1153 967 1156
f 3464 463 3714
f 1144 1152 1151
f 1156 1163 1162
f 1164 1169 1165
f 1145 1176 1147
f 1114 1154 1171
f 1183 1164 1177
f 1184 1177 1185
f 1069 1062 1064
f 1023 1194 1022
f 1162 1170 1169
f 1195 1185 1191
f 1183 1176 1155
f 1201 1152 1196
f 1061 1201 1202
f 3825 843 3836
f 1203 1195 1034
f 1202 1184 1195
f 1218 1203 1217
f 1060 1202 1203
f 1225 1217 1219
f 671 694 670
f 1219 1024 1035
f 1217 1034 1024
f 1226 1015 1227
f 1243 1234 1233
f 1231 1229 1228
f 847 1233 843
f 843 1244 878
f 1233 1245 1244
f 1923 233 216
f 2100 499 500
f 3914 2135 3900
f 61 323 505
f 210 217 457
f 1299 1309 1300
f 3863 1231 3862
f 1066 1321 1322
f 1322 1228 1229
f 1060 1321 1047
f 1325 1323 1310
f 1244 1332 1330
f 1290 1242 1288
f 1337 1339 1338
f 1330 1340 1339
f 1341 1245 1294
f 1342 1332 1341
f 1343 1341 1344
f 1344 1294 1293
f 3857 1345 1346
f 1347 1342 1343
f 3856 1295 1345
f 1349 1348 1347
f 3861 1347 3853
f 3853 1343 3857
f 906 829 1353
f 905 1353 1354
f 865 1355 1357
f 1355 829 825
f 1357 825 826
f 1356 1353 1355
f 3834 1338 3833
f 866 1356 865
f 1358 1354 1356
f 3828 1337 3834
f 838 1012 841
f 1363 1338 1339
f 1368 1339 1340
f 1348 1340 1342
f 1371 3824 3829
f 524 526 523
f 528 530 527
f 1372 1369 1371
f 535 537 538
f 1367 1348 1350
f 1370 1359 1369
f 1369 3833 3824
f 1373 903 904
f 555 557 558
f 1374 910 1373
f 1373 905 1375
f 1374 1375 1376
f 1375 1354 1370
f 1378 908 1377
f 376 651 1387
f 1388 973 969
f 586 588 585
f 1390 1388 1391
f 1391 969 970
f 597 599 596
f 600 602 603
f 1392 970 979
f 608 610 607
f 612 523 611
f 614 616 613
f 617 25 24
f 620 622 619
f 1397 1391 1392
f 1398 1392 1399
f 1400 920 1378
f 1402 1165 1169
f 636 638 635
f 930 1402 929
f 641 643 644
f 929 1169 1170
f 1404 1403 1402
f 1411 1365 1406
f 1412 1415 1414
f 652 654 655
f 609 657 658
f 659 661 662
f 558 586 585
f 665 667 664
f 1413 1406 1412
f 1418 3810 3813
f 1417 1371 1416
f 1416 3829 3810
f 1419 1416 1418
f 1386 1374 1420
f 677 679 676
f 1385 1420 1421
f 1420 1376 1422
f 685 687 688
f 1421 1422 1423
f 528 691 658
f 1422 1372 1417
f 1018 747 1425
f 699 701 702
f 1424 579 1017
f 3663 1767 3660
f 700 711 712
f 1093 3754 1571
f 717 530 719
f 721 723 720
f 704 3543 3554
f 19 1426 1430
f 1429 1427 1426
f 1658 3542 3544
f 1439 1434 1438
f 1437 1435 1434
f 1426 1433 1432
f 1442 1432 1440
f 742 744 745
f 1432 1441 1440
f 751 753 750
f 1438 1403 1405
f 1446 1444 1443
f 1447 1446 1443
f 3860 1443 3848
f 1415 1445 1446
f 1414 1446 1448
f 2173 469 470
f 777 779 686
f 780 782 783
f 1676 1806 1675
f 3859 1349 3861
f 789 791 788
f 745 793 742
f 652 795 653
f 1455 1457 1456
f 1454 1350 1452
f 610 802 801
f 3831 698 703
f 1352 1045 1351
f 1015 1459 1460
f 811 813 814
f 2118 3817 2117
f 819 821 818
f 1466 1194 1190
f 1467 1465 1466
f 1182 1468 1467
f 832 833 831
f 835 837 834
f 1467 1190 1182
f 1469 1444 1445
f 840 712 690
f 1453 1469 1454
f 599 845 846
f 1226 3849 3855
f 851 853 850
f 855 856 854
f 858 860 857
f 861 863 864
f 1014 3855 3858
f 867 868 869
f 870 872 873
f 874 876 877
f 1310 1471 1309
f 1476 1427 1475
f 1461 1475 1460
f 887 889 890
f 788 892 891
f 894 896 893
f 1460 1227 1015
f 901 524 612
f 1465 1477 1464
f 1865 3500 1864
f 911 913 914
f 916 918 915
f 1850 3507 1851
f 921 895 894
f 1479 1436 1478
f 926 667 601
f 1481 563 1480
f 269 84 1482
f 931 933 916
f 934 614 869
f 936 688 937
f 938 662 939
f 1484 122 123
f 941 835 834
f 320 509 510
f 1849 3505 1850
f 84 1484 83
f 1487 1488 539
f 1757 3502 3509
f 365 1491 364
f 461 80 511
f 117 362 1496
f 1494 541 1495
f 926 957 958
f 1477 1433 1476
f 1709 1585 1700
f 119 1496 345
f 271 504 156
f 511 189 186
f 345 1492 365
f 255 344 254
f 57 299 132
f 1501 268 1500
f 267 1499 145
f 974 976 977
f 1678 1693 1676
f 3846 1807 3840
f 557 663 558
f 983 984 985
f 1443 3849 3848
f 421 268 265
f 989 991 988
f 1490 418 1504
f 279 309 310
f 997 676 679
f 998 999 875
f 1504 38 1505
f 1506 1507 1486
f 360 1508 1506
f 1506 207 360
f 939 1006 938
f 270 1483 269
f 66 546 512
f 1010 793 935
f 367 437 1509
f 244 363 243
f 1670 3534 1669
f 209 1510 226
f 235 1512 1511
f 1511 234 235
f 388 426 425
f 427 250 237
f 161 521 231
f 100 45 44
f 1025 608 1027
f 1029 1031 1028
f 939 1033 1032
f 41 594 99
f 1036 783 1037
f 702 1038 1039
f 1040 1042 1043
f 362 369 1493
f 187 477 186
f 70 539 198
f 1511 1521 234
f 1049 603 1048
f 613 869 614
f 860 1051 857
f 1005 1053 1006
f 753 1056 1054
f 1057 1059 1055
f 293 1522 292
f 288 1521 1522
f 292 1523 329
f 331 1508 1524
f 306 453 305
f 100 41 99
f 462 78 79
f 330 1524 462
f 635 1068 636
f 1485 1526 1528
f 206 1528 1510
f 1070 1072 831
f 942 1073 1074
f 916 1075 917
f 440 1530 439
f 157 1514 285
f 1529 5 1530
f 371 546 63
f 790 663 791
f 1077 857 1078
f 1403 1435 1165
f 1080 1082 1079
f 531 1529 440
f 21 1084 1085
f 272 1531 561
f 137 396 397
f 690 802 691
f 335 3567 581
f 1090 1029 1091
f 1092 794 1042
f 1533 137 138
f 661 1095 1096
f 69 445 72
f 1099 1101 1098
f 38 1536 1505
f 1104 1106 1103
f 852 1108 853
f 1377 909 1386
f 291 411 294
f 316 516 33
f 539 1533 534
f 1505 316 313
f 1110 1112 1113
f 1539 460 264
f 522 1537 1539
f 834 1120 1119
f 1122 1124 1121
f 612 1041 901
f 935 615 614
f 276 130 131
f 1686 3522 1685
f 193 1541 273
f 231 1540 287
f 556 982 557
f 365 85 345
f 190 318 1541
f 1810 3574 3528
f 3924 3512 3791
f 1132 985 1131
f 208 102 132
f 1134 662 661
f 1491 80 77
f 429 1542 147
f 1137 915 918
f 172 428 174
f 1139 1141 1142
f 549 54 55
f 1517 1518 296
f 976 1146 938
f 834 984 941
f 1543 286 115
f 1544 239 513
f 133 1544 1542
f 506 257 258
f 420 328 401
f 1158 1160 1157
f 587 1103 588
f 1513 1514 151
f 607 1027 608
f 304 1545 303
f 364 77 506
f 69 198 139
f 1006 976 938
f 700 1112 701
f 3877 3525 3787
f 1166 657 656
f 1167 858 1077
f 1300 3524 1299
f 1172 1174 1175
f 218 200 217
f 1179 1181 1178
f 372 97 98
f 89 227 88
f 1186 1188 1189
f 172 1517 1549
f 1482 81 1498
f 1090 1193 1030
f 394 353 1551
f 526 1198 1197
f 811 858 812
f 1199 1026 1025
f 606 697 696
f 1204 1206 743
f 1207 523 526
f 1209 867 613
f 914 685 936
f 1478 1441 1477
f 1029 1161 1091
f 1211 1213 1214
f 3858 1451 3859
f 844 1216 845
f 423 273 274
f 1220 1222 1083
f 22 1224 23
f 882 897 881
f 1519 173 387
f 1189 1232 1178
f 349 550 416
f 1071 1236 1072
f 1237 1239 745
f 1221 1189 1240
f 1510 1512 333
f 939 1241 1005
f 1556 5 67
f 1553 394 1551
f 404 67 347
f 1247 1249 1246
f 142 238 92
f 1251 635 1250
f 850 1253 851
f 1254 1077 1255
f 57 133 429
f 443 552 551
f 1187 1175 1188
f 1256 831 833
f 432 382 383
f 741 747 746
f 434 351 415
f 349 383 348
f 251 1481 1480
f 395 352 353
f 1518 1550 1551
f 1558 378 340
f 109 314 315
f 285 1513 407
f 395 393 392
f 202 410 1558
f 417 405 432
f 1246 1258 1247
f 3 297 2
f 1259 1261 1262
f 403 347 284
f 955 953 952
f 462 51 330
f 1096 687 1263
f 429 60 57
f 896 1265 932
f 1267 1268 1266
f 423 327 420
f 37 180 40
f 20 1187 1186
f 1256 1071 1070
f 155 156 504
f 1188 1269 1232
f 1236 1271 1262
f 1272 535 621
f 565 463 464
f 1273 745 1239
f 876 1255 1274
f 316 164 315
f 437 503 1509
f 194 1495 197
f 1275 864 863
f 624 631 630
f 1277 1137 1278
f 569 567 566
f 1481 125 366
f 324 547 326
f 1279 1107 1280
f 1525 329 1523
f 1281 1137 918
f 171 1553 1552
f 1488 396 1533
f 1557 1562 1559
f 1282 1206 1205
f 1053 1278 1281
f 778 607 1283
f 713 3566 3569
f 251 144 124
f 4 348 383
f 709 707 706
f 728 45 246
f 261 1563 544
f 789 1287 790
f 74 263 282
f 403 385 434
f 1178 1240 1189
f 1223 1289 1224
f 158 150 151
f 1220 1186 1221
f 296 354 433
f 784 1538 1566
f 1181 1291 1222
f 1269 1257 1246
f 1566 438 399
f 136 1566 1564
f 1563 169 1565
f 107 109 108
f 1297 1298 1296
f 1464 1476 1461
f 1520 507 508
f 1301 1303 1304
f 1306 1308 1305
f 175 1532 272
f 1532 200 201
f 1311 1312 1313
f 872 1315 1316
f 1317 1318 1319
f 3836 878 3828
f 1305 864 1276
f 1040 863 1320
f 1564 399 169
f 592 1575 591
f 591 1088 689
f 1581 1583 1582
f 1196 1147 1176
f 710 583 713
f 285 408 386
f 953 961 963
f 1594 1589 1593
f 1585 1587 1586
f 1592 1590 1589
f 3885 944 3899
f 1600 1598 1597
f 1604 1602 1601
f 1399 979 980
f 1589 1596 1595
f 1610 1608 1607
f 298 361 360
f 551 276 277
f 1627 3814 3819
f 859 818 860
f 1078 1328 1329
f 1555 1530 1556
f 572 680 681
f 772 776 774
f 977 918 917
f 404 392 393
f 1054 750 753
f 1644 1643 1642
f 932 1082 933
f 1067 1334 1068
f 1540 264 114
f 597 643 1336
f 471 762 470
f 1642 3831 3842
f 1644 3842 3843
f 923 950 927
f 96 548 95
f 520 522 521
f 445 443 442
f 849 848 842
f 480 755 493
f 1646 481 1639
f 311 1567 170
f 464 3497 3495
f 3497 1361 3495
f 234 236 235
f 190 192 191
f 153 152 149
f 231 286 230
f 1552 1551 1550
f 760 1648 488
f 3832 1649 3830
f 828 826 825
f 52 166 165
f 1663 1661 1660
f 287 115 286
f 668 670 669
f 634 640 639
f 553 559 554
f 118 33 516
f 492 491 490
f 3552 1651 3553
f 582 584 583
f 384 392 415
f 1381 1383 1380
f 1562 435 436
f 952 951 947
f 3529 583 584
f 1660 1667 1666
f 1394 1396 1393
f 1660 1664 1663
f 1671 1669 1668
f 1624 1673 1672
f 1407 1409 1410
f 1677 1675 1674
f 1613 1677 1625
f 1679 1676 1677
f 1626 3811 3814
f 534 198 539
f 176 150 159
f 803 734 800
f 400 191 192
f 65 143 144
f 3526 1656 3540
f 402 157 283
f 629 627 626
f 461 49 50
f 758 495 756
f 796 786 785
f 406 1513 1560
f 342 166 167
f 1694 1658 1695
f 1692 1694 1696
f 3557 1652 3552
f 3921 1703 3923
f 326 302 90
f 3916 1702 1706
f 3919 1698 1701
f 1699 3927 3918
f 1557 1560 1561
f 1127 1117 1128
f 400 289 346
f 1706 1707 1708
f 1707 1599 1600
f 1709 1708 1588
f 1714 1711 1713
f 3919 1709 1700
f 1704 1577 1703
f 1716 1713 1715
f 1559 1549 297
f 1722 1720 1719
f 1335 596 1489
f 410 377 378
f 973 1163 972
f 168 399 398
f 1571 1089 1093
f 1572 682 1571
f 749 647 754
f 1730 1723 1729
f 1594 1729 1592
f 1729 1591 1592
f 1731 1730 1583
f 1384 1377 1379
f 1732 1712 1714
f 1724 1731 1732
f 1712 1731 1580
f 1722 1732 1733
f 1721 1733 1734
f 1734 1716 1717
f 1735 1736 1697
f 1733 1714 1716
f 1663 1741 1668
f 1742 1740 1743
f 1738 1737 1735
f 1665 1666 1740
f 1665 1744 1664
f 1725 1746 1745
f 1591 1745 1590
f 1590 1747 1596
f 1745 1748 1747
f 1659 3538 3542
f 3287 3545 3282
f 1185 1182 1190
f 1664 1749 1741
f 1741 1739 1738
f 1746 1743 1748
f 1726 1742 1746
f 1153 924 925
f 1115 1153 1154
f 1654 3575 1655
f 1896 3549 1686
f 1720 1744 1726
f 1721 1749 1720
f 1750 1701 1698
f 1697 1750 1696
f 1151 1063 1062
f 1751 1670 1671
f 1695 1752 1751
f 961 986 981
f 1770 1768 1767
f 1766 1593 1765
f 1731 1579 1580
f 1579 1774 1578
f 3928 1771 3929
f 1764 3928 3917
f 1777 1775 1774
f 3762 1699 1700
f 1004 1128 1003
f 1774 1771 1772
f 987 1399 980
f 1578 1772 1764
f 1783 1781 1778
f 1597 1770 1767
f 639 3895 3884
f 3928 1769 1770
f 1793 1789 1788
f 3929 1798 1769
f 3508 3773 1806
f 1802 3924 3922
f 1788 1794 1793
f 1793 1795 1776
f 3773 1675 1806
f 1584 1783 1789
f 1771 3920 3929
f 1801 1798 1800
f 1768 1798 1799
f 1775 1797 1771
f 508 515 1520
f 1796 1802 1797
f 1800 3920 3922
f 1794 1804 1795
f 3532 1752 3547
f 485 1807 775
f 3809 1640 768
f 3837 1810 1653
f 485 1640 1808
f 1690 3770 3772
f 487 1648 1811
f 3839 1816 3822
f 3838 1648 3830
f 3839 1811 3838
f 1812 487 1811
f 1641 767 768
f 465 755 776
f 767 3823 3808
f 3822 3826 3847
f 1809 1815 767
f 3837 1651 3840
f 675 3541 3496
f 1814 1822 1821
f 1821 3821 3820
f 1824 1649 1825
f 1827 1850 1805
f 1668 1662 1663
f 1779 1848 1828
f 1790 1805 1794
f 1833 1853 1852
f 3521 693 575
f 1614 1616 1617
f 1852 3498 3501
f 1620 1622 1623
f 1855 1574 1861
f 1847 3501 3513
f 1766 1855 1782
f 1629 1631 1628
f 1633 1634 1632
f 1635 1637 1638
f 1848 1852 1847
f 1855 1863 1862
f 1803 1867 1802
f 1862 1831 1832
f 1782 1862 1781
f 3922 1865 1800
f 1873 1870 1869
f 1874 799 804
f 2045 3897 2044
f 1219 1295 1225
f 1615 1396 1395
f 3884 1877 1876
f 645 3786 3559
f 1345 1035 1346
f 634 3884 3880
f 15 1327 14
f 3910 1878 1893
f 1894 605 1893
f 3506 627 693
f 3560 645 3559
f 340 454 1558
f 1897 195 1898
f 1889 1877 1890
f 1901 129 1900
f 196 754 232
f 1705 3921 3916
f 340 166 343
f 1570 563 561
f 1904 194 1897
f 1781 1832 1780
f 1905 55 1906
f 1000 995 996
f 986 920 987
f 1191 1190 1194
f 2094 2075 2093
f 1920 1919 1915
f 453 1912 1911
f 1915 1918 1916
f 3882 2106 3901
f 1655 3531 1868
f 1916 1926 1925
f 704 3561 703
f 278 1925 1900
f 3565 1818 1820
f 1097 1115 1114
f 1927 727 1923
f 3578 3654 3758
f 1920 307 1929
f 1929 48 728
f 503 1497 1509
f 1902 787 796
f 1816 3820 3826
f 1925 1923 1924
f 1535 1568 1534
f 254 258 255
f 1509 366 367
f 119 35 36
f 219 293 294
f 141 47 431
f 542 244 245
f 1940 430 431
f 1779 1827 1790
f 1701 3915 3919
f 1661 3515 1667
f 270 754 647
f 197 749 196
f 1727 1212 1211
f 53 232 754
f 1465 1479 1478
f 1284 3854 1293
f 1951 412 413
f 168 1554 1553
f 1486 206 207
f 506 78 361
f 994 1007 993
f 951 963 964
f 1013 3861 1351
f 3826 1820 1818
f 1498 1954 1482
f 299 543 132
f 1754 1756 1753
f 1681 1683 1682
f 1696 1695 1697
f 13 738 737
f 473 475 474
f 482 768 1640
f 204 30 205
f 1761 820 819
f 611 1125 612
f 1501 1908 1909
f 1074 711 699
f 1960 82 83
f 120 1960 123
f 35 87 34
f 1773 1025 1031
f 1965 1569 1535
f 494 471 479
f 1966 1969 1968
f 446 1971 1967
f 174 125 126
f 1580 1578 1577
f 1785 1787 1784
f 1972 304 305
f 1254 875 999
f 1973 342 514
f 321 1973 509
f 1910 275 1907
f 509 514 508
f 1486 1527 1485
f 1974 804 1975
f 1977 1974 1978
f 1980 1966 1981
f 379 2 295
f 1718 1710 1701
f 884 992 883
f 1680 1678 1679
f 902 525 524
f 344 256 299
f 135 137 136
f 236 228 333
f 448 1967 1966
f 589 604 584
f 910 908 907
f 1981 1968 1987
f 1982 1987 1979
f 1988 1987 1989
f 1990 1989 1991
f 1991 1993 1992
f 322 320 319
f 992 830 883
f 1144 1086 1143
f 1995 1978 1994
f 1133 1118 1126
f 1997 1994 1996
f 870 1335 1489
f 805 1982 1998
f 727 2000 1999
f 1996 1988 1990
f 1994 1979 1988
f 1829 792 1273
f 1830 941 983
f 798 800 799
f 729 731 730
f 2011 2023 2022
f 1834 846 1159
f 402 284 347
f 2022 2024 2025
f 1838 989 988
f 810 952 809
f 1823 1840 644
f 1430 1432 1431
f 1215 1841 1079
f 149 176 177
f 1316 873 872
f 2112 1384 2106
f 1842 1844 1845
f 1159 845 1160
f 837 1846 1120
f 1971 2030 2027
f 517 370 189
f 858 833 812
f 1471 2027 1888
f 3551 626 627
f 2174 770 490
f 935 1854 1010
f 1613 1611 1618
f 1231 1225 1295
f 1856 891 892
f 1300 748 741
f 1150 1858 1859
f 1643 696 1642
f 1215 1264 1216
f 1320 902 901
f 1956 1944 1960
f 2031 669 1474
f 2034 1310 1299
f 1879 1656 1657
f 40 242 39
f 1992 2039 1456
f 888 957 889
f 1882 1996 1990
f 1078 1255 1077
f 1871 1192 1090
f 294 218 219
f 1323 2026 1471
f 123 83 1484
f 1324 2041 1323
f 384 359 352
f 1324 2038 2036
f 1883 1885 1829
f 287 114 107
f 1096 1134 661
f 915 931 916
f 806 1981 1982
f 3533 584 604
f 1425 2042 1018
f 1018 1948 1017
f 3562 740 3519
f 1948 649 646
f 1881 1990 1991
f 1900 130 278
f 992 994 993
f 923 925 924
f 3878 2047 3876
f 1643 625 606
f 2050 2051 2049
f 2045 1404 2047
f 3876 945 3885
f 1139 1079 1841
f 1037 892 982
f 2055 2057 2056
f 1198 718 717
f 1619 1612 1611
f 2058 1606 2059
f 2059 1607 2058
f 2058 1624 1605
f 71 179 37
f 405 1557 382
f 976 1006 977
f 322 1972 1911
f 2061 2063 2062
f 2066 2067 1825
f 2052 2064 2051
f 1609 2066 1647
f 1515 152 1516
f 1009 993 1007
f 1644 3815 2118
f 279 1916 278
f 1285 3862 1284
f 1647 1825 1649
f 2056 2067 2065
f 319 1953 1952
f 667 1913 1914
f 2070 625 2048
f 2052 2055 2063
f 2038 1655 1458
f 1606 2073 2072
f 1235 1270 1236
f 2072 2075 2074
f 2059 2072 2062
f 2074 2077 2076
f 1601 2078 2073
f 2049 1643 1645
f 1000 1001 994
f 1089 684 689
f 1931 1306 1930
f 1462 1021 1022
f 1932 1934 1935
f 875 1846 998
f 1936 1937 1938
f 44 46 92
f 1534 1956 120
f 1541 317 391
f 2081 2084 2083
f 146 1959 300
f 1360 1942 1361
f 985 1032 1033
f 1995 1892 2043
f 2079 2082 2081
f 2095 2076 2077
f 2081 2078 2079
f 2055 2054 2053
f 501 2095 500
f 2097 2099 2098
f 2098 2094 2083
f 2140 3893 3866
f 2141 3894 3893
f 2051 2048 2049
f 592 2101 1576
f 2071 2076 2096
f 2102 2098 2101
f 593 2102 592
f 1019 746 747
f 1950 12 1327
f 725 2096 501
f 1385 2104 1379
f 1379 2106 1384
f 2107 2100 2097
f 3908 502 3896
f 3896 499 3901
f 940 2109 944
f 928 1170 973
f 3868 684 3899
f 1962 1964 1961
f 3878 573 3897
f 2039 1968 1969
f 1389 2110 2109
f 1398 2113 1397
f 3757 3753 3743
f 3911 2107 2103
f 949 924 1115
f 260 324 326
f 1390 2113 2110
f 2070 2064 2071
f 3867 2103 593
f 2105 1421 2114
f 2114 1423 2115
f 3892 2115 3903
f 3908 2114 3892
f 554 1902 553
f 972 967 966
f 1765 1573 1574
f 1984 1986 1983
f 2053 2069 2057
f 3573 724 714
f 1625 1674 1673
f 3881 2119 2122
f 3903 2123 3904
f 56 1906 55
f 626 3879 629
f 2001 2003 2004
f 3912 2127 3907
f 2006 2008 2009
f 2127 1412 2128
f 2014 2016 2017
f 2018 2020 2021
f 1495 1947 197
f 1379 1386 1385
f 3814 1680 1618
f 2029 1884 2028
f 3902 2120 3887
f 629 3914 3872
f 682 943 1089
f 724 2121 716
f 1757 3821 3845
f 765 3844 3809
f 3851 715 3852
f 706 3870 3872
f 981 987 980
f 1457 1656 1880
f 2017 2032 2033
f 1458 1868 1457
f 1776 1792 1793
f 1959 1946 1958
f 3663 3725 3661
f 3913 2122 3850
f 1093 689 1088
f 966 968 972
f 3852 3881 3913
f 2172 2170 2171
f 670 2137 669
f 3761 1903 233
f 1429 28 1449
f 964 978 971
f 3841 1413 2127
f 1473 669 2137
f 3834 1359 1358
f 2138 1870 2137
f 1872 2137 1870
f 715 3888 3881
f 1881 1992 1880
f 3843 739 740
f 1837 3513 3514
f 253 59 85
f 1808 3840 1807
f 1647 3818 1609
f 3865 671 668
f 2112 3883 2111
f 1405 2044 1438
f 3829 1364 1366
f 273 391 249
f 576 3520 3555
f 3875 668 2031
f 1430 2140 2139
f 2136 3860 28
f 1430 18 19
f 3893 570 695
f 1442 2046 2141
f 1431 2141 2140
f 3869 3850 2136
f 3808 1817 766
f 3866 695 671
f 2142 798 2138
f 571 2142 694
f 3819 1618 1611
f 2143 2025 2142
f 694 2138 670
f 681 2144 572
f 2144 2022 2143
f 328 457 290
f 1572 2011 2144
f 630 3903 624
f 2085 2087 2088
f 2090 2092 2089
f 572 2143 571
f 1875 2153 2149
f 1873 2149 2154
f 2103 2097 2102
f 2157 2155 2156
f 2128 1414 2120
f 3874 589 582
f 3872 628 629
f 2149 2158 2159
f 2159 3905 3890
f 698 3902 705
f 3823 3827 1817
f 2158 3874 3905
f 1438 2046 1439
f 2035 2160 2161
f 2161 3889 3886
f 3871 605 589
f 3873 18 3875
f 370 61 451
f 649 413 648
f 2153 2156 2158
f 1428 1449 1450
f 1490 73 1488
f 3890 710 633
f 2155 3891 3871
f 1456 1880 1992
f 2125 2087 2124
f 2160 3890 3889
f 300 505 323
f 1064 1046 1065
f 2043 1891 2155
f 2129 2004 2003
f 2131 2133 2134
f 3848 1450 1449
f 1998 804 805
f 3879 3864 3914
f 474 490 770
f 1164 1182 1177
f 707 3909 3870
f 708 2162 707
f 2162 3886 3909
f 548 1905 458
f 1145 1114 1171
f 705 1650 704
f 2043 1977 1995
f 737 554 559
f 1034 1191 1023
f 458 1907 275
f 195 232 233
f 2040 1969 1970
f 2145 2147 2148
f 2054 2049 1645
f 3832 1639 3818
f 9 11 10
f 252 506 258
f 472 479 471
f 1865 3791 3503
f 900 910 907
f 1941 2151 1942
f 1921 1927 1919
f 2163 1898 2116
f 271 153 178
f 1904 12 9
f 282 264 460
f 1872 2154 2035
f 1326 1897 2163
f 628 693 627
f 1724 1719 1723
f 1549 436 172
f 1582 1730 1729
f 1921 1929 1928
f 3563 10 11
f 2152 1950 1949
f 475 774 771
f 769 2171 473
f 2171 476 473
f 476 772 475
f 1791 464 1760
f 2166 2168 2169
f 595 372 98
f 483 1641 482
f 762 2173 470
f 771 484 492
f 486 1809 483
f 297 1517 296
f 763 2174 762
f 776 759 489
f 184 2176 2000
f 412 303 414
f 2005 185 224
f 3811 1682 3846
f 2164 756 764
f 1472 2161 2162
f 950 964 965
f 2177 2179 2180
f 227 1510 333
f 764 467 2164
f 2182 2184 2181
f 2186 2018 2185
f 1985 2181 1986
f 214 729 1531
f 1545 1546 1569
f 865 842 866
f 849 1357 1362
f 452 1558 454
f 559 3188 737
f 16 737 3188
f 560 498 374
f 3193 3195 3194
f 3200 3198 3199
f 3211 3213 3212
f 3215 3217 3216
f 2187 2002 2001
f 2169 2189 2190
f 2192 2085 2191
f 2193 2195 2196
f 2198 2200 2197
f 1998 1979 1975
f 3664 3668 3671
f 2116 1903 1902
f 1859 2009 1150
f 3904 2126 3906
f 1135 1087 1130
f 2201 2015 2014
f 1149 110 1858
f 3221 3218 3215
f 2203 2205 2206
f 579 1895 1019
f 1755 2208 1756
f 3891 1893 605
f 1211 2150 1727
f 868 2210 2209
f 944 930 940
f 2130 2202 2201
f 233 1898 195
f 665 750 666
f 1167 999 618
f 2211 2213 2214
f 2215 2217 2218
f 3867 590 3868
f 2220 220 2219
f 823 948 1094
f 3225 3227 3226
f 266 455 265
f 3882 2107 3883
f 2221 3519 3517
f 2223 2225 2226
f 2207 2124 2208
f 673 3869 3864
f 817 996 815
f 2227 2146 2145
f 1947 646 749
f 3900 17 3873
f 2229 1638 1381
f 1679 1618 1680
f 1637 2232 2230
f 2233 1617 1616
f 2231 2236 2237
f 1381 2238 1382
f 3586 2242 3587
f 1630 2233 1631
f 1681 472 469
f 1408 2243 2244
f 3236 3238 3237
f 3232 3240 3235
f 1637 2238 1638
f 3237 3233 3234
f 1409 1634 2245
f 1380 2247 2246
f 1628 2245 1621
f 2249 1622 1633
f 1632 1408 2244
f 2248 1631 2250
f 2235 1637 1636
f 3245 3199 3198
f 631 2071 725
f 515 52 49
f 782 2251 1251
f 2253 2255 2252
f 397 459 784
f 1456 2040 1455
f 2040 2036 1455
f 1401 2111 1398
f 2041 1970 2026
f 1535 414 1965
f 1586 2080 2079
f 2256 1132 1886
f 1700 3918 3919
f 3815 1686 3817
f 1263 1886 1096
f 598 844 599
f 2257 2259 2260
f 2258 2262 2259
f 2259 2263 2216
f 2260 2216 2215
f 1967 1970 1969
f 2212 1963 2213
f 922 2218 2217
f 1312 1101 2264
f 1307 1286 789
f 1548 1546 1972
f 2266 2268 2265
f 2265 2270 2269
f 2272 2269 2271
f 2273 2265 2272
f 2275 2277 2274
f 2278 2277 2279
f 2284 3617 3639
f 2287 2286 2281
f 2288 2283 2287
f 2290 3639 3620
f 2291 2293 2294
f 2295 2294 2279
f 2296 2291 2295
f 2297 2292 2291
f 2294 2299 2300
f 2279 2300 2278
f 2298 2302 2292
f 2292 2303 2293
f 2293 2304 2299
f 2304 2306 2299
f 2306 2300 2299
f 2308 2310 2307
f 2302 2310 2303
f 2301 2307 2302
f 2312 2307 2311
f 2313 2315 2316
f 2318 2320 2317
f 3748 2322 2323
f 2324 2273 2326
f 2313 2326 2327
f 2328 2313 2316
f 2329 2324 2328
f 2331 2333 2330
f 2330 2267 2266
f 2325 2266 2273
f 2329 2330 2325
f 2333 2335 2267
f 2336 2333 2332
f 2338 2332 2337
f 2331 2337 2332
f 2329 2339 2331
f 2328 2340 2329
f 2316 2341 2328
f 2342 2315 2343
f 2344 2346 2347
f 2341 2347 2340
f 2342 2344 2341
f 2348 2345 2344
f 2350 2352 2353
f 2339 2353 2337
f 2340 2350 2339
f 2347 2351 2350
f 2337 2354 2338
f 2353 2355 2354
f 2356 2276 2357
f 2356 2358 2359
f 2356 2296 2295
f 2279 2356 2295
f 2360 2270 2268
f 2267 2360 2268
f 2362 2364 2365
f 2362 2361 2358
f 2366 2358 2357
f 2366 2363 2362
f 2357 2368 2366
f 2366 2369 2367
f 2276 2370 2368
f 2368 2282 2369
f 2372 2374 2371
f 2375 2377 2007
f 2378 2380 2381
f 2382 2381 2383
f 2384 2378 2382
f 2385 2379 2378
f 2388 2390 2387
f 2387 2392 2391
f 2393 2387 2391
f 2394 2388 2387
f 2186 2402 2400
f 2403 2327 2326
f 2272 2326 2273
f 2271 2403 2272
f 2405 2404 2403
f 2404 2408 2327
f 2409 2411 2412
f 2409 2271 2269
f 2413 2269 2270
f 2413 2410 2409
f 2417 2416 2418
f 2417 2406 2405
f 2412 2405 2271
f 2411 2417 2412
f 2406 2407 2404
f 3569 632 713
f 2420 2397 2421
f 2420 2423 2422
f 2424 2422 2419
f 2424 2398 2420
f 2425 2392 2426
f 2421 2426 2423
f 2397 2425 2421
f 2396 2391 2425
f 2427 2315 2314
f 2427 2408 2428
f 2430 2428 2429
f 2343 2427 2430
f 2432 2430 2431
f 2431 2429 2433
f 2435 2433 2434
f 2436 2431 2435
f 2428 2407 2437
f 2422 2407 2419
f 2438 2422 2423
f 2429 2437 2438
f 2440 2433 2439
f 2441 2433 2429
f 2442 2439 2441
f 2443 2440 2439
f 2445 2444 2443
f 2447 2443 2442
f 2383 2445 2447
f 2381 2446 2445
f 2448 2423 2426
f 2449 2426 2392
f 2441 2449 2442
f 2441 2438 2448
f 2449 2390 2450
f 2450 2389 2451
f 2447 2451 2383
f 2442 2450 2447
f 2451 2453 2452
f 2452 2455 2454
f 2382 2454 2384
f 2383 2452 2382
f 2456 2373 2372
f 2459 2461 2458
f 2463 2465 2462
f 2462 2285 2284
f 2466 2284 2290
f 2467 2462 2466
f 2461 3703 3701
f 2468 2470 2471
f 2472 2471 2473
f 2474 3701 3688
f 2475 2477 2478
f 2458 2453 2479
f 2479 2389 2388
f 2395 2479 2388
f 2480 2458 2479
f 2481 2483 2478
f 2484 2485 221
f 2471 2464 2463
f 2473 2463 2467
f 2487 2466 2486
f 2486 2290 2488
f 2490 2488 2489
f 2491 2486 2490
f 2492 2467 2487
f 2493 2487 2491
f 2494 2492 2493
f 2495 2473 2492
f 3690 2474 3688
f 3691 2496 3690
f 2498 2493 2499
f 2500 2499 2501
f 3700 2498 2500
f 3687 2494 2498
f 2306 2278 2300
f 2305 2504 2306
f 2504 2507 2506
f 2506 2288 2508
f 2274 2508 2275
f 2278 2506 2274
f 3633 2489 2488
f 3620 2488 2290
f 2507 2289 2288
f 2505 2509 2507
f 2508 2287 2511
f 2511 2281 2280
f 2370 2280 2282
f 2275 2511 2370
f 2512 2489 2513
f 2514 2513 2515
f 2517 2514 2516
f 2517 2490 2512
f 2499 2491 2517
f 2499 2516 2501
f 2510 2519 2518
f 2518 2521 2520
f 3616 2520 3621
f 3632 2518 3616
f 2522 2303 2310
f 2523 2310 2309
f 2305 2522 2524
f 2524 2523 2525
f 2519 2525 2521
f 2505 2524 2519
f 2308 2527 2526
f 2526 2529 2528
f 2531 2528 2530
f 2309 2526 2531
f 1214 2151 1211
f 2419 2418 2424
f 2533 2349 2317
f 2534 2317 2320
f 2535 2533 2534
f 2536 2345 2533
f 2537 2346 2536
f 2538 2536 2535
f 2539 2537 2538
f 2540 2351 2537
f 2312 2541 2527
f 2527 2542 2529
f 2543 2434 2544
f 2545 2544 2546
f 2319 2543 2545
f 2318 2435 2543
f 2514 2548 2547
f 2547 2550 2549
f 2552 2549 2551
f 2552 2514 2547
f 2520 2554 2553
f 2553 2556 2555
f 3590 2555 3593
f 3621 2553 3590
f 2523 2531 2557
f 2557 2530 2558
f 2525 2557 2559
f 2559 2558 2560
f 2554 2560 2556
f 2521 2559 2554
f 2561 2007 2006
f 2376 2225 2377
f 2564 2566 2563
f 2563 338 2567
f 2569 2567 2568
f 2570 2563 2569
f 2572 2574 2571
f 2571 2576 2575
f 2544 2575 2546
f 2544 2572 2571
f 2578 2569 2577
f 2579 2569 2568
f 2574 2579 2576
f 2573 2577 2574
f 2581 2583 2580
f 2584 2583 2585
f 3697 2580 2584
f 3676 2580 3675
f 2582 2552 2583
f 2583 2551 2585
f 2500 2589 2588
f 2590 2589 2591
f 3693 2588 2590
f 3695 2500 2588
f 2501 2591 2589
f 2592 2594 2595
f 2386 2503 2502
f 2596 2386 2374
f 2596 2373 2597
f 2599 2597 2598
f 2599 2379 2596
f 2600 2380 2599
f 2600 2598 2601
f 2603 2601 2602
f 2603 2446 2600
f 2604 2602 2605
f 2440 2605 2434
f 2444 2604 2440
f 2606 2581 2607
f 2606 2590 2591
f 2591 2582 2606
f 3676 2456 3689
f 3689 2372 3693
f 2478 2608 2481
f 2609 2611 2199
f 2564 2613 2612
f 2612 2598 2597
f 2457 2597 2373
f 2565 2612 2457
f 2614 2570 2578
f 2615 2578 2573
f 2602 2614 2615
f 2601 2613 2614
f 2572 2605 2616
f 2616 2602 2615
f 2573 2616 2615
f 1459 1045 1021
f 1265 1079 1082
f 1612 1609 1611
f 2067 2069 2068
f 1135 1136 1148
f 1938 2618 2617
f 95 458 128
f 2058 1608 1612
f 1454 1445 1367
f 655 1048 2619
f 722 2621 723
f 1131 1033 1134
f 562 366 1497
f 1723 1725 1591
f 1786 1122 1787
f 267 323 266
f 1325 1654 2038
f 1468 1435 1479
f 658 529 528
f 8 247 7
f 382 1559 3
f 788 1307 789
f 940 929 928
f 911 2623 912
f 2621 655 654
f 2624 2625 2626
f 998 27 26
f 635 2626 2625
f 2627 644 1840
f 2628 1840 2629
f 1200 2627 2628
f 1199 641 2627
f 1520 49 477
f 1452 1349 1451
f 2630 1859 1858
f 644 1335 1823
f 1197 717 2632
f 2632 719 1166
f 2628 1166 1200
f 2629 2632 2628
f 1762 1050 821
f 1823 873 1839
f 2634 794 652
f 1028 1027 1161
f 1042 2635 1043
f 93 1901 1924
f 2036 1458 1455
f 1527 1525 1526
f 877 1274 1277
f 134 797 1544
f 1328 931 1329
f 607 1091 1161
f 1043 2637 2636
f 2636 2639 2638
f 1275 2638 1276
f 1275 1043 2636
f 1272 2626 2640
f 2640 638 637
f 1110 2640 637
f 536 2640 2641
f 1472 1474 1473
f 2042 1951 649
f 1058 1105 1059
f 2642 2643 2644
f 1192 2644 1193
f 912 2642 1192
f 3898 3526 3786
f 1049 2620 2621
f 616 1885 613
f 1331 666 750
f 990 1198 525
f 1911 321 322
f 1298 1205 2645
f 76 1504 75
f 1502 421 422
f 610 658 691
f 1146 659 938
f 2646 914 936
f 1280 1238 1279
f 975 2647 2648
f 2647 975 974
f 1453 1452 1451
f 1514 158 151
f 835 1843 1842
f 1271 1173 1289
f 2649 813 2650
f 1893 1826 1894
f 1050 1937 1051
f 2651 814 813
f 1006 1281 977
f 2653 2654 2655
f 1001 1003 1002
f 585 679 558
f 2624 621 620
f 555 2028 556
f 1207 1197 2629
f 1626 478 472
f 426 419 1567
f 1030 1773 1031
f 3898 634 3880
f 534 138 262
f 1125 1042 1041
f 333 88 227
f 569 561 730
f 1489 871 870
f 1857 620 891
f 1673 3770 3763
f 622 864 1308
f 2647 974 2657
f 619 891 620
f 261 545 262
f 393 1556 404
f 2658 2647 2657
f 1075 2657 917
f 1081 2658 1075
f 1080 2659 2658
f 2644 1141 2660
f 2660 1140 1336
f 642 1336 643
f 1193 2660 642
f 679 555 558
f 1503 1500 1502
f 1318 1101 1100
f 2661 1139 1142
f 2661 2663 2662
f 2662 2659 2661
f 2662 2622 2664
f 2664 911 2646
f 2648 2646 1146
f 2648 2662 2664
f 2083 2093 2081
f 1442 1437 1439
f 519 330 51
f 1885 1209 613
f 799 805 804
f 1946 1952 1953
f 1302 1253 1252
f 566 224 533
f 1389 928 1388
f 683 681 680
f 836 1842 2665
f 2665 1845 1303
f 2666 1303 1302
f 24 2665 2666
f 831 2650 832
f 1845 1304 1303
f 2010 2012 2011
f 1051 2667 2668
f 1522 1511 1523
f 531 441 522
f 782 1251 1250
f 1250 2625 2669
f 2669 1857 1856
f 783 1856 1037
f 782 2669 783
f 720 2671 721
f 1055 1930 1056
f 1333 1251 2251
f 619 1308 1307
f 652 2619 2634
f 521 1539 1540
f 1838 537 2672
f 2672 536 2641
f 1113 2641 1110
f 1113 1838 2672
f 1016 1351 1045
f 3897 570 3894
f 226 104 101
f 3564 3827 1818
f 1036 1884 1883
f 2674 1304 2673
f 2673 1844 2675
f 1334 2675 1039
f 1333 2673 1334
f 2676 1039 2675
f 1843 2675 1844
f 942 2676 1843
f 1074 702 2676
f 811 859 858
f 752 1055 753
f 1200 656 1026
f 1120 874 2677
f 2677 877 1052
f 1241 1052 1005
f 1119 2677 1241
f 1560 151 1515
f 1208 611 523
f 215 736 214
f 1460 1462 1461
f 1208 1839 873
f 854 1282 1297
f 72 182 179
f 544 1565 512
f 217 456 457
f 2047 930 945
f 1204 1937 2633
f 913 686 685
f 840 1113 1112
f 1531 730 561
f 2678 1283 801
f 601 1914 602
f 1537 459 460
f 1819 3509 3527
f 991 862 538
f 2679 1073 1830
f 2680 983 2256
f 779 2256 1263
f 778 2680 779
f 2678 1830 2680
f 180 245 40
f 1886 1131 1134
f 1138 1274 1255
f 1841 1140 1139
f 75 314 74
f 193 420 192
f 2681 1099 1098
f 170 1565 169
f 349 417 432
f 1121 2684 2683
f 547 409 302
f 123 121 120
f 2643 1142 1141
f 1542 513 1543
f 899 907 919
f 1210 676 867
f 791 982 892
f 24 837 836
f 893 932 931
f 1860 863 862
f 535 862 861
f 832 813 812
f 2650 813 832
f 1569 1547 1568
f 181 542 180
f 660 937 688
f 2013 568 2012
f 887 2631 2630
f 1524 361 78
f 520 162 1529
f 2653 854 2685
f 1238 2655 2686
f 718 527 530
f 1492 518 1491
f 792 615 793
f 599 1835 596
f 290 456 175
f 312 1552 425
f 1248 1179 1249
f 153 177 178
f 1240 1222 1221
f 1257 1235 1071
f 1291 1083 1222
f 1052 1277 1053
f 743 2618 1204
f 444 430 443
f 23 1172 1187
f 2687 1180 1179
f 102 409 134
f 1283 610 801
f 373 650 651
f 1180 1084 1291
f 855 2655 1237
f 1173 1917 1174
f 2689 853 2688
f 2688 1108 1279
f 2686 1279 1238
f 2687 2688 2686
f 2691 1252 2690
f 2690 850 2689
f 1248 2689 2687
f 1248 2691 2690
f 2692 24 2666
f 2691 2666 1302
f 1247 2692 2691
f 1258 617 2692
f 394 1555 393
f 2693 1259 1223
f 1072 1262 1261
f 1257 1168 1258
f 398 1555 1554
f 871 1314 872
f 1178 1249 1179
f 1224 1173 1172
f 1010 2618 742
f 1175 1292 1269
f 2654 2686 2655
f 2694 1216 1264
f 71 1487 70
f 701 1111 1038
f 1072 2649 2650
f 1085 22 21
f 895 1264 896
f 1601 1605 1604
f 1259 1271 1289
f 21 1220 1083
f 988 538 537
f 598 1336 1140
f 820 1762 821
f 1050 818 821
f 1298 1761 2652
f 1168 618 617
f 858 1256 833
f 39 516 1536
f 2652 819 814
f 313 315 314
f 2026 1971 2027
f 2656 596 1835
f 814 818 811
f 2696 813 2649
f 1260 2649 1261
f 2693 2696 1260
f 2697 2651 2696
f 381 390 380
f 3818 1611 1609
f 1475 1428 1227
f 1292 1917 1235
f 1551 354 1518
f 1526 1523 1511
f 1593 1595 1573
f 1232 1246 1249
f 2695 1223 22
f 2698 1296 2697
f 2698 2693 2695
f 2685 2695 1085
f 2685 1297 2698
f 562 271 272
f 2652 1296 1298
f 1365 1364 1363
f 1958 1953 1957
f 585 2210 997
f 1561 1515 435
f 975 1146 976
f 347 68 346
f 1038 636 1068
f 2700 780 2699
f 2699 1036 1883
f 2701 1883 1829
f 851 2699 2701
f 2674 2251 2702
f 2702 781 2700
f 1253 2700 851
f 1301 2702 1253
f 1519 388 1550
f 1273 1280 2703
f 2703 1107 852
f 2701 852 851
f 1829 2703 2701
f 91 326 90
f 1784 2656 1785
f 2683 2705 2704
f 604 3499 3533
f 1669 3548 1662
f 2062 2060 2059
f 621 861 622
f 2023 732 2024
f 686 1263 687
f 857 2668 1328
f 883 882 879
f 637 1111 1110
f 2668 893 1328
f 2667 894 2668
f 1039 1068 1334
f 313 1504 1505
f 1911 305 453
f 1936 1964 2212
f 2707 2401 2183
f 2708 2183 2182
f 738 2116 554
f 2349 2432 2436
f 2711 2020 2019
f 2400 2019 2186
f 2714 2716 2713
f 2717 2719 2720
f 2721 2723 2724
f 2726 2728 2725
f 2725 2730 2729
f 2731 2729 2709
f 2732 2725 2731
f 2734 2736 2733
f 2738 2740 2737
f 2737 2741 2742
f 2744 2746 2743
f 2745 2748 2747
f 2749 2747 2751
f 2753 2751 2752
f 2250 2246 2248
f 2754 1614 2755
f 3598 2755 3609
f 3608 2747 3609
f 1617 2755 1614
f 2242 1620 2757
f 2191 2760 2759
f 2761 2760 2762
f 3648 2761 3649
f 3623 2759 3648
f 3209 3223 3224
f 1395 2236 2235
f 1395 1636 1615
f 1616 2229 2233
f 1617 2763 2756
f 2756 3628 3608
f 2765 2234 1630
f 2766 3628 3622
f 3202 3246 3247
f 1516 435 1515
f 2768 3552 3553
f 1495 578 1424
f 2135 28 17
f 3526 2773 2774
f 1690 3926 3925
f 2778 2780 2777
f 2777 2781 2782
f 2784 2777 2783
f 3555 575 576
f 1494 9 540
f 3529 2015 3566
f 451 505 450
f 2786 2788 2785
f 2779 2785 2780
f 2789 2741 2740
f 2790 2752 2789
f 2792 2794 2791
f 2793 2796 2794
f 2796 2750 2749
f 2794 2749 2753
f 2798 1396 2754
f 3591 2754 3598
f 2798 2800 1393
f 3591 2799 2798
f 2797 2795 2801
f 2791 2753 2790
f 216 232 54
f 3804 2807 3803
f 3805 2804 3803
f 2769 3557 3552
f 183 184 97
f 2811 2775 2776
f 2804 2776 2805
f 2809 2811 2804
f 2812 2813 2814
f 3805 2816 3795
f 3796 2815 3795
f 3798 2820 2821
f 3793 2819 3798
f 2824 2735 2819
f 2823 2824 2819
f 2825 2826 2724
f 3793 2827 3792
f 3796 2826 3792
f 2713 2829 2828
f 2828 2831 2830
f 2822 2828 2830
f 2821 2713 2828
f 2832 2822 2830
f 2833 2830 2831
f 2834 2832 2833
f 2835 2827 2832
f 2837 2839 2836
f 2836 2841 2840
f 2842 2840 2727
f 2843 2836 2842
f 2840 2845 2844
f 2718 2845 2719
f 2730 2844 2718
f 2727 2844 2728
f 2846 2719 2845
f 2846 2841 2847
f 2829 2847 2831
f 2829 2716 2846
f 2847 2839 2848
f 2848 2838 2849
f 2833 2849 2834
f 2831 2848 2833
f 2850 2851 2852
f 2853 2852 2854
f 2783 2782 2855
f 2785 2853 2856
f 2780 2856 2781
f 2857 2855 2782
f 2859 2782 2781
f 2861 2842 2860
f 2860 2727 2726
f 2862 2726 2732
f 2863 2860 2862
f 2861 2858 2857
f 2843 2857 2859
f 2856 2854 2864
f 2781 2864 2859
f 2837 2859 2864
f 2838 2864 2854
f 2852 2834 2849
f 2854 2849 2838
f 2865 2818 2835
f 2851 2835 2834
f 2813 2815 2865
f 2814 2865 2851
f 2866 2814 2850
f 2788 2850 2853
f 2866 2787 2867
f 2812 2867 2775
f 1892 1890 1891
f 2720 2846 2870
f 298 256 257
f 2872 2713 2820
f 3794 2735 2734
f 2729 2874 2873
f 2846 2715 2870
f 2876 2878 2875
f 2733 2878 2734
f 3806 2879 2880
f 3806 2872 3794
f 2882 2884 2881
f 2881 2715 2714
f 2880 2714 2872
f 2879 2881 2880
f 2885 2887 2888
f 2888 2890 2885
f 2885 2892 2891
f 2893 2885 2891
f 1942 2532 2894
f 2895 2720 2870
f 2884 2870 2715
f 2883 2895 2884
f 2896 2892 2895
f 2889 2717 2890
f 2890 2720 2892
f 2897 2891 2896
f 2898 2896 2883
f 2899 2883 2882
f 2900 2882 2879
f 3797 2879 3807
f 2876 2901 2877
f 2901 2904 2903
f 1785 1835 1834
f 2905 2899 2900
f 2907 2897 2898
f 3797 2903 3799
f 632 577 633
f 3532 2867 2787
f 434 550 350
f 2768 3640 3643
f 2910 1623 2249
f 2241 2758 2242
f 3640 2913 3652
f 1623 2757 1620
f 3587 2757 3652
f 2229 1380 2250
f 2765 1629 2914
f 2915 1629 2912
f 3642 2914 2915
f 3641 2765 2914
f 2919 3642 3613
f 2918 2912 2241
f 3614 2241 3586
f 3618 3613 3670
f 3541 2180 3496
f 3521 2188 3506
f 3705 714 3851
f 2925 2917 2924
f 2924 2916 2919
f 3610 2919 3618
f 3611 2924 3610
f 2926 2766 2925
f 3658 2925 3611
f 1715 1705 1710
f 785 498 796
f 1387 565 1791
f 374 1899 560
f 3573 2206 3556
f 2929 2886 2893
f 2932 2934 2931
f 1905 1908 1907
f 2930 2936 2937
f 2938 2930 2929
f 1493 517 518
f 1603 1586 1602
f 2939 2929 2908
f 2940 2908 2907
f 3665 1600 3661
f 2886 2937 2887
f 2906 2898 2899
f 2908 2893 2897
f 2942 2933 2941
f 2941 2937 2936
f 3501 2936 3513
f 3498 2941 3501
f 2943 2710 2873
f 2943 2874 2889
f 2945 2889 2888
f 2946 2943 2945
f 2932 2888 2887
f 2931 2945 2932
f 727 1929 728
f 2903 2947 2948
f 545 42 262
f 1480 533 251
f 2907 2949 2940
f 2906 2950 2949
f 1558 215 202
f 3799 2948 3801
f 2054 1644 2118
f 3705 2203 3573
f 1828 1849 1827
f 2953 2955 2952
f 2952 2957 2956
f 2956 2258 2952
f 2953 2258 2257
f 2454 2474 2496
f 3747 2959 3766
f 3747 2131 3737
f 2961 2963 2958
f 2958 2964 2959
f 222 2485 2965
f 2477 2966 2608
f 2631 2006 1859
f 2384 2496 2497
f 2967 2959 2964
f 2968 2970 2969
f 3759 2971 3784
f 3784 2960 3766
f 2972 2033 2032
f 2007 2973 2008
f 3560 2134 2133
f 1836 1832 1831
f 3506 2090 3551
f 955 959 956
f 672 674 673
f 633 713 632
f 2024 733 803
f 2025 803 798
f 425 1550 388
f 2975 888 887
f 1319 1157 2694
f 1212 2977 1213
f 889 2228 2227
f 1978 1975 1979
f 1138 1329 915
f 751 2979 2978
f 1619 1625 1624
f 2252 1728 1727
f 1157 845 1216
f 2706 1938 2617
f 2980 2254 2981
f 2982 887 2630
f 802 711 2679
f 678 2029 2028
f 527 690 528
f 1839 2629 1840
f 2983 602 1914
f 2983 1913 1331
f 2985 1331 1054
f 2986 2983 2985
f 2987 2635 2634
f 2985 2639 2986
f 2990 1318 2989
f 2991 2993 2994
f 2995 2994 2996
f 1106 2991 2995
f 1058 2992 2991
f 1415 1365 1367
f 1317 2217 2997
f 1932 2255 2980
f 926 2999 664
f 3001 2992 3000
f 3000 1057 2978
f 2999 2978 2979
f 2998 3000 2999
f 3002 2209 3003
f 3002 2996 2994
f 2993 3002 2994
f 3001 2998 3002
f 1103 2995 3004
f 3004 2996 3003
f 2209 3004 3003
f 588 3004 2210
f 295 433 381
f 2638 2988 3005
f 3005 1056 1930
f 1305 1930 1306
f 1276 3005 1305
f 1987 1993 1989
f 2633 1761 2645
f 1423 1417 1419
f 3561 739 703
f 2671 2704 2705
f 1473 2035 1472
f 922 2694 895
f 1401 1378 1384
f 556 1884 1037
f 842 3825 3836
f 1854 2617 1010
f 933 1081 1075
f 1440 1436 1437
f 529 719 530
f 1031 1027 1028
f 777 912 1871
f 2645 1204 2633
f 441 1538 1537
f 790 587 586
f 2065 1610 1607
f 1860 990 902
f 60 87 59
f 1424 1948 1947
f 332 1507 331
f 261 138 135
f 187 449 507
f 1719 1726 1725
f 1931 1059 3006
f 3006 1105 1104
f 1287 1104 587
f 1286 3006 1287
f 3007 3009 3010
f 3009 653 795
f 618 26 25
f 2029 1210 1209
f 957 600 2228
f 1049 2228 600
f 2631 3011 2561
f 890 2227 3011
f 3011 2145 3012
f 2561 3012 2375
f 1026 609 608
f 2706 1961 1964
f 3013 2485 3014
f 2148 1267 3015
f 3015 1266 1311
f 2997 1101 1317
f 642 1773 1193
f 186 461 511
f 1041 1320 901
f 1121 3017 1122
f 2984 2987 3018
f 3018 2634 2619
f 1048 3018 2619
f 603 2984 3018
f 2679 801 802
f 2062 2074 2061
f 2061 2076 2064
f 414 1545 1965
f 3016 2683 3019
f 3019 2704 2670
f 3020 2670 720
f 3007 3019 3020
f 1871 1091 777
f 3021 1122 3017
f 3022 3017 3010
f 1314 3022 1315
f 1784 3021 1314
f 1316 1763 611
f 3023 3010 3009
f 3023 795 1092
f 1763 1092 1125
f 1315 3023 1763
f 3016 3010 3017
f 752 2978 1057
f 2986 2637 2987
f 3024 653 3008
f 3020 3008 3007
f 720 3024 3020
f 723 654 3024
f 2681 1268 3025
f 2671 1268 721
f 2705 3025 2671
f 1313 3027 1311
f 3026 3029 3027
f 3027 3030 3031
f 1311 3031 3015
f 2012 731 2023
f 917 974 977
f 743 856 744
f 1888 2030 1425
f 2682 2684 3032
f 3032 1124 2989
f 1100 2989 1318
f 1099 3032 1100
f 1123 2989 1124
f 3033 1159 1158
f 2990 1158 1319
f 1123 3033 2990
f 1786 1834 3033
f 1054 2988 2985
f 2979 664 2999
f 2623 2663 2643
f 1095 688 687
f 3034 2261 2956
f 3036 2956 2957
f 3037 3034 3036
f 3038 3035 3034
f 3040 3026 1313
f 2263 3041 3040
f 3042 3043 3041
f 3041 3028 3026
f 3044 3043 3039
f 3046 3045 3044
f 3047 3049 3045
f 3043 3049 3028
f 3038 3051 3050
f 3050 3053 3052
f 3052 3044 3050
f 3039 3050 3044
f 3054 3039 3042
f 3042 2262 3054
f 2261 3054 2262
f 2216 2997 2217
f 2212 2667 1936
f 3056 2209 3055
f 934 1961 1854
f 2013 3757 567
f 3058 3060 3061
f 3059 3063 3060
f 3060 2213 1963
f 3061 1963 1962
f 3063 2214 2213
f 3062 3064 3063
f 3065 2260 3064
f 3064 2215 2214
f 3066 3031 3030
f 2608 3067 3066
f 2966 3068 3067
f 3031 3068 3015
f 2455 2461 2474
f 2476 2226 2477
f 3551 2089 3525
f 3526 3769 3786
f 433 355 381
f 2115 1419 2123
f 3509 2922 3527
f 3769 2131 2134
f 3069 2167 2166
f 2971 2928 2960
f 2961 2773 2962
f 3070 2478 2483
f 2610 3071 2954
f 2502 2374 2386
f 3072 2595 3073
f 2964 3052 2967
f 3048 3074 3049
f 2593 3075 3074
f 3075 3029 3074
f 3074 3028 3049
f 3072 3075 2592
f 3076 2482 2481
f 2481 3066 3076
f 3076 3030 3075
f 2967 3053 2970
f 2482 3073 2483
f 479 493 494
f 706 3873 709
f 3561 2221 3517
f 2013 3754 3755
f 3533 2016 3529
f 3562 2222 2974
f 1171 1155 1176
f 2586 2565 2587
f 2982 113 2484
f 2562 3077 3068
f 2376 3012 3077
f 3012 2148 3077
f 3077 3015 3068
f 2963 3046 2964
f 3051 2970 3053
f 1683 491 775
f 3850 1447 3860
f 1986 3734 3768
f 3079 2546 2575
f 3081 2575 2576
f 1983 3768 3765
f 3082 2319 2545
f 3080 2545 2546
f 3734 3082 3080
f 3732 2323 3082
f 1309 1888 748
f 3073 2772 2771
f 2760 3084 2762
f 2760 2088 3083
f 3085 3086 3087
f 3089 3090 3088
f 3089 3084 3085
f 3092 3090 3091
f 3093 2744 2743
f 2751 2748 3093
f 3093 2752 2751
f 2742 3093 3094
f 3094 2743 3095
f 3096 3098 3087
f 3099 3087 3086
f 3097 3095 3098
f 3100 2746 3101
f 3101 3102 3100
f 2764 2927 3101
f 2745 3101 2746
f 3102 3091 3100
f 3100 3095 2743
f 2869 3592 3634
f 3102 3104 3092
f 3658 2869 3634
f 2927 3103 3102
f 3098 3091 3090
f 3087 3090 3085
f 2088 3105 3083
f 3083 3086 3084
f 2483 2771 3070
f 2401 2185 2321
f 3099 3105 3106
f 2125 3106 3105
f 3108 2742 3107
f 3107 3094 3097
f 3110 3107 3109
f 3109 3097 3096
f 3111 3096 3099
f 3112 3109 3111
f 3113 2737 3108
f 3115 2722 3114
f 3117 3114 3116
f 3119 3116 3118
f 3118 3120 3121
f 3116 3113 3120
f 3122 3111 3123
f 3122 1755 1754
f 3124 3126 3127
f 3125 3121 3126
f 3128 3118 3125
f 3129 3125 3124
f 2020 3128 3129
f 3853 1346 1352
f 1065 1047 1066
f 1814 3830 1649
f 2021 3129 3130
f 3111 3106 3123
f 3123 2207 1755
f 2377 2224 2973
f 3014 113 112
f 1756 3782 3767
f 3131 2530 2528
f 3133 2528 2529
f 1753 3767 3775
f 3134 3127 3135
f 2327 2314 2313
f 2436 2317 2349
f 2018 3711 3712
f 2534 3137 2535
f 2320 3136 2534
f 2185 3712 3771
f 3138 2542 2539
f 3134 3744 3745
f 3785 3134 3745
f 3140 2539 2538
f 2535 3140 2538
f 3711 3130 3785
f 2558 3132 3141
f 3782 3141 3132
f 2560 3141 3142
f 3760 3142 3141
f 958 2976 2981
f 1933 2980 3143
f 2399 2418 2416
f 2348 2343 2432
f 2322 2319 2323
f 2718 2874 2730
f 2709 2873 2710
f 2894 1361 1942
f 346 176 347
f 1876 1882 1881
f 2802 3607 3592
f 3104 3088 3092
f 2974 3649 3603
f 3089 2761 2762
f 3088 3145 3089
f 2803 3603 3607
f 3870 692 628
f 2123 1418 2126
f 1365 1368 1367
f 1581 1782 1783
f 3569 2129 3520
f 3555 2002 3521
f 3146 2551 3147
f 3751 3147 3750
f 3742 3146 3751
f 3149 2585 3146
f 3196 3197 3195
f 3604 2191 3623
f 3142 2556 2560
f 3777 3150 3142
f 3646 2550 3593
f 3150 2555 2556
f 3778 3151 3150
f 3788 3152 3646
f 3153 2551 2549
f 3152 2549 2550
f 3781 3153 3152
f 3776 3147 3153
f 3148 2206 2205
f 2183 2321 2184
f 2132 2928 2133
f 3684 2204 2203
f 3719 2197 3721
f 2594 2773 2951
f 2595 2951 2772
f 1870 799 1869
f 3713 2178 3706
f 3706 3736 3790
f 336 3774 3722
f 339 3154 336
f 3789 3149 3742
f 3683 2584 3149
f 2963 3048 3047
f 3722 337 336
f 339 2566 2586
f 3156 2168 2167
f 2610 2167 2611
f 2954 3156 2610
f 3157 2953 2257
f 3707 2169 3709
f 2567 3159 2568
f 337 2567 338
f 3730 2166 3707
f 3764 1983 3765
f 2579 3081 2576
f 2568 3160 2579
f 3709 2190 3764
f 3065 3162 3161
f 3161 1984 2189
f 3157 2189 2168
f 2257 3161 3157
f 734 1922 806
f 3059 2708 3163
f 3163 2182 1985
f 3162 1985 1984
f 3062 3163 3162
f 3203 3205 3204
f 2122 1448 1447
f 3817 1685 3812
f 139 444 69
f 1570 566 533
f 2957 3165 3036
f 2955 3164 2957
f 1912 341 1973
f 3130 3124 3134
f 1548 319 1547
f 1949 1327 1887
f 2969 3078 3167
f 3167 3169 3168
f 3724 2017 3720
f 3720 2033 3759
f 3168 3165 3170
f 3170 3164 3171
f 3779 3171 3756
f 3724 3170 3779
f 3171 3166 3172
f 3172 3071 3173
f 3752 3173 3749
f 3756 3172 3752
f 3169 3036 3165
f 2593 2962 2594
f 3173 2609 3174
f 3174 2199 2198
f 3783 2198 3719
f 3749 3174 3783
f 2190 1984 1983
f 2196 2767 3148
f 2119 1414 1448
f 1464 1466 1465
f 2199 3069 2200
f 2457 2587 2565
f 2226 2562 2966
f 481 1627 1639
f 333 235 236
f 3078 3037 3169
f 3040 2997 2263
f 2219 1933 2220
f 2385 2497 2503
f 221 3175 2484
f 2220 3143 3175
f 3175 2976 2975
f 2484 2975 2982
f 2954 3166 2955
f 2630 110 2982
f 1547 1952 1955
f 2091 2188 2187
f 3733 2178 2177
f 1918 1927 1926
f 3563 111 3511
f 955 960 954
f 2037 112 3563
f 3143 2981 2976
f 2218 2214 2215
f 672 3787 3541
f 2152 3014 2037
f 1147 1143 1145
f 2248 1409 2245
f 1615 1635 1616
f 1410 2246 2247
f 3241 3242 3240
f 3177 1383 1382
f 2238 3176 1382
f 3176 2230 3178
f 1410 3179 1407
f 3179 2243 1407
f 1633 2800 2249
f 1621 2758 2912
f 1622 2245 1634
f 2236 3181 3182
f 2237 3182 3183
f 2250 2233 2229
f 2912 1628 1621
f 135 1564 1563
f 1567 512 1565
f 1085 2653 2685
f 3184 868 3056
f 869 3057 934
f 1266 1098 1312
f 1267 722 721
f 937 2646 936
f 2146 722 2147
f 2211 921 2667
f 1957 507 449
f 1313 2264 3040
f 1496 1493 1492
f 2681 2705 2682
f 2887 2933 2932
f 1687 1659 1694
f 145 1498 81
f 1317 1319 2694
f 37 418 71
f 1935 3185 2977
f 104 301 103
f 2101 2083 2084
f 543 360 207
f 1934 3186 3185
f 234 212 237
f 3845 1822 1824
f 1976 1874 1974
f 223 2219 220
f 3655 3605 3612
f 468 773 2165
f 1935 1728 1932
f 3240 3226 3235
f 3261 3250 3260
f 3215 3244 3264
f 3265 3215 3264
f 3267 3198 3196
f 3205 3269 3255
f 3214 3265 3270
f 3271 3214 3192
f 3251 3239 3236
f 3222 3266 3272
f 3232 3234 3233
f 3216 3243 3244
f 3196 3268 3267
f 3244 3254 3255
f 3238 3247 3246
f 3264 3255 3269
f 3253 3216 3217
f 3211 3221 3265
f 3257 3218 3256
f 3258 3272 3259
f 3274 3280 3273
f 3228 3262 3263
f 3275 3281 3280
f 3226 3273 3280
f 3236 3260 3251
f 3281 3236 3237
f 3287 3192 3189
f 3235 3280 3234
f 3234 3281 3237
f 3288 3259 3272
f 3260 3276 3251
f 3289 3278 3284
f 3210 3224 3283
f 3199 3201 3200
f 3228 3230 3229
f 3290 3285 3286
f 3282 3271 3287
f 3260 3262 3261
f 3243 3268 3254
f 3267 3241 3232
f 3194 3208 3193
f 3191 3269 3206
f 3270 3192 3214
f 3275 3230 3231
f 3264 3270 3265
f 3252 3276 3291
f 3248 3291 3223
f 3213 3279 3277
f 3272 3289 3288
f 3277 3212 3213
f 3228 3281 3231
f 3220 3253 3219
f 3219 3217 3257
f 3256 3222 3258
f 3247 3252 3248
f 3245 3232 3233
f 3266 3212 3289
f 3208 3255 3254
f 3288 3284 3285
f 3204 3208 3207
f 560 3187 559
f 3209 3201 3202
f 3189 3191 3190
f 448 807 447
f 647 122 270
f 1833 1780 1832
f 510 508 507
f 3210 1887 3201
f 1887 3200 3201
f 15 3197 3200
f 16 3195 3197
f 3195 3187 3194
f 3194 1899 3207
f 3207 375 3204
f 387 126 127
f 3189 1760 3287
f 3577 757 758
f 763 2172 2175
f 3583 3580 3581
f 3581 3579 3578
f 3594 3596 3595
f 3400 3602 3401
f 3626 3625 3627
f 3631 3599 3601
f 3636 3595 3596
f 3647 3588 3645
f 3650 3584 3647
f 3653 3580 3651
f 3653 3654 3579
f 1801 3656 3655
f 3651 3582 3650
f 3644 3595 3637
f 1767 3659 3660
f 1597 3661 1600
f 1708 3665 3664
f 3671 3667 3666
f 3666 3673 3672
f 1588 3664 1587
f 2080 3666 2082
f 2082 3672 2084
f 3674 3635 3631
f 3677 3636 3635
f 3682 3645 3681
f 3692 3650 3686
f 3681 3644 3680
f 786 3692 785
f 3694 3651 3692
f 785 3686 497
f 497 3682 650
f 650 3681 564
f 3696 3681 3680
f 3405 3605 3402
f 3702 3678 3677
f 3699 3679 3678
f 3645 3638 3644
f 1799 3659 1768
f 3708 3458 3460
f 3462 3708 3460
f 3714 564 3696
f 3615 3602 3600
f 3710 3696 3698
f 3635 3596 3599
f 3629 3627 3630
f 3597 3599 3596
f 3630 3715 3629
f 3627 3597 3594
f 3717 3723 3718
f 3715 3660 3629
f 3716 3725 3715
f 3668 3661 3725
f 3668 3717 3667
f 3667 3718 3673
f 3727 3673 3718
f 3728 3672 3673
f 3726 3718 3723
f 1576 2084 3672
f 3727 3731 3729
f 3203 1387 3190
f 3190 1791 3189
f 3283 1949 3210
f 317 259 391
f 2000 3653 3694
f 3601 3600 3602
f 3589 3584 3585
f 3577 756 2170
f 3585 3582 3583
f 3678 3637 3636
f 3204 376 3203
f 1801 3657 1799
f 3729 3728 3727
f 1575 3738 1088
f 3735 1576 3728
f 1776 1796 1775
f 1293 1290 1284
f 1326 1327 12
f 1294 1234 1290
f 878 1330 1337
f 497 374 498
f 122 413 121
f 3699 3704 3708
f 3606 3401 3602
f 3708 3698 3699
f 3464 3710 3462
f 3704 3443 3458
f 439 399 438
f 1512 1526 1511
f 1668 1738 1671
f 839 1362 838
f 1362 826 1012
f 3843 1896 3815
f 2053 2118 2117
f 3888 2120 2119
f 696 3816 3831
f 1826 639 640
f 3740 3729 3731
f 956 886 960
f 1980 1922 807
f 33 105 164
f 1343 3856 3857
f 3907 2128 3902
f 1766 1582 1594
f 14 2163 738
f 595 99 594
f 3233 3246 3245
f 1346 1044 1352
f 748 1425 747
f 3193 3254 3268
f 3190 3206 3203
f 3612 3606 3615
f 3624 3615 3625
f 3631 3443 3674
f 3679 3644 3637
f 3686 3647 3682
f 3702 3674 3704
f 3625 3600 3597
f 3601 3415 3631
f 3739 3735 3729
f 3630 3594 3741
f 3741 3716 3630
f 1284 1288 1285
f 3698 3680 3679
f 1778 1780 1779
f 1792 1584 1789
f 695 571 694
f 3638 3594 3595
f 3741 3588 3589
f 3247 3209 3202
f 3292 3294 3295
f 3296 3298 3299
f 3299 3300 3301
f 3302 3304 3305
f 3306 3308 3309
f 3307 3311 3308
f 3303 3301 3300
f 3312 3304 3313
f 3314 3316 3317
f 3318 3320 3321
f 3324 3321 3325
f 3326 3328 3323
f 3329 3331 3332
f 3333 3335 3336
f 3337 3339 3340
f 3333 3341 3342
f 3342 3343 3344
f 3319 3344 3343
f 3338 3334 3339
f 3346 3302 3347
f 3305 3347 3302
f 3312 3223 3349
f 3350 3340 3351
f 3312 3348 3305
f 3352 3341 3326
f 3311 3354 3308
f 3341 3327 3326
f 3359 3361 3362
f 3360 3250 3249
f 3318 3345 3319
f 3364 3318 3324
f 3314 3324 3365
f 3366 3301 3346
f 3299 3367 3296
f 3308 3368 3309
f 3369 3295 3294
f 3317 3364 3314
f 3370 3317 3316
f 3325 3365 3324
f 3352 3319 3343
f 3296 3353 3311
f 3297 3311 3310
f 3363 3354 3345
f 3345 3353 3344
f 3344 3367 3342
f 3366 3342 3367
f 3347 3334 3346
f 3339 3348 3340
f 3348 3351 3340
f 3363 3369 3368
f 3294 3368 3369
f 3293 3309 3294
f 3331 3374 3332
f 3346 3333 3366
f 3323 3352 3326
f 3356 3321 3320
f 3355 3325 3321
f 3357 3371 3325
f 3322 3320 3352
f 3361 3329 3362
f 3373 3375 3374
f 3374 3376 3332
f 3329 3376 3362
f 3327 3372 3328
f 3336 3375 3327
f 3335 3376 3375
f 3376 3337 3362
f 3337 3359 3362
f 3359 3276 3250
f 3377 3295 3370
f 3277 3315 3278
f 3371 3379 3365
f 3378 3358 3380
f 3365 3315 3314
f 3316 3279 3370
f 3282 3370 3279
f 3313 3224 3312
f 3378 3284 3379
f 3380 3285 3378
f 3379 3278 3315
f 3276 3351 3291
f 3291 3349 3223
f 3313 2965 3013
f 2965 3303 222
f 222 3300 223
f 223 3298 3186
f 3298 3185 3186
f 3297 2977 3185
f 3310 1213 2977
f 3307 1214 1213
f 2532 3306 3293
f 2894 3293 3292
f 2871 3292 3377
f 3253 3240 3242
f 3283 3013 2152
f 1997 1889 1892
f 1237 744 855
f 1535 120 121
f 1531 201 214
f 1119 1032 984
f 946 824 947
f 163 5 162
f 3589 3723 3741
f 1155 1162 1164
f 427 327 424
f 553 796 498
f 3381 2231 2237
f 3381 2230 2232
f 2237 3180 3381
f 3383 3385 3382
f 3384 3387 3385
f 3386 3389 3387
f 3388 3391 3389
f 3392 3394 3395
f 3395 3396 3397
f 3398 3397 3396
f 3400 3399 3398
f 3403 3405 3402
f 3406 3404 3403
f 3408 3407 3406
f 3410 3409 3408
f 3412 3411 3410
f 3415 3398 3414
f 3414 3396 3416
f 3416 3394 3417
f 3417 3393 3418
f 3393 3420 3418
f 3419 3421 3420
f 3390 3422 3421
f 3388 3423 3422
f 3386 3424 3423
f 3384 3425 3424
f 3425 3426 3184
f 2904 3428 2947
f 3429 2904 2902
f 3430 2902 2876
f 2875 3430 2876
f 3432 2733 2736
f 2825 3435 2824
f 3437 3439 3436
f 3441 3436 3440
f 2724 3434 2825
f 3436 3115 3117
f 3440 3117 3119
f 3443 3414 3442
f 3442 3416 3444
f 3444 3417 3445
f 3445 3418 3446
f 3446 3420 3447
f 3420 3448 3447
f 3421 3449 3448
f 3422 3450 3449
f 3423 3451 3450
f 3424 3452 3451
f 3425 3056 3452
f 3451 2253 2252
f 3450 2252 1727
f 3449 1727 2150
f 3448 2150 1941
f 3453 3448 1941
f 3454 3447 3453
f 3455 3446 3454
f 3456 3445 3455
f 3442 3456 3457
f 3443 3457 3458
f 3459 3458 3457
f 3457 3455 3459
f 3459 3454 3461
f 3462 3459 3461
f 3461 3453 3463
f 3464 3461 3463
f 3463 1941 1360
f 3404 3401 3405
f 3407 3399 3404
f 3409 3397 3407
f 3411 3395 3409
f 3465 3413 3412
f 3467 3469 3466
f 3465 3431 3433
f 3470 3466 3465
f 3438 3432 3435
f 3467 3438 3437
f 3468 3437 3441
f 3471 3468 3472
f 3472 3441 3473
f 3473 3440 2712
f 2712 3119 3128
f 3475 3472 3474
f 3474 3473 3476
f 3476 2712 2711
f 3477 2711 2400
f 3478 3476 3477
f 3479 3474 3478
f 3392 3413 3480
f 3466 3480 3413
f 3419 3392 3480
f 3390 3480 3391
f 3469 3391 3480
f 3389 3471 3475
f 3387 3475 3479
f 3385 3479 3481
f 3482 2400 2402
f 3483 3477 3482
f 3481 3478 3483
f 3484 2402 2707
f 3058 2707 2708
f 3061 3484 3058
f 3485 3482 3484
f 3382 3481 3486
f 3486 3483 3485
f 3426 3382 3487
f 3487 3486 1962
f 3486 3061 1962
f 1961 3487 1962
f 3057 3426 3487
f 3428 3402 3488
f 3427 3403 3428
f 3429 3406 3427
f 3430 3408 3429
f 3431 3410 3430
f 3470 3433 3432
f 3434 3438 3435
f 2723 3439 3434
f 2875 3433 3431
f 2736 3435 3432
f 2947 3488 3500
f 3464 1360 3497
f 1900 1924 1901
f 1736 1718 1750
f 1955 1943 1956
f 1671 1735 1751
f 1696 1698 1692
f 1800 1864 1801
f 2063 2056 2060
f 1737 1717 1736
f 1751 1697 1695
f 943 3899 684
f 3656 3402 3605
f 1577 1764 1703
f 3917 1599 3923
f 1945 82 1944
f 68 7 248
f 147 1543 148
f 1109 1133 1102
f 1503 1907 1908
f 1499 1909 1498
f 452 735 215
f 1824 3835 3845
f 1825 2068 1824
f 1463 1022 1194
f 841 1009 1011
f 1568 1955 1534
f 1926 1927 1923
f 1910 1502 1939
f 1939 422 442
f 309 1940 308
f 1804 1866 1803
f 269 1954 56
f 2065 2060 2056
f 3812 1758 3835
f 280 552 1940
f 1875 1869 1874
f 1739 1734 1737
f 1778 1790 1788
f 310 1915 279
f 1909 1906 1954
f 1789 1778 1788
f 978 980 979
f 1584 1731 1583
f 425 311 312
f 148 115 116
f 2044 3894 2046
f 277 1939 551
f 1943 1945 1944
f 1461 1463 1464
f 2253 3056 3055
f 2981 3489 958
f 2209 3489 3055
f 2254 3055 3489
f 2998 958 3489
f 2826 2721 2724
f 3490 2721 2817
f 2816 3490 2817
f 2334 2296 2335
f 2298 2334 2336
f 2301 2336 2338
f 2311 2338 2354
f 2312 2354 2355
f 2359 2361 2360
f 2335 2359 2360
f 2414 2365 2364
f 2413 2361 2365
f 2355 2540 2541
f 2541 2539 2542
f 2722 2739 2738
f 3114 2738 3113
f 3110 3121 3120
f 3108 3120 3113
f 3122 3127 3126
f 3112 3126 3121
f 3127 1753 3135
f 3139 2529 2542
f 3744 3133 3139
f 3490 2740 2739
f 3491 2789 3490
f 228 91 88
f 245 243 242
f 248 247 191
f 2 296 295
f 145 300 267
f 327 210 328
f 329 331 330
f 250 228 236
f 239 240 230
f 373 375 374
f 178 176 175
f 1218 1228 1321
f 3862 1295 3854
f 808 824 823
f 3858 1013 1014
f 3813 1411 1413
f 2154 2159 2160
f 3845 1758 1757
f 306 1922 452
f 2157 1976 1977
f 708 2031 1474
f 1450 1227 1428
f 1672 1605 1624
f 1813 1821 1816
f 1717 1715 1718
f 176 402 347
f 1710 3916 3915
f 1712 1577 1711
f 1705 1711 1704
f 971 979 970
f 822 1094 1102
f 2909 2793 2792
f 2810 2795 2793
f 2799 2249 2800
f 3662 2910 2799
f 2769 2801 2795
f 3177 3178 3179
f 3178 3180 3179
f 3181 1393 2800
f 3181 1632 3182
f 3182 2244 3183
f 3183 2243 3180
f 3492 2790 3491
f 2808 3491 2816
f 2239 3572 2240
f 1149 3571 3570
f 1150 3567 3571
f 2202 3566 2015
f 2921 3565 2923
f 3568 2133 2928
f 1777 1759 1792
f 1201 1183 1184
f 3561 2195 2194
f 3553 2770 2768
f 3927 1687 1692
f 1516 154 503
f 3549 2974 2803
f 3550 2779 2778
f 2771 3575 3546
f 3070 3546 3558
f 3547 2775 2867
f 1376 1370 1372
f 2767 3556 2206
f 2195 3543 2767
f 2775 3542 2776
f 3377 3545 2871
f 3804 3539 2806
f 2776 3538 2805
f 2240 3535 2920
f 2920 3669 3619
f 3548 2786 2779
f 1805 1851 1804
f 3534 2787 2786
f 2951 3540 3531
f 2772 3531 3575
f 2973 3530 3536
f 2224 3537 3530
f 1957 320 510
f 306 304 303
f 2770 3528 2913
f 2913 3574 2239
f 2923 3527 2922
f 308 431 47
f 207 132 543
f 1879 1881 1880
f 3733 3525 2089
f 2475 3558 3524
f 2476 3524 3523
f 2223 3523 3537
f 3522 2803 2802
f 2037 11 1950
f 1959 450 505
f 2003 3520 2129
f 9 334 540
f 2009 3518 3567
f 2008 3536 3518
f 3877 673 3879
f 3515 2778 2784
f 2935 3513 2936
f 111 3570 3511
f 3510 2935 2938
f 683 3885 943
f 3508 2810 2909
f 736 732 729
f 1795 1803 1796
f 3505 2938 2939
f 3507 2939 2940
f 2950 3504 2949
f 2940 3504 3507
f 3801 3512 2950
f 2868 3502 2869
f 2869 3522 2802
f 1024 1023 1020
f 3500 2948 2947
f 551 442 443
f 2972 3568 2928
f 2032 3499 2972
f 216 1924 1923
f 203 201 200
f 1828 1847 1837
f 1958 449 450
f 272 178 175
f 2871 3495 1361
f 3619 3564 2921
f 2801 3643 3662
f 2005 3654 2176
f 960 899 962
f 3657 3612 3624
f 3780 3646 3151
f 3151 3593 2555
f 2193 3623 2194
f 3607 3145 3144
f 3603 2761 3145
f 3592 3144 3104
f 2926 3634 3103
f 3634 3104 3103
f 3755 3746 3753
f 566 3758 2005
f 3488 1864 3500
f 1602 2079 2078
f 2868 3611 2922
f 2922 3610 2923
f 2923 3618 2921
f 3670 2918 3614
f 3619 3614 2920
f 2921 3670 3619
f 2920 3586 2240
f 3613 2915 2918
f 2917 3622 3641
f 2916 3641 3642
f 2239 3652 2913
f 2911 3652 2757
f 3643 2911 2910
f 2797 3662 3591
f 2797 3598 2750
f 3622 2763 2765
f 3608 2764 2745
f 2194 3648 2221
f 2221 3649 2222
f 2756 3609 2755
f 2750 3609 2747
f 3669 1817 3827
f 3763 1691 1699
f 2515 3590 2548
f 2548 3593 2550
f 2513 3632 3616
f 2513 3621 2515
f 2509 3620 2289
f 2510 3633 2509
f 2289 3639 2283
f 2283 3617 2286
f 2240 3587 2239
f 3659 3624 3626
f 716 3887 3888
f 727 3761 1923
f 2165 2170 2164
f 3660 3626 3629
f 3743 3578 3757
f 2175 769 770
f 2100 2095 2099
f 3758 3757 3578
f 640 3568 1826
f 1653 3553 1651
f 1895 3530 746
f 746 3537 741
f 1653 3528 3576
f 3762 1604 1672
f 2093 2073 2078
f 959 995 884
f 962 919 986
f 1400 1398 1399
f 1000 1127 1004
f 956 884 885
f 1662 3550 1661
f 2034 3546 1654
f 3926 3539 3802
f 3535 766 1817
f 3572 765 766
f 334 3571 335
f 1868 3540 1656
f 1684 1652 1678
f 1682 775 1807
f 1585 3762 1700
f 3763 1672 1673
f 2173 490 491
f 1658 3547 1752
f 3556 1650 724
f 1571 2010 1572
f 1587 3671 2080
f 2099 2077 2094
f 787 1999 786
f 2000 786 1999
f 3155 3697 3683
f 3713 3683 3789
f 2180 3685 3684
f 3496 3684 3705
f 1684 3840 1651
f 1760 3495 3545
f 2607 3693 2590
f 2581 3689 2607
f 2371 3700 3695
f 2371 3693 2372
f 2587 3675 2586
f 2586 3697 339
f 2497 3687 2503
f 2502 3687 3700
f 2494 3690 2495
f 3690 2472 2495
f 3688 2468 2472
f 3701 2469 2468
f 726 3892 630
f 581 3518 580
f 10 3570 334
f 1837 3510 1849
f 741 3523 1300
f 1299 3558 2034
f 1851 3504 1866
f 3527 1820 1819
f 580 3536 1895
f 1758 3522 3502
f 1693 3508 1806
f 3504 1867 1866
f 1894 3568 3499
f 2126 3813 3841
f 3906 3841 3912
f 2113 3867 2110
f 2179 3789 3685
f 624 3904 623
f 2192 3788 3780
f 2177 3787 3733
f 1364 3833 1338
f 3858 1470 1453
f 3135 3775 3744
f 2069 3835 2068
f 1351 3853 1352
f 2108 3901 499
f 2089 3736 3733
f 3828 1358 866
f 2001 3783 2187
f 2187 3719 2091
f 2130 3752 2004
f 2004 3749 2001
f 2014 3779 2201
f 2201 3756 2130
f 3167 3759 2969
f 3168 3720 3167
f 3159 3764 3160
f 3160 3765 3081
f 3730 3158 337
f 3158 3709 3159
f 2200 3730 3722
f 3685 3742 2204
f 3722 2197 2200
f 3790 2092 3721
f 3774 3721 2197
f 3154 3790 3774
f 3155 3706 3154
f 2091 3721 2092
f 2196 3750 3776
f 2193 3776 3781
f 3604 3781 3788
f 2086 3780 3778
f 2087 3778 3777
f 2204 3751 2205
f 2205 3750 3148
f 3909 574 692
f 2124 3777 3760
f 2208 3760 3782
f 3711 3140 3137
f 3785 3138 3140
f 3745 3139 3138
f 3771 3136 2322
f 3712 3137 3136
f 3775 3131 3133
f 3767 3132 3131
f 1813 3838 1814
f 1293 3856 1344
f 2184 3748 3732
f 2181 3732 3734
f 3765 3079 3081
f 3768 3080 3079
f 709 3875 2031
f 2774 3737 3769
f 3786 2134 3559
f 3809 766 765
f 2968 3766 2959
f 2969 3784 2968
f 2958 3737 2961
f 2132 3766 2960
f 2321 3771 3748
f 3860 1449 28
f 3905 582 710
f 3886 577 574
f 3847 1818 3827
f 705 3887 2121
f 3816 3907 698
f 2111 3911 2113
f 3810 1366 1411
f 1812 3822 1815
f 675 3852 674
f 3496 3851 675
f 2110 3868 2109
f 2104 3901 2106
f 2109 3899 944
f 3842 703 739
f 1680 3846 1684
f 1639 3819 3818
f 623 3906 697
f 2139 3866 3865
f 1808 3844 3837
f 3820 1819 1820
f 3872 3900 706
f 1646 3830 1648
f 3889 633 577
f 2139 3875 18
f 2156 3871 3874
f 674 3913 3869
f 2117 3812 2069
f 1815 3847 3823
f 3855 1444 1470
f 697 3912 3816
f 866 3836 3828
f 3864 2136 2135
f 3585 3726 3589
f 3583 3731 3585
f 3753 3738 3739
f 3740 3581 3743
f 1088 3746 1093
f 3739 3743 3753
f 2791 3493 2792
f 3492 2807 3493
f 2792 3494 2909
f 3493 2806 3494
f 3508 3494 3516
f 3516 2806 3539
f 2948 3791 3801
f 2105 3896 2104
f 3538 3804 2805
f 680 3876 683
f 1891 3910 3891
f 2905 3801 2950
f 2900 3799 2905
f 2901 3807 2877
f 2734 3806 3794
f 2877 3806 2878
f 2820 3794 2872
f 2818 3792 2827
f 2823 3792 2826
f 2822 3798 2821
f 2819 3800 3798
f 2817 3795 2816
f 2809 3795 2815
f 2808 3803 2807
f 2805 3803 2804
f 1702 3923 1599
f 3922 1797 1802
f 3915 1706 1709
f 3918 1692 1698
f 1657 3880 1879
f 1890 3895 3910
f 3772 1674 1675
f 1689 3772 3773
f 3926 3538 1688
f 3516 1689 3773
f 3917 1703 1764
f 1598 3928 1770
f 3880 1876 1879
f 1691 3925 3927
f 3925 1688 1687
f 1117 1118 3930
f 1066 1322 3930
f 1243 847 3930
f 3825 848 3930
f 1128 1117 3930
f 1129 1130 3930
f 841 1011 3930
f 1230 3863 3930
f 1242 1243 3930
f 1322 1229 3930
f 1064 1065 3930
f 1003 1128 3930
f 1229 1230 3930
f 3863 1285 3930
f 1285 1288 3930
f 848 839 3930
f 847 3825 3930
f 1118 1129 3930
f 1065 1066 3930
f 1087 1086 3930
f 1008 1002 3930
f 1011 1008 3930
f 1002 1003 3930
f 1076 1069 3930
f 838 841 3930
f 839 838 3930
f 1288 1242 3930
f 1130 1087 3930
f 1086 1076 3930
f 1069 1064 3930
f 2410 2414 3931
f 2411 2410 3931
f 3617 2285 3931
f 2394 2393 3931
f 2393 2396 3931
f 2281 2286 3931
f 2282 2280 3931
f 2398 2399 3931
f 2465 2464 3931
f 2396 2397 3931
f 2470 2469 3931
f 2399 2416 3931
f 2480 2395 3931
f 2459 2480 3931
f 2369 2282 3931
f 2460 2459 3931
f 2415 2411 3931
f 2416 2415 3931
f 2364 2363 3931
f 2286 3617 3931
f 2464 2470 3931
f 2469 3703 3931
f 2285 2465 3931
f 2414 2364 3931
f 2395 2394 3931
f 2363 2367 3931
f 2397 2398 3931
f 2280 2281 3931
f 3703 2460 3931
f 2367 2369 3931
f 4 3 2
f 8 7 6
f 13 16 15
f 17 28 19
f 32 31 30
f 36 35 34
f 37 40 39
f 21 22 23
f 25 26 27
f 41 44 43
f 48 47 46
f 52 51 50
f 53 56 55
f 60 59 58
f 29 30 62
f 66 65 64
f 67 5 6
f 72 71 70
f 76 75 74
f 77 80 79
f 81 84 83
f 59 87 86
f 88 91 90
f 96 95 94
f 100 99 98
f 101 104 103
f 106 105 34
f 108 116 115
f 117 119 36
f 124 127 126
f 131 130 129
f 132 102 134
f 142 141 140
f 148 106 60
f 144 143 127
f 149 152 151
f 156 155 154
f 159 150 158
f 116 108 164
f 171 170 169
f 174 126 173
f 179 182 181
f 186 189 188
f 194 197 196
f 199 142 139
f 206 209 208
f 213 212 211
f 202 215 214
f 96 93 216
f 92 238 43
f 97 184 246
f 250 249 229
f 252 254 58
f 258 257 256
f 260 91 229
f 110 111 112
f 114 264 263
f 265 268 267
f 56 53 270
f 274 273 249
f 185 183 63
f 280 279 278
f 285 284 283
f 288 219 211
f 141 142 92
f 289 290 175
f 148 116 105
f 312 311 170
f 238 262 42
f 318 163 160
f 310 309 308
f 241 239 325
f 160 230 240
f 47 48 307
f 108 109 315
f 345 85 86
f 348 351 350
f 356 359 358
f 355 354 353
f 363 31 32
f 364 252 253
f 366 125 368
f 183 372 371
f 163 162 161
f 209 226 101
f 378 377 165
f 379 295 381
f 383 382 3
f 284 285 386
f 387 127 389
f 391 259 229
f 73 281 397
f 405 408 407
f 203 218 411
f 414 121 413
f 1 356 357
f 277 276 131
f 254 344 57
f 358 384 415
f 417 416 386
f 401 400 192
f 419 389 127
f 421 181 182
f 103 301 302
f 428 367 368
f 380 390 359
f 62 204 266
f 140 141 431
f 357 358 351
f 356 1 379
f 415 392 403
f 437 428 436
f 438 441 440
f 188 451 450
f 265 455 181
f 224 185 64
f 237 212 213
f 275 131 128
f 281 282 460
f 50 462 79
f 73 74 282
f 468 467 466
f 390 355 352
f 482 485 484
f 489 488 487
f 493 496 495
f 472 471 470
f 502 501 500
f 220 221 222
f 512 419 143
f 518 517 511
f 513 239 230
f 205 30 31
f 189 370 451
f 163 318 532
f 533 224 225
f 446 448 447
f 335 541 540
f 544 512 546
f 329 519 291
f 199 534 262
f 385 386 416
f 532 190 191
f 363 117 118
f 578 581 580
f 573 572 571
f 561 563 562
f 241 260 259
f 590 593 592
f 545 546 595
f 503 154 155
f 606 625 624
f 478 481 480
f 646 649 648
f 590 591 689
f 564 565 651
f 728 246 184
f 714 724 716
f 692 574 575
f 541 335 581
f 346 68 248
f 161 231 230
f 128 129 94
f 698 705 704
f 574 577 576
f 290 289 401
f 630 631 725
f 733 736 735
f 755 466 496
f 759 480 481
f 757 763 762
f 764 496 466
f 768 767 3808
f 759 760 488
f 492 474 475
f 474 770 769
f 773 468 465
f 771 774 486
f 484 485 775
f 774 776 489
f 495 496 764
f 495 757 761
f 137 397 784
f 325 239 797
f 165 519 51
f 369 32 29
f 730 731 568
f 90 302 301
f 243 118 516
f 800 734 806
f 817 815 808
f 816 808 823
f 306 303 447
f 815 810 809
f 829 830 828
f 726 725 501
f 274 427 424
f 879 882 881
f 884 883 879
f 219 218 217
f 906 905 904
f 455 204 205
f 898 882 830
f 903 900 880
f 377 291 519
f 923 949 948
f 946 947 951
f 3519 740 739
f 900 899 886
f 225 64 65
f 182 445 442
f 809 952 947
f 954 960 962
f 927 950 965
f 885 879 880
f 925 927 966
f 343 342 341
f 965 964 971
f 968 971 970
f 972 968 969
f 963 961 981
f 336 337 338
f 992 993 827
f 810 815 996
f 1007 1001 1002
f 1012 826 827
f 1011 1009 1007
f 294 293 292
f 907 908 920
f 1017 579 1019
f 1020 1023 1022
f 1035 1024 1020
f 1061 1060 1047
f 1063 1061 1046
f 1044 1020 1021
f 1102 1094 1097
f 1116 1126 1118
f 1016 1015 1014
f 881 897 904
f 816 1116 1127
f 1094 948 949
f 514 342 167
f 146 145 81
f 1133 1135 1130
f 1102 1133 1126
f 822 1126 1116
f 1145 1143 1148
f 1076 1144 1151
f 1148 1143 1086
f 1109 1097 1114
f 1154 1153 1156
f 1153 925 967
f 3464 3497 463
f 1144 1147 1152
f 1156 967 1163
f 1164 1162 1169
f 1145 1171 1176
f 1114 1115 1154
f 1183 1155 1164
f 1184 1183 1177
f 1069 1151 1062
f 1023 1191 1194
f 1162 1163 1170
f 1195 1184 1185
f 1183 1196 1176
f 1201 1063 1152
f 1061 1063 1201
f 3825 847 843
f 1203 1202 1195
f 1202 1201 1184
f 1218 1060 1203
f 1060 1061 1202
f 1225 1218 1217
f 671 695 694
f 1219 1217 1024
f 1217 1203 1034
f 1226 1014 1015
f 1243 1242 1234
f 1231 1230 1229
f 847 1243 1233
f 843 1233 1244
f 1233 1234 1245
f 1923 3761 233
f 2100 2108 499
f 3914 3864 2135
f 61 62 323
f 210 211 217
f 1299 1310 1309
f 3863 1230 1231
f 1066 1047 1321
f 1322 1321 1228
f 1060 1218 1321
f 1325 1324 1323
f 1244 1245 1332
f 1290 1234 1242
f 1337 1330 1339
f 1330 1332 1340
f 1341 1332 1245
f 1342 1340 1332
f 1343 1342 1341
f 1344 1341 1294
f 3857 3856 1345
f 1347 1348 1342
f 3856 3854 1295
f 1349 1350 1348
f 3861 1349 1347
f 3853 1347 1343
f 906 898 829
f 905 906 1353
f 865 1356 1355
f 1355 1353 829
f 1357 1355 825
f 1356 1354 1353
f 3834 1337 1338
f 866 1358 1356
f 1358 1359 1354
f 3828 878 1337
f 838 1362 1012
f 1363 1364 1338
f 1368 1363 1339
f 1348 1368 1340
f 1371 1369 3824
f 524 525 526
f 528 529 530
f 1372 1370 1369
f 535 536 537
f 1367 1368 1348
f 1370 1354 1359
f 1369 1359 3833
f 1373 910 903
f 555 556 557
f 1374 909 910
f 1373 904 905
f 1374 1373 1375
f 1375 905 1354
f 1378 920 908
f 376 373 651
f 1388 928 973
f 586 587 588
f 1390 1389 1388
f 1391 1388 969
f 597 598 599
f 600 601 602
f 1392 1391 970
f 608 609 610
f 612 524 523
f 614 615 616
f 617 618 25
f 620 621 622
f 1397 1390 1391
f 1398 1397 1392
f 1400 987 920
f 1402 1403 1165
f 636 637 638
f 930 1404 1402
f 641 642 643
f 929 1402 1169
f 1404 1405 1403
f 1411 1366 1365
f 1412 1406 1415
f 652 653 654
f 609 656 657
f 659 660 661
f 558 663 586
f 665 666 667
f 1413 1411 1406
f 1418 1416 3810
f 1417 1372 1371
f 1416 1371 3829
f 1419 1417 1416
f 1386 909 1374
f 677 678 679
f 1385 1386 1420
f 1420 1374 1376
f 685 686 687
f 1421 1420 1422
f 528 690 691
f 1422 1376 1372
f 1018 1019 747
f 699 700 701
f 1424 578 579
f 3663 1597 1767
f 700 699 711
f 1093 3746 3754
f 717 718 530
f 721 722 723
f 704 1650 3543
f 19 1429 1426
f 1429 1428 1427
f 1658 1659 3542
f 1439 1437 1434
f 1437 1436 1435
f 1426 1427 1433
f 1442 1431 1432
f 742 743 744
f 1432 1433 1441
f 751 752 753
f 1438 1434 1403
f 1446 1445 1444
f 1447 1448 1446
f 3860 1447 1443
f 1415 1367 1445
f 1414 1415 1446
f 2173 1683 469
f 777 778 779
f 780 781 782
f 1676 1693 1806
f 3859 1451 1349
f 789 790 791
f 745 792 793
f 652 794 795
f 1455 1458 1457
f 1454 1367 1350
f 610 691 802
f 3831 3816 698
f 1352 1044 1045
f 1015 1016 1459
f 811 812 813
f 2118 3815 3817
f 819 820 821
f 1466 1463 1194
f 1467 1468 1465
f 1182 1165 1468
f 832 812 833
f 835 836 837
f 1467 1466 1190
f 1469 1470 1444
f 840 700 712
f 1453 1470 1469
f 599 844 845
f 1226 1450 3849
f 851 852 853
f 855 744 856
f 858 859 860
f 861 862 863
f 1014 1226 3855
f 867 676 868
f 870 871 872
f 874 875 876
f 1310 1323 1471
f 1476 1433 1427
f 1461 1476 1475
f 887 888 889
f 788 791 892
f 894 895 896
f 1460 1475 1227
f 901 902 524
f 1465 1478 1477
f 1865 3503 3500
f 911 912 913
f 916 917 918
f 1850 3505 3507
f 921 922 895
f 1479 1435 1436
f 926 664 667
f 1481 562 563
f 269 1483 84
f 931 932 933
f 934 935 614
f 936 685 688
f 938 659 662
f 1484 270 122
f 941 942 835
f 320 321 509
f 1849 3510 3505
f 84 1483 1484
f 1487 1490 1488
f 1757 1758 3502
f 365 1492 1491
f 461 79 80
f 117 363 362
f 1494 540 541
f 926 601 957
f 1477 1441 1433
f 1709 1588 1585
f 119 117 1496
f 271 1497 504
f 511 517 189
f 345 1496 1492
f 57 344 299
f 1501 1499 268
f 267 268 1499
f 974 975 976
f 1678 1652 1693
f 3846 1682 1807
f 557 982 663
f 983 941 984
f 1443 1444 3849
f 421 1500 268
f 989 990 991
f 1490 1487 418
f 279 280 309
f 997 868 676
f 998 26 999
f 1504 418 38
f 1506 1508 1507
f 360 361 1508
f 1506 1486 207
f 939 1005 1006
f 270 1484 1483
f 66 63 546
f 1010 742 793
f 367 428 437
f 244 31 363
f 1670 3532 3534
f 209 206 1510
f 388 389 426
f 427 274 250
f 161 520 521
f 100 246 45
f 1025 1026 608
f 1029 1030 1031
f 939 662 1033
f 41 42 594
f 1036 780 783
f 702 701 1038
f 1040 1041 1042
f 362 32 369
f 187 1520 477
f 70 1487 539
f 1049 600 603
f 613 867 869
f 860 1050 1051
f 1005 1052 1053
f 753 1055 1056
f 1057 1058 1059
f 293 288 1522
f 288 212 1521
f 292 1522 1523
f 331 1507 1508
f 306 452 453
f 100 44 41
f 462 1524 78
f 330 331 1524
f 635 1067 1068
f 1485 1527 1526
f 206 1485 1528
f 1070 1071 1072
f 942 941 1073
f 916 933 1075
f 440 1529 1530
f 157 158 1514
f 1529 162 5
f 371 595 546
f 790 586 663
f 1077 858 857
f 1403 1434 1435
f 1080 1081 1082
f 531 520 1529
f 21 1083 1084
f 272 1532 1531
f 690 712 802
f 335 3571 3567
f 1090 1030 1029
f 1092 795 794
f 1533 396 137
f 661 660 1095
f 69 444 445
f 1099 1100 1101
f 38 39 1536
f 1104 1105 1106
f 852 1107 1108
f 1377 908 909
f 291 377 411
f 316 1536 516
f 539 1488 1533
f 1505 1536 316
f 1110 1111 1112
f 1539 1537 460
f 522 441 1537
f 834 837 1120
f 1122 1123 1124
f 612 1125 1041
f 935 793 615
f 276 278 130
f 1686 3549 3522
f 193 190 1541
f 231 521 1540
f 556 1037 982
f 365 253 85
f 190 532 318
f 1810 765 3574
f 3924 1867 3512
f 1132 983 985
f 208 101 102
f 1134 1033 662
f 1491 518 80
f 429 133 1542
f 1137 1138 915
f 172 436 428
f 1139 1140 1141
f 549 96 54
f 1517 1519 1518
f 834 1119 984
f 1543 513 286
f 1544 797 239
f 133 134 1544
f 506 361 257
f 420 327 328
f 1158 1159 1160
f 587 1104 1103
f 607 1161 1027
f 304 1546 1545
f 364 1491 77
f 69 70 198
f 700 840 1112
f 3877 626 3525
f 1166 719 657
f 1167 1168 858
f 1300 3523 3524
f 1172 1173 1174
f 218 203 200
f 1179 1180 1181
f 372 183 97
f 89 104 227
f 1186 1187 1188
f 172 173 1517
f 1482 84 81
f 1090 1192 1193
f 394 395 353
f 526 525 1198
f 1199 1200 1026
f 606 623 697
f 1204 1205 1206
f 1207 1208 523
f 1209 1210 867
f 914 913 685
f 1478 1436 1441
f 1029 1028 1161
f 1211 1212 1213
f 3858 1453 1451
f 844 1215 1216
f 423 193 273
f 1220 1221 1222
f 22 1223 1224
f 882 898 897
f 1519 1517 173
f 1189 1188 1232
f 349 350 550
f 1071 1235 1236
f 1237 1238 1239
f 1221 1186 1189
f 1510 1528 1512
f 939 1032 1241
f 1556 1530 5
f 1553 1554 394
f 404 1556 67
f 1247 1248 1249
f 142 199 238
f 1251 1067 635
f 850 1252 1253
f 1254 1167 1077
f 57 132 133
f 443 430 552
f 1187 1172 1175
f 1256 1070 831
f 432 405 382
f 741 748 747
f 434 350 351
f 349 432 383
f 251 124 1481
f 395 384 352
f 1518 1519 1550
f 1558 410 378
f 109 263 314
f 285 1514 1513
f 395 394 393
f 202 203 410
f 417 408 405
f 1246 1257 1258
f 3 1559 297
f 1259 1260 1261
f 403 404 347
f 955 954 953
f 462 50 51
f 1096 1095 687
f 429 147 60
f 896 1264 1265
f 1267 721 1268
f 423 424 327
f 37 179 180
f 20 23 1187
f 1256 1168 1071
f 1188 1175 1269
f 1236 1270 1271
f 1272 536 535
f 565 564 463
f 1273 792 745
f 876 1254 1255
f 316 33 164
f 437 1516 503
f 194 1494 1495
f 1275 1276 864
f 624 625 631
f 1277 1274 1137
f 569 568 567
f 1481 124 125
f 324 325 547
f 1279 1108 1107
f 1525 332 329
f 1281 1278 1137
f 171 168 1553
f 1488 73 396
f 1557 1561 1562
f 1282 856 1206
f 1053 1277 1278
f 778 777 607
f 713 583 3566
f 251 225 144
f 4 357 348
f 709 708 707
f 728 48 45
f 261 135 1563
f 789 1286 1287
f 74 314 263
f 403 284 385
f 1178 1181 1240
f 1223 1259 1289
f 1220 20 1186
f 296 1518 354
f 784 459 1538
f 1181 1180 1291
f 1269 1292 1257
f 1566 1538 438
f 136 784 1566
f 1563 1564 169
f 107 114 109
f 1297 1282 1298
f 1464 1477 1476
f 1520 187 507
f 1301 1302 1303
f 1306 1307 1308
f 175 456 1532
f 1532 456 200
f 1311 1266 1312
f 872 1314 1315
f 3836 843 878
f 1305 1308 864
f 1040 1275 863
f 1564 1566 399
f 592 1576 1575
f 591 1575 1088
f 1581 1584 1583
f 1196 1152 1147
f 710 582 583
f 285 407 408
f 953 954 961
f 1594 1592 1589
f 1585 1588 1587
f 1592 1591 1590
f 3885 945 944
f 1600 1599 1598
f 1604 1603 1602
f 1399 1392 979
f 1589 1590 1596
f 1610 1609 1608
f 298 257 361
f 551 552 276
f 1627 1626 3814
f 859 811 818
f 1078 857 1328
f 1555 439 1530
f 572 573 680
f 772 465 776
f 977 1281 918
f 404 403 392
f 1054 1331 750
f 1644 1645 1643
f 932 1265 1082
f 1067 1333 1334
f 1540 1539 264
f 597 1335 643
f 471 761 762
f 1642 696 3831
f 1644 1642 3842
f 923 946 950
f 96 549 548
f 520 531 522
f 445 444 443
f 849 839 848
f 480 759 755
f 1646 760 481
f 311 426 1567
f 464 463 3497
f 3497 1360 1361
f 234 237 236
f 190 193 192
f 153 154 152
f 231 287 286
f 1552 1553 1551
f 760 1646 1648
f 3832 1647 1649
f 828 827 826
f 52 167 166
f 1663 1662 1661
f 287 107 115
f 668 671 670
f 634 645 640
f 553 560 559
f 118 36 33
f 492 484 491
f 3552 1652 1651
f 582 589 584
f 384 395 392
f 1381 1382 1383
f 1562 1561 435
f 952 953 951
f 3529 3566 583
f 1660 1661 1667
f 1394 1395 1396
f 1660 1665 1664
f 1671 1670 1669
f 1624 1625 1673
f 1407 1408 1409
f 1677 1676 1675
f 1613 1679 1677
f 1679 1678 1676
f 1626 1681 3811
f 534 199 198
f 803 733 734
f 400 248 191
f 65 66 143
f 3526 1657 1656
f 402 159 157
f 629 628 627
f 461 477 49
f 758 757 495
f 796 787 786
f 406 407 1513
f 342 343 166
f 1694 1659 1658
f 1692 1687 1694
f 3557 1693 1652
f 3921 1704 1703
f 326 547 302
f 3916 3921 1702
f 3919 3918 1698
f 1699 1691 3927
f 1557 406 1560
f 1127 1116 1117
f 400 401 289
f 1706 1702 1707
f 1707 1702 1599
f 1709 1706 1708
f 1714 1712 1711
f 3919 3915 1709
f 1704 1711 1577
f 1716 1714 1713
f 1559 1562 1549
f 1722 1721 1720
f 1335 597 596
f 410 411 377
f 973 1170 1163
f 168 169 399
f 1571 682 1089
f 1572 681 682
f 749 646 647
f 1730 1724 1723
f 1594 1582 1729
f 1729 1723 1591
f 1384 1378 1377
f 1732 1731 1712
f 1724 1730 1731
f 1722 1724 1732
f 1721 1722 1733
f 1734 1733 1716
f 1735 1737 1736
f 1733 1732 1714
f 1663 1664 1741
f 1742 1665 1740
f 1738 1739 1737
f 1665 1660 1666
f 1665 1742 1744
f 1725 1726 1746
f 1591 1725 1745
f 1590 1745 1747
f 1745 1746 1748
f 1659 1688 3538
f 3287 1760 3545
f 1185 1177 1182
f 1664 1744 1749
f 1741 1749 1739
f 1746 1742 1743
f 1726 1744 1742
f 1115 924 1153
f 1654 3546 3575
f 1896 3562 3549
f 1720 1749 1744
f 1721 1739 1749
f 1750 1718 1701
f 1697 1736 1750
f 1151 1152 1063
f 1751 1752 1670
f 1695 1658 1752
f 961 962 986
f 1770 1769 1768
f 1766 1594 1593
f 1731 1759 1579
f 1579 1777 1774
f 3928 1772 1771
f 1764 1772 3928
f 1777 1776 1775
f 3762 3763 1699
f 1004 1127 1128
f 1774 1775 1771
f 987 1400 1399
f 1578 1774 1772
f 1783 1782 1781
f 1597 1598 1770
f 639 1878 3895
f 3928 3929 1769
f 1793 1792 1789
f 3929 3920 1798
f 3508 3516 3773
f 1802 1867 3924
f 1788 1790 1794
f 1793 1794 1795
f 3773 3772 1675
f 1584 1581 1783
f 1771 1797 3920
f 1801 1799 1798
f 1768 1769 1798
f 1775 1796 1797
f 508 514 515
f 1796 1803 1802
f 1800 1798 3920
f 1794 1805 1804
f 3532 1670 1752
f 485 1808 1807
f 3809 3844 1640
f 3837 3844 1810
f 485 482 1640
f 1690 1691 3770
f 487 488 1648
f 3839 1813 1816
f 3838 1811 1648
f 3839 1812 1811
f 1812 1809 487
f 1641 1809 767
f 465 466 755
f 767 1815 3823
f 3822 1816 3826
f 1809 1812 1815
f 3837 1653 1651
f 675 672 3541
f 1814 1649 1822
f 1821 1822 3821
f 1824 1822 1649
f 1827 1849 1850
f 1668 1669 1662
f 1779 1780 1848
f 1790 1827 1805
f 1833 1836 1853
f 3521 3506 693
f 1614 1615 1616
f 1852 1853 3498
f 1620 1621 1622
f 1855 1765 1574
f 1847 1852 3501
f 1766 1765 1855
f 1629 1630 1631
f 1633 1622 1634
f 1635 1636 1637
f 1848 1833 1852
f 1855 1861 1863
f 1803 1866 1867
f 1862 1863 1831
f 1782 1855 1862
f 3922 3924 1865
f 1873 1872 1870
f 1874 1869 799
f 2045 3878 3897
f 1219 1345 1295
f 1615 1614 1396
f 3884 3895 1877
f 645 3898 3786
f 1345 1219 1035
f 634 639 3884
f 15 1887 1327
f 3910 3895 1878
f 1894 604 605
f 3506 3551 627
f 3560 640 645
f 340 341 454
f 1897 194 195
f 1889 1882 1877
f 1901 94 129
f 196 749 754
f 1705 1704 3921
f 340 378 166
f 1570 1480 563
f 1904 1494 194
f 1781 1862 1832
f 1905 549 55
f 1000 994 995
f 986 919 920
f 1191 1185 1190
f 2094 2077 2075
f 1920 1921 1919
f 453 454 1912
f 1915 1919 1918
f 3882 2112 2106
f 1655 3575 3531
f 1916 1918 1926
f 704 3554 3561
f 278 1916 1925
f 3565 3564 1818
f 1097 949 1115
f 1927 1928 727
f 3578 3579 3654
f 1920 310 307
f 1929 307 48
f 503 504 1497
f 1902 1903 787
f 1816 1821 3820
f 1925 1926 1923
f 1535 1569 1568
f 254 252 258
f 1509 1497 366
f 119 86 35
f 219 288 293
f 141 46 47
f 542 205 244
f 1940 552 430
f 1779 1828 1827
f 1701 1710 3915
f 1661 3550 3515
f 270 53 754
f 197 1947 749
f 1727 1728 1212
f 53 54 232
f 1465 1468 1479
f 1284 3862 3854
f 1951 446 412
f 168 398 1554
f 1486 1485 206
f 506 77 78
f 994 1001 1007
f 951 953 963
f 1013 3859 3861
f 3826 3820 1820
f 1498 1909 1954
f 299 298 543
f 1754 1755 1756
f 1681 469 1683
f 1696 1694 1695
f 13 14 738
f 473 476 475
f 482 1641 768
f 204 62 30
f 1761 1762 820
f 611 1763 1125
f 1501 1503 1908
f 1074 1073 711
f 1960 1944 82
f 120 1956 1960
f 35 86 87
f 1773 1199 1025
f 1965 1545 1569
f 494 761 471
f 1966 1967 1969
f 446 1951 1971
f 174 368 125
f 1580 1579 1578
f 1785 1786 1787
f 1972 1546 304
f 1254 876 875
f 1973 341 342
f 321 1912 1973
f 1910 277 275
f 509 1973 514
f 1486 1507 1527
f 1974 1874 804
f 1977 1976 1974
f 1980 448 1966
f 379 1 2
f 1718 1715 1710
f 884 995 992
f 1680 1684 1678
f 902 990 525
f 344 255 256
f 135 138 137
f 448 446 1967
f 589 605 604
f 910 909 908
f 1981 1966 1968
f 1982 1981 1987
f 1988 1979 1987
f 1990 1988 1989
f 1991 1989 1993
f 322 321 320
f 992 828 830
f 1144 1076 1086
f 1995 1977 1978
f 1133 1129 1118
f 1997 1995 1994
f 870 1823 1335
f 805 806 1982
f 727 184 2000
f 1996 1994 1988
f 1994 1978 1979
f 1829 616 792
f 1830 1073 941
f 798 803 800
f 729 732 731
f 2011 2012 2023
f 1834 1835 846
f 402 283 284
f 2022 2023 2024
f 1838 718 989
f 810 955 952
f 1823 1839 1840
f 1430 1426 1432
f 1215 844 1841
f 1316 1208 873
f 2112 1401 1384
f 1842 1843 1844
f 1159 846 845
f 837 27 1846
f 1971 1951 2030
f 517 369 370
f 1471 2026 2027
f 3551 3525 626
f 2174 2175 770
f 935 934 1854
f 1613 1619 1611
f 1231 1228 1225
f 1856 1857 891
f 1300 1309 748
f 1150 1149 1858
f 1643 606 696
f 1215 1265 1264
f 1320 1860 902
f 1956 1943 1944
f 2031 668 669
f 2034 1325 1310
f 1879 1880 1656
f 40 245 242
f 1992 1993 2039
f 888 958 957
f 1882 1889 1996
f 1078 1138 1255
f 1871 912 1192
f 294 411 218
f 1323 2041 2026
f 123 1960 83
f 1324 2036 2041
f 384 358 359
f 1324 1325 2038
f 1883 1884 1885
f 287 1540 114
f 1096 1886 1134
f 915 1329 931
f 806 1980 1981
f 3533 3529 584
f 1425 2030 2042
f 1018 2042 1948
f 3562 1896 740
f 1948 2042 649
f 1881 1882 1990
f 1900 129 130
f 992 995 994
f 923 927 925
f 3878 2045 2047
f 1643 2048 625
f 2050 2052 2051
f 2045 1405 1404
f 3876 2047 945
f 1139 1080 1079
f 1037 1856 892
f 2055 2053 2057
f 1198 989 718
f 1619 2058 1612
f 2058 1605 1606
f 2059 2060 1607
f 2058 1619 1624
f 71 72 179
f 405 406 1557
f 322 1548 1972
f 2061 2052 2063
f 2066 2065 2067
f 2052 2061 2064
f 1609 1610 2066
f 1515 151 152
f 1009 827 993
f 1644 3843 3815
f 279 1915 1916
f 1285 3863 3862
f 1647 2066 1825
f 2056 2057 2067
f 319 320 1953
f 667 666 1913
f 2070 631 625
f 2052 2050 2055
f 2038 1654 1655
f 1606 1601 2073
f 1235 1917 1270
f 2072 2073 2075
f 2059 1606 2072
f 2074 2075 2077
f 1601 1602 2078
f 2049 2048 1643
f 1000 1004 1001
f 1089 943 684
f 1931 1286 1306
f 1462 1459 1021
f 1932 1933 1934
f 875 874 1846
f 1936 1051 1937
f 44 45 46
f 1534 1955 1956
f 1541 318 317
f 2081 2082 2084
f 146 1945 1959
f 1360 1941 1942
f 985 984 1032
f 1995 1997 1892
f 2079 2080 2082
f 2095 2096 2076
f 2081 2093 2078
f 2055 2050 2054
f 501 2096 2095
f 2097 2100 2099
f 2098 2099 2094
f 2140 2141 3893
f 2141 2046 3894
f 2051 2070 2048
f 592 2102 2101
f 2071 2064 2076
f 2102 2097 2098
f 593 2103 2102
f 1019 1895 746
f 1950 11 12
f 725 2071 2096
f 1385 2105 2104
f 1379 2104 2106
f 2107 2108 2100
f 3908 726 502
f 3896 502 499
f 940 1389 2109
f 928 929 1170
f 3868 590 684
f 1962 1963 1964
f 3878 680 573
f 2039 1993 1968
f 1389 1390 2110
f 1398 2111 2113
f 3757 3755 3753
f 3911 3883 2107
f 949 923 924
f 260 241 324
f 1390 1397 2113
f 2070 2051 2064
f 3867 3911 2103
f 2105 1385 1421
f 2114 1421 1423
f 3892 2114 2115
f 3908 2105 2114
f 554 2116 1902
f 972 1163 967
f 1765 1593 1573
f 1984 1985 1986
f 2053 2117 2069
f 3573 3556 724
f 1625 1677 1674
f 3881 3888 2119
f 3903 2115 2123
f 56 1954 1906
f 626 3877 3879
f 2001 2002 2003
f 3912 3841 2127
f 2006 2007 2008
f 2127 1413 1412
f 2014 2015 2016
f 2018 2019 2020
f 1495 1424 1947
f 1379 1377 1386
f 3814 3811 1680
f 2029 1885 1884
f 3902 2128 2120
f 629 3879 3914
f 682 683 943
f 724 1650 2121
f 1757 1819 3821
f 765 1810 3844
f 3851 714 715
f 706 707 3870
f 981 986 987
f 1457 1868 1656
f 2017 2016 2032
f 1458 1655 1868
f 1776 1777 1792
f 1959 1945 1946
f 3663 3715 3725
f 3913 3881 2122
f 1093 1089 689
f 966 965 968
f 3852 715 3881
f 2172 3577 2170
f 670 2138 2137
f 3761 787 1903
f 1429 19 28
f 964 963 978
f 3841 3813 1413
f 1473 1474 669
f 3834 3833 1359
f 2138 798 1870
f 1872 1473 2137
f 715 716 3888
f 1881 1991 1992
f 3843 3842 739
f 1837 1847 3513
f 253 58 59
f 1808 3837 3840
f 1647 3832 3818
f 3865 3866 671
f 2112 3882 3883
f 1405 2045 2044
f 3829 3824 1364
f 273 1541 391
f 576 632 3520
f 3875 3865 668
f 1430 1431 2140
f 2136 3850 3860
f 1430 2139 18
f 3893 3894 570
f 1442 1439 2046
f 1431 1442 2141
f 3869 3913 3850
f 3808 3823 1817
f 3866 3893 695
f 2142 2025 798
f 571 2143 2142
f 3819 3814 1618
f 2143 2022 2025
f 694 2142 2138
f 681 1572 2144
f 2144 2011 2022
f 328 210 457
f 1572 2010 2011
f 630 3892 3903
f 2085 2086 2087
f 2090 2091 2092
f 572 2144 2143
f 1875 1976 2153
f 1873 1875 2149
f 2103 2107 2097
f 2157 2043 2155
f 2128 1412 1414
f 3874 3871 589
f 3872 3870 628
f 2149 2153 2158
f 2159 2158 3905
f 698 3907 3902
f 3823 3847 3827
f 2158 2156 3874
f 1438 2044 2046
f 2035 2154 2160
f 2161 2160 3889
f 3871 3891 605
f 3873 17 18
f 370 29 61
f 649 1951 413
f 2153 2157 2156
f 1428 1429 1449
f 1490 76 73
f 3890 3905 710
f 2155 1891 3891
f 1456 1457 1880
f 2125 2088 2087
f 2160 2159 3890
f 300 1959 505
f 1064 1062 1046
f 2043 1892 1891
f 2129 2130 2004
f 2131 2132 2133
f 3848 3849 1450
f 1998 1975 804
f 3879 673 3864
f 474 492 490
f 1164 1165 1182
f 707 2162 3909
f 708 1472 2162
f 2162 2161 3886
f 548 549 1905
f 1145 1136 1114
f 705 2121 1650
f 2043 2157 1977
f 737 738 554
f 1034 1195 1191
f 458 1905 1907
f 195 196 232
f 2040 2039 1969
f 2145 2146 2147
f 2054 2050 2049
f 3832 1646 1639
f 9 12 11
f 252 364 506
f 472 478 479
f 1865 3924 3791
f 900 903 910
f 1941 2150 2151
f 1921 1928 1927
f 2163 1897 1898
f 271 156 153
f 1904 1326 12
f 282 263 264
f 1872 1873 2154
f 1326 1904 1897
f 628 692 693
f 1724 1722 1719
f 1549 1562 436
f 1582 1583 1730
f 1921 1920 1929
f 3563 3511 10
f 2152 2037 1950
f 475 772 774
f 769 2172 2171
f 2171 2165 476
f 476 773 772
f 1791 565 464
f 2166 2167 2168
f 595 371 372
f 483 1809 1641
f 762 2174 2173
f 771 483 484
f 486 487 1809
f 297 1549 1517
f 763 2175 2174
f 776 755 759
f 184 185 2176
f 412 447 303
f 2005 2176 185
f 3811 1681 1682
f 2164 2170 756
f 1472 2035 2161
f 950 951 964
f 2177 2178 2179
f 227 226 1510
f 2182 2183 2184
f 2186 2019 2018
f 1985 2182 2181
f 214 736 729
f 865 849 842
f 849 865 1357
f 559 3187 3188
f 16 13 737
f 560 553 498
f 3193 3196 3195
f 3200 3197 3198
f 3211 3214 3213
f 3215 3218 3217
f 2187 2188 2002
f 2169 2168 2189
f 2192 2086 2085
f 2193 2194 2195
f 2198 2199 2200
f 1998 1982 1979
f 3664 3665 3668
f 2116 1898 1903
f 1859 2006 2009
f 3904 2123 2126
f 1135 1148 1087
f 2201 2202 2015
f 1149 111 110
f 3221 3222 3218
f 2203 2204 2205
f 579 580 1895
f 1755 2207 2208
f 3891 3910 1893
f 1211 2151 2150
f 868 997 2210
f 944 945 930
f 2130 2129 2202
f 233 1903 1898
f 665 751 750
f 1167 1254 999
f 2211 2212 2213
f 2215 2216 2217
f 3867 593 590
f 2220 221 220
f 823 824 948
f 3225 3220 3227
f 266 204 455
f 3882 2108 2107
f 2221 2222 3519
f 2223 2224 2225
f 2207 2125 2124
f 673 674 3869
f 817 1000 996
f 2227 2228 2146
f 1947 1948 646
f 3900 2135 17
f 2229 1635 1638
f 1679 1613 1618
f 1637 2231 2232
f 2233 2234 1617
f 2231 2235 2236
f 1381 1638 2238
f 3586 2241 2242
f 1630 2234 2233
f 1681 1626 472
f 1408 1407 2243
f 3236 3239 3238
f 3232 3241 3240
f 1637 2230 2238
f 3237 3238 3233
f 1409 1408 1634
f 1380 1383 2247
f 1628 2248 2245
f 2249 1623 1622
f 1632 1634 1408
f 2248 1628 1631
f 2235 2231 1637
f 3245 3246 3199
f 631 2070 2071
f 515 167 52
f 782 781 2251
f 2253 2254 2255
f 397 281 459
f 1456 2039 2040
f 2040 2041 2036
f 1401 2112 2111
f 2041 2040 1970
f 1535 121 414
f 1586 1587 2080
f 2256 983 1132
f 1700 1699 3918
f 3815 1896 1686
f 1263 2256 1886
f 598 1841 844
f 2257 2258 2259
f 2258 2261 2262
f 2259 2262 2263
f 2260 2259 2216
f 1967 1971 1970
f 2212 1964 1963
f 922 921 2218
f 1312 1098 1101
f 1307 1306 1286
f 1548 1569 1546
f 2266 2267 2268
f 2265 2268 2270
f 2272 2265 2269
f 2273 2266 2265
f 2275 2276 2277
f 2278 2274 2277
f 2284 2285 3617
f 2287 2283 2286
f 2288 2289 2283
f 2290 2284 3639
f 2291 2292 2293
f 2295 2291 2294
f 2296 2297 2291
f 2297 2298 2292
f 2294 2293 2299
f 2279 2294 2300
f 2298 2301 2302
f 2292 2302 2303
f 2293 2303 2304
f 2304 2305 2306
f 2308 2309 2310
f 2302 2307 2310
f 2301 2311 2307
f 2312 2308 2307
f 2313 2314 2315
f 2318 2319 2320
f 3748 3771 2322
f 2324 2325 2273
f 2313 2324 2326
f 2328 2324 2313
f 2329 2325 2324
f 2331 2332 2333
f 2330 2333 2267
f 2325 2330 2266
f 2329 2331 2330
f 2333 2334 2335
f 2336 2334 2333
f 2338 2336 2332
f 2331 2339 2337
f 2329 2340 2339
f 2328 2341 2340
f 2316 2342 2341
f 2342 2316 2315
f 2344 2345 2346
f 2341 2344 2347
f 2342 2348 2344
f 2348 2349 2345
f 2350 2351 2352
f 2339 2350 2353
f 2340 2347 2350
f 2347 2346 2351
f 2337 2353 2354
f 2353 2352 2355
f 2356 2277 2276
f 2356 2357 2358
f 2356 2359 2296
f 2279 2277 2356
f 2360 2361 2270
f 2267 2335 2360
f 2362 2363 2364
f 2362 2365 2361
f 2366 2362 2358
f 2366 2367 2363
f 2357 2276 2368
f 2366 2368 2369
f 2276 2275 2370
f 2368 2370 2282
f 2372 2373 2374
f 2375 2376 2377
f 2378 2379 2380
f 2382 2378 2381
f 2384 2385 2378
f 2385 2386 2379
f 2388 2389 2390
f 2387 2390 2392
f 2393 2394 2387
f 2394 2395 2388
f 2186 2401 2402
f 2403 2404 2327
f 2272 2403 2326
f 2271 2405 2403
f 2405 2406 2404
f 2404 2407 2408
f 2409 2410 2411
f 2409 2412 2271
f 2413 2409 2269
f 2413 2414 2410
f 2417 2415 2416
f 2417 2418 2406
f 2412 2417 2405
f 2411 2415 2417
f 2406 2419 2407
f 3569 3520 632
f 2420 2398 2397
f 2420 2421 2423
f 2424 2420 2422
f 2424 2399 2398
f 2425 2391 2392
f 2421 2425 2426
f 2397 2396 2425
f 2396 2393 2391
f 2427 2314 2408
f 2430 2427 2428
f 2343 2315 2427
f 2432 2343 2430
f 2431 2430 2429
f 2435 2431 2433
f 2436 2432 2431
f 2428 2408 2407
f 2422 2437 2407
f 2438 2437 2422
f 2429 2428 2437
f 2440 2434 2433
f 2441 2439 2433
f 2442 2443 2439
f 2443 2444 2440
f 2445 2446 2444
f 2447 2445 2443
f 2383 2381 2445
f 2381 2380 2446
f 2448 2438 2423
f 2449 2448 2426
f 2441 2448 2449
f 2441 2429 2438
f 2449 2392 2390
f 2450 2390 2389
f 2447 2450 2451
f 2442 2449 2450
f 2451 2389 2453
f 2452 2453 2455
f 2382 2452 2454
f 2383 2451 2452
f 2456 2457 2373
f 2459 2460 2461
f 2463 2464 2465
f 2462 2465 2285
f 2466 2462 2284
f 2467 2463 2462
f 2461 2460 3703
f 2468 2469 2470
f 2472 2468 2471
f 2474 2461 3701
f 2475 2476 2477
f 2458 2455 2453
f 2479 2453 2389
f 2395 2480 2479
f 2480 2459 2458
f 2481 2482 2483
f 2484 113 2485
f 2471 2470 2464
f 2473 2471 2463
f 2487 2467 2466
f 2486 2466 2290
f 2490 2486 2488
f 2491 2487 2486
f 2492 2473 2467
f 2493 2492 2487
f 2494 2495 2492
f 2495 2472 2473
f 3690 2496 2474
f 3691 2497 2496
f 2498 2494 2493
f 2500 2498 2499
f 3700 3687 2498
f 3687 3691 2494
f 2306 2504 2278
f 2305 2505 2504
f 2504 2505 2507
f 2506 2507 2288
f 2274 2506 2508
f 2278 2504 2506
f 3633 3632 2489
f 3620 3633 2488
f 2507 2509 2289
f 2505 2510 2509
f 2508 2288 2287
f 2511 2287 2281
f 2370 2511 2280
f 2275 2508 2511
f 2512 2490 2489
f 2514 2512 2513
f 2517 2512 2514
f 2517 2491 2490
f 2499 2493 2491
f 2499 2517 2516
f 2510 2505 2519
f 2518 2519 2521
f 3616 2518 2520
f 3632 2510 2518
f 2522 2304 2303
f 2523 2522 2310
f 2305 2304 2522
f 2524 2522 2523
f 2519 2524 2525
f 2505 2305 2524
f 2308 2312 2527
f 2526 2527 2529
f 2531 2526 2528
f 2309 2308 2526
f 1214 2532 2151
f 2419 2406 2418
f 2533 2345 2349
f 2534 2533 2317
f 2535 2536 2533
f 2536 2346 2345
f 2537 2351 2346
f 2538 2537 2536
f 2539 2540 2537
f 2540 2352 2351
f 2312 2355 2541
f 2527 2541 2542
f 2543 2435 2434
f 2545 2543 2544
f 2319 2318 2543
f 2318 2436 2435
f 2514 2515 2548
f 2547 2548 2550
f 2552 2547 2549
f 2552 2516 2514
f 2520 2521 2554
f 2553 2554 2556
f 3590 2553 2555
f 3621 2520 2553
f 2523 2309 2531
f 2557 2531 2530
f 2525 2523 2557
f 2559 2557 2558
f 2554 2559 2560
f 2521 2525 2559
f 2561 2375 2007
f 2376 2562 2225
f 2564 2565 2566
f 2563 2566 338
f 2569 2563 2567
f 2570 2564 2563
f 2572 2573 2574
f 2571 2574 2576
f 2544 2571 2575
f 2544 2434 2572
f 2578 2570 2569
f 2579 2577 2569
f 2574 2577 2579
f 2573 2578 2577
f 2581 2582 2583
f 2584 2580 2583
f 3697 3675 2580
f 3676 2581 2580
f 2582 2516 2552
f 2583 2552 2551
f 2500 2501 2589
f 2590 2588 2589
f 3693 3695 2588
f 3695 3700 2500
f 2501 2516 2591
f 2592 2593 2594
f 2386 2385 2503
f 2596 2379 2386
f 2596 2374 2373
f 2599 2596 2597
f 2599 2380 2379
f 2600 2446 2380
f 2600 2599 2598
f 2603 2600 2601
f 2603 2444 2446
f 2604 2603 2602
f 2440 2604 2605
f 2444 2603 2604
f 2606 2582 2581
f 2606 2607 2590
f 2591 2516 2582
f 3676 2587 2456
f 3689 2456 2372
f 2478 2477 2608
f 2609 2610 2611
f 2564 2570 2613
f 2612 2613 2598
f 2457 2612 2597
f 2565 2564 2612
f 2614 2613 2570
f 2615 2614 2578
f 2602 2601 2614
f 2601 2598 2613
f 2572 2434 2605
f 2616 2605 2602
f 2573 2572 2616
f 1459 1016 1045
f 1265 1215 1079
f 1612 1608 1609
f 2067 2057 2069
f 1135 1109 1136
f 1938 1937 2618
f 95 548 458
f 2058 1607 1608
f 1454 1469 1445
f 655 2620 1048
f 722 1049 2621
f 1131 985 1033
f 562 1481 366
f 1723 1719 1725
f 1786 1123 1122
f 267 300 323
f 1325 2034 1654
f 1468 1165 1435
f 658 657 529
f 8 532 247
f 382 1557 1559
f 788 619 1307
f 940 930 929
f 911 2622 2623
f 2621 2620 655
f 2624 1857 2625
f 998 1846 27
f 635 638 2626
f 2627 641 644
f 2628 2627 1840
f 1200 1199 2627
f 1199 1773 641
f 1520 515 49
f 1452 1350 1349
f 2630 2631 1859
f 644 643 1335
f 1197 1198 717
f 2632 717 719
f 2628 2632 1166
f 2629 1197 2632
f 1762 2633 1050
f 1823 870 873
f 2634 2635 794
f 1042 794 2635
f 93 94 1901
f 2036 2038 1458
f 1527 332 1525
f 877 876 1274
f 134 409 797
f 1328 893 931
f 607 777 1091
f 1043 2635 2637
f 2636 2637 2639
f 1275 2636 2638
f 1275 1040 1043
f 1272 2624 2626
f 2640 2626 638
f 1110 2641 2640
f 536 1272 2640
f 1472 708 1474
f 2042 2030 1951
f 1058 1106 1105
f 2642 2623 2643
f 1192 2642 2644
f 912 2623 2642
f 3898 1657 3526
f 1049 1048 2620
f 616 1829 1885
f 1331 1913 666
f 990 989 1198
f 1911 1912 321
f 1298 1282 1205
f 76 1490 1504
f 1502 1500 421
f 610 609 658
f 1146 937 659
f 2646 911 914
f 1280 1239 1238
f 1453 1454 1452
f 835 942 1843
f 1271 1270 1173
f 1893 1878 1826
f 1050 2633 1937
f 2651 2652 814
f 1006 1053 1281
f 2653 1084 2654
f 1001 1004 1003
f 585 997 679
f 2624 1272 621
f 555 678 2028
f 1207 526 1197
f 1626 1627 478
f 426 389 419
f 1030 1193 1773
f 3898 645 634
f 534 1533 138
f 1125 1092 1042
f 333 228 88
f 569 1570 561
f 1489 2656 871
f 1857 2624 620
f 1673 1674 3770
f 622 861 864
f 619 788 891
f 261 544 545
f 393 1555 1556
f 2658 2659 2647
f 1075 2658 2657
f 1081 1080 2658
f 1080 1139 2659
f 2644 2643 1141
f 2660 1141 1140
f 642 2660 1336
f 1193 2644 2660
f 679 678 555
f 1503 1501 1500
f 1318 1317 1101
f 2661 2659 1139
f 2661 1142 2663
f 2662 2647 2659
f 2662 2663 2622
f 2664 2622 911
f 2648 2664 2646
f 2648 2647 2662
f 2083 2094 2093
f 1442 1440 1437
f 519 329 330
f 1885 2029 1209
f 799 800 805
f 1946 1943 1952
f 1302 1301 1253
f 566 2005 224
f 1389 940 928
f 683 682 681
f 836 835 1842
f 2665 1842 1845
f 2666 2665 1303
f 24 836 2665
f 831 1072 2650
f 1845 1844 1304
f 2010 2013 2012
f 1051 1936 2667
f 1522 1521 1511
f 531 440 441
f 1250 635 2625
f 2669 2625 1857
f 783 2669 1856
f 782 1250 2669
f 720 2670 2671
f 1055 1931 1930
f 1333 1067 1251
f 619 622 1308
f 652 655 2619
f 521 522 1539
f 1838 988 537
f 2672 537 536
f 1113 2672 2641
f 1113 527 1838
f 1016 1013 1351
f 3897 573 570
f 226 227 104
f 3564 3669 3827
f 1036 1037 1884
f 2674 1301 1304
f 2673 1304 1844
f 1334 2673 2675
f 1333 2674 2673
f 2676 702 1039
f 1843 2676 2675
f 942 1074 2676
f 1074 699 702
f 752 1057 1055
f 1200 1166 656
f 1120 1846 874
f 2677 874 877
f 1241 2677 1052
f 1119 1120 2677
f 1560 1513 151
f 1208 1316 611
f 215 735 736
f 1460 1459 1462
f 1208 1207 1839
f 854 856 1282
f 72 445 182
f 544 1563 1565
f 217 200 456
f 2047 1404 930
f 1204 2618 1937
f 913 777 686
f 840 527 1113
f 1531 729 730
f 2678 778 1283
f 601 667 1914
f 1537 1538 459
f 1819 1757 3509
f 991 1860 862
f 2679 711 1073
f 2680 1830 983
f 779 2680 2256
f 778 2678 2680
f 2678 2679 1830
f 180 542 245
f 1886 1132 1131
f 1138 1137 1274
f 1841 598 1140
f 75 313 314
f 193 423 420
f 2681 2682 1099
f 170 1567 1565
f 349 416 417
f 1121 1124 2684
f 547 797 409
f 123 122 121
f 2643 2663 1142
f 1542 1544 513
f 899 900 907
f 1210 677 676
f 791 663 982
f 24 27 837
f 893 896 932
f 1860 1320 863
f 535 538 862
f 1569 1548 1547
f 181 455 542
f 660 659 937
f 2013 567 568
f 887 890 2631
f 1524 1508 361
f 520 161 162
f 2653 855 854
f 1238 1237 2655
f 718 1838 527
f 1492 1493 518
f 792 616 615
f 599 846 1835
f 290 457 456
f 312 171 1552
f 1248 2687 1179
f 153 149 177
f 1240 1181 1222
f 1257 1292 1235
f 1291 1084 1083
f 1052 877 1277
f 743 742 2618
f 444 140 430
f 23 1224 1172
f 2687 2654 1180
f 102 103 409
f 1283 607 610
f 373 497 650
f 1180 2654 1084
f 855 2653 2655
f 1173 1270 1917
f 2689 850 853
f 2688 853 1108
f 2686 2688 1279
f 2687 2689 2688
f 2691 1302 1252
f 2690 1252 850
f 1248 2690 2689
f 1248 1247 2691
f 2692 617 24
f 2691 2692 2666
f 1247 1258 2692
f 1258 1168 617
f 394 1554 1555
f 2693 1260 1259
f 1072 1236 1262
f 1257 1071 1168
f 398 439 1555
f 871 1784 1314
f 1178 1232 1249
f 1224 1289 1173
f 1010 2617 2618
f 1175 1174 1292
f 2654 2687 2686
f 2694 1157 1216
f 71 418 1487
f 701 1112 1111
f 1072 1261 2649
f 1085 2695 22
f 895 2694 1264
f 1601 1606 1605
f 1259 1262 1271
f 21 20 1220
f 988 991 538
f 598 597 1336
f 1050 860 818
f 1298 2645 1761
f 1168 1167 618
f 858 1168 1256
f 39 242 516
f 2652 1761 819
f 313 316 315
f 2026 1970 1971
f 2656 1489 596
f 814 819 818
f 2696 2651 813
f 1260 2696 2649
f 2693 2697 2696
f 2697 1296 2651
f 381 355 390
f 3818 3819 1611
f 1475 1427 1428
f 1292 1174 1917
f 1551 353 354
f 1526 1525 1523
f 1593 1589 1595
f 1232 1269 1246
f 2695 2693 1223
f 2698 1297 1296
f 2698 2697 2693
f 2685 2698 2695
f 2685 854 1297
f 562 1497 271
f 2652 2651 1296
f 1365 1366 1364
f 1958 1946 1953
f 585 588 2210
f 1561 1560 1515
f 975 2648 1146
f 347 67 68
f 1038 1111 636
f 2700 781 780
f 2699 780 1036
f 2701 2699 1883
f 851 2700 2699
f 2674 1333 2251
f 2702 2251 781
f 1253 2702 2700
f 1301 2674 2702
f 1519 387 388
f 1273 1239 1280
f 2703 1280 1107
f 2701 2703 852
f 1829 1273 2703
f 91 260 326
f 1784 871 2656
f 2683 2684 2705
f 604 1894 3499
f 1669 3534 3548
f 2062 2063 2060
f 621 535 861
f 2023 731 732
f 686 779 1263
f 857 1051 2668
f 883 830 882
f 637 636 1111
f 2668 894 893
f 2667 921 894
f 1039 1038 1068
f 313 75 1504
f 1911 1972 305
f 1936 2706 1964
f 2707 2402 2401
f 2708 2707 2183
f 738 2163 2116
f 2349 2348 2432
f 2711 2712 2020
f 2400 2711 2019
f 2714 2715 2716
f 2717 2718 2719
f 2721 2722 2723
f 2726 2727 2728
f 2725 2728 2730
f 2731 2725 2729
f 2732 2726 2725
f 2734 2735 2736
f 2738 2739 2740
f 2737 2740 2741
f 2744 2745 2746
f 2745 2744 2748
f 2749 2750 2747
f 2753 2749 2751
f 2250 1380 2246
f 2754 1396 1614
f 3598 2754 2755
f 3608 2745 2747
f 1617 2756 2755
f 2242 2758 1620
f 2191 2085 2760
f 2761 2759 2760
f 3648 2759 2761
f 3623 2191 2759
f 3209 3248 3223
f 1395 1394 2236
f 1395 2235 1636
f 1616 1635 2229
f 1617 2234 2763
f 2756 2763 3628
f 2765 2763 2234
f 2766 2764 3628
f 3202 3199 3246
f 1516 437 435
f 2768 2769 3552
f 1495 541 578
f 2135 2136 28
f 3526 3540 2773
f 1690 1689 3926
f 2778 2779 2780
f 2777 2780 2781
f 2784 2778 2777
f 3555 3521 575
f 1494 1904 9
f 3529 2016 2015
f 451 61 505
f 2786 2787 2788
f 2779 2786 2785
f 2789 2752 2741
f 2790 2753 2752
f 2792 2793 2794
f 2793 2795 2796
f 2796 2797 2750
f 2794 2796 2749
f 2798 1393 1396
f 3591 2798 2754
f 2798 2799 2800
f 3591 3662 2799
f 2797 2796 2795
f 2791 2794 2753
f 216 233 232
f 3804 2806 2807
f 3805 2809 2804
f 2769 2810 3557
f 183 185 184
f 2811 2812 2775
f 2804 2811 2776
f 2809 2813 2811
f 2812 2811 2813
f 3805 2808 2816
f 3796 2818 2815
f 3798 3800 2820
f 3793 2823 2819
f 2824 2736 2735
f 2823 2825 2824
f 2825 2823 2826
f 3793 2822 2827
f 3796 2817 2826
f 2713 2716 2829
f 2828 2829 2831
f 2822 2821 2828
f 2821 2820 2713
f 2832 2827 2822
f 2833 2832 2830
f 2834 2835 2832
f 2835 2818 2827
f 2837 2838 2839
f 2836 2839 2841
f 2842 2836 2840
f 2843 2837 2836
f 2840 2841 2845
f 2718 2844 2845
f 2730 2728 2844
f 2727 2840 2844
f 2846 2845 2841
f 2829 2846 2847
f 2847 2841 2839
f 2848 2839 2838
f 2833 2848 2849
f 2831 2847 2848
f 2850 2814 2851
f 2853 2850 2852
f 2783 2777 2782
f 2785 2788 2853
f 2780 2785 2856
f 2857 2858 2855
f 2859 2857 2782
f 2861 2843 2842
f 2860 2842 2727
f 2862 2860 2726
f 2863 2861 2860
f 2861 2863 2858
f 2843 2861 2857
f 2856 2853 2854
f 2781 2856 2864
f 2837 2843 2859
f 2838 2837 2864
f 2852 2851 2834
f 2854 2852 2849
f 2865 2815 2818
f 2851 2865 2835
f 2813 2809 2815
f 2814 2813 2865
f 2866 2812 2814
f 2788 2866 2850
f 2866 2788 2787
f 2812 2866 2867
f 1892 1889 1890
f 2720 2719 2846
f 298 299 256
f 2872 2714 2713
f 3794 3800 2735
f 2729 2730 2874
f 2846 2716 2715
f 2876 2877 2878
f 2733 2875 2878
f 3806 3807 2879
f 3806 2880 2872
f 2882 2883 2884
f 2881 2884 2715
f 2880 2881 2714
f 2879 2882 2881
f 2885 2886 2887
f 2888 2889 2890
f 2885 2890 2892
f 2893 2886 2885
f 1942 2151 2532
f 2895 2892 2720
f 2884 2895 2870
f 2883 2896 2895
f 2896 2891 2892
f 2889 2874 2717
f 2890 2717 2720
f 2897 2893 2891
f 2898 2897 2896
f 2899 2898 2883
f 2900 2899 2882
f 3797 2900 2879
f 2876 2902 2901
f 2901 2902 2904
f 1785 2656 1835
f 2905 2906 2899
f 2907 2908 2897
f 3797 2901 2903
f 632 576 577
f 3532 3547 2867
f 434 385 550
f 2768 2770 3640
f 2910 2911 1623
f 2241 2912 2758
f 3640 2770 2913
f 1623 2911 2757
f 3587 2242 2757
f 2229 1381 1380
f 2765 1630 1629
f 2915 2914 1629
f 3642 3641 2914
f 3641 3622 2765
f 2919 2916 3642
f 2918 2915 2912
f 3614 2918 2241
f 3618 2919 3613
f 3541 2177 2180
f 3521 2002 2188
f 3705 3573 714
f 2925 2766 2917
f 2924 2917 2916
f 3610 2924 2919
f 3611 2925 2924
f 2926 2927 2766
f 3658 2926 2925
f 1715 1713 1705
f 785 497 498
f 1387 651 565
f 374 375 1899
f 3573 2203 2206
f 2929 2930 2886
f 2932 2933 2934
f 1905 1906 1908
f 2930 2935 2936
f 2938 2935 2930
f 1493 369 517
f 1603 1585 1586
f 2939 2938 2929
f 2940 2939 2908
f 3665 1707 1600
f 2886 2930 2937
f 2906 2907 2898
f 2908 2929 2893
f 2942 2934 2933
f 2941 2933 2937
f 3501 2941 2936
f 3498 2942 2941
f 2943 2944 2710
f 2943 2873 2874
f 2945 2943 2889
f 2946 2944 2943
f 2932 2945 2888
f 2931 2946 2945
f 727 1928 1929
f 2903 2904 2947
f 545 594 42
f 1480 1570 533
f 2907 2906 2949
f 2906 2905 2950
f 1558 452 215
f 3799 2903 2948
f 2054 1645 1644
f 3705 3684 2203
f 1828 1837 1849
f 2953 2954 2955
f 2952 2955 2957
f 2956 2261 2258
f 2953 2952 2258
f 2454 2455 2474
f 3747 2958 2959
f 3747 2132 2131
f 2961 2962 2963
f 2958 2963 2964
f 222 221 2485
f 2477 2226 2966
f 2631 2561 2006
f 2384 2454 2496
f 2967 2968 2959
f 2968 2967 2970
f 3759 2033 2971
f 3784 2971 2960
f 2972 2971 2033
f 2007 2377 2973
f 3560 3559 2134
f 1836 1833 1832
f 3506 2188 2090
f 955 810 959
f 672 675 674
f 633 710 713
f 2024 732 733
f 2025 2024 803
f 425 1552 1550
f 2975 2976 888
f 1319 1158 1157
f 1212 1935 2977
f 889 957 2228
f 1978 1974 1975
f 1138 1078 1329
f 751 665 2979
f 1619 1613 1625
f 2252 2255 1728
f 1157 1160 845
f 2706 1936 1938
f 2980 2255 2254
f 2982 2975 887
f 802 712 711
f 678 677 2029
f 527 840 690
f 1839 1207 2629
f 2983 2984 602
f 2983 1914 1913
f 2985 2983 1331
f 2986 2984 2983
f 2987 2637 2635
f 2985 2988 2639
f 2990 1319 1318
f 2991 2992 2993
f 2995 2991 2994
f 1106 1058 2991
f 1058 1057 2992
f 1415 1406 1365
f 1317 922 2217
f 1932 1728 2255
f 926 2998 2999
f 3001 2993 2992
f 3000 2992 1057
f 2999 3000 2978
f 2998 3001 3000
f 3002 2998 2209
f 3002 3003 2996
f 2993 3001 3002
f 1103 1106 2995
f 3004 2995 2996
f 2209 2210 3004
f 588 1103 3004
f 295 296 433
f 2638 2639 2988
f 3005 2988 1056
f 1305 3005 1930
f 1276 2638 3005
f 1987 1968 1993
f 2633 1762 1761
f 1423 1422 1417
f 3561 3517 739
f 2671 2670 2704
f 1473 1872 2035
f 922 1317 2694
f 1401 1400 1378
f 556 2028 1884
f 842 848 3825
f 1854 2706 2617
f 933 1082 1081
f 1440 1441 1436
f 529 657 719
f 1031 1025 1027
f 777 913 912
f 2645 1205 1204
f 441 438 1538
f 790 1287 587
f 2065 2066 1610
f 1860 991 990
f 60 106 87
f 1424 1017 1948
f 332 1527 1507
f 261 262 138
f 187 188 449
f 1719 1720 1726
f 1931 1055 1059
f 3006 1059 1105
f 1287 3006 1104
f 1286 1931 3006
f 3007 3008 3009
f 3009 3008 653
f 618 999 26
f 2029 677 1210
f 957 601 600
f 1049 2146 2228
f 2631 890 3011
f 890 889 2227
f 3011 2227 2145
f 2561 3011 3012
f 1026 656 609
f 2706 1854 1961
f 3013 2965 2485
f 2148 2147 1267
f 3015 1267 1266
f 2997 2264 1101
f 642 641 1773
f 186 477 461
f 1041 1040 1320
f 1121 3016 3017
f 2984 2986 2987
f 3018 2987 2634
f 1048 603 3018
f 603 602 2984
f 2679 2678 801
f 2062 2072 2074
f 2061 2074 2076
f 414 303 1545
f 3016 1121 2683
f 3019 2683 2704
f 3020 3019 2670
f 3007 3016 3019
f 1871 1090 1091
f 3021 1787 1122
f 3022 3021 3017
f 1314 3021 3022
f 1784 1787 3021
f 1316 1315 1763
f 3023 3022 3010
f 3023 3009 795
f 1763 3023 1092
f 1315 3022 3023
f 3016 3007 3010
f 752 751 2978
f 2986 2639 2637
f 3024 654 653
f 3020 3024 3008
f 720 723 3024
f 723 2621 654
f 2681 1098 1268
f 2671 3025 1268
f 2705 2681 3025
f 1313 3026 3027
f 3026 3028 3029
f 3027 3029 3030
f 1311 3027 3031
f 2012 568 731
f 917 2657 974
f 743 1206 856
f 1888 2027 2030
f 2682 2705 2684
f 3032 2684 1124
f 1100 3032 2989
f 1099 2682 3032
f 1123 2990 2989
f 3033 1834 1159
f 2990 3033 1158
f 1123 1786 3033
f 1786 1785 1834
f 1054 1056 2988
f 2979 665 664
f 2623 2622 2663
f 1095 660 688
f 3034 3035 2261
f 3036 3034 2956
f 3037 3038 3034
f 3038 3039 3035
f 3040 3041 3026
f 2263 3042 3041
f 3042 3039 3043
f 3041 3043 3028
f 3044 3045 3043
f 3046 3047 3045
f 3047 3048 3049
f 3043 3045 3049
f 3038 3037 3051
f 3050 3051 3053
f 3052 3046 3044
f 3039 3038 3050
f 3054 3035 3039
f 3042 2263 2262
f 2261 3035 3054
f 2216 2263 2997
f 2212 2211 2667
f 3056 868 2209
f 934 3057 1961
f 2013 3755 3757
f 3058 3059 3060
f 3059 3062 3063
f 3060 3063 2213
f 3061 3060 1963
f 3063 3064 2214
f 3062 3065 3064
f 3065 2257 2260
f 3064 2260 2215
f 3066 3067 3031
f 2608 2966 3067
f 2966 2562 3068
f 3031 3067 3068
f 2455 2458 2461
f 2476 2223 2226
f 3551 2090 2089
f 3526 2774 3769
f 433 354 355
f 2115 1423 1419
f 3509 2868 2922
f 3769 3737 2131
f 3069 2611 2167
f 2971 2972 2928
f 2961 2774 2773
f 3070 2475 2478
f 2610 2609 3071
f 2502 2371 2374
f 3072 2592 2595
f 2964 3046 3052
f 3048 2593 3074
f 2593 2592 3075
f 3075 3030 3029
f 3074 3029 3028
f 3072 3076 3075
f 3076 3072 2482
f 2481 2608 3066
f 3076 3066 3030
f 2967 3052 3053
f 2482 3072 3073
f 479 480 493
f 706 3900 3873
f 3561 2194 2221
f 2013 2010 3754
f 3533 2032 2016
f 3562 3519 2222
f 1171 1154 1155
f 2586 2566 2565
f 2982 110 113
f 2562 2376 3077
f 2376 2375 3012
f 3012 2145 2148
f 3077 2148 3015
f 2963 3047 3046
f 3051 3078 2970
f 1683 2173 491
f 3850 2122 1447
f 1986 2181 3734
f 3079 3080 2546
f 3081 3079 2575
f 1983 1986 3768
f 3082 2323 2319
f 3080 3082 2545
f 3734 3732 3082
f 3732 3748 2323
f 1309 1471 1888
f 3073 2595 2772
f 2760 3083 3084
f 2760 2085 2088
f 3085 3084 3086
f 3089 3085 3090
f 3089 2762 3084
f 3092 3088 3090
f 3093 2748 2744
f 2751 2747 2748
f 3093 2741 2752
f 2742 2741 3093
f 3094 3093 2743
f 3096 3097 3098
f 3099 3096 3087
f 3097 3094 3095
f 3100 2743 2746
f 3101 2927 3102
f 2764 2766 2927
f 2745 2764 3101
f 3102 3092 3091
f 3100 3091 3095
f 2869 2802 3592
f 3102 3103 3104
f 3658 2868 2869
f 2927 2926 3103
f 3098 3095 3091
f 3087 3098 3090
f 2088 2125 3105
f 3083 3105 3086
f 2483 3073 2771
f 2401 2186 2185
f 3099 3086 3105
f 2125 2207 3106
f 3108 2737 2742
f 3107 2742 3094
f 3110 3108 3107
f 3109 3107 3097
f 3111 3109 3096
f 3112 3110 3109
f 3113 2738 2737
f 3115 2723 2722
f 3117 3115 3114
f 3119 3117 3116
f 3118 3116 3120
f 3116 3114 3113
f 3122 3112 3111
f 3122 3123 1755
f 3124 3125 3126
f 3125 3118 3121
f 3128 3119 3118
f 3129 3128 3125
f 2020 2712 3128
f 3853 3857 1346
f 1065 1046 1047
f 1814 3838 3830
f 2021 2020 3129
f 3111 3099 3106
f 3123 3106 2207
f 2377 2225 2224
f 3014 2485 113
f 1756 2208 3782
f 3131 3132 2530
f 3133 3131 2528
f 1753 1756 3767
f 3134 3124 3127
f 2327 2408 2314
f 2436 2318 2317
f 2018 2021 3711
f 2534 3136 3137
f 2320 2322 3136
f 2185 2018 3712
f 3138 3139 2542
f 3134 3135 3744
f 3785 3130 3134
f 3140 3138 2539
f 2535 3137 3140
f 3711 2021 3130
f 2558 2530 3132
f 3782 3760 3141
f 2560 2558 3141
f 3760 3777 3142
f 958 888 2976
f 1933 1932 2980
f 2399 2424 2418
f 2348 2342 2343
f 2322 2320 2319
f 2718 2717 2874
f 2709 2729 2873
f 2894 2871 1361
f 346 289 176
f 1876 1877 1882
f 2802 2803 3607
f 3104 3144 3088
f 2974 2222 3649
f 3089 3145 2761
f 3088 3144 3145
f 2803 2974 3603
f 3870 3909 692
f 2123 1419 1418
f 1365 1363 1368
f 1581 1766 1782
f 3569 2202 2129
f 3555 2003 2002
f 3146 2585 2551
f 3751 3146 3147
f 3742 3149 3146
f 3149 2584 2585
f 3196 3198 3197
f 3604 2192 2191
f 3142 3150 2556
f 3777 3778 3150
f 3646 3152 2550
f 3150 3151 2555
f 3778 3780 3151
f 3788 3781 3152
f 3153 3147 2551
f 3152 3153 2549
f 3781 3776 3153
f 3776 3750 3147
f 3148 2767 2206
f 2183 2401 2321
f 2132 2960 2928
f 3684 3685 2204
f 3719 2198 2197
f 2594 2962 2773
f 2595 2594 2951
f 1870 798 799
f 3713 2179 2178
f 3706 2178 3736
f 336 3154 3774
f 339 3155 3154
f 3789 3683 3149
f 3683 3697 2584
f 2963 2962 3048
f 3722 3730 337
f 339 338 2566
f 3156 3157 2168
f 2610 3156 2167
f 2954 2953 3156
f 3157 3156 2953
f 3707 2166 2169
f 2567 3158 3159
f 337 3158 2567
f 3730 3069 2166
f 3764 2190 1983
f 2579 3160 3081
f 2568 3159 3160
f 3709 2169 2190
f 3065 3062 3162
f 3161 3162 1984
f 3157 3161 2189
f 2257 3065 3161
f 734 735 1922
f 3059 3058 2708
f 3163 2708 2182
f 3162 3163 1985
f 3062 3059 3163
f 3203 3206 3205
f 2122 2119 1448
f 3817 1686 1685
f 139 140 444
f 1570 569 566
f 2957 3164 3165
f 2955 3166 3164
f 1912 454 341
f 3130 3129 3124
f 1548 322 319
f 1949 1950 1327
f 2969 2970 3078
f 3167 3078 3169
f 3724 2014 2017
f 3720 2017 2033
f 3168 3169 3165
f 3170 3165 3164
f 3779 3170 3171
f 3724 3168 3170
f 3171 3164 3166
f 3172 3166 3071
f 3752 3172 3173
f 3756 3171 3172
f 3169 3037 3036
f 2593 3048 2962
f 3173 3071 2609
f 3174 2609 2199
f 3783 3174 2198
f 3749 3173 3174
f 2190 2189 1984
f 2196 2195 2767
f 2119 2120 1414
f 1464 1463 1466
f 2199 2611 3069
f 2457 2456 2587
f 2226 2225 2562
f 481 478 1627
f 333 1512 235
f 3078 3051 3037
f 3040 2264 2997
f 2219 1934 1933
f 2385 2384 2497
f 221 2220 3175
f 2220 1933 3143
f 3175 3143 2976
f 2484 3175 2975
f 2954 3071 3166
f 2630 1858 110
f 1547 319 1952
f 2091 2090 2188
f 3733 3736 2178
f 1918 1919 1927
f 3563 112 111
f 955 956 960
f 2037 3014 112
f 3143 2980 2981
f 2218 2211 2214
f 672 3877 3787
f 2152 3013 3014
f 1147 1144 1143
f 2248 2246 1409
f 1615 1636 1635
f 1410 1409 2246
f 3241 3243 3242
f 1382 3176 3177
f 3177 1410 2247
f 2247 1383 3177
f 3176 2238 2230
f 1410 3177 3179
f 3179 3180 2243
f 1633 3181 2800
f 1621 1620 2758
f 1622 1621 2245
f 2236 1394 3181
f 2237 2236 3182
f 2250 1631 2233
f 2912 1629 1628
f 135 136 1564
f 1567 419 512
f 1085 1084 2653
f 3184 869 868
f 869 3184 3057
f 1266 1268 1098
f 1267 2147 722
f 937 1146 2646
f 2146 1049 722
f 2211 2218 921
f 1957 510 507
f 1313 1312 2264
f 1496 362 1493
f 2887 2937 2933
f 1687 1688 1659
f 145 1499 1498
f 37 38 418
f 1935 1934 3185
f 104 89 301
f 2101 2098 2083
f 543 298 360
f 1934 2219 3186
f 234 1521 212
f 3845 3821 1822
f 1976 1875 1874
f 223 3186 2219
f 3655 3656 3605
f 2165 2164 467
f 467 468 2165
f 773 476 2165
f 1935 1212 1728
f 3240 3225 3226
f 3261 3249 3250
f 3215 3216 3244
f 3265 3221 3215
f 3267 3245 3198
f 3205 3206 3269
f 3214 3211 3265
f 3271 3213 3214
f 3251 3252 3239
f 3222 3221 3266
f 3232 3235 3234
f 3216 3242 3243
f 3196 3193 3268
f 3244 3243 3254
f 3238 3239 3247
f 3264 3244 3255
f 3253 3242 3216
f 3211 3266 3221
f 3257 3217 3218
f 3258 3222 3272
f 3274 3275 3280
f 3228 3229 3262
f 3275 3231 3281
f 3226 3227 3273
f 3236 3263 3260
f 3281 3263 3236
f 3287 3271 3192
f 3235 3226 3280
f 3234 3280 3281
f 3288 3290 3259
f 3260 3250 3276
f 3289 3212 3278
f 3210 3209 3224
f 3199 3202 3201
f 3228 3231 3230
f 3290 3288 3285
f 3282 3279 3271
f 3260 3263 3262
f 3243 3241 3268
f 3267 3268 3241
f 3194 3207 3208
f 3191 3270 3269
f 3270 3191 3192
f 3275 3274 3230
f 3264 3269 3270
f 3252 3251 3276
f 3248 3252 3291
f 3213 3271 3279
f 3272 3266 3289
f 3277 3278 3212
f 3228 3263 3281
f 3220 3225 3253
f 3219 3253 3217
f 3256 3218 3222
f 3247 3239 3252
f 3245 3267 3232
f 3266 3211 3212
f 3208 3205 3255
f 3288 3289 3284
f 3204 3205 3208
f 560 1899 3187
f 3209 3210 3201
f 3189 3192 3191
f 448 1980 807
f 647 648 122
f 1833 1848 1780
f 510 509 508
f 3210 1949 1887
f 1887 15 3200
f 15 16 3197
f 16 3188 3195
f 3195 3188 3187
f 3194 3187 1899
f 3207 1899 375
f 387 173 126
f 3189 1791 1760
f 3577 763 757
f 763 3577 2172
f 3583 3582 3580
f 3581 3580 3579
f 3594 3597 3596
f 3400 3601 3602
f 3626 3624 3625
f 3631 3635 3599
f 3636 3637 3595
f 3647 3584 3588
f 3650 3582 3584
f 3653 3579 3580
f 3653 2176 3654
f 1801 1864 3656
f 3651 3580 3582
f 3644 3638 3595
f 1767 1768 3659
f 1597 3663 3661
f 1708 1707 3665
f 3671 3668 3667
f 3666 3667 3673
f 1588 1708 3664
f 2080 3671 3666
f 2082 3666 3672
f 3674 3677 3635
f 3677 3678 3636
f 3682 3647 3645
f 3692 3651 3650
f 3681 3645 3644
f 786 3694 3692
f 3694 3653 3651
f 785 3692 3686
f 497 3686 3682
f 650 3682 3681
f 3696 564 3681
f 3405 3606 3605
f 3702 3699 3678
f 3699 3698 3679
f 3645 3588 3638
f 1799 3657 3659
f 3708 3704 3458
f 3462 3710 3708
f 3714 463 564
f 3615 3606 3602
f 3710 3714 3696
f 3635 3636 3596
f 3629 3626 3627
f 3597 3600 3599
f 3630 3716 3715
f 3627 3625 3597
f 3717 3716 3723
f 3715 3663 3660
f 3716 3717 3725
f 3668 3665 3661
f 3668 3725 3717
f 3667 3717 3718
f 3727 3728 3673
f 3728 1576 3672
f 3726 3727 3718
f 1576 2101 2084
f 3727 3726 3731
f 3203 376 1387
f 3190 1387 1791
f 3283 2152 1949
f 317 240 259
f 2000 2176 3653
f 3601 3599 3600
f 3589 3588 3584
f 3577 758 756
f 3585 3584 3582
f 3678 3679 3637
f 3204 375 376
f 1801 3655 3657
f 3729 3735 3728
f 1575 3735 3738
f 3735 1575 1576
f 1776 1795 1796
f 1293 1294 1290
f 1326 14 1327
f 1294 1245 1234
f 878 1244 1330
f 497 373 374
f 122 648 413
f 3699 3702 3704
f 3606 3405 3401
f 3708 3710 3698
f 3464 3714 3710
f 3704 3674 3443
f 439 398 399
f 1512 1528 1526
f 1668 1741 1738
f 839 849 1362
f 1362 1357 826
f 3843 740 1896
f 2053 2054 2118
f 3888 3887 2120
f 696 697 3816
f 1826 1878 639
f 3740 3739 3729
f 956 885 886
f 1980 806 1922
f 33 34 105
f 1343 1344 3856
f 3907 2127 2128
f 1766 1581 1582
f 14 1326 2163
f 595 98 99
f 3233 3238 3246
f 1346 1035 1044
f 748 1888 1425
f 3193 3208 3254
f 3190 3191 3206
f 3612 3605 3606
f 3624 3612 3615
f 3631 3415 3443
f 3679 3680 3644
f 3686 3650 3647
f 3702 3677 3674
f 3625 3615 3600
f 3601 3400 3415
f 3739 3738 3735
f 3630 3627 3594
f 3741 3723 3716
f 1284 1290 1288
f 3698 3696 3680
f 1778 1781 1780
f 1792 1759 1584
f 695 570 571
f 3638 3741 3594
f 3741 3638 3588
f 3247 3248 3209
f 3292 3293 3294
f 3296 3297 3298
f 3299 3298 3300
f 3302 3303 3304
f 3306 3307 3308
f 3307 3310 3311
f 3303 3302 3301
f 3312 3305 3304
f 3314 3315 3316
f 3318 3319 3320
f 3324 3318 3321
f 3326 3327 3328
f 3329 3330 3331
f 3333 3334 3335
f 3337 3338 3339
f 3333 3336 3341
f 3342 3341 3343
f 3319 3345 3344
f 3338 3335 3334
f 3346 3301 3302
f 3305 3348 3347
f 3312 3224 3223
f 3350 3337 3340
f 3312 3349 3348
f 3352 3343 3341
f 3311 3353 3354
f 3341 3336 3327
f 3359 3360 3361
f 3360 3359 3250
f 3318 3363 3345
f 3364 3363 3318
f 3314 3364 3324
f 3366 3299 3301
f 3299 3366 3367
f 3308 3354 3368
f 3369 3317 3295
f 3317 3369 3364
f 3370 3295 3317
f 3325 3371 3365
f 3352 3320 3319
f 3296 3367 3353
f 3297 3296 3311
f 3363 3368 3354
f 3345 3354 3353
f 3344 3353 3367
f 3366 3333 3342
f 3347 3339 3334
f 3339 3347 3348
f 3348 3349 3351
f 3363 3364 3369
f 3294 3309 3368
f 3293 3306 3309
f 3331 3373 3374
f 3346 3334 3333
f 3323 3322 3352
f 3356 3355 3321
f 3355 3357 3325
f 3357 3358 3371
f 3322 3356 3320
f 3361 3330 3329
f 3373 3372 3375
f 3374 3375 3376
f 3329 3332 3376
f 3327 3375 3372
f 3336 3335 3375
f 3335 3338 3376
f 3376 3338 3337
f 3337 3350 3359
f 3359 3350 3276
f 3377 3292 3295
f 3277 3316 3315
f 3371 3378 3379
f 3378 3371 3358
f 3365 3379 3315
f 3316 3277 3279
f 3282 3377 3370
f 3313 3283 3224
f 3378 3285 3284
f 3380 3286 3285
f 3379 3284 3278
f 3276 3350 3351
f 3291 3351 3349
f 3313 3304 2965
f 2965 3304 3303
f 222 3303 3300
f 223 3300 3298
f 3298 3297 3185
f 3297 3310 2977
f 3310 3307 1213
f 3307 3306 1214
f 2532 1214 3306
f 2894 2532 3293
f 2871 2894 3292
f 3253 3225 3240
f 3283 3313 3013
f 1997 1996 1889
f 1237 745 744
f 1535 1534 120
f 1531 1532 201
f 1119 1241 1032
f 946 948 824
f 163 8 5
f 3589 3726 3723
f 1155 1156 1162
f 427 213 327
f 553 1902 796
f 3381 2232 2231
f 3381 3178 2230
f 2237 3183 3180
f 3383 3384 3385
f 3384 3386 3387
f 3386 3388 3389
f 3388 3390 3391
f 3392 3393 3394
f 3395 3394 3396
f 3398 3399 3397
f 3400 3401 3399
f 3403 3404 3405
f 3406 3407 3404
f 3408 3409 3407
f 3410 3411 3409
f 3412 3413 3411
f 3415 3400 3398
f 3414 3398 3396
f 3416 3396 3394
f 3417 3394 3393
f 3393 3419 3420
f 3419 3390 3421
f 3390 3388 3422
f 3388 3386 3423
f 3386 3384 3424
f 3384 3383 3425
f 3425 3383 3426
f 2904 3427 3428
f 3429 3427 2904
f 3430 3429 2902
f 2875 3431 3430
f 3432 3433 2733
f 2825 3434 3435
f 3437 3438 3439
f 3441 3437 3436
f 2724 2723 3434
f 3436 3439 3115
f 3440 3436 3117
f 3443 3415 3414
f 3442 3414 3416
f 3444 3416 3417
f 3445 3417 3418
f 3446 3418 3420
f 3420 3421 3448
f 3421 3422 3449
f 3422 3423 3450
f 3423 3424 3451
f 3424 3425 3452
f 3425 3184 3056
f 3451 3452 2253
f 3450 3451 2252
f 3449 3450 1727
f 3448 3449 2150
f 3453 3447 3448
f 3454 3446 3447
f 3455 3445 3446
f 3456 3444 3445
f 3442 3444 3456
f 3443 3442 3457
f 3459 3460 3458
f 3457 3456 3455
f 3459 3455 3454
f 3462 3460 3459
f 3461 3454 3453
f 3464 3462 3461
f 3463 3453 1941
f 3404 3399 3401
f 3407 3397 3399
f 3409 3395 3397
f 3411 3392 3395
f 3465 3466 3413
f 3467 3468 3469
f 3465 3412 3431
f 3470 3467 3466
f 3438 3470 3432
f 3467 3470 3438
f 3468 3467 3437
f 3471 3469 3468
f 3472 3468 3441
f 3473 3441 3440
f 2712 3440 3119
f 3475 3471 3472
f 3474 3472 3473
f 3476 3473 2712
f 3477 3476 2711
f 3478 3474 3476
f 3479 3475 3474
f 3392 3411 3413
f 3466 3469 3480
f 3419 3393 3392
f 3390 3419 3480
f 3469 3471 3391
f 3389 3391 3471
f 3387 3389 3475
f 3385 3387 3479
f 3482 3477 2400
f 3483 3478 3477
f 3481 3479 3478
f 3484 3482 2402
f 3058 3484 2707
f 3061 3485 3484
f 3485 3483 3482
f 3382 3385 3481
f 3486 3481 3483
f 3426 3383 3382
f 3487 3382 3486
f 3486 3485 3061
f 1961 3057 3487
f 3057 3184 3426
f 3428 3403 3402
f 3427 3406 3403
f 3429 3408 3406
f 3430 3410 3408
f 3431 3412 3410
f 3470 3465 3433
f 3434 3439 3438
f 2723 3115 3439
f 2875 2733 3433
f 2736 2824 3435
f 2947 3428 3488
f 3464 3463 1360
f 1900 1925 1924
f 1736 1717 1718
f 1955 1952 1943
f 1671 1738 1735
f 1696 1750 1698
f 1800 1865 1864
f 2063 2055 2056
f 1737 1734 1717
f 1751 1735 1697
f 943 3885 3899
f 3656 3488 3402
f 1577 1578 1764
f 3917 1598 1599
f 1945 146 82
f 68 6 7
f 147 1542 1543
f 1109 1135 1133
f 1503 1910 1907
f 1499 1501 1909
f 452 1922 735
f 1824 2068 3835
f 1825 2067 2068
f 1463 1462 1022
f 841 1012 1009
f 1568 1547 1955
f 1910 1503 1502
f 1939 1502 422
f 309 280 1940
f 1804 1851 1866
f 269 1482 1954
f 2065 1607 2060
f 3812 1685 1758
f 280 276 552
f 1875 1873 1869
f 1739 1721 1734
f 1778 1779 1790
f 310 1920 1915
f 1909 1908 1906
f 1789 1783 1778
f 978 981 980
f 1584 1759 1731
f 425 426 311
f 148 1543 115
f 2044 3897 3894
f 277 1910 1939
f 1943 1946 1945
f 1461 1462 1463
f 2253 3452 3056
f 2981 2254 3489
f 2209 2998 3489
f 2254 2253 3055
f 2998 926 958
f 2826 2817 2721
f 3490 2739 2721
f 2816 3491 3490
f 2334 2297 2296
f 2298 2297 2334
f 2301 2298 2336
f 2311 2301 2338
f 2312 2311 2354
f 2359 2358 2361
f 2335 2296 2359
f 2414 2413 2365
f 2413 2270 2361
f 2355 2352 2540
f 2541 2540 2539
f 2722 2721 2739
f 3114 2722 2738
f 3110 3112 3121
f 3108 3110 3120
f 3122 1754 3127
f 3112 3122 3126
f 3127 1754 1753
f 3139 3133 2529
f 3744 3775 3133
f 3490 2789 2740
f 3491 2790 2789
f 228 229 91
f 245 244 243
f 248 7 247
f 2 297 296
f 145 146 300
f 327 213 210
f 329 332 331
f 239 241 240
f 373 376 375
f 178 177 176
f 1218 1225 1228
f 3862 1231 1295
f 808 809 824
f 3858 3859 1013
f 3813 3810 1411
f 2154 2149 2159
f 3845 3835 1758
f 306 807 1922
f 2157 2153 1976
f 708 709 2031
f 1450 1226 1227
f 1672 1604 1605
f 1813 1814 1821
f 1717 1716 1715
f 176 159 402
f 1710 1705 3916
f 1712 1580 1577
f 1705 1713 1711
f 971 978 979
f 822 823 1094
f 2909 2810 2793
f 2810 2769 2795
f 2799 2910 2249
f 3662 3643 2910
f 2769 2768 2801
f 3177 3176 3178
f 3178 3381 3180
f 3181 1394 1393
f 3181 1633 1632
f 3182 1632 2244
f 3183 2244 2243
f 3492 2791 2790
f 2808 3492 3491
f 2239 3574 3572
f 1149 1150 3571
f 1150 2009 3567
f 2202 3569 3566
f 2921 3564 3565
f 3568 3560 2133
f 1777 1579 1759
f 1201 1196 1183
f 3561 3554 2195
f 3553 3576 2770
f 3927 3925 1687
f 1516 152 154
f 3549 3562 2974
f 3550 3548 2779
f 2771 2772 3575
f 3070 2771 3546
f 3547 3544 2775
f 1376 1375 1370
f 2767 3543 3556
f 2195 3554 3543
f 2775 3544 3542
f 3377 3282 3545
f 3804 3802 3539
f 2776 3542 3538
f 2240 3572 3535
f 2920 3535 3669
f 3548 3534 2786
f 1805 1850 1851
f 3534 3532 2787
f 2951 2773 3540
f 2772 2951 3531
f 2973 2224 3530
f 2224 2223 3537
f 1957 1953 320
f 306 305 304
f 2770 3576 3528
f 2913 3528 3574
f 2923 3565 3527
f 308 1940 431
f 207 208 132
f 1879 1876 1881
f 3733 3787 3525
f 2475 3070 3558
f 2476 2475 3524
f 2223 2476 3523
f 3522 3549 2803
f 2037 3563 11
f 1959 1958 450
f 2003 3555 3520
f 9 10 334
f 2009 2008 3518
f 2008 2973 3536
f 3877 672 673
f 3515 3550 2778
f 2935 3514 3513
f 111 1149 3570
f 3510 3514 2935
f 683 3876 3885
f 3508 3557 2810
f 736 733 732
f 1795 1804 1803
f 3505 3510 2938
f 3507 3505 2939
f 2950 3512 3504
f 2940 2949 3504
f 3801 3791 3512
f 2868 3509 3502
f 2869 3502 3522
f 1024 1034 1023
f 3500 3503 2948
f 551 1939 442
f 2972 3499 3568
f 2032 3533 3499
f 216 93 1924
f 203 202 201
f 1828 1848 1847
f 1958 1957 449
f 272 271 178
f 2871 3545 3495
f 3619 3669 3564
f 2801 2768 3643
f 2005 3758 3654
f 960 886 899
f 3657 3655 3612
f 3780 3788 3646
f 3151 3646 3593
f 2193 3604 3623
f 3607 3603 3145
f 3603 3649 2761
f 3592 3607 3144
f 2926 3658 3634
f 3634 3592 3104
f 3755 3754 3746
f 566 567 3758
f 3488 3656 1864
f 1602 1586 2079
f 2868 3658 3611
f 2922 3611 3610
f 2923 3610 3618
f 3670 3613 2918
f 3619 3670 3614
f 2921 3618 3670
f 2920 3614 3586
f 3613 3642 2915
f 2917 2766 3622
f 2916 2917 3641
f 2239 3587 3652
f 2911 3640 3652
f 3643 3640 2911
f 2797 2801 3662
f 2797 3591 3598
f 3622 3628 2763
f 3608 3628 2764
f 2194 3623 3648
f 2221 3648 3649
f 2756 3608 3609
f 2750 3598 3609
f 3669 3535 1817
f 3763 3770 1691
f 2515 3621 3590
f 2548 3590 3593
f 2513 2489 3632
f 2513 3616 3621
f 2509 3633 3620
f 2510 3632 3633
f 2289 3620 3639
f 2283 3639 3617
f 2240 3586 3587
f 3659 3657 3624
f 716 2121 3887
f 727 1999 3761
f 2165 2171 2170
f 3660 3659 3626
f 3743 3581 3578
f 2175 2172 769
f 2100 500 2095
f 3758 567 3757
f 640 3560 3568
f 1653 3576 3553
f 1895 3536 3530
f 746 3530 3537
f 1653 1810 3528
f 3762 1603 1604
f 2093 2075 2073
f 959 996 995
f 962 899 919
f 1400 1401 1398
f 1000 817 1127
f 956 959 884
f 1662 3548 3550
f 2034 3558 3546
f 3926 1689 3539
f 3535 3572 766
f 3572 3574 765
f 334 3570 3571
f 1868 3531 3540
f 1684 1651 1652
f 1682 1683 775
f 1585 1603 3762
f 3763 3762 1672
f 2173 2174 490
f 1658 3544 3547
f 3556 3543 1650
f 1571 3754 2010
f 1587 3664 3671
f 2099 2095 2077
f 787 3761 1999
f 2000 3694 786
f 3155 339 3697
f 3713 3155 3683
f 2180 2179 3685
f 3496 2180 3684
f 1684 3846 3840
f 1760 464 3495
f 2607 3689 3693
f 2581 3676 3689
f 2371 2502 3700
f 2371 3695 3693
f 2587 3676 3675
f 2586 3675 3697
f 2497 3691 3687
f 2502 2503 3687
f 2494 3691 3690
f 3690 3688 2472
f 3688 3701 2468
f 3701 3703 2469
f 726 3908 3892
f 581 3567 3518
f 10 3511 3570
f 1837 3514 3510
f 741 3537 3523
f 1299 3524 3558
f 1851 3507 3504
f 3527 3565 1820
f 580 3518 3536
f 1758 1685 3522
f 1693 3557 3508
f 3504 3512 1867
f 1894 1826 3568
f 2126 1418 3813
f 3906 2126 3841
f 2113 3911 3867
f 2179 3713 3789
f 624 3903 3904
f 2192 3604 3788
f 2177 3541 3787
f 1364 3824 3833
f 3858 3855 1470
f 3135 1753 3775
f 2069 3812 3835
f 1351 3861 3853
f 2108 3882 3901
f 2089 2092 3736
f 3828 3834 1358
f 2001 3749 3783
f 2187 3783 3719
f 2130 3756 3752
f 2004 3752 3749
f 2014 3724 3779
f 2201 3779 3756
f 3167 3720 3759
f 3168 3724 3720
f 3159 3709 3764
f 3160 3764 3765
f 3730 3707 3158
f 3158 3707 3709
f 2200 3069 3730
f 3685 3789 3742
f 3722 3774 2197
f 3790 3736 2092
f 3774 3790 3721
f 3154 3706 3790
f 3155 3713 3706
f 2091 3719 3721
f 2196 3148 3750
f 2193 2196 3776
f 3604 2193 3781
f 2086 2192 3780
f 2087 2086 3778
f 2204 3742 3751
f 2205 3751 3750
f 3909 3886 574
f 2124 2087 3777
f 2208 2124 3760
f 3711 3785 3140
f 3785 3745 3138
f 3745 3744 3139
f 3771 3712 3136
f 3712 3711 3137
f 3775 3767 3131
f 3767 3782 3132
f 1813 3839 3838
f 1293 3854 3856
f 2184 2321 3748
f 2181 2184 3732
f 3765 3768 3079
f 3768 3734 3080
f 709 3873 3875
f 2774 2961 3737
f 3786 3769 2134
f 3809 3808 766
f 2968 3784 3766
f 2969 3759 3784
f 2958 3747 3737
f 2132 3747 3766
f 2321 2185 3771
f 3860 3848 1449
f 3905 3874 582
f 3886 3889 577
f 3847 3826 1818
f 705 3902 3887
f 3816 3912 3907
f 2111 3883 3911
f 3810 3829 1366
f 1812 3839 3822
f 675 3851 3852
f 3496 3705 3851
f 2110 3867 3868
f 2104 3896 3901
f 2109 3868 3899
f 3842 3831 703
f 1680 3811 3846
f 1639 1627 3819
f 623 3904 3906
f 2139 2140 3866
f 1808 1640 3844
f 3820 3821 1819
f 3872 3914 3900
f 1646 3832 3830
f 3889 3890 633
f 2139 3865 3875
f 2156 2155 3871
f 674 3852 3913
f 2117 3817 3812
f 1815 3822 3847
f 3855 3849 1444
f 697 3906 3912
f 866 842 3836
f 3864 3869 2136
f 3585 3731 3726
f 3583 3740 3731
f 3753 3746 3738
f 3740 3583 3581
f 1088 3738 3746
f 3739 3740 3743
f 2791 3492 3493
f 3492 2808 2807
f 2792 3493 3494
f 3493 2807 2806
f 3508 2909 3494
f 3516 3494 2806
f 2948 3503 3791
f 2105 3908 3896
f 3538 3802 3804
f 680 3878 3876
f 1891 1890 3910
f 2905 3799 3801
f 2900 3797 3799
f 2901 3797 3807
f 2734 2878 3806
f 2877 3807 3806
f 2820 3800 3794
f 2818 3796 3792
f 2823 3793 3792
f 2822 3793 3798
f 2819 2735 3800
f 2817 3796 3795
f 2809 3805 3795
f 2808 3805 3803
f 2805 3804 3803
f 1702 3921 3923
f 3922 3920 1797
f 3915 3916 1706
f 3918 3927 1692
f 1657 3898 3880
f 1890 1877 3895
f 3772 3770 1674
f 1689 1690 3772
f 3926 3802 3538
f 3516 3539 1689
f 3917 3923 1703
f 1598 3917 3928
f 3880 3884 1876
f 1691 1690 3925
f 3925 3926 1688
