v 0.059664 -0.010201 -0.048202
v 0.063590 -0.011195 -0.047296
v 0.064295 -0.009666 -0.047202
v 0.060087 -0.008740 -0.047962
v 0.072375 -0.008768 -0.057665
v 0.071715 -0.005330 -0.054407
v 0.071148 -0.002210 -0.054288
v 0.071364 -0.002682 -0.056999
v 0.026094 -0.046245 -0.109960
v 0.011590 -0.046187 -0.114435
v 0.011451 -0.058367 -0.111596
v 0.024798 -0.060050 -0.105981
v 0.043225 -0.083110 -0.086456
v 0.038237 -0.075169 -0.092002
v 0.036890 -0.088097 -0.095964
v 0.045261 -0.090642 -0.085971
v 0.038314 0.046430 0.040260
v 0.045384 0.045585 0.034658
v 0.044456 0.039265 0.038126
v -0.060211 -0.009826 -0.049811
v -0.064110 -0.010848 -0.048957
v -0.064767 -0.009445 -0.048894
v -0.060350 -0.008381 -0.049600
v -0.072595 -0.008531 -0.059703
v -0.071672 -0.005157 -0.056364
v -0.071296 -0.002106 -0.056166
v -0.071595 -0.002429 -0.058874
v 0.037515 0.039423 0.042337
v 0.091746 0.013388 -0.068368
v 0.091594 0.010790 -0.069744
v 0.091646 0.009399 -0.067970
v 0.091639 0.011733 -0.066960
v 0.087458 -0.005445 -0.066877
v 0.087493 0.002192 -0.068415
v 0.088922 0.004715 -0.068791
v 0.088721 0.002692 -0.068335
v 0.086784 -0.015961 -0.064129
v 0.085833 -0.015233 -0.063600
v 0.087741 -0.010624 -0.065242
v 0.088516 -0.010976 -0.066109
v 0.071409 -0.035578 -0.041161
v 0.074109 -0.033775 -0.042989
v 0.074654 -0.035610 -0.044063
v 0.069995 -0.037033 -0.042470
v 0.067084 -0.035613 -0.043318
v 0.071933 -0.036420 -0.047238
v 0.071238 -0.033205 -0.048171
v 0.067379 -0.033110 -0.044925
v 0.087096 0.023300 -0.053231
v 0.087281 0.020099 -0.052986
v 0.085650 0.019426 -0.050468
v 0.085456 0.022740 -0.050454
v 0.072153 -0.009746 -0.063789
v 0.070102 -0.016284 -0.061477
v 0.075925 -0.011128 -0.063873
v 0.076413 -0.008394 -0.064384
v 0.085246 0.012476 -0.060812
v 0.086092 0.013575 -0.064301
v 0.086273 0.011499 -0.065566
v 0.085338 0.009843 -0.063004
v 0.087708 0.015357 -0.069298
v 0.087827 0.012469 -0.070734
v 0.069962 -0.026478 -0.039058
v 0.069119 -0.022745 -0.038306
v 0.069875 -0.021159 -0.039540
v 0.070410 -0.022197 -0.040722
v 0.070602 -0.008986 -0.054623
v 0.072036 -0.004825 -0.052869
v 0.082809 -0.026615 -0.058662
v 0.082556 -0.024678 -0.057949
v 0.084567 -0.020523 -0.061538
v 0.084843 -0.021819 -0.062298
v 0.079808 -0.021940 -0.056231
v 0.082070 -0.019413 -0.059824
v 0.083228 -0.018730 -0.061541
v 0.081924 -0.020914 -0.059581
v 0.088189 0.015880 -0.059707
v 0.085983 0.017903 -0.055351
v 0.086634 0.017974 -0.055713
v 0.088477 0.015747 -0.060717
v 0.079007 0.003544 -0.063856
v 0.077953 0.008490 -0.062015
v 0.076584 0.008000 -0.062139
v 0.077733 0.003694 -0.063751
v 0.088312 0.012412 -0.067064
v 0.088614 0.009724 -0.068160
v 0.086752 0.008900 -0.067158
v 0.074516 0.010559 -0.050175
v 0.074572 0.011252 -0.050977
v 0.075198 0.009577 -0.051410
v 0.074623 0.008371 -0.050163
v 0.074468 -0.036942 -0.047284
v 0.067269 -0.024595 -0.054965
v 0.069153 -0.023790 -0.056250
v 0.071953 -0.019897 -0.059308
v 0.070714 -0.018733 -0.059528
v 0.067136 -0.033802 -0.039558
v 0.070011 -0.033660 -0.039143
v 0.070922 -0.035026 -0.040271
v 0.067813 -0.035559 -0.040596
v 0.077779 0.014705 -0.050969
v 0.080365 0.014075 -0.053291
v 0.078549 0.013085 -0.052576
v 0.076659 0.013453 -0.050777
v 0.086133 0.000291 -0.066953
v 0.085422 0.007093 -0.064866
v 0.085028 -0.009077 -0.061518
v 0.085478 -0.009014 -0.064584
v 0.084503 -0.013084 -0.063423
v -0.028681 -0.046395 -0.110018
v -0.014216 -0.046236 -0.114453
v -0.014108 -0.058461 -0.111626
v -0.027464 -0.060253 -0.106034
v 0.084407 -0.013135 -0.060410
v 0.084916 -0.000896 -0.061444
v 0.085578 -0.000816 -0.064902
v 0.089199 0.008450 -0.066508
v 0.088951 0.002376 -0.066996
v 0.089101 0.008917 -0.067280
v 0.075520 0.011832 -0.060043
v 0.075412 0.014918 -0.064192
v 0.074527 0.008523 -0.065778
v 0.075534 0.009520 -0.061545
v 0.070584 -0.017169 -0.039947
v 0.072000 -0.014997 -0.041071
v 0.070961 -0.017291 -0.042557
v 0.070357 -0.019398 -0.042323
v 0.072655 -0.021875 -0.058090
v 0.070026 -0.024912 -0.055501
v 0.070630 -0.025400 -0.054844
v 0.073388 -0.023711 -0.056563
v 0.082953 0.015429 -0.055284
v 0.082847 0.009871 -0.055996
v 0.081162 0.009776 -0.054612
v 0.076186 -0.020491 -0.047676
v 0.076820 -0.019126 -0.049672
v 0.078057 -0.022319 -0.051540
v 0.077155 -0.024411 -0.049845
v 0.078919 -0.033145 -0.052759
v 0.076606 -0.033064 -0.053109
v 0.074211 -0.035176 -0.050036
v 0.076746 -0.035684 -0.049845
v 0.070173 -0.020520 -0.041393
v 0.070111 -0.019773 -0.039793
v 0.081299 0.003824 -0.065584
v 0.080252 0.009919 -0.063545
v 0.084477 0.008133 -0.060843
v 0.084604 0.005731 -0.062354
v 0.073355 -0.004480 -0.045646
v 0.070725 -0.003811 -0.046741
v 0.070526 -0.004499 -0.046937
v 0.073762 -0.006091 -0.045524
v 0.073865 -0.004379 -0.044128
v 0.074309 -0.005924 -0.044024
v 0.074013 -0.006276 -0.042510
v 0.073631 -0.005360 -0.042421
v 0.069984 -0.003464 -0.047695
v 0.070119 -0.003750 -0.047181
v 0.070619 -0.003313 -0.047567
v 0.074689 -0.001266 -0.058702
v 0.076129 -0.009139 -0.061096
v 0.073836 -0.008847 -0.059903
v 0.070955 -0.001363 -0.058200
v 0.086294 -0.007838 -0.066264
v 0.081823 0.018907 -0.046308
v 0.079969 0.020798 -0.046357
v 0.082593 0.024563 -0.050987
v 0.071574 -0.017480 -0.052033
v 0.073900 -0.016869 -0.048941
v 0.072094 -0.017030 -0.047390
v 0.070690 -0.018171 -0.050384
v 0.069946 -0.012970 -0.045237
v 0.068013 -0.016442 -0.044395
v 0.072381 -0.014519 -0.043973
v 0.073906 0.001272 -0.043798
v 0.072279 -0.002417 -0.046951
v 0.073136 -0.003366 -0.045324
v 0.073522 -0.003084 -0.043873
v 0.086839 -0.016682 -0.065172
v 0.088630 -0.011530 -0.067549
v 0.086841 -0.011464 -0.068595
v 0.085119 -0.016984 -0.066253
v 0.067703 -0.030161 -0.037931
v 0.065399 -0.032804 -0.040801
v 0.067533 -0.026956 -0.036841
v 0.091146 0.019989 -0.062730
v 0.087064 0.022499 -0.063233
v 0.087341 0.020542 -0.065648
v 0.091458 0.018031 -0.064924
v 0.069989 0.002766 -0.052912
v 0.070372 0.000688 -0.052631
v 0.070868 0.002266 -0.050900
v 0.070571 0.004088 -0.050903
v 0.049984 -0.032266 -0.093379
v 0.058148 -0.032299 -0.074631
v 0.061938 -0.018505 -0.083177
v 0.054955 -0.018785 -0.099074
v 0.079789 -0.030571 -0.052456
v 0.078550 -0.032801 -0.049764
v 0.075061 0.008984 -0.042613
v 0.074231 0.011037 -0.041633
v 0.075532 0.016352 -0.043100
v 0.076374 0.012975 -0.042875
v 0.088309 0.004139 -0.071715
v 0.091344 0.003341 -0.070441
v 0.077245 0.015287 -0.049116
v 0.081543 0.018864 -0.052043
v 0.079140 0.016394 -0.051218
v 0.076991 0.015020 -0.049643
v 0.076103 0.006791 -0.047609
v 0.076959 0.008133 -0.047186
v 0.075527 0.009050 -0.047444
v 0.074381 0.007636 -0.047556
v 0.074126 0.015727 -0.040508
v 0.075906 0.020535 -0.043656
v 0.066068 -0.025343 -0.054378
v 0.076868 0.007816 -0.045113
v 0.077786 0.010435 -0.044599
v 0.078212 0.009638 -0.046939
v -0.046053 -0.083542 -0.086329
v -0.041008 -0.075553 -0.091913
v -0.039561 -0.088492 -0.096038
v -0.048057 -0.091116 -0.085951
v 0.068513 -0.021836 -0.036243
v 0.069464 -0.020118 -0.038204
v 0.076152 0.013808 -0.049632
v 0.075439 0.012722 -0.049666
v 0.073787 0.009158 -0.049375
v 0.074098 0.006664 -0.050559
v 0.081066 -0.000176 -0.057605
v 0.082784 -0.008578 -0.059509
v 0.065675 -0.018023 -0.069514
v 0.062863 -0.031963 -0.054883
v 0.074378 0.009469 -0.047498
v 0.074196 0.009799 -0.047798
v 0.073090 0.008904 -0.048524
v 0.073337 0.008393 -0.047682
v 0.077182 -0.034347 -0.047244
v 0.079691 0.006238 -0.054965
v 0.076188 0.004606 -0.053138
v 0.076754 0.006829 -0.052170
v 0.088692 -0.005894 -0.066177
v 0.089715 0.002435 -0.067048
v 0.091170 0.002927 -0.068568
v 0.090012 -0.006103 -0.067446
v 0.065781 -0.034023 -0.041610
v 0.070306 -0.000079 -0.053614
v 0.071694 -0.001897 -0.052816
v 0.071001 0.005545 -0.050918
v 0.071913 0.007349 -0.049321
v 0.069822 -0.017144 -0.037872
v 0.087514 0.016426 -0.064255
v 0.087934 0.014533 -0.065678
v 0.085855 0.015167 -0.062934
v 0.085472 0.016381 -0.061332
v 0.084548 0.017585 -0.057533
v 0.085028 0.019059 -0.057124
v 0.086838 0.017907 -0.062131
v 0.074910 0.005361 -0.052013
v 0.075850 0.007344 -0.051066
v 0.075273 -0.021754 -0.046120
v 0.075922 -0.027941 -0.047169
v 0.083165 -0.016548 -0.061179
v 0.082789 -0.015800 -0.058324
v 0.084140 -0.005523 -0.069332
v 0.083983 0.003851 -0.070058
v 0.082358 0.003773 -0.067770
v 0.082730 -0.005036 -0.067899
v 0.076552 -0.002563 -0.064348
v 0.073609 -0.001694 -0.064843
v 0.073167 -0.004240 -0.041919
v 0.072432 -0.000573 -0.040140
v 0.070935 0.004959 -0.051306
v 0.071368 0.006506 -0.049160
v 0.077157 -0.019289 -0.060548
v 0.073135 -0.026839 -0.053331
v 0.077319 -0.021698 -0.058907
v 0.068861 -0.027404 -0.051254
v 0.068588 -0.028558 -0.048998
v 0.071306 -0.028641 -0.050603
v 0.079852 -0.019978 -0.055394
v 0.081642 -0.018766 -0.058164
v 0.069143 -0.003699 -0.048471
v 0.067759 -0.005301 -0.049659
v 0.068788 -0.004222 -0.047821
v 0.083896 -0.000756 -0.059012
v 0.084418 -0.008763 -0.059780
v 0.077204 0.010271 -0.047375
v 0.074705 0.000158 -0.049012
v 0.075968 0.003533 -0.046647
v 0.080508 0.013780 -0.046831
v 0.078872 0.012009 -0.047555
v 0.078313 0.011145 -0.047371
v 0.079360 0.011613 -0.046628
v 0.062271 -0.014011 -0.047771
v 0.065914 -0.015464 -0.046511
v 0.067376 -0.012165 -0.046362
v 0.084057 0.019388 -0.055953
v 0.084451 0.017325 -0.057114
v 0.081605 0.010566 -0.065425
v 0.075558 0.011484 -0.052119
v 0.076426 0.009798 -0.052882
v 0.077810 0.023251 -0.058988
v 0.077343 0.021263 -0.055601
v 0.077593 0.021401 -0.054341
v 0.078065 0.025442 -0.054436
v 0.067927 -0.031466 -0.045900
v 0.070774 -0.031122 -0.048553
v 0.070511 -0.029782 -0.049012
v 0.068244 -0.029992 -0.047114
v 0.071414 -0.017256 -0.046671
v 0.070384 -0.018464 -0.049385
v 0.084662 -0.015150 -0.063791
v 0.083850 -0.016031 -0.062807
v 0.085237 -0.012057 -0.064875
v 0.086437 -0.010836 -0.065570
v 0.071264 0.003439 -0.054512
v 0.069986 0.002298 -0.055079
v 0.077928 0.015407 -0.056370
v 0.080255 0.017781 -0.057859
v 0.079142 0.020700 -0.054233
v 0.077394 0.018538 -0.054102
v 0.082933 0.011296 -0.067938
v 0.076292 0.008439 -0.052616
v 0.076977 0.008634 -0.053682
v 0.075803 0.008904 -0.052122
v 0.073618 0.006707 -0.047783
v 0.075427 0.005462 -0.048029
v 0.079858 0.013777 -0.048192
v 0.083864 0.017284 -0.051462
v 0.082953 0.017057 -0.051105
v 0.079164 0.014391 -0.048595
v 0.074367 0.011379 -0.048839
v 0.012892 -0.034174 -0.120826
v 0.014660 -0.023974 -0.128214
v -0.037901 0.046112 0.039257
v -0.045131 0.045129 0.033755
v -0.044295 0.038808 0.037177
v -0.037193 0.039199 0.041305
v 0.077556 0.021030 -0.046525
v 0.078852 0.022871 -0.050675
v 0.079765 0.023784 -0.050930
v 0.078134 0.021931 -0.047569
v 0.085432 0.015104 -0.060660
v 0.089206 0.011318 -0.066094
v 0.072752 -0.003010 -0.050978
v 0.069673 -0.006171 -0.050951
v 0.059870 -0.007508 -0.049718
v 0.060216 -0.006216 -0.049868
v 0.060915 -0.006756 -0.051033
v 0.060402 -0.008386 -0.051066
v 0.062533 -0.012712 -0.051384
v 0.065218 -0.013798 -0.050346
v 0.064441 -0.015766 -0.048821
v 0.061546 -0.015155 -0.050851
v 0.059002 -0.010974 -0.050117
v 0.059470 -0.009234 -0.049799
v 0.060252 -0.010190 -0.051207
v 0.059891 -0.012206 -0.051495
v 0.083525 0.019000 -0.053662
v 0.085276 0.018902 -0.055269
v 0.089930 0.010671 -0.065372
v 0.089954 0.008542 -0.066498
v 0.088526 0.015110 -0.063206
v 0.088919 0.013406 -0.064614
v 0.072551 -0.012334 -0.040838
v 0.073573 -0.012102 -0.042788
v 0.073130 -0.013778 -0.042761
v 0.091164 0.014122 -0.065468
v 0.091663 0.015727 -0.066790
v 0.070459 -0.030036 -0.038789
v 0.069205 -0.031460 -0.038105
v 0.044396 -0.100612 -0.023829
v 0.053587 -0.095226 -0.035326
v 0.053023 -0.104927 -0.034945
v 0.044078 -0.110255 -0.024089
v 0.080329 0.016119 -0.045212
v 0.079107 0.018641 -0.044721
v 0.059159 -0.012345 -0.048588
v 0.059102 -0.013574 -0.050600
v 0.061615 -0.015264 -0.049180
v 0.064673 -0.008004 -0.047255
v 0.060434 -0.007278 -0.047969
v 0.062826 -0.010956 -0.051328
v 0.064419 -0.005792 -0.050517
v 0.064855 -0.004681 -0.048874
v 0.067325 -0.019012 -0.045611
v 0.068937 -0.019283 -0.048081
v 0.070493 -0.019408 -0.044569
v 0.059507 -0.013987 -0.051352
v 0.070990 0.004513 -0.052316
v 0.066035 -0.009864 -0.051085
v 0.069171 -0.012389 -0.052808
v 0.068770 -0.014569 -0.051914
v 0.065749 -0.011861 -0.051014
v 0.078378 -0.022853 -0.053331
v 0.078720 -0.020945 -0.053198
v 0.072782 -0.016675 -0.053842
v 0.075798 -0.016612 -0.051795
v 0.072283 -0.000132 -0.051307
v 0.073968 0.002974 -0.049510
v 0.069444 -0.003533 -0.048190
v 0.066880 -0.007587 -0.050764
v 0.069189 -0.009788 -0.052688
v 0.064924 -0.006481 -0.047467
v 0.068836 -0.006562 -0.046956
v 0.068655 -0.005470 -0.047211
v 0.064874 -0.005445 -0.047769
v 0.079327 0.009794 -0.054040
v 0.077720 0.016239 -0.043764
v 0.079158 0.013312 -0.044686
v 0.078431 0.027506 -0.070942
v 0.076146 0.019357 -0.075572
v 0.076891 0.020117 -0.062783
v 0.062819 -0.008984 -0.051109
v 0.061120 -0.005154 -0.049471
v 0.061288 -0.005376 -0.048038
v 0.083878 -0.019246 -0.061253
v 0.071533 -0.019602 -0.044206
v 0.072102 0.004869 -0.048871
v 0.083317 -0.010730 -0.067746
v 0.082011 -0.015892 -0.065627
v 0.071267 0.006092 -0.049174
v 0.072253 0.007265 -0.048005
v 0.069732 -0.018936 -0.048861
v 0.071054 -0.018289 -0.045717
v 0.072626 0.007732 -0.047933
v 0.072966 -0.012662 -0.044227
v 0.084535 0.009617 -0.059325
v 0.074845 -0.030444 -0.053563
v 0.072947 -0.032008 -0.050657
v 0.060853 -0.006215 -0.048062
v 0.064280 -0.015878 -0.048107
v 0.064013 -0.007210 -0.051195
v 0.071273 -0.008754 -0.045791
v 0.070757 -0.010951 -0.045484
v 0.073563 -0.010430 -0.044423
v 0.077258 -0.016257 -0.053558
v 0.073553 -0.015350 -0.056159
v 0.074725 -0.014450 -0.058315
v 0.078914 -0.015640 -0.055356
v 0.080625 -0.020715 -0.063135
v 0.079032 -0.025043 -0.059643
v 0.081383 -0.026826 -0.059393
v 0.083391 -0.022384 -0.063299
v 0.079843 0.042812 -0.079585
v 0.079390 0.033116 -0.064149
v 0.080767 0.049312 -0.068220
v 0.082404 0.019239 -0.062893
v 0.082551 0.016911 -0.064610
v 0.087615 0.017916 -0.067546
v 0.077328 0.023635 -0.048670
v 0.077891 0.021235 -0.052550
v 0.077395 0.022548 -0.050320
v 0.087780 -0.005923 -0.070467
v 0.074435 0.005024 -0.042927
v 0.076421 0.005641 -0.045694
v 0.076013 -0.018051 -0.061303
v 0.078835 -0.017522 -0.053496
v 0.080885 -0.017065 -0.055767
v 0.088651 0.019987 -0.055681
v 0.085543 0.018109 -0.053263
v 0.010213 -0.113619 0.002692
v 0.010101 -0.120299 -0.000624
v 0.008124 -0.009983 0.057115
v 0.009635 -0.010295 0.055743
v 0.008635 -0.008395 0.054797
v 0.007855 -0.008283 0.055430
v 0.008596 -0.019280 0.055411
v 0.008016 -0.017628 0.054398
v 0.008908 -0.017844 0.053767
v 0.009677 -0.019226 0.054534
v 0.005340 -0.008646 0.054566
v 0.003776 -0.011601 0.057234
v 0.005283 -0.010143 0.058748
v 0.006539 -0.007842 0.055394
v 0.088081 0.023353 -0.056694
v 0.011735 -0.019353 0.054990
v 0.010718 -0.017830 0.053887
v 0.011686 -0.016989 0.055622
v 0.013042 -0.018228 0.056708
v 0.004706 -0.018555 0.063199
v 0.005824 -0.016326 0.063470
v 0.004541 -0.017329 0.060982
v 0.004536 -0.019199 0.060548
v 0.007425 -0.015515 0.062994
v 0.009253 -0.016066 0.064676
v 0.010815 -0.016073 0.063049
v 0.008812 -0.015492 0.061478
v 0.004379 -0.015088 0.056274
v 0.005396 -0.016984 0.057376
v 0.003667 -0.015066 0.059814
v 0.011808 -0.014997 0.053950
v 0.010171 -0.016171 0.052656
v 0.009515 -0.012368 0.051849
v 0.010917 -0.011408 0.052924
v 0.047689 -0.084692 -0.023283
v 0.055065 -0.081858 -0.036718
v 0.034596 0.004469 0.037256
v 0.033836 0.001680 0.038565
v 0.029539 0.002695 0.039113
v 0.030536 0.005204 0.038061
v 0.074357 -0.008067 -0.043413
v 0.073825 -0.007267 -0.042116
v 0.082598 0.014173 -0.066244
v 0.088219 0.016706 -0.060313
v 0.082238 0.021114 -0.060727
v 0.080964 0.023420 -0.056042
v 0.079887 0.021944 -0.055072
v 0.081087 0.019272 -0.059105
v 0.090652 0.017343 -0.061564
v 0.072730 -0.021073 -0.043902
v 0.081975 0.005612 -0.056579
v 0.080345 0.023909 -0.053549
v 0.083800 0.025387 -0.054184
v 0.088090 -0.005928 -0.066255
v 0.090999 0.015786 -0.063606
v 0.089032 0.014372 -0.062399
v 0.082004 0.015930 -0.047324
v 0.075779 -0.012357 -0.060711
v 0.082205 -0.012254 -0.058721
v 0.080699 -0.014629 -0.057085
v -0.091309 0.013653 -0.070459
v -0.091191 0.011040 -0.071754
v -0.091238 0.009686 -0.069927
v -0.091179 0.012044 -0.069123
v -0.087558 -0.005022 -0.068784
v -0.087629 0.002486 -0.070407
v -0.088855 0.005021 -0.070892
v -0.088852 0.002990 -0.070436
v 0.074992 -0.013934 -0.059698
v 0.069679 0.001268 -0.054795
v 0.069381 -0.016369 -0.035581
v 0.077793 -0.027644 -0.050760
v -0.087138 -0.015462 -0.065534
v -0.086298 -0.014794 -0.065160
v -0.088068 -0.010171 -0.066819
v -0.088789 -0.010540 -0.067536
v 0.078813 -0.026498 -0.053239
v 0.029019 -0.033543 -0.115209
v 0.032477 -0.022452 -0.121771
v 0.090063 -0.006123 -0.069332
v 0.082993 0.018130 -0.054344
v 0.074377 -0.021619 -0.045230
v 0.073515 -0.027551 -0.044482
v 0.072212 -0.026995 -0.042599
v 0.076842 0.008991 -0.053295
v 0.075242 -0.017038 -0.061755
v 0.075421 -0.014726 -0.062635
v 0.061263 -0.005879 -0.050784
v 0.077943 -0.023240 -0.059113
v 0.074118 -0.028667 -0.053484
v 0.058368 -0.078322 -0.049889
v 0.054692 -0.075441 -0.064770
v -0.072268 -0.035208 -0.042786
v -0.074802 -0.033358 -0.044591
v -0.075374 -0.035206 -0.045828
v -0.070882 -0.036427 -0.044312
v 0.055303 -0.086919 -0.062697
v 0.057682 -0.090740 -0.048447
v 0.071174 -0.002202 -0.036550
v 0.071669 -0.009600 -0.038985
v 0.070657 -0.010614 -0.037228
v 0.023909 -0.103944 -0.002374
v 0.021109 -0.115321 -0.005990
v 0.069706 -0.015759 -0.031514
v 0.069855 -0.016211 -0.021461
v 0.071160 -0.000331 -0.021535
v 0.070613 -0.005953 -0.031093
v 0.059286 0.031123 0.015240
v 0.061005 0.032030 0.010467
v 0.061872 0.022487 0.010309
v 0.059798 0.023594 0.014406
v 0.019978 0.089199 0.031858
v 0.009978 0.089968 0.034082
v 0.010024 0.097548 0.027950
v 0.020266 0.096437 0.025334
v 0.034494 -0.014324 -0.126237
v 0.036437 -0.003880 -0.131092
v 0.016889 -0.006835 -0.138140
v 0.015736 -0.016513 -0.132849
v 0.020453 0.113555 0.002676
v 0.009967 0.115212 0.005382
v 0.010080 0.120183 -0.004732
v -0.068013 -0.035120 -0.045023
v -0.072310 -0.035798 -0.049119
v -0.071496 -0.032720 -0.050044
v -0.068193 -0.032755 -0.046661
v 0.020762 0.118246 -0.007087
v 0.053426 0.002383 0.027958
v 0.055687 -0.003773 0.028152
v 0.051820 -0.004469 0.032044
v 0.050009 0.001759 0.031019
v 0.073036 -0.032248 -0.041738
v 0.071986 -0.031345 -0.040552
v -0.087079 0.023503 -0.054971
v -0.087060 0.020325 -0.054915
v -0.085045 0.019766 -0.052486
v -0.085311 0.023007 -0.052102
v -0.074058 -0.010521 -0.065083
v -0.071973 -0.016974 -0.062909
v -0.077749 -0.011839 -0.065441
v -0.078066 -0.009132 -0.065902
v 0.010254 0.124415 -0.016549
v 0.021200 0.122279 -0.018494
v 0.011830 0.011460 0.043776
v -0.084385 0.012615 -0.063043
v -0.085638 0.013803 -0.066548
v -0.086006 0.011769 -0.067776
v -0.084961 0.010059 -0.065158
v -0.087444 0.015562 -0.071265
v -0.087560 0.012674 -0.072791
v -0.070751 -0.026266 -0.040430
v -0.069988 -0.022545 -0.039675
v -0.070591 -0.020909 -0.041029
v -0.071052 -0.021935 -0.042170
v -0.070548 -0.008787 -0.056615
v -0.072154 -0.004716 -0.054801
v -0.082695 -0.025946 -0.060404
v -0.082818 -0.024145 -0.059530
v -0.084918 -0.020001 -0.062957
v -0.084935 -0.021242 -0.063871
v 0.012284 0.013451 0.041026
v 0.015968 0.010098 0.039842
v 0.015530 0.007949 0.042071
v 0.007834 0.060812 0.045982
v 0.008800 0.069328 0.043449
v 0.017704 0.069282 0.042006
v 0.016162 0.060775 0.045029
v 0.020604 0.007391 0.038873
v 0.019797 0.005342 0.040312
v 0.009971 0.104084 0.021124
v 0.020362 0.102806 0.018302
v 0.020568 0.127925 -0.068770
v -0.080139 -0.021530 -0.057808
v -0.082407 -0.019015 -0.061469
v -0.083605 -0.018308 -0.063188
v -0.082260 -0.020473 -0.061194
v 0.021085 0.128296 -0.060268
v 0.009821 0.130972 -0.060707
v -0.087934 0.016178 -0.061925
v -0.085721 0.018117 -0.057496
v -0.086232 0.018233 -0.057883
v -0.088083 0.016072 -0.062983
v 0.010834 0.129915 -0.073295
v 0.067664 -0.000306 -0.091472
v 0.070955 -0.001375 -0.076067
v 0.073969 0.010575 -0.077752
v 0.071937 0.016132 -0.094375
v 0.034725 -0.096599 -0.011497
v 0.032600 -0.108337 -0.014245
v -0.080021 0.003166 -0.065278
v -0.078648 0.008319 -0.063450
v -0.077730 0.007574 -0.063404
v -0.079057 0.003048 -0.064974
v -0.088131 0.012722 -0.069293
v -0.088473 0.010031 -0.070347
v -0.086581 0.009186 -0.069300
v -0.074569 0.010340 -0.052098
v -0.074836 0.010912 -0.052833
v -0.075516 0.009315 -0.053200
v -0.074933 0.008248 -0.051942
v -0.074927 -0.036397 -0.049248
v -0.068886 -0.025126 -0.056544
v -0.070607 -0.024254 -0.057910
v -0.073351 -0.020323 -0.060957
v -0.072373 -0.019295 -0.061116
v 0.052715 0.052752 0.022720
v 0.054820 0.058561 0.018222
v 0.058029 0.051391 0.014507
v 0.055641 0.046657 0.019391
v 0.006236 0.047364 0.049594
v 0.013566 0.047068 0.049367
v 0.011685 0.040755 0.049578
v 0.005547 0.040958 0.049954
v -0.068226 -0.033513 -0.040824
v -0.071026 -0.033372 -0.040456
v -0.071868 -0.034682 -0.041702
v -0.068854 -0.035131 -0.042177
v 0.059891 0.016182 0.014834
v 0.062542 0.013302 0.011794
v 0.061727 0.005030 0.016461
v 0.058732 0.009035 0.018431
v 0.055940 0.003889 0.024561
v -0.077750 0.014321 -0.052912
v -0.080096 0.013852 -0.055309
v -0.078500 0.012793 -0.054481
v -0.076750 0.013070 -0.052681
v 0.058424 -0.001908 0.024226
v -0.086473 0.000606 -0.068829
v -0.085275 0.007403 -0.066954
v 0.019057 0.079245 0.037977
v 0.009491 0.079676 0.039727
v 0.059958 0.042165 0.011637
v 0.057793 0.039142 0.016833
v 0.009147 0.014752 0.046406
v 0.009848 0.016264 0.042831
v 0.007434 0.021403 0.045834
v -0.085628 -0.008719 -0.063308
v -0.086031 -0.008640 -0.066392
v -0.084980 -0.012661 -0.065144
v -0.084916 -0.012730 -0.062030
v 0.004601 0.020714 0.051559
v 0.004608 0.024621 0.050438
v 0.007439 0.024388 0.046669
v 0.033644 0.060346 0.038130
v 0.035408 0.068208 0.034507
v 0.042873 0.066900 0.029012
v 0.041185 0.059548 0.032915
v 0.020399 0.108393 0.010953
v -0.085254 -0.000659 -0.063365
v -0.085982 -0.000514 -0.066783
v 0.009935 0.109854 0.013778
v 0.004800 0.033246 0.049520
v 0.008885 0.033101 0.047760
v 0.007834 0.029991 0.047111
v -0.089180 0.008827 -0.068778
v -0.089236 0.002671 -0.069048
v -0.089013 0.009258 -0.069497
v -0.076589 0.011586 -0.061154
v -0.076628 0.014539 -0.065036
v -0.076119 0.007906 -0.066629
v -0.076948 0.009014 -0.062638
v 0.004869 0.030190 0.049567
v 0.024450 0.003807 0.039647
v 0.025418 0.006098 0.038612
v 0.065150 -0.031249 -0.044605
v 0.066236 -0.032501 -0.044125
v 0.072766 0.015205 -0.034100
v 0.071360 0.004586 -0.032210
v 0.071700 0.013042 -0.022608
v 0.072332 0.025820 -0.024810
v 0.074739 0.037630 -0.028378
v 0.076042 0.046219 -0.033767
v 0.076696 0.030520 -0.040818
v 0.075007 0.024166 -0.036448
v 0.049756 -0.084225 -0.075320
v 0.047410 -0.074034 -0.078707
v 0.004452 0.017573 0.054051
v 0.004378 0.014591 0.056484
v 0.019343 0.035187 -0.149948
v -0.070999 -0.016932 -0.041819
v -0.072392 -0.014825 -0.043062
v -0.071385 -0.016996 -0.044447
v -0.070889 -0.019032 -0.044060
v 0.018704 0.021587 -0.147956
v 0.039050 0.025685 -0.139514
v 0.039474 0.038636 -0.141102
v 0.064373 -0.010903 -0.087370
v -0.073868 -0.022147 -0.059712
v -0.071246 -0.025218 -0.057205
v -0.071673 -0.025539 -0.056547
v -0.074440 -0.023837 -0.058197
v 0.068299 -0.010220 -0.073160
v 0.010279 -0.013323 0.057600
v 0.007183 -0.009085 0.052937
v 0.007229 -0.012742 0.051834
v 0.006909 -0.010245 0.052942
v 0.010353 -0.015846 0.059266
v 0.012440 -0.016609 0.060539
v 0.008166 -0.016210 0.052622
v 0.007476 -0.016033 0.052954
v 0.006683 -0.012439 0.052027
v 0.008485 -0.008521 0.053637
v 0.002060 -0.020319 0.065583
v 0.002745 -0.018897 0.068694
v 0.006401 -0.017440 0.067491
v 0.004874 -0.018931 0.065290
v 0.004934 -0.009967 0.054235
v 0.004029 -0.012003 0.054784
v 0.005046 -0.013806 0.061949
v 0.006748 -0.009947 0.058180
v 0.007213 -0.007951 0.055460
v 0.006685 -0.013026 0.061227
v 0.005668 -0.019163 0.057918
v 0.008413 -0.012897 0.059623
v -0.082155 0.015348 -0.057532
v -0.082137 0.009923 -0.058130
v -0.080747 0.009719 -0.056635
v -0.076550 -0.020221 -0.049348
v -0.077325 -0.018934 -0.051267
v -0.078243 -0.022009 -0.053196
v -0.077235 -0.024059 -0.051627
v 0.077610 -0.018194 -0.051483
v 0.057112 -0.064920 -0.031721
v 0.060172 -0.049874 -0.039075
v 0.059291 -0.050166 -0.044587
v -0.078775 -0.032440 -0.054629
v -0.076565 -0.032684 -0.055263
v -0.074510 -0.034836 -0.052164
v -0.076876 -0.035159 -0.051875
v -0.070893 -0.020181 -0.042964
v -0.070701 -0.019512 -0.041428
v -0.081901 0.003638 -0.067169
v -0.080600 0.009846 -0.065210
v 0.057518 -0.065714 -0.040575
v 0.079580 0.008170 -0.054727
v 0.066657 0.058055 -0.004164
v 0.068146 0.069975 -0.013615
v 0.073399 0.058161 -0.025069
v -0.084002 0.008318 -0.062953
v -0.084550 0.006010 -0.064422
v 0.072844 0.047397 -0.019699
v 0.068577 0.079733 -0.021939
v 0.073831 0.069047 -0.032555
v 0.077061 0.056825 -0.042109
v 0.078851 0.036455 -0.055749
v 0.041449 0.017580 0.032718
v 0.041707 0.017273 0.032643
v 0.040247 0.016781 0.033791
v -0.073606 -0.004415 -0.047637
v -0.070991 -0.003745 -0.048706
v -0.070832 -0.004437 -0.048878
v -0.074022 -0.006016 -0.047485
v 0.040075 0.017154 0.033907
v 0.041047 0.017832 0.032488
v 0.039838 0.017386 0.033427
v -0.074096 -0.004340 -0.046121
v -0.074541 -0.005857 -0.046003
v -0.074293 -0.006220 -0.044492
v -0.073920 -0.005322 -0.044407
v 0.042086 0.018309 0.031711
v 0.042506 0.018025 0.031903
v 0.042678 0.017699 0.031814
v 0.024988 0.017815 0.036503
v 0.025410 0.017968 0.035787
v 0.027828 0.017325 0.036700
v 0.027643 0.017153 0.037464
v 0.024852 0.017472 0.036775
v 0.027918 0.016687 0.037529
v -0.070299 -0.003441 -0.049621
v -0.070417 -0.003705 -0.049116
v -0.070903 -0.003263 -0.049525
v -0.075069 -0.000510 -0.061155
v -0.076498 -0.008447 -0.063147
v -0.074271 -0.008445 -0.061954
v -0.071464 -0.000895 -0.060289
v 0.023958 0.019533 0.030779
v 0.023673 0.020203 0.030811
v -0.086596 -0.007397 -0.068034
v 0.025027 0.018584 0.031009
v 0.022762 0.020380 0.033267
v 0.022644 0.021508 0.033348
v -0.081690 0.019128 -0.048021
v -0.080116 0.020968 -0.047724
v -0.082646 0.024732 -0.052415
v 0.023246 0.021993 0.030884
v 0.023386 0.020803 0.030789
v 0.023083 0.019730 0.033442
v -0.072252 -0.017633 -0.053852
v -0.074705 -0.016701 -0.050576
v -0.072804 -0.016747 -0.049059
v -0.071331 -0.018083 -0.052174
v -0.070398 -0.012761 -0.047173
v -0.068457 -0.016153 -0.046283
v -0.072855 -0.014331 -0.045936
v -0.074035 0.001400 -0.045837
v -0.072383 -0.002262 -0.048965
v -0.073374 -0.003305 -0.047339
v -0.073768 -0.003063 -0.045891
v -0.086982 -0.016158 -0.066638
v -0.088637 -0.011033 -0.068969
v -0.086845 -0.011111 -0.070272
v -0.085233 -0.016536 -0.067892
v 0.021452 0.019461 0.034055
v 0.021062 0.020031 0.033923
v -0.068697 -0.029862 -0.039185
v -0.066557 -0.032606 -0.042072
v -0.068661 -0.026769 -0.038114
v -0.090975 0.020255 -0.064709
v -0.086997 0.022756 -0.065060
v -0.087229 0.020768 -0.067534
v -0.091238 0.018284 -0.066982
v -0.070614 0.003030 -0.054870
v -0.070800 0.000871 -0.054497
v -0.071234 0.002442 -0.052877
v -0.071159 0.004308 -0.052959
v 0.021122 0.021068 0.034086
v 0.032513 0.015654 0.037443
v 0.032885 0.015036 0.037133
v 0.028430 0.015498 0.037396
v 0.028235 0.016108 0.037523
v 0.032171 0.016203 0.037574
v 0.035435 0.016239 0.036766
v 0.035804 0.015707 0.036528
v 0.036131 0.015138 0.036124
v -0.052347 -0.032642 -0.093656
v -0.060406 -0.032767 -0.075085
v -0.064075 -0.019023 -0.083759
v -0.057138 -0.019213 -0.099470
v -0.079883 -0.029972 -0.054157
v -0.078767 -0.032261 -0.051563
v -0.075137 0.009070 -0.044538
v -0.074473 0.011097 -0.043107
v -0.075830 0.016504 -0.044210
v -0.076357 0.013109 -0.044539
v 0.025027 0.016415 0.036895
v 0.024941 0.016997 0.036884
v 0.036423 0.014492 0.035680
v 0.033189 0.014334 0.036693
v -0.087939 0.004409 -0.073838
v -0.090798 0.003686 -0.072197
v 0.028623 0.014735 0.037137
v 0.024936 0.015866 0.036919
v 0.021744 0.017328 0.036305
v 0.022257 0.017634 0.036243
v 0.033434 0.013590 0.036335
v 0.033335 0.012785 0.036187
v 0.028584 0.013155 0.036882
v 0.028687 0.013923 0.036918
v -0.077094 0.015000 -0.051220
v -0.081078 0.018682 -0.054276
v -0.078818 0.016122 -0.053337
v -0.076928 0.014661 -0.051661
v -0.076147 0.006943 -0.049682
v -0.076921 0.008253 -0.049165
v -0.075548 0.009112 -0.049371
v -0.074541 0.007715 -0.049546
v 0.036596 0.013751 0.035265
v 0.036548 0.012909 0.035118
v -0.074428 0.015692 -0.041487
v -0.076054 0.020549 -0.044461
v 0.044357 0.018057 0.030156
v 0.044887 0.018577 0.029496
v 0.045042 0.017893 0.029343
v -0.067724 -0.025843 -0.055678
v 0.044760 0.017409 0.029704
v 0.047659 0.014942 0.026196
v 0.048601 0.016318 0.025436
v 0.050618 0.015213 0.023819
v -0.076777 0.007990 -0.047175
v -0.077654 0.010576 -0.046560
v -0.078011 0.009785 -0.048941
v -0.069509 -0.021709 -0.037605
v -0.070208 -0.019933 -0.039732
v -0.076145 0.013429 -0.051597
v -0.075531 0.012350 -0.051634
v -0.073995 0.009059 -0.051255
v -0.074486 0.006704 -0.052367
v 0.049359 0.013729 0.025071
v -0.081295 0.000294 -0.059418
v -0.083067 -0.008084 -0.060987
v 0.057685 0.005919 0.021342
v 0.051348 0.011355 0.024287
v 0.052695 0.012971 0.022308
v 0.043705 0.017578 0.030877
v 0.042909 0.017210 0.031660
v 0.043497 0.018129 0.031026
v 0.044129 0.018599 0.030362
v 0.044166 0.016989 0.030405
v 0.043280 0.016600 0.031354
v 0.041986 0.016804 0.032511
v 0.042313 0.016169 0.032274
v 0.040810 0.015676 0.033448
v 0.040530 0.016261 0.033657
v 0.038366 0.015895 0.035079
v -0.067647 -0.018623 -0.070463
v -0.064747 -0.032426 -0.055589
v 0.038085 0.016426 0.035265
v 0.038699 0.015319 0.034739
v 0.041094 0.015020 0.033194
v 0.039061 0.014685 0.034398
v 0.042718 0.015506 0.031852
v 0.043778 0.015971 0.030810
v 0.044608 0.016426 0.029844
v 0.045238 0.016878 0.029101
v 0.045627 0.017548 0.028619
v 0.045147 0.015714 0.029031
v 0.045723 0.014998 0.028233
v 0.044534 0.014446 0.029533
v 0.044215 0.015243 0.030142
v 0.045937 0.016283 0.028158
v 0.046670 0.015666 0.027200
v -0.074406 0.009466 -0.049383
v -0.074184 0.009734 -0.049690
v -0.073307 0.008812 -0.050391
v -0.073561 0.008397 -0.049617
v 0.043012 0.014841 0.031406
v 0.043204 0.014085 0.030912
v 0.041350 0.013623 0.032436
v 0.041266 0.014434 0.032908
v -0.077736 -0.033935 -0.049081
v -0.079761 0.006418 -0.056769
v -0.076690 0.004851 -0.054977
v -0.077352 0.006819 -0.053826
v 0.039320 0.014023 0.034059
v 0.039403 0.013211 0.033682
v -0.088826 -0.005431 -0.067718
v -0.089949 0.002758 -0.068824
v -0.091015 0.003224 -0.070353
v -0.089815 -0.005611 -0.068983
v 0.032031 0.016617 0.037578
v 0.031907 0.016857 0.037005
v 0.035061 0.016889 0.036315
v 0.035269 0.016648 0.036853
v 0.037865 0.016822 0.035323
v -0.066854 -0.033672 -0.043079
v -0.070676 0.000086 -0.055444
v -0.071945 -0.001784 -0.054707
v 0.037742 0.017089 0.034803
v 0.035104 0.015959 0.033912
v 0.034182 0.016734 0.030338
v 0.037030 0.016803 0.029516
v 0.038259 0.016210 0.032732
v -0.071521 0.005675 -0.052814
v -0.072308 0.007348 -0.051236
v 0.031433 0.015768 0.034474
v 0.030916 0.017066 0.030911
v 0.027831 0.016325 0.034696
v -0.070451 -0.017035 -0.039628
v 0.027673 0.017744 0.031079
v 0.025344 0.017898 0.034423
v 0.033998 0.028287 0.037770
v 0.034168 0.028472 0.038174
v 0.038831 0.027877 0.037429
v 0.038461 0.027582 0.036980
v 0.049638 -0.000685 -0.121102
v 0.051084 0.014282 -0.126714
v 0.038301 0.009813 -0.136000
v 0.041489 0.025604 0.035793
v 0.041533 0.026236 0.035681
v 0.043760 0.025241 0.034087
v 0.043529 0.024624 0.034169
v 0.041353 0.024888 0.035781
v -0.087313 0.016604 -0.066442
v -0.087695 0.014811 -0.067908
v -0.085524 0.015244 -0.065120
v -0.085134 0.016413 -0.063527
v -0.084269 0.017545 -0.059699
v -0.084830 0.019187 -0.059304
v -0.086579 0.018009 -0.064323
v -0.075371 0.005477 -0.053806
v -0.076426 0.007261 -0.052727
v 0.043247 0.023939 0.033936
v 0.038412 0.025887 0.037420
v -0.075564 -0.021446 -0.047870
v -0.076237 -0.027540 -0.048944
v -0.083587 -0.016168 -0.062815
v -0.083309 -0.015422 -0.059817
v -0.084062 -0.005291 -0.071133
v -0.083981 0.003968 -0.071932
v -0.082664 0.003748 -0.069481
v -0.082945 -0.004951 -0.069619
v 0.038524 0.026604 0.037452
v 0.038496 0.027130 0.037116
v 0.043296 0.023266 0.028759
v 0.042391 0.024757 0.029597
v -0.078090 -0.003337 -0.065607
v -0.075366 -0.002492 -0.065935
v -0.073576 -0.004248 -0.043887
v -0.072920 -0.000582 -0.041961
v -0.071528 0.005169 -0.053315
v -0.071945 0.006580 -0.051179
v -0.078170 -0.019418 -0.062129
v -0.073870 -0.026775 -0.055049
v -0.078068 -0.021663 -0.060556
v -0.069804 -0.027493 -0.052943
v -0.069379 -0.028502 -0.050730
v -0.071959 -0.028565 -0.052414
v 0.042307 0.023189 0.032237
v 0.043031 0.022301 0.031037
v 0.043736 0.022548 0.028046
v 0.043455 0.021642 0.030072
v 0.043366 0.023173 0.024838
v 0.042581 0.023949 0.025535
v 0.041373 0.024885 0.026559
v -0.080264 -0.019639 -0.056928
v -0.082072 -0.018415 -0.059732
v 0.043831 0.022445 0.024446
v -0.069461 -0.003686 -0.050389
v -0.067824 -0.005167 -0.051566
v -0.069154 -0.004222 -0.049724
v -0.083893 -0.000388 -0.060844
v -0.084809 -0.008379 -0.061422
v -0.077057 0.010384 -0.049338
v 0.044147 0.021705 0.024299
v -0.074791 0.000374 -0.051084
v -0.075923 0.003783 -0.048814
v -0.080065 0.013966 -0.048881
v -0.078542 0.012155 -0.049562
v -0.078019 0.011298 -0.049368
v -0.078985 0.011787 -0.048661
v -0.062865 -0.013562 -0.049429
v -0.066410 -0.015114 -0.048215
v -0.067844 -0.011898 -0.048123
v 0.044122 0.020854 0.024255
v 0.043810 0.020046 0.024589
v 0.060502 -0.010309 0.021712
v 0.060389 0.000913 0.020381
v -0.083547 0.019419 -0.058204
v -0.083807 0.017290 -0.059362
v -0.081681 0.010613 -0.067202
v 0.062829 -0.007021 0.017312
v 0.043233 0.018506 0.031157
v -0.075831 0.011156 -0.053946
v -0.076698 0.009541 -0.054678
v 0.043862 0.019012 0.030461
v -0.078252 0.023057 -0.059492
v -0.077550 0.021126 -0.056260
v -0.077646 0.021303 -0.055068
v -0.078173 0.025320 -0.054961
v 0.042720 0.018805 0.031059
v -0.068654 -0.031215 -0.047637
v -0.071322 -0.030956 -0.050491
v -0.071134 -0.029681 -0.050869
v -0.068932 -0.029811 -0.048828
v -0.072037 -0.016963 -0.048429
v -0.071031 -0.018278 -0.051194
v 0.043106 0.019197 0.030517
v -0.085171 -0.014766 -0.065485
v -0.084337 -0.015650 -0.064467
v -0.085694 -0.011634 -0.066590
v -0.086860 -0.010434 -0.067329
v 0.044313 0.019554 0.029730
v 0.044750 0.019135 0.029614
v 0.041583 0.017116 0.030460
v 0.041208 0.017638 0.027615
v 0.042330 0.018196 0.026682
v -0.071682 0.003834 -0.056601
v -0.070662 0.002701 -0.057134
v -0.078136 0.015476 -0.057607
v -0.080191 0.017969 -0.059229
v -0.079094 0.020772 -0.055419
v -0.077601 0.018522 -0.055178
v -0.082878 0.011400 -0.069770
v 0.042504 0.018042 0.029325
v 0.040439 0.016506 0.031469
v 0.039471 0.017115 0.028582
v 0.042875 0.018730 0.025927
v 0.043447 0.019363 0.025138
v -0.076791 0.008341 -0.054315
v -0.077372 0.008572 -0.055409
v 0.043034 0.018566 0.028716
v -0.076229 0.008726 -0.053856
v 0.043491 0.019162 0.027907
v 0.043485 0.019693 0.029861
v -0.073909 0.006821 -0.049848
v -0.075545 0.005641 -0.050152
v -0.079371 0.013954 -0.050238
v -0.083305 0.017469 -0.053594
v -0.082465 0.017205 -0.053216
v -0.078800 0.014464 -0.050661
v 0.044067 0.020582 0.027213
v 0.044113 0.021174 0.027303
v 0.043809 0.020153 0.029187
v -0.074407 0.011189 -0.050768
v 0.044148 0.020658 0.028596
v 0.043857 0.019961 0.027349
v -0.015459 -0.034247 -0.120853
v -0.017137 -0.024056 -0.128248
v 0.044011 0.021880 0.027569
v 0.043858 0.021123 0.029179
v 0.045281 0.018615 0.029000
v 0.045185 0.019608 0.028969
v 0.046015 0.020503 0.028235
v 0.045874 0.018494 0.028310
v -0.077718 0.021120 -0.047718
v -0.078911 0.022944 -0.051813
v -0.079806 0.023924 -0.052225
v -0.078228 0.022053 -0.048816
v -0.084723 0.015205 -0.062915
v 0.046878 0.018402 0.027350
v 0.046474 0.017105 0.027577
v 0.047311 0.020905 0.027649
v 0.048627 0.021358 0.027000
v -0.088999 0.011663 -0.068341
v -0.072946 -0.002867 -0.052966
v -0.069606 -0.005961 -0.052952
v 0.048039 0.018360 0.026371
v 0.047375 0.016797 0.026620
v 0.044731 0.020015 0.029114
v -0.060127 -0.007200 -0.051352
v -0.060430 -0.005991 -0.051549
v -0.061159 -0.006503 -0.052641
v -0.060702 -0.008074 -0.052642
v 0.045034 0.020517 0.028704
v 0.046735 0.022000 0.028952
v -0.063149 -0.012210 -0.052960
v -0.065813 -0.013440 -0.051969
v -0.064985 -0.015371 -0.050515
v -0.062251 -0.014583 -0.052429
v 0.047615 0.022689 0.028729
v 0.045592 0.021427 0.029297
v 0.045110 0.022160 0.030661
v 0.046055 0.022863 0.030661
v -0.059437 -0.010441 -0.051776
v -0.059794 -0.008829 -0.051417
v -0.060635 -0.009751 -0.052799
v -0.060538 -0.011662 -0.053119
v 0.046662 0.023557 0.030633
v 0.045027 0.023675 0.032374
v -0.083072 0.018983 -0.055879
v -0.084850 0.019103 -0.057484
v 0.045490 0.024327 0.032352
v 0.044352 0.023016 0.032188
v 0.044631 0.021178 0.029486
v -0.089661 0.011087 -0.067732
v -0.089835 0.008893 -0.068606
v -0.088334 0.015366 -0.065400
v -0.088637 0.013724 -0.066852
v 0.044201 0.021761 0.030467
v 0.043598 0.022485 0.031716
v 0.042777 0.023271 0.033124
v -0.072965 -0.012236 -0.042843
v -0.073937 -0.011970 -0.044783
v -0.073535 -0.013628 -0.044770
v -0.090673 0.014469 -0.067734
v -0.091267 0.016017 -0.068888
v -0.071268 -0.029731 -0.040103
v -0.070168 -0.031188 -0.039334
v -0.044986 -0.100909 -0.023928
v -0.054495 -0.095645 -0.035307
v -0.054240 -0.105506 -0.034924
v -0.045046 -0.110633 -0.024129
v -0.080089 0.016312 -0.047056
v -0.079213 0.018777 -0.046179
v 0.041142 0.024377 0.035147
v 0.040811 0.024328 0.034272
v 0.038261 0.025256 0.036892
v -0.059803 -0.011861 -0.050229
v -0.059864 -0.013008 -0.052294
v -0.062365 -0.014664 -0.050860
v -0.065111 -0.007863 -0.049021
v -0.060883 -0.007107 -0.049628
v 0.038113 0.025174 0.036087
v 0.034592 0.029168 0.039116
v 0.039814 0.028858 0.038219
v 0.038001 0.026975 0.032881
v 0.036280 0.026346 0.029750
v 0.033780 0.026575 0.031105
v 0.034647 0.027458 0.034711
v -0.063189 -0.010572 -0.052864
v 0.022860 0.022149 0.033601
v 0.023324 0.023228 0.034187
v -0.064580 -0.005634 -0.052268
v -0.065249 -0.004669 -0.050677
v -0.067830 -0.018607 -0.047445
v -0.069431 -0.018911 -0.049936
v -0.071039 -0.018996 -0.046366
v -0.060249 -0.013338 -0.052994
v -0.071447 0.004819 -0.054310
v 0.023803 0.023976 0.031504
v 0.023222 0.022811 0.031012
v 0.021924 0.021708 0.034553
v 0.023077 0.022785 0.035265
v -0.066225 -0.009638 -0.052794
v -0.069485 -0.012315 -0.054671
v -0.069187 -0.014457 -0.053692
v -0.066069 -0.011546 -0.052669
v -0.078687 -0.022468 -0.054906
v -0.079070 -0.020625 -0.054756
v -0.073395 -0.016854 -0.055625
v -0.076409 -0.016659 -0.053498
v -0.072530 0.000001 -0.053249
v -0.074151 0.003145 -0.051577
v -0.069709 -0.003504 -0.050127
v -0.067010 -0.007424 -0.052564
v -0.069247 -0.009623 -0.054596
v -0.065342 -0.006405 -0.049287
v -0.069233 -0.006498 -0.048837
v -0.069056 -0.005434 -0.049102
v -0.065273 -0.005415 -0.049596
v -0.079381 0.009570 -0.055867
v -0.077677 0.016452 -0.045240
v -0.078722 0.013548 -0.046609
v -0.079244 0.027252 -0.071362
v -0.077422 0.018970 -0.076133
v -0.077732 0.019852 -0.063390
v -0.063068 -0.008762 -0.052683
v -0.061311 -0.004984 -0.051198
v -0.061700 -0.005319 -0.049788
v -0.084288 -0.018751 -0.062704
v -0.072206 -0.019203 -0.045879
v -0.072456 0.005020 -0.050917
v -0.083647 -0.010573 -0.069513
v -0.082358 -0.015693 -0.067376
v -0.071787 0.006220 -0.051240
v -0.072733 0.007347 -0.050084
v -0.070244 -0.018703 -0.050716
v -0.071614 -0.017932 -0.047517
v -0.073001 0.007784 -0.049953
v -0.073401 -0.012505 -0.046222
v -0.083849 0.009776 -0.061449
v 0.026829 0.026302 0.035850
v 0.027465 0.025951 0.032158
v -0.074895 -0.030209 -0.055717
v -0.073218 -0.031762 -0.052743
v 0.024821 0.025366 0.031971
v -0.061281 -0.006106 -0.049780
v 0.024526 0.024900 0.035145
v -0.064905 -0.015400 -0.049791
v -0.064231 -0.007046 -0.052753
v 0.027706 0.024951 0.037230
v 0.024917 0.023830 0.036247
v 0.034610 0.025697 0.037314
v -0.071611 -0.008625 -0.047714
v -0.071149 -0.010779 -0.047441
v -0.073912 -0.010307 -0.046371
v 0.020922 0.071027 -0.147142
v 0.020351 0.055370 -0.150184
v -0.077804 -0.016286 -0.055197
v -0.074240 -0.015597 -0.057898
v -0.075257 -0.014597 -0.060025
v -0.079314 -0.015416 -0.056884
v -0.080837 -0.020494 -0.065015
v -0.079035 -0.024843 -0.061789
v -0.081298 -0.026329 -0.061380
v -0.083394 -0.021880 -0.065094
v 0.039915 0.057285 -0.141340
v 0.040022 0.070891 -0.138905
v -0.080589 0.042592 -0.079851
v -0.079837 0.032931 -0.064522
v -0.081207 0.049128 -0.068471
v -0.082287 0.019527 -0.064667
v -0.082430 0.017108 -0.066410
v -0.087225 0.018207 -0.069545
v -0.077394 0.023612 -0.049344
v -0.077866 0.021198 -0.053317
v -0.077528 0.022572 -0.051219
v -0.087375 -0.005589 -0.072442
v 0.040992 0.026133 0.030985
v 0.039165 0.025784 0.028185
v 0.050172 0.072116 -0.131275
v 0.049411 0.080787 -0.128465
v 0.040522 0.082572 -0.133874
v 0.034758 -0.061942 -0.097205
v 0.024611 -0.072439 -0.103718
v -0.074443 0.005195 -0.045033
v -0.076381 0.005857 -0.047831
v 0.021143 0.021476 0.035686
v -0.077288 -0.018348 -0.062854
v 0.022617 0.022532 0.036277
v -0.079326 -0.017201 -0.054930
v -0.081259 -0.016633 -0.057205
v -0.088287 0.020276 -0.057769
v -0.084916 0.018416 -0.055418
v 0.020122 0.020742 0.035207
v 0.018991 0.020584 0.035446
v 0.019933 0.021607 0.035834
v 0.021486 0.022936 0.036495
v 0.024497 0.023792 0.037060
v 0.023597 0.024359 0.037451
v 0.026830 0.025831 0.038411
v 0.027453 0.025108 0.038041
v 0.034471 0.025707 0.038176
v 0.034276 0.026420 0.038430
v 0.026195 0.026543 0.038263
v 0.022948 0.025047 0.037204
v 0.025660 0.027197 0.037811
v 0.022667 0.025887 0.036863
v 0.034012 0.027890 0.038048
v 0.034138 0.027206 0.038413
v 0.022325 0.018043 0.036107
v 0.019487 0.018838 0.035632
v 0.022643 0.018450 0.035689
v 0.020512 0.019196 0.035316
v 0.023567 0.018658 0.034880
v 0.019820 0.019714 0.035167
v 0.018773 0.019453 0.035438
v -0.010541 -0.113662 0.002698
v -0.010400 -0.120352 -0.000602
v 0.023665 0.018922 0.033689
v 0.018927 0.021902 0.035393
v 0.017913 0.020496 0.035274
v 0.017721 0.022241 0.034922
v 0.016710 0.020481 0.034959
v 0.019767 0.024273 0.035598
v 0.020578 0.023549 0.036032
v 0.017691 0.019183 0.035403
v 0.018355 0.018538 0.035659
v 0.016620 0.019008 0.035195
v 0.017382 0.018211 0.035460
v 0.024721 0.015279 0.036928
v 0.024436 0.014591 0.036929
v 0.021074 0.016823 0.036382
v 0.020426 0.016268 0.036312
v 0.033081 0.011765 0.036115
v 0.036347 0.011966 0.035088
v 0.032629 0.010499 0.036195
v -0.007913 -0.010003 0.056733
v -0.009392 -0.010321 0.055332
v -0.008393 -0.008433 0.054377
v -0.007624 -0.008316 0.055028
v 0.036049 0.010510 0.035124
v 0.027662 0.011018 0.036978
v 0.028219 0.012189 0.036897
v 0.032507 -0.116090 -0.015441
v 0.046467 0.014075 0.027525
v 0.047787 0.012546 0.026894
v 0.046161 0.011770 0.028631
v 0.045089 0.013540 0.028981
v 0.043548 0.013063 0.030459
v -0.008536 -0.019150 0.055167
v -0.007885 -0.017538 0.054090
v -0.008725 -0.017755 0.053377
v -0.009538 -0.019080 0.054228
v 0.044108 0.011213 0.030470
v 0.041691 0.010912 0.032166
v 0.041531 0.012604 0.032068
v 0.039347 0.012268 0.033564
v 0.039217 0.010686 0.033664
v 0.049617 0.018016 0.025005
v 0.050813 0.021425 0.024951
v 0.051611 0.017187 0.023220
v 0.053084 0.021063 0.022676
v 0.016176 0.022973 0.035018
v -0.005183 -0.008644 0.054206
v -0.003678 -0.011574 0.056925
v -0.005153 -0.010148 0.058425
v -0.006368 -0.007857 0.055024
v 0.015340 0.020789 0.034775
v 0.014041 0.023743 0.036050
v 0.013620 0.021287 0.035519
v 0.015600 0.026561 0.037305
v 0.017746 0.025775 0.036141
v 0.015642 0.018912 0.034949
v 0.016392 0.017782 0.035176
v 0.014235 0.018723 0.035298
v 0.015335 0.017218 0.035473
v 0.023856 0.013636 0.036848
v 0.023215 0.012531 0.036868
v 0.019667 0.015521 0.036134
v 0.018701 0.014629 0.036326
v 0.047607 -0.011678 -0.115925
v 0.052179 0.030029 -0.129832
v 0.047139 0.033156 0.035802
v 0.044927 0.030265 0.036534
v 0.041256 0.031081 0.038788
v 0.043081 0.034430 0.039041
v 0.049150 0.037711 0.033698
v 0.051710 0.034678 0.030676
v 0.049758 0.031275 0.032704
v 0.047595 0.028937 0.033947
v 0.051596 0.024233 0.026015
v 0.049886 0.024003 0.027666
v 0.049912 0.025632 0.029252
v 0.051594 0.026373 0.027766
v 0.053839 0.024477 0.023648
v 0.054071 0.027663 0.025500
v 0.050935 0.028525 0.030067
v 0.049039 0.027191 0.031480
v 0.053163 0.030814 0.028196
v 0.023656 0.030923 0.040122
v 0.024532 0.029582 0.038840
v 0.021439 0.027784 0.037292
v 0.019746 0.028448 0.038020
v 0.022213 0.032095 0.041187
v 0.017680 0.029088 0.038921
v 0.036752 0.035306 0.041780
v 0.035539 0.031637 0.040470
v 0.025273 0.027665 0.037495
v 0.022906 0.026395 0.036989
v 0.025078 0.027931 0.037608
v 0.022733 0.026709 0.036883
v 0.058227 0.091831 -0.110642
v 0.060554 0.097967 -0.098199
v 0.043895 0.108609 -0.104605
v 0.042957 0.101078 -0.116846
v 0.041574 0.026600 0.035645
v 0.041913 0.027015 0.036099
v 0.044424 0.026179 0.034334
v 0.043906 0.025692 0.034059
v 0.045784 0.024880 0.032309
v 0.046403 0.025376 0.032374
v 0.047718 0.024584 0.030509
v 0.047067 0.024145 0.030589
v 0.047751 0.023630 0.029323
v 0.048322 0.023635 0.028878
v 0.022485 0.027332 0.037216
v 0.024973 0.028375 0.038011
v 0.051461 0.060183 -0.132374
v 0.044689 0.074813 0.023729
v 0.051657 0.071211 0.017127
v 0.049593 0.064365 0.023049
v 0.043030 0.028151 0.036641
v 0.045708 0.027249 0.034479
v 0.047563 0.026185 0.032251
v 0.048671 0.025111 0.030297
v 0.049079 0.024270 0.028954
v 0.070170 -0.013561 -0.037197
v 0.070978 -0.013637 -0.038869
v 0.078548 -0.003272 -0.064335
v 0.076586 0.003587 -0.063726
v 0.075379 0.007050 -0.062732
v 0.077848 0.015178 -0.048771
v 0.082104 0.018183 -0.051548
v 0.081893 -0.022587 -0.058304
v 0.078759 -0.024349 -0.054393
v -0.088020 0.023635 -0.058546
v 0.081945 -0.021622 -0.058901
v 0.088296 0.014508 -0.062663
v 0.088636 0.012833 -0.063992
v 0.089459 0.012672 -0.063854
v 0.040554 -0.032963 -0.105339
v 0.044991 -0.020401 -0.111643
v 0.089070 0.010778 -0.065439
v 0.073251 -0.008913 -0.041290
v 0.079894 -0.004013 -0.064585
v 0.081871 -0.004753 -0.066292
v 0.082261 -0.010007 -0.066658
v 0.081642 -0.009351 -0.065554
v 0.081127 -0.014881 -0.064726
v 0.080635 -0.013818 -0.064023
v 0.083613 -0.018904 -0.061495
v 0.085775 -0.015369 -0.063342
v 0.083276 0.018678 -0.052574
v 0.082412 0.017638 -0.051051
v 0.084011 0.018290 -0.052843
v 0.073971 -0.010145 -0.042741
v 0.075897 0.013712 -0.048561
v 0.075630 0.011123 -0.047562
v 0.075193 0.011524 -0.047992
v 0.069915 -0.005054 -0.047052
v 0.069978 -0.004085 -0.047176
v 0.071147 -0.006549 -0.046488
v 0.073834 -0.008152 -0.045131
v 0.067222 -0.015919 -0.045292
v 0.066450 -0.017337 -0.047623
v 0.067050 -0.018384 -0.046750
v 0.085075 0.025129 -0.057154
v 0.075690 0.010144 -0.047330
v 0.077253 0.011186 -0.047350
v 0.077581 0.012416 -0.047622
v 0.084900 0.017910 -0.053154
v 0.077722 0.013327 -0.047905
v 0.076926 0.013345 -0.047845
v 0.078599 0.014895 -0.048660
v 0.076259 0.013345 -0.048052
v 0.073609 -0.011828 -0.059431
v 0.072185 -0.012051 -0.057456
v 0.072245 0.007561 -0.038324
v 0.073045 0.005107 -0.040430
v 0.077816 -0.024949 -0.052141
v 0.075356 0.014022 -0.059083
v 0.075488 0.016497 -0.060302
v 0.087071 -0.010608 -0.065294
v 0.079997 -0.016007 -0.055334
v 0.077847 -0.016543 -0.053309
v 0.081852 -0.014994 -0.057138
v 0.083480 -0.012466 -0.058738
v 0.070435 0.003902 -0.053002
v 0.083002 0.007757 -0.057173
v 0.083502 0.005555 -0.058567
v 0.081383 0.007801 -0.055594
v 0.076896 0.020066 -0.058570
v 0.076677 0.020019 -0.056198
v 0.077501 0.014348 -0.056492
v 0.075959 0.018438 -0.055573
v 0.069275 -0.012399 -0.045702
v 0.069064 -0.018582 -0.049180
v 0.068066 -0.016467 -0.049966
v 0.070066 -0.018338 -0.050124
v 0.069507 -0.017476 -0.051530
v 0.069977 -0.015834 -0.053304
v 0.070658 -0.013879 -0.054699
v 0.070587 -0.011478 -0.055503
v 0.068868 -0.008210 -0.046623
v 0.077140 0.019464 -0.045454
v 0.068325 -0.010132 -0.046417
v 0.070252 -0.006476 -0.046732
v 0.070432 -0.008297 -0.046255
v 0.070128 -0.010324 -0.045820
v 0.074724 -0.019262 -0.046656
v 0.075532 -0.017620 -0.049217
v 0.073239 -0.018553 -0.046013
v 0.076531 -0.016981 -0.051368
v 0.072072 -0.018226 -0.045565
v 0.075269 0.015352 -0.057453
v 0.075651 0.018452 -0.057602
v 0.070238 -0.009957 -0.035213
v 0.064647 -0.001566 0.012253
v 0.065812 0.008090 0.006757
v 0.025000 -0.051145 0.032318
v 0.023854 -0.054178 0.032626
v 0.057375 -0.013295 0.026333
v 0.052856 -0.016081 0.031757
v 0.023364 -0.044596 0.044093
v 0.022537 -0.044905 0.044245
v 0.021664 -0.044422 0.044582
v 0.022476 -0.044456 0.044195
v 0.020474 -0.044028 0.043084
v 0.021331 -0.044281 0.042400
v 0.021367 -0.044323 0.043204
v 0.020585 -0.043954 0.043948
v 0.028546 -0.030956 0.046019
v 0.032401 -0.027130 0.044976
v 0.034528 -0.031399 0.043700
v 0.030749 -0.034456 0.044930
v 0.023785 -0.045992 0.034988
v 0.023580 -0.044466 0.035425
v 0.022014 -0.044146 0.039281
v 0.022513 -0.044852 0.038882
v 0.023458 -0.048991 0.034971
v 0.022289 -0.046328 0.038659
v 0.025647 -0.046904 0.032385
v 0.024968 -0.044429 0.032831
v 0.031803 -0.051650 0.039367
v 0.028367 -0.048909 0.041142
v 0.029507 -0.045966 0.041904
v 0.032976 -0.047122 0.040203
v 0.024815 -0.019742 0.045703
v 0.028948 -0.023400 0.045681
v 0.025512 -0.027296 0.046585
v 0.021881 -0.023261 0.046496
v 0.018006 -0.018831 0.046497
v 0.020734 -0.015999 0.045432
v 0.015947 -0.011559 0.049391
v 0.016885 -0.015228 0.050619
v 0.016719 -0.016199 0.053979
v 0.016729 -0.013999 0.052713
v 0.014971 -0.020088 0.052351
v 0.017161 -0.017418 0.049268
v 0.011388 -0.021418 0.052891
v -0.011580 -0.019215 0.054629
v -0.010530 -0.017734 0.053508
v -0.011507 -0.016910 0.055253
v -0.012890 -0.018114 0.056350
v 0.011014 -0.020789 0.053701
v 0.014996 -0.020512 0.050931
v -0.004543 -0.018523 0.063025
v -0.005657 -0.016325 0.063233
v -0.004552 -0.017295 0.060802
v -0.004501 -0.019197 0.060428
v 0.015295 -0.021279 0.049404
v 0.011793 -0.021932 0.052069
v 0.010239 -0.019948 0.054515
v 0.012893 -0.019780 0.054585
v -0.007237 -0.015547 0.062708
v -0.008999 -0.016101 0.064408
v -0.010633 -0.016071 0.062736
v -0.008631 -0.015519 0.061154
v -0.004295 -0.015046 0.055998
v -0.005421 -0.016926 0.057185
v -0.003621 -0.015032 0.059562
v -0.011584 -0.014957 0.053555
v -0.009971 -0.016114 0.052239
v -0.009305 -0.012344 0.051456
v -0.010661 -0.011418 0.052526
v 0.014515 -0.017838 0.056192
v 0.004155 -0.019655 0.062893
v 0.005491 -0.018342 0.064957
v 0.009118 0.012670 0.049460
v 0.011776 0.009022 0.046412
v 0.009065 0.009961 0.051655
v 0.011716 0.006731 0.048619
v 0.013581 -0.015803 0.060078
v 0.015098 -0.013767 0.058404
v 0.011359 -0.014646 0.063848
v 0.012320 -0.011846 0.063372
v 0.004734 0.027558 0.049908
v 0.002079 -0.022925 0.058617
v 0.002367 -0.023554 0.058212
v 0.001831 -0.021979 0.060497
v 0.021870 0.093925 -0.135043
v 0.022394 0.106301 -0.123865
v 0.021685 0.119858 -0.100867
v 0.019483 0.124447 -0.088514
v 0.005784 -0.039142 0.059874
v 0.005360 -0.036475 0.059609
v 0.012332 -0.039676 0.046558
v 0.006995 -0.039908 0.047816
v 0.006590 -0.043770 0.050607
v 0.011567 -0.043463 0.049297
v 0.015510 -0.043163 0.047131
v 0.016535 -0.039534 0.044512
v 0.013002 -0.036120 0.045068
v 0.007496 -0.036235 0.046428
v 0.011410 -0.045791 0.052722
v 0.006548 -0.045976 0.054730
v 0.006453 -0.044231 0.057644
v 0.011486 -0.044553 0.055090
v 0.018115 -0.025293 0.048710
v 0.014264 -0.024932 0.050952
v 0.010132 -0.025077 0.054108
v 0.006781 -0.025362 0.056514
v 0.006030 -0.023478 0.056546
v 0.008668 -0.022750 0.054491
v 0.005634 -0.022742 0.056730
v 0.008284 -0.022108 0.054916
v 0.008014 -0.021438 0.055313
v 0.008498 -0.020179 0.055599
v 0.006522 -0.020381 0.056735
v 0.007052 -0.019184 0.056410
v 0.005461 -0.021951 0.056876
v 0.004403 0.004432 0.064119
v 0.004228 0.008140 0.061446
v 0.009867 -0.034834 0.057853
v 0.005025 -0.034372 0.059050
v 0.004482 -0.030507 0.058332
v 0.008860 -0.030458 0.057184
v 0.013379 -0.031051 0.054935
v 0.014755 -0.036367 0.055440
v 0.002762 -0.024196 0.057954
v 0.010124 -0.037052 0.058105
v 0.010344 -0.039615 0.057987
v 0.015078 -0.038716 0.055504
v 0.015200 -0.041009 0.055165
v 0.019317 -0.038440 0.052341
v 0.018538 -0.032641 0.052157
v 0.023953 -0.034281 0.048903
v 0.022899 -0.040598 0.048961
v 0.029721 -0.043150 0.043194
v 0.024700 -0.044830 0.043729
v 0.025061 -0.043912 0.044407
v 0.024960 -0.042968 0.045454
v 0.029249 -0.040319 0.044768
v 0.033103 -0.042756 0.041591
v 0.032436 -0.038426 0.043250
v 0.027599 -0.037399 0.046613
v 0.024463 -0.041916 0.046828
v 0.023699 -0.044181 0.044701
v 0.022679 -0.044349 0.044575
v 0.023664 -0.043752 0.045631
v 0.022591 -0.044263 0.045392
v 0.023230 -0.043366 0.046775
v 0.022300 -0.044263 0.046346
v 0.021574 -0.044137 0.047741
v 0.022288 -0.042679 0.048486
v 0.020856 -0.044420 0.043290
v 0.020128 -0.044784 0.044475
v 0.020175 -0.045084 0.045847
v 0.020814 -0.044644 0.044646
v 0.021345 -0.044320 0.042612
v 0.021173 -0.044395 0.043934
v 0.021456 -0.043566 0.040500
v 0.020254 -0.043099 0.042466
v -0.048235 -0.084949 -0.023442
v -0.055732 -0.082202 -0.036885
v 0.021908 -0.044512 0.041699
v 0.021745 -0.044321 0.042863
v 0.021679 -0.044337 0.044268
v 0.021716 -0.044455 0.044774
v 0.021405 -0.044632 0.045596
v 0.020780 -0.044953 0.046760
v 0.015129 -0.043067 0.054231
v 0.018550 -0.042531 0.051802
v 0.018178 -0.044177 0.050560
v 0.014983 -0.045026 0.052307
v 0.017766 -0.045127 0.049064
v 0.017342 -0.036078 0.043255
v 0.014705 -0.045507 0.050441
v 0.019703 -0.040061 0.041849
v 0.020700 -0.037429 0.039727
v 0.018339 -0.043056 0.044479
v 0.023124 -0.042954 0.036572
v 0.021565 -0.041445 0.039293
v 0.024524 -0.042545 0.034057
v 0.022723 -0.039546 0.037246
v 0.017678 -0.045248 0.047131
v 0.019041 -0.040668 0.052289
v 0.010785 -0.042111 0.056970
v 0.006010 -0.041612 0.059038
v -0.034251 0.004349 0.036139
v -0.033558 0.001663 0.037538
v -0.029341 0.002798 0.038430
v -0.030255 0.005195 0.037247
v 0.005181 -0.003709 0.070114
v 0.004833 0.000670 0.066995
v 0.021001 -0.044088 0.044679
v 0.010436 -0.125417 -0.003361
v -0.074662 -0.007983 -0.045374
v -0.074157 -0.007224 -0.044099
v -0.082364 0.014371 -0.068128
v 0.023836 -0.045642 0.043626
v 0.022585 -0.051154 0.034825
v 0.021460 -0.047287 0.038781
v 0.028912 -0.055923 0.039489
v 0.024534 -0.059859 0.041660
v 0.022413 -0.055280 0.043873
v 0.026066 -0.052004 0.041515
v 0.019816 -0.048290 0.046597
v 0.022289 -0.046795 0.044587
v -0.088025 0.016959 -0.062502
v 0.021195 -0.045389 0.045499
v 0.018935 -0.046022 0.047536
v 0.018176 -0.044362 0.048124
v 0.020382 -0.044315 0.045847
v 0.016666 -0.043172 0.046631
v 0.012599 -0.042500 0.049188
v 0.012171 -0.046738 0.044091
v 0.016590 -0.047175 0.042035
v 0.019922 -0.047368 0.039904
v 0.019718 -0.043701 0.043907
v -0.082194 0.021389 -0.062398
v -0.080897 0.023679 -0.057619
v -0.079747 0.022171 -0.056485
v -0.080887 0.019578 -0.060668
v 0.017220 -0.042657 0.047676
v 0.019865 -0.043445 0.044858
v 0.012892 -0.041972 0.050494
v 0.021204 -0.121658 -0.008587
v 0.020031 -0.043567 0.045699
v 0.017504 -0.042957 0.048042
v 0.013464 -0.042609 0.051229
v 0.014282 -0.044527 0.051594
v 0.015063 -0.046868 0.051562
v 0.015745 -0.049889 0.050451
v 0.017839 -0.057929 0.047071
v 0.018842 -0.063527 0.045283
v 0.012082 -0.059689 0.049852
v 0.012670 -0.065523 0.048742
v 0.011030 -0.051128 0.054036
v 0.010639 -0.047357 0.055450
v 0.010047 -0.044580 0.055178
v 0.009476 -0.042460 0.054192
v 0.003376 -0.025746 0.057754
v 0.005208 -0.020382 0.057928
v 0.004188 -0.020290 0.060332
v 0.007558 -0.016716 0.065892
v 0.001751 -0.021187 0.062796
v 0.009937 -0.014760 0.065493
v 0.008471 -0.015512 0.066987
v 0.009101 -0.013624 0.067850
v 0.010149 -0.012901 0.066577
v 0.007079 -0.016262 0.068317
v 0.008319 -0.013880 0.068981
v 0.003248 -0.017612 0.070247
v 0.004263 -0.013904 0.072492
v 0.005145 -0.007703 0.072133
v 0.004648 -0.011428 0.072874
v 0.009489 -0.011865 0.068452
v 0.010470 -0.009766 0.067052
v -0.090235 0.017636 -0.063779
v 0.010700 -0.006792 0.064545
v 0.012642 -0.009134 0.060850
v 0.010390 0.130352 -0.044778
v 0.008898 -0.041671 0.053114
v 0.008486 -0.042383 0.050859
v -0.073414 -0.020700 -0.045443
v -0.081786 0.005855 -0.058457
v 0.012138 -0.057699 0.037004
v 0.012114 -0.053140 0.039543
v 0.008018 -0.053265 0.040707
v -0.080338 0.024089 -0.054960
v -0.083790 0.025590 -0.055769
v 0.008102 -0.058167 0.038225
v 0.004572 -0.042446 0.051553
v -0.088331 -0.005506 -0.068083
v -0.090501 0.016133 -0.065891
v -0.088714 0.014715 -0.064742
v -0.081388 0.016228 -0.049377
v -0.075930 -0.011834 -0.062484
v -0.082474 -0.011604 -0.060151
v -0.080968 -0.014108 -0.058535
v -0.075244 -0.013662 -0.061339
v -0.070413 0.001530 -0.056625
v 0.004332 -0.046816 0.046074
v 0.008148 -0.046599 0.045305
v 0.004746 -0.041531 0.054176
v 0.005160 -0.042423 0.055635
v 0.005649 -0.044579 0.057019
v 0.004193 -0.053642 0.041229
v 0.004366 -0.058469 0.038864
v -0.070293 -0.016370 -0.037180
v 0.020844 -0.052495 0.035835
v -0.078022 -0.027150 -0.052438
v -0.079119 -0.025956 -0.054791
v -0.031521 -0.033690 -0.115275
v -0.034873 -0.022634 -0.121865
v -0.089588 -0.005627 -0.070890
v 0.021735 -0.056286 0.033594
v 0.016719 -0.053173 0.037899
v 0.017107 -0.057320 0.035590
v 0.006986 -0.065830 0.051657
v 0.006585 -0.060553 0.052245
v 0.005820 -0.048034 0.057366
v 0.005955 -0.052299 0.055809
v 0.022421 0.114340 -0.113069
v 0.062828 0.077315 -0.006312
v 0.061355 0.070399 0.001689
v -0.082482 0.017979 -0.056594
v 0.054356 0.078075 0.008735
v 0.056273 0.083506 0.001277
v 0.063592 0.085058 -0.014577
v 0.056912 0.090144 -0.006583
v 0.040106 0.121905 -0.064145
v 0.040700 0.121481 -0.049848
v 0.021595 0.127686 -0.045992
v 0.034933 0.121841 -0.078169
v 0.047231 0.113210 -0.087377
v 0.049559 0.116195 -0.067971
v 0.049580 0.116347 -0.052637
v -0.074921 -0.021253 -0.046805
v -0.074012 -0.027215 -0.046155
v -0.072754 -0.026679 -0.044109
v -0.077123 0.008827 -0.055090
v 0.024251 -0.086555 -0.104937
v 0.052272 0.042723 -0.131412
v 0.048257 0.115469 -0.038800
v 0.040040 0.119835 -0.036029
v 0.039505 0.116867 -0.023602
v 0.046939 0.113322 -0.027051
v 0.021443 0.125526 -0.031513
v 0.010351 0.127871 -0.029676
v 0.018039 0.005862 -0.143748
v 0.004209 0.011645 0.058828
v 0.045860 -0.049039 -0.088318
v 0.055177 -0.049220 -0.070593
v 0.057282 -0.100538 -0.048208
v 0.067541 -0.026557 -0.052140
v 0.067127 -0.026074 -0.053087
v 0.058875 -0.064060 -0.052317
v 0.059571 -0.050225 -0.053389
v 0.036645 -0.048037 -0.100197
v 0.077171 -0.015166 -0.062901
v 0.078061 -0.011489 -0.064156
v 0.078520 -0.016128 -0.062616
v 0.079584 -0.012185 -0.063961
v 0.079980 -0.008144 -0.064536
v 0.079269 -0.018050 -0.061933
v 0.077373 0.020215 -0.053381
v 0.078517 0.021800 -0.052595
v -0.076715 -0.017507 -0.063353
v -0.077111 -0.015329 -0.064246
v 0.067402 -0.028645 -0.047945
v 0.067163 -0.027859 -0.049604
v -0.061469 -0.005672 -0.052438
v 0.066751 -0.028269 -0.048662
v 0.066510 -0.028864 -0.047427
v 0.067170 -0.029679 -0.046431
v 0.066490 -0.029520 -0.046304
v 0.077743 0.035872 -0.046835
v 0.065108 -0.028755 -0.049672
v 0.066511 -0.026390 -0.052351
v 0.066741 -0.027324 -0.050898
v 0.065836 -0.028138 -0.049561
v 0.065759 -0.029352 -0.047518
v 0.065804 -0.030310 -0.045822
v 0.066805 -0.030935 -0.045329
v -0.078358 -0.023112 -0.060962
v -0.074477 -0.028511 -0.055431
v -0.060142 -0.078832 -0.050137
v -0.058098 -0.075991 -0.064798
v -0.058890 -0.087369 -0.062837
v -0.059399 -0.091231 -0.048540
v -0.072254 -0.002437 -0.038152
v -0.072393 -0.009661 -0.040877
v -0.071595 -0.010735 -0.039011
v 0.079670 -0.019231 -0.062336
v 0.072255 -0.030070 -0.050730
v -0.024538 -0.104326 -0.002226
v -0.021622 -0.115605 -0.005932
v 0.077546 0.012402 -0.059339
v 0.077469 0.010817 -0.060656
v 0.079945 0.012395 -0.062220
v 0.079964 0.014541 -0.060878
v 0.057456 -0.010547 -0.103393
v 0.059941 0.000362 -0.108850
v 0.011348 -0.085050 -0.109729
v 0.011587 -0.070862 -0.109559
v 0.075063 0.032848 -0.094369
v 0.077688 0.014022 -0.057758
v 0.080112 0.016204 -0.059428
v 0.078682 -0.007421 -0.064508
v 0.077203 0.013149 -0.057499
v 0.076959 0.011581 -0.059038
v 0.081211 0.017809 -0.060980
v 0.081299 0.015633 -0.062617
v 0.081170 0.013309 -0.063960
v 0.076690 0.009928 -0.060626
v -0.070785 -0.015823 -0.032924
v -0.070694 -0.016285 -0.022737
v -0.071982 -0.000545 -0.022756
v -0.071741 -0.006162 -0.032475
v 0.076383 0.018658 -0.060426
v 0.080319 0.063622 -0.071052
v 0.079306 0.057624 -0.085069
v 0.076820 0.080569 -0.074670
v 0.075983 0.075452 -0.089976
v 0.071164 0.069321 -0.105851
v 0.074290 0.050507 -0.100970
v 0.076769 0.019791 -0.054845
v 0.079268 0.022717 -0.053031
v 0.064134 0.091444 -0.022507
v 0.069131 0.086290 -0.029827
v 0.057156 0.095925 -0.013848
v 0.056979 0.101068 -0.020690
v 0.063476 0.097461 -0.029619
v 0.070532 0.090415 -0.041775
v 0.079490 0.054340 -0.055964
v 0.078647 0.069180 -0.056900
v 0.075631 0.073422 -0.043306
v -0.059384 0.030686 0.014261
v -0.061090 0.031715 0.009623
v -0.061814 0.022212 0.009288
v -0.059677 0.023218 0.013348
v 0.074992 0.085728 -0.059040
v 0.066473 0.099555 -0.048257
v 0.070097 0.095806 -0.062888
v 0.059347 0.107994 -0.052245
v 0.061386 0.105850 -0.066932
v 0.061221 0.103175 -0.082980
v 0.071740 0.091710 -0.078071
v 0.061563 0.102842 -0.035903
v 0.055392 0.105761 -0.026208
v 0.056403 0.109115 -0.039516
v 0.053152 0.109751 -0.030822
v 0.073714 0.075339 -0.036019
v 0.062938 -0.034896 -0.045198
v 0.064319 -0.035153 -0.040143
v -0.019350 0.089045 0.031681
v -0.009268 0.089889 0.033979
v -0.009428 0.097469 0.027878
v -0.019771 0.096312 0.025233
v 0.068386 -0.024267 -0.033178
v -0.036739 -0.014512 -0.126347
v -0.038517 -0.004051 -0.131192
v -0.019090 -0.006919 -0.138177
v -0.018090 -0.016599 -0.132892
v 0.068361 0.001168 0.000050
v 0.068337 0.013862 -0.002442
v 0.071337 0.005845 -0.012648
v 0.069760 -0.007818 -0.009363
v -0.020284 0.113500 0.002689
v -0.009740 0.115186 0.005387
v -0.009936 0.120154 -0.004724
v -0.020657 0.118184 -0.007070
v -0.053044 0.002528 0.026779
v -0.055297 -0.003445 0.026901
v -0.051461 -0.004184 0.030794
v -0.049606 0.001890 0.029840
v 0.066873 0.027536 -0.004030
v 0.070607 0.019988 -0.014127
v 0.070856 0.034073 -0.016108
v 0.067138 0.041768 -0.004517
v 0.062073 0.063740 -0.120848
v 0.064163 0.046903 -0.118755
v -0.073819 -0.031867 -0.043214
v -0.072776 -0.030994 -0.041914
v 0.064457 0.034114 -0.116754
v 0.047932 0.057854 0.027165
v -0.010182 0.124387 -0.016537
v -0.021154 0.122216 -0.018471
v 0.021450 0.084816 -0.141125
v 0.046775 0.082582 0.016125
v 0.054622 0.084291 -0.121491
v -0.001347 -0.070561 -0.111305
v 0.041421 0.090227 -0.128121
v 0.070807 0.086706 -0.093168
v 0.067418 0.081322 -0.106687
v 0.059244 0.074810 -0.121486
v 0.063126 0.017935 -0.114416
v 0.047535 0.109541 -0.019376
v 0.056147 0.024510 0.020631
v 0.055414 0.020044 0.019594
v 0.056175 0.029054 0.022318
v 0.053656 0.015212 0.020889
v 0.015220 0.005753 0.044088
v 0.014760 0.003706 0.046028
v 0.014188 0.001398 0.047894
v 0.018256 0.000871 0.043857
v 0.017417 -0.002146 0.045575
v 0.011210 0.001195 0.052882
v 0.011515 0.004070 0.050720
v 0.013719 -0.001581 0.049660
v 0.013143 -0.004954 0.051102
v 0.010993 -0.002013 0.054994
v 0.017163 -0.017420 0.047015
v 0.018130 -0.012551 0.045787
v 0.015674 -0.008442 0.047699
v 0.021177 -0.004997 0.044313
v 0.019848 -0.008421 0.045326
v 0.016534 -0.004980 0.046818
v 0.022549 -0.001634 0.042595
v 0.013931 -0.008488 0.053459
v 0.015308 -0.011680 0.056396
v 0.011680 -0.005659 0.057803
v 0.010119 -0.003400 0.061302
v 0.009391 0.000418 0.058473
v 0.018949 0.003125 0.042116
v 0.023526 0.001074 0.041115
v 0.023502 -0.011818 0.045146
v 0.028121 -0.015082 0.045268
v 0.025602 -0.007361 0.043830
v 0.030263 -0.010097 0.043802
v 0.027044 -0.003705 0.042089
v 0.031693 -0.006127 0.041883
v 0.032343 -0.018688 0.045072
v 0.035888 -0.022686 0.044174
v 0.039007 -0.027640 0.042331
v 0.039096 -0.017609 0.042454
v 0.042743 -0.022978 0.040501
v 0.041225 -0.012486 0.040462
v 0.045650 -0.017401 0.038411
v -0.011770 0.011431 0.043268
v -0.012234 0.013411 0.040542
v -0.015917 0.010049 0.039334
v -0.015473 0.007954 0.041522
v -0.007085 0.060853 0.045751
v -0.008046 0.069317 0.043257
v -0.016994 0.069235 0.041683
v -0.015441 0.060783 0.044623
v 0.035035 -0.013535 0.043448
v 0.036781 -0.009114 0.041392
v 0.032957 -0.002164 0.040086
v 0.028346 -0.000361 0.040508
v 0.042351 -0.001002 0.036588
v 0.042285 -0.006723 0.038524
v 0.037687 -0.004292 0.039435
v 0.038178 0.000434 0.037623
v 0.047387 -0.010499 0.036362
v 0.047042 -0.002728 0.034905
v 0.045940 0.002378 0.033216
v 0.031930 0.008751 0.036707
v 0.026923 0.009360 0.037352
v 0.035550 0.008545 0.035671
v 0.041857 0.003132 0.034904
v 0.038400 0.003817 0.036220
v 0.049420 0.010114 0.026577
v 0.047285 0.009190 0.028849
v 0.041705 0.008516 0.032925
v 0.038882 0.008459 0.034424
v 0.044588 0.008810 0.031082
v 0.022287 0.011001 0.037348
v 0.017778 0.013275 0.037225
v 0.054558 -0.062309 -0.067618
v 0.009163 0.003873 0.056280
v 0.009050 0.007028 0.054041
v 0.014614 0.029540 0.040700
v 0.012792 0.026992 0.039285
v 0.007656 0.027211 0.047003
v 0.018838 0.032811 0.043150
v 0.014025 0.015941 0.037237
v -0.020521 0.007379 0.038359
v -0.019714 0.005355 0.039768
v 0.012422 0.018238 0.037191
v 0.011453 0.021334 0.037553
v 0.011509 0.024070 0.038317
v -0.009511 0.104024 0.021087
v -0.020002 0.102719 0.018264
v -0.020745 0.127889 -0.068743
v -0.021199 0.128244 -0.060239
v -0.009945 0.130949 -0.060691
v -0.011023 0.129903 -0.073278
v 0.030452 0.046550 0.044896
v 0.027466 0.039793 0.046446
v 0.058025 0.063690 0.010927
v 0.061706 0.054907 0.007027
v 0.050160 0.042942 0.030036
v 0.053264 0.038874 0.027033
v 0.055353 0.034004 0.024363
v 0.063375 0.043207 0.004298
v 0.063825 0.030893 0.003561
v 0.065000 0.019183 0.004343
v -0.069502 -0.000767 -0.091964
v -0.072775 -0.001984 -0.076808
v -0.075600 0.010074 -0.078354
v -0.073503 0.015750 -0.094780
v 0.048648 0.094507 0.001736
v -0.035406 -0.097009 -0.011502
v -0.033077 -0.108633 -0.014370
v -0.001377 -0.084316 -0.111066
v 0.048582 0.100072 -0.005229
v 0.048166 0.088496 0.008977
v 0.039253 0.113015 -0.014050
v 0.039290 0.108658 -0.005575
v 0.048224 0.105078 -0.012220
v 0.039740 0.103631 0.001823
v 0.040060 0.098074 0.008720
v 0.039601 0.092143 0.015994
v 0.038569 0.085830 0.022953
v 0.037007 0.077049 0.029845
v 0.044496 -0.061387 -0.085348
v 0.007662 -0.008230 0.054046
v 0.006922 -0.008021 0.054576
v -0.052389 0.052489 0.022028
v -0.054542 0.058400 0.017759
v -0.057801 0.051175 0.013939
v -0.055487 0.046339 0.018611
v 0.006515 -0.008877 0.053498
v 0.005861 -0.008576 0.054032
v 0.005345 -0.010424 0.053716
v 0.006857 -0.017351 0.055737
v 0.005617 -0.015435 0.054769
v 0.004904 -0.012111 0.053563
v 0.066635 -0.030710 -0.034924
v -0.005593 0.047476 0.049381
v -0.012927 0.047211 0.048793
v -0.011066 0.040937 0.049104
v -0.004883 0.041062 0.049855
v -0.059482 0.015901 0.013666
v -0.062231 0.013126 0.010745
v -0.061387 0.005062 0.015421
v -0.058337 0.008916 0.017341
v -0.055518 0.003993 0.023464
v -0.058049 -0.001647 0.023056
v -0.018351 0.079115 0.037724
v -0.008725 0.079631 0.039592
v -0.059883 0.041881 0.010970
v -0.057832 0.038769 0.015963
v -0.009014 0.014703 0.045961
v -0.009757 0.016186 0.042381
v -0.007033 0.021334 0.045451
v -0.003645 0.020572 0.051102
v -0.003299 0.024483 0.049786
v -0.006660 0.024281 0.046144
v -0.033108 0.060188 0.037565
v -0.034867 0.068054 0.034089
v -0.042443 0.066747 0.028596
v -0.040672 0.059344 0.032303
v -0.020149 0.108331 0.010951
v -0.009604 0.109815 0.013769
v -0.003790 0.033322 0.049075
v -0.008179 0.033174 0.047341
v -0.007005 0.029997 0.046558
v -0.003663 0.030205 0.048899
v -0.024504 0.003866 0.039179
v -0.025430 0.006073 0.038066
v -0.066257 -0.031149 -0.045809
v -0.067234 -0.032192 -0.045639
v -0.073135 0.015007 -0.035057
v -0.072121 0.004389 -0.033418
v -0.072140 0.012829 -0.023615
v -0.072429 0.025544 -0.025649
v -0.074657 0.037353 -0.029031
v -0.075987 0.045997 -0.034236
v -0.076710 0.030392 -0.041437
v -0.075082 0.024002 -0.037224
v -0.052900 -0.084699 -0.075212
v -0.050414 -0.074505 -0.078537
v -0.003358 0.017381 0.053672
v -0.003259 0.014390 0.056119
v -0.020990 0.035116 -0.149975
v -0.020553 0.021509 -0.147992
v -0.040757 0.025540 -0.139585
v -0.040971 0.038509 -0.141150
v -0.066390 -0.011429 -0.087940
v -0.070252 -0.010872 -0.074033
v -0.010091 -0.013298 0.057220
v -0.007001 -0.009065 0.052535
v -0.007068 -0.012704 0.051453
v -0.006760 -0.010201 0.052564
v -0.010205 -0.015803 0.058917
v -0.012268 -0.016556 0.060200
v -0.007972 -0.016154 0.052215
v -0.007321 -0.015970 0.052594
v -0.006535 -0.012405 0.051672
v -0.008243 -0.008548 0.053223
v -0.001541 -0.020267 0.065502
v -0.002004 -0.018728 0.068527
v -0.005888 -0.017328 0.067248
v -0.004457 -0.018811 0.065082
v -0.004798 -0.009943 0.053896
v -0.003908 -0.011967 0.054472
v -0.004933 -0.013810 0.061677
v -0.006564 -0.009966 0.057822
v -0.007006 -0.007979 0.055072
v -0.006522 -0.013048 0.060909
v -0.005726 -0.019136 0.057779
v -0.008235 -0.012900 0.059271
v -0.078058 -0.017953 -0.053020
v -0.058007 -0.065179 -0.032098
v -0.062353 -0.050408 -0.039561
v -0.061135 -0.050655 -0.044992
v -0.058695 -0.066204 -0.040934
v -0.079673 0.008075 -0.056532
v -0.066457 0.057774 -0.004563
v -0.068025 0.069764 -0.013808
v -0.073297 0.057918 -0.025406
v -0.072682 0.047079 -0.020230
v -0.068518 0.079552 -0.022036
v -0.073801 0.068846 -0.032736
v -0.077097 0.056634 -0.042377
v -0.079089 0.036300 -0.056105
v -0.041549 0.017205 0.031760
v -0.041769 0.016878 0.031674
v -0.040289 0.016429 0.032811
v -0.040140 0.016811 0.032936
v -0.041235 0.017454 0.031543
v -0.039971 0.017037 0.032500
v -0.042266 0.017927 0.030708
v -0.042611 0.017623 0.030936
v -0.042766 0.017271 0.030842
v -0.024975 0.017746 0.035309
v -0.025336 0.017948 0.034543
v -0.027753 0.017314 0.035443
v -0.027631 0.017083 0.036265
v -0.024873 0.017354 0.035630
v -0.027930 0.016568 0.036375
v -0.023857 0.019584 0.029184
v -0.023630 0.020203 0.029212
v -0.024861 0.018672 0.029454
v -0.022657 0.020230 0.031973
v -0.022453 0.021207 0.032055
v -0.023164 0.021806 0.029306
v -0.023386 0.020734 0.029199
v -0.022943 0.019644 0.032144
v -0.021432 0.019336 0.032815
v -0.021000 0.019856 0.032640
v -0.020997 0.020713 0.032798
v -0.032518 0.015478 0.036328
v -0.032869 0.014847 0.036029
v -0.028450 0.015334 0.036310
v -0.028262 0.015961 0.036406
v -0.032189 0.016049 0.036444
v -0.035441 0.016026 0.035681
v -0.035784 0.015490 0.035418
v -0.036089 0.014903 0.035018
v -0.025053 0.016255 0.035811
v -0.024971 0.016847 0.035768
v -0.036360 0.014237 0.034582
v -0.033140 0.014123 0.035600
v -0.028613 0.014558 0.036068
v -0.024949 0.015696 0.035857
v -0.021743 0.017167 0.035232
v -0.022344 0.017461 0.035167
v -0.033364 0.013346 0.035273
v -0.033231 0.012533 0.035190
v -0.028492 0.012916 0.035904
v -0.028637 0.013720 0.035876
v -0.036530 0.013469 0.034188
v -0.036452 0.012611 0.034064
v -0.044434 0.017569 0.029169
v -0.044989 0.018086 0.028537
v -0.045116 0.017380 0.028353
v -0.044815 0.016898 0.028694
v -0.047515 0.014462 0.025142
v -0.048432 0.015829 0.024384
v -0.050388 0.014783 0.022784
v -0.049151 0.013308 0.024022
v -0.057332 0.005922 0.020285
v -0.051095 0.011029 0.023275
v -0.052406 0.012632 0.021286
v -0.043770 0.017113 0.029869
v -0.042961 0.016775 0.030647
v -0.043593 0.017676 0.030065
v -0.044243 0.018142 0.029410
v -0.044207 0.016502 0.029390
v -0.043311 0.016147 0.030315
v -0.041989 0.016404 0.031489
v -0.042284 0.015765 0.031211
v -0.040759 0.015321 0.032365
v -0.040506 0.015922 0.032601
v -0.038338 0.015624 0.033983
v -0.038112 0.016134 0.034240
v -0.038647 0.015026 0.033642
v -0.041049 0.014641 0.032115
v -0.039003 0.014367 0.033305
v -0.042691 0.015071 0.030793
v -0.043783 0.015489 0.029762
v -0.044623 0.015919 0.028805
v -0.045274 0.016354 0.028076
v -0.045680 0.017017 0.027613
v -0.045132 0.015195 0.027982
v -0.045657 0.014483 0.027172
v -0.044452 0.013946 0.028458
v -0.044190 0.014743 0.029082
v -0.045940 0.015749 0.027118
v -0.046616 0.015136 0.026147
v -0.042979 0.014375 0.030338
v -0.043120 0.013603 0.029825
v -0.041286 0.013186 0.031377
v -0.041228 0.014028 0.031846
v -0.039299 0.013673 0.032981
v -0.039361 0.012836 0.032605
v -0.032011 0.016509 0.036408
v -0.031832 0.016823 0.035759
v -0.035040 0.016784 0.035156
v -0.035280 0.016444 0.035779
v -0.037922 0.016541 0.034328
v -0.037817 0.016859 0.033817
v -0.035065 0.015822 0.032821
v -0.034061 0.016781 0.028924
v -0.036962 0.016797 0.028165
v -0.038341 0.016021 0.031723
v -0.031302 0.015706 0.033283
v -0.030731 0.017128 0.029490
v -0.027665 0.016308 0.033415
v -0.027468 0.017848 0.029592
v -0.025183 0.017889 0.033135
v -0.033616 0.027691 0.036448
v -0.033798 0.028092 0.036815
v -0.038375 0.027415 0.036106
v -0.038005 0.026927 0.035688
v -0.051582 -0.000925 -0.121269
v -0.052851 0.014048 -0.126879
v -0.040210 0.009653 -0.136094
v -0.041047 0.024703 0.034572
v -0.041033 0.025459 0.034396
v -0.043284 0.024514 0.032796
v -0.043130 0.023784 0.032943
v -0.041000 0.023892 0.034602
v -0.042957 0.023029 0.032787
v -0.038018 0.024837 0.036214
v -0.038040 0.025645 0.036164
v -0.037990 0.026323 0.035797
v -0.043544 0.022807 0.027796
v -0.042548 0.024245 0.028588
v -0.042320 0.022444 0.031214
v -0.043181 0.021689 0.030041
v -0.044063 0.022147 0.027099
v -0.043723 0.021111 0.029120
v -0.043357 0.022893 0.023663
v -0.042525 0.023618 0.024316
v -0.041283 0.024496 0.025279
v -0.043825 0.022190 0.023294
v -0.044099 0.021449 0.023161
v -0.044028 0.020633 0.023108
v -0.043745 0.019856 0.023423
v -0.060326 -0.009923 0.020496
v -0.060035 0.001068 0.019311
v -0.062634 -0.006739 0.016177
v -0.043348 0.018092 0.030189
v -0.043992 0.018599 0.029505
v -0.042910 0.018429 0.030040
v -0.043325 0.018835 0.029513
v -0.044458 0.019127 0.028793
v -0.044866 0.018675 0.028672
v -0.041747 0.016793 0.029517
v -0.041167 0.017504 0.026370
v -0.042303 0.018020 0.025468
v -0.042679 0.017714 0.028352
v -0.040566 0.016219 0.030505
v -0.039388 0.017045 0.027294
v -0.042893 0.018574 0.024695
v -0.043395 0.019215 0.023946
v -0.043258 0.018273 0.027726
v -0.043722 0.018850 0.026943
v -0.043732 0.019318 0.028906
v -0.044305 0.020215 0.026263
v -0.044386 0.020790 0.026359
v -0.044037 0.019727 0.028264
v -0.044354 0.020194 0.027676
v -0.044096 0.019609 0.026396
v -0.044317 0.021474 0.026619
v -0.044101 0.020619 0.028251
v -0.045367 0.018113 0.028036
v -0.045268 0.019121 0.028023
v -0.046024 0.019972 0.027233
v -0.045918 0.017967 0.027313
v -0.046841 0.017864 0.026296
v -0.046477 0.016564 0.026539
v -0.047147 0.020367 0.026517
v -0.048298 0.020875 0.025747
v -0.047893 0.017843 0.025269
v -0.047296 0.016272 0.025568
v -0.044818 0.019541 0.028178
v -0.045104 0.020005 0.027749
v -0.046522 0.021417 0.027804
v -0.047247 0.022145 0.027476
v -0.045533 0.020839 0.028245
v -0.044950 0.021480 0.029562
v -0.045751 0.022200 0.029476
v -0.046224 0.022955 0.029355
v -0.044679 0.022912 0.031168
v -0.045026 0.023656 0.031056
v -0.044119 0.022215 0.031061
v -0.044694 0.020609 0.028508
v -0.044215 0.021127 0.029459
v -0.043499 0.021728 0.030668
v -0.042579 0.022373 0.032066
v -0.040888 0.023331 0.034043
v -0.040679 0.023412 0.033145
v -0.037962 0.024153 0.035740
v -0.037924 0.024180 0.034928
v -0.034217 0.028891 0.037827
v -0.039425 0.028460 0.036977
v -0.037926 0.026254 0.031797
v -0.036191 0.025904 0.028407
v -0.033639 0.026155 0.029787
v -0.034473 0.026703 0.033585
v -0.022652 0.021728 0.032300
v -0.023060 0.022725 0.032883
v -0.023641 0.023695 0.029941
v -0.023100 0.022577 0.029430
v -0.021758 0.021214 0.033272
v -0.022873 0.022165 0.033971
v -0.026583 0.025648 0.034569
v -0.027271 0.025518 0.030699
v -0.024641 0.025026 0.030456
v -0.024259 0.024336 0.033836
v -0.027424 0.024136 0.035905
v -0.024675 0.023117 0.034933
v -0.034340 0.024760 0.036052
v -0.022179 0.070977 -0.147143
v -0.021795 0.055312 -0.150193
v -0.041220 0.057182 -0.141368
v -0.041157 0.070804 -0.138926
v -0.041002 0.025514 0.029954
v -0.039061 0.025349 0.026867
v -0.051171 0.072007 -0.131307
v -0.050292 0.080692 -0.128477
v -0.041500 0.082498 -0.133885
v -0.037452 -0.062253 -0.097217
v -0.027313 -0.072713 -0.103786
v -0.020993 0.020968 0.034411
v -0.022421 0.021894 0.034995
v -0.020024 0.020351 0.033969
v -0.018910 0.020248 0.034278
v -0.019821 0.021166 0.034587
v -0.021317 0.022357 0.035209
v -0.024260 0.023039 0.035773
v -0.023386 0.023625 0.036133
v -0.026532 0.024934 0.037110
v -0.027176 0.024235 0.036745
v -0.034114 0.024649 0.036954
v -0.033857 0.025383 0.037177
v -0.025907 0.025739 0.036907
v -0.022730 0.024436 0.035862
v -0.025391 0.026564 0.036425
v -0.022442 0.025425 0.035450
v -0.033576 0.027076 0.036704
v -0.033679 0.026229 0.037078
v -0.022325 0.017915 0.034994
v -0.019545 0.018635 0.034555
v -0.022620 0.018343 0.034512
v -0.020493 0.019035 0.034123
v -0.023503 0.018585 0.033638
v -0.019771 0.019503 0.033955
v -0.018731 0.019241 0.034324
v -0.023496 0.018887 0.032407
v -0.018814 0.021554 0.034231
v -0.017821 0.020238 0.034198
v -0.017562 0.022007 0.033846
v -0.016593 0.020284 0.034003
v -0.019602 0.024066 0.034336
v -0.020427 0.023094 0.034790
v -0.017646 0.018981 0.034357
v -0.018349 0.018333 0.034611
v -0.016555 0.018831 0.034254
v -0.017343 0.018034 0.034503
v -0.024709 0.015095 0.035893
v -0.024386 0.014393 0.035943
v -0.021055 0.016645 0.035343
v -0.020387 0.016091 0.035341
v -0.032911 0.011494 0.035104
v -0.036163 0.011674 0.034024
v -0.032389 0.010256 0.035172
v -0.035788 0.010228 0.034034
v -0.027503 0.010806 0.036039
v -0.028084 0.011962 0.035903
v -0.033098 -0.116405 -0.015485
v -0.046332 0.013600 0.026470
v -0.047608 0.012126 0.025829
v -0.045940 0.011366 0.027555
v -0.044936 0.013074 0.027901
v -0.043384 0.012622 0.029359
v -0.043874 0.010808 0.029377
v -0.041474 0.010544 0.031076
v -0.041419 0.012191 0.031001
v -0.039214 0.011921 0.032449
v -0.038963 0.010385 0.032532
v -0.049369 0.017509 0.023884
v -0.050478 0.020912 0.023725
v -0.051303 0.016734 0.022164
v -0.052805 0.020564 0.021547
v -0.015992 0.022798 0.034182
v -0.015195 0.020620 0.033925
v -0.013860 0.023573 0.035412
v -0.013453 0.021124 0.034893
v -0.015305 0.026418 0.036597
v -0.017515 0.025617 0.035141
v -0.015537 0.018747 0.034107
v -0.016300 0.017636 0.034316
v -0.014121 0.018580 0.034589
v -0.015245 0.017081 0.034736
v -0.023787 0.013451 0.035902
v -0.023112 0.012351 0.036014
v -0.019601 0.015361 0.035254
v -0.018623 0.014470 0.035547
v -0.049687 -0.011947 -0.116130
v -0.053704 0.029834 -0.129952
v -0.046896 0.032687 0.034678
v -0.044605 0.029841 0.035373
v -0.040939 0.030705 0.037614
v -0.042792 0.034054 0.037910
v -0.049137 0.037205 0.032770
v -0.051759 0.034192 0.029621
v -0.049575 0.030810 0.031551
v -0.047271 0.028489 0.032765
v -0.051296 0.023684 0.024804
v -0.049479 0.023492 0.026383
v -0.049506 0.025147 0.027994
v -0.051338 0.025840 0.026552
v -0.053612 0.023935 0.022482
v -0.053909 0.027119 0.024293
v -0.050699 0.028045 0.028843
v -0.048678 0.026735 0.030255
v -0.053063 0.030323 0.026994
v -0.023277 0.030823 0.039014
v -0.024213 0.029464 0.037488
v -0.021181 0.027622 0.035951
v -0.019413 0.028365 0.036937
v -0.021833 0.032069 0.040267
v -0.017319 0.028991 0.038145
v -0.036407 0.035015 0.040611
v -0.035183 0.031342 0.039262
v -0.025035 0.027190 0.036093
v -0.022705 0.026043 0.035556
v -0.024855 0.027630 0.036115
v -0.022470 0.026430 0.035396
v -0.058844 0.091736 -0.110627
v -0.061050 0.097866 -0.098187
v -0.044430 0.108536 -0.104583
v -0.043635 0.101007 -0.116828
v -0.041094 0.025958 0.034356
v -0.041444 0.026519 0.034810
v -0.043941 0.025684 0.033043
v -0.043426 0.025074 0.032768
v -0.045294 0.024294 0.031030
v -0.045905 0.024872 0.031085
v -0.047196 0.024080 0.029199
v -0.046566 0.023593 0.029286
v -0.047283 0.023100 0.028007
v -0.047862 0.023130 0.027558
v -0.022238 0.027166 0.035731
v -0.024688 0.028189 0.036522
v -0.052610 0.060049 -0.132422
v -0.044393 0.074674 0.023491
v -0.051467 0.071063 0.016896
v -0.049300 0.064224 0.022645
v -0.042634 0.027702 0.035428
v -0.045290 0.026783 0.033252
v -0.047096 0.025720 0.030984
v -0.048162 0.024634 0.029008
v -0.048587 0.023782 0.027632
v -0.070926 -0.013587 -0.038960
v -0.071580 -0.013590 -0.040770
v -0.079732 -0.003802 -0.065726
v -0.078168 0.002743 -0.064834
v -0.076930 0.006284 -0.063792
v -0.077658 0.015061 -0.050828
v -0.081658 0.018147 -0.053706
v -0.082300 -0.022068 -0.059766
v -0.079128 -0.023876 -0.055917
v -0.082330 -0.021148 -0.060426
v -0.088062 0.014837 -0.064949
v -0.088354 0.013232 -0.066355
v -0.089087 0.013090 -0.066281
v -0.043009 -0.033203 -0.105471
v -0.047259 -0.020707 -0.111863
v -0.088896 0.011191 -0.067814
v -0.073664 -0.008871 -0.043273
v -0.080790 -0.004344 -0.066105
v -0.082450 -0.004888 -0.067938
v -0.082710 -0.009935 -0.068344
v -0.082263 -0.009442 -0.067232
v -0.081709 -0.014801 -0.066384
v -0.081431 -0.013890 -0.065635
v -0.084022 -0.018458 -0.063092
v -0.086289 -0.015001 -0.065083
v -0.082842 0.018677 -0.054745
v -0.082006 0.017701 -0.053170
v -0.083552 0.018400 -0.055003
v -0.074325 -0.010050 -0.044712
v -0.075891 0.013412 -0.050560
v -0.075438 0.011164 -0.049474
v -0.075012 0.011446 -0.049953
v -0.070276 -0.005015 -0.048970
v -0.070307 -0.004054 -0.049099
v -0.071466 -0.006456 -0.048419
v -0.074115 -0.008051 -0.047077
v -0.067668 -0.015641 -0.047118
v -0.066881 -0.017028 -0.049440
v -0.067444 -0.018058 -0.048601
v -0.085070 0.025348 -0.058862
v -0.075577 0.010217 -0.049243
v -0.076967 0.011316 -0.049313
v -0.077299 0.012498 -0.049607
v -0.084394 0.018105 -0.055301
v -0.077381 0.013398 -0.049929
v -0.076719 0.013314 -0.049835
v -0.078330 0.014886 -0.050708
v -0.076146 0.013171 -0.050072
v -0.073958 -0.011701 -0.061340
v -0.072726 -0.012233 -0.059379
v -0.072844 0.007468 -0.039635
v -0.073410 0.005130 -0.042210
v -0.078093 -0.024525 -0.053759
v -0.076130 0.013943 -0.060223
v -0.076183 0.016398 -0.061240
v -0.087459 -0.010187 -0.067017
v -0.080390 -0.015566 -0.056689
v -0.078305 -0.016287 -0.054775
v -0.082327 -0.014502 -0.058491
v -0.083900 -0.011970 -0.060134
v -0.071019 0.004249 -0.055050
v -0.082509 0.007870 -0.059193
v -0.083175 0.005804 -0.060593
v -0.081096 0.007843 -0.057515
v -0.077364 0.019899 -0.059228
v -0.077050 0.019897 -0.057001
v -0.077918 0.014286 -0.057697
v -0.076321 0.018372 -0.056586
v -0.069708 -0.012184 -0.047575
v -0.069483 -0.018323 -0.051084
v -0.068408 -0.016193 -0.051796
v -0.070573 -0.018203 -0.052015
v -0.069865 -0.017388 -0.053388
v -0.070432 -0.015907 -0.055162
v -0.071193 -0.014024 -0.056566
v -0.070895 -0.011427 -0.057447
v -0.069282 -0.008102 -0.048482
v -0.077529 0.019584 -0.046407
v -0.068776 -0.009955 -0.048218
v -0.070610 -0.006400 -0.048634
v -0.070797 -0.008186 -0.048148
v -0.070535 -0.010175 -0.047706
v -0.075417 -0.018949 -0.048205
v -0.076224 -0.017448 -0.050809
v -0.073986 -0.018188 -0.047540
v -0.077029 -0.016843 -0.052946
v -0.072783 -0.017878 -0.047213
v -0.075955 0.015258 -0.058532
v -0.076240 0.018313 -0.058470
v -0.071372 -0.010129 -0.036851
v -0.064554 -0.001503 0.011230
v -0.065730 0.007992 0.005817
v -0.024934 -0.050993 0.032414
v -0.023699 -0.054116 0.032708
v -0.057248 -0.012874 0.025126
v -0.052766 -0.015612 0.030644
v -0.023423 -0.044084 0.043731
v -0.022624 -0.044406 0.043993
v -0.021727 -0.043944 0.044455
v -0.022519 -0.043958 0.043976
v -0.020477 -0.043723 0.043218
v -0.021374 -0.043920 0.042529
v -0.021419 -0.043939 0.043226
v -0.020631 -0.043594 0.043951
v -0.028666 -0.030643 0.045259
v -0.032545 -0.026747 0.043968
v -0.034592 -0.030912 0.042740
v -0.030804 -0.034037 0.044162
v -0.023798 -0.045708 0.035095
v -0.023610 -0.044144 0.035514
v -0.022014 -0.043787 0.039413
v -0.022554 -0.044508 0.039029
v -0.023399 -0.048790 0.035087
v -0.022293 -0.046040 0.038801
v -0.025668 -0.046668 0.032469
v -0.025032 -0.044136 0.032894
v -0.032003 -0.051108 0.038287
v -0.028487 -0.048367 0.040150
v -0.029662 -0.045435 0.040980
v -0.033147 -0.046591 0.039157
v -0.025070 -0.019515 0.044904
v -0.029135 -0.023090 0.044766
v -0.025642 -0.027046 0.045808
v -0.022000 -0.023031 0.045725
v -0.018297 -0.018650 0.046006
v -0.021110 -0.015834 0.044877
v -0.016496 -0.011435 0.049193
v -0.017147 -0.015096 0.050381
v -0.016619 -0.016058 0.053677
v -0.016854 -0.013913 0.052476
v -0.014903 -0.019854 0.051971
v -0.017386 -0.017241 0.048982
v -0.011249 -0.021150 0.052412
v -0.010825 -0.020565 0.053282
v -0.015127 -0.020290 0.050539
v -0.015491 -0.021096 0.048940
v -0.011744 -0.021712 0.051550
v -0.010091 -0.019782 0.054181
v -0.012743 -0.019628 0.054225
v -0.014378 -0.017747 0.055883
v -0.003914 -0.019628 0.062759
v -0.005172 -0.018287 0.064743
v -0.008878 0.012646 0.049055
v -0.011717 0.009042 0.045945
v -0.008864 0.009944 0.051273
v -0.011674 0.006766 0.048194
v -0.013386 -0.015732 0.059762
v -0.014880 -0.013669 0.058115
v -0.011118 -0.014632 0.063556
v -0.012064 -0.011816 0.063130
v -0.003400 0.027470 0.049202
v -0.001876 -0.022968 0.058547
v -0.002124 -0.023556 0.058087
v -0.001583 -0.022030 0.060476
v -0.022795 0.093888 -0.135047
v -0.023156 0.106262 -0.123857
v -0.022120 0.119815 -0.100853
v -0.019798 0.124411 -0.088495
v -0.004944 -0.039136 0.059680
v -0.004591 -0.036529 0.059324
v -0.011720 -0.039833 0.046454
v -0.006352 -0.040012 0.047735
v -0.005867 -0.043854 0.050508
v -0.010868 -0.043593 0.049162
v -0.014902 -0.043236 0.047019
v -0.016025 -0.039633 0.044414
v -0.012465 -0.036277 0.044971
v -0.006917 -0.036352 0.046348
v -0.010655 -0.045853 0.052550
v -0.005739 -0.045996 0.054628
v -0.005629 -0.044192 0.057507
v -0.010724 -0.044527 0.054867
v -0.018167 -0.025098 0.048077
v -0.014208 -0.024753 0.050397
v -0.009929 -0.024935 0.053607
v -0.006420 -0.025291 0.056037
v -0.005730 -0.023395 0.056178
v -0.008444 -0.022576 0.054021
v -0.005403 -0.022688 0.056478
v -0.008043 -0.021927 0.054503
v -0.007810 -0.021313 0.054990
v -0.008402 -0.020051 0.055332
v -0.006462 -0.020338 0.056531
v -0.007054 -0.019110 0.056206
v -0.005300 -0.021955 0.056720
v -0.003556 0.004204 0.063730
v -0.003304 0.007924 0.061056
v -0.009251 -0.034900 0.057466
v -0.004387 -0.034451 0.058690
v -0.003929 -0.030534 0.057934
v -0.008411 -0.030478 0.056730
v -0.013115 -0.030999 0.054546
v -0.014235 -0.036342 0.055032
v -0.002436 -0.024175 0.057736
v -0.009436 -0.037055 0.057761
v -0.009585 -0.039581 0.057677
v -0.014486 -0.038650 0.055123
v -0.014534 -0.040876 0.054782
v -0.018898 -0.038273 0.051895
v -0.018381 -0.032509 0.051712
v -0.023815 -0.033991 0.048365
v -0.022709 -0.040298 0.048397
v -0.029860 -0.042635 0.042353
v -0.024793 -0.044315 0.043166
v -0.025149 -0.043415 0.043862
v -0.024966 -0.042483 0.044867
v -0.029321 -0.039855 0.043982
v -0.033294 -0.042240 0.040739
v -0.032585 -0.037954 0.042499
v -0.027594 -0.037019 0.045913
v -0.024379 -0.041487 0.046195
v -0.023684 -0.043673 0.044268
v -0.022677 -0.043860 0.044285
v -0.023577 -0.043254 0.045153
v -0.022488 -0.043770 0.045038
v -0.023063 -0.042912 0.046244
v -0.022097 -0.043801 0.045932
v -0.021268 -0.043775 0.047259
v -0.022036 -0.042348 0.047921
v -0.020630 -0.044053 0.043323
v -0.019771 -0.044514 0.044429
v -0.019812 -0.044773 0.045662
v -0.020572 -0.044233 0.044544
v -0.021275 -0.043919 0.042705
v -0.021060 -0.043962 0.043896
v -0.021343 -0.043242 0.040578
v -0.019998 -0.042869 0.042464
v -0.021953 -0.044111 0.041829
v -0.021787 -0.043898 0.042871
v -0.021681 -0.043891 0.044158
v -0.021610 -0.043987 0.044570
v -0.021173 -0.044188 0.045323
v -0.020434 -0.044603 0.046403
v -0.014420 -0.042925 0.053897
v -0.018021 -0.042279 0.051409
v -0.017612 -0.043933 0.050232
v -0.014285 -0.044967 0.052086
v -0.017202 -0.044949 0.048869
v -0.016940 -0.036164 0.043165
v -0.014031 -0.045515 0.050300
v -0.019385 -0.040019 0.041781
v -0.020492 -0.037386 0.039655
v -0.017891 -0.042986 0.044406
v -0.023109 -0.042647 0.036614
v -0.021425 -0.041236 0.039282
v -0.024570 -0.042260 0.034075
v -0.022677 -0.039346 0.037207
v -0.017145 -0.045148 0.047030
v -0.018587 -0.040462 0.051866
v -0.010030 -0.042054 0.056680
v -0.005165 -0.041577 0.058861
v -0.004152 -0.003893 0.069785
v -0.003957 0.000451 0.066637
v -0.021070 -0.043661 0.044609
v -0.011015 -0.125542 -0.003339
v -0.023938 -0.045141 0.043177
v -0.022443 -0.051036 0.034947
v -0.021393 -0.047105 0.038922
v -0.029273 -0.055416 0.038616
v -0.025050 -0.059434 0.041026
v -0.022837 -0.054848 0.043362
v -0.026306 -0.051509 0.040736
v -0.020068 -0.047902 0.046337
v -0.022443 -0.046324 0.044239
v -0.021322 -0.044950 0.045302
v -0.019081 -0.045686 0.047326
v -0.018210 -0.044065 0.047999
v -0.020463 -0.043911 0.045735
v -0.016488 -0.043099 0.046710
v -0.012325 -0.042487 0.049189
v -0.011819 -0.046762 0.044087
v -0.016317 -0.047161 0.042107
v -0.019743 -0.047285 0.040030
v -0.019635 -0.043508 0.044014
v -0.017094 -0.042510 0.047682
v -0.019847 -0.043202 0.044859
v -0.012653 -0.041925 0.050443
v -0.021581 -0.121860 -0.008361
v -0.020079 -0.043224 0.045656
v -0.017456 -0.042724 0.048005
v -0.013304 -0.042505 0.051084
v -0.014251 -0.044356 0.051420
v -0.015178 -0.046655 0.051308
v -0.016026 -0.049631 0.050188
v -0.018240 -0.057586 0.046630
v -0.019289 -0.063165 0.044749
v -0.012509 -0.059460 0.049401
v -0.013040 -0.065274 0.048299
v -0.011191 -0.050977 0.053690
v -0.010686 -0.047225 0.055073
v -0.009942 -0.044536 0.054817
v -0.009283 -0.042483 0.053932
v -0.002963 -0.025723 0.057414
v -0.005164 -0.020419 0.057808
v -0.004060 -0.020350 0.060241
v -0.007220 -0.016708 0.065649
v -0.001416 -0.021227 0.062766
v -0.009646 -0.014794 0.065261
v -0.008067 -0.015515 0.066754
v -0.008685 -0.013674 0.067662
v -0.009773 -0.012921 0.066352
v -0.006504 -0.016187 0.068056
v -0.007759 -0.013926 0.068795
v -0.002338 -0.017414 0.070006
v -0.003143 -0.013790 0.072160
v -0.003983 -0.007839 0.071764
v -0.003498 -0.011448 0.072536
v -0.008953 -0.011912 0.068261
v -0.010038 -0.009777 0.066845
v -0.010351 -0.006802 0.064281
v -0.012472 -0.009077 0.060570
v -0.010449 0.130313 -0.044763
v -0.008664 -0.041677 0.053006
v -0.008193 -0.042370 0.050829
v -0.011800 -0.057776 0.036927
v -0.011773 -0.053207 0.039488
v -0.007638 -0.053322 0.040615
v -0.007725 -0.058251 0.038110
v -0.004291 -0.042390 0.051594
v -0.004017 -0.046782 0.046094
v -0.007817 -0.046584 0.045306
v -0.004496 -0.041516 0.054159
v -0.004934 -0.042469 0.055460
v -0.005467 -0.044614 0.056714
v -0.003829 -0.053661 0.041174
v -0.003974 -0.058520 0.038789
v -0.020612 -0.052461 0.035934
v -0.021502 -0.056271 0.033642
v -0.016429 -0.053203 0.037937
v -0.016823 -0.057349 0.035592
v -0.007227 -0.065722 0.051030
v -0.006826 -0.060391 0.051625
v -0.005710 -0.047997 0.056935
v -0.006122 -0.052218 0.055463
v -0.023029 0.114296 -0.113063
v -0.062726 0.077140 -0.006416
v -0.061208 0.070199 0.001489
v -0.054261 0.077912 0.008614
v -0.056172 0.083346 0.001196
v -0.063513 0.084881 -0.014658
v -0.056834 0.089994 -0.006626
v -0.040305 0.121825 -0.064112
v -0.040814 0.121386 -0.049810
v -0.021654 0.127616 -0.045964
v -0.035234 0.121774 -0.078145
v -0.047625 0.113126 -0.087355
v -0.049814 0.116091 -0.067948
v -0.049722 0.116234 -0.052602
v -0.026880 -0.086890 -0.105076
v -0.053589 0.042563 -0.131488
v -0.048321 0.115341 -0.038763
v -0.040085 0.119720 -0.035990
v -0.039495 0.116746 -0.023567
v -0.046949 0.113190 -0.027017
v -0.021453 0.125460 -0.031485
v -0.010348 0.127842 -0.029660
v -0.020071 0.005784 -0.143783
v -0.003191 0.011441 0.058454
v -0.048419 -0.049418 -0.088451
v -0.057726 -0.049685 -0.070763
v -0.058880 -0.101016 -0.048247
v -0.068744 -0.026858 -0.053809
v -0.068522 -0.026484 -0.054729
v -0.060973 -0.064595 -0.052547
v -0.061651 -0.050709 -0.053687
v -0.039211 -0.048312 -0.100299
v -0.078597 -0.015588 -0.064444
v -0.079486 -0.011992 -0.065640
v -0.079577 -0.016297 -0.064118
v -0.080665 -0.012450 -0.065494
v -0.080871 -0.008433 -0.066136
v -0.080037 -0.018053 -0.063514
v -0.077464 0.020139 -0.054289
v -0.078580 0.021764 -0.053599
v -0.068270 -0.028519 -0.049548
v -0.068123 -0.027891 -0.051247
v -0.067701 -0.028128 -0.050162
v -0.067491 -0.028709 -0.048960
v -0.068004 -0.029457 -0.048034
v -0.067453 -0.029303 -0.047799
v -0.077813 0.035732 -0.047270
v -0.066317 -0.028919 -0.050906
v -0.067971 -0.026836 -0.053908
v -0.067907 -0.027536 -0.052470
v -0.066981 -0.028180 -0.050992
v -0.066504 -0.029008 -0.048845
v -0.066565 -0.029956 -0.047167
v -0.067733 -0.030704 -0.046876
v -0.080195 -0.019107 -0.064022
v -0.072655 -0.029916 -0.052711
v -0.077963 0.012439 -0.060713
v -0.078089 0.010736 -0.062003
v -0.080112 0.012451 -0.063765
v -0.079955 0.014696 -0.062415
v -0.059510 -0.010932 -0.103750
v -0.061783 0.000031 -0.109134
v -0.014078 -0.085228 -0.109791
v -0.014299 -0.070990 -0.109621
v -0.076242 0.032563 -0.094672
v -0.077950 0.014095 -0.059116
v -0.079988 0.016421 -0.060933
v -0.079899 -0.007933 -0.065958
v -0.077689 0.013111 -0.058769
v -0.077672 0.011484 -0.060305
v -0.080907 0.018140 -0.062638
v -0.081002 0.015920 -0.064337
v -0.081103 0.013441 -0.065718
v -0.077636 0.009697 -0.061893
v -0.077082 0.018471 -0.061098
v -0.080701 0.063450 -0.071200
v -0.079935 0.057441 -0.085219
v -0.077141 0.080413 -0.074735
v -0.076507 0.075299 -0.090050
v -0.071930 0.069166 -0.105930
v -0.075251 0.050305 -0.101117
v -0.076980 0.019711 -0.055741
v -0.079306 0.022809 -0.054266
v -0.064091 0.091276 -0.022545
v -0.069116 0.086118 -0.029876
v -0.057092 0.095773 -0.013867
v -0.056941 0.100917 -0.020686
v -0.063468 0.097299 -0.029629
v -0.070580 0.090248 -0.041812
v -0.079712 0.054167 -0.056224
v -0.078835 0.069008 -0.057041
v -0.075690 0.073244 -0.043424
v -0.075155 0.085567 -0.059083
v -0.066583 0.099407 -0.048254
v -0.070285 0.095660 -0.062885
v -0.059504 0.107861 -0.052222
v -0.061626 0.105719 -0.066918
v -0.061573 0.103061 -0.082968
v -0.072025 0.091568 -0.078081
v -0.061604 0.102691 -0.035893
v -0.055390 0.105615 -0.026189
v -0.056485 0.108974 -0.039489
v -0.053183 0.109609 -0.030793
v -0.073714 0.075157 -0.036111
v -0.064634 -0.035196 -0.045998
v -0.066104 -0.035303 -0.041179
v -0.069431 -0.024165 -0.034419
v -0.068400 0.001116 -0.000922
v -0.068322 0.013701 -0.003291
v -0.071502 0.005504 -0.013639
v -0.070094 -0.007915 -0.010487
v -0.066902 0.027280 -0.004826
v -0.070634 0.019743 -0.015018
v -0.070799 0.033730 -0.016848
v -0.066999 0.041433 -0.005154
v -0.063057 0.063592 -0.120918
v -0.065302 0.046728 -0.118848
v -0.065742 0.033895 -0.116912
v -0.047508 0.057622 0.026556
v -0.022537 0.084775 -0.141135
v -0.046614 0.082427 0.016015
v -0.055372 0.084195 -0.121492
v -0.042251 0.090157 -0.128118
v -0.071251 0.086578 -0.093189
v -0.068060 0.081204 -0.106711
v -0.060090 0.074692 -0.121524
v -0.064672 0.017654 -0.114657
v -0.047507 0.109407 -0.019349
v -0.055891 0.024015 0.019549
v -0.055042 0.019604 0.018519
v -0.056119 0.028521 0.021187
v -0.053345 0.014827 0.019823
v -0.015186 0.005800 0.043562
v -0.014759 0.003789 0.045562
v -0.014255 0.001486 0.047419
v -0.018241 0.000968 0.043307
v -0.017502 -0.002042 0.045005
v -0.011332 0.001269 0.052560
v -0.011555 0.004124 0.050331
v -0.013944 -0.001469 0.049287
v -0.013513 -0.004853 0.050812
v -0.011248 -0.001924 0.054686
v -0.017709 -0.017277 0.046793
v -0.018724 -0.012405 0.045481
v -0.016211 -0.008309 0.047436
v -0.021172 -0.004884 0.043580
v -0.020085 -0.008311 0.044711
v -0.016819 -0.004872 0.046337
v -0.022451 -0.001507 0.041959
v -0.014179 -0.008422 0.053198
v -0.015206 -0.011621 0.056123
v -0.011755 -0.005608 0.057515
v -0.009978 -0.003399 0.061017
v -0.009367 0.000428 0.058172
v -0.018900 0.003181 0.041533
v -0.023496 0.001195 0.040579
v -0.023724 -0.011662 0.044443
v -0.028372 -0.014869 0.044504
v -0.025602 -0.007191 0.043070
v -0.030266 -0.009836 0.043012
v -0.026965 -0.003497 0.041468
v -0.031570 -0.005883 0.041111
v -0.032535 -0.018375 0.044198
v -0.036019 -0.022278 0.043163
v -0.039018 -0.027104 0.041327
v -0.039010 -0.017147 0.041496
v -0.042716 -0.022437 0.039503
v -0.041017 -0.012070 0.039457
v -0.045489 -0.016883 0.037394
v -0.034976 -0.013171 0.042568
v -0.036586 -0.008789 0.040479
v -0.032715 -0.002020 0.039243
v -0.028255 -0.000171 0.039968
v -0.041899 -0.000925 0.035330
v -0.041881 -0.006408 0.037436
v -0.037314 -0.004107 0.038363
v -0.037737 0.000382 0.036313
v -0.047033 -0.010065 0.035278
v -0.046527 -0.002460 0.033738
v -0.045515 0.002444 0.032065
v -0.031632 0.008549 0.035670
v -0.026784 0.009173 0.036498
v -0.035227 0.008275 0.034532
v -0.041384 0.003053 0.033628
v -0.037933 0.003667 0.034915
v -0.049176 0.009774 0.025543
v -0.046994 0.008867 0.027779
v -0.041385 0.008226 0.031764
v -0.038516 0.008175 0.033219
v -0.044289 0.008490 0.029966
v -0.022145 0.010841 0.036583
v -0.017702 0.013140 0.036574
v -0.057493 -0.062831 -0.067618
v -0.009027 0.003863 0.055953
v -0.008926 0.007019 0.053693
v -0.014277 0.029408 0.040162
v -0.012473 0.026823 0.038854
v -0.006712 0.027157 0.046406
v -0.018468 0.032756 0.042505
v -0.013953 0.015828 0.036641
v -0.012374 0.018120 0.036646
v -0.011363 0.021172 0.037137
v -0.011348 0.023881 0.037929
v -0.029937 0.046453 0.043852
v -0.026956 0.039801 0.045275
v -0.057822 0.063505 0.010624
v -0.061487 0.054659 0.006593
v -0.050073 0.042491 0.029161
v -0.053320 0.038415 0.026065
v -0.055419 0.033494 0.023306
v -0.063248 0.042898 0.003679
v -0.063878 0.030610 0.002782
v -0.065009 0.018960 0.003419
v -0.048547 0.094378 0.001714
v -0.048501 0.099945 -0.005230
v -0.048036 0.088355 0.008920
v -0.039202 0.112897 -0.014018
v -0.039204 0.108547 -0.005554
v -0.048165 0.104946 -0.012205
v -0.039622 0.103526 0.001831
v -0.039904 0.097965 0.008707
v -0.039376 0.092010 0.015934
v -0.038243 0.085669 0.022811
v -0.036541 0.076894 0.029574
v -0.047288 -0.061813 -0.085266
v -0.007452 -0.008247 0.053606
v -0.006721 -0.008040 0.054172
v -0.006341 -0.008865 0.053094
v -0.005695 -0.008581 0.053645
v -0.005195 -0.010395 0.053361
v -0.006802 -0.017273 0.055479
v -0.005480 -0.015378 0.054446
v -0.004763 -0.012077 0.053224
v -0.068045 -0.030613 -0.036082
v -0.058954 -0.096959 -0.062789
v -0.054625 -0.093409 -0.075031
v 0.055662 -0.096518 -0.062543
v 0.051367 -0.092919 -0.075007
v 0.021275 -0.127905 -0.010289
v 0.032870 -0.123470 -0.016260
v 0.033974 -0.131838 -0.017420
v 0.021806 -0.135376 -0.011701
v 0.059172 -0.113962 -0.068210
v 0.056798 -0.105640 -0.063144
v 0.053184 -0.101677 -0.077839
v 0.057097 -0.110028 -0.083535
v 0.046550 -0.099604 -0.090541
v 0.050479 -0.108826 -0.096428
v 0.039658 -0.109385 -0.106246
v 0.036832 -0.098633 -0.100221
v 0.025103 -0.098738 -0.107295
v 0.027577 -0.110581 -0.112779
v 0.044231 -0.118554 -0.024581
v 0.053030 -0.113561 -0.035705
v 0.053425 -0.123181 -0.036505
v 0.044481 -0.127036 -0.025322
v 0.057374 -0.109031 -0.048606
v 0.058435 -0.118224 -0.051571
v 0.013393 -0.109871 -0.116961
v 0.012065 -0.096975 -0.111182
v 0.023512 -0.153222 -0.013576
v 0.010660 -0.155121 -0.011161
v 0.010623 -0.145951 -0.009892
v 0.022842 -0.144197 -0.012895
v 0.054810 -0.155206 -0.031408
v 0.069418 -0.148379 -0.044638
v 0.075724 -0.156848 -0.040574
v 0.059439 -0.164039 -0.026789
v 0.097066 -0.155852 -0.053802
v 0.106383 -0.144626 -0.075591
v 0.038545 -0.160211 -0.020929
v 0.041396 -0.168839 -0.015675
v -0.001220 -0.120247 -0.125701
v -0.001225 -0.107870 -0.117711
v 0.096546 -0.138810 -0.079210
v 0.094983 -0.134898 -0.102199
v 0.107873 -0.140157 -0.100122
v 0.053524 -0.156600 -0.143556
v 0.053619 -0.163406 -0.147226
v 0.069290 -0.158655 -0.143536
v 0.064632 -0.152781 -0.139388
v 0.073690 -0.123963 -0.097104
v 0.061962 -0.125051 -0.112336
v 0.071389 -0.131926 -0.117321
v 0.084197 -0.129586 -0.101819
v 0.036914 -0.141721 -0.135244
v 0.055011 -0.136514 -0.127184
v 0.047274 -0.128926 -0.122060
v 0.031896 -0.132560 -0.128853
v 0.086715 -0.133630 -0.079320
v 0.075245 -0.128635 -0.076867
v 0.079177 -0.140967 -0.060491
v 0.069948 -0.135062 -0.059263
v 0.062011 -0.140812 -0.043755
v 0.056438 -0.117096 -0.103764
v 0.043910 -0.119185 -0.113822
v 0.028526 -0.121736 -0.121188
v 0.012833 -0.122359 -0.125466
v -0.001335 -0.170336 -0.146773
v -0.001196 -0.158237 -0.143392
v 0.017640 -0.144167 -0.137946
v 0.015624 -0.132999 -0.131829
v 0.088146 -0.147646 -0.058641
v 0.062610 -0.127451 -0.056452
v 0.056905 -0.132194 -0.041048
v 0.065532 -0.172250 -0.017269
v 0.083982 -0.165746 -0.033341
v 0.045120 -0.177235 -0.006217
v 0.026800 -0.180551 0.000565
v 0.019166 -0.155604 -0.143420
v 0.018183 -0.167823 -0.146766
v 0.038220 -0.164666 -0.147289
v 0.041590 -0.152856 -0.142154
v 0.049895 -0.145229 -0.031100
v 0.036765 -0.150425 -0.021341
v 0.023719 -0.163008 -0.012637
v 0.064146 -0.117693 -0.089537
v 0.065340 -0.122158 -0.072866
v 0.046675 -0.135579 -0.028360
v 0.035363 -0.141263 -0.019498
v 0.010179 -0.137524 -0.007666
v 0.024763 -0.171917 -0.007662
v 0.097821 -0.144386 -0.121507
v 0.084113 -0.152157 -0.135352
v 0.075941 -0.148888 -0.133971
v -0.001074 -0.145355 -0.138571
v -0.001171 -0.147359 -0.009339
v -0.001367 -0.156217 -0.011788
v -0.000627 -0.139104 -0.006329
v 0.081597 -0.140072 -0.123290
v 0.060582 -0.145372 -0.134308
v -0.000324 -0.132397 -0.003828
v -0.001341 -0.096253 -0.112329
v -0.001459 -0.166751 -0.012039
v -0.001675 -0.176761 -0.006869
v -0.001845 -0.186775 0.001763
v 0.010236 -0.130832 -0.005415
v 0.010885 -0.174704 -0.006167
v 0.010588 -0.164896 -0.010667
v 0.011821 -0.184491 0.001551
v -0.000749 -0.132444 -0.132606
v -0.021779 -0.128100 -0.010041
v -0.033633 -0.123778 -0.016247
v -0.035216 -0.132073 -0.017357
v -0.022869 -0.135556 -0.011579
v -0.061234 -0.114388 -0.068917
v -0.059221 -0.106106 -0.063484
v -0.056114 -0.102095 -0.078109
v -0.059496 -0.110429 -0.083988
v -0.049046 -0.100040 -0.090738
v -0.052561 -0.109266 -0.096599
v -0.041703 -0.109937 -0.106137
v -0.039209 -0.099116 -0.100356
v -0.027461 -0.099163 -0.107316
v -0.029784 -0.111079 -0.112534
v -0.045515 -0.118990 -0.024551
v -0.054428 -0.114238 -0.035708
v -0.054845 -0.123561 -0.036676
v -0.045978 -0.127365 -0.025283
v -0.058775 -0.109581 -0.048685
v -0.059777 -0.118764 -0.052236
v -0.015607 -0.110238 -0.116650
v -0.014621 -0.097250 -0.111121
v -0.025830 -0.153211 -0.013671
v -0.012961 -0.155152 -0.011328
v -0.012421 -0.145997 -0.009958
v -0.024727 -0.144216 -0.012910
v -0.056986 -0.155582 -0.032796
v -0.071135 -0.148904 -0.046653
v -0.077643 -0.157348 -0.042585
v -0.061884 -0.164465 -0.028345
v -0.099167 -0.155804 -0.055869
v -0.107986 -0.144260 -0.077252
v -0.041030 -0.160327 -0.021566
v -0.044092 -0.168963 -0.016592
v -0.098601 -0.138551 -0.080686
v -0.096996 -0.134927 -0.103163
v -0.109758 -0.139903 -0.101393
v -0.055979 -0.156484 -0.144293
v -0.056224 -0.163086 -0.147934
v -0.071517 -0.158412 -0.144351
v -0.067027 -0.152667 -0.140202
v -0.075705 -0.124270 -0.097731
v -0.063946 -0.125385 -0.112651
v -0.073155 -0.132127 -0.117957
v -0.085866 -0.129755 -0.102591
v -0.038924 -0.141832 -0.135661
v -0.056725 -0.136680 -0.127793
v -0.049230 -0.129176 -0.122478
v -0.033044 -0.132843 -0.129278
v -0.088465 -0.133369 -0.080481
v -0.076862 -0.128580 -0.077909
v -0.080740 -0.141241 -0.062130
v -0.071578 -0.135444 -0.060844
v -0.063576 -0.141287 -0.045484
v -0.058008 -0.117395 -0.104015
v -0.045646 -0.119570 -0.113817
v -0.030795 -0.122046 -0.121010
v -0.015377 -0.122514 -0.125184
v -0.019819 -0.144154 -0.137997
v -0.017545 -0.133325 -0.132034
v -0.089851 -0.147825 -0.060450
v -0.064029 -0.127773 -0.057736
v -0.058295 -0.132582 -0.042135
v -0.068389 -0.172159 -0.018640
v -0.086510 -0.165766 -0.035232
v -0.048199 -0.177058 -0.007107
v -0.030192 -0.180595 0.000135
v -0.021576 -0.155739 -0.143683
v -0.020061 -0.167988 -0.147038
v -0.039696 -0.164920 -0.147918
v -0.043624 -0.152878 -0.142759
v -0.051945 -0.145532 -0.031960
v -0.039071 -0.150511 -0.021700
v -0.026353 -0.162927 -0.012817
v -0.065925 -0.117906 -0.090054
v -0.067228 -0.122315 -0.073730
v -0.048536 -0.135812 -0.028589
v -0.037437 -0.141351 -0.019409
v -0.011514 -0.137639 -0.007740
v -0.027695 -0.171917 -0.008123
v -0.099080 -0.144231 -0.122521
v -0.085820 -0.152021 -0.136237
v -0.077700 -0.148881 -0.134859
v -0.083228 -0.140149 -0.124134
v -0.062280 -0.145433 -0.135090
v -0.010945 -0.130987 -0.005394
v -0.014031 -0.174690 -0.006380
v -0.013364 -0.164896 -0.010848
v -0.015173 -0.184347 0.001190
v -0.006618 -0.010412 0.052487
v -0.067883 -0.033177 -0.015795
v -0.067270 -0.040836 -0.022883
v -0.064046 -0.051287 -0.016764
v -0.065092 -0.043123 -0.009754
v -0.058455 -0.062137 -0.008722
v -0.061315 -0.051998 -0.002761
v -0.052390 -0.070521 -0.000105
v -0.056378 -0.060022 0.003852
v -0.047116 -0.075772 0.009063
v -0.051046 -0.065364 0.011455
v -0.032057 -0.079857 0.028951
v -0.031068 -0.085396 0.025653
v -0.024524 -0.088322 0.032567
v -0.024867 -0.083712 0.036657
v -0.017424 -0.090236 0.039075
v -0.017887 -0.085776 0.043082
v -0.009595 -0.090908 0.042861
v -0.009447 -0.086624 0.046872
v -0.000293 -0.090903 0.044573
v -0.000246 -0.086714 0.048902
v -0.000176 -0.076226 0.052681
v -0.008536 -0.076280 0.051022
v -0.009062 -0.081551 0.049625
v -0.000208 -0.082006 0.051359
v -0.015756 -0.075583 0.047270
v -0.017219 -0.081069 0.045602
v -0.022177 -0.073113 0.042038
v -0.024006 -0.078802 0.039918
v -0.029287 -0.069073 0.035864
v -0.031278 -0.074666 0.032457
v -0.035371 -0.063673 0.032211
v -0.038267 -0.067435 0.027334
v -0.008819 -0.094684 0.037037
v -0.000368 -0.094590 0.039280
v -0.016078 -0.093976 0.033430
v -0.022732 -0.092333 0.028039
v -0.028306 -0.090203 0.021882
v -0.040369 -0.079509 0.017782
v -0.034508 -0.087522 0.014497
v -0.042183 -0.082750 0.006708
v -0.047956 -0.077665 -0.003485
v -0.054953 -0.068902 -0.013688
v -0.061982 -0.057501 -0.022922
v -0.065927 -0.045183 -0.030151
v -0.068554 -0.032855 -0.028096
v -0.014573 -0.070545 0.047800
v -0.007881 -0.071110 0.051229
v -0.021259 -0.068083 0.042988
v -0.027275 -0.063952 0.038457
v -0.032074 -0.059618 0.036085
v -0.037004 -0.047920 0.036677
v -0.035575 -0.054151 0.035689
v -0.036473 -0.036038 0.040619
v -0.037149 -0.041782 0.038420
v -0.045210 -0.029387 0.036199
v -0.046001 -0.037846 0.031911
v -0.041495 -0.040591 0.035383
v -0.040936 -0.033287 0.038552
v -0.049175 -0.023789 0.033550
v -0.050569 -0.033387 0.028255
v -0.008024 -0.097466 0.031777
v -0.000401 -0.097715 0.032954
v -0.014378 -0.096817 0.028329
v -0.019908 -0.095863 0.023372
v -0.024265 -0.094945 0.017349
v -0.029071 -0.093405 0.010542
v -0.034991 -0.090718 0.002727
v -0.042209 -0.085581 -0.007030
v -0.050884 -0.076059 -0.018522
v -0.059604 -0.062357 -0.028716
v -0.063931 -0.049333 -0.035987
v -0.021336 -0.101168 0.005684
v -0.017259 -0.100772 0.011284
v -0.013885 -0.100565 0.016124
v -0.010898 -0.100471 0.020186
v -0.006502 -0.101590 0.019862
v -0.000335 -0.102026 0.019774
v -0.005910 -0.104429 0.012942
v -0.000158 -0.104330 0.013248
v -0.008105 -0.106499 0.008830
v -0.000039 -0.107121 0.008911
v -0.010224 -0.109010 0.005458
v -0.000054 -0.111451 0.006172
v -0.039216 -0.056714 0.031642
v -0.043157 -0.057779 0.026491
v -0.045413 -0.047502 0.028238
v -0.050282 -0.044480 0.023405
v -0.048151 -0.056852 0.020744
v -0.041025 -0.048641 0.032886
v -0.054129 -0.053013 0.013947
v -0.055472 -0.039771 0.018158
v -0.055061 -0.027660 0.024541
v -0.059274 -0.035233 0.013183
v -0.059038 -0.047151 0.007496
v -0.058776 -0.023172 0.020064
v -0.061570 -0.018915 0.015607
v -0.062185 -0.029795 0.008353
v -0.062206 -0.041167 0.002600
v -0.042834 -0.070542 0.020810
v -0.064988 -0.034150 -0.003427
v -0.063805 -0.014618 0.011061
v -0.064289 -0.024614 0.003813
v -0.066114 -0.008901 0.005475
v -0.066932 -0.017416 -0.002336
v -0.067575 -0.026536 -0.010001
v -0.069883 -0.024701 -0.024169
v -0.000190 -0.070997 0.052971
v -0.064127 -0.033754 -0.050863
v -0.021448 -0.030002 0.048638
v -0.016489 -0.028278 0.051111
v -0.011541 -0.027886 0.054157
v -0.007384 -0.027819 0.056319
v -0.003373 -0.028145 0.057567
v -0.000119 -0.121651 0.001096
v 0.000375 0.041072 0.049971
v -0.000132 -0.115639 0.004363
v 0.000208 -0.058622 0.039051
v 0.000014 0.128843 -0.028578
v -0.000163 -0.065703 0.053072
v 0.000184 -0.053703 0.041548
v 0.000514 0.001127 0.068319
v -0.000152 -0.060495 0.053118
v 0.000038 -0.048380 0.057785
v 0.000077 -0.042610 0.055980
v 0.000380 0.079564 0.040351
v 0.000087 -0.044977 0.057550
v 0.000210 -0.026044 0.057873
v 0.000595 -0.003216 0.071329
v 0.000090 -0.041389 0.054464
v -0.001317 -0.046173 -0.115289
v -0.000007 -0.052189 0.056530
v 0.000182 -0.046774 0.046370
v 0.000112 -0.042443 0.052068
v 0.000303 -0.036562 0.046953
v 0.000273 -0.028586 0.057932
v 0.000650 0.018833 0.054964
v -0.001146 -0.007845 -0.139763
v 0.000619 0.015800 0.057282
v 0.000264 0.104425 0.022369
v 0.000362 0.089909 0.034967
v 0.000497 0.005254 0.065245
v -0.000780 0.054866 -0.153528
v -0.000682 0.071404 -0.150587
v 0.000366 0.060720 0.046085
v -0.000172 0.126070 -0.091842
v 0.000650 -0.007370 0.073338
v 0.000161 -0.021574 0.062819
v 0.000092 0.120975 -0.003531
v -0.000978 0.020420 -0.150787
v -0.000342 0.116280 -0.116189
v 0.000408 -0.044617 0.058108
v 0.000051 0.125310 -0.015494
v 0.000398 -0.046141 0.055097
v 0.000446 -0.017986 0.070614
v -0.001066 0.004779 -0.146108
v -0.000879 0.034133 -0.153034
v 0.000335 -0.034629 0.058908
v 0.000302 -0.031006 0.058258
v -0.000259 0.122002 -0.104422
v 0.000340 0.047567 0.049358
v 0.000359 -0.036862 0.059749
v 0.000709 0.027646 0.050502
v 0.000422 -0.039660 0.060304
v -0.000248 -0.127276 -0.001604
v -0.000507 0.095561 -0.138004
v 0.000423 -0.042310 0.059366
v 0.000373 -0.043836 0.050974
v 0.000546 0.009087 0.062219
v 0.000331 -0.040214 0.048394
v 0.000372 0.069309 0.043789
v 0.000121 -0.023828 0.058642
v 0.000124 -0.023195 0.059144
v 0.000702 0.024650 0.051357
v 0.000321 0.097816 0.028953
v 0.000668 0.030210 0.050287
v 0.000156 -0.024483 0.058247
v -0.000591 0.086168 -0.144224
v -0.000095 0.130877 -0.074471
v -0.000071 0.132211 -0.061301
v 0.000669 0.021751 0.052753
v 0.000594 0.012743 0.059570
v -0.001324 -0.057921 -0.112941
v 0.000597 -0.014327 0.073302
v 0.000635 -0.011327 0.073886
v 0.000140 0.115811 0.006764
v -0.001213 -0.017301 -0.134307
v -0.000029 0.131650 -0.044124
v 0.000199 0.110304 0.015131
v -0.001301 -0.034476 -0.121745
v -0.001268 -0.024726 -0.129475
v 0.000342 -0.019327 0.068794
v 0.000570 0.033353 0.050214
v 0.000229 -0.020735 0.065552
v -0.000423 0.108277 -0.126693
v 0.000136 -0.022381 0.060594
v 0.006762 -0.010452 0.052856
v 0.067077 -0.033251 -0.014606
v 0.065707 -0.040735 -0.021745
v 0.062725 -0.051240 -0.015772
v 0.064390 -0.043267 -0.008623
v 0.057443 -0.062110 -0.007805
v 0.060703 -0.052223 -0.001688
v 0.051386 -0.070410 0.000672
v 0.055694 -0.060282 0.004925
v -0.003904 -0.017938 0.067909
v -0.002937 -0.019494 0.065321
v 0.046364 -0.075879 0.009840
v 0.050480 -0.065692 0.012495
v -0.015256 0.019588 0.034019
v -0.008149 -0.020366 0.055215
v -0.006496 0.002685 0.061367
v -0.013687 0.019778 0.034636
v 0.031200 -0.080034 0.029628
v 0.030215 -0.085423 0.026166
v 0.023655 -0.088344 0.032965
v 0.023993 -0.083926 0.037098
v -0.010407 -0.019996 0.053945
v 0.016656 -0.090451 0.039403
v 0.017141 -0.086116 0.043482
v 0.008942 -0.091152 0.043133
v 0.008890 -0.086879 0.047224
v -0.006024 0.009728 0.056323
v -0.008226 0.018687 0.043917
v 0.008054 -0.076413 0.051495
v 0.008579 -0.081753 0.050017
v -0.006127 0.006225 0.058990
v -0.015559 -0.017066 0.054693
v -0.013911 -0.019620 0.053223
v -0.006381 -0.011628 0.070552
v -0.007213 -0.008641 0.069514
v 0.015152 -0.075825 0.047706
v -0.007247 -0.014856 0.068538
v -0.004449 -0.016698 0.069094
v 0.016509 -0.081370 0.045977
v -0.017545 0.019512 0.034265
v -0.023288 0.021215 0.029219
v -0.005675 -0.013751 0.070465
v -0.002675 -0.015957 0.071152
v -0.020788 0.020292 0.032604
v -0.016407 0.019522 0.034132
v -0.011604 -0.012990 0.063412
v -0.006801 0.017673 0.048227
v 0.021552 -0.073457 0.042581
v 0.023209 -0.079097 0.040336
v 0.028641 -0.069493 0.036596
v 0.030518 -0.074987 0.033162
v -0.014229 -0.014479 0.059067
v 0.034713 -0.064119 0.033165
v 0.037560 -0.067802 0.028309
v 0.008245 -0.094741 0.037198
v -0.018584 0.019687 0.034235
v -0.019622 0.019889 0.033918
v -0.007141 -0.001117 0.064226
v 0.015402 -0.093918 0.033656
v 0.021991 -0.092201 0.028368
v 0.027492 -0.090133 0.022269
v 0.039702 -0.079702 0.018437
v -0.022482 0.020716 0.031914
v -0.002754 -0.021174 0.060308
v -0.009790 -0.013729 0.065770
v -0.008448 -0.014360 0.067323
v -0.003300 -0.021676 0.058245
v 0.033909 -0.087477 0.014869
v 0.041337 -0.082588 0.007150
v -0.011815 0.019503 0.036883
v 0.046739 -0.077236 -0.003049
v -0.006245 0.015422 0.051688
v -0.006158 0.012532 0.054143
v 0.053799 -0.068660 -0.013095
v 0.060477 -0.057294 -0.022119
v -0.002611 -0.020436 0.062768
v 0.063849 -0.044931 -0.029082
v 0.067382 -0.032881 -0.026868
v 0.014117 -0.070819 0.048286
v 0.007587 -0.071211 0.051772
v 0.020762 -0.068451 0.043523
v -0.007496 -0.005043 0.067338
v 0.026759 -0.064381 0.039148
v 0.031666 -0.060137 0.037002
v 0.036702 -0.048424 0.037725
v -0.005631 -0.020976 0.056635
v 0.035229 -0.054677 0.036795
v 0.036302 -0.036541 0.041508
v 0.036901 -0.042289 0.039320
v 0.045186 -0.030013 0.037224
v 0.045774 -0.038404 0.032993
v 0.041259 -0.041116 0.036389
v 0.000545 -0.016339 0.072111
v -0.004986 -0.015389 0.069877
v 0.040879 -0.033866 0.039571
v 0.049166 -0.024375 0.034560
v 0.050362 -0.033953 0.029349
v 0.007476 -0.097403 0.031886
v -0.029380 0.032809 0.040517
v -0.029359 0.030579 0.038973
v 0.013757 -0.096657 0.028511
v 0.019376 -0.095661 0.023560
v 0.023663 -0.094714 0.017554
v 0.028433 -0.093175 0.010705
v 0.034324 -0.090406 0.002824
v 0.041173 -0.085102 -0.006919
v -0.022093 0.035875 0.044420
v -0.004300 0.036850 0.049417
v -0.009456 0.036745 0.048197
v 0.050065 -0.075863 -0.018265
v -0.029583 0.026096 0.037358
v -0.030554 0.024649 0.036158
v -0.029163 0.028671 0.037432
v -0.030481 0.024649 0.037072
v -0.029996 0.025313 0.037406
v 0.058310 -0.062159 -0.028223
v -0.029046 0.028123 0.036757
v 0.061848 -0.048931 -0.035235
v -0.029110 0.027581 0.036606
v 0.020794 -0.100866 0.005592
v -0.028307 0.035568 0.042447
v 0.016768 -0.100515 0.011274
v 0.013458 -0.100315 0.016171
v -0.029208 0.026936 0.036981
v -0.030407 0.026258 0.034694
v 0.010541 -0.100293 0.020266
v -0.030558 0.025988 0.030532
v 0.006049 -0.101499 0.019913
v 0.000459 0.036950 0.049973
v -0.020863 0.046829 0.047254
v -0.050916 0.047036 0.025728
v 0.005671 -0.104275 0.012918
v -0.054071 0.041795 0.022883
v 0.007887 -0.106316 0.008716
v -0.048088 0.005802 0.028609
v -0.050701 0.006877 0.025999
v -0.018076 0.040461 0.047808
v 0.009881 -0.108849 0.005362
v 0.038705 -0.057204 0.032677
v 0.042487 -0.058186 0.027527
v 0.044892 -0.047960 0.029276
v 0.049782 -0.044944 0.024476
v -0.026095 0.068681 0.038774
v -0.030802 0.115682 -0.010163
v -0.024476 0.060580 0.041968
v -0.039075 0.052672 0.035885
v 0.047512 -0.057262 0.021772
v -0.030824 0.111163 -0.000956
v 0.040649 -0.049146 0.033915
v 0.053611 -0.053444 0.015109
v 0.054981 -0.040188 0.019316
v 0.054812 -0.028160 0.025636
v 0.058800 -0.035600 0.014400
v -0.046021 0.051353 0.030003
v 0.058430 -0.047483 0.008683
v -0.055264 0.012544 0.018678
v -0.006315 0.053668 0.047892
v -0.056789 0.018210 0.016485
v 0.058587 -0.023614 0.021232
v -0.014189 0.053535 0.047218
v -0.027577 0.125314 -0.072987
v 0.061495 -0.019290 0.016864
v 0.061745 -0.030088 0.009598
v 0.061612 -0.041424 0.003775
v 0.042163 -0.070838 0.021735
v -0.013010 0.032945 0.045117
v 0.064431 -0.034343 -0.002224
v -0.038250 0.006205 0.033874
v -0.041270 0.005917 0.032534
v 0.063766 -0.014885 0.012273
v -0.031429 0.125160 -0.061662
v -0.054352 0.010015 0.020855
v -0.029250 0.087717 0.028045
v -0.009414 0.026955 0.043019
v -0.010487 0.029649 0.043447
v -0.030066 0.094603 0.021415
v 0.063888 -0.024816 0.005045
v 0.066002 -0.009009 0.006556
v 0.066537 -0.017474 -0.001180
v -0.030493 0.100759 0.014297
v 0.067014 -0.026599 -0.008836
v 0.069151 -0.024760 -0.022915
v -0.031204 0.119599 -0.020893
v -0.021331 0.009249 0.037203
v 0.062603 -0.033446 -0.050119
v 0.021425 -0.030209 0.049203
v 0.016559 -0.028446 0.051577
v -0.056417 0.035769 0.020310
v -0.057602 0.029502 0.018486
v -0.031989 0.124670 -0.047767
v -0.030992 0.007042 0.036344
v -0.057502 0.023798 0.017082
v -0.015710 0.127148 -0.081092
v 0.011752 -0.027993 0.054593
v -0.052892 0.008153 0.023375
v 0.007813 -0.027849 0.056816
v 0.003873 -0.028155 0.057984
v -0.031591 0.053053 0.040970
v -0.034814 0.006472 0.035149
v -0.008934 0.024063 0.042046
v -0.016680 0.011562 0.037549
v -0.013090 0.014763 0.038106
v -0.030688 0.106213 0.007059
v -0.010893 0.017373 0.039182
v -0.009071 0.021287 0.041030
v -0.026169 0.007777 0.037193
v -0.027822 0.078253 0.034414
v -0.031518 0.122727 -0.033644
v -0.044665 0.005827 0.030779
v -0.000119 0.128379 -0.083917
v 0.000338 0.053542 0.048087
v -0.009820 0.019063 0.040176
v -0.015470 0.036482 0.046532
v -0.022906 0.053281 0.045047
v -0.000043 -0.056334 0.054446
v -0.025691 -0.039521 0.046354
v -0.026828 -0.041330 0.044566
v -0.025783 -0.046363 0.041865
v -0.018914 -0.035512 0.051856
v -0.023120 -0.037602 0.048770
v -0.017060 -0.053302 0.048547
v -0.027117 -0.043043 0.043240
v -0.011729 -0.054864 0.051587
v -0.026890 -0.044704 0.042248
v -0.006332 -0.056291 0.053364
v 0.000319 -0.032749 0.058682
v -0.008892 -0.032593 0.057191
v -0.004178 -0.032384 0.058453
v -0.013912 -0.033696 0.054831
v -0.023949 -0.048500 0.042664
v -0.021446 -0.050951 0.044888
v 0.004575 -0.018143 0.068156
v 0.003434 -0.019613 0.065483
v 0.015381 0.019760 0.034864
v 0.008293 -0.020490 0.055517
v 0.006972 0.002799 0.061712
v 0.013839 0.019929 0.035314
v 0.010578 -0.020174 0.054312
v 0.006533 0.009835 0.056694
v 0.008388 0.018769 0.044312
v 0.006665 0.006355 0.059364
v 0.015740 -0.017213 0.055022
v 0.014046 -0.019788 0.053577
v 0.007188 -0.011559 0.070779
v 0.007973 -0.008556 0.069769
v 0.007831 -0.014864 0.068768
v 0.005214 -0.016866 0.069380
v 0.017611 0.019727 0.035299
v 0.023273 0.021346 0.030810
v 0.006506 -0.013760 0.070727
v 0.003716 -0.016147 0.071467
v 0.020865 0.020537 0.033891
v 0.016492 0.019706 0.035090
v 0.011833 -0.013017 0.063665
v 0.007163 0.017722 0.048619
v 0.014408 -0.014556 0.059346
v 0.018642 0.019933 0.035350
v 0.019689 0.020160 0.035134
v 0.007576 -0.001029 0.064520
v 0.022551 0.020911 0.033221
v 0.002945 -0.021085 0.060352
v 0.010097 -0.013702 0.065996
v 0.008853 -0.014322 0.067527
v 0.003397 -0.021593 0.058318
v 0.011880 0.019644 0.037367
v 0.006803 0.015504 0.052073
v 0.006850 0.012648 0.054511
v 0.002913 -0.020415 0.062848
v 0.008132 -0.004953 0.067609
v 0.005744 -0.020988 0.056818
v 0.005803 -0.015487 0.070167
v 0.029752 0.032950 0.041683
v 0.029712 0.030764 0.040211
v 0.022530 0.035817 0.045263
v 0.005080 0.036756 0.049562
v 0.010093 0.036607 0.048588
v 0.029959 0.026999 0.038673
v 0.030828 0.025533 0.037454
v 0.029500 0.028866 0.038828
v 0.030792 0.025631 0.038347
v 0.030356 0.026319 0.038642
v 0.029364 0.028437 0.038203
v 0.029429 0.028097 0.038001
v 0.028687 0.035661 0.043453
v 0.029558 0.027674 0.038333
v 0.030641 0.027005 0.035911
v 0.030747 0.026479 0.031912
v 0.021458 0.046737 0.048194
v 0.051132 0.047388 0.026590
v 0.054055 0.042195 0.023761
v 0.048434 0.005882 0.029718
v 0.051015 0.007003 0.027084
v 0.018668 0.040290 0.048791
v 0.026686 0.068808 0.039184
v 0.030873 0.115774 -0.010184
v 0.025051 0.060669 0.042470
v 0.039530 0.052947 0.036677
v 0.030943 0.111249 -0.000974
v 0.046413 0.051685 0.030799
v 0.055651 0.012825 0.019783
v 0.006998 0.053594 0.048200
v 0.057212 0.018569 0.017651
v 0.014875 0.053454 0.047761
v 0.027344 0.125362 -0.073017
v 0.013517 0.032928 0.045648
v 0.038688 0.006425 0.035143
v 0.041683 0.006102 0.033742
v 0.031274 0.125226 -0.061697
v 0.054674 0.010202 0.021896
v 0.029754 0.087895 0.028233
v 0.009938 0.027066 0.043433
v 0.010959 0.029727 0.043873
v 0.030433 0.094740 0.021503
v 0.030748 0.100858 0.014322
v 0.031231 0.119698 -0.020923
v 0.021463 0.009327 0.037825
v 0.056289 0.036229 0.021290
v 0.057535 0.030016 0.019564
v 0.031904 0.124755 -0.047803
v 0.031313 0.007141 0.037273
v 0.057715 0.024246 0.018173
v 0.015459 0.127168 -0.081112
v 0.053251 0.008282 0.024425
v 0.032082 0.053218 0.041703
v 0.035163 0.006674 0.036296
v 0.009230 0.024211 0.042420
v 0.016732 0.011633 0.038076
v 0.013132 0.014825 0.038608
v 0.030862 0.106294 0.007050
v 0.010929 0.017451 0.039633
v 0.009213 0.021418 0.041386
v 0.026235 0.007890 0.037886
v 0.028426 0.078433 0.034721
v 0.031494 0.122823 -0.033679
v 0.045023 0.005951 0.031916
v 0.009905 0.019174 0.040583
v 0.016008 0.036364 0.047256
v 0.023498 0.053293 0.045756
v 0.025751 -0.039905 0.047039
v 0.026788 -0.041795 0.045288
v 0.025678 -0.046866 0.042603
v 0.019258 -0.035659 0.052295
v 0.023316 -0.037875 0.049319
v 0.016606 -0.053623 0.048856
v 0.027019 -0.043548 0.043970
v 0.011442 -0.055040 0.051945
v 0.026771 -0.045222 0.043020
v 0.006029 -0.056420 0.053766
v 0.009428 -0.032545 0.057612
v 0.004780 -0.032326 0.058805
v 0.014281 -0.033702 0.055218
v 0.023759 -0.048969 0.043190
v 0.021135 -0.051367 0.045233
v 0.031805 0.022439 0.024170
v -0.031477 0.022423 0.022462
f 4 2 1
f 8 6 5
f 13 15 14
f 17 19 18
f 32 30 29
f 36 34 33
f 37 39 38
f 21 23 20
f 25 27 24
f 41 43 42
f 48 46 45
f 52 50 49
f 53 55 54
f 60 58 57
f 29 62 61
f 66 64 63
f 67 6 68
f 72 70 69
f 76 74 73
f 77 79 78
f 81 83 82
f 59 86 85
f 88 90 89
f 96 94 93
f 100 98 97
f 101 103 102
f 106 34 87
f 108 115 107
f 117 36 118
f 124 126 125
f 131 129 128
f 132 134 133
f 142 140 139
f 148 60 147
f 144 127 124
f 149 151 150
f 156 154 153
f 159 158 157
f 116 164 105
f 171 169 168
f 174 173 172
f 179 181 180
f 186 188 187
f 194 196 195
f 199 139 198
f 206 208 207
f 213 211 210
f 202 214 201
f 96 216 54
f 92 43 44
f 97 246 100
f 250 229 228
f 252 58 253
f 258 256 255
f 260 229 259
f 110 112 113
f 114 263 109
f 265 267 266
f 56 270 269
f 274 249 250
f 185 63 64
f 280 278 276
f 285 283 157
f 288 211 212
f 141 92 46
f 289 175 176
f 148 105 106
f 312 170 171
f 238 42 43
f 318 160 317
f 310 308 307
f 241 325 324
f 160 240 317
f 47 307 308
f 108 315 164
f 345 86 119
f 348 350 349
f 356 358 357
f 355 353 352
f 363 32 362
f 149 150 176
f 364 253 365
f 366 368 367
f 183 371 63
f 163 161 160
f 209 101 208
f 378 165 166
f 379 381 380
f 383 3 4
f 284 386 385
f 387 389 388
f 391 229 249
f 73 397 396
f 405 407 406
f 203 411 410
f 414 413 412
f 1 357 4
f 277 131 275
f 254 57 58
f 358 415 351
f 417 386 408
f 401 192 420
f 419 127 143
f 421 182 422
f 103 302 409
f 428 368 174
f 380 359 356
f 62 266 323
f 140 431 430
f 357 351 348
f 356 379 380
f 415 403 434
f 437 436 435
f 438 440 439
f 188 450 449
f 452 454 453
f 265 181 421
f 224 64 225
f 237 213 427
f 275 128 458
f 281 460 459
f 50 79 461
f 73 282 281
f 468 466 465
f 390 352 359
f 482 484 483
f 489 487 486
f 493 495 494
f 472 470 469
f 502 500 499
f 220 222 223
f 512 143 66
f 518 511 80
f 513 230 286
f 205 31 244
f 189 451 188
f 163 532 8
f 533 225 251
f 446 447 412
f 335 540 334
f 544 546 545
f 329 291 292
f 199 262 238
f 385 416 550
f 532 191 247
f 363 118 243
f 236 237 250
f 578 580 579
f 573 571 570
f 561 562 272
f 241 259 240
f 590 592 591
f 545 595 594
f 503 155 504
f 606 624 623
f 478 480 479
f 646 648 647
f 590 689 684
f 564 651 650
f 728 184 727
f 714 716 715
f 692 575 693
f 541 581 578
f 346 248 400
f 161 230 160
f 128 94 95
f 698 704 703
f 574 576 575
f 290 401 328
f 630 725 726
f 733 735 734
f 755 496 493
f 759 481 760
f 757 762 761
f 764 466 467
f 768 3808 3809
f 759 488 489
f 492 475 771
f 474 769 473
f 773 465 772
f 771 486 483
f 484 775 491
f 774 489 486
f 495 764 756
f 495 761 494
f 137 784 136
f 325 797 547
f 165 51 52
f 369 29 370
f 730 568 569
f 90 301 89
f 243 516 242
f 800 806 805
f 817 808 816
f 816 823 822
f 306 447 807
f 815 809 808
f 829 828 825
f 726 501 502
f 274 424 423
f 879 881 880
f 884 879 885
f 219 217 211
f 906 904 897
f 455 205 542
f 898 830 829
f 903 880 881
f 906 897 898
f 377 519 165
f 923 948 946
f 946 951 950
f 3519 739 3517
f 900 886 880
f 225 65 144
f 182 442 422
f 809 947 824
f 954 962 961
f 927 965 966
f 885 880 886
f 925 966 967
f 343 341 340
f 965 971 968
f 968 970 969
f 972 969 973
f 963 981 978
f 336 338 339
f 992 827 828
f 810 996 959
f 1007 1002 1008
f 1012 827 1009
f 1011 1007 1008
f 294 292 291
f 907 920 919
f 1017 1019 1018
f 1020 1022 1021
f 1035 1020 1044
f 1061 1047 1046
f 1063 1046 1062
f 1044 1021 1045
f 1102 1097 1109
f 1116 1118 1117
f 1016 1014 1013
f 881 904 903
f 816 1127 817
f 1094 949 1097
f 514 167 515
f 146 81 82
f 1133 1130 1129
f 1102 1126 822
f 822 1116 816
f 1145 1148 1136
f 1076 1151 1069
f 1148 1086 1087
f 1109 1114 1136
f 1154 1156 1155
f 1153 967 1156
f 3464 463 3714
f 1144 1152 1151
f 1156 1163 1162
f 1164 1169 1165
f 1145 1176 1147
f 1114 1154 1171
f 1183 1164 1177
f 1184 1177 1185
f 1069 1062 1064
f 1023 1194 1022
f 1162 1170 1169
f 1195 1185 1191
f 1183 1176 1155
f 1201 1152 1196
f 1061 1201 1202
f 3825 843 3836
f 1203 1195 1034
f 1202 1184 1195
f 1218 1203 1217
f 1060 1202 1203
f 1225 1217 1219
f 671 694 670
f 1219 1024 1035
f 1217 1034 1024
f 1226 1015 1227
f 1243 1234 1233
f 1231 1229 1228
f 847 1233 843
f 843 1244 878
f 1233 1245 1244
f 1923 233 216
f 2100 499 500
f 3914 2135 3900
f 61 323 505
f 210 217 457
f 1299 1309 1300
f 3863 1231 3862
f 1066 1321 1322
f 1322 1228 1229
f 1060 1321 1047
f 1325 1323 1310
f 1244 1332 1330
f 1290 1242 1288
f 1337 1339 1338
f 1330 1340 1339
f 1341 1245 1294
f 1342 1332 1341
f 1343 1341 1344
f 1344 1294 1293
f 3857 1345 1346
f 1347 1342 1343
f 3856 1295 1345
f 1349 1348 1347
f 3861 1347 3853
f 3853 1343 3857
f 906 829 1353
f 905 1353 1354
f 865 1355 1357
f 1355 829 825
f 1357 825 826
f 1356 1353 1355
f 3834 1338 3833
f 866 1356 865
f 1358 1354 1356
f 3828 1337 3834
f 838 1012 841
f 1363 1338 1339
f 1368 1339 1340
f 1348 1340 1342
f 1371 3824 3829
f 524 526 523
f 528 530 527
f 1372 1369 1371
f 535 537 538
f 1367 1348 1350
f 1370 1359 1369
f 1369 3833 3824
f 1373 903 904
f 555 557 558
f 1374 910 1373
f 1373 905 1375
f 1374 1375 1376
f 1375 1354 1370
f 1378 908 1377
f 376 651 1387
f 1388 973 969
f 586 588 585
f 1390 1388 1391
f 1391 969 970
f 597 599 596
f 600 602 603
f 1392 970 979
f 608 610 607
f 612 523 611
f 614 616 613
f 617 25 24
f 620 622 619
f 1397 1391 1392
f 1398 1392 1399
f 1400 920 1378
f 1402 1165 1169
f 636 638 635
f 930 1402 929
f 641 643 644
f 929 1169 1170
f 1404 1403 1402
f 1411 1365 1406
f 1412 1415 1414
f 652 654 655
f 609 657 658
f 659 661 662
f 558 586 585
f 665 667 664
f 1413 1406 1412
f 1418 3810 3813
f 1417 1371 1416
f 1416 3829 3810
f 1419 1416 1418
f 1386 1374 1420
f 677 679 676
f 1385 1420 1421
f 1420 1376 1422
f 685 687 688
f 1421 1422 1423
f 528 691 658
f 1422 1372 1417
f 1018 747 1425
f 699 701 702
f 1424 579 1017
f 3663 1767 3660
f 700 711 712
f 1093 3754 1571
f 717 530 719
f 721 723 720
f 704 3543 3554
f 19 1426 1430
f 1429 1427 1426
f 1658 3542 3544
f 1439 1434 1438
f 1437 1435 1434
f 1426 1433 1432
f 1442 1432 1440
f 742 744 745
f 1432 1441 1440
f 751 753 750
f 1438 1403 1405
f 1446 1444 1443
f 1447 1446 1443
f 3860 1443 3848
f 1415 1445 1446
f 1414 1446 1448
f 2173 469 470
f 777 779 686
f 780 782 783
f 1676 1806 1675
f 3859 1349 3861
f 789 791 788
f 745 793 742
f 652 795 653
f 1455 1457 1456
f 1454 1350 1452
f 610 802 801
f 3831 698 703
f 1352 1045 1351
f 1015 1459 1460
f 811 813 814
f 2118 3817 2117
f 819 821 818
f 1466 1194 1190
f 1467 1465 1466
f 1182 1468 1467
f 832 833 831
f 835 837 834
f 1467 1190 1182
f 1469 1444 1445
f 840 712 690
f 1453 1469 1454
f 599 845 846
f 1226 3849 3855
f 851 853 850
f 855 856 854
f 858 860 857
f 861 863 864
f 1014 3855 3858
f 867 868 869
f 870 872 873
f 874 876 877
f 1310 1471 1309
f 1476 1427 1475
f 1461 1475 1460
f 887 889 890
f 788 892 891
f 894 896 893
f 1460 1227 1015
f 901 524 612
f 1465 1477 1464
f 1865 3500 1864
f 911 913 914
f 916 918 915
f 1850 3507 1851
f 921 895 894
f 1479 1436 1478
f 926 667 601
f 1481 563 1480
f 269 84 1482
f 931 933 916
f 934 614 869
f 936 688 937
f 938 662 939
f 1484 122 123
f 941 835 834
f 320 509 510
f 1849 3505 1850
f 84 1484 83
f 1487 1488 539
f 1757 3502 3509
f 365 1491 364
f 461 80 511
f 117 362 1496
f 1494 541 1495
f 926 957 958
f 1477 1433 1476
f 1709 1585 1700
f 119 1496 345
f 271 504 156
f 511 189 186
f 345 1492 365
f 255 344 254
f 57 299 132
f 1501 268 1500
f 267 1499 145
f 974 976 977
f 1678 1693 1676
f 3846 1807 3840
f 557 663 558
f 983 984 985
f 1443 3849 3848
f 421 268 265
f 989 991 988
f 1490 418 1504
f 279 309 310
f 997 676 679
f 998 999 875
f 1504 38 1505
f 1506 1507 1486
f 360 1508 1506
f 1506 207 360
f 939 1006 938
f 270 1483 269
f 66 546 512
f 1010 793 935
f 367 437 1509
f 244 363 243
f 1670 3534 1669
f 209 1510 226
f 235 1512 1511
f 1511 234 235
f 388 426 425
f 427 250 237
f 161 521 231
f 100 45 44
f 1025 608 1027
f 1029 1031 1028
f 939 1033 1032
f 41 594 99
f 1036 783 1037
f 702 1038 1039
f 1040 1042 1043
f 362 369 1493
f 187 477 186
f 70 539 198
f 1511 1521 234
f 1049 603 1048
f 613 869 614
f 860 1051 857
f 1005 1053 1006
f 753 1056 1054
f 1057 1059 1055
f 293 1522 292
f 288 1521 1522
f 292 1523 329
f 331 1508 1524
f 306 453 305
f 100 41 99
f 462 78 79
f 330 1524 462
f 635 1068 636
f 1485 1526 1528
f 206 1528 1510
f 1070 1072 831
f 942 1073 1074
f 916 1075 917
f 440 1530 439
f 157 1514 285
f 1529 5 1530
f 371 546 63
f 790 663 791
f 1077 857 1078
f 1403 1435 1165
f 1080 1082 1079
f 531 1529 440
f 21 1084 1085
f 272 1531 561
f 137 396 397
f 690 802 691
f 335 3567 581
f 1090 1029 1091
f 1092 794 1042
f 1533 137 138
f 661 1095 1096
f 69 445 72
f 1099 1101 1098
f 38 1536 1505
f 1104 1106 1103
f 852 1108 853
f 1377 909 1386
f 291 411 294
f 316 516 33
f 539 1533 534
f 1505 316 313
f 1110 1112 1113
f 1539 460 264
f 522 1537 1539
f 834 1120 1119
f 1122 1124 1121
f 612 1041 901
f 935 615 614
f 276 130 131
f 1686 3522 1685
f 193 1541 273
f 231 1540 287
f 556 982 557
f 365 85 345
f 190 318 1541
f 1810 3574 3528
f 3924 3512 3791
f 1132 985 1131
f 208 102 132
f 1134 662 661
f 1491 80 77
f 429 1542 147
f 1137 915 918
f 172 428 174
f 1139 1141 1142
f 549 54 55
f 1517 1518 296
f 976 1146 938
f 834 984 941
f 1543 286 115
f 1544 239 513
f 133 1544 1542
f 506 257 258
f 420 328 401
f 1158 1160 1157
f 587 1103 588
f 1513 1514 151
f 607 1027 608
f 304 1545 303
f 364 77 506
f 69 198 139
f 1006 976 938
f 700 1112 701
f 3877 3525 3787
f 1166 657 656
f 1167 858 1077
f 1300 3524 1299
f 1172 1174 1175
f 218 200 217
f 1179 1181 1178
f 372 97 98
f 89 227 88
f 1186 1188 1189
f 172 1517 1549
f 1482 81 1498
f 1090 1193 1030
f 394 353 1551
f 526 1198 1197
f 811 858 812
f 1199 1026 1025
f 606 697 696
f 1204 1206 743
f 1207 523 526
f 1209 867 613
f 914 685 936
f 1478 1441 1477
f 1029 1161 1091
f 1211 1213 1214
f 3858 1451 3859
f 844 1216 845
f 423 273 274
f 1220 1222 1083
f 22 1224 23
f 882 897 881
f 1519 173 387
f 1189 1232 1178
f 349 550 416
f 1071 1236 1072
f 1237 1239 745
f 1221 1189 1240
f 1510 1512 333
f 939 1241 1005
f 1556 5 67
f 1553 394 1551
f 404 67 347
f 1247 1249 1246
f 142 238 92
f 1251 635 1250
f 850 1253 851
f 1254 1077 1255
f 57 133 429
f 443 552 551
f 1187 1175 1188
f 1256 831 833
f 432 382 383
f 741 747 746
f 434 351 415
f 349 383 348
f 251 1481 1480
f 395 352 353
f 1518 1550 1551
f 1558 378 340
f 109 314 315
f 285 1513 407
f 395 393 392
f 202 410 1558
f 417 405 432
f 1246 1258 1247
f 3 297 2
f 1259 1261 1262
f 403 347 284
f 955 953 952
f 462 51 330
f 1096 687 1263
f 429 60 57
f 896 1265 932
f 1267 1268 1266
f 423 327 420
f 37 180 40
f 20 1187 1186
f 1256 1071 1070
f 155 156 504
f 1188 1269 1232
f 1236 1271 1262
f 1272 535 621
f 565 463 464
f 1273 745 1239
f 876 1255 1274
f 316 164 315
f 437 503 1509
f 194 1495 197
f 1275 864 863
f 624 631 630
f 1277 1137 1278
f 569 567 566
f 1481 125 366
f 324 547 326
f 1279 1107 1280
f 1525 329 1523
f 1281 1137 918
f 171 1553 1552
f 1488 396 1533
f 1557 1562 1559
f 1282 1206 1205
f 1053 1278 1281
f 778 607 1283
f 713 3566 3569
f 251 144 124
f 4 348 383
f 709 707 706
f 728 45 246
f 261 1563 544
f 789 1287 790
f 74 263 282
f 403 385 434
f 1178 1240 1189
f 1223 1289 1224
f 158 150 151
f 1220 1186 1221
f 296 354 433
f 784 1538 1566
f 1181 1291 1222
f 1269 1257 1246
f 1566 438 399
f 136 1566 1564
f 1563 169 1565
f 107 109 108
f 1297 1298 1296
f 1464 1476 1461
f 1520 507 508
f 1301 1303 1304
f 1306 1308 1305
f 175 1532 272
f 1532 200 201
f 1311 1312 1313
f 872 1315 1316
f 1317 1318 1319
f 3836 878 3828
f 1305 864 1276
f 1040 863 1320
f 1564 399 169
f 592 1575 591
f 591 1088 689
f 1581 1583 1582
f 1196 1147 1176
f 710 583 713
f 285 408 386
f 953 961 963
f 1594 1589 1593
f 1585 1587 1586
f 1592 1590 1589
f 3885 944 3899
f 1600 1598 1597
f 1604 1602 1601
f 1399 979 980
f 1589 1596 1595
f 1610 1608 1607
f 298 361 360
f 551 276 277
f 1627 3814 3819
f 859 818 860
f 1078 1328 1329
f 1555 1530 1556
f 572 680 681
f 772 776 774
f 977 918 917
f 404 392 393
f 1054 750 753
f 1644 1643 1642
f 932 1082 933
f 1067 1334 1068
f 1540 264 114
f 597 643 1336
f 471 762 470
f 1642 3831 3842
f 1644 3842 3843
f 923 950 927
f 96 548 95
f 520 522 521
f 445 443 442
f 849 848 842
f 480 755 493
f 1646 481 1639
f 311 1567 170
f 464 3497 3495
f 3497 1361 3495
f 234 236 235
f 190 192 191
f 153 152 149
f 231 286 230
f 1552 1551 1550
f 760 1648 488
f 3832 1649 3830
f 828 826 825
f 52 166 165
f 1663 1661 1660
f 287 115 286
f 668 670 669
f 634 640 639
f 553 559 554
f 118 33 516
f 492 491 490
f 3552 1651 3553
f 582 584 583
f 384 392 415
f 1381 1383 1380
f 1562 435 436
f 952 951 947
f 3529 583 584
f 1660 1667 1666
f 1394 1396 1393
f 1660 1664 1663
f 1671 1669 1668
f 1624 1673 1672
f 1407 1409 1410
f 1677 1675 1674
f 1613 1677 1625
f 1679 1676 1677
f 1626 3811 3814
f 534 198 539
f 176 150 159
f 803 734 800
f 400 191 192
f 65 143 144
f 3526 1656 3540
f 402 157 283
f 629 627 626
f 461 49 50
f 758 495 756
f 796 786 785
f 406 1513 1560
f 342 166 167
f 1694 1658 1695
f 1692 1694 1696
f 3557 1652 3552
f 3921 1703 3923
f 326 302 90
f 3916 1702 1706
f 3919 1698 1701
f 1699 3927 3918
f 1557 1560 1561
f 1127 1117 1128
f 400 289 346
f 1706 1707 1708
f 1707 1599 1600
f 1709 1708 1588
f 1714 1711 1713
f 3919 1709 1700
f 1704 1577 1703
f 1716 1713 1715
f 1559 1549 297
f 1722 1720 1719
f 1335 596 1489
f 410 377 378
f 973 1163 972
f 168 399 398
f 1571 1089 1093
f 1572 682 1571
f 749 647 754
f 1730 1723 1729
f 1594 1729 1592
f 1729 1591 1592
f 1731 1730 1583
f 1384 1377 1379
f 1732 1712 1714
f 1724 1731 1732
f 1712 1731 1580
f 1722 1732 1733
f 1721 1733 1734
f 1734 1716 1717
f 1735 1736 1697
f 1733 1714 1716
f 1663 1741 1668
f 1742 1740 1743
f 1738 1737 1735
f 1665 1666 1740
f 1665 1744 1664
f 1725 1746 1745
f 1591 1745 1590
f 1590 1747 1596
f 1745 1748 1747
f 1659 3538 3542
f 3287 3545 3282
f 1185 1182 1190
f 1664 1749 1741
f 1741 1739 1738
f 1746 1743 1748
f 1726 1742 1746
f 1153 924 925
f 1115 1153 1154
f 1654 3575 1655
f 1896 3549 1686
f 1720 1744 1726
f 1721 1749 1720
f 1750 1701 1698
f 1697 1750 1696
f 1151 1063 1062
f 1751 1670 1671
f 1695 1752 1751
f 961 986 981
f 1770 1768 1767
f 1766 1593 1765
f 1731 1579 1580
f 1579 1774 1578
f 3928 1771 3929
f 1764 3928 3917
f 1777 1775 1774
f 3762 1699 1700
f 1004 1128 1003
f 1774 1771 1772
f 987 1399 980
f 1578 1772 1764
f 1783 1781 1778
f 1597 1770 1767
f 639 3895 3884
f 3928 1769 1770
f 1793 1789 1788
f 3929 1798 1769
f 3508 3773 1806
f 1802 3924 3922
f 1788 1794 1793
f 1793 1795 1776
f 3773 1675 1806
f 1584 1783 1789
f 1771 3920 3929
f 1801 1798 1800
f 1768 1798 1799
f 1775 1797 1771
f 508 515 1520
f 1796 1802 1797
f 1800 3920 3922
f 1794 1804 1795
f 3532 1752 3547
f 485 1807 775
f 3809 1640 768
f 3837 1810 1653
f 485 1640 1808
f 1690 3770 3772
f 487 1648 1811
f 3839 1816 3822
f 3838 1648 3830
f 3839 1811 3838
f 1812 487 1811
f 1641 767 768
f 465 755 776
f 767 3823 3808
f 3822 3826 3847
f 1809 1815 767
f 3837 1651 3840
f 675 3541 3496
f 1814 1822 1821
f 1821 3821 3820
f 1824 1649 1825
f 1827 1850 1805
f 1668 1662 1663
f 1779 1848 1828
f 1790 1805 1794
f 1833 1853 1852
f 3521 693 575
f 1614 1616 1617
f 1852 3498 3501
f 1620 1622 1623
f 1855 1574 1861
f 1847 3501 3513
f 1766 1855 1782
f 1629 1631 1628
f 1633 1634 1632
f 1635 1637 1638
f 1848 1852 1847
f 1855 1863 1862
f 1803 1867 1802
f 1862 1831 1832
f 1782 1862 1781
f 3922 1865 1800
f 1873 1870 1869
f 1874 799 804
f 2045 3897 2044
f 1219 1295 1225
f 1615 1396 1395
f 3884 1877 1876
f 645 3786 3559
f 1345 1035 1346
f 634 3884 3880
f 15 1327 14
f 3910 1878 1893
f 1894 605 1893
f 3506 627 693
f 3560 645 3559
f 340 454 1558
f 1897 195 1898
f 1889 1877 1890
f 1901 129 1900
f 196 754 232
f 1705 3921 3916
f 340 166 343
f 1570 563 561
f 1904 194 1897
f 1781 1832 1780
f 1905 55 1906
f 1000 995 996
f 986 920 987
f 1191 1190 1194
f 2094 2075 2093
f 1920 1919 1915
f 453 1912 1911
f 1915 1918 1916
f 3882 2106 3901
f 1655 3531 1868
f 1916 1926 1925
f 704 3561 703
f 278 1925 1900
f 3565 1818 1820
f 1097 1115 1114
f 1927 727 1923
f 3578 3654 3758
f 1920 307 1929
f 1929 48 728
f 503 1497 1509
f 1902 787 796
f 1816 3820 3826
f 1925 1923 1924
f 1535 1568 1534
f 254 258 255
f 1509 366 367
f 119 35 36
f 219 293 294
f 141 47 431
f 542 244 245
f 1940 430 431
f 1779 1827 1790
f 1701 3915 3919
f 1661 3515 1667
f 270 754 647
f 197 749 196
f 1727 1212 1211
f 53 232 754
f 1465 1479 1478
f 1284 3854 1293
f 1951 412 413
f 168 1554 1553
f 1486 206 207
f 506 78 361
f 994 1007 993
f 951 963 964
f 1013 3861 1351
f 3826 1820 1818
f 1498 1954 1482
f 299 543 132
f 1754 1756 1753
f 1681 1683 1682
f 1696 1695 1697
f 13 738 737
f 473 475 474
f 482 768 1640
f 204 30 205
f 1761 820 819
f 611 1125 612
f 1501 1908 1909
f 1074 711 699
f 1960 82 83
f 120 1960 123
f 35 87 34
f 1773 1025 1031
f 1965 1569 1535
f 494 471 479
f 1966 1969 1968
f 446 1971 1967
f 174 125 126
f 1580 1578 1577
f 1785 1787 1784
f 1972 304 305
f 1254 875 999
f 1973 342 514
f 321 1973 509
f 1910 275 1907
f 509 514 508
f 1486 1527 1485
f 1974 804 1975
f 1977 1974 1978
f 1980 1966 1981
f 379 2 295
f 1718 1710 1701
f 884 992 883
f 1680 1678 1679
f 902 525 524
f 344 256 299
f 135 137 136
f 236 228 333
f 448 1967 1966
f 589 604 584
f 910 908 907
f 1981 1968 1987
f 1982 1987 1979
f 1988 1987 1989
f 1990 1989 1991
f 1991 1993 1992
f 322 320 319
f 992 830 883
f 1144 1086 1143
f 1995 1978 1994
f 1133 1118 1126
f 1997 1994 1996
f 870 1335 1489
f 805 1982 1998
f 727 2000 1999
f 1996 1988 1990
f 1994 1979 1988
f 1829 792 1273
f 1830 941 983
f 798 800 799
f 729 731 730
f 2011 2023 2022
f 1834 846 1159
f 402 284 347
f 2022 2024 2025
f 1838 989 988
f 810 952 809
f 1823 1840 644
f 1430 1432 1431
f 1215 1841 1079
f 149 176 177
f 1316 873 872
f 2112 1384 2106
f 1842 1844 1845
f 1159 845 1160
f 837 1846 1120
f 1971 2030 2027
f 517 370 189
f 858 833 812
f 1471 2027 1888
f 3551 626 627
f 2174 770 490
f 935 1854 1010
f 1613 1611 1618
f 1231 1225 1295
f 1856 891 892
f 1300 748 741
f 1150 1858 1859
f 1643 696 1642
f 1215 1264 1216
f 1320 902 901
f 1956 1944 1960
f 2031 669 1474
f 2034 1310 1299
f 1879 1656 1657
f 40 242 39
f 1992 2039 1456
f 888 957 889
f 1882 1996 1990
f 1078 1255 1077
f 1871 1192 1090
f 294 218 219
f 1323 2026 1471
f 123 83 1484
f 1324 2041 1323
f 384 359 352
f 1324 2038 2036
f 1883 1885 1829
f 287 114 107
f 1096 1134 661
f 915 931 916
f 806 1981 1982
f 3533 584 604
f 1425 2042 1018
f 1018 1948 1017
f 3562 740 3519
f 1948 649 646
f 1881 1990 1991
f 1900 130 278
f 992 994 993
f 923 925 924
f 3878 2047 3876
f 1643 625 606
f 2050 2051 2049
f 2045 1404 2047
f 3876 945 3885
f 1139 1079 1841
f 1037 892 982
f 2055 2057 2056
f 1198 718 717
f 1619 1612 1611
f 2058 1606 2059
f 2059 1607 2058
f 2058 1624 1605
f 71 179 37
f 405 1557 382
f 976 1006 977
f 322 1972 1911
f 2061 2063 2062
f 2066 2067 1825
f 2052 2064 2051
f 1609 2066 1647
f 1515 152 1516
f 1009 993 1007
f 1644 3815 2118
f 279 1916 278
f 1285 3862 1284
f 1647 1825 1649
f 2056 2067 2065
f 319 1953 1952
f 667 1913 1914
f 2070 625 2048
f 2052 2055 2063
f 2038 1655 1458
f 1606 2073 2072
f 1235 1270 1236
f 2072 2075 2074
f 2059 2072 2062
f 2074 2077 2076
f 1601 2078 2073
f 2049 1643 1645
f 1000 1001 994
f 1089 684 689
f 1931 1306 1930
f 1462 1021 1022
f 1932 1934 1935
f 875 1846 998
f 1936 1937 1938
f 44 46 92
f 1534 1956 120
f 1541 317 391
f 2081 2084 2083
f 146 1959 300
f 1360 1942 1361
f 985 1032 1033
f 1995 1892 2043
f 2079 2082 2081
f 2095 2076 2077
f 2081 2078 2079
f 2055 2054 2053
f 501 2095 500
f 2097 2099 2098
f 2098 2094 2083
f 2140 3893 3866
f 2141 3894 3893
f 2051 2048 2049
f 592 2101 1576
f 2071 2076 2096
f 2102 2098 2101
f 593 2102 592
f 1019 746 747
f 1950 12 1327
f 725 2096 501
f 1385 2104 1379
f 1379 2106 1384
f 2107 2100 2097
f 3908 502 3896
f 3896 499 3901
f 940 2109 944
f 928 1170 973
f 3868 684 3899
f 1962 1964 1961
f 3878 573 3897
f 2039 1968 1969
f 1389 2110 2109
f 1398 2113 1397
f 3757 3753 3743
f 3911 2107 2103
f 949 924 1115
f 260 324 326
f 1390 2113 2110
f 2070 2064 2071
f 3867 2103 593
f 2105 1421 2114
f 2114 1423 2115
f 3892 2115 3903
f 3908 2114 3892
f 554 1902 553
f 972 967 966
f 1765 1573 1574
f 1984 1986 1983
f 2053 2069 2057
f 3573 724 714
f 1625 1674 1673
f 3881 2119 2122
f 3903 2123 3904
f 56 1906 55
f 626 3879 629
f 2001 2003 2004
f 3912 2127 3907
f 2006 2008 2009
f 2127 1412 2128
f 2014 2016 2017
f 2018 2020 2021
f 1495 1947 197
f 1379 1386 1385
f 3814 1680 1618
f 2029 1884 2028
f 3902 2120 3887
f 629 3914 3872
f 682 943 1089
f 724 2121 716
f 1757 3821 3845
f 765 3844 3809
f 3851 715 3852
f 706 3870 3872
f 981 987 980
f 1457 1656 1880
f 2017 2032 2033
f 1458 1868 1457
f 1776 1792 1793
f 1959 1946 1958
f 3663 3725 3661
f 3913 2122 3850
f 1093 689 1088
f 966 968 972
f 3852 3881 3913
f 2172 2170 2171
f 670 2137 669
f 3761 1903 233
f 1429 28 1449
f 964 978 971
f 3841 1413 2127
f 1473 669 2137
f 3834 1359 1358
f 2138 1870 2137
f 1872 2137 1870
f 715 3888 3881
f 1881 1992 1880
f 3843 739 740
f 1837 3513 3514
f 253 59 85
f 1808 3840 1807
f 1647 3818 1609
f 3865 671 668
f 2112 3883 2111
f 1405 2044 1438
f 3829 1364 1366
f 273 391 249
f 576 3520 3555
f 3875 668 2031
f 1430 2140 2139
f 2136 3860 28
f 1430 18 19
f 3893 570 695
f 1442 2046 2141
f 1431 2141 2140
f 3869 3850 2136
f 3808 1817 766
f 3866 695 671
f 2142 798 2138
f 571 2142 694
f 3819 1618 1611
f 2143 2025 2142
f 694 2138 670
f 681 2144 572
f 2144 2022 2143
f 328 457 290
f 1572 2011 2144
f 630 3903 624
f 2085 2087 2088
f 2090 2092 2089
f 572 2143 571
f 1875 2153 2149
f 1873 2149 2154
f 2103 2097 2102
f 2157 2155 2156
f 2128 1414 2120
f 3874 589 582
f 3872 628 629
f 2149 2158 2159
f 2159 3905 3890
f 698 3902 705
f 3823 3827 1817
f 2158 3874 3905
f 1438 2046 1439
f 2035 2160 2161
f 2161 3889 3886
f 3871 605 589
f 3873 18 3875
f 370 61 451
f 649 413 648
f 2153 2156 2158
f 1428 1449 1450
f 1490 73 1488
f 3890 710 633
f 2155 3891 3871
f 1456 1880 1992
f 2125 2087 2124
f 2160 3890 3889
f 300 505 323
f 1064 1046 1065
f 2043 1891 2155
f 2129 2004 2003
f 2131 2133 2134
f 3848 1450 1449
f 1998 804 805
f 3879 3864 3914
f 474 490 770
f 1164 1182 1177
f 707 3909 3870
f 708 2162 707
f 2162 3886 3909
f 548 1905 458
f 1145 1114 1171
f 705 1650 704
f 2043 1977 1995
f 737 554 559
f 1034 1191 1023
f 458 1907 275
f 195 232 233
f 2040 1969 1970
f 2145 2147 2148
f 2054 2049 1645
f 3832 1639 3818
f 9 11 10
f 252 506 258
f 472 479 471
f 1865 3791 3503
f 900 910 907
f 1941 2151 1942
f 1921 1927 1919
f 2163 1898 2116
f 271 153 178
f 1904 12 9
f 282 264 460
f 1872 2154 2035
f 1326 1897 2163
f 628 693 627
f 1724 1719 1723
f 1549 436 172
f 1582 1730 1729
f 1921 1929 1928
f 3563 10 11
f 2152 1950 1949
f 475 774 771
f 769 2171 473
f 2171 476 473
f 476 772 475
f 1791 464 1760
f 2166 2168 2169
f 595 372 98
f 483 1641 482
f 762 2173 470
f 771 484 492
f 486 1809 483
f 297 1517 296
f 763 2174 762
f 776 759 489
f 184 2176 2000
f 412 303 414
f 2005 185 224
f 3811 1682 3846
f 2164 756 764
f 1472 2161 2162
f 950 964 965
f 2177 2179 2180
f 227 1510 333
f 764 467 2164
f 2182 2184 2181
f 2186 2018 2185
f 1985 2181 1986
f 214 729 1531
f 1545 1546 1569
f 865 842 866
f 849 1357 1362
f 452 1558 454
f 559 3188 737
f 16 737 3188
f 560 498 374
f 3193 3195 3194
f 3200 3198 3199
f 3211 3213 3212
f 3215 3217 3216
f 2187 2002 2001
f 2169 2189 2190
f 2192 2085 2191
f 2193 2195 2196
f 2198 2200 2197
f 1998 1979 1975
f 3664 3668 3671
f 2116 1903 1902
f 1859 2009 1150
f 3904 2126 3906
f 1135 1087 1130
f 2201 2015 2014
f 1149 110 1858
f 3221 3218 3215
f 2203 2205 2206
f 579 1895 1019
f 1755 2208 1756
f 3891 1893 605
f 1211 2150 1727
f 868 2210 2209
f 944 930 940
f 2130 2202 2201
f 233 1898 195
f 665 750 666
f 1167 999 618
f 2211 2213 2214
f 2215 2217 2218
f 3867 590 3868
f 2220 220 2219
f 823 948 1094
f 3225 3227 3226
f 266 455 265
f 3882 2107 3883
f 2221 3519 3517
f 2223 2225 2226
f 2207 2124 2208
f 673 3869 3864
f 817 996 815
f 2227 2146 2145
f 1947 646 749
f 3900 17 3873
f 2229 1638 1381
f 1679 1618 1680
f 1637 2232 2230
f 2233 1617 1616
f 2231 2236 2237
f 1381 2238 1382
f 3586 2242 3587
f 1630 2233 1631
f 1681 472 469
f 1408 2243 2244
f 3236 3238 3237
f 3232 3240 3235
f 1637 2238 1638
f 3237 3233 3234
f 1409 1634 2245
f 1380 2247 2246
f 1628 2245 1621
f 2249 1622 1633
f 1632 1408 2244
f 2248 1631 2250
f 2235 1637 1636
f 3245 3199 3198
f 631 2071 725
f 515 52 49
f 782 2251 1251
f 2253 2255 2252
f 397 459 784
f 1456 2040 1455
f 2040 2036 1455
f 1401 2111 1398
f 2041 1970 2026
f 1535 414 1965
f 1586 2080 2079
f 2256 1132 1886
f 1700 3918 3919
f 3815 1686 3817
f 1263 1886 1096
f 598 844 599
f 2257 2259 2260
f 2258 2262 2259
f 2259 2263 2216
f 2260 2216 2215
f 1967 1970 1969
f 2212 1963 2213
f 922 2218 2217
f 1312 1101 2264
f 1307 1286 789
f 1548 1546 1972
f 2266 2268 2265
f 2265 2270 2269
f 2272 2269 2271
f 2273 2265 2272
f 2275 2277 2274
f 2278 2277 2279
f 2284 3617 3639
f 2287 2286 2281
f 2288 2283 2287
f 2290 3639 3620
f 2291 2293 2294
f 2295 2294 2279
f 2296 2291 2295
f 2297 2292 2291
f 2294 2299 2300
f 2279 2300 2278
f 2298 2302 2292
f 2292 2303 2293
f 2293 2304 2299
f 2304 2306 2299
f 2306 2300 2299
f 2308 2310 2307
f 2302 2310 2303
f 2301 2307 2302
f 2312 2307 2311
f 2313 2315 2316
f 2318 2320 2317
f 3748 2322 2323
f 2324 2273 2326
f 2313 2326 2327
f 2328 2313 2316
f 2329 2324 2328
f 2331 2333 2330
f 2330 2267 2266
f 2325 2266 2273
f 2329 2330 2325
f 2333 2335 2267
f 2336 2333 2332
f 2338 2332 2337
f 2331 2337 2332
f 2329 2339 2331
f 2328 2340 2329
f 2316 2341 2328
f 2342 2315 2343
f 2344 2346 2347
f 2341 2347 2340
f 2342 2344 2341
f 2348 2345 2344
f 2350 2352 2353
f 2339 2353 2337
f 2340 2350 2339
f 2347 2351 2350
f 2337 2354 2338
f 2353 2355 2354
f 2356 2276 2357
f 2356 2358 2359
f 2356 2296 2295
f 2279 2356 2295
f 2360 2270 2268
f 2267 2360 2268
f 2362 2364 2365
f 2362 2361 2358
f 2366 2358 2357
f 2366 2363 2362
f 2357 2368 2366
f 2366 2369 2367
f 2276 2370 2368
f 2368 2282 2369
f 2372 2374 2371
f 2375 2377 2007
f 2378 2380 2381
f 2382 2381 2383
f 2384 2378 2382
f 2385 2379 2378
f 2388 2390 2387
f 2387 2392 2391
f 2393 2387 2391
f 2394 2388 2387
f 2186 2402 2400
f 2403 2327 2326
f 2272 2326 2273
f 2271 2403 2272
f 2405 2404 2403
f 2404 2408 2327
f 2409 2411 2412
f 2409 2271 2269
f 2413 2269 2270
f 2413 2410 2409
f 2417 2416 2418
f 2417 2406 2405
f 2412 2405 2271
f 2411 2417 2412
f 2406 2407 2404
f 3569 632 713
f 2420 2397 2421
f 2420 2423 2422
f 2424 2422 2419
f 2424 2398 2420
f 2425 2392 2426
f 2421 2426 2423
f 2397 2425 2421
f 2396 2391 2425
f 2427 2315 2314
f 2427 2408 2428
f 2430 2428 2429
f 2343 2427 2430
f 2432 2430 2431
f 2431 2429 2433
f 2435 2433 2434
f 2436 2431 2435
f 2428 2407 2437
f 2422 2407 2419
f 2438 2422 2423
f 2429 2437 2438
f 2440 2433 2439
f 2441 2433 2429
f 2442 2439 2441
f 2443 2440 2439
f 2445 2444 2443
f 2447 2443 2442
f 2383 2445 2447
f 2381 2446 2445
f 2448 2423 2426
f 2449 2426 2392
f 2441 2449 2442
f 2441 2438 2448
f 2449 2390 2450
f 2450 2389 2451
f 2447 2451 2383
f 2442 2450 2447
f 2451 2453 2452
f 2452 2455 2454
f 2382 2454 2384
f 2383 2452 2382
f 2456 2373 2372
f 2459 2461 2458
f 2463 2465 2462
f 2462 2285 2284
f 2466 2284 2290
f 2467 2462 2466
f 2461 3703 3701
f 2468 2470 2471
f 2472 2471 2473
f 2474 3701 3688
f 2475 2477 2478
f 2458 2453 2479
f 2479 2389 2388
f 2395 2479 2388
f 2480 2458 2479
f 2481 2483 2478
f 2484 2485 221
f 2471 2464 2463
f 2473 2463 2467
f 2487 2466 2486
f 2486 2290 2488
f 2490 2488 2489
f 2491 2486 2490
f 2492 2467 2487
f 2493 2487 2491
f 2494 2492 2493
f 2495 2473 2492
f 3690 2474 3688
f 3691 2496 3690
f 2498 2493 2499
f 2500 2499 2501
f 3700 2498 2500
f 3687 2494 2498
f 2306 2278 2300
f 2305 2504 2306
f 2504 2507 2506
f 2506 2288 2508
f 2274 2508 2275
f 2278 2506 2274
f 3633 2489 2488
f 3620 2488 2290
f 2507 2289 2288
f 2505 2509 2507
f 2508 2287 2511
f 2511 2281 2280
f 2370 2280 2282
f 2275 2511 2370
f 2512 2489 2513
f 2514 2513 2515
f 2517 2514 2516
f 2517 2490 2512
f 2499 2491 2517
f 2499 2516 2501
f 2510 2519 2518
f 2518 2521 2520
f 3616 2520 3621
f 3632 2518 3616
f 2522 2303 2310
f 2523 2310 2309
f 2305 2522 2524
f 2524 2523 2525
f 2519 2525 2521
f 2505 2524 2519
f 2308 2527 2526
f 2526 2529 2528
f 2531 2528 2530
f 2309 2526 2531
f 1214 2151 1211
f 2419 2418 2424
f 2533 2349 2317
f 2534 2317 2320
f 2535 2533 2534
f 2536 2345 2533
f 2537 2346 2536
f 2538 2536 2535
f 2539 2537 2538
f 2540 2351 2537
f 2312 2541 2527
f 2527 2542 2529
f 2543 2434 2544
f 2545 2544 2546
f 2319 2543 2545
f 2318 2435 2543
f 2514 2548 2547
f 2547 2550 2549
f 2552 2549 2551
f 2552 2514 2547
f 2520 2554 2553
f 2553 2556 2555
f 3590 2555 3593
f 3621 2553 3590
f 2523 2531 2557
f 2557 2530 2558
f 2525 2557 2559
f 2559 2558 2560
f 2554 2560 2556
f 2521 2559 2554
f 2561 2007 2006
f 2376 2225 2377
f 2564 2566 2563
f 2563 338 2567
f 2569 2567 2568
f 2570 2563 2569
f 2572 2574 2571
f 2571 2576 2575
f 2544 2575 2546
f 2544 2572 2571
f 2578 2569 2577
f 2579 2569 2568
f 2574 2579 2576
f 2573 2577 2574
f 2581 2583 2580
f 2584 2583 2585
f 3697 2580 2584
f 3676 2580 3675
f 2582 2552 2583
f 2583 2551 2585
f 2500 2589 2588
f 2590 2589 2591
f 3693 2588 2590
f 3695 2500 2588
f 2501 2591 2589
f 2592 2594 2595
f 2386 2503 2502
f 2596 2386 2374
f 2596 2373 2597
f 2599 2597 2598
f 2599 2379 2596
f 2600 2380 2599
f 2600 2598 2601
f 2603 2601 2602
f 2603 2446 2600
f 2604 2602 2605
f 2440 2605 2434
f 2444 2604 2440
f 2606 2581 2607
f 2606 2590 2591
f 2591 2582 2606
f 3676 2456 3689
f 3689 2372 3693
f 2478 2608 2481
f 2609 2611 2199
f 2564 2613 2612
f 2612 2598 2597
f 2457 2597 2373
f 2565 2612 2457
f 2614 2570 2578
f 2615 2578 2573
f 2602 2614 2615
f 2601 2613 2614
f 2572 2605 2616
f 2616 2602 2615
f 2573 2616 2615
f 1459 1045 1021
f 1265 1079 1082
f 1612 1609 1611
f 2067 2069 2068
f 1135 1136 1148
f 1938 2618 2617
f 95 458 128
f 2058 1608 1612
f 1454 1445 1367
f 655 1048 2619
f 722 2621 723
f 1131 1033 1134
f 562 366 1497
f 1723 1725 1591
f 1786 1122 1787
f 267 323 266
f 1325 1654 2038
f 1468 1435 1479
f 658 529 528
f 8 247 7
f 382 1559 3
f 788 1307 789
f 940 929 928
f 911 2623 912
f 2621 655 654
f 2624 2625 2626
f 998 27 26
f 635 2626 2625
f 2627 644 1840
f 2628 1840 2629
f 1200 2627 2628
f 1199 641 2627
f 1520 49 477
f 1452 1349 1451
f 2630 1859 1858
f 644 1335 1823
f 1197 717 2632
f 2632 719 1166
f 2628 1166 1200
f 2629 2632 2628
f 1762 1050 821
f 1823 873 1839
f 2634 794 652
f 1028 1027 1161
f 1042 2635 1043
f 93 1901 1924
f 2036 1458 1455
f 1527 1525 1526
f 877 1274 1277
f 134 797 1544
f 1328 931 1329
f 607 1091 1161
f 1043 2637 2636
f 2636 2639 2638
f 1275 2638 1276
f 1275 1043 2636
f 1272 2626 2640
f 2640 638 637
f 1110 2640 637
f 536 2640 2641
f 1472 1474 1473
f 2042 1951 649
f 1058 1105 1059
f 2642 2643 2644
f 1192 2644 1193
f 912 2642 1192
f 3898 3526 3786
f 1049 2620 2621
f 616 1885 613
f 1331 666 750
f 990 1198 525
f 1911 321 322
f 1298 1205 2645
f 76 1504 75
f 1502 421 422
f 610 658 691
f 1146 659 938
f 2646 914 936
f 1280 1238 1279
f 975 2647 2648
f 2647 975 974
f 1453 1452 1451
f 1514 158 151
f 835 1843 1842
f 1271 1173 1289
f 2649 813 2650
f 1893 1826 1894
f 1050 1937 1051
f 2651 814 813
f 1006 1281 977
f 2653 2654 2655
f 1001 1003 1002
f 585 679 558
f 2624 621 620
f 555 2028 556
f 1207 1197 2629
f 1626 478 472
f 426 419 1567
f 1030 1773 1031
f 3898 634 3880
f 534 138 262
f 1125 1042 1041
f 333 88 227
f 569 561 730
f 1489 871 870
f 1857 620 891
f 1673 3770 3763
f 622 864 1308
f 2647 974 2657
f 619 891 620
f 261 545 262
f 393 1556 404
f 2658 2647 2657
f 1075 2657 917
f 1081 2658 1075
f 1080 2659 2658
f 2644 1141 2660
f 2660 1140 1336
f 642 1336 643
f 1193 2660 642
f 679 555 558
f 1503 1500 1502
f 1318 1101 1100
f 2661 1139 1142
f 2661 2663 2662
f 2662 2659 2661
f 2662 2622 2664
f 2664 911 2646
f 2648 2646 1146
f 2648 2662 2664
f 2083 2093 2081
f 1442 1437 1439
f 519 330 51
f 1885 1209 613
f 799 805 804
f 1946 1952 1953
f 1302 1253 1252
f 566 224 533
f 1389 928 1388
f 683 681 680
f 836 1842 2665
f 2665 1845 1303
f 2666 1303 1302
f 24 2665 2666
f 831 2650 832
f 1845 1304 1303
f 2010 2012 2011
f 1051 2667 2668
f 1522 1511 1523
f 531 441 522
f 782 1251 1250
f 1250 2625 2669
f 2669 1857 1856
f 783 1856 1037
f 782 2669 783
f 720 2671 721
f 1055 1930 1056
f 1333 1251 2251
f 619 1308 1307
f 652 2619 2634
f 521 1539 1540
f 1838 537 2672
f 2672 536 2641
f 1113 2641 1110
f 1113 1838 2672
f 1016 1351 1045
f 3897 570 3894
f 226 104 101
f 3564 3827 1818
f 1036 1884 1883
f 2674 1304 2673
f 2673 1844 2675
f 1334 2675 1039
f 1333 2673 1334
f 2676 1039 2675
f 1843 2675 1844
f 942 2676 1843
f 1074 702 2676
f 811 859 858
f 752 1055 753
f 1200 656 1026
f 1120 874 2677
f 2677 877 1052
f 1241 1052 1005
f 1119 2677 1241
f 1560 151 1515
f 1208 611 523
f 215 736 214
f 1460 1462 1461
f 1208 1839 873
f 854 1282 1297
f 72 182 179
f 544 1565 512
f 217 456 457
f 2047 930 945
f 1204 1937 2633
f 913 686 685
f 840 1113 1112
f 1531 730 561
f 2678 1283 801
f 601 1914 602
f 1537 459 460
f 1819 3509 3527
f 991 862 538
f 2679 1073 1830
f 2680 983 2256
f 779 2256 1263
f 778 2680 779
f 2678 1830 2680
f 180 245 40
f 1886 1131 1134
f 1138 1274 1255
f 1841 1140 1139
f 75 314 74
f 193 420 192
f 2681 1099 1098
f 170 1565 169
f 349 417 432
f 1121 2684 2683
f 547 409 302
f 123 121 120
f 2643 1142 1141
f 1542 513 1543
f 899 907 919
f 1210 676 867
f 791 982 892
f 24 837 836
f 893 932 931
f 1860 863 862
f 535 862 861
f 832 813 812
f 2650 813 832
f 1569 1547 1568
f 181 542 180
f 660 937 688
f 2013 568 2012
f 887 2631 2630
f 1524 361 78
f 520 162 1529
f 2653 854 2685
f 1238 2655 2686
f 718 527 530
f 1492 518 1491
f 792 615 793
f 599 1835 596
f 290 456 175
f 312 1552 425
f 1248 1179 1249
f 153 177 178
f 1240 1222 1221
f 1257 1235 1071
f 1291 1083 1222
f 1052 1277 1053
f 743 2618 1204
f 444 430 443
f 23 1172 1187
f 2687 1180 1179
f 102 409 134
f 1283 610 801
f 373 650 651
f 1180 1084 1291
f 855 2655 1237
f 1173 1917 1174
f 2689 853 2688
f 2688 1108 1279
f 2686 1279 1238
f 2687 2688 2686
f 2691 1252 2690
f 2690 850 2689
f 1248 2689 2687
f 1248 2691 2690
f 2692 24 2666
f 2691 2666 1302
f 1247 2692 2691
f 1258 617 2692
f 394 1555 393
f 2693 1259 1223
f 1072 1262 1261
f 1257 1168 1258
f 398 1555 1554
f 871 1314 872
f 1178 1249 1179
f 1224 1173 1172
f 1010 2618 742
f 1175 1292 1269
f 2654 2686 2655
f 2694 1216 1264
f 71 1487 70
f 701 1111 1038
f 1072 2649 2650
f 1085 22 21
f 895 1264 896
f 1601 1605 1604
f 1259 1271 1289
f 21 1220 1083
f 988 538 537
f 598 1336 1140
f 820 1762 821
f 1050 818 821
f 1298 1761 2652
f 1168 618 617
f 858 1256 833
f 39 516 1536
f 2652 819 814
f 313 315 314
f 2026 1971 2027
f 2656 596 1835
f 814 818 811
f 2696 813 2649
f 1260 2649 1261
f 2693 2696 1260
f 2697 2651 2696
f 381 390 380
f 3818 1611 1609
f 1475 1428 1227
f 1292 1917 1235
f 1551 354 1518
f 1526 1523 1511
f 1593 1595 1573
f 1232 1246 1249
f 2695 1223 22
f 2698 1296 2697
f 2698 2693 2695
f 2685 2695 1085
f 2685 1297 2698
f 562 271 272
f 2652 1296 1298
f 1365 1364 1363
f 1958 1953 1957
f 585 2210 997
f 1561 1515 435
f 975 1146 976
f 347 68 346
f 1038 636 1068
f 2700 780 2699
f 2699 1036 1883
f 2701 1883 1829
f 851 2699 2701
f 2674 2251 2702
f 2702 781 2700
f 1253 2700 851
f 1301 2702 1253
f 1519 388 1550
f 1273 1280 2703
f 2703 1107 852
f 2701 852 851
f 1829 2703 2701
f 91 326 90
f 1784 2656 1785
f 2683 2705 2704
f 604 3499 3533
f 1669 3548 1662
f 2062 2060 2059
f 621 861 622
f 2023 732 2024
f 686 1263 687
f 857 2668 1328
f 883 882 879
f 637 1111 1110
f 2668 893 1328
f 2667 894 2668
f 1039 1068 1334
f 313 1504 1505
f 1911 305 453
f 1936 1964 2212
f 2707 2401 2183
f 2708 2183 2182
f 738 2116 554
f 2349 2432 2436
f 2711 2020 2019
f 2400 2019 2186
f 2714 2716 2713
f 2717 2719 2720
f 2721 2723 2724
f 2726 2728 2725
f 2725 2730 2729
f 2731 2729 2709
f 2732 2725 2731
f 2734 2736 2733
f 2738 2740 2737
f 2737 2741 2742
f 2744 2746 2743
f 2745 2748 2747
f 2749 2747 2751
f 2753 2751 2752
f 2250 2246 2248
f 2754 1614 2755
f 3598 2755 3609
f 3608 2747 3609
f 1617 2755 1614
f 2242 1620 2757
f 2191 2760 2759
f 2761 2760 2762
f 3648 2761 3649
f 3623 2759 3648
f 3209 3223 3224
f 1395 2236 2235
f 1395 1636 1615
f 1616 2229 2233
f 1617 2763 2756
f 2756 3628 3608
f 2765 2234 1630
f 2766 3628 3622
f 3202 3246 3247
f 1516 435 1515
f 2768 3552 3553
f 1495 578 1424
f 2135 28 17
f 3526 2773 2774
f 1690 3926 3925
f 2778 2780 2777
f 2777 2781 2782
f 2784 2777 2783
f 3555 575 576
f 1494 9 540
f 3529 2015 3566
f 451 505 450
f 2786 2788 2785
f 2779 2785 2780
f 2789 2741 2740
f 2790 2752 2789
f 2792 2794 2791
f 2793 2796 2794
f 2796 2750 2749
f 2794 2749 2753
f 2798 1396 2754
f 3591 2754 3598
f 2798 2800 1393
f 3591 2799 2798
f 2797 2795 2801
f 2791 2753 2790
f 216 232 54
f 3804 2807 3803
f 3805 2804 3803
f 2769 3557 3552
f 183 184 97
f 2811 2775 2776
f 2804 2776 2805
f 2809 2811 2804
f 2812 2813 2814
f 3805 2816 3795
f 3796 2815 3795
f 3798 2820 2821
f 3793 2819 3798
f 2824 2735 2819
f 2823 2824 2819
f 2825 2826 2724
f 3793 2827 3792
f 3796 2826 3792
f 2713 2829 2828
f 2828 2831 2830
f 2822 2828 2830
f 2821 2713 2828
f 2832 2822 2830
f 2833 2830 2831
f 2834 2832 2833
f 2835 2827 2832
f 2837 2839 2836
f 2836 2841 2840
f 2842 2840 2727
f 2843 2836 2842
f 2840 2845 2844
f 2718 2845 2719
f 2730 2844 2718
f 2727 2844 2728
f 2846 2719 2845
f 2846 2841 2847
f 2829 2847 2831
f 2829 2716 2846
f 2847 2839 2848
f 2848 2838 2849
f 2833 2849 2834
f 2831 2848 2833
f 2850 2851 2852
f 2853 2852 2854
f 2783 2782 2855
f 2785 2853 2856
f 2780 2856 2781
f 2857 2855 2782
f 2859 2782 2781
f 2861 2842 2860
f 2860 2727 2726
f 2862 2726 2732
f 2863 2860 2862
f 2861 2858 2857
f 2843 2857 2859
f 2856 2854 2864
f 2781 2864 2859
f 2837 2859 2864
f 2838 2864 2854
f 2852 2834 2849
f 2854 2849 2838
f 2865 2818 2835
f 2851 2835 2834
f 2813 2815 2865
f 2814 2865 2851
f 2866 2814 2850
f 2788 2850 2853
f 2866 2787 2867
f 2812 2867 2775
f 1892 1890 1891
f 2720 2846 2870
f 298 256 257
f 2872 2713 2820
f 3794 2735 2734
f 2729 2874 2873
f 2846 2715 2870
f 2876 2878 2875
f 2733 2878 2734
f 3806 2879 2880
f 3806 2872 3794
f 2882 2884 2881
f 2881 2715 2714
f 2880 2714 2872
f 2879 2881 2880
f 2885 2887 2888
f 2888 2890 2885
f 2885 2892 2891
f 2893 2885 2891
f 1942 2532 2894
f 2895 2720 2870
f 2884 2870 2715
f 2883 2895 2884
f 2896 2892 2895
f 2889 2717 2890
f 2890 2720 2892
f 2897 2891 2896
f 2898 2896 2883
f 2899 2883 2882
f 2900 2882 2879
f 3797 2879 3807
f 2876 2901 2877
f 2901 2904 2903
f 1785 1835 1834
f 2905 2899 2900
f 2907 2897 2898
f 3797 2903 3799
f 632 577 633
f 3532 2867 2787
f 434 550 350
f 2768 3640 3643
f 2910 1623 2249
f 2241 2758 2242
f 3640 2913 3652
f 1623 2757 1620
f 3587 2757 3652
f 2229 1380 2250
f 2765 1629 2914
f 2915 1629 2912
f 3642 2914 2915
f 3641 2765 2914
f 2919 3642 3613
f 2918 2912 2241
f 3614 2241 3586
f 3618 3613 3670
f 3541 2180 3496
f 3521 2188 3506
f 3705 714 3851
f 2925 2917 2924
f 2924 2916 2919
f 3610 2919 3618
f 3611 2924 3610
f 2926 2766 2925
f 3658 2925 3611
f 1715 1705 1710
f 785 498 796
f 1387 565 1791
f 374 1899 560
f 3573 2206 3556
f 2929 2886 2893
f 2932 2934 2931
f 1905 1908 1907
f 2930 2936 2937
f 2938 2930 2929
f 1493 517 518
f 1603 1586 1602
f 2939 2929 2908
f 2940 2908 2907
f 3665 1600 3661
f 2886 2937 2887
f 2906 2898 2899
f 2908 2893 2897
f 2942 2933 2941
f 2941 2937 2936
f 3501 2936 3513
f 3498 2941 3501
f 2943 2710 2873
f 2943 2874 2889
f 2945 2889 2888
f 2946 2943 2945
f 2932 2888 2887
f 2931 2945 2932
f 727 1929 728
f 2903 2947 2948
f 545 42 262
f 1480 533 251
f 2907 2949 2940
f 2906 2950 2949
f 1558 215 202
f 3799 2948 3801
f 2054 1644 2118
f 3705 2203 3573
f 1828 1849 1827
f 2953 2955 2952
f 2952 2957 2956
f 2956 2258 2952
f 2953 2258 2257
f 2454 2474 2496
f 3747 2959 3766
f 3747 2131 3737
f 2961 2963 2958
f 2958 2964 2959
f 222 2485 2965
f 2477 2966 2608
f 2631 2006 1859
f 2384 2496 2497
f 2967 2959 2964
f 2968 2970 2969
f 3759 2971 3784
f 3784 2960 3766
f 2972 2033 2032
f 2007 2973 2008
f 3560 2134 2133
f 1836 1832 1831
f 3506 2090 3551
f 955 959 956
f 672 674 673
f 633 713 632
f 2024 733 803
f 2025 803 798
f 425 1550 388
f 2975 888 887
f 1319 1157 2694
f 1212 2977 1213
f 889 2228 2227
f 1978 1975 1979
f 1138 1329 915
f 751 2979 2978
f 1619 1625 1624
f 2252 1728 1727
f 1157 845 1216
f 2706 1938 2617
f 2980 2254 2981
f 2982 887 2630
f 802 711 2679
f 678 2029 2028
f 527 690 528
f 1839 2629 1840
f 2983 602 1914
f 2983 1913 1331
f 2985 1331 1054
f 2986 2983 2985
f 2987 2635 2634
f 2985 2639 2986
f 2990 1318 2989
f 2991 2993 2994
f 2995 2994 2996
f 1106 2991 2995
f 1058 2992 2991
f 1415 1365 1367
f 1317 2217 2997
f 1932 2255 2980
f 926 2999 664
f 3001 2992 3000
f 3000 1057 2978
f 2999 2978 2979
f 2998 3000 2999
f 3002 2209 3003
f 3002 2996 2994
f 2993 3002 2994
f 3001 2998 3002
f 1103 2995 3004
f 3004 2996 3003
f 2209 3004 3003
f 588 3004 2210
f 295 433 381
f 2638 2988 3005
f 3005 1056 1930
f 1305 1930 1306
f 1276 3005 1305
f 1987 1993 1989
f 2633 1761 2645
f 1423 1417 1419
f 3561 739 703
f 2671 2704 2705
f 1473 2035 1472
f 922 2694 895
f 1401 1378 1384
f 556 1884 1037
f 842 3825 3836
f 1854 2617 1010
f 933 1081 1075
f 1440 1436 1437
f 529 719 530
f 1031 1027 1028
f 777 912 1871
f 2645 1204 2633
f 441 1538 1537
f 790 587 586
f 2065 1610 1607
f 1860 990 902
f 60 87 59
f 1424 1948 1947
f 332 1507 331
f 261 138 135
f 187 449 507
f 1719 1726 1725
f 1931 1059 3006
f 3006 1105 1104
f 1287 1104 587
f 1286 3006 1287
f 3007 3009 3010
f 3009 653 795
f 618 26 25
f 2029 1210 1209
f 957 600 2228
f 1049 2228 600
f 2631 3011 2561
f 890 2227 3011
f 3011 2145 3012
f 2561 3012 2375
f 1026 609 608
f 2706 1961 1964
f 3013 2485 3014
f 2148 1267 3015
f 3015 1266 1311
f 2997 1101 1317
f 642 1773 1193
f 186 461 511
f 1041 1320 901
f 1121 3017 1122
f 2984 2987 3018
f 3018 2634 2619
f 1048 3018 2619
f 603 2984 3018
f 2679 801 802
f 2062 2074 2061
f 2061 2076 2064
f 414 1545 1965
f 3016 2683 3019
f 3019 2704 2670
f 3020 2670 720
f 3007 3019 3020
f 1871 1091 777
f 3021 1122 3017
f 3022 3017 3010
f 1314 3022 1315
f 1784 3021 1314
f 1316 1763 611
f 3023 3010 3009
f 3023 795 1092
f 1763 1092 1125
f 1315 3023 1763
f 3016 3010 3017
f 752 2978 1057
f 2986 2637 2987
f 3024 653 3008
f 3020 3008 3007
f 720 3024 3020
f 723 654 3024
f 2681 1268 3025
f 2671 1268 721
f 2705 3025 2671
f 1313 3027 1311
f 3026 3029 3027
f 3027 3030 3031
f 1311 3031 3015
f 2012 731 2023
f 917 974 977
f 743 856 744
f 1888 2030 1425
f 2682 2684 3032
f 3032 1124 2989
f 1100 2989 1318
f 1099 3032 1100
f 1123 2989 1124
f 3033 1159 1158
f 2990 1158 1319
f 1123 3033 2990
f 1786 1834 3033
f 1054 2988 2985
f 2979 664 2999
f 2623 2663 2643
f 1095 688 687
f 3034 2261 2956
f 3036 2956 2957
f 3037 3034 3036
f 3038 3035 3034
f 3040 3026 1313
f 2263 3041 3040
f 3042 3043 3041
f 3041 3028 3026
f 3044 3043 3039
f 3046 3045 3044
f 3047 3049 3045
f 3043 3049 3028
f 3038 3051 3050
f 3050 3053 3052
f 3052 3044 3050
f 3039 3050 3044
f 3054 3039 3042
f 3042 2262 3054
f 2261 3054 2262
f 2216 2997 2217
f 2212 2667 1936
f 3056 2209 3055
f 934 1961 1854
f 2013 3757 567
f 3058 3060 3061
f 3059 3063 3060
f 3060 2213 1963
f 3061 1963 1962
f 3063 2214 2213
f 3062 3064 3063
f 3065 2260 3064
f 3064 2215 2214
f 3066 3031 3030
f 2608 3067 3066
f 2966 3068 3067
f 3031 3068 3015
f 2455 2461 2474
f 2476 2226 2477
f 3551 2089 3525
f 3526 3769 3786
f 433 355 381
f 2115 1419 2123
f 3509 2922 3527
f 3769 2131 2134
f 3069 2167 2166
f 2971 2928 2960
f 2961 2773 2962
f 3070 2478 2483
f 2610 3071 2954
f 2502 2374 2386
f 3072 2595 3073
f 2964 3052 2967
f 3048 3074 3049
f 2593 3075 3074
f 3075 3029 3074
f 3074 3028 3049
f 3072 3075 2592
f 3076 2482 2481
f 2481 3066 3076
f 3076 3030 3075
f 2967 3053 2970
f 2482 3073 2483
f 479 493 494
f 706 3873 709
f 3561 2221 3517
f 2013 3754 3755
f 3533 2016 3529
f 3562 2222 2974
f 1171 1155 1176
f 2586 2565 2587
f 2982 113 2484
f 2562 3077 3068
f 2376 3012 3077
f 3012 2148 3077
f 3077 3015 3068
f 2963 3046 2964
f 3051 2970 3053
f 1683 491 775
f 3850 1447 3860
f 1986 3734 3768
f 3079 2546 2575
f 3081 2575 2576
f 1983 3768 3765
f 3082 2319 2545
f 3080 2545 2546
f 3734 3082 3080
f 3732 2323 3082
f 1309 1888 748
f 3073 2772 2771
f 2760 3084 2762
f 2760 2088 3083
f 3085 3086 3087
f 3089 3090 3088
f 3089 3084 3085
f 3092 3090 3091
f 3093 2744 2743
f 2751 2748 3093
f 3093 2752 2751
f 2742 3093 3094
f 3094 2743 3095
f 3096 3098 3087
f 3099 3087 3086
f 3097 3095 3098
f 3100 2746 3101
f 3101 3102 3100
f 2764 2927 3101
f 2745 3101 2746
f 3102 3091 3100
f 3100 3095 2743
f 2869 3592 3634
f 3102 3104 3092
f 3658 2869 3634
f 2927 3103 3102
f 3098 3091 3090
f 3087 3090 3085
f 2088 3105 3083
f 3083 3086 3084
f 2483 2771 3070
f 2401 2185 2321
f 3099 3105 3106
f 2125 3106 3105
f 3108 2742 3107
f 3107 3094 3097
f 3110 3107 3109
f 3109 3097 3096
f 3111 3096 3099
f 3112 3109 3111
f 3113 2737 3108
f 3115 2722 3114
f 3117 3114 3116
f 3119 3116 3118
f 3118 3120 3121
f 3116 3113 3120
f 3122 3111 3123
f 3122 1755 1754
f 3124 3126 3127
f 3125 3121 3126
f 3128 3118 3125
f 3129 3125 3124
f 2020 3128 3129
f 3853 1346 1352
f 1065 1047 1066
f 1814 3830 1649
f 2021 3129 3130
f 3111 3106 3123
f 3123 2207 1755
f 2377 2224 2973
f 3014 113 112
f 1756 3782 3767
f 3131 2530 2528
f 3133 2528 2529
f 1753 3767 3775
f 3134 3127 3135
f 2327 2314 2313
f 2436 2317 2349
f 2018 3711 3712
f 2534 3137 2535
f 2320 3136 2534
f 2185 3712 3771
f 3138 2542 2539
f 3134 3744 3745
f 3785 3134 3745
f 3140 2539 2538
f 2535 3140 2538
f 3711 3130 3785
f 2558 3132 3141
f 3782 3141 3132
f 2560 3141 3142
f 3760 3142 3141
f 958 2976 2981
f 1933 2980 3143
f 2399 2418 2416
f 2348 2343 2432
f 2322 2319 2323
f 2718 2874 2730
f 2709 2873 2710
f 2894 1361 1942
f 346 176 347
f 1876 1882 1881
f 2802 3607 3592
f 3104 3088 3092
f 2974 3649 3603
f 3089 2761 2762
f 3088 3145 3089
f 2803 3603 3607
f 3870 692 628
f 2123 1418 2126
f 1365 1368 1367
f 1581 1782 1783
f 3569 2129 3520
f 3555 2002 3521
f 3146 2551 3147
f 3751 3147 3750
f 3742 3146 3751
f 3149 2585 3146
f 3196 3197 3195
f 3604 2191 3623
f 3142 2556 2560
f 3777 3150 3142
f 3646 2550 3593
f 3150 2555 2556
f 3778 3151 3150
f 3788 3152 3646
f 3153 2551 2549
f 3152 2549 2550
f 3781 3153 3152
f 3776 3147 3153
f 3148 2206 2205
f 2183 2321 2184
f 2132 2928 2133
f 3684 2204 2203
f 3719 2197 3721
f 2594 2773 2951
f 2595 2951 2772
f 1870 799 1869
f 3713 2178 3706
f 3706 3736 3790
f 336 3774 3722
f 339 3154 336
f 3789 3149 3742
f 3683 2584 3149
f 2963 3048 3047
f 3722 337 336
f 339 2566 2586
f 3156 2168 2167
f 2610 2167 2611
f 2954 3156 2610
f 3157 2953 2257
f 3707 2169 3709
f 2567 3159 2568
f 337 2567 338
f 3730 2166 3707
f 3764 1983 3765
f 2579 3081 2576
f 2568 3160 2579
f 3709 2190 3764
f 3065 3162 3161
f 3161 1984 2189
f 3157 2189 2168
f 2257 3161 3157
f 734 1922 806
f 3059 2708 3163
f 3163 2182 1985
f 3162 1985 1984
f 3062 3163 3162
f 3203 3205 3204
f 2122 1448 1447
f 3817 1685 3812
f 139 444 69
f 1570 566 533
f 2957 3165 3036
f 2955 3164 2957
f 1912 341 1973
f 3130 3124 3134
f 1548 319 1547
f 1949 1327 1887
f 2969 3078 3167
f 3167 3169 3168
f 3724 2017 3720
f 3720 2033 3759
f 3168 3165 3170
f 3170 3164 3171
f 3779 3171 3756
f 3724 3170 3779
f 3171 3166 3172
f 3172 3071 3173
f 3752 3173 3749
f 3756 3172 3752
f 3169 3036 3165
f 2593 2962 2594
f 3173 2609 3174
f 3174 2199 2198
f 3783 2198 3719
f 3749 3174 3783
f 2190 1984 1983
f 2196 2767 3148
f 2119 1414 1448
f 1464 1466 1465
f 2199 3069 2200
f 2457 2587 2565
f 2226 2562 2966
f 481 1627 1639
f 333 235 236
f 3078 3037 3169
f 3040 2997 2263
f 2219 1933 2220
f 2385 2497 2503
f 221 3175 2484
f 2220 3143 3175
f 3175 2976 2975
f 2484 2975 2982
f 2954 3166 2955
f 2630 110 2982
f 1547 1952 1955
f 2091 2188 2187
f 3733 2178 2177
f 1918 1927 1926
f 3563 111 3511
f 955 960 954
f 2037 112 3563
f 3143 2981 2976
f 2218 2214 2215
f 672 3787 3541
f 2152 3014 2037
f 1147 1143 1145
f 2248 1409 2245
f 1615 1635 1616
f 1410 2246 2247
f 3241 3242 3240
f 3177 1383 1382
f 2238 3176 1382
f 3176 2230 3178
f 1410 3179 1407
f 3179 2243 1407
f 1633 2800 2249
f 1621 2758 2912
f 1622 2245 1634
f 2236 3181 3182
f 2237 3182 3183
f 2250 2233 2229
f 2912 1628 1621
f 135 1564 1563
f 1567 512 1565
f 1085 2653 2685
f 3184 868 3056
f 869 3057 934
f 1266 1098 1312
f 1267 722 721
f 937 2646 936
f 2146 722 2147
f 2211 921 2667
f 1957 507 449
f 1313 2264 3040
f 1496 1493 1492
f 2681 2705 2682
f 2887 2933 2932
f 1687 1659 1694
f 145 1498 81
f 1317 1319 2694
f 37 418 71
f 1935 3185 2977
f 104 301 103
f 2101 2083 2084
f 543 360 207
f 1934 3186 3185
f 234 212 237
f 3845 1822 1824
f 1976 1874 1974
f 223 2219 220
f 3655 3605 3612
f 468 773 2165
f 1935 1728 1932
f 3240 3226 3235
f 3261 3250 3260
f 3215 3244 3264
f 3265 3215 3264
f 3267 3198 3196
f 3205 3269 3255
f 3214 3265 3270
f 3271 3214 3192
f 3251 3239 3236
f 3222 3266 3272
f 3232 3234 3233
f 3216 3243 3244
f 3196 3268 3267
f 3244 3254 3255
f 3238 3247 3246
f 3264 3255 3269
f 3253 3216 3217
f 3211 3221 3265
f 3257 3218 3256
f 3258 3272 3259
f 3274 3280 3273
f 3228 3262 3263
f 3275 3281 3280
f 3226 3273 3280
f 3236 3260 3251
f 3281 3236 3237
f 3287 3192 3189
f 3235 3280 3234
f 3234 3281 3237
f 3288 3259 3272
f 3260 3276 3251
f 3289 3278 3284
f 3210 3224 3283
f 3199 3201 3200
f 3228 3230 3229
f 3290 3285 3286
f 3282 3271 3287
f 3260 3262 3261
f 3243 3268 3254
f 3267 3241 3232
f 3194 3208 3193
f 3191 3269 3206
f 3270 3192 3214
f 3275 3230 3231
f 3264 3270 3265
f 3252 3276 3291
f 3248 3291 3223
f 3213 3279 3277
f 3272 3289 3288
f 3277 3212 3213
f 3228 3281 3231
f 3220 3253 3219
f 3219 3217 3257
f 3256 3222 3258
f 3247 3252 3248
f 3245 3232 3233
f 3266 3212 3289
f 3208 3255 3254
f 3288 3284 3285
f 3204 3208 3207
f 560 3187 559
f 3209 3201 3202
f 3189 3191 3190
f 448 807 447
f 647 122 270
f 1833 1780 1832
f 510 508 507
f 3210 1887 3201
f 1887 3200 3201
f 15 3197 3200
f 16 3195 3197
f 3195 3187 3194
f 3194 1899 3207
f 3207 375 3204
f 387 126 127
f 3189 1760 3287
f 3577 757 758
f 763 2172 2175
f 3583 3580 3581
f 3581 3579 3578
f 3594 3596 3595
f 3400 3602 3401
f 3626 3625 3627
f 3631 3599 3601
f 3636 3595 3596
f 3647 3588 3645
f 3650 3584 3647
f 3653 3580 3651
f 3653 3654 3579
f 1801 3656 3655
f 3651 3582 3650
f 3644 3595 3637
f 1767 3659 3660
f 1597 3661 1600
f 1708 3665 3664
f 3671 3667 3666
f 3666 3673 3672
f 1588 3664 1587
f 2080 3666 2082
f 2082 3672 2084
f 3674 3635 3631
f 3677 3636 3635
f 3682 3645 3681
f 3692 3650 3686
f 3681 3644 3680
f 786 3692 785
f 3694 3651 3692
f 785 3686 497
f 497 3682 650
f 650 3681 564
f 3696 3681 3680
f 3405 3605 3402
f 3702 3678 3677
f 3699 3679 3678
f 3645 3638 3644
f 1799 3659 1768
f 3708 3458 3460
f 3462 3708 3460
f 3714 564 3696
f 3615 3602 3600
f 3710 3696 3698
f 3635 3596 3599
f 3629 3627 3630
f 3597 3599 3596
f 3630 3715 3629
f 3627 3597 3594
f 3717 3723 3718
f 3715 3660 3629
f 3716 3725 3715
f 3668 3661 3725
f 3668 3717 3667
f 3667 3718 3673
f 3727 3673 3718
f 3728 3672 3673
f 3726 3718 3723
f 1576 2084 3672
f 3727 3731 3729
f 3203 1387 3190
f 3190 1791 3189
f 3283 1949 3210
f 317 259 391
f 2000 3653 3694
f 3601 3600 3602
f 3589 3584 3585
f 3577 756 2170
f 3585 3582 3583
f 3678 3637 3636
f 3204 376 3203
f 1801 3657 1799
f 3729 3728 3727
f 1575 3738 1088
f 3735 1576 3728
f 1776 1796 1775
f 1293 1290 1284
f 1326 1327 12
f 1294 1234 1290
f 878 1330 1337
f 497 374 498
f 122 413 121
f 3699 3704 3708
f 3606 3401 3602
f 3708 3698 3699
f 3464 3710 3462
f 3704 3443 3458
f 439 399 438
f 1512 1526 1511
f 1668 1738 1671
f 839 1362 838
f 1362 826 1012
f 3843 1896 3815
f 2053 2118 2117
f 3888 2120 2119
f 696 3816 3831
f 1826 639 640
f 3740 3729 3731
f 956 886 960
f 1980 1922 807
f 33 105 164
f 1343 3856 3857
f 3907 2128 3902
f 1766 1582 1594
f 14 2163 738
f 595 99 594
f 3233 3246 3245
f 1346 1044 1352
f 748 1425 747
f 3193 3254 3268
f 3190 3206 3203
f 3612 3606 3615
f 3624 3615 3625
f 3631 3443 3674
f 3679 3644 3637
f 3686 3647 3682
f 3702 3674 3704
f 3625 3600 3597
f 3601 3415 3631
f 3739 3735 3729
f 3630 3594 3741
f 3741 3716 3630
f 1284 1288 1285
f 3698 3680 3679
f 1778 1780 1779
f 1792 1584 1789
f 695 571 694
f 3638 3594 3595
f 3741 3588 3589
f 3247 3209 3202
f 3292 3294 3295
f 3296 3298 3299
f 3299 3300 3301
f 3302 3304 3305
f 3306 3308 3309
f 3307 3311 3308
f 3303 3301 3300
f 3312 3304 3313
f 3314 3316 3317
f 3318 3320 3321
f 3324 3321 3325
f 3326 3328 3323
f 3329 3331 3332
f 3333 3335 3336
f 3337 3339 3340
f 3333 3341 3342
f 3342 3343 3344
f 3319 3344 3343
f 3338 3334 3339
f 3346 3302 3347
f 3305 3347 3302
f 3312 3223 3349
f 3350 3340 3351
f 3312 3348 3305
f 3352 3341 3326
f 3311 3354 3308
f 3341 3327 3326
f 3359 3361 3362
f 3360 3250 3249
f 3318 3345 3319
f 3364 3318 3324
f 3314 3324 3365
f 3366 3301 3346
f 3299 3367 3296
f 3308 3368 3309
f 3369 3295 3294
f 3317 3364 3314
f 3370 3317 3316
f 3325 3365 3324
f 3352 3319 3343
f 3296 3353 3311
f 3297 3311 3310
f 3363 3354 3345
f 3345 3353 3344
f 3344 3367 3342
f 3366 3342 3367
f 3347 3334 3346
f 3339 3348 3340
f 3348 3351 3340
f 3363 3369 3368
f 3294 3368 3369
f 3293 3309 3294
f 3331 3374 3332
f 3346 3333 3366
f 3323 3352 3326
f 3356 3321 3320
f 3355 3325 3321
f 3357 3371 3325
f 3322 3320 3352
f 3361 3329 3362
f 3373 3375 3374
f 3374 3376 3332
f 3329 3376 3362
f 3327 3372 3328
f 3336 3375 3327
f 3335 3376 3375
f 3376 3337 3362
f 3337 3359 3362
f 3359 3276 3250
f 3377 3295 3370
f 3277 3315 3278
f 3371 3379 3365
f 3378 3358 3380
f 3365 3315 3314
f 3316 3279 3370
f 3282 3370 3279
f 3313 3224 3312
f 3378 3284 3379
f 3380 3285 3378
f 3379 3278 3315
f 3276 3351 3291
f 3291 3349 3223
f 3313 2965 3013
f 2965 3303 222
f 222 3300 223
f 223 3298 3186
f 3298 3185 3186
f 3297 2977 3185
f 3310 1213 2977
f 3307 1214 1213
f 2532 3306 3293
f 2894 3293 3292
f 2871 3292 3377
f 3253 3240 3242
f 3283 3013 2152
f 1997 1889 1892
f 1237 744 855
f 1535 120 121
f 1531 201 214
f 1119 1032 984
f 946 824 947
f 163 5 162
f 3589 3723 3741
f 1155 1162 1164
f 427 327 424
f 553 796 498
f 3381 2231 2237
f 3381 2230 2232
f 2237 3180 3381
f 3383 3385 3382
f 3384 3387 3385
f 3386 3389 3387
f 3388 3391 3389
f 3392 3394 3395
f 3395 3396 3397
f 3398 3397 3396
f 3400 3399 3398
f 3403 3405 3402
f 3406 3404 3403
f 3408 3407 3406
f 3410 3409 3408
f 3412 3411 3410
f 3415 3398 3414
f 3414 3396 3416
f 3416 3394 3417
f 3417 3393 3418
f 3393 3420 3418
f 3419 3421 3420
f 3390 3422 3421
f 3388 3423 3422
f 3386 3424 3423
f 3384 3425 3424
f 3425 3426 3184
f 2904 3428 2947
f 3429 2904 2902
f 3430 2902 2876
f 2875 3430 2876
f 3432 2733 2736
f 2825 3435 2824
f 3437 3439 3436
f 3441 3436 3440
f 2724 3434 2825
f 3436 3115 3117
f 3440 3117 3119
f 3443 3414 3442
f 3442 3416 3444
f 3444 3417 3445
f 3445 3418 3446
f 3446 3420 3447
f 3420 3448 3447
f 3421 3449 3448
f 3422 3450 3449
f 3423 3451 3450
f 3424 3452 3451
f 3425 3056 3452
f 3451 2253 2252
f 3450 2252 1727
f 3449 1727 2150
f 3448 2150 1941
f 3453 3448 1941
f 3454 3447 3453
f 3455 3446 3454
f 3456 3445 3455
f 3442 3456 3457
f 3443 3457 3458
f 3459 3458 3457
f 3457 3455 3459
f 3459 3454 3461
f 3462 3459 3461
f 3461 3453 3463
f 3464 3461 3463
f 3463 1941 1360
f 3404 3401 3405
f 3407 3399 3404
f 3409 3397 3407
f 3411 3395 3409
f 3465 3413 3412
f 3467 3469 3466
f 3465 3431 3433
f 3470 3466 3465
f 3438 3432 3435
f 3467 3438 3437
f 3468 3437 3441
f 3471 3468 3472
f 3472 3441 3473
f 3473 3440 2712
f 2712 3119 3128
f 3475 3472 3474
f 3474 3473 3476
f 3476 2712 2711
f 3477 2711 2400
f 3478 3476 3477
f 3479 3474 3478
f 3392 3413 3480
f 3466 3480 3413
f 3419 3392 3480
f 3390 3480 3391
f 3469 3391 3480
f 3389 3471 3475
f 3387 3475 3479
f 3385 3479 3481
f 3482 2400 2402
f 3483 3477 3482
f 3481 3478 3483
f 3484 2402 2707
f 3058 2707 2708
f 3061 3484 3058
f 3485 3482 3484
f 3382 3481 3486
f 3486 3483 3485
f 3426 3382 3487
f 3487 3486 1962
f 3486 3061 1962
f 1961 3487 1962
f 3057 3426 3487
f 3428 3402 3488
f 3427 3403 3428
f 3429 3406 3427
f 3430 3408 3429
f 3431 3410 3430
f 3470 3433 3432
f 3434 3438 3435
f 2723 3439 3434
f 2875 3433 3431
f 2736 3435 3432
f 2947 3488 3500
f 3464 1360 3497
f 1900 1924 1901
f 1736 1718 1750
f 1955 1943 1956
f 1671 1735 1751
f 1696 1698 1692
f 1800 1864 1801
f 2063 2056 2060
f 1737 1717 1736
f 1751 1697 1695
f 943 3899 684
f 3656 3402 3605
f 1577 1764 1703
f 3917 1599 3923
f 1945 82 1944
f 68 7 248
f 147 1543 148
f 1109 1133 1102
f 1503 1907 1908
f 1499 1909 1498
f 452 735 215
f 1824 3835 3845
f 1825 2068 1824
f 1463 1022 1194
f 841 1009 1011
f 1568 1955 1534
f 1926 1927 1923
f 1910 1502 1939
f 1939 422 442
f 309 1940 308
f 1804 1866 1803
f 269 1954 56
f 2065 2060 2056
f 3812 1758 3835
f 280 552 1940
f 1875 1869 1874
f 1739 1734 1737
f 1778 1790 1788
f 310 1915 279
f 1909 1906 1954
f 1789 1778 1788
f 978 980 979
f 1584 1731 1583
f 425 311 312
f 148 115 116
f 2044 3894 2046
f 277 1939 551
f 1943 1945 1944
f 1461 1463 1464
f 2253 3056 3055
f 2981 3489 958
f 2209 3489 3055
f 2254 3055 3489
f 2998 958 3489
f 2826 2721 2724
f 3490 2721 2817
f 2816 3490 2817
f 2334 2296 2335
f 2298 2334 2336
f 2301 2336 2338
f 2311 2338 2354
f 2312 2354 2355
f 2359 2361 2360
f 2335 2359 2360
f 2414 2365 2364
f 2413 2361 2365
f 2355 2540 2541
f 2541 2539 2542
f 2722 2739 2738
f 3114 2738 3113
f 3110 3121 3120
f 3108 3120 3113
f 3122 3127 3126
f 3112 3126 3121
f 3127 1753 3135
f 3139 2529 2542
f 3744 3133 3139
f 3490 2740 2739
f 3491 2789 3490
f 228 91 88
f 245 243 242
f 248 247 191
f 2 296 295
f 145 300 267
f 327 210 328
f 329 331 330
f 250 228 236
f 239 240 230
f 373 375 374
f 178 176 175
f 1218 1228 1321
f 3862 1295 3854
f 808 824 823
f 3858 1013 1014
f 3813 1411 1413
f 2154 2159 2160
f 3845 1758 1757
f 306 1922 452
f 2157 1976 1977
f 708 2031 1474
f 1450 1227 1428
f 1672 1605 1624
f 1813 1821 1816
f 1717 1715 1718
f 176 402 347
f 1710 3916 3915
f 1712 1577 1711
f 1705 1711 1704
f 971 979 970
f 822 1094 1102
f 2909 2793 2792
f 2810 2795 2793
f 2799 2249 2800
f 3662 2910 2799
f 2769 2801 2795
f 3177 3178 3179
f 3178 3180 3179
f 3181 1393 2800
f 3181 1632 3182
f 3182 2244 3183
f 3183 2243 3180
f 3492 2790 3491
f 2808 3491 2816
f 2239 3572 2240
f 1149 3571 3570
f 1150 3567 3571
f 2202 3566 2015
f 2921 3565 2923
f 3568 2133 2928
f 1777 1759 1792
f 1201 1183 1184
f 3561 2195 2194
f 3553 2770 2768
f 3927 1687 1692
f 1516 154 503
f 3549 2974 2803
f 3550 2779 2778
f 2771 3575 3546
f 3070 3546 3558
f 3547 2775 2867
f 1376 1370 1372
f 2767 3556 2206
f 2195 3543 2767
f 2775 3542 2776
f 3377 3545 2871
f 3804 3539 2806
f 2776 3538 2805
f 2240 3535 2920
f 2920 3669 3619
f 3548 2786 2779
f 1805 1851 1804
f 3534 2787 2786
f 2951 3540 3531
f 2772 3531 3575
f 2973 3530 3536
f 2224 3537 3530
f 1957 320 510
f 306 304 303
f 2770 3528 2913
f 2913 3574 2239
f 2923 3527 2922
f 308 431 47
f 207 132 543
f 1879 1881 1880
f 3733 3525 2089
f 2475 3558 3524
f 2476 3524 3523
f 2223 3523 3537
f 3522 2803 2802
f 2037 11 1950
f 1959 450 505
f 2003 3520 2129
f 9 334 540
f 2009 3518 3567
f 2008 3536 3518
f 3877 673 3879
f 3515 2778 2784
f 2935 3513 2936
f 111 3570 3511
f 3510 2935 2938
f 683 3885 943
f 3508 2810 2909
f 736 732 729
f 1795 1803 1796
f 3505 2938 2939
f 3507 2939 2940
f 2950 3504 2949
f 2940 3504 3507
f 3801 3512 2950
f 2868 3502 2869
f 2869 3522 2802
f 1024 1023 1020
f 3500 2948 2947
f 551 442 443
f 2972 3568 2928
f 2032 3499 2972
f 216 1924 1923
f 203 201 200
f 1828 1847 1837
f 1958 449 450
f 272 178 175
f 2871 3495 1361
f 3619 3564 2921
f 2801 3643 3662
f 2005 3654 2176
f 960 899 962
f 3657 3612 3624
f 3780 3646 3151
f 3151 3593 2555
f 2193 3623 2194
f 3607 3145 3144
f 3603 2761 3145
f 3592 3144 3104
f 2926 3634 3103
f 3634 3104 3103
f 3755 3746 3753
f 566 3758 2005
f 3488 1864 3500
f 1602 2079 2078
f 2868 3611 2922
f 2922 3610 2923
f 2923 3618 2921
f 3670 2918 3614
f 3619 3614 2920
f 2921 3670 3619
f 2920 3586 2240
f 3613 2915 2918
f 2917 3622 3641
f 2916 3641 3642
f 2239 3652 2913
f 2911 3652 2757
f 3643 2911 2910
f 2797 3662 3591
f 2797 3598 2750
f 3622 2763 2765
f 3608 2764 2745
f 2194 3648 2221
f 2221 3649 2222
f 2756 3609 2755
f 2750 3609 2747
f 3669 1817 3827
f 3763 1691 1699
f 2515 3590 2548
f 2548 3593 2550
f 2513 3632 3616
f 2513 3621 2515
f 2509 3620 2289
f 2510 3633 2509
f 2289 3639 2283
f 2283 3617 2286
f 2240 3587 2239
f 3659 3624 3626
f 716 3887 3888
f 727 3761 1923
f 2165 2170 2164
f 3660 3626 3629
f 3743 3578 3757
f 2175 769 770
f 2100 2095 2099
f 3758 3757 3578
f 640 3568 1826
f 1653 3553 1651
f 1895 3530 746
f 746 3537 741
f 1653 3528 3576
f 3762 1604 1672
f 2093 2073 2078
f 959 995 884
f 962 919 986
f 1400 1398 1399
f 1000 1127 1004
f 956 884 885
f 1662 3550 1661
f 2034 3546 1654
f 3926 3539 3802
f 3535 766 1817
f 3572 765 766
f 334 3571 335
f 1868 3540 1656
f 1684 1652 1678
f 1682 775 1807
f 1585 3762 1700
f 3763 1672 1673
f 2173 490 491
f 1658 3547 1752
f 3556 1650 724
f 1571 2010 1572
f 1587 3671 2080
f 2099 2077 2094
f 787 1999 786
f 2000 786 1999
f 3155 3697 3683
f 3713 3683 3789
f 2180 3685 3684
f 3496 3684 3705
f 1684 3840 1651
f 1760 3495 3545
f 2607 3693 2590
f 2581 3689 2607
f 2371 3700 3695
f 2371 3693 2372
f 2587 3675 2586
f 2586 3697 339
f 2497 3687 2503
f 2502 3687 3700
f 2494 3690 2495
f 3690 2472 2495
f 3688 2468 2472
f 3701 2469 2468
f 726 3892 630
f 581 3518 580
f 10 3570 334
f 1837 3510 1849
f 741 3523 1300
f 1299 3558 2034
f 1851 3504 1866
f 3527 1820 1819
f 580 3536 1895
f 1758 3522 3502
f 1693 3508 1806
f 3504 1867 1866
f 1894 3568 3499
f 2126 3813 3841
f 3906 3841 3912
f 2113 3867 2110
f 2179 3789 3685
f 624 3904 623
f 2192 3788 3780
f 2177 3787 3733
f 1364 3833 1338
f 3858 1470 1453
f 3135 3775 3744
f 2069 3835 2068
f 1351 3853 1352
f 2108 3901 499
f 2089 3736 3733
f 3828 1358 866
f 2001 3783 2187
f 2187 3719 2091
f 2130 3752 2004
f 2004 3749 2001
f 2014 3779 2201
f 2201 3756 2130
f 3167 3759 2969
f 3168 3720 3167
f 3159 3764 3160
f 3160 3765 3081
f 3730 3158 337
f 3158 3709 3159
f 2200 3730 3722
f 3685 3742 2204
f 3722 2197 2200
f 3790 2092 3721
f 3774 3721 2197
f 3154 3790 3774
f 3155 3706 3154
f 2091 3721 2092
f 2196 3750 3776
f 2193 3776 3781
f 3604 3781 3788
f 2086 3780 3778
f 2087 3778 3777
f 2204 3751 2205
f 2205 3750 3148
f 3909 574 692
f 2124 3777 3760
f 2208 3760 3782
f 3711 3140 3137
f 3785 3138 3140
f 3745 3139 3138
f 3771 3136 2322
f 3712 3137 3136
f 3775 3131 3133
f 3767 3132 3131
f 1813 3838 1814
f 1293 3856 1344
f 2184 3748 3732
f 2181 3732 3734
f 3765 3079 3081
f 3768 3080 3079
f 709 3875 2031
f 2774 3737 3769
f 3786 2134 3559
f 3809 766 765
f 2968 3766 2959
f 2969 3784 2968
f 2958 3737 2961
f 2132 3766 2960
f 2321 3771 3748
f 3860 1449 28
f 3905 582 710
f 3886 577 574
f 3847 1818 3827
f 705 3887 2121
f 3816 3907 698
f 2111 3911 2113
f 3810 1366 1411
f 1812 3822 1815
f 675 3852 674
f 3496 3851 675
f 2110 3868 2109
f 2104 3901 2106
f 2109 3899 944
f 3842 703 739
f 1680 3846 1684
f 1639 3819 3818
f 623 3906 697
f 2139 3866 3865
f 1808 3844 3837
f 3820 1819 1820
f 3872 3900 706
f 1646 3830 1648
f 3889 633 577
f 2139 3875 18
f 2156 3871 3874
f 674 3913 3869
f 2117 3812 2069
f 1815 3847 3823
f 3855 1444 1470
f 697 3912 3816
f 866 3836 3828
f 3864 2136 2135
f 3585 3726 3589
f 3583 3731 3585
f 3753 3738 3739
f 3740 3581 3743
f 1088 3746 1093
f 3739 3743 3753
f 2791 3493 2792
f 3492 2807 3493
f 2792 3494 2909
f 3493 2806 3494
f 3508 3494 3516
f 3516 2806 3539
f 2948 3791 3801
f 2105 3896 2104
f 3538 3804 2805
f 680 3876 683
f 1891 3910 3891
f 2905 3801 2950
f 2900 3799 2905
f 2901 3807 2877
f 2734 3806 3794
f 2877 3806 2878
f 2820 3794 2872
f 2818 3792 2827
f 2823 3792 2826
f 2822 3798 2821
f 2819 3800 3798
f 2817 3795 2816
f 2809 3795 2815
f 2808 3803 2807
f 2805 3803 2804
f 1702 3923 1599
f 3922 1797 1802
f 3915 1706 1709
f 3918 1692 1698
f 1657 3880 1879
f 1890 3895 3910
f 3772 1674 1675
f 1689 3772 3773
f 3926 3538 1688
f 3516 1689 3773
f 3917 1703 1764
f 1598 3928 1770
f 3880 1876 1879
f 1691 3925 3927
f 3925 1688 1687
f 1117 1118 3930
f 1066 1322 3930
f 1243 847 3930
f 3825 848 3930
f 1128 1117 3930
f 1129 1130 3930
f 841 1011 3930
f 1230 3863 3930
f 1242 1243 3930
f 1322 1229 3930
f 1064 1065 3930
f 1003 1128 3930
f 1229 1230 3930
f 3863 1285 3930
f 1285 1288 3930
f 848 839 3930
f 847 3825 3930
f 1118 1129 3930
f 1065 1066 3930
f 1087 1086 3930
f 1008 1002 3930
f 1011 1008 3930
f 1002 1003 3930
f 1076 1069 3930
f 838 841 3930
f 839 838 3930
f 1288 1242 3930
f 1130 1087 3930
f 1086 1076 3930
f 1069 1064 3930
f 2410 2414 3931
f 2411 2410 3931
f 3617 2285 3931
f 2394 2393 3931
f 2393 2396 3931
f 2281 2286 3931
f 2282 2280 3931
f 2398 2399 3931
f 2465 2464 3931
f 2396 2397 3931
f 2470 2469 3931
f 2399 2416 3931
f 2480 2395 3931
f 2459 2480 3931
f 2369 2282 3931
f 2460 2459 3931
f 2415 2411 3931
f 2416 2415 3931
f 2364 2363 3931
f 2286 3617 3931
f 2464 2470 3931
f 2469 3703 3931
f 2285 2465 3931
f 2414 2364 3931
f 2395 2394 3931
f 2363 2367 3931
f 2397 2398 3931
f 2280 2281 3931
f 3703 2460 3931
f 2367 2369 3931
f 4 3 2
f 8 7 6
f 13 16 15
f 17 28 19
f 32 31 30
f 36 35 34
f 37 40 39
f 21 22 23
f 25 26 27
f 41 44 43
f 48 47 46
f 52 51 50
f 53 56 55
f 60 59 58
f 29 30 62
f 66 65 64
f 67 5 6
f 72 71 70
f 76 75 74
f 77 80 79
f 81 84 83
f 59 87 86
f 88 91 90
f 96 95 94
f 100 99 98
f 101 104 103
f 106 105 34
f 108 116 115
f 117 119 36
f 124 127 126
f 131 130 129
f 132 102 134
f 142 141 140
f 148 106 60
f 144 143 127
f 149 152 151
f 156 155 154
f 159 150 158
f 116 108 164
f 171 170 169
f 174 126 173
f 179 182 181
f 186 189 188
f 194 197 196
f 199 142 139
f 206 209 208
f 213 212 211
f 202 215 214
f 96 93 216
f 92 238 43
f 97 184 246
f 250 249 229
f 252 254 58
f 258 257 256
f 260 91 229
f 110 111 112
f 114 264 263
f 265 268 267
f 56 53 270
f 274 273 249
f 185 183 63
f 280 279 278
f 285 284 283
f 288 219 211
f 141 142 92
f 289 290 175
f 148 116 105
f 312 311 170
f 238 262 42
f 318 163 160
f 310 309 308
f 241 239 325
f 160 230 240
f 47 48 307
f 108 109 315
f 345 85 86
f 348 351 350
f 356 359 358
f 355 354 353
f 363 31 32
f 364 252 253
f 366 125 368
f 183 372 371
f 163 162 161
f 209 226 101
f 378 377 165
f 379 295 381
f 383 382 3
f 284 285 386
f 387 127 389
f 391 259 229
f 73 281 397
f 405 408 407
f 203 218 411
f 414 121 413
f 1 356 357
f 277 276 131
f 254 344 57
f 358 384 415
f 417 416 386
f 401 400 192
f 419 389 127
f 421 181 182
f 103 301 302
f 428 367 368
f 380 390 359
f 62 204 266
f 140 141 431
f 357 358 351
f 356 1 379
f 415 392 403
f 437 428 436
f 438 441 440
f 188 451 450
f 265 455 181
f 224 185 64
f 237 212 213
f 275 131 128
f 281 282 460
f 50 462 79
f 73 74 282
f 468 467 466
f 390 355 352
f 482 485 484
f 489 488 487
f 493 496 495
f 472 471 470
f 502 501 500
f 220 221 222
f 512 419 143
f 518 517 511
f 513 239 230
f 205 30 31
f 189 370 451
f 163 318 532
f 533 224 225
f 446 448 447
f 335 541 540
f 544 512 546
f 329 519 291
f 199 534 262
f 385 386 416
f 532 190 191
f 363 117 118
f 578 581 580
f 573 572 571
f 561 563 562
f 241 260 259
f 590 593 592
f 545 546 595
f 503 154 155
f 606 625 624
f 478 481 480
f 646 649 648
f 590 591 689
f 564 565 651
f 728 246 184
f 714 724 716
f 692 574 575
f 541 335 581
f 346 68 248
f 161 231 230
f 128 129 94
f 698 705 704
f 574 577 576
f 290 289 401
f 630 631 725
f 733 736 735
f 755 466 496
f 759 480 481
f 757 763 762
f 764 496 466
f 768 767 3808
f 759 760 488
f 492 474 475
f 474 770 769
f 773 468 465
f 771 774 486
f 484 485 775
f 774 776 489
f 495 496 764
f 495 757 761
f 137 397 784
f 325 239 797
f 165 519 51
f 369 32 29
f 730 731 568
f 90 302 301
f 243 118 516
f 800 734 806
f 817 815 808
f 816 808 823
f 306 303 447
f 815 810 809
f 829 830 828
f 726 725 501
f 274 427 424
f 879 882 881
f 884 883 879
f 219 218 217
f 906 905 904
f 455 204 205
f 898 882 830
f 903 900 880
f 377 291 519
f 923 949 948
f 946 947 951
f 3519 740 739
f 900 899 886
f 225 64 65
f 182 445 442
f 809 952 947
f 954 960 962
f 927 950 965
f 885 879 880
f 925 927 966
f 343 342 341
f 965 964 971
f 968 971 970
f 972 968 969
f 963 961 981
f 336 337 338
f 992 993 827
f 810 815 996
f 1007 1001 1002
f 1012 826 827
f 1011 1009 1007
f 294 293 292
f 907 908 920
f 1017 579 1019
f 1020 1023 1022
f 1035 1024 1020
f 1061 1060 1047
f 1063 1061 1046
f 1044 1020 1021
f 1102 1094 1097
f 1116 1126 1118
f 1016 1015 1014
f 881 897 904
f 816 1116 1127
f 1094 948 949
f 514 342 167
f 146 145 81
f 1133 1135 1130
f 1102 1133 1126
f 822 1126 1116
f 1145 1143 1148
f 1076 1144 1151
f 1148 1143 1086
f 1109 1097 1114
f 1154 1153 1156
f 1153 925 967
f 3464 3497 463
f 1144 1147 1152
f 1156 967 1163
f 1164 1162 1169
f 1145 1171 1176
f 1114 1115 1154
f 1183 1155 1164
f 1184 1183 1177
f 1069 1151 1062
f 1023 1191 1194
f 1162 1163 1170
f 1195 1184 1185
f 1183 1196 1176
f 1201 1063 1152
f 1061 1063 1201
f 3825 847 843
f 1203 1202 1195
f 1202 1201 1184
f 1218 1060 1203
f 1060 1061 1202
f 1225 1218 1217
f 671 695 694
f 1219 1217 1024
f 1217 1203 1034
f 1226 1014 1015
f 1243 1242 1234
f 1231 1230 1229
f 847 1243 1233
f 843 1233 1244
f 1233 1234 1245
f 1923 3761 233
f 2100 2108 499
f 3914 3864 2135
f 61 62 323
f 210 211 217
f 1299 1310 1309
f 3863 1230 1231
f 1066 1047 1321
f 1322 1321 1228
f 1060 1218 1321
f 1325 1324 1323
f 1244 1245 1332
f 1290 1234 1242
f 1337 1330 1339
f 1330 1332 1340
f 1341 1332 1245
f 1342 1340 1332
f 1343 1342 1341
f 1344 1341 1294
f 3857 3856 1345
f 1347 1348 1342
f 3856 3854 1295
f 1349 1350 1348
f 3861 1349 1347
f 3853 1347 1343
f 906 898 829
f 905 906 1353
f 865 1356 1355
f 1355 1353 829
f 1357 1355 825
f 1356 1354 1353
f 3834 1337 1338
f 866 1358 1356
f 1358 1359 1354
f 3828 878 1337
f 838 1362 1012
f 1363 1364 1338
f 1368 1363 1339
f 1348 1368 1340
f 1371 1369 3824
f 524 525 526
f 528 529 530
f 1372 1370 1369
f 535 536 537
f 1367 1368 1348
f 1370 1354 1359
f 1369 1359 3833
f 1373 910 903
f 555 556 557
f 1374 909 910
f 1373 904 905
f 1374 1373 1375
f 1375 905 1354
f 1378 920 908
f 376 373 651
f 1388 928 973
f 586 587 588
f 1390 1389 1388
f 1391 1388 969
f 597 598 599
f 600 601 602
f 1392 1391 970
f 608 609 610
f 612 524 523
f 614 615 616
f 617 618 25
f 620 621 622
f 1397 1390 1391
f 1398 1397 1392
f 1400 987 920
f 1402 1403 1165
f 636 637 638
f 930 1404 1402
f 641 642 643
f 929 1402 1169
f 1404 1405 1403
f 1411 1366 1365
f 1412 1406 1415
f 652 653 654
f 609 656 657
f 659 660 661
f 558 663 586
f 665 666 667
f 1413 1411 1406
f 1418 1416 3810
f 1417 1372 1371
f 1416 1371 3829
f 1419 1417 1416
f 1386 909 1374
f 677 678 679
f 1385 1386 1420
f 1420 1374 1376
f 685 686 687
f 1421 1420 1422
f 528 690 691
f 1422 1376 1372
f 1018 1019 747
f 699 700 701
f 1424 578 579
f 3663 1597 1767
f 700 699 711
f 1093 3746 3754
f 717 718 530
f 721 722 723
f 704 1650 3543
f 19 1429 1426
f 1429 1428 1427
f 1658 1659 3542
f 1439 1437 1434
f 1437 1436 1435
f 1426 1427 1433
f 1442 1431 1432
f 742 743 744
f 1432 1433 1441
f 751 752 753
f 1438 1434 1403
f 1446 1445 1444
f 1447 1448 1446
f 3860 1447 1443
f 1415 1367 1445
f 1414 1415 1446
f 2173 1683 469
f 777 778 779
f 780 781 782
f 1676 1693 1806
f 3859 1451 1349
f 789 790 791
f 745 792 793
f 652 794 795
f 1455 1458 1457
f 1454 1367 1350
f 610 691 802
f 3831 3816 698
f 1352 1044 1045
f 1015 1016 1459
f 811 812 813
f 2118 3815 3817
f 819 820 821
f 1466 1463 1194
f 1467 1468 1465
f 1182 1165 1468
f 832 812 833
f 835 836 837
f 1467 1466 1190
f 1469 1470 1444
f 840 700 712
f 1453 1470 1469
f 599 844 845
f 1226 1450 3849
f 851 852 853
f 855 744 856
f 858 859 860
f 861 862 863
f 1014 1226 3855
f 867 676 868
f 870 871 872
f 874 875 876
f 1310 1323 1471
f 1476 1433 1427
f 1461 1476 1475
f 887 888 889
f 788 791 892
f 894 895 896
f 1460 1475 1227
f 901 902 524
f 1465 1478 1477
f 1865 3503 3500
f 911 912 913
f 916 917 918
f 1850 3505 3507
f 921 922 895
f 1479 1435 1436
f 926 664 667
f 1481 562 563
f 269 1483 84
f 931 932 933
f 934 935 614
f 936 685 688
f 938 659 662
f 1484 270 122
f 941 942 835
f 320 321 509
f 1849 3510 3505
f 84 1483 1484
f 1487 1490 1488
f 1757 1758 3502
f 365 1492 1491
f 461 79 80
f 117 363 362
f 1494 540 541
f 926 601 957
f 1477 1441 1433
f 1709 1588 1585
f 119 117 1496
f 271 1497 504
f 511 517 189
f 345 1496 1492
f 57 344 299
f 1501 1499 268
f 267 268 1499
f 974 975 976
f 1678 1652 1693
f 3846 1682 1807
f 557 982 663
f 983 941 984
f 1443 1444 3849
f 421 1500 268
f 989 990 991
f 1490 1487 418
f 279 280 309
f 997 868 676
f 998 26 999
f 1504 418 38
f 1506 1508 1507
f 360 361 1508
f 1506 1486 207
f 939 1005 1006
f 270 1484 1483
f 66 63 546
f 1010 742 793
f 367 428 437
f 244 31 363
f 1670 3532 3534
f 209 206 1510
f 388 389 426
f 427 274 250
f 161 520 521
f 100 246 45
f 1025 1026 608
f 1029 1030 1031
f 939 662 1033
f 41 42 594
f 1036 780 783
f 702 701 1038
f 1040 1041 1042
f 362 32 369
f 187 1520 477
f 70 1487 539
f 1049 600 603
f 613 867 869
f 860 1050 1051
f 1005 1052 1053
f 753 1055 1056
f 1057 1058 1059
f 293 288 1522
f 288 212 1521
f 292 1522 1523
f 331 1507 1508
f 306 452 453
f 100 44 41
f 462 1524 78
f 330 331 1524
f 635 1067 1068
f 1485 1527 1526
f 206 1485 1528
f 1070 1071 1072
f 942 941 1073
f 916 933 1075
f 440 1529 1530
f 157 158 1514
f 1529 162 5
f 371 595 546
f 790 586 663
f 1077 858 857
f 1403 1434 1435
f 1080 1081 1082
f 531 520 1529
f 21 1083 1084
f 272 1532 1531
f 690 712 802
f 335 3571 3567
f 1090 1030 1029
f 1092 795 794
f 1533 396 137
f 661 660 1095
f 69 444 445
f 1099 1100 1101
f 38 39 1536
f 1104 1105 1106
f 852 1107 1108
f 1377 908 909
f 291 377 411
f 316 1536 516
f 539 1488 1533
f 1505 1536 316
f 1110 1111 1112
f 1539 1537 460
f 522 441 1537
f 834 837 1120
f 1122 1123 1124
f 612 1125 1041
f 935 793 615
f 276 278 130
f 1686 3549 3522
f 193 190 1541
f 231 521 1540
f 556 1037 982
f 365 253 85
f 190 532 318
f 1810 765 3574
f 3924 1867 3512
f 1132 983 985
f 208 101 102
f 1134 1033 662
f 1491 518 80
f 429 133 1542
f 1137 1138 915
f 172 436 428
f 1139 1140 1141
f 549 96 54
f 1517 1519 1518
f 834 1119 984
f 1543 513 286
f 1544 797 239
f 133 134 1544
f 506 361 257
f 420 327 328
f 1158 1159 1160
f 587 1104 1103
f 607 1161 1027
f 304 1546 1545
f 364 1491 77
f 69 70 198
f 700 840 1112
f 3877 626 3525
f 1166 719 657
f 1167 1168 858
f 1300 3523 3524
f 1172 1173 1174
f 218 203 200
f 1179 1180 1181
f 372 183 97
f 89 104 227
f 1186 1187 1188
f 172 173 1517
f 1482 84 81
f 1090 1192 1193
f 394 395 353
f 526 525 1198
f 1199 1200 1026
f 606 623 697
f 1204 1205 1206
f 1207 1208 523
f 1209 1210 867
f 914 913 685
f 1478 1436 1441
f 1029 1028 1161
f 1211 1212 1213
f 3858 1453 1451
f 844 1215 1216
f 423 193 273
f 1220 1221 1222
f 22 1223 1224
f 882 898 897
f 1519 1517 173
f 1189 1188 1232
f 349 350 550
f 1071 1235 1236
f 1237 1238 1239
f 1221 1186 1189
f 1510 1528 1512
f 939 1032 1241
f 1556 1530 5
f 1553 1554 394
f 404 1556 67
f 1247 1248 1249
f 142 199 238
f 1251 1067 635
f 850 1252 1253
f 1254 1167 1077
f 57 132 133
f 443 430 552
f 1187 1172 1175
f 1256 1070 831
f 432 405 382
f 741 748 747
f 434 350 351
f 349 432 383
f 251 124 1481
f 395 384 352
f 1518 1519 1550
f 1558 410 378
f 109 263 314
f 285 1514 1513
f 395 394 393
f 202 203 410
f 417 408 405
f 1246 1257 1258
f 3 1559 297
f 1259 1260 1261
f 403 404 347
f 955 954 953
f 462 50 51
f 1096 1095 687
f 429 147 60
f 896 1264 1265
f 1267 721 1268
f 423 424 327
f 37 179 180
f 20 23 1187
f 1256 1168 1071
f 1188 1175 1269
f 1236 1270 1271
f 1272 536 535
f 565 564 463
f 1273 792 745
f 876 1254 1255
f 316 33 164
f 437 1516 503
f 194 1494 1495
f 1275 1276 864
f 624 625 631
f 1277 1274 1137
f 569 568 567
f 1481 124 125
f 324 325 547
f 1279 1108 1107
f 1525 332 329
f 1281 1278 1137
f 171 168 1553
f 1488 73 396
f 1557 1561 1562
f 1282 856 1206
f 1053 1277 1278
f 778 777 607
f 713 583 3566
f 251 225 144
f 4 357 348
f 709 708 707
f 728 48 45
f 261 135 1563
f 789 1286 1287
f 74 314 263
f 403 284 385
f 1178 1181 1240
f 1223 1259 1289
f 1220 20 1186
f 296 1518 354
f 784 459 1538
f 1181 1180 1291
f 1269 1292 1257
f 1566 1538 438
f 136 784 1566
f 1563 1564 169
f 107 114 109
f 1297 1282 1298
f 1464 1477 1476
f 1520 187 507
f 1301 1302 1303
f 1306 1307 1308
f 175 456 1532
f 1532 456 200
f 1311 1266 1312
f 872 1314 1315
f 3836 843 878
f 1305 1308 864
f 1040 1275 863
f 1564 1566 399
f 592 1576 1575
f 591 1575 1088
f 1581 1584 1583
f 1196 1152 1147
f 710 582 583
f 285 407 408
f 953 954 961
f 1594 1592 1589
f 1585 1588 1587
f 1592 1591 1590
f 3885 945 944
f 1600 1599 1598
f 1604 1603 1602
f 1399 1392 979
f 1589 1590 1596
f 1610 1609 1608
f 298 257 361
f 551 552 276
f 1627 1626 3814
f 859 811 818
f 1078 857 1328
f 1555 439 1530
f 572 573 680
f 772 465 776
f 977 1281 918
f 404 403 392
f 1054 1331 750
f 1644 1645 1643
f 932 1265 1082
f 1067 1333 1334
f 1540 1539 264
f 597 1335 643
f 471 761 762
f 1642 696 3831
f 1644 1642 3842
f 923 946 950
f 96 549 548
f 520 531 522
f 445 444 443
f 849 839 848
f 480 759 755
f 1646 760 481
f 311 426 1567
f 464 463 3497
f 3497 1360 1361
f 234 237 236
f 190 193 192
f 153 154 152
f 231 287 286
f 1552 1553 1551
f 760 1646 1648
f 3832 1647 1649
f 828 827 826
f 52 167 166
f 1663 1662 1661
f 287 107 115
f 668 671 670
f 634 645 640
f 553 560 559
f 118 36 33
f 492 484 491
f 3552 1652 1651
f 582 589 584
f 384 395 392
f 1381 1382 1383
f 1562 1561 435
f 952 953 951
f 3529 3566 583
f 1660 1661 1667
f 1394 1395 1396
f 1660 1665 1664
f 1671 1670 1669
f 1624 1625 1673
f 1407 1408 1409
f 1677 1676 1675
f 1613 1679 1677
f 1679 1678 1676
f 1626 1681 3811
f 534 199 198
f 803 733 734
f 400 248 191
f 65 66 143
f 3526 1657 1656
f 402 159 157
f 629 628 627
f 461 477 49
f 758 757 495
f 796 787 786
f 406 407 1513
f 342 343 166
f 1694 1659 1658
f 1692 1687 1694
f 3557 1693 1652
f 3921 1704 1703
f 326 547 302
f 3916 3921 1702
f 3919 3918 1698
f 1699 1691 3927
f 1557 406 1560
f 1127 1116 1117
f 400 401 289
f 1706 1702 1707
f 1707 1702 1599
f 1709 1706 1708
f 1714 1712 1711
f 3919 3915 1709
f 1704 1711 1577
f 1716 1714 1713
f 1559 1562 1549
f 1722 1721 1720
f 1335 597 596
f 410 411 377
f 973 1170 1163
f 168 169 399
f 1571 682 1089
f 1572 681 682
f 749 646 647
f 1730 1724 1723
f 1594 1582 1729
f 1729 1723 1591
f 1384 1378 1377
f 1732 1731 1712
f 1724 1730 1731
f 1722 1724 1732
f 1721 1722 1733
f 1734 1733 1716
f 1735 1737 1736
f 1733 1732 1714
f 1663 1664 1741
f 1742 1665 1740
f 1738 1739 1737
f 1665 1660 1666
f 1665 1742 1744
f 1725 1726 1746
f 1591 1725 1745
f 1590 1745 1747
f 1745 1746 1748
f 1659 1688 3538
f 3287 1760 3545
f 1185 1177 1182
f 1664 1744 1749
f 1741 1749 1739
f 1746 1742 1743
f 1726 1744 1742
f 1115 924 1153
f 1654 3546 3575
f 1896 3562 3549
f 1720 1749 1744
f 1721 1739 1749
f 1750 1718 1701
f 1697 1736 1750
f 1151 1152 1063
f 1751 1752 1670
f 1695 1658 1752
f 961 962 986
f 1770 1769 1768
f 1766 1594 1593
f 1731 1759 1579
f 1579 1777 1774
f 3928 1772 1771
f 1764 1772 3928
f 1777 1776 1775
f 3762 3763 1699
f 1004 1127 1128
f 1774 1775 1771
f 987 1400 1399
f 1578 1774 1772
f 1783 1782 1781
f 1597 1598 1770
f 639 1878 3895
f 3928 3929 1769
f 1793 1792 1789
f 3929 3920 1798
f 3508 3516 3773
f 1802 1867 3924
f 1788 1790 1794
f 1793 1794 1795
f 3773 3772 1675
f 1584 1581 1783
f 1771 1797 3920
f 1801 1799 1798
f 1768 1769 1798
f 1775 1796 1797
f 508 514 515
f 1796 1803 1802
f 1800 1798 3920
f 1794 1805 1804
f 3532 1670 1752
f 485 1808 1807
f 3809 3844 1640
f 3837 3844 1810
f 485 482 1640
f 1690 1691 3770
f 487 488 1648
f 3839 1813 1816
f 3838 1811 1648
f 3839 1812 1811
f 1812 1809 487
f 1641 1809 767
f 465 466 755
f 767 1815 3823
f 3822 1816 3826
f 1809 1812 1815
f 3837 1653 1651
f 675 672 3541
f 1814 1649 1822
f 1821 1822 3821
f 1824 1822 1649
f 1827 1849 1850
f 1668 1669 1662
f 1779 1780 1848
f 1790 1827 1805
f 1833 1836 1853
f 3521 3506 693
f 1614 1615 1616
f 1852 1853 3498
f 1620 1621 1622
f 1855 1765 1574
f 1847 1852 3501
f 1766 1765 1855
f 1629 1630 1631
f 1633 1622 1634
f 1635 1636 1637
f 1848 1833 1852
f 1855 1861 1863
f 1803 1866 1867
f 1862 1863 1831
f 1782 1855 1862
f 3922 3924 1865
f 1873 1872 1870
f 1874 1869 799
f 2045 3878 3897
f 1219 1345 1295
f 1615 1614 1396
f 3884 3895 1877
f 645 3898 3786
f 1345 1219 1035
f 634 639 3884
f 15 1887 1327
f 3910 3895 1878
f 1894 604 605
f 3506 3551 627
f 3560 640 645
f 340 341 454
f 1897 194 195
f 1889 1882 1877
f 1901 94 129
f 196 749 754
f 1705 1704 3921
f 340 378 166
f 1570 1480 563
f 1904 1494 194
f 1781 1862 1832
f 1905 549 55
f 1000 994 995
f 986 919 920
f 1191 1185 1190
f 2094 2077 2075
f 1920 1921 1919
f 453 454 1912
f 1915 1919 1918
f 3882 2112 2106
f 1655 3575 3531
f 1916 1918 1926
f 704 3554 3561
f 278 1916 1925
f 3565 3564 1818
f 1097 949 1115
f 1927 1928 727
f 3578 3579 3654
f 1920 310 307
f 1929 307 48
f 503 504 1497
f 1902 1903 787
f 1816 1821 3820
f 1925 1926 1923
f 1535 1569 1568
f 254 252 258
f 1509 1497 366
f 119 86 35
f 219 288 293
f 141 46 47
f 542 205 244
f 1940 552 430
f 1779 1828 1827
f 1701 1710 3915
f 1661 3550 3515
f 270 53 754
f 197 1947 749
f 1727 1728 1212
f 53 54 232
f 1465 1468 1479
f 1284 3862 3854
f 1951 446 412
f 168 398 1554
f 1486 1485 206
f 506 77 78
f 994 1001 1007
f 951 953 963
f 1013 3859 3861
f 3826 3820 1820
f 1498 1909 1954
f 299 298 543
f 1754 1755 1756
f 1681 469 1683
f 1696 1694 1695
f 13 14 738
f 473 476 475
f 482 1641 768
f 204 62 30
f 1761 1762 820
f 611 1763 1125
f 1501 1503 1908
f 1074 1073 711
f 1960 1944 82
f 120 1956 1960
f 35 86 87
f 1773 1199 1025
f 1965 1545 1569
f 494 761 471
f 1966 1967 1969
f 446 1951 1971
f 174 368 125
f 1580 1579 1578
f 1785 1786 1787
f 1972 1546 304
f 1254 876 875
f 1973 341 342
f 321 1912 1973
f 1910 277 275
f 509 1973 514
f 1486 1507 1527
f 1974 1874 804
f 1977 1976 1974
f 1980 448 1966
f 379 1 2
f 1718 1715 1710
f 884 995 992
f 1680 1684 1678
f 902 990 525
f 344 255 256
f 135 138 137
f 448 446 1967
f 589 605 604
f 910 909 908
f 1981 1966 1968
f 1982 1981 1987
f 1988 1979 1987
f 1990 1988 1989
f 1991 1989 1993
f 322 321 320
f 992 828 830
f 1144 1076 1086
f 1995 1977 1978
f 1133 1129 1118
f 1997 1995 1994
f 870 1823 1335
f 805 806 1982
f 727 184 2000
f 1996 1994 1988
f 1994 1978 1979
f 1829 616 792
f 1830 1073 941
f 798 803 800
f 729 732 731
f 2011 2012 2023
f 1834 1835 846
f 402 283 284
f 2022 2023 2024
f 1838 718 989
f 810 955 952
f 1823 1839 1840
f 1430 1426 1432
f 1215 844 1841
f 1316 1208 873
f 2112 1401 1384
f 1842 1843 1844
f 1159 846 845
f 837 27 1846
f 1971 1951 2030
f 517 369 370
f 1471 2026 2027
f 3551 3525 626
f 2174 2175 770
f 935 934 1854
f 1613 1619 1611
f 1231 1228 1225
f 1856 1857 891
f 1300 1309 748
f 1150 1149 1858
f 1643 606 696
f 1215 1265 1264
f 1320 1860 902
f 1956 1943 1944
f 2031 668 669
f 2034 1325 1310
f 1879 1880 1656
f 40 245 242
f 1992 1993 2039
f 888 958 957
f 1882 1889 1996
f 1078 1138 1255
f 1871 912 1192
f 294 411 218
f 1323 2041 2026
f 123 1960 83
f 1324 2036 2041
f 384 358 359
f 1324 1325 2038
f 1883 1884 1885
f 287 1540 114
f 1096 1886 1134
f 915 1329 931
f 806 1980 1981
f 3533 3529 584
f 1425 2030 2042
f 1018 2042 1948
f 3562 1896 740
f 1948 2042 649
f 1881 1882 1990
f 1900 129 130
f 992 995 994
f 923 927 925
f 3878 2045 2047
f 1643 2048 625
f 2050 2052 2051
f 2045 1405 1404
f 3876 2047 945
f 1139 1080 1079
f 1037 1856 892
f 2055 2053 2057
f 1198 989 718
f 1619 2058 1612
f 2058 1605 1606
f 2059 2060 1607
f 2058 1619 1624
f 71 72 179
f 405 406 1557
f 322 1548 1972
f 2061 2052 2063
f 2066 2065 2067
f 2052 2061 2064
f 1609 1610 2066
f 1515 151 152
f 1009 827 993
f 1644 3843 3815
f 279 1915 1916
f 1285 3863 3862
f 1647 2066 1825
f 2056 2057 2067
f 319 320 1953
f 667 666 1913
f 2070 631 625
f 2052 2050 2055
f 2038 1654 1655
f 1606 1601 2073
f 1235 1917 1270
f 2072 2073 2075
f 2059 1606 2072
f 2074 2075 2077
f 1601 1602 2078
f 2049 2048 1643
f 1000 1004 1001
f 1089 943 684
f 1931 1286 1306
f 1462 1459 1021
f 1932 1933 1934
f 875 874 1846
f 1936 1051 1937
f 44 45 46
f 1534 1955 1956
f 1541 318 317
f 2081 2082 2084
f 146 1945 1959
f 1360 1941 1942
f 985 984 1032
f 1995 1997 1892
f 2079 2080 2082
f 2095 2096 2076
f 2081 2093 2078
f 2055 2050 2054
f 501 2096 2095
f 2097 2100 2099
f 2098 2099 2094
f 2140 2141 3893
f 2141 2046 3894
f 2051 2070 2048
f 592 2102 2101
f 2071 2064 2076
f 2102 2097 2098
f 593 2103 2102
f 1019 1895 746
f 1950 11 12
f 725 2071 2096
f 1385 2105 2104
f 1379 2104 2106
f 2107 2108 2100
f 3908 726 502
f 3896 502 499
f 940 1389 2109
f 928 929 1170
f 3868 590 684
f 1962 1963 1964
f 3878 680 573
f 2039 1993 1968
f 1389 1390 2110
f 1398 2111 2113
f 3757 3755 3753
f 3911 3883 2107
f 949 923 924
f 260 241 324
f 1390 1397 2113
f 2070 2051 2064
f 3867 3911 2103
f 2105 1385 1421
f 2114 1421 1423
f 3892 2114 2115
f 3908 2105 2114
f 554 2116 1902
f 972 1163 967
f 1765 1593 1573
f 1984 1985 1986
f 2053 2117 2069
f 3573 3556 724
f 1625 1677 1674
f 3881 3888 2119
f 3903 2115 2123
f 56 1954 1906
f 626 3877 3879
f 2001 2002 2003
f 3912 3841 2127
f 2006 2007 2008
f 2127 1413 1412
f 2014 2015 2016
f 2018 2019 2020
f 1495 1424 1947
f 1379 1377 1386
f 3814 3811 1680
f 2029 1885 1884
f 3902 2128 2120
f 629 3879 3914
f 682 683 943
f 724 1650 2121
f 1757 1819 3821
f 765 1810 3844
f 3851 714 715
f 706 707 3870
f 981 986 987
f 1457 1868 1656
f 2017 2016 2032
f 1458 1655 1868
f 1776 1777 1792
f 1959 1945 1946
f 3663 3715 3725
f 3913 3881 2122
f 1093 1089 689
f 966 965 968
f 3852 715 3881
f 2172 3577 2170
f 670 2138 2137
f 3761 787 1903
f 1429 19 28
f 964 963 978
f 3841 3813 1413
f 1473 1474 669
f 3834 3833 1359
f 2138 798 1870
f 1872 1473 2137
f 715 716 3888
f 1881 1991 1992
f 3843 3842 739
f 1837 1847 3513
f 253 58 59
f 1808 3837 3840
f 1647 3832 3818
f 3865 3866 671
f 2112 3882 3883
f 1405 2045 2044
f 3829 3824 1364
f 273 1541 391
f 576 632 3520
f 3875 3865 668
f 1430 1431 2140
f 2136 3850 3860
f 1430 2139 18
f 3893 3894 570
f 1442 1439 2046
f 1431 1442 2141
f 3869 3913 3850
f 3808 3823 1817
f 3866 3893 695
f 2142 2025 798
f 571 2143 2142
f 3819 3814 1618
f 2143 2022 2025
f 694 2142 2138
f 681 1572 2144
f 2144 2011 2022
f 328 210 457
f 1572 2010 2011
f 630 3892 3903
f 2085 2086 2087
f 2090 2091 2092
f 572 2144 2143
f 1875 1976 2153
f 1873 1875 2149
f 2103 2107 2097
f 2157 2043 2155
f 2128 1412 1414
f 3874 3871 589
f 3872 3870 628
f 2149 2153 2158
f 2159 2158 3905
f 698 3907 3902
f 3823 3847 3827
f 2158 2156 3874
f 1438 2044 2046
f 2035 2154 2160
f 2161 2160 3889
f 3871 3891 605
f 3873 17 18
f 370 29 61
f 649 1951 413
f 2153 2157 2156
f 1428 1429 1449
f 1490 76 73
f 3890 3905 710
f 2155 1891 3891
f 1456 1457 1880
f 2125 2088 2087
f 2160 2159 3890
f 300 1959 505
f 1064 1062 1046
f 2043 1892 1891
f 2129 2130 2004
f 2131 2132 2133
f 3848 3849 1450
f 1998 1975 804
f 3879 673 3864
f 474 492 490
f 1164 1165 1182
f 707 2162 3909
f 708 1472 2162
f 2162 2161 3886
f 548 549 1905
f 1145 1136 1114
f 705 2121 1650
f 2043 2157 1977
f 737 738 554
f 1034 1195 1191
f 458 1905 1907
f 195 196 232
f 2040 2039 1969
f 2145 2146 2147
f 2054 2050 2049
f 3832 1646 1639
f 9 12 11
f 252 364 506
f 472 478 479
f 1865 3924 3791
f 900 903 910
f 1941 2150 2151
f 1921 1928 1927
f 2163 1897 1898
f 271 156 153
f 1904 1326 12
f 282 263 264
f 1872 1873 2154
f 1326 1904 1897
f 628 692 693
f 1724 1722 1719
f 1549 1562 436
f 1582 1583 1730
f 1921 1920 1929
f 3563 3511 10
f 2152 2037 1950
f 475 772 774
f 769 2172 2171
f 2171 2165 476
f 476 773 772
f 1791 565 464
f 2166 2167 2168
f 595 371 372
f 483 1809 1641
f 762 2174 2173
f 771 483 484
f 486 487 1809
f 297 1549 1517
f 763 2175 2174
f 776 755 759
f 184 185 2176
f 412 447 303
f 2005 2176 185
f 3811 1681 1682
f 2164 2170 756
f 1472 2035 2161
f 950 951 964
f 2177 2178 2179
f 227 226 1510
f 2182 2183 2184
f 2186 2019 2018
f 1985 2182 2181
f 214 736 729
f 865 849 842
f 849 865 1357
f 559 3187 3188
f 16 13 737
f 560 553 498
f 3193 3196 3195
f 3200 3197 3198
f 3211 3214 3213
f 3215 3218 3217
f 2187 2188 2002
f 2169 2168 2189
f 2192 2086 2085
f 2193 2194 2195
f 2198 2199 2200
f 1998 1982 1979
f 3664 3665 3668
f 2116 1898 1903
f 1859 2006 2009
f 3904 2123 2126
f 1135 1148 1087
f 2201 2202 2015
f 1149 111 110
f 3221 3222 3218
f 2203 2204 2205
f 579 580 1895
f 1755 2207 2208
f 3891 3910 1893
f 1211 2151 2150
f 868 997 2210
f 944 945 930
f 2130 2129 2202
f 233 1903 1898
f 665 751 750
f 1167 1254 999
f 2211 2212 2213
f 2215 2216 2217
f 3867 593 590
f 2220 221 220
f 823 824 948
f 3225 3220 3227
f 266 204 455
f 3882 2108 2107
f 2221 2222 3519
f 2223 2224 2225
f 2207 2125 2124
f 673 674 3869
f 817 1000 996
f 2227 2228 2146
f 1947 1948 646
f 3900 2135 17
f 2229 1635 1638
f 1679 1613 1618
f 1637 2231 2232
f 2233 2234 1617
f 2231 2235 2236
f 1381 1638 2238
f 3586 2241 2242
f 1630 2234 2233
f 1681 1626 472
f 1408 1407 2243
f 3236 3239 3238
f 3232 3241 3240
f 1637 2230 2238
f 3237 3238 3233
f 1409 1408 1634
f 1380 1383 2247
f 1628 2248 2245
f 2249 1623 1622
f 1632 1634 1408
f 2248 1628 1631
f 2235 2231 1637
f 3245 3246 3199
f 631 2070 2071
f 515 167 52
f 782 781 2251
f 2253 2254 2255
f 397 281 459
f 1456 2039 2040
f 2040 2041 2036
f 1401 2112 2111
f 2041 2040 1970
f 1535 121 414
f 1586 1587 2080
f 2256 983 1132
f 1700 1699 3918
f 3815 1896 1686
f 1263 2256 1886
f 598 1841 844
f 2257 2258 2259
f 2258 2261 2262
f 2259 2262 2263
f 2260 2259 2216
f 1967 1971 1970
f 2212 1964 1963
f 922 921 2218
f 1312 1098 1101
f 1307 1306 1286
f 1548 1569 1546
f 2266 2267 2268
f 2265 2268 2270
f 2272 2265 2269
f 2273 2266 2265
f 2275 2276 2277
f 2278 2274 2277
f 2284 2285 3617
f 2287 2283 2286
f 2288 2289 2283
f 2290 2284 3639
f 2291 2292 2293
f 2295 2291 2294
f 2296 2297 2291
f 2297 2298 2292
f 2294 2293 2299
f 2279 2294 2300
f 2298 2301 2302
f 2292 2302 2303
f 2293 2303 2304
f 2304 2305 2306
f 2308 2309 2310
f 2302 2307 2310
f 2301 2311 2307
f 2312 2308 2307
f 2313 2314 2315
f 2318 2319 2320
f 3748 3771 2322
f 2324 2325 2273
f 2313 2324 2326
f 2328 2324 2313
f 2329 2325 2324
f 2331 2332 2333
f 2330 2333 2267
f 2325 2330 2266
f 2329 2331 2330
f 2333 2334 2335
f 2336 2334 2333
f 2338 2336 2332
f 2331 2339 2337
f 2329 2340 2339
f 2328 2341 2340
f 2316 2342 2341
f 2342 2316 2315
f 2344 2345 2346
f 2341 2344 2347
f 2342 2348 2344
f 2348 2349 2345
f 2350 2351 2352
f 2339 2350 2353
f 2340 2347 2350
f 2347 2346 2351
f 2337 2353 2354
f 2353 2352 2355
f 2356 2277 2276
f 2356 2357 2358
f 2356 2359 2296
f 2279 2277 2356
f 2360 2361 2270
f 2267 2335 2360
f 2362 2363 2364
f 2362 2365 2361
f 2366 2362 2358
f 2366 2367 2363
f 2357 2276 2368
f 2366 2368 2369
f 2276 2275 2370
f 2368 2370 2282
f 2372 2373 2374
f 2375 2376 2377
f 2378 2379 2380
f 2382 2378 2381
f 2384 2385 2378
f 2385 2386 2379
f 2388 2389 2390
f 2387 2390 2392
f 2393 2394 2387
f 2394 2395 2388
f 2186 2401 2402
f 2403 2404 2327
f 2272 2403 2326
f 2271 2405 2403
f 2405 2406 2404
f 2404 2407 2408
f 2409 2410 2411
f 2409 2412 2271
f 2413 2409 2269
f 2413 2414 2410
f 2417 2415 2416
f 2417 2418 2406
f 2412 2417 2405
f 2411 2415 2417
f 2406 2419 2407
f 3569 3520 632
f 2420 2398 2397
f 2420 2421 2423
f 2424 2420 2422
f 2424 2399 2398
f 2425 2391 2392
f 2421 2425 2426
f 2397 2396 2425
f 2396 2393 2391
f 2427 2314 2408
f 2430 2427 2428
f 2343 2315 2427
f 2432 2343 2430
f 2431 2430 2429
f 2435 2431 2433
f 2436 2432 2431
f 2428 2408 2407
f 2422 2437 2407
f 2438 2437 2422
f 2429 2428 2437
f 2440 2434 2433
f 2441 2439 2433
f 2442 2443 2439
f 2443 2444 2440
f 2445 2446 2444
f 2447 2445 2443
f 2383 2381 2445
f 2381 2380 2446
f 2448 2438 2423
f 2449 2448 2426
f 2441 2448 2449
f 2441 2429 2438
f 2449 2392 2390
f 2450 2390 2389
f 2447 2450 2451
f 2442 2449 2450
f 2451 2389 2453
f 2452 2453 2455
f 2382 2452 2454
f 2383 2451 2452
f 2456 2457 2373
f 2459 2460 2461
f 2463 2464 2465
f 2462 2465 2285
f 2466 2462 2284
f 2467 2463 2462
f 2461 2460 3703
f 2468 2469 2470
f 2472 2468 2471
f 2474 2461 3701
f 2475 2476 2477
f 2458 2455 2453
f 2479 2453 2389
f 2395 2480 2479
f 2480 2459 2458
f 2481 2482 2483
f 2484 113 2485
f 2471 2470 2464
f 2473 2471 2463
f 2487 2467 2466
f 2486 2466 2290
f 2490 2486 2488
f 2491 2487 2486
f 2492 2473 2467
f 2493 2492 2487
f 2494 2495 2492
f 2495 2472 2473
f 3690 2496 2474
f 3691 2497 2496
f 2498 2494 2493
f 2500 2498 2499
f 3700 3687 2498
f 3687 3691 2494
f 2306 2504 2278
f 2305 2505 2504
f 2504 2505 2507
f 2506 2507 2288
f 2274 2506 2508
f 2278 2504 2506
f 3633 3632 2489
f 3620 3633 2488
f 2507 2509 2289
f 2505 2510 2509
f 2508 2288 2287
f 2511 2287 2281
f 2370 2511 2280
f 2275 2508 2511
f 2512 2490 2489
f 2514 2512 2513
f 2517 2512 2514
f 2517 2491 2490
f 2499 2493 2491
f 2499 2517 2516
f 2510 2505 2519
f 2518 2519 2521
f 3616 2518 2520
f 3632 2510 2518
f 2522 2304 2303
f 2523 2522 2310
f 2305 2304 2522
f 2524 2522 2523
f 2519 2524 2525
f 2505 2305 2524
f 2308 2312 2527
f 2526 2527 2529
f 2531 2526 2528
f 2309 2308 2526
f 1214 2532 2151
f 2419 2406 2418
f 2533 2345 2349
f 2534 2533 2317
f 2535 2536 2533
f 2536 2346 2345
f 2537 2351 2346
f 2538 2537 2536
f 2539 2540 2537
f 2540 2352 2351
f 2312 2355 2541
f 2527 2541 2542
f 2543 2435 2434
f 2545 2543 2544
f 2319 2318 2543
f 2318 2436 2435
f 2514 2515 2548
f 2547 2548 2550
f 2552 2547 2549
f 2552 2516 2514
f 2520 2521 2554
f 2553 2554 2556
f 3590 2553 2555
f 3621 2520 2553
f 2523 2309 2531
f 2557 2531 2530
f 2525 2523 2557
f 2559 2557 2558
f 2554 2559 2560
f 2521 2525 2559
f 2561 2375 2007
f 2376 2562 2225
f 2564 2565 2566
f 2563 2566 338
f 2569 2563 2567
f 2570 2564 2563
f 2572 2573 2574
f 2571 2574 2576
f 2544 2571 2575
f 2544 2434 2572
f 2578 2570 2569
f 2579 2577 2569
f 2574 2577 2579
f 2573 2578 2577
f 2581 2582 2583
f 2584 2580 2583
f 3697 3675 2580
f 3676 2581 2580
f 2582 2516 2552
f 2583 2552 2551
f 2500 2501 2589
f 2590 2588 2589
f 3693 3695 2588
f 3695 3700 2500
f 2501 2516 2591
f 2592 2593 2594
f 2386 2385 2503
f 2596 2379 2386
f 2596 2374 2373
f 2599 2596 2597
f 2599 2380 2379
f 2600 2446 2380
f 2600 2599 2598
f 2603 2600 2601
f 2603 2444 2446
f 2604 2603 2602
f 2440 2604 2605
f 2444 2603 2604
f 2606 2582 2581
f 2606 2607 2590
f 2591 2516 2582
f 3676 2587 2456
f 3689 2456 2372
f 2478 2477 2608
f 2609 2610 2611
f 2564 2570 2613
f 2612 2613 2598
f 2457 2612 2597
f 2565 2564 2612
f 2614 2613 2570
f 2615 2614 2578
f 2602 2601 2614
f 2601 2598 2613
f 2572 2434 2605
f 2616 2605 2602
f 2573 2572 2616
f 1459 1016 1045
f 1265 1215 1079
f 1612 1608 1609
f 2067 2057 2069
f 1135 1109 1136
f 1938 1937 2618
f 95 548 458
f 2058 1607 1608
f 1454 1469 1445
f 655 2620 1048
f 722 1049 2621
f 1131 985 1033
f 562 1481 366
f 1723 1719 1725
f 1786 1123 1122
f 267 300 323
f 1325 2034 1654
f 1468 1165 1435
f 658 657 529
f 8 532 247
f 382 1557 1559
f 788 619 1307
f 940 930 929
f 911 2622 2623
f 2621 2620 655
f 2624 1857 2625
f 998 1846 27
f 635 638 2626
f 2627 641 644
f 2628 2627 1840
f 1200 1199 2627
f 1199 1773 641
f 1520 515 49
f 1452 1350 1349
f 2630 2631 1859
f 644 643 1335
f 1197 1198 717
f 2632 717 719
f 2628 2632 1166
f 2629 1197 2632
f 1762 2633 1050
f 1823 870 873
f 2634 2635 794
f 1042 794 2635
f 93 94 1901
f 2036 2038 1458
f 1527 332 1525
f 877 876 1274
f 134 409 797
f 1328 893 931
f 607 777 1091
f 1043 2635 2637
f 2636 2637 2639
f 1275 2636 2638
f 1275 1040 1043
f 1272 2624 2626
f 2640 2626 638
f 1110 2641 2640
f 536 1272 2640
f 1472 708 1474
f 2042 2030 1951
f 1058 1106 1105
f 2642 2623 2643
f 1192 2642 2644
f 912 2623 2642
f 3898 1657 3526
f 1049 1048 2620
f 616 1829 1885
f 1331 1913 666
f 990 989 1198
f 1911 1912 321
f 1298 1282 1205
f 76 1490 1504
f 1502 1500 421
f 610 609 658
f 1146 937 659
f 2646 911 914
f 1280 1239 1238
f 1453 1454 1452
f 835 942 1843
f 1271 1270 1173
f 1893 1878 1826
f 1050 2633 1937
f 2651 2652 814
f 1006 1053 1281
f 2653 1084 2654
f 1001 1004 1003
f 585 997 679
f 2624 1272 621
f 555 678 2028
f 1207 526 1197
f 1626 1627 478
f 426 389 419
f 1030 1193 1773
f 3898 645 634
f 534 1533 138
f 1125 1092 1042
f 333 228 88
f 569 1570 561
f 1489 2656 871
f 1857 2624 620
f 1673 1674 3770
f 622 861 864
f 619 788 891
f 261 544 545
f 393 1555 1556
f 2658 2659 2647
f 1075 2658 2657
f 1081 1080 2658
f 1080 1139 2659
f 2644 2643 1141
f 2660 1141 1140
f 642 2660 1336
f 1193 2644 2660
f 679 678 555
f 1503 1501 1500
f 1318 1317 1101
f 2661 2659 1139
f 2661 1142 2663
f 2662 2647 2659
f 2662 2663 2622
f 2664 2622 911
f 2648 2664 2646
f 2648 2647 2662
f 2083 2094 2093
f 1442 1440 1437
f 519 329 330
f 1885 2029 1209
f 799 800 805
f 1946 1943 1952
f 1302 1301 1253
f 566 2005 224
f 1389 940 928
f 683 682 681
f 836 835 1842
f 2665 1842 1845
f 2666 2665 1303
f 24 836 2665
f 831 1072 2650
f 1845 1844 1304
f 2010 2013 2012
f 1051 1936 2667
f 1522 1521 1511
f 531 440 441
f 1250 635 2625
f 2669 2625 1857
f 783 2669 1856
f 782 1250 2669
f 720 2670 2671
f 1055 1931 1930
f 1333 1067 1251
f 619 622 1308
f 652 655 2619
f 521 522 1539
f 1838 988 537
f 2672 537 536
f 1113 2672 2641
f 1113 527 1838
f 1016 1013 1351
f 3897 573 570
f 226 227 104
f 3564 3669 3827
f 1036 1037 1884
f 2674 1301 1304
f 2673 1304 1844
f 1334 2673 2675
f 1333 2674 2673
f 2676 702 1039
f 1843 2676 2675
f 942 1074 2676
f 1074 699 702
f 752 1057 1055
f 1200 1166 656
f 1120 1846 874
f 2677 874 877
f 1241 2677 1052
f 1119 1120 2677
f 1560 1513 151
f 1208 1316 611
f 215 735 736
f 1460 1459 1462
f 1208 1207 1839
f 854 856 1282
f 72 445 182
f 544 1563 1565
f 217 200 456
f 2047 1404 930
f 1204 2618 1937
f 913 777 686
f 840 527 1113
f 1531 729 730
f 2678 778 1283
f 601 667 1914
f 1537 1538 459
f 1819 1757 3509
f 991 1860 862
f 2679 711 1073
f 2680 1830 983
f 779 2680 2256
f 778 2678 2680
f 2678 2679 1830
f 180 542 245
f 1886 1132 1131
f 1138 1137 1274
f 1841 598 1140
f 75 313 314
f 193 423 420
f 2681 2682 1099
f 170 1567 1565
f 349 416 417
f 1121 1124 2684
f 547 797 409
f 123 122 121
f 2643 2663 1142
f 1542 1544 513
f 899 900 907
f 1210 677 676
f 791 663 982
f 24 27 837
f 893 896 932
f 1860 1320 863
f 535 538 862
f 1569 1548 1547
f 181 455 542
f 660 659 937
f 2013 567 568
f 887 890 2631
f 1524 1508 361
f 520 161 162
f 2653 855 854
f 1238 1237 2655
f 718 1838 527
f 1492 1493 518
f 792 616 615
f 599 846 1835
f 290 457 456
f 312 171 1552
f 1248 2687 1179
f 153 149 177
f 1240 1181 1222
f 1257 1292 1235
f 1291 1084 1083
f 1052 877 1277
f 743 742 2618
f 444 140 430
f 23 1224 1172
f 2687 2654 1180
f 102 103 409
f 1283 607 610
f 373 497 650
f 1180 2654 1084
f 855 2653 2655
f 1173 1270 1917
f 2689 850 853
f 2688 853 1108
f 2686 2688 1279
f 2687 2689 2688
f 2691 1302 1252
f 2690 1252 850
f 1248 2690 2689
f 1248 1247 2691
f 2692 617 24
f 2691 2692 2666
f 1247 1258 2692
f 1258 1168 617
f 394 1554 1555
f 2693 1260 1259
f 1072 1236 1262
f 1257 1071 1168
f 398 439 1555
f 871 1784 1314
f 1178 1232 1249
f 1224 1289 1173
f 1010 2617 2618
f 1175 1174 1292
f 2654 2687 2686
f 2694 1157 1216
f 71 418 1487
f 701 1112 1111
f 1072 1261 2649
f 1085 2695 22
f 895 2694 1264
f 1601 1606 1605
f 1259 1262 1271
f 21 20 1220
f 988 991 538
f 598 597 1336
f 1050 860 818
f 1298 2645 1761
f 1168 1167 618
f 858 1168 1256
f 39 242 516
f 2652 1761 819
f 313 316 315
f 2026 1970 1971
f 2656 1489 596
f 814 819 818
f 2696 2651 813
f 1260 2696 2649
f 2693 2697 2696
f 2697 1296 2651
f 381 355 390
f 3818 3819 1611
f 1475 1427 1428
f 1292 1174 1917
f 1551 353 354
f 1526 1525 1523
f 1593 1589 1595
f 1232 1269 1246
f 2695 2693 1223
f 2698 1297 1296
f 2698 2697 2693
f 2685 2698 2695
f 2685 854 1297
f 562 1497 271
f 2652 2651 1296
f 1365 1366 1364
f 1958 1946 1953
f 585 588 2210
f 1561 1560 1515
f 975 2648 1146
f 347 67 68
f 1038 1111 636
f 2700 781 780
f 2699 780 1036
f 2701 2699 1883
f 851 2700 2699
f 2674 1333 2251
f 2702 2251 781
f 1253 2702 2700
f 1301 2674 2702
f 1519 387 388
f 1273 1239 1280
f 2703 1280 1107
f 2701 2703 852
f 1829 1273 2703
f 91 260 326
f 1784 871 2656
f 2683 2684 2705
f 604 1894 3499
f 1669 3534 3548
f 2062 2063 2060
f 621 535 861
f 2023 731 732
f 686 779 1263
f 857 1051 2668
f 883 830 882
f 637 636 1111
f 2668 894 893
f 2667 921 894
f 1039 1038 1068
f 313 75 1504
f 1911 1972 305
f 1936 2706 1964
f 2707 2402 2401
f 2708 2707 2183
f 738 2163 2116
f 2349 2348 2432
f 2711 2712 2020
f 2400 2711 2019
f 2714 2715 2716
f 2717 2718 2719
f 2721 2722 2723
f 2726 2727 2728
f 2725 2728 2730
f 2731 2725 2729
f 2732 2726 2725
f 2734 2735 2736
f 2738 2739 2740
f 2737 2740 2741
f 2744 2745 2746
f 2745 2744 2748
f 2749 2750 2747
f 2753 2749 2751
f 2250 1380 2246
f 2754 1396 1614
f 3598 2754 2755
f 3608 2745 2747
f 1617 2756 2755
f 2242 2758 1620
f 2191 2085 2760
f 2761 2759 2760
f 3648 2759 2761
f 3623 2191 2759
f 3209 3248 3223
f 1395 1394 2236
f 1395 2235 1636
f 1616 1635 2229
f 1617 2234 2763
f 2756 2763 3628
f 2765 2763 2234
f 2766 2764 3628
f 3202 3199 3246
f 1516 437 435
f 2768 2769 3552
f 1495 541 578
f 2135 2136 28
f 3526 3540 2773
f 1690 1689 3926
f 2778 2779 2780
f 2777 2780 2781
f 2784 2778 2777
f 3555 3521 575
f 1494 1904 9
f 3529 2016 2015
f 451 61 505
f 2786 2787 2788
f 2779 2786 2785
f 2789 2752 2741
f 2790 2753 2752
f 2792 2793 2794
f 2793 2795 2796
f 2796 2797 2750
f 2794 2796 2749
f 2798 1393 1396
f 3591 2798 2754
f 2798 2799 2800
f 3591 3662 2799
f 2797 2796 2795
f 2791 2794 2753
f 216 233 232
f 3804 2806 2807
f 3805 2809 2804
f 2769 2810 3557
f 183 185 184
f 2811 2812 2775
f 2804 2811 2776
f 2809 2813 2811
f 2812 2811 2813
f 3805 2808 2816
f 3796 2818 2815
f 3798 3800 2820
f 3793 2823 2819
f 2824 2736 2735
f 2823 2825 2824
f 2825 2823 2826
f 3793 2822 2827
f 3796 2817 2826
f 2713 2716 2829
f 2828 2829 2831
f 2822 2821 2828
f 2821 2820 2713
f 2832 2827 2822
f 2833 2832 2830
f 2834 2835 2832
f 2835 2818 2827
f 2837 2838 2839
f 2836 2839 2841
f 2842 2836 2840
f 2843 2837 2836
f 2840 2841 2845
f 2718 2844 2845
f 2730 2728 2844
f 2727 2840 2844
f 2846 2845 2841
f 2829 2846 2847
f 2847 2841 2839
f 2848 2839 2838
f 2833 2848 2849
f 2831 2847 2848
f 2850 2814 2851
f 2853 2850 2852
f 2783 2777 2782
f 2785 2788 2853
f 2780 2785 2856
f 2857 2858 2855
f 2859 2857 2782
f 2861 2843 2842
f 2860 2842 2727
f 2862 2860 2726
f 2863 2861 2860
f 2861 2863 2858
f 2843 2861 2857
f 2856 2853 2854
f 2781 2856 2864
f 2837 2843 2859
f 2838 2837 2864
f 2852 2851 2834
f 2854 2852 2849
f 2865 2815 2818
f 2851 2865 2835
f 2813 2809 2815
f 2814 2813 2865
f 2866 2812 2814
f 2788 2866 2850
f 2866 2788 2787
f 2812 2866 2867
f 1892 1889 1890
f 2720 2719 2846
f 298 299 256
f 2872 2714 2713
f 3794 3800 2735
f 2729 2730 2874
f 2846 2716 2715
f 2876 2877 2878
f 2733 2875 2878
f 3806 3807 2879
f 3806 2880 2872
f 2882 2883 2884
f 2881 2884 2715
f 2880 2881 2714
f 2879 2882 2881
f 2885 2886 2887
f 2888 2889 2890
f 2885 2890 2892
f 2893 2886 2885
f 1942 2151 2532
f 2895 2892 2720
f 2884 2895 2870
f 2883 2896 2895
f 2896 2891 2892
f 2889 2874 2717
f 2890 2717 2720
f 2897 2893 2891
f 2898 2897 2896
f 2899 2898 2883
f 2900 2899 2882
f 3797 2900 2879
f 2876 2902 2901
f 2901 2902 2904
f 1785 2656 1835
f 2905 2906 2899
f 2907 2908 2897
f 3797 2901 2903
f 632 576 577
f 3532 3547 2867
f 434 385 550
f 2768 2770 3640
f 2910 2911 1623
f 2241 2912 2758
f 3640 2770 2913
f 1623 2911 2757
f 3587 2242 2757
f 2229 1381 1380
f 2765 1630 1629
f 2915 2914 1629
f 3642 3641 2914
f 3641 3622 2765
f 2919 2916 3642
f 2918 2915 2912
f 3614 2918 2241
f 3618 2919 3613
f 3541 2177 2180
f 3521 2002 2188
f 3705 3573 714
f 2925 2766 2917
f 2924 2917 2916
f 3610 2924 2919
f 3611 2925 2924
f 2926 2927 2766
f 3658 2926 2925
f 1715 1713 1705
f 785 497 498
f 1387 651 565
f 374 375 1899
f 3573 2203 2206
f 2929 2930 2886
f 2932 2933 2934
f 1905 1906 1908
f 2930 2935 2936
f 2938 2935 2930
f 1493 369 517
f 1603 1585 1586
f 2939 2938 2929
f 2940 2939 2908
f 3665 1707 1600
f 2886 2930 2937
f 2906 2907 2898
f 2908 2929 2893
f 2942 2934 2933
f 2941 2933 2937
f 3501 2941 2936
f 3498 2942 2941
f 2943 2944 2710
f 2943 2873 2874
f 2945 2943 2889
f 2946 2944 2943
f 2932 2945 2888
f 2931 2946 2945
f 727 1928 1929
f 2903 2904 2947
f 545 594 42
f 1480 1570 533
f 2907 2906 2949
f 2906 2905 2950
f 1558 452 215
f 3799 2903 2948
f 2054 1645 1644
f 3705 3684 2203
f 1828 1837 1849
f 2953 2954 2955
f 2952 2955 2957
f 2956 2261 2258
f 2953 2952 2258
f 2454 2455 2474
f 3747 2958 2959
f 3747 2132 2131
f 2961 2962 2963
f 2958 2963 2964
f 222 221 2485
f 2477 2226 2966
f 2631 2561 2006
f 2384 2454 2496
f 2967 2968 2959
f 2968 2967 2970
f 3759 2033 2971
f 3784 2971 2960
f 2972 2971 2033
f 2007 2377 2973
f 3560 3559 2134
f 1836 1833 1832
f 3506 2188 2090
f 955 810 959
f 672 675 674
f 633 710 713
f 2024 732 733
f 2025 2024 803
f 425 1552 1550
f 2975 2976 888
f 1319 1158 1157
f 1212 1935 2977
f 889 957 2228
f 1978 1974 1975
f 1138 1078 1329
f 751 665 2979
f 1619 1613 1625
f 2252 2255 1728
f 1157 1160 845
f 2706 1936 1938
f 2980 2255 2254
f 2982 2975 887
f 802 712 711
f 678 677 2029
f 527 840 690
f 1839 1207 2629
f 2983 2984 602
f 2983 1914 1913
f 2985 2983 1331
f 2986 2984 2983
f 2987 2637 2635
f 2985 2988 2639
f 2990 1319 1318
f 2991 2992 2993
f 2995 2991 2994
f 1106 1058 2991
f 1058 1057 2992
f 1415 1406 1365
f 1317 922 2217
f 1932 1728 2255
f 926 2998 2999
f 3001 2993 2992
f 3000 2992 1057
f 2999 3000 2978
f 2998 3001 3000
f 3002 2998 2209
f 3002 3003 2996
f 2993 3001 3002
f 1103 1106 2995
f 3004 2995 2996
f 2209 2210 3004
f 588 1103 3004
f 295 296 433
f 2638 2639 2988
f 3005 2988 1056
f 1305 3005 1930
f 1276 2638 3005
f 1987 1968 1993
f 2633 1762 1761
f 1423 1422 1417
f 3561 3517 739
f 2671 2670 2704
f 1473 1872 2035
f 922 1317 2694
f 1401 1400 1378
f 556 2028 1884
f 842 848 3825
f 1854 2706 2617
f 933 1082 1081
f 1440 1441 1436
f 529 657 719
f 1031 1025 1027
f 777 913 912
f 2645 1205 1204
f 441 438 1538
f 790 1287 587
f 2065 2066 1610
f 1860 991 990
f 60 106 87
f 1424 1017 1948
f 332 1527 1507
f 261 262 138
f 187 188 449
f 1719 1720 1726
f 1931 1055 1059
f 3006 1059 1105
f 1287 3006 1104
f 1286 1931 3006
f 3007 3008 3009
f 3009 3008 653
f 618 999 26
f 2029 677 1210
f 957 601 600
f 1049 2146 2228
f 2631 890 3011
f 890 889 2227
f 3011 2227 2145
f 2561 3011 3012
f 1026 656 609
f 2706 1854 1961
f 3013 2965 2485
f 2148 2147 1267
f 3015 1267 1266
f 2997 2264 1101
f 642 641 1773
f 186 477 461
f 1041 1040 1320
f 1121 3016 3017
f 2984 2986 2987
f 3018 2987 2634
f 1048 603 3018
f 603 602 2984
f 2679 2678 801
f 2062 2072 2074
f 2061 2074 2076
f 414 303 1545
f 3016 1121 2683
f 3019 2683 2704
f 3020 3019 2670
f 3007 3016 3019
f 1871 1090 1091
f 3021 1787 1122
f 3022 3021 3017
f 1314 3021 3022
f 1784 1787 3021
f 1316 1315 1763
f 3023 3022 3010
f 3023 3009 795
f 1763 3023 1092
f 1315 3022 3023
f 3016 3007 3010
f 752 751 2978
f 2986 2639 2637
f 3024 654 653
f 3020 3024 3008
f 720 723 3024
f 723 2621 654
f 2681 1098 1268
f 2671 3025 1268
f 2705 2681 3025
f 1313 3026 3027
f 3026 3028 3029
f 3027 3029 3030
f 1311 3027 3031
f 2012 568 731
f 917 2657 974
f 743 1206 856
f 1888 2027 2030
f 2682 2705 2684
f 3032 2684 1124
f 1100 3032 2989
f 1099 2682 3032
f 1123 2990 2989
f 3033 1834 1159
f 2990 3033 1158
f 1123 1786 3033
f 1786 1785 1834
f 1054 1056 2988
f 2979 665 664
f 2623 2622 2663
f 1095 660 688
f 3034 3035 2261
f 3036 3034 2956
f 3037 3038 3034
f 3038 3039 3035
f 3040 3041 3026
f 2263 3042 3041
f 3042 3039 3043
f 3041 3043 3028
f 3044 3045 3043
f 3046 3047 3045
f 3047 3048 3049
f 3043 3045 3049
f 3038 3037 3051
f 3050 3051 3053
f 3052 3046 3044
f 3039 3038 3050
f 3054 3035 3039
f 3042 2263 2262
f 2261 3035 3054
f 2216 2263 2997
f 2212 2211 2667
f 3056 868 2209
f 934 3057 1961
f 2013 3755 3757
f 3058 3059 3060
f 3059 3062 3063
f 3060 3063 2213
f 3061 3060 1963
f 3063 3064 2214
f 3062 3065 3064
f 3065 2257 2260
f 3064 2260 2215
f 3066 3067 3031
f 2608 2966 3067
f 2966 2562 3068
f 3031 3067 3068
f 2455 2458 2461
f 2476 2223 2226
f 3551 2090 2089
f 3526 2774 3769
f 433 354 355
f 2115 1423 1419
f 3509 2868 2922
f 3769 3737 2131
f 3069 2611 2167
f 2971 2972 2928
f 2961 2774 2773
f 3070 2475 2478
f 2610 2609 3071
f 2502 2371 2374
f 3072 2592 2595
f 2964 3046 3052
f 3048 2593 3074
f 2593 2592 3075
f 3075 3030 3029
f 3074 3029 3028
f 3072 3076 3075
f 3076 3072 2482
f 2481 2608 3066
f 3076 3066 3030
f 2967 3052 3053
f 2482 3072 3073
f 479 480 493
f 706 3900 3873
f 3561 2194 2221
f 2013 2010 3754
f 3533 2032 2016
f 3562 3519 2222
f 1171 1154 1155
f 2586 2566 2565
f 2982 110 113
f 2562 2376 3077
f 2376 2375 3012
f 3012 2145 2148
f 3077 2148 3015
f 2963 3047 3046
f 3051 3078 2970
f 1683 2173 491
f 3850 2122 1447
f 1986 2181 3734
f 3079 3080 2546
f 3081 3079 2575
f 1983 1986 3768
f 3082 2323 2319
f 3080 3082 2545
f 3734 3732 3082
f 3732 3748 2323
f 1309 1471 1888
f 3073 2595 2772
f 2760 3083 3084
f 2760 2085 2088
f 3085 3084 3086
f 3089 3085 3090
f 3089 2762 3084
f 3092 3088 3090
f 3093 2748 2744
f 2751 2747 2748
f 3093 2741 2752
f 2742 2741 3093
f 3094 3093 2743
f 3096 3097 3098
f 3099 3096 3087
f 3097 3094 3095
f 3100 2743 2746
f 3101 2927 3102
f 2764 2766 2927
f 2745 2764 3101
f 3102 3092 3091
f 3100 3091 3095
f 2869 2802 3592
f 3102 3103 3104
f 3658 2868 2869
f 2927 2926 3103
f 3098 3095 3091
f 3087 3098 3090
f 2088 2125 3105
f 3083 3105 3086
f 2483 3073 2771
f 2401 2186 2185
f 3099 3086 3105
f 2125 2207 3106
f 3108 2737 2742
f 3107 2742 3094
f 3110 3108 3107
f 3109 3107 3097
f 3111 3109 3096
f 3112 3110 3109
f 3113 2738 2737
f 3115 2723 2722
f 3117 3115 3114
f 3119 3117 3116
f 3118 3116 3120
f 3116 3114 3113
f 3122 3112 3111
f 3122 3123 1755
f 3124 3125 3126
f 3125 3118 3121
f 3128 3119 3118
f 3129 3128 3125
f 2020 2712 3128
f 3853 3857 1346
f 1065 1046 1047
f 1814 3838 3830
f 2021 2020 3129
f 3111 3099 3106
f 3123 3106 2207
f 2377 2225 2224
f 3014 2485 113
f 1756 2208 3782
f 3131 3132 2530
f 3133 3131 2528
f 1753 1756 3767
f 3134 3124 3127
f 2327 2408 2314
f 2436 2318 2317
f 2018 2021 3711
f 2534 3136 3137
f 2320 2322 3136
f 2185 2018 3712
f 3138 3139 2542
f 3134 3135 3744
f 3785 3130 3134
f 3140 3138 2539
f 2535 3137 3140
f 3711 2021 3130
f 2558 2530 3132
f 3782 3760 3141
f 2560 2558 3141
f 3760 3777 3142
f 958 888 2976
f 1933 1932 2980
f 2399 2424 2418
f 2348 2342 2343
f 2322 2320 2319
f 2718 2717 2874
f 2709 2729 2873
f 2894 2871 1361
f 346 289 176
f 1876 1877 1882
f 2802 2803 3607
f 3104 3144 3088
f 2974 2222 3649
f 3089 3145 2761
f 3088 3144 3145
f 2803 2974 3603
f 3870 3909 692
f 2123 1419 1418
f 1365 1363 1368
f 1581 1766 1782
f 3569 2202 2129
f 3555 2003 2002
f 3146 2585 2551
f 3751 3146 3147
f 3742 3149 3146
f 3149 2584 2585
f 3196 3198 3197
f 3604 2192 2191
f 3142 3150 2556
f 3777 3778 3150
f 3646 3152 2550
f 3150 3151 2555
f 3778 3780 3151
f 3788 3781 3152
f 3153 3147 2551
f 3152 3153 2549
f 3781 3776 3153
f 3776 3750 3147
f 3148 2767 2206
f 2183 2401 2321
f 2132 2960 2928
f 3684 3685 2204
f 3719 2198 2197
f 2594 2962 2773
f 2595 2594 2951
f 1870 798 799
f 3713 2179 2178
f 3706 2178 3736
f 336 3154 3774
f 339 3155 3154
f 3789 3683 3149
f 3683 3697 2584
f 2963 2962 3048
f 3722 3730 337
f 339 338 2566
f 3156 3157 2168
f 2610 3156 2167
f 2954 2953 3156
f 3157 3156 2953
f 3707 2166 2169
f 2567 3158 3159
f 337 3158 2567
f 3730 3069 2166
f 3764 2190 1983
f 2579 3160 3081
f 2568 3159 3160
f 3709 2169 2190
f 3065 3062 3162
f 3161 3162 1984
f 3157 3161 2189
f 2257 3065 3161
f 734 735 1922
f 3059 3058 2708
f 3163 2708 2182
f 3162 3163 1985
f 3062 3059 3163
f 3203 3206 3205
f 2122 2119 1448
f 3817 1686 1685
f 139 140 444
f 1570 569 566
f 2957 3164 3165
f 2955 3166 3164
f 1912 454 341
f 3130 3129 3124
f 1548 322 319
f 1949 1950 1327
f 2969 2970 3078
f 3167 3078 3169
f 3724 2014 2017
f 3720 2017 2033
f 3168 3169 3165
f 3170 3165 3164
f 3779 3170 3171
f 3724 3168 3170
f 3171 3164 3166
f 3172 3166 3071
f 3752 3172 3173
f 3756 3171 3172
f 3169 3037 3036
f 2593 3048 2962
f 3173 3071 2609
f 3174 2609 2199
f 3783 3174 2198
f 3749 3173 3174
f 2190 2189 1984
f 2196 2195 2767
f 2119 2120 1414
f 1464 1463 1466
f 2199 2611 3069
f 2457 2456 2587
f 2226 2225 2562
f 481 478 1627
f 333 1512 235
f 3078 3051 3037
f 3040 2264 2997
f 2219 1934 1933
f 2385 2384 2497
f 221 2220 3175
f 2220 1933 3143
f 3175 3143 2976
f 2484 3175 2975
f 2954 3071 3166
f 2630 1858 110
f 1547 319 1952
f 2091 2090 2188
f 3733 3736 2178
f 1918 1919 1927
f 3563 112 111
f 955 956 960
f 2037 3014 112
f 3143 2980 2981
f 2218 2211 2214
f 672 3877 3787
f 2152 3013 3014
f 1147 1144 1143
f 2248 2246 1409
f 1615 1636 1635
f 1410 1409 2246
f 3241 3243 3242
f 1382 3176 3177
f 3177 1410 2247
f 2247 1383 3177
f 3176 2238 2230
f 1410 3177 3179
f 3179 3180 2243
f 1633 3181 2800
f 1621 1620 2758
f 1622 1621 2245
f 2236 1394 3181
f 2237 2236 3182
f 2250 1631 2233
f 2912 1629 1628
f 135 136 1564
f 1567 419 512
f 1085 1084 2653
f 3184 869 868
f 869 3184 3057
f 1266 1268 1098
f 1267 2147 722
f 937 1146 2646
f 2146 1049 722
f 2211 2218 921
f 1957 510 507
f 1313 1312 2264
f 1496 362 1493
f 2887 2937 2933
f 1687 1688 1659
f 145 1499 1498
f 37 38 418
f 1935 1934 3185
f 104 89 301
f 2101 2098 2083
f 543 298 360
f 1934 2219 3186
f 234 1521 212
f 3845 3821 1822
f 1976 1875 1874
f 223 3186 2219
f 3655 3656 3605
f 2165 2164 467
f 467 468 2165
f 773 476 2165
f 1935 1212 1728
f 3240 3225 3226
f 3261 3249 3250
f 3215 3216 3244
f 3265 3221 3215
f 3267 3245 3198
f 3205 3206 3269
f 3214 3211 3265
f 3271 3213 3214
f 3251 3252 3239
f 3222 3221 3266
f 3232 3235 3234
f 3216 3242 3243
f 3196 3193 3268
f 3244 3243 3254
f 3238 3239 3247
f 3264 3244 3255
f 3253 3242 3216
f 3211 3266 3221
f 3257 3217 3218
f 3258 3222 3272
f 3274 3275 3280
f 3228 3229 3262
f 3275 3231 3281
f 3226 3227 3273
f 3236 3263 3260
f 3281 3263 3236
f 3287 3271 3192
f 3235 3226 3280
f 3234 3280 3281
f 3288 3290 3259
f 3260 3250 3276
f 3289 3212 3278
f 3210 3209 3224
f 3199 3202 3201
f 3228 3231 3230
f 3290 3288 3285
f 3282 3279 3271
f 3260 3263 3262
f 3243 3241 3268
f 3267 3268 3241
f 3194 3207 3208
f 3191 3270 3269
f 3270 3191 3192
f 3275 3274 3230
f 3264 3269 3270
f 3252 3251 3276
f 3248 3252 3291
f 3213 3271 3279
f 3272 3266 3289
f 3277 3278 3212
f 3228 3263 3281
f 3220 3225 3253
f 3219 3253 3217
f 3256 3218 3222
f 3247 3239 3252
f 3245 3267 3232
f 3266 3211 3212
f 3208 3205 3255
f 3288 3289 3284
f 3204 3205 3208
f 560 1899 3187
f 3209 3210 3201
f 3189 3192 3191
f 448 1980 807
f 647 648 122
f 1833 1848 1780
f 510 509 508
f 3210 1949 1887
f 1887 15 3200
f 15 16 3197
f 16 3188 3195
f 3195 3188 3187
f 3194 3187 1899
f 3207 1899 375
f 387 173 126
f 3189 1791 1760
f 3577 763 757
f 763 3577 2172
f 3583 3582 3580
f 3581 3580 3579
f 3594 3597 3596
f 3400 3601 3602
f 3626 3624 3625
f 3631 3635 3599
f 3636 3637 3595
f 3647 3584 3588
f 3650 3582 3584
f 3653 3579 3580
f 3653 2176 3654
f 1801 1864 3656
f 3651 3580 3582
f 3644 3638 3595
f 1767 1768 3659
f 1597 3663 3661
f 1708 1707 3665
f 3671 3668 3667
f 3666 3667 3673
f 1588 1708 3664
f 2080 3671 3666
f 2082 3666 3672
f 3674 3677 3635
f 3677 3678 3636
f 3682 3647 3645
f 3692 3651 3650
f 3681 3645 3644
f 786 3694 3692
f 3694 3653 3651
f 785 3692 3686
f 497 3686 3682
f 650 3682 3681
f 3696 564 3681
f 3405 3606 3605
f 3702 3699 3678
f 3699 3698 3679
f 3645 3588 3638
f 1799 3657 3659
f 3708 3704 3458
f 3462 3710 3708
f 3714 463 564
f 3615 3606 3602
f 3710 3714 3696
f 3635 3636 3596
f 3629 3626 3627
f 3597 3600 3599
f 3630 3716 3715
f 3627 3625 3597
f 3717 3716 3723
f 3715 3663 3660
f 3716 3717 3725
f 3668 3665 3661
f 3668 3725 3717
f 3667 3717 3718
f 3727 3728 3673
f 3728 1576 3672
f 3726 3727 3718
f 1576 2101 2084
f 3727 3726 3731
f 3203 376 1387
f 3190 1387 1791
f 3283 2152 1949
f 317 240 259
f 2000 2176 3653
f 3601 3599 3600
f 3589 3588 3584
f 3577 758 756
f 3585 3584 3582
f 3678 3679 3637
f 3204 375 376
f 1801 3655 3657
f 3729 3735 3728
f 1575 3735 3738
f 3735 1575 1576
f 1776 1795 1796
f 1293 1294 1290
f 1326 14 1327
f 1294 1245 1234
f 878 1244 1330
f 497 373 374
f 122 648 413
f 3699 3702 3704
f 3606 3405 3401
f 3708 3710 3698
f 3464 3714 3710
f 3704 3674 3443
f 439 398 399
f 1512 1528 1526
f 1668 1741 1738
f 839 849 1362
f 1362 1357 826
f 3843 740 1896
f 2053 2054 2118
f 3888 3887 2120
f 696 697 3816
f 1826 1878 639
f 3740 3739 3729
f 956 885 886
f 1980 806 1922
f 33 34 105
f 1343 1344 3856
f 3907 2127 2128
f 1766 1581 1582
f 14 1326 2163
f 595 98 99
f 3233 3238 3246
f 1346 1035 1044
f 748 1888 1425
f 3193 3208 3254
f 3190 3191 3206
f 3612 3605 3606
f 3624 3612 3615
f 3631 3415 3443
f 3679 3680 3644
f 3686 3650 3647
f 3702 3677 3674
f 3625 3615 3600
f 3601 3400 3415
f 3739 3738 3735
f 3630 3627 3594
f 3741 3723 3716
f 1284 1290 1288
f 3698 3696 3680
f 1778 1781 1780
f 1792 1759 1584
f 695 570 571
f 3638 3741 3594
f 3741 3638 3588
f 3247 3248 3209
f 3292 3293 3294
f 3296 3297 3298
f 3299 3298 3300
f 3302 3303 3304
f 3306 3307 3308
f 3307 3310 3311
f 3303 3302 3301
f 3312 3305 3304
f 3314 3315 3316
f 3318 3319 3320
f 3324 3318 3321
f 3326 3327 3328
f 3329 3330 3331
f 3333 3334 3335
f 3337 3338 3339
f 3333 3336 3341
f 3342 3341 3343
f 3319 3345 3344
f 3338 3335 3334
f 3346 3301 3302
f 3305 3348 3347
f 3312 3224 3223
f 3350 3337 3340
f 3312 3349 3348
f 3352 3343 3341
f 3311 3353 3354
f 3341 3336 3327
f 3359 3360 3361
f 3360 3359 3250
f 3318 3363 3345
f 3364 3363 3318
f 3314 3364 3324
f 3366 3299 3301
f 3299 3366 3367
f 3308 3354 3368
f 3369 3317 3295
f 3317 3369 3364
f 3370 3295 3317
f 3325 3371 3365
f 3352 3320 3319
f 3296 3367 3353
f 3297 3296 3311
f 3363 3368 3354
f 3345 3354 3353
f 3344 3353 3367
f 3366 3333 3342
f 3347 3339 3334
f 3339 3347 3348
f 3348 3349 3351
f 3363 3364 3369
f 3294 3309 3368
f 3293 3306 3309
f 3331 3373 3374
f 3346 3334 3333
f 3323 3322 3352
f 3356 3355 3321
f 3355 3357 3325
f 3357 3358 3371
f 3322 3356 3320
f 3361 3330 3329
f 3373 3372 3375
f 3374 3375 3376
f 3329 3332 3376
f 3327 3375 3372
f 3336 3335 3375
f 3335 3338 3376
f 3376 3338 3337
f 3337 3350 3359
f 3359 3350 3276
f 3377 3292 3295
f 3277 3316 3315
f 3371 3378 3379
f 3378 3371 3358
f 3365 3379 3315
f 3316 3277 3279
f 3282 3377 3370
f 3313 3283 3224
f 3378 3285 3284
f 3380 3286 3285
f 3379 3284 3278
f 3276 3350 3351
f 3291 3351 3349
f 3313 3304 2965
f 2965 3304 3303
f 222 3303 3300
f 223 3300 3298
f 3298 3297 3185
f 3297 3310 2977
f 3310 3307 1213
f 3307 3306 1214
f 2532 1214 3306
f 2894 2532 3293
f 2871 2894 3292
f 3253 3225 3240
f 3283 3313 3013
f 1997 1996 1889
f 1237 745 744
f 1535 1534 120
f 1531 1532 201
f 1119 1241 1032
f 946 948 824
f 163 8 5
f 3589 3726 3723
f 1155 1156 1162
f 427 213 327
f 553 1902 796
f 3381 2232 2231
f 3381 3178 2230
f 2237 3183 3180
f 3383 3384 3385
f 3384 3386 3387
f 3386 3388 3389
f 3388 3390 3391
f 3392 3393 3394
f 3395 3394 3396
f 3398 3399 3397
f 3400 3401 3399
f 3403 3404 3405
f 3406 3407 3404
f 3408 3409 3407
f 3410 3411 3409
f 3412 3413 3411
f 3415 3400 3398
f 3414 3398 3396
f 3416 3396 3394
f 3417 3394 3393
f 3393 3419 3420
f 3419 3390 3421
f 3390 3388 3422
f 3388 3386 3423
f 3386 3384 3424
f 3384 3383 3425
f 3425 3383 3426
f 2904 3427 3428
f 3429 3427 2904
f 3430 3429 2902
f 2875 3431 3430
f 3432 3433 2733
f 2825 3434 3435
f 3437 3438 3439
f 3441 3437 3436
f 2724 2723 3434
f 3436 3439 3115
f 3440 3436 3117
f 3443 3415 3414
f 3442 3414 3416
f 3444 3416 3417
f 3445 3417 3418
f 3446 3418 3420
f 3420 3421 3448
f 3421 3422 3449
f 3422 3423 3450
f 3423 3424 3451
f 3424 3425 3452
f 3425 3184 3056
f 3451 3452 2253
f 3450 3451 2252
f 3449 3450 1727
f 3448 3449 2150
f 3453 3447 3448
f 3454 3446 3447
f 3455 3445 3446
f 3456 3444 3445
f 3442 3444 3456
f 3443 3442 3457
f 3459 3460 3458
f 3457 3456 3455
f 3459 3455 3454
f 3462 3460 3459
f 3461 3454 3453
f 3464 3462 3461
f 3463 3453 1941
f 3404 3399 3401
f 3407 3397 3399
f 3409 3395 3397
f 3411 3392 3395
f 3465 3466 3413
f 3467 3468 3469
f 3465 3412 3431
f 3470 3467 3466
f 3438 3470 3432
f 3467 3470 3438
f 3468 3467 3437
f 3471 3469 3468
f 3472 3468 3441
f 3473 3441 3440
f 2712 3440 3119
f 3475 3471 3472
f 3474 3472 3473
f 3476 3473 2712
f 3477 3476 2711
f 3478 3474 3476
f 3479 3475 3474
f 3392 3411 3413
f 3466 3469 3480
f 3419 3393 3392
f 3390 3419 3480
f 3469 3471 3391
f 3389 3391 3471
f 3387 3389 3475
f 3385 3387 3479
f 3482 3477 2400
f 3483 3478 3477
f 3481 3479 3478
f 3484 3482 2402
f 3058 3484 2707
f 3061 3485 3484
f 3485 3483 3482
f 3382 3385 3481
f 3486 3481 3483
f 3426 3383 3382
f 3487 3382 3486
f 3486 3485 3061
f 1961 3057 3487
f 3057 3184 3426
f 3428 3403 3402
f 3427 3406 3403
f 3429 3408 3406
f 3430 3410 3408
f 3431 3412 3410
f 3470 3465 3433
f 3434 3439 3438
f 2723 3115 3439
f 2875 2733 3433
f 2736 2824 3435
f 2947 3428 3488
f 3464 3463 1360
f 1900 1925 1924
f 1736 1717 1718
f 1955 1952 1943
f 1671 1738 1735
f 1696 1750 1698
f 1800 1865 1864
f 2063 2055 2056
f 1737 1734 1717
f 1751 1735 1697
f 943 3885 3899
f 3656 3488 3402
f 1577 1578 1764
f 3917 1598 1599
f 1945 146 82
f 68 6 7
f 147 1542 1543
f 1109 1135 1133
f 1503 1910 1907
f 1499 1501 1909
f 452 1922 735
f 1824 2068 3835
f 1825 2067 2068
f 1463 1462 1022
f 841 1012 1009
f 1568 1547 1955
f 1910 1503 1502
f 1939 1502 422
f 309 280 1940
f 1804 1851 1866
f 269 1482 1954
f 2065 1607 2060
f 3812 1685 1758
f 280 276 552
f 1875 1873 1869
f 1739 1721 1734
f 1778 1779 1790
f 310 1920 1915
f 1909 1908 1906
f 1789 1783 1778
f 978 981 980
f 1584 1759 1731
f 425 426 311
f 148 1543 115
f 2044 3897 3894
f 277 1910 1939
f 1943 1946 1945
f 1461 1462 1463
f 2253 3452 3056
f 2981 2254 3489
f 2209 2998 3489
f 2254 2253 3055
f 2998 926 958
f 2826 2817 2721
f 3490 2739 2721
f 2816 3491 3490
f 2334 2297 2296
f 2298 2297 2334
f 2301 2298 2336
f 2311 2301 2338
f 2312 2311 2354
f 2359 2358 2361
f 2335 2296 2359
f 2414 2413 2365
f 2413 2270 2361
f 2355 2352 2540
f 2541 2540 2539
f 2722 2721 2739
f 3114 2722 2738
f 3110 3112 3121
f 3108 3110 3120
f 3122 1754 3127
f 3112 3122 3126
f 3127 1754 1753
f 3139 3133 2529
f 3744 3775 3133
f 3490 2789 2740
f 3491 2790 2789
f 228 229 91
f 245 244 243
f 248 7 247
f 2 297 296
f 145 146 300
f 327 213 210
f 329 332 331
f 239 241 240
f 373 376 375
f 178 177 176
f 1218 1225 1228
f 3862 1231 1295
f 808 809 824
f 3858 3859 1013
f 3813 3810 1411
f 2154 2149 2159
f 3845 3835 1758
f 306 807 1922
f 2157 2153 1976
f 708 709 2031
f 1450 1226 1227
f 1672 1604 1605
f 1813 1814 1821
f 1717 1716 1715
f 176 159 402
f 1710 1705 3916
f 1712 1580 1577
f 1705 1713 1711
f 971 978 979
f 822 823 1094
f 2909 2810 2793
f 2810 2769 2795
f 2799 2910 2249
f 3662 3643 2910
f 2769 2768 2801
f 3177 3176 3178
f 3178 3381 3180
f 3181 1394 1393
f 3181 1633 1632
f 3182 1632 2244
f 3183 2244 2243
f 3492 2791 2790
f 2808 3492 3491
f 2239 3574 3572
f 1149 1150 3571
f 1150 2009 3567
f 2202 3569 3566
f 2921 3564 3565
f 3568 3560 2133
f 1777 1579 1759
f 1201 1196 1183
f 3561 3554 2195
f 3553 3576 2770
f 3927 3925 1687
f 1516 152 154
f 3549 3562 2974
f 3550 3548 2779
f 2771 2772 3575
f 3070 2771 3546
f 3547 3544 2775
f 1376 1375 1370
f 2767 3543 3556
f 2195 3554 3543
f 2775 3544 3542
f 3377 3282 3545
f 3804 3802 3539
f 2776 3542 3538
f 2240 3572 3535
f 2920 3535 3669
f 3548 3534 2786
f 1805 1850 1851
f 3534 3532 2787
f 2951 2773 3540
f 2772 2951 3531
f 2973 2224 3530
f 2224 2223 3537
f 1957 1953 320
f 306 305 304
f 2770 3576 3528
f 2913 3528 3574
f 2923 3565 3527
f 308 1940 431
f 207 208 132
f 1879 1876 1881
f 3733 3787 3525
f 2475 3070 3558
f 2476 2475 3524
f 2223 2476 3523
f 3522 3549 2803
f 2037 3563 11
f 1959 1958 450
f 2003 3555 3520
f 9 10 334
f 2009 2008 3518
f 2008 2973 3536
f 3877 672 673
f 3515 3550 2778
f 2935 3514 3513
f 111 1149 3570
f 3510 3514 2935
f 683 3876 3885
f 3508 3557 2810
f 736 733 732
f 1795 1804 1803
f 3505 3510 2938
f 3507 3505 2939
f 2950 3512 3504
f 2940 2949 3504
f 3801 3791 3512
f 2868 3509 3502
f 2869 3502 3522
f 1024 1034 1023
f 3500 3503 2948
f 551 1939 442
f 2972 3499 3568
f 2032 3533 3499
f 216 93 1924
f 203 202 201
f 1828 1848 1847
f 1958 1957 449
f 272 271 178
f 2871 3545 3495
f 3619 3669 3564
f 2801 2768 3643
f 2005 3758 3654
f 960 886 899
f 3657 3655 3612
f 3780 3788 3646
f 3151 3646 3593
f 2193 3604 3623
f 3607 3603 3145
f 3603 3649 2761
f 3592 3607 3144
f 2926 3658 3634
f 3634 3592 3104
f 3755 3754 3746
f 566 567 3758
f 3488 3656 1864
f 1602 1586 2079
f 2868 3658 3611
f 2922 3611 3610
f 2923 3610 3618
f 3670 3613 2918
f 3619 3670 3614
f 2921 3618 3670
f 2920 3614 3586
f 3613 3642 2915
f 2917 2766 3622
f 2916 2917 3641
f 2239 3587 3652
f 2911 3640 3652
f 3643 3640 2911
f 2797 2801 3662
f 2797 3591 3598
f 3622 3628 2763
f 3608 3628 2764
f 2194 3623 3648
f 2221 3648 3649
f 2756 3608 3609
f 2750 3598 3609
f 3669 3535 1817
f 3763 3770 1691
f 2515 3621 3590
f 2548 3590 3593
f 2513 2489 3632
f 2513 3616 3621
f 2509 3633 3620
f 2510 3632 3633
f 2289 3620 3639
f 2283 3639 3617
f 2240 3586 3587
f 3659 3657 3624
f 716 2121 3887
f 727 1999 3761
f 2165 2171 2170
f 3660 3659 3626
f 3743 3581 3578
f 2175 2172 769
f 2100 500 2095
f 3758 567 3757
f 640 3560 3568
f 1653 3576 3553
f 1895 3536 3530
f 746 3530 3537
f 1653 1810 3528
f 3762 1603 1604
f 2093 2075 2073
f 959 996 995
f 962 899 919
f 1400 1401 1398
f 1000 817 1127
f 956 959 884
f 1662 3548 3550
f 2034 3558 3546
f 3926 1689 3539
f 3535 3572 766
f 3572 3574 765
f 334 3570 3571
f 1868 3531 3540
f 1684 1651 1652
f 1682 1683 775
f 1585 1603 3762
f 3763 3762 1672
f 2173 2174 490
f 1658 3544 3547
f 3556 3543 1650
f 1571 3754 2010
f 1587 3664 3671
f 2099 2095 2077
f 787 3761 1999
f 2000 3694 786
f 3155 339 3697
f 3713 3155 3683
f 2180 2179 3685
f 3496 2180 3684
f 1684 3846 3840
f 1760 464 3495
f 2607 3689 3693
f 2581 3676 3689
f 2371 2502 3700
f 2371 3695 3693
f 2587 3676 3675
f 2586 3675 3697
f 2497 3691 3687
f 2502 2503 3687
f 2494 3691 3690
f 3690 3688 2472
f 3688 3701 2468
f 3701 3703 2469
f 726 3908 3892
f 581 3567 3518
f 10 3511 3570
f 1837 3514 3510
f 741 3537 3523
f 1299 3524 3558
f 1851 3507 3504
f 3527 3565 1820
f 580 3518 3536
f 1758 1685 3522
f 1693 3557 3508
f 3504 3512 1867
f 1894 1826 3568
f 2126 1418 3813
f 3906 2126 3841
f 2113 3911 3867
f 2179 3713 3789
f 624 3903 3904
f 2192 3604 3788
f 2177 3541 3787
f 1364 3824 3833
f 3858 3855 1470
f 3135 1753 3775
f 2069 3812 3835
f 1351 3861 3853
f 2108 3882 3901
f 2089 2092 3736
f 3828 3834 1358
f 2001 3749 3783
f 2187 3783 3719
f 2130 3756 3752
f 2004 3752 3749
f 2014 3724 3779
f 2201 3779 3756
f 3167 3720 3759
f 3168 3724 3720
f 3159 3709 3764
f 3160 3764 3765
f 3730 3707 3158
f 3158 3707 3709
f 2200 3069 3730
f 3685 3789 3742
f 3722 3774 2197
f 3790 3736 2092
f 3774 3790 3721
f 3154 3706 3790
f 3155 3713 3706
f 2091 3719 3721
f 2196 3148 3750
f 2193 2196 3776
f 3604 2193 3781
f 2086 2192 3780
f 2087 2086 3778
f 2204 3742 3751
f 2205 3751 3750
f 3909 3886 574
f 2124 2087 3777
f 2208 2124 3760
f 3711 3785 3140
f 3785 3745 3138
f 3745 3744 3139
f 3771 3712 3136
f 3712 3711 3137
f 3775 3767 3131
f 3767 3782 3132
f 1813 3839 3838
f 1293 3854 3856
f 2184 2321 3748
f 2181 2184 3732
f 3765 3768 3079
f 3768 3734 3080
f 709 3873 3875
f 2774 2961 3737
f 3786 3769 2134
f 3809 3808 766
f 2968 3784 3766
f 2969 3759 3784
f 2958 3747 3737
f 2132 3747 3766
f 2321 2185 3771
f 3860 3848 1449
f 3905 3874 582
f 3886 3889 577
f 3847 3826 1818
f 705 3902 3887
f 3816 3912 3907
f 2111 3883 3911
f 3810 3829 1366
f 1812 3839 3822
f 675 3851 3852
f 3496 3705 3851
f 2110 3867 3868
f 2104 3896 3901
f 2109 3868 3899
f 3842 3831 703
f 1680 3811 3846
f 1639 1627 3819
f 623 3904 3906
f 2139 2140 3866
f 1808 1640 3844
f 3820 3821 1819
f 3872 3914 3900
f 1646 3832 3830
f 3889 3890 633
f 2139 3865 3875
f 2156 2155 3871
f 674 3852 3913
f 2117 3817 3812
f 1815 3822 3847
f 3855 3849 1444
f 697 3906 3912
f 866 842 3836
f 3864 3869 2136
f 3585 3731 3726
f 3583 3740 3731
f 3753 3746 3738
f 3740 3583 3581
f 1088 3738 3746
f 3739 3740 3743
f 2791 3492 3493
f 3492 2808 2807
f 2792 3493 3494
f 3493 2807 2806
f 3508 2909 3494
f 3516 3494 2806
f 2948 3503 3791
f 2105 3908 3896
f 3538 3802 3804
f 680 3878 3876
f 1891 1890 3910
f 2905 3799 3801
f 2900 3797 3799
f 2901 3797 3807
f 2734 2878 3806
f 2877 3807 3806
f 2820 3800 3794
f 2818 3796 3792
f 2823 3793 3792
f 2822 3793 3798
f 2819 2735 3800
f 2817 3796 3795
f 2809 3805 3795
f 2808 3805 3803
f 2805 3804 3803
f 1702 3921 3923
f 3922 3920 1797
f 3915 3916 1706
f 3918 3927 1692
f 1657 3898 3880
f 1890 1877 3895
f 3772 3770 1674
f 1689 1690 3772
f 3926 3802 3538
f 3516 3539 1689
f 3917 3923 1703
f 1598 3917 3928
f 3880 3884 1876
f 1691 1690 3925
f 3925 3926 1688
