v 0.059588 -0.010385 -0.048242
v 0.063513 -0.011390 -0.047345
v 0.064228 -0.009864 -0.047241
v 0.060019 -0.008927 -0.047994
v 0.072315 -0.008915 -0.057694
v 0.071674 -0.005487 -0.054420
v 0.071119 -0.002370 -0.054288
v 0.071328 -0.002832 -0.056998
v 0.026144 -0.046244 -0.110524
v 0.011642 -0.046158 -0.115008
v 0.011513 -0.058354 -0.112256
v 0.024871 -0.060059 -0.106640
v 0.043328 -0.083186 -0.087236
v 0.038306 -0.075244 -0.092733
v 0.037022 -0.088100 -0.096785
v 0.045414 -0.090657 -0.086783
v 0.038477 0.049297 0.039880
v 0.045512 0.048093 0.034178
v 0.044585 0.042023 0.037586
v -0.060137 -0.009964 -0.049903
v -0.064035 -0.010988 -0.049052
v -0.064700 -0.009586 -0.048982
v -0.060278 -0.008519 -0.049683
v -0.072502 -0.008617 -0.059777
v -0.071600 -0.005251 -0.056421
v -0.071236 -0.002201 -0.056210
v -0.071524 -0.002519 -0.058918
v 0.037665 0.042581 0.042024
v 0.091696 0.013178 -0.068297
v 0.091523 0.010596 -0.069678
v 0.091569 0.009196 -0.067911
v 0.091584 0.011518 -0.066896
v 0.087342 -0.005627 -0.066868
v 0.087404 0.002005 -0.068374
v 0.088839 0.004527 -0.068737
v 0.088629 0.002505 -0.068292
v 0.086622 -0.016109 -0.064158
v 0.085677 -0.015389 -0.063625
v 0.087595 -0.010791 -0.065250
v 0.088367 -0.011135 -0.066117
v 0.071180 -0.035761 -0.041344
v 0.073892 -0.033968 -0.043161
v 0.074431 -0.035791 -0.044245
v 0.069764 -0.037198 -0.042659
v 0.066857 -0.035751 -0.043502
v 0.071718 -0.036549 -0.047425
v 0.071039 -0.033299 -0.048341
v 0.067169 -0.033218 -0.045100
v 0.087129 0.023023 -0.053128
v 0.087314 0.019827 -0.052896
v 0.085697 0.019157 -0.050383
v 0.085503 0.022464 -0.050357
v 0.072042 -0.009914 -0.063907
v 0.069965 -0.016424 -0.061621
v 0.075782 -0.011231 -0.063944
v 0.076285 -0.008523 -0.064445
v 0.085228 0.012260 -0.060739
v 0.086065 0.013361 -0.064220
v 0.086230 0.011290 -0.065493
v 0.085298 0.009632 -0.062942
v 0.087662 0.015151 -0.069225
v 0.087760 0.012281 -0.070667
v 0.069770 -0.026715 -0.039232
v 0.068954 -0.022977 -0.038468
v 0.069730 -0.021406 -0.039698
v 0.070253 -0.022449 -0.040883
v 0.070546 -0.009143 -0.054657
v 0.072002 -0.004991 -0.052881
v 0.082619 -0.026745 -0.058756
v 0.082373 -0.024824 -0.058032
v 0.084394 -0.020667 -0.061592
v 0.084666 -0.021947 -0.062361
v 0.079650 -0.022117 -0.056300
v 0.081917 -0.019583 -0.059870
v 0.083073 -0.018886 -0.061578
v 0.081766 -0.021072 -0.059634
v 0.088187 0.015642 -0.059626
v 0.086000 0.017650 -0.055261
v 0.086650 0.017712 -0.055627
v 0.088474 0.015503 -0.060641
v 0.078913 0.003355 -0.063852
v 0.077892 0.008261 -0.062003
v 0.076524 0.007775 -0.062137
v 0.077643 0.003502 -0.063758
v 0.088264 0.012206 -0.066984
v 0.088549 0.009527 -0.068086
v 0.086688 0.008699 -0.067091
v 0.074541 0.010352 -0.050118
v 0.074595 0.011045 -0.050918
v 0.075212 0.009372 -0.051358
v 0.074638 0.008162 -0.050116
v 0.074249 -0.037096 -0.047467
v 0.067108 -0.024690 -0.055128
v 0.068994 -0.023847 -0.056384
v 0.071794 -0.019953 -0.059409
v 0.070558 -0.018824 -0.059650
v 0.066889 -0.033961 -0.039735
v 0.069778 -0.033843 -0.039324
v 0.070690 -0.035210 -0.040453
v 0.067573 -0.035711 -0.040778
v 0.077814 0.014489 -0.050892
v 0.080384 0.013861 -0.053214
v 0.078570 0.012876 -0.052505
v 0.076690 0.013244 -0.050706
v 0.086040 0.000101 -0.066921
v 0.085359 0.006888 -0.064809
v 0.084915 -0.009280 -0.061531
v 0.085359 -0.009204 -0.064590
v 0.084367 -0.013267 -0.063442
v -0.028647 -0.046410 -0.110554
v -0.014174 -0.046215 -0.115012
v -0.014072 -0.058454 -0.112267
v -0.027430 -0.060287 -0.106652
v 0.084276 -0.013336 -0.060437
v 0.084836 -0.001103 -0.061423
v 0.085489 -0.001011 -0.064878
v 0.089124 0.008244 -0.066445
v 0.088852 0.002183 -0.066956
v 0.089031 0.008716 -0.067212
v 0.075500 0.011585 -0.060029
v 0.075403 0.014693 -0.064165
v 0.074498 0.008311 -0.065795
v 0.075498 0.009284 -0.061546
v 0.070480 -0.017424 -0.040072
v 0.071907 -0.015255 -0.041177
v 0.070853 -0.017541 -0.042673
v 0.070230 -0.019652 -0.042458
v 0.072492 -0.021920 -0.058186
v 0.069864 -0.024955 -0.055628
v 0.070464 -0.025439 -0.054966
v 0.073220 -0.023752 -0.056660
v 0.082967 0.015205 -0.055203
v 0.082838 0.009656 -0.055940
v 0.081162 0.009565 -0.054556
v 0.076037 -0.020717 -0.047778
v 0.076680 -0.019341 -0.049758
v 0.077904 -0.022523 -0.051636
v 0.076988 -0.024624 -0.049962
v 0.078717 -0.033291 -0.052898
v 0.076402 -0.033192 -0.053252
v 0.073998 -0.035311 -0.050203
v 0.076533 -0.035836 -0.050006
v 0.070032 -0.020776 -0.041543
v 0.069982 -0.020023 -0.039940
v 0.081202 0.003644 -0.065571
v 0.080189 0.009694 -0.063520
v 0.084442 0.007924 -0.060791
v 0.084545 0.005523 -0.062308
v 0.073335 -0.004687 -0.045663
v 0.070703 -0.004007 -0.046752
v 0.070493 -0.004693 -0.046951
v 0.073726 -0.006302 -0.045552
v 0.073849 -0.004602 -0.044154
v 0.074274 -0.006150 -0.044058
v 0.073984 -0.006510 -0.042548
v 0.073614 -0.005595 -0.042457
v 0.069958 -0.003649 -0.047698
v 0.070093 -0.003940 -0.047188
v 0.070600 -0.003504 -0.047574
v 0.074644 -0.001433 -0.058687
v 0.076049 -0.009299 -0.061117
v 0.073768 -0.008996 -0.059929
v 0.070917 -0.001517 -0.058192
v 0.086174 -0.008022 -0.066263
v 0.081882 0.018628 -0.046233
v 0.080027 0.020514 -0.046276
v 0.082639 0.024285 -0.050887
v 0.071453 -0.017670 -0.052119
v 0.073772 -0.017089 -0.049033
v 0.071966 -0.017258 -0.047490
v 0.070566 -0.018373 -0.050478
v 0.069861 -0.013186 -0.045311
v 0.067907 -0.016667 -0.044493
v 0.072292 -0.014757 -0.044067
v 0.073935 0.001046 -0.043798
v 0.072272 -0.002618 -0.046958
v 0.073131 -0.003578 -0.045340
v 0.073527 -0.003310 -0.043894
v 0.086675 -0.016817 -0.065209
v 0.088479 -0.011674 -0.067562
v 0.086689 -0.011592 -0.068611
v 0.084952 -0.017100 -0.066297
v 0.067476 -0.030347 -0.038106
v 0.065120 -0.032929 -0.040972
v 0.067298 -0.027138 -0.036994
v 0.091143 0.019746 -0.062634
v 0.087060 0.022254 -0.063132
v 0.087323 0.020310 -0.065553
v 0.091439 0.017799 -0.064835
v 0.069986 0.002593 -0.052886
v 0.070364 0.000516 -0.052616
v 0.070872 0.002083 -0.050882
v 0.070579 0.003901 -0.050874
v 0.049972 -0.032355 -0.093795
v 0.058066 -0.032464 -0.075002
v 0.061886 -0.018628 -0.083458
v 0.054942 -0.018842 -0.099377
v 0.079594 -0.030734 -0.052579
v 0.078347 -0.032974 -0.049909
v 0.075128 0.008732 -0.042592
v 0.074310 0.010768 -0.041616
v 0.075608 0.016074 -0.043052
v 0.076448 0.012707 -0.042839
v 0.088210 0.003978 -0.071673
v 0.091243 0.003167 -0.070403
v 0.077291 0.015060 -0.049039
v 0.081582 0.018631 -0.051948
v 0.079177 0.016170 -0.051135
v 0.077035 0.014800 -0.049569
v 0.076145 0.006578 -0.047579
v 0.077006 0.007915 -0.047150
v 0.075566 0.008836 -0.047397
v 0.074415 0.007427 -0.047516
v 0.074203 0.015443 -0.040473
v 0.075969 0.020247 -0.043584
v 0.065909 -0.025484 -0.054583
v 0.076925 0.007581 -0.045086
v 0.077850 0.010185 -0.044566
v 0.078267 0.009408 -0.046902
v -0.046018 -0.083643 -0.086985
v -0.040971 -0.075644 -0.092548
v -0.039499 -0.088540 -0.096739
v -0.048012 -0.091167 -0.086593
v 0.068334 -0.022045 -0.036386
v 0.069329 -0.020360 -0.038357
v 0.076194 0.013592 -0.049562
v 0.075474 0.012511 -0.049601
v 0.073811 0.008953 -0.049324
v 0.074111 0.006461 -0.050517
v 0.081017 -0.000373 -0.057584
v 0.082691 -0.008771 -0.059526
v 0.065574 -0.018178 -0.069751
v 0.062696 -0.032170 -0.055169
v 0.074413 0.009256 -0.047447
v 0.074230 0.009588 -0.047745
v 0.073118 0.008697 -0.048474
v 0.073366 0.008185 -0.047636
v 0.076969 -0.034525 -0.047411
v 0.079675 0.006031 -0.054919
v 0.076174 0.004405 -0.053099
v 0.076749 0.006620 -0.052126
v 0.088562 -0.006075 -0.066173
v 0.089612 0.002242 -0.067011
v 0.091065 0.002743 -0.068530
v 0.089881 -0.006274 -0.067441
v 0.065539 -0.034158 -0.041791
v 0.070289 -0.000241 -0.053601
v 0.071676 -0.002065 -0.052814
v 0.071010 0.005351 -0.050883
v 0.071933 0.007149 -0.049278
v 0.069721 -0.017389 -0.037999
v 0.087498 0.016207 -0.064161
v 0.087903 0.014319 -0.065591
v 0.085841 0.014946 -0.062848
v 0.085469 0.016155 -0.061242
v 0.084557 0.017348 -0.057438
v 0.085041 0.018820 -0.057023
v 0.086837 0.017682 -0.062033
v 0.074912 0.005160 -0.051973
v 0.075855 0.007137 -0.051022
v 0.075111 -0.021989 -0.046241
v 0.075730 -0.028150 -0.047312
v 0.083020 -0.016729 -0.061215
v 0.082651 -0.015999 -0.058365
v 0.084011 -0.005660 -0.069331
v 0.083885 0.003688 -0.070025
v 0.082260 0.003600 -0.067747
v 0.082600 -0.005173 -0.067904
v 0.076443 -0.002724 -0.064383
v 0.073532 -0.001884 -0.064912
v 0.073165 -0.004480 -0.041955
v 0.072460 -0.000818 -0.040163
v 0.070944 0.004770 -0.051273
v 0.071387 0.006308 -0.049121
v 0.076990 -0.019345 -0.060614
v 0.072962 -0.026892 -0.053444
v 0.077146 -0.021765 -0.058980
v 0.068692 -0.027460 -0.051395
v 0.068415 -0.028616 -0.049146
v 0.071131 -0.028691 -0.050735
v 0.079705 -0.020166 -0.055459
v 0.081495 -0.018950 -0.058215
v 0.069114 -0.003879 -0.048475
v 0.067719 -0.005481 -0.049671
v 0.068754 -0.004410 -0.047827
v 0.083826 -0.000965 -0.058993
v 0.084313 -0.008971 -0.059796
v 0.077253 0.010050 -0.047329
v 0.074716 -0.000039 -0.049008
v 0.076003 0.003317 -0.046634
v 0.080570 0.013529 -0.046777
v 0.078928 0.011773 -0.047504
v 0.078369 0.010916 -0.047325
v 0.079420 0.011371 -0.046584
v 0.062183 -0.014198 -0.047834
v 0.065818 -0.015666 -0.046586
v 0.067298 -0.012370 -0.046420
v 0.084079 0.019149 -0.055853
v 0.084462 0.017091 -0.057023
v 0.081540 0.010349 -0.065388
v 0.075577 0.011275 -0.052059
v 0.076437 0.009591 -0.052830
v 0.077819 0.023005 -0.058889
v 0.077356 0.021006 -0.055517
v 0.077611 0.021137 -0.054257
v 0.078082 0.025175 -0.054321
v 0.067736 -0.031552 -0.046069
v 0.070584 -0.031200 -0.048706
v 0.070332 -0.029840 -0.049157
v 0.068066 -0.030058 -0.047273
v 0.071287 -0.017488 -0.046775
v 0.070257 -0.018673 -0.049486
v 0.084513 -0.015310 -0.063812
v 0.083703 -0.016198 -0.062832
v 0.085099 -0.012230 -0.064885
v 0.086298 -0.011004 -0.065575
v 0.071247 0.003257 -0.054480
v 0.069969 0.002132 -0.055051
v 0.077924 0.015132 -0.056332
v 0.080250 0.017504 -0.057807
v 0.079151 0.020410 -0.054169
v 0.077401 0.018257 -0.054048
v 0.082867 0.011092 -0.067886
v 0.076294 0.008231 -0.052567
v 0.076976 0.008427 -0.053631
v 0.075810 0.008697 -0.052072
v 0.073646 0.006502 -0.047747
v 0.075461 0.005256 -0.048004
v 0.079910 0.013531 -0.048130
v 0.083910 0.017029 -0.051383
v 0.082997 0.016809 -0.051022
v 0.079212 0.014147 -0.048525
v 0.074403 0.011167 -0.048779
v 0.012941 -0.034106 -0.121310
v 0.014707 -0.023855 -0.128608
v -0.037826 0.048715 0.039068
v -0.045004 0.047513 0.033472
v -0.044062 0.041367 0.036671
v -0.036996 0.042017 0.041001
v 0.077613 0.020746 -0.046448
v 0.078895 0.022588 -0.050594
v 0.079808 0.023502 -0.050840
v 0.078188 0.021647 -0.047484
v 0.085427 0.014880 -0.060576
v 0.089156 0.011106 -0.066020
v 0.072736 -0.003189 -0.050987
v 0.069637 -0.006344 -0.050972
v 0.059808 -0.007680 -0.049738
v 0.060161 -0.006387 -0.049881
v 0.060859 -0.006919 -0.051049
v 0.060337 -0.008549 -0.051089
v 0.062449 -0.012870 -0.051436
v 0.065125 -0.013972 -0.050408
v 0.064343 -0.015953 -0.048896
v 0.061454 -0.015322 -0.050919
v 0.058926 -0.011143 -0.050156
v 0.059401 -0.009406 -0.049829
v 0.060180 -0.010350 -0.051241
v 0.059811 -0.012361 -0.051540
v 0.083556 0.018756 -0.053564
v 0.085296 0.018655 -0.055171
v 0.089874 0.010449 -0.065309
v 0.089877 0.008333 -0.066438
v 0.088509 0.014882 -0.063119
v 0.088886 0.013184 -0.064533
v 0.072479 -0.012589 -0.040925
v 0.073497 -0.012345 -0.042867
v 0.073043 -0.014026 -0.042853
v 0.091126 0.013896 -0.065396
v 0.091629 0.015504 -0.066710
v 0.070244 -0.030246 -0.038969
v 0.068977 -0.031649 -0.038283
v 0.043281 -0.099400 -0.023527
v 0.052807 -0.094499 -0.035263
v 0.052310 -0.104131 -0.034914
v 0.043239 -0.109201 -0.023843
v 0.080396 0.015849 -0.045151
v 0.079174 0.018360 -0.044652
v 0.059076 -0.012524 -0.048640
v 0.059016 -0.013740 -0.050654
v 0.061522 -0.015438 -0.049247
v 0.064617 -0.008200 -0.047282
v 0.060373 -0.007464 -0.047992
v 0.062751 -0.011115 -0.051368
v 0.064372 -0.005963 -0.050530
v 0.064813 -0.004860 -0.048881
v 0.067205 -0.019240 -0.045728
v 0.068812 -0.019498 -0.048195
v 0.070362 -0.019648 -0.044694
v 0.059420 -0.014144 -0.051410
v 0.070989 0.004326 -0.052285
v 0.065964 -0.010034 -0.051120
v 0.069087 -0.012552 -0.052857
v 0.068674 -0.014740 -0.051978
v 0.065666 -0.012031 -0.051062
v 0.078218 -0.023043 -0.053419
v 0.078572 -0.021141 -0.053278
v 0.072665 -0.016856 -0.053917
v 0.075674 -0.016815 -0.051871
v 0.072280 -0.000310 -0.051302
v 0.073987 0.002781 -0.049493
v 0.069419 -0.003718 -0.048196
v 0.066823 -0.007761 -0.050789
v 0.069123 -0.009950 -0.052724
v 0.064878 -0.006671 -0.047484
v 0.068795 -0.006759 -0.046975
v 0.068620 -0.005662 -0.047223
v 0.064832 -0.005631 -0.047780
v 0.079333 0.009586 -0.053986
v 0.077792 0.015965 -0.043710
v 0.079227 0.013051 -0.044641
v 0.078432 0.027325 -0.070816
v 0.076143 0.019205 -0.075519
v 0.076893 0.019886 -0.062715
v 0.062753 -0.009149 -0.051138
v 0.061072 -0.005326 -0.049479
v 0.061241 -0.005557 -0.048048
v 0.083712 -0.019399 -0.061298
v 0.071393 -0.019847 -0.044341
v 0.072121 0.004671 -0.048842
v 0.083165 -0.010849 -0.067762
v 0.081845 -0.015998 -0.065666
v 0.071285 0.005894 -0.049138
v 0.072278 0.007062 -0.047964
v 0.069606 -0.019146 -0.048969
v 0.070924 -0.018528 -0.045831
v 0.072652 0.007527 -0.047890
v 0.072890 -0.012892 -0.044304
v 0.084514 0.009406 -0.059268
v 0.074651 -0.030539 -0.053688
v 0.072746 -0.032106 -0.050803
v 0.060801 -0.006398 -0.048077
v 0.064181 -0.016065 -0.048180
v 0.063957 -0.007376 -0.051215
v 0.071218 -0.008961 -0.045834
v 0.070688 -0.011162 -0.045543
v 0.073501 -0.010655 -0.044483
v 0.077137 -0.016453 -0.053625
v 0.073443 -0.015520 -0.056222
v 0.074616 -0.014615 -0.058368
v 0.078793 -0.015832 -0.055414
v 0.080449 -0.020810 -0.063196
v 0.078847 -0.025132 -0.059730
v 0.081193 -0.026938 -0.059495
v 0.083211 -0.022496 -0.063370
v 0.079874 0.042656 -0.079360
v 0.079398 0.032895 -0.063979
v 0.080803 0.049092 -0.067942
v 0.082385 0.018986 -0.062816
v 0.082520 0.016669 -0.064544
v 0.087584 0.017693 -0.067464
v 0.077368 0.023351 -0.048572
v 0.077918 0.020960 -0.052473
v 0.077437 0.022263 -0.050243
v 0.087650 -0.006066 -0.070465
v 0.074486 0.004786 -0.042915
v 0.076468 0.005415 -0.045674
v 0.075849 -0.018107 -0.061373
v 0.078698 -0.017725 -0.053560
v 0.080746 -0.017266 -0.055820
v 0.088665 0.019718 -0.055586
v 0.085576 0.017844 -0.053177
v 0.009278 -0.110618 0.003663
v 0.009300 -0.117586 0.000044
v 0.008257 -0.008701 0.057829
v 0.009738 -0.008939 0.056470
v 0.008705 -0.007000 0.055516
v 0.007958 -0.006952 0.056138
v 0.008563 -0.017724 0.056303
v 0.007960 -0.016092 0.055231
v 0.008835 -0.016318 0.054573
v 0.009590 -0.017678 0.055385
v 0.005426 -0.007243 0.055263
v 0.003874 -0.010229 0.057989
v 0.005424 -0.008841 0.059476
v 0.006646 -0.006497 0.056091
v 0.088097 0.023083 -0.056587
v 0.011681 -0.017878 0.055790
v 0.010694 -0.016321 0.054689
v 0.011726 -0.015603 0.056411
v 0.013120 -0.016842 0.057429
v 0.004852 -0.017082 0.064110
v 0.005987 -0.014961 0.064294
v 0.004700 -0.015877 0.061880
v 0.004679 -0.017680 0.061484
v 0.007625 -0.014264 0.063719
v 0.009416 -0.014786 0.065364
v 0.011025 -0.014791 0.063717
v 0.009008 -0.014243 0.062160
v 0.004429 -0.013642 0.057079
v 0.005521 -0.015475 0.058269
v 0.003776 -0.013687 0.060652
v 0.011878 -0.013566 0.054714
v 0.010188 -0.014668 0.053417
v 0.009522 -0.010862 0.052597
v 0.010951 -0.009945 0.053650
v 0.046231 -0.083544 -0.023136
v 0.054231 -0.081337 -0.036785
v 0.033952 0.005153 0.037506
v 0.033235 0.002232 0.038725
v 0.029022 0.003392 0.039393
v 0.029917 0.005979 0.038314
v 0.074310 -0.008301 -0.043463
v 0.073791 -0.007509 -0.042163
v 0.082553 0.013945 -0.066189
v 0.088220 0.016473 -0.060224
v 0.082234 0.020851 -0.060645
v 0.080977 0.023135 -0.055953
v 0.079898 0.021655 -0.054998
v 0.081082 0.018998 -0.059040
v 0.090647 0.017099 -0.061482
v 0.072576 -0.021320 -0.044045
v 0.081941 0.005399 -0.056533
v 0.080373 0.023623 -0.053459
v 0.083832 0.025108 -0.054078
v 0.087965 -0.006110 -0.066248
v 0.090976 0.015550 -0.063528
v 0.089010 0.014134 -0.062326
v 0.082062 0.015665 -0.047257
v 0.075679 -0.012518 -0.060747
v 0.082093 -0.012445 -0.058754
v 0.080580 -0.014819 -0.057133
v -0.091203 0.013510 -0.070433
v -0.091065 0.010913 -0.071734
v -0.091110 0.009549 -0.069913
v -0.091070 0.011895 -0.069104
v -0.087394 -0.005144 -0.068818
v -0.087487 0.002360 -0.070411
v -0.088718 0.004895 -0.070885
v -0.088708 0.002866 -0.070438
v 0.074882 -0.014099 -0.059747
v 0.069662 0.001107 -0.054774
v 0.069270 -0.016596 -0.035701
v 0.077606 -0.027829 -0.050882
v -0.086943 -0.015547 -0.065601
v -0.086106 -0.014889 -0.065226
v -0.087881 -0.010276 -0.066868
v -0.088601 -0.010636 -0.067587
v 0.078631 -0.026671 -0.053343
v 0.029061 -0.033518 -0.115676
v 0.032517 -0.022380 -0.122141
v 0.089932 -0.006281 -0.069331
v 0.083021 0.017898 -0.054249
v 0.074216 -0.021866 -0.045365
v 0.073321 -0.027783 -0.044641
v 0.072022 -0.027233 -0.042766
v 0.076845 0.008785 -0.053244
v 0.075082 -0.017102 -0.061835
v 0.075266 -0.014809 -0.062718
v 0.061213 -0.006043 -0.050794
v 0.077765 -0.023315 -0.059192
v 0.073934 -0.028738 -0.053600
v 0.057897 -0.078178 -0.050168
v 0.054527 -0.075606 -0.065341
v -0.072099 -0.035178 -0.042870
v -0.074625 -0.033373 -0.044695
v -0.075199 -0.035199 -0.045933
v -0.070716 -0.036375 -0.044394
v 0.055128 -0.086781 -0.063240
v 0.057208 -0.090349 -0.048675
v 0.071202 -0.002456 -0.036607
v 0.071642 -0.009854 -0.039057
v 0.070636 -0.010872 -0.037321
v 0.022399 -0.101519 -0.001376
v 0.019912 -0.113281 -0.005230
v 0.069519 -0.015980 -0.031606
v 0.069375 -0.016607 -0.021473
v 0.071116 -0.000695 -0.021567
v 0.070568 -0.006214 -0.031174
v 0.059409 0.031353 0.015152
v 0.061252 0.031897 0.010505
v 0.061888 0.022129 0.010462
v 0.059768 0.023416 0.014512
v 0.019935 0.088849 0.032292
v 0.009949 0.089581 0.034494
v 0.009996 0.096997 0.028452
v 0.020239 0.095908 0.025855
v 0.034538 -0.014219 -0.126521
v 0.036485 -0.003741 -0.131283
v 0.016935 -0.006636 -0.138354
v 0.015781 -0.016353 -0.133161
v 0.020466 0.112987 0.003399
v 0.009968 0.114643 0.006107
v 0.010088 0.119665 -0.003948
v -0.067859 -0.035008 -0.045074
v -0.072145 -0.035733 -0.049204
v -0.071336 -0.032635 -0.050122
v -0.068048 -0.032622 -0.046711
v 0.020782 0.117720 -0.006313
v 0.053225 0.002482 0.028308
v 0.055335 -0.003945 0.028368
v 0.051343 -0.004497 0.032115
v 0.049667 0.001984 0.031289
v 0.072818 -0.032453 -0.041917
v 0.071768 -0.031552 -0.040733
v -0.087052 0.023296 -0.054912
v -0.087033 0.020123 -0.054871
v -0.085034 0.019574 -0.052446
v -0.085298 0.022806 -0.052048
v -0.073905 -0.010578 -0.065185
v -0.071811 -0.016982 -0.063016
v -0.077567 -0.011837 -0.065505
v -0.077894 -0.009171 -0.065969
v 0.010267 0.123947 -0.015720
v 0.021222 0.121797 -0.017677
v 0.011648 0.012164 0.044292
v -0.084312 0.012462 -0.063018
v -0.085552 0.013652 -0.066514
v -0.085905 0.011622 -0.067749
v -0.084866 0.009909 -0.065141
v -0.087339 0.015422 -0.071234
v -0.087436 0.012553 -0.072765
v -0.070601 -0.026212 -0.040464
v -0.069848 -0.022483 -0.039694
v -0.070464 -0.020907 -0.041074
v -0.070914 -0.021948 -0.042223
v -0.070463 -0.008881 -0.056693
v -0.072090 -0.004812 -0.054855
v -0.082495 -0.025986 -0.060510
v -0.082622 -0.024212 -0.059634
v -0.084721 -0.020077 -0.063043
v -0.084733 -0.021296 -0.063961
v 0.012083 0.014212 0.041534
v 0.015738 0.010878 0.040319
v 0.015325 0.008697 0.042551
v 0.007824 0.061866 0.046184
v 0.008776 0.069658 0.043716
v 0.017639 0.069791 0.042238
v 0.016148 0.062065 0.045207
v 0.020262 0.008222 0.039317
v 0.019544 0.006135 0.040778
v 0.009952 0.103474 0.021705
v 0.020351 0.102212 0.018896
v 0.020586 0.127635 -0.067894
v -0.079960 -0.021643 -0.057912
v -0.082223 -0.019125 -0.061557
v -0.083418 -0.018407 -0.063270
v -0.082075 -0.020571 -0.061288
v 0.021103 0.127983 -0.059397
v 0.009837 0.130668 -0.059818
v -0.087875 0.016006 -0.061891
v -0.085684 0.017931 -0.057453
v -0.086191 0.018040 -0.057844
v -0.088022 0.015894 -0.062953
v 0.010857 0.129652 -0.072408
v 0.067661 -0.000385 -0.091600
v 0.070924 -0.001519 -0.076171
v 0.073965 0.010438 -0.077769
v 0.071935 0.016075 -0.094370
v 0.033057 -0.094823 -0.010968
v 0.031271 -0.106775 -0.013750
v -0.079877 0.003039 -0.065307
v -0.078535 0.008149 -0.063473
v -0.077616 0.007411 -0.063432
v -0.078912 0.002926 -0.065006
v -0.088025 0.012579 -0.069259
v -0.088350 0.009897 -0.070319
v -0.086461 0.009047 -0.069277
v -0.074553 0.010191 -0.052096
v -0.074819 0.010762 -0.052827
v -0.075489 0.009167 -0.053199
v -0.074908 0.008099 -0.051949
v -0.074754 -0.036371 -0.049358
v -0.068728 -0.025079 -0.056655
v -0.070446 -0.024190 -0.058016
v -0.073174 -0.020266 -0.061042
v -0.072200 -0.019252 -0.061202
v 0.052875 0.054006 0.022742
v 0.054862 0.059201 0.018352
v 0.058237 0.051959 0.014644
v 0.055990 0.047755 0.019412
v 0.006299 0.049373 0.049395
v 0.013622 0.049456 0.049231
v 0.011746 0.043290 0.049479
v 0.005618 0.043069 0.049745
v -0.068056 -0.033388 -0.040852
v -0.070862 -0.033298 -0.040510
v -0.071701 -0.034631 -0.041773
v -0.068691 -0.035032 -0.042231
v 0.059860 0.015911 0.015155
v 0.062452 0.012887 0.012067
v 0.061568 0.004592 0.016852
v 0.058688 0.008771 0.018919
v 0.055810 0.003840 0.024996
v -0.077740 0.014164 -0.052887
v -0.080067 0.013698 -0.055282
v -0.078475 0.012644 -0.054461
v -0.076738 0.012919 -0.052662
v 0.058170 -0.002206 0.024526
v -0.086330 0.000475 -0.068840
v -0.085158 0.007257 -0.066942
v 0.019008 0.079245 0.038356
v 0.009462 0.079581 0.040074
v 0.060290 0.042431 0.011721
v 0.058111 0.039831 0.016741
v 0.008995 0.015442 0.046897
v 0.009608 0.017047 0.043303
v 0.007024 0.022302 0.046017
v -0.085474 -0.008866 -0.063368
v -0.085870 -0.008772 -0.066444
v -0.084805 -0.012788 -0.065209
v -0.084748 -0.012875 -0.062103
v 0.004481 0.021367 0.051865
v 0.004529 0.025521 0.050553
v 0.007069 0.025536 0.046736
v 0.033653 0.061942 0.038194
v 0.035320 0.069004 0.034670
v 0.042830 0.067687 0.029204
v 0.041217 0.061068 0.032949
v 0.020400 0.107793 0.011613
v -0.085128 -0.000807 -0.063391
v -0.085845 -0.000651 -0.066804
v 0.009927 0.109240 0.014430
v 0.004816 0.035081 0.049421
v 0.008852 0.035235 0.047771
v 0.007692 0.031797 0.047113
v -0.089051 0.008685 -0.068760
v -0.089086 0.002540 -0.069053
v -0.088887 0.009121 -0.069474
v -0.076518 0.011393 -0.061178
v -0.076562 0.014369 -0.065044
v -0.076031 0.007755 -0.066670
v -0.076858 0.008837 -0.062670
v 0.004835 0.031737 0.049474
v 0.024056 0.004574 0.040015
v 0.024890 0.006916 0.038921
v 0.064904 -0.031356 -0.044804
v 0.066013 -0.032616 -0.044310
v 0.072835 0.014905 -0.034097
v 0.071407 0.004300 -0.032250
v 0.071691 0.012642 -0.022587
v 0.072379 0.025469 -0.024711
v 0.074816 0.037342 -0.028195
v 0.076092 0.045909 -0.033518
v 0.076751 0.030223 -0.040694
v 0.075081 0.023864 -0.036377
v 0.049833 -0.084345 -0.076071
v 0.047433 -0.074192 -0.079401
v 0.004493 0.018073 0.054515
v 0.004454 0.015070 0.057082
v 0.019375 0.035445 -0.149848
v -0.070898 -0.016993 -0.041881
v -0.072293 -0.014915 -0.043128
v -0.071276 -0.017090 -0.044527
v -0.070765 -0.019113 -0.044138
v 0.018745 0.021842 -0.147958
v 0.039084 0.025885 -0.139462
v 0.039492 0.038838 -0.140935
v 0.064347 -0.011010 -0.087581
v -0.073691 -0.022089 -0.059799
v -0.071083 -0.025144 -0.057307
v -0.071509 -0.025458 -0.056642
v -0.074263 -0.023778 -0.058286
v 0.068234 -0.010367 -0.073333
v 0.010409 -0.012013 0.058344
v 0.007193 -0.007586 0.053675
v 0.007223 -0.011225 0.052592
v 0.006907 -0.008715 0.053680
v 0.010493 -0.014551 0.059978
v 0.012618 -0.015279 0.061200
v 0.008117 -0.014715 0.053374
v 0.007439 -0.014534 0.053714
v 0.006685 -0.010928 0.052782
v 0.008509 -0.007049 0.054363
v 0.002158 -0.018835 0.066482
v 0.002845 -0.017496 0.069527
v 0.006540 -0.016078 0.068309
v 0.004996 -0.017474 0.066169
v 0.004997 -0.008516 0.054952
v 0.004078 -0.010563 0.055536
v 0.005192 -0.012500 0.062737
v 0.006891 -0.008687 0.058894
v 0.007327 -0.006634 0.056154
v 0.006855 -0.011798 0.061965
v 0.005816 -0.017618 0.058876
v 0.008576 -0.011666 0.060340
v -0.082117 0.015187 -0.057500
v -0.082079 0.009767 -0.058121
v -0.080701 0.009568 -0.056627
v -0.076393 -0.020336 -0.049448
v -0.077169 -0.019061 -0.051369
v -0.078078 -0.022125 -0.053307
v -0.077066 -0.024156 -0.051736
v 0.077474 -0.018402 -0.051558
v 0.055672 -0.064296 -0.031851
v 0.059418 -0.049817 -0.039186
v 0.058768 -0.050254 -0.044848
v -0.078583 -0.032475 -0.054758
v -0.076377 -0.032685 -0.055380
v -0.074335 -0.034801 -0.052269
v -0.076693 -0.035163 -0.052001
v -0.070763 -0.020234 -0.043032
v -0.070585 -0.019542 -0.041485
v -0.081753 0.003520 -0.067191
v -0.080483 0.009682 -0.065222
v 0.056669 -0.065472 -0.040747
v 0.079575 0.007962 -0.054677
v 0.066752 0.057851 -0.003726
v 0.068242 0.069520 -0.013184
v 0.073486 0.057752 -0.024740
v -0.083915 0.008169 -0.062946
v -0.084440 0.005862 -0.064420
v 0.072951 0.047058 -0.019446
v 0.068664 0.079263 -0.021435
v 0.073912 0.068628 -0.032147
v 0.077113 0.056462 -0.041768
v 0.078861 0.036171 -0.055534
v 0.040961 0.018663 0.033626
v 0.041211 0.018354 0.033578
v 0.039730 0.017935 0.034752
v -0.073567 -0.004530 -0.047683
v -0.070949 -0.003857 -0.048751
v -0.070783 -0.004549 -0.048927
v -0.073969 -0.006129 -0.047537
v 0.039556 0.018302 0.034839
v 0.040608 0.018840 0.033344
v 0.039364 0.018464 0.034305
v -0.074061 -0.004451 -0.046161
v -0.074488 -0.005968 -0.046050
v -0.074245 -0.006333 -0.044536
v -0.073883 -0.005430 -0.044445
v 0.041664 0.019242 0.032509
v 0.042031 0.019030 0.032773
v 0.042203 0.018700 0.032704
v 0.024501 0.018747 0.037104
v 0.024917 0.018869 0.036389
v 0.027282 0.018350 0.037352
v 0.027098 0.018235 0.038126
v 0.024352 0.018433 0.037368
v 0.027338 0.017800 0.038190
v -0.070254 -0.003554 -0.049668
v -0.070373 -0.003819 -0.049163
v -0.070861 -0.003373 -0.049568
v -0.074985 -0.000617 -0.061185
v -0.076381 -0.008551 -0.063215
v -0.074166 -0.008536 -0.062026
v -0.071388 -0.000989 -0.060326
v 0.023644 0.020059 0.031280
v 0.023393 0.020689 0.031308
v -0.086430 -0.007521 -0.068076
v 0.024678 0.019153 0.031515
v 0.022465 0.020850 0.033819
v 0.022392 0.021896 0.033878
v -0.081690 0.018932 -0.047984
v -0.080114 0.020766 -0.047679
v -0.082631 0.024528 -0.052356
v 0.023012 0.022414 0.031376
v 0.023141 0.021253 0.031282
v 0.022711 0.020303 0.034016
v -0.072115 -0.017744 -0.053960
v -0.074563 -0.016816 -0.050669
v -0.072665 -0.016855 -0.049148
v -0.071196 -0.018193 -0.052281
v -0.070304 -0.012868 -0.047254
v -0.068347 -0.016260 -0.046375
v -0.072757 -0.014430 -0.046012
v -0.074027 0.001289 -0.045852
v -0.072351 -0.002371 -0.049002
v -0.073347 -0.003416 -0.047379
v -0.073750 -0.003173 -0.045924
v -0.086784 -0.016225 -0.066710
v -0.088447 -0.011113 -0.069022
v -0.086652 -0.011172 -0.070326
v -0.085032 -0.016581 -0.067966
v 0.021133 0.020060 0.034633
v 0.020770 0.020513 0.034459
v -0.068529 -0.029751 -0.039204
v -0.066363 -0.032430 -0.042077
v -0.068476 -0.026617 -0.038100
v -0.090910 0.020079 -0.064660
v -0.086933 0.022575 -0.065004
v -0.087150 0.020599 -0.067484
v -0.091159 0.018118 -0.066938
v -0.070576 0.002921 -0.054891
v -0.070758 0.000769 -0.054524
v -0.071204 0.002332 -0.052899
v -0.071131 0.004190 -0.052976
v 0.020916 0.021417 0.034580
v 0.031924 0.016864 0.038205
v 0.032277 0.016238 0.037929
v 0.027826 0.016621 0.038085
v 0.027636 0.017235 0.038194
v 0.031610 0.017401 0.038316
v 0.034880 0.017460 0.037588
v 0.035244 0.016932 0.037381
v 0.035548 0.016340 0.037026
v -0.052292 -0.032721 -0.094032
v -0.060310 -0.032878 -0.075388
v -0.063993 -0.019094 -0.084003
v -0.057081 -0.019248 -0.099757
v -0.079690 -0.030039 -0.054283
v -0.078579 -0.032303 -0.051688
v -0.075144 0.008942 -0.044527
v -0.074476 0.010978 -0.043079
v -0.075829 0.016358 -0.044163
v -0.076363 0.012963 -0.044514
v 0.024461 0.017407 0.037505
v 0.024391 0.017989 0.037482
v 0.035819 0.015664 0.036633
v 0.032559 0.015518 0.037532
v -0.087788 0.004314 -0.073840
v -0.090646 0.003578 -0.072202
v 0.027997 0.015849 0.037849
v 0.024381 0.016838 0.037534
v 0.021286 0.018107 0.036864
v 0.021834 0.018481 0.036824
v 0.032756 0.014747 0.037213
v 0.032657 0.013907 0.036970
v 0.027892 0.014235 0.037462
v 0.028018 0.015031 0.037637
v -0.077095 0.014833 -0.051197
v -0.081066 0.018511 -0.054233
v -0.078807 0.015957 -0.053305
v -0.076928 0.014499 -0.051640
v -0.076144 0.006821 -0.049689
v -0.076923 0.008122 -0.049168
v -0.075545 0.008972 -0.049372
v -0.074533 0.007582 -0.049550
v 0.035962 0.014883 0.036244
v 0.035881 0.013992 0.035996
v -0.074414 0.015575 -0.041429
v -0.076035 0.020395 -0.044388
v 0.043925 0.018885 0.030960
v 0.044479 0.019342 0.030255
v 0.044644 0.018645 0.030104
v -0.067566 -0.025839 -0.055809
v 0.044344 0.018203 0.030512
v 0.047433 0.015511 0.026825
v 0.048419 0.016833 0.026061
v 0.050552 0.015553 0.024487
v -0.076783 0.007861 -0.047174
v -0.077660 0.010436 -0.046550
v -0.078015 0.009650 -0.048938
v -0.069346 -0.021599 -0.037598
v -0.070085 -0.019902 -0.039759
v -0.076144 0.013274 -0.051579
v -0.075524 0.012199 -0.051622
v -0.073980 0.008914 -0.051258
v -0.074459 0.006563 -0.052377
v 0.049244 0.014188 0.025728
v -0.081205 0.000158 -0.059443
v -0.082937 -0.008221 -0.061050
v 0.057599 0.005754 0.021821
v 0.051320 0.011634 0.024967
v 0.052710 0.013137 0.022981
v 0.043256 0.018479 0.031727
v 0.042443 0.018184 0.032564
v 0.043034 0.019050 0.031872
v 0.043693 0.019446 0.031150
v 0.043725 0.017840 0.031266
v 0.042831 0.017523 0.032265
v 0.041501 0.017855 0.033468
v 0.041851 0.017174 0.033242
v 0.040321 0.016765 0.034463
v 0.040032 0.017392 0.034642
v 0.037854 0.017087 0.036023
v -0.067526 -0.018667 -0.070650
v -0.064594 -0.032479 -0.055766
v 0.037554 0.017630 0.036181
v 0.038166 0.016478 0.035736
v 0.040600 0.016058 0.034232
v 0.038518 0.015804 0.035432
v 0.042252 0.016455 0.032831
v 0.043338 0.016840 0.031717
v 0.044197 0.017227 0.030683
v 0.044853 0.017629 0.029881
v 0.045262 0.018260 0.029350
v 0.044766 0.016474 0.029825
v 0.045377 0.015698 0.028930
v 0.044117 0.015214 0.030281
v 0.043794 0.016065 0.031009
v 0.045590 0.016993 0.028889
v 0.046382 0.016311 0.027858
v -0.074400 0.009315 -0.049385
v -0.074179 0.009582 -0.049692
v -0.073296 0.008665 -0.050397
v -0.073550 0.008252 -0.049622
v 0.042556 0.015741 0.032359
v 0.042729 0.014937 0.031742
v 0.040820 0.014558 0.033378
v 0.040768 0.015423 0.033940
v -0.077556 -0.033949 -0.049200
v -0.079701 0.006270 -0.056771
v -0.076636 0.004710 -0.054987
v -0.077306 0.006668 -0.053832
v 0.038768 0.015096 0.035097
v 0.038803 0.014227 0.034610
v -0.088653 -0.005550 -0.067755
v -0.089797 0.002627 -0.068831
v -0.090862 0.003103 -0.070362
v -0.089640 -0.005719 -0.069022
v 0.031467 0.017792 0.038315
v 0.031365 0.017955 0.037719
v 0.034551 0.018009 0.037093
v 0.034694 0.017848 0.037661
v 0.037320 0.018013 0.036218
v -0.066693 -0.033524 -0.043105
v -0.070626 -0.000012 -0.055475
v -0.071895 -0.001879 -0.054745
v 0.037266 0.018195 0.035668
v 0.034664 0.016853 0.034644
v 0.033861 0.017321 0.030863
v 0.036713 0.017388 0.030052
v 0.037874 0.017089 0.033520
v -0.071493 0.005543 -0.052832
v -0.072290 0.007210 -0.051247
v 0.030963 0.016637 0.035147
v 0.030580 0.017649 0.031430
v 0.027342 0.017156 0.035323
v -0.070352 -0.017044 -0.039667
v 0.027320 0.018334 0.031587
v 0.024870 0.018670 0.035039
v 0.033785 0.029517 0.037923
v 0.033983 0.030194 0.038093
v 0.038714 0.029458 0.037181
v 0.038263 0.028794 0.036924
v 0.049684 -0.000616 -0.121262
v 0.051118 0.014396 -0.126752
v 0.038348 0.009984 -0.136084
v 0.041184 0.026487 0.035870
v 0.041259 0.027224 0.035688
v 0.043548 0.026177 0.034099
v 0.043285 0.025483 0.034268
v 0.041021 0.025688 0.035906
v -0.087238 0.016449 -0.066396
v -0.087605 0.014661 -0.067868
v -0.085453 0.015086 -0.065082
v -0.085075 0.016250 -0.063486
v -0.084223 0.017371 -0.059653
v -0.084788 0.019011 -0.059251
v -0.086521 0.017848 -0.064274
v -0.075334 0.005337 -0.053818
v -0.076392 0.007111 -0.052734
v 0.042961 0.024727 0.034116
v 0.038063 0.026634 0.037548
v -0.075403 -0.021536 -0.047959
v -0.076061 -0.027601 -0.049051
v -0.083408 -0.016294 -0.062896
v -0.083137 -0.015566 -0.059903
v -0.083883 -0.005365 -0.071171
v -0.083830 0.003867 -0.071938
v -0.082513 0.003638 -0.069495
v -0.082767 -0.005022 -0.069659
v 0.038190 0.027455 0.037537
v 0.038207 0.028123 0.037173
v 0.043082 0.023835 0.029265
v 0.042163 0.025323 0.030093
v -0.077931 -0.003420 -0.065659
v -0.075235 -0.002600 -0.066011
v -0.073550 -0.004350 -0.043919
v -0.072906 -0.000675 -0.041969
v -0.071499 0.005046 -0.053330
v -0.071925 0.006448 -0.051189
v -0.077978 -0.019383 -0.062202
v -0.073699 -0.026718 -0.055147
v -0.077876 -0.021637 -0.060637
v -0.069654 -0.027403 -0.053036
v -0.069240 -0.028393 -0.050816
v -0.071806 -0.028475 -0.052512
v 0.042023 0.023878 0.032588
v 0.042780 0.022980 0.031424
v 0.043537 0.023117 0.028564
v 0.043229 0.022305 0.030507
v 0.043127 0.023659 0.025349
v 0.042339 0.024435 0.026053
v 0.041139 0.025380 0.027079
v -0.080092 -0.019768 -0.057032
v -0.081894 -0.018541 -0.059826
v 0.043588 0.022933 0.024956
v -0.069412 -0.003797 -0.050439
v -0.067761 -0.005281 -0.051626
v -0.069104 -0.004346 -0.049779
v -0.083780 -0.000539 -0.060869
v -0.084666 -0.008530 -0.061484
v -0.077060 0.010243 -0.049336
v 0.043878 0.022189 0.024816
v -0.074767 0.000271 -0.051110
v -0.075916 0.003671 -0.048825
v -0.080074 0.013802 -0.048866
v -0.078550 0.011998 -0.049556
v -0.078025 0.011152 -0.049363
v -0.078992 0.011639 -0.048653
v -0.062777 -0.013695 -0.049537
v -0.066307 -0.015246 -0.048324
v -0.067761 -0.012032 -0.048217
v 0.043820 0.021338 0.024778
v 0.043504 0.020533 0.025114
v 0.060189 -0.010893 0.021905
v 0.060158 0.000518 0.020745
v -0.083514 0.019245 -0.058152
v -0.083763 0.017120 -0.059319
v -0.081561 0.010458 -0.067203
v 0.062517 -0.007642 0.017577
v 0.042774 0.019432 0.031979
v -0.075806 0.011007 -0.053935
v -0.076666 0.009394 -0.054673
v 0.043425 0.019855 0.031230
v -0.078199 0.022873 -0.059435
v -0.077504 0.020935 -0.056216
v -0.077602 0.021114 -0.055020
v -0.078119 0.025133 -0.054879
v 0.042323 0.019657 0.031792
v -0.068517 -0.031085 -0.047700
v -0.071176 -0.030850 -0.050575
v -0.070991 -0.029573 -0.050959
v -0.068796 -0.029692 -0.048904
v -0.071900 -0.017070 -0.048516
v -0.070896 -0.018385 -0.051298
v 0.042749 0.019984 0.031186
v -0.084985 -0.014867 -0.065550
v -0.084153 -0.015761 -0.064538
v -0.085515 -0.011750 -0.066645
v -0.086678 -0.010543 -0.067378
v 0.043921 0.020313 0.030446
v 0.044342 0.019911 0.030346
v 0.041214 0.017906 0.031184
v 0.040927 0.018174 0.028144
v 0.042045 0.018714 0.027209
v -0.071627 0.003713 -0.056619
v -0.070609 0.002595 -0.057153
v -0.078077 0.015261 -0.057612
v -0.080128 0.017757 -0.059217
v -0.079044 0.020552 -0.055393
v -0.077551 0.018306 -0.055165
v -0.082756 0.011259 -0.069758
v 0.042142 0.018779 0.030022
v 0.040068 0.017339 0.032229
v 0.039167 0.017679 0.029119
v 0.042600 0.019226 0.026456
v 0.043145 0.019855 0.025665
v -0.076751 0.008192 -0.054314
v -0.077328 0.008426 -0.055405
v 0.042707 0.019252 0.029394
v -0.076195 0.008578 -0.053855
v 0.043179 0.019801 0.028568
v 0.043159 0.020414 0.030491
v -0.073897 0.006693 -0.049854
v -0.075537 0.005525 -0.050160
v -0.079375 0.013782 -0.050223
v -0.083296 0.017287 -0.053560
v -0.082457 0.017028 -0.053182
v -0.078801 0.014288 -0.050642
v 0.043787 0.021146 0.027805
v 0.043872 0.021729 0.027862
v 0.043500 0.020822 0.029782
v -0.074403 0.011037 -0.050764
v 0.043862 0.021297 0.029161
v 0.043560 0.020557 0.027979
v -0.015419 -0.034181 -0.121327
v -0.017095 -0.023934 -0.128637
v 0.043796 0.022445 0.028101
v 0.043606 0.021768 0.029674
v 0.044898 0.019342 0.029721
v 0.044819 0.020320 0.029639
v 0.045716 0.021177 0.028774
v 0.045535 0.019172 0.028969
v -0.077711 0.020926 -0.047671
v -0.078889 0.022743 -0.051765
v -0.079786 0.023717 -0.052173
v -0.078220 0.021849 -0.048767
v -0.084660 0.015042 -0.062879
v 0.046585 0.019041 0.027930
v 0.046150 0.017777 0.028248
v 0.047078 0.021568 0.028068
v 0.048450 0.022070 0.027250
v -0.088890 0.011513 -0.068312
v -0.072900 -0.002965 -0.053010
v -0.069544 -0.006063 -0.053012
v 0.047787 0.018993 0.026877
v 0.047091 0.017435 0.027236
v 0.044369 0.020713 0.029764
v -0.060050 -0.007324 -0.051425
v -0.060359 -0.006112 -0.051615
v -0.061083 -0.006615 -0.052709
v -0.060616 -0.008186 -0.052717
v 0.044720 0.021183 0.029261
v 0.046531 0.022685 0.029256
v -0.063046 -0.012315 -0.053059
v -0.065703 -0.013554 -0.052071
v -0.064875 -0.015492 -0.050625
v -0.062147 -0.014695 -0.052539
v 0.047452 0.023430 0.028931
v 0.045334 0.022108 0.029702
v 0.044855 0.022872 0.030984
v 0.045852 0.023599 0.030894
v -0.059352 -0.010562 -0.051868
v -0.059712 -0.008952 -0.051500
v -0.060542 -0.009861 -0.052883
v -0.060441 -0.011768 -0.053214
v 0.046498 0.024348 0.030762
v 0.044821 0.024471 0.032535
v -0.083050 0.018803 -0.055830
v -0.084814 0.018922 -0.057434
v 0.045320 0.025188 0.032412
v 0.044093 0.023764 0.032438
v 0.044354 0.021849 0.029955
v -0.089550 0.010932 -0.067714
v -0.089705 0.008749 -0.068591
v -0.088259 0.015205 -0.065361
v -0.088546 0.013568 -0.066818
v 0.043930 0.022456 0.030869
v 0.043316 0.023196 0.032050
v 0.042467 0.024000 0.033411
v -0.072882 -0.012331 -0.042900
v -0.073849 -0.012076 -0.044849
v -0.073439 -0.013729 -0.044839
v -0.090580 0.014308 -0.067709
v -0.091174 0.015862 -0.068854
v -0.071106 -0.029681 -0.040154
v -0.070003 -0.031108 -0.039378
v -0.044384 -0.099719 -0.023600
v -0.053887 -0.094846 -0.035169
v -0.053678 -0.104715 -0.034869
v -0.044459 -0.109567 -0.023929
v -0.080096 0.016133 -0.047029
v -0.079215 0.018589 -0.046139
v 0.040801 0.025093 0.035370
v 0.040488 0.025003 0.034553
v 0.037912 0.025926 0.037087
v -0.059723 -0.011995 -0.050331
v -0.059773 -0.013127 -0.052398
v -0.062267 -0.014786 -0.050973
v -0.065053 -0.008002 -0.049100
v -0.060816 -0.007243 -0.049704
v 0.037769 0.025814 0.036334
v 0.034492 0.031284 0.038954
v 0.039888 0.030770 0.037970
v 0.037713 0.027530 0.033352
v 0.036040 0.026846 0.030272
v 0.033506 0.027069 0.031629
v 0.034327 0.027952 0.035152
v -0.063092 -0.010679 -0.052954
v 0.022604 0.022506 0.034123
v 0.023071 0.023566 0.034690
v -0.064512 -0.005745 -0.052331
v -0.065192 -0.004790 -0.050734
v -0.067707 -0.018705 -0.047539
v -0.069302 -0.019010 -0.050039
v -0.070907 -0.019089 -0.046455
v -0.060149 -0.013445 -0.053100
v -0.071408 0.004694 -0.054328
v 0.023539 0.024380 0.031999
v 0.022970 0.023225 0.031507
v 0.021722 0.022019 0.035038
v 0.022872 0.023062 0.035721
v -0.066130 -0.009751 -0.052879
v -0.069379 -0.012418 -0.054765
v -0.069072 -0.014563 -0.053795
v -0.065965 -0.011659 -0.052764
v -0.078515 -0.022583 -0.055020
v -0.078903 -0.020751 -0.054867
v -0.073258 -0.016965 -0.055734
v -0.076264 -0.016781 -0.053598
v -0.072494 -0.000098 -0.053281
v -0.074131 0.003038 -0.051595
v -0.069661 -0.003613 -0.050173
v -0.066928 -0.007536 -0.052636
v -0.069156 -0.009724 -0.054678
v -0.065291 -0.006540 -0.049358
v -0.069188 -0.006631 -0.048906
v -0.069011 -0.005564 -0.049164
v -0.065222 -0.005545 -0.049660
v -0.079342 0.009422 -0.055860
v -0.077682 0.016285 -0.045204
v -0.078730 0.013391 -0.046590
v -0.079182 0.027113 -0.071283
v -0.077363 0.018857 -0.076122
v -0.077676 0.019677 -0.063363
v -0.062979 -0.008872 -0.052764
v -0.061248 -0.005104 -0.051258
v -0.061643 -0.005448 -0.049851
v -0.084094 -0.018839 -0.062786
v -0.072069 -0.019279 -0.045958
v -0.072436 0.004899 -0.050928
v -0.083453 -0.010625 -0.069565
v -0.082156 -0.015727 -0.067444
v -0.071767 0.006093 -0.051250
v -0.072719 0.007215 -0.050090
v -0.070111 -0.018809 -0.050819
v -0.071479 -0.018031 -0.047604
v -0.072988 0.007648 -0.049959
v -0.073314 -0.012610 -0.046295
v -0.083776 0.009626 -0.061439
v 0.026595 0.026622 0.036238
v 0.027175 0.026374 0.032648
v -0.074709 -0.030189 -0.055825
v -0.073048 -0.031705 -0.052841
v 0.024557 0.025762 0.032458
v -0.061220 -0.006239 -0.049849
v 0.024294 0.025216 0.035584
v -0.064799 -0.015527 -0.049905
v -0.064153 -0.007155 -0.052824
v 0.027411 0.025338 0.037557
v 0.024685 0.024146 0.036648
v 0.034274 0.026278 0.037545
v -0.071546 -0.008738 -0.047781
v -0.071071 -0.010890 -0.047515
v -0.073836 -0.010415 -0.046437
v 0.020954 0.071258 -0.146790
v 0.020379 0.055630 -0.149948
v -0.077656 -0.016413 -0.055298
v -0.074104 -0.015701 -0.057996
v -0.075116 -0.014702 -0.060119
v -0.079163 -0.015547 -0.056982
v -0.080634 -0.020510 -0.065097
v -0.078838 -0.024837 -0.061883
v -0.081099 -0.026341 -0.061482
v -0.083190 -0.021908 -0.065184
v 0.039932 0.057484 -0.141045
v 0.040049 0.071060 -0.138522
v -0.080535 0.042481 -0.079676
v -0.079771 0.032764 -0.064398
v -0.081148 0.048964 -0.068238
v -0.082209 0.019335 -0.064634
v -0.082342 0.016927 -0.066387
v -0.087133 0.018052 -0.069505
v -0.077362 0.023430 -0.049265
v -0.077829 0.021007 -0.053268
v -0.077502 0.022380 -0.051167
v -0.087198 -0.005665 -0.072481
v 0.040711 0.026689 0.031483
v 0.038919 0.026275 0.028704
v 0.050195 0.072236 -0.130867
v 0.049440 0.080877 -0.127990
v 0.040554 0.082699 -0.133400
v 0.034816 -0.061993 -0.097856
v 0.024705 -0.072445 -0.104447
v -0.074448 0.005074 -0.045036
v -0.076383 0.005734 -0.047837
v 0.020935 0.021758 0.036141
v -0.077098 -0.018308 -0.062925
v 0.022410 0.022790 0.036699
v -0.079162 -0.017341 -0.055029
v -0.081090 -0.016776 -0.057300
v -0.088244 0.020076 -0.057722
v -0.084892 0.018225 -0.055379
v 0.019908 0.021059 0.035694
v 0.018786 0.020911 0.035955
v 0.019752 0.021903 0.036292
v 0.021297 0.023198 0.036908
v 0.024278 0.024085 0.037425
v 0.023401 0.024640 0.037790
v 0.026553 0.026189 0.038673
v 0.027184 0.025471 0.038345
v 0.034105 0.026292 0.038380
v 0.033893 0.027072 0.038601
v 0.025946 0.026940 0.038522
v 0.022762 0.025374 0.037562
v 0.025453 0.027706 0.038120
v 0.022487 0.026339 0.037237
v 0.033693 0.028794 0.038187
v 0.033753 0.027948 0.038552
v 0.021878 0.018832 0.036659
v 0.019176 0.019402 0.036180
v 0.022215 0.019211 0.036261
v 0.020173 0.019773 0.035854
v 0.023127 0.019409 0.035453
v 0.019526 0.020173 0.035680
v 0.018490 0.019884 0.035960
v -0.010411 -0.110632 0.003395
v -0.010263 -0.117679 -0.000080
v 0.023229 0.019592 0.034285
v 0.018733 0.022278 0.035883
v 0.017697 0.020885 0.035791
v 0.017518 0.022760 0.035424
v 0.016504 0.020979 0.035507
v 0.019583 0.024927 0.036062
v 0.020398 0.023899 0.036458
v 0.017418 0.019619 0.035924
v 0.018010 0.019062 0.036191
v 0.016365 0.019506 0.035736
v 0.017031 0.018765 0.036005
v 0.024155 0.016232 0.037551
v 0.023846 0.015541 0.037515
v 0.020636 0.017554 0.036944
v 0.019991 0.016987 0.036878
v 0.032391 0.012837 0.036732
v 0.035677 0.012991 0.035811
v 0.031930 0.011514 0.036666
v -0.007992 -0.008795 0.057542
v -0.009452 -0.009044 0.056170
v -0.008439 -0.007107 0.055214
v -0.007693 -0.007053 0.055841
v 0.035359 0.011475 0.035660
v 0.026993 0.012036 0.037358
v 0.027545 0.013251 0.037365
v 0.031585 -0.114779 -0.014982
v 0.046165 0.014702 0.028158
v 0.047567 0.013087 0.027518
v 0.045810 0.012386 0.029230
v 0.044685 0.014236 0.029629
v 0.043059 0.013842 0.031158
v -0.008433 -0.017702 0.056131
v -0.007792 -0.016088 0.055011
v -0.008604 -0.016330 0.054297
v -0.009364 -0.017668 0.055178
v 0.043607 0.011910 0.031078
v 0.041113 0.011710 0.032812
v 0.040973 0.013474 0.032869
v 0.038734 0.013227 0.034340
v 0.038589 0.011576 0.034271
v 0.049450 0.018459 0.025499
v 0.050660 0.021856 0.025203
v 0.051482 0.017397 0.023743
v 0.052977 0.021292 0.022974
v 0.015961 0.023686 0.035501
v -0.005253 -0.007284 0.055007
v -0.003742 -0.010243 0.057763
v -0.005245 -0.008895 0.059229
v -0.006450 -0.006565 0.055822
v 0.015162 0.021416 0.035363
v 0.013795 0.024613 0.036478
v 0.013384 0.022045 0.036027
v 0.015406 0.027620 0.037719
v 0.017546 0.026648 0.036617
v 0.015472 0.019515 0.035515
v 0.016140 0.018427 0.035690
v 0.014079 0.019408 0.035881
v 0.015130 0.017898 0.035995
v 0.023310 0.014584 0.037237
v 0.022685 0.013446 0.037226
v 0.019305 0.016283 0.036623
v 0.018360 0.015378 0.036761
v 0.047638 -0.011638 -0.116172
v 0.052195 0.030167 -0.129733
v 0.047306 0.035299 0.035384
v 0.045180 0.032159 0.036373
v 0.041494 0.033313 0.038617
v 0.043236 0.037018 0.038649
v 0.049295 0.039967 0.033171
v 0.051872 0.036581 0.030184
v 0.049949 0.033021 0.032346
v 0.047885 0.030458 0.033796
v 0.051581 0.024787 0.026100
v 0.049853 0.024702 0.027694
v 0.050052 0.026504 0.029192
v 0.051733 0.027257 0.027708
v 0.053831 0.024917 0.023748
v 0.054200 0.028534 0.025406
v 0.051190 0.029837 0.029903
v 0.049272 0.028361 0.031367
v 0.053304 0.032223 0.027869
v 0.023507 0.032895 0.040402
v 0.024350 0.031331 0.038977
v 0.021262 0.028907 0.037629
v 0.019608 0.029715 0.038410
v 0.022205 0.034310 0.041465
v 0.017599 0.030568 0.039334
v 0.036825 0.038161 0.041611
v 0.035550 0.034085 0.040434
v 0.025093 0.028394 0.037777
v 0.022762 0.027031 0.037328
v 0.024933 0.028951 0.037819
v 0.022541 0.027444 0.037223
v 0.058246 0.091771 -0.110048
v 0.060564 0.097830 -0.097552
v 0.043895 0.108495 -0.103879
v 0.042971 0.101061 -0.116195
v 0.041360 0.027720 0.035489
v 0.041800 0.028355 0.035813
v 0.044335 0.027313 0.034087
v 0.043726 0.026678 0.033906
v 0.045620 0.025742 0.032188
v 0.046337 0.026349 0.032188
v 0.047644 0.025403 0.030422
v 0.046909 0.024921 0.030545
v 0.047594 0.024357 0.029361
v 0.048203 0.024382 0.028905
v 0.022321 0.028337 0.037481
v 0.024772 0.029774 0.038111
v 0.051472 0.060321 -0.132045
v 0.044638 0.075016 0.024105
v 0.051639 0.071395 0.017474
v 0.049557 0.065045 0.023196
v 0.043101 0.029747 0.036394
v 0.045804 0.028575 0.034257
v 0.047659 0.027262 0.032087
v 0.048722 0.025934 0.030207
v 0.049054 0.024985 0.028927
v 0.070113 -0.013820 -0.037313
v 0.070910 -0.013895 -0.038973
v 0.078431 -0.003424 -0.064356
v 0.076497 0.003394 -0.063742
v 0.075315 0.006835 -0.062740
v 0.077895 0.014946 -0.048695
v 0.082148 0.017949 -0.051455
v 0.081719 -0.022741 -0.058373
v 0.078589 -0.024525 -0.054479
v -0.087976 0.023432 -0.058486
v 0.081780 -0.021779 -0.058961
v 0.088276 0.014275 -0.062584
v 0.088599 0.012607 -0.063919
v 0.089420 0.012441 -0.063786
v 0.040583 -0.032991 -0.105794
v 0.045009 -0.020393 -0.111977
v 0.089015 0.010561 -0.065371
v 0.073209 -0.009160 -0.041351
v 0.079770 -0.004163 -0.064601
v 0.081744 -0.004894 -0.066303
v 0.082111 -0.010122 -0.066675
v 0.081495 -0.009466 -0.065574
v 0.080964 -0.014980 -0.064760
v 0.080475 -0.013915 -0.064057
v 0.083454 -0.019058 -0.061534
v 0.085623 -0.015526 -0.063364
v 0.083314 0.018435 -0.052478
v 0.082456 0.017397 -0.050962
v 0.084046 0.018043 -0.052750
v 0.073910 -0.010388 -0.042808
v 0.075941 0.013494 -0.048493
v 0.075671 0.010904 -0.047505
v 0.075232 0.011309 -0.047932
v 0.069880 -0.005243 -0.047064
v 0.069947 -0.004273 -0.047182
v 0.071103 -0.006748 -0.046515
v 0.073785 -0.008369 -0.045173
v 0.067122 -0.016128 -0.045375
v 0.066344 -0.017534 -0.047709
v 0.066937 -0.018595 -0.046850
v 0.085090 0.024855 -0.057045
v 0.075731 0.009927 -0.047279
v 0.077301 0.010962 -0.047298
v 0.077629 0.012186 -0.047563
v 0.084933 0.017658 -0.053065
v 0.077769 0.013093 -0.047840
v 0.076972 0.013118 -0.047779
v 0.078645 0.014658 -0.048586
v 0.076304 0.013124 -0.047984
v 0.073518 -0.011984 -0.059472
v 0.072096 -0.012208 -0.057502
v 0.072314 0.007295 -0.038332
v 0.073104 0.004857 -0.040427
v 0.077644 -0.025139 -0.052244
v 0.075344 0.013769 -0.059057
v 0.075483 0.016256 -0.060259
v 0.086929 -0.010775 -0.065301
v 0.079867 -0.016207 -0.055388
v 0.077718 -0.016745 -0.053373
v 0.081722 -0.015195 -0.057181
v 0.083356 -0.012671 -0.058767
v 0.070433 0.003724 -0.052970
v 0.082977 0.007544 -0.057122
v 0.083454 0.005341 -0.058523
v 0.081367 0.007591 -0.055544
v 0.076902 0.019823 -0.058498
v 0.076686 0.019766 -0.056127
v 0.077495 0.014084 -0.056454
v 0.075963 0.018171 -0.055519
v 0.069194 -0.012604 -0.045763
v 0.068947 -0.018779 -0.049280
v 0.067961 -0.016651 -0.050046
v 0.069946 -0.018535 -0.050219
v 0.069394 -0.017661 -0.051614
v 0.069871 -0.016009 -0.053377
v 0.070562 -0.014043 -0.054757
v 0.070508 -0.011635 -0.055546
v 0.068819 -0.008411 -0.046652
v 0.077202 0.019180 -0.045388
v 0.068263 -0.010337 -0.046461
v 0.070211 -0.006670 -0.046753
v 0.070384 -0.008496 -0.046287
v 0.070067 -0.010528 -0.045867
v 0.074580 -0.019500 -0.046765
v 0.075400 -0.017840 -0.049305
v 0.073098 -0.018797 -0.046128
v 0.076402 -0.017188 -0.051441
v 0.071936 -0.018472 -0.045684
v 0.075264 0.015093 -0.057420
v 0.075653 0.018199 -0.057547
v 0.070199 -0.010202 -0.035313
v 0.064394 -0.002190 0.012538
v 0.065710 0.007534 0.006985
v 0.025709 -0.050871 0.032382
v 0.024711 -0.053793 0.032752
v 0.056982 -0.013800 0.026403
v 0.052364 -0.016401 0.031604
v 0.025213 -0.046212 0.045065
v 0.024368 -0.046937 0.045119
v 0.023404 -0.046354 0.045283
v 0.024234 -0.045994 0.045064
v 0.021842 -0.045432 0.043323
v 0.022634 -0.045571 0.042682
v 0.022914 -0.045733 0.043648
v 0.022183 -0.045581 0.044307
v 0.029454 -0.030845 0.045713
v 0.033023 -0.026952 0.044681
v 0.035520 -0.031385 0.043578
v 0.031990 -0.034594 0.044959
v 0.024434 -0.046435 0.035121
v 0.024202 -0.045225 0.035583
v 0.022978 -0.045354 0.039489
v 0.023440 -0.045865 0.039110
v 0.024175 -0.049134 0.035087
v 0.023211 -0.047195 0.038869
v 0.026246 -0.046969 0.032453
v 0.025493 -0.044858 0.032932
v 0.034635 -0.052926 0.040782
v 0.030879 -0.050593 0.042481
v 0.031857 -0.047300 0.042989
v 0.035577 -0.048129 0.041244
v 0.025106 -0.019242 0.045614
v 0.029356 -0.023075 0.045427
v 0.026073 -0.026968 0.046127
v 0.022212 -0.022684 0.046081
v 0.018320 -0.017980 0.046569
v 0.021005 -0.015274 0.045744
v 0.016588 -0.010378 0.050197
v 0.017389 -0.014034 0.051287
v 0.017054 -0.015033 0.054667
v 0.017222 -0.012833 0.053484
v 0.015186 -0.018951 0.052970
v 0.017575 -0.016291 0.049791
v 0.011382 -0.020264 0.053472
v -0.011409 -0.017893 0.055557
v -0.010430 -0.016347 0.054437
v -0.011449 -0.015647 0.056155
v -0.012819 -0.016915 0.057202
v 0.010964 -0.019517 0.054382
v 0.015231 -0.019460 0.051426
v -0.004495 -0.017042 0.063917
v -0.005652 -0.014973 0.064066
v -0.004578 -0.015870 0.061711
v -0.004498 -0.017691 0.061359
v 0.015547 -0.020344 0.049608
v 0.011850 -0.020881 0.052465
v 0.010134 -0.018456 0.055327
v 0.012888 -0.018385 0.055338
v -0.007266 -0.014353 0.063471
v -0.008995 -0.014893 0.065137
v -0.010680 -0.014908 0.063481
v -0.008677 -0.014385 0.061914
v -0.004308 -0.013642 0.056875
v -0.005466 -0.015457 0.058121
v -0.003658 -0.013692 0.060447
v -0.011589 -0.013628 0.054442
v -0.009949 -0.014705 0.053130
v -0.009293 -0.010912 0.052333
v -0.010664 -0.010031 0.053375
v 0.014696 -0.016550 0.056922
v 0.004280 -0.018130 0.063829
v 0.005617 -0.016919 0.065823
v 0.009112 0.013279 0.050002
v 0.011688 0.009687 0.046959
v 0.009130 0.010567 0.052264
v 0.011744 0.007403 0.049236
v 0.013790 -0.014484 0.060716
v 0.015385 -0.012577 0.059065
v 0.011549 -0.013346 0.064475
v 0.012623 -0.010667 0.064073
v 0.004673 0.028773 0.049904
v 0.002134 -0.021463 0.059495
v 0.002417 -0.022231 0.058970
v 0.001917 -0.020434 0.061444
v 0.021903 0.094051 -0.134494
v 0.022424 0.106347 -0.123211
v 0.021693 0.119721 -0.100063
v 0.019495 0.124238 -0.087666
v 0.006041 -0.038926 0.059596
v 0.005553 -0.036398 0.059574
v 0.012700 -0.039480 0.045895
v 0.007216 -0.039324 0.047190
v 0.006878 -0.043115 0.049874
v 0.012063 -0.043097 0.048576
v 0.016113 -0.043243 0.046549
v 0.017033 -0.039791 0.043934
v 0.013278 -0.035949 0.044416
v 0.007635 -0.035666 0.045807
v 0.011990 -0.045232 0.051943
v 0.006882 -0.045279 0.053891
v 0.006799 -0.043575 0.056794
v 0.012104 -0.043885 0.054329
v 0.018317 -0.024633 0.048379
v 0.014359 -0.024040 0.050931
v 0.010173 -0.024095 0.054347
v 0.006833 -0.024408 0.056860
v 0.006068 -0.022357 0.057115
v 0.008668 -0.021634 0.055000
v 0.005683 -0.021476 0.057468
v 0.008261 -0.020880 0.055581
v 0.007982 -0.020078 0.056082
v 0.008439 -0.018649 0.056487
v 0.006567 -0.018854 0.057683
v 0.007107 -0.017637 0.057341
v 0.005519 -0.020562 0.057710
v 0.004538 0.005017 0.064968
v 0.004348 0.008671 0.062207
v 0.010161 -0.034494 0.057801
v 0.005173 -0.034228 0.059089
v 0.004595 -0.030052 0.058342
v 0.009002 -0.029884 0.057117
v 0.013564 -0.030423 0.054724
v 0.015228 -0.035951 0.055356
v 0.002813 -0.023051 0.058530
v 0.010518 -0.036728 0.058025
v 0.010874 -0.039203 0.057795
v 0.015694 -0.038321 0.055466
v 0.015960 -0.040550 0.055070
v 0.020038 -0.038235 0.052351
v 0.018933 -0.032181 0.051867
v 0.024784 -0.034208 0.048643
v 0.024000 -0.040846 0.049192
v 0.031778 -0.044111 0.043948
v 0.026641 -0.046434 0.044745
v 0.026873 -0.045134 0.045339
v 0.026597 -0.043899 0.046228
v 0.030946 -0.040955 0.045157
v 0.035301 -0.043478 0.042295
v 0.034133 -0.038850 0.043591
v 0.028890 -0.037742 0.046623
v 0.025900 -0.042579 0.047358
v 0.025446 -0.045488 0.045640
v 0.024396 -0.045675 0.045460
v 0.025273 -0.044765 0.046457
v 0.024201 -0.045359 0.046207
v 0.024690 -0.044085 0.047446
v 0.023773 -0.045056 0.047037
v 0.022882 -0.044495 0.048192
v 0.023541 -0.043020 0.048891
v 0.022162 -0.045703 0.043477
v 0.021204 -0.045649 0.044564
v 0.021391 -0.045718 0.046084
v 0.022268 -0.045763 0.045031
v 0.022703 -0.045695 0.042851
v 0.022727 -0.045727 0.044347
v 0.022437 -0.044854 0.040655
v 0.021151 -0.044146 0.042468
v -0.047467 -0.083718 -0.023189
v -0.055095 -0.081515 -0.036741
v 0.023182 -0.045826 0.042009
v 0.023261 -0.045700 0.043345
v 0.023356 -0.045768 0.044885
v 0.023329 -0.045671 0.045423
v 0.022885 -0.045570 0.046179
v 0.022066 -0.045396 0.047138
v 0.015935 -0.042504 0.053880
v 0.019552 -0.042358 0.051951
v 0.019202 -0.044008 0.050538
v 0.015784 -0.044536 0.051762
v 0.018753 -0.045139 0.048894
v 0.017783 -0.036325 0.042663
v 0.015424 -0.045282 0.049861
v 0.020270 -0.040732 0.041512
v 0.021199 -0.038036 0.039341
v 0.019065 -0.043657 0.044186
v 0.023751 -0.043909 0.036716
v 0.022179 -0.042377 0.039255
v 0.025024 -0.043251 0.034136
v 0.023241 -0.040317 0.037143
v 0.018554 -0.045581 0.046892
v 0.019914 -0.040512 0.052428
v 0.011369 -0.041532 0.056465
v 0.006319 -0.041167 0.058438
v -0.033728 0.004711 0.036208
v -0.033114 0.001863 0.037526
v -0.028961 0.003175 0.038544
v -0.029758 0.005684 0.037360
v 0.005351 -0.002835 0.071039
v 0.004983 0.001385 0.067890
v 0.022704 -0.045852 0.045171
v 0.009801 -0.123147 -0.002995
v -0.074596 -0.008092 -0.045426
v -0.074104 -0.007335 -0.044145
v -0.082261 0.014206 -0.068112
v 0.025814 -0.047667 0.044651
v 0.023422 -0.051195 0.034974
v 0.022450 -0.048109 0.039001
v 0.031560 -0.057465 0.041335
v 0.026759 -0.061791 0.043778
v 0.024432 -0.057641 0.045562
v 0.028464 -0.053997 0.043150
v 0.021578 -0.051007 0.047601
v 0.024191 -0.049229 0.045568
v -0.087968 0.016793 -0.062458
v 0.022936 -0.047810 0.046215
v 0.020591 -0.048746 0.048232
v 0.019700 -0.047051 0.048535
v 0.022009 -0.046667 0.046343
v 0.017903 -0.045254 0.046797
v 0.013716 -0.044668 0.049384
v 0.013126 -0.048133 0.044536
v 0.017643 -0.048484 0.042349
v 0.021004 -0.048387 0.040144
v 0.021000 -0.045493 0.044106
v -0.082130 0.021188 -0.062359
v -0.080848 0.023461 -0.057571
v -0.079697 0.021949 -0.056451
v -0.080823 0.019368 -0.060646
v 0.018509 -0.045119 0.047738
v 0.021315 -0.045496 0.045116
v 0.014021 -0.044585 0.050539
v 0.020303 -0.119938 -0.008040
v 0.021539 -0.045812 0.046024
v 0.018874 -0.045588 0.048212
v 0.014670 -0.045437 0.051350
v 0.015642 -0.047426 0.052003
v 0.016501 -0.049832 0.052196
v 0.017257 -0.052861 0.051381
v 0.019361 -0.060526 0.048868
v 0.020469 -0.065693 0.047751
v 0.013269 -0.062409 0.051611
v 0.013825 -0.067792 0.051249
v 0.012252 -0.054187 0.054790
v 0.011866 -0.050394 0.056014
v 0.011242 -0.047545 0.055552
v 0.010581 -0.045282 0.054261
v 0.003434 -0.024813 0.058134
v 0.005316 -0.018849 0.058897
v 0.004298 -0.018746 0.061280
v 0.007715 -0.015385 0.066679
v 0.001846 -0.019648 0.063749
v 0.010080 -0.013484 0.066135
v 0.008594 -0.014233 0.067696
v 0.009180 -0.012423 0.068543
v 0.010289 -0.011722 0.067265
v 0.007193 -0.014976 0.069067
v 0.008375 -0.012682 0.069681
v 0.003338 -0.016301 0.071007
v 0.004329 -0.012727 0.073230
v 0.005325 -0.006706 0.073078
v 0.004778 -0.010353 0.073749
v 0.009603 -0.010697 0.069160
v 0.010747 -0.008653 0.067813
v -0.090172 0.017458 -0.063744
v 0.011012 -0.005780 0.065354
v 0.013071 -0.008032 0.061633
v 0.010402 0.129983 -0.043894
v 0.009935 -0.044168 0.053110
v 0.009480 -0.044332 0.051090
v -0.073268 -0.020756 -0.045512
v -0.081706 0.005701 -0.058459
v 0.012864 -0.057902 0.037755
v 0.012951 -0.053705 0.040211
v 0.008668 -0.053672 0.041556
v -0.080304 0.023873 -0.054910
v -0.083759 0.025381 -0.055705
v 0.008603 -0.058268 0.039175
v 0.005384 -0.044190 0.051734
v -0.088161 -0.005627 -0.068117
v -0.090422 0.015965 -0.065858
v -0.088635 0.014543 -0.064714
v -0.081391 0.016044 -0.049352
v -0.075794 -0.011940 -0.062566
v -0.082326 -0.011739 -0.060230
v -0.080815 -0.014242 -0.058627
v -0.075100 -0.013772 -0.061430
v -0.070362 0.001431 -0.056648
v 0.004954 -0.047748 0.046657
v 0.008965 -0.047782 0.045869
v 0.005620 -0.043887 0.054081
v 0.006099 -0.045147 0.055586
v 0.006634 -0.047472 0.057292
v 0.004627 -0.053843 0.042166
v 0.004642 -0.058428 0.039922
v -0.070169 -0.016309 -0.037181
v 0.021793 -0.052703 0.036090
v -0.077838 -0.027228 -0.052553
v -0.078931 -0.026050 -0.054906
v -0.031486 -0.033666 -0.115723
v -0.034836 -0.022552 -0.122226
v -0.089412 -0.005720 -0.070929
v 0.022668 -0.056098 0.033849
v 0.017673 -0.053657 0.038342
v 0.017986 -0.057405 0.036081
v 0.007780 -0.068144 0.053907
v 0.007482 -0.063185 0.053809
v 0.006778 -0.051008 0.057899
v 0.006884 -0.055260 0.056438
v 0.022451 0.114296 -0.112339
v 0.062937 0.076838 -0.005863
v 0.061413 0.070184 0.002130
v -0.082456 0.017811 -0.056549
v 0.054396 0.077871 0.009156
v 0.056345 0.083070 0.001748
v 0.063688 0.084566 -0.014082
v 0.056998 0.089636 -0.006061
v 0.040123 0.121592 -0.063316
v 0.040723 0.121105 -0.049024
v 0.021612 0.127308 -0.045127
v 0.034935 0.121570 -0.077334
v 0.047221 0.112981 -0.086605
v 0.049563 0.115884 -0.067187
v 0.049598 0.115976 -0.051851
v -0.074764 -0.021328 -0.046879
v -0.073845 -0.027255 -0.046244
v -0.072599 -0.026686 -0.044176
v -0.077083 0.008681 -0.055086
v 0.024386 -0.086504 -0.105733
v 0.052277 0.042863 -0.131202
v 0.048287 0.115037 -0.038023
v 0.040070 0.119397 -0.035219
v 0.039542 0.116380 -0.022821
v 0.046979 0.112844 -0.026295
v 0.021464 0.125088 -0.030664
v 0.010366 0.127447 -0.028814
v 0.018084 0.006091 -0.143859
v 0.004306 0.012140 0.059522
v 0.045849 -0.049152 -0.088850
v 0.055066 -0.049418 -0.071066
v 0.056841 -0.099964 -0.048427
v 0.067376 -0.026622 -0.052291
v 0.066965 -0.026145 -0.053242
v 0.058471 -0.064197 -0.052671
v 0.059302 -0.050450 -0.053737
v 0.036681 -0.048086 -0.100758
v 0.077011 -0.015245 -0.062961
v 0.077912 -0.011585 -0.064201
v 0.078356 -0.016207 -0.062667
v 0.079429 -0.012282 -0.063996
v 0.079838 -0.008264 -0.064558
v 0.079100 -0.018134 -0.061985
v 0.077390 0.019937 -0.053317
v 0.078541 0.021509 -0.052525
v -0.076529 -0.017460 -0.063421
v -0.076925 -0.015295 -0.064310
v 0.067229 -0.028716 -0.048111
v 0.066991 -0.027933 -0.049766
v -0.061399 -0.005783 -0.052501
v 0.066575 -0.028353 -0.048838
v 0.066330 -0.028953 -0.047604
v 0.066989 -0.029761 -0.046604
v 0.066303 -0.029615 -0.046486
v 0.077767 0.035555 -0.046640
v 0.064912 -0.028870 -0.049881
v 0.066344 -0.026485 -0.052529
v 0.066570 -0.027409 -0.051071
v 0.065658 -0.028231 -0.049746
v 0.065574 -0.029444 -0.047711
v 0.065605 -0.030408 -0.046016
v 0.066605 -0.031036 -0.045512
v -0.078164 -0.023093 -0.061048
v -0.074297 -0.028475 -0.055533
v -0.059586 -0.078560 -0.050181
v -0.057813 -0.076068 -0.065188
v -0.058467 -0.087170 -0.063148
v -0.058764 -0.090758 -0.048554
v -0.072225 -0.002475 -0.038149
v -0.072347 -0.009743 -0.040917
v -0.071549 -0.010778 -0.039036
v 0.079498 -0.019320 -0.062389
v 0.072069 -0.030139 -0.050865
v -0.023869 -0.101824 -0.001374
v -0.021178 -0.113543 -0.005310
v 0.077525 0.012141 -0.059319
v 0.077434 0.010567 -0.060643
v 0.079907 0.012147 -0.062195
v 0.079938 0.014280 -0.060842
v 0.057466 -0.010571 -0.103625
v 0.059965 0.000365 -0.108986
v 0.011471 -0.085005 -0.110528
v 0.011674 -0.070841 -0.110294
v 0.075064 0.032786 -0.094226
v 0.077675 0.013752 -0.057729
v 0.080096 0.015935 -0.059383
v 0.078547 -0.007542 -0.064538
v 0.077190 0.012887 -0.057473
v 0.076938 0.011326 -0.059023
v 0.081193 0.017544 -0.060920
v 0.081270 0.015378 -0.062567
v 0.081128 0.013068 -0.063921
v 0.076656 0.009682 -0.060620
v -0.070565 -0.015727 -0.032881
v -0.070170 -0.016369 -0.022588
v -0.071833 -0.000612 -0.022676
v -0.071624 -0.006127 -0.032446
v 0.076384 0.018422 -0.060365
v 0.080379 0.063390 -0.070670
v 0.079364 0.057476 -0.084741
v 0.076868 0.080346 -0.074160
v 0.076043 0.075322 -0.089518
v 0.071205 0.069290 -0.105445
v 0.074321 0.050458 -0.100697
v 0.076781 0.019526 -0.054777
v 0.079295 0.022427 -0.052954
v 0.064230 0.090969 -0.021940
v 0.069226 0.085844 -0.029270
v 0.057232 0.095409 -0.013266
v 0.057053 0.100577 -0.020045
v 0.063560 0.097018 -0.028985
v 0.070608 0.090028 -0.041185
v 0.079527 0.054062 -0.055641
v 0.078700 0.068872 -0.056463
v 0.075689 0.073038 -0.042829
v -0.059345 0.030963 0.014368
v -0.061173 0.031590 0.009793
v -0.061728 0.021939 0.009498
v -0.059534 0.023105 0.013525
v 0.075040 0.085415 -0.058479
v 0.066518 0.099180 -0.047595
v 0.070129 0.095489 -0.062254
v 0.059360 0.107611 -0.051516
v 0.061389 0.105541 -0.066223
v 0.061220 0.102944 -0.082290
v 0.071773 0.091481 -0.077474
v 0.061628 0.102416 -0.035223
v 0.055456 0.105289 -0.025513
v 0.056436 0.108681 -0.038783
v 0.053196 0.109286 -0.030089
v 0.073797 0.074902 -0.035545
v 0.062567 -0.034946 -0.045385
v 0.063900 -0.035217 -0.040290
v -0.019327 0.088720 0.032146
v -0.009259 0.089509 0.034400
v -0.009436 0.096941 0.028393
v -0.019771 0.095814 0.025766
v 0.068090 -0.024449 -0.033289
v -0.036693 -0.014393 -0.126624
v -0.038469 -0.003899 -0.131383
v -0.019037 -0.006718 -0.138393
v -0.018040 -0.016437 -0.133198
v 0.068297 0.000560 0.000218
v 0.068305 0.013269 -0.002287
v 0.071257 0.005272 -0.012622
v 0.069571 -0.008324 -0.009251
v -0.020295 0.112944 0.003396
v -0.009746 0.114622 0.006104
v -0.009943 0.119648 -0.003944
v -0.020672 0.117680 -0.006307
v -0.052667 0.002360 0.027033
v -0.054768 -0.003879 0.027129
v -0.050819 -0.004531 0.030789
v -0.049169 0.001788 0.029965
v 0.066924 0.027070 -0.003883
v 0.070574 0.019474 -0.014075
v 0.070907 0.033693 -0.015945
v 0.067229 0.041522 -0.004234
v 0.062092 0.063804 -0.120488
v 0.064177 0.046956 -0.118504
v -0.073647 -0.031867 -0.043304
v -0.072611 -0.030971 -0.041987
v 0.064462 0.034167 -0.116604
v 0.047962 0.059148 0.027181
v -0.010186 0.123928 -0.015714
v -0.021165 0.121753 -0.017669
v 0.021485 0.084998 -0.140664
v 0.046770 0.082375 0.016574
v 0.054648 0.084318 -0.120972
v -0.001282 -0.070538 -0.112033
v 0.041448 0.090297 -0.127573
v 0.070846 0.086567 -0.092619
v 0.067458 0.081268 -0.106183
v 0.059277 0.074862 -0.121049
v 0.063135 0.017975 -0.114402
v 0.047585 0.109038 -0.018660
v 0.056130 0.024761 0.020711
v 0.055357 0.020116 0.019949
v 0.056270 0.029770 0.022154
v 0.053658 0.015306 0.021475
v 0.015094 0.006487 0.044641
v 0.014752 0.004426 0.046620
v 0.014281 0.002160 0.048620
v 0.018245 0.001649 0.044469
v 0.017557 -0.001323 0.046323
v 0.011455 0.001978 0.053616
v 0.011629 0.004767 0.051417
v 0.013940 -0.000746 0.050421
v 0.013579 -0.003973 0.051961
v 0.011297 -0.001140 0.055842
v 0.017675 -0.016398 0.047526
v 0.018580 -0.011649 0.046502
v 0.016196 -0.007432 0.048563
v 0.021209 -0.004245 0.044949
v 0.020081 -0.007621 0.046065
v 0.016814 -0.004103 0.047618
v 0.022446 -0.000897 0.043114
v 0.014520 -0.007359 0.054341
v 0.015728 -0.010550 0.057149
v 0.012161 -0.004623 0.058692
v 0.010419 -0.002498 0.062144
v 0.009647 0.001209 0.059287
v 0.018786 0.003887 0.042635
v 0.023265 0.001797 0.041534
v 0.023587 -0.011179 0.045616
v 0.028118 -0.014631 0.045358
v 0.025483 -0.006751 0.044230
v 0.030023 -0.009642 0.043905
v 0.026767 -0.003116 0.042405
v 0.031300 -0.005689 0.041996
v 0.032362 -0.018375 0.044902
v 0.036048 -0.022492 0.043867
v 0.039475 -0.027598 0.042059
v 0.038839 -0.017438 0.042171
v 0.042668 -0.022993 0.040179
v 0.040695 -0.012362 0.040214
v 0.045171 -0.017472 0.038099
v -0.011626 0.012019 0.043715
v -0.012071 0.014064 0.040971
v -0.015757 0.010691 0.039712
v -0.015303 0.008521 0.041874
v -0.007001 0.061839 0.045974
v -0.007977 0.069596 0.043513
v -0.016881 0.069657 0.041947
v -0.015333 0.061969 0.044871
v 0.034748 -0.013228 0.043291
v 0.036304 -0.008845 0.041278
v 0.032463 -0.001702 0.040243
v 0.027962 0.000258 0.040805
v 0.041716 -0.000729 0.036622
v 0.041636 -0.006582 0.038362
v 0.037103 -0.004009 0.039388
v 0.037547 0.000833 0.037707
v 0.046746 -0.010541 0.036147
v 0.046452 -0.002592 0.034929
v 0.045472 0.002722 0.033505
v 0.031240 0.009697 0.037102
v 0.026271 0.010313 0.037697
v 0.034869 0.009435 0.036114
v 0.041284 0.003589 0.035169
v 0.037779 0.004393 0.036474
v 0.049293 0.010502 0.027221
v 0.047012 0.009683 0.029461
v 0.041167 0.009235 0.033466
v 0.038256 0.009270 0.034909
v 0.044147 0.009416 0.031653
v 0.021767 0.011867 0.037694
v 0.017427 0.014020 0.037677
v 0.054421 -0.062519 -0.068146
v 0.009428 0.004602 0.057022
v 0.009213 0.007695 0.054716
v 0.014501 0.031285 0.041001
v 0.012521 0.028353 0.039519
v 0.007430 0.028672 0.047001
v 0.018851 0.035166 0.043377
v 0.013789 0.016647 0.037755
v -0.020243 0.007988 0.038648
v -0.019519 0.005897 0.040070
v 0.012191 0.018990 0.037724
v 0.011155 0.022221 0.037968
v 0.011180 0.025152 0.038644
v -0.009523 0.103435 0.021674
v -0.020009 0.102151 0.018854
v -0.020725 0.127622 -0.067884
v -0.021188 0.127962 -0.059384
v -0.009928 0.130656 -0.059811
v -0.011004 0.129650 -0.072402
v 0.030615 0.049513 0.044697
v 0.027640 0.043024 0.046417
v 0.058083 0.063848 0.011259
v 0.061844 0.055058 0.007360
v 0.050359 0.045021 0.029643
v 0.053439 0.040621 0.026586
v 0.055542 0.035267 0.024020
v 0.063564 0.043207 0.004514
v 0.063973 0.030564 0.003684
v 0.065012 0.018680 0.004513
v -0.069442 -0.000818 -0.092102
v -0.072690 -0.002070 -0.076926
v -0.075539 0.009980 -0.078401
v -0.073428 0.015728 -0.094804
v 0.048699 0.093985 0.002290
v -0.034554 -0.095114 -0.010957
v -0.032490 -0.107070 -0.013848
v -0.001280 -0.084276 -0.111862
v 0.048634 0.099526 -0.004620
v 0.048195 0.088063 0.009481
v 0.039292 0.112494 -0.013309
v 0.039324 0.108104 -0.004882
v 0.048275 0.104545 -0.011555
v 0.039770 0.103065 0.002462
v 0.040083 0.097533 0.009305
v 0.039598 0.091691 0.016532
v 0.038527 0.085599 0.023423
v 0.036943 0.077236 0.030227
v 0.044486 -0.061525 -0.085967
v 0.007713 -0.006802 0.054763
v 0.006992 -0.006635 0.055292
v -0.052376 0.053591 0.022222
v -0.054378 0.058887 0.017906
v -0.057850 0.051623 0.014160
v -0.055635 0.047316 0.018843
v 0.006551 -0.007412 0.054225
v 0.005918 -0.007146 0.054748
v 0.005380 -0.008951 0.054445
v 0.006873 -0.015833 0.056599
v 0.005605 -0.013973 0.055549
v 0.004915 -0.010637 0.054311
v 0.066245 -0.030832 -0.035032
v -0.005451 0.049358 0.049203
v -0.012793 0.049375 0.048663
v -0.010933 0.043239 0.049023
v -0.004749 0.043054 0.049640
v -0.059343 0.015660 0.013941
v -0.062074 0.012750 0.011014
v -0.061180 0.004569 0.015767
v -0.058207 0.008588 0.017734
v -0.055218 0.003741 0.023818
v -0.057636 -0.002127 0.023388
v -0.018289 0.079098 0.038126
v -0.008687 0.079512 0.039933
v -0.060012 0.042083 0.011150
v -0.057948 0.039409 0.016131
v -0.008907 0.015351 0.046426
v -0.009560 0.016913 0.042809
v -0.006565 0.022170 0.045565
v -0.003391 0.021184 0.051359
v -0.003018 0.025322 0.049815
v -0.006180 0.025340 0.046138
v -0.033044 0.061668 0.037769
v -0.034694 0.068767 0.034316
v -0.042261 0.067418 0.028821
v -0.040603 0.060744 0.032483
v -0.020154 0.107742 0.011594
v -0.009611 0.109212 0.014416
v -0.003607 0.035064 0.048983
v -0.007978 0.035138 0.047363
v -0.006729 0.031665 0.046574
v -0.003436 0.031676 0.048813
v -0.024212 0.004340 0.039379
v -0.025018 0.006641 0.038257
v -0.066080 -0.030994 -0.045846
v -0.067088 -0.032026 -0.045666
v -0.073092 0.014918 -0.035008
v -0.072074 0.004343 -0.033390
v -0.072074 0.012684 -0.023518
v -0.072336 0.025406 -0.025508
v -0.074616 0.037231 -0.028829
v -0.075950 0.045809 -0.033987
v -0.076674 0.030217 -0.041317
v -0.075044 0.023873 -0.037131
v -0.052829 -0.084806 -0.075788
v -0.050364 -0.074641 -0.079097
v -0.003305 0.017866 0.054129
v -0.003268 0.014876 0.056739
v -0.020941 0.035381 -0.149898
v -0.020502 0.021770 -0.148016
v -0.040711 0.025751 -0.139576
v -0.040922 0.038725 -0.141031
v -0.066319 -0.011491 -0.088147
v -0.070145 -0.010944 -0.074191
v -0.010135 -0.012089 0.058070
v -0.006996 -0.007635 0.053401
v -0.007047 -0.011260 0.052339
v -0.006739 -0.008739 0.053432
v -0.010211 -0.014645 0.059734
v -0.012298 -0.015384 0.060972
v -0.007905 -0.014739 0.053093
v -0.007268 -0.014542 0.053463
v -0.006524 -0.010958 0.052550
v -0.008248 -0.007143 0.054072
v -0.001470 -0.018773 0.066384
v -0.001920 -0.017313 0.069338
v -0.005828 -0.015950 0.068039
v -0.004385 -0.017338 0.065933
v -0.004849 -0.008533 0.054723
v -0.003936 -0.010570 0.055321
v -0.004978 -0.012548 0.062505
v -0.006653 -0.008769 0.058621
v -0.007087 -0.006726 0.055867
v -0.006585 -0.011884 0.061708
v -0.005768 -0.017625 0.058763
v -0.008305 -0.011751 0.060076
v -0.077900 -0.018087 -0.053121
v -0.057270 -0.064390 -0.031951
v -0.061886 -0.050067 -0.039525
v -0.060827 -0.050525 -0.045116
v -0.058177 -0.065798 -0.040893
v -0.079623 0.007929 -0.056528
v -0.066494 0.057650 -0.004151
v -0.068086 0.069379 -0.013408
v -0.073320 0.057614 -0.025086
v -0.072707 0.046886 -0.019968
v -0.068562 0.079138 -0.021564
v -0.073808 0.068504 -0.032350
v -0.077059 0.056354 -0.042061
v -0.079019 0.036079 -0.055932
v -0.041004 0.018117 0.032484
v -0.041202 0.017792 0.032420
v -0.039692 0.017368 0.033586
v -0.039559 0.017743 0.033688
v -0.040724 0.018323 0.032253
v -0.039436 0.017925 0.033209
v -0.041781 0.018751 0.031404
v -0.042098 0.018497 0.031637
v -0.042221 0.018150 0.031560
v -0.024379 0.018424 0.035738
v -0.024755 0.018599 0.034997
v -0.027120 0.018056 0.035966
v -0.026980 0.017860 0.036783
v -0.024256 0.018052 0.036035
v -0.027237 0.017363 0.036883
v -0.023486 0.019988 0.029555
v -0.023293 0.020578 0.029580
v -0.024457 0.019106 0.029832
v -0.022297 0.020583 0.032384
v -0.022139 0.021533 0.032459
v -0.022873 0.022137 0.029674
v -0.023082 0.021083 0.029567
v -0.022509 0.020071 0.032569
v -0.021003 0.019781 0.033188
v -0.020651 0.020209 0.033004
v -0.020721 0.021045 0.033156
v -0.031843 0.016359 0.036958
v -0.032164 0.015730 0.036684
v -0.027720 0.016143 0.036840
v -0.027549 0.016765 0.036920
v -0.031552 0.016919 0.037052
v -0.034813 0.016954 0.036364
v -0.035140 0.016423 0.036131
v -0.035405 0.015830 0.035767
v -0.024372 0.016969 0.036228
v -0.024303 0.017566 0.036177
v -0.035646 0.015136 0.035367
v -0.032405 0.015000 0.036279
v -0.027867 0.015368 0.036612
v -0.024280 0.016403 0.036283
v -0.021183 0.017738 0.035581
v -0.021712 0.018106 0.035519
v -0.032586 0.014197 0.035968
v -0.032465 0.013358 0.035735
v -0.027705 0.013724 0.036286
v -0.027859 0.014533 0.036419
v -0.035798 0.014318 0.034988
v -0.035707 0.013408 0.034718
v -0.043910 0.018341 0.029838
v -0.044490 0.018819 0.029162
v -0.044598 0.018095 0.028996
v -0.044278 0.017640 0.029367
v -0.047113 0.014978 0.025618
v -0.048064 0.016337 0.024867
v -0.050102 0.015093 0.023259
v -0.048838 0.013674 0.024489
v -0.057132 0.005620 0.020683
v -0.050837 0.011168 0.023730
v -0.052189 0.012724 0.021734
v -0.043224 0.017928 0.030572
v -0.042399 0.017631 0.031385
v -0.043071 0.018511 0.030750
v -0.043745 0.018925 0.030059
v -0.043657 0.017273 0.030101
v -0.042746 0.016958 0.031069
v -0.041416 0.017301 0.032261
v -0.041719 0.016620 0.031997
v -0.040163 0.016214 0.033191
v -0.039909 0.016855 0.033399
v -0.037723 0.016580 0.034753
v -0.037494 0.017089 0.034987
v -0.037996 0.015958 0.034455
v -0.040444 0.015482 0.032957
v -0.038351 0.015247 0.034146
v -0.042115 0.015872 0.031585
v -0.043222 0.016255 0.030506
v -0.044076 0.016656 0.029499
v -0.044743 0.017067 0.028731
v -0.045166 0.017712 0.028232
v -0.044595 0.015898 0.028621
v -0.045147 0.015120 0.027706
v -0.043906 0.014605 0.029030
v -0.043634 0.015468 0.029777
v -0.045422 0.016436 0.027717
v -0.046137 0.015763 0.026666
v -0.042404 0.015133 0.031100
v -0.042548 0.014301 0.030466
v -0.040662 0.013919 0.032099
v -0.040616 0.014822 0.032672
v -0.038628 0.014502 0.033817
v -0.038666 0.013601 0.033321
v -0.031381 0.017368 0.037019
v -0.031237 0.017642 0.036372
v -0.034470 0.017654 0.035826
v -0.034634 0.017363 0.036459
v -0.037303 0.017480 0.035060
v -0.037273 0.017747 0.034529
v -0.034577 0.016501 0.033415
v -0.033688 0.017233 0.029324
v -0.036582 0.017261 0.028566
v -0.037904 0.016708 0.032348
v -0.030783 0.016346 0.033832
v -0.030344 0.017569 0.029889
v -0.027116 0.016903 0.033916
v -0.027058 0.018293 0.029978
v -0.024645 0.018444 0.033614
v -0.033257 0.029007 0.036414
v -0.033428 0.029718 0.036612
v -0.038125 0.028909 0.035764
v -0.037699 0.028174 0.035505
v -0.051532 -0.000831 -0.121431
v -0.052793 0.014186 -0.126941
v -0.040162 0.009838 -0.136194
v -0.040669 0.025741 0.034593
v -0.040671 0.026518 0.034344
v -0.042970 0.025510 0.032764
v -0.042802 0.024766 0.032985
v -0.040615 0.024895 0.034686
v -0.042607 0.023966 0.032899
v -0.037614 0.025858 0.036302
v -0.037643 0.026704 0.036205
v -0.037621 0.027417 0.035794
v -0.043258 0.023344 0.028176
v -0.042250 0.024788 0.028959
v -0.041974 0.023185 0.031474
v -0.042850 0.022384 0.030345
v -0.043790 0.022686 0.027488
v -0.043413 0.021786 0.029460
v -0.043040 0.023303 0.024041
v -0.042210 0.024020 0.024697
v -0.040976 0.024897 0.025661
v -0.043507 0.022610 0.023669
v -0.043757 0.021867 0.023541
v -0.043681 0.021047 0.023491
v -0.043391 0.020269 0.023809
v -0.059725 -0.010621 0.020777
v -0.059722 0.000552 0.019674
v -0.062176 -0.007430 0.016505
v -0.042853 0.018922 0.030862
v -0.043519 0.019370 0.030140
v -0.042445 0.019201 0.030699
v -0.042887 0.019547 0.030123
v -0.044014 0.019840 0.029372
v -0.044397 0.019411 0.029268
v -0.041335 0.017441 0.030092
v -0.040803 0.017957 0.026757
v -0.041929 0.018461 0.025857
v -0.042281 0.018337 0.028897
v -0.040140 0.016897 0.031095
v -0.039024 0.017506 0.027688
v -0.042546 0.018994 0.025085
v -0.043042 0.019630 0.024332
v -0.042887 0.018859 0.028260
v -0.043363 0.019407 0.027456
v -0.043329 0.019974 0.029453
v -0.043973 0.020723 0.026718
v -0.044067 0.021301 0.026779
v -0.043653 0.020349 0.028751
v -0.043999 0.020813 0.028112
v -0.043750 0.020138 0.026884
v -0.044025 0.022006 0.027016
v -0.043771 0.021265 0.028628
v -0.044882 0.018813 0.028631
v -0.044825 0.019815 0.028561
v -0.045628 0.020669 0.027649
v -0.045446 0.018642 0.027861
v -0.046382 0.018524 0.026782
v -0.045975 0.017238 0.027099
v -0.046761 0.021068 0.026863
v -0.047936 0.021611 0.025986
v -0.047444 0.018501 0.025690
v -0.046816 0.016915 0.026062
v -0.044397 0.020216 0.028688
v -0.044724 0.020675 0.028171
v -0.046204 0.022154 0.028033
v -0.046948 0.022923 0.027643
v -0.045184 0.021570 0.028548
v -0.044626 0.022269 0.029794
v -0.045457 0.023010 0.029638
v -0.045951 0.023789 0.029440
v -0.044380 0.023815 0.031262
v -0.044747 0.024574 0.031074
v -0.043796 0.023084 0.031228
v -0.044342 0.021313 0.028864
v -0.043876 0.021873 0.029757
v -0.043159 0.022521 0.030905
v -0.042232 0.023219 0.032254
v -0.040507 0.024245 0.034199
v -0.040306 0.024210 0.033359
v -0.037570 0.025101 0.035885
v -0.037531 0.025032 0.035107
v -0.033904 0.030872 0.037491
v -0.039270 0.030279 0.036555
v -0.037582 0.026863 0.032156
v -0.035886 0.026315 0.028796
v -0.033309 0.026580 0.030184
v -0.034102 0.027304 0.033929
v -0.022335 0.022093 0.032696
v -0.022744 0.023130 0.033270
v -0.023327 0.024047 0.030309
v -0.022794 0.022918 0.029797
v -0.021484 0.021590 0.033622
v -0.022595 0.022589 0.034302
v -0.026269 0.026144 0.034901
v -0.026930 0.025916 0.031074
v -0.024328 0.025389 0.030821
v -0.023959 0.024776 0.034184
v -0.027083 0.024772 0.036180
v -0.024379 0.023633 0.035235
v -0.033968 0.025579 0.036265
v -0.022136 0.071213 -0.146816
v -0.021749 0.055577 -0.149984
v -0.041176 0.057392 -0.141122
v -0.041121 0.070985 -0.138580
v -0.040668 0.026079 0.030325
v -0.038749 0.025745 0.027250
v -0.051140 0.072143 -0.130953
v -0.050267 0.080800 -0.128055
v -0.041471 0.082637 -0.133444
v -0.037414 -0.062333 -0.097805
v -0.027278 -0.072748 -0.104446
v -0.020721 0.021322 0.034733
v -0.022144 0.022315 0.035289
v -0.019745 0.020663 0.034308
v -0.018625 0.020558 0.034614
v -0.019550 0.021513 0.034901
v -0.021035 0.022764 0.035486
v -0.023963 0.023563 0.036035
v -0.023084 0.024139 0.036374
v -0.026178 0.025608 0.037314
v -0.026849 0.024904 0.036997
v -0.033708 0.025561 0.037131
v -0.033414 0.026365 0.037313
v -0.025551 0.026408 0.037089
v -0.022425 0.024944 0.036106
v -0.025045 0.027255 0.036606
v -0.022121 0.025980 0.035683
v -0.033155 0.028144 0.036777
v -0.033215 0.027253 0.037195
v -0.021788 0.018486 0.035338
v -0.019096 0.019067 0.034887
v -0.022091 0.018904 0.034881
v -0.020060 0.019455 0.034478
v -0.022992 0.019140 0.034039
v -0.019414 0.019841 0.034302
v -0.018382 0.019568 0.034657
v -0.022997 0.019379 0.032854
v -0.018525 0.021935 0.034569
v -0.017516 0.020581 0.034561
v -0.017251 0.022473 0.034215
v -0.016297 0.020703 0.034392
v -0.019237 0.024615 0.034605
v -0.020131 0.023529 0.035083
v -0.017296 0.019321 0.034699
v -0.017917 0.018736 0.034946
v -0.016217 0.019226 0.034620
v -0.016926 0.018460 0.034860
v -0.024037 0.015800 0.036325
v -0.023706 0.015104 0.036346
v -0.020520 0.017189 0.035700
v -0.019864 0.016636 0.035714
v -0.032173 0.012267 0.035504
v -0.035442 0.012408 0.034488
v -0.031688 0.010972 0.035475
v -0.035105 0.010893 0.034356
v -0.026828 0.011550 0.036345
v -0.027348 0.012729 0.036231
v -0.032635 -0.115076 -0.015058
v -0.045873 0.014129 0.026928
v -0.047217 0.012519 0.026248
v -0.045467 0.011787 0.027933
v -0.044415 0.013625 0.028359
v -0.042816 0.013211 0.029851
v -0.043318 0.011272 0.029763
v -0.040852 0.011076 0.031462
v -0.040791 0.012831 0.031556
v -0.038532 0.012611 0.032987
v -0.038311 0.010978 0.032884
v -0.049005 0.018008 0.024275
v -0.050103 0.021446 0.023928
v -0.050969 0.016988 0.022519
v -0.052460 0.020899 0.021740
v -0.015719 0.023445 0.034543
v -0.014960 0.021158 0.034362
v -0.013568 0.024364 0.035751
v -0.013196 0.021801 0.035291
v -0.015043 0.027387 0.036928
v -0.017219 0.026449 0.035442
v -0.015302 0.019246 0.034503
v -0.016010 0.018149 0.034684
v -0.013932 0.019176 0.035014
v -0.015011 0.017646 0.035114
v -0.023164 0.014154 0.036208
v -0.022559 0.013060 0.036316
v -0.019165 0.015954 0.035601
v -0.018251 0.015079 0.035881
v -0.049637 -0.011893 -0.116370
v -0.053656 0.029986 -0.129905
v -0.046796 0.034764 0.034349
v -0.044566 0.031650 0.035127
v -0.040876 0.032798 0.037318
v -0.042682 0.036460 0.037551
v -0.048960 0.039391 0.032403
v -0.051561 0.035998 0.029375
v -0.049458 0.032527 0.031305
v -0.047244 0.029992 0.032561
v -0.051011 0.024362 0.024870
v -0.049189 0.024297 0.026405
v -0.049344 0.026108 0.027919
v -0.051177 0.026809 0.026544
v -0.053344 0.024497 0.022590
v -0.053727 0.028061 0.024326
v -0.050606 0.029389 0.028756
v -0.048601 0.027945 0.030104
v -0.052912 0.031706 0.026912
v -0.022927 0.032586 0.039192
v -0.023840 0.031092 0.037492
v -0.020853 0.028716 0.036097
v -0.019129 0.029524 0.037204
v -0.021617 0.034070 0.040453
v -0.017097 0.030338 0.038450
v -0.036194 0.037628 0.040442
v -0.034935 0.033622 0.039094
v -0.024680 0.028011 0.036162
v -0.022376 0.026688 0.035688
v -0.024522 0.028646 0.036139
v -0.022168 0.027171 0.035556
v -0.058813 0.091700 -0.110090
v -0.061003 0.097750 -0.097591
v -0.044372 0.108435 -0.103894
v -0.043595 0.101008 -0.116220
v -0.040762 0.027080 0.034119
v -0.041169 0.027793 0.034432
v -0.043693 0.026792 0.032730
v -0.043122 0.026080 0.032550
v -0.045021 0.025204 0.030870
v -0.045678 0.025863 0.030861
v -0.046949 0.024957 0.029091
v -0.046290 0.024429 0.029226
v -0.046990 0.023881 0.028039
v -0.047565 0.023936 0.027590
v -0.021877 0.028119 0.035810
v -0.024299 0.029523 0.036483
v -0.052570 0.060204 -0.132155
v -0.044243 0.074817 0.023822
v -0.051313 0.071175 0.017175
v -0.049055 0.064763 0.022784
v -0.042458 0.029231 0.035044
v -0.045148 0.028075 0.032951
v -0.046955 0.026820 0.030764
v -0.047979 0.025534 0.028873
v -0.048333 0.024591 0.027578
v -0.070853 -0.013602 -0.038985
v -0.071503 -0.013653 -0.040817
v -0.079567 -0.003886 -0.065775
v -0.078023 0.002628 -0.064866
v -0.076808 0.006138 -0.063821
v -0.077659 0.014892 -0.050805
v -0.081652 0.017976 -0.053665
v -0.082109 -0.022152 -0.059864
v -0.078946 -0.023982 -0.056030
v -0.082142 -0.021242 -0.060523
v -0.087985 0.014670 -0.064917
v -0.088260 0.013071 -0.066327
v -0.088993 0.012924 -0.066258
v -0.042973 -0.033234 -0.105897
v -0.047218 -0.020684 -0.112185
v -0.088785 0.011039 -0.067790
v -0.073606 -0.008975 -0.043322
v -0.080621 -0.004428 -0.066150
v -0.082275 -0.004963 -0.067982
v -0.082517 -0.009982 -0.068394
v -0.082074 -0.009487 -0.067282
v -0.081509 -0.014830 -0.066447
v -0.081234 -0.013915 -0.065694
v -0.083833 -0.018551 -0.063175
v -0.086099 -0.015100 -0.065149
v -0.082827 0.018498 -0.054699
v -0.082000 0.017527 -0.053133
v -0.083534 0.018219 -0.054959
v -0.074248 -0.010154 -0.044769
v -0.075893 0.013253 -0.050546
v -0.075437 0.011011 -0.049470
v -0.075010 0.011291 -0.049949
v -0.070231 -0.005133 -0.049026
v -0.070261 -0.004171 -0.049149
v -0.071409 -0.006568 -0.048478
v -0.074050 -0.008162 -0.047137
v -0.067562 -0.015762 -0.047220
v -0.066767 -0.017145 -0.049551
v -0.067327 -0.018167 -0.048706
v -0.085024 0.025141 -0.058797
v -0.075575 0.010070 -0.049242
v -0.076970 0.011165 -0.049308
v -0.077302 0.012337 -0.049598
v -0.084372 0.017921 -0.055259
v -0.077383 0.013232 -0.049915
v -0.076722 0.013152 -0.049821
v -0.078330 0.014714 -0.050686
v -0.076148 0.013011 -0.050059
v -0.073832 -0.011799 -0.061425
v -0.072607 -0.012329 -0.059468
v -0.072835 0.007384 -0.039609
v -0.073415 0.005020 -0.042204
v -0.077917 -0.024625 -0.053874
v -0.076067 0.013743 -0.060237
v -0.076124 0.016210 -0.061237
v -0.087275 -0.010295 -0.067067
v -0.080229 -0.015707 -0.056785
v -0.078150 -0.016423 -0.054875
v -0.082163 -0.014648 -0.058579
v -0.083739 -0.012120 -0.060210
v -0.070981 0.004133 -0.055067
v -0.082435 0.007717 -0.059190
v -0.083080 0.005649 -0.060594
v -0.081034 0.007692 -0.057513
v -0.077314 0.019712 -0.059198
v -0.077004 0.019701 -0.056973
v -0.077858 0.014076 -0.057703
v -0.076271 0.018161 -0.056575
v -0.069621 -0.012303 -0.047661
v -0.069357 -0.018431 -0.051194
v -0.068291 -0.016302 -0.051905
v -0.070442 -0.018313 -0.052126
v -0.069738 -0.017498 -0.053500
v -0.070307 -0.016013 -0.055268
v -0.071072 -0.014126 -0.056665
v -0.070788 -0.011524 -0.057536
v -0.069231 -0.008238 -0.048561
v -0.077521 0.019407 -0.046356
v -0.068712 -0.010090 -0.048304
v -0.070563 -0.006519 -0.048697
v -0.070746 -0.008308 -0.048219
v -0.070470 -0.010296 -0.047785
v -0.075267 -0.019060 -0.048297
v -0.076075 -0.017573 -0.050906
v -0.073840 -0.018286 -0.047622
v -0.076879 -0.016973 -0.053045
v -0.072642 -0.017971 -0.047293
v -0.075898 0.015051 -0.058540
v -0.076188 0.018115 -0.058459
v -0.071293 -0.010104 -0.036850
v -0.064250 -0.002124 0.011524
v -0.065577 0.007522 0.006036
v -0.025764 -0.050412 0.032343
v -0.024765 -0.053381 0.032712
v -0.056496 -0.013562 0.025218
v -0.051900 -0.016179 0.030410
v -0.024893 -0.045832 0.044165
v -0.024085 -0.046509 0.044323
v -0.023130 -0.045966 0.044545
v -0.023952 -0.045634 0.044242
v -0.021574 -0.045088 0.042897
v -0.022463 -0.045174 0.042269
v -0.022693 -0.045376 0.043096
v -0.021869 -0.045225 0.043732
v -0.029231 -0.030935 0.044845
v -0.032765 -0.026926 0.043489
v -0.035099 -0.031218 0.042459
v -0.031660 -0.034553 0.044064
v -0.024396 -0.045952 0.034993
v -0.024143 -0.044774 0.035410
v -0.022867 -0.044901 0.039182
v -0.023348 -0.045378 0.038861
v -0.024158 -0.048676 0.034982
v -0.023132 -0.046718 0.038639
v -0.026259 -0.046482 0.032395
v -0.025472 -0.044397 0.032827
v -0.034422 -0.052184 0.039706
v -0.030597 -0.049979 0.041419
v -0.031606 -0.046859 0.041979
v -0.035355 -0.047570 0.040234
v -0.025107 -0.019401 0.044642
v -0.029191 -0.023153 0.044266
v -0.025880 -0.027111 0.045289
v -0.022054 -0.022883 0.045288
v -0.018448 -0.018171 0.046153
v -0.021241 -0.015482 0.045089
v -0.017049 -0.010530 0.050097
v -0.017538 -0.014170 0.051185
v -0.016810 -0.015110 0.054485
v -0.017240 -0.012985 0.053353
v -0.014924 -0.018902 0.052694
v -0.017642 -0.016374 0.049637
v -0.011103 -0.020164 0.053089
v -0.010638 -0.019423 0.054059
v -0.015173 -0.019473 0.051131
v -0.015564 -0.020469 0.049235
v -0.011641 -0.020885 0.052001
v -0.009876 -0.018426 0.055099
v -0.012573 -0.018390 0.055092
v -0.014360 -0.016613 0.056705
v -0.003865 -0.018096 0.063668
v -0.005099 -0.016846 0.065588
v -0.008882 0.013200 0.049570
v -0.011619 0.009571 0.046401
v -0.008889 0.010479 0.051852
v -0.011630 0.007281 0.048703
v -0.013454 -0.014602 0.060518
v -0.015027 -0.012664 0.058859
v -0.011174 -0.013475 0.064272
v -0.012261 -0.010765 0.063878
v -0.003121 0.028621 0.049138
v -0.001878 -0.021526 0.059444
v -0.002146 -0.022258 0.058871
v -0.001574 -0.020487 0.061425
v -0.022755 0.094015 -0.134508
v -0.023115 0.106307 -0.123212
v -0.022061 0.119676 -0.100062
v -0.019753 0.124205 -0.087659
v -0.005410 -0.038971 0.059199
v -0.004987 -0.036497 0.059133
v -0.012216 -0.039569 0.045680
v -0.006670 -0.039372 0.047056
v -0.006290 -0.043144 0.049670
v -0.011529 -0.043178 0.048242
v -0.015662 -0.043312 0.046147
v -0.016606 -0.039832 0.043677
v -0.012827 -0.036031 0.044253
v -0.007122 -0.035732 0.045694
v -0.011436 -0.045271 0.051470
v -0.006240 -0.045259 0.053616
v -0.006140 -0.043517 0.056411
v -0.011538 -0.043873 0.053730
v -0.018197 -0.024833 0.047741
v -0.014177 -0.024148 0.050386
v -0.009864 -0.024156 0.053789
v -0.006420 -0.024460 0.056306
v -0.005713 -0.022354 0.056734
v -0.008349 -0.021615 0.054555
v -0.005395 -0.021472 0.057235
v -0.007942 -0.020807 0.055233
v -0.007701 -0.020043 0.055824
v -0.008268 -0.018625 0.056294
v -0.006439 -0.018862 0.057525
v -0.007056 -0.017620 0.057207
v -0.005289 -0.020605 0.057573
v -0.003604 0.004794 0.064599
v -0.003336 0.008456 0.061833
v -0.009705 -0.034721 0.057145
v -0.004718 -0.034384 0.058597
v -0.004150 -0.030161 0.057884
v -0.008645 -0.030067 0.056501
v -0.013359 -0.030621 0.054156
v -0.014841 -0.036173 0.054624
v -0.002475 -0.023070 0.058346
v -0.010007 -0.036860 0.057379
v -0.010287 -0.039285 0.057145
v -0.015245 -0.038471 0.054690
v -0.015443 -0.040628 0.054259
v -0.019649 -0.038415 0.051539
v -0.018757 -0.032403 0.051253
v -0.024456 -0.034346 0.047910
v -0.023664 -0.040907 0.048292
v -0.031516 -0.043819 0.042972
v -0.026342 -0.046053 0.043790
v -0.026569 -0.044839 0.044402
v -0.026274 -0.043702 0.045294
v -0.030655 -0.040812 0.044244
v -0.035079 -0.043115 0.041381
v -0.033885 -0.038669 0.042766
v -0.028576 -0.037773 0.045749
v -0.025553 -0.042486 0.046412
v -0.025099 -0.045180 0.044718
v -0.024082 -0.045346 0.044611
v -0.024907 -0.044543 0.045528
v -0.023845 -0.045094 0.045314
v -0.024303 -0.043944 0.046497
v -0.023384 -0.044871 0.046113
v -0.022449 -0.044401 0.047270
v -0.023131 -0.042997 0.047955
v -0.021915 -0.045409 0.042902
v -0.020871 -0.045501 0.043939
v -0.021016 -0.045590 0.045314
v -0.021961 -0.045526 0.044297
v -0.022516 -0.045283 0.042360
v -0.022484 -0.045404 0.043690
v -0.022264 -0.044488 0.040274
v -0.020873 -0.043937 0.042025
v -0.023047 -0.045373 0.041602
v -0.023069 -0.045298 0.042797
v -0.023106 -0.045440 0.044169
v -0.023018 -0.045374 0.044628
v -0.022523 -0.045356 0.045321
v -0.021644 -0.045266 0.046267
v -0.015413 -0.042548 0.053123
v -0.019120 -0.042421 0.051083
v -0.018755 -0.044019 0.049692
v -0.015280 -0.044565 0.051077
v -0.018328 -0.045137 0.048139
v -0.017377 -0.036318 0.042486
v -0.014947 -0.045336 0.049312
v -0.019955 -0.040651 0.041227
v -0.020916 -0.037900 0.039149
v -0.018701 -0.043624 0.043735
v -0.023637 -0.043538 0.036481
v -0.021974 -0.042143 0.038970
v -0.024955 -0.042852 0.033980
v -0.023063 -0.040033 0.036943
v -0.018160 -0.045584 0.046274
v -0.019512 -0.040623 0.051549
v -0.010794 -0.041544 0.055794
v -0.005654 -0.041147 0.058012
v -0.004220 -0.003039 0.070716
v -0.004021 0.001166 0.067560
v -0.022404 -0.045488 0.044490
v -0.010865 -0.123339 -0.003046
v -0.025518 -0.047204 0.043787
v -0.023402 -0.050777 0.034880
v -0.022329 -0.047694 0.038770
v -0.031498 -0.056630 0.040481
v -0.026844 -0.060986 0.043256
v -0.024433 -0.056928 0.045109
v -0.028289 -0.053285 0.042328
v -0.021358 -0.050413 0.047180
v -0.023937 -0.048688 0.044899
v -0.022655 -0.047315 0.045579
v -0.020230 -0.048213 0.047735
v -0.019212 -0.046577 0.047962
v -0.021669 -0.046232 0.045696
v -0.017306 -0.044897 0.046378
v -0.012868 -0.044350 0.049021
v -0.012487 -0.047916 0.044251
v -0.017219 -0.048202 0.042055
v -0.020767 -0.048048 0.039874
v -0.020597 -0.045163 0.043666
v -0.017892 -0.044730 0.047191
v -0.020860 -0.045148 0.044554
v -0.013141 -0.044261 0.050057
v -0.021216 -0.120152 -0.007958
v -0.021130 -0.045411 0.045401
v -0.018295 -0.045161 0.047620
v -0.013829 -0.045057 0.050813
v -0.014914 -0.046985 0.051499
v -0.015944 -0.049336 0.051785
v -0.016884 -0.052319 0.051060
v -0.019250 -0.059878 0.048534
v -0.020455 -0.064961 0.047323
v -0.013034 -0.061939 0.051238
v -0.013628 -0.067265 0.050869
v -0.011580 -0.053745 0.054464
v -0.011046 -0.049978 0.055581
v -0.010255 -0.047219 0.055044
v -0.009512 -0.045021 0.053806
v -0.003024 -0.024843 0.057786
v -0.005181 -0.018905 0.058789
v -0.004058 -0.018817 0.061186
v -0.007186 -0.015384 0.066436
v -0.001376 -0.019684 0.063711
v -0.009644 -0.013612 0.065945
v -0.008029 -0.014287 0.067468
v -0.008669 -0.012563 0.068372
v -0.009842 -0.011860 0.067085
v -0.006439 -0.014907 0.068780
v -0.007707 -0.012798 0.069483
v -0.002254 -0.016089 0.070737
v -0.003054 -0.012638 0.072859
v -0.004006 -0.006864 0.072644
v -0.003438 -0.010398 0.073305
v -0.009001 -0.010852 0.068986
v -0.010179 -0.008791 0.067599
v -0.010598 -0.005864 0.065123
v -0.012842 -0.008081 0.061421
v -0.010438 0.129958 -0.043886
v -0.008846 -0.043939 0.052744
v -0.008441 -0.044101 0.050824
v -0.012677 -0.057768 0.037634
v -0.012599 -0.053554 0.040030
v -0.008162 -0.053581 0.041407
v -0.008286 -0.058207 0.039061
v -0.004240 -0.044039 0.051632
v -0.004110 -0.047626 0.046585
v -0.008211 -0.047596 0.045685
v -0.004370 -0.043750 0.053918
v -0.004827 -0.045034 0.055309
v -0.005409 -0.047314 0.056895
v -0.004065 -0.053779 0.042090
v -0.004242 -0.058399 0.039860
v -0.021713 -0.052355 0.035974
v -0.022697 -0.055737 0.033791
v -0.017478 -0.053407 0.038186
v -0.017939 -0.057147 0.035990
v -0.007376 -0.067900 0.053339
v -0.006961 -0.062872 0.053236
v -0.005679 -0.050766 0.057417
v -0.006130 -0.054961 0.056101
v -0.022984 0.114255 -0.112341
v -0.062791 0.076704 -0.006019
v -0.061202 0.070012 0.001871
v -0.054208 0.077711 0.008966
v -0.056196 0.082943 0.001617
v -0.063576 0.084448 -0.014189
v -0.056881 0.089524 -0.006141
v -0.040283 0.121541 -0.063310
v -0.040813 0.121054 -0.049012
v -0.021651 0.127276 -0.045114
v -0.035183 0.121516 -0.077331
v -0.047559 0.112913 -0.086616
v -0.049769 0.115809 -0.067198
v -0.049709 0.115900 -0.051850
v -0.026782 -0.086886 -0.105768
v -0.053541 0.042718 -0.131338
v -0.048330 0.114953 -0.038019
v -0.040097 0.119329 -0.035208
v -0.039516 0.116295 -0.022816
v -0.046970 0.112749 -0.026294
v -0.021458 0.125047 -0.030652
v -0.010346 0.127427 -0.028807
v -0.020018 0.006015 -0.143905
v -0.003197 0.011925 0.059151
v -0.048361 -0.049533 -0.088917
v -0.057604 -0.049827 -0.071136
v -0.058343 -0.100445 -0.048257
v -0.068595 -0.026779 -0.053911
v -0.068371 -0.026419 -0.054840
v -0.060661 -0.064583 -0.052748
v -0.061462 -0.050779 -0.053917
v -0.039174 -0.048378 -0.100815
v -0.078405 -0.015574 -0.064508
v -0.079298 -0.012004 -0.065698
v -0.079381 -0.016293 -0.064182
v -0.080472 -0.012470 -0.065550
v -0.080687 -0.008482 -0.066185
v -0.079838 -0.018057 -0.063585
v -0.077422 0.019932 -0.054262
v -0.078541 0.021552 -0.053562
v -0.068137 -0.028399 -0.049621
v -0.067986 -0.027783 -0.051333
v -0.067566 -0.028014 -0.050237
v -0.067359 -0.028582 -0.049025
v -0.067874 -0.029321 -0.048093
v -0.067322 -0.029162 -0.047852
v -0.077752 0.035501 -0.047103
v -0.066162 -0.028833 -0.051005
v -0.067824 -0.026762 -0.054013
v -0.067767 -0.027442 -0.052563
v -0.066843 -0.028077 -0.051077
v -0.066362 -0.028896 -0.048916
v -0.066423 -0.029815 -0.047214
v -0.067598 -0.030546 -0.046916
v -0.079994 -0.019116 -0.064097
v -0.072492 -0.029844 -0.052810
v -0.077888 0.012233 -0.060735
v -0.078001 0.010541 -0.062029
v -0.080019 0.012262 -0.063780
v -0.079874 0.014494 -0.062422
v -0.059461 -0.010944 -0.103979
v -0.061718 0.000065 -0.109277
v -0.013988 -0.085202 -0.110541
v -0.014248 -0.070985 -0.110325
v -0.076173 0.032537 -0.094579
v -0.077883 0.013881 -0.059131
v -0.079915 0.016212 -0.060932
v -0.079720 -0.007980 -0.066010
v -0.077623 0.012903 -0.058786
v -0.077598 0.011284 -0.060330
v -0.080831 0.017935 -0.062622
v -0.080916 0.015726 -0.064330
v -0.081004 0.013261 -0.065719
v -0.077549 0.009509 -0.061923
v -0.077028 0.018287 -0.061080
v -0.080667 0.063267 -0.070866
v -0.079907 0.057332 -0.084946
v -0.077111 0.080233 -0.074277
v -0.076491 0.075204 -0.089651
v -0.071903 0.069163 -0.105586
v -0.075215 0.050286 -0.100906
v -0.076934 0.019511 -0.055713
v -0.079271 0.022592 -0.054225
v -0.064147 0.090853 -0.022008
v -0.069158 0.085723 -0.029354
v -0.057143 0.095302 -0.013313
v -0.056989 0.100468 -0.020074
v -0.063512 0.096903 -0.029031
v -0.070592 0.089911 -0.041260
v -0.079644 0.053959 -0.055937
v -0.078799 0.068757 -0.056648
v -0.075672 0.072920 -0.042984
v -0.075133 0.085302 -0.058569
v -0.066580 0.099073 -0.047634
v -0.070264 0.095384 -0.062297
v -0.059479 0.107513 -0.051534
v -0.061580 0.105445 -0.066253
v -0.061522 0.102864 -0.082326
v -0.071999 0.091381 -0.077535
v -0.061629 0.102308 -0.035250
v -0.055426 0.105181 -0.025529
v -0.056489 0.108583 -0.038794
v -0.053203 0.109184 -0.030097
v -0.073732 0.074781 -0.035667
v -0.064375 -0.035014 -0.046067
v -0.065811 -0.035067 -0.041172
v -0.069158 -0.023998 -0.034359
v -0.068321 0.000665 -0.000716
v -0.068275 0.013371 -0.003128
v -0.071505 0.005322 -0.013513
v -0.069829 -0.008159 -0.010257
v -0.066946 0.027002 -0.004614
v -0.070637 0.019493 -0.014877
v -0.070743 0.033531 -0.016659
v -0.067003 0.041312 -0.004862
v -0.063016 0.063675 -0.120620
v -0.065265 0.046802 -0.118663
v -0.065699 0.033968 -0.116826
v -0.047375 0.058777 0.026694
v -0.022495 0.084960 -0.140683
v -0.046544 0.082215 0.016410
v -0.055350 0.084247 -0.121033
v -0.042221 0.090242 -0.127609
v -0.071227 0.086473 -0.092696
v -0.068044 0.081177 -0.106270
v -0.060066 0.074764 -0.121146
v -0.064607 0.017721 -0.114679
v -0.047534 0.108936 -0.018667
v -0.055644 0.024380 0.019662
v -0.054785 0.019756 0.018739
v -0.055946 0.029311 0.021208
v -0.053124 0.014889 0.020206
v -0.015047 0.006317 0.043955
v -0.014706 0.004285 0.045990
v -0.014283 0.002025 0.047983
v -0.018199 0.001448 0.043688
v -0.017560 -0.001527 0.045506
v -0.011466 0.001901 0.053224
v -0.011587 0.004672 0.050936
v -0.014075 -0.000858 0.049916
v -0.013894 -0.004068 0.051623
v -0.011454 -0.001196 0.055501
v -0.018081 -0.016564 0.047404
v -0.019088 -0.011846 0.046147
v -0.016667 -0.007581 0.048241
v -0.021172 -0.004467 0.043968
v -0.020245 -0.007847 0.045211
v -0.017020 -0.004286 0.046956
v -0.022362 -0.001115 0.042227
v -0.014718 -0.007490 0.054137
v -0.015546 -0.010675 0.056955
v -0.012187 -0.004689 0.058443
v -0.010219 -0.002551 0.061901
v -0.009523 0.001149 0.058989
v -0.018757 0.003668 0.041862
v -0.023313 0.001608 0.040815
v -0.023706 -0.011397 0.044635
v -0.028205 -0.014790 0.044322
v -0.025454 -0.006942 0.043194
v -0.029934 -0.009777 0.042836
v -0.026735 -0.003277 0.041548
v -0.031174 -0.005852 0.040967
v -0.032277 -0.018445 0.043743
v -0.035801 -0.022451 0.042613
v -0.039025 -0.027377 0.040869
v -0.038483 -0.017369 0.041043
v -0.042271 -0.022811 0.039050
v -0.040340 -0.012355 0.039063
v -0.044738 -0.017329 0.036982
v -0.034505 -0.013269 0.042175
v -0.036031 -0.008945 0.040121
v -0.032320 -0.001958 0.039170
v -0.027974 0.000083 0.040054
v -0.041350 -0.001044 0.035183
v -0.041204 -0.006679 0.037095
v -0.036779 -0.004237 0.038096
v -0.037249 0.000403 0.036203
v -0.046247 -0.010500 0.034926
v -0.045895 -0.002718 0.033584
v -0.045062 0.002410 0.032143
v -0.030991 0.009209 0.035961
v -0.026185 0.009880 0.036792
v -0.034599 0.008858 0.034793
v -0.040907 0.003138 0.033670
v -0.037433 0.003891 0.034948
v -0.048851 0.009973 0.025969
v -0.046599 0.009114 0.028150
v -0.040846 0.008649 0.032060
v -0.037923 0.008680 0.033481
v -0.043820 0.008818 0.030301
v -0.021663 0.011536 0.036890
v -0.017379 0.013765 0.036932
v -0.057353 -0.062953 -0.068015
v -0.009193 0.004520 0.056684
v -0.009009 0.007612 0.054340
v -0.014013 0.031060 0.040363
v -0.012111 0.028098 0.039027
v -0.006347 0.028516 0.046370
v -0.018263 0.034958 0.042623
v -0.013753 0.016459 0.037074
v -0.012168 0.018803 0.037086
v -0.011056 0.021979 0.037480
v -0.010957 0.024879 0.038181
v -0.029864 0.049074 0.043806
v -0.026859 0.042737 0.045357
v -0.057761 0.063613 0.010902
v -0.061525 0.054799 0.006911
v -0.050005 0.044436 0.028993
v -0.053247 0.040067 0.025964
v -0.055354 0.034729 0.023305
v -0.063320 0.042936 0.003930
v -0.063940 0.030381 0.002989
v -0.064957 0.018608 0.003615
v -0.048569 0.093883 0.002230
v -0.048530 0.099428 -0.004654
v -0.048035 0.087947 0.009382
v -0.039228 0.112405 -0.013309
v -0.039229 0.108022 -0.004889
v -0.048198 0.104448 -0.011571
v -0.039639 0.102982 0.002438
v -0.039914 0.097445 0.009258
v -0.039359 0.091576 0.016438
v -0.038178 0.085443 0.023260
v -0.036416 0.077053 0.029964
v -0.047224 -0.061934 -0.085793
v -0.007486 -0.006885 0.054452
v -0.006774 -0.006712 0.055005
v -0.006363 -0.007464 0.053947
v -0.005739 -0.007204 0.054480
v -0.005219 -0.008975 0.054211
v -0.006775 -0.015819 0.056413
v -0.005445 -0.013973 0.055321
v -0.004763 -0.010654 0.054085
v -0.067737 -0.030405 -0.036021
v -0.058604 -0.096532 -0.063045
v -0.054525 -0.093194 -0.075502
v 0.055663 -0.096094 -0.063048
v 0.051598 -0.092714 -0.075731
v 0.020727 -0.126505 -0.009909
v 0.032256 -0.122336 -0.015934
v 0.033610 -0.130816 -0.017189
v 0.021614 -0.134224 -0.011333
v 0.059260 -0.113168 -0.068468
v 0.056830 -0.104980 -0.063519
v 0.053476 -0.101187 -0.078441
v 0.057257 -0.109330 -0.083922
v 0.046743 -0.099437 -0.091341
v 0.050603 -0.108207 -0.096880
v 0.039668 -0.108885 -0.106558
v 0.036980 -0.098535 -0.101044
v 0.025251 -0.098550 -0.108023
v 0.027616 -0.109922 -0.112987
v 0.043592 -0.117584 -0.024496
v 0.052414 -0.112736 -0.035799
v 0.052953 -0.122302 -0.036649
v 0.043987 -0.126107 -0.025388
v 0.057006 -0.108342 -0.048838
v 0.058235 -0.117435 -0.051743
v 0.013505 -0.109304 -0.117227
v 0.012217 -0.096881 -0.111961
v 0.023453 -0.152251 -0.013308
v 0.010635 -0.154154 -0.010913
v 0.010577 -0.144814 -0.009813
v 0.022786 -0.143163 -0.012531
v 0.054720 -0.154253 -0.031216
v 0.069329 -0.147400 -0.044497
v 0.075636 -0.155872 -0.040460
v 0.059352 -0.163083 -0.026645
v 0.096945 -0.154832 -0.053703
v 0.106242 -0.143514 -0.075474
v 0.038481 -0.159248 -0.020703
v 0.041359 -0.167909 -0.015514
v -0.001106 -0.119486 -0.125724
v -0.001091 -0.107661 -0.118014
v 0.096456 -0.137656 -0.079086
v 0.094889 -0.133615 -0.102076
v 0.107728 -0.138910 -0.100011
v 0.053530 -0.155027 -0.143571
v 0.053641 -0.161805 -0.147274
v 0.069254 -0.157094 -0.143553
v 0.064615 -0.151229 -0.139385
v 0.073572 -0.122799 -0.096924
v 0.061879 -0.123778 -0.112157
v 0.071327 -0.130543 -0.117192
v 0.084114 -0.128314 -0.101669
v 0.036931 -0.140190 -0.135188
v 0.054990 -0.135037 -0.127098
v 0.047278 -0.127441 -0.121982
v 0.031910 -0.131095 -0.128737
v 0.086629 -0.132481 -0.079169
v 0.075104 -0.127599 -0.076720
v 0.079099 -0.139914 -0.060350
v 0.069833 -0.134058 -0.059099
v 0.061866 -0.139852 -0.043594
v 0.056393 -0.116165 -0.103833
v 0.043870 -0.118194 -0.113820
v 0.028537 -0.120699 -0.121099
v 0.012911 -0.121359 -0.125418
v -0.001270 -0.168765 -0.146831
v -0.001140 -0.156692 -0.143386
v 0.017673 -0.142610 -0.137844
v 0.015645 -0.131572 -0.131657
v 0.088056 -0.146599 -0.058528
v 0.062404 -0.126596 -0.056513
v 0.056488 -0.131309 -0.041170
v 0.065519 -0.171338 -0.017138
v 0.083899 -0.164793 -0.033238
v 0.045147 -0.176362 -0.006082
v 0.026834 -0.179689 0.000701
v 0.019217 -0.154050 -0.143413
v 0.018243 -0.166240 -0.146825
v 0.038252 -0.163079 -0.147342
v 0.041606 -0.151296 -0.142149
v 0.049760 -0.144267 -0.030881
v 0.036716 -0.149434 -0.021016
v 0.023683 -0.162064 -0.012423
v 0.064111 -0.116806 -0.089681
v 0.065352 -0.121308 -0.072954
v 0.046323 -0.134665 -0.028370
v 0.035211 -0.140267 -0.019229
v 0.010016 -0.136168 -0.007632
v 0.024756 -0.171005 -0.007500
v 0.097661 -0.143039 -0.121418
v 0.084005 -0.150690 -0.135316
v 0.075885 -0.147388 -0.133942
v -0.001037 -0.143809 -0.138472
v -0.001182 -0.146152 -0.009451
v -0.001363 -0.155220 -0.011536
v -0.000680 -0.137637 -0.006464
v 0.081523 -0.138649 -0.123205
v 0.060563 -0.143848 -0.134270
v -0.000454 -0.130500 -0.003760
v -0.001211 -0.096196 -0.113139
v -0.001441 -0.165777 -0.011888
v -0.001665 -0.175834 -0.006765
v -0.001847 -0.185906 0.001865
v 0.009850 -0.129085 -0.005270
v 0.010902 -0.173782 -0.006040
v 0.010580 -0.163942 -0.010486
v 0.011842 -0.183623 0.001659
v -0.000706 -0.131072 -0.132436
v -0.021511 -0.126715 -0.009891
v -0.033281 -0.122605 -0.016038
v -0.034945 -0.131016 -0.017328
v -0.022701 -0.134392 -0.011529
v -0.061002 -0.113697 -0.069032
v -0.058904 -0.105528 -0.063661
v -0.056063 -0.101660 -0.078493
v -0.059376 -0.109773 -0.084212
v -0.048955 -0.099947 -0.091366
v -0.052479 -0.108661 -0.096983
v -0.041578 -0.109379 -0.106486
v -0.039087 -0.099068 -0.101044
v -0.027303 -0.099034 -0.107892
v -0.029650 -0.110395 -0.112757
v -0.044988 -0.117994 -0.024514
v -0.053900 -0.113422 -0.035786
v -0.054517 -0.122704 -0.036745
v -0.045593 -0.126408 -0.025404
v -0.058335 -0.108949 -0.048726
v -0.059486 -0.118059 -0.052248
v -0.015485 -0.109691 -0.116864
v -0.014490 -0.097185 -0.111820
v -0.025786 -0.152245 -0.013419
v -0.012931 -0.154170 -0.011080
v -0.012380 -0.144852 -0.010028
v -0.024635 -0.143171 -0.012803
v -0.056980 -0.154602 -0.032477
v -0.071145 -0.147877 -0.046335
v -0.077662 -0.156328 -0.042265
v -0.061849 -0.163515 -0.028070
v -0.099222 -0.154715 -0.055477
v -0.108056 -0.143095 -0.076841
v -0.040994 -0.159379 -0.021281
v -0.044050 -0.168063 -0.016358
v -0.098637 -0.137402 -0.080344
v -0.097027 -0.133682 -0.102853
v -0.109849 -0.138641 -0.100997
v -0.055941 -0.154980 -0.144257
v -0.056174 -0.161561 -0.147932
v -0.071521 -0.156927 -0.144264
v -0.067010 -0.151199 -0.140110
v -0.075653 -0.123148 -0.097428
v -0.063938 -0.124025 -0.112487
v -0.073149 -0.130797 -0.117738
v -0.085863 -0.128537 -0.102300
v -0.038888 -0.140350 -0.135579
v -0.056710 -0.135246 -0.127650
v -0.049216 -0.127762 -0.122357
v -0.033016 -0.131400 -0.129167
v -0.088467 -0.132237 -0.080166
v -0.076836 -0.127477 -0.077600
v -0.080744 -0.140172 -0.061820
v -0.071602 -0.134356 -0.060490
v -0.063564 -0.140242 -0.045127
v -0.057925 -0.116429 -0.104096
v -0.045582 -0.118479 -0.113923
v -0.030746 -0.120877 -0.121111
v -0.015301 -0.121391 -0.125223
v -0.019775 -0.142649 -0.137933
v -0.017543 -0.131790 -0.131883
v -0.089869 -0.146753 -0.060125
v -0.063775 -0.126968 -0.057679
v -0.058025 -0.131705 -0.042087
v -0.068421 -0.171254 -0.018350
v -0.086541 -0.164767 -0.034891
v -0.048217 -0.176203 -0.006861
v -0.030205 -0.179749 0.000339
v -0.021516 -0.154211 -0.143674
v -0.019991 -0.166439 -0.147085
v -0.039643 -0.163381 -0.147943
v -0.043580 -0.151371 -0.142726
v -0.051904 -0.144522 -0.031677
v -0.039071 -0.149509 -0.021359
v -0.026298 -0.162009 -0.012571
v -0.065803 -0.116999 -0.090057
v -0.067101 -0.121397 -0.073716
v -0.048299 -0.134895 -0.028648
v -0.037227 -0.140333 -0.019396
v -0.011441 -0.136322 -0.007814
v -0.027648 -0.171040 -0.007920
v -0.099147 -0.142877 -0.122231
v -0.085861 -0.150591 -0.136053
v -0.077697 -0.147455 -0.134720
v -0.083242 -0.138785 -0.123921
v -0.062256 -0.143983 -0.134980
v -0.010835 -0.129297 -0.005312
v -0.014008 -0.173780 -0.006228
v -0.013319 -0.163952 -0.010648
v -0.015196 -0.183476 0.001335
v -0.006618 -0.008968 0.053350
v -0.067306 -0.033123 -0.015418
v -0.066870 -0.040630 -0.022545
v -0.063909 -0.051157 -0.016208
v -0.064766 -0.043201 -0.009141
v -0.058774 -0.061926 -0.007831
v -0.061423 -0.052115 -0.001866
v -0.053024 -0.070036 0.001250
v -0.057113 -0.060046 0.005288
v -0.048051 -0.074896 0.011040
v -0.052464 -0.065162 0.013521
v -0.033367 -0.078576 0.032337
v -0.031646 -0.083347 0.028664
v -0.025025 -0.086224 0.036024
v -0.025776 -0.082482 0.040349
v -0.017915 -0.088498 0.042752
v -0.018529 -0.085004 0.047028
v -0.010040 -0.089819 0.046689
v -0.010025 -0.086473 0.051086
v -0.000487 -0.090188 0.048312
v -0.000288 -0.086692 0.052632
v 0.000046 -0.077587 0.056128
v -0.008910 -0.077369 0.054816
v -0.009619 -0.082056 0.053860
v -0.000121 -0.082683 0.054988
v -0.016663 -0.076291 0.051242
v -0.018071 -0.081127 0.049778
v -0.023493 -0.073414 0.045656
v -0.025111 -0.078326 0.043568
v -0.031156 -0.069064 0.038918
v -0.033043 -0.073985 0.035809
v -0.037746 -0.063527 0.034707
v -0.040670 -0.066979 0.030262
v -0.009140 -0.092357 0.040214
v -0.000718 -0.092646 0.042546
v -0.016275 -0.091353 0.036573
v -0.022871 -0.089664 0.031053
v -0.028448 -0.087705 0.024591
v -0.041317 -0.078100 0.020334
v -0.034576 -0.085349 0.016589
v -0.042317 -0.081169 0.008282
v -0.047912 -0.076518 -0.002475
v -0.054951 -0.068241 -0.013012
v -0.061746 -0.057131 -0.022483
v -0.065479 -0.044919 -0.029972
v -0.068091 -0.032661 -0.027913
v -0.015350 -0.071891 0.051119
v -0.008099 -0.072819 0.054388
v -0.022624 -0.069104 0.046154
v -0.029224 -0.064764 0.041199
v -0.034391 -0.060127 0.038197
v -0.039371 -0.048490 0.037831
v -0.038142 -0.054657 0.037284
v -0.037536 -0.036501 0.040800
v -0.038932 -0.042359 0.039103
v -0.045266 -0.029970 0.036150
v -0.047225 -0.038630 0.032781
v -0.043138 -0.041091 0.036186
v -0.041570 -0.033704 0.038576
v -0.048618 -0.024439 0.033321
v -0.051139 -0.034351 0.028952
v -0.008289 -0.094394 0.034593
v -0.000905 -0.094653 0.035721
v -0.014484 -0.093793 0.031172
v -0.019884 -0.092910 0.026026
v -0.024025 -0.092064 0.019599
v -0.028595 -0.090628 0.012253
v -0.034216 -0.088237 0.003804
v -0.041294 -0.083740 -0.006438
v -0.050252 -0.074888 -0.018165
v -0.059001 -0.061679 -0.028439
v -0.063408 -0.048947 -0.035866
v -0.020741 -0.098137 0.006992
v -0.016912 -0.097528 0.013067
v -0.013826 -0.097312 0.018353
v -0.010980 -0.097304 0.022671
v -0.006802 -0.098183 0.022148
v -0.000958 -0.098447 0.021842
v -0.006016 -0.100748 0.014647
v -0.000757 -0.100412 0.014822
v -0.008060 -0.102908 0.010112
v -0.000589 -0.103174 0.010030
v -0.010088 -0.105707 0.006471
v -0.000514 -0.107799 0.006955
v -0.041889 -0.056724 0.033655
v -0.045777 -0.057832 0.028835
v -0.047645 -0.048088 0.029950
v -0.051973 -0.045290 0.024980
v -0.050308 -0.057074 0.022981
v -0.043412 -0.048971 0.034372
v -0.055500 -0.053403 0.015707
v -0.056252 -0.040605 0.019312
v -0.054847 -0.028568 0.024890
v -0.059278 -0.036003 0.014003
v -0.059454 -0.047571 0.008679
v -0.058281 -0.024042 0.020377
v -0.061046 -0.019713 0.016000
v -0.061743 -0.030490 0.008971
v -0.061962 -0.041580 0.003400
v -0.044697 -0.069919 0.023514
v -0.064392 -0.034510 -0.002839
v -0.063351 -0.015321 0.011458
v -0.063750 -0.025215 0.004331
v -0.065790 -0.009473 0.005811
v -0.066447 -0.017814 -0.002011
v -0.066871 -0.026786 -0.009634
v -0.069330 -0.024600 -0.023970
v 0.000109 -0.072936 0.055890
v -0.063919 -0.033678 -0.051000
v -0.021661 -0.030035 0.048077
v -0.016575 -0.027970 0.050689
v -0.011590 -0.027334 0.053962
v -0.007489 -0.027215 0.056305
v -0.003513 -0.027530 0.057707
v -0.000408 -0.118554 0.001510
v 0.000485 0.042993 0.049792
v -0.000472 -0.112218 0.004964
v 0.000221 -0.058483 0.040146
v 0.000022 0.128443 -0.027713
v 0.000183 -0.068018 0.055190
v 0.000294 -0.053786 0.042495
v 0.000582 0.001873 0.069219
v 0.000247 -0.062973 0.054581
v 0.000567 -0.051177 0.058163
v 0.000635 -0.045273 0.055842
v 0.000395 0.079469 0.040659
v 0.000638 -0.047806 0.057705
v 0.000198 -0.025132 0.058215
v 0.000652 -0.002343 0.072266
v 0.000625 -0.043653 0.054295
v -0.001269 -0.046139 -0.115860
v 0.000496 -0.054904 0.057015
v 0.000464 -0.047577 0.046914
v 0.000574 -0.044089 0.052157
v 0.000273 -0.035836 0.046336
v 0.000233 -0.027965 0.058018
v 0.000692 0.019290 0.055418
v -0.001096 -0.007627 -0.139998
v 0.000648 0.016230 0.057884
v 0.000252 0.103843 0.022930
v 0.000376 0.089571 0.035340
v 0.000554 0.005825 0.066088
v -0.000738 0.055159 -0.153341
v -0.000642 0.071670 -0.150273
v 0.000418 0.061787 0.046289
v -0.000143 0.125884 -0.090990
v 0.000730 -0.006369 0.074264
v 0.000226 -0.020035 0.063784
v 0.000092 0.120471 -0.002751
v -0.000929 0.020703 -0.150825
v -0.000304 0.116271 -0.115459
v 0.000317 -0.044010 0.057101
v 0.000056 0.124859 -0.014666
v 0.000320 -0.045411 0.054162
v 0.000533 -0.016660 0.071379
v -0.001016 0.005038 -0.146241
v -0.000836 0.034421 -0.152983
v 0.000245 -0.034607 0.058875
v 0.000235 -0.030636 0.058194
v -0.000224 0.121900 -0.103622
v 0.000456 0.049409 0.049243
v 0.000260 -0.036892 0.059681
v 0.000825 0.028705 0.050500
v 0.000317 -0.039587 0.059956
v -0.000479 -0.124729 -0.001380
v -0.000467 0.095718 -0.137463
v 0.000318 -0.041976 0.058602
v 0.000318 -0.043036 0.050204
v 0.000588 0.009555 0.062980
v 0.000293 -0.039452 0.047772
v 0.000396 0.069642 0.044060
v 0.000130 -0.022452 0.059428
v 0.000149 -0.021707 0.060043
v 0.000803 0.025407 0.051489
v 0.000319 0.097311 0.029424
v 0.000782 0.031596 0.050194
v 0.000155 -0.023296 0.058847
v -0.000552 0.086383 -0.143780
v -0.000074 0.130629 -0.073584
v -0.000054 0.131911 -0.060403
v 0.000742 0.022288 0.053028
v 0.000629 0.013191 0.060269
v -0.001279 -0.057897 -0.113595
v 0.000671 -0.013143 0.074015
v 0.000722 -0.010240 0.074721
v 0.000136 0.115241 0.007473
v -0.001167 -0.017131 -0.134637
v -0.000017 0.131292 -0.043233
v 0.000190 0.109698 0.015764
v -0.001256 -0.034404 -0.122239
v -0.001221 -0.024596 -0.129888
v 0.000429 -0.017927 0.069643
v 0.000676 0.035026 0.050078
v 0.000309 -0.019259 0.066470
v -0.000384 0.108348 -0.126036
v 0.000184 -0.020836 0.061546
v 0.006775 -0.008945 0.053592
v 0.066552 -0.033555 -0.014445
v 0.065192 -0.040911 -0.021627
v 0.062330 -0.051485 -0.015494
v 0.064023 -0.043708 -0.008315
v 0.057397 -0.062328 -0.007308
v 0.060688 -0.052710 -0.001180
v 0.051549 -0.070336 0.001540
v 0.056208 -0.060730 0.005814
v -0.003818 -0.016528 0.068701
v -0.002858 -0.018004 0.066181
v 0.046757 -0.075455 0.011195
v 0.051636 -0.065911 0.013919
v -0.015030 0.020097 0.034442
v -0.008010 -0.018990 0.056131
v -0.006644 0.003368 0.062225
v -0.013485 0.020401 0.035072
v 0.032364 -0.079295 0.032461
v 0.030316 -0.083863 0.028582
v 0.023693 -0.086703 0.035934
v 0.024720 -0.083117 0.040343
v -0.010182 -0.018723 0.054791
v 0.016674 -0.088982 0.042733
v 0.017610 -0.085601 0.047071
v 0.008898 -0.090187 0.046729
v 0.009275 -0.086943 0.051271
v -0.006076 0.010267 0.057007
v -0.007898 0.019463 0.044236
v 0.008824 -0.077725 0.055152
v 0.009308 -0.082520 0.054171
v -0.006242 0.006826 0.059773
v -0.015629 -0.016032 0.055505
v -0.013808 -0.018511 0.054054
v -0.006362 -0.010578 0.071291
v -0.007298 -0.007677 0.070332
v 0.016407 -0.076937 0.051499
v -0.007174 -0.013648 0.069225
v -0.004369 -0.015396 0.069821
v 0.017482 -0.081771 0.049864
v -0.017229 0.019853 0.034623
v -0.023017 0.021549 0.029583
v -0.005578 -0.012608 0.071143
v -0.002587 -0.014720 0.071834
v -0.020505 0.020605 0.032959
v -0.016093 0.019929 0.034514
v -0.011719 -0.011888 0.064147
v -0.006615 0.018313 0.048614
v 0.023152 -0.074222 0.045866
v 0.024376 -0.079074 0.043604
v 0.030836 -0.070013 0.039373
v 0.032392 -0.074851 0.036059
v -0.014321 -0.013395 0.059809
v 0.037442 -0.064523 0.035396
v 0.040110 -0.067909 0.030751
v 0.007807 -0.092551 0.040189
v -0.018281 0.019993 0.034575
v -0.019323 0.020194 0.034261
v -0.007277 -0.000337 0.065131
v 0.014864 -0.091562 0.036496
v 0.021367 -0.089874 0.030897
v 0.026832 -0.088019 0.024420
v 0.040229 -0.078795 0.020404
v -0.022186 0.021030 0.032314
v -0.002754 -0.019642 0.061259
v -0.009814 -0.012599 0.066468
v -0.008410 -0.013193 0.068019
v -0.003301 -0.020195 0.059207
v 0.033215 -0.085654 0.016479
v 0.040705 -0.081364 0.008272
v -0.011563 0.020234 0.037285
v 0.046047 -0.076433 -0.002365
v -0.006216 0.015951 0.052183
v -0.006180 0.013028 0.054725
v 0.053263 -0.068373 -0.012661
v 0.059826 -0.057275 -0.021886
v -0.002567 -0.018897 0.063696
v 0.063177 -0.045033 -0.029093
v 0.066874 -0.033072 -0.026887
v 0.015399 -0.072488 0.051475
v 0.008343 -0.073090 0.054821
v 0.022559 -0.069918 0.046493
v -0.007632 -0.004169 0.068215
v 0.029132 -0.065659 0.041721
v 0.034373 -0.061075 0.038982
v 0.039446 -0.049135 0.038708
v -0.005612 -0.019544 0.057590
v 0.038148 -0.055470 0.038200
v 0.037853 -0.036794 0.041765
v 0.039126 -0.042808 0.039991
v 0.045671 -0.030320 0.037206
v 0.047340 -0.039090 0.033716
v 0.043323 -0.041598 0.037122
v 0.000625 -0.015082 0.072824
v -0.004887 -0.014164 0.070555
v 0.041990 -0.034074 0.039665
v 0.049035 -0.024729 0.034411
v 0.051280 -0.034772 0.029936
v 0.006737 -0.094430 0.034547
v -0.029077 0.035081 0.040597
v -0.029017 0.032653 0.038888
v 0.012825 -0.093767 0.031051
v 0.018332 -0.092877 0.025782
v 0.022367 -0.091975 0.019364
v 0.026888 -0.090565 0.012061
v 0.032595 -0.088139 0.003701
v 0.039517 -0.083497 -0.006452
v -0.021921 0.038505 0.044435
v -0.004154 0.038783 0.049266
v -0.009295 0.038964 0.048150
v 0.048664 -0.074913 -0.018025
v -0.029145 0.026943 0.037494
v -0.030198 0.025401 0.036411
v -0.028794 0.030451 0.037220
v -0.030115 0.025453 0.037288
v -0.029569 0.026159 0.037564
v 0.057089 -0.061720 -0.028096
v -0.028684 0.029526 0.036701
v 0.061037 -0.048862 -0.035258
v -0.028740 0.028660 0.036737
v 0.019138 -0.097868 0.006800
v -0.028058 0.038136 0.042423
v 0.015264 -0.097320 0.012824
v 0.012151 -0.097117 0.018121
v -0.028794 0.027825 0.037117
v -0.030051 0.026819 0.035004
v 0.009391 -0.097190 0.022515
v -0.030209 0.026408 0.030918
v 0.005092 -0.098126 0.022071
v 0.000561 0.038825 0.049799
v -0.020691 0.049257 0.047190
v -0.050895 0.048642 0.025807
v 0.004594 -0.100601 0.014533
v -0.054097 0.043137 0.022949
v 0.006747 -0.102759 0.010003
v -0.047733 0.005902 0.028870
v -0.050386 0.006907 0.026348
v -0.017943 0.043159 0.047938
v 0.008775 -0.105573 0.006556
v 0.041643 -0.057592 0.034372
v 0.045291 -0.058632 0.029450
v 0.047384 -0.048699 0.030685
v 0.051662 -0.045836 0.025713
v -0.025931 0.069293 0.039025
v -0.030821 0.115182 -0.009423
v -0.024369 0.061972 0.042205
v -0.039031 0.054735 0.035895
v 0.049760 -0.057834 0.023531
v -0.030843 0.110622 -0.000269
v 0.043372 -0.049659 0.035136
v 0.054902 -0.054115 0.016275
v 0.056016 -0.041154 0.020163
v 0.055095 -0.028993 0.025952
v 0.059137 -0.036553 0.014925
v -0.045970 0.053182 0.030041
v 0.058904 -0.048218 0.009364
v -0.055094 0.012418 0.019073
v -0.006190 0.055163 0.047888
v -0.056572 0.018154 0.016727
v 0.058551 -0.024468 0.021462
v -0.014057 0.055252 0.047232
v -0.027544 0.125049 -0.072148
v 0.061329 -0.020118 0.017087
v 0.061651 -0.030980 0.009969
v 0.061541 -0.042152 0.004236
v 0.043933 -0.070737 0.023896
v -0.012770 0.035156 0.045154
v 0.064030 -0.034990 -0.001888
v -0.037715 0.006597 0.034050
v -0.040789 0.006197 0.032715
v 0.063527 -0.015636 0.012521
v -0.031416 0.124876 -0.060829
v -0.054163 0.009928 0.021282
v -0.029211 0.087456 0.028523
v -0.008986 0.028393 0.043044
v -0.010176 0.031431 0.043536
v -0.030055 0.094136 0.021943
v 0.063629 -0.025589 0.005369
v 0.065830 -0.009686 0.006828
v 0.066284 -0.018082 -0.000975
v -0.030500 0.100212 0.014875
v 0.066478 -0.027132 -0.008604
v 0.068632 -0.025018 -0.022905
v -0.031222 0.119141 -0.020116
v -0.020941 0.009912 0.037499
v 0.062330 -0.033568 -0.050366
v 0.021828 -0.029828 0.048720
v 0.016721 -0.027801 0.051246
v -0.056408 0.036742 0.020374
v -0.057496 0.030041 0.018562
v -0.031991 0.124334 -0.046939
v -0.030411 0.007632 0.036542
v -0.057302 0.023931 0.017227
v -0.015681 0.126913 -0.080235
v 0.011817 -0.027212 0.054507
v -0.052646 0.008118 0.023783
v 0.007906 -0.027094 0.056917
v 0.003959 -0.027462 0.058136
v -0.031486 0.055146 0.040960
v -0.034233 0.006956 0.035314
v -0.008388 0.025218 0.042129
v -0.016445 0.012222 0.037935
v -0.012919 0.015438 0.038542
v -0.030699 0.105644 0.007688
v -0.010674 0.018113 0.039610
v -0.008605 0.022206 0.041250
v -0.025651 0.008426 0.037426
v -0.027738 0.078357 0.034837
v -0.031529 0.122327 -0.032834
v -0.044260 0.005997 0.030978
v -0.000095 0.128166 -0.083047
v 0.000433 0.055079 0.048130
v -0.009504 0.019867 0.040530
v -0.015296 0.038980 0.046530
v -0.022726 0.055258 0.045063
v 0.000416 -0.058902 0.055292
v -0.026794 -0.040406 0.046393
v -0.028161 -0.042480 0.044946
v -0.027592 -0.048340 0.042804
v -0.019505 -0.035551 0.051438
v -0.023948 -0.038100 0.048501
v -0.018012 -0.055899 0.049875
v -0.028626 -0.044403 0.043842
v -0.012205 -0.057591 0.052824
v -0.028591 -0.046387 0.043061
v -0.006392 -0.058929 0.054415
v 0.000242 -0.032583 0.058582
v -0.009242 -0.032320 0.056890
v -0.004474 -0.032186 0.058327
v -0.014353 -0.033441 0.054412
v -0.025662 -0.050656 0.043772
v -0.022856 -0.053239 0.046151
v 0.004681 -0.016756 0.068982
v 0.003540 -0.018139 0.066371
v 0.015213 0.020362 0.035461
v 0.008237 -0.019018 0.056368
v 0.007193 0.003493 0.062536
v 0.013655 0.020634 0.035898
v 0.010489 -0.018778 0.055070
v 0.006645 0.010391 0.057358
v 0.008062 0.019589 0.044683
v 0.006856 0.006973 0.060120
v 0.015999 -0.016005 0.055731
v 0.014141 -0.018533 0.054312
v 0.007313 -0.010452 0.071593
v 0.008179 -0.007518 0.070609
v 0.007901 -0.013614 0.069474
v 0.005300 -0.015561 0.070136
v 0.017377 0.020144 0.035824
v 0.023059 0.021778 0.031296
v 0.006544 -0.012573 0.071450
v 0.003784 -0.014899 0.072172
v 0.020641 0.020936 0.034392
v 0.016267 0.020205 0.035641
v 0.012079 -0.011781 0.064329
v 0.006990 0.018388 0.049027
v 0.014672 -0.013307 0.060004
v 0.018409 0.020304 0.035863
v 0.019453 0.020537 0.035625
v 0.007771 -0.000240 0.065392
v 0.022316 0.021328 0.033747
v 0.003051 -0.019550 0.061309
v 0.010247 -0.012472 0.066655
v 0.008951 -0.013085 0.068213
v 0.003493 -0.020108 0.059283
v 0.011615 0.020444 0.037858
v 0.006793 0.016046 0.052574
v 0.006904 0.013160 0.055077
v 0.003024 -0.018885 0.063798
v 0.008348 -0.004032 0.068465
v 0.005801 -0.019522 0.057750
v 0.005857 -0.014245 0.070883
v 0.029701 0.035492 0.041814
v 0.029600 0.032992 0.040302
v 0.022632 0.038700 0.045359
v 0.005138 0.038806 0.049422
v 0.010112 0.039020 0.048514
v 0.029615 0.027567 0.038865
v 0.030523 0.026026 0.037737
v 0.029329 0.030768 0.038769
v 0.030475 0.026106 0.038592
v 0.030003 0.026816 0.038854
v 0.029176 0.029896 0.038313
v 0.029200 0.029110 0.038297
v 0.028729 0.038492 0.043522
v 0.029267 0.028379 0.038571
v 0.030333 0.027412 0.036297
v 0.030448 0.026941 0.032418
v 0.021524 0.049457 0.048024
v 0.051346 0.049161 0.026437
v 0.054327 0.043648 0.023544
v 0.048167 0.006279 0.030176
v 0.050872 0.007267 0.027597
v 0.018764 0.043272 0.048777
v 0.026605 0.069490 0.039362
v 0.030906 0.115248 -0.009427
v 0.025064 0.062156 0.042600
v 0.039666 0.055192 0.036521
v 0.030970 0.110685 -0.000266
v 0.046548 0.053675 0.030643
v 0.055662 0.012748 0.020353
v 0.007024 0.055197 0.048174
v 0.057165 0.018480 0.017985
v 0.014902 0.055377 0.047770
v 0.027357 0.125078 -0.072158
v 0.013471 0.035264 0.045752
v 0.038072 0.007142 0.035527
v 0.041147 0.006725 0.034165
v 0.031295 0.124906 -0.060842
v 0.054676 0.010243 0.022498
v 0.029703 0.087602 0.028683
v 0.009600 0.028614 0.043494
v 0.010788 0.031636 0.043995
v 0.030408 0.094245 0.022038
v 0.030748 0.100290 0.014921
v 0.031263 0.119209 -0.020124
v 0.021005 0.010167 0.038206
v 0.056472 0.037219 0.021014
v 0.057630 0.030487 0.019434
v 0.031927 0.124370 -0.046955
v 0.030648 0.008013 0.037590
v 0.057686 0.024293 0.018261
v 0.015480 0.126926 -0.080243
v 0.053202 0.008438 0.025000
v 0.032158 0.055536 0.041584
v 0.034502 0.007478 0.036650
v 0.008757 0.025449 0.042584
v 0.016442 0.012416 0.038555
v 0.012912 0.015591 0.039120
v 0.030878 0.105711 0.007707
v 0.010678 0.018261 0.040128
v 0.008786 0.022401 0.041685
v 0.025620 0.008768 0.038179
v 0.028358 0.078541 0.035096
v 0.031520 0.122381 -0.032848
v 0.044611 0.006461 0.032346
v 0.009583 0.020043 0.041004
v 0.016067 0.039046 0.047265
v 0.023523 0.055502 0.045690
v 0.027111 -0.040408 0.047318
v 0.028467 -0.042630 0.045892
v 0.027853 -0.048834 0.043776
v 0.019844 -0.035335 0.052154
v 0.024297 -0.037968 0.049328
v 0.018152 -0.056485 0.050154
v 0.028928 -0.044679 0.044813
v 0.012693 -0.058054 0.053149
v 0.028864 -0.046767 0.044054
v 0.006973 -0.059290 0.054844
v 0.009633 -0.032099 0.057524
v 0.004925 -0.032047 0.058786
v 0.014611 -0.033190 0.055045
v 0.025873 -0.051243 0.044476
v 0.023012 -0.053900 0.046543
v 0.031509 0.022928 0.024620
v -0.031113 0.022825 0.022781
f 4 2 1
f 8 6 5
f 13 15 14
f 17 19 18
f 32 30 29
f 36 34 33
f 37 39 38
f 21 23 20
f 25 27 24
f 41 43 42
f 48 46 45
f 52 50 49
f 53 55 54
f 60 58 57
f 29 62 61
f 66 64 63
f 67 6 68
f 72 70 69
f 76 74 73
f 77 79 78
f 81 83 82
f 59 86 85
f 88 90 89
f 96 94 93
f 100 98 97
f 101 103 102
f 106 34 87
f 108 115 107
f 117 36 118
f 124 126 125
f 131 129 128
f 132 134 133
f 142 140 139
f 148 60 147
f 144 127 124
f 149 151 150
f 156 154 153
f 159 158 157
f 116 164 105
f 171 169 168
f 174 173 172
f 179 181 180
f 186 188 187
f 194 196 195
f 199 139 198
f 206 208 207
f 213 211 210
f 202 214 201
f 96 216 54
f 92 43 44
f 97 246 100
f 250 229 228
f 252 58 253
f 258 256 255
f 260 229 259
f 110 112 113
f 114 263 109
f 265 267 266
f 56 270 269
f 274 249 250
f 185 63 64
f 280 278 276
f 285 283 157
f 288 211 212
f 141 92 46
f 289 175 176
f 148 105 106
f 312 170 171
f 238 42 43
f 318 160 317
f 310 308 307
f 241 325 324
f 160 240 317
f 47 307 308
f 108 315 164
f 345 86 119
f 348 350 349
f 356 358 357
f 355 353 352
f 363 32 362
f 149 150 176
f 364 253 365
f 366 368 367
f 183 371 63
f 163 161 160
f 209 101 208
f 378 165 166
f 379 381 380
f 383 3 4
f 284 386 385
f 387 389 388
f 391 229 249
f 73 397 396
f 405 407 406
f 203 411 410
f 414 413 412
f 1 357 4
f 277 131 275
f 254 57 58
f 358 415 351
f 417 386 408
f 401 192 420
f 419 127 143
f 421 182 422
f 103 302 409
f 428 368 174
f 380 359 356
f 62 266 323
f 140 431 430
f 357 351 348
f 356 379 380
f 415 403 434
f 437 436 435
f 438 440 439
f 188 450 449
f 452 454 453
f 265 181 421
f 224 64 225
f 237 213 427
f 275 128 458
f 281 460 459
f 50 79 461
f 73 282 281
f 468 466 465
f 390 352 359
f 482 484 483
f 489 487 486
f 493 495 494
f 472 470 469
f 502 500 499
f 220 222 223
f 512 143 66
f 518 511 80
f 513 230 286
f 205 31 244
f 189 451 188
f 163 532 8
f 533 225 251
f 446 447 412
f 335 540 334
f 544 546 545
f 329 291 292
f 199 262 238
f 385 416 550
f 532 191 247
f 363 118 243
f 236 237 250
f 578 580 579
f 573 571 570
f 561 562 272
f 241 259 240
f 590 592 591
f 545 595 594
f 503 155 504
f 606 624 623
f 478 480 479
f 646 648 647
f 590 689 684
f 564 651 650
f 728 184 727
f 714 716 715
f 692 575 693
f 541 581 578
f 346 248 400
f 161 230 160
f 128 94 95
f 698 704 703
f 574 576 575
f 290 401 328
f 630 725 726
f 733 735 734
f 755 496 493
f 759 481 760
f 757 762 761
f 764 466 467
f 768 3808 3809
f 759 488 489
f 492 475 771
f 474 769 473
f 773 465 772
f 771 486 483
f 484 775 491
f 774 489 486
f 495 764 756
f 495 761 494
f 137 784 136
f 325 797 547
f 165 51 52
f 369 29 370
f 730 568 569
f 90 301 89
f 243 516 242
f 800 806 805
f 817 808 816
f 816 823 822
f 306 447 807
f 815 809 808
f 829 828 825
f 726 501 502
f 274 424 423
f 879 881 880
f 884 879 885
f 219 217 211
f 906 904 897
f 455 205 542
f 898 830 829
f 903 880 881
f 906 897 898
f 377 519 165
f 923 948 946
f 946 951 950
f 3519 739 3517
f 900 886 880
f 225 65 144
f 182 442 422
f 809 947 824
f 954 962 961
f 927 965 966
f 885 880 886
f 925 966 967
f 343 341 340
f 965 971 968
f 968 970 969
f 972 969 973
f 963 981 978
f 336 338 339
f 992 827 828
f 810 996 959
f 1007 1002 1008
f 1012 827 1009
f 1011 1007 1008
f 294 292 291
f 907 920 919
f 1017 1019 1018
f 1020 1022 1021
f 1035 1020 1044
f 1061 1047 1046
f 1063 1046 1062
f 1044 1021 1045
f 1102 1097 1109
f 1116 1118 1117
f 1016 1014 1013
f 881 904 903
f 816 1127 817
f 1094 949 1097
f 514 167 515
f 146 81 82
f 1133 1130 1129
f 1102 1126 822
f 822 1116 816
f 1145 1148 1136
f 1076 1151 1069
f 1148 1086 1087
f 1109 1114 1136
f 1154 1156 1155
f 1153 967 1156
f 3464 463 3714
f 1144 1152 1151
f 1156 1163 1162
f 1164 1169 1165
f 1145 1176 1147
f 1114 1154 1171
f 1183 1164 1177
f 1184 1177 1185
f 1069 1062 1064
f 1023 1194 1022
f 1162 1170 1169
f 1195 1185 1191
f 1183 1176 1155
f 1201 1152 1196
f 1061 1201 1202
f 3825 843 3836
f 1203 1195 1034
f 1202 1184 1195
f 1218 1203 1217
f 1060 1202 1203
f 1225 1217 1219
f 671 694 670
f 1219 1024 1035
f 1217 1034 1024
f 1226 1015 1227
f 1243 1234 1233
f 1231 1229 1228
f 847 1233 843
f 843 1244 878
f 1233 1245 1244
f 1923 233 216
f 2100 499 500
f 3914 2135 3900
f 61 323 505
f 210 217 457
f 1299 1309 1300
f 3863 1231 3862
f 1066 1321 1322
f 1322 1228 1229
f 1060 1321 1047
f 1325 1323 1310
f 1244 1332 1330
f 1290 1242 1288
f 1337 1339 1338
f 1330 1340 1339
f 1341 1245 1294
f 1342 1332 1341
f 1343 1341 1344
f 1344 1294 1293
f 3857 1345 1346
f 1347 1342 1343
f 3856 1295 1345
f 1349 1348 1347
f 3861 1347 3853
f 3853 1343 3857
f 906 829 1353
f 905 1353 1354
f 865 1355 1357
f 1355 829 825
f 1357 825 826
f 1356 1353 1355
f 3834 1338 3833
f 866 1356 865
f 1358 1354 1356
f 3828 1337 3834
f 838 1012 841
f 1363 1338 1339
f 1368 1339 1340
f 1348 1340 1342
f 1371 3824 3829
f 524 526 523
f 528 530 527
f 1372 1369 1371
f 535 537 538
f 1367 1348 1350
f 1370 1359 1369
f 1369 3833 3824
f 1373 903 904
f 555 557 558
f 1374 910 1373
f 1373 905 1375
f 1374 1375 1376
f 1375 1354 1370
f 1378 908 1377
f 376 651 1387
f 1388 973 969
f 586 588 585
f 1390 1388 1391
f 1391 969 970
f 597 599 596
f 600 602 603
f 1392 970 979
f 608 610 607
f 612 523 611
f 614 616 613
f 617 25 24
f 620 622 619
f 1397 1391 1392
f 1398 1392 1399
f 1400 920 1378
f 1402 1165 1169
f 636 638 635
f 930 1402 929
f 641 643 644
f 929 1169 1170
f 1404 1403 1402
f 1411 1365 1406
f 1412 1415 1414
f 652 654 655
f 609 657 658
f 659 661 662
f 558 586 585
f 665 667 664
f 1413 1406 1412
f 1418 3810 3813
f 1417 1371 1416
f 1416 3829 3810
f 1419 1416 1418
f 1386 1374 1420
f 677 679 676
f 1385 1420 1421
f 1420 1376 1422
f 685 687 688
f 1421 1422 1423
f 528 691 658
f 1422 1372 1417
f 1018 747 1425
f 699 701 702
f 1424 579 1017
f 3663 1767 3660
f 700 711 712
f 1093 3754 1571
f 717 530 719
f 721 723 720
f 704 3543 3554
f 19 1426 1430
f 1429 1427 1426
f 1658 3542 3544
f 1439 1434 1438
f 1437 1435 1434
f 1426 1433 1432
f 1442 1432 1440
f 742 744 745
f 1432 1441 1440
f 751 753 750
f 1438 1403 1405
f 1446 1444 1443
f 1447 1446 1443
f 3860 1443 3848
f 1415 1445 1446
f 1414 1446 1448
f 2173 469 470
f 777 779 686
f 780 782 783
f 1676 1806 1675
f 3859 1349 3861
f 789 791 788
f 745 793 742
f 652 795 653
f 1455 1457 1456
f 1454 1350 1452
f 610 802 801
f 3831 698 703
f 1352 1045 1351
f 1015 1459 1460
f 811 813 814
f 2118 3817 2117
f 819 821 818
f 1466 1194 1190
f 1467 1465 1466
f 1182 1468 1467
f 832 833 831
f 835 837 834
f 1467 1190 1182
f 1469 1444 1445
f 840 712 690
f 1453 1469 1454
f 599 845 846
f 1226 3849 3855
f 851 853 850
f 855 856 854
f 858 860 857
f 861 863 864
f 1014 3855 3858
f 867 868 869
f 870 872 873
f 874 876 877
f 1310 1471 1309
f 1476 1427 1475
f 1461 1475 1460
f 887 889 890
f 788 892 891
f 894 896 893
f 1460 1227 1015
f 901 524 612
f 1465 1477 1464
f 1865 3500 1864
f 911 913 914
f 916 918 915
f 1850 3507 1851
f 921 895 894
f 1479 1436 1478
f 926 667 601
f 1481 563 1480
f 269 84 1482
f 931 933 916
f 934 614 869
f 936 688 937
f 938 662 939
f 1484 122 123
f 941 835 834
f 320 509 510
f 1849 3505 1850
f 84 1484 83
f 1487 1488 539
f 1757 3502 3509
f 365 1491 364
f 461 80 511
f 117 362 1496
f 1494 541 1495
f 926 957 958
f 1477 1433 1476
f 1709 1585 1700
f 119 1496 345
f 271 504 156
f 511 189 186
f 345 1492 365
f 255 344 254
f 57 299 132
f 1501 268 1500
f 267 1499 145
f 974 976 977
f 1678 1693 1676
f 3846 1807 3840
f 557 663 558
f 983 984 985
f 1443 3849 3848
f 421 268 265
f 989 991 988
f 1490 418 1504
f 279 309 310
f 997 676 679
f 998 999 875
f 1504 38 1505
f 1506 1507 1486
f 360 1508 1506
f 1506 207 360
f 939 1006 938
f 270 1483 269
f 66 546 512
f 1010 793 935
f 367 437 1509
f 244 363 243
f 1670 3534 1669
f 209 1510 226
f 235 1512 1511
f 1511 234 235
f 388 426 425
f 427 250 237
f 161 521 231
f 100 45 44
f 1025 608 1027
f 1029 1031 1028
f 939 1033 1032
f 41 594 99
f 1036 783 1037
f 702 1038 1039
f 1040 1042 1043
f 362 369 1493
f 187 477 186
f 70 539 198
f 1511 1521 234
f 1049 603 1048
f 613 869 614
f 860 1051 857
f 1005 1053 1006
f 753 1056 1054
f 1057 1059 1055
f 293 1522 292
f 288 1521 1522
f 292 1523 329
f 331 1508 1524
f 306 453 305
f 100 41 99
f 462 78 79
f 330 1524 462
f 635 1068 636
f 1485 1526 1528
f 206 1528 1510
f 1070 1072 831
f 942 1073 1074
f 916 1075 917
f 440 1530 439
f 157 1514 285
f 1529 5 1530
f 371 546 63
f 790 663 791
f 1077 857 1078
f 1403 1435 1165
f 1080 1082 1079
f 531 1529 440
f 21 1084 1085
f 272 1531 561
f 137 396 397
f 690 802 691
f 335 3567 581
f 1090 1029 1091
f 1092 794 1042
f 1533 137 138
f 661 1095 1096
f 69 445 72
f 1099 1101 1098
f 38 1536 1505
f 1104 1106 1103
f 852 1108 853
f 1377 909 1386
f 291 411 294
f 316 516 33
f 539 1533 534
f 1505 316 313
f 1110 1112 1113
f 1539 460 264
f 522 1537 1539
f 834 1120 1119
f 1122 1124 1121
f 612 1041 901
f 935 615 614
f 276 130 131
f 1686 3522 1685
f 193 1541 273
f 231 1540 287
f 556 982 557
f 365 85 345
f 190 318 1541
f 1810 3574 3528
f 3924 3512 3791
f 1132 985 1131
f 208 102 132
f 1134 662 661
f 1491 80 77
f 429 1542 147
f 1137 915 918
f 172 428 174
f 1139 1141 1142
f 549 54 55
f 1517 1518 296
f 976 1146 938
f 834 984 941
f 1543 286 115
f 1544 239 513
f 133 1544 1542
f 506 257 258
f 420 328 401
f 1158 1160 1157
f 587 1103 588
f 1513 1514 151
f 607 1027 608
f 304 1545 303
f 364 77 506
f 69 198 139
f 1006 976 938
f 700 1112 701
f 3877 3525 3787
f 1166 657 656
f 1167 858 1077
f 1300 3524 1299
f 1172 1174 1175
f 218 200 217
f 1179 1181 1178
f 372 97 98
f 89 227 88
f 1186 1188 1189
f 172 1517 1549
f 1482 81 1498
f 1090 1193 1030
f 394 353 1551
f 526 1198 1197
f 811 858 812
f 1199 1026 1025
f 606 697 696
f 1204 1206 743
f 1207 523 526
f 1209 867 613
f 914 685 936
f 1478 1441 1477
f 1029 1161 1091
f 1211 1213 1214
f 3858 1451 3859
f 844 1216 845
f 423 273 274
f 1220 1222 1083
f 22 1224 23
f 882 897 881
f 1519 173 387
f 1189 1232 1178
f 349 550 416
f 1071 1236 1072
f 1237 1239 745
f 1221 1189 1240
f 1510 1512 333
f 939 1241 1005
f 1556 5 67
f 1553 394 1551
f 404 67 347
f 1247 1249 1246
f 142 238 92
f 1251 635 1250
f 850 1253 851
f 1254 1077 1255
f 57 133 429
f 443 552 551
f 1187 1175 1188
f 1256 831 833
f 432 382 383
f 741 747 746
f 434 351 415
f 349 383 348
f 251 1481 1480
f 395 352 353
f 1518 1550 1551
f 1558 378 340
f 109 314 315
f 285 1513 407
f 395 393 392
f 202 410 1558
f 417 405 432
f 1246 1258 1247
f 3 297 2
f 1259 1261 1262
f 403 347 284
f 955 953 952
f 462 51 330
f 1096 687 1263
f 429 60 57
f 896 1265 932
f 1267 1268 1266
f 423 327 420
f 37 180 40
f 20 1187 1186
f 1256 1071 1070
f 155 156 504
f 1188 1269 1232
f 1236 1271 1262
f 1272 535 621
f 565 463 464
f 1273 745 1239
f 876 1255 1274
f 316 164 315
f 437 503 1509
f 194 1495 197
f 1275 864 863
f 624 631 630
f 1277 1137 1278
f 569 567 566
f 1481 125 366
f 324 547 326
f 1279 1107 1280
f 1525 329 1523
f 1281 1137 918
f 171 1553 1552
f 1488 396 1533
f 1557 1562 1559
f 1282 1206 1205
f 1053 1278 1281
f 778 607 1283
f 713 3566 3569
f 251 144 124
f 4 348 383
f 709 707 706
f 728 45 246
f 261 1563 544
f 789 1287 790
f 74 263 282
f 403 385 434
f 1178 1240 1189
f 1223 1289 1224
f 158 150 151
f 1220 1186 1221
f 296 354 433
f 784 1538 1566
f 1181 1291 1222
f 1269 1257 1246
f 1566 438 399
f 136 1566 1564
f 1563 169 1565
f 107 109 108
f 1297 1298 1296
f 1464 1476 1461
f 1520 507 508
f 1301 1303 1304
f 1306 1308 1305
f 175 1532 272
f 1532 200 201
f 1311 1312 1313
f 872 1315 1316
f 1317 1318 1319
f 3836 878 3828
f 1305 864 1276
f 1040 863 1320
f 1564 399 169
f 592 1575 591
f 591 1088 689
f 1581 1583 1582
f 1196 1147 1176
f 710 583 713
f 285 408 386
f 953 961 963
f 1594 1589 1593
f 1585 1587 1586
f 1592 1590 1589
f 3885 944 3899
f 1600 1598 1597
f 1604 1602 1601
f 1399 979 980
f 1589 1596 1595
f 1610 1608 1607
f 298 361 360
f 551 276 277
f 1627 3814 3819
f 859 818 860
f 1078 1328 1329
f 1555 1530 1556
f 572 680 681
f 772 776 774
f 977 918 917
f 404 392 393
f 1054 750 753
f 1644 1643 1642
f 932 1082 933
f 1067 1334 1068
f 1540 264 114
f 597 643 1336
f 471 762 470
f 1642 3831 3842
f 1644 3842 3843
f 923 950 927
f 96 548 95
f 520 522 521
f 445 443 442
f 849 848 842
f 480 755 493
f 1646 481 1639
f 311 1567 170
f 464 3497 3495
f 3497 1361 3495
f 234 236 235
f 190 192 191
f 153 152 149
f 231 286 230
f 1552 1551 1550
f 760 1648 488
f 3832 1649 3830
f 828 826 825
f 52 166 165
f 1663 1661 1660
f 287 115 286
f 668 670 669
f 634 640 639
f 553 559 554
f 118 33 516
f 492 491 490
f 3552 1651 3553
f 582 584 583
f 384 392 415
f 1381 1383 1380
f 1562 435 436
f 952 951 947
f 3529 583 584
f 1660 1667 1666
f 1394 1396 1393
f 1660 1664 1663
f 1671 1669 1668
f 1624 1673 1672
f 1407 1409 1410
f 1677 1675 1674
f 1613 1677 1625
f 1679 1676 1677
f 1626 3811 3814
f 534 198 539
f 176 150 159
f 803 734 800
f 400 191 192
f 65 143 144
f 3526 1656 3540
f 402 157 283
f 629 627 626
f 461 49 50
f 758 495 756
f 796 786 785
f 406 1513 1560
f 342 166 167
f 1694 1658 1695
f 1692 1694 1696
f 3557 1652 3552
f 3921 1703 3923
f 326 302 90
f 3916 1702 1706
f 3919 1698 1701
f 1699 3927 3918
f 1557 1560 1561
f 1127 1117 1128
f 400 289 346
f 1706 1707 1708
f 1707 1599 1600
f 1709 1708 1588
f 1714 1711 1713
f 3919 1709 1700
f 1704 1577 1703
f 1716 1713 1715
f 1559 1549 297
f 1722 1720 1719
f 1335 596 1489
f 410 377 378
f 973 1163 972
f 168 399 398
f 1571 1089 1093
f 1572 682 1571
f 749 647 754
f 1730 1723 1729
f 1594 1729 1592
f 1729 1591 1592
f 1731 1730 1583
f 1384 1377 1379
f 1732 1712 1714
f 1724 1731 1732
f 1712 1731 1580
f 1722 1732 1733
f 1721 1733 1734
f 1734 1716 1717
f 1735 1736 1697
f 1733 1714 1716
f 1663 1741 1668
f 1742 1740 1743
f 1738 1737 1735
f 1665 1666 1740
f 1665 1744 1664
f 1725 1746 1745
f 1591 1745 1590
f 1590 1747 1596
f 1745 1748 1747
f 1659 3538 3542
f 3287 3545 3282
f 1185 1182 1190
f 1664 1749 1741
f 1741 1739 1738
f 1746 1743 1748
f 1726 1742 1746
f 1153 924 925
f 1115 1153 1154
f 1654 3575 1655
f 1896 3549 1686
f 1720 1744 1726
f 1721 1749 1720
f 1750 1701 1698
f 1697 1750 1696
f 1151 1063 1062
f 1751 1670 1671
f 1695 1752 1751
f 961 986 981
f 1770 1768 1767
f 1766 1593 1765
f 1731 1579 1580
f 1579 1774 1578
f 3928 1771 3929
f 1764 3928 3917
f 1777 1775 1774
f 3762 1699 1700
f 1004 1128 1003
f 1774 1771 1772
f 987 1399 980
f 1578 1772 1764
f 1783 1781 1778
f 1597 1770 1767
f 639 3895 3884
f 3928 1769 1770
f 1793 1789 1788
f 3929 1798 1769
f 3508 3773 1806
f 1802 3924 3922
f 1788 1794 1793
f 1793 1795 1776
f 3773 1675 1806
f 1584 1783 1789
f 1771 3920 3929
f 1801 1798 1800
f 1768 1798 1799
f 1775 1797 1771
f 508 515 1520
f 1796 1802 1797
f 1800 3920 3922
f 1794 1804 1795
f 3532 1752 3547
f 485 1807 775
f 3809 1640 768
f 3837 1810 1653
f 485 1640 1808
f 1690 3770 3772
f 487 1648 1811
f 3839 1816 3822
f 3838 1648 3830
f 3839 1811 3838
f 1812 487 1811
f 1641 767 768
f 465 755 776
f 767 3823 3808
f 3822 3826 3847
f 1809 1815 767
f 3837 1651 3840
f 675 3541 3496
f 1814 1822 1821
f 1821 3821 3820
f 1824 1649 1825
f 1827 1850 1805
f 1668 1662 1663
f 1779 1848 1828
f 1790 1805 1794
f 1833 1853 1852
f 3521 693 575
f 1614 1616 1617
f 1852 3498 3501
f 1620 1622 1623
f 1855 1574 1861
f 1847 3501 3513
f 1766 1855 1782
f 1629 1631 1628
f 1633 1634 1632
f 1635 1637 1638
f 1848 1852 1847
f 1855 1863 1862
f 1803 1867 1802
f 1862 1831 1832
f 1782 1862 1781
f 3922 1865 1800
f 1873 1870 1869
f 1874 799 804
f 2045 3897 2044
f 1219 1295 1225
f 1615 1396 1395
f 3884 1877 1876
f 645 3786 3559
f 1345 1035 1346
f 634 3884 3880
f 15 1327 14
f 3910 1878 1893
f 1894 605 1893
f 3506 627 693
f 3560 645 3559
f 340 454 1558
f 1897 195 1898
f 1889 1877 1890
f 1901 129 1900
f 196 754 232
f 1705 3921 3916
f 340 166 343
f 1570 563 561
f 1904 194 1897
f 1781 1832 1780
f 1905 55 1906
f 1000 995 996
f 986 920 987
f 1191 1190 1194
f 2094 2075 2093
f 1920 1919 1915
f 453 1912 1911
f 1915 1918 1916
f 3882 2106 3901
f 1655 3531 1868
f 1916 1926 1925
f 704 3561 703
f 278 1925 1900
f 3565 1818 1820
f 1097 1115 1114
f 1927 727 1923
f 3578 3654 3758
f 1920 307 1929
f 1929 48 728
f 503 1497 1509
f 1902 787 796
f 1816 3820 3826
f 1925 1923 1924
f 1535 1568 1534
f 254 258 255
f 1509 366 367
f 119 35 36
f 219 293 294
f 141 47 431
f 542 244 245
f 1940 430 431
f 1779 1827 1790
f 1701 3915 3919
f 1661 3515 1667
f 270 754 647
f 197 749 196
f 1727 1212 1211
f 53 232 754
f 1465 1479 1478
f 1284 3854 1293
f 1951 412 413
f 168 1554 1553
f 1486 206 207
f 506 78 361
f 994 1007 993
f 951 963 964
f 1013 3861 1351
f 3826 1820 1818
f 1498 1954 1482
f 299 543 132
f 1754 1756 1753
f 1681 1683 1682
f 1696 1695 1697
f 13 738 737
f 473 475 474
f 482 768 1640
f 204 30 205
f 1761 820 819
f 611 1125 612
f 1501 1908 1909
f 1074 711 699
f 1960 82 83
f 120 1960 123
f 35 87 34
f 1773 1025 1031
f 1965 1569 1535
f 494 471 479
f 1966 1969 1968
f 446 1971 1967
f 174 125 126
f 1580 1578 1577
f 1785 1787 1784
f 1972 304 305
f 1254 875 999
f 1973 342 514
f 321 1973 509
f 1910 275 1907
f 509 514 508
f 1486 1527 1485
f 1974 804 1975
f 1977 1974 1978
f 1980 1966 1981
f 379 2 295
f 1718 1710 1701
f 884 992 883
f 1680 1678 1679
f 902 525 524
f 344 256 299
f 135 137 136
f 236 228 333
f 448 1967 1966
f 589 604 584
f 910 908 907
f 1981 1968 1987
f 1982 1987 1979
f 1988 1987 1989
f 1990 1989 1991
f 1991 1993 1992
f 322 320 319
f 992 830 883
f 1144 1086 1143
f 1995 1978 1994
f 1133 1118 1126
f 1997 1994 1996
f 870 1335 1489
f 805 1982 1998
f 727 2000 1999
f 1996 1988 1990
f 1994 1979 1988
f 1829 792 1273
f 1830 941 983
f 798 800 799
f 729 731 730
f 2011 2023 2022
f 1834 846 1159
f 402 284 347
f 2022 2024 2025
f 1838 989 988
f 810 952 809
f 1823 1840 644
f 1430 1432 1431
f 1215 1841 1079
f 149 176 177
f 1316 873 872
f 2112 1384 2106
f 1842 1844 1845
f 1159 845 1160
f 837 1846 1120
f 1971 2030 2027
f 517 370 189
f 858 833 812
f 1471 2027 1888
f 3551 626 627
f 2174 770 490
f 935 1854 1010
f 1613 1611 1618
f 1231 1225 1295
f 1856 891 892
f 1300 748 741
f 1150 1858 1859
f 1643 696 1642
f 1215 1264 1216
f 1320 902 901
f 1956 1944 1960
f 2031 669 1474
f 2034 1310 1299
f 1879 1656 1657
f 40 242 39
f 1992 2039 1456
f 888 957 889
f 1882 1996 1990
f 1078 1255 1077
f 1871 1192 1090
f 294 218 219
f 1323 2026 1471
f 123 83 1484
f 1324 2041 1323
f 384 359 352
f 1324 2038 2036
f 1883 1885 1829
f 287 114 107
f 1096 1134 661
f 915 931 916
f 806 1981 1982
f 3533 584 604
f 1425 2042 1018
f 1018 1948 1017
f 3562 740 3519
f 1948 649 646
f 1881 1990 1991
f 1900 130 278
f 992 994 993
f 923 925 924
f 3878 2047 3876
f 1643 625 606
f 2050 2051 2049
f 2045 1404 2047
f 3876 945 3885
f 1139 1079 1841
f 1037 892 982
f 2055 2057 2056
f 1198 718 717
f 1619 1612 1611
f 2058 1606 2059
f 2059 1607 2058
f 2058 1624 1605
f 71 179 37
f 405 1557 382
f 976 1006 977
f 322 1972 1911
f 2061 2063 2062
f 2066 2067 1825
f 2052 2064 2051
f 1609 2066 1647
f 1515 152 1516
f 1009 993 1007
f 1644 3815 2118
f 279 1916 278
f 1285 3862 1284
f 1647 1825 1649
f 2056 2067 2065
f 319 1953 1952
f 667 1913 1914
f 2070 625 2048
f 2052 2055 2063
f 2038 1655 1458
f 1606 2073 2072
f 1235 1270 1236
f 2072 2075 2074
f 2059 2072 2062
f 2074 2077 2076
f 1601 2078 2073
f 2049 1643 1645
f 1000 1001 994
f 1089 684 689
f 1931 1306 1930
f 1462 1021 1022
f 1932 1934 1935
f 875 1846 998
f 1936 1937 1938
f 44 46 92
f 1534 1956 120
f 1541 317 391
f 2081 2084 2083
f 146 1959 300
f 1360 1942 1361
f 985 1032 1033
f 1995 1892 2043
f 2079 2082 2081
f 2095 2076 2077
f 2081 2078 2079
f 2055 2054 2053
f 501 2095 500
f 2097 2099 2098
f 2098 2094 2083
f 2140 3893 3866
f 2141 3894 3893
f 2051 2048 2049
f 592 2101 1576
f 2071 2076 2096
f 2102 2098 2101
f 593 2102 592
f 1019 746 747
f 1950 12 1327
f 725 2096 501
f 1385 2104 1379
f 1379 2106 1384
f 2107 2100 2097
f 3908 502 3896
f 3896 499 3901
f 940 2109 944
f 928 1170 973
f 3868 684 3899
f 1962 1964 1961
f 3878 573 3897
f 2039 1968 1969
f 1389 2110 2109
f 1398 2113 1397
f 3757 3753 3743
f 3911 2107 2103
f 949 924 1115
f 260 324 326
f 1390 2113 2110
f 2070 2064 2071
f 3867 2103 593
f 2105 1421 2114
f 2114 1423 2115
f 3892 2115 3903
f 3908 2114 3892
f 554 1902 553
f 972 967 966
f 1765 1573 1574
f 1984 1986 1983
f 2053 2069 2057
f 3573 724 714
f 1625 1674 1673
f 3881 2119 2122
f 3903 2123 3904
f 56 1906 55
f 626 3879 629
f 2001 2003 2004
f 3912 2127 3907
f 2006 2008 2009
f 2127 1412 2128
f 2014 2016 2017
f 2018 2020 2021
f 1495 1947 197
f 1379 1386 1385
f 3814 1680 1618
f 2029 1884 2028
f 3902 2120 3887
f 629 3914 3872
f 682 943 1089
f 724 2121 716
f 1757 3821 3845
f 765 3844 3809
f 3851 715 3852
f 706 3870 3872
f 981 987 980
f 1457 1656 1880
f 2017 2032 2033
f 1458 1868 1457
f 1776 1792 1793
f 1959 1946 1958
f 3663 3725 3661
f 3913 2122 3850
f 1093 689 1088
f 966 968 972
f 3852 3881 3913
f 2172 2170 2171
f 670 2137 669
f 3761 1903 233
f 1429 28 1449
f 964 978 971
f 3841 1413 2127
f 1473 669 2137
f 3834 1359 1358
f 2138 1870 2137
f 1872 2137 1870
f 715 3888 3881
f 1881 1992 1880
f 3843 739 740
f 1837 3513 3514
f 253 59 85
f 1808 3840 1807
f 1647 3818 1609
f 3865 671 668
f 2112 3883 2111
f 1405 2044 1438
f 3829 1364 1366
f 273 391 249
f 576 3520 3555
f 3875 668 2031
f 1430 2140 2139
f 2136 3860 28
f 1430 18 19
f 3893 570 695
f 1442 2046 2141
f 1431 2141 2140
f 3869 3850 2136
f 3808 1817 766
f 3866 695 671
f 2142 798 2138
f 571 2142 694
f 3819 1618 1611
f 2143 2025 2142
f 694 2138 670
f 681 2144 572
f 2144 2022 2143
f 328 457 290
f 1572 2011 2144
f 630 3903 624
f 2085 2087 2088
f 2090 2092 2089
f 572 2143 571
f 1875 2153 2149
f 1873 2149 2154
f 2103 2097 2102
f 2157 2155 2156
f 2128 1414 2120
f 3874 589 582
f 3872 628 629
f 2149 2158 2159
f 2159 3905 3890
f 698 3902 705
f 3823 3827 1817
f 2158 3874 3905
f 1438 2046 1439
f 2035 2160 2161
f 2161 3889 3886
f 3871 605 589
f 3873 18 3875
f 370 61 451
f 649 413 648
f 2153 2156 2158
f 1428 1449 1450
f 1490 73 1488
f 3890 710 633
f 2155 3891 3871
f 1456 1880 1992
f 2125 2087 2124
f 2160 3890 3889
f 300 505 323
f 1064 1046 1065
f 2043 1891 2155
f 2129 2004 2003
f 2131 2133 2134
f 3848 1450 1449
f 1998 804 805
f 3879 3864 3914
f 474 490 770
f 1164 1182 1177
f 707 3909 3870
f 708 2162 707
f 2162 3886 3909
f 548 1905 458
f 1145 1114 1171
f 705 1650 704
f 2043 1977 1995
f 737 554 559
f 1034 1191 1023
f 458 1907 275
f 195 232 233
f 2040 1969 1970
f 2145 2147 2148
f 2054 2049 1645
f 3832 1639 3818
f 9 11 10
f 252 506 258
f 472 479 471
f 1865 3791 3503
f 900 910 907
f 1941 2151 1942
f 1921 1927 1919
f 2163 1898 2116
f 271 153 178
f 1904 12 9
f 282 264 460
f 1872 2154 2035
f 1326 1897 2163
f 628 693 627
f 1724 1719 1723
f 1549 436 172
f 1582 1730 1729
f 1921 1929 1928
f 3563 10 11
f 2152 1950 1949
f 475 774 771
f 769 2171 473
f 2171 476 473
f 476 772 475
f 1791 464 1760
f 2166 2168 2169
f 595 372 98
f 483 1641 482
f 762 2173 470
f 771 484 492
f 486 1809 483
f 297 1517 296
f 763 2174 762
f 776 759 489
f 184 2176 2000
f 412 303 414
f 2005 185 224
f 3811 1682 3846
f 2164 756 764
f 1472 2161 2162
f 950 964 965
f 2177 2179 2180
f 227 1510 333
f 764 467 2164
f 2182 2184 2181
f 2186 2018 2185
f 1985 2181 1986
f 214 729 1531
f 1545 1546 1569
f 865 842 866
f 849 1357 1362
f 452 1558 454
f 559 3188 737
f 16 737 3188
f 560 498 374
f 3193 3195 3194
f 3200 3198 3199
f 3211 3213 3212
f 3215 3217 3216
f 2187 2002 2001
f 2169 2189 2190
f 2192 2085 2191
f 2193 2195 2196
f 2198 2200 2197
f 1998 1979 1975
f 3664 3668 3671
f 2116 1903 1902
f 1859 2009 1150
f 3904 2126 3906
f 1135 1087 1130
f 2201 2015 2014
f 1149 110 1858
f 3221 3218 3215
f 2203 2205 2206
f 579 1895 1019
f 1755 2208 1756
f 3891 1893 605
f 1211 2150 1727
f 868 2210 2209
f 944 930 940
f 2130 2202 2201
f 233 1898 195
f 665 750 666
f 1167 999 618
f 2211 2213 2214
f 2215 2217 2218
f 3867 590 3868
f 2220 220 2219
f 823 948 1094
f 3225 3227 3226
f 266 455 265
f 3882 2107 3883
f 2221 3519 3517
f 2223 2225 2226
f 2207 2124 2208
f 673 3869 3864
f 817 996 815
f 2227 2146 2145
f 1947 646 749
f 3900 17 3873
f 2229 1638 1381
f 1679 1618 1680
f 1637 2232 2230
f 2233 1617 1616
f 2231 2236 2237
f 1381 2238 1382
f 3586 2242 3587
f 1630 2233 1631
f 1681 472 469
f 1408 2243 2244
f 3236 3238 3237
f 3232 3240 3235
f 1637 2238 1638
f 3237 3233 3234
f 1409 1634 2245
f 1380 2247 2246
f 1628 2245 1621
f 2249 1622 1633
f 1632 1408 2244
f 2248 1631 2250
f 2235 1637 1636
f 3245 3199 3198
f 631 2071 725
f 515 52 49
f 782 2251 1251
f 2253 2255 2252
f 397 459 784
f 1456 2040 1455
f 2040 2036 1455
f 1401 2111 1398
f 2041 1970 2026
f 1535 414 1965
f 1586 2080 2079
f 2256 1132 1886
f 1700 3918 3919
f 3815 1686 3817
f 1263 1886 1096
f 598 844 599
f 2257 2259 2260
f 2258 2262 2259
f 2259 2263 2216
f 2260 2216 2215
f 1967 1970 1969
f 2212 1963 2213
f 922 2218 2217
f 1312 1101 2264
f 1307 1286 789
f 1548 1546 1972
f 2266 2268 2265
f 2265 2270 2269
f 2272 2269 2271
f 2273 2265 2272
f 2275 2277 2274
f 2278 2277 2279
f 2284 3617 3639
f 2287 2286 2281
f 2288 2283 2287
f 2290 3639 3620
f 2291 2293 2294
f 2295 2294 2279
f 2296 2291 2295
f 2297 2292 2291
f 2294 2299 2300
f 2279 2300 2278
f 2298 2302 2292
f 2292 2303 2293
f 2293 2304 2299
f 2304 2306 2299
f 2306 2300 2299
f 2308 2310 2307
f 2302 2310 2303
f 2301 2307 2302
f 2312 2307 2311
f 2313 2315 2316
f 2318 2320 2317
f 3748 2322 2323
f 2324 2273 2326
f 2313 2326 2327
f 2328 2313 2316
f 2329 2324 2328
f 2331 2333 2330
f 2330 2267 2266
f 2325 2266 2273
f 2329 2330 2325
f 2333 2335 2267
f 2336 2333 2332
f 2338 2332 2337
f 2331 2337 2332
f 2329 2339 2331
f 2328 2340 2329
f 2316 2341 2328
f 2342 2315 2343
f 2344 2346 2347
f 2341 2347 2340
f 2342 2344 2341
f 2348 2345 2344
f 2350 2352 2353
f 2339 2353 2337
f 2340 2350 2339
f 2347 2351 2350
f 2337 2354 2338
f 2353 2355 2354
f 2356 2276 2357
f 2356 2358 2359
f 2356 2296 2295
f 2279 2356 2295
f 2360 2270 2268
f 2267 2360 2268
f 2362 2364 2365
f 2362 2361 2358
f 2366 2358 2357
f 2366 2363 2362
f 2357 2368 2366
f 2366 2369 2367
f 2276 2370 2368
f 2368 2282 2369
f 2372 2374 2371
f 2375 2377 2007
f 2378 2380 2381
f 2382 2381 2383
f 2384 2378 2382
f 2385 2379 2378
f 2388 2390 2387
f 2387 2392 2391
f 2393 2387 2391
f 2394 2388 2387
f 2186 2402 2400
f 2403 2327 2326
f 2272 2326 2273
f 2271 2403 2272
f 2405 2404 2403
f 2404 2408 2327
f 2409 2411 2412
f 2409 2271 2269
f 2413 2269 2270
f 2413 2410 2409
f 2417 2416 2418
f 2417 2406 2405
f 2412 2405 2271
f 2411 2417 2412
f 2406 2407 2404
f 3569 632 713
f 2420 2397 2421
f 2420 2423 2422
f 2424 2422 2419
f 2424 2398 2420
f 2425 2392 2426
f 2421 2426 2423
f 2397 2425 2421
f 2396 2391 2425
f 2427 2315 2314
f 2427 2408 2428
f 2430 2428 2429
f 2343 2427 2430
f 2432 2430 2431
f 2431 2429 2433
f 2435 2433 2434
f 2436 2431 2435
f 2428 2407 2437
f 2422 2407 2419
f 2438 2422 2423
f 2429 2437 2438
f 2440 2433 2439
f 2441 2433 2429
f 2442 2439 2441
f 2443 2440 2439
f 2445 2444 2443
f 2447 2443 2442
f 2383 2445 2447
f 2381 2446 2445
f 2448 2423 2426
f 2449 2426 2392
f 2441 2449 2442
f 2441 2438 2448
f 2449 2390 2450
f 2450 2389 2451
f 2447 2451 2383
f 2442 2450 2447
f 2451 2453 2452
f 2452 2455 2454
f 2382 2454 2384
f 2383 2452 2382
f 2456 2373 2372
f 2459 2461 2458
f 2463 2465 2462
f 2462 2285 2284
f 2466 2284 2290
f 2467 2462 2466
f 2461 3703 3701
f 2468 2470 2471
f 2472 2471 2473
f 2474 3701 3688
f 2475 2477 2478
f 2458 2453 2479
f 2479 2389 2388
f 2395 2479 2388
f 2480 2458 2479
f 2481 2483 2478
f 2484 2485 221
f 2471 2464 2463
f 2473 2463 2467
f 2487 2466 2486
f 2486 2290 2488
f 2490 2488 2489
f 2491 2486 2490
f 2492 2467 2487
f 2493 2487 2491
f 2494 2492 2493
f 2495 2473 2492
f 3690 2474 3688
f 3691 2496 3690
f 2498 2493 2499
f 2500 2499 2501
f 3700 2498 2500
f 3687 2494 2498
f 2306 2278 2300
f 2305 2504 2306
f 2504 2507 2506
f 2506 2288 2508
f 2274 2508 2275
f 2278 2506 2274
f 3633 2489 2488
f 3620 2488 2290
f 2507 2289 2288
f 2505 2509 2507
f 2508 2287 2511
f 2511 2281 2280
f 2370 2280 2282
f 2275 2511 2370
f 2512 2489 2513
f 2514 2513 2515
f 2517 2514 2516
f 2517 2490 2512
f 2499 2491 2517
f 2499 2516 2501
f 2510 2519 2518
f 2518 2521 2520
f 3616 2520 3621
f 3632 2518 3616
f 2522 2303 2310
f 2523 2310 2309
f 2305 2522 2524
f 2524 2523 2525
f 2519 2525 2521
f 2505 2524 2519
f 2308 2527 2526
f 2526 2529 2528
f 2531 2528 2530
f 2309 2526 2531
f 1214 2151 1211
f 2419 2418 2424
f 2533 2349 2317
f 2534 2317 2320
f 2535 2533 2534
f 2536 2345 2533
f 2537 2346 2536
f 2538 2536 2535
f 2539 2537 2538
f 2540 2351 2537
f 2312 2541 2527
f 2527 2542 2529
f 2543 2434 2544
f 2545 2544 2546
f 2319 2543 2545
f 2318 2435 2543
f 2514 2548 2547
f 2547 2550 2549
f 2552 2549 2551
f 2552 2514 2547
f 2520 2554 2553
f 2553 2556 2555
f 3590 2555 3593
f 3621 2553 3590
f 2523 2531 2557
f 2557 2530 2558
f 2525 2557 2559
f 2559 2558 2560
f 2554 2560 2556
f 2521 2559 2554
f 2561 2007 2006
f 2376 2225 2377
f 2564 2566 2563
f 2563 338 2567
f 2569 2567 2568
f 2570 2563 2569
f 2572 2574 2571
f 2571 2576 2575
f 2544 2575 2546
f 2544 2572 2571
f 2578 2569 2577
f 2579 2569 2568
f 2574 2579 2576
f 2573 2577 2574
f 2581 2583 2580
f 2584 2583 2585
f 3697 2580 2584
f 3676 2580 3675
f 2582 2552 2583
f 2583 2551 2585
f 2500 2589 2588
f 2590 2589 2591
f 3693 2588 2590
f 3695 2500 2588
f 2501 2591 2589
f 2592 2594 2595
f 2386 2503 2502
f 2596 2386 2374
f 2596 2373 2597
f 2599 2597 2598
f 2599 2379 2596
f 2600 2380 2599
f 2600 2598 2601
f 2603 2601 2602
f 2603 2446 2600
f 2604 2602 2605
f 2440 2605 2434
f 2444 2604 2440
f 2606 2581 2607
f 2606 2590 2591
f 2591 2582 2606
f 3676 2456 3689
f 3689 2372 3693
f 2478 2608 2481
f 2609 2611 2199
f 2564 2613 2612
f 2612 2598 2597
f 2457 2597 2373
f 2565 2612 2457
f 2614 2570 2578
f 2615 2578 2573
f 2602 2614 2615
f 2601 2613 2614
f 2572 2605 2616
f 2616 2602 2615
f 2573 2616 2615
f 1459 1045 1021
f 1265 1079 1082
f 1612 1609 1611
f 2067 2069 2068
f 1135 1136 1148
f 1938 2618 2617
f 95 458 128
f 2058 1608 1612
f 1454 1445 1367
f 655 1048 2619
f 722 2621 723
f 1131 1033 1134
f 562 366 1497
f 1723 1725 1591
f 1786 1122 1787
f 267 323 266
f 1325 1654 2038
f 1468 1435 1479
f 658 529 528
f 8 247 7
f 382 1559 3
f 788 1307 789
f 940 929 928
f 911 2623 912
f 2621 655 654
f 2624 2625 2626
f 998 27 26
f 635 2626 2625
f 2627 644 1840
f 2628 1840 2629
f 1200 2627 2628
f 1199 641 2627
f 1520 49 477
f 1452 1349 1451
f 2630 1859 1858
f 644 1335 1823
f 1197 717 2632
f 2632 719 1166
f 2628 1166 1200
f 2629 2632 2628
f 1762 1050 821
f 1823 873 1839
f 2634 794 652
f 1028 1027 1161
f 1042 2635 1043
f 93 1901 1924
f 2036 1458 1455
f 1527 1525 1526
f 877 1274 1277
f 134 797 1544
f 1328 931 1329
f 607 1091 1161
f 1043 2637 2636
f 2636 2639 2638
f 1275 2638 1276
f 1275 1043 2636
f 1272 2626 2640
f 2640 638 637
f 1110 2640 637
f 536 2640 2641
f 1472 1474 1473
f 2042 1951 649
f 1058 1105 1059
f 2642 2643 2644
f 1192 2644 1193
f 912 2642 1192
f 3898 3526 3786
f 1049 2620 2621
f 616 1885 613
f 1331 666 750
f 990 1198 525
f 1911 321 322
f 1298 1205 2645
f 76 1504 75
f 1502 421 422
f 610 658 691
f 1146 659 938
f 2646 914 936
f 1280 1238 1279
f 975 2647 2648
f 2647 975 974
f 1453 1452 1451
f 1514 158 151
f 835 1843 1842
f 1271 1173 1289
f 2649 813 2650
f 1893 1826 1894
f 1050 1937 1051
f 2651 814 813
f 1006 1281 977
f 2653 2654 2655
f 1001 1003 1002
f 585 679 558
f 2624 621 620
f 555 2028 556
f 1207 1197 2629
f 1626 478 472
f 426 419 1567
f 1030 1773 1031
f 3898 634 3880
f 534 138 262
f 1125 1042 1041
f 333 88 227
f 569 561 730
f 1489 871 870
f 1857 620 891
f 1673 3770 3763
f 622 864 1308
f 2647 974 2657
f 619 891 620
f 261 545 262
f 393 1556 404
f 2658 2647 2657
f 1075 2657 917
f 1081 2658 1075
f 1080 2659 2658
f 2644 1141 2660
f 2660 1140 1336
f 642 1336 643
f 1193 2660 642
f 679 555 558
f 1503 1500 1502
f 1318 1101 1100
f 2661 1139 1142
f 2661 2663 2662
f 2662 2659 2661
f 2662 2622 2664
f 2664 911 2646
f 2648 2646 1146
f 2648 2662 2664
f 2083 2093 2081
f 1442 1437 1439
f 519 330 51
f 1885 1209 613
f 799 805 804
f 1946 1952 1953
f 1302 1253 1252
f 566 224 533
f 1389 928 1388
f 683 681 680
f 836 1842 2665
f 2665 1845 1303
f 2666 1303 1302
f 24 2665 2666
f 831 2650 832
f 1845 1304 1303
f 2010 2012 2011
f 1051 2667 2668
f 1522 1511 1523
f 531 441 522
f 782 1251 1250
f 1250 2625 2669
f 2669 1857 1856
f 783 1856 1037
f 782 2669 783
f 720 2671 721
f 1055 1930 1056
f 1333 1251 2251
f 619 1308 1307
f 652 2619 2634
f 521 1539 1540
f 1838 537 2672
f 2672 536 2641
f 1113 2641 1110
f 1113 1838 2672
f 1016 1351 1045
f 3897 570 3894
f 226 104 101
f 3564 3827 1818
f 1036 1884 1883
f 2674 1304 2673
f 2673 1844 2675
f 1334 2675 1039
f 1333 2673 1334
f 2676 1039 2675
f 1843 2675 1844
f 942 2676 1843
f 1074 702 2676
f 811 859 858
f 752 1055 753
f 1200 656 1026
f 1120 874 2677
f 2677 877 1052
f 1241 1052 1005
f 1119 2677 1241
f 1560 151 1515
f 1208 611 523
f 215 736 214
f 1460 1462 1461
f 1208 1839 873
f 854 1282 1297
f 72 182 179
f 544 1565 512
f 217 456 457
f 2047 930 945
f 1204 1937 2633
f 913 686 685
f 840 1113 1112
f 1531 730 561
f 2678 1283 801
f 601 1914 602
f 1537 459 460
f 1819 3509 3527
f 991 862 538
f 2679 1073 1830
f 2680 983 2256
f 779 2256 1263
f 778 2680 779
f 2678 1830 2680
f 180 245 40
f 1886 1131 1134
f 1138 1274 1255
f 1841 1140 1139
f 75 314 74
f 193 420 192
f 2681 1099 1098
f 170 1565 169
f 349 417 432
f 1121 2684 2683
f 547 409 302
f 123 121 120
f 2643 1142 1141
f 1542 513 1543
f 899 907 919
f 1210 676 867
f 791 982 892
f 24 837 836
f 893 932 931
f 1860 863 862
f 535 862 861
f 832 813 812
f 2650 813 832
f 1569 1547 1568
f 181 542 180
f 660 937 688
f 2013 568 2012
f 887 2631 2630
f 1524 361 78
f 520 162 1529
f 2653 854 2685
f 1238 2655 2686
f 718 527 530
f 1492 518 1491
f 792 615 793
f 599 1835 596
f 290 456 175
f 312 1552 425
f 1248 1179 1249
f 153 177 178
f 1240 1222 1221
f 1257 1235 1071
f 1291 1083 1222
f 1052 1277 1053
f 743 2618 1204
f 444 430 443
f 23 1172 1187
f 2687 1180 1179
f 102 409 134
f 1283 610 801
f 373 650 651
f 1180 1084 1291
f 855 2655 1237
f 1173 1917 1174
f 2689 853 2688
f 2688 1108 1279
f 2686 1279 1238
f 2687 2688 2686
f 2691 1252 2690
f 2690 850 2689
f 1248 2689 2687
f 1248 2691 2690
f 2692 24 2666
f 2691 2666 1302
f 1247 2692 2691
f 1258 617 2692
f 394 1555 393
f 2693 1259 1223
f 1072 1262 1261
f 1257 1168 1258
f 398 1555 1554
f 871 1314 872
f 1178 1249 1179
f 1224 1173 1172
f 1010 2618 742
f 1175 1292 1269
f 2654 2686 2655
f 2694 1216 1264
f 71 1487 70
f 701 1111 1038
f 1072 2649 2650
f 1085 22 21
f 895 1264 896
f 1601 1605 1604
f 1259 1271 1289
f 21 1220 1083
f 988 538 537
f 598 1336 1140
f 820 1762 821
f 1050 818 821
f 1298 1761 2652
f 1168 618 617
f 858 1256 833
f 39 516 1536
f 2652 819 814
f 313 315 314
f 2026 1971 2027
f 2656 596 1835
f 814 818 811
f 2696 813 2649
f 1260 2649 1261
f 2693 2696 1260
f 2697 2651 2696
f 381 390 380
f 3818 1611 1609
f 1475 1428 1227
f 1292 1917 1235
f 1551 354 1518
f 1526 1523 1511
f 1593 1595 1573
f 1232 1246 1249
f 2695 1223 22
f 2698 1296 2697
f 2698 2693 2695
f 2685 2695 1085
f 2685 1297 2698
f 562 271 272
f 2652 1296 1298
f 1365 1364 1363
f 1958 1953 1957
f 585 2210 997
f 1561 1515 435
f 975 1146 976
f 347 68 346
f 1038 636 1068
f 2700 780 2699
f 2699 1036 1883
f 2701 1883 1829
f 851 2699 2701
f 2674 2251 2702
f 2702 781 2700
f 1253 2700 851
f 1301 2702 1253
f 1519 388 1550
f 1273 1280 2703
f 2703 1107 852
f 2701 852 851
f 1829 2703 2701
f 91 326 90
f 1784 2656 1785
f 2683 2705 2704
f 604 3499 3533
f 1669 3548 1662
f 2062 2060 2059
f 621 861 622
f 2023 732 2024
f 686 1263 687
f 857 2668 1328
f 883 882 879
f 637 1111 1110
f 2668 893 1328
f 2667 894 2668
f 1039 1068 1334
f 313 1504 1505
f 1911 305 453
f 1936 1964 2212
f 2707 2401 2183
f 2708 2183 2182
f 738 2116 554
f 2349 2432 2436
f 2711 2020 2019
f 2400 2019 2186
f 2714 2716 2713
f 2717 2719 2720
f 2721 2723 2724
f 2726 2728 2725
f 2725 2730 2729
f 2731 2729 2709
f 2732 2725 2731
f 2734 2736 2733
f 2738 2740 2737
f 2737 2741 2742
f 2744 2746 2743
f 2745 2748 2747
f 2749 2747 2751
f 2753 2751 2752
f 2250 2246 2248
f 2754 1614 2755
f 3598 2755 3609
f 3608 2747 3609
f 1617 2755 1614
f 2242 1620 2757
f 2191 2760 2759
f 2761 2760 2762
f 3648 2761 3649
f 3623 2759 3648
f 3209 3223 3224
f 1395 2236 2235
f 1395 1636 1615
f 1616 2229 2233
f 1617 2763 2756
f 2756 3628 3608
f 2765 2234 1630
f 2766 3628 3622
f 3202 3246 3247
f 1516 435 1515
f 2768 3552 3553
f 1495 578 1424
f 2135 28 17
f 3526 2773 2774
f 1690 3926 3925
f 2778 2780 2777
f 2777 2781 2782
f 2784 2777 2783
f 3555 575 576
f 1494 9 540
f 3529 2015 3566
f 451 505 450
f 2786 2788 2785
f 2779 2785 2780
f 2789 2741 2740
f 2790 2752 2789
f 2792 2794 2791
f 2793 2796 2794
f 2796 2750 2749
f 2794 2749 2753
f 2798 1396 2754
f 3591 2754 3598
f 2798 2800 1393
f 3591 2799 2798
f 2797 2795 2801
f 2791 2753 2790
f 216 232 54
f 3804 2807 3803
f 3805 2804 3803
f 2769 3557 3552
f 183 184 97
f 2811 2775 2776
f 2804 2776 2805
f 2809 2811 2804
f 2812 2813 2814
f 3805 2816 3795
f 3796 2815 3795
f 3798 2820 2821
f 3793 2819 3798
f 2824 2735 2819
f 2823 2824 2819
f 2825 2826 2724
f 3793 2827 3792
f 3796 2826 3792
f 2713 2829 2828
f 2828 2831 2830
f 2822 2828 2830
f 2821 2713 2828
f 2832 2822 2830
f 2833 2830 2831
f 2834 2832 2833
f 2835 2827 2832
f 2837 2839 2836
f 2836 2841 2840
f 2842 2840 2727
f 2843 2836 2842
f 2840 2845 2844
f 2718 2845 2719
f 2730 2844 2718
f 2727 2844 2728
f 2846 2719 2845
f 2846 2841 2847
f 2829 2847 2831
f 2829 2716 2846
f 2847 2839 2848
f 2848 2838 2849
f 2833 2849 2834
f 2831 2848 2833
f 2850 2851 2852
f 2853 2852 2854
f 2783 2782 2855
f 2785 2853 2856
f 2780 2856 2781
f 2857 2855 2782
f 2859 2782 2781
f 2861 2842 2860
f 2860 2727 2726
f 2862 2726 2732
f 2863 2860 2862
f 2861 2858 2857
f 2843 2857 2859
f 2856 2854 2864
f 2781 2864 2859
f 2837 2859 2864
f 2838 2864 2854
f 2852 2834 2849
f 2854 2849 2838
f 2865 2818 2835
f 2851 2835 2834
f 2813 2815 2865
f 2814 2865 2851
f 2866 2814 2850
f 2788 2850 2853
f 2866 2787 2867
f 2812 2867 2775
f 1892 1890 1891
f 2720 2846 2870
f 298 256 257
f 2872 2713 2820
f 3794 2735 2734
f 2729 2874 2873
f 2846 2715 2870
f 2876 2878 2875
f 2733 2878 2734
f 3806 2879 2880
f 3806 2872 3794
f 2882 2884 2881
f 2881 2715 2714
f 2880 2714 2872
f 2879 2881 2880
f 2885 2887 2888
f 2888 2890 2885
f 2885 2892 2891
f 2893 2885 2891
f 1942 2532 2894
f 2895 2720 2870
f 2884 2870 2715
f 2883 2895 2884
f 2896 2892 2895
f 2889 2717 2890
f 2890 2720 2892
f 2897 2891 2896
f 2898 2896 2883
f 2899 2883 2882
f 2900 2882 2879
f 3797 2879 3807
f 2876 2901 2877
f 2901 2904 2903
f 1785 1835 1834
f 2905 2899 2900
f 2907 2897 2898
f 3797 2903 3799
f 632 577 633
f 3532 2867 2787
f 434 550 350
f 2768 3640 3643
f 2910 1623 2249
f 2241 2758 2242
f 3640 2913 3652
f 1623 2757 1620
f 3587 2757 3652
f 2229 1380 2250
f 2765 1629 2914
f 2915 1629 2912
f 3642 2914 2915
f 3641 2765 2914
f 2919 3642 3613
f 2918 2912 2241
f 3614 2241 3586
f 3618 3613 3670
f 3541 2180 3496
f 3521 2188 3506
f 3705 714 3851
f 2925 2917 2924
f 2924 2916 2919
f 3610 2919 3618
f 3611 2924 3610
f 2926 2766 2925
f 3658 2925 3611
f 1715 1705 1710
f 785 498 796
f 1387 565 1791
f 374 1899 560
f 3573 2206 3556
f 2929 2886 2893
f 2932 2934 2931
f 1905 1908 1907
f 2930 2936 2937
f 2938 2930 2929
f 1493 517 518
f 1603 1586 1602
f 2939 2929 2908
f 2940 2908 2907
f 3665 1600 3661
f 2886 2937 2887
f 2906 2898 2899
f 2908 2893 2897
f 2942 2933 2941
f 2941 2937 2936
f 3501 2936 3513
f 3498 2941 3501
f 2943 2710 2873
f 2943 2874 2889
f 2945 2889 2888
f 2946 2943 2945
f 2932 2888 2887
f 2931 2945 2932
f 727 1929 728
f 2903 2947 2948
f 545 42 262
f 1480 533 251
f 2907 2949 2940
f 2906 2950 2949
f 1558 215 202
f 3799 2948 3801
f 2054 1644 2118
f 3705 2203 3573
f 1828 1849 1827
f 2953 2955 2952
f 2952 2957 2956
f 2956 2258 2952
f 2953 2258 2257
f 2454 2474 2496
f 3747 2959 3766
f 3747 2131 3737
f 2961 2963 2958
f 2958 2964 2959
f 222 2485 2965
f 2477 2966 2608
f 2631 2006 1859
f 2384 2496 2497
f 2967 2959 2964
f 2968 2970 2969
f 3759 2971 3784
f 3784 2960 3766
f 2972 2033 2032
f 2007 2973 2008
f 3560 2134 2133
f 1836 1832 1831
f 3506 2090 3551
f 955 959 956
f 672 674 673
f 633 713 632
f 2024 733 803
f 2025 803 798
f 425 1550 388
f 2975 888 887
f 1319 1157 2694
f 1212 2977 1213
f 889 2228 2227
f 1978 1975 1979
f 1138 1329 915
f 751 2979 2978
f 1619 1625 1624
f 2252 1728 1727
f 1157 845 1216
f 2706 1938 2617
f 2980 2254 2981
f 2982 887 2630
f 802 711 2679
f 678 2029 2028
f 527 690 528
f 1839 2629 1840
f 2983 602 1914
f 2983 1913 1331
f 2985 1331 1054
f 2986 2983 2985
f 2987 2635 2634
f 2985 2639 2986
f 2990 1318 2989
f 2991 2993 2994
f 2995 2994 2996
f 1106 2991 2995
f 1058 2992 2991
f 1415 1365 1367
f 1317 2217 2997
f 1932 2255 2980
f 926 2999 664
f 3001 2992 3000
f 3000 1057 2978
f 2999 2978 2979
f 2998 3000 2999
f 3002 2209 3003
f 3002 2996 2994
f 2993 3002 2994
f 3001 2998 3002
f 1103 2995 3004
f 3004 2996 3003
f 2209 3004 3003
f 588 3004 2210
f 295 433 381
f 2638 2988 3005
f 3005 1056 1930
f 1305 1930 1306
f 1276 3005 1305
f 1987 1993 1989
f 2633 1761 2645
f 1423 1417 1419
f 3561 739 703
f 2671 2704 2705
f 1473 2035 1472
f 922 2694 895
f 1401 1378 1384
f 556 1884 1037
f 842 3825 3836
f 1854 2617 1010
f 933 1081 1075
f 1440 1436 1437
f 529 719 530
f 1031 1027 1028
f 777 912 1871
f 2645 1204 2633
f 441 1538 1537
f 790 587 586
f 2065 1610 1607
f 1860 990 902
f 60 87 59
f 1424 1948 1947
f 332 1507 331
f 261 138 135
f 187 449 507
f 1719 1726 1725
f 1931 1059 3006
f 3006 1105 1104
f 1287 1104 587
f 1286 3006 1287
f 3007 3009 3010
f 3009 653 795
f 618 26 25
f 2029 1210 1209
f 957 600 2228
f 1049 2228 600
f 2631 3011 2561
f 890 2227 3011
f 3011 2145 3012
f 2561 3012 2375
f 1026 609 608
f 2706 1961 1964
f 3013 2485 3014
f 2148 1267 3015
f 3015 1266 1311
f 2997 1101 1317
f 642 1773 1193
f 186 461 511
f 1041 1320 901
f 1121 3017 1122
f 2984 2987 3018
f 3018 2634 2619
f 1048 3018 2619
f 603 2984 3018
f 2679 801 802
f 2062 2074 2061
f 2061 2076 2064
f 414 1545 1965
f 3016 2683 3019
f 3019 2704 2670
f 3020 2670 720
f 3007 3019 3020
f 1871 1091 777
f 3021 1122 3017
f 3022 3017 3010
f 1314 3022 1315
f 1784 3021 1314
f 1316 1763 611
f 3023 3010 3009
f 3023 795 1092
f 1763 1092 1125
f 1315 3023 1763
f 3016 3010 3017
f 752 2978 1057
f 2986 2637 2987
f 3024 653 3008
f 3020 3008 3007
f 720 3024 3020
f 723 654 3024
f 2681 1268 3025
f 2671 1268 721
f 2705 3025 2671
f 1313 3027 1311
f 3026 3029 3027
f 3027 3030 3031
f 1311 3031 3015
f 2012 731 2023
f 917 974 977
f 743 856 744
f 1888 2030 1425
f 2682 2684 3032
f 3032 1124 2989
f 1100 2989 1318
f 1099 3032 1100
f 1123 2989 1124
f 3033 1159 1158
f 2990 1158 1319
f 1123 3033 2990
f 1786 1834 3033
f 1054 2988 2985
f 2979 664 2999
f 2623 2663 2643
f 1095 688 687
f 3034 2261 2956
f 3036 2956 2957
f 3037 3034 3036
f 3038 3035 3034
f 3040 3026 1313
f 2263 3041 3040
f 3042 3043 3041
f 3041 3028 3026
f 3044 3043 3039
f 3046 3045 3044
f 3047 3049 3045
f 3043 3049 3028
f 3038 3051 3050
f 3050 3053 3052
f 3052 3044 3050
f 3039 3050 3044
f 3054 3039 3042
f 3042 2262 3054
f 2261 3054 2262
f 2216 2997 2217
f 2212 2667 1936
f 3056 2209 3055
f 934 1961 1854
f 2013 3757 567
f 3058 3060 3061
f 3059 3063 3060
f 3060 2213 1963
f 3061 1963 1962
f 3063 2214 2213
f 3062 3064 3063
f 3065 2260 3064
f 3064 2215 2214
f 3066 3031 3030
f 2608 3067 3066
f 2966 3068 3067
f 3031 3068 3015
f 2455 2461 2474
f 2476 2226 2477
f 3551 2089 3525
f 3526 3769 3786
f 433 355 381
f 2115 1419 2123
f 3509 2922 3527
f 3769 2131 2134
f 3069 2167 2166
f 2971 2928 2960
f 2961 2773 2962
f 3070 2478 2483
f 2610 3071 2954
f 2502 2374 2386
f 3072 2595 3073
f 2964 3052 2967
f 3048 3074 3049
f 2593 3075 3074
f 3075 3029 3074
f 3074 3028 3049
f 3072 3075 2592
f 3076 2482 2481
f 2481 3066 3076
f 3076 3030 3075
f 2967 3053 2970
f 2482 3073 2483
f 479 493 494
f 706 3873 709
f 3561 2221 3517
f 2013 3754 3755
f 3533 2016 3529
f 3562 2222 2974
f 1171 1155 1176
f 2586 2565 2587
f 2982 113 2484
f 2562 3077 3068
f 2376 3012 3077
f 3012 2148 3077
f 3077 3015 3068
f 2963 3046 2964
f 3051 2970 3053
f 1683 491 775
f 3850 1447 3860
f 1986 3734 3768
f 3079 2546 2575
f 3081 2575 2576
f 1983 3768 3765
f 3082 2319 2545
f 3080 2545 2546
f 3734 3082 3080
f 3732 2323 3082
f 1309 1888 748
f 3073 2772 2771
f 2760 3084 2762
f 2760 2088 3083
f 3085 3086 3087
f 3089 3090 3088
f 3089 3084 3085
f 3092 3090 3091
f 3093 2744 2743
f 2751 2748 3093
f 3093 2752 2751
f 2742 3093 3094
f 3094 2743 3095
f 3096 3098 3087
f 3099 3087 3086
f 3097 3095 3098
f 3100 2746 3101
f 3101 3102 3100
f 2764 2927 3101
f 2745 3101 2746
f 3102 3091 3100
f 3100 3095 2743
f 2869 3592 3634
f 3102 3104 3092
f 3658 2869 3634
f 2927 3103 3102
f 3098 3091 3090
f 3087 3090 3085
f 2088 3105 3083
f 3083 3086 3084
f 2483 2771 3070
f 2401 2185 2321
f 3099 3105 3106
f 2125 3106 3105
f 3108 2742 3107
f 3107 3094 3097
f 3110 3107 3109
f 3109 3097 3096
f 3111 3096 3099
f 3112 3109 3111
f 3113 2737 3108
f 3115 2722 3114
f 3117 3114 3116
f 3119 3116 3118
f 3118 3120 3121
f 3116 3113 3120
f 3122 3111 3123
f 3122 1755 1754
f 3124 3126 3127
f 3125 3121 3126
f 3128 3118 3125
f 3129 3125 3124
f 2020 3128 3129
f 3853 1346 1352
f 1065 1047 1066
f 1814 3830 1649
f 2021 3129 3130
f 3111 3106 3123
f 3123 2207 1755
f 2377 2224 2973
f 3014 113 112
f 1756 3782 3767
f 3131 2530 2528
f 3133 2528 2529
f 1753 3767 3775
f 3134 3127 3135
f 2327 2314 2313
f 2436 2317 2349
f 2018 3711 3712
f 2534 3137 2535
f 2320 3136 2534
f 2185 3712 3771
f 3138 2542 2539
f 3134 3744 3745
f 3785 3134 3745
f 3140 2539 2538
f 2535 3140 2538
f 3711 3130 3785
f 2558 3132 3141
f 3782 3141 3132
f 2560 3141 3142
f 3760 3142 3141
f 958 2976 2981
f 1933 2980 3143
f 2399 2418 2416
f 2348 2343 2432
f 2322 2319 2323
f 2718 2874 2730
f 2709 2873 2710
f 2894 1361 1942
f 346 176 347
f 1876 1882 1881
f 2802 3607 3592
f 3104 3088 3092
f 2974 3649 3603
f 3089 2761 2762
f 3088 3145 3089
f 2803 3603 3607
f 3870 692 628
f 2123 1418 2126
f 1365 1368 1367
f 1581 1782 1783
f 3569 2129 3520
f 3555 2002 3521
f 3146 2551 3147
f 3751 3147 3750
f 3742 3146 3751
f 3149 2585 3146
f 3196 3197 3195
f 3604 2191 3623
f 3142 2556 2560
f 3777 3150 3142
f 3646 2550 3593
f 3150 2555 2556
f 3778 3151 3150
f 3788 3152 3646
f 3153 2551 2549
f 3152 2549 2550
f 3781 3153 3152
f 3776 3147 3153
f 3148 2206 2205
f 2183 2321 2184
f 2132 2928 2133
f 3684 2204 2203
f 3719 2197 3721
f 2594 2773 2951
f 2595 2951 2772
f 1870 799 1869
f 3713 2178 3706
f 3706 3736 3790
f 336 3774 3722
f 339 3154 336
f 3789 3149 3742
f 3683 2584 3149
f 2963 3048 3047
f 3722 337 336
f 339 2566 2586
f 3156 2168 2167
f 2610 2167 2611
f 2954 3156 2610
f 3157 2953 2257
f 3707 2169 3709
f 2567 3159 2568
f 337 2567 338
f 3730 2166 3707
f 3764 1983 3765
f 2579 3081 2576
f 2568 3160 2579
f 3709 2190 3764
f 3065 3162 3161
f 3161 1984 2189
f 3157 2189 2168
f 2257 3161 3157
f 734 1922 806
f 3059 2708 3163
f 3163 2182 1985
f 3162 1985 1984
f 3062 3163 3162
f 3203 3205 3204
f 2122 1448 1447
f 3817 1685 3812
f 139 444 69
f 1570 566 533
f 2957 3165 3036
f 2955 3164 2957
f 1912 341 1973
f 3130 3124 3134
f 1548 319 1547
f 1949 1327 1887
f 2969 3078 3167
f 3167 3169 3168
f 3724 2017 3720
f 3720 2033 3759
f 3168 3165 3170
f 3170 3164 3171
f 3779 3171 3756
f 3724 3170 3779
f 3171 3166 3172
f 3172 3071 3173
f 3752 3173 3749
f 3756 3172 3752
f 3169 3036 3165
f 2593 2962 2594
f 3173 2609 3174
f 3174 2199 2198
f 3783 2198 3719
f 3749 3174 3783
f 2190 1984 1983
f 2196 2767 3148
f 2119 1414 1448
f 1464 1466 1465
f 2199 3069 2200
f 2457 2587 2565
f 2226 2562 2966
f 481 1627 1639
f 333 235 236
f 3078 3037 3169
f 3040 2997 2263
f 2219 1933 2220
f 2385 2497 2503
f 221 3175 2484
f 2220 3143 3175
f 3175 2976 2975
f 2484 2975 2982
f 2954 3166 2955
f 2630 110 2982
f 1547 1952 1955
f 2091 2188 2187
f 3733 2178 2177
f 1918 1927 1926
f 3563 111 3511
f 955 960 954
f 2037 112 3563
f 3143 2981 2976
f 2218 2214 2215
f 672 3787 3541
f 2152 3014 2037
f 1147 1143 1145
f 2248 1409 2245
f 1615 1635 1616
f 1410 2246 2247
f 3241 3242 3240
f 3177 1383 1382
f 2238 3176 1382
f 3176 2230 3178
f 1410 3179 1407
f 3179 2243 1407
f 1633 2800 2249
f 1621 2758 2912
f 1622 2245 1634
f 2236 3181 3182
f 2237 3182 3183
f 2250 2233 2229
f 2912 1628 1621
f 135 1564 1563
f 1567 512 1565
f 1085 2653 2685
f 3184 868 3056
f 869 3057 934
f 1266 1098 1312
f 1267 722 721
f 937 2646 936
f 2146 722 2147
f 2211 921 2667
f 1957 507 449
f 1313 2264 3040
f 1496 1493 1492
f 2681 2705 2682
f 2887 2933 2932
f 1687 1659 1694
f 145 1498 81
f 1317 1319 2694
f 37 418 71
f 1935 3185 2977
f 104 301 103
f 2101 2083 2084
f 543 360 207
f 1934 3186 3185
f 234 212 237
f 3845 1822 1824
f 1976 1874 1974
f 223 2219 220
f 3655 3605 3612
f 468 773 2165
f 1935 1728 1932
f 3240 3226 3235
f 3261 3250 3260
f 3215 3244 3264
f 3265 3215 3264
f 3267 3198 3196
f 3205 3269 3255
f 3214 3265 3270
f 3271 3214 3192
f 3251 3239 3236
f 3222 3266 3272
f 3232 3234 3233
f 3216 3243 3244
f 3196 3268 3267
f 3244 3254 3255
f 3238 3247 3246
f 3264 3255 3269
f 3253 3216 3217
f 3211 3221 3265
f 3257 3218 3256
f 3258 3272 3259
f 3274 3280 3273
f 3228 3262 3263
f 3275 3281 3280
f 3226 3273 3280
f 3236 3260 3251
f 3281 3236 3237
f 3287 3192 3189
f 3235 3280 3234
f 3234 3281 3237
f 3288 3259 3272
f 3260 3276 3251
f 3289 3278 3284
f 3210 3224 3283
f 3199 3201 3200
f 3228 3230 3229
f 3290 3285 3286
f 3282 3271 3287
f 3260 3262 3261
f 3243 3268 3254
f 3267 3241 3232
f 3194 3208 3193
f 3191 3269 3206
f 3270 3192 3214
f 3275 3230 3231
f 3264 3270 3265
f 3252 3276 3291
f 3248 3291 3223
f 3213 3279 3277
f 3272 3289 3288
f 3277 3212 3213
f 3228 3281 3231
f 3220 3253 3219
f 3219 3217 3257
f 3256 3222 3258
f 3247 3252 3248
f 3245 3232 3233
f 3266 3212 3289
f 3208 3255 3254
f 3288 3284 3285
f 3204 3208 3207
f 560 3187 559
f 3209 3201 3202
f 3189 3191 3190
f 448 807 447
f 647 122 270
f 1833 1780 1832
f 510 508 507
f 3210 1887 3201
f 1887 3200 3201
f 15 3197 3200
f 16 3195 3197
f 3195 3187 3194
f 3194 1899 3207
f 3207 375 3204
f 387 126 127
f 3189 1760 3287
f 3577 757 758
f 763 2172 2175
f 3583 3580 3581
f 3581 3579 3578
f 3594 3596 3595
f 3400 3602 3401
f 3626 3625 3627
f 3631 3599 3601
f 3636 3595 3596
f 3647 3588 3645
f 3650 3584 3647
f 3653 3580 3651
f 3653 3654 3579
f 1801 3656 3655
f 3651 3582 3650
f 3644 3595 3637
f 1767 3659 3660
f 1597 3661 1600
f 1708 3665 3664
f 3671 3667 3666
f 3666 3673 3672
f 1588 3664 1587
f 2080 3666 2082
f 2082 3672 2084
f 3674 3635 3631
f 3677 3636 3635
f 3682 3645 3681
f 3692 3650 3686
f 3681 3644 3680
f 786 3692 785
f 3694 3651 3692
f 785 3686 497
f 497 3682 650
f 650 3681 564
f 3696 3681 3680
f 3405 3605 3402
f 3702 3678 3677
f 3699 3679 3678
f 3645 3638 3644
f 1799 3659 1768
f 3708 3458 3460
f 3462 3708 3460
f 3714 564 3696
f 3615 3602 3600
f 3710 3696 3698
f 3635 3596 3599
f 3629 3627 3630
f 3597 3599 3596
f 3630 3715 3629
f 3627 3597 3594
f 3717 3723 3718
f 3715 3660 3629
f 3716 3725 3715
f 3668 3661 3725
f 3668 3717 3667
f 3667 3718 3673
f 3727 3673 3718
f 3728 3672 3673
f 3726 3718 3723
f 1576 2084 3672
f 3727 3731 3729
f 3203 1387 3190
f 3190 1791 3189
f 3283 1949 3210
f 317 259 391
f 2000 3653 3694
f 3601 3600 3602
f 3589 3584 3585
f 3577 756 2170
f 3585 3582 3583
f 3678 3637 3636
f 3204 376 3203
f 1801 3657 1799
f 3729 3728 3727
f 1575 3738 1088
f 3735 1576 3728
f 1776 1796 1775
f 1293 1290 1284
f 1326 1327 12
f 1294 1234 1290
f 878 1330 1337
f 497 374 498
f 122 413 121
f 3699 3704 3708
f 3606 3401 3602
f 3708 3698 3699
f 3464 3710 3462
f 3704 3443 3458
f 439 399 438
f 1512 1526 1511
f 1668 1738 1671
f 839 1362 838
f 1362 826 1012
f 3843 1896 3815
f 2053 2118 2117
f 3888 2120 2119
f 696 3816 3831
f 1826 639 640
f 3740 3729 3731
f 956 886 960
f 1980 1922 807
f 33 105 164
f 1343 3856 3857
f 3907 2128 3902
f 1766 1582 1594
f 14 2163 738
f 595 99 594
f 3233 3246 3245
f 1346 1044 1352
f 748 1425 747
f 3193 3254 3268
f 3190 3206 3203
f 3612 3606 3615
f 3624 3615 3625
f 3631 3443 3674
f 3679 3644 3637
f 3686 3647 3682
f 3702 3674 3704
f 3625 3600 3597
f 3601 3415 3631
f 3739 3735 3729
f 3630 3594 3741
f 3741 3716 3630
f 1284 1288 1285
f 3698 3680 3679
f 1778 1780 1779
f 1792 1584 1789
f 695 571 694
f 3638 3594 3595
f 3741 3588 3589
f 3247 3209 3202
f 3292 3294 3295
f 3296 3298 3299
f 3299 3300 3301
f 3302 3304 3305
f 3306 3308 3309
f 3307 3311 3308
f 3303 3301 3300
f 3312 3304 3313
f 3314 3316 3317
f 3318 3320 3321
f 3324 3321 3325
f 3326 3328 3323
f 3329 3331 3332
f 3333 3335 3336
f 3337 3339 3340
f 3333 3341 3342
f 3342 3343 3344
f 3319 3344 3343
f 3338 3334 3339
f 3346 3302 3347
f 3305 3347 3302
f 3312 3223 3349
f 3350 3340 3351
f 3312 3348 3305
f 3352 3341 3326
f 3311 3354 3308
f 3341 3327 3326
f 3359 3361 3362
f 3360 3250 3249
f 3318 3345 3319
f 3364 3318 3324
f 3314 3324 3365
f 3366 3301 3346
f 3299 3367 3296
f 3308 3368 3309
f 3369 3295 3294
f 3317 3364 3314
f 3370 3317 3316
f 3325 3365 3324
f 3352 3319 3343
f 3296 3353 3311
f 3297 3311 3310
f 3363 3354 3345
f 3345 3353 3344
f 3344 3367 3342
f 3366 3342 3367
f 3347 3334 3346
f 3339 3348 3340
f 3348 3351 3340
f 3363 3369 3368
f 3294 3368 3369
f 3293 3309 3294
f 3331 3374 3332
f 3346 3333 3366
f 3323 3352 3326
f 3356 3321 3320
f 3355 3325 3321
f 3357 3371 3325
f 3322 3320 3352
f 3361 3329 3362
f 3373 3375 3374
f 3374 3376 3332
f 3329 3376 3362
f 3327 3372 3328
f 3336 3375 3327
f 3335 3376 3375
f 3376 3337 3362
f 3337 3359 3362
f 3359 3276 3250
f 3377 3295 3370
f 3277 3315 3278
f 3371 3379 3365
f 3378 3358 3380
f 3365 3315 3314
f 3316 3279 3370
f 3282 3370 3279
f 3313 3224 3312
f 3378 3284 3379
f 3380 3285 3378
f 3379 3278 3315
f 3276 3351 3291
f 3291 3349 3223
f 3313 2965 3013
f 2965 3303 222
f 222 3300 223
f 223 3298 3186
f 3298 3185 3186
f 3297 2977 3185
f 3310 1213 2977
f 3307 1214 1213
f 2532 3306 3293
f 2894 3293 3292
f 2871 3292 3377
f 3253 3240 3242
f 3283 3013 2152
f 1997 1889 1892
f 1237 744 855
f 1535 120 121
f 1531 201 214
f 1119 1032 984
f 946 824 947
f 163 5 162
f 3589 3723 3741
f 1155 1162 1164
f 427 327 424
f 553 796 498
f 3381 2231 2237
f 3381 2230 2232
f 2237 3180 3381
f 3383 3385 3382
f 3384 3387 3385
f 3386 3389 3387
f 3388 3391 3389
f 3392 3394 3395
f 3395 3396 3397
f 3398 3397 3396
f 3400 3399 3398
f 3403 3405 3402
f 3406 3404 3403
f 3408 3407 3406
f 3410 3409 3408
f 3412 3411 3410
f 3415 3398 3414
f 3414 3396 3416
f 3416 3394 3417
f 3417 3393 3418
f 3393 3420 3418
f 3419 3421 3420
f 3390 3422 3421
f 3388 3423 3422
f 3386 3424 3423
f 3384 3425 3424
f 3425 3426 3184
f 2904 3428 2947
f 3429 2904 2902
f 3430 2902 2876
f 2875 3430 2876
f 3432 2733 2736
f 2825 3435 2824
f 3437 3439 3436
f 3441 3436 3440
f 2724 3434 2825
f 3436 3115 3117
f 3440 3117 3119
f 3443 3414 3442
f 3442 3416 3444
f 3444 3417 3445
f 3445 3418 3446
f 3446 3420 3447
f 3420 3448 3447
f 3421 3449 3448
f 3422 3450 3449
f 3423 3451 3450
f 3424 3452 3451
f 3425 3056 3452
f 3451 2253 2252
f 3450 2252 1727
f 3449 1727 2150
f 3448 2150 1941
f 3453 3448 1941
f 3454 3447 3453
f 3455 3446 3454
f 3456 3445 3455
f 3442 3456 3457
f 3443 3457 3458
f 3459 3458 3457
f 3457 3455 3459
f 3459 3454 3461
f 3462 3459 3461
f 3461 3453 3463
f 3464 3461 3463
f 3463 1941 1360
f 3404 3401 3405
f 3407 3399 3404
f 3409 3397 3407
f 3411 3395 3409
f 3465 3413 3412
f 3467 3469 3466
f 3465 3431 3433
f 3470 3466 3465
f 3438 3432 3435
f 3467 3438 3437
f 3468 3437 3441
f 3471 3468 3472
f 3472 3441 3473
f 3473 3440 2712
f 2712 3119 3128
f 3475 3472 3474
f 3474 3473 3476
f 3476 2712 2711
f 3477 2711 2400
f 3478 3476 3477
f 3479 3474 3478
f 3392 3413 3480
f 3466 3480 3413
f 3419 3392 3480
f 3390 3480 3391
f 3469 3391 3480
f 3389 3471 3475
f 3387 3475 3479
f 3385 3479 3481
f 3482 2400 2402
f 3483 3477 3482
f 3481 3478 3483
f 3484 2402 2707
f 3058 2707 2708
f 3061 3484 3058
f 3485 3482 3484
f 3382 3481 3486
f 3486 3483 3485
f 3426 3382 3487
f 3487 3486 1962
f 3486 3061 1962
f 1961 3487 1962
f 3057 3426 3487
f 3428 3402 3488
f 3427 3403 3428
f 3429 3406 3427
f 3430 3408 3429
f 3431 3410 3430
f 3470 3433 3432
f 3434 3438 3435
f 2723 3439 3434
f 2875 3433 3431
f 2736 3435 3432
f 2947 3488 3500
f 3464 1360 3497
f 1900 1924 1901
f 1736 1718 1750
f 1955 1943 1956
f 1671 1735 1751
f 1696 1698 1692
f 1800 1864 1801
f 2063 2056 2060
f 1737 1717 1736
f 1751 1697 1695
f 943 3899 684
f 3656 3402 3605
f 1577 1764 1703
f 3917 1599 3923
f 1945 82 1944
f 68 7 248
f 147 1543 148
f 1109 1133 1102
f 1503 1907 1908
f 1499 1909 1498
f 452 735 215
f 1824 3835 3845
f 1825 2068 1824
f 1463 1022 1194
f 841 1009 1011
f 1568 1955 1534
f 1926 1927 1923
f 1910 1502 1939
f 1939 422 442
f 309 1940 308
f 1804 1866 1803
f 269 1954 56
f 2065 2060 2056
f 3812 1758 3835
f 280 552 1940
f 1875 1869 1874
f 1739 1734 1737
f 1778 1790 1788
f 310 1915 279
f 1909 1906 1954
f 1789 1778 1788
f 978 980 979
f 1584 1731 1583
f 425 311 312
f 148 115 116
f 2044 3894 2046
f 277 1939 551
f 1943 1945 1944
f 1461 1463 1464
f 2253 3056 3055
f 2981 3489 958
f 2209 3489 3055
f 2254 3055 3489
f 2998 958 3489
f 2826 2721 2724
f 3490 2721 2817
f 2816 3490 2817
f 2334 2296 2335
f 2298 2334 2336
f 2301 2336 2338
f 2311 2338 2354
f 2312 2354 2355
f 2359 2361 2360
f 2335 2359 2360
f 2414 2365 2364
f 2413 2361 2365
f 2355 2540 2541
f 2541 2539 2542
f 2722 2739 2738
f 3114 2738 3113
f 3110 3121 3120
f 3108 3120 3113
f 3122 3127 3126
f 3112 3126 3121
f 3127 1753 3135
f 3139 2529 2542
f 3744 3133 3139
f 3490 2740 2739
f 3491 2789 3490
f 228 91 88
f 245 243 242
f 248 247 191
f 2 296 295
f 145 300 267
f 327 210 328
f 329 331 330
f 250 228 236
f 239 240 230
f 373 375 374
f 178 176 175
f 1218 1228 1321
f 3862 1295 3854
f 808 824 823
f 3858 1013 1014
f 3813 1411 1413
f 2154 2159 2160
f 3845 1758 1757
f 306 1922 452
f 2157 1976 1977
f 708 2031 1474
f 1450 1227 1428
f 1672 1605 1624
f 1813 1821 1816
f 1717 1715 1718
f 176 402 347
f 1710 3916 3915
f 1712 1577 1711
f 1705 1711 1704
f 971 979 970
f 822 1094 1102
f 2909 2793 2792
f 2810 2795 2793
f 2799 2249 2800
f 3662 2910 2799
f 2769 2801 2795
f 3177 3178 3179
f 3178 3180 3179
f 3181 1393 2800
f 3181 1632 3182
f 3182 2244 3183
f 3183 2243 3180
f 3492 2790 3491
f 2808 3491 2816
f 2239 3572 2240
f 1149 3571 3570
f 1150 3567 3571
f 2202 3566 2015
f 2921 3565 2923
f 3568 2133 2928
f 1777 1759 1792
f 1201 1183 1184
f 3561 2195 2194
f 3553 2770 2768
f 3927 1687 1692
f 1516 154 503
f 3549 2974 2803
f 3550 2779 2778
f 2771 3575 3546
f 3070 3546 3558
f 3547 2775 2867
f 1376 1370 1372
f 2767 3556 2206
f 2195 3543 2767
f 2775 3542 2776
f 3377 3545 2871
f 3804 3539 2806
f 2776 3538 2805
f 2240 3535 2920
f 2920 3669 3619
f 3548 2786 2779
f 1805 1851 1804
f 3534 2787 2786
f 2951 3540 3531
f 2772 3531 3575
f 2973 3530 3536
f 2224 3537 3530
f 1957 320 510
f 306 304 303
f 2770 3528 2913
f 2913 3574 2239
f 2923 3527 2922
f 308 431 47
f 207 132 543
f 1879 1881 1880
f 3733 3525 2089
f 2475 3558 3524
f 2476 3524 3523
f 2223 3523 3537
f 3522 2803 2802
f 2037 11 1950
f 1959 450 505
f 2003 3520 2129
f 9 334 540
f 2009 3518 3567
f 2008 3536 3518
f 3877 673 3879
f 3515 2778 2784
f 2935 3513 2936
f 111 3570 3511
f 3510 2935 2938
f 683 3885 943
f 3508 2810 2909
f 736 732 729
f 1795 1803 1796
f 3505 2938 2939
f 3507 2939 2940
f 2950 3504 2949
f 2940 3504 3507
f 3801 3512 2950
f 2868 3502 2869
f 2869 3522 2802
f 1024 1023 1020
f 3500 2948 2947
f 551 442 443
f 2972 3568 2928
f 2032 3499 2972
f 216 1924 1923
f 203 201 200
f 1828 1847 1837
f 1958 449 450
f 272 178 175
f 2871 3495 1361
f 3619 3564 2921
f 2801 3643 3662
f 2005 3654 2176
f 960 899 962
f 3657 3612 3624
f 3780 3646 3151
f 3151 3593 2555
f 2193 3623 2194
f 3607 3145 3144
f 3603 2761 3145
f 3592 3144 3104
f 2926 3634 3103
f 3634 3104 3103
f 3755 3746 3753
f 566 3758 2005
f 3488 1864 3500
f 1602 2079 2078
f 2868 3611 2922
f 2922 3610 2923
f 2923 3618 2921
f 3670 2918 3614
f 3619 3614 2920
f 2921 3670 3619
f 2920 3586 2240
f 3613 2915 2918
f 2917 3622 3641
f 2916 3641 3642
f 2239 3652 2913
f 2911 3652 2757
f 3643 2911 2910
f 2797 3662 3591
f 2797 3598 2750
f 3622 2763 2765
f 3608 2764 2745
f 2194 3648 2221
f 2221 3649 2222
f 2756 3609 2755
f 2750 3609 2747
f 3669 1817 3827
f 3763 1691 1699
f 2515 3590 2548
f 2548 3593 2550
f 2513 3632 3616
f 2513 3621 2515
f 2509 3620 2289
f 2510 3633 2509
f 2289 3639 2283
f 2283 3617 2286
f 2240 3587 2239
f 3659 3624 3626
f 716 3887 3888
f 727 3761 1923
f 2165 2170 2164
f 3660 3626 3629
f 3743 3578 3757
f 2175 769 770
f 2100 2095 2099
f 3758 3757 3578
f 640 3568 1826
f 1653 3553 1651
f 1895 3530 746
f 746 3537 741
f 1653 3528 3576
f 3762 1604 1672
f 2093 2073 2078
f 959 995 884
f 962 919 986
f 1400 1398 1399
f 1000 1127 1004
f 956 884 885
f 1662 3550 1661
f 2034 3546 1654
f 3926 3539 3802
f 3535 766 1817
f 3572 765 766
f 334 3571 335
f 1868 3540 1656
f 1684 1652 1678
f 1682 775 1807
f 1585 3762 1700
f 3763 1672 1673
f 2173 490 491
f 1658 3547 1752
f 3556 1650 724
f 1571 2010 1572
f 1587 3671 2080
f 2099 2077 2094
f 787 1999 786
f 2000 786 1999
f 3155 3697 3683
f 3713 3683 3789
f 2180 3685 3684
f 3496 3684 3705
f 1684 3840 1651
f 1760 3495 3545
f 2607 3693 2590
f 2581 3689 2607
f 2371 3700 3695
f 2371 3693 2372
f 2587 3675 2586
f 2586 3697 339
f 2497 3687 2503
f 2502 3687 3700
f 2494 3690 2495
f 3690 2472 2495
f 3688 2468 2472
f 3701 2469 2468
f 726 3892 630
f 581 3518 580
f 10 3570 334
f 1837 3510 1849
f 741 3523 1300
f 1299 3558 2034
f 1851 3504 1866
f 3527 1820 1819
f 580 3536 1895
f 1758 3522 3502
f 1693 3508 1806
f 3504 1867 1866
f 1894 3568 3499
f 2126 3813 3841
f 3906 3841 3912
f 2113 3867 2110
f 2179 3789 3685
f 624 3904 623
f 2192 3788 3780
f 2177 3787 3733
f 1364 3833 1338
f 3858 1470 1453
f 3135 3775 3744
f 2069 3835 2068
f 1351 3853 1352
f 2108 3901 499
f 2089 3736 3733
f 3828 1358 866
f 2001 3783 2187
f 2187 3719 2091
f 2130 3752 2004
f 2004 3749 2001
f 2014 3779 2201
f 2201 3756 2130
f 3167 3759 2969
f 3168 3720 3167
f 3159 3764 3160
f 3160 3765 3081
f 3730 3158 337
f 3158 3709 3159
f 2200 3730 3722
f 3685 3742 2204
f 3722 2197 2200
f 3790 2092 3721
f 3774 3721 2197
f 3154 3790 3774
f 3155 3706 3154
f 2091 3721 2092
f 2196 3750 3776
f 2193 3776 3781
f 3604 3781 3788
f 2086 3780 3778
f 2087 3778 3777
f 2204 3751 2205
f 2205 3750 3148
f 3909 574 692
f 2124 3777 3760
f 2208 3760 3782
f 3711 3140 3137
f 3785 3138 3140
f 3745 3139 3138
f 3771 3136 2322
f 3712 3137 3136
f 3775 3131 3133
f 3767 3132 3131
f 1813 3838 1814
f 1293 3856 1344
f 2184 3748 3732
f 2181 3732 3734
f 3765 3079 3081
f 3768 3080 3079
f 709 3875 2031
f 2774 3737 3769
f 3786 2134 3559
f 3809 766 765
f 2968 3766 2959
f 2969 3784 2968
f 2958 3737 2961
f 2132 3766 2960
f 2321 3771 3748
f 3860 1449 28
f 3905 582 710
f 3886 577 574
f 3847 1818 3827
f 705 3887 2121
f 3816 3907 698
f 2111 3911 2113
f 3810 1366 1411
f 1812 3822 1815
f 675 3852 674
f 3496 3851 675
f 2110 3868 2109
f 2104 3901 2106
f 2109 3899 944
f 3842 703 739
f 1680 3846 1684
f 1639 3819 3818
f 623 3906 697
f 2139 3866 3865
f 1808 3844 3837
f 3820 1819 1820
f 3872 3900 706
f 1646 3830 1648
f 3889 633 577
f 2139 3875 18
f 2156 3871 3874
f 674 3913 3869
f 2117 3812 2069
f 1815 3847 3823
f 3855 1444 1470
f 697 3912 3816
f 866 3836 3828
f 3864 2136 2135
f 3585 3726 3589
f 3583 3731 3585
f 3753 3738 3739
f 3740 3581 3743
f 1088 3746 1093
f 3739 3743 3753
f 2791 3493 2792
f 3492 2807 3493
f 2792 3494 2909
f 3493 2806 3494
f 3508 3494 3516
f 3516 2806 3539
f 2948 3791 3801
f 2105 3896 2104
f 3538 3804 2805
f 680 3876 683
f 1891 3910 3891
f 2905 3801 2950
f 2900 3799 2905
f 2901 3807 2877
f 2734 3806 3794
f 2877 3806 2878
f 2820 3794 2872
f 2818 3792 2827
f 2823 3792 2826
f 2822 3798 2821
f 2819 3800 3798
f 2817 3795 2816
f 2809 3795 2815
f 2808 3803 2807
f 2805 3803 2804
f 1702 3923 1599
f 3922 1797 1802
f 3915 1706 1709
f 3918 1692 1698
f 1657 3880 1879
f 1890 3895 3910
f 3772 1674 1675
f 1689 3772 3773
f 3926 3538 1688
f 3516 1689 3773
f 3917 1703 1764
f 1598 3928 1770
f 3880 1876 1879
f 1691 3925 3927
f 3925 1688 1687
f 1117 1118 3930
f 1066 1322 3930
f 1243 847 3930
f 3825 848 3930
f 1128 1117 3930
f 1129 1130 3930
f 841 1011 3930
f 1230 3863 3930
f 1242 1243 3930
f 1322 1229 3930
f 1064 1065 3930
f 1003 1128 3930
f 1229 1230 3930
f 3863 1285 3930
f 1285 1288 3930
f 848 839 3930
f 847 3825 3930
f 1118 1129 3930
f 1065 1066 3930
f 1087 1086 3930
f 1008 1002 3930
f 1011 1008 3930
f 1002 1003 3930
f 1076 1069 3930
f 838 841 3930
f 839 838 3930
f 1288 1242 3930
f 1130 1087 3930
f 1086 1076 3930
f 1069 1064 3930
f 2410 2414 3931
f 2411 2410 3931
f 3617 2285 3931
f 2394 2393 3931
f 2393 2396 3931
f 2281 2286 3931
f 2282 2280 3931
f 2398 2399 3931
f 2465 2464 3931
f 2396 2397 3931
f 2470 2469 3931
f 2399 2416 3931
f 2480 2395 3931
f 2459 2480 3931
f 2369 2282 3931
f 2460 2459 3931
f 2415 2411 3931
f 2416 2415 3931
f 2364 2363 3931
f 2286 3617 3931
f 2464 2470 3931
f 2469 3703 3931
f 2285 2465 3931
f 2414 2364 3931
f 2395 2394 3931
f 2363 2367 3931
f 2397 2398 3931
f 2280 2281 3931
f 3703 2460 3931
f 2367 2369 3931
f 4 3 2
f 8 7 6
f 13 16 15
f 17 28 19
f 32 31 30
f 36 35 34
f 37 40 39
f 21 22 23
f 25 26 27
f 41 44 43
f 48 47 46
f 52 51 50
f 53 56 55
f 60 59 58
f 29 30 62
f 66 65 64
f 67 5 6
f 72 71 70
f 76 75 74
f 77 80 79
f 81 84 83
f 59 87 86
f 88 91 90
f 96 95 94
f 100 99 98
f 101 104 103
f 106 105 34
f 108 116 115
f 117 119 36
f 124 127 126
f 131 130 129
f 132 102 134
f 142 141 140
f 148 106 60
f 144 143 127
f 149 152 151
f 156 155 154
f 159 150 158
f 116 108 164
f 171 170 169
f 174 126 173
f 179 182 181
f 186 189 188
f 194 197 196
f 199 142 139
f 206 209 208
f 213 212 211
f 202 215 214
f 96 93 216
f 92 238 43
f 97 184 246
f 250 249 229
f 252 254 58
f 258 257 256
f 260 91 229
f 110 111 112
f 114 264 263
f 265 268 267
f 56 53 270
f 274 273 249
f 185 183 63
f 280 279 278
f 285 284 283
f 288 219 211
f 141 142 92
f 289 290 175
f 148 116 105
f 312 311 170
f 238 262 42
f 318 163 160
f 310 309 308
f 241 239 325
f 160 230 240
f 47 48 307
f 108 109 315
f 345 85 86
f 348 351 350
f 356 359 358
f 355 354 353
f 363 31 32
f 364 252 253
f 366 125 368
f 183 372 371
f 163 162 161
f 209 226 101
f 378 377 165
f 379 295 381
f 383 382 3
f 284 285 386
f 387 127 389
f 391 259 229
f 73 281 397
f 405 408 407
f 203 218 411
f 414 121 413
f 1 356 357
f 277 276 131
f 254 344 57
f 358 384 415
f 417 416 386
f 401 400 192
f 419 389 127
f 421 181 182
f 103 301 302
f 428 367 368
f 380 390 359
f 62 204 266
f 140 141 431
f 357 358 351
f 356 1 379
f 415 392 403
f 437 428 436
f 438 441 440
f 188 451 450
f 265 455 181
f 224 185 64
f 237 212 213
f 275 131 128
f 281 282 460
f 50 462 79
f 73 74 282
f 468 467 466
f 390 355 352
f 482 485 484
f 489 488 487
f 493 496 495
f 472 471 470
f 502 501 500
f 220 221 222
f 512 419 143
f 518 517 511
f 513 239 230
f 205 30 31
f 189 370 451
f 163 318 532
f 533 224 225
f 446 448 447
f 335 541 540
f 544 512 546
f 329 519 291
f 199 534 262
f 385 386 416
f 532 190 191
f 363 117 118
f 578 581 580
f 573 572 571
f 561 563 562
f 241 260 259
f 590 593 592
f 545 546 595
f 503 154 155
f 606 625 624
f 478 481 480
f 646 649 648
f 590 591 689
f 564 565 651
f 728 246 184
f 714 724 716
f 692 574 575
f 541 335 581
f 346 68 248
f 161 231 230
f 128 129 94
f 698 705 704
f 574 577 576
f 290 289 401
f 630 631 725
f 733 736 735
f 755 466 496
f 759 480 481
f 757 763 762
f 764 496 466
f 768 767 3808
f 759 760 488
f 492 474 475
f 474 770 769
f 773 468 465
f 771 774 486
f 484 485 775
f 774 776 489
f 495 496 764
f 495 757 761
f 137 397 784
f 325 239 797
f 165 519 51
f 369 32 29
f 730 731 568
f 90 302 301
f 243 118 516
f 800 734 806
f 817 815 808
f 816 808 823
f 306 303 447
f 815 810 809
f 829 830 828
f 726 725 501
f 274 427 424
f 879 882 881
f 884 883 879
f 219 218 217
f 906 905 904
f 455 204 205
f 898 882 830
f 903 900 880
f 377 291 519
f 923 949 948
f 946 947 951
f 3519 740 739
f 900 899 886
f 225 64 65
f 182 445 442
f 809 952 947
f 954 960 962
f 927 950 965
f 885 879 880
f 925 927 966
f 343 342 341
f 965 964 971
f 968 971 970
f 972 968 969
f 963 961 981
f 336 337 338
f 992 993 827
f 810 815 996
f 1007 1001 1002
f 1012 826 827
f 1011 1009 1007
f 294 293 292
f 907 908 920
f 1017 579 1019
f 1020 1023 1022
f 1035 1024 1020
f 1061 1060 1047
f 1063 1061 1046
f 1044 1020 1021
f 1102 1094 1097
f 1116 1126 1118
f 1016 1015 1014
f 881 897 904
f 816 1116 1127
f 1094 948 949
f 514 342 167
f 146 145 81
f 1133 1135 1130
f 1102 1133 1126
f 822 1126 1116
f 1145 1143 1148
f 1076 1144 1151
f 1148 1143 1086
f 1109 1097 1114
f 1154 1153 1156
f 1153 925 967
f 3464 3497 463
f 1144 1147 1152
f 1156 967 1163
f 1164 1162 1169
f 1145 1171 1176
f 1114 1115 1154
f 1183 1155 1164
f 1184 1183 1177
f 1069 1151 1062
f 1023 1191 1194
f 1162 1163 1170
f 1195 1184 1185
f 1183 1196 1176
f 1201 1063 1152
f 1061 1063 1201
f 3825 847 843
f 1203 1202 1195
f 1202 1201 1184
f 1218 1060 1203
f 1060 1061 1202
f 1225 1218 1217
f 671 695 694
f 1219 1217 1024
f 1217 1203 1034
f 1226 1014 1015
f 1243 1242 1234
f 1231 1230 1229
f 847 1243 1233
f 843 1233 1244
f 1233 1234 1245
f 1923 3761 233
f 2100 2108 499
f 3914 3864 2135
f 61 62 323
f 210 211 217
f 1299 1310 1309
f 3863 1230 1231
f 1066 1047 1321
f 1322 1321 1228
f 1060 1218 1321
f 1325 1324 1323
f 1244 1245 1332
f 1290 1234 1242
f 1337 1330 1339
f 1330 1332 1340
f 1341 1332 1245
f 1342 1340 1332
f 1343 1342 1341
f 1344 1341 1294
f 3857 3856 1345
f 1347 1348 1342
f 3856 3854 1295
f 1349 1350 1348
f 3861 1349 1347
f 3853 1347 1343
f 906 898 829
f 905 906 1353
f 865 1356 1355
f 1355 1353 829
f 1357 1355 825
f 1356 1354 1353
f 3834 1337 1338
f 866 1358 1356
f 1358 1359 1354
f 3828 878 1337
f 838 1362 1012
f 1363 1364 1338
f 1368 1363 1339
f 1348 1368 1340
f 1371 1369 3824
f 524 525 526
f 528 529 530
f 1372 1370 1369
f 535 536 537
f 1367 1368 1348
f 1370 1354 1359
f 1369 1359 3833
f 1373 910 903
f 555 556 557
f 1374 909 910
f 1373 904 905
f 1374 1373 1375
f 1375 905 1354
f 1378 920 908
f 376 373 651
f 1388 928 973
f 586 587 588
f 1390 1389 1388
f 1391 1388 969
f 597 598 599
f 600 601 602
f 1392 1391 970
f 608 609 610
f 612 524 523
f 614 615 616
f 617 618 25
f 620 621 622
f 1397 1390 1391
f 1398 1397 1392
f 1400 987 920
f 1402 1403 1165
f 636 637 638
f 930 1404 1402
f 641 642 643
f 929 1402 1169
f 1404 1405 1403
f 1411 1366 1365
f 1412 1406 1415
f 652 653 654
f 609 656 657
f 659 660 661
f 558 663 586
f 665 666 667
f 1413 1411 1406
f 1418 1416 3810
f 1417 1372 1371
f 1416 1371 3829
f 1419 1417 1416
f 1386 909 1374
f 677 678 679
f 1385 1386 1420
f 1420 1374 1376
f 685 686 687
f 1421 1420 1422
f 528 690 691
f 1422 1376 1372
f 1018 1019 747
f 699 700 701
f 1424 578 579
f 3663 1597 1767
f 700 699 711
f 1093 3746 3754
f 717 718 530
f 721 722 723
f 704 1650 3543
f 19 1429 1426
f 1429 1428 1427
f 1658 1659 3542
f 1439 1437 1434
f 1437 1436 1435
f 1426 1427 1433
f 1442 1431 1432
f 742 743 744
f 1432 1433 1441
f 751 752 753
f 1438 1434 1403
f 1446 1445 1444
f 1447 1448 1446
f 3860 1447 1443
f 1415 1367 1445
f 1414 1415 1446
f 2173 1683 469
f 777 778 779
f 780 781 782
f 1676 1693 1806
f 3859 1451 1349
f 789 790 791
f 745 792 793
f 652 794 795
f 1455 1458 1457
f 1454 1367 1350
f 610 691 802
f 3831 3816 698
f 1352 1044 1045
f 1015 1016 1459
f 811 812 813
f 2118 3815 3817
f 819 820 821
f 1466 1463 1194
f 1467 1468 1465
f 1182 1165 1468
f 832 812 833
f 835 836 837
f 1467 1466 1190
f 1469 1470 1444
f 840 700 712
f 1453 1470 1469
f 599 844 845
f 1226 1450 3849
f 851 852 853
f 855 744 856
f 858 859 860
f 861 862 863
f 1014 1226 3855
f 867 676 868
f 870 871 872
f 874 875 876
f 1310 1323 1471
f 1476 1433 1427
f 1461 1476 1475
f 887 888 889
f 788 791 892
f 894 895 896
f 1460 1475 1227
f 901 902 524
f 1465 1478 1477
f 1865 3503 3500
f 911 912 913
f 916 917 918
f 1850 3505 3507
f 921 922 895
f 1479 1435 1436
f 926 664 667
f 1481 562 563
f 269 1483 84
f 931 932 933
f 934 935 614
f 936 685 688
f 938 659 662
f 1484 270 122
f 941 942 835
f 320 321 509
f 1849 3510 3505
f 84 1483 1484
f 1487 1490 1488
f 1757 1758 3502
f 365 1492 1491
f 461 79 80
f 117 363 362
f 1494 540 541
f 926 601 957
f 1477 1441 1433
f 1709 1588 1585
f 119 117 1496
f 271 1497 504
f 511 517 189
f 345 1496 1492
f 57 344 299
f 1501 1499 268
f 267 268 1499
f 974 975 976
f 1678 1652 1693
f 3846 1682 1807
f 557 982 663
f 983 941 984
f 1443 1444 3849
f 421 1500 268
f 989 990 991
f 1490 1487 418
f 279 280 309
f 997 868 676
f 998 26 999
f 1504 418 38
f 1506 1508 1507
f 360 361 1508
f 1506 1486 207
f 939 1005 1006
f 270 1484 1483
f 66 63 546
f 1010 742 793
f 367 428 437
f 244 31 363
f 1670 3532 3534
f 209 206 1510
f 388 389 426
f 427 274 250
f 161 520 521
f 100 246 45
f 1025 1026 608
f 1029 1030 1031
f 939 662 1033
f 41 42 594
f 1036 780 783
f 702 701 1038
f 1040 1041 1042
f 362 32 369
f 187 1520 477
f 70 1487 539
f 1049 600 603
f 613 867 869
f 860 1050 1051
f 1005 1052 1053
f 753 1055 1056
f 1057 1058 1059
f 293 288 1522
f 288 212 1521
f 292 1522 1523
f 331 1507 1508
f 306 452 453
f 100 44 41
f 462 1524 78
f 330 331 1524
f 635 1067 1068
f 1485 1527 1526
f 206 1485 1528
f 1070 1071 1072
f 942 941 1073
f 916 933 1075
f 440 1529 1530
f 157 158 1514
f 1529 162 5
f 371 595 546
f 790 586 663
f 1077 858 857
f 1403 1434 1435
f 1080 1081 1082
f 531 520 1529
f 21 1083 1084
f 272 1532 1531
f 690 712 802
f 335 3571 3567
f 1090 1030 1029
f 1092 795 794
f 1533 396 137
f 661 660 1095
f 69 444 445
f 1099 1100 1101
f 38 39 1536
f 1104 1105 1106
f 852 1107 1108
f 1377 908 909
f 291 377 411
f 316 1536 516
f 539 1488 1533
f 1505 1536 316
f 1110 1111 1112
f 1539 1537 460
f 522 441 1537
f 834 837 1120
f 1122 1123 1124
f 612 1125 1041
f 935 793 615
f 276 278 130
f 1686 3549 3522
f 193 190 1541
f 231 521 1540
f 556 1037 982
f 365 253 85
f 190 532 318
f 1810 765 3574
f 3924 1867 3512
f 1132 983 985
f 208 101 102
f 1134 1033 662
f 1491 518 80
f 429 133 1542
f 1137 1138 915
f 172 436 428
f 1139 1140 1141
f 549 96 54
f 1517 1519 1518
f 834 1119 984
f 1543 513 286
f 1544 797 239
f 133 134 1544
f 506 361 257
f 420 327 328
f 1158 1159 1160
f 587 1104 1103
f 607 1161 1027
f 304 1546 1545
f 364 1491 77
f 69 70 198
f 700 840 1112
f 3877 626 3525
f 1166 719 657
f 1167 1168 858
f 1300 3523 3524
f 1172 1173 1174
f 218 203 200
f 1179 1180 1181
f 372 183 97
f 89 104 227
f 1186 1187 1188
f 172 173 1517
f 1482 84 81
f 1090 1192 1193
f 394 395 353
f 526 525 1198
f 1199 1200 1026
f 606 623 697
f 1204 1205 1206
f 1207 1208 523
f 1209 1210 867
f 914 913 685
f 1478 1436 1441
f 1029 1028 1161
f 1211 1212 1213
f 3858 1453 1451
f 844 1215 1216
f 423 193 273
f 1220 1221 1222
f 22 1223 1224
f 882 898 897
f 1519 1517 173
f 1189 1188 1232
f 349 350 550
f 1071 1235 1236
f 1237 1238 1239
f 1221 1186 1189
f 1510 1528 1512
f 939 1032 1241
f 1556 1530 5
f 1553 1554 394
f 404 1556 67
f 1247 1248 1249
f 142 199 238
f 1251 1067 635
f 850 1252 1253
f 1254 1167 1077
f 57 132 133
f 443 430 552
f 1187 1172 1175
f 1256 1070 831
f 432 405 382
f 741 748 747
f 434 350 351
f 349 432 383
f 251 124 1481
f 395 384 352
f 1518 1519 1550
f 1558 410 378
f 109 263 314
f 285 1514 1513
f 395 394 393
f 202 203 410
f 417 408 405
f 1246 1257 1258
f 3 1559 297
f 1259 1260 1261
f 403 404 347
f 955 954 953
f 462 50 51
f 1096 1095 687
f 429 147 60
f 896 1264 1265
f 1267 721 1268
f 423 424 327
f 37 179 180
f 20 23 1187
f 1256 1168 1071
f 1188 1175 1269
f 1236 1270 1271
f 1272 536 535
f 565 564 463
f 1273 792 745
f 876 1254 1255
f 316 33 164
f 437 1516 503
f 194 1494 1495
f 1275 1276 864
f 624 625 631
f 1277 1274 1137
f 569 568 567
f 1481 124 125
f 324 325 547
f 1279 1108 1107
f 1525 332 329
f 1281 1278 1137
f 171 168 1553
f 1488 73 396
f 1557 1561 1562
f 1282 856 1206
f 1053 1277 1278
f 778 777 607
f 713 583 3566
f 251 225 144
f 4 357 348
f 709 708 707
f 728 48 45
f 261 135 1563
f 789 1286 1287
f 74 314 263
f 403 284 385
f 1178 1181 1240
f 1223 1259 1289
f 1220 20 1186
f 296 1518 354
f 784 459 1538
f 1181 1180 1291
f 1269 1292 1257
f 1566 1538 438
f 136 784 1566
f 1563 1564 169
f 107 114 109
f 1297 1282 1298
f 1464 1477 1476
f 1520 187 507
f 1301 1302 1303
f 1306 1307 1308
f 175 456 1532
f 1532 456 200
f 1311 1266 1312
f 872 1314 1315
f 3836 843 878
f 1305 1308 864
f 1040 1275 863
f 1564 1566 399
f 592 1576 1575
f 591 1575 1088
f 1581 1584 1583
f 1196 1152 1147
f 710 582 583
f 285 407 408
f 953 954 961
f 1594 1592 1589
f 1585 1588 1587
f 1592 1591 1590
f 3885 945 944
f 1600 1599 1598
f 1604 1603 1602
f 1399 1392 979
f 1589 1590 1596
f 1610 1609 1608
f 298 257 361
f 551 552 276
f 1627 1626 3814
f 859 811 818
f 1078 857 1328
f 1555 439 1530
f 572 573 680
f 772 465 776
f 977 1281 918
f 404 403 392
f 1054 1331 750
f 1644 1645 1643
f 932 1265 1082
f 1067 1333 1334
f 1540 1539 264
f 597 1335 643
f 471 761 762
f 1642 696 3831
f 1644 1642 3842
f 923 946 950
f 96 549 548
f 520 531 522
f 445 444 443
f 849 839 848
f 480 759 755
f 1646 760 481
f 311 426 1567
f 464 463 3497
f 3497 1360 1361
f 234 237 236
f 190 193 192
f 153 154 152
f 231 287 286
f 1552 1553 1551
f 760 1646 1648
f 3832 1647 1649
f 828 827 826
f 52 167 166
f 1663 1662 1661
f 287 107 115
f 668 671 670
f 634 645 640
f 553 560 559
f 118 36 33
f 492 484 491
f 3552 1652 1651
f 582 589 584
f 384 395 392
f 1381 1382 1383
f 1562 1561 435
f 952 953 951
f 3529 3566 583
f 1660 1661 1667
f 1394 1395 1396
f 1660 1665 1664
f 1671 1670 1669
f 1624 1625 1673
f 1407 1408 1409
f 1677 1676 1675
f 1613 1679 1677
f 1679 1678 1676
f 1626 1681 3811
f 534 199 198
f 803 733 734
f 400 248 191
f 65 66 143
f 3526 1657 1656
f 402 159 157
f 629 628 627
f 461 477 49
f 758 757 495
f 796 787 786
f 406 407 1513
f 342 343 166
f 1694 1659 1658
f 1692 1687 1694
f 3557 1693 1652
f 3921 1704 1703
f 326 547 302
f 3916 3921 1702
f 3919 3918 1698
f 1699 1691 3927
f 1557 406 1560
f 1127 1116 1117
f 400 401 289
f 1706 1702 1707
f 1707 1702 1599
f 1709 1706 1708
f 1714 1712 1711
f 3919 3915 1709
f 1704 1711 1577
f 1716 1714 1713
f 1559 1562 1549
f 1722 1721 1720
f 1335 597 596
f 410 411 377
f 973 1170 1163
f 168 169 399
f 1571 682 1089
f 1572 681 682
f 749 646 647
f 1730 1724 1723
f 1594 1582 1729
f 1729 1723 1591
f 1384 1378 1377
f 1732 1731 1712
f 1724 1730 1731
f 1722 1724 1732
f 1721 1722 1733
f 1734 1733 1716
f 1735 1737 1736
f 1733 1732 1714
f 1663 1664 1741
f 1742 1665 1740
f 1738 1739 1737
f 1665 1660 1666
f 1665 1742 1744
f 1725 1726 1746
f 1591 1725 1745
f 1590 1745 1747
f 1745 1746 1748
f 1659 1688 3538
f 3287 1760 3545
f 1185 1177 1182
f 1664 1744 1749
f 1741 1749 1739
f 1746 1742 1743
f 1726 1744 1742
f 1115 924 1153
f 1654 3546 3575
f 1896 3562 3549
f 1720 1749 1744
f 1721 1739 1749
f 1750 1718 1701
f 1697 1736 1750
f 1151 1152 1063
f 1751 1752 1670
f 1695 1658 1752
f 961 962 986
f 1770 1769 1768
f 1766 1594 1593
f 1731 1759 1579
f 1579 1777 1774
f 3928 1772 1771
f 1764 1772 3928
f 1777 1776 1775
f 3762 3763 1699
f 1004 1127 1128
f 1774 1775 1771
f 987 1400 1399
f 1578 1774 1772
f 1783 1782 1781
f 1597 1598 1770
f 639 1878 3895
f 3928 3929 1769
f 1793 1792 1789
f 3929 3920 1798
f 3508 3516 3773
f 1802 1867 3924
f 1788 1790 1794
f 1793 1794 1795
f 3773 3772 1675
f 1584 1581 1783
f 1771 1797 3920
f 1801 1799 1798
f 1768 1769 1798
f 1775 1796 1797
f 508 514 515
f 1796 1803 1802
f 1800 1798 3920
f 1794 1805 1804
f 3532 1670 1752
f 485 1808 1807
f 3809 3844 1640
f 3837 3844 1810
f 485 482 1640
f 1690 1691 3770
f 487 488 1648
f 3839 1813 1816
f 3838 1811 1648
f 3839 1812 1811
f 1812 1809 487
f 1641 1809 767
f 465 466 755
f 767 1815 3823
f 3822 1816 3826
f 1809 1812 1815
f 3837 1653 1651
f 675 672 3541
f 1814 1649 1822
f 1821 1822 3821
f 1824 1822 1649
f 1827 1849 1850
f 1668 1669 1662
f 1779 1780 1848
f 1790 1827 1805
f 1833 1836 1853
f 3521 3506 693
f 1614 1615 1616
f 1852 1853 3498
f 1620 1621 1622
f 1855 1765 1574
f 1847 1852 3501
f 1766 1765 1855
f 1629 1630 1631
f 1633 1622 1634
f 1635 1636 1637
f 1848 1833 1852
f 1855 1861 1863
f 1803 1866 1867
f 1862 1863 1831
f 1782 1855 1862
f 3922 3924 1865
f 1873 1872 1870
f 1874 1869 799
f 2045 3878 3897
f 1219 1345 1295
f 1615 1614 1396
f 3884 3895 1877
f 645 3898 3786
f 1345 1219 1035
f 634 639 3884
f 15 1887 1327
f 3910 3895 1878
f 1894 604 605
f 3506 3551 627
f 3560 640 645
f 340 341 454
f 1897 194 195
f 1889 1882 1877
f 1901 94 129
f 196 749 754
f 1705 1704 3921
f 340 378 166
f 1570 1480 563
f 1904 1494 194
f 1781 1862 1832
f 1905 549 55
f 1000 994 995
f 986 919 920
f 1191 1185 1190
f 2094 2077 2075
f 1920 1921 1919
f 453 454 1912
f 1915 1919 1918
f 3882 2112 2106
f 1655 3575 3531
f 1916 1918 1926
f 704 3554 3561
f 278 1916 1925
f 3565 3564 1818
f 1097 949 1115
f 1927 1928 727
f 3578 3579 3654
f 1920 310 307
f 1929 307 48
f 503 504 1497
f 1902 1903 787
f 1816 1821 3820
f 1925 1926 1923
f 1535 1569 1568
f 254 252 258
f 1509 1497 366
f 119 86 35
f 219 288 293
f 141 46 47
f 542 205 244
f 1940 552 430
f 1779 1828 1827
f 1701 1710 3915
f 1661 3550 3515
f 270 53 754
f 197 1947 749
f 1727 1728 1212
f 53 54 232
f 1465 1468 1479
f 1284 3862 3854
f 1951 446 412
f 168 398 1554
f 1486 1485 206
f 506 77 78
f 994 1001 1007
f 951 953 963
f 1013 3859 3861
f 3826 3820 1820
f 1498 1909 1954
f 299 298 543
f 1754 1755 1756
f 1681 469 1683
f 1696 1694 1695
f 13 14 738
f 473 476 475
f 482 1641 768
f 204 62 30
f 1761 1762 820
f 611 1763 1125
f 1501 1503 1908
f 1074 1073 711
f 1960 1944 82
f 120 1956 1960
f 35 86 87
f 1773 1199 1025
f 1965 1545 1569
f 494 761 471
f 1966 1967 1969
f 446 1951 1971
f 174 368 125
f 1580 1579 1578
f 1785 1786 1787
f 1972 1546 304
f 1254 876 875
f 1973 341 342
f 321 1912 1973
f 1910 277 275
f 509 1973 514
f 1486 1507 1527
f 1974 1874 804
f 1977 1976 1974
f 1980 448 1966
f 379 1 2
f 1718 1715 1710
f 884 995 992
f 1680 1684 1678
f 902 990 525
f 344 255 256
f 135 138 137
f 448 446 1967
f 589 605 604
f 910 909 908
f 1981 1966 1968
f 1982 1981 1987
f 1988 1979 1987
f 1990 1988 1989
f 1991 1989 1993
f 322 321 320
f 992 828 830
f 1144 1076 1086
f 1995 1977 1978
f 1133 1129 1118
f 1997 1995 1994
f 870 1823 1335
f 805 806 1982
f 727 184 2000
f 1996 1994 1988
f 1994 1978 1979
f 1829 616 792
f 1830 1073 941
f 798 803 800
f 729 732 731
f 2011 2012 2023
f 1834 1835 846
f 402 283 284
f 2022 2023 2024
f 1838 718 989
f 810 955 952
f 1823 1839 1840
f 1430 1426 1432
f 1215 844 1841
f 1316 1208 873
f 2112 1401 1384
f 1842 1843 1844
f 1159 846 845
f 837 27 1846
f 1971 1951 2030
f 517 369 370
f 1471 2026 2027
f 3551 3525 626
f 2174 2175 770
f 935 934 1854
f 1613 1619 1611
f 1231 1228 1225
f 1856 1857 891
f 1300 1309 748
f 1150 1149 1858
f 1643 606 696
f 1215 1265 1264
f 1320 1860 902
f 1956 1943 1944
f 2031 668 669
f 2034 1325 1310
f 1879 1880 1656
f 40 245 242
f 1992 1993 2039
f 888 958 957
f 1882 1889 1996
f 1078 1138 1255
f 1871 912 1192
f 294 411 218
f 1323 2041 2026
f 123 1960 83
f 1324 2036 2041
f 384 358 359
f 1324 1325 2038
f 1883 1884 1885
f 287 1540 114
f 1096 1886 1134
f 915 1329 931
f 806 1980 1981
f 3533 3529 584
f 1425 2030 2042
f 1018 2042 1948
f 3562 1896 740
f 1948 2042 649
f 1881 1882 1990
f 1900 129 130
f 992 995 994
f 923 927 925
f 3878 2045 2047
f 1643 2048 625
f 2050 2052 2051
f 2045 1405 1404
f 3876 2047 945
f 1139 1080 1079
f 1037 1856 892
f 2055 2053 2057
f 1198 989 718
f 1619 2058 1612
f 2058 1605 1606
f 2059 2060 1607
f 2058 1619 1624
f 71 72 179
f 405 406 1557
f 322 1548 1972
f 2061 2052 2063
f 2066 2065 2067
f 2052 2061 2064
f 1609 1610 2066
f 1515 151 152
f 1009 827 993
f 1644 3843 3815
f 279 1915 1916
f 1285 3863 3862
f 1647 2066 1825
f 2056 2057 2067
f 319 320 1953
f 667 666 1913
f 2070 631 625
f 2052 2050 2055
f 2038 1654 1655
f 1606 1601 2073
f 1235 1917 1270
f 2072 2073 2075
f 2059 1606 2072
f 2074 2075 2077
f 1601 1602 2078
f 2049 2048 1643
f 1000 1004 1001
f 1089 943 684
f 1931 1286 1306
f 1462 1459 1021
f 1932 1933 1934
f 875 874 1846
f 1936 1051 1937
f 44 45 46
f 1534 1955 1956
f 1541 318 317
f 2081 2082 2084
f 146 1945 1959
f 1360 1941 1942
f 985 984 1032
f 1995 1997 1892
f 2079 2080 2082
f 2095 2096 2076
f 2081 2093 2078
f 2055 2050 2054
f 501 2096 2095
f 2097 2100 2099
f 2098 2099 2094
f 2140 2141 3893
f 2141 2046 3894
f 2051 2070 2048
f 592 2102 2101
f 2071 2064 2076
f 2102 2097 2098
f 593 2103 2102
f 1019 1895 746
f 1950 11 12
f 725 2071 2096
f 1385 2105 2104
f 1379 2104 2106
f 2107 2108 2100
f 3908 726 502
f 3896 502 499
f 940 1389 2109
f 928 929 1170
f 3868 590 684
f 1962 1963 1964
f 3878 680 573
f 2039 1993 1968
f 1389 1390 2110
f 1398 2111 2113
f 3757 3755 3753
f 3911 3883 2107
f 949 923 924
f 260 241 324
f 1390 1397 2113
f 2070 2051 2064
f 3867 3911 2103
f 2105 1385 1421
f 2114 1421 1423
f 3892 2114 2115
f 3908 2105 2114
f 554 2116 1902
f 972 1163 967
f 1765 1593 1573
f 1984 1985 1986
f 2053 2117 2069
f 3573 3556 724
f 1625 1677 1674
f 3881 3888 2119
f 3903 2115 2123
f 56 1954 1906
f 626 3877 3879
f 2001 2002 2003
f 3912 3841 2127
f 2006 2007 2008
f 2127 1413 1412
f 2014 2015 2016
f 2018 2019 2020
f 1495 1424 1947
f 1379 1377 1386
f 3814 3811 1680
f 2029 1885 1884
f 3902 2128 2120
f 629 3879 3914
f 682 683 943
f 724 1650 2121
f 1757 1819 3821
f 765 1810 3844
f 3851 714 715
f 706 707 3870
f 981 986 987
f 1457 1868 1656
f 2017 2016 2032
f 1458 1655 1868
f 1776 1777 1792
f 1959 1945 1946
f 3663 3715 3725
f 3913 3881 2122
f 1093 1089 689
f 966 965 968
f 3852 715 3881
f 2172 3577 2170
f 670 2138 2137
f 3761 787 1903
f 1429 19 28
f 964 963 978
f 3841 3813 1413
f 1473 1474 669
f 3834 3833 1359
f 2138 798 1870
f 1872 1473 2137
f 715 716 3888
f 1881 1991 1992
f 3843 3842 739
f 1837 1847 3513
f 253 58 59
f 1808 3837 3840
f 1647 3832 3818
f 3865 3866 671
f 2112 3882 3883
f 1405 2045 2044
f 3829 3824 1364
f 273 1541 391
f 576 632 3520
f 3875 3865 668
f 1430 1431 2140
f 2136 3850 3860
f 1430 2139 18
f 3893 3894 570
f 1442 1439 2046
f 1431 1442 2141
f 3869 3913 3850
f 3808 3823 1817
f 3866 3893 695
f 2142 2025 798
f 571 2143 2142
f 3819 3814 1618
f 2143 2022 2025
f 694 2142 2138
f 681 1572 2144
f 2144 2011 2022
f 328 210 457
f 1572 2010 2011
f 630 3892 3903
f 2085 2086 2087
f 2090 2091 2092
f 572 2144 2143
f 1875 1976 2153
f 1873 1875 2149
f 2103 2107 2097
f 2157 2043 2155
f 2128 1412 1414
f 3874 3871 589
f 3872 3870 628
f 2149 2153 2158
f 2159 2158 3905
f 698 3907 3902
f 3823 3847 3827
f 2158 2156 3874
f 1438 2044 2046
f 2035 2154 2160
f 2161 2160 3889
f 3871 3891 605
f 3873 17 18
f 370 29 61
f 649 1951 413
f 2153 2157 2156
f 1428 1429 1449
f 1490 76 73
f 3890 3905 710
f 2155 1891 3891
f 1456 1457 1880
f 2125 2088 2087
f 2160 2159 3890
f 300 1959 505
f 1064 1062 1046
f 2043 1892 1891
f 2129 2130 2004
f 2131 2132 2133
f 3848 3849 1450
f 1998 1975 804
f 3879 673 3864
f 474 492 490
f 1164 1165 1182
f 707 2162 3909
f 708 1472 2162
f 2162 2161 3886
f 548 549 1905
f 1145 1136 1114
f 705 2121 1650
f 2043 2157 1977
f 737 738 554
f 1034 1195 1191
f 458 1905 1907
f 195 196 232
f 2040 2039 1969
f 2145 2146 2147
f 2054 2050 2049
f 3832 1646 1639
f 9 12 11
f 252 364 506
f 472 478 479
f 1865 3924 3791
f 900 903 910
f 1941 2150 2151
f 1921 1928 1927
f 2163 1897 1898
f 271 156 153
f 1904 1326 12
f 282 263 264
f 1872 1873 2154
f 1326 1904 1897
f 628 692 693
f 1724 1722 1719
f 1549 1562 436
f 1582 1583 1730
f 1921 1920 1929
f 3563 3511 10
f 2152 2037 1950
f 475 772 774
f 769 2172 2171
f 2171 2165 476
f 476 773 772
f 1791 565 464
f 2166 2167 2168
f 595 371 372
f 483 1809 1641
f 762 2174 2173
f 771 483 484
f 486 487 1809
f 297 1549 1517
f 763 2175 2174
f 776 755 759
f 184 185 2176
f 412 447 303
f 2005 2176 185
f 3811 1681 1682
f 2164 2170 756
f 1472 2035 2161
f 950 951 964
f 2177 2178 2179
f 227 226 1510
f 2182 2183 2184
f 2186 2019 2018
f 1985 2182 2181
f 214 736 729
f 865 849 842
f 849 865 1357
f 559 3187 3188
f 16 13 737
f 560 553 498
f 3193 3196 3195
f 3200 3197 3198
f 3211 3214 3213
f 3215 3218 3217
f 2187 2188 2002
f 2169 2168 2189
f 2192 2086 2085
f 2193 2194 2195
f 2198 2199 2200
f 1998 1982 1979
f 3664 3665 3668
f 2116 1898 1903
f 1859 2006 2009
f 3904 2123 2126
f 1135 1148 1087
f 2201 2202 2015
f 1149 111 110
f 3221 3222 3218
f 2203 2204 2205
f 579 580 1895
f 1755 2207 2208
f 3891 3910 1893
f 1211 2151 2150
f 868 997 2210
f 944 945 930
f 2130 2129 2202
f 233 1903 1898
f 665 751 750
f 1167 1254 999
f 2211 2212 2213
f 2215 2216 2217
f 3867 593 590
f 2220 221 220
f 823 824 948
f 3225 3220 3227
f 266 204 455
f 3882 2108 2107
f 2221 2222 3519
f 2223 2224 2225
f 2207 2125 2124
f 673 674 3869
f 817 1000 996
f 2227 2228 2146
f 1947 1948 646
f 3900 2135 17
f 2229 1635 1638
f 1679 1613 1618
f 1637 2231 2232
f 2233 2234 1617
f 2231 2235 2236
f 1381 1638 2238
f 3586 2241 2242
f 1630 2234 2233
f 1681 1626 472
f 1408 1407 2243
f 3236 3239 3238
f 3232 3241 3240
f 1637 2230 2238
f 3237 3238 3233
f 1409 1408 1634
f 1380 1383 2247
f 1628 2248 2245
f 2249 1623 1622
f 1632 1634 1408
f 2248 1628 1631
f 2235 2231 1637
f 3245 3246 3199
f 631 2070 2071
f 515 167 52
f 782 781 2251
f 2253 2254 2255
f 397 281 459
f 1456 2039 2040
f 2040 2041 2036
f 1401 2112 2111
f 2041 2040 1970
f 1535 121 414
f 1586 1587 2080
f 2256 983 1132
f 1700 1699 3918
f 3815 1896 1686
f 1263 2256 1886
f 598 1841 844
f 2257 2258 2259
f 2258 2261 2262
f 2259 2262 2263
f 2260 2259 2216
f 1967 1971 1970
f 2212 1964 1963
f 922 921 2218
f 1312 1098 1101
f 1307 1306 1286
f 1548 1569 1546
f 2266 2267 2268
f 2265 2268 2270
f 2272 2265 2269
f 2273 2266 2265
f 2275 2276 2277
f 2278 2274 2277
f 2284 2285 3617
f 2287 2283 2286
f 2288 2289 2283
f 2290 2284 3639
f 2291 2292 2293
f 2295 2291 2294
f 2296 2297 2291
f 2297 2298 2292
f 2294 2293 2299
f 2279 2294 2300
f 2298 2301 2302
f 2292 2302 2303
f 2293 2303 2304
f 2304 2305 2306
f 2308 2309 2310
f 2302 2307 2310
f 2301 2311 2307
f 2312 2308 2307
f 2313 2314 2315
f 2318 2319 2320
f 3748 3771 2322
f 2324 2325 2273
f 2313 2324 2326
f 2328 2324 2313
f 2329 2325 2324
f 2331 2332 2333
f 2330 2333 2267
f 2325 2330 2266
f 2329 2331 2330
f 2333 2334 2335
f 2336 2334 2333
f 2338 2336 2332
f 2331 2339 2337
f 2329 2340 2339
f 2328 2341 2340
f 2316 2342 2341
f 2342 2316 2315
f 2344 2345 2346
f 2341 2344 2347
f 2342 2348 2344
f 2348 2349 2345
f 2350 2351 2352
f 2339 2350 2353
f 2340 2347 2350
f 2347 2346 2351
f 2337 2353 2354
f 2353 2352 2355
f 2356 2277 2276
f 2356 2357 2358
f 2356 2359 2296
f 2279 2277 2356
f 2360 2361 2270
f 2267 2335 2360
f 2362 2363 2364
f 2362 2365 2361
f 2366 2362 2358
f 2366 2367 2363
f 2357 2276 2368
f 2366 2368 2369
f 2276 2275 2370
f 2368 2370 2282
f 2372 2373 2374
f 2375 2376 2377
f 2378 2379 2380
f 2382 2378 2381
f 2384 2385 2378
f 2385 2386 2379
f 2388 2389 2390
f 2387 2390 2392
f 2393 2394 2387
f 2394 2395 2388
f 2186 2401 2402
f 2403 2404 2327
f 2272 2403 2326
f 2271 2405 2403
f 2405 2406 2404
f 2404 2407 2408
f 2409 2410 2411
f 2409 2412 2271
f 2413 2409 2269
f 2413 2414 2410
f 2417 2415 2416
f 2417 2418 2406
f 2412 2417 2405
f 2411 2415 2417
f 2406 2419 2407
f 3569 3520 632
f 2420 2398 2397
f 2420 2421 2423
f 2424 2420 2422
f 2424 2399 2398
f 2425 2391 2392
f 2421 2425 2426
f 2397 2396 2425
f 2396 2393 2391
f 2427 2314 2408
f 2430 2427 2428
f 2343 2315 2427
f 2432 2343 2430
f 2431 2430 2429
f 2435 2431 2433
f 2436 2432 2431
f 2428 2408 2407
f 2422 2437 2407
f 2438 2437 2422
f 2429 2428 2437
f 2440 2434 2433
f 2441 2439 2433
f 2442 2443 2439
f 2443 2444 2440
f 2445 2446 2444
f 2447 2445 2443
f 2383 2381 2445
f 2381 2380 2446
f 2448 2438 2423
f 2449 2448 2426
f 2441 2448 2449
f 2441 2429 2438
f 2449 2392 2390
f 2450 2390 2389
f 2447 2450 2451
f 2442 2449 2450
f 2451 2389 2453
f 2452 2453 2455
f 2382 2452 2454
f 2383 2451 2452
f 2456 2457 2373
f 2459 2460 2461
f 2463 2464 2465
f 2462 2465 2285
f 2466 2462 2284
f 2467 2463 2462
f 2461 2460 3703
f 2468 2469 2470
f 2472 2468 2471
f 2474 2461 3701
f 2475 2476 2477
f 2458 2455 2453
f 2479 2453 2389
f 2395 2480 2479
f 2480 2459 2458
f 2481 2482 2483
f 2484 113 2485
f 2471 2470 2464
f 2473 2471 2463
f 2487 2467 2466
f 2486 2466 2290
f 2490 2486 2488
f 2491 2487 2486
f 2492 2473 2467
f 2493 2492 2487
f 2494 2495 2492
f 2495 2472 2473
f 3690 2496 2474
f 3691 2497 2496
f 2498 2494 2493
f 2500 2498 2499
f 3700 3687 2498
f 3687 3691 2494
f 2306 2504 2278
f 2305 2505 2504
f 2504 2505 2507
f 2506 2507 2288
f 2274 2506 2508
f 2278 2504 2506
f 3633 3632 2489
f 3620 3633 2488
f 2507 2509 2289
f 2505 2510 2509
f 2508 2288 2287
f 2511 2287 2281
f 2370 2511 2280
f 2275 2508 2511
f 2512 2490 2489
f 2514 2512 2513
f 2517 2512 2514
f 2517 2491 2490
f 2499 2493 2491
f 2499 2517 2516
f 2510 2505 2519
f 2518 2519 2521
f 3616 2518 2520
f 3632 2510 2518
f 2522 2304 2303
f 2523 2522 2310
f 2305 2304 2522
f 2524 2522 2523
f 2519 2524 2525
f 2505 2305 2524
f 2308 2312 2527
f 2526 2527 2529
f 2531 2526 2528
f 2309 2308 2526
f 1214 2532 2151
f 2419 2406 2418
f 2533 2345 2349
f 2534 2533 2317
f 2535 2536 2533
f 2536 2346 2345
f 2537 2351 2346
f 2538 2537 2536
f 2539 2540 2537
f 2540 2352 2351
f 2312 2355 2541
f 2527 2541 2542
f 2543 2435 2434
f 2545 2543 2544
f 2319 2318 2543
f 2318 2436 2435
f 2514 2515 2548
f 2547 2548 2550
f 2552 2547 2549
f 2552 2516 2514
f 2520 2521 2554
f 2553 2554 2556
f 3590 2553 2555
f 3621 2520 2553
f 2523 2309 2531
f 2557 2531 2530
f 2525 2523 2557
f 2559 2557 2558
f 2554 2559 2560
f 2521 2525 2559
f 2561 2375 2007
f 2376 2562 2225
f 2564 2565 2566
f 2563 2566 338
f 2569 2563 2567
f 2570 2564 2563
f 2572 2573 2574
f 2571 2574 2576
f 2544 2571 2575
f 2544 2434 2572
f 2578 2570 2569
f 2579 2577 2569
f 2574 2577 2579
f 2573 2578 2577
f 2581 2582 2583
f 2584 2580 2583
f 3697 3675 2580
f 3676 2581 2580
f 2582 2516 2552
f 2583 2552 2551
f 2500 2501 2589
f 2590 2588 2589
f 3693 3695 2588
f 3695 3700 2500
f 2501 2516 2591
f 2592 2593 2594
f 2386 2385 2503
f 2596 2379 2386
f 2596 2374 2373
f 2599 2596 2597
f 2599 2380 2379
f 2600 2446 2380
f 2600 2599 2598
f 2603 2600 2601
f 2603 2444 2446
f 2604 2603 2602
f 2440 2604 2605
f 2444 2603 2604
f 2606 2582 2581
f 2606 2607 2590
f 2591 2516 2582
f 3676 2587 2456
f 3689 2456 2372
f 2478 2477 2608
f 2609 2610 2611
f 2564 2570 2613
f 2612 2613 2598
f 2457 2612 2597
f 2565 2564 2612
f 2614 2613 2570
f 2615 2614 2578
f 2602 2601 2614
f 2601 2598 2613
f 2572 2434 2605
f 2616 2605 2602
f 2573 2572 2616
f 1459 1016 1045
f 1265 1215 1079
f 1612 1608 1609
f 2067 2057 2069
f 1135 1109 1136
f 1938 1937 2618
f 95 548 458
f 2058 1607 1608
f 1454 1469 1445
f 655 2620 1048
f 722 1049 2621
f 1131 985 1033
f 562 1481 366
f 1723 1719 1725
f 1786 1123 1122
f 267 300 323
f 1325 2034 1654
f 1468 1165 1435
f 658 657 529
f 8 532 247
f 382 1557 1559
f 788 619 1307
f 940 930 929
f 911 2622 2623
f 2621 2620 655
f 2624 1857 2625
f 998 1846 27
f 635 638 2626
f 2627 641 644
f 2628 2627 1840
f 1200 1199 2627
f 1199 1773 641
f 1520 515 49
f 1452 1350 1349
f 2630 2631 1859
f 644 643 1335
f 1197 1198 717
f 2632 717 719
f 2628 2632 1166
f 2629 1197 2632
f 1762 2633 1050
f 1823 870 873
f 2634 2635 794
f 1042 794 2635
f 93 94 1901
f 2036 2038 1458
f 1527 332 1525
f 877 876 1274
f 134 409 797
f 1328 893 931
f 607 777 1091
f 1043 2635 2637
f 2636 2637 2639
f 1275 2636 2638
f 1275 1040 1043
f 1272 2624 2626
f 2640 2626 638
f 1110 2641 2640
f 536 1272 2640
f 1472 708 1474
f 2042 2030 1951
f 1058 1106 1105
f 2642 2623 2643
f 1192 2642 2644
f 912 2623 2642
f 3898 1657 3526
f 1049 1048 2620
f 616 1829 1885
f 1331 1913 666
f 990 989 1198
f 1911 1912 321
f 1298 1282 1205
f 76 1490 1504
f 1502 1500 421
f 610 609 658
f 1146 937 659
f 2646 911 914
f 1280 1239 1238
f 1453 1454 1452
f 835 942 1843
f 1271 1270 1173
f 1893 1878 1826
f 1050 2633 1937
f 2651 2652 814
f 1006 1053 1281
f 2653 1084 2654
f 1001 1004 1003
f 585 997 679
f 2624 1272 621
f 555 678 2028
f 1207 526 1197
f 1626 1627 478
f 426 389 419
f 1030 1193 1773
f 3898 645 634
f 534 1533 138
f 1125 1092 1042
f 333 228 88
f 569 1570 561
f 1489 2656 871
f 1857 2624 620
f 1673 1674 3770
f 622 861 864
f 619 788 891
f 261 544 545
f 393 1555 1556
f 2658 2659 2647
f 1075 2658 2657
f 1081 1080 2658
f 1080 1139 2659
f 2644 2643 1141
f 2660 1141 1140
f 642 2660 1336
f 1193 2644 2660
f 679 678 555
f 1503 1501 1500
f 1318 1317 1101
f 2661 2659 1139
f 2661 1142 2663
f 2662 2647 2659
f 2662 2663 2622
f 2664 2622 911
f 2648 2664 2646
f 2648 2647 2662
f 2083 2094 2093
f 1442 1440 1437
f 519 329 330
f 1885 2029 1209
f 799 800 805
f 1946 1943 1952
f 1302 1301 1253
f 566 2005 224
f 1389 940 928
f 683 682 681
f 836 835 1842
f 2665 1842 1845
f 2666 2665 1303
f 24 836 2665
f 831 1072 2650
f 1845 1844 1304
f 2010 2013 2012
f 1051 1936 2667
f 1522 1521 1511
f 531 440 441
f 1250 635 2625
f 2669 2625 1857
f 783 2669 1856
f 782 1250 2669
f 720 2670 2671
f 1055 1931 1930
f 1333 1067 1251
f 619 622 1308
f 652 655 2619
f 521 522 1539
f 1838 988 537
f 2672 537 536
f 1113 2672 2641
f 1113 527 1838
f 1016 1013 1351
f 3897 573 570
f 226 227 104
f 3564 3669 3827
f 1036 1037 1884
f 2674 1301 1304
f 2673 1304 1844
f 1334 2673 2675
f 1333 2674 2673
f 2676 702 1039
f 1843 2676 2675
f 942 1074 2676
f 1074 699 702
f 752 1057 1055
f 1200 1166 656
f 1120 1846 874
f 2677 874 877
f 1241 2677 1052
f 1119 1120 2677
f 1560 1513 151
f 1208 1316 611
f 215 735 736
f 1460 1459 1462
f 1208 1207 1839
f 854 856 1282
f 72 445 182
f 544 1563 1565
f 217 200 456
f 2047 1404 930
f 1204 2618 1937
f 913 777 686
f 840 527 1113
f 1531 729 730
f 2678 778 1283
f 601 667 1914
f 1537 1538 459
f 1819 1757 3509
f 991 1860 862
f 2679 711 1073
f 2680 1830 983
f 779 2680 2256
f 778 2678 2680
f 2678 2679 1830
f 180 542 245
f 1886 1132 1131
f 1138 1137 1274
f 1841 598 1140
f 75 313 314
f 193 423 420
f 2681 2682 1099
f 170 1567 1565
f 349 416 417
f 1121 1124 2684
f 547 797 409
f 123 122 121
f 2643 2663 1142
f 1542 1544 513
f 899 900 907
f 1210 677 676
f 791 663 982
f 24 27 837
f 893 896 932
f 1860 1320 863
f 535 538 862
f 1569 1548 1547
f 181 455 542
f 660 659 937
f 2013 567 568
f 887 890 2631
f 1524 1508 361
f 520 161 162
f 2653 855 854
f 1238 1237 2655
f 718 1838 527
f 1492 1493 518
f 792 616 615
f 599 846 1835
f 290 457 456
f 312 171 1552
f 1248 2687 1179
f 153 149 177
f 1240 1181 1222
f 1257 1292 1235
f 1291 1084 1083
f 1052 877 1277
f 743 742 2618
f 444 140 430
f 23 1224 1172
f 2687 2654 1180
f 102 103 409
f 1283 607 610
f 373 497 650
f 1180 2654 1084
f 855 2653 2655
f 1173 1270 1917
f 2689 850 853
f 2688 853 1108
f 2686 2688 1279
f 2687 2689 2688
f 2691 1302 1252
f 2690 1252 850
f 1248 2690 2689
f 1248 1247 2691
f 2692 617 24
f 2691 2692 2666
f 1247 1258 2692
f 1258 1168 617
f 394 1554 1555
f 2693 1260 1259
f 1072 1236 1262
f 1257 1071 1168
f 398 439 1555
f 871 1784 1314
f 1178 1232 1249
f 1224 1289 1173
f 1010 2617 2618
f 1175 1174 1292
f 2654 2687 2686
f 2694 1157 1216
f 71 418 1487
f 701 1112 1111
f 1072 1261 2649
f 1085 2695 22
f 895 2694 1264
f 1601 1606 1605
f 1259 1262 1271
f 21 20 1220
f 988 991 538
f 598 597 1336
f 1050 860 818
f 1298 2645 1761
f 1168 1167 618
f 858 1168 1256
f 39 242 516
f 2652 1761 819
f 313 316 315
f 2026 1970 1971
f 2656 1489 596
f 814 819 818
f 2696 2651 813
f 1260 2696 2649
f 2693 2697 2696
f 2697 1296 2651
f 381 355 390
f 3818 3819 1611
f 1475 1427 1428
f 1292 1174 1917
f 1551 353 354
f 1526 1525 1523
f 1593 1589 1595
f 1232 1269 1246
f 2695 2693 1223
f 2698 1297 1296
f 2698 2697 2693
f 2685 2698 2695
f 2685 854 1297
f 562 1497 271
f 2652 2651 1296
f 1365 1366 1364
f 1958 1946 1953
f 585 588 2210
f 1561 1560 1515
f 975 2648 1146
f 347 67 68
f 1038 1111 636
f 2700 781 780
f 2699 780 1036
f 2701 2699 1883
f 851 2700 2699
f 2674 1333 2251
f 2702 2251 781
f 1253 2702 2700
f 1301 2674 2702
f 1519 387 388
f 1273 1239 1280
f 2703 1280 1107
f 2701 2703 852
f 1829 1273 2703
f 91 260 326
f 1784 871 2656
f 2683 2684 2705
f 604 1894 3499
f 1669 3534 3548
f 2062 2063 2060
f 621 535 861
f 2023 731 732
f 686 779 1263
f 857 1051 2668
f 883 830 882
f 637 636 1111
f 2668 894 893
f 2667 921 894
f 1039 1038 1068
f 313 75 1504
f 1911 1972 305
f 1936 2706 1964
f 2707 2402 2401
f 2708 2707 2183
f 738 2163 2116
f 2349 2348 2432
f 2711 2712 2020
f 2400 2711 2019
f 2714 2715 2716
f 2717 2718 2719
f 2721 2722 2723
f 2726 2727 2728
f 2725 2728 2730
f 2731 2725 2729
f 2732 2726 2725
f 2734 2735 2736
f 2738 2739 2740
f 2737 2740 2741
f 2744 2745 2746
f 2745 2744 2748
f 2749 2750 2747
f 2753 2749 2751
f 2250 1380 2246
f 2754 1396 1614
f 3598 2754 2755
f 3608 2745 2747
f 1617 2756 2755
f 2242 2758 1620
f 2191 2085 2760
f 2761 2759 2760
f 3648 2759 2761
f 3623 2191 2759
f 3209 3248 3223
f 1395 1394 2236
f 1395 2235 1636
f 1616 1635 2229
f 1617 2234 2763
f 2756 2763 3628
f 2765 2763 2234
f 2766 2764 3628
f 3202 3199 3246
f 1516 437 435
f 2768 2769 3552
f 1495 541 578
f 2135 2136 28
f 3526 3540 2773
f 1690 1689 3926
f 2778 2779 2780
f 2777 2780 2781
f 2784 2778 2777
f 3555 3521 575
f 1494 1904 9
f 3529 2016 2015
f 451 61 505
f 2786 2787 2788
f 2779 2786 2785
f 2789 2752 2741
f 2790 2753 2752
f 2792 2793 2794
f 2793 2795 2796
f 2796 2797 2750
f 2794 2796 2749
f 2798 1393 1396
f 3591 2798 2754
f 2798 2799 2800
f 3591 3662 2799
f 2797 2796 2795
f 2791 2794 2753
f 216 233 232
f 3804 2806 2807
f 3805 2809 2804
f 2769 2810 3557
f 183 185 184
f 2811 2812 2775
f 2804 2811 2776
f 2809 2813 2811
f 2812 2811 2813
f 3805 2808 2816
f 3796 2818 2815
f 3798 3800 2820
f 3793 2823 2819
f 2824 2736 2735
f 2823 2825 2824
f 2825 2823 2826
f 3793 2822 2827
f 3796 2817 2826
f 2713 2716 2829
f 2828 2829 2831
f 2822 2821 2828
f 2821 2820 2713
f 2832 2827 2822
f 2833 2832 2830
f 2834 2835 2832
f 2835 2818 2827
f 2837 2838 2839
f 2836 2839 2841
f 2842 2836 2840
f 2843 2837 2836
f 2840 2841 2845
f 2718 2844 2845
f 2730 2728 2844
f 2727 2840 2844
f 2846 2845 2841
f 2829 2846 2847
f 2847 2841 2839
f 2848 2839 2838
f 2833 2848 2849
f 2831 2847 2848
f 2850 2814 2851
f 2853 2850 2852
f 2783 2777 2782
f 2785 2788 2853
f 2780 2785 2856
f 2857 2858 2855
f 2859 2857 2782
f 2861 2843 2842
f 2860 2842 2727
f 2862 2860 2726
f 2863 2861 2860
f 2861 2863 2858
f 2843 2861 2857
f 2856 2853 2854
f 2781 2856 2864
f 2837 2843 2859
f 2838 2837 2864
f 2852 2851 2834
f 2854 2852 2849
f 2865 2815 2818
f 2851 2865 2835
f 2813 2809 2815
f 2814 2813 2865
f 2866 2812 2814
f 2788 2866 2850
f 2866 2788 2787
f 2812 2866 2867
f 1892 1889 1890
f 2720 2719 2846
f 298 299 256
f 2872 2714 2713
f 3794 3800 2735
f 2729 2730 2874
f 2846 2716 2715
f 2876 2877 2878
f 2733 2875 2878
f 3806 3807 2879
f 3806 2880 2872
f 2882 2883 2884
f 2881 2884 2715
f 2880 2881 2714
f 2879 2882 2881
f 2885 2886 2887
f 2888 2889 2890
f 2885 2890 2892
f 2893 2886 2885
f 1942 2151 2532
f 2895 2892 2720
f 2884 2895 2870
f 2883 2896 2895
f 2896 2891 2892
f 2889 2874 2717
f 2890 2717 2720
f 2897 2893 2891
f 2898 2897 2896
f 2899 2898 2883
f 2900 2899 2882
f 3797 2900 2879
f 2876 2902 2901
f 2901 2902 2904
f 1785 2656 1835
f 2905 2906 2899
f 2907 2908 2897
f 3797 2901 2903
f 632 576 577
f 3532 3547 2867
f 434 385 550
f 2768 2770 3640
f 2910 2911 1623
f 2241 2912 2758
f 3640 2770 2913
f 1623 2911 2757
f 3587 2242 2757
f 2229 1381 1380
f 2765 1630 1629
f 2915 2914 1629
f 3642 3641 2914
f 3641 3622 2765
f 2919 2916 3642
f 2918 2915 2912
f 3614 2918 2241
f 3618 2919 3613
f 3541 2177 2180
f 3521 2002 2188
f 3705 3573 714
f 2925 2766 2917
f 2924 2917 2916
f 3610 2924 2919
f 3611 2925 2924
f 2926 2927 2766
f 3658 2926 2925
f 1715 1713 1705
f 785 497 498
f 1387 651 565
f 374 375 1899
f 3573 2203 2206
f 2929 2930 2886
f 2932 2933 2934
f 1905 1906 1908
f 2930 2935 2936
f 2938 2935 2930
f 1493 369 517
f 1603 1585 1586
f 2939 2938 2929
f 2940 2939 2908
f 3665 1707 1600
f 2886 2930 2937
f 2906 2907 2898
f 2908 2929 2893
f 2942 2934 2933
f 2941 2933 2937
f 3501 2941 2936
f 3498 2942 2941
f 2943 2944 2710
f 2943 2873 2874
f 2945 2943 2889
f 2946 2944 2943
f 2932 2945 2888
f 2931 2946 2945
f 727 1928 1929
f 2903 2904 2947
f 545 594 42
f 1480 1570 533
f 2907 2906 2949
f 2906 2905 2950
f 1558 452 215
f 3799 2903 2948
f 2054 1645 1644
f 3705 3684 2203
f 1828 1837 1849
f 2953 2954 2955
f 2952 2955 2957
f 2956 2261 2258
f 2953 2952 2258
f 2454 2455 2474
f 3747 2958 2959
f 3747 2132 2131
f 2961 2962 2963
f 2958 2963 2964
f 222 221 2485
f 2477 2226 2966
f 2631 2561 2006
f 2384 2454 2496
f 2967 2968 2959
f 2968 2967 2970
f 3759 2033 2971
f 3784 2971 2960
f 2972 2971 2033
f 2007 2377 2973
f 3560 3559 2134
f 1836 1833 1832
f 3506 2188 2090
f 955 810 959
f 672 675 674
f 633 710 713
f 2024 732 733
f 2025 2024 803
f 425 1552 1550
f 2975 2976 888
f 1319 1158 1157
f 1212 1935 2977
f 889 957 2228
f 1978 1974 1975
f 1138 1078 1329
f 751 665 2979
f 1619 1613 1625
f 2252 2255 1728
f 1157 1160 845
f 2706 1936 1938
f 2980 2255 2254
f 2982 2975 887
f 802 712 711
f 678 677 2029
f 527 840 690
f 1839 1207 2629
f 2983 2984 602
f 2983 1914 1913
f 2985 2983 1331
f 2986 2984 2983
f 2987 2637 2635
f 2985 2988 2639
f 2990 1319 1318
f 2991 2992 2993
f 2995 2991 2994
f 1106 1058 2991
f 1058 1057 2992
f 1415 1406 1365
f 1317 922 2217
f 1932 1728 2255
f 926 2998 2999
f 3001 2993 2992
f 3000 2992 1057
f 2999 3000 2978
f 2998 3001 3000
f 3002 2998 2209
f 3002 3003 2996
f 2993 3001 3002
f 1103 1106 2995
f 3004 2995 2996
f 2209 2210 3004
f 588 1103 3004
f 295 296 433
f 2638 2639 2988
f 3005 2988 1056
f 1305 3005 1930
f 1276 2638 3005
f 1987 1968 1993
f 2633 1762 1761
f 1423 1422 1417
f 3561 3517 739
f 2671 2670 2704
f 1473 1872 2035
f 922 1317 2694
f 1401 1400 1378
f 556 2028 1884
f 842 848 3825
f 1854 2706 2617
f 933 1082 1081
f 1440 1441 1436
f 529 657 719
f 1031 1025 1027
f 777 913 912
f 2645 1205 1204
f 441 438 1538
f 790 1287 587
f 2065 2066 1610
f 1860 991 990
f 60 106 87
f 1424 1017 1948
f 332 1527 1507
f 261 262 138
f 187 188 449
f 1719 1720 1726
f 1931 1055 1059
f 3006 1059 1105
f 1287 3006 1104
f 1286 1931 3006
f 3007 3008 3009
f 3009 3008 653
f 618 999 26
f 2029 677 1210
f 957 601 600
f 1049 2146 2228
f 2631 890 3011
f 890 889 2227
f 3011 2227 2145
f 2561 3011 3012
f 1026 656 609
f 2706 1854 1961
f 3013 2965 2485
f 2148 2147 1267
f 3015 1267 1266
f 2997 2264 1101
f 642 641 1773
f 186 477 461
f 1041 1040 1320
f 1121 3016 3017
f 2984 2986 2987
f 3018 2987 2634
f 1048 603 3018
f 603 602 2984
f 2679 2678 801
f 2062 2072 2074
f 2061 2074 2076
f 414 303 1545
f 3016 1121 2683
f 3019 2683 2704
f 3020 3019 2670
f 3007 3016 3019
f 1871 1090 1091
f 3021 1787 1122
f 3022 3021 3017
f 1314 3021 3022
f 1784 1787 3021
f 1316 1315 1763
f 3023 3022 3010
f 3023 3009 795
f 1763 3023 1092
f 1315 3022 3023
f 3016 3007 3010
f 752 751 2978
f 2986 2639 2637
f 3024 654 653
f 3020 3024 3008
f 720 723 3024
f 723 2621 654
f 2681 1098 1268
f 2671 3025 1268
f 2705 2681 3025
f 1313 3026 3027
f 3026 3028 3029
f 3027 3029 3030
f 1311 3027 3031
f 2012 568 731
f 917 2657 974
f 743 1206 856
f 1888 2027 2030
f 2682 2705 2684
f 3032 2684 1124
f 1100 3032 2989
f 1099 2682 3032
f 1123 2990 2989
f 3033 1834 1159
f 2990 3033 1158
f 1123 1786 3033
f 1786 1785 1834
f 1054 1056 2988
f 2979 665 664
f 2623 2622 2663
f 1095 660 688
f 3034 3035 2261
f 3036 3034 2956
f 3037 3038 3034
f 3038 3039 3035
f 3040 3041 3026
f 2263 3042 3041
f 3042 3039 3043
f 3041 3043 3028
f 3044 3045 3043
f 3046 3047 3045
f 3047 3048 3049
f 3043 3045 3049
f 3038 3037 3051
f 3050 3051 3053
f 3052 3046 3044
f 3039 3038 3050
f 3054 3035 3039
f 3042 2263 2262
f 2261 3035 3054
f 2216 2263 2997
f 2212 2211 2667
f 3056 868 2209
f 934 3057 1961
f 2013 3755 3757
f 3058 3059 3060
f 3059 3062 3063
f 3060 3063 2213
f 3061 3060 1963
f 3063 3064 2214
f 3062 3065 3064
f 3065 2257 2260
f 3064 2260 2215
f 3066 3067 3031
f 2608 2966 3067
f 2966 2562 3068
f 3031 3067 3068
f 2455 2458 2461
f 2476 2223 2226
f 3551 2090 2089
f 3526 2774 3769
f 433 354 355
f 2115 1423 1419
f 3509 2868 2922
f 3769 3737 2131
f 3069 2611 2167
f 2971 2972 2928
f 2961 2774 2773
f 3070 2475 2478
f 2610 2609 3071
f 2502 2371 2374
f 3072 2592 2595
f 2964 3046 3052
f 3048 2593 3074
f 2593 2592 3075
f 3075 3030 3029
f 3074 3029 3028
f 3072 3076 3075
f 3076 3072 2482
f 2481 2608 3066
f 3076 3066 3030
f 2967 3052 3053
f 2482 3072 3073
f 479 480 493
f 706 3900 3873
f 3561 2194 2221
f 2013 2010 3754
f 3533 2032 2016
f 3562 3519 2222
f 1171 1154 1155
f 2586 2566 2565
f 2982 110 113
f 2562 2376 3077
f 2376 2375 3012
f 3012 2145 2148
f 3077 2148 3015
f 2963 3047 3046
f 3051 3078 2970
f 1683 2173 491
f 3850 2122 1447
f 1986 2181 3734
f 3079 3080 2546
f 3081 3079 2575
f 1983 1986 3768
f 3082 2323 2319
f 3080 3082 2545
f 3734 3732 3082
f 3732 3748 2323
f 1309 1471 1888
f 3073 2595 2772
f 2760 3083 3084
f 2760 2085 2088
f 3085 3084 3086
f 3089 3085 3090
f 3089 2762 3084
f 3092 3088 3090
f 3093 2748 2744
f 2751 2747 2748
f 3093 2741 2752
f 2742 2741 3093
f 3094 3093 2743
f 3096 3097 3098
f 3099 3096 3087
f 3097 3094 3095
f 3100 2743 2746
f 3101 2927 3102
f 2764 2766 2927
f 2745 2764 3101
f 3102 3092 3091
f 3100 3091 3095
f 2869 2802 3592
f 3102 3103 3104
f 3658 2868 2869
f 2927 2926 3103
f 3098 3095 3091
f 3087 3098 3090
f 2088 2125 3105
f 3083 3105 3086
f 2483 3073 2771
f 2401 2186 2185
f 3099 3086 3105
f 2125 2207 3106
f 3108 2737 2742
f 3107 2742 3094
f 3110 3108 3107
f 3109 3107 3097
f 3111 3109 3096
f 3112 3110 3109
f 3113 2738 2737
f 3115 2723 2722
f 3117 3115 3114
f 3119 3117 3116
f 3118 3116 3120
f 3116 3114 3113
f 3122 3112 3111
f 3122 3123 1755
f 3124 3125 3126
f 3125 3118 3121
f 3128 3119 3118
f 3129 3128 3125
f 2020 2712 3128
f 3853 3857 1346
f 1065 1046 1047
f 1814 3838 3830
f 2021 2020 3129
f 3111 3099 3106
f 3123 3106 2207
f 2377 2225 2224
f 3014 2485 113
f 1756 2208 3782
f 3131 3132 2530
f 3133 3131 2528
f 1753 1756 3767
f 3134 3124 3127
f 2327 2408 2314
f 2436 2318 2317
f 2018 2021 3711
f 2534 3136 3137
f 2320 2322 3136
f 2185 2018 3712
f 3138 3139 2542
f 3134 3135 3744
f 3785 3130 3134
f 3140 3138 2539
f 2535 3137 3140
f 3711 2021 3130
f 2558 2530 3132
f 3782 3760 3141
f 2560 2558 3141
f 3760 3777 3142
f 958 888 2976
f 1933 1932 2980
f 2399 2424 2418
f 2348 2342 2343
f 2322 2320 2319
f 2718 2717 2874
f 2709 2729 2873
f 2894 2871 1361
f 346 289 176
f 1876 1877 1882
f 2802 2803 3607
f 3104 3144 3088
f 2974 2222 3649
f 3089 3145 2761
f 3088 3144 3145
f 2803 2974 3603
f 3870 3909 692
f 2123 1419 1418
f 1365 1363 1368
f 1581 1766 1782
f 3569 2202 2129
f 3555 2003 2002
f 3146 2585 2551
f 3751 3146 3147
f 3742 3149 3146
f 3149 2584 2585
f 3196 3198 3197
f 3604 2192 2191
f 3142 3150 2556
f 3777 3778 3150
f 3646 3152 2550
f 3150 3151 2555
f 3778 3780 3151
f 3788 3781 3152
f 3153 3147 2551
f 3152 3153 2549
f 3781 3776 3153
f 3776 3750 3147
f 3148 2767 2206
f 2183 2401 2321
f 2132 2960 2928
f 3684 3685 2204
f 3719 2198 2197
f 2594 2962 2773
f 2595 2594 2951
f 1870 798 799
f 3713 2179 2178
f 3706 2178 3736
f 336 3154 3774
f 339 3155 3154
f 3789 3683 3149
f 3683 3697 2584
f 2963 2962 3048
f 3722 3730 337
f 339 338 2566
f 3156 3157 2168
f 2610 3156 2167
f 2954 2953 3156
f 3157 3156 2953
f 3707 2166 2169
f 2567 3158 3159
f 337 3158 2567
f 3730 3069 2166
f 3764 2190 1983
f 2579 3160 3081
f 2568 3159 3160
f 3709 2169 2190
f 3065 3062 3162
f 3161 3162 1984
f 3157 3161 2189
f 2257 3065 3161
f 734 735 1922
f 3059 3058 2708
f 3163 2708 2182
f 3162 3163 1985
f 3062 3059 3163
f 3203 3206 3205
f 2122 2119 1448
f 3817 1686 1685
f 139 140 444
f 1570 569 566
f 2957 3164 3165
f 2955 3166 3164
f 1912 454 341
f 3130 3129 3124
f 1548 322 319
f 1949 1950 1327
f 2969 2970 3078
f 3167 3078 3169
f 3724 2014 2017
f 3720 2017 2033
f 3168 3169 3165
f 3170 3165 3164
f 3779 3170 3171
f 3724 3168 3170
f 3171 3164 3166
f 3172 3166 3071
f 3752 3172 3173
f 3756 3171 3172
f 3169 3037 3036
f 2593 3048 2962
f 3173 3071 2609
f 3174 2609 2199
f 3783 3174 2198
f 3749 3173 3174
f 2190 2189 1984
f 2196 2195 2767
f 2119 2120 1414
f 1464 1463 1466
f 2199 2611 3069
f 2457 2456 2587
f 2226 2225 2562
f 481 478 1627
f 333 1512 235
f 3078 3051 3037
f 3040 2264 2997
f 2219 1934 1933
f 2385 2384 2497
f 221 2220 3175
f 2220 1933 3143
f 3175 3143 2976
f 2484 3175 2975
f 2954 3071 3166
f 2630 1858 110
f 1547 319 1952
f 2091 2090 2188
f 3733 3736 2178
f 1918 1919 1927
f 3563 112 111
f 955 956 960
f 2037 3014 112
f 3143 2980 2981
f 2218 2211 2214
f 672 3877 3787
f 2152 3013 3014
f 1147 1144 1143
f 2248 2246 1409
f 1615 1636 1635
f 1410 1409 2246
f 3241 3243 3242
f 1382 3176 3177
f 3177 1410 2247
f 2247 1383 3177
f 3176 2238 2230
f 1410 3177 3179
f 3179 3180 2243
f 1633 3181 2800
f 1621 1620 2758
f 1622 1621 2245
f 2236 1394 3181
f 2237 2236 3182
f 2250 1631 2233
f 2912 1629 1628
f 135 136 1564
f 1567 419 512
f 1085 1084 2653
f 3184 869 868
f 869 3184 3057
f 1266 1268 1098
f 1267 2147 722
f 937 1146 2646
f 2146 1049 722
f 2211 2218 921
f 1957 510 507
f 1313 1312 2264
f 1496 362 1493
f 2887 2937 2933
f 1687 1688 1659
f 145 1499 1498
f 37 38 418
f 1935 1934 3185
f 104 89 301
f 2101 2098 2083
f 543 298 360
f 1934 2219 3186
f 234 1521 212
f 3845 3821 1822
f 1976 1875 1874
f 223 3186 2219
f 3655 3656 3605
f 2165 2164 467
f 467 468 2165
f 773 476 2165
f 1935 1212 1728
f 3240 3225 3226
f 3261 3249 3250
f 3215 3216 3244
f 3265 3221 3215
f 3267 3245 3198
f 3205 3206 3269
f 3214 3211 3265
f 3271 3213 3214
f 3251 3252 3239
f 3222 3221 3266
f 3232 3235 3234
f 3216 3242 3243
f 3196 3193 3268
f 3244 3243 3254
f 3238 3239 3247
f 3264 3244 3255
f 3253 3242 3216
f 3211 3266 3221
f 3257 3217 3218
f 3258 3222 3272
f 3274 3275 3280
f 3228 3229 3262
f 3275 3231 3281
f 3226 3227 3273
f 3236 3263 3260
f 3281 3263 3236
f 3287 3271 3192
f 3235 3226 3280
f 3234 3280 3281
f 3288 3290 3259
f 3260 3250 3276
f 3289 3212 3278
f 3210 3209 3224
f 3199 3202 3201
f 3228 3231 3230
f 3290 3288 3285
f 3282 3279 3271
f 3260 3263 3262
f 3243 3241 3268
f 3267 3268 3241
f 3194 3207 3208
f 3191 3270 3269
f 3270 3191 3192
f 3275 3274 3230
f 3264 3269 3270
f 3252 3251 3276
f 3248 3252 3291
f 3213 3271 3279
f 3272 3266 3289
f 3277 3278 3212
f 3228 3263 3281
f 3220 3225 3253
f 3219 3253 3217
f 3256 3218 3222
f 3247 3239 3252
f 3245 3267 3232
f 3266 3211 3212
f 3208 3205 3255
f 3288 3289 3284
f 3204 3205 3208
f 560 1899 3187
f 3209 3210 3201
f 3189 3192 3191
f 448 1980 807
f 647 648 122
f 1833 1848 1780
f 510 509 508
f 3210 1949 1887
f 1887 15 3200
f 15 16 3197
f 16 3188 3195
f 3195 3188 3187
f 3194 3187 1899
f 3207 1899 375
f 387 173 126
f 3189 1791 1760
f 3577 763 757
f 763 3577 2172
f 3583 3582 3580
f 3581 3580 3579
f 3594 3597 3596
f 3400 3601 3602
f 3626 3624 3625
f 3631 3635 3599
f 3636 3637 3595
f 3647 3584 3588
f 3650 3582 3584
f 3653 3579 3580
f 3653 2176 3654
f 1801 1864 3656
f 3651 3580 3582
f 3644 3638 3595
f 1767 1768 3659
f 1597 3663 3661
f 1708 1707 3665
f 3671 3668 3667
f 3666 3667 3673
f 1588 1708 3664
f 2080 3671 3666
f 2082 3666 3672
f 3674 3677 3635
f 3677 3678 3636
f 3682 3647 3645
f 3692 3651 3650
f 3681 3645 3644
f 786 3694 3692
f 3694 3653 3651
f 785 3692 3686
f 497 3686 3682
f 650 3682 3681
f 3696 564 3681
f 3405 3606 3605
f 3702 3699 3678
f 3699 3698 3679
f 3645 3588 3638
f 1799 3657 3659
f 3708 3704 3458
f 3462 3710 3708
f 3714 463 564
f 3615 3606 3602
f 3710 3714 3696
f 3635 3636 3596
f 3629 3626 3627
f 3597 3600 3599
f 3630 3716 3715
f 3627 3625 3597
f 3717 3716 3723
f 3715 3663 3660
f 3716 3717 3725
f 3668 3665 3661
f 3668 3725 3717
f 3667 3717 3718
f 3727 3728 3673
f 3728 1576 3672
f 3726 3727 3718
f 1576 2101 2084
f 3727 3726 3731
f 3203 376 1387
f 3190 1387 1791
f 3283 2152 1949
f 317 240 259
f 2000 2176 3653
f 3601 3599 3600
f 3589 3588 3584
f 3577 758 756
f 3585 3584 3582
f 3678 3679 3637
f 3204 375 376
f 1801 3655 3657
f 3729 3735 3728
f 1575 3735 3738
f 3735 1575 1576
f 1776 1795 1796
f 1293 1294 1290
f 1326 14 1327
f 1294 1245 1234
f 878 1244 1330
f 497 373 374
f 122 648 413
f 3699 3702 3704
f 3606 3405 3401
f 3708 3710 3698
f 3464 3714 3710
f 3704 3674 3443
f 439 398 399
f 1512 1528 1526
f 1668 1741 1738
f 839 849 1362
f 1362 1357 826
f 3843 740 1896
f 2053 2054 2118
f 3888 3887 2120
f 696 697 3816
f 1826 1878 639
f 3740 3739 3729
f 956 885 886
f 1980 806 1922
f 33 34 105
f 1343 1344 3856
f 3907 2127 2128
f 1766 1581 1582
f 14 1326 2163
f 595 98 99
f 3233 3238 3246
f 1346 1035 1044
f 748 1888 1425
f 3193 3208 3254
f 3190 3191 3206
f 3612 3605 3606
f 3624 3612 3615
f 3631 3415 3443
f 3679 3680 3644
f 3686 3650 3647
f 3702 3677 3674
f 3625 3615 3600
f 3601 3400 3415
f 3739 3738 3735
f 3630 3627 3594
f 3741 3723 3716
f 1284 1290 1288
f 3698 3696 3680
f 1778 1781 1780
f 1792 1759 1584
f 695 570 571
f 3638 3741 3594
f 3741 3638 3588
f 3247 3248 3209
f 3292 3293 3294
f 3296 3297 3298
f 3299 3298 3300
f 3302 3303 3304
f 3306 3307 3308
f 3307 3310 3311
f 3303 3302 3301
f 3312 3305 3304
f 3314 3315 3316
f 3318 3319 3320
f 3324 3318 3321
f 3326 3327 3328
f 3329 3330 3331
f 3333 3334 3335
f 3337 3338 3339
f 3333 3336 3341
f 3342 3341 3343
f 3319 3345 3344
f 3338 3335 3334
f 3346 3301 3302
f 3305 3348 3347
f 3312 3224 3223
f 3350 3337 3340
f 3312 3349 3348
f 3352 3343 3341
f 3311 3353 3354
f 3341 3336 3327
f 3359 3360 3361
f 3360 3359 3250
f 3318 3363 3345
f 3364 3363 3318
f 3314 3364 3324
f 3366 3299 3301
f 3299 3366 3367
f 3308 3354 3368
f 3369 3317 3295
f 3317 3369 3364
f 3370 3295 3317
f 3325 3371 3365
f 3352 3320 3319
f 3296 3367 3353
f 3297 3296 3311
f 3363 3368 3354
f 3345 3354 3353
f 3344 3353 3367
f 3366 3333 3342
f 3347 3339 3334
f 3339 3347 3348
f 3348 3349 3351
f 3363 3364 3369
f 3294 3309 3368
f 3293 3306 3309
f 3331 3373 3374
f 3346 3334 3333
f 3323 3322 3352
f 3356 3355 3321
f 3355 3357 3325
f 3357 3358 3371
f 3322 3356 3320
f 3361 3330 3329
f 3373 3372 3375
f 3374 3375 3376
f 3329 3332 3376
f 3327 3375 3372
f 3336 3335 3375
f 3335 3338 3376
f 3376 3338 3337
f 3337 3350 3359
f 3359 3350 3276
f 3377 3292 3295
f 3277 3316 3315
f 3371 3378 3379
f 3378 3371 3358
f 3365 3379 3315
f 3316 3277 3279
f 3282 3377 3370
f 3313 3283 3224
f 3378 3285 3284
f 3380 3286 3285
f 3379 3284 3278
f 3276 3350 3351
f 3291 3351 3349
f 3313 3304 2965
f 2965 3304 3303
f 222 3303 3300
f 223 3300 3298
f 3298 3297 3185
f 3297 3310 2977
f 3310 3307 1213
f 3307 3306 1214
f 2532 1214 3306
f 2894 2532 3293
f 2871 2894 3292
f 3253 3225 3240
f 3283 3313 3013
f 1997 1996 1889
f 1237 745 744
f 1535 1534 120
f 1531 1532 201
f 1119 1241 1032
f 946 948 824
f 163 8 5
f 3589 3726 3723
f 1155 1156 1162
f 427 213 327
f 553 1902 796
f 3381 2232 2231
f 3381 3178 2230
f 2237 3183 3180
f 3383 3384 3385
f 3384 3386 3387
f 3386 3388 3389
f 3388 3390 3391
f 3392 3393 3394
f 3395 3394 3396
f 3398 3399 3397
f 3400 3401 3399
f 3403 3404 3405
f 3406 3407 3404
f 3408 3409 3407
f 3410 3411 3409
f 3412 3413 3411
f 3415 3400 3398
f 3414 3398 3396
f 3416 3396 3394
f 3417 3394 3393
f 3393 3419 3420
f 3419 3390 3421
f 3390 3388 3422
f 3388 3386 3423
f 3386 3384 3424
f 3384 3383 3425
f 3425 3383 3426
f 2904 3427 3428
f 3429 3427 2904
f 3430 3429 2902
f 2875 3431 3430
f 3432 3433 2733
f 2825 3434 3435
f 3437 3438 3439
f 3441 3437 3436
f 2724 2723 3434
f 3436 3439 3115
f 3440 3436 3117
f 3443 3415 3414
f 3442 3414 3416
f 3444 3416 3417
f 3445 3417 3418
f 3446 3418 3420
f 3420 3421 3448
f 3421 3422 3449
f 3422 3423 3450
f 3423 3424 3451
f 3424 3425 3452
f 3425 3184 3056
f 3451 3452 2253
f 3450 3451 2252
f 3449 3450 1727
f 3448 3449 2150
f 3453 3447 3448
f 3454 3446 3447
f 3455 3445 3446
f 3456 3444 3445
f 3442 3444 3456
f 3443 3442 3457
f 3459 3460 3458
f 3457 3456 3455
f 3459 3455 3454
f 3462 3460 3459
f 3461 3454 3453
f 3464 3462 3461
f 3463 3453 1941
f 3404 3399 3401
f 3407 3397 3399
f 3409 3395 3397
f 3411 3392 3395
f 3465 3466 3413
f 3467 3468 3469
f 3465 3412 3431
f 3470 3467 3466
f 3438 3470 3432
f 3467 3470 3438
f 3468 3467 3437
f 3471 3469 3468
f 3472 3468 3441
f 3473 3441 3440
f 2712 3440 3119
f 3475 3471 3472
f 3474 3472 3473
f 3476 3473 2712
f 3477 3476 2711
f 3478 3474 3476
f 3479 3475 3474
f 3392 3411 3413
f 3466 3469 3480
f 3419 3393 3392
f 3390 3419 3480
f 3469 3471 3391
f 3389 3391 3471
f 3387 3389 3475
f 3385 3387 3479
f 3482 3477 2400
f 3483 3478 3477
f 3481 3479 3478
f 3484 3482 2402
f 3058 3484 2707
f 3061 3485 3484
f 3485 3483 3482
f 3382 3385 3481
f 3486 3481 3483
f 3426 3383 3382
f 3487 3382 3486
f 3486 3485 3061
f 1961 3057 3487
f 3057 3184 3426
f 3428 3403 3402
f 3427 3406 3403
f 3429 3408 3406
f 3430 3410 3408
f 3431 3412 3410
f 3470 3465 3433
f 3434 3439 3438
f 2723 3115 3439
f 2875 2733 3433
f 2736 2824 3435
f 2947 3428 3488
f 3464 3463 1360
f 1900 1925 1924
f 1736 1717 1718
f 1955 1952 1943
f 1671 1738 1735
f 1696 1750 1698
f 1800 1865 1864
f 2063 2055 2056
f 1737 1734 1717
f 1751 1735 1697
f 943 3885 3899
f 3656 3488 3402
f 1577 1578 1764
f 3917 1598 1599
f 1945 146 82
f 68 6 7
f 147 1542 1543
f 1109 1135 1133
f 1503 1910 1907
f 1499 1501 1909
f 452 1922 735
f 1824 2068 3835
f 1825 2067 2068
f 1463 1462 1022
f 841 1012 1009
f 1568 1547 1955
f 1910 1503 1502
f 1939 1502 422
f 309 280 1940
f 1804 1851 1866
f 269 1482 1954
f 2065 1607 2060
f 3812 1685 1758
f 280 276 552
f 1875 1873 1869
f 1739 1721 1734
f 1778 1779 1790
f 310 1920 1915
f 1909 1908 1906
f 1789 1783 1778
f 978 981 980
f 1584 1759 1731
f 425 426 311
f 148 1543 115
f 2044 3897 3894
f 277 1910 1939
f 1943 1946 1945
f 1461 1462 1463
f 2253 3452 3056
f 2981 2254 3489
f 2209 2998 3489
f 2254 2253 3055
f 2998 926 958
f 2826 2817 2721
f 3490 2739 2721
f 2816 3491 3490
f 2334 2297 2296
f 2298 2297 2334
f 2301 2298 2336
f 2311 2301 2338
f 2312 2311 2354
f 2359 2358 2361
f 2335 2296 2359
f 2414 2413 2365
f 2413 2270 2361
f 2355 2352 2540
f 2541 2540 2539
f 2722 2721 2739
f 3114 2722 2738
f 3110 3112 3121
f 3108 3110 3120
f 3122 1754 3127
f 3112 3122 3126
f 3127 1754 1753
f 3139 3133 2529
f 3744 3775 3133
f 3490 2789 2740
f 3491 2790 2789
f 228 229 91
f 245 244 243
f 248 7 247
f 2 297 296
f 145 146 300
f 327 213 210
f 329 332 331
f 239 241 240
f 373 376 375
f 178 177 176
f 1218 1225 1228
f 3862 1231 1295
f 808 809 824
f 3858 3859 1013
f 3813 3810 1411
f 2154 2149 2159
f 3845 3835 1758
f 306 807 1922
f 2157 2153 1976
f 708 709 2031
f 1450 1226 1227
f 1672 1604 1605
f 1813 1814 1821
f 1717 1716 1715
f 176 159 402
f 1710 1705 3916
f 1712 1580 1577
f 1705 1713 1711
f 971 978 979
f 822 823 1094
f 2909 2810 2793
f 2810 2769 2795
f 2799 2910 2249
f 3662 3643 2910
f 2769 2768 2801
f 3177 3176 3178
f 3178 3381 3180
f 3181 1394 1393
f 3181 1633 1632
f 3182 1632 2244
f 3183 2244 2243
f 3492 2791 2790
f 2808 3492 3491
f 2239 3574 3572
f 1149 1150 3571
f 1150 2009 3567
f 2202 3569 3566
f 2921 3564 3565
f 3568 3560 2133
f 1777 1579 1759
f 1201 1196 1183
f 3561 3554 2195
f 3553 3576 2770
f 3927 3925 1687
f 1516 152 154
f 3549 3562 2974
f 3550 3548 2779
f 2771 2772 3575
f 3070 2771 3546
f 3547 3544 2775
f 1376 1375 1370
f 2767 3543 3556
f 2195 3554 3543
f 2775 3544 3542
f 3377 3282 3545
f 3804 3802 3539
f 2776 3542 3538
f 2240 3572 3535
f 2920 3535 3669
f 3548 3534 2786
f 1805 1850 1851
f 3534 3532 2787
f 2951 2773 3540
f 2772 2951 3531
f 2973 2224 3530
f 2224 2223 3537
f 1957 1953 320
f 306 305 304
f 2770 3576 3528
f 2913 3528 3574
f 2923 3565 3527
f 308 1940 431
f 207 208 132
f 1879 1876 1881
f 3733 3787 3525
f 2475 3070 3558
f 2476 2475 3524
f 2223 2476 3523
f 3522 3549 2803
f 2037 3563 11
f 1959 1958 450
f 2003 3555 3520
f 9 10 334
f 2009 2008 3518
f 2008 2973 3536
f 3877 672 673
f 3515 3550 2778
f 2935 3514 3513
f 111 1149 3570
f 3510 3514 2935
f 683 3876 3885
f 3508 3557 2810
f 736 733 732
f 1795 1804 1803
f 3505 3510 2938
f 3507 3505 2939
f 2950 3512 3504
f 2940 2949 3504
f 3801 3791 3512
f 2868 3509 3502
f 2869 3502 3522
f 1024 1034 1023
f 3500 3503 2948
f 551 1939 442
f 2972 3499 3568
f 2032 3533 3499
f 216 93 1924
f 203 202 201
f 1828 1848 1847
f 1958 1957 449
f 272 271 178
f 2871 3545 3495
f 3619 3669 3564
f 2801 2768 3643
f 2005 3758 3654
f 960 886 899
f 3657 3655 3612
f 3780 3788 3646
f 3151 3646 3593
f 2193 3604 3623
f 3607 3603 3145
f 3603 3649 2761
f 3592 3607 3144
f 2926 3658 3634
f 3634 3592 3104
f 3755 3754 3746
f 566 567 3758
f 3488 3656 1864
f 1602 1586 2079
f 2868 3658 3611
f 2922 3611 3610
f 2923 3610 3618
f 3670 3613 2918
f 3619 3670 3614
f 2921 3618 3670
f 2920 3614 3586
f 3613 3642 2915
f 2917 2766 3622
f 2916 2917 3641
f 2239 3587 3652
f 2911 3640 3652
f 3643 3640 2911
f 2797 2801 3662
f 2797 3591 3598
f 3622 3628 2763
f 3608 3628 2764
f 2194 3623 3648
f 2221 3648 3649
f 2756 3608 3609
f 2750 3598 3609
f 3669 3535 1817
f 3763 3770 1691
f 2515 3621 3590
f 2548 3590 3593
f 2513 2489 3632
f 2513 3616 3621
f 2509 3633 3620
f 2510 3632 3633
f 2289 3620 3639
f 2283 3639 3617
f 2240 3586 3587
f 3659 3657 3624
f 716 2121 3887
f 727 1999 3761
f 2165 2171 2170
f 3660 3659 3626
f 3743 3581 3578
f 2175 2172 769
f 2100 500 2095
f 3758 567 3757
f 640 3560 3568
f 1653 3576 3553
f 1895 3536 3530
f 746 3530 3537
f 1653 1810 3528
f 3762 1603 1604
f 2093 2075 2073
f 959 996 995
f 962 899 919
f 1400 1401 1398
f 1000 817 1127
f 956 959 884
f 1662 3548 3550
f 2034 3558 3546
f 3926 1689 3539
f 3535 3572 766
f 3572 3574 765
f 334 3570 3571
f 1868 3531 3540
f 1684 1651 1652
f 1682 1683 775
f 1585 1603 3762
f 3763 3762 1672
f 2173 2174 490
f 1658 3544 3547
f 3556 3543 1650
f 1571 3754 2010
f 1587 3664 3671
f 2099 2095 2077
f 787 3761 1999
f 2000 3694 786
f 3155 339 3697
f 3713 3155 3683
f 2180 2179 3685
f 3496 2180 3684
f 1684 3846 3840
f 1760 464 3495
f 2607 3689 3693
f 2581 3676 3689
f 2371 2502 3700
f 2371 3695 3693
f 2587 3676 3675
f 2586 3675 3697
f 2497 3691 3687
f 2502 2503 3687
f 2494 3691 3690
f 3690 3688 2472
f 3688 3701 2468
f 3701 3703 2469
f 726 3908 3892
f 581 3567 3518
f 10 3511 3570
f 1837 3514 3510
f 741 3537 3523
f 1299 3524 3558
f 1851 3507 3504
f 3527 3565 1820
f 580 3518 3536
f 1758 1685 3522
f 1693 3557 3508
f 3504 3512 1867
f 1894 1826 3568
f 2126 1418 3813
f 3906 2126 3841
f 2113 3911 3867
f 2179 3713 3789
f 624 3903 3904
f 2192 3604 3788
f 2177 3541 3787
f 1364 3824 3833
f 3858 3855 1470
f 3135 1753 3775
f 2069 3812 3835
f 1351 3861 3853
f 2108 3882 3901
f 2089 2092 3736
f 3828 3834 1358
f 2001 3749 3783
f 2187 3783 3719
f 2130 3756 3752
f 2004 3752 3749
f 2014 3724 3779
f 2201 3779 3756
f 3167 3720 3759
f 3168 3724 3720
f 3159 3709 3764
f 3160 3764 3765
f 3730 3707 3158
f 3158 3707 3709
f 2200 3069 3730
f 3685 3789 3742
f 3722 3774 2197
f 3790 3736 2092
f 3774 3790 3721
f 3154 3706 3790
f 3155 3713 3706
f 2091 3719 3721
f 2196 3148 3750
f 2193 2196 3776
f 3604 2193 3781
f 2086 2192 3780
f 2087 2086 3778
f 2204 3742 3751
f 2205 3751 3750
f 3909 3886 574
f 2124 2087 3777
f 2208 2124 3760
f 3711 3785 3140
f 3785 3745 3138
f 3745 3744 3139
f 3771 3712 3136
f 3712 3711 3137
f 3775 3767 3131
f 3767 3782 3132
f 1813 3839 3838
f 1293 3854 3856
f 2184 2321 3748
f 2181 2184 3732
f 3765 3768 3079
f 3768 3734 3080
f 709 3873 3875
f 2774 2961 3737
f 3786 3769 2134
f 3809 3808 766
f 2968 3784 3766
f 2969 3759 3784
f 2958 3747 3737
f 2132 3747 3766
f 2321 2185 3771
f 3860 3848 1449
f 3905 3874 582
f 3886 3889 577
f 3847 3826 1818
f 705 3902 3887
f 3816 3912 3907
f 2111 3883 3911
f 3810 3829 1366
f 1812 3839 3822
f 675 3851 3852
f 3496 3705 3851
f 2110 3867 3868
f 2104 3896 3901
f 2109 3868 3899
f 3842 3831 703
f 1680 3811 3846
f 1639 1627 3819
f 623 3904 3906
f 2139 2140 3866
f 1808 1640 3844
f 3820 3821 1819
f 3872 3914 3900
f 1646 3832 3830
f 3889 3890 633
f 2139 3865 3875
f 2156 2155 3871
f 674 3852 3913
f 2117 3817 3812
f 1815 3822 3847
f 3855 3849 1444
f 697 3906 3912
f 866 842 3836
f 3864 3869 2136
f 3585 3731 3726
f 3583 3740 3731
f 3753 3746 3738
f 3740 3583 3581
f 1088 3738 3746
f 3739 3740 3743
f 2791 3492 3493
f 3492 2808 2807
f 2792 3493 3494
f 3493 2807 2806
f 3508 2909 3494
f 3516 3494 2806
f 2948 3503 3791
f 2105 3908 3896
f 3538 3802 3804
f 680 3878 3876
f 1891 1890 3910
f 2905 3799 3801
f 2900 3797 3799
f 2901 3797 3807
f 2734 2878 3806
f 2877 3807 3806
f 2820 3800 3794
f 2818 3796 3792
f 2823 3793 3792
f 2822 3793 3798
f 2819 2735 3800
f 2817 3796 3795
f 2809 3805 3795
f 2808 3805 3803
f 2805 3804 3803
f 1702 3921 3923
f 3922 3920 1797
f 3915 3916 1706
f 3918 3927 1692
f 1657 3898 3880
f 1890 1877 3895
f 3772 3770 1674
f 1689 1690 3772
f 3926 3802 3538
f 3516 3539 1689
f 3917 3923 1703
f 1598 3917 3928
f 3880 3884 1876
f 1691 1690 3925
f 3925 3926 1688
