v 0.059667 -0.010010 -0.048154
v 0.063595 -0.011013 -0.047261
v 0.064301 -0.009485 -0.047144
v 0.060091 -0.008553 -0.047897
v 0.072383 -0.008506 -0.057644
v 0.071731 -0.005101 -0.054340
v 0.071165 -0.001985 -0.054190
v 0.071373 -0.002432 -0.056911
v 0.026120 -0.045969 -0.110842
v 0.011619 -0.045874 -0.115348
v 0.011492 -0.058094 -0.112649
v 0.024835 -0.059851 -0.106994
v 0.043215 -0.083030 -0.087569
v 0.038251 -0.075050 -0.093097
v 0.036920 -0.088018 -0.097140
v 0.045188 -0.090644 -0.087086
v 0.038232 0.048153 0.040450
v 0.045342 0.047109 0.035020
v 0.044453 0.040872 0.038540
v -0.060247 -0.009842 -0.049745
v -0.064145 -0.010881 -0.048896
v -0.064808 -0.009482 -0.048813
v -0.060390 -0.008401 -0.049516
v -0.072621 -0.008501 -0.059647
v -0.071718 -0.005154 -0.056263
v -0.071352 -0.002106 -0.056038
v -0.071641 -0.002408 -0.058754
v 0.037391 0.041288 0.042592
v 0.091673 0.013659 -0.068209
v 0.091510 0.011084 -0.069599
v 0.091562 0.009677 -0.067839
v 0.091565 0.011992 -0.066815
v 0.087382 -0.005147 -0.066854
v 0.087414 0.002490 -0.068330
v 0.088842 0.005016 -0.068685
v 0.088641 0.002992 -0.068246
v 0.086727 -0.015633 -0.064165
v 0.085776 -0.014918 -0.063629
v 0.087670 -0.010316 -0.065243
v 0.088444 -0.010655 -0.066114
v 0.071442 -0.035356 -0.041362
v 0.074147 -0.033562 -0.043172
v 0.074689 -0.035371 -0.044275
v 0.070026 -0.036777 -0.042689
v 0.067110 -0.035310 -0.043518
v 0.071968 -0.036099 -0.047449
v 0.071278 -0.032841 -0.048345
v 0.067408 -0.032762 -0.045102
v 0.087105 0.023424 -0.052961
v 0.087296 0.020230 -0.052745
v 0.085686 0.019549 -0.050218
v 0.085489 0.022852 -0.050175
v 0.072067 -0.009492 -0.063923
v 0.070031 -0.015977 -0.061642
v 0.075852 -0.010763 -0.063937
v 0.076333 -0.008079 -0.064441
v 0.085207 0.012702 -0.060643
v 0.086038 0.013823 -0.064127
v 0.086209 0.011757 -0.065412
v 0.085283 0.010082 -0.062863
v 0.087633 0.015624 -0.069126
v 0.087741 0.012766 -0.070577
v 0.069979 -0.026298 -0.039187
v 0.069130 -0.022560 -0.038387
v 0.069901 -0.021002 -0.039627
v 0.070439 -0.022046 -0.040827
v 0.070618 -0.008749 -0.054596
v 0.072058 -0.004607 -0.052788
v 0.082800 -0.026267 -0.058784
v 0.082545 -0.024358 -0.058052
v 0.084531 -0.020196 -0.061608
v 0.084808 -0.021464 -0.062384
v 0.079796 -0.021678 -0.056318
v 0.082036 -0.019128 -0.059888
v 0.083189 -0.018421 -0.061593
v 0.081900 -0.020615 -0.059650
v 0.088163 0.016088 -0.059516
v 0.085976 0.018069 -0.055128
v 0.086630 0.018129 -0.055499
v 0.088452 0.015947 -0.060534
v 0.078926 0.003765 -0.063807
v 0.077888 0.008644 -0.061938
v 0.076519 0.008154 -0.062076
v 0.077652 0.003906 -0.063713
v 0.088244 0.012684 -0.066898
v 0.088537 0.010011 -0.068011
v 0.086677 0.009174 -0.067020
v 0.074547 0.010721 -0.049979
v 0.074596 0.011419 -0.050784
v 0.075216 0.009749 -0.051235
v 0.074648 0.008537 -0.049993
v 0.074505 -0.036650 -0.047506
v 0.067241 -0.024238 -0.055150
v 0.069141 -0.023377 -0.056395
v 0.071923 -0.019468 -0.059413
v 0.070665 -0.018350 -0.059658
v 0.067124 -0.033544 -0.039716
v 0.070022 -0.033439 -0.039317
v 0.070947 -0.034803 -0.040459
v 0.067825 -0.035296 -0.040781
v 0.077802 0.014868 -0.050746
v 0.080370 0.014253 -0.053083
v 0.078560 0.013261 -0.052373
v 0.076683 0.013620 -0.050562
v 0.086056 0.000575 -0.066883
v 0.085353 0.007347 -0.064743
v 0.084970 -0.008833 -0.061529
v 0.085409 -0.008740 -0.064589
v 0.084442 -0.012805 -0.063451
v -0.028657 -0.046180 -0.110907
v -0.014191 -0.045951 -0.115371
v -0.014081 -0.058215 -0.112694
v -0.027440 -0.060105 -0.107066
v 0.084357 -0.012889 -0.060445
v 0.084860 -0.000662 -0.061384
v 0.085508 -0.000551 -0.064843
v 0.089119 0.008719 -0.066374
v 0.088868 0.002662 -0.066910
v 0.089024 0.009197 -0.067140
v 0.075495 0.011938 -0.059941
v 0.075393 0.015064 -0.064062
v 0.074480 0.008694 -0.065736
v 0.075490 0.009649 -0.061476
v 0.070611 -0.017035 -0.039988
v 0.072019 -0.014875 -0.041093
v 0.070981 -0.017162 -0.042611
v 0.070381 -0.019267 -0.042405
v 0.072642 -0.021433 -0.058195
v 0.070027 -0.024479 -0.055636
v 0.070642 -0.024956 -0.054971
v 0.073389 -0.023269 -0.056668
v 0.082945 0.015615 -0.055078
v 0.082829 0.010067 -0.055844
v 0.081157 0.009966 -0.054452
v 0.076208 -0.020316 -0.047763
v 0.076835 -0.018937 -0.049746
v 0.078069 -0.022105 -0.051642
v 0.077177 -0.024205 -0.049966
v 0.078938 -0.032838 -0.052941
v 0.076626 -0.032725 -0.053295
v 0.074244 -0.034843 -0.050246
v 0.076779 -0.035382 -0.050054
v 0.070201 -0.020382 -0.041487
v 0.070138 -0.019627 -0.039865
v 0.081213 0.004076 -0.065523
v 0.080178 0.010096 -0.063448
v 0.084433 0.008360 -0.060713
v 0.084545 0.005968 -0.062242
v 0.073393 -0.004310 -0.045532
v 0.070760 -0.003632 -0.046621
v 0.070555 -0.004316 -0.046822
v 0.073790 -0.005925 -0.045429
v 0.073907 -0.004220 -0.044012
v 0.074339 -0.005772 -0.043930
v 0.074049 -0.006134 -0.042416
v 0.073676 -0.005214 -0.042315
v 0.070017 -0.003276 -0.047572
v 0.070152 -0.003566 -0.047059
v 0.070655 -0.003129 -0.047445
v 0.074682 -0.001020 -0.058608
v 0.076115 -0.008870 -0.061083
v 0.073835 -0.008575 -0.059889
v 0.070957 -0.001109 -0.058112
v 0.086219 -0.007547 -0.066259
v 0.081882 0.018995 -0.046045
v 0.080026 0.020875 -0.046078
v 0.082623 0.024664 -0.050693
v 0.071592 -0.017269 -0.052098
v 0.073920 -0.016690 -0.049003
v 0.072117 -0.016865 -0.047452
v 0.070712 -0.017974 -0.050453
v 0.069964 -0.012810 -0.045231
v 0.068032 -0.016292 -0.044434
v 0.072400 -0.014377 -0.043992
v 0.073968 0.001424 -0.043628
v 0.072321 -0.002240 -0.046823
v 0.073183 -0.003198 -0.045199
v 0.073576 -0.002926 -0.043741
v 0.086782 -0.016330 -0.065220
v 0.088557 -0.011183 -0.067561
v 0.086767 -0.011093 -0.068609
v 0.085060 -0.016605 -0.066310
v 0.067691 -0.029936 -0.038060
v 0.065333 -0.032494 -0.040922
v 0.067478 -0.026696 -0.036900
v 0.091113 0.020198 -0.062507
v 0.087027 0.022693 -0.062990
v 0.087289 0.020762 -0.065427
v 0.091409 0.018262 -0.064724
v 0.070013 0.002973 -0.052761
v 0.070399 0.000897 -0.052495
v 0.070903 0.002460 -0.050751
v 0.070603 0.004276 -0.050739
v 0.049961 -0.032013 -0.094024
v 0.058089 -0.032123 -0.075198
v 0.061867 -0.018236 -0.083586
v 0.054912 -0.018420 -0.099530
v 0.079805 -0.030293 -0.052611
v 0.078581 -0.032534 -0.049941
v 0.075144 0.009096 -0.042389
v 0.074316 0.011133 -0.041384
v 0.075610 0.016433 -0.042812
v 0.076458 0.013068 -0.042623
v 0.088220 0.004476 -0.071616
v 0.091256 0.003664 -0.070353
v 0.077282 0.015432 -0.048883
v 0.081559 0.019025 -0.051793
v 0.079160 0.016554 -0.050987
v 0.077025 0.015174 -0.049417
v 0.076163 0.006958 -0.047414
v 0.077025 0.008293 -0.046982
v 0.075584 0.009207 -0.047236
v 0.074434 0.007797 -0.047357
v 0.074195 0.015800 -0.040199
v 0.075965 0.020597 -0.043317
v 0.066020 -0.025064 -0.054617
v 0.076942 0.007953 -0.044907
v 0.077864 0.010554 -0.044376
v 0.078282 0.009786 -0.046727
v -0.045953 -0.083526 -0.087425
v -0.040945 -0.075501 -0.093003
v -0.039505 -0.088471 -0.097219
v -0.047885 -0.091181 -0.087037
v 0.068470 -0.021595 -0.036251
v 0.069480 -0.019947 -0.038259
v 0.076189 0.013964 -0.049410
v 0.075474 0.012882 -0.049451
v 0.073824 0.009320 -0.049182
v 0.074126 0.006834 -0.050391
v 0.081047 0.000042 -0.057521
v 0.082755 -0.008340 -0.059505
v 0.065590 -0.017759 -0.069828
v 0.062783 -0.031802 -0.055297
v 0.074430 0.009620 -0.047292
v 0.074246 0.009951 -0.047592
v 0.073134 0.009061 -0.048326
v 0.073385 0.008550 -0.047484
v 0.077219 -0.034088 -0.047443
v 0.079682 0.006429 -0.054826
v 0.076191 0.004791 -0.052998
v 0.076758 0.007004 -0.052021
v 0.088613 -0.005600 -0.066157
v 0.089629 0.002719 -0.066965
v 0.091083 0.003229 -0.068485
v 0.089932 -0.005791 -0.067429
v 0.065777 -0.033717 -0.041778
v 0.070326 0.000140 -0.053488
v 0.071720 -0.001682 -0.052702
v 0.071031 0.005724 -0.050756
v 0.071953 0.007515 -0.049136
v 0.069848 -0.016989 -0.037892
v 0.087465 0.016673 -0.064052
v 0.087875 0.014792 -0.065494
v 0.085810 0.015403 -0.062745
v 0.085437 0.016603 -0.061130
v 0.084524 0.017781 -0.057312
v 0.085008 0.019249 -0.056890
v 0.086801 0.018137 -0.061912
v 0.074927 0.005538 -0.051861
v 0.075865 0.007515 -0.050908
v 0.075303 -0.021584 -0.046219
v 0.075956 -0.027731 -0.047313
v 0.083119 -0.016274 -0.061231
v 0.082753 -0.015561 -0.058376
v 0.084057 -0.005174 -0.069313
v 0.083893 0.004165 -0.069969
v 0.082268 0.004054 -0.067696
v 0.082644 -0.004702 -0.067888
v 0.076469 -0.002305 -0.064363
v 0.073533 -0.001486 -0.064899
v 0.073220 -0.004096 -0.041801
v 0.072496 -0.000440 -0.039976
v 0.070966 0.005145 -0.051141
v 0.071406 0.006675 -0.048977
v 0.077132 -0.018854 -0.060620
v 0.073155 -0.026419 -0.053457
v 0.077305 -0.021278 -0.058992
v 0.068883 -0.026991 -0.051399
v 0.068623 -0.028148 -0.049145
v 0.071347 -0.028216 -0.050740
v 0.079842 -0.019735 -0.055471
v 0.081614 -0.018506 -0.058232
v 0.069174 -0.003506 -0.048356
v 0.067784 -0.005095 -0.049565
v 0.068817 -0.004028 -0.047704
v 0.083855 -0.000539 -0.058947
v 0.084373 -0.008535 -0.059788
v 0.077267 0.010425 -0.047160
v 0.074751 0.000345 -0.048868
v 0.076027 0.003697 -0.046471
v 0.080578 0.013903 -0.046600
v 0.078937 0.012148 -0.047336
v 0.078381 0.011292 -0.047154
v 0.079432 0.011747 -0.046406
v 0.062283 -0.013821 -0.047771
v 0.065932 -0.015289 -0.046534
v 0.067390 -0.011991 -0.046341
v 0.084048 0.019567 -0.055712
v 0.084432 0.017516 -0.056898
v 0.081524 0.010772 -0.065311
v 0.075574 0.011656 -0.051931
v 0.076437 0.009977 -0.052712
v 0.077839 0.023361 -0.058705
v 0.077371 0.021353 -0.055334
v 0.077623 0.021487 -0.054065
v 0.078105 0.025524 -0.054095
v 0.067965 -0.031092 -0.046066
v 0.070819 -0.030723 -0.048716
v 0.070558 -0.029365 -0.049161
v 0.068286 -0.029598 -0.047267
v 0.071438 -0.017097 -0.046737
v 0.070406 -0.018276 -0.049458
v 0.084606 -0.014839 -0.063820
v 0.083798 -0.015732 -0.062845
v 0.085169 -0.011758 -0.064889
v 0.086367 -0.010529 -0.065573
v 0.071272 0.003645 -0.054374
v 0.069997 0.002519 -0.054938
v 0.077917 0.015484 -0.056208
v 0.080233 0.017875 -0.057672
v 0.079140 0.020767 -0.054005
v 0.077398 0.018605 -0.053894
v 0.082849 0.011542 -0.067803
v 0.076298 0.008616 -0.052455
v 0.076978 0.008817 -0.053521
v 0.075814 0.009078 -0.051955
v 0.073666 0.006872 -0.047591
v 0.075481 0.005637 -0.047844
v 0.079912 0.013906 -0.047970
v 0.083898 0.017424 -0.051226
v 0.082982 0.017205 -0.050868
v 0.079210 0.014522 -0.048370
v 0.074410 0.011534 -0.048627
v 0.012912 -0.033732 -0.121598
v 0.014669 -0.023391 -0.128845
v -0.037871 0.047882 0.039443
v -0.045197 0.046796 0.034106
v -0.044332 0.040579 0.037484
v -0.037100 0.040960 0.041519
v 0.077615 0.021100 -0.046236
v 0.078887 0.022951 -0.050392
v 0.079795 0.023870 -0.050644
v 0.078186 0.022003 -0.047282
v 0.085398 0.015324 -0.060469
v 0.089139 0.011580 -0.065939
v 0.072785 -0.002803 -0.050873
v 0.069701 -0.005961 -0.050877
v 0.059881 -0.007305 -0.049639
v 0.060231 -0.006011 -0.049772
v 0.060931 -0.006538 -0.050949
v 0.060416 -0.008167 -0.051000
v 0.062549 -0.012475 -0.051380
v 0.065234 -0.013582 -0.050357
v 0.064460 -0.015570 -0.048852
v 0.061563 -0.014933 -0.050873
v 0.059011 -0.010765 -0.050080
v 0.059478 -0.009030 -0.049740
v 0.060265 -0.009967 -0.051164
v 0.059904 -0.011973 -0.051474
v 0.083528 0.019162 -0.053417
v 0.085266 0.019074 -0.055032
v 0.089859 0.010916 -0.065233
v 0.089872 0.008806 -0.066369
v 0.088481 0.015343 -0.063017
v 0.088862 0.013651 -0.064442
v 0.072573 -0.012210 -0.040821
v 0.073590 -0.011968 -0.042773
v 0.073146 -0.013646 -0.042769
v 0.091103 0.014362 -0.065308
v 0.091601 0.015977 -0.066612
v 0.070475 -0.029840 -0.038937
v 0.069210 -0.031248 -0.038255
v 0.043614 -0.100229 -0.024048
v 0.052971 -0.094982 -0.035624
v 0.052389 -0.105045 -0.035306
v 0.043524 -0.110264 -0.024285
v 0.080402 0.016215 -0.044957
v 0.079179 0.018720 -0.044443
v 0.059166 -0.012146 -0.048568
v 0.059113 -0.013358 -0.050591
v 0.061630 -0.015055 -0.049197
v 0.064685 -0.007818 -0.047172
v 0.060442 -0.007090 -0.047884
v 0.062841 -0.010723 -0.051304
v 0.064441 -0.005578 -0.050424
v 0.064878 -0.004478 -0.048760
v 0.067345 -0.018857 -0.045680
v 0.068959 -0.019106 -0.048160
v 0.070517 -0.019259 -0.044654
v 0.059522 -0.013753 -0.051356
v 0.071012 0.004705 -0.052167
v 0.066051 -0.009644 -0.051055
v 0.069185 -0.012161 -0.052811
v 0.068785 -0.014351 -0.051941
v 0.065765 -0.011639 -0.051007
v 0.078383 -0.022617 -0.053431
v 0.078723 -0.020719 -0.053286
v 0.072794 -0.016449 -0.053899
v 0.075811 -0.016408 -0.051855
v 0.072318 0.000074 -0.051176
v 0.074013 0.003163 -0.049346
v 0.069476 -0.003344 -0.048075
v 0.066899 -0.007374 -0.050706
v 0.069206 -0.009562 -0.052663
v 0.064945 -0.006287 -0.047364
v 0.068862 -0.006369 -0.046853
v 0.068684 -0.005277 -0.047100
v 0.064897 -0.005249 -0.047657
v 0.079329 0.009981 -0.053875
v 0.077800 0.016324 -0.043494
v 0.079237 0.013418 -0.044447
v 0.078441 0.027708 -0.070652
v 0.076137 0.019605 -0.075419
v 0.076899 0.020250 -0.062570
v 0.062835 -0.008758 -0.051062
v 0.061139 -0.004949 -0.049364
v 0.061308 -0.005181 -0.047929
v 0.083840 -0.018933 -0.061310
v 0.071558 -0.019449 -0.044294
v 0.072144 0.005042 -0.048695
v 0.083240 -0.010360 -0.067760
v 0.081950 -0.015510 -0.065676
v 0.071306 0.006262 -0.048992
v 0.072297 0.007429 -0.047812
v 0.069755 -0.018753 -0.048939
v 0.071078 -0.018136 -0.045794
v 0.072672 0.007893 -0.047738
v 0.072985 -0.012515 -0.044218
v 0.084502 0.009836 -0.059181
v 0.074866 -0.030068 -0.053717
v 0.072982 -0.031632 -0.050826
v 0.060869 -0.006022 -0.047962
v 0.064298 -0.015684 -0.048136
v 0.064031 -0.006989 -0.051124
v 0.071296 -0.008581 -0.045725
v 0.070777 -0.010784 -0.045447
v 0.073585 -0.010279 -0.044385
v 0.077263 -0.016040 -0.053616
v 0.073557 -0.015108 -0.056200
v 0.074721 -0.014192 -0.058351
v 0.078908 -0.015410 -0.055409
v 0.080587 -0.020318 -0.063214
v 0.079022 -0.024639 -0.059753
v 0.081374 -0.026450 -0.059521
v 0.083354 -0.022001 -0.063395
v 0.079805 0.043083 -0.079106
v 0.079412 0.033256 -0.063749
v 0.080741 0.049467 -0.067619
v 0.082355 0.019403 -0.062691
v 0.082490 0.017094 -0.064435
v 0.087552 0.018157 -0.067352
v 0.077377 0.023699 -0.048325
v 0.077927 0.021314 -0.052270
v 0.077434 0.022621 -0.050030
v 0.087699 -0.005566 -0.070447
v 0.074511 0.005157 -0.042730
v 0.076489 0.005792 -0.045503
v 0.075977 -0.017617 -0.061377
v 0.078829 -0.017309 -0.053559
v 0.080864 -0.016839 -0.055828
v 0.088643 0.020136 -0.055450
v 0.085558 0.018252 -0.053035
v 0.009994 -0.112144 0.002327
v 0.009846 -0.118882 -0.001232
v 0.008914 -0.006219 0.058452
v 0.010466 -0.006190 0.056983
v 0.009406 -0.004305 0.056055
v 0.008616 -0.004426 0.056748
v 0.009076 -0.014491 0.056335
v 0.008518 -0.012971 0.055410
v 0.009513 -0.012907 0.054656
v 0.010303 -0.014079 0.055315
v 0.005917 -0.004902 0.055874
v 0.004259 -0.008101 0.058610
v 0.005820 -0.006756 0.060161
v 0.007169 -0.004165 0.056733
v 0.088068 0.023501 -0.056435
v 0.012627 -0.014033 0.055713
v 0.011544 -0.012744 0.054742
v 0.012733 -0.012092 0.056570
v 0.014188 -0.013128 0.057574
v 0.004910 -0.015339 0.064670
v 0.006163 -0.013109 0.064941
v 0.004811 -0.013911 0.062394
v 0.004780 -0.015769 0.061957
v 0.008063 -0.012129 0.064425
v 0.009874 -0.012611 0.066068
v 0.011771 -0.012146 0.064363
v 0.009736 -0.011643 0.062778
v 0.004781 -0.011303 0.057559
v 0.005742 -0.013153 0.058668
v 0.004046 -0.011664 0.061229
v 0.012712 -0.010364 0.055003
v 0.010938 -0.011379 0.053649
v 0.010243 -0.007812 0.052956
v 0.011706 -0.006982 0.054059
v 0.046754 -0.083929 -0.023325
v 0.054578 -0.081489 -0.037044
v 0.034176 0.007349 0.039437
v 0.033399 0.005064 0.040939
v 0.029207 0.006066 0.041562
v 0.030144 0.008015 0.040137
v 0.074382 -0.007925 -0.043347
v 0.073859 -0.007131 -0.042035
v 0.082526 0.014380 -0.066095
v 0.088190 0.016926 -0.060108
v 0.082203 0.021258 -0.060503
v 0.080949 0.023517 -0.055790
v 0.079876 0.022022 -0.054835
v 0.081057 0.019385 -0.058902
v 0.090622 0.017547 -0.061370
v 0.072759 -0.020915 -0.044000
v 0.081948 0.005809 -0.056454
v 0.080351 0.023996 -0.053279
v 0.083805 0.025498 -0.053897
v 0.088012 -0.005635 -0.066232
v 0.090951 0.016007 -0.063429
v 0.088988 0.014584 -0.062232
v 0.082063 0.016039 -0.047087
v 0.075765 -0.012086 -0.060726
v 0.082179 -0.012011 -0.058745
v 0.080683 -0.014390 -0.057128
v -0.091306 0.013645 -0.070245
v -0.091170 0.011056 -0.071555
v -0.091213 0.009683 -0.069742
v -0.091170 0.012023 -0.068925
v -0.087500 -0.005000 -0.068710
v -0.087591 0.002509 -0.070274
v -0.088823 0.005044 -0.070737
v -0.088814 0.003012 -0.070297
v 0.074981 -0.013667 -0.059732
v 0.069693 0.001493 -0.054659
v 0.069369 -0.016161 -0.035545
v 0.077816 -0.027401 -0.050893
v -0.087071 -0.015406 -0.065521
v -0.086231 -0.014750 -0.065142
v -0.088000 -0.010137 -0.066771
v -0.088719 -0.010494 -0.067493
v 0.078820 -0.026239 -0.053359
v 0.029036 -0.033152 -0.115946
v 0.032483 -0.021911 -0.122359
v 0.089982 -0.005786 -0.069317
v 0.082993 0.018311 -0.054104
v 0.074407 -0.021461 -0.045333
v 0.073550 -0.027369 -0.044631
v 0.072242 -0.026816 -0.042742
v 0.076847 0.009173 -0.053132
v 0.075199 -0.016609 -0.061835
v 0.075362 -0.014322 -0.062714
v 0.061282 -0.005662 -0.050687
v 0.077932 -0.022825 -0.059208
v 0.074140 -0.028267 -0.053620
v 0.057953 -0.078071 -0.050553
v 0.054457 -0.075287 -0.065654
v -0.072279 -0.035134 -0.042858
v -0.074816 -0.033319 -0.044661
v -0.075382 -0.035138 -0.045920
v -0.070890 -0.036311 -0.044398
v 0.054948 -0.086835 -0.063537
v 0.057170 -0.090627 -0.049123
v 0.071218 -0.002067 -0.036394
v 0.071717 -0.009470 -0.038921
v 0.070709 -0.010480 -0.037175
v 0.023272 -0.102865 -0.002445
v 0.020524 -0.114338 -0.006380
v 0.069555 -0.015453 -0.031358
v 0.069412 -0.015781 -0.021076
v 0.071015 -0.000188 -0.021196
v 0.070527 -0.005753 -0.030898
v 0.059290 0.031039 0.016286
v 0.061020 0.031629 0.011301
v 0.061885 0.022307 0.011543
v 0.059793 0.023526 0.015730
v 0.019885 0.088793 0.032869
v 0.009886 0.089480 0.035141
v 0.009940 0.097030 0.029104
v 0.020206 0.095968 0.026451
v 0.034499 -0.013709 -0.126682
v 0.036435 -0.003185 -0.131364
v 0.016883 -0.006091 -0.138472
v 0.015739 -0.015855 -0.133350
v 0.020364 0.113096 0.004148
v 0.009855 0.114726 0.006878
v 0.009943 0.119733 -0.003142
v -0.068025 -0.034935 -0.045078
v -0.072322 -0.035625 -0.049203
v -0.071515 -0.032509 -0.050102
v -0.068212 -0.032533 -0.046699
v 0.020638 0.117814 -0.005530
v 0.052926 0.004753 0.029815
v 0.054941 -0.001137 0.029974
v 0.051046 -0.001397 0.034055
v 0.049473 0.004456 0.032990
v 0.073066 -0.032050 -0.041915
v 0.072009 -0.031148 -0.040718
v -0.087177 0.023353 -0.054646
v -0.087155 0.020185 -0.054622
v -0.085160 0.019624 -0.052185
v -0.085430 0.022851 -0.051769
v -0.073970 -0.010478 -0.065147
v -0.071889 -0.016864 -0.062996
v -0.077670 -0.011698 -0.065440
v -0.077986 -0.009047 -0.065899
v 0.010094 0.124023 -0.014886
v 0.021047 0.121906 -0.016867
v 0.011926 0.013573 0.045937
v -0.084415 0.012575 -0.062827
v -0.085654 0.013784 -0.066326
v -0.086006 0.011758 -0.067573
v -0.084965 0.010030 -0.064970
v -0.087444 0.015560 -0.071038
v -0.087542 0.012704 -0.072580
v -0.070758 -0.026211 -0.040403
v -0.069995 -0.022483 -0.039601
v -0.070617 -0.020895 -0.040976
v -0.071076 -0.021933 -0.042137
v -0.070583 -0.008778 -0.056555
v -0.072208 -0.004724 -0.054687
v -0.082652 -0.025850 -0.060458
v -0.082778 -0.024083 -0.059573
v -0.084860 -0.019941 -0.062974
v -0.084873 -0.021152 -0.063898
v 0.012379 0.015233 0.042995
v 0.016073 0.012443 0.041988
v 0.015641 0.010738 0.044500
v 0.007678 0.060491 0.046672
v 0.008639 0.068749 0.044128
v 0.017455 0.069053 0.042642
v 0.015922 0.060948 0.045645
v 0.020578 0.010114 0.041077
v 0.019873 0.008622 0.042919
v 0.009884 0.103554 0.022387
v 0.020309 0.102320 0.019542
v 0.020357 0.127974 -0.067082
v -0.080101 -0.021527 -0.057849
v -0.082352 -0.018997 -0.061489
v -0.083547 -0.018271 -0.063198
v -0.082213 -0.020440 -0.061220
v 0.020881 0.128273 -0.058565
v 0.009614 0.130925 -0.058970
v -0.087982 0.016114 -0.061682
v -0.085794 0.018015 -0.057223
v -0.086304 0.018119 -0.057618
v -0.088129 0.015999 -0.062748
v 0.010626 0.129996 -0.071582
v 0.067638 0.000052 -0.091640
v 0.070892 -0.001103 -0.076185
v 0.073936 0.010847 -0.077728
v 0.071922 0.016547 -0.094319
v 0.033778 -0.095662 -0.011470
v 0.031730 -0.107635 -0.014483
v -0.079973 0.003138 -0.065179
v -0.078629 0.008225 -0.063322
v -0.077708 0.007484 -0.063287
v -0.079006 0.003019 -0.064882
v -0.088130 0.012721 -0.069077
v -0.088456 0.010044 -0.070148
v -0.086564 0.009190 -0.069113
v -0.074666 0.010260 -0.051871
v -0.074928 0.010834 -0.052610
v -0.075597 0.009241 -0.052991
v -0.075018 0.008170 -0.051739
v -0.074934 -0.036279 -0.049354
v -0.068831 -0.024950 -0.056649
v -0.070567 -0.024034 -0.057991
v -0.073297 -0.020103 -0.061000
v -0.072304 -0.019109 -0.061171
v 0.052627 0.053382 0.023405
v 0.054595 0.058938 0.018830
v 0.057883 0.051605 0.015070
v 0.055627 0.047086 0.020102
v 0.006069 0.047401 0.050307
v 0.013338 0.047813 0.049848
v 0.011404 0.041542 0.049882
v 0.005345 0.041088 0.050650
v -0.068207 -0.033359 -0.040833
v -0.071026 -0.033274 -0.040486
v -0.071877 -0.034595 -0.041755
v -0.068855 -0.034985 -0.042222
v 0.059878 0.016574 0.016449
v 0.062405 0.013663 0.013269
v 0.061410 0.006078 0.018112
v 0.058611 0.010026 0.020226
v 0.055565 0.005878 0.026408
v -0.077849 0.014233 -0.052655
v -0.080175 0.013773 -0.055062
v -0.078584 0.012718 -0.054241
v -0.076848 0.012988 -0.052432
v 0.057819 0.000290 0.025992
v -0.086433 0.000616 -0.068712
v -0.085259 0.007387 -0.066784
v 0.018903 0.078921 0.038858
v 0.009370 0.079164 0.040633
v 0.059948 0.042030 0.012244
v 0.057812 0.039225 0.017621
v 0.009305 0.016349 0.048362
v 0.009984 0.017667 0.044668
v 0.007425 0.022213 0.047320
v -0.085579 -0.008754 -0.063273
v -0.085972 -0.008642 -0.066351
v -0.084916 -0.012658 -0.065127
v -0.084861 -0.012763 -0.062021
v 0.004523 0.021350 0.053091
v 0.004462 0.025011 0.051828
v 0.007253 0.024967 0.047939
v 0.033360 0.061199 0.038586
v 0.035121 0.068575 0.035138
v 0.042671 0.067359 0.029689
v 0.040958 0.060428 0.033406
v 0.020335 0.107911 0.012315
v -0.085231 -0.000701 -0.063260
v -0.085946 -0.000524 -0.066677
v 0.009840 0.109335 0.015159
v 0.004613 0.033449 0.050547
v 0.008668 0.033682 0.048505
v 0.007617 0.030500 0.048114
v -0.089157 0.008819 -0.068592
v -0.089193 0.002678 -0.068911
v -0.088994 0.009262 -0.069305
v -0.076618 0.011443 -0.061004
v -0.076672 0.014431 -0.064857
v -0.076114 0.007829 -0.066533
v -0.076950 0.008895 -0.062517
v 0.004676 0.030410 0.050725
v 0.024343 0.007240 0.042242
v 0.025152 0.008889 0.040720
v 0.065094 -0.030919 -0.044768
v 0.066236 -0.032158 -0.044294
v 0.072798 0.015243 -0.033779
v 0.071337 0.004692 -0.031956
v 0.071662 0.012997 -0.022255
v 0.072325 0.025700 -0.024400
v 0.074745 0.037505 -0.027869
v 0.076053 0.046093 -0.033152
v 0.076734 0.030511 -0.040370
v 0.075046 0.024165 -0.036056
v 0.049682 -0.084162 -0.076393
v 0.047384 -0.073933 -0.079744
v 0.004373 0.018399 0.055564
v 0.004284 0.015660 0.057950
v 0.019278 0.036138 -0.149607
v -0.071032 -0.016971 -0.041752
v -0.072420 -0.014890 -0.042988
v -0.071408 -0.017056 -0.044408
v -0.070911 -0.019077 -0.044037
v 0.018662 0.022508 -0.147835
v 0.039013 0.026550 -0.139346
v 0.039412 0.039530 -0.140732
v 0.064313 -0.010582 -0.087675
v -0.073826 -0.021919 -0.059759
v -0.071218 -0.024982 -0.057276
v -0.071655 -0.025294 -0.056604
v -0.074410 -0.023610 -0.058244
v 0.068219 -0.009958 -0.073388
v 0.011231 -0.009131 0.058798
v 0.007907 -0.004688 0.054119
v 0.007904 -0.008208 0.052945
v 0.007609 -0.005805 0.054107
v 0.011460 -0.011447 0.060392
v 0.013586 -0.012089 0.061657
v 0.008787 -0.011507 0.053620
v 0.008020 -0.011524 0.054017
v 0.007304 -0.008023 0.053162
v 0.009238 -0.004227 0.054846
v 0.001981 -0.017305 0.066990
v 0.002636 -0.015948 0.070052
v 0.006504 -0.014369 0.068907
v 0.004969 -0.015813 0.066727
v 0.005502 -0.006075 0.055506
v 0.004527 -0.008191 0.056067
v 0.005485 -0.010567 0.063412
v 0.007412 -0.006449 0.059578
v 0.007908 -0.004251 0.056807
v 0.007334 -0.009666 0.062672
v 0.006006 -0.015319 0.059209
v 0.009265 -0.009178 0.060963
v -0.082223 0.015274 -0.057283
v -0.082181 0.009853 -0.057934
v -0.080804 0.009648 -0.056435
v -0.076560 -0.020273 -0.049361
v -0.077327 -0.018986 -0.051280
v -0.078235 -0.022038 -0.053237
v -0.077236 -0.024080 -0.051670
v 0.077616 -0.017994 -0.051551
v 0.056243 -0.064233 -0.031733
v 0.059630 -0.049400 -0.039223
v 0.058922 -0.049837 -0.044962
v -0.078752 -0.032359 -0.054731
v -0.076543 -0.032558 -0.055363
v -0.074509 -0.034691 -0.052266
v -0.076870 -0.035062 -0.051988
v -0.070919 -0.020208 -0.042937
v -0.070731 -0.019521 -0.041375
v -0.081851 0.003635 -0.067056
v -0.080578 0.009771 -0.065061
v 0.057070 -0.065293 -0.040920
v 0.079576 0.008360 -0.054577
v 0.066580 0.057847 -0.003488
v 0.068107 0.069663 -0.012769
v 0.073386 0.057917 -0.024347
v -0.084015 0.008276 -0.062777
v -0.084542 0.005976 -0.064263
v 0.072813 0.047170 -0.019140
v 0.068543 0.079436 -0.020915
v 0.073824 0.068848 -0.031654
v 0.077084 0.056732 -0.041347
v 0.078900 0.036516 -0.055264
v 0.041708 0.019087 0.034253
v 0.041970 0.018807 0.034236
v 0.040490 0.018404 0.035410
v -0.073684 -0.004470 -0.047479
v -0.071068 -0.003787 -0.048548
v -0.070903 -0.004476 -0.048725
v -0.074087 -0.006074 -0.047341
v 0.040306 0.018737 0.035468
v 0.041322 0.019221 0.033938
v 0.040075 0.018860 0.034922
v -0.074178 -0.004398 -0.045951
v -0.074606 -0.005924 -0.045852
v -0.074362 -0.006293 -0.044336
v -0.074001 -0.005387 -0.044236
v 0.042371 0.019614 0.033100
v 0.042771 0.019444 0.033398
v 0.042952 0.019143 0.033366
v 0.025076 0.019198 0.037896
v 0.025499 0.019275 0.037147
v 0.027918 0.018759 0.038067
v 0.027732 0.018686 0.038874
v 0.024932 0.018901 0.038189
v 0.027992 0.018274 0.038962
v -0.070373 -0.003476 -0.049467
v -0.070492 -0.003743 -0.048960
v -0.070980 -0.003300 -0.049366
v -0.075100 -0.000503 -0.061029
v -0.076499 -0.008424 -0.063101
v -0.074283 -0.008410 -0.061906
v -0.071503 -0.000870 -0.060167
v 0.024195 0.020338 0.031980
v 0.023928 0.020959 0.032003
v -0.086534 -0.007380 -0.067979
v 0.025251 0.019436 0.032207
v 0.023005 0.021125 0.034485
v 0.022923 0.022234 0.034554
v -0.081825 0.018960 -0.047708
v -0.080253 0.020790 -0.047393
v -0.082766 0.024569 -0.052068
v 0.023521 0.022687 0.032065
v 0.023663 0.021509 0.031965
v 0.023267 0.020616 0.034708
v -0.072264 -0.017647 -0.053867
v -0.074720 -0.016746 -0.050568
v -0.072822 -0.016795 -0.049043
v -0.071347 -0.018106 -0.052185
v -0.070432 -0.012811 -0.047107
v -0.068481 -0.016204 -0.046254
v -0.072883 -0.014391 -0.045874
v -0.074147 0.001337 -0.045613
v -0.072468 -0.002305 -0.048793
v -0.073463 -0.003356 -0.047167
v -0.073866 -0.003118 -0.045704
v -0.086911 -0.016077 -0.066632
v -0.088565 -0.010963 -0.068929
v -0.086771 -0.011008 -0.070234
v -0.085159 -0.016420 -0.067894
v 0.021609 0.020437 0.035362
v 0.021275 0.020857 0.035174
v -0.068678 -0.029742 -0.039159
v -0.066494 -0.032385 -0.042045
v -0.068602 -0.026614 -0.038014
v -0.091026 0.020182 -0.064431
v -0.087050 0.022675 -0.064763
v -0.087263 0.020714 -0.067260
v -0.091268 0.018233 -0.066725
v -0.070689 0.003009 -0.054690
v -0.070873 0.000856 -0.054329
v -0.071319 0.002410 -0.052692
v -0.071245 0.004268 -0.052764
v 0.021402 0.021887 0.035307
v 0.032608 0.017374 0.038956
v 0.032977 0.016791 0.038706
v 0.028499 0.017160 0.038889
v 0.028302 0.017734 0.038982
v 0.032269 0.017880 0.039044
v 0.035581 0.017935 0.038286
v 0.035956 0.017438 0.038110
v 0.036285 0.016893 0.037784
v -0.052283 -0.032514 -0.094272
v -0.060308 -0.032733 -0.075594
v -0.063992 -0.018924 -0.084117
v -0.057075 -0.019001 -0.099889
v -0.079859 -0.029933 -0.054242
v -0.078761 -0.032214 -0.051652
v -0.075276 0.008964 -0.044253
v -0.074613 0.010985 -0.042784
v -0.075974 0.016360 -0.043853
v -0.076502 0.012976 -0.044224
v 0.025084 0.017915 0.038340
v 0.025006 0.018467 0.038314
v 0.036576 0.016270 0.037440
v 0.033276 0.016123 0.038351
v -0.087897 0.004479 -0.073687
v -0.090753 0.003730 -0.072054
v 0.028677 0.016440 0.038681
v 0.024988 0.017383 0.038378
v 0.021843 0.018600 0.037707
v 0.022366 0.018974 0.037659
v 0.033511 0.015409 0.038144
v 0.033397 0.014622 0.038078
v 0.028603 0.014877 0.038405
v 0.028717 0.015665 0.038542
v -0.077208 0.014897 -0.050954
v -0.081179 0.018585 -0.053987
v -0.078917 0.016028 -0.053069
v -0.077038 0.014565 -0.051402
v -0.076266 0.006873 -0.049444
v -0.077047 0.008173 -0.048918
v -0.075667 0.009027 -0.049127
v -0.074654 0.007638 -0.049310
v 0.036746 0.015552 0.037167
v 0.036676 0.014725 0.037157
v -0.074559 0.015560 -0.041098
v -0.076189 0.020385 -0.044054
v 0.044629 0.019333 0.031696
v 0.045156 0.019764 0.031018
v 0.045325 0.019121 0.030901
v -0.067649 -0.025731 -0.055828
v 0.045025 0.018703 0.031329
v 0.047934 0.016309 0.028181
v 0.048826 0.017470 0.027259
v 0.050816 0.016312 0.025741
v -0.076909 0.007898 -0.046917
v -0.077793 0.010465 -0.046281
v -0.078143 0.009696 -0.048680
v -0.069462 -0.021585 -0.037468
v -0.070223 -0.019895 -0.039643
v -0.076255 0.013339 -0.051342
v -0.075638 0.012266 -0.051387
v -0.074095 0.008980 -0.051032
v -0.074571 0.006634 -0.052168
v 0.049572 0.015131 0.027101
v -0.081314 0.000249 -0.059292
v -0.083051 -0.008118 -0.060942
v 0.057418 0.007466 0.023179
v 0.051471 0.012850 0.026321
v 0.052848 0.014155 0.024292
v 0.043983 0.018945 0.032450
v 0.043185 0.018661 0.033272
v 0.043768 0.019483 0.032544
v 0.044396 0.019855 0.031840
v 0.044426 0.018357 0.032063
v 0.043551 0.018049 0.033036
v 0.042251 0.018344 0.034165
v 0.042577 0.017710 0.033996
v 0.041063 0.017313 0.035198
v 0.040782 0.017897 0.035337
v 0.038585 0.017597 0.036735
v -0.067551 -0.018546 -0.070697
v -0.064625 -0.032406 -0.055899
v 0.038290 0.018108 0.036859
v 0.038918 0.017034 0.036476
v 0.041339 0.016663 0.035027
v 0.039272 0.016413 0.036223
v 0.042969 0.017052 0.033661
v 0.044031 0.017427 0.032581
v 0.044867 0.017797 0.031586
v 0.045502 0.018176 0.030802
v 0.045902 0.018760 0.030254
v 0.045403 0.017123 0.030876
v 0.046013 0.016441 0.030215
v 0.044803 0.015979 0.031547
v 0.044458 0.016732 0.032014
v 0.046193 0.017606 0.029951
v 0.046944 0.017006 0.029096
v -0.074521 0.009375 -0.049146
v -0.074298 0.009643 -0.049455
v -0.073414 0.008728 -0.050164
v -0.073670 0.008315 -0.049387
v 0.043252 0.016415 0.033309
v 0.043436 0.015703 0.032941
v 0.041566 0.015322 0.034500
v 0.041500 0.016100 0.034841
v -0.077742 -0.033876 -0.049173
v -0.079806 0.006350 -0.056590
v -0.076744 0.004788 -0.054802
v -0.077412 0.006743 -0.053641
v 0.039523 0.015773 0.035993
v 0.039571 0.014980 0.035724
v -0.088763 -0.005412 -0.067646
v -0.089902 0.002762 -0.068688
v -0.090969 0.003243 -0.070218
v -0.089750 -0.005578 -0.068914
v 0.032122 0.018251 0.039012
v 0.032004 0.018369 0.038382
v 0.035212 0.018418 0.037728
v 0.035400 0.018301 0.038327
v 0.038056 0.018461 0.036868
v -0.066847 -0.033467 -0.043096
v -0.070741 0.000080 -0.055289
v -0.072012 -0.001793 -0.054559
v 0.037950 0.018606 0.036292
v 0.035290 0.017223 0.035249
v 0.034442 0.017614 0.031508
v 0.037299 0.017684 0.030692
v 0.038490 0.017461 0.034112
v -0.071605 0.005621 -0.052625
v -0.072406 0.007278 -0.051023
v 0.031586 0.017013 0.035769
v 0.031162 0.017941 0.032081
v 0.027961 0.017524 0.035980
v -0.070481 -0.017033 -0.039528
v 0.027900 0.018619 0.032261
v 0.025470 0.019016 0.035721
v 0.034310 0.029527 0.038710
v 0.034442 0.029529 0.039295
v 0.039196 0.028863 0.038478
v 0.038874 0.028752 0.037950
v 0.049633 -0.000060 -0.121308
v 0.051068 0.015007 -0.126709
v 0.038283 0.010610 -0.136065
v 0.041864 0.027136 0.036710
v 0.041945 0.027633 0.036615
v 0.044183 0.026580 0.035101
v 0.043905 0.026062 0.035159
v 0.041712 0.026489 0.036708
v -0.087343 0.016578 -0.066191
v -0.087708 0.014797 -0.067674
v -0.085554 0.015212 -0.064884
v -0.085178 0.016369 -0.063279
v -0.084327 0.017474 -0.059433
v -0.084895 0.019110 -0.059022
v -0.086626 0.017969 -0.064058
v -0.075443 0.005413 -0.053621
v -0.076499 0.007184 -0.052535
v 0.043606 0.025405 0.034941
v 0.038779 0.027558 0.038339
v -0.075581 -0.021486 -0.047875
v -0.076250 -0.027537 -0.048992
v -0.083526 -0.016168 -0.062824
v -0.083260 -0.015458 -0.059827
v -0.083993 -0.005201 -0.071064
v -0.083933 0.004021 -0.071792
v -0.082611 0.003771 -0.069356
v -0.082871 -0.004872 -0.069556
v 0.038905 0.028183 0.038360
v 0.038900 0.028543 0.038025
v 0.043646 0.024223 0.029924
v 0.042735 0.025746 0.030763
v -0.078021 -0.003313 -0.065566
v -0.075305 -0.002512 -0.065930
v -0.073666 -0.004310 -0.043701
v -0.073023 -0.000645 -0.041725
v -0.071613 0.005123 -0.053119
v -0.072041 0.006516 -0.050965
v -0.078120 -0.019214 -0.062146
v -0.073857 -0.026565 -0.055107
v -0.078024 -0.021475 -0.060583
v -0.069799 -0.027263 -0.053004
v -0.069394 -0.028264 -0.050781
v -0.071973 -0.028333 -0.052470
v 0.042661 0.024435 0.033322
v 0.043375 0.023444 0.032154
v 0.044078 0.023478 0.029221
v 0.043800 0.022714 0.031222
v 0.043677 0.023976 0.026021
v 0.042924 0.024772 0.026725
v 0.041727 0.025733 0.027761
v -0.080232 -0.019660 -0.056962
v -0.082023 -0.018425 -0.059757
v 0.044125 0.023244 0.025625
v -0.069531 -0.003716 -0.050244
v -0.067884 -0.005180 -0.051442
v -0.069224 -0.004252 -0.049580
v -0.083886 -0.000445 -0.060732
v -0.084774 -0.008428 -0.061386
v -0.077185 0.010295 -0.049082
v 0.044433 0.022498 0.025474
v -0.074884 0.000336 -0.050896
v -0.076035 0.003721 -0.048589
v -0.080202 0.013843 -0.048604
v -0.078674 0.012049 -0.049303
v -0.078151 0.011202 -0.049107
v -0.079121 0.011681 -0.048391
v -0.062894 -0.013584 -0.049402
v -0.066436 -0.015153 -0.048200
v -0.067880 -0.011943 -0.048065
v 0.044404 0.021647 0.025426
v 0.044106 0.020840 0.025754
v 0.059906 -0.008105 0.023421
v 0.059921 0.002600 0.022126
v -0.083624 0.019337 -0.057918
v -0.083869 0.017218 -0.059100
v -0.081656 0.010565 -0.067036
v 0.062358 -0.005326 0.018922
v 0.043501 0.019831 0.032614
v -0.075914 0.011081 -0.053722
v -0.076772 0.009472 -0.054471
v 0.044120 0.020232 0.031879
v -0.078369 0.022906 -0.059164
v -0.077658 0.020962 -0.055948
v -0.077755 0.021139 -0.054743
v -0.078303 0.025150 -0.054571
v 0.043011 0.020025 0.032410
v -0.068681 -0.030980 -0.047678
v -0.071346 -0.030728 -0.050546
v -0.071159 -0.029443 -0.050922
v -0.068958 -0.029572 -0.048872
v -0.072055 -0.017012 -0.048413
v -0.071049 -0.018305 -0.051200
v 0.043413 0.020338 0.031812
v -0.085105 -0.014727 -0.065469
v -0.084272 -0.015624 -0.064462
v -0.085626 -0.011611 -0.066558
v -0.086793 -0.010402 -0.067285
v 0.044579 0.020670 0.031117
v 0.045006 0.020287 0.031067
v 0.041836 0.018270 0.031767
v 0.041483 0.018489 0.028782
v 0.042605 0.019029 0.027848
v -0.071739 0.003810 -0.056433
v -0.070723 0.002692 -0.056964
v -0.078188 0.015299 -0.057398
v -0.080241 0.017805 -0.058990
v -0.079169 0.020584 -0.055139
v -0.077675 0.018336 -0.054922
v -0.082854 0.011389 -0.069584
v 0.042759 0.019124 0.030619
v 0.040688 0.017709 0.032824
v 0.039745 0.017984 0.029756
v 0.043171 0.019538 0.027092
v 0.043753 0.020160 0.026299
v -0.076857 0.008269 -0.054117
v -0.077434 0.008504 -0.055210
v 0.043307 0.019595 0.029988
v -0.076302 0.008654 -0.053654
v 0.043771 0.020140 0.029176
v 0.043797 0.020754 0.031128
v -0.074016 0.006752 -0.049619
v -0.075655 0.005582 -0.049922
v -0.079495 0.013834 -0.049975
v -0.083416 0.017349 -0.053311
v -0.082574 0.017095 -0.052934
v -0.078918 0.014345 -0.050398
v 0.044357 0.021464 0.028438
v 0.044422 0.022051 0.028504
v 0.044116 0.021154 0.030444
v -0.074519 0.011101 -0.050526
v 0.044458 0.021643 0.029835
v 0.044140 0.020883 0.028603
v -0.015440 -0.033843 -0.121625
v -0.017130 -0.023522 -0.128876
v 0.044337 0.022786 0.028755
v 0.044186 0.022140 0.030371
v 0.045555 0.019763 0.030512
v 0.045453 0.020678 0.030400
v 0.046303 0.021514 0.029626
v 0.046156 0.019606 0.029842
v -0.077856 0.020945 -0.047376
v -0.079029 0.022773 -0.051477
v -0.079922 0.023754 -0.051887
v -0.078360 0.021874 -0.048478
v -0.084764 0.015159 -0.062677
v 0.047155 0.019473 0.028925
v 0.046738 0.018321 0.029284
v 0.047615 0.021856 0.029053
v 0.048903 0.022181 0.028337
v -0.088995 0.011650 -0.068134
v -0.073017 -0.002884 -0.052822
v -0.069664 -0.005973 -0.052842
v 0.048298 0.019401 0.027972
v 0.047626 0.018014 0.028377
v 0.045004 0.021063 0.030463
v -0.060171 -0.007202 -0.051256
v -0.060481 -0.005991 -0.051436
v -0.061208 -0.006491 -0.052538
v -0.060742 -0.008062 -0.052557
v 0.045326 0.021543 0.030001
v 0.047065 0.022997 0.030226
v -0.063176 -0.012191 -0.052931
v -0.065837 -0.013444 -0.051947
v -0.065008 -0.015389 -0.050509
v -0.062275 -0.014573 -0.052422
v 0.047955 0.023629 0.029996
v 0.045908 0.022483 0.030555
v 0.045437 0.023340 0.031832
v 0.046400 0.024000 0.031844
v -0.059471 -0.010437 -0.051721
v -0.059832 -0.008830 -0.051341
v -0.060669 -0.009735 -0.052736
v -0.060568 -0.011639 -0.053079
v 0.047036 0.024617 0.031830
v 0.045388 0.024970 0.033462
v -0.083161 0.018883 -0.055588
v -0.084925 0.019009 -0.057198
v 0.045895 0.025537 0.033456
v 0.044696 0.024338 0.033278
v 0.044951 0.022242 0.030707
v -0.089651 0.011056 -0.067540
v -0.089808 0.008878 -0.068424
v -0.088363 0.015327 -0.065161
v -0.088649 0.013697 -0.066629
v 0.044535 0.022914 0.031624
v 0.043941 0.023749 0.032814
v 0.043130 0.024671 0.034164
v -0.073003 -0.012305 -0.042739
v -0.073971 -0.012043 -0.044691
v -0.073563 -0.013697 -0.044694
v -0.090681 0.014429 -0.067520
v -0.091280 0.015988 -0.068655
v -0.071274 -0.029661 -0.040106
v -0.070165 -0.031094 -0.039339
v -0.044327 -0.100487 -0.024247
v -0.053943 -0.095388 -0.035565
v -0.053695 -0.105607 -0.035241
v -0.044489 -0.110573 -0.024368
v -0.080233 0.016159 -0.046751
v -0.079358 0.018608 -0.045847
v 0.041494 0.025929 0.036122
v 0.041171 0.025711 0.035319
v 0.038623 0.026916 0.037840
v -0.059834 -0.011869 -0.050188
v -0.059893 -0.012998 -0.052267
v -0.062390 -0.014667 -0.050853
v -0.065164 -0.007896 -0.048918
v -0.060929 -0.007127 -0.049527
v 0.038464 0.026701 0.037081
v 0.034834 0.030217 0.040309
v 0.040109 0.029919 0.039196
v 0.038325 0.028120 0.034032
v 0.036614 0.027212 0.030967
v 0.034072 0.027453 0.032327
v 0.034948 0.028654 0.035845
v -0.063221 -0.010557 -0.052814
v 0.023134 0.023003 0.034835
v 0.023607 0.024180 0.035432
v -0.064637 -0.005629 -0.052150
v -0.065314 -0.004680 -0.050541
v -0.067850 -0.018640 -0.047435
v -0.069450 -0.018932 -0.049942
v -0.071059 -0.019036 -0.046358
v -0.060275 -0.013315 -0.052976
v -0.071520 0.004781 -0.054130
v 0.024051 0.024747 0.032725
v 0.023475 0.023546 0.032214
v 0.022219 0.022634 0.035798
v 0.023382 0.023829 0.036521
v -0.066258 -0.009642 -0.052735
v -0.069508 -0.012317 -0.054641
v -0.069205 -0.014466 -0.053681
v -0.066096 -0.011548 -0.052632
v -0.078668 -0.022482 -0.054954
v -0.079052 -0.020653 -0.054795
v -0.073401 -0.016857 -0.055640
v -0.076414 -0.016691 -0.053505
v -0.072610 -0.000017 -0.053081
v -0.074248 0.003104 -0.051372
v -0.069781 -0.003534 -0.049978
v -0.067053 -0.007430 -0.052476
v -0.069280 -0.009624 -0.054538
v -0.065405 -0.006430 -0.049165
v -0.069302 -0.006532 -0.048708
v -0.069127 -0.005467 -0.048965
v -0.065340 -0.005436 -0.049465
v -0.079447 0.009502 -0.055663
v -0.077824 0.016298 -0.044910
v -0.078866 0.013415 -0.046313
v -0.079359 0.027187 -0.071024
v -0.077490 0.018957 -0.075932
v -0.077818 0.019726 -0.063131
v -0.063106 -0.008753 -0.052612
v -0.061370 -0.004984 -0.051071
v -0.061762 -0.005332 -0.049661
v -0.084230 -0.018704 -0.062714
v -0.072229 -0.019234 -0.045860
v -0.072553 0.004964 -0.050705
v -0.083570 -0.010460 -0.069477
v -0.082283 -0.015562 -0.067373
v -0.071883 0.006160 -0.051026
v -0.072836 0.007278 -0.049858
v -0.070262 -0.018728 -0.050724
v -0.071633 -0.017980 -0.047504
v -0.073106 0.007710 -0.049726
v -0.073435 -0.012568 -0.046143
v -0.083877 0.009728 -0.061260
v 0.027175 0.027426 0.037023
v 0.027725 0.026812 0.033378
v -0.074876 -0.030046 -0.055796
v -0.073222 -0.031577 -0.052817
v 0.025094 0.026167 0.033191
v -0.061336 -0.006123 -0.049664
v 0.024852 0.025929 0.036346
v -0.064929 -0.015421 -0.049790
v -0.064278 -0.007038 -0.052657
v 0.028034 0.026303 0.038407
v 0.025236 0.025020 0.037479
v 0.034962 0.027229 0.038364
v -0.071665 -0.008674 -0.047600
v -0.071193 -0.010828 -0.047351
v -0.073955 -0.010373 -0.046270
v 0.020788 0.071956 -0.146311
v 0.020247 0.056332 -0.149562
v -0.077798 -0.016314 -0.055209
v -0.074241 -0.015585 -0.057900
v -0.075250 -0.014575 -0.060025
v -0.079299 -0.015442 -0.056894
v -0.080773 -0.020344 -0.065038
v -0.078993 -0.024674 -0.061835
v -0.081254 -0.026188 -0.061437
v -0.083329 -0.021750 -0.065127
v 0.039816 0.058184 -0.140710
v 0.039889 0.071757 -0.138075
v -0.080695 0.042599 -0.079322
v -0.079977 0.032805 -0.064077
v -0.081346 0.049020 -0.067821
v -0.082317 0.019428 -0.064415
v -0.082444 0.017030 -0.066184
v -0.087241 0.018179 -0.069296
v -0.077525 0.023434 -0.048944
v -0.077980 0.021031 -0.052984
v -0.077646 0.022401 -0.050871
v -0.087310 -0.005498 -0.072370
v 0.041292 0.027169 0.032157
v 0.039492 0.026627 0.029390
v 0.050035 0.072909 -0.130414
v 0.049250 0.081543 -0.127472
v 0.040363 0.083376 -0.132868
v 0.034776 -0.061778 -0.098193
v 0.024657 -0.072275 -0.104841
v -0.074573 0.005111 -0.044781
v -0.076505 0.005780 -0.047591
v 0.021436 0.022396 0.036949
v -0.077229 -0.018140 -0.062872
v 0.022925 0.023568 0.037536
v -0.079304 -0.017246 -0.054947
v -0.081222 -0.016674 -0.057222
v -0.088361 0.020149 -0.057486
v -0.085009 0.018294 -0.055141
v 0.020395 0.021588 0.036465
v 0.019250 0.021430 0.036741
v 0.020207 0.022494 0.037117
v 0.021769 0.023928 0.037751
v 0.024811 0.025000 0.038284
v 0.023889 0.025520 0.038677
v 0.027148 0.027196 0.039564
v 0.027785 0.026511 0.039199
v 0.034827 0.027368 0.039171
v 0.034616 0.028089 0.039409
v 0.026487 0.027770 0.039424
v 0.023226 0.026072 0.038436
v 0.025912 0.028235 0.038991
v 0.022894 0.026730 0.038115
v 0.034331 0.029281 0.039007
v 0.034463 0.028777 0.039384
v 0.022415 0.019293 0.037483
v 0.019620 0.019895 0.036981
v 0.022752 0.019645 0.037054
v 0.020654 0.020203 0.036639
v 0.023676 0.019805 0.036222
v 0.020018 0.020588 0.036454
v 0.018978 0.020346 0.036753
v -0.010429 -0.112026 0.002012
v -0.010239 -0.118856 -0.001392
v 0.023812 0.019927 0.034984
v 0.019185 0.022710 0.036730
v 0.018152 0.021304 0.036635
v 0.017950 0.022959 0.036297
v 0.016919 0.021247 0.036381
v 0.019996 0.024954 0.036870
v 0.020850 0.024417 0.037316
v 0.017898 0.020074 0.036772
v 0.018508 0.019550 0.037036
v 0.016808 0.019888 0.036640
v 0.017534 0.019214 0.036910
v 0.024759 0.016820 0.038414
v 0.024448 0.016158 0.038428
v 0.021177 0.018075 0.037795
v 0.020509 0.017529 0.037768
v 0.033079 0.013655 0.038035
v 0.036416 0.013842 0.037225
v 0.032515 0.012550 0.038120
v -0.008804 -0.006210 0.057900
v -0.010309 -0.006172 0.056414
v -0.009279 -0.004281 0.055463
v -0.008509 -0.004412 0.056167
v 0.036005 0.012557 0.037282
v 0.027515 0.012953 0.038667
v 0.028166 0.013998 0.038537
v 0.031983 -0.115913 -0.015683
v 0.046758 0.015588 0.029611
v 0.048015 0.014166 0.029022
v 0.046363 0.013552 0.030841
v 0.045357 0.015167 0.031127
v 0.043767 0.014788 0.032638
v -0.009135 -0.014305 0.055918
v -0.008514 -0.012799 0.054931
v -0.009420 -0.012729 0.054134
v -0.010235 -0.013859 0.054870
v 0.044269 0.013127 0.032768
v 0.041789 0.012909 0.034500
v 0.041696 0.014419 0.034268
v 0.039445 0.014132 0.035717
v 0.039233 0.012727 0.035926
v 0.049829 0.018897 0.026653
v 0.050944 0.022010 0.026326
v 0.051743 0.017978 0.024930
v 0.053142 0.021549 0.024122
v 0.016278 0.023714 0.036150
v -0.005942 -0.004819 0.055319
v -0.004361 -0.007993 0.058103
v -0.005871 -0.006711 0.059647
v -0.007168 -0.004119 0.056170
v 0.015473 0.021588 0.036103
v 0.014080 0.024492 0.037167
v 0.013680 0.022119 0.036774
v 0.015618 0.027198 0.038336
v 0.017904 0.026378 0.037294
v 0.015765 0.019808 0.036469
v 0.016475 0.018808 0.036744
v 0.014330 0.019689 0.036775
v 0.015395 0.018305 0.036969
v 0.023815 0.015227 0.038333
v 0.023105 0.014217 0.038391
v 0.019688 0.016802 0.037674
v 0.018686 0.015978 0.037822
v 0.047615 -0.011158 -0.116303
v 0.052148 0.030806 -0.129601
v 0.047295 0.034334 0.036635
v 0.045133 0.031335 0.037376
v 0.041468 0.032323 0.039674
v 0.043209 0.035845 0.039817
v 0.049279 0.039009 0.034378
v 0.051803 0.035695 0.031511
v 0.049908 0.032230 0.033604
v 0.047796 0.029821 0.034828
v 0.051682 0.024719 0.027196
v 0.050079 0.024602 0.028827
v 0.050081 0.026252 0.030300
v 0.051703 0.026968 0.028848
v 0.053857 0.024893 0.024880
v 0.054127 0.028214 0.026606
v 0.051083 0.029321 0.031063
v 0.049201 0.027919 0.032428
v 0.053269 0.031587 0.029193
v 0.023694 0.031784 0.041221
v 0.024665 0.030323 0.040080
v 0.021630 0.028376 0.038464
v 0.019861 0.029022 0.039130
v 0.022208 0.033098 0.042102
v 0.017701 0.029747 0.039913
v 0.036829 0.036791 0.042672
v 0.035672 0.032918 0.041549
v 0.025489 0.028482 0.038654
v 0.023106 0.027097 0.038209
v 0.025295 0.028628 0.038793
v 0.022965 0.027314 0.038070
v 0.058049 0.092401 -0.109485
v 0.060372 0.098404 -0.096958
v 0.043695 0.109105 -0.103220
v 0.042765 0.101703 -0.115570
v 0.042017 0.027709 0.036655
v 0.042279 0.027922 0.037074
v 0.044756 0.027041 0.035285
v 0.044354 0.026750 0.035121
v 0.046212 0.025864 0.033414
v 0.046719 0.026195 0.033367
v 0.047994 0.025341 0.031571
v 0.047437 0.025032 0.031741
v 0.048074 0.024457 0.030521
v 0.048596 0.024378 0.030056
v 0.022691 0.027867 0.038437
v 0.025170 0.029043 0.039259
v 0.051362 0.060997 -0.131699
v 0.044498 0.074918 0.024537
v 0.051486 0.071332 0.017905
v 0.049366 0.064812 0.023669
v 0.043291 0.029117 0.037508
v 0.045946 0.028110 0.035341
v 0.047787 0.026940 0.033182
v 0.048874 0.025750 0.031314
v 0.049296 0.024892 0.030058
v 0.070209 -0.013422 -0.037181
v 0.071012 -0.013510 -0.038861
v 0.078468 -0.002995 -0.064337
v 0.076503 0.003794 -0.063698
v 0.075310 0.007215 -0.062681
v 0.077889 0.015318 -0.048538
v 0.082128 0.018342 -0.051297
v 0.081877 -0.022283 -0.058386
v 0.078758 -0.024093 -0.054497
v -0.088097 0.023505 -0.058233
v 0.081924 -0.021324 -0.058976
v 0.088253 0.014729 -0.062487
v 0.088580 0.013067 -0.063832
v 0.089401 0.012898 -0.063702
v 0.040561 -0.032649 -0.106049
v 0.044983 -0.019946 -0.112162
v 0.089001 0.011029 -0.065293
v 0.073284 -0.008781 -0.041228
v 0.079812 -0.003725 -0.064584
v 0.081787 -0.004437 -0.066287
v 0.082184 -0.009643 -0.066672
v 0.081565 -0.008995 -0.065569
v 0.081067 -0.014498 -0.064767
v 0.080573 -0.013439 -0.064062
v 0.083574 -0.018594 -0.061548
v 0.085719 -0.015055 -0.063370
v 0.083289 0.018836 -0.052327
v 0.082439 0.017792 -0.050806
v 0.084022 0.018448 -0.052602
v 0.073992 -0.010012 -0.042702
v 0.075940 0.013862 -0.048337
v 0.075683 0.011269 -0.047346
v 0.075242 0.011674 -0.047776
v 0.069944 -0.004864 -0.046938
v 0.070008 -0.003898 -0.047054
v 0.071173 -0.006369 -0.046395
v 0.073858 -0.007992 -0.045062
v 0.067242 -0.015760 -0.045321
v 0.066470 -0.017161 -0.047669
v 0.067071 -0.018219 -0.046809
v 0.085057 0.025260 -0.056879
v 0.075746 0.010294 -0.047118
v 0.077314 0.011332 -0.047132
v 0.077637 0.012555 -0.047401
v 0.084912 0.018064 -0.052920
v 0.077774 0.013461 -0.047681
v 0.076976 0.013484 -0.047620
v 0.078641 0.015031 -0.048430
v 0.076307 0.013490 -0.047827
v 0.073605 -0.011559 -0.059447
v 0.072187 -0.011796 -0.057470
v 0.072308 0.007662 -0.038083
v 0.073125 0.005225 -0.040220
v 0.077828 -0.024713 -0.052256
v 0.075341 0.014112 -0.058952
v 0.075482 0.016610 -0.060133
v 0.087001 -0.010301 -0.065295
v 0.079985 -0.015784 -0.055387
v 0.077847 -0.016332 -0.053366
v 0.081825 -0.014765 -0.057185
v 0.083441 -0.012237 -0.058768
v 0.070457 0.004104 -0.052847
v 0.082974 0.007959 -0.057039
v 0.083459 0.005763 -0.058451
v 0.081367 0.007995 -0.055452
v 0.076913 0.020176 -0.058335
v 0.076694 0.020111 -0.055960
v 0.077493 0.014426 -0.056329
v 0.075963 0.018514 -0.055368
v 0.069293 -0.012231 -0.045682
v 0.069084 -0.018392 -0.049247
v 0.068085 -0.016264 -0.050012
v 0.070087 -0.018141 -0.050195
v 0.069525 -0.017265 -0.051592
v 0.069991 -0.015611 -0.053351
v 0.070667 -0.013643 -0.054725
v 0.070597 -0.011236 -0.055504
v 0.068890 -0.008022 -0.046539
v 0.077205 0.019535 -0.045161
v 0.068341 -0.009952 -0.046363
v 0.070279 -0.006288 -0.046631
v 0.070457 -0.008113 -0.046173
v 0.070149 -0.010148 -0.045767
v 0.074750 -0.019103 -0.046738
v 0.075551 -0.017441 -0.049282
v 0.073264 -0.018401 -0.046091
v 0.076541 -0.016783 -0.051426
v 0.072096 -0.018076 -0.045642
v 0.075263 0.015436 -0.057301
v 0.075656 0.018547 -0.057402
v 0.070253 -0.009787 -0.035125
v 0.064316 -0.000504 0.013711
v 0.065666 0.008467 0.008018
v 0.023805 -0.050107 0.033929
v 0.022885 -0.053334 0.034044
v 0.056609 -0.010644 0.028143
v 0.051875 -0.012919 0.033711
v 0.021855 -0.043587 0.047873
v 0.021168 -0.044863 0.048122
v 0.020177 -0.044302 0.048574
v 0.020835 -0.043515 0.048172
v 0.018935 -0.043641 0.046031
v 0.019654 -0.043503 0.045377
v 0.019626 -0.043446 0.046797
v 0.019012 -0.043576 0.047555
v 0.028136 -0.025757 0.046533
v 0.031862 -0.022253 0.046472
v 0.033710 -0.027174 0.045182
v 0.029932 -0.030067 0.045957
v 0.022256 -0.044932 0.037128
v 0.021945 -0.043315 0.037740
v 0.020262 -0.043012 0.042146
v 0.020813 -0.043827 0.041577
v 0.022088 -0.047998 0.036891
v 0.020670 -0.045387 0.041215
v 0.024256 -0.045809 0.034223
v 0.023447 -0.043264 0.034836
v 0.030312 -0.051726 0.041269
v 0.026920 -0.048854 0.043512
v 0.028028 -0.044642 0.044255
v 0.031473 -0.045905 0.042143
v 0.024954 -0.013904 0.047188
v 0.028763 -0.017988 0.047226
v 0.025520 -0.021493 0.046756
v 0.022263 -0.017063 0.046537
v 0.018679 -0.012474 0.046837
v 0.021097 -0.009926 0.047031
v 0.016801 -0.005593 0.050665
v 0.017840 -0.009015 0.051359
v 0.017707 -0.010405 0.054710
v 0.017721 -0.008221 0.053735
v 0.015841 -0.014143 0.052725
v 0.018096 -0.011083 0.049802
v 0.011955 -0.015853 0.053054
v -0.012463 -0.013827 0.055264
v -0.011381 -0.012579 0.054265
v -0.012517 -0.011971 0.056123
v -0.013940 -0.012980 0.057160
v 0.011607 -0.015403 0.054102
v 0.015749 -0.014343 0.051057
v -0.004941 -0.015226 0.064378
v -0.006133 -0.013054 0.064575
v -0.005038 -0.013802 0.062067
v -0.004998 -0.015680 0.061717
v 0.016018 -0.014966 0.049312
v 0.012381 -0.016111 0.051989
v 0.010873 -0.014709 0.055192
v 0.013818 -0.014316 0.055209
v -0.007906 -0.012174 0.064021
v -0.009605 -0.012645 0.065700
v -0.011495 -0.012164 0.063973
v -0.009505 -0.011730 0.062364
v -0.004894 -0.011171 0.057092
v -0.005976 -0.013009 0.058311
v -0.004194 -0.011559 0.060795
v -0.012522 -0.010274 0.054492
v -0.010803 -0.011246 0.053102
v -0.010131 -0.007706 0.052408
v -0.011538 -0.006925 0.053508
v 0.015640 -0.012581 0.056984
v 0.004285 -0.016441 0.064331
v 0.005668 -0.015199 0.066415
v 0.009250 0.014489 0.051438
v 0.011903 0.011520 0.048736
v 0.009166 0.012120 0.053691
v 0.011932 0.009624 0.051068
v 0.014693 -0.011114 0.061172
v 0.016062 -0.008766 0.059489
v 0.012207 -0.010594 0.065115
v 0.012879 -0.007885 0.064664
v 0.004547 0.027818 0.051161
v 0.002120 -0.019330 0.059771
v 0.002395 -0.019810 0.059211
v 0.001772 -0.018665 0.061805
v 0.021693 0.094715 -0.133876
v 0.022198 0.106967 -0.122524
v 0.021474 0.120292 -0.099321
v 0.019268 0.124728 -0.086892
v 0.005851 -0.031152 0.061802
v 0.005462 -0.028738 0.060972
v 0.011437 -0.034933 0.047750
v 0.006337 -0.034750 0.048733
v 0.006002 -0.037558 0.052067
v 0.010829 -0.037707 0.051068
v 0.014483 -0.038259 0.049314
v 0.015382 -0.035492 0.046083
v 0.012086 -0.031927 0.045942
v 0.006828 -0.031630 0.047072
v 0.011009 -0.039046 0.054976
v 0.006139 -0.038702 0.056699
v 0.006259 -0.036281 0.059848
v 0.011490 -0.037103 0.057513
v 0.018613 -0.018957 0.048345
v 0.014773 -0.018826 0.050562
v 0.010620 -0.019520 0.054048
v 0.007127 -0.020435 0.056834
v 0.006344 -0.019061 0.057191
v 0.009191 -0.017662 0.054823
v 0.005905 -0.018576 0.057583
v 0.008745 -0.017300 0.055481
v 0.008481 -0.016727 0.056077
v 0.008968 -0.015375 0.056482
v 0.006938 -0.016136 0.057871
v 0.007463 -0.014864 0.057529
v 0.005760 -0.017891 0.057899
v 0.004478 0.006408 0.065620
v 0.004203 0.009816 0.062911
v 0.010466 -0.027369 0.058679
v 0.005085 -0.027043 0.059717
v 0.004490 -0.024418 0.058322
v 0.009230 -0.024090 0.057077
v 0.013884 -0.024406 0.054763
v 0.015581 -0.029079 0.056568
v 0.002794 -0.020230 0.058747
v 0.010800 -0.029288 0.059675
v 0.010933 -0.031808 0.060139
v 0.015954 -0.031400 0.057413
v 0.015859 -0.033847 0.057599
v 0.019805 -0.032013 0.054005
v 0.018908 -0.026147 0.052232
v 0.023824 -0.028669 0.049456
v 0.022676 -0.035507 0.051226
v 0.028424 -0.040682 0.045375
v 0.023239 -0.043650 0.047091
v 0.023717 -0.041778 0.047629
v 0.023804 -0.039990 0.048466
v 0.028193 -0.036863 0.046560
v 0.031789 -0.040319 0.043446
v 0.031352 -0.034955 0.044773
v 0.026870 -0.032951 0.047832
v 0.023641 -0.038029 0.049534
v 0.022243 -0.042352 0.048305
v 0.021093 -0.042820 0.048431
v 0.022382 -0.041136 0.049090
v 0.021139 -0.042064 0.049134
v 0.022280 -0.039874 0.050074
v 0.021109 -0.041225 0.050020
v 0.020966 -0.039896 0.051217
v 0.021963 -0.037997 0.051434
v 0.019129 -0.042661 0.046652
v 0.018517 -0.041916 0.047916
v 0.018816 -0.041825 0.049603
v 0.019217 -0.042579 0.048443
v 0.019591 -0.043081 0.045817
v 0.019499 -0.042964 0.047608
v 0.019698 -0.042058 0.043487
v 0.018627 -0.040663 0.045398
v -0.047548 -0.084271 -0.023576
v -0.055168 -0.081783 -0.037081
v 0.020091 -0.043464 0.044871
v 0.019907 -0.043220 0.046603
v 0.020020 -0.043285 0.048053
v 0.020117 -0.042708 0.048619
v 0.019972 -0.042115 0.049449
v 0.019749 -0.041165 0.050518
v 0.015421 -0.036203 0.056956
v 0.018734 -0.036720 0.054762
v 0.017944 -0.038804 0.053800
v 0.014810 -0.038605 0.055116
v 0.017064 -0.040250 0.052337
v 0.016207 -0.032524 0.044456
v 0.014045 -0.039767 0.053091
v 0.018276 -0.036912 0.043831
v 0.019327 -0.034629 0.041306
v 0.016963 -0.039341 0.047103
v 0.021455 -0.041461 0.038985
v 0.019956 -0.039226 0.041604
v 0.022953 -0.041092 0.036108
v 0.021200 -0.037506 0.039156
v 0.016567 -0.040958 0.050220
v 0.019488 -0.034487 0.054718
v 0.011123 -0.034372 0.059360
v 0.005983 -0.033547 0.061266
v -0.033641 0.007327 0.038480
v -0.033020 0.005181 0.040089
v -0.028914 0.006348 0.041042
v -0.029685 0.008146 0.039485
v 0.005233 -0.001213 0.071696
v 0.004978 0.002960 0.068569
v 0.019454 -0.043835 0.048516
v 0.010202 -0.124516 -0.004101
v -0.074713 -0.008056 -0.045242
v -0.074221 -0.007299 -0.043951
v -0.082360 0.014322 -0.067926
v 0.022499 -0.045574 0.047129
v 0.021406 -0.050348 0.036566
v 0.019963 -0.046554 0.041244
v 0.027751 -0.057234 0.041288
v 0.023785 -0.061975 0.042878
v 0.021715 -0.057576 0.045441
v 0.024931 -0.053281 0.043743
v 0.019285 -0.050686 0.049136
v 0.021299 -0.047920 0.047851
v -0.088074 0.016908 -0.062244
v 0.020206 -0.046470 0.049089
v 0.018485 -0.048485 0.050586
v 0.017655 -0.046745 0.051563
v 0.019278 -0.045267 0.049659
v 0.015683 -0.044475 0.049657
v 0.012105 -0.045085 0.051932
v 0.011588 -0.048514 0.046080
v 0.015626 -0.047902 0.044276
v 0.018623 -0.047167 0.042298
v 0.018215 -0.043977 0.047040
v -0.082243 0.021268 -0.062123
v -0.080968 0.023517 -0.057314
v -0.079818 0.021991 -0.056197
v -0.080935 0.019431 -0.060414
v 0.016312 -0.044400 0.051156
v 0.018405 -0.043887 0.048592
v 0.012505 -0.045149 0.053701
v 0.020728 -0.121133 -0.009131
v 0.018689 -0.044307 0.049536
v 0.016760 -0.045077 0.051615
v 0.013212 -0.046292 0.054489
v 0.014207 -0.048552 0.054559
v 0.015025 -0.050910 0.053882
v 0.015566 -0.053593 0.051982
v 0.017478 -0.060956 0.047552
v 0.018447 -0.066145 0.045716
v 0.011935 -0.063095 0.049356
v 0.012458 -0.068281 0.048256
v 0.011170 -0.055984 0.054782
v 0.010884 -0.052799 0.057134
v 0.010204 -0.050028 0.057583
v 0.009533 -0.047479 0.057011
v 0.003431 -0.021248 0.058269
v 0.005528 -0.016620 0.059214
v 0.004381 -0.016888 0.061713
v 0.007880 -0.013551 0.067339
v 0.001692 -0.018057 0.064192
v 0.010472 -0.011216 0.066825
v 0.008781 -0.012307 0.068379
v 0.009304 -0.010457 0.069219
v 0.010473 -0.009497 0.067922
v 0.007183 -0.013234 0.069701
v 0.008376 -0.010879 0.070345
v 0.003110 -0.014726 0.071537
v 0.004083 -0.011193 0.073766
v 0.005121 -0.005145 0.073671
v 0.004545 -0.008825 0.074292
v 0.009648 -0.008737 0.069847
v 0.010716 -0.006463 0.068471
v -0.090282 0.017560 -0.063531
v 0.010886 -0.003460 0.066036
v 0.013054 -0.005038 0.062242
v 0.010195 0.130162 -0.043040
v 0.008863 -0.046046 0.055913
v 0.008336 -0.045952 0.053246
v -0.073437 -0.020720 -0.045422
v -0.081809 0.005785 -0.058290
v 0.011696 -0.058495 0.037978
v 0.011609 -0.054220 0.040815
v 0.007703 -0.054879 0.041769
v -0.080432 0.023918 -0.054638
v -0.083887 0.025433 -0.055428
v 0.007790 -0.059377 0.039039
v 0.004549 -0.046604 0.053632
v -0.088270 -0.005488 -0.068009
v -0.090527 0.016075 -0.065658
v -0.088739 0.014654 -0.064521
v -0.081518 0.016084 -0.049093
v -0.075920 -0.011809 -0.062466
v -0.082448 -0.011631 -0.060134
v -0.080944 -0.014135 -0.058537
v -0.075231 -0.013640 -0.061337
v -0.070476 0.001529 -0.056459
v 0.004196 -0.049797 0.047503
v 0.007857 -0.049141 0.046994
v 0.004802 -0.046647 0.056626
v 0.005282 -0.048281 0.058026
v 0.005836 -0.050917 0.058958
v 0.004013 -0.055555 0.042123
v 0.004166 -0.059925 0.039566
v -0.070278 -0.016298 -0.037017
v 0.019858 -0.052121 0.037450
v -0.078016 -0.027137 -0.052495
v -0.079096 -0.025941 -0.054850
v -0.031498 -0.033375 -0.116007
v -0.034861 -0.022192 -0.122438
v -0.089522 -0.005567 -0.070820
v 0.020952 -0.055862 0.034879
v 0.015970 -0.053510 0.039372
v 0.016497 -0.057506 0.036728
v 0.006893 -0.068636 0.050606
v 0.006586 -0.063973 0.051191
v 0.006048 -0.054323 0.058540
v 0.006153 -0.057821 0.056015
v 0.022216 0.114894 -0.111611
v 0.062801 0.077005 -0.005385
v 0.061264 0.070235 0.002488
v -0.082566 0.017898 -0.056311
v 0.054285 0.077929 0.009633
v 0.056246 0.083200 0.002274
v 0.063537 0.084720 -0.013513
v 0.056882 0.089788 -0.005456
v 0.039885 0.121906 -0.062559
v 0.040493 0.121339 -0.048258
v 0.021402 0.127528 -0.044290
v 0.034714 0.122009 -0.076588
v 0.047027 0.113511 -0.085923
v 0.049342 0.116247 -0.066477
v 0.049371 0.116231 -0.051127
v -0.074941 -0.021287 -0.046796
v -0.074031 -0.027211 -0.046188
v -0.072774 -0.026657 -0.044117
v -0.077189 0.008759 -0.054889
v 0.024315 -0.086447 -0.106124
v 0.052217 0.043530 -0.130989
v 0.048071 0.115225 -0.037293
v 0.039855 0.119569 -0.034452
v 0.039344 0.116501 -0.022069
v 0.046778 0.112980 -0.025571
v 0.021268 0.125242 -0.029837
v 0.010173 0.127561 -0.027963
v 0.018017 0.006709 -0.143869
v 0.004142 0.013003 0.060281
v 0.045847 -0.048865 -0.089143
v 0.055117 -0.049092 -0.071315
v 0.056680 -0.100675 -0.048864
v 0.067547 -0.026159 -0.052300
v 0.067124 -0.025690 -0.053256
v 0.058541 -0.063808 -0.052956
v 0.059422 -0.050060 -0.053959
v 0.036659 -0.047816 -0.101066
v 0.077116 -0.014762 -0.062965
v 0.077993 -0.011116 -0.064199
v 0.078472 -0.015724 -0.062673
v 0.079518 -0.011809 -0.063996
v 0.079903 -0.007806 -0.064550
v 0.079227 -0.017652 -0.061997
v 0.077393 0.020288 -0.053141
v 0.078534 0.021866 -0.052338
v -0.076652 -0.017296 -0.063370
v -0.077038 -0.015143 -0.064256
v 0.067427 -0.028256 -0.048100
v 0.067178 -0.027468 -0.049764
v -0.061524 -0.005659 -0.052322
v 0.066759 -0.027896 -0.048828
v 0.066523 -0.028496 -0.047592
v 0.067197 -0.029303 -0.046591
v 0.066504 -0.029159 -0.046472
v 0.077796 0.035872 -0.046329
v 0.065074 -0.028432 -0.049888
v 0.066498 -0.026030 -0.052542
v 0.066741 -0.026948 -0.051076
v 0.065832 -0.027777 -0.049744
v 0.065753 -0.029007 -0.047693
v 0.065801 -0.029965 -0.045994
v 0.066820 -0.030576 -0.045500
v -0.078317 -0.022931 -0.060995
v -0.074461 -0.028324 -0.055498
v -0.059524 -0.078599 -0.050580
v -0.057630 -0.075884 -0.065566
v -0.058220 -0.087321 -0.063505
v -0.058702 -0.091123 -0.048958
v -0.072315 -0.002471 -0.037901
v -0.072460 -0.009719 -0.040728
v -0.071655 -0.010767 -0.038852
v 0.079631 -0.018832 -0.062404
v 0.072295 -0.029664 -0.050877
v -0.023996 -0.103070 -0.002559
v -0.021158 -0.114494 -0.006452
v 0.077512 0.012502 -0.059228
v 0.077423 0.010934 -0.060567
v 0.079890 0.012532 -0.062111
v 0.079919 0.014659 -0.060742
v 0.057441 -0.010135 -0.103739
v 0.059940 0.000875 -0.109034
v 0.011409 -0.084894 -0.110952
v 0.011636 -0.070657 -0.110709
v 0.075041 0.033273 -0.094069
v 0.077664 0.014107 -0.057622
v 0.080078 0.016308 -0.059267
v 0.078606 -0.007092 -0.064527
v 0.077185 0.013233 -0.057368
v 0.076930 0.011678 -0.058934
v 0.081168 0.017937 -0.060798
v 0.081246 0.015777 -0.062462
v 0.081105 0.013474 -0.063831
v 0.076647 0.010043 -0.060547
v -0.070621 -0.015654 -0.032660
v -0.070198 -0.016011 -0.022258
v -0.071805 -0.000546 -0.022324
v -0.071635 -0.006106 -0.032178
v 0.076389 0.018779 -0.060222
v 0.080233 0.063786 -0.070262
v 0.079211 0.057937 -0.084388
v 0.076689 0.080764 -0.073654
v 0.075843 0.075812 -0.089050
v 0.071051 0.069858 -0.105035
v 0.074227 0.050994 -0.100424
v 0.076788 0.019872 -0.054605
v 0.079279 0.022790 -0.052771
v 0.064062 0.091136 -0.021324
v 0.069085 0.086045 -0.028694
v 0.057083 0.095557 -0.012618
v 0.056876 0.100724 -0.019376
v 0.063374 0.097191 -0.028347
v 0.070455 0.090274 -0.040592
v 0.079501 0.054377 -0.055264
v 0.078601 0.069204 -0.056007
v 0.075609 0.073312 -0.042332
v -0.059354 0.030578 0.015407
v -0.061046 0.031204 0.010525
v -0.061775 0.022005 0.010526
v -0.059621 0.023137 0.014714
v 0.074889 0.085760 -0.057931
v 0.066336 0.099448 -0.046968
v 0.069938 0.095848 -0.061656
v 0.059157 0.107889 -0.050851
v 0.061194 0.105916 -0.065575
v 0.061034 0.103436 -0.081664
v 0.071581 0.091933 -0.076903
v 0.061432 0.102610 -0.034564
v 0.055262 0.105437 -0.024829
v 0.056235 0.108888 -0.038099
v 0.052994 0.109445 -0.029393
v 0.073702 0.075161 -0.035016
v 0.062740 -0.034515 -0.045344
v 0.064082 -0.034750 -0.040201
v -0.019422 0.088613 0.032757
v -0.009356 0.089391 0.035069
v -0.009552 0.096944 0.029066
v -0.019897 0.095795 0.026389
v 0.068181 -0.023897 -0.033080
v -0.036736 -0.014006 -0.126775
v -0.038529 -0.003476 -0.131454
v -0.019101 -0.006241 -0.138515
v -0.018087 -0.015999 -0.133389
v 0.068131 0.001583 0.001015
v 0.068342 0.013746 -0.001638
v 0.071404 0.005849 -0.012084
v 0.069580 -0.007331 -0.008670
v -0.020461 0.112949 0.004151
v -0.009897 0.114646 0.006875
v -0.010107 0.119661 -0.003137
v -0.020845 0.117686 -0.005510
v -0.052371 0.004775 0.028798
v -0.054451 -0.000925 0.028912
v -0.050536 -0.001201 0.032991
v -0.048890 0.004490 0.031992
v 0.066819 0.027181 -0.003466
v 0.070566 0.019761 -0.013677
v 0.070788 0.033827 -0.015670
v 0.067031 0.041502 -0.004001
v 0.061986 0.064437 -0.120127
v 0.064120 0.047579 -0.118273
v -0.073833 -0.031828 -0.043267
v -0.072788 -0.030940 -0.041945
v 0.064436 0.034764 -0.116453
v 0.047790 0.058576 0.027834
v -0.010366 0.123961 -0.014873
v -0.021350 0.121788 -0.016836
v 0.021291 0.085676 -0.140102
v 0.046694 0.082421 0.017072
v 0.054455 0.084978 -0.120442
v -0.001305 -0.070333 -0.112484
v 0.041247 0.090971 -0.126999
v 0.070652 0.087102 -0.092081
v 0.067270 0.081862 -0.105685
v 0.059110 0.075506 -0.120586
v 0.063124 0.018542 -0.114351
v 0.047402 0.109157 -0.017949
v 0.056154 0.024787 0.021926
v 0.055466 0.020522 0.021189
v 0.056223 0.029452 0.023442
v 0.053819 0.016079 0.022772
v 0.015387 0.008969 0.046787
v 0.015019 0.007310 0.048848
v 0.014468 0.005357 0.050711
v 0.018522 0.005125 0.047038
v 0.017700 0.002522 0.048727
v 0.011500 0.004782 0.055223
v 0.011806 0.007313 0.053194
v 0.013938 0.002754 0.052208
v 0.013435 -0.000198 0.053198
v 0.011238 0.001851 0.057034
v 0.017978 -0.011093 0.047763
v 0.018614 -0.006534 0.047620
v 0.016119 -0.002870 0.049786
v 0.021386 0.000078 0.047719
v 0.020116 -0.002885 0.048266
v 0.016762 0.000107 0.049571
v 0.022711 0.002997 0.045962
v 0.014654 -0.003364 0.055115
v 0.016154 -0.006553 0.057638
v 0.012026 -0.001593 0.059504
v 0.010304 -0.000148 0.062999
v 0.009702 0.003575 0.060424
v 0.019114 0.006909 0.045081
v 0.023556 0.005129 0.044136
v 0.023640 -0.006216 0.048151
v 0.027993 -0.009712 0.048175
v 0.025613 -0.002239 0.047268
v 0.030018 -0.005125 0.047014
v 0.026986 0.000936 0.045360
v 0.031402 -0.001584 0.044990
v 0.031968 -0.013632 0.047758
v 0.035269 -0.018031 0.046542
v 0.038100 -0.023541 0.044344
v 0.038403 -0.013110 0.045094
v 0.041766 -0.018921 0.042740
v 0.040518 -0.008214 0.043144
v 0.044708 -0.013445 0.040756
v -0.011819 0.013559 0.045439
v -0.012308 0.015220 0.042524
v -0.015951 0.012442 0.041497
v -0.015524 0.010795 0.044001
v -0.006967 0.060466 0.046374
v -0.007970 0.068744 0.043958
v -0.016799 0.068954 0.042347
v -0.015212 0.060867 0.045190
v 0.034558 -0.008771 0.046376
v 0.036268 -0.004692 0.044268
v 0.032622 0.001860 0.042890
v 0.028183 0.003691 0.043436
v 0.041735 0.002421 0.038899
v 0.041599 -0.002785 0.041084
v 0.037170 -0.000295 0.042106
v 0.037658 0.003848 0.039966
v 0.046541 -0.006770 0.038705
v 0.046311 0.000614 0.037092
v 0.045471 0.005269 0.035385
v 0.031700 0.010992 0.038657
v 0.026685 0.011469 0.039104
v 0.035372 0.010819 0.037824
v 0.041436 0.006084 0.037164
v 0.037986 0.006754 0.038473
v 0.049520 0.011871 0.028679
v 0.047335 0.011164 0.031038
v 0.041677 0.010761 0.035297
v 0.038784 0.010733 0.036742
v 0.044597 0.010960 0.033388
v 0.022113 0.012854 0.038927
v 0.017730 0.014794 0.038791
v 0.054464 -0.062168 -0.068458
v 0.009443 0.006775 0.058356
v 0.009240 0.009591 0.056146
v 0.014566 0.030212 0.041659
v 0.012728 0.027673 0.040317
v 0.007413 0.027712 0.048119
v 0.018815 0.033747 0.043979
v 0.014078 0.017182 0.038815
v -0.020373 0.010193 0.040589
v -0.019718 0.008743 0.042443
v 0.012525 0.019315 0.038744
v 0.011506 0.022209 0.038865
v 0.011476 0.024874 0.039459
v -0.009649 0.103470 0.022366
v -0.020147 0.102146 0.019504
v -0.020935 0.127864 -0.067048
v -0.021394 0.128151 -0.058528
v -0.010143 0.130867 -0.058951
v -0.011223 0.129943 -0.071561
v 0.030369 0.048264 0.045089
v 0.027295 0.041528 0.046416
v 0.057879 0.063791 0.011625
v 0.061619 0.054937 0.007651
v 0.050237 0.044098 0.030633
v 0.053390 0.039787 0.027819
v 0.055424 0.034620 0.025292
v 0.063327 0.043028 0.004857
v 0.063774 0.030487 0.004227
v 0.065021 0.018992 0.005393
v -0.069492 -0.000621 -0.092085
v -0.072731 -0.001942 -0.076872
v -0.075615 0.010099 -0.078278
v -0.073551 0.015927 -0.094672
v 0.048628 0.094123 0.002905
v -0.034568 -0.095905 -0.011654
v -0.032433 -0.107857 -0.014637
v -0.001333 -0.084138 -0.112336
v 0.048528 0.099661 -0.003954
v 0.048137 0.088175 0.010027
v 0.039124 0.112596 -0.012577
v 0.039202 0.108213 -0.004175
v 0.048126 0.104668 -0.010861
v 0.039695 0.103190 0.003131
v 0.040044 0.097665 0.009917
v 0.039567 0.091785 0.017070
v 0.038473 0.085615 0.023921
v 0.036796 0.077071 0.030653
v 0.044479 -0.061239 -0.086291
v 0.008405 -0.004078 0.055288
v 0.007618 -0.004065 0.055854
v -0.052297 0.053003 0.022690
v -0.054289 0.058539 0.018342
v -0.057664 0.051165 0.014564
v -0.055520 0.046640 0.019400
v 0.007229 -0.004618 0.054708
v 0.006523 -0.004539 0.055282
v 0.005970 -0.006285 0.054930
v 0.007280 -0.013067 0.056879
v 0.006079 -0.011247 0.055918
v 0.005455 -0.007947 0.054749
v 0.066389 -0.030295 -0.034855
v -0.005331 0.047440 0.050055
v -0.012580 0.047824 0.049163
v -0.010670 0.041595 0.049481
v -0.004598 0.041128 0.050618
v -0.059455 0.016277 0.015303
v -0.062064 0.013447 0.012195
v -0.061119 0.006051 0.017091
v -0.058205 0.009847 0.019167
v -0.055059 0.005893 0.025476
v -0.057410 0.000453 0.024994
v -0.018311 0.078771 0.038667
v -0.008742 0.079112 0.040531
v -0.059776 0.041569 0.011605
v -0.057888 0.038769 0.016890
v -0.009145 0.016326 0.047927
v -0.009876 0.017613 0.044235
v -0.006952 0.022104 0.046937
v -0.003567 0.021220 0.052657
v -0.003188 0.024855 0.051221
v -0.006443 0.024818 0.047458
v -0.032888 0.061014 0.038067
v -0.034633 0.068347 0.034796
v -0.042227 0.067063 0.029286
v -0.040502 0.060177 0.032832
v -0.020309 0.107751 0.012301
v -0.009750 0.109255 0.015150
v -0.003595 0.033445 0.050198
v -0.007886 0.033648 0.048201
v -0.006765 0.030417 0.047685
v -0.003502 0.030362 0.050147
v -0.024293 0.007440 0.041871
v -0.025017 0.009009 0.040275
v -0.066201 -0.030919 -0.045825
v -0.067233 -0.031954 -0.045650
v -0.073221 0.014862 -0.034646
v -0.072112 0.004332 -0.033074
v -0.072174 0.012628 -0.023166
v -0.072515 0.025247 -0.025138
v -0.074781 0.037024 -0.028436
v -0.076135 0.045648 -0.033555
v -0.076841 0.030155 -0.040928
v -0.075201 0.023794 -0.036751
v -0.052642 -0.084696 -0.076197
v -0.050285 -0.074474 -0.079523
v -0.003311 0.018273 0.055243
v -0.003194 0.015538 0.057643
v -0.021069 0.036003 -0.149629
v -0.020610 0.022365 -0.147854
v -0.040821 0.026274 -0.139390
v -0.041065 0.039273 -0.140770
v -0.066328 -0.011303 -0.088195
v -0.070172 -0.010818 -0.074200
v -0.011060 -0.009088 0.058299
v -0.007839 -0.004583 0.053549
v -0.007853 -0.008078 0.052401
v -0.007573 -0.005671 0.053561
v -0.011234 -0.011414 0.059970
v -0.013299 -0.012040 0.061268
v -0.008697 -0.011360 0.053065
v -0.008001 -0.011368 0.053488
v -0.007286 -0.007893 0.052633
v -0.009109 -0.004176 0.054261
v -0.001770 -0.017239 0.066878
v -0.002193 -0.015781 0.069866
v -0.006159 -0.014209 0.068572
v -0.004766 -0.015636 0.066430
v -0.005544 -0.005957 0.054971
v -0.004593 -0.008060 0.055558
v -0.005537 -0.010532 0.062975
v -0.007369 -0.006441 0.059040
v -0.007850 -0.004235 0.056233
v -0.007265 -0.009686 0.062201
v -0.006300 -0.015189 0.058929
v -0.009128 -0.009183 0.060477
v -0.078050 -0.018001 -0.053035
v -0.057440 -0.064584 -0.032013
v -0.061884 -0.050004 -0.039625
v -0.060781 -0.050406 -0.045266
v -0.058216 -0.065834 -0.041155
v -0.079727 0.008008 -0.056341
v -0.066530 0.057372 -0.003827
v -0.068207 0.069244 -0.012910
v -0.073466 0.057456 -0.024621
v -0.072808 0.046653 -0.019581
v -0.068732 0.079038 -0.020969
v -0.074017 0.068419 -0.031779
v -0.077309 0.056300 -0.041561
v -0.079260 0.036102 -0.055576
v -0.041717 0.018869 0.033619
v -0.041923 0.018576 0.033606
v -0.040407 0.018258 0.034806
v -0.040271 0.018595 0.034860
v -0.041427 0.018983 0.033311
v -0.040127 0.018686 0.034324
v -0.042483 0.019335 0.032409
v -0.042807 0.019158 0.032718
v -0.042943 0.018837 0.032696
v -0.024937 0.019324 0.036838
v -0.025339 0.019421 0.036041
v -0.027711 0.018969 0.037033
v -0.027543 0.018863 0.037905
v -0.024814 0.018990 0.037172
v -0.027822 0.018405 0.038038
v -0.024130 0.020340 0.030406
v -0.023932 0.020889 0.030415
v -0.025107 0.019490 0.030687
v -0.022934 0.020914 0.033188
v -0.022785 0.021845 0.033257
v -0.023505 0.022395 0.030492
v -0.023719 0.021351 0.030383
v -0.023140 0.020529 0.033423
v -0.021565 0.020345 0.034124
v -0.021254 0.020632 0.033895
v -0.021330 0.021471 0.034033
v -0.032450 0.017472 0.038169
v -0.032775 0.016863 0.037935
v -0.028303 0.017233 0.038048
v -0.028139 0.017834 0.038102
v -0.032150 0.018004 0.038223
v -0.035445 0.018006 0.037573
v -0.035774 0.017498 0.037386
v -0.036056 0.016919 0.037068
v -0.024945 0.017949 0.037399
v -0.024880 0.018532 0.037337
v -0.036301 0.016241 0.036727
v -0.033014 0.016145 0.037582
v -0.028438 0.016473 0.037851
v -0.024836 0.017383 0.037469
v -0.021731 0.018551 0.036713
v -0.022223 0.019000 0.036649
v -0.033200 0.015362 0.037367
v -0.032991 0.014540 0.037257
v -0.028240 0.014868 0.037694
v -0.028423 0.015647 0.037724
v -0.036448 0.015450 0.036456
v -0.036296 0.014567 0.036373
v -0.044636 0.018869 0.030938
v -0.045208 0.019268 0.030236
v -0.045341 0.018582 0.030107
v -0.045013 0.018196 0.030542
v -0.047707 0.015784 0.027329
v -0.048635 0.016940 0.026407
v -0.050539 0.015847 0.024860
v -0.049287 0.014665 0.026254
v -0.057031 0.007386 0.022217
v -0.051124 0.012460 0.025502
v -0.052498 0.013760 0.023403
v -0.043955 0.018541 0.031715
v -0.043129 0.018331 0.032572
v -0.043788 0.019109 0.031837
v -0.044449 0.019430 0.031104
v -0.044386 0.017907 0.031313
v -0.043472 0.017675 0.032316
v -0.042135 0.018094 0.033494
v -0.042426 0.017427 0.033290
v -0.040864 0.017125 0.034514
v -0.040618 0.017751 0.034671
v -0.038397 0.017573 0.036041
v -0.038176 0.018068 0.036221
v -0.038687 0.016962 0.035783
v -0.041141 0.016417 0.034348
v -0.039035 0.016276 0.035541
v -0.042821 0.016707 0.032953
v -0.043939 0.016995 0.031846
v -0.044801 0.017310 0.030815
v -0.045476 0.017640 0.030008
v -0.045908 0.018195 0.029436
v -0.045308 0.016601 0.030090
v -0.045838 0.015916 0.029394
v -0.044584 0.015489 0.030749
v -0.044335 0.016258 0.031261
v -0.046146 0.017045 0.029143
v -0.046827 0.016447 0.028263
v -0.043095 0.016013 0.032593
v -0.043203 0.015264 0.032181
v -0.041292 0.014970 0.033781
v -0.041296 0.015800 0.034174
v -0.039306 0.015565 0.035324
v -0.039278 0.014710 0.034985
v -0.031989 0.018412 0.038159
v -0.031847 0.018598 0.037456
v -0.035088 0.018585 0.036941
v -0.035287 0.018374 0.037627
v -0.037991 0.018425 0.036247
v -0.037924 0.018611 0.035662
v -0.035217 0.017180 0.034377
v -0.034346 0.017589 0.030160
v -0.037253 0.017595 0.029412
v -0.038555 0.017338 0.033331
v -0.031411 0.017035 0.034761
v -0.031003 0.017944 0.030714
v -0.027734 0.017567 0.034856
v -0.027716 0.018682 0.030819
v -0.025266 0.019084 0.034555
v -0.033985 0.028982 0.037462
v -0.034131 0.029171 0.038006
v -0.038837 0.028361 0.037300
v -0.038448 0.028110 0.036654
v -0.051589 -0.000457 -0.121446
v -0.052883 0.014607 -0.126828
v -0.040244 0.010323 -0.136137
v -0.041478 0.026131 0.035569
v -0.041467 0.026737 0.035395
v -0.043704 0.025714 0.033875
v -0.043543 0.025096 0.033995
v -0.041428 0.025395 0.035592
v -0.043375 0.024371 0.033835
v -0.038473 0.026443 0.037204
v -0.038508 0.027155 0.037167
v -0.038473 0.027659 0.036804
v -0.043954 0.023589 0.028977
v -0.042958 0.025060 0.029773
v -0.042749 0.023528 0.032331
v -0.043588 0.022676 0.031182
v -0.044462 0.022908 0.028287
v -0.044122 0.022026 0.030292
v -0.043732 0.023525 0.024858
v -0.042927 0.024263 0.025518
v -0.041695 0.025158 0.026493
v -0.044181 0.022821 0.024486
v -0.044442 0.022078 0.024352
v -0.044371 0.021265 0.024299
v -0.044100 0.020494 0.024611
v -0.059668 -0.007867 0.022361
v -0.059620 0.002681 0.021165
v -0.062213 -0.005156 0.017911
v -0.043560 0.019496 0.031893
v -0.044215 0.019855 0.031123
v -0.043140 0.019719 0.031677
v -0.043578 0.019987 0.031047
v -0.044701 0.020228 0.030322
v -0.045090 0.019818 0.030287
v -0.042008 0.017918 0.031022
v -0.041498 0.018233 0.027593
v -0.042629 0.018721 0.026680
v -0.042956 0.018765 0.029792
v -0.040812 0.017444 0.032066
v -0.039703 0.017810 0.028533
v -0.043239 0.019242 0.025895
v -0.043757 0.019862 0.025134
v -0.043549 0.019242 0.029131
v -0.044024 0.019746 0.028307
v -0.044020 0.020330 0.030331
v -0.044638 0.020967 0.027537
v -0.044741 0.021516 0.027587
v -0.044352 0.020632 0.029613
v -0.044698 0.021049 0.028959
v -0.044411 0.020428 0.027718
v -0.044696 0.022216 0.027819
v -0.044475 0.021487 0.029468
v -0.045605 0.019219 0.029697
v -0.045524 0.020135 0.029564
v -0.046334 0.020884 0.028670
v -0.046177 0.019018 0.028970
v -0.047108 0.018869 0.027989
v -0.046708 0.017734 0.028433
v -0.047465 0.021213 0.027970
v -0.048590 0.021607 0.027187
v -0.048148 0.018822 0.027009
v -0.047522 0.017443 0.027524
v -0.045096 0.020518 0.029618
v -0.045427 0.020913 0.029089
v -0.046886 0.022277 0.029097
v -0.047603 0.022956 0.028798
v -0.045893 0.021758 0.029517
v -0.045336 0.022522 0.030749
v -0.046133 0.023197 0.030687
v -0.046606 0.023880 0.030600
v -0.045071 0.024077 0.032302
v -0.045430 0.024729 0.032228
v -0.044525 0.023408 0.032180
v -0.045060 0.021535 0.029753
v -0.044607 0.022139 0.030635
v -0.043910 0.022853 0.031788
v -0.043015 0.023637 0.033133
v -0.041324 0.024779 0.035066
v -0.041128 0.024657 0.034246
v -0.038421 0.025743 0.036746
v -0.038375 0.025609 0.035982
v -0.034558 0.029962 0.039133
v -0.039824 0.029492 0.038086
v -0.038340 0.027261 0.032978
v -0.036593 0.026596 0.029638
v -0.034010 0.026875 0.031025
v -0.034871 0.027787 0.034757
v -0.022988 0.022508 0.033537
v -0.023414 0.023614 0.034143
v -0.023968 0.024362 0.031170
v -0.023427 0.023208 0.030637
v -0.022108 0.022097 0.034537
v -0.023238 0.023181 0.035256
v -0.027002 0.026723 0.035797
v -0.027615 0.026265 0.031938
v -0.024997 0.025723 0.031689
v -0.024658 0.025308 0.035072
v -0.027839 0.025455 0.037140
v -0.025063 0.024281 0.036204
v -0.034800 0.026212 0.037186
v -0.022322 0.071843 -0.146325
v -0.021912 0.056207 -0.149584
v -0.041348 0.057953 -0.140742
v -0.041294 0.071546 -0.138091
v -0.041391 0.026393 0.031145
v -0.039455 0.026012 0.028085
v -0.051290 0.072638 -0.130426
v -0.050414 0.081294 -0.127464
v -0.041643 0.083181 -0.132866
v -0.037404 -0.062160 -0.098214
v -0.027290 -0.072594 -0.104929
v -0.021332 0.021859 0.035720
v -0.022782 0.022919 0.036301
v -0.020333 0.021157 0.035264
v -0.019188 0.021077 0.035621
v -0.020117 0.022044 0.035935
v -0.021632 0.023356 0.036533
v -0.024637 0.024240 0.037050
v -0.023730 0.024802 0.037439
v -0.026923 0.026329 0.038361
v -0.027589 0.025635 0.037977
v -0.034573 0.026271 0.038025
v -0.034294 0.027032 0.038240
v -0.026260 0.027013 0.038188
v -0.023051 0.025487 0.037192
v -0.025692 0.027643 0.037721
v -0.022714 0.026295 0.036797
v -0.033982 0.028447 0.037785
v -0.034098 0.027786 0.038168
v -0.022331 0.019291 0.036441
v -0.019617 0.019739 0.035948
v -0.022642 0.019660 0.035943
v -0.020599 0.020077 0.035492
v -0.023587 0.019834 0.035043
v -0.019984 0.020349 0.035275
v -0.018956 0.020110 0.035685
v -0.023623 0.019941 0.033758
v -0.019089 0.022360 0.035639
v -0.018071 0.021038 0.035624
v -0.017804 0.022721 0.035278
v -0.016815 0.021044 0.035470
v -0.019841 0.024717 0.035670
v -0.020724 0.023978 0.036162
v -0.017872 0.019852 0.035789
v -0.018499 0.019349 0.036051
v -0.016755 0.019695 0.035753
v -0.017516 0.019020 0.036015
v -0.024577 0.016792 0.037536
v -0.024225 0.016106 0.037613
v -0.021065 0.017979 0.036840
v -0.020383 0.017415 0.036889
v -0.032601 0.013557 0.037224
v -0.035918 0.013679 0.036370
v -0.031971 0.012433 0.037319
v -0.035437 0.012370 0.036406
v -0.027101 0.012888 0.037963
v -0.027765 0.013940 0.037806
v -0.032609 -0.116093 -0.015702
v -0.046498 0.015079 0.028782
v -0.047706 0.013697 0.028186
v -0.045974 0.013109 0.030016
v -0.045047 0.014686 0.030305
v -0.043418 0.014356 0.031823
v -0.043825 0.012700 0.031927
v -0.041303 0.012546 0.033638
v -0.041338 0.014049 0.033480
v -0.039046 0.013855 0.034912
v -0.038710 0.012450 0.035065
v -0.049573 0.018350 0.025675
v -0.050622 0.021463 0.025227
v -0.051424 0.017483 0.024002
v -0.052860 0.021049 0.023097
v -0.016135 0.023567 0.035301
v -0.015361 0.021432 0.035242
v -0.013915 0.024345 0.036520
v -0.013547 0.021980 0.036121
v -0.015332 0.027070 0.037666
v -0.017696 0.026263 0.036287
v -0.015696 0.019655 0.035621
v -0.016422 0.018668 0.035917
v -0.014251 0.019572 0.036056
v -0.015319 0.018191 0.036239
v -0.023557 0.015156 0.037592
v -0.022836 0.014152 0.037683
v -0.019543 0.016685 0.036871
v -0.018548 0.015876 0.037097
v -0.049682 -0.011571 -0.116481
v -0.053773 0.030437 -0.129682
v -0.047152 0.034049 0.035543
v -0.044832 0.030990 0.036235
v -0.041214 0.032021 0.038511
v -0.043038 0.035616 0.038702
v -0.049228 0.038689 0.033325
v -0.051810 0.035304 0.030460
v -0.049751 0.031872 0.032513
v -0.047433 0.029436 0.033683
v -0.051381 0.024144 0.026099
v -0.049670 0.024025 0.027671
v -0.049649 0.025729 0.029169
v -0.051415 0.026436 0.027750
v -0.053652 0.024345 0.023856
v -0.053953 0.027670 0.025548
v -0.050803 0.028887 0.029937
v -0.048811 0.027472 0.031300
v -0.053129 0.031131 0.028114
v -0.023337 0.031736 0.040088
v -0.024375 0.030246 0.038814
v -0.021404 0.028254 0.037201
v -0.019522 0.028949 0.038105
v -0.021837 0.033036 0.041177
v -0.017306 0.029662 0.039130
v -0.036577 0.036651 0.041461
v -0.035414 0.032709 0.040315
v -0.025281 0.028052 0.037365
v -0.022921 0.026746 0.036871
v -0.025098 0.028359 0.037418
v -0.022772 0.027063 0.036698
v -0.058976 0.092128 -0.109449
v -0.061191 0.098114 -0.096922
v -0.044603 0.108902 -0.103193
v -0.043798 0.101507 -0.115548
v -0.041518 0.026989 0.035394
v -0.041859 0.027338 0.035929
v -0.044301 0.026440 0.034143
v -0.043837 0.026018 0.033871
v -0.045696 0.025155 0.032204
v -0.046222 0.025580 0.032222
v -0.047486 0.024710 0.030418
v -0.046931 0.024356 0.030533
v -0.047626 0.023790 0.029303
v -0.048157 0.023745 0.028866
v -0.022459 0.027699 0.037080
v -0.024910 0.028872 0.037929
v -0.052734 0.060694 -0.131732
v -0.044262 0.074607 0.024316
v -0.051351 0.070971 0.017670
v -0.049034 0.064455 0.023255
v -0.042942 0.028619 0.036413
v -0.045540 0.027589 0.034238
v -0.047313 0.026404 0.032058
v -0.048363 0.025190 0.030167
v -0.048814 0.024304 0.028873
v -0.070968 -0.013599 -0.038822
v -0.071624 -0.013637 -0.040659
v -0.079664 -0.003771 -0.065678
v -0.078114 0.002717 -0.064747
v -0.076898 0.006210 -0.063685
v -0.077774 0.014951 -0.050560
v -0.081766 0.018046 -0.053414
v -0.082259 -0.022024 -0.059797
v -0.079099 -0.023872 -0.055970
v -0.082285 -0.021113 -0.060455
v -0.088090 0.014785 -0.064721
v -0.088363 0.013193 -0.066142
v -0.089094 0.013041 -0.066075
v -0.042975 -0.032992 -0.106166
v -0.047231 -0.020382 -0.112357
v -0.088888 0.011167 -0.067615
v -0.073723 -0.008944 -0.043136
v -0.080720 -0.004307 -0.066052
v -0.082378 -0.004826 -0.067882
v -0.082632 -0.009824 -0.068308
v -0.082186 -0.009338 -0.067196
v -0.081634 -0.014669 -0.066375
v -0.081356 -0.013759 -0.065624
v -0.083964 -0.018415 -0.063102
v -0.086223 -0.014958 -0.065066
v -0.082939 0.018573 -0.054454
v -0.082115 0.017596 -0.052883
v -0.083647 0.018294 -0.054715
v -0.074366 -0.010124 -0.044598
v -0.076007 0.013316 -0.050305
v -0.075558 0.011067 -0.049225
v -0.075129 0.011351 -0.049707
v -0.070349 -0.005051 -0.048825
v -0.070380 -0.004092 -0.048947
v -0.071528 -0.006498 -0.048284
v -0.074168 -0.008113 -0.046953
v -0.067694 -0.015693 -0.047098
v -0.066902 -0.017064 -0.049441
v -0.067465 -0.018095 -0.048601
v -0.085147 0.025208 -0.058533
v -0.075698 0.010125 -0.048995
v -0.077094 0.011218 -0.049056
v -0.077424 0.012390 -0.049350
v -0.084487 0.017994 -0.055018
v -0.077503 0.013286 -0.049668
v -0.076840 0.013207 -0.049575
v -0.078446 0.014771 -0.050441
v -0.076265 0.013070 -0.049815
v -0.073957 -0.011671 -0.061321
v -0.072733 -0.012211 -0.059358
v -0.072948 0.007383 -0.039314
v -0.073539 0.005044 -0.041936
v -0.078080 -0.024530 -0.053812
v -0.076174 0.013786 -0.060044
v -0.076244 0.016259 -0.061024
v -0.087392 -0.010155 -0.066971
v -0.080365 -0.015606 -0.056699
v -0.078294 -0.016329 -0.054785
v -0.082291 -0.014545 -0.058496
v -0.083858 -0.012018 -0.060122
v -0.071093 0.004219 -0.054866
v -0.082537 0.007805 -0.059015
v -0.083183 0.005742 -0.060431
v -0.081137 0.007774 -0.057332
v -0.077458 0.019752 -0.058950
v -0.077143 0.019734 -0.056720
v -0.077973 0.014112 -0.057492
v -0.076397 0.018195 -0.056338
v -0.069746 -0.012234 -0.047510
v -0.069500 -0.018344 -0.051094
v -0.068427 -0.016211 -0.051797
v -0.070589 -0.018226 -0.052030
v -0.069879 -0.017403 -0.053402
v -0.070444 -0.015912 -0.055167
v -0.071204 -0.014019 -0.056556
v -0.070914 -0.011417 -0.057415
v -0.069343 -0.008142 -0.048372
v -0.077667 0.019416 -0.046052
v -0.068824 -0.009998 -0.048132
v -0.070680 -0.006437 -0.048500
v -0.070861 -0.008228 -0.048031
v -0.070587 -0.010221 -0.047612
v -0.075434 -0.019008 -0.048203
v -0.076234 -0.017501 -0.050808
v -0.074004 -0.018240 -0.047524
v -0.077030 -0.016889 -0.052951
v -0.072802 -0.017926 -0.047193
v -0.076011 0.015090 -0.058334
v -0.076316 0.018155 -0.058227
v -0.071384 -0.010103 -0.036646
v -0.064265 -0.000520 0.012728
v -0.065606 0.008318 0.007083
v -0.024001 -0.049883 0.033956
v -0.023032 -0.053190 0.034040
v -0.056370 -0.010361 0.027109
v -0.051724 -0.012574 0.032827
v -0.022167 -0.043058 0.047073
v -0.021491 -0.044354 0.047418
v -0.020483 -0.043833 0.048017
v -0.021170 -0.043015 0.047517
v -0.019094 -0.043358 0.045907
v -0.019908 -0.043100 0.045294
v -0.019915 -0.043037 0.046577
v -0.019206 -0.043225 0.047303
v -0.028332 -0.025422 0.045487
v -0.031933 -0.021923 0.045311
v -0.033686 -0.026773 0.044135
v -0.030075 -0.029675 0.044993
v -0.022464 -0.044572 0.037160
v -0.022174 -0.042926 0.037769
v -0.020521 -0.042573 0.042140
v -0.021055 -0.043384 0.041600
v -0.022268 -0.047721 0.036906
v -0.020889 -0.044999 0.041219
v -0.024474 -0.045502 0.034269
v -0.023680 -0.042908 0.034884
v -0.030588 -0.051088 0.040246
v -0.027182 -0.048276 0.042498
v -0.028302 -0.044126 0.043310
v -0.031709 -0.045341 0.041158
v -0.025120 -0.013634 0.046150
v -0.028856 -0.017681 0.046070
v -0.025695 -0.021145 0.045660
v -0.022380 -0.016732 0.045442
v -0.018953 -0.012170 0.046059
v -0.021384 -0.009700 0.046225
v -0.017198 -0.005422 0.050287
v -0.017954 -0.008815 0.050957
v -0.017467 -0.010205 0.054296
v -0.017688 -0.008091 0.053357
v -0.015692 -0.013775 0.052183
v -0.018210 -0.010802 0.049343
v -0.011929 -0.015456 0.052372
v -0.011523 -0.015053 0.053542
v -0.015855 -0.013989 0.050420
v -0.016252 -0.014662 0.048506
v -0.012461 -0.015769 0.051151
v -0.010804 -0.014458 0.054724
v -0.013633 -0.014073 0.054761
v -0.015376 -0.012424 0.056612
v -0.004295 -0.016346 0.064105
v -0.005510 -0.015075 0.066092
v -0.008974 0.014505 0.051036
v -0.011809 0.011589 0.048283
v -0.008945 0.012173 0.053312
v -0.011840 0.009723 0.050641
v -0.014402 -0.011064 0.060827
v -0.015703 -0.008657 0.059099
v -0.011890 -0.010613 0.064775
v -0.012559 -0.007876 0.064337
v -0.003255 0.027693 0.050526
v -0.002262 -0.019322 0.059638
v -0.002531 -0.019751 0.059005
v -0.001853 -0.018681 0.061738
v -0.022958 0.094615 -0.133872
v -0.023336 0.106873 -0.122518
v -0.022315 0.120187 -0.099305
v -0.019990 0.124626 -0.086868
v -0.006221 -0.031030 0.061409
v -0.005860 -0.028684 0.060508
v -0.011651 -0.034930 0.047628
v -0.006577 -0.034750 0.048635
v -0.006300 -0.037519 0.051923
v -0.011088 -0.037648 0.050871
v -0.014693 -0.038154 0.049142
v -0.015537 -0.035433 0.045991
v -0.012287 -0.031940 0.045846
v -0.007048 -0.031658 0.046987
v -0.011328 -0.038888 0.054665
v -0.006472 -0.038583 0.056506
v -0.006639 -0.036092 0.059551
v -0.011853 -0.036833 0.057057
v -0.018835 -0.018631 0.047320
v -0.014979 -0.018516 0.049611
v -0.010768 -0.019255 0.053226
v -0.007198 -0.020274 0.056134
v -0.006386 -0.018887 0.056638
v -0.009204 -0.017371 0.054093
v -0.005993 -0.018431 0.057198
v -0.008727 -0.017002 0.054885
v -0.008490 -0.016490 0.055604
v -0.009029 -0.015158 0.056058
v -0.007087 -0.015981 0.057506
v -0.007664 -0.014690 0.057179
v -0.005891 -0.017803 0.057622
v -0.003680 0.006249 0.065237
v -0.003314 0.009670 0.062542
v -0.010817 -0.027256 0.057936
v -0.005510 -0.027027 0.059168
v -0.004726 -0.024391 0.057780
v -0.009523 -0.023976 0.056290
v -0.014263 -0.024189 0.053893
v -0.015909 -0.028861 0.055662
v -0.002895 -0.020144 0.058422
v -0.011161 -0.029109 0.059002
v -0.011275 -0.031578 0.059531
v -0.016279 -0.031144 0.056584
v -0.016190 -0.033535 0.056883
v -0.020098 -0.031709 0.053057
v -0.019273 -0.025876 0.051268
v -0.024030 -0.028296 0.048472
v -0.022990 -0.035107 0.050300
v -0.028695 -0.040211 0.044453
v -0.023564 -0.043121 0.046193
v -0.024042 -0.041248 0.046704
v -0.024114 -0.039485 0.047541
v -0.028438 -0.036419 0.045623
v -0.032033 -0.039825 0.042554
v -0.031564 -0.034514 0.043888
v -0.027096 -0.032559 0.046830
v -0.023948 -0.037558 0.048605
v -0.022530 -0.041807 0.047463
v -0.021406 -0.042296 0.047736
v -0.022648 -0.040604 0.048229
v -0.021407 -0.041536 0.048406
v -0.022543 -0.039386 0.049207
v -0.021349 -0.040727 0.049274
v -0.021187 -0.039426 0.050498
v -0.022210 -0.037542 0.050600
v -0.019350 -0.042226 0.046489
v -0.018698 -0.041591 0.047692
v -0.019020 -0.041432 0.049189
v -0.019446 -0.042138 0.048087
v -0.019853 -0.042596 0.045696
v -0.019781 -0.042492 0.047313
v -0.019924 -0.041629 0.043454
v -0.018777 -0.040355 0.045304
v -0.020386 -0.042987 0.044801
v -0.020219 -0.042743 0.046391
v -0.020352 -0.042825 0.047598
v -0.020389 -0.042209 0.048094
v -0.020201 -0.041643 0.048874
v -0.019954 -0.040715 0.049932
v -0.015719 -0.035824 0.056317
v -0.019023 -0.036327 0.054018
v -0.018195 -0.038397 0.053193
v -0.015101 -0.038297 0.054656
v -0.017297 -0.039906 0.051910
v -0.016357 -0.032460 0.044405
v -0.014307 -0.039560 0.052803
v -0.018426 -0.036771 0.043778
v -0.019494 -0.034483 0.041295
v -0.017124 -0.039161 0.046962
v -0.021667 -0.041098 0.039006
v -0.020127 -0.038967 0.041587
v -0.023179 -0.040753 0.036146
v -0.021388 -0.037247 0.039167
v -0.016770 -0.040702 0.049956
v -0.019804 -0.034142 0.053848
v -0.011493 -0.034074 0.058778
v -0.006355 -0.033359 0.060884
v -0.004341 -0.001369 0.071349
v -0.004174 0.002787 0.068189
v -0.019707 -0.043430 0.048087
v -0.010790 -0.124582 -0.004195
v -0.022823 -0.045044 0.046302
v -0.021542 -0.050145 0.036568
v -0.020123 -0.046263 0.041225
v -0.028078 -0.056611 0.040338
v -0.024322 -0.061465 0.042254
v -0.022150 -0.057086 0.044783
v -0.025228 -0.052699 0.042823
v -0.019600 -0.050248 0.048570
v -0.021623 -0.047403 0.047152
v -0.020496 -0.045978 0.048479
v -0.018724 -0.048059 0.050057
v -0.017802 -0.046333 0.051095
v -0.019522 -0.044810 0.049156
v -0.015601 -0.044261 0.049465
v -0.011924 -0.044921 0.051723
v -0.011418 -0.048444 0.045917
v -0.015549 -0.047781 0.044156
v -0.018681 -0.046964 0.042238
v -0.018251 -0.043742 0.046894
v -0.016299 -0.044096 0.050867
v -0.018485 -0.043570 0.048338
v -0.012392 -0.044953 0.053410
v -0.021158 -0.121241 -0.008961
v -0.018850 -0.043905 0.049162
v -0.016839 -0.044705 0.051257
v -0.013212 -0.046036 0.054124
v -0.014330 -0.048244 0.054158
v -0.015252 -0.050601 0.053429
v -0.015928 -0.053311 0.051543
v -0.017911 -0.060596 0.047018
v -0.018938 -0.065770 0.045175
v -0.012371 -0.062890 0.048831
v -0.012825 -0.068047 0.047789
v -0.011373 -0.055810 0.054335
v -0.011008 -0.052596 0.056667
v -0.010235 -0.049896 0.057169
v -0.009462 -0.047391 0.056650
v -0.003533 -0.021176 0.057829
v -0.005753 -0.016568 0.058974
v -0.004544 -0.016891 0.061536
v -0.007627 -0.013493 0.066984
v -0.001681 -0.018080 0.064130
v -0.010163 -0.011254 0.066513
v -0.008426 -0.012279 0.068042
v -0.008933 -0.010495 0.068941
v -0.010148 -0.009544 0.067637
v -0.006745 -0.013114 0.069345
v -0.007915 -0.010896 0.070065
v -0.002489 -0.014521 0.071275
v -0.003249 -0.011080 0.073409
v -0.004159 -0.005265 0.073280
v -0.003625 -0.008810 0.073941
v -0.009199 -0.008792 0.069584
v -0.010294 -0.006514 0.068172
v -0.010559 -0.003440 0.065687
v -0.012862 -0.004935 0.061870
v -0.010648 0.130094 -0.043020
v -0.008715 -0.045960 0.055656
v -0.008122 -0.045841 0.053082
v -0.011635 -0.058513 0.037865
v -0.011510 -0.054224 0.040681
v -0.007527 -0.054890 0.041642
v -0.007647 -0.059421 0.038926
v -0.004346 -0.046509 0.053617
v -0.004035 -0.049725 0.047501
v -0.007701 -0.049054 0.046916
v -0.004617 -0.046591 0.056557
v -0.005111 -0.048300 0.057797
v -0.005703 -0.050939 0.058584
v -0.003831 -0.055548 0.042060
v -0.003978 -0.059954 0.039512
v -0.019925 -0.051989 0.037425
v -0.021050 -0.055755 0.034839
v -0.015953 -0.053444 0.039298
v -0.016532 -0.057453 0.036659
v -0.007136 -0.068561 0.049943
v -0.006761 -0.063827 0.050452
v -0.005985 -0.054248 0.058062
v -0.006309 -0.057682 0.055556
v -0.023220 0.114795 -0.111606
v -0.062896 0.076619 -0.005463
v -0.061292 0.069839 0.002323
v -0.054301 0.077560 0.009508
v -0.056315 0.082833 0.002202
v -0.063710 0.084346 -0.013553
v -0.057011 0.089432 -0.005488
v -0.040470 0.121696 -0.062509
v -0.040984 0.121115 -0.048203
v -0.021853 0.127397 -0.044255
v -0.035410 0.121828 -0.076552
v -0.047794 0.113279 -0.085887
v -0.049969 0.115991 -0.066431
v -0.049884 0.115972 -0.051072
v -0.026868 -0.086815 -0.106298
v -0.053691 0.043194 -0.131042
v -0.048498 0.114966 -0.037237
v -0.040270 0.119349 -0.034397
v -0.039691 0.116290 -0.022015
v -0.047135 0.112726 -0.025518
v -0.021653 0.125123 -0.029799
v -0.010543 0.127503 -0.027944
v -0.020106 0.006559 -0.143910
v -0.003137 0.012863 0.059926
v -0.048344 -0.049345 -0.089254
v -0.057600 -0.049665 -0.071426
v -0.058143 -0.101195 -0.048656
v -0.068724 -0.026642 -0.053887
v -0.068491 -0.026282 -0.054822
v -0.060491 -0.064392 -0.053079
v -0.061433 -0.050642 -0.054166
v -0.039168 -0.048176 -0.101167
v -0.078526 -0.015418 -0.064450
v -0.079411 -0.011858 -0.065627
v -0.079509 -0.016132 -0.064122
v -0.080590 -0.012319 -0.065477
v -0.080796 -0.008343 -0.066099
v -0.079972 -0.017897 -0.063526
v -0.077559 0.019962 -0.053998
v -0.078676 0.021579 -0.053289
v -0.068282 -0.028283 -0.049593
v -0.068121 -0.027665 -0.051306
v -0.067697 -0.027905 -0.050215
v -0.067494 -0.028481 -0.049004
v -0.068022 -0.029217 -0.048068
v -0.067459 -0.029069 -0.047832
v -0.077977 0.035487 -0.046715
v -0.066266 -0.028739 -0.051000
v -0.067935 -0.026644 -0.054002
v -0.067888 -0.027325 -0.052544
v -0.066963 -0.027970 -0.051059
v -0.066488 -0.028793 -0.048897
v -0.066557 -0.029724 -0.047196
v -0.067744 -0.030461 -0.046899
v -0.080131 -0.018953 -0.064037
v -0.072665 -0.029704 -0.052774
v -0.077985 0.012286 -0.060555
v -0.078094 0.010602 -0.061865
v -0.080114 0.012335 -0.063605
v -0.079973 0.014559 -0.062230
v -0.059485 -0.010689 -0.104062
v -0.061794 0.000354 -0.109277
v -0.014059 -0.085088 -0.111049
v -0.014274 -0.070810 -0.110793
v -0.076329 0.032736 -0.094319
v -0.077986 0.013926 -0.058934
v -0.080021 0.016268 -0.060723
v -0.079825 -0.007848 -0.065926
v -0.077728 0.012944 -0.058593
v -0.077696 0.011331 -0.060154
v -0.080938 0.018007 -0.062406
v -0.081017 0.015807 -0.064131
v -0.081100 0.013351 -0.065538
v -0.077641 0.009565 -0.061764
v -0.077162 0.018335 -0.060850
v -0.080832 0.063358 -0.070363
v -0.080037 0.057497 -0.084492
v -0.077282 0.080365 -0.073678
v -0.076615 0.075413 -0.089079
v -0.072038 0.069467 -0.105067
v -0.075354 0.050546 -0.100525
v -0.077074 0.019541 -0.055455
v -0.079400 0.022628 -0.053954
v -0.064277 0.090765 -0.021330
v -0.069317 0.085652 -0.028708
v -0.057275 0.095220 -0.012617
v -0.057122 0.100398 -0.019352
v -0.063644 0.096829 -0.028332
v -0.070769 0.089881 -0.040595
v -0.079898 0.053950 -0.055472
v -0.079018 0.068781 -0.056103
v -0.075900 0.072892 -0.042406
v -0.075326 0.085362 -0.057938
v -0.066750 0.099091 -0.046937
v -0.070436 0.095489 -0.061620
v -0.059661 0.107582 -0.050803
v -0.061775 0.105597 -0.065534
v -0.061719 0.103126 -0.081624
v -0.072161 0.091563 -0.076876
v -0.061773 0.102266 -0.034532
v -0.055567 0.105126 -0.024790
v -0.056655 0.108583 -0.038051
v -0.053360 0.109153 -0.029345
v -0.073928 0.074743 -0.035064
v -0.064446 -0.034924 -0.046038
v -0.065890 -0.034990 -0.041113
v -0.069225 -0.023916 -0.034191
v -0.068349 0.001446 0.000128
v -0.068467 0.013538 -0.002395
v -0.071633 0.005490 -0.012956
v -0.069934 -0.007553 -0.009692
v -0.066940 0.026790 -0.004143
v -0.070718 0.019388 -0.014467
v -0.070904 0.033309 -0.016284
v -0.067049 0.041005 -0.004520
v -0.063179 0.064082 -0.120161
v -0.065413 0.047191 -0.118327
v -0.065824 0.034331 -0.116562
v -0.047334 0.058278 0.027111
v -0.022693 0.085571 -0.140108
v -0.046607 0.082063 0.016944
v -0.055491 0.084710 -0.120417
v -0.042402 0.090780 -0.126983
v -0.071369 0.086742 -0.092061
v -0.068163 0.081521 -0.105663
v -0.060195 0.075191 -0.120583
v -0.064719 0.018056 -0.114534
v -0.047695 0.108894 -0.017904
v -0.055901 0.024304 0.020984
v -0.055118 0.020080 0.020195
v -0.056120 0.028924 0.022460
v -0.053479 0.015639 0.021786
v -0.015287 0.009073 0.046280
v -0.014957 0.007449 0.048381
v -0.014485 0.005513 0.050208
v -0.018446 0.005284 0.046490
v -0.017710 0.002672 0.048095
v -0.011594 0.004928 0.054859
v -0.011810 0.007446 0.052791
v -0.014108 0.002916 0.051764
v -0.013710 -0.000066 0.052776
v -0.011413 0.001988 0.056632
v -0.018393 -0.010853 0.047304
v -0.019117 -0.006354 0.047153
v -0.016536 -0.002723 0.049349
v -0.021340 0.000247 0.046985
v -0.020270 -0.002754 0.047513
v -0.016953 0.000238 0.048969
v -0.022577 0.003209 0.045379
v -0.014788 -0.003267 0.054700
v -0.015974 -0.006451 0.057249
v -0.012039 -0.001491 0.059085
v -0.010131 -0.000097 0.062607
v -0.009602 0.003640 0.060032
v -0.018997 0.007052 0.044549
v -0.023476 0.005379 0.043720
v -0.023784 -0.006027 0.047282
v -0.028161 -0.009496 0.047240
v -0.025573 -0.002021 0.046484
v -0.029972 -0.004854 0.046188
v -0.026890 0.001244 0.044852
v -0.031251 -0.001271 0.044311
v -0.032058 -0.013369 0.046721
v -0.035293 -0.017726 0.045482
v -0.037988 -0.023140 0.043353
v -0.038288 -0.012753 0.044235
v -0.041691 -0.018548 0.041919
v -0.040320 -0.007843 0.042322
v -0.044570 -0.013049 0.040004
v -0.034450 -0.008449 0.045499
v -0.036056 -0.004347 0.043480
v -0.032341 0.002128 0.042213
v -0.028049 0.004029 0.043049
v -0.041177 0.002516 0.037819
v -0.041155 -0.002467 0.040167
v -0.036749 -0.000052 0.041194
v -0.037118 0.003880 0.038832
v -0.046171 -0.006399 0.037837
v -0.045662 0.000818 0.036068
v -0.044874 0.005269 0.034394
v -0.031126 0.010901 0.037817
v -0.026317 0.011414 0.038422
v -0.034772 0.010624 0.036885
v -0.040793 0.006001 0.036036
v -0.037340 0.006656 0.037322
v -0.049140 0.011473 0.027884
v -0.046879 0.010787 0.030221
v -0.041108 0.010461 0.034348
v -0.038151 0.010474 0.035743
v -0.044105 0.010611 0.032520
v -0.021828 0.012821 0.038306
v -0.017603 0.014733 0.038186
v -0.057298 -0.062768 -0.068381
v -0.009292 0.006843 0.057996
v -0.009096 0.009660 0.055784
v -0.014177 0.030088 0.041147
v -0.012369 0.027512 0.039905
v -0.006462 0.027596 0.047623
v -0.018367 0.033662 0.043340
v -0.014012 0.017112 0.038215
v -0.012501 0.019227 0.038189
v -0.011434 0.022053 0.038441
v -0.011305 0.024685 0.039073
v -0.029799 0.048047 0.044069
v -0.026764 0.041400 0.045303
v -0.057773 0.063400 0.011351
v -0.061449 0.054488 0.007254
v -0.050224 0.043754 0.029760
v -0.053497 0.039387 0.026933
v -0.055486 0.034198 0.024378
v -0.063214 0.042556 0.004307
v -0.063834 0.030097 0.003533
v -0.065038 0.018730 0.004510
v -0.048706 0.093792 0.002873
v -0.048682 0.099357 -0.003954
v -0.048129 0.087822 0.009949
v -0.039400 0.112380 -0.012531
v -0.039396 0.107975 -0.004152
v -0.048351 0.104387 -0.010835
v -0.039801 0.102923 0.003127
v -0.040041 0.097356 0.009872
v -0.039455 0.091462 0.016987
v -0.038249 0.085303 0.023793
v -0.036430 0.076825 0.030468
v -0.047196 -0.061748 -0.086180
v -0.008319 -0.004021 0.054676
v -0.007561 -0.004014 0.055267
v -0.007179 -0.004522 0.054129
v -0.006504 -0.004460 0.054710
v -0.005968 -0.006162 0.054389
v -0.007399 -0.012905 0.056444
v -0.006110 -0.011096 0.055412
v -0.005474 -0.007814 0.054223
v -0.067814 -0.030310 -0.035888
v -0.058280 -0.097129 -0.063411
v -0.054318 -0.093525 -0.075926
v 0.055431 -0.096648 -0.063336
v 0.051243 -0.092988 -0.075991
v 0.020986 -0.128022 -0.010831
v 0.032619 -0.123849 -0.016510
v 0.033899 -0.132660 -0.017603
v 0.021778 -0.136072 -0.012007
v 0.058825 -0.114687 -0.068766
v 0.056550 -0.106041 -0.063806
v 0.053033 -0.101995 -0.078651
v 0.056927 -0.110588 -0.084067
v 0.046438 -0.099743 -0.091573
v 0.050330 -0.109303 -0.096989
v 0.039556 -0.109814 -0.106760
v 0.036846 -0.098642 -0.101369
v 0.025144 -0.098781 -0.108332
v 0.027537 -0.110978 -0.113231
v 0.043888 -0.119038 -0.024845
v 0.052476 -0.114064 -0.036140
v 0.053019 -0.123997 -0.036926
v 0.044234 -0.127859 -0.025689
v 0.056794 -0.109449 -0.049225
v 0.057986 -0.118984 -0.052054
v 0.013384 -0.110168 -0.117566
v 0.012127 -0.096908 -0.112335
v 0.023545 -0.154384 -0.013445
v 0.010683 -0.156247 -0.011115
v 0.010678 -0.146863 -0.010373
v 0.022987 -0.145228 -0.012798
v 0.054798 -0.156358 -0.031397
v 0.069398 -0.149476 -0.044639
v 0.075715 -0.157954 -0.040608
v 0.059441 -0.165191 -0.026800
v 0.097045 -0.156896 -0.053859
v 0.106352 -0.145535 -0.075611
v 0.038557 -0.161379 -0.020875
v 0.041417 -0.170030 -0.015661
v -0.001184 -0.120466 -0.126415
v -0.001194 -0.107948 -0.118666
v 0.096528 -0.139695 -0.079177
v 0.094965 -0.135628 -0.102154
v 0.107839 -0.140898 -0.100133
v 0.053558 -0.157069 -0.143654
v 0.053659 -0.163856 -0.147365
v 0.069309 -0.159110 -0.143669
v 0.064654 -0.153269 -0.139459
v 0.073641 -0.124783 -0.096997
v 0.061943 -0.125754 -0.112250
v 0.071386 -0.132563 -0.117251
v 0.084182 -0.130332 -0.101728
v 0.036951 -0.142243 -0.135244
v 0.055028 -0.137078 -0.127149
v 0.047298 -0.129464 -0.122020
v 0.031932 -0.133127 -0.128820
v 0.086695 -0.134514 -0.079249
v 0.075158 -0.129588 -0.076818
v 0.079156 -0.141966 -0.060459
v 0.069903 -0.136061 -0.059219
v 0.061930 -0.141918 -0.043767
v 0.056310 -0.117817 -0.103934
v 0.043795 -0.119877 -0.113868
v 0.028455 -0.122436 -0.121198
v 0.012840 -0.122874 -0.125753
v -0.001259 -0.170794 -0.146999
v -0.001125 -0.158713 -0.143536
v 0.017691 -0.144635 -0.137992
v 0.015683 -0.133483 -0.131957
v 0.088129 -0.148657 -0.058650
v 0.062210 -0.128496 -0.056788
v 0.056556 -0.133257 -0.041416
v 0.065561 -0.173467 -0.017314
v 0.083981 -0.166895 -0.033415
v 0.045162 -0.178497 -0.006250
v 0.026844 -0.181839 0.000519
v 0.019224 -0.156081 -0.143546
v 0.018250 -0.168281 -0.146973
v 0.038272 -0.165116 -0.147469
v 0.041631 -0.153335 -0.142241
v 0.049787 -0.146381 -0.031171
v 0.036773 -0.151601 -0.021248
v 0.023739 -0.164190 -0.012573
v 0.063963 -0.118529 -0.089727
v 0.065142 -0.123024 -0.073139
v 0.046446 -0.136606 -0.028699
v 0.035347 -0.142330 -0.019510
v 0.010173 -0.138061 -0.008377
v 0.024792 -0.173135 -0.007649
v 0.097787 -0.144977 -0.121585
v 0.084101 -0.152654 -0.135471
v 0.075947 -0.149404 -0.134034
v -0.001012 -0.145813 -0.138654
v -0.001129 -0.148218 -0.010077
v -0.001337 -0.157353 -0.011757
v -0.000584 -0.139534 -0.007376
v 0.081591 -0.140659 -0.123285
v 0.060602 -0.145893 -0.134327
v -0.000291 -0.132126 -0.004814
v -0.001297 -0.096094 -0.113681
v -0.001425 -0.167912 -0.012009
v -0.001641 -0.177970 -0.006899
v -0.001810 -0.188067 0.001669
v 0.010100 -0.130706 -0.006196
v 0.010919 -0.175916 -0.006179
v 0.010612 -0.166064 -0.010625
v 0.011863 -0.185785 0.001467
v -0.000692 -0.132823 -0.132894
v -0.021444 -0.128119 -0.010639
v -0.033306 -0.123999 -0.016478
v -0.035039 -0.132754 -0.017503
v -0.022712 -0.136168 -0.011954
v -0.060660 -0.115227 -0.069393
v -0.058514 -0.106612 -0.063996
v -0.055741 -0.102503 -0.078854
v -0.059077 -0.111197 -0.084494
v -0.048773 -0.100281 -0.091735
v -0.052203 -0.109943 -0.097169
v -0.041508 -0.110448 -0.106758
v -0.039124 -0.099187 -0.101523
v -0.027426 -0.099229 -0.108431
v -0.029693 -0.111483 -0.113157
v -0.045071 -0.119355 -0.024737
v -0.053986 -0.114700 -0.036015
v -0.054543 -0.124310 -0.036903
v -0.045693 -0.128058 -0.025513
v -0.058128 -0.110063 -0.049094
v -0.059275 -0.119574 -0.052522
v -0.015553 -0.110469 -0.117422
v -0.014611 -0.097173 -0.112371
v -0.025788 -0.154392 -0.013606
v -0.012915 -0.156296 -0.011346
v -0.012344 -0.146890 -0.010578
v -0.024694 -0.145203 -0.013011
v -0.056934 -0.156721 -0.032751
v -0.071071 -0.149998 -0.046603
v -0.077594 -0.158443 -0.042554
v -0.061831 -0.165626 -0.028325
v -0.099124 -0.156830 -0.055828
v -0.107942 -0.145160 -0.077176
v -0.040981 -0.161513 -0.021522
v -0.044043 -0.170170 -0.016581
v -0.098543 -0.139450 -0.080609
v -0.096934 -0.135682 -0.103094
v -0.109717 -0.140645 -0.101338
v -0.055892 -0.156977 -0.144423
v -0.056134 -0.163563 -0.148104
v -0.071439 -0.158893 -0.144509
v -0.066945 -0.153184 -0.140299
v -0.075581 -0.125155 -0.097608
v -0.063857 -0.126068 -0.112598
v -0.073077 -0.132798 -0.117899
v -0.085793 -0.130534 -0.102494
v -0.038844 -0.142371 -0.135688
v -0.056645 -0.137264 -0.127777
v -0.049145 -0.129811 -0.122433
v -0.032968 -0.133433 -0.129244
v -0.088392 -0.134279 -0.080384
v -0.076727 -0.129565 -0.077835
v -0.080662 -0.142263 -0.062067
v -0.071448 -0.136494 -0.060774
v -0.063529 -0.142353 -0.045355
v -0.057684 -0.118399 -0.104174
v -0.045440 -0.120328 -0.113970
v -0.030663 -0.122683 -0.121187
v -0.015324 -0.122805 -0.125703
v -0.019743 -0.144669 -0.138062
v -0.017494 -0.133777 -0.132064
v -0.089792 -0.148840 -0.060401
v -0.063652 -0.128846 -0.057919
v -0.058162 -0.133544 -0.042169
v -0.068355 -0.173381 -0.018647
v -0.086469 -0.166904 -0.035226
v -0.048165 -0.178326 -0.007127
v -0.030160 -0.181888 0.000098
v -0.021495 -0.156230 -0.143813
v -0.019978 -0.168461 -0.147251
v -0.039608 -0.165394 -0.148109
v -0.043539 -0.153379 -0.142869
v -0.051857 -0.146620 -0.031938
v -0.039008 -0.151678 -0.021648
v -0.026303 -0.164131 -0.012777
v -0.065523 -0.119060 -0.090250
v -0.066785 -0.123416 -0.074066
v -0.048262 -0.136722 -0.028891
v -0.037232 -0.142337 -0.019536
v -0.011392 -0.138160 -0.008522
v -0.027648 -0.173147 -0.008116
v -0.099028 -0.144842 -0.122539
v -0.085756 -0.152547 -0.136336
v -0.077623 -0.149432 -0.134929
v -0.083158 -0.140767 -0.124128
v -0.062198 -0.145983 -0.135131
v -0.010752 -0.130824 -0.006223
v -0.013993 -0.175906 -0.006396
v -0.013319 -0.166076 -0.010820
v -0.015143 -0.185638 0.001116
v -0.007421 -0.005974 0.053490
v -0.067403 -0.032660 -0.015124
v -0.066836 -0.040348 -0.022405
v -0.063676 -0.050832 -0.016215
v -0.064693 -0.042588 -0.008926
v -0.057945 -0.061646 -0.008143
v -0.060653 -0.051486 -0.001892
v -0.051594 -0.069906 0.000565
v -0.055329 -0.059496 0.004794
v -0.046168 -0.075170 0.009910
v -0.049825 -0.064906 0.012551
v -0.031280 -0.080274 0.030314
v -0.030392 -0.085449 0.026747
v -0.024212 -0.088787 0.033726
v -0.024642 -0.084666 0.037944
v -0.017354 -0.091211 0.040188
v -0.017733 -0.087066 0.044053
v -0.009579 -0.092276 0.043800
v -0.009410 -0.088259 0.047672
v -0.000338 -0.092532 0.045497
v -0.000255 -0.088366 0.049378
v -0.000136 -0.078288 0.052203
v -0.008457 -0.078318 0.050965
v -0.009026 -0.083363 0.050119
v -0.000200 -0.083775 0.051329
v -0.015501 -0.077494 0.047599
v -0.017002 -0.082652 0.046356
v -0.021703 -0.074784 0.042831
v -0.023638 -0.080070 0.041001
v -0.028455 -0.070370 0.037098
v -0.030576 -0.075535 0.033876
v -0.034101 -0.064471 0.033742
v -0.037040 -0.067806 0.028990
v -0.008868 -0.095510 0.038006
v -0.000439 -0.095722 0.040268
v -0.016036 -0.094445 0.034432
v -0.022531 -0.092446 0.029000
v -0.027929 -0.089983 0.022736
v -0.039450 -0.079151 0.018838
v -0.033902 -0.086935 0.015203
v -0.041414 -0.081954 0.007257
v -0.047128 -0.076759 -0.003099
v -0.054361 -0.068189 -0.013373
v -0.061487 -0.056966 -0.022604
v -0.065463 -0.044780 -0.029932
v -0.068089 -0.032490 -0.027757
v -0.014313 -0.072871 0.047581
v -0.007795 -0.073496 0.050604
v -0.020813 -0.070192 0.043415
v -0.026495 -0.065684 0.039632
v -0.030823 -0.060695 0.037626
v -0.035465 -0.046798 0.038484
v -0.034015 -0.054179 0.037416
v -0.035323 -0.032770 0.042237
v -0.035797 -0.039517 0.040215
v -0.043801 -0.026311 0.038210
v -0.044335 -0.035851 0.033793
v -0.039972 -0.038515 0.037286
v -0.039654 -0.030177 0.040443
v -0.047842 -0.020658 0.035659
v -0.048798 -0.031281 0.030004
v -0.008118 -0.097726 0.032608
v -0.000478 -0.098128 0.033748
v -0.014484 -0.096879 0.029149
v -0.019936 -0.095621 0.024092
v -0.024052 -0.094283 0.017891
v -0.028596 -0.092385 0.010892
v -0.034286 -0.089589 0.002938
v -0.041369 -0.084507 -0.006921
v -0.050226 -0.075175 -0.018432
v -0.059073 -0.061727 -0.028576
v -0.063414 -0.048867 -0.035898
v -0.021012 -0.099699 0.005650
v -0.017168 -0.099555 0.011437
v -0.013998 -0.099761 0.016435
v -0.011025 -0.100014 0.020610
v -0.006670 -0.101101 0.020199
v -0.000481 -0.101504 0.020011
v -0.006015 -0.103296 0.012994
v -0.000306 -0.103134 0.013225
v -0.008129 -0.105047 0.008610
v -0.000161 -0.105552 0.008647
v -0.010120 -0.107398 0.004941
v -0.000093 -0.109651 0.005505
v -0.037726 -0.056738 0.033421
v -0.041617 -0.057612 0.028365
v -0.043658 -0.046538 0.030096
v -0.048341 -0.043326 0.025012
v -0.046398 -0.056344 0.022332
v -0.039413 -0.047658 0.034744
v -0.052457 -0.052306 0.015212
v -0.053608 -0.038431 0.019513
v -0.053487 -0.025493 0.026238
v -0.057842 -0.033899 0.014544
v -0.057674 -0.046335 0.008640
v -0.057689 -0.021188 0.021798
v -0.060907 -0.017207 0.017326
v -0.061283 -0.028576 0.009747
v -0.061310 -0.040375 0.003717
v -0.041541 -0.070371 0.022182
v -0.064489 -0.033422 -0.002352
v -0.063393 -0.013244 0.012633
v -0.063740 -0.023567 0.005128
v -0.065858 -0.007991 0.006802
v -0.066566 -0.016615 -0.001250
v -0.067136 -0.025943 -0.009150
v -0.069337 -0.024363 -0.023733
v -0.000136 -0.073408 0.052029
v -0.063995 -0.033582 -0.051020
v -0.021939 -0.023716 0.047988
v -0.017268 -0.021773 0.050210
v -0.012444 -0.021647 0.053370
v -0.008289 -0.022085 0.055993
v -0.004039 -0.022840 0.057659
v -0.000103 -0.119958 0.000221
v 0.000389 0.040879 0.051041
v -0.000116 -0.113778 0.003588
v 0.000111 -0.060159 0.039717
v -0.000171 0.128518 -0.026845
v -0.000105 -0.068500 0.051824
v 0.000097 -0.055718 0.042369
v 0.000472 0.003238 0.069771
v -0.000092 -0.063866 0.051815
v 0.000051 -0.054946 0.058576
v 0.000066 -0.048732 0.058147
v 0.000309 0.078973 0.041239
v 0.000085 -0.051592 0.059168
v -0.000059 -0.021702 0.058387
v 0.000512 -0.000854 0.072877
v 0.000073 -0.046731 0.056760
v -0.001288 -0.045850 -0.116216
v 0.000025 -0.057700 0.056251
v 0.000118 -0.049906 0.047679
v 0.000086 -0.046800 0.053992
v -0.000110 -0.031785 0.047510
v -0.000068 -0.023472 0.057992
v 0.000614 0.019528 0.056463
v -0.001152 -0.007136 -0.140141
v 0.000599 0.016744 0.058756
v 0.000150 0.103889 0.023654
v 0.000282 0.089395 0.036038
v 0.000480 0.007050 0.066660
v -0.000887 0.055826 -0.152908
v -0.000819 0.072334 -0.149757
v 0.000355 0.060229 0.046731
v -0.000380 0.126368 -0.090202
v 0.000546 -0.004888 0.074869
v -0.000002 -0.018469 0.064213
v -0.000059 0.120501 -0.001928
v -0.001028 0.021334 -0.150683
v -0.000545 0.116838 -0.114717
v -0.000216 -0.036500 0.060196
v -0.000117 0.124898 -0.013814
v -0.000187 -0.038674 0.056928
v 0.000295 -0.015138 0.071911
v -0.001093 0.005608 -0.146268
v -0.000951 0.035079 -0.152701
v -0.000211 -0.027375 0.059430
v -0.000111 -0.025028 0.058150
v -0.000466 0.122443 -0.102860
v 0.000368 0.047257 0.050228
v -0.000233 -0.029100 0.061044
v 0.000678 0.027769 0.051820
v -0.000195 -0.031617 0.062138
v -0.000232 -0.126151 -0.002564
v -0.000680 0.096351 -0.136827
v -0.000205 -0.034127 0.061449
v -0.000145 -0.037439 0.052294
v 0.000529 0.010574 0.063621
v -0.000118 -0.034881 0.049200
v 0.000333 0.068632 0.044476
v -0.000081 -0.020130 0.059648
v -0.000057 -0.019639 0.060274
v 0.000671 0.024886 0.052754
v 0.000224 0.097300 0.030137
v 0.000637 0.030255 0.051556
v -0.000070 -0.020597 0.059098
v -0.000750 0.087030 -0.143198
v -0.000301 0.130950 -0.072746
v -0.000275 0.132137 -0.059552
v 0.000635 0.022204 0.054248
v 0.000578 0.013935 0.060976
v -0.001284 -0.057601 -0.114022
v 0.000452 -0.011644 0.074566
v 0.000518 -0.008742 0.075293
v 0.000005 0.115292 0.008264
v -0.001211 -0.016680 -0.134846
v -0.000226 0.131431 -0.042368
v 0.000076 0.109763 0.016519
v -0.001284 -0.034050 -0.122538
v -0.001260 -0.024172 -0.130136
v 0.000188 -0.016426 0.070167
v 0.000554 0.033328 0.051446
v 0.000071 -0.017769 0.066978
v -0.000615 0.108941 -0.125337
v -0.000031 -0.019048 0.061860
v 0.007439 -0.006105 0.054034
v 0.066740 -0.032608 -0.014053
v 0.065389 -0.040171 -0.021387
v 0.062437 -0.050740 -0.015359
v 0.064131 -0.042627 -0.007958
v 0.057083 -0.061672 -0.007366
v 0.060215 -0.051663 -0.001017
v 0.050742 -0.069918 0.001194
v 0.054877 -0.059759 0.005615
v -0.004109 -0.014900 0.069227
v -0.003206 -0.016396 0.066677
v 0.045537 -0.075422 0.010462
v 0.049375 -0.065234 0.013268
v -0.015430 0.020444 0.035462
v -0.008807 -0.015513 0.055924
v -0.006754 0.005297 0.063099
v -0.013819 0.020705 0.036017
v 0.030323 -0.080493 0.030621
v 0.029407 -0.085523 0.026944
v 0.023163 -0.088758 0.033816
v 0.023610 -0.084821 0.038098
v -0.011119 -0.014601 0.054396
v 0.016404 -0.091296 0.040288
v 0.016934 -0.087315 0.044266
v 0.008811 -0.092446 0.043922
v 0.008768 -0.088457 0.047856
v -0.006028 0.011649 0.058020
v -0.008340 0.019798 0.045624
v 0.007961 -0.078458 0.051294
v 0.008516 -0.083539 0.050345
v -0.006255 0.008506 0.060718
v -0.016512 -0.011535 0.055343
v -0.014758 -0.013881 0.053625
v -0.006541 -0.008802 0.071934
v -0.007413 -0.005798 0.070968
v 0.014909 -0.077727 0.047844
v -0.007430 -0.011818 0.069804
v -0.004614 -0.013728 0.070365
v 0.016301 -0.082910 0.046568
v -0.017780 0.020339 0.035698
v -0.023640 0.021795 0.030394
v -0.005766 -0.010913 0.071727
v -0.002802 -0.013151 0.072383
v -0.021108 0.020978 0.033828
v -0.016617 0.020324 0.035627
v -0.012300 -0.008934 0.064631
v -0.006862 0.018805 0.049961
v 0.021122 -0.075157 0.043275
v 0.022798 -0.080396 0.041287
v 0.027812 -0.070856 0.037686
v 0.029706 -0.075894 0.034285
v -0.015144 -0.009646 0.060070
v 0.033535 -0.065050 0.034561
v 0.036385 -0.068309 0.029685
v 0.008118 -0.095560 0.038038
v -0.018843 0.020513 0.035585
v -0.019896 0.020670 0.035216
v -0.007438 0.001677 0.065869
v 0.015096 -0.094315 0.034434
v 0.021530 -0.092294 0.029042
v 0.026883 -0.089947 0.022836
v 0.038824 -0.079466 0.019234
v -0.022814 0.021295 0.033099
v -0.003162 -0.017803 0.061596
v -0.010243 -0.010204 0.067033
v -0.008736 -0.011136 0.068596
v -0.003848 -0.017987 0.059411
v 0.033158 -0.086978 0.015400
v 0.040560 -0.081947 0.007573
v -0.011944 0.020488 0.038333
v 0.045995 -0.076537 -0.002708
v -0.006243 0.016717 0.053406
v -0.006107 0.014113 0.055829
v 0.053203 -0.068022 -0.012823
v 0.059972 -0.056747 -0.021875
v -0.002950 -0.017230 0.064121
v 0.063339 -0.044438 -0.028970
v 0.066934 -0.032399 -0.026649
v 0.013907 -0.073120 0.047999
v 0.007477 -0.073592 0.051087
v 0.020358 -0.070590 0.043938
v -0.007721 -0.002178 0.068870
v 0.025975 -0.066199 0.040249
v 0.030467 -0.061315 0.038517
v 0.035188 -0.047410 0.039501
v -0.006274 -0.016764 0.057621
v 0.033687 -0.054833 0.038444
v 0.035229 -0.033212 0.043163
v 0.035590 -0.040024 0.041115
v 0.043833 -0.026717 0.038984
v 0.044221 -0.036298 0.034631
v 0.039846 -0.039022 0.038172
v 0.000394 -0.013564 0.073366
v -0.005115 -0.012500 0.071126
v 0.039690 -0.030627 0.041364
v 0.047856 -0.021048 0.036408
v 0.048709 -0.031693 0.030829
v 0.007351 -0.097657 0.032603
v -0.029478 0.034165 0.041526
v -0.029536 0.031706 0.040216
v 0.013564 -0.096681 0.029147
v 0.019133 -0.095477 0.024088
v 0.023236 -0.094209 0.017969
v 0.027748 -0.092286 0.011004
v 0.033490 -0.089425 0.003106
v 0.040305 -0.084215 -0.006729
v -0.021982 0.037120 0.044891
v -0.004043 0.036966 0.050294
v -0.009085 0.037328 0.048757
v 0.049123 -0.074966 -0.018143
v -0.029956 0.027525 0.038522
v -0.030991 0.026074 0.037352
v -0.029407 0.029581 0.038840
v -0.030923 0.026202 0.038228
v -0.030398 0.026873 0.038544
v 0.057529 -0.061446 -0.028089
v -0.029326 0.029094 0.037971
v 0.061206 -0.048373 -0.035215
v -0.029430 0.028668 0.037816
v 0.020236 -0.099571 0.005664
v -0.028327 0.036995 0.043183
v 0.016392 -0.099464 0.011405
v 0.013252 -0.099656 0.016396
v -0.029544 0.028173 0.038175
v -0.030818 0.027386 0.035864
v 0.010310 -0.099910 0.020587
v -0.030910 0.026743 0.031772
v 0.005883 -0.101058 0.020186
v 0.000457 0.036851 0.051128
v -0.020601 0.048023 0.047563
v -0.050915 0.047927 0.026356
v 0.005465 -0.103226 0.012949
v -0.054207 0.042451 0.023713
v 0.007713 -0.105076 0.008632
v -0.047703 0.008027 0.030908
v -0.050423 0.008839 0.028240
v -0.017681 0.041783 0.047854
v 0.009685 -0.107515 0.005200
v 0.037278 -0.057340 0.034307
v 0.041061 -0.058134 0.029164
v 0.043276 -0.047005 0.030943
v 0.048084 -0.043757 0.025892
v -0.025839 0.068760 0.039473
v -0.030998 0.115173 -0.008637
v -0.024196 0.061149 0.042512
v -0.038963 0.053989 0.036203
v 0.045987 -0.056792 0.023099
v -0.031011 0.110596 0.000472
v 0.039112 -0.048232 0.035629
v 0.052070 -0.052663 0.015949
v 0.053300 -0.038751 0.020414
v 0.053407 -0.025845 0.027095
v 0.057547 -0.034128 0.015487
v -0.045962 0.052482 0.030460
v 0.057301 -0.046612 0.009531
v -0.055334 0.013427 0.020659
v -0.006112 0.053444 0.048537
v -0.056844 0.018638 0.018208
v 0.057657 -0.021479 0.022753
v -0.013917 0.053888 0.047797
v -0.027757 0.125315 -0.071336
v 0.060891 -0.017414 0.018368
v 0.060991 -0.028711 0.010762
v 0.060967 -0.040527 0.004689
v 0.040991 -0.070765 0.022849
v -0.012800 0.033655 0.045959
v 0.064150 -0.033473 -0.001311
v -0.037757 0.008813 0.036329
v -0.040852 0.008483 0.035042
v 0.063372 -0.013358 0.013688
v -0.031609 0.125038 -0.060002
v -0.054286 0.011315 0.022928
v -0.029297 0.087341 0.029089
v -0.009206 0.027570 0.044156
v -0.010296 0.030244 0.044475
v -0.030172 0.094072 0.022519
v 0.063436 -0.023597 0.006209
v 0.065710 -0.007975 0.007802
v 0.066213 -0.016514 -0.000188
v -0.030632 0.100158 0.015491
v 0.066685 -0.025841 -0.008101
v 0.068645 -0.024280 -0.022590
v -0.031405 0.119162 -0.019295
v -0.021041 0.011553 0.039079
v 0.062484 -0.033148 -0.050380
v 0.021675 -0.024045 0.049027
v 0.016947 -0.022082 0.051169
v -0.056538 0.036148 0.021358
v -0.057551 0.029672 0.019731
v -0.032175 0.124423 -0.046104
v -0.030419 0.009618 0.038495
v -0.057474 0.023922 0.018523
v -0.015906 0.127279 -0.079420
v 0.012153 -0.021897 0.054225
v -0.052732 0.009814 0.025544
v 0.008118 -0.022217 0.056750
v 0.003888 -0.022888 0.058154
v -0.031430 0.054324 0.041355
v -0.034259 0.009080 0.037470
v -0.008810 0.024775 0.043313
v -0.016634 0.013515 0.039395
v -0.013160 0.016300 0.039869
v -0.030857 0.105610 0.008372
v -0.011031 0.018633 0.040884
v -0.009125 0.022167 0.042475
v -0.025680 0.010274 0.039177
v -0.027747 0.078097 0.035362
v -0.031715 0.122377 -0.032000
v -0.044279 0.008275 0.033207
v -0.000326 0.128578 -0.082230
v 0.000356 0.053112 0.048755
v -0.009955 0.020126 0.041769
v -0.015176 0.037462 0.046963
v -0.022667 0.054244 0.045626
v 0.000007 -0.060580 0.053349
v -0.025296 -0.035242 0.048029
v -0.025996 -0.038074 0.046727
v -0.024582 -0.046232 0.044638
v -0.019958 -0.028860 0.052148
v -0.023413 -0.032112 0.049790
v -0.016813 -0.056653 0.049247
v -0.026005 -0.040693 0.045715
v -0.011746 -0.058960 0.051433
v -0.025609 -0.043410 0.044964
v -0.006377 -0.060571 0.052654
v -0.000159 -0.026080 0.058709
v -0.010223 -0.025460 0.057014
v -0.005143 -0.025547 0.058401
v -0.015321 -0.026474 0.054683
v -0.023013 -0.049619 0.045174
v -0.020834 -0.053253 0.046584
v 0.004531 -0.015136 0.069533
v 0.003434 -0.016552 0.066901
v 0.015527 0.020605 0.036313
v 0.008778 -0.015739 0.056392
v 0.007210 0.005333 0.063467
v 0.013935 0.020829 0.036715
v 0.011203 -0.014885 0.054890
v 0.006546 0.011690 0.058397
v 0.008561 0.019871 0.046018
v 0.006782 0.008555 0.061093
v 0.016808 -0.011738 0.055734
v 0.014956 -0.014175 0.054096
v 0.007196 -0.008767 0.072223
v 0.008072 -0.005715 0.071280
v 0.007888 -0.011863 0.070127
v 0.005141 -0.013924 0.070709
v 0.017834 0.020569 0.036671
v 0.023563 0.022027 0.031978
v 0.006400 -0.010957 0.072052
v 0.003542 -0.013325 0.072694
v 0.021133 0.021298 0.035108
v 0.016694 0.020521 0.036536
v 0.012578 -0.008917 0.064921
v 0.007251 0.018834 0.050342
v 0.015458 -0.009712 0.060403
v 0.018881 0.020782 0.036651
v 0.019935 0.020986 0.036395
v 0.007869 0.001714 0.066236
v 0.022834 0.021583 0.034408
v 0.003035 -0.017755 0.061708
v 0.010564 -0.010163 0.067332
v 0.009104 -0.011123 0.068896
v 0.003632 -0.017965 0.059569
v 0.011987 0.020607 0.038828
v 0.006800 0.016739 0.053768
v 0.006791 0.014156 0.056174
v 0.002959 -0.017251 0.064267
v 0.008279 -0.002116 0.069192
v 0.006128 -0.016873 0.057936
v 0.005698 -0.012617 0.071470
v 0.029795 0.034222 0.042742
v 0.029809 0.031807 0.041444
v 0.022452 0.037132 0.045809
v 0.004881 0.036951 0.050390
v 0.009824 0.037316 0.049008
v 0.030248 0.028429 0.039726
v 0.031173 0.027018 0.038573
v 0.029665 0.029742 0.040109
v 0.031140 0.027203 0.039425
v 0.030677 0.027874 0.039699
v 0.029577 0.029380 0.039311
v 0.029679 0.029162 0.039039
v 0.028640 0.037072 0.044193
v 0.029816 0.028911 0.039385
v 0.030956 0.028212 0.037033
v 0.031013 0.027371 0.033135
v 0.021295 0.048097 0.048487
v 0.051070 0.048302 0.027187
v 0.054139 0.042857 0.024519
v 0.048240 0.008208 0.031820
v 0.050885 0.009059 0.029111
v 0.018368 0.041680 0.048749
v 0.026410 0.068949 0.039821
v 0.030752 0.115347 -0.008670
v 0.024791 0.061303 0.043017
v 0.039381 0.054253 0.037002
v 0.030862 0.110794 0.000458
v 0.046261 0.052806 0.031279
v 0.055738 0.013755 0.021696
v 0.006844 0.053448 0.048877
v 0.057267 0.019009 0.019308
v 0.014678 0.053974 0.048391
v 0.027126 0.125461 -0.071376
v 0.013416 0.033677 0.046450
v 0.038421 0.008992 0.037411
v 0.041480 0.008685 0.036085
v 0.031063 0.125209 -0.060049
v 0.054671 0.011581 0.023853
v 0.029657 0.087590 0.029214
v 0.009778 0.027714 0.044516
v 0.010851 0.030348 0.044855
v 0.030384 0.094326 0.022594
v 0.030717 0.100412 0.015537
v 0.031078 0.119329 -0.019341
v 0.021303 0.011509 0.039620
v 0.056360 0.036577 0.022179
v 0.057552 0.030175 0.020684
v 0.031708 0.124606 -0.046152
v 0.030980 0.009612 0.039267
v 0.057705 0.024357 0.019515
v 0.015247 0.127355 -0.079445
v 0.053180 0.010025 0.026401
v 0.031932 0.054537 0.042090
v 0.034850 0.009207 0.038442
v 0.009161 0.024956 0.043673
v 0.016761 0.013530 0.039919
v 0.013208 0.016325 0.040363
v 0.030820 0.105842 0.008387
v 0.011063 0.018683 0.041327
v 0.009315 0.022314 0.042823
v 0.025933 0.010249 0.039723
v 0.028233 0.078306 0.035555
v 0.031316 0.122551 -0.032049
v 0.044826 0.008459 0.034155
v 0.010065 0.020224 0.042174
v 0.015847 0.037373 0.047708
v 0.023346 0.054373 0.046317
v 0.025020 -0.035670 0.049020
v 0.025710 -0.038538 0.047680
v 0.024250 -0.046763 0.045578
v 0.019669 -0.029140 0.053106
v 0.023145 -0.032469 0.050749
v 0.016341 -0.056973 0.049734
v 0.025709 -0.041189 0.046664
v 0.011450 -0.059123 0.051910
v 0.025290 -0.043923 0.045875
v 0.006141 -0.060722 0.053203
v 0.009900 -0.025562 0.057815
v 0.004820 -0.025565 0.058959
v 0.014939 -0.026653 0.055580
v 0.022711 -0.050132 0.045981
v 0.020517 -0.053729 0.047200
v 0.032083 0.023242 0.025339
v -0.031813 0.023097 0.023645
f 4 2 1
f 8 6 5
f 13 15 14
f 17 19 18
f 32 30 29
f 36 34 33
f 37 39 38
f 21 23 20
f 25 27 24
f 41 43 42
f 48 46 45
f 52 50 49
f 53 55 54
f 60 58 57
f 29 62 61
f 66 64 63
f 67 6 68
f 72 70 69
f 76 74 73
f 77 79 78
f 81 83 82
f 59 86 85
f 88 90 89
f 96 94 93
f 100 98 97
f 101 103 102
f 106 34 87
f 108 115 107
f 117 36 118
f 124 126 125
f 131 129 128
f 132 134 133
f 142 140 139
f 148 60 147
f 144 127 124
f 149 151 150
f 156 154 153
f 159 158 157
f 116 164 105
f 171 169 168
f 174 173 172
f 179 181 180
f 186 188 187
f 194 196 195
f 199 139 198
f 206 208 207
f 213 211 210
f 202 214 201
f 96 216 54
f 92 43 44
f 97 246 100
f 250 229 228
f 252 58 253
f 258 256 255
f 260 229 259
f 110 112 113
f 114 263 109
f 265 267 266
f 56 270 269
f 274 249 250
f 185 63 64
f 280 278 276
f 285 283 157
f 288 211 212
f 141 92 46
f 289 175 176
f 148 105 106
f 312 170 171
f 238 42 43
f 318 160 317
f 310 308 307
f 241 325 324
f 160 240 317
f 47 307 308
f 108 315 164
f 345 86 119
f 348 350 349
f 356 358 357
f 355 353 352
f 363 32 362
f 149 150 176
f 364 253 365
f 366 368 367
f 183 371 63
f 163 161 160
f 209 101 208
f 378 165 166
f 379 381 380
f 383 3 4
f 284 386 385
f 387 389 388
f 391 229 249
f 73 397 396
f 405 407 406
f 203 411 410
f 414 413 412
f 1 357 4
f 277 131 275
f 254 57 58
f 358 415 351
f 417 386 408
f 401 192 420
f 419 127 143
f 421 182 422
f 103 302 409
f 428 368 174
f 380 359 356
f 62 266 323
f 140 431 430
f 357 351 348
f 356 379 380
f 415 403 434
f 437 436 435
f 438 440 439
f 188 450 449
f 452 454 453
f 265 181 421
f 224 64 225
f 237 213 427
f 275 128 458
f 281 460 459
f 50 79 461
f 73 282 281
f 468 466 465
f 390 352 359
f 482 484 483
f 489 487 486
f 493 495 494
f 472 470 469
f 502 500 499
f 220 222 223
f 512 143 66
f 518 511 80
f 513 230 286
f 205 31 244
f 189 451 188
f 163 532 8
f 533 225 251
f 446 447 412
f 335 540 334
f 544 546 545
f 329 291 292
f 199 262 238
f 385 416 550
f 532 191 247
f 363 118 243
f 236 237 250
f 578 580 579
f 573 571 570
f 561 562 272
f 241 259 240
f 590 592 591
f 545 595 594
f 503 155 504
f 606 624 623
f 478 480 479
f 646 648 647
f 590 689 684
f 564 651 650
f 728 184 727
f 714 716 715
f 692 575 693
f 541 581 578
f 346 248 400
f 161 230 160
f 128 94 95
f 698 704 703
f 574 576 575
f 290 401 328
f 630 725 726
f 733 735 734
f 755 496 493
f 759 481 760
f 757 762 761
f 764 466 467
f 768 3808 3809
f 759 488 489
f 492 475 771
f 474 769 473
f 773 465 772
f 771 486 483
f 484 775 491
f 774 489 486
f 495 764 756
f 495 761 494
f 137 784 136
f 325 797 547
f 165 51 52
f 369 29 370
f 730 568 569
f 90 301 89
f 243 516 242
f 800 806 805
f 817 808 816
f 816 823 822
f 306 447 807
f 815 809 808
f 829 828 825
f 726 501 502
f 274 424 423
f 879 881 880
f 884 879 885
f 219 217 211
f 906 904 897
f 455 205 542
f 898 830 829
f 903 880 881
f 906 897 898
f 377 519 165
f 923 948 946
f 946 951 950
f 3519 739 3517
f 900 886 880
f 225 65 144
f 182 442 422
f 809 947 824
f 954 962 961
f 927 965 966
f 885 880 886
f 925 966 967
f 343 341 340
f 965 971 968
f 968 970 969
f 972 969 973
f 963 981 978
f 336 338 339
f 992 827 828
f 810 996 959
f 1007 1002 1008
f 1012 827 1009
f 1011 1007 1008
f 294 292 291
f 907 920 919
f 1017 1019 1018
f 1020 1022 1021
f 1035 1020 1044
f 1061 1047 1046
f 1063 1046 1062
f 1044 1021 1045
f 1102 1097 1109
f 1116 1118 1117
f 1016 1014 1013
f 881 904 903
f 816 1127 817
f 1094 949 1097
f 514 167 515
f 146 81 82
f 1133 1130 1129
f 1102 1126 822
f 822 1116 816
f 1145 1148 1136
f 1076 1151 1069
f 1148 1086 1087
f 1109 1114 1136
f 1154 1156 1155
f 1153 967 1156
f 3464 463 3714
f 1144 1152 1151
f 1156 1163 1162
f 1164 1169 1165
f 1145 1176 1147
f 1114 1154 1171
f 1183 1164 1177
f 1184 1177 1185
f 1069 1062 1064
f 1023 1194 1022
f 1162 1170 1169
f 1195 1185 1191
f 1183 1176 1155
f 1201 1152 1196
f 1061 1201 1202
f 3825 843 3836
f 1203 1195 1034
f 1202 1184 1195
f 1218 1203 1217
f 1060 1202 1203
f 1225 1217 1219
f 671 694 670
f 1219 1024 1035
f 1217 1034 1024
f 1226 1015 1227
f 1243 1234 1233
f 1231 1229 1228
f 847 1233 843
f 843 1244 878
f 1233 1245 1244
f 1923 233 216
f 2100 499 500
f 3914 2135 3900
f 61 323 505
f 210 217 457
f 1299 1309 1300
f 3863 1231 3862
f 1066 1321 1322
f 1322 1228 1229
f 1060 1321 1047
f 1325 1323 1310
f 1244 1332 1330
f 1290 1242 1288
f 1337 1339 1338
f 1330 1340 1339
f 1341 1245 1294
f 1342 1332 1341
f 1343 1341 1344
f 1344 1294 1293
f 3857 1345 1346
f 1347 1342 1343
f 3856 1295 1345
f 1349 1348 1347
f 3861 1347 3853
f 3853 1343 3857
f 906 829 1353
f 905 1353 1354
f 865 1355 1357
f 1355 829 825
f 1357 825 826
f 1356 1353 1355
f 3834 1338 3833
f 866 1356 865
f 1358 1354 1356
f 3828 1337 3834
f 838 1012 841
f 1363 1338 1339
f 1368 1339 1340
f 1348 1340 1342
f 1371 3824 3829
f 524 526 523
f 528 530 527
f 1372 1369 1371
f 535 537 538
f 1367 1348 1350
f 1370 1359 1369
f 1369 3833 3824
f 1373 903 904
f 555 557 558
f 1374 910 1373
f 1373 905 1375
f 1374 1375 1376
f 1375 1354 1370
f 1378 908 1377
f 376 651 1387
f 1388 973 969
f 586 588 585
f 1390 1388 1391
f 1391 969 970
f 597 599 596
f 600 602 603
f 1392 970 979
f 608 610 607
f 612 523 611
f 614 616 613
f 617 25 24
f 620 622 619
f 1397 1391 1392
f 1398 1392 1399
f 1400 920 1378
f 1402 1165 1169
f 636 638 635
f 930 1402 929
f 641 643 644
f 929 1169 1170
f 1404 1403 1402
f 1411 1365 1406
f 1412 1415 1414
f 652 654 655
f 609 657 658
f 659 661 662
f 558 586 585
f 665 667 664
f 1413 1406 1412
f 1418 3810 3813
f 1417 1371 1416
f 1416 3829 3810
f 1419 1416 1418
f 1386 1374 1420
f 677 679 676
f 1385 1420 1421
f 1420 1376 1422
f 685 687 688
f 1421 1422 1423
f 528 691 658
f 1422 1372 1417
f 1018 747 1425
f 699 701 702
f 1424 579 1017
f 3663 1767 3660
f 700 711 712
f 1093 3754 1571
f 717 530 719
f 721 723 720
f 704 3543 3554
f 19 1426 1430
f 1429 1427 1426
f 1658 3542 3544
f 1439 1434 1438
f 1437 1435 1434
f 1426 1433 1432
f 1442 1432 1440
f 742 744 745
f 1432 1441 1440
f 751 753 750
f 1438 1403 1405
f 1446 1444 1443
f 1447 1446 1443
f 3860 1443 3848
f 1415 1445 1446
f 1414 1446 1448
f 2173 469 470
f 777 779 686
f 780 782 783
f 1676 1806 1675
f 3859 1349 3861
f 789 791 788
f 745 793 742
f 652 795 653
f 1455 1457 1456
f 1454 1350 1452
f 610 802 801
f 3831 698 703
f 1352 1045 1351
f 1015 1459 1460
f 811 813 814
f 2118 3817 2117
f 819 821 818
f 1466 1194 1190
f 1467 1465 1466
f 1182 1468 1467
f 832 833 831
f 835 837 834
f 1467 1190 1182
f 1469 1444 1445
f 840 712 690
f 1453 1469 1454
f 599 845 846
f 1226 3849 3855
f 851 853 850
f 855 856 854
f 858 860 857
f 861 863 864
f 1014 3855 3858
f 867 868 869
f 870 872 873
f 874 876 877
f 1310 1471 1309
f 1476 1427 1475
f 1461 1475 1460
f 887 889 890
f 788 892 891
f 894 896 893
f 1460 1227 1015
f 901 524 612
f 1465 1477 1464
f 1865 3500 1864
f 911 913 914
f 916 918 915
f 1850 3507 1851
f 921 895 894
f 1479 1436 1478
f 926 667 601
f 1481 563 1480
f 269 84 1482
f 931 933 916
f 934 614 869
f 936 688 937
f 938 662 939
f 1484 122 123
f 941 835 834
f 320 509 510
f 1849 3505 1850
f 84 1484 83
f 1487 1488 539
f 1757 3502 3509
f 365 1491 364
f 461 80 511
f 117 362 1496
f 1494 541 1495
f 926 957 958
f 1477 1433 1476
f 1709 1585 1700
f 119 1496 345
f 271 504 156
f 511 189 186
f 345 1492 365
f 255 344 254
f 57 299 132
f 1501 268 1500
f 267 1499 145
f 974 976 977
f 1678 1693 1676
f 3846 1807 3840
f 557 663 558
f 983 984 985
f 1443 3849 3848
f 421 268 265
f 989 991 988
f 1490 418 1504
f 279 309 310
f 997 676 679
f 998 999 875
f 1504 38 1505
f 1506 1507 1486
f 360 1508 1506
f 1506 207 360
f 939 1006 938
f 270 1483 269
f 66 546 512
f 1010 793 935
f 367 437 1509
f 244 363 243
f 1670 3534 1669
f 209 1510 226
f 235 1512 1511
f 1511 234 235
f 388 426 425
f 427 250 237
f 161 521 231
f 100 45 44
f 1025 608 1027
f 1029 1031 1028
f 939 1033 1032
f 41 594 99
f 1036 783 1037
f 702 1038 1039
f 1040 1042 1043
f 362 369 1493
f 187 477 186
f 70 539 198
f 1511 1521 234
f 1049 603 1048
f 613 869 614
f 860 1051 857
f 1005 1053 1006
f 753 1056 1054
f 1057 1059 1055
f 293 1522 292
f 288 1521 1522
f 292 1523 329
f 331 1508 1524
f 306 453 305
f 100 41 99
f 462 78 79
f 330 1524 462
f 635 1068 636
f 1485 1526 1528
f 206 1528 1510
f 1070 1072 831
f 942 1073 1074
f 916 1075 917
f 440 1530 439
f 157 1514 285
f 1529 5 1530
f 371 546 63
f 790 663 791
f 1077 857 1078
f 1403 1435 1165
f 1080 1082 1079
f 531 1529 440
f 21 1084 1085
f 272 1531 561
f 137 396 397
f 690 802 691
f 335 3567 581
f 1090 1029 1091
f 1092 794 1042
f 1533 137 138
f 661 1095 1096
f 69 445 72
f 1099 1101 1098
f 38 1536 1505
f 1104 1106 1103
f 852 1108 853
f 1377 909 1386
f 291 411 294
f 316 516 33
f 539 1533 534
f 1505 316 313
f 1110 1112 1113
f 1539 460 264
f 522 1537 1539
f 834 1120 1119
f 1122 1124 1121
f 612 1041 901
f 935 615 614
f 276 130 131
f 1686 3522 1685
f 193 1541 273
f 231 1540 287
f 556 982 557
f 365 85 345
f 190 318 1541
f 1810 3574 3528
f 3924 3512 3791
f 1132 985 1131
f 208 102 132
f 1134 662 661
f 1491 80 77
f 429 1542 147
f 1137 915 918
f 172 428 174
f 1139 1141 1142
f 549 54 55
f 1517 1518 296
f 976 1146 938
f 834 984 941
f 1543 286 115
f 1544 239 513
f 133 1544 1542
f 506 257 258
f 420 328 401
f 1158 1160 1157
f 587 1103 588
f 1513 1514 151
f 607 1027 608
f 304 1545 303
f 364 77 506
f 69 198 139
f 1006 976 938
f 700 1112 701
f 3877 3525 3787
f 1166 657 656
f 1167 858 1077
f 1300 3524 1299
f 1172 1174 1175
f 218 200 217
f 1179 1181 1178
f 372 97 98
f 89 227 88
f 1186 1188 1189
f 172 1517 1549
f 1482 81 1498
f 1090 1193 1030
f 394 353 1551
f 526 1198 1197
f 811 858 812
f 1199 1026 1025
f 606 697 696
f 1204 1206 743
f 1207 523 526
f 1209 867 613
f 914 685 936
f 1478 1441 1477
f 1029 1161 1091
f 1211 1213 1214
f 3858 1451 3859
f 844 1216 845
f 423 273 274
f 1220 1222 1083
f 22 1224 23
f 882 897 881
f 1519 173 387
f 1189 1232 1178
f 349 550 416
f 1071 1236 1072
f 1237 1239 745
f 1221 1189 1240
f 1510 1512 333
f 939 1241 1005
f 1556 5 67
f 1553 394 1551
f 404 67 347
f 1247 1249 1246
f 142 238 92
f 1251 635 1250
f 850 1253 851
f 1254 1077 1255
f 57 133 429
f 443 552 551
f 1187 1175 1188
f 1256 831 833
f 432 382 383
f 741 747 746
f 434 351 415
f 349 383 348
f 251 1481 1480
f 395 352 353
f 1518 1550 1551
f 1558 378 340
f 109 314 315
f 285 1513 407
f 395 393 392
f 202 410 1558
f 417 405 432
f 1246 1258 1247
f 3 297 2
f 1259 1261 1262
f 403 347 284
f 955 953 952
f 462 51 330
f 1096 687 1263
f 429 60 57
f 896 1265 932
f 1267 1268 1266
f 423 327 420
f 37 180 40
f 20 1187 1186
f 1256 1071 1070
f 155 156 504
f 1188 1269 1232
f 1236 1271 1262
f 1272 535 621
f 565 463 464
f 1273 745 1239
f 876 1255 1274
f 316 164 315
f 437 503 1509
f 194 1495 197
f 1275 864 863
f 624 631 630
f 1277 1137 1278
f 569 567 566
f 1481 125 366
f 324 547 326
f 1279 1107 1280
f 1525 329 1523
f 1281 1137 918
f 171 1553 1552
f 1488 396 1533
f 1557 1562 1559
f 1282 1206 1205
f 1053 1278 1281
f 778 607 1283
f 713 3566 3569
f 251 144 124
f 4 348 383
f 709 707 706
f 728 45 246
f 261 1563 544
f 789 1287 790
f 74 263 282
f 403 385 434
f 1178 1240 1189
f 1223 1289 1224
f 158 150 151
f 1220 1186 1221
f 296 354 433
f 784 1538 1566
f 1181 1291 1222
f 1269 1257 1246
f 1566 438 399
f 136 1566 1564
f 1563 169 1565
f 107 109 108
f 1297 1298 1296
f 1464 1476 1461
f 1520 507 508
f 1301 1303 1304
f 1306 1308 1305
f 175 1532 272
f 1532 200 201
f 1311 1312 1313
f 872 1315 1316
f 1317 1318 1319
f 3836 878 3828
f 1305 864 1276
f 1040 863 1320
f 1564 399 169
f 592 1575 591
f 591 1088 689
f 1581 1583 1582
f 1196 1147 1176
f 710 583 713
f 285 408 386
f 953 961 963
f 1594 1589 1593
f 1585 1587 1586
f 1592 1590 1589
f 3885 944 3899
f 1600 1598 1597
f 1604 1602 1601
f 1399 979 980
f 1589 1596 1595
f 1610 1608 1607
f 298 361 360
f 551 276 277
f 1627 3814 3819
f 859 818 860
f 1078 1328 1329
f 1555 1530 1556
f 572 680 681
f 772 776 774
f 977 918 917
f 404 392 393
f 1054 750 753
f 1644 1643 1642
f 932 1082 933
f 1067 1334 1068
f 1540 264 114
f 597 643 1336
f 471 762 470
f 1642 3831 3842
f 1644 3842 3843
f 923 950 927
f 96 548 95
f 520 522 521
f 445 443 442
f 849 848 842
f 480 755 493
f 1646 481 1639
f 311 1567 170
f 464 3497 3495
f 3497 1361 3495
f 234 236 235
f 190 192 191
f 153 152 149
f 231 286 230
f 1552 1551 1550
f 760 1648 488
f 3832 1649 3830
f 828 826 825
f 52 166 165
f 1663 1661 1660
f 287 115 286
f 668 670 669
f 634 640 639
f 553 559 554
f 118 33 516
f 492 491 490
f 3552 1651 3553
f 582 584 583
f 384 392 415
f 1381 1383 1380
f 1562 435 436
f 952 951 947
f 3529 583 584
f 1660 1667 1666
f 1394 1396 1393
f 1660 1664 1663
f 1671 1669 1668
f 1624 1673 1672
f 1407 1409 1410
f 1677 1675 1674
f 1613 1677 1625
f 1679 1676 1677
f 1626 3811 3814
f 534 198 539
f 176 150 159
f 803 734 800
f 400 191 192
f 65 143 144
f 3526 1656 3540
f 402 157 283
f 629 627 626
f 461 49 50
f 758 495 756
f 796 786 785
f 406 1513 1560
f 342 166 167
f 1694 1658 1695
f 1692 1694 1696
f 3557 1652 3552
f 3921 1703 3923
f 326 302 90
f 3916 1702 1706
f 3919 1698 1701
f 1699 3927 3918
f 1557 1560 1561
f 1127 1117 1128
f 400 289 346
f 1706 1707 1708
f 1707 1599 1600
f 1709 1708 1588
f 1714 1711 1713
f 3919 1709 1700
f 1704 1577 1703
f 1716 1713 1715
f 1559 1549 297
f 1722 1720 1719
f 1335 596 1489
f 410 377 378
f 973 1163 972
f 168 399 398
f 1571 1089 1093
f 1572 682 1571
f 749 647 754
f 1730 1723 1729
f 1594 1729 1592
f 1729 1591 1592
f 1731 1730 1583
f 1384 1377 1379
f 1732 1712 1714
f 1724 1731 1732
f 1712 1731 1580
f 1722 1732 1733
f 1721 1733 1734
f 1734 1716 1717
f 1735 1736 1697
f 1733 1714 1716
f 1663 1741 1668
f 1742 1740 1743
f 1738 1737 1735
f 1665 1666 1740
f 1665 1744 1664
f 1725 1746 1745
f 1591 1745 1590
f 1590 1747 1596
f 1745 1748 1747
f 1659 3538 3542
f 3287 3545 3282
f 1185 1182 1190
f 1664 1749 1741
f 1741 1739 1738
f 1746 1743 1748
f 1726 1742 1746
f 1153 924 925
f 1115 1153 1154
f 1654 3575 1655
f 1896 3549 1686
f 1720 1744 1726
f 1721 1749 1720
f 1750 1701 1698
f 1697 1750 1696
f 1151 1063 1062
f 1751 1670 1671
f 1695 1752 1751
f 961 986 981
f 1770 1768 1767
f 1766 1593 1765
f 1731 1579 1580
f 1579 1774 1578
f 3928 1771 3929
f 1764 3928 3917
f 1777 1775 1774
f 3762 1699 1700
f 1004 1128 1003
f 1774 1771 1772
f 987 1399 980
f 1578 1772 1764
f 1783 1781 1778
f 1597 1770 1767
f 639 3895 3884
f 3928 1769 1770
f 1793 1789 1788
f 3929 1798 1769
f 3508 3773 1806
f 1802 3924 3922
f 1788 1794 1793
f 1793 1795 1776
f 3773 1675 1806
f 1584 1783 1789
f 1771 3920 3929
f 1801 1798 1800
f 1768 1798 1799
f 1775 1797 1771
f 508 515 1520
f 1796 1802 1797
f 1800 3920 3922
f 1794 1804 1795
f 3532 1752 3547
f 485 1807 775
f 3809 1640 768
f 3837 1810 1653
f 485 1640 1808
f 1690 3770 3772
f 487 1648 1811
f 3839 1816 3822
f 3838 1648 3830
f 3839 1811 3838
f 1812 487 1811
f 1641 767 768
f 465 755 776
f 767 3823 3808
f 3822 3826 3847
f 1809 1815 767
f 3837 1651 3840
f 675 3541 3496
f 1814 1822 1821
f 1821 3821 3820
f 1824 1649 1825
f 1827 1850 1805
f 1668 1662 1663
f 1779 1848 1828
f 1790 1805 1794
f 1833 1853 1852
f 3521 693 575
f 1614 1616 1617
f 1852 3498 3501
f 1620 1622 1623
f 1855 1574 1861
f 1847 3501 3513
f 1766 1855 1782
f 1629 1631 1628
f 1633 1634 1632
f 1635 1637 1638
f 1848 1852 1847
f 1855 1863 1862
f 1803 1867 1802
f 1862 1831 1832
f 1782 1862 1781
f 3922 1865 1800
f 1873 1870 1869
f 1874 799 804
f 2045 3897 2044
f 1219 1295 1225
f 1615 1396 1395
f 3884 1877 1876
f 645 3786 3559
f 1345 1035 1346
f 634 3884 3880
f 15 1327 14
f 3910 1878 1893
f 1894 605 1893
f 3506 627 693
f 3560 645 3559
f 340 454 1558
f 1897 195 1898
f 1889 1877 1890
f 1901 129 1900
f 196 754 232
f 1705 3921 3916
f 340 166 343
f 1570 563 561
f 1904 194 1897
f 1781 1832 1780
f 1905 55 1906
f 1000 995 996
f 986 920 987
f 1191 1190 1194
f 2094 2075 2093
f 1920 1919 1915
f 453 1912 1911
f 1915 1918 1916
f 3882 2106 3901
f 1655 3531 1868
f 1916 1926 1925
f 704 3561 703
f 278 1925 1900
f 3565 1818 1820
f 1097 1115 1114
f 1927 727 1923
f 3578 3654 3758
f 1920 307 1929
f 1929 48 728
f 503 1497 1509
f 1902 787 796
f 1816 3820 3826
f 1925 1923 1924
f 1535 1568 1534
f 254 258 255
f 1509 366 367
f 119 35 36
f 219 293 294
f 141 47 431
f 542 244 245
f 1940 430 431
f 1779 1827 1790
f 1701 3915 3919
f 1661 3515 1667
f 270 754 647
f 197 749 196
f 1727 1212 1211
f 53 232 754
f 1465 1479 1478
f 1284 3854 1293
f 1951 412 413
f 168 1554 1553
f 1486 206 207
f 506 78 361
f 994 1007 993
f 951 963 964
f 1013 3861 1351
f 3826 1820 1818
f 1498 1954 1482
f 299 543 132
f 1754 1756 1753
f 1681 1683 1682
f 1696 1695 1697
f 13 738 737
f 473 475 474
f 482 768 1640
f 204 30 205
f 1761 820 819
f 611 1125 612
f 1501 1908 1909
f 1074 711 699
f 1960 82 83
f 120 1960 123
f 35 87 34
f 1773 1025 1031
f 1965 1569 1535
f 494 471 479
f 1966 1969 1968
f 446 1971 1967
f 174 125 126
f 1580 1578 1577
f 1785 1787 1784
f 1972 304 305
f 1254 875 999
f 1973 342 514
f 321 1973 509
f 1910 275 1907
f 509 514 508
f 1486 1527 1485
f 1974 804 1975
f 1977 1974 1978
f 1980 1966 1981
f 379 2 295
f 1718 1710 1701
f 884 992 883
f 1680 1678 1679
f 902 525 524
f 344 256 299
f 135 137 136
f 236 228 333
f 448 1967 1966
f 589 604 584
f 910 908 907
f 1981 1968 1987
f 1982 1987 1979
f 1988 1987 1989
f 1990 1989 1991
f 1991 1993 1992
f 322 320 319
f 992 830 883
f 1144 1086 1143
f 1995 1978 1994
f 1133 1118 1126
f 1997 1994 1996
f 870 1335 1489
f 805 1982 1998
f 727 2000 1999
f 1996 1988 1990
f 1994 1979 1988
f 1829 792 1273
f 1830 941 983
f 798 800 799
f 729 731 730
f 2011 2023 2022
f 1834 846 1159
f 402 284 347
f 2022 2024 2025
f 1838 989 988
f 810 952 809
f 1823 1840 644
f 1430 1432 1431
f 1215 1841 1079
f 149 176 177
f 1316 873 872
f 2112 1384 2106
f 1842 1844 1845
f 1159 845 1160
f 837 1846 1120
f 1971 2030 2027
f 517 370 189
f 858 833 812
f 1471 2027 1888
f 3551 626 627
f 2174 770 490
f 935 1854 1010
f 1613 1611 1618
f 1231 1225 1295
f 1856 891 892
f 1300 748 741
f 1150 1858 1859
f 1643 696 1642
f 1215 1264 1216
f 1320 902 901
f 1956 1944 1960
f 2031 669 1474
f 2034 1310 1299
f 1879 1656 1657
f 40 242 39
f 1992 2039 1456
f 888 957 889
f 1882 1996 1990
f 1078 1255 1077
f 1871 1192 1090
f 294 218 219
f 1323 2026 1471
f 123 83 1484
f 1324 2041 1323
f 384 359 352
f 1324 2038 2036
f 1883 1885 1829
f 287 114 107
f 1096 1134 661
f 915 931 916
f 806 1981 1982
f 3533 584 604
f 1425 2042 1018
f 1018 1948 1017
f 3562 740 3519
f 1948 649 646
f 1881 1990 1991
f 1900 130 278
f 992 994 993
f 923 925 924
f 3878 2047 3876
f 1643 625 606
f 2050 2051 2049
f 2045 1404 2047
f 3876 945 3885
f 1139 1079 1841
f 1037 892 982
f 2055 2057 2056
f 1198 718 717
f 1619 1612 1611
f 2058 1606 2059
f 2059 1607 2058
f 2058 1624 1605
f 71 179 37
f 405 1557 382
f 976 1006 977
f 322 1972 1911
f 2061 2063 2062
f 2066 2067 1825
f 2052 2064 2051
f 1609 2066 1647
f 1515 152 1516
f 1009 993 1007
f 1644 3815 2118
f 279 1916 278
f 1285 3862 1284
f 1647 1825 1649
f 2056 2067 2065
f 319 1953 1952
f 667 1913 1914
f 2070 625 2048
f 2052 2055 2063
f 2038 1655 1458
f 1606 2073 2072
f 1235 1270 1236
f 2072 2075 2074
f 2059 2072 2062
f 2074 2077 2076
f 1601 2078 2073
f 2049 1643 1645
f 1000 1001 994
f 1089 684 689
f 1931 1306 1930
f 1462 1021 1022
f 1932 1934 1935
f 875 1846 998
f 1936 1937 1938
f 44 46 92
f 1534 1956 120
f 1541 317 391
f 2081 2084 2083
f 146 1959 300
f 1360 1942 1361
f 985 1032 1033
f 1995 1892 2043
f 2079 2082 2081
f 2095 2076 2077
f 2081 2078 2079
f 2055 2054 2053
f 501 2095 500
f 2097 2099 2098
f 2098 2094 2083
f 2140 3893 3866
f 2141 3894 3893
f 2051 2048 2049
f 592 2101 1576
f 2071 2076 2096
f 2102 2098 2101
f 593 2102 592
f 1019 746 747
f 1950 12 1327
f 725 2096 501
f 1385 2104 1379
f 1379 2106 1384
f 2107 2100 2097
f 3908 502 3896
f 3896 499 3901
f 940 2109 944
f 928 1170 973
f 3868 684 3899
f 1962 1964 1961
f 3878 573 3897
f 2039 1968 1969
f 1389 2110 2109
f 1398 2113 1397
f 3757 3753 3743
f 3911 2107 2103
f 949 924 1115
f 260 324 326
f 1390 2113 2110
f 2070 2064 2071
f 3867 2103 593
f 2105 1421 2114
f 2114 1423 2115
f 3892 2115 3903
f 3908 2114 3892
f 554 1902 553
f 972 967 966
f 1765 1573 1574
f 1984 1986 1983
f 2053 2069 2057
f 3573 724 714
f 1625 1674 1673
f 3881 2119 2122
f 3903 2123 3904
f 56 1906 55
f 626 3879 629
f 2001 2003 2004
f 3912 2127 3907
f 2006 2008 2009
f 2127 1412 2128
f 2014 2016 2017
f 2018 2020 2021
f 1495 1947 197
f 1379 1386 1385
f 3814 1680 1618
f 2029 1884 2028
f 3902 2120 3887
f 629 3914 3872
f 682 943 1089
f 724 2121 716
f 1757 3821 3845
f 765 3844 3809
f 3851 715 3852
f 706 3870 3872
f 981 987 980
f 1457 1656 1880
f 2017 2032 2033
f 1458 1868 1457
f 1776 1792 1793
f 1959 1946 1958
f 3663 3725 3661
f 3913 2122 3850
f 1093 689 1088
f 966 968 972
f 3852 3881 3913
f 2172 2170 2171
f 670 2137 669
f 3761 1903 233
f 1429 28 1449
f 964 978 971
f 3841 1413 2127
f 1473 669 2137
f 3834 1359 1358
f 2138 1870 2137
f 1872 2137 1870
f 715 3888 3881
f 1881 1992 1880
f 3843 739 740
f 1837 3513 3514
f 253 59 85
f 1808 3840 1807
f 1647 3818 1609
f 3865 671 668
f 2112 3883 2111
f 1405 2044 1438
f 3829 1364 1366
f 273 391 249
f 576 3520 3555
f 3875 668 2031
f 1430 2140 2139
f 2136 3860 28
f 1430 18 19
f 3893 570 695
f 1442 2046 2141
f 1431 2141 2140
f 3869 3850 2136
f 3808 1817 766
f 3866 695 671
f 2142 798 2138
f 571 2142 694
f 3819 1618 1611
f 2143 2025 2142
f 694 2138 670
f 681 2144 572
f 2144 2022 2143
f 328 457 290
f 1572 2011 2144
f 630 3903 624
f 2085 2087 2088
f 2090 2092 2089
f 572 2143 571
f 1875 2153 2149
f 1873 2149 2154
f 2103 2097 2102
f 2157 2155 2156
f 2128 1414 2120
f 3874 589 582
f 3872 628 629
f 2149 2158 2159
f 2159 3905 3890
f 698 3902 705
f 3823 3827 1817
f 2158 3874 3905
f 1438 2046 1439
f 2035 2160 2161
f 2161 3889 3886
f 3871 605 589
f 3873 18 3875
f 370 61 451
f 649 413 648
f 2153 2156 2158
f 1428 1449 1450
f 1490 73 1488
f 3890 710 633
f 2155 3891 3871
f 1456 1880 1992
f 2125 2087 2124
f 2160 3890 3889
f 300 505 323
f 1064 1046 1065
f 2043 1891 2155
f 2129 2004 2003
f 2131 2133 2134
f 3848 1450 1449
f 1998 804 805
f 3879 3864 3914
f 474 490 770
f 1164 1182 1177
f 707 3909 3870
f 708 2162 707
f 2162 3886 3909
f 548 1905 458
f 1145 1114 1171
f 705 1650 704
f 2043 1977 1995
f 737 554 559
f 1034 1191 1023
f 458 1907 275
f 195 232 233
f 2040 1969 1970
f 2145 2147 2148
f 2054 2049 1645
f 3832 1639 3818
f 9 11 10
f 252 506 258
f 472 479 471
f 1865 3791 3503
f 900 910 907
f 1941 2151 1942
f 1921 1927 1919
f 2163 1898 2116
f 271 153 178
f 1904 12 9
f 282 264 460
f 1872 2154 2035
f 1326 1897 2163
f 628 693 627
f 1724 1719 1723
f 1549 436 172
f 1582 1730 1729
f 1921 1929 1928
f 3563 10 11
f 2152 1950 1949
f 475 774 771
f 769 2171 473
f 2171 476 473
f 476 772 475
f 1791 464 1760
f 2166 2168 2169
f 595 372 98
f 483 1641 482
f 762 2173 470
f 771 484 492
f 486 1809 483
f 297 1517 296
f 763 2174 762
f 776 759 489
f 184 2176 2000
f 412 303 414
f 2005 185 224
f 3811 1682 3846
f 2164 756 764
f 1472 2161 2162
f 950 964 965
f 2177 2179 2180
f 227 1510 333
f 764 467 2164
f 2182 2184 2181
f 2186 2018 2185
f 1985 2181 1986
f 214 729 1531
f 1545 1546 1569
f 865 842 866
f 849 1357 1362
f 452 1558 454
f 559 3188 737
f 16 737 3188
f 560 498 374
f 3193 3195 3194
f 3200 3198 3199
f 3211 3213 3212
f 3215 3217 3216
f 2187 2002 2001
f 2169 2189 2190
f 2192 2085 2191
f 2193 2195 2196
f 2198 2200 2197
f 1998 1979 1975
f 3664 3668 3671
f 2116 1903 1902
f 1859 2009 1150
f 3904 2126 3906
f 1135 1087 1130
f 2201 2015 2014
f 1149 110 1858
f 3221 3218 3215
f 2203 2205 2206
f 579 1895 1019
f 1755 2208 1756
f 3891 1893 605
f 1211 2150 1727
f 868 2210 2209
f 944 930 940
f 2130 2202 2201
f 233 1898 195
f 665 750 666
f 1167 999 618
f 2211 2213 2214
f 2215 2217 2218
f 3867 590 3868
f 2220 220 2219
f 823 948 1094
f 3225 3227 3226
f 266 455 265
f 3882 2107 3883
f 2221 3519 3517
f 2223 2225 2226
f 2207 2124 2208
f 673 3869 3864
f 817 996 815
f 2227 2146 2145
f 1947 646 749
f 3900 17 3873
f 2229 1638 1381
f 1679 1618 1680
f 1637 2232 2230
f 2233 1617 1616
f 2231 2236 2237
f 1381 2238 1382
f 3586 2242 3587
f 1630 2233 1631
f 1681 472 469
f 1408 2243 2244
f 3236 3238 3237
f 3232 3240 3235
f 1637 2238 1638
f 3237 3233 3234
f 1409 1634 2245
f 1380 2247 2246
f 1628 2245 1621
f 2249 1622 1633
f 1632 1408 2244
f 2248 1631 2250
f 2235 1637 1636
f 3245 3199 3198
f 631 2071 725
f 515 52 49
f 782 2251 1251
f 2253 2255 2252
f 397 459 784
f 1456 2040 1455
f 2040 2036 1455
f 1401 2111 1398
f 2041 1970 2026
f 1535 414 1965
f 1586 2080 2079
f 2256 1132 1886
f 1700 3918 3919
f 3815 1686 3817
f 1263 1886 1096
f 598 844 599
f 2257 2259 2260
f 2258 2262 2259
f 2259 2263 2216
f 2260 2216 2215
f 1967 1970 1969
f 2212 1963 2213
f 922 2218 2217
f 1312 1101 2264
f 1307 1286 789
f 1548 1546 1972
f 2266 2268 2265
f 2265 2270 2269
f 2272 2269 2271
f 2273 2265 2272
f 2275 2277 2274
f 2278 2277 2279
f 2284 3617 3639
f 2287 2286 2281
f 2288 2283 2287
f 2290 3639 3620
f 2291 2293 2294
f 2295 2294 2279
f 2296 2291 2295
f 2297 2292 2291
f 2294 2299 2300
f 2279 2300 2278
f 2298 2302 2292
f 2292 2303 2293
f 2293 2304 2299
f 2304 2306 2299
f 2306 2300 2299
f 2308 2310 2307
f 2302 2310 2303
f 2301 2307 2302
f 2312 2307 2311
f 2313 2315 2316
f 2318 2320 2317
f 3748 2322 2323
f 2324 2273 2326
f 2313 2326 2327
f 2328 2313 2316
f 2329 2324 2328
f 2331 2333 2330
f 2330 2267 2266
f 2325 2266 2273
f 2329 2330 2325
f 2333 2335 2267
f 2336 2333 2332
f 2338 2332 2337
f 2331 2337 2332
f 2329 2339 2331
f 2328 2340 2329
f 2316 2341 2328
f 2342 2315 2343
f 2344 2346 2347
f 2341 2347 2340
f 2342 2344 2341
f 2348 2345 2344
f 2350 2352 2353
f 2339 2353 2337
f 2340 2350 2339
f 2347 2351 2350
f 2337 2354 2338
f 2353 2355 2354
f 2356 2276 2357
f 2356 2358 2359
f 2356 2296 2295
f 2279 2356 2295
f 2360 2270 2268
f 2267 2360 2268
f 2362 2364 2365
f 2362 2361 2358
f 2366 2358 2357
f 2366 2363 2362
f 2357 2368 2366
f 2366 2369 2367
f 2276 2370 2368
f 2368 2282 2369
f 2372 2374 2371
f 2375 2377 2007
f 2378 2380 2381
f 2382 2381 2383
f 2384 2378 2382
f 2385 2379 2378
f 2388 2390 2387
f 2387 2392 2391
f 2393 2387 2391
f 2394 2388 2387
f 2186 2402 2400
f 2403 2327 2326
f 2272 2326 2273
f 2271 2403 2272
f 2405 2404 2403
f 2404 2408 2327
f 2409 2411 2412
f 2409 2271 2269
f 2413 2269 2270
f 2413 2410 2409
f 2417 2416 2418
f 2417 2406 2405
f 2412 2405 2271
f 2411 2417 2412
f 2406 2407 2404
f 3569 632 713
f 2420 2397 2421
f 2420 2423 2422
f 2424 2422 2419
f 2424 2398 2420
f 2425 2392 2426
f 2421 2426 2423
f 2397 2425 2421
f 2396 2391 2425
f 2427 2315 2314
f 2427 2408 2428
f 2430 2428 2429
f 2343 2427 2430
f 2432 2430 2431
f 2431 2429 2433
f 2435 2433 2434
f 2436 2431 2435
f 2428 2407 2437
f 2422 2407 2419
f 2438 2422 2423
f 2429 2437 2438
f 2440 2433 2439
f 2441 2433 2429
f 2442 2439 2441
f 2443 2440 2439
f 2445 2444 2443
f 2447 2443 2442
f 2383 2445 2447
f 2381 2446 2445
f 2448 2423 2426
f 2449 2426 2392
f 2441 2449 2442
f 2441 2438 2448
f 2449 2390 2450
f 2450 2389 2451
f 2447 2451 2383
f 2442 2450 2447
f 2451 2453 2452
f 2452 2455 2454
f 2382 2454 2384
f 2383 2452 2382
f 2456 2373 2372
f 2459 2461 2458
f 2463 2465 2462
f 2462 2285 2284
f 2466 2284 2290
f 2467 2462 2466
f 2461 3703 3701
f 2468 2470 2471
f 2472 2471 2473
f 2474 3701 3688
f 2475 2477 2478
f 2458 2453 2479
f 2479 2389 2388
f 2395 2479 2388
f 2480 2458 2479
f 2481 2483 2478
f 2484 2485 221
f 2471 2464 2463
f 2473 2463 2467
f 2487 2466 2486
f 2486 2290 2488
f 2490 2488 2489
f 2491 2486 2490
f 2492 2467 2487
f 2493 2487 2491
f 2494 2492 2493
f 2495 2473 2492
f 3690 2474 3688
f 3691 2496 3690
f 2498 2493 2499
f 2500 2499 2501
f 3700 2498 2500
f 3687 2494 2498
f 2306 2278 2300
f 2305 2504 2306
f 2504 2507 2506
f 2506 2288 2508
f 2274 2508 2275
f 2278 2506 2274
f 3633 2489 2488
f 3620 2488 2290
f 2507 2289 2288
f 2505 2509 2507
f 2508 2287 2511
f 2511 2281 2280
f 2370 2280 2282
f 2275 2511 2370
f 2512 2489 2513
f 2514 2513 2515
f 2517 2514 2516
f 2517 2490 2512
f 2499 2491 2517
f 2499 2516 2501
f 2510 2519 2518
f 2518 2521 2520
f 3616 2520 3621
f 3632 2518 3616
f 2522 2303 2310
f 2523 2310 2309
f 2305 2522 2524
f 2524 2523 2525
f 2519 2525 2521
f 2505 2524 2519
f 2308 2527 2526
f 2526 2529 2528
f 2531 2528 2530
f 2309 2526 2531
f 1214 2151 1211
f 2419 2418 2424
f 2533 2349 2317
f 2534 2317 2320
f 2535 2533 2534
f 2536 2345 2533
f 2537 2346 2536
f 2538 2536 2535
f 2539 2537 2538
f 2540 2351 2537
f 2312 2541 2527
f 2527 2542 2529
f 2543 2434 2544
f 2545 2544 2546
f 2319 2543 2545
f 2318 2435 2543
f 2514 2548 2547
f 2547 2550 2549
f 2552 2549 2551
f 2552 2514 2547
f 2520 2554 2553
f 2553 2556 2555
f 3590 2555 3593
f 3621 2553 3590
f 2523 2531 2557
f 2557 2530 2558
f 2525 2557 2559
f 2559 2558 2560
f 2554 2560 2556
f 2521 2559 2554
f 2561 2007 2006
f 2376 2225 2377
f 2564 2566 2563
f 2563 338 2567
f 2569 2567 2568
f 2570 2563 2569
f 2572 2574 2571
f 2571 2576 2575
f 2544 2575 2546
f 2544 2572 2571
f 2578 2569 2577
f 2579 2569 2568
f 2574 2579 2576
f 2573 2577 2574
f 2581 2583 2580
f 2584 2583 2585
f 3697 2580 2584
f 3676 2580 3675
f 2582 2552 2583
f 2583 2551 2585
f 2500 2589 2588
f 2590 2589 2591
f 3693 2588 2590
f 3695 2500 2588
f 2501 2591 2589
f 2592 2594 2595
f 2386 2503 2502
f 2596 2386 2374
f 2596 2373 2597
f 2599 2597 2598
f 2599 2379 2596
f 2600 2380 2599
f 2600 2598 2601
f 2603 2601 2602
f 2603 2446 2600
f 2604 2602 2605
f 2440 2605 2434
f 2444 2604 2440
f 2606 2581 2607
f 2606 2590 2591
f 2591 2582 2606
f 3676 2456 3689
f 3689 2372 3693
f 2478 2608 2481
f 2609 2611 2199
f 2564 2613 2612
f 2612 2598 2597
f 2457 2597 2373
f 2565 2612 2457
f 2614 2570 2578
f 2615 2578 2573
f 2602 2614 2615
f 2601 2613 2614
f 2572 2605 2616
f 2616 2602 2615
f 2573 2616 2615
f 1459 1045 1021
f 1265 1079 1082
f 1612 1609 1611
f 2067 2069 2068
f 1135 1136 1148
f 1938 2618 2617
f 95 458 128
f 2058 1608 1612
f 1454 1445 1367
f 655 1048 2619
f 722 2621 723
f 1131 1033 1134
f 562 366 1497
f 1723 1725 1591
f 1786 1122 1787
f 267 323 266
f 1325 1654 2038
f 1468 1435 1479
f 658 529 528
f 8 247 7
f 382 1559 3
f 788 1307 789
f 940 929 928
f 911 2623 912
f 2621 655 654
f 2624 2625 2626
f 998 27 26
f 635 2626 2625
f 2627 644 1840
f 2628 1840 2629
f 1200 2627 2628
f 1199 641 2627
f 1520 49 477
f 1452 1349 1451
f 2630 1859 1858
f 644 1335 1823
f 1197 717 2632
f 2632 719 1166
f 2628 1166 1200
f 2629 2632 2628
f 1762 1050 821
f 1823 873 1839
f 2634 794 652
f 1028 1027 1161
f 1042 2635 1043
f 93 1901 1924
f 2036 1458 1455
f 1527 1525 1526
f 877 1274 1277
f 134 797 1544
f 1328 931 1329
f 607 1091 1161
f 1043 2637 2636
f 2636 2639 2638
f 1275 2638 1276
f 1275 1043 2636
f 1272 2626 2640
f 2640 638 637
f 1110 2640 637
f 536 2640 2641
f 1472 1474 1473
f 2042 1951 649
f 1058 1105 1059
f 2642 2643 2644
f 1192 2644 1193
f 912 2642 1192
f 3898 3526 3786
f 1049 2620 2621
f 616 1885 613
f 1331 666 750
f 990 1198 525
f 1911 321 322
f 1298 1205 2645
f 76 1504 75
f 1502 421 422
f 610 658 691
f 1146 659 938
f 2646 914 936
f 1280 1238 1279
f 975 2647 2648
f 2647 975 974
f 1453 1452 1451
f 1514 158 151
f 835 1843 1842
f 1271 1173 1289
f 2649 813 2650
f 1893 1826 1894
f 1050 1937 1051
f 2651 814 813
f 1006 1281 977
f 2653 2654 2655
f 1001 1003 1002
f 585 679 558
f 2624 621 620
f 555 2028 556
f 1207 1197 2629
f 1626 478 472
f 426 419 1567
f 1030 1773 1031
f 3898 634 3880
f 534 138 262
f 1125 1042 1041
f 333 88 227
f 569 561 730
f 1489 871 870
f 1857 620 891
f 1673 3770 3763
f 622 864 1308
f 2647 974 2657
f 619 891 620
f 261 545 262
f 393 1556 404
f 2658 2647 2657
f 1075 2657 917
f 1081 2658 1075
f 1080 2659 2658
f 2644 1141 2660
f 2660 1140 1336
f 642 1336 643
f 1193 2660 642
f 679 555 558
f 1503 1500 1502
f 1318 1101 1100
f 2661 1139 1142
f 2661 2663 2662
f 2662 2659 2661
f 2662 2622 2664
f 2664 911 2646
f 2648 2646 1146
f 2648 2662 2664
f 2083 2093 2081
f 1442 1437 1439
f 519 330 51
f 1885 1209 613
f 799 805 804
f 1946 1952 1953
f 1302 1253 1252
f 566 224 533
f 1389 928 1388
f 683 681 680
f 836 1842 2665
f 2665 1845 1303
f 2666 1303 1302
f 24 2665 2666
f 831 2650 832
f 1845 1304 1303
f 2010 2012 2011
f 1051 2667 2668
f 1522 1511 1523
f 531 441 522
f 782 1251 1250
f 1250 2625 2669
f 2669 1857 1856
f 783 1856 1037
f 782 2669 783
f 720 2671 721
f 1055 1930 1056
f 1333 1251 2251
f 619 1308 1307
f 652 2619 2634
f 521 1539 1540
f 1838 537 2672
f 2672 536 2641
f 1113 2641 1110
f 1113 1838 2672
f 1016 1351 1045
f 3897 570 3894
f 226 104 101
f 3564 3827 1818
f 1036 1884 1883
f 2674 1304 2673
f 2673 1844 2675
f 1334 2675 1039
f 1333 2673 1334
f 2676 1039 2675
f 1843 2675 1844
f 942 2676 1843
f 1074 702 2676
f 811 859 858
f 752 1055 753
f 1200 656 1026
f 1120 874 2677
f 2677 877 1052
f 1241 1052 1005
f 1119 2677 1241
f 1560 151 1515
f 1208 611 523
f 215 736 214
f 1460 1462 1461
f 1208 1839 873
f 854 1282 1297
f 72 182 179
f 544 1565 512
f 217 456 457
f 2047 930 945
f 1204 1937 2633
f 913 686 685
f 840 1113 1112
f 1531 730 561
f 2678 1283 801
f 601 1914 602
f 1537 459 460
f 1819 3509 3527
f 991 862 538
f 2679 1073 1830
f 2680 983 2256
f 779 2256 1263
f 778 2680 779
f 2678 1830 2680
f 180 245 40
f 1886 1131 1134
f 1138 1274 1255
f 1841 1140 1139
f 75 314 74
f 193 420 192
f 2681 1099 1098
f 170 1565 169
f 349 417 432
f 1121 2684 2683
f 547 409 302
f 123 121 120
f 2643 1142 1141
f 1542 513 1543
f 899 907 919
f 1210 676 867
f 791 982 892
f 24 837 836
f 893 932 931
f 1860 863 862
f 535 862 861
f 832 813 812
f 2650 813 832
f 1569 1547 1568
f 181 542 180
f 660 937 688
f 2013 568 2012
f 887 2631 2630
f 1524 361 78
f 520 162 1529
f 2653 854 2685
f 1238 2655 2686
f 718 527 530
f 1492 518 1491
f 792 615 793
f 599 1835 596
f 290 456 175
f 312 1552 425
f 1248 1179 1249
f 153 177 178
f 1240 1222 1221
f 1257 1235 1071
f 1291 1083 1222
f 1052 1277 1053
f 743 2618 1204
f 444 430 443
f 23 1172 1187
f 2687 1180 1179
f 102 409 134
f 1283 610 801
f 373 650 651
f 1180 1084 1291
f 855 2655 1237
f 1173 1917 1174
f 2689 853 2688
f 2688 1108 1279
f 2686 1279 1238
f 2687 2688 2686
f 2691 1252 2690
f 2690 850 2689
f 1248 2689 2687
f 1248 2691 2690
f 2692 24 2666
f 2691 2666 1302
f 1247 2692 2691
f 1258 617 2692
f 394 1555 393
f 2693 1259 1223
f 1072 1262 1261
f 1257 1168 1258
f 398 1555 1554
f 871 1314 872
f 1178 1249 1179
f 1224 1173 1172
f 1010 2618 742
f 1175 1292 1269
f 2654 2686 2655
f 2694 1216 1264
f 71 1487 70
f 701 1111 1038
f 1072 2649 2650
f 1085 22 21
f 895 1264 896
f 1601 1605 1604
f 1259 1271 1289
f 21 1220 1083
f 988 538 537
f 598 1336 1140
f 820 1762 821
f 1050 818 821
f 1298 1761 2652
f 1168 618 617
f 858 1256 833
f 39 516 1536
f 2652 819 814
f 313 315 314
f 2026 1971 2027
f 2656 596 1835
f 814 818 811
f 2696 813 2649
f 1260 2649 1261
f 2693 2696 1260
f 2697 2651 2696
f 381 390 380
f 3818 1611 1609
f 1475 1428 1227
f 1292 1917 1235
f 1551 354 1518
f 1526 1523 1511
f 1593 1595 1573
f 1232 1246 1249
f 2695 1223 22
f 2698 1296 2697
f 2698 2693 2695
f 2685 2695 1085
f 2685 1297 2698
f 562 271 272
f 2652 1296 1298
f 1365 1364 1363
f 1958 1953 1957
f 585 2210 997
f 1561 1515 435
f 975 1146 976
f 347 68 346
f 1038 636 1068
f 2700 780 2699
f 2699 1036 1883
f 2701 1883 1829
f 851 2699 2701
f 2674 2251 2702
f 2702 781 2700
f 1253 2700 851
f 1301 2702 1253
f 1519 388 1550
f 1273 1280 2703
f 2703 1107 852
f 2701 852 851
f 1829 2703 2701
f 91 326 90
f 1784 2656 1785
f 2683 2705 2704
f 604 3499 3533
f 1669 3548 1662
f 2062 2060 2059
f 621 861 622
f 2023 732 2024
f 686 1263 687
f 857 2668 1328
f 883 882 879
f 637 1111 1110
f 2668 893 1328
f 2667 894 2668
f 1039 1068 1334
f 313 1504 1505
f 1911 305 453
f 1936 1964 2212
f 2707 2401 2183
f 2708 2183 2182
f 738 2116 554
f 2349 2432 2436
f 2711 2020 2019
f 2400 2019 2186
f 2714 2716 2713
f 2717 2719 2720
f 2721 2723 2724
f 2726 2728 2725
f 2725 2730 2729
f 2731 2729 2709
f 2732 2725 2731
f 2734 2736 2733
f 2738 2740 2737
f 2737 2741 2742
f 2744 2746 2743
f 2745 2748 2747
f 2749 2747 2751
f 2753 2751 2752
f 2250 2246 2248
f 2754 1614 2755
f 3598 2755 3609
f 3608 2747 3609
f 1617 2755 1614
f 2242 1620 2757
f 2191 2760 2759
f 2761 2760 2762
f 3648 2761 3649
f 3623 2759 3648
f 3209 3223 3224
f 1395 2236 2235
f 1395 1636 1615
f 1616 2229 2233
f 1617 2763 2756
f 2756 3628 3608
f 2765 2234 1630
f 2766 3628 3622
f 3202 3246 3247
f 1516 435 1515
f 2768 3552 3553
f 1495 578 1424
f 2135 28 17
f 3526 2773 2774
f 1690 3926 3925
f 2778 2780 2777
f 2777 2781 2782
f 2784 2777 2783
f 3555 575 576
f 1494 9 540
f 3529 2015 3566
f 451 505 450
f 2786 2788 2785
f 2779 2785 2780
f 2789 2741 2740
f 2790 2752 2789
f 2792 2794 2791
f 2793 2796 2794
f 2796 2750 2749
f 2794 2749 2753
f 2798 1396 2754
f 3591 2754 3598
f 2798 2800 1393
f 3591 2799 2798
f 2797 2795 2801
f 2791 2753 2790
f 216 232 54
f 3804 2807 3803
f 3805 2804 3803
f 2769 3557 3552
f 183 184 97
f 2811 2775 2776
f 2804 2776 2805
f 2809 2811 2804
f 2812 2813 2814
f 3805 2816 3795
f 3796 2815 3795
f 3798 2820 2821
f 3793 2819 3798
f 2824 2735 2819
f 2823 2824 2819
f 2825 2826 2724
f 3793 2827 3792
f 3796 2826 3792
f 2713 2829 2828
f 2828 2831 2830
f 2822 2828 2830
f 2821 2713 2828
f 2832 2822 2830
f 2833 2830 2831
f 2834 2832 2833
f 2835 2827 2832
f 2837 2839 2836
f 2836 2841 2840
f 2842 2840 2727
f 2843 2836 2842
f 2840 2845 2844
f 2718 2845 2719
f 2730 2844 2718
f 2727 2844 2728
f 2846 2719 2845
f 2846 2841 2847
f 2829 2847 2831
f 2829 2716 2846
f 2847 2839 2848
f 2848 2838 2849
f 2833 2849 2834
f 2831 2848 2833
f 2850 2851 2852
f 2853 2852 2854
f 2783 2782 2855
f 2785 2853 2856
f 2780 2856 2781
f 2857 2855 2782
f 2859 2782 2781
f 2861 2842 2860
f 2860 2727 2726
f 2862 2726 2732
f 2863 2860 2862
f 2861 2858 2857
f 2843 2857 2859
f 2856 2854 2864
f 2781 2864 2859
f 2837 2859 2864
f 2838 2864 2854
f 2852 2834 2849
f 2854 2849 2838
f 2865 2818 2835
f 2851 2835 2834
f 2813 2815 2865
f 2814 2865 2851
f 2866 2814 2850
f 2788 2850 2853
f 2866 2787 2867
f 2812 2867 2775
f 1892 1890 1891
f 2720 2846 2870
f 298 256 257
f 2872 2713 2820
f 3794 2735 2734
f 2729 2874 2873
f 2846 2715 2870
f 2876 2878 2875
f 2733 2878 2734
f 3806 2879 2880
f 3806 2872 3794
f 2882 2884 2881
f 2881 2715 2714
f 2880 2714 2872
f 2879 2881 2880
f 2885 2887 2888
f 2888 2890 2885
f 2885 2892 2891
f 2893 2885 2891
f 1942 2532 2894
f 2895 2720 2870
f 2884 2870 2715
f 2883 2895 2884
f 2896 2892 2895
f 2889 2717 2890
f 2890 2720 2892
f 2897 2891 2896
f 2898 2896 2883
f 2899 2883 2882
f 2900 2882 2879
f 3797 2879 3807
f 2876 2901 2877
f 2901 2904 2903
f 1785 1835 1834
f 2905 2899 2900
f 2907 2897 2898
f 3797 2903 3799
f 632 577 633
f 3532 2867 2787
f 434 550 350
f 2768 3640 3643
f 2910 1623 2249
f 2241 2758 2242
f 3640 2913 3652
f 1623 2757 1620
f 3587 2757 3652
f 2229 1380 2250
f 2765 1629 2914
f 2915 1629 2912
f 3642 2914 2915
f 3641 2765 2914
f 2919 3642 3613
f 2918 2912 2241
f 3614 2241 3586
f 3618 3613 3670
f 3541 2180 3496
f 3521 2188 3506
f 3705 714 3851
f 2925 2917 2924
f 2924 2916 2919
f 3610 2919 3618
f 3611 2924 3610
f 2926 2766 2925
f 3658 2925 3611
f 1715 1705 1710
f 785 498 796
f 1387 565 1791
f 374 1899 560
f 3573 2206 3556
f 2929 2886 2893
f 2932 2934 2931
f 1905 1908 1907
f 2930 2936 2937
f 2938 2930 2929
f 1493 517 518
f 1603 1586 1602
f 2939 2929 2908
f 2940 2908 2907
f 3665 1600 3661
f 2886 2937 2887
f 2906 2898 2899
f 2908 2893 2897
f 2942 2933 2941
f 2941 2937 2936
f 3501 2936 3513
f 3498 2941 3501
f 2943 2710 2873
f 2943 2874 2889
f 2945 2889 2888
f 2946 2943 2945
f 2932 2888 2887
f 2931 2945 2932
f 727 1929 728
f 2903 2947 2948
f 545 42 262
f 1480 533 251
f 2907 2949 2940
f 2906 2950 2949
f 1558 215 202
f 3799 2948 3801
f 2054 1644 2118
f 3705 2203 3573
f 1828 1849 1827
f 2953 2955 2952
f 2952 2957 2956
f 2956 2258 2952
f 2953 2258 2257
f 2454 2474 2496
f 3747 2959 3766
f 3747 2131 3737
f 2961 2963 2958
f 2958 2964 2959
f 222 2485 2965
f 2477 2966 2608
f 2631 2006 1859
f 2384 2496 2497
f 2967 2959 2964
f 2968 2970 2969
f 3759 2971 3784
f 3784 2960 3766
f 2972 2033 2032
f 2007 2973 2008
f 3560 2134 2133
f 1836 1832 1831
f 3506 2090 3551
f 955 959 956
f 672 674 673
f 633 713 632
f 2024 733 803
f 2025 803 798
f 425 1550 388
f 2975 888 887
f 1319 1157 2694
f 1212 2977 1213
f 889 2228 2227
f 1978 1975 1979
f 1138 1329 915
f 751 2979 2978
f 1619 1625 1624
f 2252 1728 1727
f 1157 845 1216
f 2706 1938 2617
f 2980 2254 2981
f 2982 887 2630
f 802 711 2679
f 678 2029 2028
f 527 690 528
f 1839 2629 1840
f 2983 602 1914
f 2983 1913 1331
f 2985 1331 1054
f 2986 2983 2985
f 2987 2635 2634
f 2985 2639 2986
f 2990 1318 2989
f 2991 2993 2994
f 2995 2994 2996
f 1106 2991 2995
f 1058 2992 2991
f 1415 1365 1367
f 1317 2217 2997
f 1932 2255 2980
f 926 2999 664
f 3001 2992 3000
f 3000 1057 2978
f 2999 2978 2979
f 2998 3000 2999
f 3002 2209 3003
f 3002 2996 2994
f 2993 3002 2994
f 3001 2998 3002
f 1103 2995 3004
f 3004 2996 3003
f 2209 3004 3003
f 588 3004 2210
f 295 433 381
f 2638 2988 3005
f 3005 1056 1930
f 1305 1930 1306
f 1276 3005 1305
f 1987 1993 1989
f 2633 1761 2645
f 1423 1417 1419
f 3561 739 703
f 2671 2704 2705
f 1473 2035 1472
f 922 2694 895
f 1401 1378 1384
f 556 1884 1037
f 842 3825 3836
f 1854 2617 1010
f 933 1081 1075
f 1440 1436 1437
f 529 719 530
f 1031 1027 1028
f 777 912 1871
f 2645 1204 2633
f 441 1538 1537
f 790 587 586
f 2065 1610 1607
f 1860 990 902
f 60 87 59
f 1424 1948 1947
f 332 1507 331
f 261 138 135
f 187 449 507
f 1719 1726 1725
f 1931 1059 3006
f 3006 1105 1104
f 1287 1104 587
f 1286 3006 1287
f 3007 3009 3010
f 3009 653 795
f 618 26 25
f 2029 1210 1209
f 957 600 2228
f 1049 2228 600
f 2631 3011 2561
f 890 2227 3011
f 3011 2145 3012
f 2561 3012 2375
f 1026 609 608
f 2706 1961 1964
f 3013 2485 3014
f 2148 1267 3015
f 3015 1266 1311
f 2997 1101 1317
f 642 1773 1193
f 186 461 511
f 1041 1320 901
f 1121 3017 1122
f 2984 2987 3018
f 3018 2634 2619
f 1048 3018 2619
f 603 2984 3018
f 2679 801 802
f 2062 2074 2061
f 2061 2076 2064
f 414 1545 1965
f 3016 2683 3019
f 3019 2704 2670
f 3020 2670 720
f 3007 3019 3020
f 1871 1091 777
f 3021 1122 3017
f 3022 3017 3010
f 1314 3022 1315
f 1784 3021 1314
f 1316 1763 611
f 3023 3010 3009
f 3023 795 1092
f 1763 1092 1125
f 1315 3023 1763
f 3016 3010 3017
f 752 2978 1057
f 2986 2637 2987
f 3024 653 3008
f 3020 3008 3007
f 720 3024 3020
f 723 654 3024
f 2681 1268 3025
f 2671 1268 721
f 2705 3025 2671
f 1313 3027 1311
f 3026 3029 3027
f 3027 3030 3031
f 1311 3031 3015
f 2012 731 2023
f 917 974 977
f 743 856 744
f 1888 2030 1425
f 2682 2684 3032
f 3032 1124 2989
f 1100 2989 1318
f 1099 3032 1100
f 1123 2989 1124
f 3033 1159 1158
f 2990 1158 1319
f 1123 3033 2990
f 1786 1834 3033
f 1054 2988 2985
f 2979 664 2999
f 2623 2663 2643
f 1095 688 687
f 3034 2261 2956
f 3036 2956 2957
f 3037 3034 3036
f 3038 3035 3034
f 3040 3026 1313
f 2263 3041 3040
f 3042 3043 3041
f 3041 3028 3026
f 3044 3043 3039
f 3046 3045 3044
f 3047 3049 3045
f 3043 3049 3028
f 3038 3051 3050
f 3050 3053 3052
f 3052 3044 3050
f 3039 3050 3044
f 3054 3039 3042
f 3042 2262 3054
f 2261 3054 2262
f 2216 2997 2217
f 2212 2667 1936
f 3056 2209 3055
f 934 1961 1854
f 2013 3757 567
f 3058 3060 3061
f 3059 3063 3060
f 3060 2213 1963
f 3061 1963 1962
f 3063 2214 2213
f 3062 3064 3063
f 3065 2260 3064
f 3064 2215 2214
f 3066 3031 3030
f 2608 3067 3066
f 2966 3068 3067
f 3031 3068 3015
f 2455 2461 2474
f 2476 2226 2477
f 3551 2089 3525
f 3526 3769 3786
f 433 355 381
f 2115 1419 2123
f 3509 2922 3527
f 3769 2131 2134
f 3069 2167 2166
f 2971 2928 2960
f 2961 2773 2962
f 3070 2478 2483
f 2610 3071 2954
f 2502 2374 2386
f 3072 2595 3073
f 2964 3052 2967
f 3048 3074 3049
f 2593 3075 3074
f 3075 3029 3074
f 3074 3028 3049
f 3072 3075 2592
f 3076 2482 2481
f 2481 3066 3076
f 3076 3030 3075
f 2967 3053 2970
f 2482 3073 2483
f 479 493 494
f 706 3873 709
f 3561 2221 3517
f 2013 3754 3755
f 3533 2016 3529
f 3562 2222 2974
f 1171 1155 1176
f 2586 2565 2587
f 2982 113 2484
f 2562 3077 3068
f 2376 3012 3077
f 3012 2148 3077
f 3077 3015 3068
f 2963 3046 2964
f 3051 2970 3053
f 1683 491 775
f 3850 1447 3860
f 1986 3734 3768
f 3079 2546 2575
f 3081 2575 2576
f 1983 3768 3765
f 3082 2319 2545
f 3080 2545 2546
f 3734 3082 3080
f 3732 2323 3082
f 1309 1888 748
f 3073 2772 2771
f 2760 3084 2762
f 2760 2088 3083
f 3085 3086 3087
f 3089 3090 3088
f 3089 3084 3085
f 3092 3090 3091
f 3093 2744 2743
f 2751 2748 3093
f 3093 2752 2751
f 2742 3093 3094
f 3094 2743 3095
f 3096 3098 3087
f 3099 3087 3086
f 3097 3095 3098
f 3100 2746 3101
f 3101 3102 3100
f 2764 2927 3101
f 2745 3101 2746
f 3102 3091 3100
f 3100 3095 2743
f 2869 3592 3634
f 3102 3104 3092
f 3658 2869 3634
f 2927 3103 3102
f 3098 3091 3090
f 3087 3090 3085
f 2088 3105 3083
f 3083 3086 3084
f 2483 2771 3070
f 2401 2185 2321
f 3099 3105 3106
f 2125 3106 3105
f 3108 2742 3107
f 3107 3094 3097
f 3110 3107 3109
f 3109 3097 3096
f 3111 3096 3099
f 3112 3109 3111
f 3113 2737 3108
f 3115 2722 3114
f 3117 3114 3116
f 3119 3116 3118
f 3118 3120 3121
f 3116 3113 3120
f 3122 3111 3123
f 3122 1755 1754
f 3124 3126 3127
f 3125 3121 3126
f 3128 3118 3125
f 3129 3125 3124
f 2020 3128 3129
f 3853 1346 1352
f 1065 1047 1066
f 1814 3830 1649
f 2021 3129 3130
f 3111 3106 3123
f 3123 2207 1755
f 2377 2224 2973
f 3014 113 112
f 1756 3782 3767
f 3131 2530 2528
f 3133 2528 2529
f 1753 3767 3775
f 3134 3127 3135
f 2327 2314 2313
f 2436 2317 2349
f 2018 3711 3712
f 2534 3137 2535
f 2320 3136 2534
f 2185 3712 3771
f 3138 2542 2539
f 3134 3744 3745
f 3785 3134 3745
f 3140 2539 2538
f 2535 3140 2538
f 3711 3130 3785
f 2558 3132 3141
f 3782 3141 3132
f 2560 3141 3142
f 3760 3142 3141
f 958 2976 2981
f 1933 2980 3143
f 2399 2418 2416
f 2348 2343 2432
f 2322 2319 2323
f 2718 2874 2730
f 2709 2873 2710
f 2894 1361 1942
f 346 176 347
f 1876 1882 1881
f 2802 3607 3592
f 3104 3088 3092
f 2974 3649 3603
f 3089 2761 2762
f 3088 3145 3089
f 2803 3603 3607
f 3870 692 628
f 2123 1418 2126
f 1365 1368 1367
f 1581 1782 1783
f 3569 2129 3520
f 3555 2002 3521
f 3146 2551 3147
f 3751 3147 3750
f 3742 3146 3751
f 3149 2585 3146
f 3196 3197 3195
f 3604 2191 3623
f 3142 2556 2560
f 3777 3150 3142
f 3646 2550 3593
f 3150 2555 2556
f 3778 3151 3150
f 3788 3152 3646
f 3153 2551 2549
f 3152 2549 2550
f 3781 3153 3152
f 3776 3147 3153
f 3148 2206 2205
f 2183 2321 2184
f 2132 2928 2133
f 3684 2204 2203
f 3719 2197 3721
f 2594 2773 2951
f 2595 2951 2772
f 1870 799 1869
f 3713 2178 3706
f 3706 3736 3790
f 336 3774 3722
f 339 3154 336
f 3789 3149 3742
f 3683 2584 3149
f 2963 3048 3047
f 3722 337 336
f 339 2566 2586
f 3156 2168 2167
f 2610 2167 2611
f 2954 3156 2610
f 3157 2953 2257
f 3707 2169 3709
f 2567 3159 2568
f 337 2567 338
f 3730 2166 3707
f 3764 1983 3765
f 2579 3081 2576
f 2568 3160 2579
f 3709 2190 3764
f 3065 3162 3161
f 3161 1984 2189
f 3157 2189 2168
f 2257 3161 3157
f 734 1922 806
f 3059 2708 3163
f 3163 2182 1985
f 3162 1985 1984
f 3062 3163 3162
f 3203 3205 3204
f 2122 1448 1447
f 3817 1685 3812
f 139 444 69
f 1570 566 533
f 2957 3165 3036
f 2955 3164 2957
f 1912 341 1973
f 3130 3124 3134
f 1548 319 1547
f 1949 1327 1887
f 2969 3078 3167
f 3167 3169 3168
f 3724 2017 3720
f 3720 2033 3759
f 3168 3165 3170
f 3170 3164 3171
f 3779 3171 3756
f 3724 3170 3779
f 3171 3166 3172
f 3172 3071 3173
f 3752 3173 3749
f 3756 3172 3752
f 3169 3036 3165
f 2593 2962 2594
f 3173 2609 3174
f 3174 2199 2198
f 3783 2198 3719
f 3749 3174 3783
f 2190 1984 1983
f 2196 2767 3148
f 2119 1414 1448
f 1464 1466 1465
f 2199 3069 2200
f 2457 2587 2565
f 2226 2562 2966
f 481 1627 1639
f 333 235 236
f 3078 3037 3169
f 3040 2997 2263
f 2219 1933 2220
f 2385 2497 2503
f 221 3175 2484
f 2220 3143 3175
f 3175 2976 2975
f 2484 2975 2982
f 2954 3166 2955
f 2630 110 2982
f 1547 1952 1955
f 2091 2188 2187
f 3733 2178 2177
f 1918 1927 1926
f 3563 111 3511
f 955 960 954
f 2037 112 3563
f 3143 2981 2976
f 2218 2214 2215
f 672 3787 3541
f 2152 3014 2037
f 1147 1143 1145
f 2248 1409 2245
f 1615 1635 1616
f 1410 2246 2247
f 3241 3242 3240
f 3177 1383 1382
f 2238 3176 1382
f 3176 2230 3178
f 1410 3179 1407
f 3179 2243 1407
f 1633 2800 2249
f 1621 2758 2912
f 1622 2245 1634
f 2236 3181 3182
f 2237 3182 3183
f 2250 2233 2229
f 2912 1628 1621
f 135 1564 1563
f 1567 512 1565
f 1085 2653 2685
f 3184 868 3056
f 869 3057 934
f 1266 1098 1312
f 1267 722 721
f 937 2646 936
f 2146 722 2147
f 2211 921 2667
f 1957 507 449
f 1313 2264 3040
f 1496 1493 1492
f 2681 2705 2682
f 2887 2933 2932
f 1687 1659 1694
f 145 1498 81
f 1317 1319 2694
f 37 418 71
f 1935 3185 2977
f 104 301 103
f 2101 2083 2084
f 543 360 207
f 1934 3186 3185
f 234 212 237
f 3845 1822 1824
f 1976 1874 1974
f 223 2219 220
f 3655 3605 3612
f 468 773 2165
f 1935 1728 1932
f 3240 3226 3235
f 3261 3250 3260
f 3215 3244 3264
f 3265 3215 3264
f 3267 3198 3196
f 3205 3269 3255
f 3214 3265 3270
f 3271 3214 3192
f 3251 3239 3236
f 3222 3266 3272
f 3232 3234 3233
f 3216 3243 3244
f 3196 3268 3267
f 3244 3254 3255
f 3238 3247 3246
f 3264 3255 3269
f 3253 3216 3217
f 3211 3221 3265
f 3257 3218 3256
f 3258 3272 3259
f 3274 3280 3273
f 3228 3262 3263
f 3275 3281 3280
f 3226 3273 3280
f 3236 3260 3251
f 3281 3236 3237
f 3287 3192 3189
f 3235 3280 3234
f 3234 3281 3237
f 3288 3259 3272
f 3260 3276 3251
f 3289 3278 3284
f 3210 3224 3283
f 3199 3201 3200
f 3228 3230 3229
f 3290 3285 3286
f 3282 3271 3287
f 3260 3262 3261
f 3243 3268 3254
f 3267 3241 3232
f 3194 3208 3193
f 3191 3269 3206
f 3270 3192 3214
f 3275 3230 3231
f 3264 3270 3265
f 3252 3276 3291
f 3248 3291 3223
f 3213 3279 3277
f 3272 3289 3288
f 3277 3212 3213
f 3228 3281 3231
f 3220 3253 3219
f 3219 3217 3257
f 3256 3222 3258
f 3247 3252 3248
f 3245 3232 3233
f 3266 3212 3289
f 3208 3255 3254
f 3288 3284 3285
f 3204 3208 3207
f 560 3187 559
f 3209 3201 3202
f 3189 3191 3190
f 448 807 447
f 647 122 270
f 1833 1780 1832
f 510 508 507
f 3210 1887 3201
f 1887 3200 3201
f 15 3197 3200
f 16 3195 3197
f 3195 3187 3194
f 3194 1899 3207
f 3207 375 3204
f 387 126 127
f 3189 1760 3287
f 3577 757 758
f 763 2172 2175
f 3583 3580 3581
f 3581 3579 3578
f 3594 3596 3595
f 3400 3602 3401
f 3626 3625 3627
f 3631 3599 3601
f 3636 3595 3596
f 3647 3588 3645
f 3650 3584 3647
f 3653 3580 3651
f 3653 3654 3579
f 1801 3656 3655
f 3651 3582 3650
f 3644 3595 3637
f 1767 3659 3660
f 1597 3661 1600
f 1708 3665 3664
f 3671 3667 3666
f 3666 3673 3672
f 1588 3664 1587
f 2080 3666 2082
f 2082 3672 2084
f 3674 3635 3631
f 3677 3636 3635
f 3682 3645 3681
f 3692 3650 3686
f 3681 3644 3680
f 786 3692 785
f 3694 3651 3692
f 785 3686 497
f 497 3682 650
f 650 3681 564
f 3696 3681 3680
f 3405 3605 3402
f 3702 3678 3677
f 3699 3679 3678
f 3645 3638 3644
f 1799 3659 1768
f 3708 3458 3460
f 3462 3708 3460
f 3714 564 3696
f 3615 3602 3600
f 3710 3696 3698
f 3635 3596 3599
f 3629 3627 3630
f 3597 3599 3596
f 3630 3715 3629
f 3627 3597 3594
f 3717 3723 3718
f 3715 3660 3629
f 3716 3725 3715
f 3668 3661 3725
f 3668 3717 3667
f 3667 3718 3673
f 3727 3673 3718
f 3728 3672 3673
f 3726 3718 3723
f 1576 2084 3672
f 3727 3731 3729
f 3203 1387 3190
f 3190 1791 3189
f 3283 1949 3210
f 317 259 391
f 2000 3653 3694
f 3601 3600 3602
f 3589 3584 3585
f 3577 756 2170
f 3585 3582 3583
f 3678 3637 3636
f 3204 376 3203
f 1801 3657 1799
f 3729 3728 3727
f 1575 3738 1088
f 3735 1576 3728
f 1776 1796 1775
f 1293 1290 1284
f 1326 1327 12
f 1294 1234 1290
f 878 1330 1337
f 497 374 498
f 122 413 121
f 3699 3704 3708
f 3606 3401 3602
f 3708 3698 3699
f 3464 3710 3462
f 3704 3443 3458
f 439 399 438
f 1512 1526 1511
f 1668 1738 1671
f 839 1362 838
f 1362 826 1012
f 3843 1896 3815
f 2053 2118 2117
f 3888 2120 2119
f 696 3816 3831
f 1826 639 640
f 3740 3729 3731
f 956 886 960
f 1980 1922 807
f 33 105 164
f 1343 3856 3857
f 3907 2128 3902
f 1766 1582 1594
f 14 2163 738
f 595 99 594
f 3233 3246 3245
f 1346 1044 1352
f 748 1425 747
f 3193 3254 3268
f 3190 3206 3203
f 3612 3606 3615
f 3624 3615 3625
f 3631 3443 3674
f 3679 3644 3637
f 3686 3647 3682
f 3702 3674 3704
f 3625 3600 3597
f 3601 3415 3631
f 3739 3735 3729
f 3630 3594 3741
f 3741 3716 3630
f 1284 1288 1285
f 3698 3680 3679
f 1778 1780 1779
f 1792 1584 1789
f 695 571 694
f 3638 3594 3595
f 3741 3588 3589
f 3247 3209 3202
f 3292 3294 3295
f 3296 3298 3299
f 3299 3300 3301
f 3302 3304 3305
f 3306 3308 3309
f 3307 3311 3308
f 3303 3301 3300
f 3312 3304 3313
f 3314 3316 3317
f 3318 3320 3321
f 3324 3321 3325
f 3326 3328 3323
f 3329 3331 3332
f 3333 3335 3336
f 3337 3339 3340
f 3333 3341 3342
f 3342 3343 3344
f 3319 3344 3343
f 3338 3334 3339
f 3346 3302 3347
f 3305 3347 3302
f 3312 3223 3349
f 3350 3340 3351
f 3312 3348 3305
f 3352 3341 3326
f 3311 3354 3308
f 3341 3327 3326
f 3359 3361 3362
f 3360 3250 3249
f 3318 3345 3319
f 3364 3318 3324
f 3314 3324 3365
f 3366 3301 3346
f 3299 3367 3296
f 3308 3368 3309
f 3369 3295 3294
f 3317 3364 3314
f 3370 3317 3316
f 3325 3365 3324
f 3352 3319 3343
f 3296 3353 3311
f 3297 3311 3310
f 3363 3354 3345
f 3345 3353 3344
f 3344 3367 3342
f 3366 3342 3367
f 3347 3334 3346
f 3339 3348 3340
f 3348 3351 3340
f 3363 3369 3368
f 3294 3368 3369
f 3293 3309 3294
f 3331 3374 3332
f 3346 3333 3366
f 3323 3352 3326
f 3356 3321 3320
f 3355 3325 3321
f 3357 3371 3325
f 3322 3320 3352
f 3361 3329 3362
f 3373 3375 3374
f 3374 3376 3332
f 3329 3376 3362
f 3327 3372 3328
f 3336 3375 3327
f 3335 3376 3375
f 3376 3337 3362
f 3337 3359 3362
f 3359 3276 3250
f 3377 3295 3370
f 3277 3315 3278
f 3371 3379 3365
f 3378 3358 3380
f 3365 3315 3314
f 3316 3279 3370
f 3282 3370 3279
f 3313 3224 3312
f 3378 3284 3379
f 3380 3285 3378
f 3379 3278 3315
f 3276 3351 3291
f 3291 3349 3223
f 3313 2965 3013
f 2965 3303 222
f 222 3300 223
f 223 3298 3186
f 3298 3185 3186
f 3297 2977 3185
f 3310 1213 2977
f 3307 1214 1213
f 2532 3306 3293
f 2894 3293 3292
f 2871 3292 3377
f 3253 3240 3242
f 3283 3013 2152
f 1997 1889 1892
f 1237 744 855
f 1535 120 121
f 1531 201 214
f 1119 1032 984
f 946 824 947
f 163 5 162
f 3589 3723 3741
f 1155 1162 1164
f 427 327 424
f 553 796 498
f 3381 2231 2237
f 3381 2230 2232
f 2237 3180 3381
f 3383 3385 3382
f 3384 3387 3385
f 3386 3389 3387
f 3388 3391 3389
f 3392 3394 3395
f 3395 3396 3397
f 3398 3397 3396
f 3400 3399 3398
f 3403 3405 3402
f 3406 3404 3403
f 3408 3407 3406
f 3410 3409 3408
f 3412 3411 3410
f 3415 3398 3414
f 3414 3396 3416
f 3416 3394 3417
f 3417 3393 3418
f 3393 3420 3418
f 3419 3421 3420
f 3390 3422 3421
f 3388 3423 3422
f 3386 3424 3423
f 3384 3425 3424
f 3425 3426 3184
f 2904 3428 2947
f 3429 2904 2902
f 3430 2902 2876
f 2875 3430 2876
f 3432 2733 2736
f 2825 3435 2824
f 3437 3439 3436
f 3441 3436 3440
f 2724 3434 2825
f 3436 3115 3117
f 3440 3117 3119
f 3443 3414 3442
f 3442 3416 3444
f 3444 3417 3445
f 3445 3418 3446
f 3446 3420 3447
f 3420 3448 3447
f 3421 3449 3448
f 3422 3450 3449
f 3423 3451 3450
f 3424 3452 3451
f 3425 3056 3452
f 3451 2253 2252
f 3450 2252 1727
f 3449 1727 2150
f 3448 2150 1941
f 3453 3448 1941
f 3454 3447 3453
f 3455 3446 3454
f 3456 3445 3455
f 3442 3456 3457
f 3443 3457 3458
f 3459 3458 3457
f 3457 3455 3459
f 3459 3454 3461
f 3462 3459 3461
f 3461 3453 3463
f 3464 3461 3463
f 3463 1941 1360
f 3404 3401 3405
f 3407 3399 3404
f 3409 3397 3407
f 3411 3395 3409
f 3465 3413 3412
f 3467 3469 3466
f 3465 3431 3433
f 3470 3466 3465
f 3438 3432 3435
f 3467 3438 3437
f 3468 3437 3441
f 3471 3468 3472
f 3472 3441 3473
f 3473 3440 2712
f 2712 3119 3128
f 3475 3472 3474
f 3474 3473 3476
f 3476 2712 2711
f 3477 2711 2400
f 3478 3476 3477
f 3479 3474 3478
f 3392 3413 3480
f 3466 3480 3413
f 3419 3392 3480
f 3390 3480 3391
f 3469 3391 3480
f 3389 3471 3475
f 3387 3475 3479
f 3385 3479 3481
f 3482 2400 2402
f 3483 3477 3482
f 3481 3478 3483
f 3484 2402 2707
f 3058 2707 2708
f 3061 3484 3058
f 3485 3482 3484
f 3382 3481 3486
f 3486 3483 3485
f 3426 3382 3487
f 3487 3486 1962
f 3486 3061 1962
f 1961 3487 1962
f 3057 3426 3487
f 3428 3402 3488
f 3427 3403 3428
f 3429 3406 3427
f 3430 3408 3429
f 3431 3410 3430
f 3470 3433 3432
f 3434 3438 3435
f 2723 3439 3434
f 2875 3433 3431
f 2736 3435 3432
f 2947 3488 3500
f 3464 1360 3497
f 1900 1924 1901
f 1736 1718 1750
f 1955 1943 1956
f 1671 1735 1751
f 1696 1698 1692
f 1800 1864 1801
f 2063 2056 2060
f 1737 1717 1736
f 1751 1697 1695
f 943 3899 684
f 3656 3402 3605
f 1577 1764 1703
f 3917 1599 3923
f 1945 82 1944
f 68 7 248
f 147 1543 148
f 1109 1133 1102
f 1503 1907 1908
f 1499 1909 1498
f 452 735 215
f 1824 3835 3845
f 1825 2068 1824
f 1463 1022 1194
f 841 1009 1011
f 1568 1955 1534
f 1926 1927 1923
f 1910 1502 1939
f 1939 422 442
f 309 1940 308
f 1804 1866 1803
f 269 1954 56
f 2065 2060 2056
f 3812 1758 3835
f 280 552 1940
f 1875 1869 1874
f 1739 1734 1737
f 1778 1790 1788
f 310 1915 279
f 1909 1906 1954
f 1789 1778 1788
f 978 980 979
f 1584 1731 1583
f 425 311 312
f 148 115 116
f 2044 3894 2046
f 277 1939 551
f 1943 1945 1944
f 1461 1463 1464
f 2253 3056 3055
f 2981 3489 958
f 2209 3489 3055
f 2254 3055 3489
f 2998 958 3489
f 2826 2721 2724
f 3490 2721 2817
f 2816 3490 2817
f 2334 2296 2335
f 2298 2334 2336
f 2301 2336 2338
f 2311 2338 2354
f 2312 2354 2355
f 2359 2361 2360
f 2335 2359 2360
f 2414 2365 2364
f 2413 2361 2365
f 2355 2540 2541
f 2541 2539 2542
f 2722 2739 2738
f 3114 2738 3113
f 3110 3121 3120
f 3108 3120 3113
f 3122 3127 3126
f 3112 3126 3121
f 3127 1753 3135
f 3139 2529 2542
f 3744 3133 3139
f 3490 2740 2739
f 3491 2789 3490
f 228 91 88
f 245 243 242
f 248 247 191
f 2 296 295
f 145 300 267
f 327 210 328
f 329 331 330
f 250 228 236
f 239 240 230
f 373 375 374
f 178 176 175
f 1218 1228 1321
f 3862 1295 3854
f 808 824 823
f 3858 1013 1014
f 3813 1411 1413
f 2154 2159 2160
f 3845 1758 1757
f 306 1922 452
f 2157 1976 1977
f 708 2031 1474
f 1450 1227 1428
f 1672 1605 1624
f 1813 1821 1816
f 1717 1715 1718
f 176 402 347
f 1710 3916 3915
f 1712 1577 1711
f 1705 1711 1704
f 971 979 970
f 822 1094 1102
f 2909 2793 2792
f 2810 2795 2793
f 2799 2249 2800
f 3662 2910 2799
f 2769 2801 2795
f 3177 3178 3179
f 3178 3180 3179
f 3181 1393 2800
f 3181 1632 3182
f 3182 2244 3183
f 3183 2243 3180
f 3492 2790 3491
f 2808 3491 2816
f 2239 3572 2240
f 1149 3571 3570
f 1150 3567 3571
f 2202 3566 2015
f 2921 3565 2923
f 3568 2133 2928
f 1777 1759 1792
f 1201 1183 1184
f 3561 2195 2194
f 3553 2770 2768
f 3927 1687 1692
f 1516 154 503
f 3549 2974 2803
f 3550 2779 2778
f 2771 3575 3546
f 3070 3546 3558
f 3547 2775 2867
f 1376 1370 1372
f 2767 3556 2206
f 2195 3543 2767
f 2775 3542 2776
f 3377 3545 2871
f 3804 3539 2806
f 2776 3538 2805
f 2240 3535 2920
f 2920 3669 3619
f 3548 2786 2779
f 1805 1851 1804
f 3534 2787 2786
f 2951 3540 3531
f 2772 3531 3575
f 2973 3530 3536
f 2224 3537 3530
f 1957 320 510
f 306 304 303
f 2770 3528 2913
f 2913 3574 2239
f 2923 3527 2922
f 308 431 47
f 207 132 543
f 1879 1881 1880
f 3733 3525 2089
f 2475 3558 3524
f 2476 3524 3523
f 2223 3523 3537
f 3522 2803 2802
f 2037 11 1950
f 1959 450 505
f 2003 3520 2129
f 9 334 540
f 2009 3518 3567
f 2008 3536 3518
f 3877 673 3879
f 3515 2778 2784
f 2935 3513 2936
f 111 3570 3511
f 3510 2935 2938
f 683 3885 943
f 3508 2810 2909
f 736 732 729
f 1795 1803 1796
f 3505 2938 2939
f 3507 2939 2940
f 2950 3504 2949
f 2940 3504 3507
f 3801 3512 2950
f 2868 3502 2869
f 2869 3522 2802
f 1024 1023 1020
f 3500 2948 2947
f 551 442 443
f 2972 3568 2928
f 2032 3499 2972
f 216 1924 1923
f 203 201 200
f 1828 1847 1837
f 1958 449 450
f 272 178 175
f 2871 3495 1361
f 3619 3564 2921
f 2801 3643 3662
f 2005 3654 2176
f 960 899 962
f 3657 3612 3624
f 3780 3646 3151
f 3151 3593 2555
f 2193 3623 2194
f 3607 3145 3144
f 3603 2761 3145
f 3592 3144 3104
f 2926 3634 3103
f 3634 3104 3103
f 3755 3746 3753
f 566 3758 2005
f 3488 1864 3500
f 1602 2079 2078
f 2868 3611 2922
f 2922 3610 2923
f 2923 3618 2921
f 3670 2918 3614
f 3619 3614 2920
f 2921 3670 3619
f 2920 3586 2240
f 3613 2915 2918
f 2917 3622 3641
f 2916 3641 3642
f 2239 3652 2913
f 2911 3652 2757
f 3643 2911 2910
f 2797 3662 3591
f 2797 3598 2750
f 3622 2763 2765
f 3608 2764 2745
f 2194 3648 2221
f 2221 3649 2222
f 2756 3609 2755
f 2750 3609 2747
f 3669 1817 3827
f 3763 1691 1699
f 2515 3590 2548
f 2548 3593 2550
f 2513 3632 3616
f 2513 3621 2515
f 2509 3620 2289
f 2510 3633 2509
f 2289 3639 2283
f 2283 3617 2286
f 2240 3587 2239
f 3659 3624 3626
f 716 3887 3888
f 727 3761 1923
f 2165 2170 2164
f 3660 3626 3629
f 3743 3578 3757
f 2175 769 770
f 2100 2095 2099
f 3758 3757 3578
f 640 3568 1826
f 1653 3553 1651
f 1895 3530 746
f 746 3537 741
f 1653 3528 3576
f 3762 1604 1672
f 2093 2073 2078
f 959 995 884
f 962 919 986
f 1400 1398 1399
f 1000 1127 1004
f 956 884 885
f 1662 3550 1661
f 2034 3546 1654
f 3926 3539 3802
f 3535 766 1817
f 3572 765 766
f 334 3571 335
f 1868 3540 1656
f 1684 1652 1678
f 1682 775 1807
f 1585 3762 1700
f 3763 1672 1673
f 2173 490 491
f 1658 3547 1752
f 3556 1650 724
f 1571 2010 1572
f 1587 3671 2080
f 2099 2077 2094
f 787 1999 786
f 2000 786 1999
f 3155 3697 3683
f 3713 3683 3789
f 2180 3685 3684
f 3496 3684 3705
f 1684 3840 1651
f 1760 3495 3545
f 2607 3693 2590
f 2581 3689 2607
f 2371 3700 3695
f 2371 3693 2372
f 2587 3675 2586
f 2586 3697 339
f 2497 3687 2503
f 2502 3687 3700
f 2494 3690 2495
f 3690 2472 2495
f 3688 2468 2472
f 3701 2469 2468
f 726 3892 630
f 581 3518 580
f 10 3570 334
f 1837 3510 1849
f 741 3523 1300
f 1299 3558 2034
f 1851 3504 1866
f 3527 1820 1819
f 580 3536 1895
f 1758 3522 3502
f 1693 3508 1806
f 3504 1867 1866
f 1894 3568 3499
f 2126 3813 3841
f 3906 3841 3912
f 2113 3867 2110
f 2179 3789 3685
f 624 3904 623
f 2192 3788 3780
f 2177 3787 3733
f 1364 3833 1338
f 3858 1470 1453
f 3135 3775 3744
f 2069 3835 2068
f 1351 3853 1352
f 2108 3901 499
f 2089 3736 3733
f 3828 1358 866
f 2001 3783 2187
f 2187 3719 2091
f 2130 3752 2004
f 2004 3749 2001
f 2014 3779 2201
f 2201 3756 2130
f 3167 3759 2969
f 3168 3720 3167
f 3159 3764 3160
f 3160 3765 3081
f 3730 3158 337
f 3158 3709 3159
f 2200 3730 3722
f 3685 3742 2204
f 3722 2197 2200
f 3790 2092 3721
f 3774 3721 2197
f 3154 3790 3774
f 3155 3706 3154
f 2091 3721 2092
f 2196 3750 3776
f 2193 3776 3781
f 3604 3781 3788
f 2086 3780 3778
f 2087 3778 3777
f 2204 3751 2205
f 2205 3750 3148
f 3909 574 692
f 2124 3777 3760
f 2208 3760 3782
f 3711 3140 3137
f 3785 3138 3140
f 3745 3139 3138
f 3771 3136 2322
f 3712 3137 3136
f 3775 3131 3133
f 3767 3132 3131
f 1813 3838 1814
f 1293 3856 1344
f 2184 3748 3732
f 2181 3732 3734
f 3765 3079 3081
f 3768 3080 3079
f 709 3875 2031
f 2774 3737 3769
f 3786 2134 3559
f 3809 766 765
f 2968 3766 2959
f 2969 3784 2968
f 2958 3737 2961
f 2132 3766 2960
f 2321 3771 3748
f 3860 1449 28
f 3905 582 710
f 3886 577 574
f 3847 1818 3827
f 705 3887 2121
f 3816 3907 698
f 2111 3911 2113
f 3810 1366 1411
f 1812 3822 1815
f 675 3852 674
f 3496 3851 675
f 2110 3868 2109
f 2104 3901 2106
f 2109 3899 944
f 3842 703 739
f 1680 3846 1684
f 1639 3819 3818
f 623 3906 697
f 2139 3866 3865
f 1808 3844 3837
f 3820 1819 1820
f 3872 3900 706
f 1646 3830 1648
f 3889 633 577
f 2139 3875 18
f 2156 3871 3874
f 674 3913 3869
f 2117 3812 2069
f 1815 3847 3823
f 3855 1444 1470
f 697 3912 3816
f 866 3836 3828
f 3864 2136 2135
f 3585 3726 3589
f 3583 3731 3585
f 3753 3738 3739
f 3740 3581 3743
f 1088 3746 1093
f 3739 3743 3753
f 2791 3493 2792
f 3492 2807 3493
f 2792 3494 2909
f 3493 2806 3494
f 3508 3494 3516
f 3516 2806 3539
f 2948 3791 3801
f 2105 3896 2104
f 3538 3804 2805
f 680 3876 683
f 1891 3910 3891
f 2905 3801 2950
f 2900 3799 2905
f 2901 3807 2877
f 2734 3806 3794
f 2877 3806 2878
f 2820 3794 2872
f 2818 3792 2827
f 2823 3792 2826
f 2822 3798 2821
f 2819 3800 3798
f 2817 3795 2816
f 2809 3795 2815
f 2808 3803 2807
f 2805 3803 2804
f 1702 3923 1599
f 3922 1797 1802
f 3915 1706 1709
f 3918 1692 1698
f 1657 3880 1879
f 1890 3895 3910
f 3772 1674 1675
f 1689 3772 3773
f 3926 3538 1688
f 3516 1689 3773
f 3917 1703 1764
f 1598 3928 1770
f 3880 1876 1879
f 1691 3925 3927
f 3925 1688 1687
f 1117 1118 3930
f 1066 1322 3930
f 1243 847 3930
f 3825 848 3930
f 1128 1117 3930
f 1129 1130 3930
f 841 1011 3930
f 1230 3863 3930
f 1242 1243 3930
f 1322 1229 3930
f 1064 1065 3930
f 1003 1128 3930
f 1229 1230 3930
f 3863 1285 3930
f 1285 1288 3930
f 848 839 3930
f 847 3825 3930
f 1118 1129 3930
f 1065 1066 3930
f 1087 1086 3930
f 1008 1002 3930
f 1011 1008 3930
f 1002 1003 3930
f 1076 1069 3930
f 838 841 3930
f 839 838 3930
f 1288 1242 3930
f 1130 1087 3930
f 1086 1076 3930
f 1069 1064 3930
f 2410 2414 3931
f 2411 2410 3931
f 3617 2285 3931
f 2394 2393 3931
f 2393 2396 3931
f 2281 2286 3931
f 2282 2280 3931
f 2398 2399 3931
f 2465 2464 3931
f 2396 2397 3931
f 2470 2469 3931
f 2399 2416 3931
f 2480 2395 3931
f 2459 2480 3931
f 2369 2282 3931
f 2460 2459 3931
f 2415 2411 3931
f 2416 2415 3931
f 2364 2363 3931
f 2286 3617 3931
f 2464 2470 3931
f 2469 3703 3931
f 2285 2465 3931
f 2414 2364 3931
f 2395 2394 3931
f 2363 2367 3931
f 2397 2398 3931
f 2280 2281 3931
f 3703 2460 3931
f 2367 2369 3931
f 4 3 2
f 8 7 6
f 13 16 15
f 17 28 19
f 32 31 30
f 36 35 34
f 37 40 39
f 21 22 23
f 25 26 27
f 41 44 43
f 48 47 46
f 52 51 50
f 53 56 55
f 60 59 58
f 29 30 62
f 66 65 64
f 67 5 6
f 72 71 70
f 76 75 74
f 77 80 79
f 81 84 83
f 59 87 86
f 88 91 90
f 96 95 94
f 100 99 98
f 101 104 103
f 106 105 34
f 108 116 115
f 117 119 36
f 124 127 126
f 131 130 129
f 132 102 134
f 142 141 140
f 148 106 60
f 144 143 127
f 149 152 151
f 156 155 154
f 159 150 158
f 116 108 164
f 171 170 169
f 174 126 173
f 179 182 181
f 186 189 188
f 194 197 196
f 199 142 139
f 206 209 208
f 213 212 211
f 202 215 214
f 96 93 216
f 92 238 43
f 97 184 246
f 250 249 229
f 252 254 58
f 258 257 256
f 260 91 229
f 110 111 112
f 114 264 263
f 265 268 267
f 56 53 270
f 274 273 249
f 185 183 63
f 280 279 278
f 285 284 283
f 288 219 211
f 141 142 92
f 289 290 175
f 148 116 105
f 312 311 170
f 238 262 42
f 318 163 160
f 310 309 308
f 241 239 325
f 160 230 240
f 47 48 307
f 108 109 315
f 345 85 86
f 348 351 350
f 356 359 358
f 355 354 353
f 363 31 32
f 364 252 253
f 366 125 368
f 183 372 371
f 163 162 161
f 209 226 101
f 378 377 165
f 379 295 381
f 383 382 3
f 284 285 386
f 387 127 389
f 391 259 229
f 73 281 397
f 405 408 407
f 203 218 411
f 414 121 413
f 1 356 357
f 277 276 131
f 254 344 57
f 358 384 415
f 417 416 386
f 401 400 192
f 419 389 127
f 421 181 182
f 103 301 302
f 428 367 368
f 380 390 359
f 62 204 266
f 140 141 431
f 357 358 351
f 356 1 379
f 415 392 403
f 437 428 436
f 438 441 440
f 188 451 450
f 265 455 181
f 224 185 64
f 237 212 213
f 275 131 128
f 281 282 460
f 50 462 79
f 73 74 282
f 468 467 466
f 390 355 352
f 482 485 484
f 489 488 487
f 493 496 495
f 472 471 470
f 502 501 500
f 220 221 222
f 512 419 143
f 518 517 511
f 513 239 230
f 205 30 31
f 189 370 451
f 163 318 532
f 533 224 225
f 446 448 447
f 335 541 540
f 544 512 546
f 329 519 291
f 199 534 262
f 385 386 416
f 532 190 191
f 363 117 118
f 578 581 580
f 573 572 571
f 561 563 562
f 241 260 259
f 590 593 592
f 545 546 595
f 503 154 155
f 606 625 624
f 478 481 480
f 646 649 648
f 590 591 689
f 564 565 651
f 728 246 184
f 714 724 716
f 692 574 575
f 541 335 581
f 346 68 248
f 161 231 230
f 128 129 94
f 698 705 704
f 574 577 576
f 290 289 401
f 630 631 725
f 733 736 735
f 755 466 496
f 759 480 481
f 757 763 762
f 764 496 466
f 768 767 3808
f 759 760 488
f 492 474 475
f 474 770 769
f 773 468 465
f 771 774 486
f 484 485 775
f 774 776 489
f 495 496 764
f 495 757 761
f 137 397 784
f 325 239 797
f 165 519 51
f 369 32 29
f 730 731 568
f 90 302 301
f 243 118 516
f 800 734 806
f 817 815 808
f 816 808 823
f 306 303 447
f 815 810 809
f 829 830 828
f 726 725 501
f 274 427 424
f 879 882 881
f 884 883 879
f 219 218 217
f 906 905 904
f 455 204 205
f 898 882 830
f 903 900 880
f 377 291 519
f 923 949 948
f 946 947 951
f 3519 740 739
f 900 899 886
f 225 64 65
f 182 445 442
f 809 952 947
f 954 960 962
f 927 950 965
f 885 879 880
f 925 927 966
f 343 342 341
f 965 964 971
f 968 971 970
f 972 968 969
f 963 961 981
f 336 337 338
f 992 993 827
f 810 815 996
f 1007 1001 1002
f 1012 826 827
f 1011 1009 1007
f 294 293 292
f 907 908 920
f 1017 579 1019
f 1020 1023 1022
f 1035 1024 1020
f 1061 1060 1047
f 1063 1061 1046
f 1044 1020 1021
f 1102 1094 1097
f 1116 1126 1118
f 1016 1015 1014
f 881 897 904
f 816 1116 1127
f 1094 948 949
f 514 342 167
f 146 145 81
f 1133 1135 1130
f 1102 1133 1126
f 822 1126 1116
f 1145 1143 1148
f 1076 1144 1151
f 1148 1143 1086
f 1109 1097 1114
f 1154 1153 1156
f 1153 925 967
f 3464 3497 463
f 1144 1147 1152
f 1156 967 1163
f 1164 1162 1169
f 1145 1171 1176
f 1114 1115 1154
f 1183 1155 1164
f 1184 1183 1177
f 1069 1151 1062
f 1023 1191 1194
f 1162 1163 1170
f 1195 1184 1185
f 1183 1196 1176
f 1201 1063 1152
f 1061 1063 1201
f 3825 847 843
f 1203 1202 1195
f 1202 1201 1184
f 1218 1060 1203
f 1060 1061 1202
f 1225 1218 1217
f 671 695 694
f 1219 1217 1024
f 1217 1203 1034
f 1226 1014 1015
f 1243 1242 1234
f 1231 1230 1229
f 847 1243 1233
f 843 1233 1244
f 1233 1234 1245
f 1923 3761 233
f 2100 2108 499
f 3914 3864 2135
f 61 62 323
f 210 211 217
f 1299 1310 1309
f 3863 1230 1231
f 1066 1047 1321
f 1322 1321 1228
f 1060 1218 1321
f 1325 1324 1323
f 1244 1245 1332
f 1290 1234 1242
f 1337 1330 1339
f 1330 1332 1340
f 1341 1332 1245
f 1342 1340 1332
f 1343 1342 1341
f 1344 1341 1294
f 3857 3856 1345
f 1347 1348 1342
f 3856 3854 1295
f 1349 1350 1348
f 3861 1349 1347
f 3853 1347 1343
f 906 898 829
f 905 906 1353
f 865 1356 1355
f 1355 1353 829
f 1357 1355 825
f 1356 1354 1353
f 3834 1337 1338
f 866 1358 1356
f 1358 1359 1354
f 3828 878 1337
f 838 1362 1012
f 1363 1364 1338
f 1368 1363 1339
f 1348 1368 1340
f 1371 1369 3824
f 524 525 526
f 528 529 530
f 1372 1370 1369
f 535 536 537
f 1367 1368 1348
f 1370 1354 1359
f 1369 1359 3833
f 1373 910 903
f 555 556 557
f 1374 909 910
f 1373 904 905
f 1374 1373 1375
f 1375 905 1354
f 1378 920 908
f 376 373 651
f 1388 928 973
f 586 587 588
f 1390 1389 1388
f 1391 1388 969
f 597 598 599
f 600 601 602
f 1392 1391 970
f 608 609 610
f 612 524 523
f 614 615 616
f 617 618 25
f 620 621 622
f 1397 1390 1391
f 1398 1397 1392
f 1400 987 920
f 1402 1403 1165
f 636 637 638
f 930 1404 1402
f 641 642 643
f 929 1402 1169
f 1404 1405 1403
f 1411 1366 1365
f 1412 1406 1415
f 652 653 654
f 609 656 657
f 659 660 661
f 558 663 586
f 665 666 667
f 1413 1411 1406
f 1418 1416 3810
f 1417 1372 1371
f 1416 1371 3829
f 1419 1417 1416
f 1386 909 1374
f 677 678 679
f 1385 1386 1420
f 1420 1374 1376
f 685 686 687
f 1421 1420 1422
f 528 690 691
f 1422 1376 1372
f 1018 1019 747
f 699 700 701
f 1424 578 579
f 3663 1597 1767
f 700 699 711
f 1093 3746 3754
f 717 718 530
f 721 722 723
f 704 1650 3543
f 19 1429 1426
f 1429 1428 1427
f 1658 1659 3542
f 1439 1437 1434
f 1437 1436 1435
f 1426 1427 1433
f 1442 1431 1432
f 742 743 744
f 1432 1433 1441
f 751 752 753
f 1438 1434 1403
f 1446 1445 1444
f 1447 1448 1446
f 3860 1447 1443
f 1415 1367 1445
f 1414 1415 1446
f 2173 1683 469
f 777 778 779
f 780 781 782
f 1676 1693 1806
f 3859 1451 1349
f 789 790 791
f 745 792 793
f 652 794 795
f 1455 1458 1457
f 1454 1367 1350
f 610 691 802
f 3831 3816 698
f 1352 1044 1045
f 1015 1016 1459
f 811 812 813
f 2118 3815 3817
f 819 820 821
f 1466 1463 1194
f 1467 1468 1465
f 1182 1165 1468
f 832 812 833
f 835 836 837
f 1467 1466 1190
f 1469 1470 1444
f 840 700 712
f 1453 1470 1469
f 599 844 845
f 1226 1450 3849
f 851 852 853
f 855 744 856
f 858 859 860
f 861 862 863
f 1014 1226 3855
f 867 676 868
f 870 871 872
f 874 875 876
f 1310 1323 1471
f 1476 1433 1427
f 1461 1476 1475
f 887 888 889
f 788 791 892
f 894 895 896
f 1460 1475 1227
f 901 902 524
f 1465 1478 1477
f 1865 3503 3500
f 911 912 913
f 916 917 918
f 1850 3505 3507
f 921 922 895
f 1479 1435 1436
f 926 664 667
f 1481 562 563
f 269 1483 84
f 931 932 933
f 934 935 614
f 936 685 688
f 938 659 662
f 1484 270 122
f 941 942 835
f 320 321 509
f 1849 3510 3505
f 84 1483 1484
f 1487 1490 1488
f 1757 1758 3502
f 365 1492 1491
f 461 79 80
f 117 363 362
f 1494 540 541
f 926 601 957
f 1477 1441 1433
f 1709 1588 1585
f 119 117 1496
f 271 1497 504
f 511 517 189
f 345 1496 1492
f 57 344 299
f 1501 1499 268
f 267 268 1499
f 974 975 976
f 1678 1652 1693
f 3846 1682 1807
f 557 982 663
f 983 941 984
f 1443 1444 3849
f 421 1500 268
f 989 990 991
f 1490 1487 418
f 279 280 309
f 997 868 676
f 998 26 999
f 1504 418 38
f 1506 1508 1507
f 360 361 1508
f 1506 1486 207
f 939 1005 1006
f 270 1484 1483
f 66 63 546
f 1010 742 793
f 367 428 437
f 244 31 363
f 1670 3532 3534
f 209 206 1510
f 388 389 426
f 427 274 250
f 161 520 521
f 100 246 45
f 1025 1026 608
f 1029 1030 1031
f 939 662 1033
f 41 42 594
f 1036 780 783
f 702 701 1038
f 1040 1041 1042
f 362 32 369
f 187 1520 477
f 70 1487 539
f 1049 600 603
f 613 867 869
f 860 1050 1051
f 1005 1052 1053
f 753 1055 1056
f 1057 1058 1059
f 293 288 1522
f 288 212 1521
f 292 1522 1523
f 331 1507 1508
f 306 452 453
f 100 44 41
f 462 1524 78
f 330 331 1524
f 635 1067 1068
f 1485 1527 1526
f 206 1485 1528
f 1070 1071 1072
f 942 941 1073
f 916 933 1075
f 440 1529 1530
f 157 158 1514
f 1529 162 5
f 371 595 546
f 790 586 663
f 1077 858 857
f 1403 1434 1435
f 1080 1081 1082
f 531 520 1529
f 21 1083 1084
f 272 1532 1531
f 690 712 802
f 335 3571 3567
f 1090 1030 1029
f 1092 795 794
f 1533 396 137
f 661 660 1095
f 69 444 445
f 1099 1100 1101
f 38 39 1536
f 1104 1105 1106
f 852 1107 1108
f 1377 908 909
f 291 377 411
f 316 1536 516
f 539 1488 1533
f 1505 1536 316
f 1110 1111 1112
f 1539 1537 460
f 522 441 1537
f 834 837 1120
f 1122 1123 1124
f 612 1125 1041
f 935 793 615
f 276 278 130
f 1686 3549 3522
f 193 190 1541
f 231 521 1540
f 556 1037 982
f 365 253 85
f 190 532 318
f 1810 765 3574
f 3924 1867 3512
f 1132 983 985
f 208 101 102
f 1134 1033 662
f 1491 518 80
f 429 133 1542
f 1137 1138 915
f 172 436 428
f 1139 1140 1141
f 549 96 54
f 1517 1519 1518
f 834 1119 984
f 1543 513 286
f 1544 797 239
f 133 134 1544
f 506 361 257
f 420 327 328
f 1158 1159 1160
f 587 1104 1103
f 607 1161 1027
f 304 1546 1545
f 364 1491 77
f 69 70 198
f 700 840 1112
f 3877 626 3525
f 1166 719 657
f 1167 1168 858
f 1300 3523 3524
f 1172 1173 1174
f 218 203 200
f 1179 1180 1181
f 372 183 97
f 89 104 227
f 1186 1187 1188
f 172 173 1517
f 1482 84 81
f 1090 1192 1193
f 394 395 353
f 526 525 1198
f 1199 1200 1026
f 606 623 697
f 1204 1205 1206
f 1207 1208 523
f 1209 1210 867
f 914 913 685
f 1478 1436 1441
f 1029 1028 1161
f 1211 1212 1213
f 3858 1453 1451
f 844 1215 1216
f 423 193 273
f 1220 1221 1222
f 22 1223 1224
f 882 898 897
f 1519 1517 173
f 1189 1188 1232
f 349 350 550
f 1071 1235 1236
f 1237 1238 1239
f 1221 1186 1189
f 1510 1528 1512
f 939 1032 1241
f 1556 1530 5
f 1553 1554 394
f 404 1556 67
f 1247 1248 1249
f 142 199 238
f 1251 1067 635
f 850 1252 1253
f 1254 1167 1077
f 57 132 133
f 443 430 552
f 1187 1172 1175
f 1256 1070 831
f 432 405 382
f 741 748 747
f 434 350 351
f 349 432 383
f 251 124 1481
f 395 384 352
f 1518 1519 1550
f 1558 410 378
f 109 263 314
f 285 1514 1513
f 395 394 393
f 202 203 410
f 417 408 405
f 1246 1257 1258
f 3 1559 297
f 1259 1260 1261
f 403 404 347
f 955 954 953
f 462 50 51
f 1096 1095 687
f 429 147 60
f 896 1264 1265
f 1267 721 1268
f 423 424 327
f 37 179 180
f 20 23 1187
f 1256 1168 1071
f 1188 1175 1269
f 1236 1270 1271
f 1272 536 535
f 565 564 463
f 1273 792 745
f 876 1254 1255
f 316 33 164
f 437 1516 503
f 194 1494 1495
f 1275 1276 864
f 624 625 631
f 1277 1274 1137
f 569 568 567
f 1481 124 125
f 324 325 547
f 1279 1108 1107
f 1525 332 329
f 1281 1278 1137
f 171 168 1553
f 1488 73 396
f 1557 1561 1562
f 1282 856 1206
f 1053 1277 1278
f 778 777 607
f 713 583 3566
f 251 225 144
f 4 357 348
f 709 708 707
f 728 48 45
f 261 135 1563
f 789 1286 1287
f 74 314 263
f 403 284 385
f 1178 1181 1240
f 1223 1259 1289
f 1220 20 1186
f 296 1518 354
f 784 459 1538
f 1181 1180 1291
f 1269 1292 1257
f 1566 1538 438
f 136 784 1566
f 1563 1564 169
f 107 114 109
f 1297 1282 1298
f 1464 1477 1476
f 1520 187 507
f 1301 1302 1303
f 1306 1307 1308
f 175 456 1532
f 1532 456 200
f 1311 1266 1312
f 872 1314 1315
f 3836 843 878
f 1305 1308 864
f 1040 1275 863
f 1564 1566 399
f 592 1576 1575
f 591 1575 1088
f 1581 1584 1583
f 1196 1152 1147
f 710 582 583
f 285 407 408
f 953 954 961
f 1594 1592 1589
f 1585 1588 1587
f 1592 1591 1590
f 3885 945 944
f 1600 1599 1598
f 1604 1603 1602
f 1399 1392 979
f 1589 1590 1596
f 1610 1609 1608
f 298 257 361
f 551 552 276
f 1627 1626 3814
f 859 811 818
f 1078 857 1328
f 1555 439 1530
f 572 573 680
f 772 465 776
f 977 1281 918
f 404 403 392
f 1054 1331 750
f 1644 1645 1643
f 932 1265 1082
f 1067 1333 1334
f 1540 1539 264
f 597 1335 643
f 471 761 762
f 1642 696 3831
f 1644 1642 3842
f 923 946 950
f 96 549 548
f 520 531 522
f 445 444 443
f 849 839 848
f 480 759 755
f 1646 760 481
f 311 426 1567
f 464 463 3497
f 3497 1360 1361
f 234 237 236
f 190 193 192
f 153 154 152
f 231 287 286
f 1552 1553 1551
f 760 1646 1648
f 3832 1647 1649
f 828 827 826
f 52 167 166
f 1663 1662 1661
f 287 107 115
f 668 671 670
f 634 645 640
f 553 560 559
f 118 36 33
f 492 484 491
f 3552 1652 1651
f 582 589 584
f 384 395 392
f 1381 1382 1383
f 1562 1561 435
f 952 953 951
f 3529 3566 583
f 1660 1661 1667
f 1394 1395 1396
f 1660 1665 1664
f 1671 1670 1669
f 1624 1625 1673
f 1407 1408 1409
f 1677 1676 1675
f 1613 1679 1677
f 1679 1678 1676
f 1626 1681 3811
f 534 199 198
f 803 733 734
f 400 248 191
f 65 66 143
f 3526 1657 1656
f 402 159 157
f 629 628 627
f 461 477 49
f 758 757 495
f 796 787 786
f 406 407 1513
f 342 343 166
f 1694 1659 1658
f 1692 1687 1694
f 3557 1693 1652
f 3921 1704 1703
f 326 547 302
f 3916 3921 1702
f 3919 3918 1698
f 1699 1691 3927
f 1557 406 1560
f 1127 1116 1117
f 400 401 289
f 1706 1702 1707
f 1707 1702 1599
f 1709 1706 1708
f 1714 1712 1711
f 3919 3915 1709
f 1704 1711 1577
f 1716 1714 1713
f 1559 1562 1549
f 1722 1721 1720
f 1335 597 596
f 410 411 377
f 973 1170 1163
f 168 169 399
f 1571 682 1089
f 1572 681 682
f 749 646 647
f 1730 1724 1723
f 1594 1582 1729
f 1729 1723 1591
f 1384 1378 1377
f 1732 1731 1712
f 1724 1730 1731
f 1722 1724 1732
f 1721 1722 1733
f 1734 1733 1716
f 1735 1737 1736
f 1733 1732 1714
f 1663 1664 1741
f 1742 1665 1740
f 1738 1739 1737
f 1665 1660 1666
f 1665 1742 1744
f 1725 1726 1746
f 1591 1725 1745
f 1590 1745 1747
f 1745 1746 1748
f 1659 1688 3538
f 3287 1760 3545
f 1185 1177 1182
f 1664 1744 1749
f 1741 1749 1739
f 1746 1742 1743
f 1726 1744 1742
f 1115 924 1153
f 1654 3546 3575
f 1896 3562 3549
f 1720 1749 1744
f 1721 1739 1749
f 1750 1718 1701
f 1697 1736 1750
f 1151 1152 1063
f 1751 1752 1670
f 1695 1658 1752
f 961 962 986
f 1770 1769 1768
f 1766 1594 1593
f 1731 1759 1579
f 1579 1777 1774
f 3928 1772 1771
f 1764 1772 3928
f 1777 1776 1775
f 3762 3763 1699
f 1004 1127 1128
f 1774 1775 1771
f 987 1400 1399
f 1578 1774 1772
f 1783 1782 1781
f 1597 1598 1770
f 639 1878 3895
f 3928 3929 1769
f 1793 1792 1789
f 3929 3920 1798
f 3508 3516 3773
f 1802 1867 3924
f 1788 1790 1794
f 1793 1794 1795
f 3773 3772 1675
f 1584 1581 1783
f 1771 1797 3920
f 1801 1799 1798
f 1768 1769 1798
f 1775 1796 1797
f 508 514 515
f 1796 1803 1802
f 1800 1798 3920
f 1794 1805 1804
f 3532 1670 1752
f 485 1808 1807
f 3809 3844 1640
f 3837 3844 1810
f 485 482 1640
f 1690 1691 3770
f 487 488 1648
f 3839 1813 1816
f 3838 1811 1648
f 3839 1812 1811
f 1812 1809 487
f 1641 1809 767
f 465 466 755
f 767 1815 3823
f 3822 1816 3826
f 1809 1812 1815
f 3837 1653 1651
f 675 672 3541
f 1814 1649 1822
f 1821 1822 3821
f 1824 1822 1649
f 1827 1849 1850
f 1668 1669 1662
f 1779 1780 1848
f 1790 1827 1805
f 1833 1836 1853
f 3521 3506 693
f 1614 1615 1616
f 1852 1853 3498
f 1620 1621 1622
f 1855 1765 1574
f 1847 1852 3501
f 1766 1765 1855
f 1629 1630 1631
f 1633 1622 1634
f 1635 1636 1637
f 1848 1833 1852
f 1855 1861 1863
f 1803 1866 1867
f 1862 1863 1831
f 1782 1855 1862
f 3922 3924 1865
f 1873 1872 1870
f 1874 1869 799
f 2045 3878 3897
f 1219 1345 1295
f 1615 1614 1396
f 3884 3895 1877
f 645 3898 3786
f 1345 1219 1035
f 634 639 3884
f 15 1887 1327
f 3910 3895 1878
f 1894 604 605
f 3506 3551 627
f 3560 640 645
f 340 341 454
f 1897 194 195
f 1889 1882 1877
f 1901 94 129
f 196 749 754
f 1705 1704 3921
f 340 378 166
f 1570 1480 563
f 1904 1494 194
f 1781 1862 1832
f 1905 549 55
f 1000 994 995
f 986 919 920
f 1191 1185 1190
f 2094 2077 2075
f 1920 1921 1919
f 453 454 1912
f 1915 1919 1918
f 3882 2112 2106
f 1655 3575 3531
f 1916 1918 1926
f 704 3554 3561
f 278 1916 1925
f 3565 3564 1818
f 1097 949 1115
f 1927 1928 727
f 3578 3579 3654
f 1920 310 307
f 1929 307 48
f 503 504 1497
f 1902 1903 787
f 1816 1821 3820
f 1925 1926 1923
f 1535 1569 1568
f 254 252 258
f 1509 1497 366
f 119 86 35
f 219 288 293
f 141 46 47
f 542 205 244
f 1940 552 430
f 1779 1828 1827
f 1701 1710 3915
f 1661 3550 3515
f 270 53 754
f 197 1947 749
f 1727 1728 1212
f 53 54 232
f 1465 1468 1479
f 1284 3862 3854
f 1951 446 412
f 168 398 1554
f 1486 1485 206
f 506 77 78
f 994 1001 1007
f 951 953 963
f 1013 3859 3861
f 3826 3820 1820
f 1498 1909 1954
f 299 298 543
f 1754 1755 1756
f 1681 469 1683
f 1696 1694 1695
f 13 14 738
f 473 476 475
f 482 1641 768
f 204 62 30
f 1761 1762 820
f 611 1763 1125
f 1501 1503 1908
f 1074 1073 711
f 1960 1944 82
f 120 1956 1960
f 35 86 87
f 1773 1199 1025
f 1965 1545 1569
f 494 761 471
f 1966 1967 1969
f 446 1951 1971
f 174 368 125
f 1580 1579 1578
f 1785 1786 1787
f 1972 1546 304
f 1254 876 875
f 1973 341 342
f 321 1912 1973
f 1910 277 275
f 509 1973 514
f 1486 1507 1527
f 1974 1874 804
f 1977 1976 1974
f 1980 448 1966
f 379 1 2
f 1718 1715 1710
f 884 995 992
f 1680 1684 1678
f 902 990 525
f 344 255 256
f 135 138 137
f 448 446 1967
f 589 605 604
f 910 909 908
f 1981 1966 1968
f 1982 1981 1987
f 1988 1979 1987
f 1990 1988 1989
f 1991 1989 1993
f 322 321 320
f 992 828 830
f 1144 1076 1086
f 1995 1977 1978
f 1133 1129 1118
f 1997 1995 1994
f 870 1823 1335
f 805 806 1982
f 727 184 2000
f 1996 1994 1988
f 1994 1978 1979
f 1829 616 792
f 1830 1073 941
f 798 803 800
f 729 732 731
f 2011 2012 2023
f 1834 1835 846
f 402 283 284
f 2022 2023 2024
f 1838 718 989
f 810 955 952
f 1823 1839 1840
f 1430 1426 1432
f 1215 844 1841
f 1316 1208 873
f 2112 1401 1384
f 1842 1843 1844
f 1159 846 845
f 837 27 1846
f 1971 1951 2030
f 517 369 370
f 1471 2026 2027
f 3551 3525 626
f 2174 2175 770
f 935 934 1854
f 1613 1619 1611
f 1231 1228 1225
f 1856 1857 891
f 1300 1309 748
f 1150 1149 1858
f 1643 606 696
f 1215 1265 1264
f 1320 1860 902
f 1956 1943 1944
f 2031 668 669
f 2034 1325 1310
f 1879 1880 1656
f 40 245 242
f 1992 1993 2039
f 888 958 957
f 1882 1889 1996
f 1078 1138 1255
f 1871 912 1192
f 294 411 218
f 1323 2041 2026
f 123 1960 83
f 1324 2036 2041
f 384 358 359
f 1324 1325 2038
f 1883 1884 1885
f 287 1540 114
f 1096 1886 1134
f 915 1329 931
f 806 1980 1981
f 3533 3529 584
f 1425 2030 2042
f 1018 2042 1948
f 3562 1896 740
f 1948 2042 649
f 1881 1882 1990
f 1900 129 130
f 992 995 994
f 923 927 925
f 3878 2045 2047
f 1643 2048 625
f 2050 2052 2051
f 2045 1405 1404
f 3876 2047 945
f 1139 1080 1079
f 1037 1856 892
f 2055 2053 2057
f 1198 989 718
f 1619 2058 1612
f 2058 1605 1606
f 2059 2060 1607
f 2058 1619 1624
f 71 72 179
f 405 406 1557
f 322 1548 1972
f 2061 2052 2063
f 2066 2065 2067
f 2052 2061 2064
f 1609 1610 2066
f 1515 151 152
f 1009 827 993
f 1644 3843 3815
f 279 1915 1916
f 1285 3863 3862
f 1647 2066 1825
f 2056 2057 2067
f 319 320 1953
f 667 666 1913
f 2070 631 625
f 2052 2050 2055
f 2038 1654 1655
f 1606 1601 2073
f 1235 1917 1270
f 2072 2073 2075
f 2059 1606 2072
f 2074 2075 2077
f 1601 1602 2078
f 2049 2048 1643
f 1000 1004 1001
f 1089 943 684
f 1931 1286 1306
f 1462 1459 1021
f 1932 1933 1934
f 875 874 1846
f 1936 1051 1937
f 44 45 46
f 1534 1955 1956
f 1541 318 317
f 2081 2082 2084
f 146 1945 1959
f 1360 1941 1942
f 985 984 1032
f 1995 1997 1892
f 2079 2080 2082
f 2095 2096 2076
f 2081 2093 2078
f 2055 2050 2054
f 501 2096 2095
f 2097 2100 2099
f 2098 2099 2094
f 2140 2141 3893
f 2141 2046 3894
f 2051 2070 2048
f 592 2102 2101
f 2071 2064 2076
f 2102 2097 2098
f 593 2103 2102
f 1019 1895 746
f 1950 11 12
f 725 2071 2096
f 1385 2105 2104
f 1379 2104 2106
f 2107 2108 2100
f 3908 726 502
f 3896 502 499
f 940 1389 2109
f 928 929 1170
f 3868 590 684
f 1962 1963 1964
f 3878 680 573
f 2039 1993 1968
f 1389 1390 2110
f 1398 2111 2113
f 3757 3755 3753
f 3911 3883 2107
f 949 923 924
f 260 241 324
f 1390 1397 2113
f 2070 2051 2064
f 3867 3911 2103
f 2105 1385 1421
f 2114 1421 1423
f 3892 2114 2115
f 3908 2105 2114
f 554 2116 1902
f 972 1163 967
f 1765 1593 1573
f 1984 1985 1986
f 2053 2117 2069
f 3573 3556 724
f 1625 1677 1674
f 3881 3888 2119
f 3903 2115 2123
f 56 1954 1906
f 626 3877 3879
f 2001 2002 2003
f 3912 3841 2127
f 2006 2007 2008
f 2127 1413 1412
f 2014 2015 2016
f 2018 2019 2020
f 1495 1424 1947
f 1379 1377 1386
f 3814 3811 1680
f 2029 1885 1884
f 3902 2128 2120
f 629 3879 3914
f 682 683 943
f 724 1650 2121
f 1757 1819 3821
f 765 1810 3844
f 3851 714 715
f 706 707 3870
f 981 986 987
f 1457 1868 1656
f 2017 2016 2032
f 1458 1655 1868
f 1776 1777 1792
f 1959 1945 1946
f 3663 3715 3725
f 3913 3881 2122
f 1093 1089 689
f 966 965 968
f 3852 715 3881
f 2172 3577 2170
f 670 2138 2137
f 3761 787 1903
f 1429 19 28
f 964 963 978
f 3841 3813 1413
f 1473 1474 669
f 3834 3833 1359
f 2138 798 1870
f 1872 1473 2137
f 715 716 3888
f 1881 1991 1992
f 3843 3842 739
f 1837 1847 3513
f 253 58 59
f 1808 3837 3840
f 1647 3832 3818
f 3865 3866 671
f 2112 3882 3883
f 1405 2045 2044
f 3829 3824 1364
f 273 1541 391
f 576 632 3520
f 3875 3865 668
f 1430 1431 2140
f 2136 3850 3860
f 1430 2139 18
f 3893 3894 570
f 1442 1439 2046
f 1431 1442 2141
f 3869 3913 3850
f 3808 3823 1817
f 3866 3893 695
f 2142 2025 798
f 571 2143 2142
f 3819 3814 1618
f 2143 2022 2025
f 694 2142 2138
f 681 1572 2144
f 2144 2011 2022
f 328 210 457
f 1572 2010 2011
f 630 3892 3903
f 2085 2086 2087
f 2090 2091 2092
f 572 2144 2143
f 1875 1976 2153
f 1873 1875 2149
f 2103 2107 2097
f 2157 2043 2155
f 2128 1412 1414
f 3874 3871 589
f 3872 3870 628
f 2149 2153 2158
f 2159 2158 3905
f 698 3907 3902
f 3823 3847 3827
f 2158 2156 3874
f 1438 2044 2046
f 2035 2154 2160
f 2161 2160 3889
f 3871 3891 605
f 3873 17 18
f 370 29 61
f 649 1951 413
f 2153 2157 2156
f 1428 1429 1449
f 1490 76 73
f 3890 3905 710
f 2155 1891 3891
f 1456 1457 1880
f 2125 2088 2087
f 2160 2159 3890
f 300 1959 505
f 1064 1062 1046
f 2043 1892 1891
f 2129 2130 2004
f 2131 2132 2133
f 3848 3849 1450
f 1998 1975 804
f 3879 673 3864
f 474 492 490
f 1164 1165 1182
f 707 2162 3909
f 708 1472 2162
f 2162 2161 3886
f 548 549 1905
f 1145 1136 1114
f 705 2121 1650
f 2043 2157 1977
f 737 738 554
f 1034 1195 1191
f 458 1905 1907
f 195 196 232
f 2040 2039 1969
f 2145 2146 2147
f 2054 2050 2049
f 3832 1646 1639
f 9 12 11
f 252 364 506
f 472 478 479
f 1865 3924 3791
f 900 903 910
f 1941 2150 2151
f 1921 1928 1927
f 2163 1897 1898
f 271 156 153
f 1904 1326 12
f 282 263 264
f 1872 1873 2154
f 1326 1904 1897
f 628 692 693
f 1724 1722 1719
f 1549 1562 436
f 1582 1583 1730
f 1921 1920 1929
f 3563 3511 10
f 2152 2037 1950
f 475 772 774
f 769 2172 2171
f 2171 2165 476
f 476 773 772
f 1791 565 464
f 2166 2167 2168
f 595 371 372
f 483 1809 1641
f 762 2174 2173
f 771 483 484
f 486 487 1809
f 297 1549 1517
f 763 2175 2174
f 776 755 759
f 184 185 2176
f 412 447 303
f 2005 2176 185
f 3811 1681 1682
f 2164 2170 756
f 1472 2035 2161
f 950 951 964
f 2177 2178 2179
f 227 226 1510
f 2182 2183 2184
f 2186 2019 2018
f 1985 2182 2181
f 214 736 729
f 865 849 842
f 849 865 1357
f 559 3187 3188
f 16 13 737
f 560 553 498
f 3193 3196 3195
f 3200 3197 3198
f 3211 3214 3213
f 3215 3218 3217
f 2187 2188 2002
f 2169 2168 2189
f 2192 2086 2085
f 2193 2194 2195
f 2198 2199 2200
f 1998 1982 1979
f 3664 3665 3668
f 2116 1898 1903
f 1859 2006 2009
f 3904 2123 2126
f 1135 1148 1087
f 2201 2202 2015
f 1149 111 110
f 3221 3222 3218
f 2203 2204 2205
f 579 580 1895
f 1755 2207 2208
f 3891 3910 1893
f 1211 2151 2150
f 868 997 2210
f 944 945 930
f 2130 2129 2202
f 233 1903 1898
f 665 751 750
f 1167 1254 999
f 2211 2212 2213
f 2215 2216 2217
f 3867 593 590
f 2220 221 220
f 823 824 948
f 3225 3220 3227
f 266 204 455
f 3882 2108 2107
f 2221 2222 3519
f 2223 2224 2225
f 2207 2125 2124
f 673 674 3869
f 817 1000 996
f 2227 2228 2146
f 1947 1948 646
f 3900 2135 17
f 2229 1635 1638
f 1679 1613 1618
f 1637 2231 2232
f 2233 2234 1617
f 2231 2235 2236
f 1381 1638 2238
f 3586 2241 2242
f 1630 2234 2233
f 1681 1626 472
f 1408 1407 2243
f 3236 3239 3238
f 3232 3241 3240
f 1637 2230 2238
f 3237 3238 3233
f 1409 1408 1634
f 1380 1383 2247
f 1628 2248 2245
f 2249 1623 1622
f 1632 1634 1408
f 2248 1628 1631
f 2235 2231 1637
f 3245 3246 3199
f 631 2070 2071
f 515 167 52
f 782 781 2251
f 2253 2254 2255
f 397 281 459
f 1456 2039 2040
f 2040 2041 2036
f 1401 2112 2111
f 2041 2040 1970
f 1535 121 414
f 1586 1587 2080
f 2256 983 1132
f 1700 1699 3918
f 3815 1896 1686
f 1263 2256 1886
f 598 1841 844
f 2257 2258 2259
f 2258 2261 2262
f 2259 2262 2263
f 2260 2259 2216
f 1967 1971 1970
f 2212 1964 1963
f 922 921 2218
f 1312 1098 1101
f 1307 1306 1286
f 1548 1569 1546
f 2266 2267 2268
f 2265 2268 2270
f 2272 2265 2269
f 2273 2266 2265
f 2275 2276 2277
f 2278 2274 2277
f 2284 2285 3617
f 2287 2283 2286
f 2288 2289 2283
f 2290 2284 3639
f 2291 2292 2293
f 2295 2291 2294
f 2296 2297 2291
f 2297 2298 2292
f 2294 2293 2299
f 2279 2294 2300
f 2298 2301 2302
f 2292 2302 2303
f 2293 2303 2304
f 2304 2305 2306
f 2308 2309 2310
f 2302 2307 2310
f 2301 2311 2307
f 2312 2308 2307
f 2313 2314 2315
f 2318 2319 2320
f 3748 3771 2322
f 2324 2325 2273
f 2313 2324 2326
f 2328 2324 2313
f 2329 2325 2324
f 2331 2332 2333
f 2330 2333 2267
f 2325 2330 2266
f 2329 2331 2330
f 2333 2334 2335
f 2336 2334 2333
f 2338 2336 2332
f 2331 2339 2337
f 2329 2340 2339
f 2328 2341 2340
f 2316 2342 2341
f 2342 2316 2315
f 2344 2345 2346
f 2341 2344 2347
f 2342 2348 2344
f 2348 2349 2345
f 2350 2351 2352
f 2339 2350 2353
f 2340 2347 2350
f 2347 2346 2351
f 2337 2353 2354
f 2353 2352 2355
f 2356 2277 2276
f 2356 2357 2358
f 2356 2359 2296
f 2279 2277 2356
f 2360 2361 2270
f 2267 2335 2360
f 2362 2363 2364
f 2362 2365 2361
f 2366 2362 2358
f 2366 2367 2363
f 2357 2276 2368
f 2366 2368 2369
f 2276 2275 2370
f 2368 2370 2282
f 2372 2373 2374
f 2375 2376 2377
f 2378 2379 2380
f 2382 2378 2381
f 2384 2385 2378
f 2385 2386 2379
f 2388 2389 2390
f 2387 2390 2392
f 2393 2394 2387
f 2394 2395 2388
f 2186 2401 2402
f 2403 2404 2327
f 2272 2403 2326
f 2271 2405 2403
f 2405 2406 2404
f 2404 2407 2408
f 2409 2410 2411
f 2409 2412 2271
f 2413 2409 2269
f 2413 2414 2410
f 2417 2415 2416
f 2417 2418 2406
f 2412 2417 2405
f 2411 2415 2417
f 2406 2419 2407
f 3569 3520 632
f 2420 2398 2397
f 2420 2421 2423
f 2424 2420 2422
f 2424 2399 2398
f 2425 2391 2392
f 2421 2425 2426
f 2397 2396 2425
f 2396 2393 2391
f 2427 2314 2408
f 2430 2427 2428
f 2343 2315 2427
f 2432 2343 2430
f 2431 2430 2429
f 2435 2431 2433
f 2436 2432 2431
f 2428 2408 2407
f 2422 2437 2407
f 2438 2437 2422
f 2429 2428 2437
f 2440 2434 2433
f 2441 2439 2433
f 2442 2443 2439
f 2443 2444 2440
f 2445 2446 2444
f 2447 2445 2443
f 2383 2381 2445
f 2381 2380 2446
f 2448 2438 2423
f 2449 2448 2426
f 2441 2448 2449
f 2441 2429 2438
f 2449 2392 2390
f 2450 2390 2389
f 2447 2450 2451
f 2442 2449 2450
f 2451 2389 2453
f 2452 2453 2455
f 2382 2452 2454
f 2383 2451 2452
f 2456 2457 2373
f 2459 2460 2461
f 2463 2464 2465
f 2462 2465 2285
f 2466 2462 2284
f 2467 2463 2462
f 2461 2460 3703
f 2468 2469 2470
f 2472 2468 2471
f 2474 2461 3701
f 2475 2476 2477
f 2458 2455 2453
f 2479 2453 2389
f 2395 2480 2479
f 2480 2459 2458
f 2481 2482 2483
f 2484 113 2485
f 2471 2470 2464
f 2473 2471 2463
f 2487 2467 2466
f 2486 2466 2290
f 2490 2486 2488
f 2491 2487 2486
f 2492 2473 2467
f 2493 2492 2487
f 2494 2495 2492
f 2495 2472 2473
f 3690 2496 2474
f 3691 2497 2496
f 2498 2494 2493
f 2500 2498 2499
f 3700 3687 2498
f 3687 3691 2494
f 2306 2504 2278
f 2305 2505 2504
f 2504 2505 2507
f 2506 2507 2288
f 2274 2506 2508
f 2278 2504 2506
f 3633 3632 2489
f 3620 3633 2488
f 2507 2509 2289
f 2505 2510 2509
f 2508 2288 2287
f 2511 2287 2281
f 2370 2511 2280
f 2275 2508 2511
f 2512 2490 2489
f 2514 2512 2513
f 2517 2512 2514
f 2517 2491 2490
f 2499 2493 2491
f 2499 2517 2516
f 2510 2505 2519
f 2518 2519 2521
f 3616 2518 2520
f 3632 2510 2518
f 2522 2304 2303
f 2523 2522 2310
f 2305 2304 2522
f 2524 2522 2523
f 2519 2524 2525
f 2505 2305 2524
f 2308 2312 2527
f 2526 2527 2529
f 2531 2526 2528
f 2309 2308 2526
f 1214 2532 2151
f 2419 2406 2418
f 2533 2345 2349
f 2534 2533 2317
f 2535 2536 2533
f 2536 2346 2345
f 2537 2351 2346
f 2538 2537 2536
f 2539 2540 2537
f 2540 2352 2351
f 2312 2355 2541
f 2527 2541 2542
f 2543 2435 2434
f 2545 2543 2544
f 2319 2318 2543
f 2318 2436 2435
f 2514 2515 2548
f 2547 2548 2550
f 2552 2547 2549
f 2552 2516 2514
f 2520 2521 2554
f 2553 2554 2556
f 3590 2553 2555
f 3621 2520 2553
f 2523 2309 2531
f 2557 2531 2530
f 2525 2523 2557
f 2559 2557 2558
f 2554 2559 2560
f 2521 2525 2559
f 2561 2375 2007
f 2376 2562 2225
f 2564 2565 2566
f 2563 2566 338
f 2569 2563 2567
f 2570 2564 2563
f 2572 2573 2574
f 2571 2574 2576
f 2544 2571 2575
f 2544 2434 2572
f 2578 2570 2569
f 2579 2577 2569
f 2574 2577 2579
f 2573 2578 2577
f 2581 2582 2583
f 2584 2580 2583
f 3697 3675 2580
f 3676 2581 2580
f 2582 2516 2552
f 2583 2552 2551
f 2500 2501 2589
f 2590 2588 2589
f 3693 3695 2588
f 3695 3700 2500
f 2501 2516 2591
f 2592 2593 2594
f 2386 2385 2503
f 2596 2379 2386
f 2596 2374 2373
f 2599 2596 2597
f 2599 2380 2379
f 2600 2446 2380
f 2600 2599 2598
f 2603 2600 2601
f 2603 2444 2446
f 2604 2603 2602
f 2440 2604 2605
f 2444 2603 2604
f 2606 2582 2581
f 2606 2607 2590
f 2591 2516 2582
f 3676 2587 2456
f 3689 2456 2372
f 2478 2477 2608
f 2609 2610 2611
f 2564 2570 2613
f 2612 2613 2598
f 2457 2612 2597
f 2565 2564 2612
f 2614 2613 2570
f 2615 2614 2578
f 2602 2601 2614
f 2601 2598 2613
f 2572 2434 2605
f 2616 2605 2602
f 2573 2572 2616
f 1459 1016 1045
f 1265 1215 1079
f 1612 1608 1609
f 2067 2057 2069
f 1135 1109 1136
f 1938 1937 2618
f 95 548 458
f 2058 1607 1608
f 1454 1469 1445
f 655 2620 1048
f 722 1049 2621
f 1131 985 1033
f 562 1481 366
f 1723 1719 1725
f 1786 1123 1122
f 267 300 323
f 1325 2034 1654
f 1468 1165 1435
f 658 657 529
f 8 532 247
f 382 1557 1559
f 788 619 1307
f 940 930 929
f 911 2622 2623
f 2621 2620 655
f 2624 1857 2625
f 998 1846 27
f 635 638 2626
f 2627 641 644
f 2628 2627 1840
f 1200 1199 2627
f 1199 1773 641
f 1520 515 49
f 1452 1350 1349
f 2630 2631 1859
f 644 643 1335
f 1197 1198 717
f 2632 717 719
f 2628 2632 1166
f 2629 1197 2632
f 1762 2633 1050
f 1823 870 873
f 2634 2635 794
f 1042 794 2635
f 93 94 1901
f 2036 2038 1458
f 1527 332 1525
f 877 876 1274
f 134 409 797
f 1328 893 931
f 607 777 1091
f 1043 2635 2637
f 2636 2637 2639
f 1275 2636 2638
f 1275 1040 1043
f 1272 2624 2626
f 2640 2626 638
f 1110 2641 2640
f 536 1272 2640
f 1472 708 1474
f 2042 2030 1951
f 1058 1106 1105
f 2642 2623 2643
f 1192 2642 2644
f 912 2623 2642
f 3898 1657 3526
f 1049 1048 2620
f 616 1829 1885
f 1331 1913 666
f 990 989 1198
f 1911 1912 321
f 1298 1282 1205
f 76 1490 1504
f 1502 1500 421
f 610 609 658
f 1146 937 659
f 2646 911 914
f 1280 1239 1238
f 1453 1454 1452
f 835 942 1843
f 1271 1270 1173
f 1893 1878 1826
f 1050 2633 1937
f 2651 2652 814
f 1006 1053 1281
f 2653 1084 2654
f 1001 1004 1003
f 585 997 679
f 2624 1272 621
f 555 678 2028
f 1207 526 1197
f 1626 1627 478
f 426 389 419
f 1030 1193 1773
f 3898 645 634
f 534 1533 138
f 1125 1092 1042
f 333 228 88
f 569 1570 561
f 1489 2656 871
f 1857 2624 620
f 1673 1674 3770
f 622 861 864
f 619 788 891
f 261 544 545
f 393 1555 1556
f 2658 2659 2647
f 1075 2658 2657
f 1081 1080 2658
f 1080 1139 2659
f 2644 2643 1141
f 2660 1141 1140
f 642 2660 1336
f 1193 2644 2660
f 679 678 555
f 1503 1501 1500
f 1318 1317 1101
f 2661 2659 1139
f 2661 1142 2663
f 2662 2647 2659
f 2662 2663 2622
f 2664 2622 911
f 2648 2664 2646
f 2648 2647 2662
f 2083 2094 2093
f 1442 1440 1437
f 519 329 330
f 1885 2029 1209
f 799 800 805
f 1946 1943 1952
f 1302 1301 1253
f 566 2005 224
f 1389 940 928
f 683 682 681
f 836 835 1842
f 2665 1842 1845
f 2666 2665 1303
f 24 836 2665
f 831 1072 2650
f 1845 1844 1304
f 2010 2013 2012
f 1051 1936 2667
f 1522 1521 1511
f 531 440 441
f 1250 635 2625
f 2669 2625 1857
f 783 2669 1856
f 782 1250 2669
f 720 2670 2671
f 1055 1931 1930
f 1333 1067 1251
f 619 622 1308
f 652 655 2619
f 521 522 1539
f 1838 988 537
f 2672 537 536
f 1113 2672 2641
f 1113 527 1838
f 1016 1013 1351
f 3897 573 570
f 226 227 104
f 3564 3669 3827
f 1036 1037 1884
f 2674 1301 1304
f 2673 1304 1844
f 1334 2673 2675
f 1333 2674 2673
f 2676 702 1039
f 1843 2676 2675
f 942 1074 2676
f 1074 699 702
f 752 1057 1055
f 1200 1166 656
f 1120 1846 874
f 2677 874 877
f 1241 2677 1052
f 1119 1120 2677
f 1560 1513 151
f 1208 1316 611
f 215 735 736
f 1460 1459 1462
f 1208 1207 1839
f 854 856 1282
f 72 445 182
f 544 1563 1565
f 217 200 456
f 2047 1404 930
f 1204 2618 1937
f 913 777 686
f 840 527 1113
f 1531 729 730
f 2678 778 1283
f 601 667 1914
f 1537 1538 459
f 1819 1757 3509
f 991 1860 862
f 2679 711 1073
f 2680 1830 983
f 779 2680 2256
f 778 2678 2680
f 2678 2679 1830
f 180 542 245
f 1886 1132 1131
f 1138 1137 1274
f 1841 598 1140
f 75 313 314
f 193 423 420
f 2681 2682 1099
f 170 1567 1565
f 349 416 417
f 1121 1124 2684
f 547 797 409
f 123 122 121
f 2643 2663 1142
f 1542 1544 513
f 899 900 907
f 1210 677 676
f 791 663 982
f 24 27 837
f 893 896 932
f 1860 1320 863
f 535 538 862
f 1569 1548 1547
f 181 455 542
f 660 659 937
f 2013 567 568
f 887 890 2631
f 1524 1508 361
f 520 161 162
f 2653 855 854
f 1238 1237 2655
f 718 1838 527
f 1492 1493 518
f 792 616 615
f 599 846 1835
f 290 457 456
f 312 171 1552
f 1248 2687 1179
f 153 149 177
f 1240 1181 1222
f 1257 1292 1235
f 1291 1084 1083
f 1052 877 1277
f 743 742 2618
f 444 140 430
f 23 1224 1172
f 2687 2654 1180
f 102 103 409
f 1283 607 610
f 373 497 650
f 1180 2654 1084
f 855 2653 2655
f 1173 1270 1917
f 2689 850 853
f 2688 853 1108
f 2686 2688 1279
f 2687 2689 2688
f 2691 1302 1252
f 2690 1252 850
f 1248 2690 2689
f 1248 1247 2691
f 2692 617 24
f 2691 2692 2666
f 1247 1258 2692
f 1258 1168 617
f 394 1554 1555
f 2693 1260 1259
f 1072 1236 1262
f 1257 1071 1168
f 398 439 1555
f 871 1784 1314
f 1178 1232 1249
f 1224 1289 1173
f 1010 2617 2618
f 1175 1174 1292
f 2654 2687 2686
f 2694 1157 1216
f 71 418 1487
f 701 1112 1111
f 1072 1261 2649
f 1085 2695 22
f 895 2694 1264
f 1601 1606 1605
f 1259 1262 1271
f 21 20 1220
f 988 991 538
f 598 597 1336
f 1050 860 818
f 1298 2645 1761
f 1168 1167 618
f 858 1168 1256
f 39 242 516
f 2652 1761 819
f 313 316 315
f 2026 1970 1971
f 2656 1489 596
f 814 819 818
f 2696 2651 813
f 1260 2696 2649
f 2693 2697 2696
f 2697 1296 2651
f 381 355 390
f 3818 3819 1611
f 1475 1427 1428
f 1292 1174 1917
f 1551 353 354
f 1526 1525 1523
f 1593 1589 1595
f 1232 1269 1246
f 2695 2693 1223
f 2698 1297 1296
f 2698 2697 2693
f 2685 2698 2695
f 2685 854 1297
f 562 1497 271
f 2652 2651 1296
f 1365 1366 1364
f 1958 1946 1953
f 585 588 2210
f 1561 1560 1515
f 975 2648 1146
f 347 67 68
f 1038 1111 636
f 2700 781 780
f 2699 780 1036
f 2701 2699 1883
f 851 2700 2699
f 2674 1333 2251
f 2702 2251 781
f 1253 2702 2700
f 1301 2674 2702
f 1519 387 388
f 1273 1239 1280
f 2703 1280 1107
f 2701 2703 852
f 1829 1273 2703
f 91 260 326
f 1784 871 2656
f 2683 2684 2705
f 604 1894 3499
f 1669 3534 3548
f 2062 2063 2060
f 621 535 861
f 2023 731 732
f 686 779 1263
f 857 1051 2668
f 883 830 882
f 637 636 1111
f 2668 894 893
f 2667 921 894
f 1039 1038 1068
f 313 75 1504
f 1911 1972 305
f 1936 2706 1964
f 2707 2402 2401
f 2708 2707 2183
f 738 2163 2116
f 2349 2348 2432
f 2711 2712 2020
f 2400 2711 2019
f 2714 2715 2716
f 2717 2718 2719
f 2721 2722 2723
f 2726 2727 2728
f 2725 2728 2730
f 2731 2725 2729
f 2732 2726 2725
f 2734 2735 2736
f 2738 2739 2740
f 2737 2740 2741
f 2744 2745 2746
f 2745 2744 2748
f 2749 2750 2747
f 2753 2749 2751
f 2250 1380 2246
f 2754 1396 1614
f 3598 2754 2755
f 3608 2745 2747
f 1617 2756 2755
f 2242 2758 1620
f 2191 2085 2760
f 2761 2759 2760
f 3648 2759 2761
f 3623 2191 2759
f 3209 3248 3223
f 1395 1394 2236
f 1395 2235 1636
f 1616 1635 2229
f 1617 2234 2763
f 2756 2763 3628
f 2765 2763 2234
f 2766 2764 3628
f 3202 3199 3246
f 1516 437 435
f 2768 2769 3552
f 1495 541 578
f 2135 2136 28
f 3526 3540 2773
f 1690 1689 3926
f 2778 2779 2780
f 2777 2780 2781
f 2784 2778 2777
f 3555 3521 575
f 1494 1904 9
f 3529 2016 2015
f 451 61 505
f 2786 2787 2788
f 2779 2786 2785
f 2789 2752 2741
f 2790 2753 2752
f 2792 2793 2794
f 2793 2795 2796
f 2796 2797 2750
f 2794 2796 2749
f 2798 1393 1396
f 3591 2798 2754
f 2798 2799 2800
f 3591 3662 2799
f 2797 2796 2795
f 2791 2794 2753
f 216 233 232
f 3804 2806 2807
f 3805 2809 2804
f 2769 2810 3557
f 183 185 184
f 2811 2812 2775
f 2804 2811 2776
f 2809 2813 2811
f 2812 2811 2813
f 3805 2808 2816
f 3796 2818 2815
f 3798 3800 2820
f 3793 2823 2819
f 2824 2736 2735
f 2823 2825 2824
f 2825 2823 2826
f 3793 2822 2827
f 3796 2817 2826
f 2713 2716 2829
f 2828 2829 2831
f 2822 2821 2828
f 2821 2820 2713
f 2832 2827 2822
f 2833 2832 2830
f 2834 2835 2832
f 2835 2818 2827
f 2837 2838 2839
f 2836 2839 2841
f 2842 2836 2840
f 2843 2837 2836
f 2840 2841 2845
f 2718 2844 2845
f 2730 2728 2844
f 2727 2840 2844
f 2846 2845 2841
f 2829 2846 2847
f 2847 2841 2839
f 2848 2839 2838
f 2833 2848 2849
f 2831 2847 2848
f 2850 2814 2851
f 2853 2850 2852
f 2783 2777 2782
f 2785 2788 2853
f 2780 2785 2856
f 2857 2858 2855
f 2859 2857 2782
f 2861 2843 2842
f 2860 2842 2727
f 2862 2860 2726
f 2863 2861 2860
f 2861 2863 2858
f 2843 2861 2857
f 2856 2853 2854
f 2781 2856 2864
f 2837 2843 2859
f 2838 2837 2864
f 2852 2851 2834
f 2854 2852 2849
f 2865 2815 2818
f 2851 2865 2835
f 2813 2809 2815
f 2814 2813 2865
f 2866 2812 2814
f 2788 2866 2850
f 2866 2788 2787
f 2812 2866 2867
f 1892 1889 1890
f 2720 2719 2846
f 298 299 256
f 2872 2714 2713
f 3794 3800 2735
f 2729 2730 2874
f 2846 2716 2715
f 2876 2877 2878
f 2733 2875 2878
f 3806 3807 2879
f 3806 2880 2872
f 2882 2883 2884
f 2881 2884 2715
f 2880 2881 2714
f 2879 2882 2881
f 2885 2886 2887
f 2888 2889 2890
f 2885 2890 2892
f 2893 2886 2885
f 1942 2151 2532
f 2895 2892 2720
f 2884 2895 2870
f 2883 2896 2895
f 2896 2891 2892
f 2889 2874 2717
f 2890 2717 2720
f 2897 2893 2891
f 2898 2897 2896
f 2899 2898 2883
f 2900 2899 2882
f 3797 2900 2879
f 2876 2902 2901
f 2901 2902 2904
f 1785 2656 1835
f 2905 2906 2899
f 2907 2908 2897
f 3797 2901 2903
f 632 576 577
f 3532 3547 2867
f 434 385 550
f 2768 2770 3640
f 2910 2911 1623
f 2241 2912 2758
f 3640 2770 2913
f 1623 2911 2757
f 3587 2242 2757
f 2229 1381 1380
f 2765 1630 1629
f 2915 2914 1629
f 3642 3641 2914
f 3641 3622 2765
f 2919 2916 3642
f 2918 2915 2912
f 3614 2918 2241
f 3618 2919 3613
f 3541 2177 2180
f 3521 2002 2188
f 3705 3573 714
f 2925 2766 2917
f 2924 2917 2916
f 3610 2924 2919
f 3611 2925 2924
f 2926 2927 2766
f 3658 2926 2925
f 1715 1713 1705
f 785 497 498
f 1387 651 565
f 374 375 1899
f 3573 2203 2206
f 2929 2930 2886
f 2932 2933 2934
f 1905 1906 1908
f 2930 2935 2936
f 2938 2935 2930
f 1493 369 517
f 1603 1585 1586
f 2939 2938 2929
f 2940 2939 2908
f 3665 1707 1600
f 2886 2930 2937
f 2906 2907 2898
f 2908 2929 2893
f 2942 2934 2933
f 2941 2933 2937
f 3501 2941 2936
f 3498 2942 2941
f 2943 2944 2710
f 2943 2873 2874
f 2945 2943 2889
f 2946 2944 2943
f 2932 2945 2888
f 2931 2946 2945
f 727 1928 1929
f 2903 2904 2947
f 545 594 42
f 1480 1570 533
f 2907 2906 2949
f 2906 2905 2950
f 1558 452 215
f 3799 2903 2948
f 2054 1645 1644
f 3705 3684 2203
f 1828 1837 1849
f 2953 2954 2955
f 2952 2955 2957
f 2956 2261 2258
f 2953 2952 2258
f 2454 2455 2474
f 3747 2958 2959
f 3747 2132 2131
f 2961 2962 2963
f 2958 2963 2964
f 222 221 2485
f 2477 2226 2966
f 2631 2561 2006
f 2384 2454 2496
f 2967 2968 2959
f 2968 2967 2970
f 3759 2033 2971
f 3784 2971 2960
f 2972 2971 2033
f 2007 2377 2973
f 3560 3559 2134
f 1836 1833 1832
f 3506 2188 2090
f 955 810 959
f 672 675 674
f 633 710 713
f 2024 732 733
f 2025 2024 803
f 425 1552 1550
f 2975 2976 888
f 1319 1158 1157
f 1212 1935 2977
f 889 957 2228
f 1978 1974 1975
f 1138 1078 1329
f 751 665 2979
f 1619 1613 1625
f 2252 2255 1728
f 1157 1160 845
f 2706 1936 1938
f 2980 2255 2254
f 2982 2975 887
f 802 712 711
f 678 677 2029
f 527 840 690
f 1839 1207 2629
f 2983 2984 602
f 2983 1914 1913
f 2985 2983 1331
f 2986 2984 2983
f 2987 2637 2635
f 2985 2988 2639
f 2990 1319 1318
f 2991 2992 2993
f 2995 2991 2994
f 1106 1058 2991
f 1058 1057 2992
f 1415 1406 1365
f 1317 922 2217
f 1932 1728 2255
f 926 2998 2999
f 3001 2993 2992
f 3000 2992 1057
f 2999 3000 2978
f 2998 3001 3000
f 3002 2998 2209
f 3002 3003 2996
f 2993 3001 3002
f 1103 1106 2995
f 3004 2995 2996
f 2209 2210 3004
f 588 1103 3004
f 295 296 433
f 2638 2639 2988
f 3005 2988 1056
f 1305 3005 1930
f 1276 2638 3005
f 1987 1968 1993
f 2633 1762 1761
f 1423 1422 1417
f 3561 3517 739
f 2671 2670 2704
f 1473 1872 2035
f 922 1317 2694
f 1401 1400 1378
f 556 2028 1884
f 842 848 3825
f 1854 2706 2617
f 933 1082 1081
f 1440 1441 1436
f 529 657 719
f 1031 1025 1027
f 777 913 912
f 2645 1205 1204
f 441 438 1538
f 790 1287 587
f 2065 2066 1610
f 1860 991 990
f 60 106 87
f 1424 1017 1948
f 332 1527 1507
f 261 262 138
f 187 188 449
f 1719 1720 1726
f 1931 1055 1059
f 3006 1059 1105
f 1287 3006 1104
f 1286 1931 3006
f 3007 3008 3009
f 3009 3008 653
f 618 999 26
f 2029 677 1210
f 957 601 600
f 1049 2146 2228
f 2631 890 3011
f 890 889 2227
f 3011 2227 2145
f 2561 3011 3012
f 1026 656 609
f 2706 1854 1961
f 3013 2965 2485
f 2148 2147 1267
f 3015 1267 1266
f 2997 2264 1101
f 642 641 1773
f 186 477 461
f 1041 1040 1320
f 1121 3016 3017
f 2984 2986 2987
f 3018 2987 2634
f 1048 603 3018
f 603 602 2984
f 2679 2678 801
f 2062 2072 2074
f 2061 2074 2076
f 414 303 1545
f 3016 1121 2683
f 3019 2683 2704
f 3020 3019 2670
f 3007 3016 3019
f 1871 1090 1091
f 3021 1787 1122
f 3022 3021 3017
f 1314 3021 3022
f 1784 1787 3021
f 1316 1315 1763
f 3023 3022 3010
f 3023 3009 795
f 1763 3023 1092
f 1315 3022 3023
f 3016 3007 3010
f 752 751 2978
f 2986 2639 2637
f 3024 654 653
f 3020 3024 3008
f 720 723 3024
f 723 2621 654
f 2681 1098 1268
f 2671 3025 1268
f 2705 2681 3025
f 1313 3026 3027
f 3026 3028 3029
f 3027 3029 3030
f 1311 3027 3031
f 2012 568 731
f 917 2657 974
f 743 1206 856
f 1888 2027 2030
f 2682 2705 2684
f 3032 2684 1124
f 1100 3032 2989
f 1099 2682 3032
f 1123 2990 2989
f 3033 1834 1159
f 2990 3033 1158
f 1123 1786 3033
f 1786 1785 1834
f 1054 1056 2988
f 2979 665 664
f 2623 2622 2663
f 1095 660 688
f 3034 3035 2261
f 3036 3034 2956
f 3037 3038 3034
f 3038 3039 3035
f 3040 3041 3026
f 2263 3042 3041
f 3042 3039 3043
f 3041 3043 3028
f 3044 3045 3043
f 3046 3047 3045
f 3047 3048 3049
f 3043 3045 3049
f 3038 3037 3051
f 3050 3051 3053
f 3052 3046 3044
f 3039 3038 3050
f 3054 3035 3039
f 3042 2263 2262
f 2261 3035 3054
f 2216 2263 2997
f 2212 2211 2667
f 3056 868 2209
f 934 3057 1961
f 2013 3755 3757
f 3058 3059 3060
f 3059 3062 3063
f 3060 3063 2213
f 3061 3060 1963
f 3063 3064 2214
f 3062 3065 3064
f 3065 2257 2260
f 3064 2260 2215
f 3066 3067 3031
f 2608 2966 3067
f 2966 2562 3068
f 3031 3067 3068
f 2455 2458 2461
f 2476 2223 2226
f 3551 2090 2089
f 3526 2774 3769
f 433 354 355
f 2115 1423 1419
f 3509 2868 2922
f 3769 3737 2131
f 3069 2611 2167
f 2971 2972 2928
f 2961 2774 2773
f 3070 2475 2478
f 2610 2609 3071
f 2502 2371 2374
f 3072 2592 2595
f 2964 3046 3052
f 3048 2593 3074
f 2593 2592 3075
f 3075 3030 3029
f 3074 3029 3028
f 3072 3076 3075
f 3076 3072 2482
f 2481 2608 3066
f 3076 3066 3030
f 2967 3052 3053
f 2482 3072 3073
f 479 480 493
f 706 3900 3873
f 3561 2194 2221
f 2013 2010 3754
f 3533 2032 2016
f 3562 3519 2222
f 1171 1154 1155
f 2586 2566 2565
f 2982 110 113
f 2562 2376 3077
f 2376 2375 3012
f 3012 2145 2148
f 3077 2148 3015
f 2963 3047 3046
f 3051 3078 2970
f 1683 2173 491
f 3850 2122 1447
f 1986 2181 3734
f 3079 3080 2546
f 3081 3079 2575
f 1983 1986 3768
f 3082 2323 2319
f 3080 3082 2545
f 3734 3732 3082
f 3732 3748 2323
f 1309 1471 1888
f 3073 2595 2772
f 2760 3083 3084
f 2760 2085 2088
f 3085 3084 3086
f 3089 3085 3090
f 3089 2762 3084
f 3092 3088 3090
f 3093 2748 2744
f 2751 2747 2748
f 3093 2741 2752
f 2742 2741 3093
f 3094 3093 2743
f 3096 3097 3098
f 3099 3096 3087
f 3097 3094 3095
f 3100 2743 2746
f 3101 2927 3102
f 2764 2766 2927
f 2745 2764 3101
f 3102 3092 3091
f 3100 3091 3095
f 2869 2802 3592
f 3102 3103 3104
f 3658 2868 2869
f 2927 2926 3103
f 3098 3095 3091
f 3087 3098 3090
f 2088 2125 3105
f 3083 3105 3086
f 2483 3073 2771
f 2401 2186 2185
f 3099 3086 3105
f 2125 2207 3106
f 3108 2737 2742
f 3107 2742 3094
f 3110 3108 3107
f 3109 3107 3097
f 3111 3109 3096
f 3112 3110 3109
f 3113 2738 2737
f 3115 2723 2722
f 3117 3115 3114
f 3119 3117 3116
f 3118 3116 3120
f 3116 3114 3113
f 3122 3112 3111
f 3122 3123 1755
f 3124 3125 3126
f 3125 3118 3121
f 3128 3119 3118
f 3129 3128 3125
f 2020 2712 3128
f 3853 3857 1346
f 1065 1046 1047
f 1814 3838 3830
f 2021 2020 3129
f 3111 3099 3106
f 3123 3106 2207
f 2377 2225 2224
f 3014 2485 113
f 1756 2208 3782
f 3131 3132 2530
f 3133 3131 2528
f 1753 1756 3767
f 3134 3124 3127
f 2327 2408 2314
f 2436 2318 2317
f 2018 2021 3711
f 2534 3136 3137
f 2320 2322 3136
f 2185 2018 3712
f 3138 3139 2542
f 3134 3135 3744
f 3785 3130 3134
f 3140 3138 2539
f 2535 3137 3140
f 3711 2021 3130
f 2558 2530 3132
f 3782 3760 3141
f 2560 2558 3141
f 3760 3777 3142
f 958 888 2976
f 1933 1932 2980
f 2399 2424 2418
f 2348 2342 2343
f 2322 2320 2319
f 2718 2717 2874
f 2709 2729 2873
f 2894 2871 1361
f 346 289 176
f 1876 1877 1882
f 2802 2803 3607
f 3104 3144 3088
f 2974 2222 3649
f 3089 3145 2761
f 3088 3144 3145
f 2803 2974 3603
f 3870 3909 692
f 2123 1419 1418
f 1365 1363 1368
f 1581 1766 1782
f 3569 2202 2129
f 3555 2003 2002
f 3146 2585 2551
f 3751 3146 3147
f 3742 3149 3146
f 3149 2584 2585
f 3196 3198 3197
f 3604 2192 2191
f 3142 3150 2556
f 3777 3778 3150
f 3646 3152 2550
f 3150 3151 2555
f 3778 3780 3151
f 3788 3781 3152
f 3153 3147 2551
f 3152 3153 2549
f 3781 3776 3153
f 3776 3750 3147
f 3148 2767 2206
f 2183 2401 2321
f 2132 2960 2928
f 3684 3685 2204
f 3719 2198 2197
f 2594 2962 2773
f 2595 2594 2951
f 1870 798 799
f 3713 2179 2178
f 3706 2178 3736
f 336 3154 3774
f 339 3155 3154
f 3789 3683 3149
f 3683 3697 2584
f 2963 2962 3048
f 3722 3730 337
f 339 338 2566
f 3156 3157 2168
f 2610 3156 2167
f 2954 2953 3156
f 3157 3156 2953
f 3707 2166 2169
f 2567 3158 3159
f 337 3158 2567
f 3730 3069 2166
f 3764 2190 1983
f 2579 3160 3081
f 2568 3159 3160
f 3709 2169 2190
f 3065 3062 3162
f 3161 3162 1984
f 3157 3161 2189
f 2257 3065 3161
f 734 735 1922
f 3059 3058 2708
f 3163 2708 2182
f 3162 3163 1985
f 3062 3059 3163
f 3203 3206 3205
f 2122 2119 1448
f 3817 1686 1685
f 139 140 444
f 1570 569 566
f 2957 3164 3165
f 2955 3166 3164
f 1912 454 341
f 3130 3129 3124
f 1548 322 319
f 1949 1950 1327
f 2969 2970 3078
f 3167 3078 3169
f 3724 2014 2017
f 3720 2017 2033
f 3168 3169 3165
f 3170 3165 3164
f 3779 3170 3171
f 3724 3168 3170
f 3171 3164 3166
f 3172 3166 3071
f 3752 3172 3173
f 3756 3171 3172
f 3169 3037 3036
f 2593 3048 2962
f 3173 3071 2609
f 3174 2609 2199
f 3783 3174 2198
f 3749 3173 3174
f 2190 2189 1984
f 2196 2195 2767
f 2119 2120 1414
f 1464 1463 1466
f 2199 2611 3069
f 2457 2456 2587
f 2226 2225 2562
f 481 478 1627
f 333 1512 235
f 3078 3051 3037
f 3040 2264 2997
f 2219 1934 1933
f 2385 2384 2497
f 221 2220 3175
f 2220 1933 3143
f 3175 3143 2976
f 2484 3175 2975
f 2954 3071 3166
f 2630 1858 110
f 1547 319 1952
f 2091 2090 2188
f 3733 3736 2178
f 1918 1919 1927
f 3563 112 111
f 955 956 960
f 2037 3014 112
f 3143 2980 2981
f 2218 2211 2214
f 672 3877 3787
f 2152 3013 3014
f 1147 1144 1143
f 2248 2246 1409
f 1615 1636 1635
f 1410 1409 2246
f 3241 3243 3242
f 1382 3176 3177
f 3177 1410 2247
f 2247 1383 3177
f 3176 2238 2230
f 1410 3177 3179
f 3179 3180 2243
f 1633 3181 2800
f 1621 1620 2758
f 1622 1621 2245
f 2236 1394 3181
f 2237 2236 3182
f 2250 1631 2233
f 2912 1629 1628
f 135 136 1564
f 1567 419 512
f 1085 1084 2653
f 3184 869 868
f 869 3184 3057
f 1266 1268 1098
f 1267 2147 722
f 937 1146 2646
f 2146 1049 722
f 2211 2218 921
f 1957 510 507
f 1313 1312 2264
f 1496 362 1493
f 2887 2937 2933
f 1687 1688 1659
f 145 1499 1498
f 37 38 418
f 1935 1934 3185
f 104 89 301
f 2101 2098 2083
f 543 298 360
f 1934 2219 3186
f 234 1521 212
f 3845 3821 1822
f 1976 1875 1874
f 223 3186 2219
f 3655 3656 3605
f 2165 2164 467
f 467 468 2165
f 773 476 2165
f 1935 1212 1728
f 3240 3225 3226
f 3261 3249 3250
f 3215 3216 3244
f 3265 3221 3215
f 3267 3245 3198
f 3205 3206 3269
f 3214 3211 3265
f 3271 3213 3214
f 3251 3252 3239
f 3222 3221 3266
f 3232 3235 3234
f 3216 3242 3243
f 3196 3193 3268
f 3244 3243 3254
f 3238 3239 3247
f 3264 3244 3255
f 3253 3242 3216
f 3211 3266 3221
f 3257 3217 3218
f 3258 3222 3272
f 3274 3275 3280
f 3228 3229 3262
f 3275 3231 3281
f 3226 3227 3273
f 3236 3263 3260
f 3281 3263 3236
f 3287 3271 3192
f 3235 3226 3280
f 3234 3280 3281
f 3288 3290 3259
f 3260 3250 3276
f 3289 3212 3278
f 3210 3209 3224
f 3199 3202 3201
f 3228 3231 3230
f 3290 3288 3285
f 3282 3279 3271
f 3260 3263 3262
f 3243 3241 3268
f 3267 3268 3241
f 3194 3207 3208
f 3191 3270 3269
f 3270 3191 3192
f 3275 3274 3230
f 3264 3269 3270
f 3252 3251 3276
f 3248 3252 3291
f 3213 3271 3279
f 3272 3266 3289
f 3277 3278 3212
f 3228 3263 3281
f 3220 3225 3253
f 3219 3253 3217
f 3256 3218 3222
f 3247 3239 3252
f 3245 3267 3232
f 3266 3211 3212
f 3208 3205 3255
f 3288 3289 3284
f 3204 3205 3208
f 560 1899 3187
f 3209 3210 3201
f 3189 3192 3191
f 448 1980 807
f 647 648 122
f 1833 1848 1780
f 510 509 508
f 3210 1949 1887
f 1887 15 3200
f 15 16 3197
f 16 3188 3195
f 3195 3188 3187
f 3194 3187 1899
f 3207 1899 375
f 387 173 126
f 3189 1791 1760
f 3577 763 757
f 763 3577 2172
f 3583 3582 3580
f 3581 3580 3579
f 3594 3597 3596
f 3400 3601 3602
f 3626 3624 3625
f 3631 3635 3599
f 3636 3637 3595
f 3647 3584 3588
f 3650 3582 3584
f 3653 3579 3580
f 3653 2176 3654
f 1801 1864 3656
f 3651 3580 3582
f 3644 3638 3595
f 1767 1768 3659
f 1597 3663 3661
f 1708 1707 3665
f 3671 3668 3667
f 3666 3667 3673
f 1588 1708 3664
f 2080 3671 3666
f 2082 3666 3672
f 3674 3677 3635
f 3677 3678 3636
f 3682 3647 3645
f 3692 3651 3650
f 3681 3645 3644
f 786 3694 3692
f 3694 3653 3651
f 785 3692 3686
f 497 3686 3682
f 650 3682 3681
f 3696 564 3681
f 3405 3606 3605
f 3702 3699 3678
f 3699 3698 3679
f 3645 3588 3638
f 1799 3657 3659
f 3708 3704 3458
f 3462 3710 3708
f 3714 463 564
f 3615 3606 3602
f 3710 3714 3696
f 3635 3636 3596
f 3629 3626 3627
f 3597 3600 3599
f 3630 3716 3715
f 3627 3625 3597
f 3717 3716 3723
f 3715 3663 3660
f 3716 3717 3725
f 3668 3665 3661
f 3668 3725 3717
f 3667 3717 3718
f 3727 3728 3673
f 3728 1576 3672
f 3726 3727 3718
f 1576 2101 2084
f 3727 3726 3731
f 3203 376 1387
f 3190 1387 1791
f 3283 2152 1949
f 317 240 259
f 2000 2176 3653
f 3601 3599 3600
f 3589 3588 3584
f 3577 758 756
f 3585 3584 3582
f 3678 3679 3637
f 3204 375 376
f 1801 3655 3657
f 3729 3735 3728
f 1575 3735 3738
f 3735 1575 1576
f 1776 1795 1796
f 1293 1294 1290
f 1326 14 1327
f 1294 1245 1234
f 878 1244 1330
f 497 373 374
f 122 648 413
f 3699 3702 3704
f 3606 3405 3401
f 3708 3710 3698
f 3464 3714 3710
f 3704 3674 3443
f 439 398 399
f 1512 1528 1526
f 1668 1741 1738
f 839 849 1362
f 1362 1357 826
f 3843 740 1896
f 2053 2054 2118
f 3888 3887 2120
f 696 697 3816
f 1826 1878 639
f 3740 3739 3729
f 956 885 886
f 1980 806 1922
f 33 34 105
f 1343 1344 3856
f 3907 2127 2128
f 1766 1581 1582
f 14 1326 2163
f 595 98 99
f 3233 3238 3246
f 1346 1035 1044
f 748 1888 1425
f 3193 3208 3254
f 3190 3191 3206
f 3612 3605 3606
f 3624 3612 3615
f 3631 3415 3443
f 3679 3680 3644
f 3686 3650 3647
f 3702 3677 3674
f 3625 3615 3600
f 3601 3400 3415
f 3739 3738 3735
f 3630 3627 3594
f 3741 3723 3716
f 1284 1290 1288
f 3698 3696 3680
f 1778 1781 1780
f 1792 1759 1584
f 695 570 571
f 3638 3741 3594
f 3741 3638 3588
f 3247 3248 3209
f 3292 3293 3294
f 3296 3297 3298
f 3299 3298 3300
f 3302 3303 3304
f 3306 3307 3308
f 3307 3310 3311
f 3303 3302 3301
f 3312 3305 3304
f 3314 3315 3316
f 3318 3319 3320
f 3324 3318 3321
f 3326 3327 3328
f 3329 3330 3331
f 3333 3334 3335
f 3337 3338 3339
f 3333 3336 3341
f 3342 3341 3343
f 3319 3345 3344
f 3338 3335 3334
f 3346 3301 3302
f 3305 3348 3347
f 3312 3224 3223
f 3350 3337 3340
f 3312 3349 3348
f 3352 3343 3341
f 3311 3353 3354
f 3341 3336 3327
f 3359 3360 3361
f 3360 3359 3250
f 3318 3363 3345
f 3364 3363 3318
f 3314 3364 3324
f 3366 3299 3301
f 3299 3366 3367
f 3308 3354 3368
f 3369 3317 3295
f 3317 3369 3364
f 3370 3295 3317
f 3325 3371 3365
f 3352 3320 3319
f 3296 3367 3353
f 3297 3296 3311
f 3363 3368 3354
f 3345 3354 3353
f 3344 3353 3367
f 3366 3333 3342
f 3347 3339 3334
f 3339 3347 3348
f 3348 3349 3351
f 3363 3364 3369
f 3294 3309 3368
f 3293 3306 3309
f 3331 3373 3374
f 3346 3334 3333
f 3323 3322 3352
f 3356 3355 3321
f 3355 3357 3325
f 3357 3358 3371
f 3322 3356 3320
f 3361 3330 3329
f 3373 3372 3375
f 3374 3375 3376
f 3329 3332 3376
f 3327 3375 3372
f 3336 3335 3375
f 3335 3338 3376
f 3376 3338 3337
f 3337 3350 3359
f 3359 3350 3276
f 3377 3292 3295
f 3277 3316 3315
f 3371 3378 3379
f 3378 3371 3358
f 3365 3379 3315
f 3316 3277 3279
f 3282 3377 3370
f 3313 3283 3224
f 3378 3285 3284
f 3380 3286 3285
f 3379 3284 3278
f 3276 3350 3351
f 3291 3351 3349
f 3313 3304 2965
f 2965 3304 3303
f 222 3303 3300
f 223 3300 3298
f 3298 3297 3185
f 3297 3310 2977
f 3310 3307 1213
f 3307 3306 1214
f 2532 1214 3306
f 2894 2532 3293
f 2871 2894 3292
f 3253 3225 3240
f 3283 3313 3013
f 1997 1996 1889
f 1237 745 744
f 1535 1534 120
f 1531 1532 201
f 1119 1241 1032
f 946 948 824
f 163 8 5
f 3589 3726 3723
f 1155 1156 1162
f 427 213 327
f 553 1902 796
f 3381 2232 2231
f 3381 3178 2230
f 2237 3183 3180
f 3383 3384 3385
f 3384 3386 3387
f 3386 3388 3389
f 3388 3390 3391
f 3392 3393 3394
f 3395 3394 3396
f 3398 3399 3397
f 3400 3401 3399
f 3403 3404 3405
f 3406 3407 3404
f 3408 3409 3407
f 3410 3411 3409
f 3412 3413 3411
f 3415 3400 3398
f 3414 3398 3396
f 3416 3396 3394
f 3417 3394 3393
f 3393 3419 3420
f 3419 3390 3421
f 3390 3388 3422
f 3388 3386 3423
f 3386 3384 3424
f 3384 3383 3425
f 3425 3383 3426
f 2904 3427 3428
f 3429 3427 2904
f 3430 3429 2902
f 2875 3431 3430
f 3432 3433 2733
f 2825 3434 3435
f 3437 3438 3439
f 3441 3437 3436
f 2724 2723 3434
f 3436 3439 3115
f 3440 3436 3117
f 3443 3415 3414
f 3442 3414 3416
f 3444 3416 3417
f 3445 3417 3418
f 3446 3418 3420
f 3420 3421 3448
f 3421 3422 3449
f 3422 3423 3450
f 3423 3424 3451
f 3424 3425 3452
f 3425 3184 3056
f 3451 3452 2253
f 3450 3451 2252
f 3449 3450 1727
f 3448 3449 2150
f 3453 3447 3448
f 3454 3446 3447
f 3455 3445 3446
f 3456 3444 3445
f 3442 3444 3456
f 3443 3442 3457
f 3459 3460 3458
f 3457 3456 3455
f 3459 3455 3454
f 3462 3460 3459
f 3461 3454 3453
f 3464 3462 3461
f 3463 3453 1941
f 3404 3399 3401
f 3407 3397 3399
f 3409 3395 3397
f 3411 3392 3395
f 3465 3466 3413
f 3467 3468 3469
f 3465 3412 3431
f 3470 3467 3466
f 3438 3470 3432
f 3467 3470 3438
f 3468 3467 3437
f 3471 3469 3468
f 3472 3468 3441
f 3473 3441 3440
f 2712 3440 3119
f 3475 3471 3472
f 3474 3472 3473
f 3476 3473 2712
f 3477 3476 2711
f 3478 3474 3476
f 3479 3475 3474
f 3392 3411 3413
f 3466 3469 3480
f 3419 3393 3392
f 3390 3419 3480
f 3469 3471 3391
f 3389 3391 3471
f 3387 3389 3475
f 3385 3387 3479
f 3482 3477 2400
f 3483 3478 3477
f 3481 3479 3478
f 3484 3482 2402
f 3058 3484 2707
f 3061 3485 3484
f 3485 3483 3482
f 3382 3385 3481
f 3486 3481 3483
f 3426 3383 3382
f 3487 3382 3486
f 3486 3485 3061
f 1961 3057 3487
f 3057 3184 3426
f 3428 3403 3402
f 3427 3406 3403
f 3429 3408 3406
f 3430 3410 3408
f 3431 3412 3410
f 3470 3465 3433
f 3434 3439 3438
f 2723 3115 3439
f 2875 2733 3433
f 2736 2824 3435
f 2947 3428 3488
f 3464 3463 1360
f 1900 1925 1924
f 1736 1717 1718
f 1955 1952 1943
f 1671 1738 1735
f 1696 1750 1698
f 1800 1865 1864
f 2063 2055 2056
f 1737 1734 1717
f 1751 1735 1697
f 943 3885 3899
f 3656 3488 3402
f 1577 1578 1764
f 3917 1598 1599
f 1945 146 82
f 68 6 7
f 147 1542 1543
f 1109 1135 1133
f 1503 1910 1907
f 1499 1501 1909
f 452 1922 735
f 1824 2068 3835
f 1825 2067 2068
f 1463 1462 1022
f 841 1012 1009
f 1568 1547 1955
f 1910 1503 1502
f 1939 1502 422
f 309 280 1940
f 1804 1851 1866
f 269 1482 1954
f 2065 1607 2060
f 3812 1685 1758
f 280 276 552
f 1875 1873 1869
f 1739 1721 1734
f 1778 1779 1790
f 310 1920 1915
f 1909 1908 1906
f 1789 1783 1778
f 978 981 980
f 1584 1759 1731
f 425 426 311
f 148 1543 115
f 2044 3897 3894
f 277 1910 1939
f 1943 1946 1945
f 1461 1462 1463
f 2253 3452 3056
f 2981 2254 3489
f 2209 2998 3489
f 2254 2253 3055
f 2998 926 958
f 2826 2817 2721
f 3490 2739 2721
f 2816 3491 3490
f 2334 2297 2296
f 2298 2297 2334
f 2301 2298 2336
f 2311 2301 2338
f 2312 2311 2354
f 2359 2358 2361
f 2335 2296 2359
f 2414 2413 2365
f 2413 2270 2361
f 2355 2352 2540
f 2541 2540 2539
f 2722 2721 2739
f 3114 2722 2738
f 3110 3112 3121
f 3108 3110 3120
f 3122 1754 3127
f 3112 3122 3126
f 3127 1754 1753
f 3139 3133 2529
f 3744 3775 3133
f 3490 2789 2740
f 3491 2790 2789
f 228 229 91
f 245 244 243
f 248 7 247
f 2 297 296
f 145 146 300
f 327 213 210
f 329 332 331
f 239 241 240
f 373 376 375
f 178 177 176
f 1218 1225 1228
f 3862 1231 1295
f 808 809 824
f 3858 3859 1013
f 3813 3810 1411
f 2154 2149 2159
f 3845 3835 1758
f 306 807 1922
f 2157 2153 1976
f 708 709 2031
f 1450 1226 1227
f 1672 1604 1605
f 1813 1814 1821
f 1717 1716 1715
f 176 159 402
f 1710 1705 3916
f 1712 1580 1577
f 1705 1713 1711
f 971 978 979
f 822 823 1094
f 2909 2810 2793
f 2810 2769 2795
f 2799 2910 2249
f 3662 3643 2910
f 2769 2768 2801
f 3177 3176 3178
f 3178 3381 3180
f 3181 1394 1393
f 3181 1633 1632
f 3182 1632 2244
f 3183 2244 2243
f 3492 2791 2790
f 2808 3492 3491
f 2239 3574 3572
f 1149 1150 3571
f 1150 2009 3567
f 2202 3569 3566
f 2921 3564 3565
f 3568 3560 2133
f 1777 1579 1759
f 1201 1196 1183
f 3561 3554 2195
f 3553 3576 2770
f 3927 3925 1687
f 1516 152 154
f 3549 3562 2974
f 3550 3548 2779
f 2771 2772 3575
f 3070 2771 3546
f 3547 3544 2775
f 1376 1375 1370
f 2767 3543 3556
f 2195 3554 3543
f 2775 3544 3542
f 3377 3282 3545
f 3804 3802 3539
f 2776 3542 3538
f 2240 3572 3535
f 2920 3535 3669
f 3548 3534 2786
f 1805 1850 1851
f 3534 3532 2787
f 2951 2773 3540
f 2772 2951 3531
f 2973 2224 3530
f 2224 2223 3537
f 1957 1953 320
f 306 305 304
f 2770 3576 3528
f 2913 3528 3574
f 2923 3565 3527
f 308 1940 431
f 207 208 132
f 1879 1876 1881
f 3733 3787 3525
f 2475 3070 3558
f 2476 2475 3524
f 2223 2476 3523
f 3522 3549 2803
f 2037 3563 11
f 1959 1958 450
f 2003 3555 3520
f 9 10 334
f 2009 2008 3518
f 2008 2973 3536
f 3877 672 673
f 3515 3550 2778
f 2935 3514 3513
f 111 1149 3570
f 3510 3514 2935
f 683 3876 3885
f 3508 3557 2810
f 736 733 732
f 1795 1804 1803
f 3505 3510 2938
f 3507 3505 2939
f 2950 3512 3504
f 2940 2949 3504
f 3801 3791 3512
f 2868 3509 3502
f 2869 3502 3522
f 1024 1034 1023
f 3500 3503 2948
f 551 1939 442
f 2972 3499 3568
f 2032 3533 3499
f 216 93 1924
f 203 202 201
f 1828 1848 1847
f 1958 1957 449
f 272 271 178
f 2871 3545 3495
f 3619 3669 3564
f 2801 2768 3643
f 2005 3758 3654
f 960 886 899
f 3657 3655 3612
f 3780 3788 3646
f 3151 3646 3593
f 2193 3604 3623
f 3607 3603 3145
f 3603 3649 2761
f 3592 3607 3144
f 2926 3658 3634
f 3634 3592 3104
f 3755 3754 3746
f 566 567 3758
f 3488 3656 1864
f 1602 1586 2079
f 2868 3658 3611
f 2922 3611 3610
f 2923 3610 3618
f 3670 3613 2918
f 3619 3670 3614
f 2921 3618 3670
f 2920 3614 3586
f 3613 3642 2915
f 2917 2766 3622
f 2916 2917 3641
f 2239 3587 3652
f 2911 3640 3652
f 3643 3640 2911
f 2797 2801 3662
f 2797 3591 3598
f 3622 3628 2763
f 3608 3628 2764
f 2194 3623 3648
f 2221 3648 3649
f 2756 3608 3609
f 2750 3598 3609
f 3669 3535 1817
f 3763 3770 1691
f 2515 3621 3590
f 2548 3590 3593
f 2513 2489 3632
f 2513 3616 3621
f 2509 3633 3620
f 2510 3632 3633
f 2289 3620 3639
f 2283 3639 3617
f 2240 3586 3587
f 3659 3657 3624
f 716 2121 3887
f 727 1999 3761
f 2165 2171 2170
f 3660 3659 3626
f 3743 3581 3578
f 2175 2172 769
f 2100 500 2095
f 3758 567 3757
f 640 3560 3568
f 1653 3576 3553
f 1895 3536 3530
f 746 3530 3537
f 1653 1810 3528
f 3762 1603 1604
f 2093 2075 2073
f 959 996 995
f 962 899 919
f 1400 1401 1398
f 1000 817 1127
f 956 959 884
f 1662 3548 3550
f 2034 3558 3546
f 3926 1689 3539
f 3535 3572 766
f 3572 3574 765
f 334 3570 3571
f 1868 3531 3540
f 1684 1651 1652
f 1682 1683 775
f 1585 1603 3762
f 3763 3762 1672
f 2173 2174 490
f 1658 3544 3547
f 3556 3543 1650
f 1571 3754 2010
f 1587 3664 3671
f 2099 2095 2077
f 787 3761 1999
f 2000 3694 786
f 3155 339 3697
f 3713 3155 3683
f 2180 2179 3685
f 3496 2180 3684
f 1684 3846 3840
f 1760 464 3495
f 2607 3689 3693
f 2581 3676 3689
f 2371 2502 3700
f 2371 3695 3693
f 2587 3676 3675
f 2586 3675 3697
f 2497 3691 3687
f 2502 2503 3687
f 2494 3691 3690
f 3690 3688 2472
f 3688 3701 2468
f 3701 3703 2469
f 726 3908 3892
f 581 3567 3518
f 10 3511 3570
f 1837 3514 3510
f 741 3537 3523
f 1299 3524 3558
f 1851 3507 3504
f 3527 3565 1820
f 580 3518 3536
f 1758 1685 3522
f 1693 3557 3508
f 3504 3512 1867
f 1894 1826 3568
f 2126 1418 3813
f 3906 2126 3841
f 2113 3911 3867
f 2179 3713 3789
f 624 3903 3904
f 2192 3604 3788
f 2177 3541 3787
f 1364 3824 3833
f 3858 3855 1470
f 3135 1753 3775
f 2069 3812 3835
f 1351 3861 3853
f 2108 3882 3901
f 2089 2092 3736
f 3828 3834 1358
f 2001 3749 3783
f 2187 3783 3719
f 2130 3756 3752
f 2004 3752 3749
f 2014 3724 3779
f 2201 3779 3756
f 3167 3720 3759
f 3168 3724 3720
f 3159 3709 3764
f 3160 3764 3765
f 3730 3707 3158
f 3158 3707 3709
f 2200 3069 3730
f 3685 3789 3742
f 3722 3774 2197
f 3790 3736 2092
f 3774 3790 3721
f 3154 3706 3790
f 3155 3713 3706
f 2091 3719 3721
f 2196 3148 3750
f 2193 2196 3776
f 3604 2193 3781
f 2086 2192 3780
f 2087 2086 3778
f 2204 3742 3751
f 2205 3751 3750
f 3909 3886 574
f 2124 2087 3777
f 2208 2124 3760
f 3711 3785 3140
f 3785 3745 3138
f 3745 3744 3139
f 3771 3712 3136
f 3712 3711 3137
f 3775 3767 3131
f 3767 3782 3132
f 1813 3839 3838
f 1293 3854 3856
f 2184 2321 3748
f 2181 2184 3732
f 3765 3768 3079
f 3768 3734 3080
f 709 3873 3875
f 2774 2961 3737
f 3786 3769 2134
f 3809 3808 766
f 2968 3784 3766
f 2969 3759 3784
f 2958 3747 3737
f 2132 3747 3766
f 2321 2185 3771
f 3860 3848 1449
f 3905 3874 582
f 3886 3889 577
f 3847 3826 1818
f 705 3902 3887
f 3816 3912 3907
f 2111 3883 3911
f 3810 3829 1366
f 1812 3839 3822
f 675 3851 3852
f 3496 3705 3851
f 2110 3867 3868
f 2104 3896 3901
f 2109 3868 3899
f 3842 3831 703
f 1680 3811 3846
f 1639 1627 3819
f 623 3904 3906
f 2139 2140 3866
f 1808 1640 3844
f 3820 3821 1819
f 3872 3914 3900
f 1646 3832 3830
f 3889 3890 633
f 2139 3865 3875
f 2156 2155 3871
f 674 3852 3913
f 2117 3817 3812
f 1815 3822 3847
f 3855 3849 1444
f 697 3906 3912
f 866 842 3836
f 3864 3869 2136
f 3585 3731 3726
f 3583 3740 3731
f 3753 3746 3738
f 3740 3583 3581
f 1088 3738 3746
f 3739 3740 3743
f 2791 3492 3493
f 3492 2808 2807
f 2792 3493 3494
f 3493 2807 2806
f 3508 2909 3494
f 3516 3494 2806
f 2948 3503 3791
f 2105 3908 3896
f 3538 3802 3804
f 680 3878 3876
f 1891 1890 3910
f 2905 3799 3801
f 2900 3797 3799
f 2901 3797 3807
f 2734 2878 3806
f 2877 3807 3806
f 2820 3800 3794
f 2818 3796 3792
f 2823 3793 3792
f 2822 3793 3798
f 2819 2735 3800
f 2817 3796 3795
f 2809 3805 3795
f 2808 3805 3803
f 2805 3804 3803
f 1702 3921 3923
f 3922 3920 1797
f 3915 3916 1706
f 3918 3927 1692
f 1657 3898 3880
f 1890 1877 3895
f 3772 3770 1674
f 1689 1690 3772
f 3926 3802 3538
f 3516 3539 1689
f 3917 3923 1703
f 1598 3917 3928
f 3880 3884 1876
f 1691 1690 3925
f 3925 3926 1688
