v 0.059468 -0.010253 -0.048130
v 0.063391 -0.011251 -0.047221
v 0.064106 -0.009722 -0.047118
v 0.059900 -0.008795 -0.047884
v 0.072208 -0.008821 -0.057592
v 0.071563 -0.005380 -0.054320
v 0.071008 -0.002262 -0.054193
v 0.071226 -0.002736 -0.056908
v 0.026149 -0.046194 -0.110408
v 0.011642 -0.046117 -0.114916
v 0.011509 -0.058307 -0.112146
v 0.024863 -0.059995 -0.106520
v 0.043340 -0.083083 -0.087022
v 0.038334 -0.075154 -0.092542
v 0.036983 -0.088043 -0.096615
v 0.045412 -0.090613 -0.086530
v 0.039006 0.046799 0.040252
v 0.046087 0.045738 0.034425
v 0.045210 0.039484 0.038088
v -0.060083 -0.009863 -0.049961
v -0.063984 -0.010889 -0.049118
v -0.064651 -0.009487 -0.049050
v -0.060225 -0.008417 -0.049743
v -0.072430 -0.008532 -0.059850
v -0.071532 -0.005163 -0.056499
v -0.071171 -0.002116 -0.056294
v -0.071458 -0.002435 -0.058998
v 0.038197 0.039954 0.042462
v 0.091671 0.013221 -0.068227
v 0.091493 0.010635 -0.069606
v 0.091535 0.009239 -0.067835
v 0.091553 0.011564 -0.066823
v 0.087277 -0.005582 -0.066777
v 0.087356 0.002049 -0.068296
v 0.088798 0.004568 -0.068663
v 0.088582 0.002547 -0.068212
v 0.086526 -0.016056 -0.064046
v 0.085578 -0.015334 -0.063516
v 0.087513 -0.010742 -0.065148
v 0.088288 -0.011089 -0.066014
v 0.071013 -0.035525 -0.041045
v 0.073729 -0.033753 -0.042890
v 0.074274 -0.035579 -0.043969
v 0.069603 -0.036969 -0.042358
v 0.066702 -0.035512 -0.043184
v 0.071571 -0.036350 -0.047149
v 0.070889 -0.033117 -0.048092
v 0.067016 -0.032993 -0.044803
v 0.087088 0.023108 -0.053065
v 0.087273 0.019911 -0.052825
v 0.085645 0.019252 -0.050306
v 0.085452 0.022561 -0.050286
v 0.072003 -0.009814 -0.063779
v 0.069916 -0.016308 -0.061461
v 0.075721 -0.011153 -0.063825
v 0.076233 -0.008452 -0.064342
v 0.085190 0.012320 -0.060676
v 0.086032 0.013414 -0.064159
v 0.086195 0.011340 -0.065429
v 0.085258 0.009689 -0.062875
v 0.087639 0.015198 -0.069162
v 0.087734 0.012322 -0.070600
v 0.069589 -0.026401 -0.038868
v 0.068772 -0.022659 -0.038101
v 0.069550 -0.021110 -0.039373
v 0.070078 -0.022159 -0.040567
v 0.070432 -0.009034 -0.054548
v 0.071886 -0.004874 -0.052775
v 0.082492 -0.026649 -0.058598
v 0.082243 -0.024734 -0.057886
v 0.084282 -0.020599 -0.061466
v 0.084556 -0.021879 -0.062229
v 0.079510 -0.022022 -0.056168
v 0.081791 -0.019508 -0.059752
v 0.082953 -0.018821 -0.061465
v 0.081634 -0.020996 -0.059511
v 0.088154 0.015704 -0.059559
v 0.085962 0.017724 -0.055195
v 0.086614 0.017786 -0.055559
v 0.088443 0.015565 -0.060571
v 0.078878 0.003418 -0.063788
v 0.077866 0.008334 -0.061943
v 0.076496 0.007852 -0.062076
v 0.077608 0.003572 -0.063690
v 0.088232 0.012253 -0.066920
v 0.088513 0.009570 -0.068020
v 0.086649 0.008747 -0.067023
v 0.074463 0.010443 -0.050046
v 0.074526 0.011129 -0.050848
v 0.075141 0.009456 -0.051286
v 0.074560 0.008252 -0.050039
v 0.074099 -0.036903 -0.047202
v 0.067022 -0.024551 -0.054934
v 0.068896 -0.023731 -0.056216
v 0.071704 -0.019858 -0.059261
v 0.070483 -0.018709 -0.059485
v 0.066727 -0.033685 -0.039369
v 0.069606 -0.033573 -0.038983
v 0.070520 -0.034959 -0.040135
v 0.067410 -0.035460 -0.040450
v 0.077751 0.014572 -0.050829
v 0.080328 0.013937 -0.053152
v 0.078509 0.012955 -0.052441
v 0.076624 0.013328 -0.050641
v 0.085982 0.000149 -0.066841
v 0.085313 0.006942 -0.064739
v 0.084821 -0.009215 -0.061433
v 0.085271 -0.009150 -0.064494
v 0.084263 -0.013207 -0.063340
v -0.028644 -0.046348 -0.110520
v -0.014172 -0.046170 -0.114957
v -0.014077 -0.058401 -0.112207
v -0.027452 -0.060203 -0.106626
v 0.084168 -0.013265 -0.060333
v 0.084758 -0.001039 -0.061339
v 0.085419 -0.000957 -0.064796
v 0.089084 0.008291 -0.066372
v 0.088801 0.002228 -0.066874
v 0.088993 0.008761 -0.067142
v 0.075476 0.011670 -0.059973
v 0.075386 0.014774 -0.064114
v 0.074470 0.008390 -0.065729
v 0.075470 0.009368 -0.061484
v 0.070314 -0.017162 -0.039804
v 0.071752 -0.015014 -0.040942
v 0.070705 -0.017312 -0.042443
v 0.070076 -0.019408 -0.042204
v 0.072391 -0.021829 -0.058041
v 0.069755 -0.024842 -0.055461
v 0.070347 -0.025324 -0.054796
v 0.073106 -0.023658 -0.056511
v 0.082919 0.015276 -0.055141
v 0.082787 0.009726 -0.055871
v 0.081106 0.009638 -0.054486
v 0.075883 -0.020545 -0.047591
v 0.076533 -0.019195 -0.049596
v 0.077755 -0.022386 -0.051471
v 0.076837 -0.024460 -0.049767
v 0.078574 -0.033158 -0.052702
v 0.076267 -0.033054 -0.053046
v 0.073857 -0.035137 -0.049956
v 0.076387 -0.035671 -0.049774
v 0.069867 -0.020509 -0.041259
v 0.069809 -0.019745 -0.039642
v 0.081167 0.003701 -0.065505
v 0.080163 0.009763 -0.063460
v 0.084393 0.007987 -0.060720
v 0.084490 0.005584 -0.062233
v 0.073195 -0.004525 -0.045523
v 0.070566 -0.003854 -0.046624
v 0.070358 -0.004538 -0.046822
v 0.073587 -0.006133 -0.045405
v 0.073699 -0.004420 -0.043994
v 0.074128 -0.005965 -0.043896
v 0.073831 -0.006314 -0.042376
v 0.073456 -0.005397 -0.042281
v 0.069827 -0.003507 -0.047582
v 0.069959 -0.003792 -0.047066
v 0.070466 -0.003357 -0.047452
v 0.074554 -0.001351 -0.058606
v 0.075953 -0.009222 -0.061025
v 0.073668 -0.008911 -0.059831
v 0.070822 -0.001429 -0.058105
v 0.086096 -0.007972 -0.066168
v 0.081813 0.018744 -0.046145
v 0.079959 0.020632 -0.046195
v 0.082589 0.024387 -0.050821
v 0.071322 -0.017532 -0.051969
v 0.073634 -0.016924 -0.048857
v 0.071825 -0.017076 -0.047298
v 0.070433 -0.018218 -0.050312
v 0.069722 -0.013001 -0.045139
v 0.067766 -0.016471 -0.044303
v 0.072149 -0.014546 -0.043862
v 0.073785 0.001217 -0.043654
v 0.072135 -0.002466 -0.046829
v 0.072986 -0.003411 -0.045196
v 0.073373 -0.003129 -0.043735
v 0.086583 -0.016763 -0.065093
v 0.088404 -0.011630 -0.067456
v 0.086618 -0.011552 -0.068510
v 0.084864 -0.017049 -0.066183
v 0.067301 -0.030046 -0.037724
v 0.064984 -0.032654 -0.040588
v 0.067142 -0.026818 -0.036584
v 0.091117 0.019804 -0.062573
v 0.087038 0.022317 -0.063079
v 0.087302 0.020366 -0.065500
v 0.091415 0.017851 -0.064773
v 0.069881 0.002699 -0.052800
v 0.070253 0.000628 -0.052522
v 0.070759 0.002200 -0.050784
v 0.070473 0.004012 -0.050784
v 0.050018 -0.032287 -0.093644
v 0.058142 -0.032347 -0.074807
v 0.061924 -0.018540 -0.083306
v 0.054977 -0.018794 -0.099250
v 0.079448 -0.030608 -0.052399
v 0.078198 -0.032814 -0.049693
v 0.074992 0.008899 -0.042455
v 0.074165 0.010958 -0.041466
v 0.075492 0.016248 -0.042931
v 0.076328 0.012871 -0.042711
v 0.088174 0.004012 -0.071596
v 0.091202 0.003204 -0.070319
v 0.077225 0.015149 -0.048971
v 0.081528 0.018712 -0.051887
v 0.079119 0.016251 -0.051072
v 0.076970 0.014886 -0.049502
v 0.076031 0.006707 -0.047469
v 0.076897 0.008041 -0.047043
v 0.075465 0.008951 -0.047304
v 0.074308 0.007546 -0.047418
v 0.074066 0.015645 -0.040334
v 0.075874 0.020419 -0.043487
v 0.065848 -0.025331 -0.054368
v 0.076802 0.007726 -0.044962
v 0.077736 0.010332 -0.044444
v 0.078162 0.009537 -0.046792
v -0.045997 -0.083548 -0.086970
v -0.040968 -0.075557 -0.092531
v -0.039523 -0.088453 -0.096736
v -0.047957 -0.091145 -0.086570
v 0.068173 -0.021727 -0.035995
v 0.069151 -0.020054 -0.038012
v 0.076124 0.013682 -0.049492
v 0.075400 0.012602 -0.049530
v 0.073723 0.009050 -0.049246
v 0.074024 0.006557 -0.050435
v 0.080936 -0.000295 -0.057502
v 0.082597 -0.008697 -0.059432
v 0.065588 -0.018048 -0.069578
v 0.062721 -0.031973 -0.054879
v 0.074319 0.009363 -0.047362
v 0.074140 0.009689 -0.047664
v 0.073027 0.008798 -0.048394
v 0.073268 0.008295 -0.047549
v 0.076819 -0.034336 -0.047161
v 0.079605 0.006109 -0.054846
v 0.076091 0.004494 -0.053021
v 0.076674 0.006705 -0.052051
v 0.088498 -0.006028 -0.066076
v 0.089563 0.002287 -0.066927
v 0.091020 0.002783 -0.068446
v 0.089819 -0.006232 -0.067344
v 0.065388 -0.033896 -0.041443
v 0.070179 -0.000133 -0.053511
v 0.071561 -0.001948 -0.052713
v 0.070916 0.005451 -0.050799
v 0.071838 0.007251 -0.049196
v 0.069544 -0.017105 -0.037694
v 0.087467 0.016261 -0.064101
v 0.087872 0.014370 -0.065530
v 0.085808 0.015002 -0.062788
v 0.085435 0.016214 -0.061182
v 0.084521 0.017414 -0.057379
v 0.085004 0.018888 -0.056965
v 0.086803 0.017741 -0.061974
v 0.074827 0.005252 -0.051893
v 0.075778 0.007224 -0.050945
v 0.074954 -0.021785 -0.046019
v 0.075575 -0.027955 -0.047081
v 0.082902 -0.016660 -0.061105
v 0.082531 -0.015920 -0.058254
v 0.083959 -0.005620 -0.069245
v 0.083850 0.003730 -0.069952
v 0.082225 0.003651 -0.067678
v 0.082551 -0.005126 -0.067822
v 0.076401 -0.002655 -0.064300
v 0.073497 -0.001799 -0.064821
v 0.073001 -0.004274 -0.041772
v 0.072284 -0.000608 -0.039979
v 0.070845 0.004874 -0.051186
v 0.071286 0.006416 -0.049034
v 0.076890 -0.019272 -0.060486
v 0.072832 -0.026782 -0.053279
v 0.077037 -0.021684 -0.058845
v 0.068565 -0.027318 -0.051200
v 0.068273 -0.028455 -0.048933
v 0.070987 -0.028554 -0.050546
v 0.079566 -0.020068 -0.055330
v 0.081365 -0.018867 -0.058096
v 0.068986 -0.003743 -0.048363
v 0.067595 -0.005361 -0.049564
v 0.068625 -0.004280 -0.047718
v 0.083747 -0.000895 -0.058908
v 0.084217 -0.008901 -0.059698
v 0.077154 0.010169 -0.047232
v 0.074589 0.000100 -0.048887
v 0.075872 0.003464 -0.046507
v 0.080487 0.013648 -0.046679
v 0.078841 0.011886 -0.047410
v 0.078274 0.011035 -0.047226
v 0.079324 0.011498 -0.046478
v 0.062058 -0.014065 -0.047709
v 0.065686 -0.015523 -0.046446
v 0.067169 -0.012221 -0.046282
v 0.084038 0.019221 -0.055794
v 0.084423 0.017159 -0.056963
v 0.081514 0.010411 -0.065327
v 0.075511 0.011358 -0.051989
v 0.076371 0.009673 -0.052757
v 0.077822 0.023097 -0.058849
v 0.077341 0.021106 -0.055468
v 0.077589 0.021245 -0.054203
v 0.078076 0.025287 -0.054276
v 0.067582 -0.031348 -0.045802
v 0.070435 -0.031025 -0.048471
v 0.070183 -0.029681 -0.048944
v 0.067916 -0.029879 -0.047039
v 0.071146 -0.017298 -0.046577
v 0.070122 -0.018507 -0.049308
v 0.084408 -0.015254 -0.063707
v 0.083592 -0.016138 -0.062726
v 0.085004 -0.012177 -0.064786
v 0.086211 -0.010956 -0.065478
v 0.071157 0.003347 -0.054401
v 0.069870 0.002228 -0.054971
v 0.077902 0.015225 -0.056271
v 0.080228 0.017596 -0.057746
v 0.079124 0.020513 -0.054107
v 0.077376 0.018358 -0.053988
v 0.082840 0.011144 -0.067822
v 0.076223 0.008315 -0.052493
v 0.076907 0.008509 -0.053559
v 0.075738 0.008782 -0.051998
v 0.073536 0.006622 -0.047649
v 0.075343 0.005387 -0.047894
v 0.079838 0.013635 -0.048046
v 0.083856 0.017121 -0.051307
v 0.082942 0.016899 -0.050950
v 0.079143 0.014244 -0.048448
v 0.074321 0.011263 -0.048704
v 0.012956 -0.034097 -0.121220
v 0.014738 -0.023888 -0.128533
v -0.038302 0.046762 0.039277
v -0.045533 0.045649 0.033610
v -0.044715 0.039442 0.037193
v -0.037630 0.039911 0.041518
v 0.077541 0.020875 -0.046365
v 0.078843 0.022705 -0.050524
v 0.079758 0.023610 -0.050774
v 0.078124 0.021766 -0.047409
v 0.085392 0.014940 -0.060515
v 0.089122 0.011153 -0.065952
v 0.072614 -0.003060 -0.050872
v 0.069514 -0.006215 -0.050856
v 0.059689 -0.007560 -0.049640
v 0.060040 -0.006267 -0.049784
v 0.060739 -0.006805 -0.050954
v 0.060219 -0.008436 -0.050992
v 0.062329 -0.012760 -0.051326
v 0.065001 -0.013852 -0.050286
v 0.064214 -0.015822 -0.048763
v 0.061331 -0.015205 -0.050799
v 0.058808 -0.011025 -0.050052
v 0.059283 -0.009286 -0.049728
v 0.060061 -0.010239 -0.051142
v 0.059692 -0.012251 -0.051437
v 0.083511 0.018834 -0.053503
v 0.085256 0.018728 -0.055110
v 0.089841 0.010498 -0.065236
v 0.089838 0.008379 -0.066364
v 0.088478 0.014937 -0.063055
v 0.088855 0.013235 -0.064468
v 0.072321 -0.012356 -0.040704
v 0.073349 -0.012134 -0.042669
v 0.072895 -0.013806 -0.042642
v 0.091098 0.013945 -0.065327
v 0.091605 0.015551 -0.066644
v 0.070061 -0.029961 -0.038623
v 0.068797 -0.031364 -0.037929
v 0.043165 -0.099345 -0.023213
v 0.053131 -0.094402 -0.034911
v 0.052606 -0.104249 -0.034642
v 0.043345 -0.109287 -0.023483
v 0.080311 0.015979 -0.045049
v 0.079090 0.018494 -0.044556
v 0.058954 -0.012397 -0.048526
v 0.058895 -0.013623 -0.050543
v 0.061398 -0.015317 -0.049126
v 0.064491 -0.008059 -0.047163
v 0.060251 -0.007331 -0.047884
v 0.062633 -0.011007 -0.051263
v 0.064250 -0.005846 -0.050429
v 0.064686 -0.004734 -0.048777
v 0.067064 -0.019036 -0.045520
v 0.068676 -0.019316 -0.047999
v 0.070214 -0.019433 -0.044465
v 0.059300 -0.014034 -0.051302
v 0.070897 0.004422 -0.052202
v 0.065845 -0.009923 -0.051013
v 0.068968 -0.012434 -0.052740
v 0.068552 -0.014614 -0.051850
v 0.065546 -0.011919 -0.050950
v 0.078070 -0.022924 -0.053269
v 0.078425 -0.021025 -0.053135
v 0.072537 -0.016734 -0.053783
v 0.075543 -0.016684 -0.051726
v 0.072161 -0.000187 -0.051196
v 0.073868 0.002909 -0.049383
v 0.069289 -0.003577 -0.048080
v 0.066703 -0.007647 -0.050683
v 0.069006 -0.009833 -0.052612
v 0.064750 -0.006535 -0.047370
v 0.068663 -0.006618 -0.046852
v 0.068489 -0.005527 -0.047107
v 0.064703 -0.005500 -0.047670
v 0.079272 0.009664 -0.053914
v 0.077693 0.016114 -0.043600
v 0.079128 0.013191 -0.044527
v 0.078466 0.027404 -0.070799
v 0.076163 0.019278 -0.075489
v 0.076891 0.019970 -0.062672
v 0.062636 -0.009039 -0.051035
v 0.060949 -0.005205 -0.049382
v 0.061115 -0.005428 -0.047945
v 0.083597 -0.019332 -0.061177
v 0.071237 -0.019614 -0.044092
v 0.072008 0.004791 -0.048742
v 0.083097 -0.010806 -0.067669
v 0.081761 -0.015946 -0.065558
v 0.071179 0.006008 -0.049047
v 0.072172 0.007177 -0.047873
v 0.069471 -0.018975 -0.048784
v 0.070781 -0.018324 -0.045617
v 0.072549 0.007640 -0.047800
v 0.072748 -0.012695 -0.044118
v 0.084468 0.009470 -0.059199
v 0.074514 -0.030417 -0.053506
v 0.072602 -0.031949 -0.050584
v 0.060675 -0.006267 -0.047972
v 0.064052 -0.015936 -0.048051
v 0.063838 -0.007264 -0.051114
v 0.071080 -0.008789 -0.045682
v 0.070550 -0.010983 -0.045380
v 0.073360 -0.010465 -0.044309
v 0.077010 -0.016342 -0.053495
v 0.073324 -0.015413 -0.056100
v 0.074501 -0.014520 -0.058255
v 0.078671 -0.015733 -0.055294
v 0.080348 -0.020745 -0.063070
v 0.078729 -0.025043 -0.059580
v 0.081073 -0.026839 -0.059329
v 0.083108 -0.022425 -0.063233
v 0.079898 0.042729 -0.079379
v 0.079433 0.032993 -0.063968
v 0.080824 0.049196 -0.067968
v 0.082365 0.019055 -0.062762
v 0.082499 0.016734 -0.064487
v 0.087563 0.017746 -0.067402
v 0.077318 0.023491 -0.048507
v 0.077883 0.021079 -0.052408
v 0.077384 0.022391 -0.050169
v 0.087598 -0.006031 -0.070370
v 0.074341 0.004951 -0.042775
v 0.076339 0.005561 -0.045547
v 0.075759 -0.018035 -0.061245
v 0.078561 -0.017616 -0.053430
v 0.080616 -0.017174 -0.055700
v 0.088633 0.019790 -0.055522
v 0.085534 0.017925 -0.053107
v 0.009034 -0.110629 0.003926
v 0.009060 -0.117778 0.000156
v 0.008478 -0.008603 0.058660
v 0.010018 -0.008917 0.057290
v 0.008982 -0.006975 0.056307
v 0.008196 -0.006874 0.056941
v 0.008865 -0.017802 0.057180
v 0.008284 -0.016150 0.056129
v 0.009170 -0.016430 0.055451
v 0.009905 -0.017786 0.056260
v 0.005666 -0.007148 0.056041
v 0.004070 -0.010089 0.058826
v 0.005597 -0.008667 0.060299
v 0.006871 -0.006387 0.056875
v 0.088065 0.023157 -0.056528
v 0.012016 -0.018043 0.056651
v 0.011028 -0.016433 0.055550
v 0.012047 -0.015700 0.057267
v 0.013492 -0.017043 0.058302
v 0.004967 -0.016942 0.064979
v 0.006089 -0.014790 0.065163
v 0.004849 -0.015758 0.062755
v 0.004844 -0.017593 0.062340
v 0.007753 -0.014134 0.064594
v 0.009551 -0.014722 0.066240
v 0.011235 -0.014809 0.064624
v 0.009197 -0.014202 0.063035
v 0.004662 -0.013592 0.057946
v 0.005747 -0.015437 0.059142
v 0.003931 -0.013547 0.061531
v 0.012192 -0.013621 0.055565
v 0.010537 -0.014751 0.054271
v 0.009855 -0.010913 0.053423
v 0.011257 -0.009976 0.054451
v 0.046105 -0.083312 -0.022586
v 0.054517 -0.081201 -0.036310
v 0.034741 0.004707 0.037535
v 0.033992 0.001700 0.038616
v 0.029682 0.002855 0.039300
v 0.030661 0.005516 0.038392
v 0.074163 -0.008105 -0.043287
v 0.073637 -0.007307 -0.041981
v 0.082531 0.014004 -0.066128
v 0.088187 0.016534 -0.060159
v 0.082212 0.020927 -0.060590
v 0.080947 0.023225 -0.055895
v 0.079869 0.021752 -0.054938
v 0.081061 0.019083 -0.058982
v 0.090618 0.017158 -0.061415
v 0.072414 -0.021075 -0.043776
v 0.081874 0.005473 -0.056460
v 0.080335 0.023722 -0.053398
v 0.083794 0.025198 -0.054019
v 0.087898 -0.006063 -0.066154
v 0.090949 0.015603 -0.063461
v 0.088981 0.014189 -0.062258
v 0.081994 0.015773 -0.047169
v 0.075574 -0.012436 -0.060647
v 0.081987 -0.012366 -0.058653
v 0.080464 -0.014732 -0.057021
v -0.091174 0.013576 -0.070533
v -0.091033 0.010975 -0.071832
v -0.091077 0.009615 -0.070010
v -0.091041 0.011963 -0.069203
v -0.087339 -0.005076 -0.068896
v -0.087443 0.002426 -0.070499
v -0.088679 0.004959 -0.070977
v -0.088665 0.002931 -0.070527
v 0.074770 -0.014011 -0.059638
v 0.069558 0.001209 -0.054690
v 0.069098 -0.016290 -0.035350
v 0.077455 -0.027679 -0.050692
v -0.086865 -0.015490 -0.065678
v -0.086026 -0.014826 -0.065301
v -0.087814 -0.010213 -0.066947
v -0.088536 -0.010576 -0.067665
v 0.078484 -0.026553 -0.053182
v 0.029079 -0.033494 -0.115562
v 0.032558 -0.022396 -0.122044
v 0.089875 -0.006242 -0.069232
v 0.082976 0.017972 -0.054189
v 0.074058 -0.021638 -0.045114
v 0.073159 -0.027546 -0.044368
v 0.071852 -0.026965 -0.042457
v 0.076778 0.008866 -0.053172
v 0.075000 -0.017020 -0.061697
v 0.075194 -0.014725 -0.062580
v 0.061091 -0.005928 -0.050700
v 0.077650 -0.023229 -0.059051
v 0.073799 -0.028625 -0.053430
v 0.058420 -0.078026 -0.049886
v 0.054821 -0.075385 -0.065050
v -0.071997 -0.035217 -0.043025
v -0.074528 -0.033380 -0.044827
v -0.075093 -0.035220 -0.046074
v -0.070605 -0.036423 -0.044548
v 0.055661 -0.086720 -0.062974
v 0.057793 -0.090312 -0.048423
v 0.071009 -0.002201 -0.036364
v 0.071467 -0.009619 -0.038828
v 0.070450 -0.010607 -0.037050
v 0.022038 -0.101408 -0.001075
v 0.019612 -0.113254 -0.005070
v 0.069394 -0.015661 -0.031249
v 0.069400 -0.016319 -0.021222
v 0.071022 -0.000366 -0.021308
v 0.070386 -0.005908 -0.030863
v 0.059794 0.030825 0.014685
v 0.061438 0.031400 0.010200
v 0.062310 0.021972 0.010115
v 0.060299 0.023174 0.014019
v 0.020115 0.088961 0.032151
v 0.010064 0.089776 0.034372
v 0.010087 0.097307 0.028276
v 0.020367 0.096184 0.025668
v 0.034582 -0.014245 -0.126439
v 0.036537 -0.003776 -0.131224
v 0.016982 -0.006693 -0.138307
v 0.015817 -0.016397 -0.133097
v 0.020526 0.113313 0.003161
v 0.010033 0.114981 0.005866
v 0.010148 0.119958 -0.004212
v -0.067744 -0.035091 -0.045257
v -0.072022 -0.035778 -0.049361
v -0.071216 -0.032669 -0.050275
v -0.067931 -0.032700 -0.046894
v 0.020830 0.118005 -0.006569
v 0.053864 0.002255 0.027993
v 0.055965 -0.004096 0.028140
v 0.052100 -0.004729 0.032021
v 0.050383 0.001681 0.031048
v 0.072650 -0.032212 -0.041623
v 0.071593 -0.031290 -0.040415
v -0.087032 0.023384 -0.055029
v -0.087014 0.020208 -0.054983
v -0.085014 0.019659 -0.052560
v -0.085278 0.022894 -0.052169
v -0.073873 -0.010562 -0.065306
v -0.071765 -0.016991 -0.063150
v -0.077512 -0.011832 -0.065632
v -0.077849 -0.009146 -0.066079
v 0.010324 0.124196 -0.016005
v 0.021267 0.122043 -0.017951
v 0.011902 0.011855 0.044175
v -0.084285 0.012541 -0.063116
v -0.085524 0.013726 -0.066614
v -0.085874 0.011693 -0.067847
v -0.084835 0.009986 -0.065237
v -0.087312 0.015485 -0.071338
v -0.087405 0.012611 -0.072867
v -0.070538 -0.026302 -0.040691
v -0.069809 -0.022581 -0.039935
v -0.070415 -0.020959 -0.041286
v -0.070858 -0.021990 -0.042429
v -0.070394 -0.008795 -0.056766
v -0.072025 -0.004727 -0.054940
v -0.082392 -0.025947 -0.060598
v -0.082518 -0.024160 -0.059716
v -0.084630 -0.020021 -0.063120
v -0.084643 -0.021249 -0.064041
v 0.012354 0.013923 0.041361
v 0.016094 0.010512 0.040179
v 0.015650 0.008299 0.042408
v 0.007996 0.061037 0.046250
v 0.008931 0.069177 0.043678
v 0.017903 0.069068 0.042206
v 0.016420 0.060895 0.045277
v 0.020732 0.007750 0.039241
v 0.019961 0.005632 0.040647
v 0.010031 0.103832 0.021502
v 0.020448 0.102558 0.018690
v 0.020660 0.127801 -0.068215
v -0.079854 -0.021568 -0.057983
v -0.082123 -0.019051 -0.061626
v -0.083322 -0.018336 -0.063338
v -0.081972 -0.020500 -0.061356
v 0.021169 0.128158 -0.059716
v 0.009909 0.130837 -0.060149
v -0.087851 0.016084 -0.061992
v -0.085662 0.018017 -0.057556
v -0.086170 0.018124 -0.057946
v -0.087998 0.015971 -0.063053
v 0.010941 0.129810 -0.072741
v 0.067684 -0.000334 -0.091520
v 0.070914 -0.001437 -0.076081
v 0.073963 0.010515 -0.077711
v 0.071982 0.016115 -0.094339
v 0.032537 -0.094477 -0.010516
v 0.030968 -0.106624 -0.013457
v -0.079852 0.003105 -0.065401
v -0.078518 0.008229 -0.063564
v -0.077596 0.007487 -0.063528
v -0.078885 0.002986 -0.065108
v -0.087994 0.012648 -0.069360
v -0.088315 0.009964 -0.070419
v -0.086426 0.009116 -0.069373
v -0.074508 0.010285 -0.052181
v -0.074780 0.010855 -0.052912
v -0.075451 0.009257 -0.053285
v -0.074864 0.008194 -0.052031
v -0.074636 -0.036393 -0.049491
v -0.068657 -0.025097 -0.056794
v -0.070364 -0.024195 -0.058140
v -0.073095 -0.020269 -0.061166
v -0.072132 -0.019271 -0.061346
v 0.053216 0.052474 0.022565
v 0.055108 0.058077 0.018068
v 0.058311 0.050865 0.014357
v 0.056132 0.046333 0.019124
v 0.006472 0.048151 0.049890
v 0.013928 0.047791 0.049704
v 0.012055 0.041546 0.049954
v 0.005799 0.041783 0.050164
v -0.067972 -0.033503 -0.041057
v -0.070774 -0.033376 -0.040698
v -0.071604 -0.034688 -0.041943
v -0.068591 -0.035113 -0.042410
v 0.060472 0.015766 0.014620
v 0.062998 0.012835 0.011628
v 0.062181 0.004522 0.016347
v 0.059341 0.008599 0.018364
v 0.056442 0.003653 0.024577
v -0.077706 0.014255 -0.052984
v -0.080034 0.013787 -0.055379
v -0.078440 0.012734 -0.054555
v -0.076701 0.013009 -0.052756
v 0.058755 -0.002309 0.024148
v -0.086280 0.000545 -0.068927
v -0.085120 0.007333 -0.067034
v 0.019230 0.078999 0.038262
v 0.009602 0.079495 0.040015
v 0.060308 0.041511 0.011464
v 0.058318 0.038790 0.016407
v 0.009179 0.015213 0.046794
v 0.009870 0.016806 0.043156
v 0.007501 0.022032 0.046084
v -0.085401 -0.008780 -0.063443
v -0.085799 -0.008696 -0.066518
v -0.084721 -0.012710 -0.065281
v -0.084664 -0.012788 -0.062176
v 0.004638 0.021327 0.051942
v 0.004723 0.025311 0.050715
v 0.007522 0.025090 0.046873
v 0.034059 0.060294 0.038171
v 0.035677 0.067905 0.034580
v 0.043168 0.066564 0.029046
v 0.041632 0.059408 0.032898
v 0.020476 0.108143 0.011390
v -0.085068 -0.000723 -0.063477
v -0.085788 -0.000574 -0.066889
v 0.009996 0.109605 0.014210
v 0.004982 0.034143 0.049667
v 0.009185 0.034007 0.048060
v 0.008034 0.030886 0.047287
v -0.089015 0.008753 -0.068857
v -0.089042 0.002608 -0.069142
v -0.088851 0.009188 -0.069572
v -0.076503 0.011483 -0.061267
v -0.076545 0.014448 -0.065144
v -0.076003 0.007822 -0.066767
v -0.076839 0.008917 -0.062764
v 0.005024 0.031031 0.049699
v 0.024610 0.004038 0.039943
v 0.025519 0.006433 0.038974
v 0.064785 -0.031112 -0.044465
v 0.065872 -0.032362 -0.043973
v 0.072677 0.015155 -0.033942
v 0.071213 0.004569 -0.032015
v 0.071583 0.012929 -0.022372
v 0.072198 0.025750 -0.024585
v 0.074707 0.037625 -0.028141
v 0.076039 0.046152 -0.033515
v 0.076689 0.030413 -0.040653
v 0.074962 0.024091 -0.036283
v 0.049946 -0.084198 -0.075799
v 0.047531 -0.074043 -0.079150
v 0.004525 0.018124 0.054498
v 0.004467 0.015102 0.057016
v 0.019461 0.035356 -0.149851
v -0.070858 -0.016994 -0.042057
v -0.072255 -0.014891 -0.043290
v -0.071229 -0.017061 -0.044676
v -0.070712 -0.019101 -0.044298
v 0.018822 0.021757 -0.147943
v 0.039169 0.025819 -0.139470
v 0.039589 0.038770 -0.140975
v 0.064369 -0.010943 -0.087462
v -0.073604 -0.022086 -0.059915
v -0.070993 -0.025146 -0.057429
v -0.071412 -0.025462 -0.056766
v -0.074169 -0.023768 -0.058399
v 0.068229 -0.010269 -0.073204
v 0.010680 -0.012005 0.059204
v 0.007506 -0.007605 0.054466
v 0.007563 -0.011274 0.053430
v 0.007222 -0.008725 0.054484
v 0.010768 -0.014598 0.060849
v 0.012925 -0.015415 0.062084
v 0.008456 -0.014822 0.054231
v 0.007770 -0.014604 0.054577
v 0.007020 -0.010967 0.053616
v 0.008806 -0.007049 0.055147
v 0.002303 -0.018698 0.067345
v 0.002974 -0.017339 0.070435
v 0.006636 -0.015886 0.069182
v 0.005104 -0.017309 0.067033
v 0.005268 -0.008448 0.055746
v 0.004327 -0.010497 0.056370
v 0.005307 -0.012306 0.063599
v 0.007072 -0.008536 0.059724
v 0.007544 -0.006523 0.056948
v 0.007000 -0.011638 0.062834
v 0.006036 -0.017608 0.059733
v 0.008779 -0.011575 0.061209
v -0.082088 0.015274 -0.057598
v -0.082048 0.009855 -0.058213
v -0.080667 0.009657 -0.056718
v -0.076303 -0.020275 -0.049555
v -0.077076 -0.018987 -0.051463
v -0.077976 -0.022058 -0.053396
v -0.076970 -0.024110 -0.051842
v 0.077331 -0.018274 -0.051414
v 0.055815 -0.064036 -0.031087
v 0.059397 -0.049512 -0.038635
v 0.058765 -0.049962 -0.044410
v -0.078474 -0.032445 -0.054850
v -0.076264 -0.032676 -0.055487
v -0.074214 -0.034824 -0.052400
v -0.076578 -0.035157 -0.052111
v -0.070709 -0.020245 -0.043214
v -0.070539 -0.019569 -0.041678
v -0.081726 0.003584 -0.067286
v -0.080463 0.009760 -0.065316
v 0.056806 -0.065222 -0.040260
v 0.079512 0.008039 -0.054604
v 0.066629 0.057833 -0.003854
v 0.068163 0.069685 -0.013290
v 0.073418 0.057968 -0.024796
v -0.083880 0.008252 -0.063040
v -0.084398 0.005943 -0.064513
v 0.072826 0.047261 -0.019495
v 0.068620 0.079477 -0.021527
v 0.073892 0.068833 -0.032230
v 0.077128 0.056637 -0.041807
v 0.078898 0.036278 -0.055514
v 0.041504 0.018262 0.033353
v 0.041779 0.017969 0.033249
v 0.040334 0.017516 0.034445
v -0.073512 -0.004451 -0.047791
v -0.070890 -0.003774 -0.048851
v -0.070724 -0.004463 -0.049025
v -0.073916 -0.006053 -0.047650
v 0.040133 0.017883 0.034581
v 0.041117 0.018488 0.033150
v 0.039916 0.018092 0.034074
v -0.074009 -0.004385 -0.046286
v -0.074439 -0.005901 -0.046177
v -0.074198 -0.006271 -0.044669
v -0.073837 -0.005376 -0.044585
v 0.042156 0.018935 0.032376
v 0.042572 0.018661 0.032518
v 0.042753 0.018352 0.032381
v 0.025265 0.018678 0.036886
v 0.025661 0.018812 0.036170
v 0.028002 0.018187 0.037181
v 0.027849 0.018041 0.037956
v 0.025124 0.018365 0.037143
v 0.028098 0.017597 0.038006
v -0.070191 -0.003462 -0.049756
v -0.070312 -0.003729 -0.049256
v -0.070800 -0.003288 -0.049665
v -0.074923 -0.000532 -0.061267
v -0.076309 -0.008466 -0.063290
v -0.074095 -0.008450 -0.062099
v -0.071323 -0.000905 -0.060408
v 0.024248 0.020217 0.031082
v 0.023994 0.020874 0.031127
v -0.086366 -0.007450 -0.068152
v 0.025275 0.019280 0.031322
v 0.023056 0.021039 0.033670
v 0.022907 0.022333 0.033740
v -0.081670 0.019020 -0.048101
v -0.080095 0.020855 -0.047800
v -0.082612 0.024618 -0.052479
v 0.023572 0.022700 0.031227
v 0.023731 0.021468 0.031128
v 0.023348 0.020428 0.033825
v -0.072037 -0.017666 -0.054043
v -0.074488 -0.016753 -0.050778
v -0.072597 -0.016802 -0.049268
v -0.071120 -0.018122 -0.052373
v -0.070251 -0.012801 -0.047368
v -0.068292 -0.016202 -0.046491
v -0.072710 -0.014386 -0.046152
v -0.073977 0.001348 -0.045983
v -0.072293 -0.002295 -0.049108
v -0.073291 -0.003344 -0.047494
v -0.073698 -0.003113 -0.046052
v -0.086708 -0.016174 -0.066788
v -0.088385 -0.011058 -0.069101
v -0.086590 -0.011125 -0.070407
v -0.084956 -0.016540 -0.068051
v 0.021656 0.020199 0.034293
v 0.021357 0.020716 0.034214
v -0.068465 -0.029867 -0.039426
v -0.066291 -0.032583 -0.042304
v -0.068455 -0.026779 -0.038359
v -0.090887 0.020154 -0.064771
v -0.086910 0.022653 -0.065117
v -0.087126 0.020672 -0.067593
v -0.091134 0.018190 -0.067046
v -0.070516 0.003008 -0.054979
v -0.070697 0.000853 -0.054615
v -0.071145 0.002414 -0.052993
v -0.071074 0.004278 -0.053065
v 0.021379 0.022062 0.034361
v 0.032743 0.016537 0.038005
v 0.033113 0.015909 0.037704
v 0.028607 0.016399 0.037898
v 0.028411 0.017024 0.038004
v 0.032422 0.017086 0.038125
v 0.035627 0.017076 0.037374
v 0.036012 0.016549 0.037124
v 0.036314 0.015962 0.036722
v -0.052275 -0.032670 -0.094048
v -0.060322 -0.032844 -0.075453
v -0.063970 -0.019065 -0.084077
v -0.057040 -0.019220 -0.099792
v -0.079583 -0.029991 -0.054369
v -0.078473 -0.032276 -0.051790
v -0.075114 0.008995 -0.044672
v -0.074462 0.011014 -0.043255
v -0.075820 0.016411 -0.044335
v -0.076343 0.013022 -0.044663
v 0.025214 0.017320 0.037282
v 0.025137 0.017930 0.037252
v 0.036582 0.015305 0.036283
v 0.033400 0.015197 0.037279
v -0.087750 0.004369 -0.073930
v -0.090607 0.003637 -0.072292
v 0.028809 0.015620 0.037653
v 0.025162 0.016744 0.037332
v 0.021954 0.018178 0.036629
v 0.022278 0.018593 0.036517
v 0.033603 0.014435 0.036981
v 0.033560 0.013570 0.036871
v 0.028759 0.013972 0.037452
v 0.028839 0.014795 0.037470
v -0.077061 0.014928 -0.051289
v -0.081036 0.018602 -0.054333
v -0.078775 0.016049 -0.053402
v -0.076892 0.014592 -0.051733
v -0.076097 0.006894 -0.049801
v -0.076877 0.008198 -0.049278
v -0.075497 0.009059 -0.049469
v -0.074483 0.007667 -0.049650
v 0.036741 0.014536 0.035883
v 0.036734 0.013610 0.035783
v -0.074427 0.015601 -0.041638
v -0.076043 0.020448 -0.044577
v 0.044498 0.018645 0.030576
v 0.045066 0.019192 0.029839
v 0.045233 0.018423 0.029655
v -0.067518 -0.025857 -0.055945
v 0.044963 0.017958 0.030006
v 0.048151 0.015214 0.026241
v 0.049026 0.016584 0.025381
v 0.051087 0.015320 0.023793
v -0.076743 0.007926 -0.047298
v -0.077630 0.010500 -0.046680
v -0.077977 0.009721 -0.049054
v -0.069352 -0.021743 -0.037862
v -0.070057 -0.019980 -0.039990
v -0.076107 0.013365 -0.051671
v -0.075484 0.012291 -0.051714
v -0.073931 0.009008 -0.051345
v -0.074410 0.006657 -0.052461
v 0.049858 0.013907 0.025109
v -0.081148 0.000245 -0.059535
v -0.082867 -0.008134 -0.061132
v 0.058245 0.005583 0.021302
v 0.051835 0.011333 0.024352
v 0.053224 0.012880 0.022311
v 0.043825 0.018186 0.031328
v 0.043023 0.017854 0.032160
v 0.043589 0.018749 0.031547
v 0.044246 0.019207 0.030849
v 0.044348 0.017561 0.030763
v 0.043444 0.017211 0.031778
v 0.042105 0.017488 0.033071
v 0.042492 0.016827 0.032760
v 0.040986 0.016378 0.034026
v 0.040675 0.016985 0.034273
v 0.038550 0.016676 0.035697
v -0.067503 -0.018676 -0.070781
v -0.064590 -0.032487 -0.055871
v 0.038218 0.017208 0.035913
v 0.038860 0.016078 0.035349
v 0.041279 0.015700 0.033726
v 0.039235 0.015427 0.034992
v 0.042917 0.016134 0.032270
v 0.043995 0.016555 0.031143
v 0.044847 0.016974 0.030093
v 0.045503 0.017394 0.029296
v 0.045893 0.018058 0.028802
v 0.045454 0.016218 0.029180
v 0.046145 0.015389 0.028366
v 0.044904 0.014882 0.029758
v 0.044489 0.015792 0.030381
v 0.046276 0.016750 0.028242
v 0.047107 0.016026 0.027248
v -0.074352 0.009408 -0.049474
v -0.074131 0.009678 -0.049778
v -0.073247 0.008759 -0.050483
v -0.073500 0.008343 -0.049712
v 0.043257 0.015441 0.031754
v 0.043516 0.014592 0.031237
v 0.041609 0.014182 0.032917
v 0.041468 0.015096 0.033397
v -0.077451 -0.033947 -0.049320
v -0.079657 0.006362 -0.056862
v -0.076585 0.004806 -0.055075
v -0.077263 0.006763 -0.053920
v 0.039504 0.014752 0.034627
v 0.039618 0.013832 0.034265
v -0.088599 -0.005484 -0.067836
v -0.089754 0.002695 -0.068921
v -0.090822 0.003167 -0.070451
v -0.089588 -0.005657 -0.069102
v 0.032261 0.017475 0.038156
v 0.032132 0.017689 0.037590
v 0.035256 0.017687 0.036945
v 0.035400 0.017463 0.037493
v 0.037945 0.017595 0.035989
v -0.066594 -0.033641 -0.043313
v -0.070563 0.000074 -0.055562
v -0.071831 -0.001797 -0.054836
v 0.037883 0.017838 0.035464
v 0.035310 0.016632 0.034490
v 0.034430 0.017393 0.030712
v 0.037263 0.017454 0.029902
v 0.038498 0.016846 0.033344
v -0.071440 0.005636 -0.052913
v -0.072238 0.007303 -0.051332
v 0.031632 0.016449 0.035003
v 0.031162 0.017728 0.031277
v 0.028014 0.017036 0.035162
v -0.070326 -0.017088 -0.039872
v 0.027915 0.018435 0.031408
v 0.025539 0.018658 0.034867
v 0.034325 0.030407 0.037705
v 0.034485 0.030087 0.038276
v 0.039253 0.029435 0.037613
v 0.038897 0.029643 0.036996
v 0.049731 -0.000630 -0.121192
v 0.051190 0.014364 -0.126734
v 0.038418 0.009930 -0.136058
v 0.041772 0.028027 0.035821
v 0.041844 0.028553 0.035728
v 0.044096 0.027322 0.034213
v 0.043826 0.026773 0.034296
v 0.041646 0.027277 0.035887
v -0.087212 0.016522 -0.066501
v -0.087576 0.014732 -0.067971
v -0.085427 0.015161 -0.065183
v -0.085051 0.016327 -0.063587
v -0.084201 0.017454 -0.059756
v -0.084765 0.019096 -0.059357
v -0.086495 0.017925 -0.064378
v -0.075284 0.005434 -0.053900
v -0.076349 0.007207 -0.052818
v 0.043558 0.026007 0.034114
v 0.038729 0.028494 0.037499
v -0.075321 -0.021502 -0.048091
v -0.075969 -0.027578 -0.049170
v -0.083314 -0.016213 -0.062965
v -0.083045 -0.015476 -0.059974
v -0.083837 -0.005313 -0.071255
v -0.083796 0.003925 -0.072028
v -0.082483 0.003700 -0.069588
v -0.082724 -0.004972 -0.069749
v 0.038840 0.029227 0.037489
v 0.038839 0.029574 0.037133
v 0.043654 0.024278 0.029185
v 0.042743 0.025858 0.030008
v -0.077898 -0.003375 -0.065763
v -0.075207 -0.002555 -0.066114
v -0.073505 -0.004302 -0.044066
v -0.072868 -0.000643 -0.042133
v -0.071443 0.005134 -0.053418
v -0.071872 0.006538 -0.051279
v -0.077892 -0.019368 -0.062312
v -0.073597 -0.026707 -0.055258
v -0.077784 -0.021617 -0.060741
v -0.069554 -0.027418 -0.053171
v -0.069132 -0.028417 -0.050960
v -0.071695 -0.028478 -0.052634
v 0.042593 0.024725 0.032552
v 0.043294 0.023613 0.031404
v 0.044103 0.023483 0.028470
v 0.043727 0.022779 0.030466
v 0.043684 0.023905 0.025233
v 0.042903 0.024703 0.025942
v 0.041713 0.025674 0.026964
v -0.079988 -0.019684 -0.057105
v -0.081795 -0.018460 -0.059897
v 0.044134 0.023156 0.024834
v -0.069349 -0.003704 -0.050524
v -0.067696 -0.005197 -0.051706
v -0.069041 -0.004256 -0.049861
v -0.083721 -0.000450 -0.060958
v -0.084593 -0.008440 -0.061562
v -0.077017 0.010326 -0.049440
v 0.044406 0.022385 0.024692
v -0.074710 0.000340 -0.051222
v -0.075865 0.003735 -0.048947
v -0.080046 0.013882 -0.048977
v -0.078515 0.012082 -0.049658
v -0.077987 0.011232 -0.049470
v -0.078959 0.011713 -0.048768
v -0.062720 -0.013602 -0.049599
v -0.066246 -0.015161 -0.048398
v -0.067707 -0.011945 -0.048298
v 0.044339 0.021508 0.024649
v 0.044054 0.020680 0.024977
v 0.060685 -0.010918 0.021571
v 0.060752 0.000444 0.020252
v -0.083489 0.019329 -0.058258
v -0.083739 0.017204 -0.059421
v -0.081540 0.010533 -0.067296
v 0.062969 -0.007625 0.017138
v 0.043318 0.019121 0.031738
v -0.075770 0.011096 -0.054025
v -0.076629 0.009483 -0.054762
v 0.044009 0.019635 0.030996
v -0.078209 0.022954 -0.059558
v -0.077506 0.021020 -0.056337
v -0.077604 0.021195 -0.055147
v -0.078137 0.025211 -0.055024
v 0.042788 0.019427 0.031740
v -0.068401 -0.031144 -0.047873
v -0.071057 -0.030883 -0.050722
v -0.070876 -0.029593 -0.051096
v -0.068684 -0.029728 -0.049059
v -0.071834 -0.017021 -0.048640
v -0.070822 -0.018324 -0.051399
v 0.043175 0.019796 0.031211
v -0.084900 -0.014800 -0.065623
v -0.084064 -0.015687 -0.064608
v -0.085437 -0.011678 -0.066718
v -0.086606 -0.010475 -0.067452
v 0.044491 0.020201 0.030186
v 0.044952 0.019778 0.030016
v 0.041795 0.017669 0.031042
v 0.041521 0.018227 0.028007
v 0.042637 0.018789 0.027074
v -0.071571 0.003802 -0.056702
v -0.070549 0.002682 -0.057238
v -0.078070 0.015356 -0.057707
v -0.080120 0.017848 -0.059320
v -0.079038 0.020644 -0.055505
v -0.077546 0.018399 -0.055270
v -0.082731 0.011326 -0.069853
v 0.042710 0.018617 0.029863
v 0.040666 0.017092 0.032048
v 0.039727 0.017735 0.028977
v 0.043200 0.019322 0.026322
v 0.043726 0.019980 0.025526
v -0.076711 0.008284 -0.054403
v -0.077288 0.008516 -0.055496
v 0.043272 0.019122 0.029255
v -0.076155 0.008670 -0.053942
v 0.043735 0.019722 0.028406
v 0.043600 0.020304 0.030481
v -0.073845 0.006777 -0.049954
v -0.075485 0.005598 -0.050273
v -0.079345 0.013869 -0.050323
v -0.083272 0.017373 -0.053666
v -0.082431 0.017117 -0.053283
v -0.078769 0.014381 -0.050735
v 0.044319 0.021227 0.027648
v 0.044408 0.021910 0.027727
v 0.043954 0.020823 0.029682
v -0.074358 0.011134 -0.050850
v 0.044368 0.021458 0.028996
v 0.044107 0.020554 0.027807
v -0.015400 -0.034172 -0.121277
v -0.017062 -0.023973 -0.128608
v 0.044342 0.022727 0.027986
v 0.044102 0.022091 0.029567
v 0.045490 0.019178 0.029300
v 0.045396 0.020279 0.029309
v 0.046313 0.021364 0.028358
v 0.046134 0.019019 0.028513
v -0.077697 0.021008 -0.047804
v -0.078876 0.022827 -0.051893
v -0.079769 0.023806 -0.052294
v -0.078202 0.021938 -0.048890
v -0.084635 0.015119 -0.062979
v 0.047214 0.018892 0.027401
v 0.046815 0.017560 0.027619
v 0.047698 0.021788 0.027657
v 0.048959 0.021976 0.026873
v -0.088859 0.011581 -0.068412
v -0.072837 -0.002888 -0.053107
v -0.069478 -0.005977 -0.053095
v 0.048416 0.018801 0.026308
v 0.047770 0.017208 0.026586
v 0.044938 0.020707 0.029509
v -0.059988 -0.007227 -0.051487
v -0.060296 -0.006017 -0.051680
v -0.061016 -0.006523 -0.052774
v -0.060550 -0.008093 -0.052779
v 0.045280 0.021319 0.029002
v 0.047086 0.023108 0.029052
v -0.062977 -0.012229 -0.053121
v -0.065635 -0.013469 -0.052142
v -0.064809 -0.015410 -0.050698
v -0.062079 -0.014610 -0.052601
v 0.047992 0.023811 0.028733
v 0.045848 0.022509 0.029528
v 0.045379 0.023532 0.030898
v 0.046392 0.024320 0.030836
v -0.059290 -0.010466 -0.051923
v -0.059651 -0.008855 -0.051558
v -0.060475 -0.009770 -0.052943
v -0.060373 -0.011678 -0.053272
v 0.047013 0.024991 0.030771
v 0.045351 0.025475 0.032547
v -0.083025 0.018892 -0.055933
v -0.084791 0.019008 -0.057539
v 0.045845 0.026088 0.032498
v 0.044640 0.024736 0.032402
v 0.044857 0.022218 0.029831
v -0.089521 0.011002 -0.067811
v -0.089671 0.008817 -0.068688
v -0.088233 0.015278 -0.065464
v -0.088518 0.013640 -0.066919
v 0.044435 0.023038 0.030787
v 0.043844 0.024023 0.031993
v 0.043070 0.025093 0.033340
v -0.072844 -0.012299 -0.043059
v -0.073806 -0.012027 -0.044990
v -0.073396 -0.013688 -0.044987
v -0.090552 0.014379 -0.067808
v -0.091148 0.015931 -0.068957
v -0.071028 -0.029753 -0.040351
v -0.069925 -0.031193 -0.039577
v -0.043650 -0.099798 -0.023926
v -0.053730 -0.094966 -0.035427
v -0.053598 -0.104954 -0.035040
v -0.044127 -0.109774 -0.023998
v -0.080074 0.016213 -0.047151
v -0.079196 0.018670 -0.046270
v 0.041436 0.026554 0.035329
v 0.041096 0.026151 0.034540
v 0.038574 0.027688 0.037022
v -0.059667 -0.011897 -0.050387
v -0.059711 -0.013034 -0.052452
v -0.062203 -0.014695 -0.051031
v -0.065000 -0.007904 -0.049169
v -0.060760 -0.007142 -0.049766
v 0.038404 0.027265 0.036309
v 0.034939 0.030375 0.039296
v 0.040256 0.029968 0.038468
v 0.038289 0.028417 0.033240
v 0.036613 0.027222 0.030138
v 0.034053 0.027527 0.031484
v 0.034889 0.029052 0.035006
v -0.063023 -0.010590 -0.053016
v 0.023079 0.023216 0.033951
v 0.023532 0.024505 0.034499
v -0.064446 -0.005656 -0.052403
v -0.065128 -0.004697 -0.050809
v -0.067645 -0.018662 -0.047665
v -0.069233 -0.018958 -0.050150
v -0.070844 -0.019057 -0.046593
v -0.060081 -0.013357 -0.053155
v -0.071354 0.004785 -0.054410
v 0.024058 0.024840 0.031811
v 0.023503 0.023596 0.031337
v 0.022167 0.022979 0.034812
v 0.023311 0.024324 0.035504
v -0.066063 -0.009661 -0.052946
v -0.069310 -0.012323 -0.054833
v -0.069003 -0.014470 -0.053864
v -0.065896 -0.011569 -0.052830
v -0.078408 -0.022508 -0.055096
v -0.078798 -0.020670 -0.054944
v -0.073178 -0.016880 -0.055805
v -0.076183 -0.016702 -0.053685
v -0.072432 -0.000021 -0.053379
v -0.074075 0.003112 -0.051703
v -0.069599 -0.003524 -0.050264
v -0.066862 -0.007450 -0.052710
v -0.069088 -0.009632 -0.054748
v -0.065233 -0.006442 -0.049427
v -0.069129 -0.006538 -0.048983
v -0.068950 -0.005471 -0.049242
v -0.065161 -0.005449 -0.049731
v -0.079307 0.009511 -0.055949
v -0.077665 0.016356 -0.045347
v -0.078706 0.013461 -0.046717
v -0.079199 0.027188 -0.071412
v -0.077355 0.018926 -0.076237
v -0.077674 0.019759 -0.063472
v -0.062912 -0.008782 -0.052828
v -0.061182 -0.005009 -0.051326
v -0.061582 -0.005351 -0.049917
v -0.084003 -0.018776 -0.062860
v -0.072004 -0.019266 -0.046117
v -0.072381 0.004982 -0.051027
v -0.083394 -0.010581 -0.069652
v -0.082083 -0.015688 -0.067533
v -0.071713 0.006181 -0.051343
v -0.072665 0.007305 -0.050184
v -0.070039 -0.018750 -0.050923
v -0.071415 -0.017993 -0.047737
v -0.072935 0.007738 -0.050051
v -0.073266 -0.012553 -0.046424
v -0.083746 0.009710 -0.061533
v 0.027068 0.027924 0.036075
v 0.027685 0.026956 0.032458
v -0.074598 -0.030174 -0.055928
v -0.072929 -0.031717 -0.052969
v 0.025076 0.026299 0.032257
v -0.061161 -0.006140 -0.049914
v 0.024768 0.026361 0.035383
v -0.064734 -0.015438 -0.049969
v -0.064086 -0.007066 -0.052892
v 0.027948 0.027026 0.037419
v 0.025151 0.025645 0.036456
v 0.034895 0.027918 0.037471
v -0.071492 -0.008659 -0.047886
v -0.071019 -0.010817 -0.047624
v -0.073787 -0.010352 -0.046562
v 0.021048 0.071196 -0.146884
v 0.020471 0.055552 -0.149996
v -0.077572 -0.016327 -0.055374
v -0.074024 -0.015617 -0.058069
v -0.075035 -0.014618 -0.060189
v -0.079078 -0.015458 -0.057054
v -0.080546 -0.020478 -0.065186
v -0.078736 -0.024815 -0.061980
v -0.080996 -0.026320 -0.061582
v -0.083100 -0.021876 -0.065273
v 0.040034 0.057431 -0.141125
v 0.040151 0.071025 -0.138634
v -0.080521 0.042552 -0.079828
v -0.079803 0.032846 -0.064545
v -0.081157 0.049054 -0.068416
v -0.082191 0.019418 -0.064735
v -0.082322 0.017006 -0.066484
v -0.087106 0.018121 -0.069610
v -0.077368 0.023503 -0.049427
v -0.077828 0.021087 -0.053400
v -0.077497 0.022458 -0.051306
v -0.087149 -0.005614 -0.072561
v 0.041277 0.027362 0.031394
v 0.039485 0.026594 0.028578
v 0.050287 0.072221 -0.130987
v 0.049523 0.080879 -0.128128
v 0.040650 0.082686 -0.133539
v 0.034836 -0.061919 -0.097707
v 0.024699 -0.072386 -0.104314
v -0.074404 0.005133 -0.045167
v -0.076336 0.005801 -0.047957
v 0.021365 0.022731 0.036049
v -0.077017 -0.018300 -0.063042
v 0.022854 0.024127 0.036554
v -0.079065 -0.017252 -0.055107
v -0.080994 -0.016685 -0.057372
v -0.088224 0.020161 -0.057831
v -0.084871 0.018310 -0.055485
v 0.020327 0.021740 0.035592
v 0.019208 0.021602 0.035784
v 0.020113 0.022864 0.036182
v 0.021683 0.024545 0.036762
v 0.024720 0.025732 0.037270
v 0.023810 0.026331 0.037681
v 0.027045 0.028160 0.038592
v 0.027712 0.027366 0.038232
v 0.034735 0.028227 0.038294
v 0.034506 0.029105 0.038515
v 0.026405 0.028834 0.038425
v 0.023176 0.026958 0.037423
v 0.025864 0.029329 0.037941
v 0.022849 0.027681 0.037061
v 0.034243 0.030382 0.038054
v 0.034333 0.029894 0.038476
v 0.022561 0.018894 0.036417
v 0.019481 0.019720 0.035901
v 0.022882 0.019270 0.036025
v 0.020581 0.019985 0.035693
v 0.023879 0.019445 0.035196
v 0.019999 0.020470 0.035585
v 0.018994 0.020275 0.035780
v -0.009467 -0.110720 0.003510
v -0.009444 -0.117935 -0.000079
v 0.023873 0.019657 0.034086
v 0.019192 0.023131 0.035686
v 0.018190 0.021499 0.035641
v 0.018016 0.023387 0.035202
v 0.017026 0.021467 0.035308
v 0.019968 0.025605 0.035800
v 0.020826 0.025107 0.036287
v 0.017961 0.020062 0.035735
v 0.018474 0.019418 0.035951
v 0.016914 0.019920 0.035546
v 0.017585 0.019090 0.035800
v 0.024952 0.016143 0.037368
v 0.024654 0.015448 0.037383
v 0.021345 0.017635 0.036735
v 0.020700 0.017077 0.036699
v 0.033314 0.012460 0.036766
v 0.036577 0.012585 0.035739
v 0.032841 0.011129 0.036790
v -0.007893 -0.008795 0.058498
v -0.009398 -0.009131 0.057117
v -0.008366 -0.007197 0.056146
v -0.007589 -0.007082 0.056779
v 0.036285 0.011059 0.035709
v 0.027830 0.011696 0.037587
v 0.028404 0.012930 0.037507
v 0.031485 -0.114854 -0.014812
v 0.046956 0.014366 0.027665
v 0.048273 0.012747 0.027021
v 0.046618 0.012010 0.028838
v 0.045535 0.013876 0.029204
v 0.043930 0.013470 0.030776
v -0.008369 -0.017909 0.057138
v -0.007759 -0.016270 0.056044
v -0.008583 -0.016581 0.055302
v -0.009328 -0.017926 0.056181
v 0.044501 0.011523 0.030789
v 0.042019 0.011314 0.032605
v 0.041837 0.013085 0.032502
v 0.039594 0.012822 0.034083
v 0.039489 0.011169 0.034159
v 0.049981 0.018206 0.024854
v 0.051154 0.021617 0.024774
v 0.051987 0.017109 0.023094
v 0.053493 0.021023 0.022413
v 0.016391 0.024047 0.035276
v -0.005116 -0.007302 0.055912
v -0.003570 -0.010206 0.058727
v -0.005077 -0.008812 0.060176
v -0.006312 -0.006561 0.056734
v 0.015583 0.021722 0.035098
v 0.014208 0.024707 0.036304
v 0.013765 0.022155 0.035787
v 0.015791 0.027537 0.037559
v 0.017983 0.026971 0.036396
v 0.015874 0.019774 0.035416
v 0.016564 0.018626 0.035687
v 0.014394 0.019517 0.035685
v 0.015475 0.017956 0.035918
v 0.024072 0.014408 0.037388
v 0.023405 0.013243 0.037447
v 0.019904 0.016298 0.036713
v 0.018879 0.015320 0.036865
v 0.047676 -0.011634 -0.116084
v 0.052287 0.030125 -0.129756
v 0.047680 0.033382 0.035845
v 0.045358 0.030841 0.036776
v 0.041771 0.031759 0.039052
v 0.043709 0.034798 0.039170
v 0.049811 0.037804 0.033492
v 0.052248 0.034785 0.030416
v 0.050198 0.031497 0.032715
v 0.047969 0.029439 0.034165
v 0.051998 0.024372 0.025936
v 0.050245 0.024462 0.027686
v 0.050270 0.026046 0.029354
v 0.052010 0.026581 0.027725
v 0.054296 0.024470 0.023382
v 0.054573 0.027765 0.025241
v 0.051389 0.028781 0.030085
v 0.049369 0.027643 0.031650
v 0.053680 0.030957 0.027921
v 0.023858 0.031883 0.040377
v 0.024805 0.030843 0.038975
v 0.021704 0.029163 0.037467
v 0.019952 0.029519 0.038276
v 0.022526 0.033028 0.041444
v 0.017858 0.029996 0.039168
v 0.037307 0.035870 0.042110
v 0.035964 0.032462 0.040797
v 0.025447 0.029553 0.037485
v 0.023040 0.028086 0.037083
v 0.025319 0.029616 0.037629
v 0.022984 0.028286 0.037003
v 0.058333 0.091843 -0.110240
v 0.060644 0.097934 -0.097762
v 0.044002 0.108619 -0.104137
v 0.043069 0.101132 -0.116414
v 0.041996 0.028549 0.035821
v 0.042280 0.028474 0.036389
v 0.044763 0.027496 0.034648
v 0.044345 0.027426 0.034330
v 0.046238 0.026358 0.032567
v 0.046751 0.026514 0.032660
v 0.048037 0.025537 0.030723
v 0.047465 0.025355 0.030783
v 0.048127 0.024673 0.029429
v 0.048644 0.024493 0.028972
v 0.022703 0.028801 0.037281
v 0.025217 0.029870 0.038040
v 0.051572 0.060290 -0.132140
v 0.044883 0.074462 0.023865
v 0.051872 0.070867 0.017241
v 0.049910 0.063948 0.022999
v 0.043376 0.029182 0.036957
v 0.046024 0.028179 0.034785
v 0.047859 0.026988 0.032510
v 0.048982 0.025739 0.030486
v 0.049436 0.024870 0.029066
v 0.069930 -0.013532 -0.037010
v 0.070739 -0.013635 -0.038713
v 0.078387 -0.003365 -0.064279
v 0.076460 0.003470 -0.063669
v 0.075282 0.006915 -0.062674
v 0.077829 0.015037 -0.048625
v 0.082093 0.018033 -0.051391
v 0.081587 -0.022655 -0.058239
v 0.078443 -0.024419 -0.054335
v -0.087955 0.023520 -0.058600
v 0.081648 -0.021699 -0.058835
v 0.088245 0.014331 -0.062518
v 0.088568 0.012659 -0.063851
v 0.089390 0.012493 -0.063717
v 0.040608 -0.032945 -0.105663
v 0.045050 -0.020375 -0.111864
v 0.088981 0.010610 -0.065301
v 0.073049 -0.008944 -0.041153
v 0.079725 -0.004107 -0.064524
v 0.081696 -0.004845 -0.066224
v 0.082046 -0.010077 -0.066585
v 0.081433 -0.009419 -0.065485
v 0.080882 -0.014929 -0.064658
v 0.080396 -0.013863 -0.063957
v 0.083337 -0.018995 -0.061419
v 0.085521 -0.015472 -0.063259
v 0.083265 0.018515 -0.052415
v 0.082400 0.017484 -0.050895
v 0.083999 0.018124 -0.052685
v 0.073762 -0.010178 -0.042617
v 0.075867 0.013587 -0.048422
v 0.075583 0.011008 -0.047423
v 0.075148 0.011407 -0.047854
v 0.069747 -0.005094 -0.046939
v 0.069814 -0.004127 -0.047062
v 0.070966 -0.006586 -0.046376
v 0.073645 -0.008191 -0.045015
v 0.066985 -0.015959 -0.045213
v 0.066211 -0.017378 -0.047556
v 0.066801 -0.018419 -0.046674
v 0.085059 0.024937 -0.056990
v 0.075637 0.010038 -0.047191
v 0.077211 0.011073 -0.047208
v 0.077547 0.012291 -0.047480
v 0.084888 0.017740 -0.052997
v 0.077694 0.013193 -0.047762
v 0.076895 0.013216 -0.047703
v 0.078578 0.014751 -0.048514
v 0.076228 0.013218 -0.047911
v 0.073412 -0.011895 -0.059366
v 0.071985 -0.012108 -0.057393
v 0.072143 0.007514 -0.038149
v 0.072943 0.005046 -0.040267
v 0.077493 -0.025007 -0.052078
v 0.075321 0.013856 -0.059003
v 0.075465 0.016341 -0.060210
v 0.086846 -0.010725 -0.065202
v 0.079740 -0.016110 -0.055269
v 0.077586 -0.016634 -0.053244
v 0.081603 -0.015111 -0.057071
v 0.083248 -0.012595 -0.058665
v 0.070335 0.003824 -0.052888
v 0.082921 0.007614 -0.057052
v 0.083392 0.005409 -0.058450
v 0.081308 0.007664 -0.055474
v 0.076890 0.019913 -0.058452
v 0.076667 0.019860 -0.056078
v 0.077471 0.014179 -0.056399
v 0.075940 0.018266 -0.055464
v 0.069059 -0.012437 -0.045610
v 0.068814 -0.018620 -0.049112
v 0.067834 -0.016510 -0.049902
v 0.069814 -0.018383 -0.050056
v 0.069267 -0.017524 -0.051468
v 0.069749 -0.015885 -0.053244
v 0.070444 -0.013929 -0.054636
v 0.070395 -0.011528 -0.055434
v 0.068688 -0.008267 -0.046523
v 0.077118 0.019327 -0.045294
v 0.068134 -0.010188 -0.046325
v 0.070076 -0.006514 -0.046620
v 0.070248 -0.008335 -0.046146
v 0.069932 -0.010361 -0.045717
v 0.074431 -0.019309 -0.046561
v 0.075257 -0.017684 -0.049137
v 0.072950 -0.018591 -0.045908
v 0.076265 -0.017059 -0.051298
v 0.071787 -0.018259 -0.045459
v 0.075241 0.015183 -0.057366
v 0.075634 0.018289 -0.057497
v 0.070011 -0.009906 -0.034998
v 0.064818 -0.002149 0.012095
v 0.066033 0.007596 0.006638
v 0.024614 -0.050135 0.033940
v 0.023643 -0.053085 0.034678
v 0.057614 -0.013957 0.026186
v 0.053167 -0.016715 0.031587
v 0.024711 -0.045339 0.042960
v 0.023837 -0.046093 0.043218
v 0.022840 -0.045578 0.043388
v 0.023737 -0.045126 0.042942
v 0.020742 -0.044681 0.042660
v 0.021600 -0.044737 0.041948
v 0.022084 -0.044875 0.042305
v 0.021272 -0.044816 0.043047
v 0.029452 -0.031074 0.045154
v 0.033177 -0.027369 0.044164
v 0.035513 -0.031702 0.042878
v 0.031915 -0.034684 0.044199
v 0.023288 -0.045550 0.035874
v 0.023235 -0.044283 0.035929
v 0.022005 -0.044419 0.039218
v 0.022286 -0.044920 0.039167
v 0.022979 -0.048301 0.036238
v 0.022008 -0.046260 0.039165
v 0.025175 -0.046146 0.033554
v 0.024567 -0.043941 0.033561
v 0.033519 -0.052606 0.039359
v 0.029994 -0.050012 0.040888
v 0.031203 -0.046795 0.041453
v 0.034776 -0.047888 0.039901
v 0.025323 -0.019807 0.045382
v 0.029561 -0.023582 0.045037
v 0.026134 -0.027281 0.045808
v 0.022271 -0.023098 0.046071
v 0.018398 -0.018368 0.046837
v 0.021249 -0.015855 0.045776
v 0.016831 -0.010748 0.050715
v 0.017663 -0.014326 0.051915
v 0.017369 -0.015278 0.055381
v 0.017560 -0.013124 0.054137
v 0.015363 -0.019135 0.053648
v 0.017757 -0.016540 0.050378
v 0.011476 -0.020354 0.054144
v -0.011425 -0.018201 0.056518
v -0.010433 -0.016597 0.055415
v -0.011457 -0.015873 0.057114
v -0.012884 -0.017207 0.058137
v 0.011148 -0.019614 0.055147
v 0.015260 -0.019636 0.051998
v -0.004334 -0.016948 0.064845
v -0.005494 -0.014862 0.065014
v -0.004416 -0.015825 0.062682
v -0.004346 -0.017663 0.062296
v 0.015477 -0.020579 0.049962
v 0.011836 -0.020989 0.052951
v 0.010418 -0.018573 0.056200
v 0.013222 -0.018585 0.056174
v -0.007153 -0.014289 0.064434
v -0.008866 -0.014854 0.066063
v -0.010618 -0.014976 0.064437
v -0.008606 -0.014407 0.062873
v -0.004171 -0.013695 0.057863
v -0.005351 -0.015512 0.059113
v -0.003474 -0.013634 0.061445
v -0.011576 -0.013804 0.055406
v -0.009952 -0.014915 0.054106
v -0.009266 -0.011089 0.053287
v -0.010623 -0.010183 0.054295
v 0.015051 -0.016762 0.057751
v 0.004433 -0.018011 0.064678
v 0.005702 -0.016755 0.066690
v 0.009158 0.013035 0.049914
v 0.011834 0.009334 0.046837
v 0.009086 0.010314 0.052174
v 0.011762 0.006994 0.049108
v 0.014101 -0.014658 0.061593
v 0.015687 -0.012797 0.059851
v 0.011712 -0.013386 0.065334
v 0.012701 -0.010808 0.064814
v 0.004867 0.028319 0.050089
v 0.002325 -0.021378 0.060274
v 0.002625 -0.022132 0.059766
v 0.002100 -0.020313 0.062218
v 0.021999 0.094044 -0.134673
v 0.022521 0.106394 -0.123439
v 0.021792 0.119860 -0.100370
v 0.019584 0.124391 -0.087988
v 0.006507 -0.037841 0.059831
v 0.006004 -0.035369 0.059744
v 0.012674 -0.038737 0.045694
v 0.007253 -0.038622 0.047278
v 0.007002 -0.042313 0.049997
v 0.012138 -0.042345 0.048317
v 0.016130 -0.042484 0.045942
v 0.016921 -0.038956 0.043518
v 0.013170 -0.035184 0.044264
v 0.007590 -0.034978 0.045872
v 0.012196 -0.044416 0.051708
v 0.007112 -0.044287 0.054129
v 0.007126 -0.042455 0.057103
v 0.012439 -0.043003 0.054124
v 0.018313 -0.024956 0.048438
v 0.014350 -0.024244 0.051079
v 0.010274 -0.024136 0.054730
v 0.007042 -0.024287 0.057426
v 0.006281 -0.022288 0.057852
v 0.008817 -0.021664 0.055670
v 0.005907 -0.021439 0.058278
v 0.008452 -0.020923 0.056371
v 0.008211 -0.020132 0.056924
v 0.008712 -0.018723 0.057363
v 0.006818 -0.018895 0.058552
v 0.007372 -0.017683 0.058216
v 0.005757 -0.020548 0.058545
v 0.004464 0.004854 0.065060
v 0.004309 0.008576 0.062232
v 0.010623 -0.033727 0.057725
v 0.005558 -0.033292 0.059241
v 0.004876 -0.029486 0.058580
v 0.009313 -0.029486 0.057216
v 0.013816 -0.030237 0.054483
v 0.015674 -0.035386 0.054814
v 0.003027 -0.022908 0.059294
v 0.011042 -0.035858 0.057963
v 0.011378 -0.038329 0.057726
v 0.016180 -0.037653 0.054860
v 0.016429 -0.039864 0.054414
v 0.020350 -0.037741 0.051302
v 0.019089 -0.032105 0.051308
v 0.024758 -0.034217 0.047861
v 0.024118 -0.040255 0.047794
v 0.031345 -0.043691 0.042549
v 0.026116 -0.045586 0.042784
v 0.026472 -0.044285 0.043432
v 0.026345 -0.043099 0.044455
v 0.030682 -0.040658 0.044020
v 0.034822 -0.043355 0.041098
v 0.033895 -0.038846 0.042621
v 0.028772 -0.037614 0.045677
v 0.025812 -0.041873 0.045747
v 0.025085 -0.044618 0.043499
v 0.023992 -0.044780 0.043285
v 0.025058 -0.043897 0.044404
v 0.023948 -0.044464 0.044032
v 0.024626 -0.043268 0.045568
v 0.023690 -0.044190 0.044976
v 0.023002 -0.043727 0.046427
v 0.023673 -0.042305 0.047277
v 0.021648 -0.044845 0.042144
v 0.020937 -0.044848 0.043237
v 0.021310 -0.044991 0.044442
v 0.021976 -0.044960 0.043238
v 0.021917 -0.044810 0.041735
v 0.022231 -0.044885 0.042642
v 0.021749 -0.043941 0.040028
v 0.020764 -0.043270 0.041600
v -0.046608 -0.083829 -0.023558
v -0.054957 -0.081661 -0.036945
v 0.022196 -0.044916 0.041228
v 0.022476 -0.044830 0.041974
v 0.022857 -0.044913 0.042929
v 0.022987 -0.044803 0.043365
v 0.022736 -0.044733 0.044140
v 0.022118 -0.044637 0.045347
v 0.016357 -0.041842 0.053193
v 0.019928 -0.041732 0.050705
v 0.019517 -0.043380 0.049225
v 0.016084 -0.043849 0.051013
v 0.018949 -0.044494 0.047609
v 0.017556 -0.035433 0.042369
v 0.015579 -0.044577 0.049154
v 0.020056 -0.039807 0.040994
v 0.020884 -0.037062 0.039008
v 0.018964 -0.042840 0.043333
v 0.023048 -0.042941 0.036646
v 0.021760 -0.041414 0.038828
v 0.024333 -0.042266 0.034321
v 0.022761 -0.039308 0.036954
v 0.018595 -0.044875 0.045770
v 0.020278 -0.039905 0.051250
v 0.011817 -0.040685 0.056379
v 0.006725 -0.040067 0.058792
v -0.034535 0.004173 0.036273
v -0.033843 0.001223 0.037442
v -0.029571 0.002557 0.038479
v -0.030482 0.005152 0.037497
v 0.005406 -0.002877 0.071492
v 0.004966 0.001252 0.068135
v 0.021992 -0.045107 0.043450
v 0.009699 -0.123567 -0.002861
v -0.074550 -0.008033 -0.045562
v -0.074060 -0.007281 -0.044285
v -0.082239 0.014278 -0.068210
v 0.025212 -0.046807 0.042783
v 0.022233 -0.050389 0.036457
v 0.021216 -0.047177 0.039506
v 0.030308 -0.057067 0.040074
v 0.025507 -0.061426 0.042902
v 0.023429 -0.057194 0.044650
v 0.027452 -0.053405 0.041806
v 0.020939 -0.050509 0.046729
v 0.023559 -0.048472 0.044056
v -0.087945 0.016867 -0.062566
v 0.022376 -0.047084 0.044755
v 0.020071 -0.048327 0.047464
v 0.019238 -0.046703 0.047924
v 0.021456 -0.046005 0.044940
v 0.016892 -0.044490 0.047136
v 0.012818 -0.044182 0.050643
v 0.012111 -0.047420 0.046205
v 0.016511 -0.047594 0.043488
v 0.019822 -0.047447 0.040865
v 0.019891 -0.044714 0.043778
v -0.082114 0.021273 -0.062466
v -0.080833 0.023552 -0.057682
v -0.079687 0.022042 -0.056561
v -0.080810 0.019458 -0.060749
v 0.017764 -0.044537 0.047579
v 0.020417 -0.044736 0.044251
v 0.013372 -0.044429 0.051459
v 0.020052 -0.120069 -0.008080
v 0.020822 -0.045149 0.044799
v 0.018324 -0.045172 0.047795
v 0.014238 -0.045472 0.052032
v 0.015297 -0.047583 0.052411
v 0.016088 -0.049918 0.052341
v 0.016655 -0.052752 0.051237
v 0.018320 -0.060176 0.048436
v 0.019207 -0.065326 0.047295
v 0.012198 -0.062097 0.051577
v 0.012590 -0.067383 0.051227
v 0.011614 -0.054446 0.055237
v 0.011384 -0.051021 0.056881
v 0.010780 -0.048270 0.056780
v 0.010029 -0.045890 0.055858
v 0.003651 -0.024572 0.058764
v 0.005552 -0.018844 0.059744
v 0.004500 -0.018675 0.062121
v 0.007819 -0.015241 0.067551
v 0.002011 -0.019520 0.064563
v 0.010179 -0.013447 0.066960
v 0.008687 -0.014133 0.068538
v 0.009274 -0.012402 0.069351
v 0.010357 -0.011756 0.068051
v 0.007298 -0.014828 0.069928
v 0.008489 -0.012637 0.070479
v 0.003461 -0.016133 0.071917
v 0.004454 -0.012587 0.074083
v 0.005416 -0.006648 0.073699
v 0.004878 -0.010251 0.074494
v 0.009734 -0.010713 0.069934
v 0.010801 -0.008742 0.068493
v -0.090147 0.017536 -0.063846
v 0.011016 -0.005954 0.065938
v 0.013124 -0.008265 0.062286
v 0.010463 0.130181 -0.044209
v 0.009202 -0.044499 0.054983
v 0.008570 -0.044220 0.053135
v -0.073199 -0.020761 -0.045685
v -0.081661 0.005793 -0.058551
v 0.011902 -0.057289 0.040081
v 0.011930 -0.052983 0.042328
v 0.007696 -0.053152 0.043885
v -0.080288 0.023963 -0.055027
v -0.083741 0.025469 -0.055826
v 0.007686 -0.057826 0.041604
v 0.004407 -0.044402 0.054252
v -0.088104 -0.005562 -0.068199
v -0.090396 0.016036 -0.065963
v -0.088611 0.014616 -0.064816
v -0.081369 0.016127 -0.049463
v -0.075715 -0.011856 -0.062637
v -0.082247 -0.011652 -0.060307
v -0.080732 -0.014154 -0.058699
v -0.075018 -0.013688 -0.061499
v -0.070300 0.001516 -0.056737
v 0.003978 -0.047541 0.049097
v 0.007980 -0.047329 0.048019
v 0.004734 -0.044642 0.056522
v 0.005319 -0.046267 0.057733
v 0.005926 -0.048709 0.058941
v 0.003725 -0.053515 0.044620
v 0.003802 -0.058148 0.042407
v -0.070185 -0.016411 -0.037426
v 0.020652 -0.051850 0.037792
v -0.077736 -0.027181 -0.052650
v -0.078825 -0.025988 -0.054986
v -0.031465 -0.033638 -0.115693
v -0.034806 -0.022577 -0.122220
v -0.089362 -0.005666 -0.071011
v 0.021649 -0.055363 0.035967
v 0.016574 -0.052808 0.040230
v 0.016979 -0.056679 0.038303
v 0.006645 -0.067701 0.054299
v 0.006452 -0.062887 0.054097
v 0.006065 -0.052081 0.059056
v 0.006104 -0.055842 0.057080
v 0.022542 0.114393 -0.112608
v 0.062904 0.076965 -0.005994
v 0.061401 0.070106 0.001959
v -0.082430 0.017898 -0.056653
v 0.054488 0.077807 0.008951
v 0.056352 0.083227 0.001600
v 0.063638 0.084795 -0.014191
v 0.056985 0.089875 -0.006189
v 0.040173 0.121738 -0.063606
v 0.040757 0.121268 -0.049307
v 0.021666 0.127506 -0.045434
v 0.035014 0.121730 -0.077634
v 0.047317 0.113134 -0.086875
v 0.049609 0.116033 -0.067450
v 0.049625 0.116125 -0.052114
v -0.074689 -0.021317 -0.047039
v -0.073758 -0.027262 -0.046397
v -0.072519 -0.026726 -0.044360
v -0.077046 0.008769 -0.055176
v 0.024314 -0.086456 -0.105638
v 0.052375 0.042820 -0.131258
v 0.048299 0.115206 -0.038277
v 0.040091 0.119581 -0.035488
v 0.039554 0.116587 -0.023070
v 0.046979 0.113034 -0.026530
v 0.021512 0.125308 -0.030954
v 0.010425 0.127668 -0.029115
v 0.018144 0.006016 -0.143827
v 0.004295 0.012117 0.059490
v 0.045918 -0.049066 -0.088677
v 0.055180 -0.049275 -0.070826
v 0.057393 -0.100087 -0.048171
v 0.067263 -0.026479 -0.052095
v 0.066861 -0.026007 -0.053051
v 0.058735 -0.063935 -0.052303
v 0.059430 -0.050236 -0.053365
v 0.036705 -0.048024 -0.100617
v 0.076933 -0.015178 -0.062842
v 0.077846 -0.011527 -0.064099
v 0.078271 -0.016145 -0.062553
v 0.079357 -0.012227 -0.063897
v 0.079780 -0.008211 -0.064471
v 0.079006 -0.018071 -0.061870
v 0.077361 0.020044 -0.053255
v 0.078504 0.021624 -0.052458
v -0.076454 -0.017466 -0.063551
v -0.076857 -0.015307 -0.064448
v 0.067089 -0.028532 -0.047873
v 0.066864 -0.027762 -0.049540
v -0.061331 -0.005692 -0.052569
v 0.066448 -0.028163 -0.048592
v 0.066195 -0.028749 -0.047343
v 0.066843 -0.029555 -0.046340
v 0.066163 -0.029396 -0.046205
v 0.077769 0.035694 -0.046618
v 0.064821 -0.028677 -0.049612
v 0.066246 -0.026322 -0.052308
v 0.066458 -0.027238 -0.050843
v 0.065542 -0.028044 -0.049497
v 0.065448 -0.029246 -0.047447
v 0.065470 -0.030184 -0.045719
v 0.066460 -0.030802 -0.045206
v -0.078067 -0.023072 -0.061149
v -0.074189 -0.028460 -0.055637
v -0.059875 -0.078650 -0.050330
v -0.057939 -0.076011 -0.065260
v -0.058855 -0.087270 -0.063247
v -0.059153 -0.090914 -0.048750
v -0.072220 -0.002498 -0.038362
v -0.072310 -0.009725 -0.041083
v -0.071526 -0.010801 -0.039235
v 0.079400 -0.019256 -0.062269
v 0.071924 -0.029997 -0.050668
v -0.022762 -0.101896 -0.001561
v -0.020203 -0.113635 -0.005447
v 0.077502 0.012225 -0.059258
v 0.077410 0.010647 -0.060582
v 0.079884 0.012223 -0.062135
v 0.079918 0.014360 -0.060782
v 0.057499 -0.010537 -0.103528
v 0.060011 0.000377 -0.108919
v 0.011398 -0.084924 -0.110451
v 0.011642 -0.070776 -0.110195
v 0.075124 0.032824 -0.094240
v 0.077653 0.013840 -0.057669
v 0.080077 0.016020 -0.059324
v 0.078492 -0.007486 -0.064451
v 0.077167 0.012977 -0.057416
v 0.076914 0.011412 -0.058964
v 0.081175 0.017623 -0.060863
v 0.081251 0.015452 -0.062509
v 0.081107 0.013137 -0.063861
v 0.076630 0.009766 -0.060559
v -0.070666 -0.015894 -0.033193
v -0.070414 -0.016652 -0.023060
v -0.072024 -0.000713 -0.023020
v -0.071688 -0.006234 -0.032737
v 0.076373 0.018506 -0.060321
v 0.080371 0.063488 -0.070736
v 0.079361 0.057539 -0.084796
v 0.076870 0.080449 -0.074287
v 0.076042 0.075390 -0.089628
v 0.071250 0.069325 -0.105553
v 0.074380 0.050488 -0.100756
v 0.076758 0.019626 -0.054722
v 0.079257 0.022534 -0.052889
v 0.064192 0.091182 -0.022078
v 0.069205 0.086037 -0.029399
v 0.057216 0.095649 -0.013407
v 0.057034 0.100786 -0.020221
v 0.063531 0.097201 -0.029160
v 0.070605 0.090197 -0.041344
v 0.079561 0.054207 -0.055671
v 0.078719 0.069011 -0.056547
v 0.075713 0.073211 -0.042924
v -0.059713 0.030593 0.013899
v -0.061380 0.031261 0.009386
v -0.062163 0.021783 0.008996
v -0.060028 0.022911 0.013004
v 0.075054 0.085549 -0.058629
v 0.066524 0.099332 -0.047791
v 0.070150 0.095616 -0.062446
v 0.059381 0.107761 -0.051743
v 0.061431 0.105681 -0.066446
v 0.061293 0.103074 -0.082515
v 0.071806 0.091588 -0.077653
v 0.061614 0.102583 -0.035425
v 0.055438 0.105474 -0.025717
v 0.056441 0.108847 -0.039008
v 0.053187 0.109462 -0.030310
v 0.073803 0.075076 -0.035653
v 0.062490 -0.034717 -0.045016
v 0.063820 -0.034950 -0.039852
v -0.019393 0.088848 0.031990
v -0.009268 0.089709 0.034272
v -0.009412 0.097247 0.028212
v -0.019777 0.096078 0.025555
v 0.067987 -0.024121 -0.032876
v -0.036668 -0.014422 -0.126632
v -0.038445 -0.003929 -0.131407
v -0.019008 -0.006773 -0.138395
v -0.018011 -0.016483 -0.133182
v 0.068401 0.000770 0.000010
v 0.068356 0.013436 -0.002362
v 0.071403 0.005531 -0.012491
v 0.069470 -0.008033 -0.009330
v -0.020232 0.113236 0.003114
v -0.009684 0.114935 0.005838
v -0.009873 0.119914 -0.004235
v -0.020598 0.117934 -0.006607
v -0.053765 0.001962 0.026300
v -0.056022 -0.004357 0.026309
v -0.052122 -0.005041 0.030228
v -0.050259 0.001365 0.029430
v 0.066858 0.027095 -0.003919
v 0.070480 0.019658 -0.013944
v 0.070733 0.033875 -0.015930
v 0.067044 0.041456 -0.004344
v 0.062187 0.063805 -0.120600
v 0.064278 0.046946 -0.118575
v -0.073555 -0.031892 -0.043461
v -0.072524 -0.031017 -0.042163
v 0.064562 0.034153 -0.116644
v 0.048452 0.057567 0.027169
v -0.010114 0.124162 -0.016021
v -0.021089 0.121988 -0.017979
v 0.021581 0.084962 -0.140804
v 0.046922 0.082292 0.016338
v 0.054728 0.084348 -0.121130
v -0.001316 -0.070472 -0.111953
v 0.041541 0.090313 -0.127746
v 0.070886 0.086650 -0.092784
v 0.067514 0.081322 -0.106330
v 0.059357 0.074875 -0.121181
v 0.063221 0.017966 -0.114399
v 0.047581 0.109252 -0.018872
v 0.056631 0.024370 0.020182
v 0.055907 0.019877 0.019213
v 0.056730 0.029062 0.021778
v 0.054193 0.015015 0.020753
v 0.015332 0.006033 0.044479
v 0.014901 0.003889 0.046460
v 0.014361 0.001612 0.048536
v 0.018491 0.001003 0.044237
v 0.017727 -0.002005 0.046153
v 0.011455 0.001531 0.053672
v 0.011593 0.004339 0.051359
v 0.014031 -0.001295 0.050466
v 0.013713 -0.004432 0.052211
v 0.011370 -0.001516 0.056136
v 0.017783 -0.016761 0.048024
v 0.018814 -0.012215 0.046674
v 0.016387 -0.007973 0.048779
v 0.021523 -0.004953 0.044776
v 0.020349 -0.008291 0.045995
v 0.016995 -0.004732 0.047631
v 0.022848 -0.001583 0.042889
v 0.014745 -0.007697 0.054872
v 0.016002 -0.010805 0.057826
v 0.012197 -0.004946 0.059204
v 0.010396 -0.002741 0.062595
v 0.009665 0.000944 0.059552
v 0.019138 0.003344 0.042464
v 0.023770 0.001229 0.041417
v 0.023948 -0.011844 0.045477
v 0.028562 -0.015257 0.045184
v 0.025949 -0.007430 0.044096
v 0.030587 -0.010296 0.043812
v 0.027353 -0.003748 0.042313
v 0.031962 -0.006286 0.041945
v 0.032806 -0.018981 0.044711
v 0.036434 -0.023065 0.043618
v 0.039731 -0.028076 0.041673
v 0.039433 -0.018040 0.042096
v 0.043217 -0.023552 0.040053
v 0.041452 -0.012925 0.040249
v 0.045948 -0.017999 0.038130
v -0.011850 0.011751 0.043640
v -0.012310 0.013802 0.040817
v -0.016062 0.010325 0.039592
v -0.015595 0.008156 0.041781
v -0.007113 0.061041 0.045998
v -0.008070 0.069166 0.043503
v -0.017069 0.069027 0.041902
v -0.015565 0.060916 0.044868
v 0.035354 -0.013860 0.043242
v 0.037018 -0.009426 0.041263
v 0.033188 -0.002273 0.040133
v 0.028601 -0.000330 0.040706
v 0.042550 -0.001148 0.036553
v 0.042466 -0.007053 0.038386
v 0.037882 -0.004514 0.039348
v 0.038355 0.000331 0.037592
v 0.047608 -0.010983 0.036186
v 0.047298 -0.002942 0.034870
v 0.046236 0.002326 0.033287
v 0.032111 0.009288 0.037311
v 0.027067 0.009934 0.037966
v 0.035760 0.009017 0.036219
v 0.042099 0.003123 0.035001
v 0.038604 0.003919 0.036400
v 0.049847 0.010166 0.026698
v 0.047672 0.009299 0.029030
v 0.042031 0.008808 0.033325
v 0.039156 0.008840 0.034910
v 0.044953 0.008998 0.031360
v 0.022412 0.011572 0.037877
v 0.017856 0.013819 0.037656
v 0.054613 -0.062327 -0.067853
v 0.009361 0.004287 0.057067
v 0.009139 0.007414 0.054659
v 0.014847 0.030484 0.040952
v 0.012952 0.027921 0.039479
v 0.007801 0.028020 0.047148
v 0.019202 0.033763 0.043458
v 0.014080 0.016544 0.037604
v -0.020665 0.007522 0.038633
v -0.019857 0.005396 0.039977
v 0.012466 0.018934 0.037516
v 0.011536 0.022109 0.037804
v 0.011613 0.024938 0.038553
v -0.009477 0.103776 0.021455
v -0.019974 0.102455 0.018603
v -0.020640 0.127785 -0.068233
v -0.021099 0.128126 -0.059734
v -0.009844 0.130820 -0.060156
v -0.010920 0.129807 -0.072751
v 0.031028 0.047079 0.044973
v 0.028014 0.040405 0.046650
v 0.058245 0.063277 0.011022
v 0.061882 0.054466 0.007144
v 0.050787 0.042880 0.029647
v 0.053865 0.038902 0.026500
v 0.055904 0.034072 0.023770
v 0.063491 0.042703 0.004313
v 0.064002 0.030297 0.003489
v 0.065233 0.018669 0.004280
v -0.069409 -0.000778 -0.092173
v -0.072657 -0.002028 -0.077018
v -0.075510 0.010041 -0.078497
v -0.073411 0.015763 -0.094909
v 0.048725 0.094238 0.002130
v -0.033378 -0.095149 -0.011271
v -0.031590 -0.107101 -0.014063
v -0.001355 -0.084178 -0.111813
v 0.048647 0.099793 -0.004782
v 0.048265 0.088226 0.009294
v 0.039308 0.112730 -0.013535
v 0.039349 0.108374 -0.005089
v 0.048279 0.104792 -0.011738
v 0.039809 0.103351 0.002265
v 0.040149 0.097800 0.009103
v 0.039711 0.091867 0.016314
v 0.038718 0.085540 0.023189
v 0.037191 0.076719 0.030016
v 0.044575 -0.061410 -0.085757
v 0.008007 -0.006790 0.055528
v 0.007258 -0.006592 0.056077
v -0.052674 0.052397 0.021919
v -0.054641 0.057991 0.017554
v -0.057977 0.050773 0.013756
v -0.055789 0.046242 0.018429
v 0.006861 -0.007419 0.055009
v 0.006201 -0.007116 0.055531
v 0.005678 -0.008937 0.055248
v 0.007163 -0.015864 0.057489
v 0.005892 -0.014014 0.056416
v 0.005216 -0.010649 0.055138
v 0.066172 -0.030531 -0.034599
v -0.005641 0.048227 0.049655
v -0.013101 0.047885 0.049059
v -0.011255 0.041691 0.049464
v -0.004950 0.041869 0.050083
v -0.059987 0.015470 0.013279
v -0.062741 0.012577 0.010342
v -0.062014 0.004296 0.014910
v -0.058992 0.008305 0.016951
v -0.056239 0.003366 0.022944
v -0.058780 -0.002579 0.022373
v -0.018425 0.078917 0.038048
v -0.008738 0.079456 0.039886
v -0.060130 0.041433 0.010772
v -0.058163 0.038668 0.015703
v -0.009038 0.015151 0.046347
v -0.009768 0.016709 0.042671
v -0.007051 0.021966 0.045667
v -0.003601 0.021191 0.051478
v -0.003303 0.025168 0.050013
v -0.006652 0.024984 0.046306
v -0.033305 0.060294 0.037610
v -0.034982 0.067889 0.034165
v -0.042558 0.066526 0.028622
v -0.040920 0.059396 0.032312
v -0.020105 0.108059 0.011330
v -0.009556 0.109558 0.014176
v -0.003842 0.034183 0.049238
v -0.008340 0.034053 0.047613
v -0.007104 0.030868 0.046746
v -0.003687 0.031023 0.049037
v -0.024692 0.003775 0.039337
v -0.025602 0.006124 0.038357
v -0.065990 -0.031110 -0.046063
v -0.066982 -0.032144 -0.045884
v -0.073154 0.014926 -0.035262
v -0.072110 0.004305 -0.033637
v -0.072204 0.012668 -0.023781
v -0.072462 0.025459 -0.025753
v -0.074729 0.037353 -0.029078
v -0.076022 0.045945 -0.034234
v -0.076720 0.030295 -0.041544
v -0.075104 0.023923 -0.037375
v -0.052816 -0.084740 -0.075788
v -0.050354 -0.074559 -0.079104
v -0.003386 0.017937 0.054137
v -0.003282 0.014890 0.056662
v -0.020878 0.035302 -0.149936
v -0.020448 0.021691 -0.148031
v -0.040667 0.025699 -0.139637
v -0.040872 0.038674 -0.141125
v -0.066282 -0.011461 -0.088211
v -0.070118 -0.010920 -0.074293
v -0.010095 -0.012186 0.059037
v -0.006945 -0.007782 0.054333
v -0.007023 -0.011437 0.053311
v -0.006693 -0.008879 0.054371
v -0.010198 -0.014771 0.060683
v -0.012301 -0.015585 0.061898
v -0.007879 -0.014976 0.054077
v -0.007231 -0.014735 0.054460
v -0.006488 -0.011127 0.053514
v -0.008187 -0.007265 0.054993
v -0.001341 -0.018655 0.067263
v -0.001817 -0.017179 0.070261
v -0.005688 -0.015811 0.068955
v -0.004232 -0.017218 0.066835
v -0.004737 -0.008588 0.055645
v -0.003806 -0.010620 0.056282
v -0.004794 -0.012423 0.063479
v -0.006512 -0.008705 0.059575
v -0.006956 -0.006716 0.056791
v -0.006450 -0.011788 0.062690
v -0.005647 -0.017702 0.059717
v -0.008221 -0.011740 0.061050
v -0.077805 -0.018003 -0.053206
v -0.056941 -0.064579 -0.032063
v -0.061682 -0.050237 -0.039671
v -0.060667 -0.050584 -0.045227
v -0.057996 -0.065877 -0.041007
v -0.079587 0.008015 -0.056622
v -0.066542 0.057633 -0.004428
v -0.068065 0.069507 -0.013665
v -0.073367 0.057749 -0.025353
v -0.072815 0.046977 -0.020256
v -0.068532 0.079326 -0.021792
v -0.073850 0.068660 -0.032612
v -0.077141 0.056475 -0.042295
v -0.079071 0.036156 -0.056088
v -0.041559 0.017761 0.032190
v -0.041780 0.017442 0.032072
v -0.040311 0.017002 0.033247
v -0.040154 0.017380 0.033395
v -0.041258 0.018018 0.032031
v -0.040014 0.017603 0.032953
v -0.042301 0.018468 0.031213
v -0.042639 0.018167 0.031359
v -0.042774 0.017829 0.031221
v -0.025155 0.018407 0.035560
v -0.025505 0.018589 0.034818
v -0.027864 0.017953 0.035796
v -0.027758 0.017737 0.036610
v -0.025044 0.018041 0.035838
v -0.028021 0.017232 0.036695
v -0.024091 0.020183 0.029448
v -0.023888 0.020797 0.029500
v -0.025067 0.019275 0.029716
v -0.022906 0.020801 0.032362
v -0.022679 0.021987 0.032448
v -0.023426 0.022454 0.029627
v -0.023665 0.021330 0.029518
v -0.023151 0.020237 0.032491
v -0.021522 0.019954 0.032952
v -0.021222 0.020442 0.032846
v -0.021195 0.021686 0.033031
v -0.032680 0.016110 0.036707
v -0.033019 0.015476 0.036419
v -0.028544 0.015982 0.036648
v -0.028352 0.016621 0.036725
v -0.032374 0.016684 0.036809
v -0.035568 0.016648 0.036079
v -0.035921 0.016111 0.035812
v -0.036191 0.015520 0.035423
v -0.025148 0.016936 0.036035
v -0.025071 0.017557 0.035975
v -0.036436 0.014836 0.034992
v -0.033267 0.014748 0.036000
v -0.028709 0.015193 0.036420
v -0.025082 0.016353 0.036108
v -0.021887 0.017828 0.035400
v -0.022279 0.018220 0.035279
v -0.033448 0.013942 0.035708
v -0.033379 0.013040 0.035606
v -0.028602 0.013507 0.036278
v -0.028705 0.014343 0.036262
v -0.036596 0.014023 0.034596
v -0.036568 0.013049 0.034474
v -0.044468 0.018121 0.029449
v -0.045057 0.018681 0.028755
v -0.045162 0.017891 0.028554
v -0.044864 0.017409 0.028875
v -0.047793 0.014665 0.024979
v -0.048621 0.016084 0.024154
v -0.050642 0.014830 0.022486
v -0.049512 0.013360 0.023786
v -0.058043 0.005291 0.019797
v -0.051526 0.010825 0.022949
v -0.052810 0.012426 0.020934
v -0.043788 0.017657 0.030165
v -0.042975 0.017321 0.030975
v -0.043620 0.018234 0.030416
v -0.044288 0.018710 0.029749
v -0.044249 0.017008 0.029608
v -0.043346 0.016662 0.030585
v -0.042024 0.016964 0.031852
v -0.042356 0.016300 0.031517
v -0.040836 0.015875 0.032742
v -0.040565 0.016498 0.033006
v -0.038440 0.016230 0.034387
v -0.038179 0.016737 0.034665
v -0.038717 0.015615 0.034049
v -0.041120 0.015163 0.032449
v -0.039079 0.014927 0.033688
v -0.042758 0.015569 0.031040
v -0.043842 0.015973 0.029948
v -0.044687 0.016396 0.028928
v -0.045350 0.016830 0.028163
v -0.045759 0.017514 0.027702
v -0.045241 0.015618 0.028000
v -0.045859 0.014788 0.027132
v -0.044631 0.014256 0.028492
v -0.044288 0.015177 0.029172
v -0.046060 0.016175 0.027094
v -0.046805 0.015460 0.026044
v -0.043071 0.014834 0.030513
v -0.043280 0.013950 0.029952
v -0.041403 0.013559 0.031617
v -0.041305 0.014511 0.032126
v -0.039365 0.014193 0.033326
v -0.039448 0.013220 0.032932
v -0.032182 0.017141 0.036805
v -0.032015 0.017451 0.036180
v -0.035199 0.017388 0.035585
v -0.035359 0.017063 0.036203
v -0.037959 0.017132 0.034771
v -0.037928 0.017432 0.034269
v -0.035233 0.016359 0.033250
v -0.034257 0.017355 0.029231
v -0.037136 0.017372 0.028476
v -0.038546 0.016528 0.032180
v -0.031465 0.016242 0.033692
v -0.030925 0.017700 0.029798
v -0.027797 0.016843 0.033792
v -0.027654 0.018441 0.029872
v -0.025320 0.018482 0.033496
v -0.033942 0.029950 0.036217
v -0.034076 0.029782 0.036769
v -0.038751 0.029094 0.036115
v -0.038404 0.029177 0.035476
v -0.051510 -0.000844 -0.121464
v -0.052766 0.014162 -0.127005
v -0.040129 0.009792 -0.136233
v -0.041337 0.027405 0.034487
v -0.041312 0.027996 0.034299
v -0.043559 0.026821 0.032800
v -0.043411 0.026191 0.032969
v -0.041332 0.026573 0.034625
v -0.043267 0.025346 0.032866
v -0.038386 0.027790 0.036209
v -0.038401 0.028572 0.036097
v -0.038349 0.028992 0.035677
v -0.043840 0.023850 0.028150
v -0.042845 0.025379 0.028924
v -0.042580 0.024116 0.031448
v -0.043392 0.023085 0.030362
v -0.044365 0.023113 0.027453
v -0.043931 0.022326 0.029465
v -0.043582 0.023599 0.023999
v -0.042767 0.024341 0.024658
v -0.041544 0.025247 0.025618
v -0.044039 0.022882 0.023619
v -0.044269 0.022112 0.023488
v -0.044200 0.021262 0.023434
v -0.043929 0.020460 0.023745
v -0.060859 -0.011258 0.019600
v -0.060716 0.000192 0.018673
v -0.063092 -0.007918 0.015370
v -0.043390 0.018636 0.030600
v -0.044086 0.019174 0.029903
v -0.042941 0.018979 0.030579
v -0.043342 0.019389 0.030111
v -0.044576 0.019754 0.029137
v -0.044990 0.019295 0.028945
v -0.041905 0.017278 0.029961
v -0.041342 0.018076 0.026681
v -0.042446 0.018601 0.025789
v -0.042835 0.018223 0.028768
v -0.040744 0.016713 0.030935
v -0.039573 0.017614 0.027607
v -0.043086 0.019146 0.025024
v -0.043591 0.019801 0.024268
v -0.043450 0.018774 0.028151
v -0.043911 0.019374 0.027341
v -0.043787 0.019910 0.029450
v -0.044504 0.020849 0.026623
v -0.044593 0.021535 0.026707
v -0.044118 0.020402 0.028684
v -0.044506 0.021033 0.027999
v -0.044289 0.020176 0.026770
v -0.044571 0.022347 0.026964
v -0.044273 0.021652 0.028576
v -0.045450 0.018667 0.028226
v -0.045381 0.019795 0.028255
v -0.046199 0.020875 0.027295
v -0.046012 0.018496 0.027430
v -0.046964 0.018385 0.026279
v -0.046590 0.017019 0.026498
v -0.047364 0.021318 0.026501
v -0.048443 0.021664 0.025618
v -0.048021 0.018335 0.025131
v -0.047438 0.016679 0.025420
v -0.044950 0.020249 0.028469
v -0.045275 0.020865 0.027961
v -0.046770 0.022661 0.027870
v -0.047502 0.023438 0.027469
v -0.045715 0.022034 0.028417
v -0.045181 0.023002 0.029731
v -0.046030 0.023832 0.029589
v -0.046496 0.024584 0.029429
v -0.044963 0.024935 0.031253
v -0.045309 0.025635 0.031113
v -0.044388 0.024135 0.031188
v -0.044859 0.021744 0.028781
v -0.044413 0.022518 0.029707
v -0.043727 0.023418 0.030862
v -0.042874 0.024399 0.032182
v -0.041221 0.025769 0.034132
v -0.040962 0.025417 0.033339
v -0.038319 0.026898 0.035788
v -0.038231 0.026508 0.035073
v -0.034499 0.030146 0.037891
v -0.039741 0.029718 0.037026
v -0.038187 0.027785 0.032083
v -0.036455 0.026744 0.028736
v -0.033854 0.027085 0.030114
v -0.034705 0.028416 0.033821
v -0.022841 0.022801 0.032647
v -0.023242 0.024064 0.033181
v -0.023840 0.024537 0.030223
v -0.023320 0.023322 0.029730
v -0.021970 0.022521 0.033503
v -0.023093 0.023810 0.034188
v -0.026808 0.027407 0.034795
v -0.027447 0.026519 0.030970
v -0.024847 0.025948 0.030717
v -0.024483 0.025896 0.034068
v -0.027700 0.026406 0.036095
v -0.024917 0.025075 0.035134
v -0.034662 0.027224 0.036159
v -0.022057 0.071165 -0.146958
v -0.021679 0.055509 -0.150074
v -0.041114 0.057354 -0.141261
v -0.041037 0.070963 -0.138746
v -0.041248 0.026799 0.030283
v -0.039309 0.026119 0.027196
v -0.051036 0.072136 -0.131114
v -0.050150 0.080810 -0.128232
v -0.041370 0.082638 -0.133632
v -0.037434 -0.062245 -0.097791
v -0.027307 -0.072669 -0.104429
v -0.021191 0.022271 0.034726
v -0.022645 0.023599 0.035238
v -0.020191 0.021346 0.034285
v -0.019063 0.021241 0.034517
v -0.019954 0.022448 0.034862
v -0.021487 0.024057 0.035421
v -0.024476 0.025143 0.035960
v -0.023550 0.025756 0.036338
v -0.026767 0.027519 0.037275
v -0.027465 0.026738 0.036927
v -0.034427 0.027494 0.037003
v -0.034134 0.028396 0.037178
v -0.026116 0.028248 0.037035
v -0.022922 0.026457 0.036033
v -0.025580 0.028841 0.036503
v -0.022601 0.027266 0.035599
v -0.033835 0.029775 0.036582
v -0.033910 0.029215 0.037055
v -0.022503 0.018580 0.035144
v -0.019433 0.019404 0.034671
v -0.022789 0.018995 0.034710
v -0.020502 0.019689 0.034380
v -0.023731 0.019219 0.033857
v -0.019898 0.020161 0.034274
v -0.018871 0.019977 0.034536
v -0.023648 0.019491 0.032728
v -0.019018 0.022764 0.034434
v -0.018019 0.021178 0.034468
v -0.017791 0.023100 0.034060
v -0.016834 0.021192 0.034247
v -0.019721 0.025302 0.034440
v -0.020628 0.024688 0.034982
v -0.017817 0.019761 0.034549
v -0.018341 0.019120 0.034747
v -0.016760 0.019634 0.034468
v -0.017412 0.018819 0.034668
v -0.024852 0.015741 0.036173
v -0.024526 0.015040 0.036251
v -0.021243 0.017298 0.035542
v -0.020577 0.016751 0.035582
v -0.033110 0.011936 0.035477
v -0.036352 0.012019 0.034379
v -0.032609 0.010602 0.035561
v -0.036030 0.010474 0.034343
v -0.027672 0.011234 0.036564
v -0.028243 0.012472 0.036350
v -0.032080 -0.115266 -0.015135
v -0.046633 0.013780 0.026387
v -0.047991 0.012170 0.025675
v -0.046303 0.011407 0.027488
v -0.045211 0.013254 0.027889
v -0.043627 0.012819 0.029429
v -0.044178 0.010861 0.029403
v -0.041726 0.010639 0.031187
v -0.041594 0.012432 0.031151
v -0.039385 0.012199 0.032722
v -0.039224 0.010532 0.032750
v -0.049469 0.017799 0.023591
v -0.050565 0.021293 0.023498
v -0.051433 0.016746 0.021806
v -0.052934 0.020680 0.021217
v -0.016168 0.023833 0.034346
v -0.015388 0.021499 0.034128
v -0.013970 0.024500 0.035563
v -0.013533 0.021956 0.035020
v -0.015465 0.027374 0.036799
v -0.017715 0.026779 0.035309
v -0.015738 0.019530 0.034407
v -0.016425 0.018380 0.034634
v -0.014270 0.019304 0.034849
v -0.015370 0.017726 0.035034
v -0.023958 0.014037 0.036326
v -0.023289 0.012870 0.036502
v -0.019786 0.016002 0.035660
v -0.018787 0.015033 0.035937
v -0.049617 -0.011891 -0.116393
v -0.053619 0.029963 -0.129996
v -0.047157 0.033277 0.034732
v -0.044779 0.030691 0.035457
v -0.041224 0.031596 0.037719
v -0.043150 0.034696 0.038043
v -0.049493 0.037715 0.032696
v -0.052089 0.034732 0.029579
v -0.049767 0.031414 0.031602
v -0.047387 0.029324 0.032847
v -0.051425 0.024166 0.024685
v -0.049614 0.024272 0.026363
v -0.049639 0.025926 0.028037
v -0.051506 0.026446 0.026521
v -0.053792 0.024232 0.022239
v -0.054152 0.027593 0.024149
v -0.050888 0.028687 0.028873
v -0.048782 0.027538 0.030341
v -0.053371 0.030851 0.026927
v -0.023459 0.031755 0.039269
v -0.024463 0.030672 0.037667
v -0.021414 0.028994 0.036067
v -0.019611 0.029407 0.037176
v -0.022087 0.032983 0.040513
v -0.017493 0.029955 0.038343
v -0.036760 0.035773 0.040956
v -0.035461 0.032315 0.039467
v -0.025162 0.029151 0.036033
v -0.022786 0.027712 0.035606
v -0.025035 0.029320 0.036106
v -0.022729 0.027993 0.035489
v -0.058708 0.091775 -0.110327
v -0.060915 0.097865 -0.097860
v -0.044292 0.108568 -0.104195
v -0.043493 0.101083 -0.116474
v -0.041413 0.028101 0.034313
v -0.041695 0.028158 0.034898
v -0.044145 0.027213 0.033191
v -0.043733 0.027017 0.032845
v -0.045613 0.025995 0.031111
v -0.046110 0.026261 0.031234
v -0.047384 0.025304 0.029321
v -0.046850 0.025036 0.029367
v -0.047534 0.024374 0.028062
v -0.048037 0.024244 0.027612
v -0.022392 0.028563 0.035799
v -0.024886 0.029619 0.036616
v -0.052503 0.060190 -0.132308
v -0.044451 0.074398 0.023574
v -0.051534 0.070767 0.016893
v -0.049391 0.063882 0.022556
v -0.042798 0.028946 0.035549
v -0.045411 0.027980 0.033385
v -0.047218 0.026821 0.031111
v -0.048299 0.025582 0.029102
v -0.048751 0.024693 0.027680
v -0.070838 -0.013648 -0.039204
v -0.071472 -0.013653 -0.041000
v -0.079533 -0.003835 -0.065870
v -0.077996 0.002679 -0.064979
v -0.076785 0.006202 -0.063927
v -0.077626 0.014985 -0.050899
v -0.081622 0.018068 -0.053765
v -0.082006 -0.022090 -0.059940
v -0.078839 -0.023910 -0.056102
v -0.082039 -0.021173 -0.060594
v -0.087960 0.014744 -0.065018
v -0.088233 0.013143 -0.066427
v -0.088966 0.012996 -0.066356
v -0.042954 -0.033186 -0.105884
v -0.047184 -0.020679 -0.112197
v -0.088754 0.011107 -0.067891
v -0.073564 -0.008930 -0.043470
v -0.080585 -0.004375 -0.066244
v -0.082236 -0.004911 -0.068073
v -0.082460 -0.009939 -0.068485
v -0.082021 -0.009445 -0.067375
v -0.081439 -0.014792 -0.066538
v -0.081168 -0.013879 -0.065790
v -0.083740 -0.018484 -0.063244
v -0.086016 -0.015032 -0.065221
v -0.082801 0.018589 -0.054800
v -0.081971 0.017618 -0.053232
v -0.083509 0.018309 -0.055061
v -0.074205 -0.010104 -0.044913
v -0.075852 0.013350 -0.050635
v -0.075393 0.011105 -0.049560
v -0.074965 0.011388 -0.050035
v -0.070171 -0.005037 -0.049112
v -0.070200 -0.004076 -0.049236
v -0.071352 -0.006484 -0.048579
v -0.073999 -0.008090 -0.047254
v -0.067502 -0.015680 -0.047307
v -0.066703 -0.017060 -0.049629
v -0.067263 -0.018099 -0.048803
v -0.085005 0.025230 -0.058913
v -0.075530 0.010160 -0.049337
v -0.076929 0.011253 -0.049405
v -0.077265 0.012429 -0.049693
v -0.084349 0.018008 -0.055363
v -0.077349 0.013323 -0.050011
v -0.076685 0.013244 -0.049915
v -0.078298 0.014805 -0.050781
v -0.076109 0.013105 -0.050150
v -0.073757 -0.011714 -0.061495
v -0.072533 -0.012244 -0.059540
v -0.072833 0.007392 -0.039808
v -0.073382 0.005062 -0.042358
v -0.077811 -0.024563 -0.053960
v -0.076054 0.013836 -0.060328
v -0.076112 0.016299 -0.061335
v -0.087205 -0.010227 -0.067143
v -0.080138 -0.015615 -0.056858
v -0.078059 -0.016334 -0.054952
v -0.082075 -0.014555 -0.058652
v -0.083658 -0.012029 -0.060284
v -0.070924 0.004222 -0.055153
v -0.082400 0.007805 -0.059283
v -0.083035 0.005737 -0.060688
v -0.080997 0.007782 -0.057605
v -0.077310 0.019799 -0.059307
v -0.076998 0.019793 -0.057081
v -0.077847 0.014175 -0.057796
v -0.076263 0.018257 -0.056675
v -0.069566 -0.012219 -0.047754
v -0.069287 -0.018359 -0.051285
v -0.068223 -0.016216 -0.051981
v -0.070369 -0.018239 -0.052213
v -0.069666 -0.017415 -0.053576
v -0.070234 -0.015927 -0.055341
v -0.070999 -0.014036 -0.056733
v -0.070717 -0.011435 -0.057604
v -0.069176 -0.008145 -0.048637
v -0.077513 0.019477 -0.046508
v -0.068660 -0.010000 -0.048383
v -0.070505 -0.006425 -0.048783
v -0.070690 -0.008216 -0.048306
v -0.070417 -0.010208 -0.047875
v -0.075189 -0.019010 -0.048420
v -0.075991 -0.017501 -0.051007
v -0.073771 -0.018253 -0.047762
v -0.076791 -0.016892 -0.053132
v -0.072577 -0.017943 -0.047439
v -0.075888 0.015146 -0.058633
v -0.076179 0.018206 -0.058559
v -0.071310 -0.010181 -0.037096
v -0.064979 -0.002451 0.010588
v -0.066176 0.007338 0.005341
v -0.025645 -0.050525 0.033572
v -0.024738 -0.053499 0.034198
v -0.057765 -0.014317 0.024214
v -0.053139 -0.017079 0.029604
v -0.024733 -0.045726 0.043195
v -0.023990 -0.046523 0.043512
v -0.023053 -0.045986 0.043783
v -0.023774 -0.045500 0.043331
v -0.021526 -0.045112 0.042835
v -0.022244 -0.045090 0.042160
v -0.022502 -0.045239 0.042687
v -0.021875 -0.045225 0.043349
v -0.029161 -0.031558 0.044511
v -0.033045 -0.027839 0.042846
v -0.035315 -0.032147 0.041651
v -0.031652 -0.035157 0.043589
v -0.024178 -0.045869 0.035717
v -0.023957 -0.044560 0.035863
v -0.022578 -0.044673 0.039350
v -0.023063 -0.045224 0.039192
v -0.023960 -0.048653 0.035991
v -0.022864 -0.046585 0.039139
v -0.026121 -0.046506 0.033285
v -0.025393 -0.044243 0.033382
v -0.034009 -0.053158 0.038809
v -0.030276 -0.050505 0.040499
v -0.031341 -0.047292 0.041104
v -0.035037 -0.048423 0.039322
v -0.025347 -0.020233 0.044508
v -0.029495 -0.024036 0.043877
v -0.025837 -0.027743 0.045114
v -0.021989 -0.023517 0.045393
v -0.018348 -0.018745 0.046527
v -0.021411 -0.016256 0.045211
v -0.017210 -0.011061 0.050730
v -0.017650 -0.014636 0.051956
v -0.016910 -0.015527 0.055318
v -0.017445 -0.013436 0.054124
v -0.014860 -0.019288 0.053537
v -0.017675 -0.016831 0.050386
v -0.010849 -0.020430 0.053897
v -0.010488 -0.019691 0.054957
v -0.014969 -0.019861 0.051887
v -0.015213 -0.020893 0.049801
v -0.011255 -0.021182 0.052659
v -0.009812 -0.018713 0.056069
v -0.012597 -0.018741 0.056029
v -0.014427 -0.016959 0.057619
v -0.003703 -0.018000 0.064558
v -0.004929 -0.016728 0.066505
v -0.008905 0.012983 0.049511
v -0.011775 0.009276 0.046351
v -0.008870 0.010250 0.051805
v -0.011683 0.006913 0.048660
v -0.013487 -0.014876 0.061441
v -0.015106 -0.013039 0.059707
v -0.011068 -0.013596 0.065171
v -0.012143 -0.011040 0.064674
v -0.003387 0.028222 0.049342
v -0.001687 -0.021494 0.060258
v -0.001944 -0.022199 0.059673
v -0.001402 -0.020389 0.062216
v -0.022654 0.094024 -0.134724
v -0.023016 0.106371 -0.123473
v -0.021980 0.119833 -0.100399
v -0.019672 0.124377 -0.088010
v -0.005118 -0.037827 0.059654
v -0.004711 -0.035419 0.059476
v -0.012000 -0.038964 0.045838
v -0.006466 -0.038745 0.047344
v -0.006008 -0.042394 0.050085
v -0.011239 -0.042530 0.048518
v -0.015486 -0.042723 0.046223
v -0.016581 -0.039213 0.043680
v -0.012659 -0.035418 0.044346
v -0.006948 -0.035130 0.045898
v -0.011101 -0.044498 0.051889
v -0.005899 -0.044281 0.054208
v -0.005806 -0.042374 0.057086
v -0.011252 -0.042968 0.054197
v -0.017839 -0.025312 0.048083
v -0.013716 -0.024516 0.050779
v -0.009499 -0.024310 0.054359
v -0.006158 -0.024394 0.056962
v -0.005501 -0.022367 0.057528
v -0.008069 -0.021773 0.055326
v -0.005211 -0.021535 0.058099
v -0.007723 -0.020985 0.056103
v -0.007542 -0.020249 0.056767
v -0.008161 -0.018835 0.057270
v -0.006314 -0.019016 0.058484
v -0.006958 -0.017771 0.058192
v -0.005144 -0.020713 0.058491
v -0.003525 0.004607 0.064697
v -0.003288 0.008327 0.061836
v -0.009507 -0.033890 0.057439
v -0.004423 -0.033394 0.058900
v -0.003846 -0.029584 0.058196
v -0.008346 -0.029672 0.056839
v -0.013004 -0.030474 0.054318
v -0.014676 -0.035569 0.054677
v -0.002259 -0.022951 0.059084
v -0.009851 -0.035920 0.057728
v -0.010130 -0.038327 0.057586
v -0.015145 -0.037771 0.054770
v -0.015372 -0.039912 0.054412
v -0.019472 -0.037953 0.051322
v -0.018384 -0.032412 0.051241
v -0.024144 -0.034547 0.047707
v -0.023499 -0.040519 0.047858
v -0.031372 -0.044171 0.042248
v -0.026161 -0.045999 0.042820
v -0.026443 -0.044691 0.043497
v -0.026156 -0.043467 0.044517
v -0.030586 -0.041111 0.043736
v -0.034934 -0.043869 0.040610
v -0.033853 -0.039341 0.042138
v -0.028453 -0.038024 0.045409
v -0.025431 -0.042184 0.045780
v -0.024945 -0.044964 0.043747
v -0.023937 -0.045128 0.043671
v -0.024774 -0.044219 0.044642
v -0.023702 -0.044766 0.044400
v -0.024200 -0.043542 0.045745
v -0.023271 -0.044452 0.045303
v -0.022375 -0.043914 0.046701
v -0.023015 -0.042513 0.047407
v -0.021551 -0.045102 0.042575
v -0.020624 -0.045111 0.043652
v -0.020836 -0.045234 0.044875
v -0.021678 -0.045247 0.043745
v -0.022176 -0.045066 0.042089
v -0.022176 -0.045185 0.043140
v -0.022036 -0.044160 0.040243
v -0.020848 -0.043517 0.041839
v -0.022709 -0.045193 0.041492
v -0.022801 -0.045141 0.042384
v -0.022923 -0.045265 0.043422
v -0.022831 -0.045116 0.043841
v -0.022356 -0.045008 0.044582
v -0.021539 -0.044830 0.045726
v -0.015295 -0.041842 0.053287
v -0.019029 -0.041847 0.050844
v -0.018645 -0.043499 0.049493
v -0.015070 -0.043915 0.051242
v -0.018157 -0.044658 0.047980
v -0.017463 -0.035671 0.042437
v -0.014692 -0.044738 0.049473
v -0.020129 -0.040046 0.041105
v -0.021197 -0.037282 0.039005
v -0.018685 -0.043086 0.043616
v -0.023600 -0.043188 0.036635
v -0.022139 -0.041644 0.038876
v -0.025041 -0.042522 0.034183
v -0.023351 -0.039524 0.036867
v -0.017982 -0.045095 0.046159
v -0.019398 -0.040068 0.051306
v -0.010611 -0.040629 0.056344
v -0.005353 -0.039993 0.058690
v -0.004167 -0.003128 0.071169
v -0.003958 0.000999 0.067802
v -0.022415 -0.045517 0.043823
v -0.010277 -0.123757 -0.003086
v -0.025387 -0.047265 0.042903
v -0.023284 -0.050770 0.036121
v -0.022148 -0.047570 0.039432
v -0.031089 -0.057654 0.039692
v -0.026608 -0.061956 0.042597
v -0.024345 -0.057686 0.044481
v -0.028043 -0.053937 0.041540
v -0.021749 -0.050961 0.046863
v -0.024003 -0.048948 0.044232
v -0.022837 -0.047526 0.045027
v -0.020825 -0.048751 0.047606
v -0.019931 -0.047088 0.048034
v -0.021929 -0.046422 0.045251
v -0.017902 -0.044936 0.047125
v -0.013821 -0.044507 0.050550
v -0.013097 -0.047728 0.045986
v -0.017537 -0.048008 0.043289
v -0.020767 -0.047895 0.040735
v -0.020713 -0.045198 0.043896
v -0.018593 -0.044963 0.047629
v -0.021094 -0.045219 0.044476
v -0.014193 -0.044749 0.051373
v -0.020505 -0.120391 -0.008069
v -0.021419 -0.045572 0.045094
v -0.019063 -0.045568 0.047881
v -0.014982 -0.045778 0.051911
v -0.016038 -0.047850 0.052307
v -0.016922 -0.050207 0.052288
v -0.017612 -0.053096 0.051230
v -0.019404 -0.060562 0.048187
v -0.020455 -0.065715 0.046926
v -0.013448 -0.062348 0.051211
v -0.013932 -0.067604 0.050805
v -0.012501 -0.054673 0.055023
v -0.012188 -0.051181 0.056611
v -0.011488 -0.048479 0.056480
v -0.010760 -0.046138 0.055613
v -0.002774 -0.024614 0.058407
v -0.005064 -0.018999 0.059726
v -0.003909 -0.018800 0.062087
v -0.007038 -0.015268 0.067359
v -0.001220 -0.019577 0.064544
v -0.009487 -0.013632 0.066811
v -0.007865 -0.014215 0.068343
v -0.008493 -0.012593 0.069198
v -0.009677 -0.011984 0.067909
v -0.006310 -0.014805 0.069678
v -0.007551 -0.012783 0.070292
v -0.002155 -0.015939 0.071660
v -0.002991 -0.012523 0.073734
v -0.003967 -0.006862 0.073304
v -0.003396 -0.010313 0.074129
v -0.008878 -0.010924 0.069764
v -0.010080 -0.008973 0.068318
v -0.010524 -0.006142 0.065754
v -0.012819 -0.008468 0.062129
v -0.010357 0.130149 -0.044218
v -0.010047 -0.044732 0.054822
v -0.009549 -0.044416 0.053020
v -0.012946 -0.057553 0.039678
v -0.012989 -0.053271 0.041979
v -0.008721 -0.053357 0.043617
v -0.008697 -0.058028 0.041294
v -0.005321 -0.044457 0.054204
v -0.004967 -0.047590 0.049009
v -0.008970 -0.047485 0.047848
v -0.005484 -0.044734 0.056436
v -0.005947 -0.046434 0.057517
v -0.006512 -0.048865 0.058625
v -0.004765 -0.053612 0.044480
v -0.004798 -0.058257 0.042230
v -0.021714 -0.052252 0.037397
v -0.022738 -0.055745 0.035435
v -0.017664 -0.053170 0.039836
v -0.018068 -0.056994 0.037817
v -0.008010 -0.067862 0.053628
v -0.007647 -0.062982 0.053496
v -0.006699 -0.052176 0.058672
v -0.007040 -0.055922 0.056771
v -0.022891 0.114364 -0.112640
v -0.062779 0.076821 -0.006262
v -0.061265 0.069966 0.001584
v -0.054310 0.077670 0.008661
v -0.056202 0.083084 0.001363
v -0.063523 0.084642 -0.014435
v -0.056840 0.089735 -0.006382
v -0.040197 0.121696 -0.063654
v -0.040719 0.121211 -0.049351
v -0.021565 0.127464 -0.045453
v -0.035116 0.121699 -0.077679
v -0.047499 0.113088 -0.086943
v -0.049697 0.115973 -0.067526
v -0.049621 0.116056 -0.052180
v -0.026873 -0.086785 -0.105804
v -0.053497 0.042696 -0.131461
v -0.048237 0.115125 -0.038339
v -0.040006 0.119512 -0.035532
v -0.039429 0.116507 -0.023121
v -0.046877 0.112944 -0.026595
v -0.021380 0.125264 -0.030975
v -0.010272 0.127640 -0.029127
v -0.019975 0.005943 -0.143912
v -0.003182 0.011882 0.059111
v -0.048368 -0.049467 -0.088924
v -0.057628 -0.049780 -0.071178
v -0.058641 -0.100689 -0.048442
v -0.068504 -0.026795 -0.054046
v -0.068287 -0.026429 -0.054969
v -0.060693 -0.064568 -0.052835
v -0.061460 -0.050796 -0.053971
v -0.039177 -0.048307 -0.100797
v -0.078335 -0.015564 -0.064623
v -0.079239 -0.011982 -0.065806
v -0.079306 -0.016270 -0.064288
v -0.080410 -0.012439 -0.065652
v -0.080638 -0.008440 -0.066281
v -0.079759 -0.018028 -0.063682
v -0.077417 0.020020 -0.054377
v -0.078534 0.021639 -0.053684
v -0.068032 -0.028442 -0.049786
v -0.067886 -0.027821 -0.051489
v -0.067467 -0.028066 -0.050411
v -0.067257 -0.028644 -0.049208
v -0.067765 -0.029384 -0.048275
v -0.067217 -0.029240 -0.048049
v -0.077806 0.035579 -0.047293
v -0.066087 -0.028895 -0.051176
v -0.067743 -0.026797 -0.054167
v -0.067676 -0.027482 -0.052723
v -0.066751 -0.028129 -0.051248
v -0.066267 -0.028956 -0.049099
v -0.066321 -0.029902 -0.047419
v -0.067488 -0.030642 -0.047124
v -0.079910 -0.019085 -0.064191
v -0.072377 -0.029846 -0.052930
v -0.077876 0.012328 -0.060822
v -0.077987 0.010631 -0.062116
v -0.080004 0.012349 -0.063871
v -0.079861 0.014586 -0.062514
v -0.059431 -0.010910 -0.104017
v -0.061700 0.000076 -0.109332
v -0.014077 -0.085093 -0.110539
v -0.014291 -0.070905 -0.110285
v -0.076161 0.032580 -0.094714
v -0.077874 0.013978 -0.059219
v -0.079905 0.016305 -0.061026
v -0.079673 -0.007942 -0.066110
v -0.077612 0.013001 -0.058875
v -0.077585 0.011378 -0.060418
v -0.080818 0.018025 -0.062719
v -0.080901 0.015813 -0.064424
v -0.080986 0.013343 -0.065812
v -0.077533 0.009597 -0.062012
v -0.077021 0.018375 -0.061184
v -0.080644 0.063362 -0.071070
v -0.079849 0.057400 -0.085118
v -0.077067 0.080340 -0.074515
v -0.076395 0.075277 -0.089851
v -0.071803 0.069205 -0.105761
v -0.075167 0.050326 -0.101061
v -0.076930 0.019598 -0.055827
v -0.079259 0.022682 -0.054342
v -0.064080 0.091044 -0.022268
v -0.069126 0.085902 -0.029609
v -0.057072 0.095517 -0.013567
v -0.056903 0.100667 -0.020346
v -0.063437 0.097078 -0.029310
v -0.070568 0.090070 -0.041541
v -0.079704 0.054070 -0.056146
v -0.078825 0.068883 -0.056881
v -0.075711 0.073072 -0.043231
v -0.075121 0.085438 -0.058838
v -0.066523 0.099228 -0.047928
v -0.070217 0.095526 -0.062585
v -0.059412 0.107681 -0.051839
v -0.061519 0.105603 -0.066553
v -0.061452 0.103003 -0.082620
v -0.071935 0.091494 -0.077806
v -0.061547 0.102472 -0.035545
v -0.055333 0.105365 -0.025816
v -0.056403 0.108753 -0.039095
v -0.053109 0.109367 -0.030392
v -0.073751 0.074932 -0.035927
v -0.064284 -0.035124 -0.046227
v -0.065742 -0.035259 -0.041388
v -0.069230 -0.024224 -0.034685
v -0.068770 0.000477 -0.001397
v -0.068577 0.013257 -0.003548
v -0.071793 0.005186 -0.013895
v -0.070169 -0.008418 -0.010964
v -0.067064 0.026883 -0.004881
v -0.070778 0.019413 -0.015143
v -0.070923 0.033551 -0.016903
v -0.067161 0.041216 -0.005114
v -0.062943 0.063687 -0.120787
v -0.065228 0.046809 -0.118807
v -0.065666 0.033970 -0.116945
v -0.047769 0.057526 0.026554
v -0.022405 0.084939 -0.140868
v -0.046636 0.082159 0.016104
v -0.055227 0.084278 -0.121229
v -0.042114 0.090271 -0.127822
v -0.071129 0.086554 -0.092937
v -0.067924 0.081231 -0.106471
v -0.059946 0.074779 -0.121314
v -0.064591 0.017720 -0.114773
v -0.047446 0.109147 -0.018952
v -0.056127 0.024112 0.019195
v -0.055315 0.019541 0.018108
v -0.056440 0.028840 0.020888
v -0.053682 0.014643 0.019455
v -0.015259 0.005905 0.043868
v -0.014840 0.003774 0.045920
v -0.014329 0.001461 0.047995
v -0.018372 0.000797 0.043543
v -0.017673 -0.002246 0.045459
v -0.011477 0.001417 0.053338
v -0.011566 0.004241 0.050949
v -0.014141 -0.001471 0.050066
v -0.013959 -0.004664 0.051974
v -0.011522 -0.001658 0.055872
v -0.018053 -0.017116 0.047988
v -0.019244 -0.012584 0.046411
v -0.016783 -0.008272 0.048573
v -0.021390 -0.005276 0.043874
v -0.020441 -0.008658 0.045251
v -0.017133 -0.005015 0.047088
v -0.022641 -0.001854 0.042054
v -0.014868 -0.007990 0.054761
v -0.015676 -0.011106 0.057718
v -0.012185 -0.005144 0.059020
v -0.010155 -0.002881 0.062380
v -0.009500 0.000812 0.059270
v -0.019021 0.003119 0.041732
v -0.023695 0.000971 0.040688
v -0.024033 -0.012230 0.044593
v -0.028688 -0.015688 0.044120
v -0.025838 -0.007786 0.043058
v -0.030498 -0.010659 0.042627
v -0.027193 -0.004047 0.041425
v -0.031806 -0.006645 0.040794
v -0.032863 -0.019422 0.043364
v -0.036407 -0.023511 0.042023
v -0.039519 -0.028480 0.040003
v -0.039291 -0.018408 0.040499
v -0.043028 -0.023944 0.038266
v -0.041292 -0.013269 0.038625
v -0.045734 -0.018344 0.036299
v -0.035242 -0.014218 0.041851
v -0.036855 -0.009779 0.039862
v -0.032985 -0.002697 0.038980
v -0.028503 -0.000613 0.039939
v -0.042319 -0.001610 0.034946
v -0.042217 -0.007400 0.036780
v -0.037621 -0.004952 0.037862
v -0.038085 -0.000228 0.036049
v -0.047428 -0.011292 0.034443
v -0.047036 -0.003253 0.033213
v -0.046026 0.001925 0.031762
v -0.031859 0.008775 0.036165
v -0.026962 0.009491 0.037097
v -0.035500 0.008396 0.034879
v -0.041806 0.002586 0.033445
v -0.038301 0.003328 0.034895
v -0.049607 0.009595 0.025279
v -0.047402 0.008719 0.027631
v -0.041744 0.008165 0.031867
v -0.038843 0.008193 0.033446
v -0.044677 0.008375 0.029952
v -0.022306 0.011237 0.037083
v -0.017801 0.013566 0.036904
v -0.057385 -0.062906 -0.068064
v -0.009132 0.004166 0.056745
v -0.008937 0.007316 0.054305
v -0.014448 0.030389 0.040335
v -0.012587 0.027771 0.038971
v -0.006749 0.027956 0.046528
v -0.018742 0.033739 0.042748
v -0.014018 0.016357 0.036895
v -0.012411 0.018761 0.036858
v -0.011369 0.021928 0.037261
v -0.011386 0.024749 0.038064
v -0.030242 0.047094 0.043946
v -0.027368 0.040571 0.045640
v -0.057977 0.063171 0.010575
v -0.061638 0.054338 0.006552
v -0.050390 0.042814 0.028911
v -0.053675 0.038796 0.025801
v -0.055779 0.033955 0.023038
v -0.063436 0.042559 0.003614
v -0.064109 0.030177 0.002641
v -0.065298 0.018474 0.003149
v -0.048533 0.094107 0.001976
v -0.048469 0.099672 -0.004907
v -0.048029 0.088079 0.009095
v -0.039141 0.112634 -0.013599
v -0.039152 0.108272 -0.005167
v -0.048116 0.104678 -0.011839
v -0.039585 0.103245 0.002172
v -0.039875 0.097677 0.008981
v -0.039354 0.091722 0.016143
v -0.038267 0.085423 0.022987
v -0.036623 0.076668 0.029761
v -0.047215 -0.061861 -0.085791
v -0.007419 -0.006993 0.055381
v -0.006676 -0.006785 0.055927
v -0.006308 -0.007599 0.054871
v -0.005651 -0.007296 0.055396
v -0.005147 -0.009090 0.055144
v -0.006708 -0.015954 0.057435
v -0.005358 -0.014132 0.056314
v -0.004683 -0.010794 0.055040
v -0.067769 -0.030650 -0.036309
v -0.058967 -0.096756 -0.063145
v -0.054657 -0.093375 -0.075533
v 0.056155 -0.096230 -0.062774
v 0.051822 -0.092789 -0.075430
v 0.020605 -0.126906 -0.009991
v 0.032299 -0.122686 -0.015769
v 0.033786 -0.131438 -0.016936
v 0.021604 -0.134890 -0.011368
v 0.059464 -0.113682 -0.068278
v 0.057233 -0.105322 -0.063253
v 0.053588 -0.101453 -0.078162
v 0.057305 -0.109788 -0.083681
v 0.046626 -0.099537 -0.091090
v 0.050410 -0.108720 -0.096579
v 0.039421 -0.109394 -0.106305
v 0.036824 -0.098606 -0.100842
v 0.025077 -0.098685 -0.107893
v 0.027405 -0.110440 -0.112933
v 0.043838 -0.117939 -0.024132
v 0.052617 -0.113097 -0.035538
v 0.052961 -0.122913 -0.036504
v 0.044238 -0.126693 -0.025026
v 0.057380 -0.108681 -0.048584
v 0.058365 -0.118033 -0.051621
v 0.013297 -0.109655 -0.117347
v 0.012076 -0.096876 -0.111871
v 0.023460 -0.153222 -0.013260
v 0.010611 -0.155184 -0.010933
v 0.010592 -0.145801 -0.009746
v 0.022870 -0.144059 -0.012389
v 0.054747 -0.155180 -0.031116
v 0.069384 -0.148296 -0.044367
v 0.075686 -0.156784 -0.040312
v 0.059346 -0.164036 -0.026581
v 0.097043 -0.155719 -0.053465
v 0.106366 -0.144403 -0.075228
v 0.038458 -0.160209 -0.020701
v 0.041317 -0.168914 -0.015551
v -0.001302 -0.119779 -0.126193
v -0.001272 -0.107744 -0.118198
v 0.096511 -0.138578 -0.078956
v 0.094936 -0.134560 -0.101986
v 0.107842 -0.139833 -0.099816
v 0.053410 -0.155963 -0.143687
v 0.053502 -0.162733 -0.147402
v 0.069195 -0.158047 -0.143598
v 0.064530 -0.152184 -0.139457
v 0.073617 -0.123675 -0.096904
v 0.061839 -0.124708 -0.112204
v 0.071296 -0.131502 -0.117212
v 0.084123 -0.129260 -0.101637
v 0.036792 -0.141100 -0.135353
v 0.054901 -0.135983 -0.127184
v 0.047152 -0.128357 -0.122119
v 0.031765 -0.131966 -0.128966
v 0.086665 -0.133401 -0.079082
v 0.075206 -0.128425 -0.076604
v 0.079150 -0.140811 -0.060236
v 0.069982 -0.134871 -0.058920
v 0.061944 -0.140741 -0.043470
v 0.056350 -0.116850 -0.103736
v 0.043696 -0.118983 -0.113769
v 0.028349 -0.121409 -0.121271
v 0.012704 -0.121927 -0.125731
v -0.001478 -0.169609 -0.147049
v -0.001332 -0.157542 -0.143616
v 0.017501 -0.143487 -0.138106
v 0.015501 -0.132365 -0.132010
v 0.088114 -0.147503 -0.058374
v 0.062475 -0.127356 -0.056431
v 0.056489 -0.132180 -0.041133
v 0.065544 -0.172319 -0.017060
v 0.083961 -0.165707 -0.033047
v 0.045137 -0.177398 -0.006097
v 0.026822 -0.180743 0.000634
v 0.019046 -0.154922 -0.143630
v 0.018044 -0.167110 -0.147035
v 0.038089 -0.163986 -0.147506
v 0.041467 -0.152215 -0.142300
v 0.049823 -0.145187 -0.030775
v 0.036750 -0.150374 -0.020924
v 0.023631 -0.163070 -0.012498
v 0.064205 -0.117423 -0.089477
v 0.065522 -0.121849 -0.072752
v 0.046444 -0.135453 -0.028157
v 0.035343 -0.141108 -0.018992
v 0.010036 -0.137031 -0.007524
v 0.024707 -0.172041 -0.007597
v 0.097798 -0.143978 -0.121246
v 0.084061 -0.151646 -0.135244
v 0.075853 -0.148354 -0.133955
v -0.001218 -0.144663 -0.138744
v -0.001158 -0.147222 -0.009341
v -0.001383 -0.156227 -0.011611
v -0.000596 -0.138578 -0.006355
v 0.081526 -0.139611 -0.123184
v 0.060475 -0.144802 -0.134347
v -0.000291 -0.131284 -0.003570
v -0.001336 -0.096093 -0.113153
v -0.001485 -0.166773 -0.012064
v -0.001698 -0.176863 -0.006940
v -0.001859 -0.186967 0.001728
v 0.009856 -0.129752 -0.005073
v 0.010858 -0.174814 -0.006186
v 0.010524 -0.164956 -0.010623
v 0.011849 -0.184678 0.001561
v -0.000879 -0.131772 -0.132886
v -0.021079 -0.127176 -0.009978
v -0.032991 -0.123034 -0.015989
v -0.034899 -0.131679 -0.017150
v -0.022534 -0.135100 -0.011540
v -0.061131 -0.114254 -0.069143
v -0.059117 -0.105944 -0.063742
v -0.056084 -0.102009 -0.078510
v -0.059446 -0.110323 -0.084214
v -0.048907 -0.100036 -0.091335
v -0.052420 -0.109115 -0.096954
v -0.041632 -0.109732 -0.106531
v -0.039159 -0.099045 -0.101076
v -0.027462 -0.099032 -0.108005
v -0.029822 -0.110739 -0.112974
v -0.044874 -0.118427 -0.024447
v -0.053953 -0.113851 -0.035820
v -0.054500 -0.123345 -0.036787
v -0.045609 -0.127046 -0.025273
v -0.058507 -0.109349 -0.048849
v -0.059621 -0.118665 -0.052316
v -0.015666 -0.109908 -0.117185
v -0.014637 -0.097120 -0.111863
v -0.025782 -0.153263 -0.013445
v -0.012921 -0.155200 -0.011109
v -0.012318 -0.145854 -0.010030
v -0.024610 -0.144094 -0.012825
v -0.056943 -0.155619 -0.032605
v -0.071149 -0.148850 -0.046478
v -0.077634 -0.157328 -0.042437
v -0.061799 -0.164536 -0.028271
v -0.099136 -0.155733 -0.055690
v -0.107963 -0.144094 -0.077059
v -0.040952 -0.160394 -0.021437
v -0.044028 -0.169098 -0.016567
v -0.098626 -0.138339 -0.080530
v -0.097025 -0.134589 -0.103026
v -0.109717 -0.139639 -0.101205
v -0.056089 -0.155815 -0.144410
v -0.056342 -0.162379 -0.148092
v -0.071585 -0.157791 -0.144396
v -0.067112 -0.152049 -0.140250
v -0.075717 -0.124011 -0.097571
v -0.064010 -0.124890 -0.112608
v -0.073217 -0.131668 -0.117871
v -0.085912 -0.129411 -0.102459
v -0.039045 -0.141189 -0.135751
v -0.056822 -0.136110 -0.127779
v -0.049332 -0.128615 -0.122497
v -0.033162 -0.132223 -0.129376
v -0.088506 -0.133141 -0.080331
v -0.076885 -0.128393 -0.077753
v -0.080773 -0.141113 -0.061983
v -0.071608 -0.135318 -0.060635
v -0.063572 -0.141229 -0.045241
v -0.057939 -0.117137 -0.104148
v -0.045671 -0.119149 -0.114030
v -0.030881 -0.121566 -0.121277
v -0.015469 -0.121924 -0.125561
v -0.019959 -0.143469 -0.138178
v -0.017674 -0.132680 -0.132129
v -0.089864 -0.147710 -0.060306
v -0.063789 -0.127807 -0.057821
v -0.058093 -0.132532 -0.042127
v -0.068396 -0.172298 -0.018580
v -0.086472 -0.165801 -0.035108
v -0.048231 -0.177274 -0.007084
v -0.030242 -0.180830 0.000136
v -0.021708 -0.155046 -0.143888
v -0.020197 -0.167265 -0.147298
v -0.039839 -0.164201 -0.148122
v -0.043742 -0.152208 -0.142892
v -0.051921 -0.145509 -0.031708
v -0.039057 -0.150514 -0.021394
v -0.026284 -0.163038 -0.012735
v -0.065869 -0.117767 -0.090099
v -0.067235 -0.122114 -0.073847
v -0.048282 -0.135681 -0.028653
v -0.037237 -0.141205 -0.019316
v -0.011284 -0.137163 -0.007803
v -0.027668 -0.172089 -0.008130
v -0.099066 -0.143819 -0.122396
v -0.085839 -0.151494 -0.136192
v -0.077761 -0.148317 -0.134863
v -0.083282 -0.139661 -0.124066
v -0.062377 -0.144827 -0.135121
v -0.010491 -0.129942 -0.005272
v -0.014043 -0.174820 -0.006425
v -0.013335 -0.164970 -0.010811
v -0.015225 -0.184547 0.001165
v -0.006570 -0.009109 0.054288
v -0.067524 -0.033590 -0.015955
v -0.066907 -0.041090 -0.022933
v -0.063946 -0.051778 -0.016581
v -0.065041 -0.043922 -0.009710
v -0.058682 -0.062729 -0.008186
v -0.061661 -0.053086 -0.002437
v -0.052821 -0.071083 0.000838
v -0.057149 -0.061286 0.004600
v -0.047640 -0.076153 0.010489
v -0.052191 -0.066641 0.012680
v -0.032919 -0.080457 0.031948
v -0.031255 -0.085018 0.028413
v -0.024906 -0.088008 0.036112
v -0.025547 -0.084055 0.040216
v -0.017954 -0.089973 0.043132
v -0.018484 -0.086015 0.047075
v -0.010218 -0.090783 0.047307
v -0.010247 -0.086965 0.051393
v -0.000938 -0.090740 0.049223
v -0.000932 -0.086857 0.053295
v -0.000853 -0.077249 0.056598
v -0.009424 -0.077355 0.054968
v -0.009981 -0.082242 0.053992
v -0.000909 -0.082560 0.055575
v -0.016731 -0.076752 0.050934
v -0.018012 -0.081806 0.049507
v -0.023219 -0.074472 0.045128
v -0.024803 -0.079645 0.043205
v -0.030569 -0.070567 0.038161
v -0.032458 -0.075765 0.035175
v -0.037050 -0.065270 0.033868
v -0.039931 -0.068905 0.029406
v -0.009200 -0.093621 0.041106
v -0.000939 -0.093654 0.043694
v -0.016241 -0.092853 0.037158
v -0.022648 -0.091174 0.031276
v -0.028034 -0.089063 0.024503
v -0.040781 -0.079532 0.019850
v -0.034038 -0.086445 0.016338
v -0.041843 -0.082147 0.007998
v -0.047424 -0.077240 -0.002701
v -0.054566 -0.068793 -0.013194
v -0.061572 -0.057598 -0.022682
v -0.065396 -0.045268 -0.030229
v -0.068165 -0.032991 -0.028296
v -0.015596 -0.072207 0.050957
v -0.008726 -0.072708 0.054630
v -0.022525 -0.069923 0.045642
v -0.028783 -0.065959 0.040439
v -0.033820 -0.061547 0.037386
v -0.038949 -0.049691 0.036730
v -0.037601 -0.056044 0.036350
v -0.037591 -0.037459 0.039796
v -0.038755 -0.043421 0.038035
v -0.045707 -0.031166 0.035003
v -0.047112 -0.039905 0.031365
v -0.042945 -0.042304 0.034915
v -0.041762 -0.034842 0.037412
v -0.049456 -0.025567 0.032342
v -0.051299 -0.035561 0.027556
v -0.008161 -0.095337 0.035498
v -0.000944 -0.095467 0.036891
v -0.014221 -0.094855 0.031777
v -0.019440 -0.093922 0.026279
v -0.023416 -0.092942 0.019589
v -0.027882 -0.091323 0.012079
v -0.033455 -0.088760 0.003602
v -0.040583 -0.084180 -0.006584
v -0.049604 -0.075203 -0.018285
v -0.058755 -0.062034 -0.028565
v -0.063208 -0.049203 -0.036042
v -0.019611 -0.098145 0.006804
v -0.015917 -0.097640 0.013051
v -0.013039 -0.097645 0.018664
v -0.010383 -0.097824 0.023258
v -0.006268 -0.098583 0.022937
v -0.000649 -0.098745 0.022788
v -0.005250 -0.100711 0.015122
v -0.000353 -0.100435 0.015559
v -0.007097 -0.102699 0.010329
v -0.000151 -0.103090 0.010650
v -0.009075 -0.105615 0.006590
v -0.000103 -0.107732 0.007387
v -0.041244 -0.058384 0.032717
v -0.044969 -0.059581 0.027702
v -0.046997 -0.049551 0.028545
v -0.051459 -0.046638 0.023466
v -0.049579 -0.058670 0.021683
v -0.042925 -0.050385 0.033227
v -0.055205 -0.054825 0.014488
v -0.056280 -0.041835 0.017933
v -0.055492 -0.029671 0.023630
v -0.059722 -0.037089 0.012787
v -0.059668 -0.048773 0.007684
v -0.059149 -0.024995 0.019142
v -0.061915 -0.020491 0.014768
v -0.062345 -0.031378 0.007859
v -0.062388 -0.042547 0.002545
v -0.044056 -0.071669 0.022712
v -0.064868 -0.035240 -0.003606
v -0.064065 -0.015896 0.010325
v -0.064324 -0.025882 0.003348
v -0.066326 -0.009847 0.004885
v -0.066883 -0.018264 -0.002892
v -0.067226 -0.027294 -0.010282
v -0.069526 -0.024916 -0.024403
v -0.000833 -0.072506 0.056405
v -0.063867 -0.033738 -0.051142
v -0.021322 -0.030401 0.048183
v -0.016131 -0.028201 0.050870
v -0.011170 -0.027399 0.054274
v -0.007179 -0.027013 0.056775
v -0.003220 -0.027141 0.058147
v -0.000135 -0.119034 0.001745
v 0.000445 0.041958 0.050190
v -0.000174 -0.112468 0.005297
v -0.000493 -0.058312 0.042609
v 0.000091 0.128654 -0.028030
v -0.000736 -0.067686 0.055715
v -0.000526 -0.053594 0.044961
v 0.000591 0.001757 0.069380
v -0.000654 -0.062819 0.055022
v -0.000325 -0.052563 0.059412
v -0.000346 -0.046685 0.058193
v 0.000421 0.079493 0.040603
v -0.000287 -0.049357 0.059509
v 0.000417 -0.024849 0.058798
v 0.000697 -0.002328 0.072713
v -0.000407 -0.044664 0.056959
v -0.001268 -0.046104 -0.115783
v -0.000391 -0.055650 0.057780
v -0.000500 -0.047540 0.049441
v -0.000491 -0.044502 0.054848
v 0.000356 -0.035217 0.046542
v 0.000487 -0.027526 0.058341
v 0.000662 0.019424 0.055442
v -0.001062 -0.007678 -0.139975
v 0.000640 0.016330 0.057877
v 0.000301 0.104218 0.022712
v 0.000384 0.089843 0.035194
v 0.000569 0.005711 0.066165
v -0.000659 0.055077 -0.153378
v -0.000557 0.071602 -0.150361
v 0.000414 0.061113 0.046321
v -0.000054 0.126050 -0.091328
v 0.000803 -0.006259 0.074956
v 0.000386 -0.019903 0.064612
v 0.000159 0.120758 -0.003031
v -0.000869 0.020620 -0.150807
v -0.000208 0.116365 -0.115741
v 0.000663 -0.042802 0.057705
v 0.000122 0.125099 -0.014967
v 0.000611 -0.044354 0.054694
v 0.000639 -0.016494 0.072319
v -0.000968 0.004967 -0.146220
v -0.000763 0.034332 -0.152976
v 0.000582 -0.033643 0.058968
v 0.000516 -0.030015 0.058362
v -0.000131 0.122037 -0.103935
v 0.000421 0.048422 0.049635
v 0.000627 -0.035786 0.059860
v 0.000783 0.028407 0.050697
v 0.000697 -0.038403 0.060312
v -0.000229 -0.125326 -0.001197
v -0.000370 0.095705 -0.137653
v 0.000690 -0.040766 0.059145
v 0.000522 -0.042206 0.050577
v 0.000607 0.009528 0.063058
v 0.000419 -0.038779 0.048052
v 0.000429 0.069302 0.044001
v 0.000333 -0.022334 0.060193
v 0.000343 -0.021598 0.060787
v 0.000754 0.025321 0.051613
v 0.000345 0.097667 0.029234
v 0.000747 0.031041 0.050434
v 0.000368 -0.023129 0.059602
v -0.000460 0.086343 -0.143927
v 0.000011 0.130784 -0.073930
v 0.000025 0.132073 -0.060740
v 0.000690 0.022363 0.053136
v 0.000639 0.013225 0.060274
v -0.001274 -0.057867 -0.113495
v 0.000772 -0.012993 0.074942
v 0.000812 -0.010088 0.075586
v 0.000198 0.115582 0.007220
v -0.001135 -0.017172 -0.134600
v 0.000055 0.131478 -0.043559
v 0.000249 0.110070 0.015532
v -0.001238 -0.034394 -0.122170
v -0.001192 -0.024624 -0.129838
v 0.000546 -0.017760 0.070573
v 0.000635 0.034248 0.050377
v 0.000447 -0.019117 0.067355
v -0.000287 0.108394 -0.126279
v 0.000359 -0.020713 0.062310
v 0.007097 -0.008956 0.054396
v 0.066481 -0.033253 -0.014107
v 0.065077 -0.040602 -0.021091
v 0.062320 -0.051252 -0.014849
v 0.064118 -0.043504 -0.007876
v 0.057461 -0.062193 -0.006536
v 0.060918 -0.052632 -0.000663
v 0.051580 -0.070377 0.002260
v 0.056355 -0.060744 0.006289
v -0.003699 -0.016394 0.069617
v -0.002722 -0.017890 0.067067
v 0.046607 -0.075567 0.011796
v 0.051404 -0.066013 0.014108
v -0.015473 0.020405 0.034266
v -0.007887 -0.019204 0.057101
v -0.006563 0.003105 0.062393
v -0.013819 0.020548 0.034826
v 0.031450 -0.079701 0.032557
v 0.029850 -0.084278 0.029064
v 0.023175 -0.087369 0.036639
v 0.023926 -0.083625 0.040813
v -0.010098 -0.019009 0.055749
v 0.016139 -0.089791 0.043682
v 0.016745 -0.085964 0.047741
v 0.008346 -0.090815 0.047731
v 0.008370 -0.087017 0.051881
v -0.006037 0.010118 0.056983
v -0.008216 0.019292 0.044180
v 0.007610 -0.077307 0.055613
v 0.008146 -0.082259 0.054569
v -0.006157 0.006591 0.059810
v -0.015705 -0.016394 0.056376
v -0.013799 -0.018854 0.054938
v -0.006288 -0.010569 0.072085
v -0.007210 -0.007776 0.070993
v 0.014947 -0.076589 0.051501
v -0.007033 -0.013580 0.070077
v -0.004261 -0.015268 0.070735
v 0.016271 -0.081694 0.050097
v -0.017774 0.020360 0.034500
v -0.023598 0.021817 0.029543
v -0.005476 -0.012542 0.071981
v -0.002509 -0.014594 0.072757
v -0.021040 0.020997 0.032828
v -0.016648 0.020378 0.034374
v -0.011623 -0.012090 0.065030
v -0.006801 0.018215 0.048609
v 0.021697 -0.074092 0.045703
v 0.023278 -0.079277 0.043820
v 0.029334 -0.069975 0.038760
v 0.031184 -0.075104 0.035794
v -0.014385 -0.013739 0.060713
v 0.036040 -0.064541 0.034517
v 0.038871 -0.068096 0.030094
v 0.007548 -0.093487 0.041387
v -0.018780 0.020521 0.034480
v -0.019797 0.020665 0.034258
v -0.007195 -0.000559 0.065504
v 0.014566 -0.092331 0.037565
v 0.021109 -0.090457 0.031795
v 0.026695 -0.088416 0.025239
v 0.039810 -0.078980 0.020815
v -0.022772 0.021318 0.032312
v -0.002590 -0.019590 0.062109
v -0.009656 -0.012681 0.067330
v -0.008239 -0.013177 0.068861
v -0.003156 -0.020262 0.060112
v 0.033187 -0.085927 0.017239
v 0.040707 -0.081502 0.009162
v -0.011827 0.020207 0.037037
v 0.045971 -0.076417 -0.001507
v -0.006269 0.015898 0.052169
v -0.006198 0.012935 0.054682
v 0.053138 -0.068164 -0.011798
v 0.059711 -0.056990 -0.021137
v -0.002414 -0.018798 0.064553
v 0.063091 -0.044713 -0.028508
v 0.066789 -0.032726 -0.026437
v 0.014023 -0.072040 0.051478
v 0.007138 -0.072594 0.055263
v 0.021099 -0.069547 0.046048
v -0.007545 -0.004361 0.068735
v 0.027636 -0.065388 0.040832
v 0.032960 -0.060902 0.037853
v 0.038468 -0.049102 0.037513
v -0.005484 -0.019696 0.058548
v 0.036920 -0.055392 0.036991
v 0.037578 -0.036963 0.040817
v 0.038543 -0.042878 0.038871
v 0.045901 -0.030722 0.036767
v 0.046974 -0.039311 0.032796
v 0.042713 -0.041744 0.036073
v 0.000729 -0.014923 0.073767
v -0.004795 -0.014074 0.071453
v 0.041879 -0.034395 0.038927
v 0.049709 -0.025168 0.034319
v 0.051334 -0.035006 0.029269
v 0.006560 -0.095078 0.035775
v -0.029629 0.033631 0.040870
v -0.029622 0.031634 0.039153
v 0.012640 -0.094298 0.032199
v 0.018246 -0.093303 0.026777
v 0.022411 -0.092366 0.020241
v 0.026986 -0.090821 0.012905
v 0.032601 -0.088221 0.004513
v 0.039320 -0.083396 -0.005680
v -0.022456 0.036684 0.044703
v -0.004369 0.037712 0.049582
v -0.009650 0.037583 0.048558
v 0.048523 -0.074689 -0.017198
v -0.029785 0.028884 0.037369
v -0.030852 0.027096 0.036313
v -0.029434 0.029998 0.037518
v -0.030809 0.027388 0.037177
v -0.030240 0.028173 0.037448
v 0.057157 -0.061505 -0.027347
v -0.029334 0.029820 0.036716
v 0.060938 -0.048553 -0.034663
v -0.029388 0.029718 0.036538
v 0.018911 -0.097745 0.007281
v -0.028616 0.036303 0.042799
v 0.015139 -0.097243 0.013467
v 0.012107 -0.097197 0.019020
v -0.029425 0.029480 0.036937
v -0.030638 0.028076 0.034880
v 0.009349 -0.097433 0.023564
v -0.030733 0.026990 0.030829
v 0.005148 -0.098373 0.023141
v 0.000523 0.037875 0.050142
v -0.021091 0.047459 0.047477
v -0.051237 0.047206 0.025572
v 0.004651 -0.100521 0.015269
v -0.054359 0.041938 0.022577
v 0.006672 -0.102578 0.010552
v -0.048617 0.005467 0.028320
v -0.051248 0.006514 0.025625
v -0.018363 0.041255 0.048213
v 0.008583 -0.105488 0.006956
v 0.040417 -0.057620 0.033367
v 0.044112 -0.058737 0.028481
v 0.046455 -0.048806 0.029595
v 0.051112 -0.045942 0.024878
v -0.026206 0.068495 0.038949
v -0.030747 0.115421 -0.009723
v -0.024643 0.060704 0.042145
v -0.039392 0.053015 0.035886
v 0.048877 -0.057922 0.022809
v -0.030776 0.110888 -0.000558
v 0.042330 -0.049688 0.034052
v 0.054749 -0.054239 0.016088
v 0.056062 -0.041267 0.019770
v 0.055496 -0.029185 0.025633
v 0.059424 -0.036565 0.014732
v -0.046356 0.051584 0.029942
v 0.059178 -0.048260 0.009492
v -0.055771 0.012157 0.018327
v -0.006344 0.054192 0.048218
v -0.057181 0.017957 0.016095
v 0.059011 -0.024536 0.021203
v -0.014334 0.053991 0.047490
v -0.027465 0.125218 -0.072500
v 0.061680 -0.020055 0.016791
v 0.061947 -0.030889 0.009818
v 0.061877 -0.042081 0.004418
v 0.043092 -0.070926 0.023604
v -0.013231 0.033884 0.045458
v 0.064210 -0.034835 -0.001735
v -0.038605 0.006087 0.034027
v -0.041693 0.005677 0.032550
v 0.063769 -0.015529 0.012164
v -0.031329 0.125035 -0.061176
v -0.054922 0.009624 0.020463
v -0.029307 0.087507 0.028313
v -0.009474 0.027846 0.043130
v -0.010614 0.030591 0.043629
v -0.030063 0.094335 0.021681
v 0.063741 -0.025442 0.005211
v 0.065927 -0.009513 0.006511
v 0.066202 -0.017877 -0.001175
v -0.030462 0.100471 0.014596
v 0.066389 -0.026930 -0.008518
v 0.068596 -0.024689 -0.022542
v -0.031141 0.119369 -0.020426
v -0.021476 0.009505 0.037582
v 0.062301 -0.033357 -0.050052
v 0.021817 -0.030033 0.048456
v 0.016795 -0.027912 0.051040
v -0.056728 0.035976 0.019965
v -0.057917 0.029633 0.018126
v -0.031902 0.124506 -0.047278
v -0.031226 0.007158 0.036798
v -0.057790 0.023702 0.016711
v -0.015598 0.127080 -0.080587
v 0.011960 -0.027192 0.054546
v -0.053472 0.007771 0.022970
v 0.008130 -0.026869 0.057215
v 0.004192 -0.027072 0.058552
v -0.031883 0.053450 0.041070
v -0.035103 0.006472 0.035466
v -0.008916 0.024871 0.042182
v -0.016778 0.011902 0.037829
v -0.013151 0.015232 0.038339
v -0.030646 0.105925 0.007410
v -0.010890 0.017957 0.039399
v -0.009029 0.021994 0.041186
v -0.026342 0.007971 0.037670
v -0.027931 0.078063 0.034709
v -0.031445 0.122530 -0.033159
v -0.045160 0.005508 0.030633
v -0.000006 0.128326 -0.083393
v 0.000406 0.054225 0.048356
v -0.009781 0.019715 0.040361
v -0.015751 0.037347 0.046951
v -0.023102 0.053730 0.045272
v -0.000482 -0.059076 0.055807
v -0.026642 -0.040286 0.045924
v -0.028049 -0.042453 0.044304
v -0.027330 -0.048559 0.041853
v -0.019233 -0.035287 0.051288
v -0.023717 -0.037912 0.048183
v -0.018456 -0.056572 0.049758
v -0.028483 -0.044437 0.043015
v -0.012852 -0.058196 0.053012
v -0.028371 -0.046510 0.042136
v -0.007178 -0.059333 0.054723
v 0.000547 -0.031798 0.058658
v -0.008979 -0.031697 0.057159
v -0.004184 -0.031415 0.058565
v -0.014091 -0.033047 0.054483
v -0.025576 -0.051034 0.043029
v -0.023043 -0.053816 0.045684
v 0.004790 -0.016571 0.069867
v 0.003672 -0.017998 0.067235
v 0.015634 0.020646 0.035245
v 0.008493 -0.019084 0.057243
v 0.007130 0.003289 0.062702
v 0.014000 0.020754 0.035634
v 0.010737 -0.018884 0.055906
v 0.006605 0.010268 0.057342
v 0.008417 0.019369 0.044610
v 0.006772 0.006778 0.060162
v 0.016308 -0.016198 0.056488
v 0.014417 -0.018705 0.055067
v 0.007435 -0.010403 0.072335
v 0.008290 -0.007526 0.071280
v 0.008017 -0.013517 0.070306
v 0.005416 -0.015393 0.071019
v 0.017919 0.020665 0.035649
v 0.023648 0.022018 0.031154
v 0.006673 -0.012485 0.072257
v 0.003907 -0.014737 0.073060
v 0.021180 0.021304 0.034182
v 0.016814 0.020658 0.035448
v 0.012204 -0.011845 0.065150
v 0.007213 0.018264 0.049010
v 0.014965 -0.013488 0.060827
v 0.018905 0.020831 0.035701
v 0.019918 0.020989 0.035550
v 0.007756 -0.000392 0.065767
v 0.022882 0.021592 0.033625
v 0.003239 -0.019449 0.062117
v 0.010332 -0.012463 0.067475
v 0.009037 -0.013024 0.069031
v 0.003701 -0.020068 0.060104
v 0.011938 0.020373 0.037651
v 0.006852 0.015980 0.052546
v 0.006923 0.013075 0.055034
v 0.003190 -0.018767 0.064628
v 0.008382 -0.004132 0.068983
v 0.006050 -0.019540 0.058612
v 0.005988 -0.014116 0.071746
v 0.030125 0.033719 0.042008
v 0.030045 0.031804 0.040426
v 0.022993 0.036624 0.045567
v 0.005306 0.037652 0.049746
v 0.010436 0.037481 0.048947
v 0.030125 0.029542 0.038750
v 0.031088 0.027736 0.037640
v 0.029804 0.030242 0.038888
v 0.031076 0.028077 0.038492
v 0.030553 0.028875 0.038751
v 0.029662 0.030122 0.038208
v 0.029698 0.030150 0.037968
v 0.029096 0.036356 0.043748
v 0.029750 0.030043 0.038360
v 0.030867 0.028687 0.036128
v 0.030969 0.027490 0.032250
v 0.021902 0.047363 0.048375
v 0.051708 0.047251 0.026326
v 0.054604 0.042006 0.023263
v 0.048822 0.005897 0.029808
v 0.051441 0.006968 0.027166
v 0.019127 0.041044 0.049150
v 0.026932 0.068554 0.039338
v 0.030937 0.115508 -0.009672
v 0.025371 0.060694 0.042632
v 0.040101 0.053040 0.036641
v 0.031014 0.110979 -0.000496
v 0.047018 0.051634 0.030695
v 0.056261 0.012528 0.019728
v 0.007199 0.054143 0.048478
v 0.057744 0.018284 0.017359
v 0.015194 0.053951 0.048060
v 0.027429 0.125238 -0.072469
v 0.013847 0.033858 0.046012
v 0.038918 0.006698 0.035496
v 0.041993 0.006259 0.034023
v 0.031351 0.125069 -0.061145
v 0.055260 0.010012 0.021907
v 0.029915 0.087629 0.028502
v 0.010069 0.027951 0.043597
v 0.011182 0.030659 0.044111
v 0.030549 0.094470 0.021830
v 0.030843 0.100593 0.014704
v 0.031292 0.119438 -0.020387
v 0.021556 0.009766 0.038247
v 0.056804 0.036109 0.020625
v 0.058082 0.029895 0.018925
v 0.031971 0.124554 -0.047248
v 0.031465 0.007584 0.037797
v 0.058193 0.023984 0.017691
v 0.015566 0.127086 -0.080573
v 0.053771 0.008175 0.024482
v 0.032595 0.053442 0.041742
v 0.035346 0.007052 0.036759
v 0.009262 0.025019 0.042616
v 0.016809 0.012105 0.038458
v 0.013173 0.015366 0.038920
v 0.030942 0.106024 0.007486
v 0.010935 0.018071 0.039931
v 0.009220 0.022125 0.041613
v 0.026345 0.008347 0.038392
v 0.028627 0.078146 0.034960
v 0.031555 0.122586 -0.033128
v 0.045385 0.006009 0.032070
v 0.009922 0.019837 0.040855
v 0.016432 0.037193 0.047685
v 0.023886 0.053661 0.045889
v 0.027009 -0.039920 0.046018
v 0.028209 -0.042031 0.044428
v 0.027163 -0.048091 0.041965
v 0.020082 -0.035024 0.051302
v 0.024358 -0.037606 0.048200
v 0.017328 -0.056199 0.049831
v 0.028511 -0.043990 0.043154
v 0.011811 -0.057928 0.053277
v 0.028303 -0.046059 0.042281
v 0.006029 -0.059268 0.055120
v 0.010022 -0.031505 0.057498
v 0.005265 -0.031300 0.058903
v 0.014972 -0.032798 0.054614
v 0.025099 -0.050517 0.043016
v 0.022211 -0.053337 0.045655
v 0.032034 0.023164 0.024436
v -0.031638 0.023097 0.022683
f 4 2 1
f 8 6 5
f 13 15 14
f 17 19 18
f 32 30 29
f 36 34 33
f 37 39 38
f 21 23 20
f 25 27 24
f 41 43 42
f 48 46 45
f 52 50 49
f 53 55 54
f 60 58 57
f 29 62 61
f 66 64 63
f 67 6 68
f 72 70 69
f 76 74 73
f 77 79 78
f 81 83 82
f 59 86 85
f 88 90 89
f 96 94 93
f 100 98 97
f 101 103 102
f 106 34 87
f 108 115 107
f 117 36 118
f 124 126 125
f 131 129 128
f 132 134 133
f 142 140 139
f 148 60 147
f 144 127 124
f 149 151 150
f 156 154 153
f 159 158 157
f 116 164 105
f 171 169 168
f 174 173 172
f 179 181 180
f 186 188 187
f 194 196 195
f 199 139 198
f 206 208 207
f 213 211 210
f 202 214 201
f 96 216 54
f 92 43 44
f 97 246 100
f 250 229 228
f 252 58 253
f 258 256 255
f 260 229 259
f 110 112 113
f 114 263 109
f 265 267 266
f 56 270 269
f 274 249 250
f 185 63 64
f 280 278 276
f 285 283 157
f 288 211 212
f 141 92 46
f 289 175 176
f 148 105 106
f 312 170 171
f 238 42 43
f 318 160 317
f 310 308 307
f 241 325 324
f 160 240 317
f 47 307 308
f 108 315 164
f 345 86 119
f 348 350 349
f 356 358 357
f 355 353 352
f 363 32 362
f 149 150 176
f 364 253 365
f 366 368 367
f 183 371 63
f 163 161 160
f 209 101 208
f 378 165 166
f 379 381 380
f 383 3 4
f 284 386 385
f 387 389 388
f 391 229 249
f 73 397 396
f 405 407 406
f 203 411 410
f 414 413 412
f 1 357 4
f 277 131 275
f 254 57 58
f 358 415 351
f 417 386 408
f 401 192 420
f 419 127 143
f 421 182 422
f 103 302 409
f 428 368 174
f 380 359 356
f 62 266 323
f 140 431 430
f 357 351 348
f 356 379 380
f 415 403 434
f 437 436 435
f 438 440 439
f 188 450 449
f 452 454 453
f 265 181 421
f 224 64 225
f 237 213 427
f 275 128 458
f 281 460 459
f 50 79 461
f 73 282 281
f 468 466 465
f 390 352 359
f 482 484 483
f 489 487 486
f 493 495 494
f 472 470 469
f 502 500 499
f 220 222 223
f 512 143 66
f 518 511 80
f 513 230 286
f 205 31 244
f 189 451 188
f 163 532 8
f 533 225 251
f 446 447 412
f 335 540 334
f 544 546 545
f 329 291 292
f 199 262 238
f 385 416 550
f 532 191 247
f 363 118 243
f 236 237 250
f 578 580 579
f 573 571 570
f 561 562 272
f 241 259 240
f 590 592 591
f 545 595 594
f 503 155 504
f 606 624 623
f 478 480 479
f 646 648 647
f 590 689 684
f 564 651 650
f 728 184 727
f 714 716 715
f 692 575 693
f 541 581 578
f 346 248 400
f 161 230 160
f 128 94 95
f 698 704 703
f 574 576 575
f 290 401 328
f 630 725 726
f 733 735 734
f 755 496 493
f 759 481 760
f 757 762 761
f 764 466 467
f 768 3808 3809
f 759 488 489
f 492 475 771
f 474 769 473
f 773 465 772
f 771 486 483
f 484 775 491
f 774 489 486
f 495 764 756
f 495 761 494
f 137 784 136
f 325 797 547
f 165 51 52
f 369 29 370
f 730 568 569
f 90 301 89
f 243 516 242
f 800 806 805
f 817 808 816
f 816 823 822
f 306 447 807
f 815 809 808
f 829 828 825
f 726 501 502
f 274 424 423
f 879 881 880
f 884 879 885
f 219 217 211
f 906 904 897
f 455 205 542
f 898 830 829
f 903 880 881
f 906 897 898
f 377 519 165
f 923 948 946
f 946 951 950
f 3519 739 3517
f 900 886 880
f 225 65 144
f 182 442 422
f 809 947 824
f 954 962 961
f 927 965 966
f 885 880 886
f 925 966 967
f 343 341 340
f 965 971 968
f 968 970 969
f 972 969 973
f 963 981 978
f 336 338 339
f 992 827 828
f 810 996 959
f 1007 1002 1008
f 1012 827 1009
f 1011 1007 1008
f 294 292 291
f 907 920 919
f 1017 1019 1018
f 1020 1022 1021
f 1035 1020 1044
f 1061 1047 1046
f 1063 1046 1062
f 1044 1021 1045
f 1102 1097 1109
f 1116 1118 1117
f 1016 1014 1013
f 881 904 903
f 816 1127 817
f 1094 949 1097
f 514 167 515
f 146 81 82
f 1133 1130 1129
f 1102 1126 822
f 822 1116 816
f 1145 1148 1136
f 1076 1151 1069
f 1148 1086 1087
f 1109 1114 1136
f 1154 1156 1155
f 1153 967 1156
f 3464 463 3714
f 1144 1152 1151
f 1156 1163 1162
f 1164 1169 1165
f 1145 1176 1147
f 1114 1154 1171
f 1183 1164 1177
f 1184 1177 1185
f 1069 1062 1064
f 1023 1194 1022
f 1162 1170 1169
f 1195 1185 1191
f 1183 1176 1155
f 1201 1152 1196
f 1061 1201 1202
f 3825 843 3836
f 1203 1195 1034
f 1202 1184 1195
f 1218 1203 1217
f 1060 1202 1203
f 1225 1217 1219
f 671 694 670
f 1219 1024 1035
f 1217 1034 1024
f 1226 1015 1227
f 1243 1234 1233
f 1231 1229 1228
f 847 1233 843
f 843 1244 878
f 1233 1245 1244
f 1923 233 216
f 2100 499 500
f 3914 2135 3900
f 61 323 505
f 210 217 457
f 1299 1309 1300
f 3863 1231 3862
f 1066 1321 1322
f 1322 1228 1229
f 1060 1321 1047
f 1325 1323 1310
f 1244 1332 1330
f 1290 1242 1288
f 1337 1339 1338
f 1330 1340 1339
f 1341 1245 1294
f 1342 1332 1341
f 1343 1341 1344
f 1344 1294 1293
f 3857 1345 1346
f 1347 1342 1343
f 3856 1295 1345
f 1349 1348 1347
f 3861 1347 3853
f 3853 1343 3857
f 906 829 1353
f 905 1353 1354
f 865 1355 1357
f 1355 829 825
f 1357 825 826
f 1356 1353 1355
f 3834 1338 3833
f 866 1356 865
f 1358 1354 1356
f 3828 1337 3834
f 838 1012 841
f 1363 1338 1339
f 1368 1339 1340
f 1348 1340 1342
f 1371 3824 3829
f 524 526 523
f 528 530 527
f 1372 1369 1371
f 535 537 538
f 1367 1348 1350
f 1370 1359 1369
f 1369 3833 3824
f 1373 903 904
f 555 557 558
f 1374 910 1373
f 1373 905 1375
f 1374 1375 1376
f 1375 1354 1370
f 1378 908 1377
f 376 651 1387
f 1388 973 969
f 586 588 585
f 1390 1388 1391
f 1391 969 970
f 597 599 596
f 600 602 603
f 1392 970 979
f 608 610 607
f 612 523 611
f 614 616 613
f 617 25 24
f 620 622 619
f 1397 1391 1392
f 1398 1392 1399
f 1400 920 1378
f 1402 1165 1169
f 636 638 635
f 930 1402 929
f 641 643 644
f 929 1169 1170
f 1404 1403 1402
f 1411 1365 1406
f 1412 1415 1414
f 652 654 655
f 609 657 658
f 659 661 662
f 558 586 585
f 665 667 664
f 1413 1406 1412
f 1418 3810 3813
f 1417 1371 1416
f 1416 3829 3810
f 1419 1416 1418
f 1386 1374 1420
f 677 679 676
f 1385 1420 1421
f 1420 1376 1422
f 685 687 688
f 1421 1422 1423
f 528 691 658
f 1422 1372 1417
f 1018 747 1425
f 699 701 702
f 1424 579 1017
f 3663 1767 3660
f 700 711 712
f 1093 3754 1571
f 717 530 719
f 721 723 720
f 704 3543 3554
f 19 1426 1430
f 1429 1427 1426
f 1658 3542 3544
f 1439 1434 1438
f 1437 1435 1434
f 1426 1433 1432
f 1442 1432 1440
f 742 744 745
f 1432 1441 1440
f 751 753 750
f 1438 1403 1405
f 1446 1444 1443
f 1447 1446 1443
f 3860 1443 3848
f 1415 1445 1446
f 1414 1446 1448
f 2173 469 470
f 777 779 686
f 780 782 783
f 1676 1806 1675
f 3859 1349 3861
f 789 791 788
f 745 793 742
f 652 795 653
f 1455 1457 1456
f 1454 1350 1452
f 610 802 801
f 3831 698 703
f 1352 1045 1351
f 1015 1459 1460
f 811 813 814
f 2118 3817 2117
f 819 821 818
f 1466 1194 1190
f 1467 1465 1466
f 1182 1468 1467
f 832 833 831
f 835 837 834
f 1467 1190 1182
f 1469 1444 1445
f 840 712 690
f 1453 1469 1454
f 599 845 846
f 1226 3849 3855
f 851 853 850
f 855 856 854
f 858 860 857
f 861 863 864
f 1014 3855 3858
f 867 868 869
f 870 872 873
f 874 876 877
f 1310 1471 1309
f 1476 1427 1475
f 1461 1475 1460
f 887 889 890
f 788 892 891
f 894 896 893
f 1460 1227 1015
f 901 524 612
f 1465 1477 1464
f 1865 3500 1864
f 911 913 914
f 916 918 915
f 1850 3507 1851
f 921 895 894
f 1479 1436 1478
f 926 667 601
f 1481 563 1480
f 269 84 1482
f 931 933 916
f 934 614 869
f 936 688 937
f 938 662 939
f 1484 122 123
f 941 835 834
f 320 509 510
f 1849 3505 1850
f 84 1484 83
f 1487 1488 539
f 1757 3502 3509
f 365 1491 364
f 461 80 511
f 117 362 1496
f 1494 541 1495
f 926 957 958
f 1477 1433 1476
f 1709 1585 1700
f 119 1496 345
f 271 504 156
f 511 189 186
f 345 1492 365
f 255 344 254
f 57 299 132
f 1501 268 1500
f 267 1499 145
f 974 976 977
f 1678 1693 1676
f 3846 1807 3840
f 557 663 558
f 983 984 985
f 1443 3849 3848
f 421 268 265
f 989 991 988
f 1490 418 1504
f 279 309 310
f 997 676 679
f 998 999 875
f 1504 38 1505
f 1506 1507 1486
f 360 1508 1506
f 1506 207 360
f 939 1006 938
f 270 1483 269
f 66 546 512
f 1010 793 935
f 367 437 1509
f 244 363 243
f 1670 3534 1669
f 209 1510 226
f 235 1512 1511
f 1511 234 235
f 388 426 425
f 427 250 237
f 161 521 231
f 100 45 44
f 1025 608 1027
f 1029 1031 1028
f 939 1033 1032
f 41 594 99
f 1036 783 1037
f 702 1038 1039
f 1040 1042 1043
f 362 369 1493
f 187 477 186
f 70 539 198
f 1511 1521 234
f 1049 603 1048
f 613 869 614
f 860 1051 857
f 1005 1053 1006
f 753 1056 1054
f 1057 1059 1055
f 293 1522 292
f 288 1521 1522
f 292 1523 329
f 331 1508 1524
f 306 453 305
f 100 41 99
f 462 78 79
f 330 1524 462
f 635 1068 636
f 1485 1526 1528
f 206 1528 1510
f 1070 1072 831
f 942 1073 1074
f 916 1075 917
f 440 1530 439
f 157 1514 285
f 1529 5 1530
f 371 546 63
f 790 663 791
f 1077 857 1078
f 1403 1435 1165
f 1080 1082 1079
f 531 1529 440
f 21 1084 1085
f 272 1531 561
f 137 396 397
f 690 802 691
f 335 3567 581
f 1090 1029 1091
f 1092 794 1042
f 1533 137 138
f 661 1095 1096
f 69 445 72
f 1099 1101 1098
f 38 1536 1505
f 1104 1106 1103
f 852 1108 853
f 1377 909 1386
f 291 411 294
f 316 516 33
f 539 1533 534
f 1505 316 313
f 1110 1112 1113
f 1539 460 264
f 522 1537 1539
f 834 1120 1119
f 1122 1124 1121
f 612 1041 901
f 935 615 614
f 276 130 131
f 1686 3522 1685
f 193 1541 273
f 231 1540 287
f 556 982 557
f 365 85 345
f 190 318 1541
f 1810 3574 3528
f 3924 3512 3791
f 1132 985 1131
f 208 102 132
f 1134 662 661
f 1491 80 77
f 429 1542 147
f 1137 915 918
f 172 428 174
f 1139 1141 1142
f 549 54 55
f 1517 1518 296
f 976 1146 938
f 834 984 941
f 1543 286 115
f 1544 239 513
f 133 1544 1542
f 506 257 258
f 420 328 401
f 1158 1160 1157
f 587 1103 588
f 1513 1514 151
f 607 1027 608
f 304 1545 303
f 364 77 506
f 69 198 139
f 1006 976 938
f 700 1112 701
f 3877 3525 3787
f 1166 657 656
f 1167 858 1077
f 1300 3524 1299
f 1172 1174 1175
f 218 200 217
f 1179 1181 1178
f 372 97 98
f 89 227 88
f 1186 1188 1189
f 172 1517 1549
f 1482 81 1498
f 1090 1193 1030
f 394 353 1551
f 526 1198 1197
f 811 858 812
f 1199 1026 1025
f 606 697 696
f 1204 1206 743
f 1207 523 526
f 1209 867 613
f 914 685 936
f 1478 1441 1477
f 1029 1161 1091
f 1211 1213 1214
f 3858 1451 3859
f 844 1216 845
f 423 273 274
f 1220 1222 1083
f 22 1224 23
f 882 897 881
f 1519 173 387
f 1189 1232 1178
f 349 550 416
f 1071 1236 1072
f 1237 1239 745
f 1221 1189 1240
f 1510 1512 333
f 939 1241 1005
f 1556 5 67
f 1553 394 1551
f 404 67 347
f 1247 1249 1246
f 142 238 92
f 1251 635 1250
f 850 1253 851
f 1254 1077 1255
f 57 133 429
f 443 552 551
f 1187 1175 1188
f 1256 831 833
f 432 382 383
f 741 747 746
f 434 351 415
f 349 383 348
f 251 1481 1480
f 395 352 353
f 1518 1550 1551
f 1558 378 340
f 109 314 315
f 285 1513 407
f 395 393 392
f 202 410 1558
f 417 405 432
f 1246 1258 1247
f 3 297 2
f 1259 1261 1262
f 403 347 284
f 955 953 952
f 462 51 330
f 1096 687 1263
f 429 60 57
f 896 1265 932
f 1267 1268 1266
f 423 327 420
f 37 180 40
f 20 1187 1186
f 1256 1071 1070
f 155 156 504
f 1188 1269 1232
f 1236 1271 1262
f 1272 535 621
f 565 463 464
f 1273 745 1239
f 876 1255 1274
f 316 164 315
f 437 503 1509
f 194 1495 197
f 1275 864 863
f 624 631 630
f 1277 1137 1278
f 569 567 566
f 1481 125 366
f 324 547 326
f 1279 1107 1280
f 1525 329 1523
f 1281 1137 918
f 171 1553 1552
f 1488 396 1533
f 1557 1562 1559
f 1282 1206 1205
f 1053 1278 1281
f 778 607 1283
f 713 3566 3569
f 251 144 124
f 4 348 383
f 709 707 706
f 728 45 246
f 261 1563 544
f 789 1287 790
f 74 263 282
f 403 385 434
f 1178 1240 1189
f 1223 1289 1224
f 158 150 151
f 1220 1186 1221
f 296 354 433
f 784 1538 1566
f 1181 1291 1222
f 1269 1257 1246
f 1566 438 399
f 136 1566 1564
f 1563 169 1565
f 107 109 108
f 1297 1298 1296
f 1464 1476 1461
f 1520 507 508
f 1301 1303 1304
f 1306 1308 1305
f 175 1532 272
f 1532 200 201
f 1311 1312 1313
f 872 1315 1316
f 1317 1318 1319
f 3836 878 3828
f 1305 864 1276
f 1040 863 1320
f 1564 399 169
f 592 1575 591
f 591 1088 689
f 1581 1583 1582
f 1196 1147 1176
f 710 583 713
f 285 408 386
f 953 961 963
f 1594 1589 1593
f 1585 1587 1586
f 1592 1590 1589
f 3885 944 3899
f 1600 1598 1597
f 1604 1602 1601
f 1399 979 980
f 1589 1596 1595
f 1610 1608 1607
f 298 361 360
f 551 276 277
f 1627 3814 3819
f 859 818 860
f 1078 1328 1329
f 1555 1530 1556
f 572 680 681
f 772 776 774
f 977 918 917
f 404 392 393
f 1054 750 753
f 1644 1643 1642
f 932 1082 933
f 1067 1334 1068
f 1540 264 114
f 597 643 1336
f 471 762 470
f 1642 3831 3842
f 1644 3842 3843
f 923 950 927
f 96 548 95
f 520 522 521
f 445 443 442
f 849 848 842
f 480 755 493
f 1646 481 1639
f 311 1567 170
f 464 3497 3495
f 3497 1361 3495
f 234 236 235
f 190 192 191
f 153 152 149
f 231 286 230
f 1552 1551 1550
f 760 1648 488
f 3832 1649 3830
f 828 826 825
f 52 166 165
f 1663 1661 1660
f 287 115 286
f 668 670 669
f 634 640 639
f 553 559 554
f 118 33 516
f 492 491 490
f 3552 1651 3553
f 582 584 583
f 384 392 415
f 1381 1383 1380
f 1562 435 436
f 952 951 947
f 3529 583 584
f 1660 1667 1666
f 1394 1396 1393
f 1660 1664 1663
f 1671 1669 1668
f 1624 1673 1672
f 1407 1409 1410
f 1677 1675 1674
f 1613 1677 1625
f 1679 1676 1677
f 1626 3811 3814
f 534 198 539
f 176 150 159
f 803 734 800
f 400 191 192
f 65 143 144
f 3526 1656 3540
f 402 157 283
f 629 627 626
f 461 49 50
f 758 495 756
f 796 786 785
f 406 1513 1560
f 342 166 167
f 1694 1658 1695
f 1692 1694 1696
f 3557 1652 3552
f 3921 1703 3923
f 326 302 90
f 3916 1702 1706
f 3919 1698 1701
f 1699 3927 3918
f 1557 1560 1561
f 1127 1117 1128
f 400 289 346
f 1706 1707 1708
f 1707 1599 1600
f 1709 1708 1588
f 1714 1711 1713
f 3919 1709 1700
f 1704 1577 1703
f 1716 1713 1715
f 1559 1549 297
f 1722 1720 1719
f 1335 596 1489
f 410 377 378
f 973 1163 972
f 168 399 398
f 1571 1089 1093
f 1572 682 1571
f 749 647 754
f 1730 1723 1729
f 1594 1729 1592
f 1729 1591 1592
f 1731 1730 1583
f 1384 1377 1379
f 1732 1712 1714
f 1724 1731 1732
f 1712 1731 1580
f 1722 1732 1733
f 1721 1733 1734
f 1734 1716 1717
f 1735 1736 1697
f 1733 1714 1716
f 1663 1741 1668
f 1742 1740 1743
f 1738 1737 1735
f 1665 1666 1740
f 1665 1744 1664
f 1725 1746 1745
f 1591 1745 1590
f 1590 1747 1596
f 1745 1748 1747
f 1659 3538 3542
f 3287 3545 3282
f 1185 1182 1190
f 1664 1749 1741
f 1741 1739 1738
f 1746 1743 1748
f 1726 1742 1746
f 1153 924 925
f 1115 1153 1154
f 1654 3575 1655
f 1896 3549 1686
f 1720 1744 1726
f 1721 1749 1720
f 1750 1701 1698
f 1697 1750 1696
f 1151 1063 1062
f 1751 1670 1671
f 1695 1752 1751
f 961 986 981
f 1770 1768 1767
f 1766 1593 1765
f 1731 1579 1580
f 1579 1774 1578
f 3928 1771 3929
f 1764 3928 3917
f 1777 1775 1774
f 3762 1699 1700
f 1004 1128 1003
f 1774 1771 1772
f 987 1399 980
f 1578 1772 1764
f 1783 1781 1778
f 1597 1770 1767
f 639 3895 3884
f 3928 1769 1770
f 1793 1789 1788
f 3929 1798 1769
f 3508 3773 1806
f 1802 3924 3922
f 1788 1794 1793
f 1793 1795 1776
f 3773 1675 1806
f 1584 1783 1789
f 1771 3920 3929
f 1801 1798 1800
f 1768 1798 1799
f 1775 1797 1771
f 508 515 1520
f 1796 1802 1797
f 1800 3920 3922
f 1794 1804 1795
f 3532 1752 3547
f 485 1807 775
f 3809 1640 768
f 3837 1810 1653
f 485 1640 1808
f 1690 3770 3772
f 487 1648 1811
f 3839 1816 3822
f 3838 1648 3830
f 3839 1811 3838
f 1812 487 1811
f 1641 767 768
f 465 755 776
f 767 3823 3808
f 3822 3826 3847
f 1809 1815 767
f 3837 1651 3840
f 675 3541 3496
f 1814 1822 1821
f 1821 3821 3820
f 1824 1649 1825
f 1827 1850 1805
f 1668 1662 1663
f 1779 1848 1828
f 1790 1805 1794
f 1833 1853 1852
f 3521 693 575
f 1614 1616 1617
f 1852 3498 3501
f 1620 1622 1623
f 1855 1574 1861
f 1847 3501 3513
f 1766 1855 1782
f 1629 1631 1628
f 1633 1634 1632
f 1635 1637 1638
f 1848 1852 1847
f 1855 1863 1862
f 1803 1867 1802
f 1862 1831 1832
f 1782 1862 1781
f 3922 1865 1800
f 1873 1870 1869
f 1874 799 804
f 2045 3897 2044
f 1219 1295 1225
f 1615 1396 1395
f 3884 1877 1876
f 645 3786 3559
f 1345 1035 1346
f 634 3884 3880
f 15 1327 14
f 3910 1878 1893
f 1894 605 1893
f 3506 627 693
f 3560 645 3559
f 340 454 1558
f 1897 195 1898
f 1889 1877 1890
f 1901 129 1900
f 196 754 232
f 1705 3921 3916
f 340 166 343
f 1570 563 561
f 1904 194 1897
f 1781 1832 1780
f 1905 55 1906
f 1000 995 996
f 986 920 987
f 1191 1190 1194
f 2094 2075 2093
f 1920 1919 1915
f 453 1912 1911
f 1915 1918 1916
f 3882 2106 3901
f 1655 3531 1868
f 1916 1926 1925
f 704 3561 703
f 278 1925 1900
f 3565 1818 1820
f 1097 1115 1114
f 1927 727 1923
f 3578 3654 3758
f 1920 307 1929
f 1929 48 728
f 503 1497 1509
f 1902 787 796
f 1816 3820 3826
f 1925 1923 1924
f 1535 1568 1534
f 254 258 255
f 1509 366 367
f 119 35 36
f 219 293 294
f 141 47 431
f 542 244 245
f 1940 430 431
f 1779 1827 1790
f 1701 3915 3919
f 1661 3515 1667
f 270 754 647
f 197 749 196
f 1727 1212 1211
f 53 232 754
f 1465 1479 1478
f 1284 3854 1293
f 1951 412 413
f 168 1554 1553
f 1486 206 207
f 506 78 361
f 994 1007 993
f 951 963 964
f 1013 3861 1351
f 3826 1820 1818
f 1498 1954 1482
f 299 543 132
f 1754 1756 1753
f 1681 1683 1682
f 1696 1695 1697
f 13 738 737
f 473 475 474
f 482 768 1640
f 204 30 205
f 1761 820 819
f 611 1125 612
f 1501 1908 1909
f 1074 711 699
f 1960 82 83
f 120 1960 123
f 35 87 34
f 1773 1025 1031
f 1965 1569 1535
f 494 471 479
f 1966 1969 1968
f 446 1971 1967
f 174 125 126
f 1580 1578 1577
f 1785 1787 1784
f 1972 304 305
f 1254 875 999
f 1973 342 514
f 321 1973 509
f 1910 275 1907
f 509 514 508
f 1486 1527 1485
f 1974 804 1975
f 1977 1974 1978
f 1980 1966 1981
f 379 2 295
f 1718 1710 1701
f 884 992 883
f 1680 1678 1679
f 902 525 524
f 344 256 299
f 135 137 136
f 236 228 333
f 448 1967 1966
f 589 604 584
f 910 908 907
f 1981 1968 1987
f 1982 1987 1979
f 1988 1987 1989
f 1990 1989 1991
f 1991 1993 1992
f 322 320 319
f 992 830 883
f 1144 1086 1143
f 1995 1978 1994
f 1133 1118 1126
f 1997 1994 1996
f 870 1335 1489
f 805 1982 1998
f 727 2000 1999
f 1996 1988 1990
f 1994 1979 1988
f 1829 792 1273
f 1830 941 983
f 798 800 799
f 729 731 730
f 2011 2023 2022
f 1834 846 1159
f 402 284 347
f 2022 2024 2025
f 1838 989 988
f 810 952 809
f 1823 1840 644
f 1430 1432 1431
f 1215 1841 1079
f 149 176 177
f 1316 873 872
f 2112 1384 2106
f 1842 1844 1845
f 1159 845 1160
f 837 1846 1120
f 1971 2030 2027
f 517 370 189
f 858 833 812
f 1471 2027 1888
f 3551 626 627
f 2174 770 490
f 935 1854 1010
f 1613 1611 1618
f 1231 1225 1295
f 1856 891 892
f 1300 748 741
f 1150 1858 1859
f 1643 696 1642
f 1215 1264 1216
f 1320 902 901
f 1956 1944 1960
f 2031 669 1474
f 2034 1310 1299
f 1879 1656 1657
f 40 242 39
f 1992 2039 1456
f 888 957 889
f 1882 1996 1990
f 1078 1255 1077
f 1871 1192 1090
f 294 218 219
f 1323 2026 1471
f 123 83 1484
f 1324 2041 1323
f 384 359 352
f 1324 2038 2036
f 1883 1885 1829
f 287 114 107
f 1096 1134 661
f 915 931 916
f 806 1981 1982
f 3533 584 604
f 1425 2042 1018
f 1018 1948 1017
f 3562 740 3519
f 1948 649 646
f 1881 1990 1991
f 1900 130 278
f 992 994 993
f 923 925 924
f 3878 2047 3876
f 1643 625 606
f 2050 2051 2049
f 2045 1404 2047
f 3876 945 3885
f 1139 1079 1841
f 1037 892 982
f 2055 2057 2056
f 1198 718 717
f 1619 1612 1611
f 2058 1606 2059
f 2059 1607 2058
f 2058 1624 1605
f 71 179 37
f 405 1557 382
f 976 1006 977
f 322 1972 1911
f 2061 2063 2062
f 2066 2067 1825
f 2052 2064 2051
f 1609 2066 1647
f 1515 152 1516
f 1009 993 1007
f 1644 3815 2118
f 279 1916 278
f 1285 3862 1284
f 1647 1825 1649
f 2056 2067 2065
f 319 1953 1952
f 667 1913 1914
f 2070 625 2048
f 2052 2055 2063
f 2038 1655 1458
f 1606 2073 2072
f 1235 1270 1236
f 2072 2075 2074
f 2059 2072 2062
f 2074 2077 2076
f 1601 2078 2073
f 2049 1643 1645
f 1000 1001 994
f 1089 684 689
f 1931 1306 1930
f 1462 1021 1022
f 1932 1934 1935
f 875 1846 998
f 1936 1937 1938
f 44 46 92
f 1534 1956 120
f 1541 317 391
f 2081 2084 2083
f 146 1959 300
f 1360 1942 1361
f 985 1032 1033
f 1995 1892 2043
f 2079 2082 2081
f 2095 2076 2077
f 2081 2078 2079
f 2055 2054 2053
f 501 2095 500
f 2097 2099 2098
f 2098 2094 2083
f 2140 3893 3866
f 2141 3894 3893
f 2051 2048 2049
f 592 2101 1576
f 2071 2076 2096
f 2102 2098 2101
f 593 2102 592
f 1019 746 747
f 1950 12 1327
f 725 2096 501
f 1385 2104 1379
f 1379 2106 1384
f 2107 2100 2097
f 3908 502 3896
f 3896 499 3901
f 940 2109 944
f 928 1170 973
f 3868 684 3899
f 1962 1964 1961
f 3878 573 3897
f 2039 1968 1969
f 1389 2110 2109
f 1398 2113 1397
f 3757 3753 3743
f 3911 2107 2103
f 949 924 1115
f 260 324 326
f 1390 2113 2110
f 2070 2064 2071
f 3867 2103 593
f 2105 1421 2114
f 2114 1423 2115
f 3892 2115 3903
f 3908 2114 3892
f 554 1902 553
f 972 967 966
f 1765 1573 1574
f 1984 1986 1983
f 2053 2069 2057
f 3573 724 714
f 1625 1674 1673
f 3881 2119 2122
f 3903 2123 3904
f 56 1906 55
f 626 3879 629
f 2001 2003 2004
f 3912 2127 3907
f 2006 2008 2009
f 2127 1412 2128
f 2014 2016 2017
f 2018 2020 2021
f 1495 1947 197
f 1379 1386 1385
f 3814 1680 1618
f 2029 1884 2028
f 3902 2120 3887
f 629 3914 3872
f 682 943 1089
f 724 2121 716
f 1757 3821 3845
f 765 3844 3809
f 3851 715 3852
f 706 3870 3872
f 981 987 980
f 1457 1656 1880
f 2017 2032 2033
f 1458 1868 1457
f 1776 1792 1793
f 1959 1946 1958
f 3663 3725 3661
f 3913 2122 3850
f 1093 689 1088
f 966 968 972
f 3852 3881 3913
f 2172 2170 2171
f 670 2137 669
f 3761 1903 233
f 1429 28 1449
f 964 978 971
f 3841 1413 2127
f 1473 669 2137
f 3834 1359 1358
f 2138 1870 2137
f 1872 2137 1870
f 715 3888 3881
f 1881 1992 1880
f 3843 739 740
f 1837 3513 3514
f 253 59 85
f 1808 3840 1807
f 1647 3818 1609
f 3865 671 668
f 2112 3883 2111
f 1405 2044 1438
f 3829 1364 1366
f 273 391 249
f 576 3520 3555
f 3875 668 2031
f 1430 2140 2139
f 2136 3860 28
f 1430 18 19
f 3893 570 695
f 1442 2046 2141
f 1431 2141 2140
f 3869 3850 2136
f 3808 1817 766
f 3866 695 671
f 2142 798 2138
f 571 2142 694
f 3819 1618 1611
f 2143 2025 2142
f 694 2138 670
f 681 2144 572
f 2144 2022 2143
f 328 457 290
f 1572 2011 2144
f 630 3903 624
f 2085 2087 2088
f 2090 2092 2089
f 572 2143 571
f 1875 2153 2149
f 1873 2149 2154
f 2103 2097 2102
f 2157 2155 2156
f 2128 1414 2120
f 3874 589 582
f 3872 628 629
f 2149 2158 2159
f 2159 3905 3890
f 698 3902 705
f 3823 3827 1817
f 2158 3874 3905
f 1438 2046 1439
f 2035 2160 2161
f 2161 3889 3886
f 3871 605 589
f 3873 18 3875
f 370 61 451
f 649 413 648
f 2153 2156 2158
f 1428 1449 1450
f 1490 73 1488
f 3890 710 633
f 2155 3891 3871
f 1456 1880 1992
f 2125 2087 2124
f 2160 3890 3889
f 300 505 323
f 1064 1046 1065
f 2043 1891 2155
f 2129 2004 2003
f 2131 2133 2134
f 3848 1450 1449
f 1998 804 805
f 3879 3864 3914
f 474 490 770
f 1164 1182 1177
f 707 3909 3870
f 708 2162 707
f 2162 3886 3909
f 548 1905 458
f 1145 1114 1171
f 705 1650 704
f 2043 1977 1995
f 737 554 559
f 1034 1191 1023
f 458 1907 275
f 195 232 233
f 2040 1969 1970
f 2145 2147 2148
f 2054 2049 1645
f 3832 1639 3818
f 9 11 10
f 252 506 258
f 472 479 471
f 1865 3791 3503
f 900 910 907
f 1941 2151 1942
f 1921 1927 1919
f 2163 1898 2116
f 271 153 178
f 1904 12 9
f 282 264 460
f 1872 2154 2035
f 1326 1897 2163
f 628 693 627
f 1724 1719 1723
f 1549 436 172
f 1582 1730 1729
f 1921 1929 1928
f 3563 10 11
f 2152 1950 1949
f 475 774 771
f 769 2171 473
f 2171 476 473
f 476 772 475
f 1791 464 1760
f 2166 2168 2169
f 595 372 98
f 483 1641 482
f 762 2173 470
f 771 484 492
f 486 1809 483
f 297 1517 296
f 763 2174 762
f 776 759 489
f 184 2176 2000
f 412 303 414
f 2005 185 224
f 3811 1682 3846
f 2164 756 764
f 1472 2161 2162
f 950 964 965
f 2177 2179 2180
f 227 1510 333
f 764 467 2164
f 2182 2184 2181
f 2186 2018 2185
f 1985 2181 1986
f 214 729 1531
f 1545 1546 1569
f 865 842 866
f 849 1357 1362
f 452 1558 454
f 559 3188 737
f 16 737 3188
f 560 498 374
f 3193 3195 3194
f 3200 3198 3199
f 3211 3213 3212
f 3215 3217 3216
f 2187 2002 2001
f 2169 2189 2190
f 2192 2085 2191
f 2193 2195 2196
f 2198 2200 2197
f 1998 1979 1975
f 3664 3668 3671
f 2116 1903 1902
f 1859 2009 1150
f 3904 2126 3906
f 1135 1087 1130
f 2201 2015 2014
f 1149 110 1858
f 3221 3218 3215
f 2203 2205 2206
f 579 1895 1019
f 1755 2208 1756
f 3891 1893 605
f 1211 2150 1727
f 868 2210 2209
f 944 930 940
f 2130 2202 2201
f 233 1898 195
f 665 750 666
f 1167 999 618
f 2211 2213 2214
f 2215 2217 2218
f 3867 590 3868
f 2220 220 2219
f 823 948 1094
f 3225 3227 3226
f 266 455 265
f 3882 2107 3883
f 2221 3519 3517
f 2223 2225 2226
f 2207 2124 2208
f 673 3869 3864
f 817 996 815
f 2227 2146 2145
f 1947 646 749
f 3900 17 3873
f 2229 1638 1381
f 1679 1618 1680
f 1637 2232 2230
f 2233 1617 1616
f 2231 2236 2237
f 1381 2238 1382
f 3586 2242 3587
f 1630 2233 1631
f 1681 472 469
f 1408 2243 2244
f 3236 3238 3237
f 3232 3240 3235
f 1637 2238 1638
f 3237 3233 3234
f 1409 1634 2245
f 1380 2247 2246
f 1628 2245 1621
f 2249 1622 1633
f 1632 1408 2244
f 2248 1631 2250
f 2235 1637 1636
f 3245 3199 3198
f 631 2071 725
f 515 52 49
f 782 2251 1251
f 2253 2255 2252
f 397 459 784
f 1456 2040 1455
f 2040 2036 1455
f 1401 2111 1398
f 2041 1970 2026
f 1535 414 1965
f 1586 2080 2079
f 2256 1132 1886
f 1700 3918 3919
f 3815 1686 3817
f 1263 1886 1096
f 598 844 599
f 2257 2259 2260
f 2258 2262 2259
f 2259 2263 2216
f 2260 2216 2215
f 1967 1970 1969
f 2212 1963 2213
f 922 2218 2217
f 1312 1101 2264
f 1307 1286 789
f 1548 1546 1972
f 2266 2268 2265
f 2265 2270 2269
f 2272 2269 2271
f 2273 2265 2272
f 2275 2277 2274
f 2278 2277 2279
f 2284 3617 3639
f 2287 2286 2281
f 2288 2283 2287
f 2290 3639 3620
f 2291 2293 2294
f 2295 2294 2279
f 2296 2291 2295
f 2297 2292 2291
f 2294 2299 2300
f 2279 2300 2278
f 2298 2302 2292
f 2292 2303 2293
f 2293 2304 2299
f 2304 2306 2299
f 2306 2300 2299
f 2308 2310 2307
f 2302 2310 2303
f 2301 2307 2302
f 2312 2307 2311
f 2313 2315 2316
f 2318 2320 2317
f 3748 2322 2323
f 2324 2273 2326
f 2313 2326 2327
f 2328 2313 2316
f 2329 2324 2328
f 2331 2333 2330
f 2330 2267 2266
f 2325 2266 2273
f 2329 2330 2325
f 2333 2335 2267
f 2336 2333 2332
f 2338 2332 2337
f 2331 2337 2332
f 2329 2339 2331
f 2328 2340 2329
f 2316 2341 2328
f 2342 2315 2343
f 2344 2346 2347
f 2341 2347 2340
f 2342 2344 2341
f 2348 2345 2344
f 2350 2352 2353
f 2339 2353 2337
f 2340 2350 2339
f 2347 2351 2350
f 2337 2354 2338
f 2353 2355 2354
f 2356 2276 2357
f 2356 2358 2359
f 2356 2296 2295
f 2279 2356 2295
f 2360 2270 2268
f 2267 2360 2268
f 2362 2364 2365
f 2362 2361 2358
f 2366 2358 2357
f 2366 2363 2362
f 2357 2368 2366
f 2366 2369 2367
f 2276 2370 2368
f 2368 2282 2369
f 2372 2374 2371
f 2375 2377 2007
f 2378 2380 2381
f 2382 2381 2383
f 2384 2378 2382
f 2385 2379 2378
f 2388 2390 2387
f 2387 2392 2391
f 2393 2387 2391
f 2394 2388 2387
f 2186 2402 2400
f 2403 2327 2326
f 2272 2326 2273
f 2271 2403 2272
f 2405 2404 2403
f 2404 2408 2327
f 2409 2411 2412
f 2409 2271 2269
f 2413 2269 2270
f 2413 2410 2409
f 2417 2416 2418
f 2417 2406 2405
f 2412 2405 2271
f 2411 2417 2412
f 2406 2407 2404
f 3569 632 713
f 2420 2397 2421
f 2420 2423 2422
f 2424 2422 2419
f 2424 2398 2420
f 2425 2392 2426
f 2421 2426 2423
f 2397 2425 2421
f 2396 2391 2425
f 2427 2315 2314
f 2427 2408 2428
f 2430 2428 2429
f 2343 2427 2430
f 2432 2430 2431
f 2431 2429 2433
f 2435 2433 2434
f 2436 2431 2435
f 2428 2407 2437
f 2422 2407 2419
f 2438 2422 2423
f 2429 2437 2438
f 2440 2433 2439
f 2441 2433 2429
f 2442 2439 2441
f 2443 2440 2439
f 2445 2444 2443
f 2447 2443 2442
f 2383 2445 2447
f 2381 2446 2445
f 2448 2423 2426
f 2449 2426 2392
f 2441 2449 2442
f 2441 2438 2448
f 2449 2390 2450
f 2450 2389 2451
f 2447 2451 2383
f 2442 2450 2447
f 2451 2453 2452
f 2452 2455 2454
f 2382 2454 2384
f 2383 2452 2382
f 2456 2373 2372
f 2459 2461 2458
f 2463 2465 2462
f 2462 2285 2284
f 2466 2284 2290
f 2467 2462 2466
f 2461 3703 3701
f 2468 2470 2471
f 2472 2471 2473
f 2474 3701 3688
f 2475 2477 2478
f 2458 2453 2479
f 2479 2389 2388
f 2395 2479 2388
f 2480 2458 2479
f 2481 2483 2478
f 2484 2485 221
f 2471 2464 2463
f 2473 2463 2467
f 2487 2466 2486
f 2486 2290 2488
f 2490 2488 2489
f 2491 2486 2490
f 2492 2467 2487
f 2493 2487 2491
f 2494 2492 2493
f 2495 2473 2492
f 3690 2474 3688
f 3691 2496 3690
f 2498 2493 2499
f 2500 2499 2501
f 3700 2498 2500
f 3687 2494 2498
f 2306 2278 2300
f 2305 2504 2306
f 2504 2507 2506
f 2506 2288 2508
f 2274 2508 2275
f 2278 2506 2274
f 3633 2489 2488
f 3620 2488 2290
f 2507 2289 2288
f 2505 2509 2507
f 2508 2287 2511
f 2511 2281 2280
f 2370 2280 2282
f 2275 2511 2370
f 2512 2489 2513
f 2514 2513 2515
f 2517 2514 2516
f 2517 2490 2512
f 2499 2491 2517
f 2499 2516 2501
f 2510 2519 2518
f 2518 2521 2520
f 3616 2520 3621
f 3632 2518 3616
f 2522 2303 2310
f 2523 2310 2309
f 2305 2522 2524
f 2524 2523 2525
f 2519 2525 2521
f 2505 2524 2519
f 2308 2527 2526
f 2526 2529 2528
f 2531 2528 2530
f 2309 2526 2531
f 1214 2151 1211
f 2419 2418 2424
f 2533 2349 2317
f 2534 2317 2320
f 2535 2533 2534
f 2536 2345 2533
f 2537 2346 2536
f 2538 2536 2535
f 2539 2537 2538
f 2540 2351 2537
f 2312 2541 2527
f 2527 2542 2529
f 2543 2434 2544
f 2545 2544 2546
f 2319 2543 2545
f 2318 2435 2543
f 2514 2548 2547
f 2547 2550 2549
f 2552 2549 2551
f 2552 2514 2547
f 2520 2554 2553
f 2553 2556 2555
f 3590 2555 3593
f 3621 2553 3590
f 2523 2531 2557
f 2557 2530 2558
f 2525 2557 2559
f 2559 2558 2560
f 2554 2560 2556
f 2521 2559 2554
f 2561 2007 2006
f 2376 2225 2377
f 2564 2566 2563
f 2563 338 2567
f 2569 2567 2568
f 2570 2563 2569
f 2572 2574 2571
f 2571 2576 2575
f 2544 2575 2546
f 2544 2572 2571
f 2578 2569 2577
f 2579 2569 2568
f 2574 2579 2576
f 2573 2577 2574
f 2581 2583 2580
f 2584 2583 2585
f 3697 2580 2584
f 3676 2580 3675
f 2582 2552 2583
f 2583 2551 2585
f 2500 2589 2588
f 2590 2589 2591
f 3693 2588 2590
f 3695 2500 2588
f 2501 2591 2589
f 2592 2594 2595
f 2386 2503 2502
f 2596 2386 2374
f 2596 2373 2597
f 2599 2597 2598
f 2599 2379 2596
f 2600 2380 2599
f 2600 2598 2601
f 2603 2601 2602
f 2603 2446 2600
f 2604 2602 2605
f 2440 2605 2434
f 2444 2604 2440
f 2606 2581 2607
f 2606 2590 2591
f 2591 2582 2606
f 3676 2456 3689
f 3689 2372 3693
f 2478 2608 2481
f 2609 2611 2199
f 2564 2613 2612
f 2612 2598 2597
f 2457 2597 2373
f 2565 2612 2457
f 2614 2570 2578
f 2615 2578 2573
f 2602 2614 2615
f 2601 2613 2614
f 2572 2605 2616
f 2616 2602 2615
f 2573 2616 2615
f 1459 1045 1021
f 1265 1079 1082
f 1612 1609 1611
f 2067 2069 2068
f 1135 1136 1148
f 1938 2618 2617
f 95 458 128
f 2058 1608 1612
f 1454 1445 1367
f 655 1048 2619
f 722 2621 723
f 1131 1033 1134
f 562 366 1497
f 1723 1725 1591
f 1786 1122 1787
f 267 323 266
f 1325 1654 2038
f 1468 1435 1479
f 658 529 528
f 8 247 7
f 382 1559 3
f 788 1307 789
f 940 929 928
f 911 2623 912
f 2621 655 654
f 2624 2625 2626
f 998 27 26
f 635 2626 2625
f 2627 644 1840
f 2628 1840 2629
f 1200 2627 2628
f 1199 641 2627
f 1520 49 477
f 1452 1349 1451
f 2630 1859 1858
f 644 1335 1823
f 1197 717 2632
f 2632 719 1166
f 2628 1166 1200
f 2629 2632 2628
f 1762 1050 821
f 1823 873 1839
f 2634 794 652
f 1028 1027 1161
f 1042 2635 1043
f 93 1901 1924
f 2036 1458 1455
f 1527 1525 1526
f 877 1274 1277
f 134 797 1544
f 1328 931 1329
f 607 1091 1161
f 1043 2637 2636
f 2636 2639 2638
f 1275 2638 1276
f 1275 1043 2636
f 1272 2626 2640
f 2640 638 637
f 1110 2640 637
f 536 2640 2641
f 1472 1474 1473
f 2042 1951 649
f 1058 1105 1059
f 2642 2643 2644
f 1192 2644 1193
f 912 2642 1192
f 3898 3526 3786
f 1049 2620 2621
f 616 1885 613
f 1331 666 750
f 990 1198 525
f 1911 321 322
f 1298 1205 2645
f 76 1504 75
f 1502 421 422
f 610 658 691
f 1146 659 938
f 2646 914 936
f 1280 1238 1279
f 975 2647 2648
f 2647 975 974
f 1453 1452 1451
f 1514 158 151
f 835 1843 1842
f 1271 1173 1289
f 2649 813 2650
f 1893 1826 1894
f 1050 1937 1051
f 2651 814 813
f 1006 1281 977
f 2653 2654 2655
f 1001 1003 1002
f 585 679 558
f 2624 621 620
f 555 2028 556
f 1207 1197 2629
f 1626 478 472
f 426 419 1567
f 1030 1773 1031
f 3898 634 3880
f 534 138 262
f 1125 1042 1041
f 333 88 227
f 569 561 730
f 1489 871 870
f 1857 620 891
f 1673 3770 3763
f 622 864 1308
f 2647 974 2657
f 619 891 620
f 261 545 262
f 393 1556 404
f 2658 2647 2657
f 1075 2657 917
f 1081 2658 1075
f 1080 2659 2658
f 2644 1141 2660
f 2660 1140 1336
f 642 1336 643
f 1193 2660 642
f 679 555 558
f 1503 1500 1502
f 1318 1101 1100
f 2661 1139 1142
f 2661 2663 2662
f 2662 2659 2661
f 2662 2622 2664
f 2664 911 2646
f 2648 2646 1146
f 2648 2662 2664
f 2083 2093 2081
f 1442 1437 1439
f 519 330 51
f 1885 1209 613
f 799 805 804
f 1946 1952 1953
f 1302 1253 1252
f 566 224 533
f 1389 928 1388
f 683 681 680
f 836 1842 2665
f 2665 1845 1303
f 2666 1303 1302
f 24 2665 2666
f 831 2650 832
f 1845 1304 1303
f 2010 2012 2011
f 1051 2667 2668
f 1522 1511 1523
f 531 441 522
f 782 1251 1250
f 1250 2625 2669
f 2669 1857 1856
f 783 1856 1037
f 782 2669 783
f 720 2671 721
f 1055 1930 1056
f 1333 1251 2251
f 619 1308 1307
f 652 2619 2634
f 521 1539 1540
f 1838 537 2672
f 2672 536 2641
f 1113 2641 1110
f 1113 1838 2672
f 1016 1351 1045
f 3897 570 3894
f 226 104 101
f 3564 3827 1818
f 1036 1884 1883
f 2674 1304 2673
f 2673 1844 2675
f 1334 2675 1039
f 1333 2673 1334
f 2676 1039 2675
f 1843 2675 1844
f 942 2676 1843
f 1074 702 2676
f 811 859 858
f 752 1055 753
f 1200 656 1026
f 1120 874 2677
f 2677 877 1052
f 1241 1052 1005
f 1119 2677 1241
f 1560 151 1515
f 1208 611 523
f 215 736 214
f 1460 1462 1461
f 1208 1839 873
f 854 1282 1297
f 72 182 179
f 544 1565 512
f 217 456 457
f 2047 930 945
f 1204 1937 2633
f 913 686 685
f 840 1113 1112
f 1531 730 561
f 2678 1283 801
f 601 1914 602
f 1537 459 460
f 1819 3509 3527
f 991 862 538
f 2679 1073 1830
f 2680 983 2256
f 779 2256 1263
f 778 2680 779
f 2678 1830 2680
f 180 245 40
f 1886 1131 1134
f 1138 1274 1255
f 1841 1140 1139
f 75 314 74
f 193 420 192
f 2681 1099 1098
f 170 1565 169
f 349 417 432
f 1121 2684 2683
f 547 409 302
f 123 121 120
f 2643 1142 1141
f 1542 513 1543
f 899 907 919
f 1210 676 867
f 791 982 892
f 24 837 836
f 893 932 931
f 1860 863 862
f 535 862 861
f 832 813 812
f 2650 813 832
f 1569 1547 1568
f 181 542 180
f 660 937 688
f 2013 568 2012
f 887 2631 2630
f 1524 361 78
f 520 162 1529
f 2653 854 2685
f 1238 2655 2686
f 718 527 530
f 1492 518 1491
f 792 615 793
f 599 1835 596
f 290 456 175
f 312 1552 425
f 1248 1179 1249
f 153 177 178
f 1240 1222 1221
f 1257 1235 1071
f 1291 1083 1222
f 1052 1277 1053
f 743 2618 1204
f 444 430 443
f 23 1172 1187
f 2687 1180 1179
f 102 409 134
f 1283 610 801
f 373 650 651
f 1180 1084 1291
f 855 2655 1237
f 1173 1917 1174
f 2689 853 2688
f 2688 1108 1279
f 2686 1279 1238
f 2687 2688 2686
f 2691 1252 2690
f 2690 850 2689
f 1248 2689 2687
f 1248 2691 2690
f 2692 24 2666
f 2691 2666 1302
f 1247 2692 2691
f 1258 617 2692
f 394 1555 393
f 2693 1259 1223
f 1072 1262 1261
f 1257 1168 1258
f 398 1555 1554
f 871 1314 872
f 1178 1249 1179
f 1224 1173 1172
f 1010 2618 742
f 1175 1292 1269
f 2654 2686 2655
f 2694 1216 1264
f 71 1487 70
f 701 1111 1038
f 1072 2649 2650
f 1085 22 21
f 895 1264 896
f 1601 1605 1604
f 1259 1271 1289
f 21 1220 1083
f 988 538 537
f 598 1336 1140
f 820 1762 821
f 1050 818 821
f 1298 1761 2652
f 1168 618 617
f 858 1256 833
f 39 516 1536
f 2652 819 814
f 313 315 314
f 2026 1971 2027
f 2656 596 1835
f 814 818 811
f 2696 813 2649
f 1260 2649 1261
f 2693 2696 1260
f 2697 2651 2696
f 381 390 380
f 3818 1611 1609
f 1475 1428 1227
f 1292 1917 1235
f 1551 354 1518
f 1526 1523 1511
f 1593 1595 1573
f 1232 1246 1249
f 2695 1223 22
f 2698 1296 2697
f 2698 2693 2695
f 2685 2695 1085
f 2685 1297 2698
f 562 271 272
f 2652 1296 1298
f 1365 1364 1363
f 1958 1953 1957
f 585 2210 997
f 1561 1515 435
f 975 1146 976
f 347 68 346
f 1038 636 1068
f 2700 780 2699
f 2699 1036 1883
f 2701 1883 1829
f 851 2699 2701
f 2674 2251 2702
f 2702 781 2700
f 1253 2700 851
f 1301 2702 1253
f 1519 388 1550
f 1273 1280 2703
f 2703 1107 852
f 2701 852 851
f 1829 2703 2701
f 91 326 90
f 1784 2656 1785
f 2683 2705 2704
f 604 3499 3533
f 1669 3548 1662
f 2062 2060 2059
f 621 861 622
f 2023 732 2024
f 686 1263 687
f 857 2668 1328
f 883 882 879
f 637 1111 1110
f 2668 893 1328
f 2667 894 2668
f 1039 1068 1334
f 313 1504 1505
f 1911 305 453
f 1936 1964 2212
f 2707 2401 2183
f 2708 2183 2182
f 738 2116 554
f 2349 2432 2436
f 2711 2020 2019
f 2400 2019 2186
f 2714 2716 2713
f 2717 2719 2720
f 2721 2723 2724
f 2726 2728 2725
f 2725 2730 2729
f 2731 2729 2709
f 2732 2725 2731
f 2734 2736 2733
f 2738 2740 2737
f 2737 2741 2742
f 2744 2746 2743
f 2745 2748 2747
f 2749 2747 2751
f 2753 2751 2752
f 2250 2246 2248
f 2754 1614 2755
f 3598 2755 3609
f 3608 2747 3609
f 1617 2755 1614
f 2242 1620 2757
f 2191 2760 2759
f 2761 2760 2762
f 3648 2761 3649
f 3623 2759 3648
f 3209 3223 3224
f 1395 2236 2235
f 1395 1636 1615
f 1616 2229 2233
f 1617 2763 2756
f 2756 3628 3608
f 2765 2234 1630
f 2766 3628 3622
f 3202 3246 3247
f 1516 435 1515
f 2768 3552 3553
f 1495 578 1424
f 2135 28 17
f 3526 2773 2774
f 1690 3926 3925
f 2778 2780 2777
f 2777 2781 2782
f 2784 2777 2783
f 3555 575 576
f 1494 9 540
f 3529 2015 3566
f 451 505 450
f 2786 2788 2785
f 2779 2785 2780
f 2789 2741 2740
f 2790 2752 2789
f 2792 2794 2791
f 2793 2796 2794
f 2796 2750 2749
f 2794 2749 2753
f 2798 1396 2754
f 3591 2754 3598
f 2798 2800 1393
f 3591 2799 2798
f 2797 2795 2801
f 2791 2753 2790
f 216 232 54
f 3804 2807 3803
f 3805 2804 3803
f 2769 3557 3552
f 183 184 97
f 2811 2775 2776
f 2804 2776 2805
f 2809 2811 2804
f 2812 2813 2814
f 3805 2816 3795
f 3796 2815 3795
f 3798 2820 2821
f 3793 2819 3798
f 2824 2735 2819
f 2823 2824 2819
f 2825 2826 2724
f 3793 2827 3792
f 3796 2826 3792
f 2713 2829 2828
f 2828 2831 2830
f 2822 2828 2830
f 2821 2713 2828
f 2832 2822 2830
f 2833 2830 2831
f 2834 2832 2833
f 2835 2827 2832
f 2837 2839 2836
f 2836 2841 2840
f 2842 2840 2727
f 2843 2836 2842
f 2840 2845 2844
f 2718 2845 2719
f 2730 2844 2718
f 2727 2844 2728
f 2846 2719 2845
f 2846 2841 2847
f 2829 2847 2831
f 2829 2716 2846
f 2847 2839 2848
f 2848 2838 2849
f 2833 2849 2834
f 2831 2848 2833
f 2850 2851 2852
f 2853 2852 2854
f 2783 2782 2855
f 2785 2853 2856
f 2780 2856 2781
f 2857 2855 2782
f 2859 2782 2781
f 2861 2842 2860
f 2860 2727 2726
f 2862 2726 2732
f 2863 2860 2862
f 2861 2858 2857
f 2843 2857 2859
f 2856 2854 2864
f 2781 2864 2859
f 2837 2859 2864
f 2838 2864 2854
f 2852 2834 2849
f 2854 2849 2838
f 2865 2818 2835
f 2851 2835 2834
f 2813 2815 2865
f 2814 2865 2851
f 2866 2814 2850
f 2788 2850 2853
f 2866 2787 2867
f 2812 2867 2775
f 1892 1890 1891
f 2720 2846 2870
f 298 256 257
f 2872 2713 2820
f 3794 2735 2734
f 2729 2874 2873
f 2846 2715 2870
f 2876 2878 2875
f 2733 2878 2734
f 3806 2879 2880
f 3806 2872 3794
f 2882 2884 2881
f 2881 2715 2714
f 2880 2714 2872
f 2879 2881 2880
f 2885 2887 2888
f 2888 2890 2885
f 2885 2892 2891
f 2893 2885 2891
f 1942 2532 2894
f 2895 2720 2870
f 2884 2870 2715
f 2883 2895 2884
f 2896 2892 2895
f 2889 2717 2890
f 2890 2720 2892
f 2897 2891 2896
f 2898 2896 2883
f 2899 2883 2882
f 2900 2882 2879
f 3797 2879 3807
f 2876 2901 2877
f 2901 2904 2903
f 1785 1835 1834
f 2905 2899 2900
f 2907 2897 2898
f 3797 2903 3799
f 632 577 633
f 3532 2867 2787
f 434 550 350
f 2768 3640 3643
f 2910 1623 2249
f 2241 2758 2242
f 3640 2913 3652
f 1623 2757 1620
f 3587 2757 3652
f 2229 1380 2250
f 2765 1629 2914
f 2915 1629 2912
f 3642 2914 2915
f 3641 2765 2914
f 2919 3642 3613
f 2918 2912 2241
f 3614 2241 3586
f 3618 3613 3670
f 3541 2180 3496
f 3521 2188 3506
f 3705 714 3851
f 2925 2917 2924
f 2924 2916 2919
f 3610 2919 3618
f 3611 2924 3610
f 2926 2766 2925
f 3658 2925 3611
f 1715 1705 1710
f 785 498 796
f 1387 565 1791
f 374 1899 560
f 3573 2206 3556
f 2929 2886 2893
f 2932 2934 2931
f 1905 1908 1907
f 2930 2936 2937
f 2938 2930 2929
f 1493 517 518
f 1603 1586 1602
f 2939 2929 2908
f 2940 2908 2907
f 3665 1600 3661
f 2886 2937 2887
f 2906 2898 2899
f 2908 2893 2897
f 2942 2933 2941
f 2941 2937 2936
f 3501 2936 3513
f 3498 2941 3501
f 2943 2710 2873
f 2943 2874 2889
f 2945 2889 2888
f 2946 2943 2945
f 2932 2888 2887
f 2931 2945 2932
f 727 1929 728
f 2903 2947 2948
f 545 42 262
f 1480 533 251
f 2907 2949 2940
f 2906 2950 2949
f 1558 215 202
f 3799 2948 3801
f 2054 1644 2118
f 3705 2203 3573
f 1828 1849 1827
f 2953 2955 2952
f 2952 2957 2956
f 2956 2258 2952
f 2953 2258 2257
f 2454 2474 2496
f 3747 2959 3766
f 3747 2131 3737
f 2961 2963 2958
f 2958 2964 2959
f 222 2485 2965
f 2477 2966 2608
f 2631 2006 1859
f 2384 2496 2497
f 2967 2959 2964
f 2968 2970 2969
f 3759 2971 3784
f 3784 2960 3766
f 2972 2033 2032
f 2007 2973 2008
f 3560 2134 2133
f 1836 1832 1831
f 3506 2090 3551
f 955 959 956
f 672 674 673
f 633 713 632
f 2024 733 803
f 2025 803 798
f 425 1550 388
f 2975 888 887
f 1319 1157 2694
f 1212 2977 1213
f 889 2228 2227
f 1978 1975 1979
f 1138 1329 915
f 751 2979 2978
f 1619 1625 1624
f 2252 1728 1727
f 1157 845 1216
f 2706 1938 2617
f 2980 2254 2981
f 2982 887 2630
f 802 711 2679
f 678 2029 2028
f 527 690 528
f 1839 2629 1840
f 2983 602 1914
f 2983 1913 1331
f 2985 1331 1054
f 2986 2983 2985
f 2987 2635 2634
f 2985 2639 2986
f 2990 1318 2989
f 2991 2993 2994
f 2995 2994 2996
f 1106 2991 2995
f 1058 2992 2991
f 1415 1365 1367
f 1317 2217 2997
f 1932 2255 2980
f 926 2999 664
f 3001 2992 3000
f 3000 1057 2978
f 2999 2978 2979
f 2998 3000 2999
f 3002 2209 3003
f 3002 2996 2994
f 2993 3002 2994
f 3001 2998 3002
f 1103 2995 3004
f 3004 2996 3003
f 2209 3004 3003
f 588 3004 2210
f 295 433 381
f 2638 2988 3005
f 3005 1056 1930
f 1305 1930 1306
f 1276 3005 1305
f 1987 1993 1989
f 2633 1761 2645
f 1423 1417 1419
f 3561 739 703
f 2671 2704 2705
f 1473 2035 1472
f 922 2694 895
f 1401 1378 1384
f 556 1884 1037
f 842 3825 3836
f 1854 2617 1010
f 933 1081 1075
f 1440 1436 1437
f 529 719 530
f 1031 1027 1028
f 777 912 1871
f 2645 1204 2633
f 441 1538 1537
f 790 587 586
f 2065 1610 1607
f 1860 990 902
f 60 87 59
f 1424 1948 1947
f 332 1507 331
f 261 138 135
f 187 449 507
f 1719 1726 1725
f 1931 1059 3006
f 3006 1105 1104
f 1287 1104 587
f 1286 3006 1287
f 3007 3009 3010
f 3009 653 795
f 618 26 25
f 2029 1210 1209
f 957 600 2228
f 1049 2228 600
f 2631 3011 2561
f 890 2227 3011
f 3011 2145 3012
f 2561 3012 2375
f 1026 609 608
f 2706 1961 1964
f 3013 2485 3014
f 2148 1267 3015
f 3015 1266 1311
f 2997 1101 1317
f 642 1773 1193
f 186 461 511
f 1041 1320 901
f 1121 3017 1122
f 2984 2987 3018
f 3018 2634 2619
f 1048 3018 2619
f 603 2984 3018
f 2679 801 802
f 2062 2074 2061
f 2061 2076 2064
f 414 1545 1965
f 3016 2683 3019
f 3019 2704 2670
f 3020 2670 720
f 3007 3019 3020
f 1871 1091 777
f 3021 1122 3017
f 3022 3017 3010
f 1314 3022 1315
f 1784 3021 1314
f 1316 1763 611
f 3023 3010 3009
f 3023 795 1092
f 1763 1092 1125
f 1315 3023 1763
f 3016 3010 3017
f 752 2978 1057
f 2986 2637 2987
f 3024 653 3008
f 3020 3008 3007
f 720 3024 3020
f 723 654 3024
f 2681 1268 3025
f 2671 1268 721
f 2705 3025 2671
f 1313 3027 1311
f 3026 3029 3027
f 3027 3030 3031
f 1311 3031 3015
f 2012 731 2023
f 917 974 977
f 743 856 744
f 1888 2030 1425
f 2682 2684 3032
f 3032 1124 2989
f 1100 2989 1318
f 1099 3032 1100
f 1123 2989 1124
f 3033 1159 1158
f 2990 1158 1319
f 1123 3033 2990
f 1786 1834 3033
f 1054 2988 2985
f 2979 664 2999
f 2623 2663 2643
f 1095 688 687
f 3034 2261 2956
f 3036 2956 2957
f 3037 3034 3036
f 3038 3035 3034
f 3040 3026 1313
f 2263 3041 3040
f 3042 3043 3041
f 3041 3028 3026
f 3044 3043 3039
f 3046 3045 3044
f 3047 3049 3045
f 3043 3049 3028
f 3038 3051 3050
f 3050 3053 3052
f 3052 3044 3050
f 3039 3050 3044
f 3054 3039 3042
f 3042 2262 3054
f 2261 3054 2262
f 2216 2997 2217
f 2212 2667 1936
f 3056 2209 3055
f 934 1961 1854
f 2013 3757 567
f 3058 3060 3061
f 3059 3063 3060
f 3060 2213 1963
f 3061 1963 1962
f 3063 2214 2213
f 3062 3064 3063
f 3065 2260 3064
f 3064 2215 2214
f 3066 3031 3030
f 2608 3067 3066
f 2966 3068 3067
f 3031 3068 3015
f 2455 2461 2474
f 2476 2226 2477
f 3551 2089 3525
f 3526 3769 3786
f 433 355 381
f 2115 1419 2123
f 3509 2922 3527
f 3769 2131 2134
f 3069 2167 2166
f 2971 2928 2960
f 2961 2773 2962
f 3070 2478 2483
f 2610 3071 2954
f 2502 2374 2386
f 3072 2595 3073
f 2964 3052 2967
f 3048 3074 3049
f 2593 3075 3074
f 3075 3029 3074
f 3074 3028 3049
f 3072 3075 2592
f 3076 2482 2481
f 2481 3066 3076
f 3076 3030 3075
f 2967 3053 2970
f 2482 3073 2483
f 479 493 494
f 706 3873 709
f 3561 2221 3517
f 2013 3754 3755
f 3533 2016 3529
f 3562 2222 2974
f 1171 1155 1176
f 2586 2565 2587
f 2982 113 2484
f 2562 3077 3068
f 2376 3012 3077
f 3012 2148 3077
f 3077 3015 3068
f 2963 3046 2964
f 3051 2970 3053
f 1683 491 775
f 3850 1447 3860
f 1986 3734 3768
f 3079 2546 2575
f 3081 2575 2576
f 1983 3768 3765
f 3082 2319 2545
f 3080 2545 2546
f 3734 3082 3080
f 3732 2323 3082
f 1309 1888 748
f 3073 2772 2771
f 2760 3084 2762
f 2760 2088 3083
f 3085 3086 3087
f 3089 3090 3088
f 3089 3084 3085
f 3092 3090 3091
f 3093 2744 2743
f 2751 2748 3093
f 3093 2752 2751
f 2742 3093 3094
f 3094 2743 3095
f 3096 3098 3087
f 3099 3087 3086
f 3097 3095 3098
f 3100 2746 3101
f 3101 3102 3100
f 2764 2927 3101
f 2745 3101 2746
f 3102 3091 3100
f 3100 3095 2743
f 2869 3592 3634
f 3102 3104 3092
f 3658 2869 3634
f 2927 3103 3102
f 3098 3091 3090
f 3087 3090 3085
f 2088 3105 3083
f 3083 3086 3084
f 2483 2771 3070
f 2401 2185 2321
f 3099 3105 3106
f 2125 3106 3105
f 3108 2742 3107
f 3107 3094 3097
f 3110 3107 3109
f 3109 3097 3096
f 3111 3096 3099
f 3112 3109 3111
f 3113 2737 3108
f 3115 2722 3114
f 3117 3114 3116
f 3119 3116 3118
f 3118 3120 3121
f 3116 3113 3120
f 3122 3111 3123
f 3122 1755 1754
f 3124 3126 3127
f 3125 3121 3126
f 3128 3118 3125
f 3129 3125 3124
f 2020 3128 3129
f 3853 1346 1352
f 1065 1047 1066
f 1814 3830 1649
f 2021 3129 3130
f 3111 3106 3123
f 3123 2207 1755
f 2377 2224 2973
f 3014 113 112
f 1756 3782 3767
f 3131 2530 2528
f 3133 2528 2529
f 1753 3767 3775
f 3134 3127 3135
f 2327 2314 2313
f 2436 2317 2349
f 2018 3711 3712
f 2534 3137 2535
f 2320 3136 2534
f 2185 3712 3771
f 3138 2542 2539
f 3134 3744 3745
f 3785 3134 3745
f 3140 2539 2538
f 2535 3140 2538
f 3711 3130 3785
f 2558 3132 3141
f 3782 3141 3132
f 2560 3141 3142
f 3760 3142 3141
f 958 2976 2981
f 1933 2980 3143
f 2399 2418 2416
f 2348 2343 2432
f 2322 2319 2323
f 2718 2874 2730
f 2709 2873 2710
f 2894 1361 1942
f 346 176 347
f 1876 1882 1881
f 2802 3607 3592
f 3104 3088 3092
f 2974 3649 3603
f 3089 2761 2762
f 3088 3145 3089
f 2803 3603 3607
f 3870 692 628
f 2123 1418 2126
f 1365 1368 1367
f 1581 1782 1783
f 3569 2129 3520
f 3555 2002 3521
f 3146 2551 3147
f 3751 3147 3750
f 3742 3146 3751
f 3149 2585 3146
f 3196 3197 3195
f 3604 2191 3623
f 3142 2556 2560
f 3777 3150 3142
f 3646 2550 3593
f 3150 2555 2556
f 3778 3151 3150
f 3788 3152 3646
f 3153 2551 2549
f 3152 2549 2550
f 3781 3153 3152
f 3776 3147 3153
f 3148 2206 2205
f 2183 2321 2184
f 2132 2928 2133
f 3684 2204 2203
f 3719 2197 3721
f 2594 2773 2951
f 2595 2951 2772
f 1870 799 1869
f 3713 2178 3706
f 3706 3736 3790
f 336 3774 3722
f 339 3154 336
f 3789 3149 3742
f 3683 2584 3149
f 2963 3048 3047
f 3722 337 336
f 339 2566 2586
f 3156 2168 2167
f 2610 2167 2611
f 2954 3156 2610
f 3157 2953 2257
f 3707 2169 3709
f 2567 3159 2568
f 337 2567 338
f 3730 2166 3707
f 3764 1983 3765
f 2579 3081 2576
f 2568 3160 2579
f 3709 2190 3764
f 3065 3162 3161
f 3161 1984 2189
f 3157 2189 2168
f 2257 3161 3157
f 734 1922 806
f 3059 2708 3163
f 3163 2182 1985
f 3162 1985 1984
f 3062 3163 3162
f 3203 3205 3204
f 2122 1448 1447
f 3817 1685 3812
f 139 444 69
f 1570 566 533
f 2957 3165 3036
f 2955 3164 2957
f 1912 341 1973
f 3130 3124 3134
f 1548 319 1547
f 1949 1327 1887
f 2969 3078 3167
f 3167 3169 3168
f 3724 2017 3720
f 3720 2033 3759
f 3168 3165 3170
f 3170 3164 3171
f 3779 3171 3756
f 3724 3170 3779
f 3171 3166 3172
f 3172 3071 3173
f 3752 3173 3749
f 3756 3172 3752
f 3169 3036 3165
f 2593 2962 2594
f 3173 2609 3174
f 3174 2199 2198
f 3783 2198 3719
f 3749 3174 3783
f 2190 1984 1983
f 2196 2767 3148
f 2119 1414 1448
f 1464 1466 1465
f 2199 3069 2200
f 2457 2587 2565
f 2226 2562 2966
f 481 1627 1639
f 333 235 236
f 3078 3037 3169
f 3040 2997 2263
f 2219 1933 2220
f 2385 2497 2503
f 221 3175 2484
f 2220 3143 3175
f 3175 2976 2975
f 2484 2975 2982
f 2954 3166 2955
f 2630 110 2982
f 1547 1952 1955
f 2091 2188 2187
f 3733 2178 2177
f 1918 1927 1926
f 3563 111 3511
f 955 960 954
f 2037 112 3563
f 3143 2981 2976
f 2218 2214 2215
f 672 3787 3541
f 2152 3014 2037
f 1147 1143 1145
f 2248 1409 2245
f 1615 1635 1616
f 1410 2246 2247
f 3241 3242 3240
f 3177 1383 1382
f 2238 3176 1382
f 3176 2230 3178
f 1410 3179 1407
f 3179 2243 1407
f 1633 2800 2249
f 1621 2758 2912
f 1622 2245 1634
f 2236 3181 3182
f 2237 3182 3183
f 2250 2233 2229
f 2912 1628 1621
f 135 1564 1563
f 1567 512 1565
f 1085 2653 2685
f 3184 868 3056
f 869 3057 934
f 1266 1098 1312
f 1267 722 721
f 937 2646 936
f 2146 722 2147
f 2211 921 2667
f 1957 507 449
f 1313 2264 3040
f 1496 1493 1492
f 2681 2705 2682
f 2887 2933 2932
f 1687 1659 1694
f 145 1498 81
f 1317 1319 2694
f 37 418 71
f 1935 3185 2977
f 104 301 103
f 2101 2083 2084
f 543 360 207
f 1934 3186 3185
f 234 212 237
f 3845 1822 1824
f 1976 1874 1974
f 223 2219 220
f 3655 3605 3612
f 468 773 2165
f 1935 1728 1932
f 3240 3226 3235
f 3261 3250 3260
f 3215 3244 3264
f 3265 3215 3264
f 3267 3198 3196
f 3205 3269 3255
f 3214 3265 3270
f 3271 3214 3192
f 3251 3239 3236
f 3222 3266 3272
f 3232 3234 3233
f 3216 3243 3244
f 3196 3268 3267
f 3244 3254 3255
f 3238 3247 3246
f 3264 3255 3269
f 3253 3216 3217
f 3211 3221 3265
f 3257 3218 3256
f 3258 3272 3259
f 3274 3280 3273
f 3228 3262 3263
f 3275 3281 3280
f 3226 3273 3280
f 3236 3260 3251
f 3281 3236 3237
f 3287 3192 3189
f 3235 3280 3234
f 3234 3281 3237
f 3288 3259 3272
f 3260 3276 3251
f 3289 3278 3284
f 3210 3224 3283
f 3199 3201 3200
f 3228 3230 3229
f 3290 3285 3286
f 3282 3271 3287
f 3260 3262 3261
f 3243 3268 3254
f 3267 3241 3232
f 3194 3208 3193
f 3191 3269 3206
f 3270 3192 3214
f 3275 3230 3231
f 3264 3270 3265
f 3252 3276 3291
f 3248 3291 3223
f 3213 3279 3277
f 3272 3289 3288
f 3277 3212 3213
f 3228 3281 3231
f 3220 3253 3219
f 3219 3217 3257
f 3256 3222 3258
f 3247 3252 3248
f 3245 3232 3233
f 3266 3212 3289
f 3208 3255 3254
f 3288 3284 3285
f 3204 3208 3207
f 560 3187 559
f 3209 3201 3202
f 3189 3191 3190
f 448 807 447
f 647 122 270
f 1833 1780 1832
f 510 508 507
f 3210 1887 3201
f 1887 3200 3201
f 15 3197 3200
f 16 3195 3197
f 3195 3187 3194
f 3194 1899 3207
f 3207 375 3204
f 387 126 127
f 3189 1760 3287
f 3577 757 758
f 763 2172 2175
f 3583 3580 3581
f 3581 3579 3578
f 3594 3596 3595
f 3400 3602 3401
f 3626 3625 3627
f 3631 3599 3601
f 3636 3595 3596
f 3647 3588 3645
f 3650 3584 3647
f 3653 3580 3651
f 3653 3654 3579
f 1801 3656 3655
f 3651 3582 3650
f 3644 3595 3637
f 1767 3659 3660
f 1597 3661 1600
f 1708 3665 3664
f 3671 3667 3666
f 3666 3673 3672
f 1588 3664 1587
f 2080 3666 2082
f 2082 3672 2084
f 3674 3635 3631
f 3677 3636 3635
f 3682 3645 3681
f 3692 3650 3686
f 3681 3644 3680
f 786 3692 785
f 3694 3651 3692
f 785 3686 497
f 497 3682 650
f 650 3681 564
f 3696 3681 3680
f 3405 3605 3402
f 3702 3678 3677
f 3699 3679 3678
f 3645 3638 3644
f 1799 3659 1768
f 3708 3458 3460
f 3462 3708 3460
f 3714 564 3696
f 3615 3602 3600
f 3710 3696 3698
f 3635 3596 3599
f 3629 3627 3630
f 3597 3599 3596
f 3630 3715 3629
f 3627 3597 3594
f 3717 3723 3718
f 3715 3660 3629
f 3716 3725 3715
f 3668 3661 3725
f 3668 3717 3667
f 3667 3718 3673
f 3727 3673 3718
f 3728 3672 3673
f 3726 3718 3723
f 1576 2084 3672
f 3727 3731 3729
f 3203 1387 3190
f 3190 1791 3189
f 3283 1949 3210
f 317 259 391
f 2000 3653 3694
f 3601 3600 3602
f 3589 3584 3585
f 3577 756 2170
f 3585 3582 3583
f 3678 3637 3636
f 3204 376 3203
f 1801 3657 1799
f 3729 3728 3727
f 1575 3738 1088
f 3735 1576 3728
f 1776 1796 1775
f 1293 1290 1284
f 1326 1327 12
f 1294 1234 1290
f 878 1330 1337
f 497 374 498
f 122 413 121
f 3699 3704 3708
f 3606 3401 3602
f 3708 3698 3699
f 3464 3710 3462
f 3704 3443 3458
f 439 399 438
f 1512 1526 1511
f 1668 1738 1671
f 839 1362 838
f 1362 826 1012
f 3843 1896 3815
f 2053 2118 2117
f 3888 2120 2119
f 696 3816 3831
f 1826 639 640
f 3740 3729 3731
f 956 886 960
f 1980 1922 807
f 33 105 164
f 1343 3856 3857
f 3907 2128 3902
f 1766 1582 1594
f 14 2163 738
f 595 99 594
f 3233 3246 3245
f 1346 1044 1352
f 748 1425 747
f 3193 3254 3268
f 3190 3206 3203
f 3612 3606 3615
f 3624 3615 3625
f 3631 3443 3674
f 3679 3644 3637
f 3686 3647 3682
f 3702 3674 3704
f 3625 3600 3597
f 3601 3415 3631
f 3739 3735 3729
f 3630 3594 3741
f 3741 3716 3630
f 1284 1288 1285
f 3698 3680 3679
f 1778 1780 1779
f 1792 1584 1789
f 695 571 694
f 3638 3594 3595
f 3741 3588 3589
f 3247 3209 3202
f 3292 3294 3295
f 3296 3298 3299
f 3299 3300 3301
f 3302 3304 3305
f 3306 3308 3309
f 3307 3311 3308
f 3303 3301 3300
f 3312 3304 3313
f 3314 3316 3317
f 3318 3320 3321
f 3324 3321 3325
f 3326 3328 3323
f 3329 3331 3332
f 3333 3335 3336
f 3337 3339 3340
f 3333 3341 3342
f 3342 3343 3344
f 3319 3344 3343
f 3338 3334 3339
f 3346 3302 3347
f 3305 3347 3302
f 3312 3223 3349
f 3350 3340 3351
f 3312 3348 3305
f 3352 3341 3326
f 3311 3354 3308
f 3341 3327 3326
f 3359 3361 3362
f 3360 3250 3249
f 3318 3345 3319
f 3364 3318 3324
f 3314 3324 3365
f 3366 3301 3346
f 3299 3367 3296
f 3308 3368 3309
f 3369 3295 3294
f 3317 3364 3314
f 3370 3317 3316
f 3325 3365 3324
f 3352 3319 3343
f 3296 3353 3311
f 3297 3311 3310
f 3363 3354 3345
f 3345 3353 3344
f 3344 3367 3342
f 3366 3342 3367
f 3347 3334 3346
f 3339 3348 3340
f 3348 3351 3340
f 3363 3369 3368
f 3294 3368 3369
f 3293 3309 3294
f 3331 3374 3332
f 3346 3333 3366
f 3323 3352 3326
f 3356 3321 3320
f 3355 3325 3321
f 3357 3371 3325
f 3322 3320 3352
f 3361 3329 3362
f 3373 3375 3374
f 3374 3376 3332
f 3329 3376 3362
f 3327 3372 3328
f 3336 3375 3327
f 3335 3376 3375
f 3376 3337 3362
f 3337 3359 3362
f 3359 3276 3250
f 3377 3295 3370
f 3277 3315 3278
f 3371 3379 3365
f 3378 3358 3380
f 3365 3315 3314
f 3316 3279 3370
f 3282 3370 3279
f 3313 3224 3312
f 3378 3284 3379
f 3380 3285 3378
f 3379 3278 3315
f 3276 3351 3291
f 3291 3349 3223
f 3313 2965 3013
f 2965 3303 222
f 222 3300 223
f 223 3298 3186
f 3298 3185 3186
f 3297 2977 3185
f 3310 1213 2977
f 3307 1214 1213
f 2532 3306 3293
f 2894 3293 3292
f 2871 3292 3377
f 3253 3240 3242
f 3283 3013 2152
f 1997 1889 1892
f 1237 744 855
f 1535 120 121
f 1531 201 214
f 1119 1032 984
f 946 824 947
f 163 5 162
f 3589 3723 3741
f 1155 1162 1164
f 427 327 424
f 553 796 498
f 3381 2231 2237
f 3381 2230 2232
f 2237 3180 3381
f 3383 3385 3382
f 3384 3387 3385
f 3386 3389 3387
f 3388 3391 3389
f 3392 3394 3395
f 3395 3396 3397
f 3398 3397 3396
f 3400 3399 3398
f 3403 3405 3402
f 3406 3404 3403
f 3408 3407 3406
f 3410 3409 3408
f 3412 3411 3410
f 3415 3398 3414
f 3414 3396 3416
f 3416 3394 3417
f 3417 3393 3418
f 3393 3420 3418
f 3419 3421 3420
f 3390 3422 3421
f 3388 3423 3422
f 3386 3424 3423
f 3384 3425 3424
f 3425 3426 3184
f 2904 3428 2947
f 3429 2904 2902
f 3430 2902 2876
f 2875 3430 2876
f 3432 2733 2736
f 2825 3435 2824
f 3437 3439 3436
f 3441 3436 3440
f 2724 3434 2825
f 3436 3115 3117
f 3440 3117 3119
f 3443 3414 3442
f 3442 3416 3444
f 3444 3417 3445
f 3445 3418 3446
f 3446 3420 3447
f 3420 3448 3447
f 3421 3449 3448
f 3422 3450 3449
f 3423 3451 3450
f 3424 3452 3451
f 3425 3056 3452
f 3451 2253 2252
f 3450 2252 1727
f 3449 1727 2150
f 3448 2150 1941
f 3453 3448 1941
f 3454 3447 3453
f 3455 3446 3454
f 3456 3445 3455
f 3442 3456 3457
f 3443 3457 3458
f 3459 3458 3457
f 3457 3455 3459
f 3459 3454 3461
f 3462 3459 3461
f 3461 3453 3463
f 3464 3461 3463
f 3463 1941 1360
f 3404 3401 3405
f 3407 3399 3404
f 3409 3397 3407
f 3411 3395 3409
f 3465 3413 3412
f 3467 3469 3466
f 3465 3431 3433
f 3470 3466 3465
f 3438 3432 3435
f 3467 3438 3437
f 3468 3437 3441
f 3471 3468 3472
f 3472 3441 3473
f 3473 3440 2712
f 2712 3119 3128
f 3475 3472 3474
f 3474 3473 3476
f 3476 2712 2711
f 3477 2711 2400
f 3478 3476 3477
f 3479 3474 3478
f 3392 3413 3480
f 3466 3480 3413
f 3419 3392 3480
f 3390 3480 3391
f 3469 3391 3480
f 3389 3471 3475
f 3387 3475 3479
f 3385 3479 3481
f 3482 2400 2402
f 3483 3477 3482
f 3481 3478 3483
f 3484 2402 2707
f 3058 2707 2708
f 3061 3484 3058
f 3485 3482 3484
f 3382 3481 3486
f 3486 3483 3485
f 3426 3382 3487
f 3487 3486 1962
f 3486 3061 1962
f 1961 3487 1962
f 3057 3426 3487
f 3428 3402 3488
f 3427 3403 3428
f 3429 3406 3427
f 3430 3408 3429
f 3431 3410 3430
f 3470 3433 3432
f 3434 3438 3435
f 2723 3439 3434
f 2875 3433 3431
f 2736 3435 3432
f 2947 3488 3500
f 3464 1360 3497
f 1900 1924 1901
f 1736 1718 1750
f 1955 1943 1956
f 1671 1735 1751
f 1696 1698 1692
f 1800 1864 1801
f 2063 2056 2060
f 1737 1717 1736
f 1751 1697 1695
f 943 3899 684
f 3656 3402 3605
f 1577 1764 1703
f 3917 1599 3923
f 1945 82 1944
f 68 7 248
f 147 1543 148
f 1109 1133 1102
f 1503 1907 1908
f 1499 1909 1498
f 452 735 215
f 1824 3835 3845
f 1825 2068 1824
f 1463 1022 1194
f 841 1009 1011
f 1568 1955 1534
f 1926 1927 1923
f 1910 1502 1939
f 1939 422 442
f 309 1940 308
f 1804 1866 1803
f 269 1954 56
f 2065 2060 2056
f 3812 1758 3835
f 280 552 1940
f 1875 1869 1874
f 1739 1734 1737
f 1778 1790 1788
f 310 1915 279
f 1909 1906 1954
f 1789 1778 1788
f 978 980 979
f 1584 1731 1583
f 425 311 312
f 148 115 116
f 2044 3894 2046
f 277 1939 551
f 1943 1945 1944
f 1461 1463 1464
f 2253 3056 3055
f 2981 3489 958
f 2209 3489 3055
f 2254 3055 3489
f 2998 958 3489
f 2826 2721 2724
f 3490 2721 2817
f 2816 3490 2817
f 2334 2296 2335
f 2298 2334 2336
f 2301 2336 2338
f 2311 2338 2354
f 2312 2354 2355
f 2359 2361 2360
f 2335 2359 2360
f 2414 2365 2364
f 2413 2361 2365
f 2355 2540 2541
f 2541 2539 2542
f 2722 2739 2738
f 3114 2738 3113
f 3110 3121 3120
f 3108 3120 3113
f 3122 3127 3126
f 3112 3126 3121
f 3127 1753 3135
f 3139 2529 2542
f 3744 3133 3139
f 3490 2740 2739
f 3491 2789 3490
f 228 91 88
f 245 243 242
f 248 247 191
f 2 296 295
f 145 300 267
f 327 210 328
f 329 331 330
f 250 228 236
f 239 240 230
f 373 375 374
f 178 176 175
f 1218 1228 1321
f 3862 1295 3854
f 808 824 823
f 3858 1013 1014
f 3813 1411 1413
f 2154 2159 2160
f 3845 1758 1757
f 306 1922 452
f 2157 1976 1977
f 708 2031 1474
f 1450 1227 1428
f 1672 1605 1624
f 1813 1821 1816
f 1717 1715 1718
f 176 402 347
f 1710 3916 3915
f 1712 1577 1711
f 1705 1711 1704
f 971 979 970
f 822 1094 1102
f 2909 2793 2792
f 2810 2795 2793
f 2799 2249 2800
f 3662 2910 2799
f 2769 2801 2795
f 3177 3178 3179
f 3178 3180 3179
f 3181 1393 2800
f 3181 1632 3182
f 3182 2244 3183
f 3183 2243 3180
f 3492 2790 3491
f 2808 3491 2816
f 2239 3572 2240
f 1149 3571 3570
f 1150 3567 3571
f 2202 3566 2015
f 2921 3565 2923
f 3568 2133 2928
f 1777 1759 1792
f 1201 1183 1184
f 3561 2195 2194
f 3553 2770 2768
f 3927 1687 1692
f 1516 154 503
f 3549 2974 2803
f 3550 2779 2778
f 2771 3575 3546
f 3070 3546 3558
f 3547 2775 2867
f 1376 1370 1372
f 2767 3556 2206
f 2195 3543 2767
f 2775 3542 2776
f 3377 3545 2871
f 3804 3539 2806
f 2776 3538 2805
f 2240 3535 2920
f 2920 3669 3619
f 3548 2786 2779
f 1805 1851 1804
f 3534 2787 2786
f 2951 3540 3531
f 2772 3531 3575
f 2973 3530 3536
f 2224 3537 3530
f 1957 320 510
f 306 304 303
f 2770 3528 2913
f 2913 3574 2239
f 2923 3527 2922
f 308 431 47
f 207 132 543
f 1879 1881 1880
f 3733 3525 2089
f 2475 3558 3524
f 2476 3524 3523
f 2223 3523 3537
f 3522 2803 2802
f 2037 11 1950
f 1959 450 505
f 2003 3520 2129
f 9 334 540
f 2009 3518 3567
f 2008 3536 3518
f 3877 673 3879
f 3515 2778 2784
f 2935 3513 2936
f 111 3570 3511
f 3510 2935 2938
f 683 3885 943
f 3508 2810 2909
f 736 732 729
f 1795 1803 1796
f 3505 2938 2939
f 3507 2939 2940
f 2950 3504 2949
f 2940 3504 3507
f 3801 3512 2950
f 2868 3502 2869
f 2869 3522 2802
f 1024 1023 1020
f 3500 2948 2947
f 551 442 443
f 2972 3568 2928
f 2032 3499 2972
f 216 1924 1923
f 203 201 200
f 1828 1847 1837
f 1958 449 450
f 272 178 175
f 2871 3495 1361
f 3619 3564 2921
f 2801 3643 3662
f 2005 3654 2176
f 960 899 962
f 3657 3612 3624
f 3780 3646 3151
f 3151 3593 2555
f 2193 3623 2194
f 3607 3145 3144
f 3603 2761 3145
f 3592 3144 3104
f 2926 3634 3103
f 3634 3104 3103
f 3755 3746 3753
f 566 3758 2005
f 3488 1864 3500
f 1602 2079 2078
f 2868 3611 2922
f 2922 3610 2923
f 2923 3618 2921
f 3670 2918 3614
f 3619 3614 2920
f 2921 3670 3619
f 2920 3586 2240
f 3613 2915 2918
f 2917 3622 3641
f 2916 3641 3642
f 2239 3652 2913
f 2911 3652 2757
f 3643 2911 2910
f 2797 3662 3591
f 2797 3598 2750
f 3622 2763 2765
f 3608 2764 2745
f 2194 3648 2221
f 2221 3649 2222
f 2756 3609 2755
f 2750 3609 2747
f 3669 1817 3827
f 3763 1691 1699
f 2515 3590 2548
f 2548 3593 2550
f 2513 3632 3616
f 2513 3621 2515
f 2509 3620 2289
f 2510 3633 2509
f 2289 3639 2283
f 2283 3617 2286
f 2240 3587 2239
f 3659 3624 3626
f 716 3887 3888
f 727 3761 1923
f 2165 2170 2164
f 3660 3626 3629
f 3743 3578 3757
f 2175 769 770
f 2100 2095 2099
f 3758 3757 3578
f 640 3568 1826
f 1653 3553 1651
f 1895 3530 746
f 746 3537 741
f 1653 3528 3576
f 3762 1604 1672
f 2093 2073 2078
f 959 995 884
f 962 919 986
f 1400 1398 1399
f 1000 1127 1004
f 956 884 885
f 1662 3550 1661
f 2034 3546 1654
f 3926 3539 3802
f 3535 766 1817
f 3572 765 766
f 334 3571 335
f 1868 3540 1656
f 1684 1652 1678
f 1682 775 1807
f 1585 3762 1700
f 3763 1672 1673
f 2173 490 491
f 1658 3547 1752
f 3556 1650 724
f 1571 2010 1572
f 1587 3671 2080
f 2099 2077 2094
f 787 1999 786
f 2000 786 1999
f 3155 3697 3683
f 3713 3683 3789
f 2180 3685 3684
f 3496 3684 3705
f 1684 3840 1651
f 1760 3495 3545
f 2607 3693 2590
f 2581 3689 2607
f 2371 3700 3695
f 2371 3693 2372
f 2587 3675 2586
f 2586 3697 339
f 2497 3687 2503
f 2502 3687 3700
f 2494 3690 2495
f 3690 2472 2495
f 3688 2468 2472
f 3701 2469 2468
f 726 3892 630
f 581 3518 580
f 10 3570 334
f 1837 3510 1849
f 741 3523 1300
f 1299 3558 2034
f 1851 3504 1866
f 3527 1820 1819
f 580 3536 1895
f 1758 3522 3502
f 1693 3508 1806
f 3504 1867 1866
f 1894 3568 3499
f 2126 3813 3841
f 3906 3841 3912
f 2113 3867 2110
f 2179 3789 3685
f 624 3904 623
f 2192 3788 3780
f 2177 3787 3733
f 1364 3833 1338
f 3858 1470 1453
f 3135 3775 3744
f 2069 3835 2068
f 1351 3853 1352
f 2108 3901 499
f 2089 3736 3733
f 3828 1358 866
f 2001 3783 2187
f 2187 3719 2091
f 2130 3752 2004
f 2004 3749 2001
f 2014 3779 2201
f 2201 3756 2130
f 3167 3759 2969
f 3168 3720 3167
f 3159 3764 3160
f 3160 3765 3081
f 3730 3158 337
f 3158 3709 3159
f 2200 3730 3722
f 3685 3742 2204
f 3722 2197 2200
f 3790 2092 3721
f 3774 3721 2197
f 3154 3790 3774
f 3155 3706 3154
f 2091 3721 2092
f 2196 3750 3776
f 2193 3776 3781
f 3604 3781 3788
f 2086 3780 3778
f 2087 3778 3777
f 2204 3751 2205
f 2205 3750 3148
f 3909 574 692
f 2124 3777 3760
f 2208 3760 3782
f 3711 3140 3137
f 3785 3138 3140
f 3745 3139 3138
f 3771 3136 2322
f 3712 3137 3136
f 3775 3131 3133
f 3767 3132 3131
f 1813 3838 1814
f 1293 3856 1344
f 2184 3748 3732
f 2181 3732 3734
f 3765 3079 3081
f 3768 3080 3079
f 709 3875 2031
f 2774 3737 3769
f 3786 2134 3559
f 3809 766 765
f 2968 3766 2959
f 2969 3784 2968
f 2958 3737 2961
f 2132 3766 2960
f 2321 3771 3748
f 3860 1449 28
f 3905 582 710
f 3886 577 574
f 3847 1818 3827
f 705 3887 2121
f 3816 3907 698
f 2111 3911 2113
f 3810 1366 1411
f 1812 3822 1815
f 675 3852 674
f 3496 3851 675
f 2110 3868 2109
f 2104 3901 2106
f 2109 3899 944
f 3842 703 739
f 1680 3846 1684
f 1639 3819 3818
f 623 3906 697
f 2139 3866 3865
f 1808 3844 3837
f 3820 1819 1820
f 3872 3900 706
f 1646 3830 1648
f 3889 633 577
f 2139 3875 18
f 2156 3871 3874
f 674 3913 3869
f 2117 3812 2069
f 1815 3847 3823
f 3855 1444 1470
f 697 3912 3816
f 866 3836 3828
f 3864 2136 2135
f 3585 3726 3589
f 3583 3731 3585
f 3753 3738 3739
f 3740 3581 3743
f 1088 3746 1093
f 3739 3743 3753
f 2791 3493 2792
f 3492 2807 3493
f 2792 3494 2909
f 3493 2806 3494
f 3508 3494 3516
f 3516 2806 3539
f 2948 3791 3801
f 2105 3896 2104
f 3538 3804 2805
f 680 3876 683
f 1891 3910 3891
f 2905 3801 2950
f 2900 3799 2905
f 2901 3807 2877
f 2734 3806 3794
f 2877 3806 2878
f 2820 3794 2872
f 2818 3792 2827
f 2823 3792 2826
f 2822 3798 2821
f 2819 3800 3798
f 2817 3795 2816
f 2809 3795 2815
f 2808 3803 2807
f 2805 3803 2804
f 1702 3923 1599
f 3922 1797 1802
f 3915 1706 1709
f 3918 1692 1698
f 1657 3880 1879
f 1890 3895 3910
f 3772 1674 1675
f 1689 3772 3773
f 3926 3538 1688
f 3516 1689 3773
f 3917 1703 1764
f 1598 3928 1770
f 3880 1876 1879
f 1691 3925 3927
f 3925 1688 1687
f 1117 1118 3930
f 1066 1322 3930
f 1243 847 3930
f 3825 848 3930
f 1128 1117 3930
f 1129 1130 3930
f 841 1011 3930
f 1230 3863 3930
f 1242 1243 3930
f 1322 1229 3930
f 1064 1065 3930
f 1003 1128 3930
f 1229 1230 3930
f 3863 1285 3930
f 1285 1288 3930
f 848 839 3930
f 847 3825 3930
f 1118 1129 3930
f 1065 1066 3930
f 1087 1086 3930
f 1008 1002 3930
f 1011 1008 3930
f 1002 1003 3930
f 1076 1069 3930
f 838 841 3930
f 839 838 3930
f 1288 1242 3930
f 1130 1087 3930
f 1086 1076 3930
f 1069 1064 3930
f 2410 2414 3931
f 2411 2410 3931
f 3617 2285 3931
f 2394 2393 3931
f 2393 2396 3931
f 2281 2286 3931
f 2282 2280 3931
f 2398 2399 3931
f 2465 2464 3931
f 2396 2397 3931
f 2470 2469 3931
f 2399 2416 3931
f 2480 2395 3931
f 2459 2480 3931
f 2369 2282 3931
f 2460 2459 3931
f 2415 2411 3931
f 2416 2415 3931
f 2364 2363 3931
f 2286 3617 3931
f 2464 2470 3931
f 2469 3703 3931
f 2285 2465 3931
f 2414 2364 3931
f 2395 2394 3931
f 2363 2367 3931
f 2397 2398 3931
f 2280 2281 3931
f 3703 2460 3931
f 2367 2369 3931
f 4 3 2
f 8 7 6
f 13 16 15
f 17 28 19
f 32 31 30
f 36 35 34
f 37 40 39
f 21 22 23
f 25 26 27
f 41 44 43
f 48 47 46
f 52 51 50
f 53 56 55
f 60 59 58
f 29 30 62
f 66 65 64
f 67 5 6
f 72 71 70
f 76 75 74
f 77 80 79
f 81 84 83
f 59 87 86
f 88 91 90
f 96 95 94
f 100 99 98
f 101 104 103
f 106 105 34
f 108 116 115
f 117 119 36
f 124 127 126
f 131 130 129
f 132 102 134
f 142 141 140
f 148 106 60
f 144 143 127
f 149 152 151
f 156 155 154
f 159 150 158
f 116 108 164
f 171 170 169
f 174 126 173
f 179 182 181
f 186 189 188
f 194 197 196
f 199 142 139
f 206 209 208
f 213 212 211
f 202 215 214
f 96 93 216
f 92 238 43
f 97 184 246
f 250 249 229
f 252 254 58
f 258 257 256
f 260 91 229
f 110 111 112
f 114 264 263
f 265 268 267
f 56 53 270
f 274 273 249
f 185 183 63
f 280 279 278
f 285 284 283
f 288 219 211
f 141 142 92
f 289 290 175
f 148 116 105
f 312 311 170
f 238 262 42
f 318 163 160
f 310 309 308
f 241 239 325
f 160 230 240
f 47 48 307
f 108 109 315
f 345 85 86
f 348 351 350
f 356 359 358
f 355 354 353
f 363 31 32
f 364 252 253
f 366 125 368
f 183 372 371
f 163 162 161
f 209 226 101
f 378 377 165
f 379 295 381
f 383 382 3
f 284 285 386
f 387 127 389
f 391 259 229
f 73 281 397
f 405 408 407
f 203 218 411
f 414 121 413
f 1 356 357
f 277 276 131
f 254 344 57
f 358 384 415
f 417 416 386
f 401 400 192
f 419 389 127
f 421 181 182
f 103 301 302
f 428 367 368
f 380 390 359
f 62 204 266
f 140 141 431
f 357 358 351
f 356 1 379
f 415 392 403
f 437 428 436
f 438 441 440
f 188 451 450
f 265 455 181
f 224 185 64
f 237 212 213
f 275 131 128
f 281 282 460
f 50 462 79
f 73 74 282
f 468 467 466
f 390 355 352
f 482 485 484
f 489 488 487
f 493 496 495
f 472 471 470
f 502 501 500
f 220 221 222
f 512 419 143
f 518 517 511
f 513 239 230
f 205 30 31
f 189 370 451
f 163 318 532
f 533 224 225
f 446 448 447
f 335 541 540
f 544 512 546
f 329 519 291
f 199 534 262
f 385 386 416
f 532 190 191
f 363 117 118
f 578 581 580
f 573 572 571
f 561 563 562
f 241 260 259
f 590 593 592
f 545 546 595
f 503 154 155
f 606 625 624
f 478 481 480
f 646 649 648
f 590 591 689
f 564 565 651
f 728 246 184
f 714 724 716
f 692 574 575
f 541 335 581
f 346 68 248
f 161 231 230
f 128 129 94
f 698 705 704
f 574 577 576
f 290 289 401
f 630 631 725
f 733 736 735
f 755 466 496
f 759 480 481
f 757 763 762
f 764 496 466
f 768 767 3808
f 759 760 488
f 492 474 475
f 474 770 769
f 773 468 465
f 771 774 486
f 484 485 775
f 774 776 489
f 495 496 764
f 495 757 761
f 137 397 784
f 325 239 797
f 165 519 51
f 369 32 29
f 730 731 568
f 90 302 301
f 243 118 516
f 800 734 806
f 817 815 808
f 816 808 823
f 306 303 447
f 815 810 809
f 829 830 828
f 726 725 501
f 274 427 424
f 879 882 881
f 884 883 879
f 219 218 217
f 906 905 904
f 455 204 205
f 898 882 830
f 903 900 880
f 377 291 519
f 923 949 948
f 946 947 951
f 3519 740 739
f 900 899 886
f 225 64 65
f 182 445 442
f 809 952 947
f 954 960 962
f 927 950 965
f 885 879 880
f 925 927 966
f 343 342 341
f 965 964 971
f 968 971 970
f 972 968 969
f 963 961 981
f 336 337 338
f 992 993 827
f 810 815 996
f 1007 1001 1002
f 1012 826 827
f 1011 1009 1007
f 294 293 292
f 907 908 920
f 1017 579 1019
f 1020 1023 1022
f 1035 1024 1020
f 1061 1060 1047
f 1063 1061 1046
f 1044 1020 1021
f 1102 1094 1097
f 1116 1126 1118
f 1016 1015 1014
f 881 897 904
f 816 1116 1127
f 1094 948 949
f 514 342 167
f 146 145 81
f 1133 1135 1130
f 1102 1133 1126
f 822 1126 1116
f 1145 1143 1148
f 1076 1144 1151
f 1148 1143 1086
f 1109 1097 1114
f 1154 1153 1156
f 1153 925 967
f 3464 3497 463
f 1144 1147 1152
f 1156 967 1163
f 1164 1162 1169
f 1145 1171 1176
f 1114 1115 1154
f 1183 1155 1164
f 1184 1183 1177
f 1069 1151 1062
f 1023 1191 1194
f 1162 1163 1170
f 1195 1184 1185
f 1183 1196 1176
f 1201 1063 1152
f 1061 1063 1201
f 3825 847 843
f 1203 1202 1195
f 1202 1201 1184
f 1218 1060 1203
f 1060 1061 1202
f 1225 1218 1217
f 671 695 694
f 1219 1217 1024
f 1217 1203 1034
f 1226 1014 1015
f 1243 1242 1234
f 1231 1230 1229
f 847 1243 1233
f 843 1233 1244
f 1233 1234 1245
f 1923 3761 233
f 2100 2108 499
f 3914 3864 2135
f 61 62 323
f 210 211 217
f 1299 1310 1309
f 3863 1230 1231
f 1066 1047 1321
f 1322 1321 1228
f 1060 1218 1321
f 1325 1324 1323
f 1244 1245 1332
f 1290 1234 1242
f 1337 1330 1339
f 1330 1332 1340
f 1341 1332 1245
f 1342 1340 1332
f 1343 1342 1341
f 1344 1341 1294
f 3857 3856 1345
f 1347 1348 1342
f 3856 3854 1295
f 1349 1350 1348
f 3861 1349 1347
f 3853 1347 1343
f 906 898 829
f 905 906 1353
f 865 1356 1355
f 1355 1353 829
f 1357 1355 825
f 1356 1354 1353
f 3834 1337 1338
f 866 1358 1356
f 1358 1359 1354
f 3828 878 1337
f 838 1362 1012
f 1363 1364 1338
f 1368 1363 1339
f 1348 1368 1340
f 1371 1369 3824
f 524 525 526
f 528 529 530
f 1372 1370 1369
f 535 536 537
f 1367 1368 1348
f 1370 1354 1359
f 1369 1359 3833
f 1373 910 903
f 555 556 557
f 1374 909 910
f 1373 904 905
f 1374 1373 1375
f 1375 905 1354
f 1378 920 908
f 376 373 651
f 1388 928 973
f 586 587 588
f 1390 1389 1388
f 1391 1388 969
f 597 598 599
f 600 601 602
f 1392 1391 970
f 608 609 610
f 612 524 523
f 614 615 616
f 617 618 25
f 620 621 622
f 1397 1390 1391
f 1398 1397 1392
f 1400 987 920
f 1402 1403 1165
f 636 637 638
f 930 1404 1402
f 641 642 643
f 929 1402 1169
f 1404 1405 1403
f 1411 1366 1365
f 1412 1406 1415
f 652 653 654
f 609 656 657
f 659 660 661
f 558 663 586
f 665 666 667
f 1413 1411 1406
f 1418 1416 3810
f 1417 1372 1371
f 1416 1371 3829
f 1419 1417 1416
f 1386 909 1374
f 677 678 679
f 1385 1386 1420
f 1420 1374 1376
f 685 686 687
f 1421 1420 1422
f 528 690 691
f 1422 1376 1372
f 1018 1019 747
f 699 700 701
f 1424 578 579
f 3663 1597 1767
f 700 699 711
f 1093 3746 3754
f 717 718 530
f 721 722 723
f 704 1650 3543
f 19 1429 1426
f 1429 1428 1427
f 1658 1659 3542
f 1439 1437 1434
f 1437 1436 1435
f 1426 1427 1433
f 1442 1431 1432
f 742 743 744
f 1432 1433 1441
f 751 752 753
f 1438 1434 1403
f 1446 1445 1444
f 1447 1448 1446
f 3860 1447 1443
f 1415 1367 1445
f 1414 1415 1446
f 2173 1683 469
f 777 778 779
f 780 781 782
f 1676 1693 1806
f 3859 1451 1349
f 789 790 791
f 745 792 793
f 652 794 795
f 1455 1458 1457
f 1454 1367 1350
f 610 691 802
f 3831 3816 698
f 1352 1044 1045
f 1015 1016 1459
f 811 812 813
f 2118 3815 3817
f 819 820 821
f 1466 1463 1194
f 1467 1468 1465
f 1182 1165 1468
f 832 812 833
f 835 836 837
f 1467 1466 1190
f 1469 1470 1444
f 840 700 712
f 1453 1470 1469
f 599 844 845
f 1226 1450 3849
f 851 852 853
f 855 744 856
f 858 859 860
f 861 862 863
f 1014 1226 3855
f 867 676 868
f 870 871 872
f 874 875 876
f 1310 1323 1471
f 1476 1433 1427
f 1461 1476 1475
f 887 888 889
f 788 791 892
f 894 895 896
f 1460 1475 1227
f 901 902 524
f 1465 1478 1477
f 1865 3503 3500
f 911 912 913
f 916 917 918
f 1850 3505 3507
f 921 922 895
f 1479 1435 1436
f 926 664 667
f 1481 562 563
f 269 1483 84
f 931 932 933
f 934 935 614
f 936 685 688
f 938 659 662
f 1484 270 122
f 941 942 835
f 320 321 509
f 1849 3510 3505
f 84 1483 1484
f 1487 1490 1488
f 1757 1758 3502
f 365 1492 1491
f 461 79 80
f 117 363 362
f 1494 540 541
f 926 601 957
f 1477 1441 1433
f 1709 1588 1585
f 119 117 1496
f 271 1497 504
f 511 517 189
f 345 1496 1492
f 57 344 299
f 1501 1499 268
f 267 268 1499
f 974 975 976
f 1678 1652 1693
f 3846 1682 1807
f 557 982 663
f 983 941 984
f 1443 1444 3849
f 421 1500 268
f 989 990 991
f 1490 1487 418
f 279 280 309
f 997 868 676
f 998 26 999
f 1504 418 38
f 1506 1508 1507
f 360 361 1508
f 1506 1486 207
f 939 1005 1006
f 270 1484 1483
f 66 63 546
f 1010 742 793
f 367 428 437
f 244 31 363
f 1670 3532 3534
f 209 206 1510
f 388 389 426
f 427 274 250
f 161 520 521
f 100 246 45
f 1025 1026 608
f 1029 1030 1031
f 939 662 1033
f 41 42 594
f 1036 780 783
f 702 701 1038
f 1040 1041 1042
f 362 32 369
f 187 1520 477
f 70 1487 539
f 1049 600 603
f 613 867 869
f 860 1050 1051
f 1005 1052 1053
f 753 1055 1056
f 1057 1058 1059
f 293 288 1522
f 288 212 1521
f 292 1522 1523
f 331 1507 1508
f 306 452 453
f 100 44 41
f 462 1524 78
f 330 331 1524
f 635 1067 1068
f 1485 1527 1526
f 206 1485 1528
f 1070 1071 1072
f 942 941 1073
f 916 933 1075
f 440 1529 1530
f 157 158 1514
f 1529 162 5
f 371 595 546
f 790 586 663
f 1077 858 857
f 1403 1434 1435
f 1080 1081 1082
f 531 520 1529
f 21 1083 1084
f 272 1532 1531
f 690 712 802
f 335 3571 3567
f 1090 1030 1029
f 1092 795 794
f 1533 396 137
f 661 660 1095
f 69 444 445
f 1099 1100 1101
f 38 39 1536
f 1104 1105 1106
f 852 1107 1108
f 1377 908 909
f 291 377 411
f 316 1536 516
f 539 1488 1533
f 1505 1536 316
f 1110 1111 1112
f 1539 1537 460
f 522 441 1537
f 834 837 1120
f 1122 1123 1124
f 612 1125 1041
f 935 793 615
f 276 278 130
f 1686 3549 3522
f 193 190 1541
f 231 521 1540
f 556 1037 982
f 365 253 85
f 190 532 318
f 1810 765 3574
f 3924 1867 3512
f 1132 983 985
f 208 101 102
f 1134 1033 662
f 1491 518 80
f 429 133 1542
f 1137 1138 915
f 172 436 428
f 1139 1140 1141
f 549 96 54
f 1517 1519 1518
f 834 1119 984
f 1543 513 286
f 1544 797 239
f 133 134 1544
f 506 361 257
f 420 327 328
f 1158 1159 1160
f 587 1104 1103
f 607 1161 1027
f 304 1546 1545
f 364 1491 77
f 69 70 198
f 700 840 1112
f 3877 626 3525
f 1166 719 657
f 1167 1168 858
f 1300 3523 3524
f 1172 1173 1174
f 218 203 200
f 1179 1180 1181
f 372 183 97
f 89 104 227
f 1186 1187 1188
f 172 173 1517
f 1482 84 81
f 1090 1192 1193
f 394 395 353
f 526 525 1198
f 1199 1200 1026
f 606 623 697
f 1204 1205 1206
f 1207 1208 523
f 1209 1210 867
f 914 913 685
f 1478 1436 1441
f 1029 1028 1161
f 1211 1212 1213
f 3858 1453 1451
f 844 1215 1216
f 423 193 273
f 1220 1221 1222
f 22 1223 1224
f 882 898 897
f 1519 1517 173
f 1189 1188 1232
f 349 350 550
f 1071 1235 1236
f 1237 1238 1239
f 1221 1186 1189
f 1510 1528 1512
f 939 1032 1241
f 1556 1530 5
f 1553 1554 394
f 404 1556 67
f 1247 1248 1249
f 142 199 238
f 1251 1067 635
f 850 1252 1253
f 1254 1167 1077
f 57 132 133
f 443 430 552
f 1187 1172 1175
f 1256 1070 831
f 432 405 382
f 741 748 747
f 434 350 351
f 349 432 383
f 251 124 1481
f 395 384 352
f 1518 1519 1550
f 1558 410 378
f 109 263 314
f 285 1514 1513
f 395 394 393
f 202 203 410
f 417 408 405
f 1246 1257 1258
f 3 1559 297
f 1259 1260 1261
f 403 404 347
f 955 954 953
f 462 50 51
f 1096 1095 687
f 429 147 60
f 896 1264 1265
f 1267 721 1268
f 423 424 327
f 37 179 180
f 20 23 1187
f 1256 1168 1071
f 1188 1175 1269
f 1236 1270 1271
f 1272 536 535
f 565 564 463
f 1273 792 745
f 876 1254 1255
f 316 33 164
f 437 1516 503
f 194 1494 1495
f 1275 1276 864
f 624 625 631
f 1277 1274 1137
f 569 568 567
f 1481 124 125
f 324 325 547
f 1279 1108 1107
f 1525 332 329
f 1281 1278 1137
f 171 168 1553
f 1488 73 396
f 1557 1561 1562
f 1282 856 1206
f 1053 1277 1278
f 778 777 607
f 713 583 3566
f 251 225 144
f 4 357 348
f 709 708 707
f 728 48 45
f 261 135 1563
f 789 1286 1287
f 74 314 263
f 403 284 385
f 1178 1181 1240
f 1223 1259 1289
f 1220 20 1186
f 296 1518 354
f 784 459 1538
f 1181 1180 1291
f 1269 1292 1257
f 1566 1538 438
f 136 784 1566
f 1563 1564 169
f 107 114 109
f 1297 1282 1298
f 1464 1477 1476
f 1520 187 507
f 1301 1302 1303
f 1306 1307 1308
f 175 456 1532
f 1532 456 200
f 1311 1266 1312
f 872 1314 1315
f 3836 843 878
f 1305 1308 864
f 1040 1275 863
f 1564 1566 399
f 592 1576 1575
f 591 1575 1088
f 1581 1584 1583
f 1196 1152 1147
f 710 582 583
f 285 407 408
f 953 954 961
f 1594 1592 1589
f 1585 1588 1587
f 1592 1591 1590
f 3885 945 944
f 1600 1599 1598
f 1604 1603 1602
f 1399 1392 979
f 1589 1590 1596
f 1610 1609 1608
f 298 257 361
f 551 552 276
f 1627 1626 3814
f 859 811 818
f 1078 857 1328
f 1555 439 1530
f 572 573 680
f 772 465 776
f 977 1281 918
f 404 403 392
f 1054 1331 750
f 1644 1645 1643
f 932 1265 1082
f 1067 1333 1334
f 1540 1539 264
f 597 1335 643
f 471 761 762
f 1642 696 3831
f 1644 1642 3842
f 923 946 950
f 96 549 548
f 520 531 522
f 445 444 443
f 849 839 848
f 480 759 755
f 1646 760 481
f 311 426 1567
f 464 463 3497
f 3497 1360 1361
f 234 237 236
f 190 193 192
f 153 154 152
f 231 287 286
f 1552 1553 1551
f 760 1646 1648
f 3832 1647 1649
f 828 827 826
f 52 167 166
f 1663 1662 1661
f 287 107 115
f 668 671 670
f 634 645 640
f 553 560 559
f 118 36 33
f 492 484 491
f 3552 1652 1651
f 582 589 584
f 384 395 392
f 1381 1382 1383
f 1562 1561 435
f 952 953 951
f 3529 3566 583
f 1660 1661 1667
f 1394 1395 1396
f 1660 1665 1664
f 1671 1670 1669
f 1624 1625 1673
f 1407 1408 1409
f 1677 1676 1675
f 1613 1679 1677
f 1679 1678 1676
f 1626 1681 3811
f 534 199 198
f 803 733 734
f 400 248 191
f 65 66 143
f 3526 1657 1656
f 402 159 157
f 629 628 627
f 461 477 49
f 758 757 495
f 796 787 786
f 406 407 1513
f 342 343 166
f 1694 1659 1658
f 1692 1687 1694
f 3557 1693 1652
f 3921 1704 1703
f 326 547 302
f 3916 3921 1702
f 3919 3918 1698
f 1699 1691 3927
f 1557 406 1560
f 1127 1116 1117
f 400 401 289
f 1706 1702 1707
f 1707 1702 1599
f 1709 1706 1708
f 1714 1712 1711
f 3919 3915 1709
f 1704 1711 1577
f 1716 1714 1713
f 1559 1562 1549
f 1722 1721 1720
f 1335 597 596
f 410 411 377
f 973 1170 1163
f 168 169 399
f 1571 682 1089
f 1572 681 682
f 749 646 647
f 1730 1724 1723
f 1594 1582 1729
f 1729 1723 1591
f 1384 1378 1377
f 1732 1731 1712
f 1724 1730 1731
f 1722 1724 1732
f 1721 1722 1733
f 1734 1733 1716
f 1735 1737 1736
f 1733 1732 1714
f 1663 1664 1741
f 1742 1665 1740
f 1738 1739 1737
f 1665 1660 1666
f 1665 1742 1744
f 1725 1726 1746
f 1591 1725 1745
f 1590 1745 1747
f 1745 1746 1748
f 1659 1688 3538
f 3287 1760 3545
f 1185 1177 1182
f 1664 1744 1749
f 1741 1749 1739
f 1746 1742 1743
f 1726 1744 1742
f 1115 924 1153
f 1654 3546 3575
f 1896 3562 3549
f 1720 1749 1744
f 1721 1739 1749
f 1750 1718 1701
f 1697 1736 1750
f 1151 1152 1063
f 1751 1752 1670
f 1695 1658 1752
f 961 962 986
f 1770 1769 1768
f 1766 1594 1593
f 1731 1759 1579
f 1579 1777 1774
f 3928 1772 1771
f 1764 1772 3928
f 1777 1776 1775
f 3762 3763 1699
f 1004 1127 1128
f 1774 1775 1771
f 987 1400 1399
f 1578 1774 1772
f 1783 1782 1781
f 1597 1598 1770
f 639 1878 3895
f 3928 3929 1769
f 1793 1792 1789
f 3929 3920 1798
f 3508 3516 3773
f 1802 1867 3924
f 1788 1790 1794
f 1793 1794 1795
f 3773 3772 1675
f 1584 1581 1783
f 1771 1797 3920
f 1801 1799 1798
f 1768 1769 1798
f 1775 1796 1797
f 508 514 515
f 1796 1803 1802
f 1800 1798 3920
f 1794 1805 1804
f 3532 1670 1752
f 485 1808 1807
f 3809 3844 1640
f 3837 3844 1810
f 485 482 1640
f 1690 1691 3770
f 487 488 1648
f 3839 1813 1816
f 3838 1811 1648
f 3839 1812 1811
f 1812 1809 487
f 1641 1809 767
f 465 466 755
f 767 1815 3823
f 3822 1816 3826
f 1809 1812 1815
f 3837 1653 1651
f 675 672 3541
f 1814 1649 1822
f 1821 1822 3821
f 1824 1822 1649
f 1827 1849 1850
f 1668 1669 1662
f 1779 1780 1848
f 1790 1827 1805
f 1833 1836 1853
f 3521 3506 693
f 1614 1615 1616
f 1852 1853 3498
f 1620 1621 1622
f 1855 1765 1574
f 1847 1852 3501
f 1766 1765 1855
f 1629 1630 1631
f 1633 1622 1634
f 1635 1636 1637
f 1848 1833 1852
f 1855 1861 1863
f 1803 1866 1867
f 1862 1863 1831
f 1782 1855 1862
f 3922 3924 1865
f 1873 1872 1870
f 1874 1869 799
f 2045 3878 3897
f 1219 1345 1295
f 1615 1614 1396
f 3884 3895 1877
f 645 3898 3786
f 1345 1219 1035
f 634 639 3884
f 15 1887 1327
f 3910 3895 1878
f 1894 604 605
f 3506 3551 627
f 3560 640 645
f 340 341 454
f 1897 194 195
f 1889 1882 1877
f 1901 94 129
f 196 749 754
f 1705 1704 3921
f 340 378 166
f 1570 1480 563
f 1904 1494 194
f 1781 1862 1832
f 1905 549 55
f 1000 994 995
f 986 919 920
f 1191 1185 1190
f 2094 2077 2075
f 1920 1921 1919
f 453 454 1912
f 1915 1919 1918
f 3882 2112 2106
f 1655 3575 3531
f 1916 1918 1926
f 704 3554 3561
f 278 1916 1925
f 3565 3564 1818
f 1097 949 1115
f 1927 1928 727
f 3578 3579 3654
f 1920 310 307
f 1929 307 48
f 503 504 1497
f 1902 1903 787
f 1816 1821 3820
f 1925 1926 1923
f 1535 1569 1568
f 254 252 258
f 1509 1497 366
f 119 86 35
f 219 288 293
f 141 46 47
f 542 205 244
f 1940 552 430
f 1779 1828 1827
f 1701 1710 3915
f 1661 3550 3515
f 270 53 754
f 197 1947 749
f 1727 1728 1212
f 53 54 232
f 1465 1468 1479
f 1284 3862 3854
f 1951 446 412
f 168 398 1554
f 1486 1485 206
f 506 77 78
f 994 1001 1007
f 951 953 963
f 1013 3859 3861
f 3826 3820 1820
f 1498 1909 1954
f 299 298 543
f 1754 1755 1756
f 1681 469 1683
f 1696 1694 1695
f 13 14 738
f 473 476 475
f 482 1641 768
f 204 62 30
f 1761 1762 820
f 611 1763 1125
f 1501 1503 1908
f 1074 1073 711
f 1960 1944 82
f 120 1956 1960
f 35 86 87
f 1773 1199 1025
f 1965 1545 1569
f 494 761 471
f 1966 1967 1969
f 446 1951 1971
f 174 368 125
f 1580 1579 1578
f 1785 1786 1787
f 1972 1546 304
f 1254 876 875
f 1973 341 342
f 321 1912 1973
f 1910 277 275
f 509 1973 514
f 1486 1507 1527
f 1974 1874 804
f 1977 1976 1974
f 1980 448 1966
f 379 1 2
f 1718 1715 1710
f 884 995 992
f 1680 1684 1678
f 902 990 525
f 344 255 256
f 135 138 137
f 448 446 1967
f 589 605 604
f 910 909 908
f 1981 1966 1968
f 1982 1981 1987
f 1988 1979 1987
f 1990 1988 1989
f 1991 1989 1993
f 322 321 320
f 992 828 830
f 1144 1076 1086
f 1995 1977 1978
f 1133 1129 1118
f 1997 1995 1994
f 870 1823 1335
f 805 806 1982
f 727 184 2000
f 1996 1994 1988
f 1994 1978 1979
f 1829 616 792
f 1830 1073 941
f 798 803 800
f 729 732 731
f 2011 2012 2023
f 1834 1835 846
f 402 283 284
f 2022 2023 2024
f 1838 718 989
f 810 955 952
f 1823 1839 1840
f 1430 1426 1432
f 1215 844 1841
f 1316 1208 873
f 2112 1401 1384
f 1842 1843 1844
f 1159 846 845
f 837 27 1846
f 1971 1951 2030
f 517 369 370
f 1471 2026 2027
f 3551 3525 626
f 2174 2175 770
f 935 934 1854
f 1613 1619 1611
f 1231 1228 1225
f 1856 1857 891
f 1300 1309 748
f 1150 1149 1858
f 1643 606 696
f 1215 1265 1264
f 1320 1860 902
f 1956 1943 1944
f 2031 668 669
f 2034 1325 1310
f 1879 1880 1656
f 40 245 242
f 1992 1993 2039
f 888 958 957
f 1882 1889 1996
f 1078 1138 1255
f 1871 912 1192
f 294 411 218
f 1323 2041 2026
f 123 1960 83
f 1324 2036 2041
f 384 358 359
f 1324 1325 2038
f 1883 1884 1885
f 287 1540 114
f 1096 1886 1134
f 915 1329 931
f 806 1980 1981
f 3533 3529 584
f 1425 2030 2042
f 1018 2042 1948
f 3562 1896 740
f 1948 2042 649
f 1881 1882 1990
f 1900 129 130
f 992 995 994
f 923 927 925
f 3878 2045 2047
f 1643 2048 625
f 2050 2052 2051
f 2045 1405 1404
f 3876 2047 945
f 1139 1080 1079
f 1037 1856 892
f 2055 2053 2057
f 1198 989 718
f 1619 2058 1612
f 2058 1605 1606
f 2059 2060 1607
f 2058 1619 1624
f 71 72 179
f 405 406 1557
f 322 1548 1972
f 2061 2052 2063
f 2066 2065 2067
f 2052 2061 2064
f 1609 1610 2066
f 1515 151 152
f 1009 827 993
f 1644 3843 3815
f 279 1915 1916
f 1285 3863 3862
f 1647 2066 1825
f 2056 2057 2067
f 319 320 1953
f 667 666 1913
f 2070 631 625
f 2052 2050 2055
f 2038 1654 1655
f 1606 1601 2073
f 1235 1917 1270
f 2072 2073 2075
f 2059 1606 2072
f 2074 2075 2077
f 1601 1602 2078
f 2049 2048 1643
f 1000 1004 1001
f 1089 943 684
f 1931 1286 1306
f 1462 1459 1021
f 1932 1933 1934
f 875 874 1846
f 1936 1051 1937
f 44 45 46
f 1534 1955 1956
f 1541 318 317
f 2081 2082 2084
f 146 1945 1959
f 1360 1941 1942
f 985 984 1032
f 1995 1997 1892
f 2079 2080 2082
f 2095 2096 2076
f 2081 2093 2078
f 2055 2050 2054
f 501 2096 2095
f 2097 2100 2099
f 2098 2099 2094
f 2140 2141 3893
f 2141 2046 3894
f 2051 2070 2048
f 592 2102 2101
f 2071 2064 2076
f 2102 2097 2098
f 593 2103 2102
f 1019 1895 746
f 1950 11 12
f 725 2071 2096
f 1385 2105 2104
f 1379 2104 2106
f 2107 2108 2100
f 3908 726 502
f 3896 502 499
f 940 1389 2109
f 928 929 1170
f 3868 590 684
f 1962 1963 1964
f 3878 680 573
f 2039 1993 1968
f 1389 1390 2110
f 1398 2111 2113
f 3757 3755 3753
f 3911 3883 2107
f 949 923 924
f 260 241 324
f 1390 1397 2113
f 2070 2051 2064
f 3867 3911 2103
f 2105 1385 1421
f 2114 1421 1423
f 3892 2114 2115
f 3908 2105 2114
f 554 2116 1902
f 972 1163 967
f 1765 1593 1573
f 1984 1985 1986
f 2053 2117 2069
f 3573 3556 724
f 1625 1677 1674
f 3881 3888 2119
f 3903 2115 2123
f 56 1954 1906
f 626 3877 3879
f 2001 2002 2003
f 3912 3841 2127
f 2006 2007 2008
f 2127 1413 1412
f 2014 2015 2016
f 2018 2019 2020
f 1495 1424 1947
f 1379 1377 1386
f 3814 3811 1680
f 2029 1885 1884
f 3902 2128 2120
f 629 3879 3914
f 682 683 943
f 724 1650 2121
f 1757 1819 3821
f 765 1810 3844
f 3851 714 715
f 706 707 3870
f 981 986 987
f 1457 1868 1656
f 2017 2016 2032
f 1458 1655 1868
f 1776 1777 1792
f 1959 1945 1946
f 3663 3715 3725
f 3913 3881 2122
f 1093 1089 689
f 966 965 968
f 3852 715 3881
f 2172 3577 2170
f 670 2138 2137
f 3761 787 1903
f 1429 19 28
f 964 963 978
f 3841 3813 1413
f 1473 1474 669
f 3834 3833 1359
f 2138 798 1870
f 1872 1473 2137
f 715 716 3888
f 1881 1991 1992
f 3843 3842 739
f 1837 1847 3513
f 253 58 59
f 1808 3837 3840
f 1647 3832 3818
f 3865 3866 671
f 2112 3882 3883
f 1405 2045 2044
f 3829 3824 1364
f 273 1541 391
f 576 632 3520
f 3875 3865 668
f 1430 1431 2140
f 2136 3850 3860
f 1430 2139 18
f 3893 3894 570
f 1442 1439 2046
f 1431 1442 2141
f 3869 3913 3850
f 3808 3823 1817
f 3866 3893 695
f 2142 2025 798
f 571 2143 2142
f 3819 3814 1618
f 2143 2022 2025
f 694 2142 2138
f 681 1572 2144
f 2144 2011 2022
f 328 210 457
f 1572 2010 2011
f 630 3892 3903
f 2085 2086 2087
f 2090 2091 2092
f 572 2144 2143
f 1875 1976 2153
f 1873 1875 2149
f 2103 2107 2097
f 2157 2043 2155
f 2128 1412 1414
f 3874 3871 589
f 3872 3870 628
f 2149 2153 2158
f 2159 2158 3905
f 698 3907 3902
f 3823 3847 3827
f 2158 2156 3874
f 1438 2044 2046
f 2035 2154 2160
f 2161 2160 3889
f 3871 3891 605
f 3873 17 18
f 370 29 61
f 649 1951 413
f 2153 2157 2156
f 1428 1429 1449
f 1490 76 73
f 3890 3905 710
f 2155 1891 3891
f 1456 1457 1880
f 2125 2088 2087
f 2160 2159 3890
f 300 1959 505
f 1064 1062 1046
f 2043 1892 1891
f 2129 2130 2004
f 2131 2132 2133
f 3848 3849 1450
f 1998 1975 804
f 3879 673 3864
f 474 492 490
f 1164 1165 1182
f 707 2162 3909
f 708 1472 2162
f 2162 2161 3886
f 548 549 1905
f 1145 1136 1114
f 705 2121 1650
f 2043 2157 1977
f 737 738 554
f 1034 1195 1191
f 458 1905 1907
f 195 196 232
f 2040 2039 1969
f 2145 2146 2147
f 2054 2050 2049
f 3832 1646 1639
f 9 12 11
f 252 364 506
f 472 478 479
f 1865 3924 3791
f 900 903 910
f 1941 2150 2151
f 1921 1928 1927
f 2163 1897 1898
f 271 156 153
f 1904 1326 12
f 282 263 264
f 1872 1873 2154
f 1326 1904 1897
f 628 692 693
f 1724 1722 1719
f 1549 1562 436
f 1582 1583 1730
f 1921 1920 1929
f 3563 3511 10
f 2152 2037 1950
f 475 772 774
f 769 2172 2171
f 2171 2165 476
f 476 773 772
f 1791 565 464
f 2166 2167 2168
f 595 371 372
f 483 1809 1641
f 762 2174 2173
f 771 483 484
f 486 487 1809
f 297 1549 1517
f 763 2175 2174
f 776 755 759
f 184 185 2176
f 412 447 303
f 2005 2176 185
f 3811 1681 1682
f 2164 2170 756
f 1472 2035 2161
f 950 951 964
f 2177 2178 2179
f 227 226 1510
f 2182 2183 2184
f 2186 2019 2018
f 1985 2182 2181
f 214 736 729
f 865 849 842
f 849 865 1357
f 559 3187 3188
f 16 13 737
f 560 553 498
f 3193 3196 3195
f 3200 3197 3198
f 3211 3214 3213
f 3215 3218 3217
f 2187 2188 2002
f 2169 2168 2189
f 2192 2086 2085
f 2193 2194 2195
f 2198 2199 2200
f 1998 1982 1979
f 3664 3665 3668
f 2116 1898 1903
f 1859 2006 2009
f 3904 2123 2126
f 1135 1148 1087
f 2201 2202 2015
f 1149 111 110
f 3221 3222 3218
f 2203 2204 2205
f 579 580 1895
f 1755 2207 2208
f 3891 3910 1893
f 1211 2151 2150
f 868 997 2210
f 944 945 930
f 2130 2129 2202
f 233 1903 1898
f 665 751 750
f 1167 1254 999
f 2211 2212 2213
f 2215 2216 2217
f 3867 593 590
f 2220 221 220
f 823 824 948
f 3225 3220 3227
f 266 204 455
f 3882 2108 2107
f 2221 2222 3519
f 2223 2224 2225
f 2207 2125 2124
f 673 674 3869
f 817 1000 996
f 2227 2228 2146
f 1947 1948 646
f 3900 2135 17
f 2229 1635 1638
f 1679 1613 1618
f 1637 2231 2232
f 2233 2234 1617
f 2231 2235 2236
f 1381 1638 2238
f 3586 2241 2242
f 1630 2234 2233
f 1681 1626 472
f 1408 1407 2243
f 3236 3239 3238
f 3232 3241 3240
f 1637 2230 2238
f 3237 3238 3233
f 1409 1408 1634
f 1380 1383 2247
f 1628 2248 2245
f 2249 1623 1622
f 1632 1634 1408
f 2248 1628 1631
f 2235 2231 1637
f 3245 3246 3199
f 631 2070 2071
f 515 167 52
f 782 781 2251
f 2253 2254 2255
f 397 281 459
f 1456 2039 2040
f 2040 2041 2036
f 1401 2112 2111
f 2041 2040 1970
f 1535 121 414
f 1586 1587 2080
f 2256 983 1132
f 1700 1699 3918
f 3815 1896 1686
f 1263 2256 1886
f 598 1841 844
f 2257 2258 2259
f 2258 2261 2262
f 2259 2262 2263
f 2260 2259 2216
f 1967 1971 1970
f 2212 1964 1963
f 922 921 2218
f 1312 1098 1101
f 1307 1306 1286
f 1548 1569 1546
f 2266 2267 2268
f 2265 2268 2270
f 2272 2265 2269
f 2273 2266 2265
f 2275 2276 2277
f 2278 2274 2277
f 2284 2285 3617
f 2287 2283 2286
f 2288 2289 2283
f 2290 2284 3639
f 2291 2292 2293
f 2295 2291 2294
f 2296 2297 2291
f 2297 2298 2292
f 2294 2293 2299
f 2279 2294 2300
f 2298 2301 2302
f 2292 2302 2303
f 2293 2303 2304
f 2304 2305 2306
f 2308 2309 2310
f 2302 2307 2310
f 2301 2311 2307
f 2312 2308 2307
f 2313 2314 2315
f 2318 2319 2320
f 3748 3771 2322
f 2324 2325 2273
f 2313 2324 2326
f 2328 2324 2313
f 2329 2325 2324
f 2331 2332 2333
f 2330 2333 2267
f 2325 2330 2266
f 2329 2331 2330
f 2333 2334 2335
f 2336 2334 2333
f 2338 2336 2332
f 2331 2339 2337
f 2329 2340 2339
f 2328 2341 2340
f 2316 2342 2341
f 2342 2316 2315
f 2344 2345 2346
f 2341 2344 2347
f 2342 2348 2344
f 2348 2349 2345
f 2350 2351 2352
f 2339 2350 2353
f 2340 2347 2350
f 2347 2346 2351
f 2337 2353 2354
f 2353 2352 2355
f 2356 2277 2276
f 2356 2357 2358
f 2356 2359 2296
f 2279 2277 2356
f 2360 2361 2270
f 2267 2335 2360
f 2362 2363 2364
f 2362 2365 2361
f 2366 2362 2358
f 2366 2367 2363
f 2357 2276 2368
f 2366 2368 2369
f 2276 2275 2370
f 2368 2370 2282
f 2372 2373 2374
f 2375 2376 2377
f 2378 2379 2380
f 2382 2378 2381
f 2384 2385 2378
f 2385 2386 2379
f 2388 2389 2390
f 2387 2390 2392
f 2393 2394 2387
f 2394 2395 2388
f 2186 2401 2402
f 2403 2404 2327
f 2272 2403 2326
f 2271 2405 2403
f 2405 2406 2404
f 2404 2407 2408
f 2409 2410 2411
f 2409 2412 2271
f 2413 2409 2269
f 2413 2414 2410
f 2417 2415 2416
f 2417 2418 2406
f 2412 2417 2405
f 2411 2415 2417
f 2406 2419 2407
f 3569 3520 632
f 2420 2398 2397
f 2420 2421 2423
f 2424 2420 2422
f 2424 2399 2398
f 2425 2391 2392
f 2421 2425 2426
f 2397 2396 2425
f 2396 2393 2391
f 2427 2314 2408
f 2430 2427 2428
f 2343 2315 2427
f 2432 2343 2430
f 2431 2430 2429
f 2435 2431 2433
f 2436 2432 2431
f 2428 2408 2407
f 2422 2437 2407
f 2438 2437 2422
f 2429 2428 2437
f 2440 2434 2433
f 2441 2439 2433
f 2442 2443 2439
f 2443 2444 2440
f 2445 2446 2444
f 2447 2445 2443
f 2383 2381 2445
f 2381 2380 2446
f 2448 2438 2423
f 2449 2448 2426
f 2441 2448 2449
f 2441 2429 2438
f 2449 2392 2390
f 2450 2390 2389
f 2447 2450 2451
f 2442 2449 2450
f 2451 2389 2453
f 2452 2453 2455
f 2382 2452 2454
f 2383 2451 2452
f 2456 2457 2373
f 2459 2460 2461
f 2463 2464 2465
f 2462 2465 2285
f 2466 2462 2284
f 2467 2463 2462
f 2461 2460 3703
f 2468 2469 2470
f 2472 2468 2471
f 2474 2461 3701
f 2475 2476 2477
f 2458 2455 2453
f 2479 2453 2389
f 2395 2480 2479
f 2480 2459 2458
f 2481 2482 2483
f 2484 113 2485
f 2471 2470 2464
f 2473 2471 2463
f 2487 2467 2466
f 2486 2466 2290
f 2490 2486 2488
f 2491 2487 2486
f 2492 2473 2467
f 2493 2492 2487
f 2494 2495 2492
f 2495 2472 2473
f 3690 2496 2474
f 3691 2497 2496
f 2498 2494 2493
f 2500 2498 2499
f 3700 3687 2498
f 3687 3691 2494
f 2306 2504 2278
f 2305 2505 2504
f 2504 2505 2507
f 2506 2507 2288
f 2274 2506 2508
f 2278 2504 2506
f 3633 3632 2489
f 3620 3633 2488
f 2507 2509 2289
f 2505 2510 2509
f 2508 2288 2287
f 2511 2287 2281
f 2370 2511 2280
f 2275 2508 2511
f 2512 2490 2489
f 2514 2512 2513
f 2517 2512 2514
f 2517 2491 2490
f 2499 2493 2491
f 2499 2517 2516
f 2510 2505 2519
f 2518 2519 2521
f 3616 2518 2520
f 3632 2510 2518
f 2522 2304 2303
f 2523 2522 2310
f 2305 2304 2522
f 2524 2522 2523
f 2519 2524 2525
f 2505 2305 2524
f 2308 2312 2527
f 2526 2527 2529
f 2531 2526 2528
f 2309 2308 2526
f 1214 2532 2151
f 2419 2406 2418
f 2533 2345 2349
f 2534 2533 2317
f 2535 2536 2533
f 2536 2346 2345
f 2537 2351 2346
f 2538 2537 2536
f 2539 2540 2537
f 2540 2352 2351
f 2312 2355 2541
f 2527 2541 2542
f 2543 2435 2434
f 2545 2543 2544
f 2319 2318 2543
f 2318 2436 2435
f 2514 2515 2548
f 2547 2548 2550
f 2552 2547 2549
f 2552 2516 2514
f 2520 2521 2554
f 2553 2554 2556
f 3590 2553 2555
f 3621 2520 2553
f 2523 2309 2531
f 2557 2531 2530
f 2525 2523 2557
f 2559 2557 2558
f 2554 2559 2560
f 2521 2525 2559
f 2561 2375 2007
f 2376 2562 2225
f 2564 2565 2566
f 2563 2566 338
f 2569 2563 2567
f 2570 2564 2563
f 2572 2573 2574
f 2571 2574 2576
f 2544 2571 2575
f 2544 2434 2572
f 2578 2570 2569
f 2579 2577 2569
f 2574 2577 2579
f 2573 2578 2577
f 2581 2582 2583
f 2584 2580 2583
f 3697 3675 2580
f 3676 2581 2580
f 2582 2516 2552
f 2583 2552 2551
f 2500 2501 2589
f 2590 2588 2589
f 3693 3695 2588
f 3695 3700 2500
f 2501 2516 2591
f 2592 2593 2594
f 2386 2385 2503
f 2596 2379 2386
f 2596 2374 2373
f 2599 2596 2597
f 2599 2380 2379
f 2600 2446 2380
f 2600 2599 2598
f 2603 2600 2601
f 2603 2444 2446
f 2604 2603 2602
f 2440 2604 2605
f 2444 2603 2604
f 2606 2582 2581
f 2606 2607 2590
f 2591 2516 2582
f 3676 2587 2456
f 3689 2456 2372
f 2478 2477 2608
f 2609 2610 2611
f 2564 2570 2613
f 2612 2613 2598
f 2457 2612 2597
f 2565 2564 2612
f 2614 2613 2570
f 2615 2614 2578
f 2602 2601 2614
f 2601 2598 2613
f 2572 2434 2605
f 2616 2605 2602
f 2573 2572 2616
f 1459 1016 1045
f 1265 1215 1079
f 1612 1608 1609
f 2067 2057 2069
f 1135 1109 1136
f 1938 1937 2618
f 95 548 458
f 2058 1607 1608
f 1454 1469 1445
f 655 2620 1048
f 722 1049 2621
f 1131 985 1033
f 562 1481 366
f 1723 1719 1725
f 1786 1123 1122
f 267 300 323
f 1325 2034 1654
f 1468 1165 1435
f 658 657 529
f 8 532 247
f 382 1557 1559
f 788 619 1307
f 940 930 929
f 911 2622 2623
f 2621 2620 655
f 2624 1857 2625
f 998 1846 27
f 635 638 2626
f 2627 641 644
f 2628 2627 1840
f 1200 1199 2627
f 1199 1773 641
f 1520 515 49
f 1452 1350 1349
f 2630 2631 1859
f 644 643 1335
f 1197 1198 717
f 2632 717 719
f 2628 2632 1166
f 2629 1197 2632
f 1762 2633 1050
f 1823 870 873
f 2634 2635 794
f 1042 794 2635
f 93 94 1901
f 2036 2038 1458
f 1527 332 1525
f 877 876 1274
f 134 409 797
f 1328 893 931
f 607 777 1091
f 1043 2635 2637
f 2636 2637 2639
f 1275 2636 2638
f 1275 1040 1043
f 1272 2624 2626
f 2640 2626 638
f 1110 2641 2640
f 536 1272 2640
f 1472 708 1474
f 2042 2030 1951
f 1058 1106 1105
f 2642 2623 2643
f 1192 2642 2644
f 912 2623 2642
f 3898 1657 3526
f 1049 1048 2620
f 616 1829 1885
f 1331 1913 666
f 990 989 1198
f 1911 1912 321
f 1298 1282 1205
f 76 1490 1504
f 1502 1500 421
f 610 609 658
f 1146 937 659
f 2646 911 914
f 1280 1239 1238
f 1453 1454 1452
f 835 942 1843
f 1271 1270 1173
f 1893 1878 1826
f 1050 2633 1937
f 2651 2652 814
f 1006 1053 1281
f 2653 1084 2654
f 1001 1004 1003
f 585 997 679
f 2624 1272 621
f 555 678 2028
f 1207 526 1197
f 1626 1627 478
f 426 389 419
f 1030 1193 1773
f 3898 645 634
f 534 1533 138
f 1125 1092 1042
f 333 228 88
f 569 1570 561
f 1489 2656 871
f 1857 2624 620
f 1673 1674 3770
f 622 861 864
f 619 788 891
f 261 544 545
f 393 1555 1556
f 2658 2659 2647
f 1075 2658 2657
f 1081 1080 2658
f 1080 1139 2659
f 2644 2643 1141
f 2660 1141 1140
f 642 2660 1336
f 1193 2644 2660
f 679 678 555
f 1503 1501 1500
f 1318 1317 1101
f 2661 2659 1139
f 2661 1142 2663
f 2662 2647 2659
f 2662 2663 2622
f 2664 2622 911
f 2648 2664 2646
f 2648 2647 2662
f 2083 2094 2093
f 1442 1440 1437
f 519 329 330
f 1885 2029 1209
f 799 800 805
f 1946 1943 1952
f 1302 1301 1253
f 566 2005 224
f 1389 940 928
f 683 682 681
f 836 835 1842
f 2665 1842 1845
f 2666 2665 1303
f 24 836 2665
f 831 1072 2650
f 1845 1844 1304
f 2010 2013 2012
f 1051 1936 2667
f 1522 1521 1511
f 531 440 441
f 1250 635 2625
f 2669 2625 1857
f 783 2669 1856
f 782 1250 2669
f 720 2670 2671
f 1055 1931 1930
f 1333 1067 1251
f 619 622 1308
f 652 655 2619
f 521 522 1539
f 1838 988 537
f 2672 537 536
f 1113 2672 2641
f 1113 527 1838
f 1016 1013 1351
f 3897 573 570
f 226 227 104
f 3564 3669 3827
f 1036 1037 1884
f 2674 1301 1304
f 2673 1304 1844
f 1334 2673 2675
f 1333 2674 2673
f 2676 702 1039
f 1843 2676 2675
f 942 1074 2676
f 1074 699 702
f 752 1057 1055
f 1200 1166 656
f 1120 1846 874
f 2677 874 877
f 1241 2677 1052
f 1119 1120 2677
f 1560 1513 151
f 1208 1316 611
f 215 735 736
f 1460 1459 1462
f 1208 1207 1839
f 854 856 1282
f 72 445 182
f 544 1563 1565
f 217 200 456
f 2047 1404 930
f 1204 2618 1937
f 913 777 686
f 840 527 1113
f 1531 729 730
f 2678 778 1283
f 601 667 1914
f 1537 1538 459
f 1819 1757 3509
f 991 1860 862
f 2679 711 1073
f 2680 1830 983
f 779 2680 2256
f 778 2678 2680
f 2678 2679 1830
f 180 542 245
f 1886 1132 1131
f 1138 1137 1274
f 1841 598 1140
f 75 313 314
f 193 423 420
f 2681 2682 1099
f 170 1567 1565
f 349 416 417
f 1121 1124 2684
f 547 797 409
f 123 122 121
f 2643 2663 1142
f 1542 1544 513
f 899 900 907
f 1210 677 676
f 791 663 982
f 24 27 837
f 893 896 932
f 1860 1320 863
f 535 538 862
f 1569 1548 1547
f 181 455 542
f 660 659 937
f 2013 567 568
f 887 890 2631
f 1524 1508 361
f 520 161 162
f 2653 855 854
f 1238 1237 2655
f 718 1838 527
f 1492 1493 518
f 792 616 615
f 599 846 1835
f 290 457 456
f 312 171 1552
f 1248 2687 1179
f 153 149 177
f 1240 1181 1222
f 1257 1292 1235
f 1291 1084 1083
f 1052 877 1277
f 743 742 2618
f 444 140 430
f 23 1224 1172
f 2687 2654 1180
f 102 103 409
f 1283 607 610
f 373 497 650
f 1180 2654 1084
f 855 2653 2655
f 1173 1270 1917
f 2689 850 853
f 2688 853 1108
f 2686 2688 1279
f 2687 2689 2688
f 2691 1302 1252
f 2690 1252 850
f 1248 2690 2689
f 1248 1247 2691
f 2692 617 24
f 2691 2692 2666
f 1247 1258 2692
f 1258 1168 617
f 394 1554 1555
f 2693 1260 1259
f 1072 1236 1262
f 1257 1071 1168
f 398 439 1555
f 871 1784 1314
f 1178 1232 1249
f 1224 1289 1173
f 1010 2617 2618
f 1175 1174 1292
f 2654 2687 2686
f 2694 1157 1216
f 71 418 1487
f 701 1112 1111
f 1072 1261 2649
f 1085 2695 22
f 895 2694 1264
f 1601 1606 1605
f 1259 1262 1271
f 21 20 1220
f 988 991 538
f 598 597 1336
f 1050 860 818
f 1298 2645 1761
f 1168 1167 618
f 858 1168 1256
f 39 242 516
f 2652 1761 819
f 313 316 315
f 2026 1970 1971
f 2656 1489 596
f 814 819 818
f 2696 2651 813
f 1260 2696 2649
f 2693 2697 2696
f 2697 1296 2651
f 381 355 390
f 3818 3819 1611
f 1475 1427 1428
f 1292 1174 1917
f 1551 353 354
f 1526 1525 1523
f 1593 1589 1595
f 1232 1269 1246
f 2695 2693 1223
f 2698 1297 1296
f 2698 2697 2693
f 2685 2698 2695
f 2685 854 1297
f 562 1497 271
f 2652 2651 1296
f 1365 1366 1364
f 1958 1946 1953
f 585 588 2210
f 1561 1560 1515
f 975 2648 1146
f 347 67 68
f 1038 1111 636
f 2700 781 780
f 2699 780 1036
f 2701 2699 1883
f 851 2700 2699
f 2674 1333 2251
f 2702 2251 781
f 1253 2702 2700
f 1301 2674 2702
f 1519 387 388
f 1273 1239 1280
f 2703 1280 1107
f 2701 2703 852
f 1829 1273 2703
f 91 260 326
f 1784 871 2656
f 2683 2684 2705
f 604 1894 3499
f 1669 3534 3548
f 2062 2063 2060
f 621 535 861
f 2023 731 732
f 686 779 1263
f 857 1051 2668
f 883 830 882
f 637 636 1111
f 2668 894 893
f 2667 921 894
f 1039 1038 1068
f 313 75 1504
f 1911 1972 305
f 1936 2706 1964
f 2707 2402 2401
f 2708 2707 2183
f 738 2163 2116
f 2349 2348 2432
f 2711 2712 2020
f 2400 2711 2019
f 2714 2715 2716
f 2717 2718 2719
f 2721 2722 2723
f 2726 2727 2728
f 2725 2728 2730
f 2731 2725 2729
f 2732 2726 2725
f 2734 2735 2736
f 2738 2739 2740
f 2737 2740 2741
f 2744 2745 2746
f 2745 2744 2748
f 2749 2750 2747
f 2753 2749 2751
f 2250 1380 2246
f 2754 1396 1614
f 3598 2754 2755
f 3608 2745 2747
f 1617 2756 2755
f 2242 2758 1620
f 2191 2085 2760
f 2761 2759 2760
f 3648 2759 2761
f 3623 2191 2759
f 3209 3248 3223
f 1395 1394 2236
f 1395 2235 1636
f 1616 1635 2229
f 1617 2234 2763
f 2756 2763 3628
f 2765 2763 2234
f 2766 2764 3628
f 3202 3199 3246
f 1516 437 435
f 2768 2769 3552
f 1495 541 578
f 2135 2136 28
f 3526 3540 2773
f 1690 1689 3926
f 2778 2779 2780
f 2777 2780 2781
f 2784 2778 2777
f 3555 3521 575
f 1494 1904 9
f 3529 2016 2015
f 451 61 505
f 2786 2787 2788
f 2779 2786 2785
f 2789 2752 2741
f 2790 2753 2752
f 2792 2793 2794
f 2793 2795 2796
f 2796 2797 2750
f 2794 2796 2749
f 2798 1393 1396
f 3591 2798 2754
f 2798 2799 2800
f 3591 3662 2799
f 2797 2796 2795
f 2791 2794 2753
f 216 233 232
f 3804 2806 2807
f 3805 2809 2804
f 2769 2810 3557
f 183 185 184
f 2811 2812 2775
f 2804 2811 2776
f 2809 2813 2811
f 2812 2811 2813
f 3805 2808 2816
f 3796 2818 2815
f 3798 3800 2820
f 3793 2823 2819
f 2824 2736 2735
f 2823 2825 2824
f 2825 2823 2826
f 3793 2822 2827
f 3796 2817 2826
f 2713 2716 2829
f 2828 2829 2831
f 2822 2821 2828
f 2821 2820 2713
f 2832 2827 2822
f 2833 2832 2830
f 2834 2835 2832
f 2835 2818 2827
f 2837 2838 2839
f 2836 2839 2841
f 2842 2836 2840
f 2843 2837 2836
f 2840 2841 2845
f 2718 2844 2845
f 2730 2728 2844
f 2727 2840 2844
f 2846 2845 2841
f 2829 2846 2847
f 2847 2841 2839
f 2848 2839 2838
f 2833 2848 2849
f 2831 2847 2848
f 2850 2814 2851
f 2853 2850 2852
f 2783 2777 2782
f 2785 2788 2853
f 2780 2785 2856
f 2857 2858 2855
f 2859 2857 2782
f 2861 2843 2842
f 2860 2842 2727
f 2862 2860 2726
f 2863 2861 2860
f 2861 2863 2858
f 2843 2861 2857
f 2856 2853 2854
f 2781 2856 2864
f 2837 2843 2859
f 2838 2837 2864
f 2852 2851 2834
f 2854 2852 2849
f 2865 2815 2818
f 2851 2865 2835
f 2813 2809 2815
f 2814 2813 2865
f 2866 2812 2814
f 2788 2866 2850
f 2866 2788 2787
f 2812 2866 2867
f 1892 1889 1890
f 2720 2719 2846
f 298 299 256
f 2872 2714 2713
f 3794 3800 2735
f 2729 2730 2874
f 2846 2716 2715
f 2876 2877 2878
f 2733 2875 2878
f 3806 3807 2879
f 3806 2880 2872
f 2882 2883 2884
f 2881 2884 2715
f 2880 2881 2714
f 2879 2882 2881
f 2885 2886 2887
f 2888 2889 2890
f 2885 2890 2892
f 2893 2886 2885
f 1942 2151 2532
f 2895 2892 2720
f 2884 2895 2870
f 2883 2896 2895
f 2896 2891 2892
f 2889 2874 2717
f 2890 2717 2720
f 2897 2893 2891
f 2898 2897 2896
f 2899 2898 2883
f 2900 2899 2882
f 3797 2900 2879
f 2876 2902 2901
f 2901 2902 2904
f 1785 2656 1835
f 2905 2906 2899
f 2907 2908 2897
f 3797 2901 2903
f 632 576 577
f 3532 3547 2867
f 434 385 550
f 2768 2770 3640
f 2910 2911 1623
f 2241 2912 2758
f 3640 2770 2913
f 1623 2911 2757
f 3587 2242 2757
f 2229 1381 1380
f 2765 1630 1629
f 2915 2914 1629
f 3642 3641 2914
f 3641 3622 2765
f 2919 2916 3642
f 2918 2915 2912
f 3614 2918 2241
f 3618 2919 3613
f 3541 2177 2180
f 3521 2002 2188
f 3705 3573 714
f 2925 2766 2917
f 2924 2917 2916
f 3610 2924 2919
f 3611 2925 2924
f 2926 2927 2766
f 3658 2926 2925
f 1715 1713 1705
f 785 497 498
f 1387 651 565
f 374 375 1899
f 3573 2203 2206
f 2929 2930 2886
f 2932 2933 2934
f 1905 1906 1908
f 2930 2935 2936
f 2938 2935 2930
f 1493 369 517
f 1603 1585 1586
f 2939 2938 2929
f 2940 2939 2908
f 3665 1707 1600
f 2886 2930 2937
f 2906 2907 2898
f 2908 2929 2893
f 2942 2934 2933
f 2941 2933 2937
f 3501 2941 2936
f 3498 2942 2941
f 2943 2944 2710
f 2943 2873 2874
f 2945 2943 2889
f 2946 2944 2943
f 2932 2945 2888
f 2931 2946 2945
f 727 1928 1929
f 2903 2904 2947
f 545 594 42
f 1480 1570 533
f 2907 2906 2949
f 2906 2905 2950
f 1558 452 215
f 3799 2903 2948
f 2054 1645 1644
f 3705 3684 2203
f 1828 1837 1849
f 2953 2954 2955
f 2952 2955 2957
f 2956 2261 2258
f 2953 2952 2258
f 2454 2455 2474
f 3747 2958 2959
f 3747 2132 2131
f 2961 2962 2963
f 2958 2963 2964
f 222 221 2485
f 2477 2226 2966
f 2631 2561 2006
f 2384 2454 2496
f 2967 2968 2959
f 2968 2967 2970
f 3759 2033 2971
f 3784 2971 2960
f 2972 2971 2033
f 2007 2377 2973
f 3560 3559 2134
f 1836 1833 1832
f 3506 2188 2090
f 955 810 959
f 672 675 674
f 633 710 713
f 2024 732 733
f 2025 2024 803
f 425 1552 1550
f 2975 2976 888
f 1319 1158 1157
f 1212 1935 2977
f 889 957 2228
f 1978 1974 1975
f 1138 1078 1329
f 751 665 2979
f 1619 1613 1625
f 2252 2255 1728
f 1157 1160 845
f 2706 1936 1938
f 2980 2255 2254
f 2982 2975 887
f 802 712 711
f 678 677 2029
f 527 840 690
f 1839 1207 2629
f 2983 2984 602
f 2983 1914 1913
f 2985 2983 1331
f 2986 2984 2983
f 2987 2637 2635
f 2985 2988 2639
f 2990 1319 1318
f 2991 2992 2993
f 2995 2991 2994
f 1106 1058 2991
f 1058 1057 2992
f 1415 1406 1365
f 1317 922 2217
f 1932 1728 2255
f 926 2998 2999
f 3001 2993 2992
f 3000 2992 1057
f 2999 3000 2978
f 2998 3001 3000
f 3002 2998 2209
f 3002 3003 2996
f 2993 3001 3002
f 1103 1106 2995
f 3004 2995 2996
f 2209 2210 3004
f 588 1103 3004
f 295 296 433
f 2638 2639 2988
f 3005 2988 1056
f 1305 3005 1930
f 1276 2638 3005
f 1987 1968 1993
f 2633 1762 1761
f 1423 1422 1417
f 3561 3517 739
f 2671 2670 2704
f 1473 1872 2035
f 922 1317 2694
f 1401 1400 1378
f 556 2028 1884
f 842 848 3825
f 1854 2706 2617
f 933 1082 1081
f 1440 1441 1436
f 529 657 719
f 1031 1025 1027
f 777 913 912
f 2645 1205 1204
f 441 438 1538
f 790 1287 587
f 2065 2066 1610
f 1860 991 990
f 60 106 87
f 1424 1017 1948
f 332 1527 1507
f 261 262 138
f 187 188 449
f 1719 1720 1726
f 1931 1055 1059
f 3006 1059 1105
f 1287 3006 1104
f 1286 1931 3006
f 3007 3008 3009
f 3009 3008 653
f 618 999 26
f 2029 677 1210
f 957 601 600
f 1049 2146 2228
f 2631 890 3011
f 890 889 2227
f 3011 2227 2145
f 2561 3011 3012
f 1026 656 609
f 2706 1854 1961
f 3013 2965 2485
f 2148 2147 1267
f 3015 1267 1266
f 2997 2264 1101
f 642 641 1773
f 186 477 461
f 1041 1040 1320
f 1121 3016 3017
f 2984 2986 2987
f 3018 2987 2634
f 1048 603 3018
f 603 602 2984
f 2679 2678 801
f 2062 2072 2074
f 2061 2074 2076
f 414 303 1545
f 3016 1121 2683
f 3019 2683 2704
f 3020 3019 2670
f 3007 3016 3019
f 1871 1090 1091
f 3021 1787 1122
f 3022 3021 3017
f 1314 3021 3022
f 1784 1787 3021
f 1316 1315 1763
f 3023 3022 3010
f 3023 3009 795
f 1763 3023 1092
f 1315 3022 3023
f 3016 3007 3010
f 752 751 2978
f 2986 2639 2637
f 3024 654 653
f 3020 3024 3008
f 720 723 3024
f 723 2621 654
f 2681 1098 1268
f 2671 3025 1268
f 2705 2681 3025
f 1313 3026 3027
f 3026 3028 3029
f 3027 3029 3030
f 1311 3027 3031
f 2012 568 731
f 917 2657 974
f 743 1206 856
f 1888 2027 2030
f 2682 2705 2684
f 3032 2684 1124
f 1100 3032 2989
f 1099 2682 3032
f 1123 2990 2989
f 3033 1834 1159
f 2990 3033 1158
f 1123 1786 3033
f 1786 1785 1834
f 1054 1056 2988
f 2979 665 664
f 2623 2622 2663
f 1095 660 688
f 3034 3035 2261
f 3036 3034 2956
f 3037 3038 3034
f 3038 3039 3035
f 3040 3041 3026
f 2263 3042 3041
f 3042 3039 3043
f 3041 3043 3028
f 3044 3045 3043
f 3046 3047 3045
f 3047 3048 3049
f 3043 3045 3049
f 3038 3037 3051
f 3050 3051 3053
f 3052 3046 3044
f 3039 3038 3050
f 3054 3035 3039
f 3042 2263 2262
f 2261 3035 3054
f 2216 2263 2997
f 2212 2211 2667
f 3056 868 2209
f 934 3057 1961
f 2013 3755 3757
f 3058 3059 3060
f 3059 3062 3063
f 3060 3063 2213
f 3061 3060 1963
f 3063 3064 2214
f 3062 3065 3064
f 3065 2257 2260
f 3064 2260 2215
f 3066 3067 3031
f 2608 2966 3067
f 2966 2562 3068
f 3031 3067 3068
f 2455 2458 2461
f 2476 2223 2226
f 3551 2090 2089
f 3526 2774 3769
f 433 354 355
f 2115 1423 1419
f 3509 2868 2922
f 3769 3737 2131
f 3069 2611 2167
f 2971 2972 2928
f 2961 2774 2773
f 3070 2475 2478
f 2610 2609 3071
f 2502 2371 2374
f 3072 2592 2595
f 2964 3046 3052
f 3048 2593 3074
f 2593 2592 3075
f 3075 3030 3029
f 3074 3029 3028
f 3072 3076 3075
f 3076 3072 2482
f 2481 2608 3066
f 3076 3066 3030
f 2967 3052 3053
f 2482 3072 3073
f 479 480 493
f 706 3900 3873
f 3561 2194 2221
f 2013 2010 3754
f 3533 2032 2016
f 3562 3519 2222
f 1171 1154 1155
f 2586 2566 2565
f 2982 110 113
f 2562 2376 3077
f 2376 2375 3012
f 3012 2145 2148
f 3077 2148 3015
f 2963 3047 3046
f 3051 3078 2970
f 1683 2173 491
f 3850 2122 1447
f 1986 2181 3734
f 3079 3080 2546
f 3081 3079 2575
f 1983 1986 3768
f 3082 2323 2319
f 3080 3082 2545
f 3734 3732 3082
f 3732 3748 2323
f 1309 1471 1888
f 3073 2595 2772
f 2760 3083 3084
f 2760 2085 2088
f 3085 3084 3086
f 3089 3085 3090
f 3089 2762 3084
f 3092 3088 3090
f 3093 2748 2744
f 2751 2747 2748
f 3093 2741 2752
f 2742 2741 3093
f 3094 3093 2743
f 3096 3097 3098
f 3099 3096 3087
f 3097 3094 3095
f 3100 2743 2746
f 3101 2927 3102
f 2764 2766 2927
f 2745 2764 3101
f 3102 3092 3091
f 3100 3091 3095
f 2869 2802 3592
f 3102 3103 3104
f 3658 2868 2869
f 2927 2926 3103
f 3098 3095 3091
f 3087 3098 3090
f 2088 2125 3105
f 3083 3105 3086
f 2483 3073 2771
f 2401 2186 2185
f 3099 3086 3105
f 2125 2207 3106
f 3108 2737 2742
f 3107 2742 3094
f 3110 3108 3107
f 3109 3107 3097
f 3111 3109 3096
f 3112 3110 3109
f 3113 2738 2737
f 3115 2723 2722
f 3117 3115 3114
f 3119 3117 3116
f 3118 3116 3120
f 3116 3114 3113
f 3122 3112 3111
f 3122 3123 1755
f 3124 3125 3126
f 3125 3118 3121
f 3128 3119 3118
f 3129 3128 3125
f 2020 2712 3128
f 3853 3857 1346
f 1065 1046 1047
f 1814 3838 3830
f 2021 2020 3129
f 3111 3099 3106
f 3123 3106 2207
f 2377 2225 2224
f 3014 2485 113
f 1756 2208 3782
f 3131 3132 2530
f 3133 3131 2528
f 1753 1756 3767
f 3134 3124 3127
f 2327 2408 2314
f 2436 2318 2317
f 2018 2021 3711
f 2534 3136 3137
f 2320 2322 3136
f 2185 2018 3712
f 3138 3139 2542
f 3134 3135 3744
f 3785 3130 3134
f 3140 3138 2539
f 2535 3137 3140
f 3711 2021 3130
f 2558 2530 3132
f 3782 3760 3141
f 2560 2558 3141
f 3760 3777 3142
f 958 888 2976
f 1933 1932 2980
f 2399 2424 2418
f 2348 2342 2343
f 2322 2320 2319
f 2718 2717 2874
f 2709 2729 2873
f 2894 2871 1361
f 346 289 176
f 1876 1877 1882
f 2802 2803 3607
f 3104 3144 3088
f 2974 2222 3649
f 3089 3145 2761
f 3088 3144 3145
f 2803 2974 3603
f 3870 3909 692
f 2123 1419 1418
f 1365 1363 1368
f 1581 1766 1782
f 3569 2202 2129
f 3555 2003 2002
f 3146 2585 2551
f 3751 3146 3147
f 3742 3149 3146
f 3149 2584 2585
f 3196 3198 3197
f 3604 2192 2191
f 3142 3150 2556
f 3777 3778 3150
f 3646 3152 2550
f 3150 3151 2555
f 3778 3780 3151
f 3788 3781 3152
f 3153 3147 2551
f 3152 3153 2549
f 3781 3776 3153
f 3776 3750 3147
f 3148 2767 2206
f 2183 2401 2321
f 2132 2960 2928
f 3684 3685 2204
f 3719 2198 2197
f 2594 2962 2773
f 2595 2594 2951
f 1870 798 799
f 3713 2179 2178
f 3706 2178 3736
f 336 3154 3774
f 339 3155 3154
f 3789 3683 3149
f 3683 3697 2584
f 2963 2962 3048
f 3722 3730 337
f 339 338 2566
f 3156 3157 2168
f 2610 3156 2167
f 2954 2953 3156
f 3157 3156 2953
f 3707 2166 2169
f 2567 3158 3159
f 337 3158 2567
f 3730 3069 2166
f 3764 2190 1983
f 2579 3160 3081
f 2568 3159 3160
f 3709 2169 2190
f 3065 3062 3162
f 3161 3162 1984
f 3157 3161 2189
f 2257 3065 3161
f 734 735 1922
f 3059 3058 2708
f 3163 2708 2182
f 3162 3163 1985
f 3062 3059 3163
f 3203 3206 3205
f 2122 2119 1448
f 3817 1686 1685
f 139 140 444
f 1570 569 566
f 2957 3164 3165
f 2955 3166 3164
f 1912 454 341
f 3130 3129 3124
f 1548 322 319
f 1949 1950 1327
f 2969 2970 3078
f 3167 3078 3169
f 3724 2014 2017
f 3720 2017 2033
f 3168 3169 3165
f 3170 3165 3164
f 3779 3170 3171
f 3724 3168 3170
f 3171 3164 3166
f 3172 3166 3071
f 3752 3172 3173
f 3756 3171 3172
f 3169 3037 3036
f 2593 3048 2962
f 3173 3071 2609
f 3174 2609 2199
f 3783 3174 2198
f 3749 3173 3174
f 2190 2189 1984
f 2196 2195 2767
f 2119 2120 1414
f 1464 1463 1466
f 2199 2611 3069
f 2457 2456 2587
f 2226 2225 2562
f 481 478 1627
f 333 1512 235
f 3078 3051 3037
f 3040 2264 2997
f 2219 1934 1933
f 2385 2384 2497
f 221 2220 3175
f 2220 1933 3143
f 3175 3143 2976
f 2484 3175 2975
f 2954 3071 3166
f 2630 1858 110
f 1547 319 1952
f 2091 2090 2188
f 3733 3736 2178
f 1918 1919 1927
f 3563 112 111
f 955 956 960
f 2037 3014 112
f 3143 2980 2981
f 2218 2211 2214
f 672 3877 3787
f 2152 3013 3014
f 1147 1144 1143
f 2248 2246 1409
f 1615 1636 1635
f 1410 1409 2246
f 3241 3243 3242
f 1382 3176 3177
f 3177 1410 2247
f 2247 1383 3177
f 3176 2238 2230
f 1410 3177 3179
f 3179 3180 2243
f 1633 3181 2800
f 1621 1620 2758
f 1622 1621 2245
f 2236 1394 3181
f 2237 2236 3182
f 2250 1631 2233
f 2912 1629 1628
f 135 136 1564
f 1567 419 512
f 1085 1084 2653
f 3184 869 868
f 869 3184 3057
f 1266 1268 1098
f 1267 2147 722
f 937 1146 2646
f 2146 1049 722
f 2211 2218 921
f 1957 510 507
f 1313 1312 2264
f 1496 362 1493
f 2887 2937 2933
f 1687 1688 1659
f 145 1499 1498
f 37 38 418
f 1935 1934 3185
f 104 89 301
f 2101 2098 2083
f 543 298 360
f 1934 2219 3186
f 234 1521 212
f 3845 3821 1822
f 1976 1875 1874
f 223 3186 2219
f 3655 3656 3605
f 2165 2164 467
f 467 468 2165
f 773 476 2165
f 1935 1212 1728
f 3240 3225 3226
f 3261 3249 3250
f 3215 3216 3244
f 3265 3221 3215
f 3267 3245 3198
f 3205 3206 3269
f 3214 3211 3265
f 3271 3213 3214
f 3251 3252 3239
f 3222 3221 3266
f 3232 3235 3234
f 3216 3242 3243
f 3196 3193 3268
f 3244 3243 3254
f 3238 3239 3247
f 3264 3244 3255
f 3253 3242 3216
f 3211 3266 3221
f 3257 3217 3218
f 3258 3222 3272
f 3274 3275 3280
f 3228 3229 3262
f 3275 3231 3281
f 3226 3227 3273
f 3236 3263 3260
f 3281 3263 3236
f 3287 3271 3192
f 3235 3226 3280
f 3234 3280 3281
f 3288 3290 3259
f 3260 3250 3276
f 3289 3212 3278
f 3210 3209 3224
f 3199 3202 3201
f 3228 3231 3230
f 3290 3288 3285
f 3282 3279 3271
f 3260 3263 3262
f 3243 3241 3268
f 3267 3268 3241
f 3194 3207 3208
f 3191 3270 3269
f 3270 3191 3192
f 3275 3274 3230
f 3264 3269 3270
f 3252 3251 3276
f 3248 3252 3291
f 3213 3271 3279
f 3272 3266 3289
f 3277 3278 3212
f 3228 3263 3281
f 3220 3225 3253
f 3219 3253 3217
f 3256 3218 3222
f 3247 3239 3252
f 3245 3267 3232
f 3266 3211 3212
f 3208 3205 3255
f 3288 3289 3284
f 3204 3205 3208
f 560 1899 3187
f 3209 3210 3201
f 3189 3192 3191
f 448 1980 807
f 647 648 122
f 1833 1848 1780
f 510 509 508
f 3210 1949 1887
f 1887 15 3200
f 15 16 3197
f 16 3188 3195
f 3195 3188 3187
f 3194 3187 1899
f 3207 1899 375
f 387 173 126
f 3189 1791 1760
f 3577 763 757
f 763 3577 2172
f 3583 3582 3580
f 3581 3580 3579
f 3594 3597 3596
f 3400 3601 3602
f 3626 3624 3625
f 3631 3635 3599
f 3636 3637 3595
f 3647 3584 3588
f 3650 3582 3584
f 3653 3579 3580
f 3653 2176 3654
f 1801 1864 3656
f 3651 3580 3582
f 3644 3638 3595
f 1767 1768 3659
f 1597 3663 3661
f 1708 1707 3665
f 3671 3668 3667
f 3666 3667 3673
f 1588 1708 3664
f 2080 3671 3666
f 2082 3666 3672
f 3674 3677 3635
f 3677 3678 3636
f 3682 3647 3645
f 3692 3651 3650
f 3681 3645 3644
f 786 3694 3692
f 3694 3653 3651
f 785 3692 3686
f 497 3686 3682
f 650 3682 3681
f 3696 564 3681
f 3405 3606 3605
f 3702 3699 3678
f 3699 3698 3679
f 3645 3588 3638
f 1799 3657 3659
f 3708 3704 3458
f 3462 3710 3708
f 3714 463 564
f 3615 3606 3602
f 3710 3714 3696
f 3635 3636 3596
f 3629 3626 3627
f 3597 3600 3599
f 3630 3716 3715
f 3627 3625 3597
f 3717 3716 3723
f 3715 3663 3660
f 3716 3717 3725
f 3668 3665 3661
f 3668 3725 3717
f 3667 3717 3718
f 3727 3728 3673
f 3728 1576 3672
f 3726 3727 3718
f 1576 2101 2084
f 3727 3726 3731
f 3203 376 1387
f 3190 1387 1791
f 3283 2152 1949
f 317 240 259
f 2000 2176 3653
f 3601 3599 3600
f 3589 3588 3584
f 3577 758 756
f 3585 3584 3582
f 3678 3679 3637
f 3204 375 376
f 1801 3655 3657
f 3729 3735 3728
f 1575 3735 3738
f 3735 1575 1576
f 1776 1795 1796
f 1293 1294 1290
f 1326 14 1327
f 1294 1245 1234
f 878 1244 1330
f 497 373 374
f 122 648 413
f 3699 3702 3704
f 3606 3405 3401
f 3708 3710 3698
f 3464 3714 3710
f 3704 3674 3443
f 439 398 399
f 1512 1528 1526
f 1668 1741 1738
f 839 849 1362
f 1362 1357 826
f 3843 740 1896
f 2053 2054 2118
f 3888 3887 2120
f 696 697 3816
f 1826 1878 639
f 3740 3739 3729
f 956 885 886
f 1980 806 1922
f 33 34 105
f 1343 1344 3856
f 3907 2127 2128
f 1766 1581 1582
f 14 1326 2163
f 595 98 99
f 3233 3238 3246
f 1346 1035 1044
f 748 1888 1425
f 3193 3208 3254
f 3190 3191 3206
f 3612 3605 3606
f 3624 3612 3615
f 3631 3415 3443
f 3679 3680 3644
f 3686 3650 3647
f 3702 3677 3674
f 3625 3615 3600
f 3601 3400 3415
f 3739 3738 3735
f 3630 3627 3594
f 3741 3723 3716
f 1284 1290 1288
f 3698 3696 3680
f 1778 1781 1780
f 1792 1759 1584
f 695 570 571
f 3638 3741 3594
f 3741 3638 3588
f 3247 3248 3209
f 3292 3293 3294
f 3296 3297 3298
f 3299 3298 3300
f 3302 3303 3304
f 3306 3307 3308
f 3307 3310 3311
f 3303 3302 3301
f 3312 3305 3304
f 3314 3315 3316
f 3318 3319 3320
f 3324 3318 3321
f 3326 3327 3328
f 3329 3330 3331
f 3333 3334 3335
f 3337 3338 3339
f 3333 3336 3341
f 3342 3341 3343
f 3319 3345 3344
f 3338 3335 3334
f 3346 3301 3302
f 3305 3348 3347
f 3312 3224 3223
f 3350 3337 3340
f 3312 3349 3348
f 3352 3343 3341
f 3311 3353 3354
f 3341 3336 3327
f 3359 3360 3361
f 3360 3359 3250
f 3318 3363 3345
f 3364 3363 3318
f 3314 3364 3324
f 3366 3299 3301
f 3299 3366 3367
f 3308 3354 3368
f 3369 3317 3295
f 3317 3369 3364
f 3370 3295 3317
f 3325 3371 3365
f 3352 3320 3319
f 3296 3367 3353
f 3297 3296 3311
f 3363 3368 3354
f 3345 3354 3353
f 3344 3353 3367
f 3366 3333 3342
f 3347 3339 3334
f 3339 3347 3348
f 3348 3349 3351
f 3363 3364 3369
f 3294 3309 3368
f 3293 3306 3309
f 3331 3373 3374
f 3346 3334 3333
f 3323 3322 3352
f 3356 3355 3321
f 3355 3357 3325
f 3357 3358 3371
f 3322 3356 3320
f 3361 3330 3329
f 3373 3372 3375
f 3374 3375 3376
f 3329 3332 3376
f 3327 3375 3372
f 3336 3335 3375
f 3335 3338 3376
f 3376 3338 3337
f 3337 3350 3359
f 3359 3350 3276
f 3377 3292 3295
f 3277 3316 3315
f 3371 3378 3379
f 3378 3371 3358
f 3365 3379 3315
f 3316 3277 3279
f 3282 3377 3370
f 3313 3283 3224
f 3378 3285 3284
f 3380 3286 3285
f 3379 3284 3278
f 3276 3350 3351
f 3291 3351 3349
f 3313 3304 2965
f 2965 3304 3303
f 222 3303 3300
f 223 3300 3298
f 3298 3297 3185
f 3297 3310 2977
f 3310 3307 1213
f 3307 3306 1214
f 2532 1214 3306
f 2894 2532 3293
f 2871 2894 3292
f 3253 3225 3240
f 3283 3313 3013
f 1997 1996 1889
f 1237 745 744
f 1535 1534 120
f 1531 1532 201
f 1119 1241 1032
f 946 948 824
f 163 8 5
f 3589 3726 3723
f 1155 1156 1162
f 427 213 327
f 553 1902 796
f 3381 2232 2231
f 3381 3178 2230
f 2237 3183 3180
f 3383 3384 3385
f 3384 3386 3387
f 3386 3388 3389
f 3388 3390 3391
f 3392 3393 3394
f 3395 3394 3396
f 3398 3399 3397
f 3400 3401 3399
f 3403 3404 3405
f 3406 3407 3404
f 3408 3409 3407
f 3410 3411 3409
f 3412 3413 3411
f 3415 3400 3398
f 3414 3398 3396
f 3416 3396 3394
f 3417 3394 3393
f 3393 3419 3420
f 3419 3390 3421
f 3390 3388 3422
f 3388 3386 3423
f 3386 3384 3424
f 3384 3383 3425
f 3425 3383 3426
f 2904 3427 3428
f 3429 3427 2904
f 3430 3429 2902
f 2875 3431 3430
f 3432 3433 2733
f 2825 3434 3435
f 3437 3438 3439
f 3441 3437 3436
f 2724 2723 3434
f 3436 3439 3115
f 3440 3436 3117
f 3443 3415 3414
f 3442 3414 3416
f 3444 3416 3417
f 3445 3417 3418
f 3446 3418 3420
f 3420 3421 3448
f 3421 3422 3449
f 3422 3423 3450
f 3423 3424 3451
f 3424 3425 3452
f 3425 3184 3056
f 3451 3452 2253
f 3450 3451 2252
f 3449 3450 1727
f 3448 3449 2150
f 3453 3447 3448
f 3454 3446 3447
f 3455 3445 3446
f 3456 3444 3445
f 3442 3444 3456
f 3443 3442 3457
f 3459 3460 3458
f 3457 3456 3455
f 3459 3455 3454
f 3462 3460 3459
f 3461 3454 3453
f 3464 3462 3461
f 3463 3453 1941
f 3404 3399 3401
f 3407 3397 3399
f 3409 3395 3397
f 3411 3392 3395
f 3465 3466 3413
f 3467 3468 3469
f 3465 3412 3431
f 3470 3467 3466
f 3438 3470 3432
f 3467 3470 3438
f 3468 3467 3437
f 3471 3469 3468
f 3472 3468 3441
f 3473 3441 3440
f 2712 3440 3119
f 3475 3471 3472
f 3474 3472 3473
f 3476 3473 2712
f 3477 3476 2711
f 3478 3474 3476
f 3479 3475 3474
f 3392 3411 3413
f 3466 3469 3480
f 3419 3393 3392
f 3390 3419 3480
f 3469 3471 3391
f 3389 3391 3471
f 3387 3389 3475
f 3385 3387 3479
f 3482 3477 2400
f 3483 3478 3477
f 3481 3479 3478
f 3484 3482 2402
f 3058 3484 2707
f 3061 3485 3484
f 3485 3483 3482
f 3382 3385 3481
f 3486 3481 3483
f 3426 3383 3382
f 3487 3382 3486
f 3486 3485 3061
f 1961 3057 3487
f 3057 3184 3426
f 3428 3403 3402
f 3427 3406 3403
f 3429 3408 3406
f 3430 3410 3408
f 3431 3412 3410
f 3470 3465 3433
f 3434 3439 3438
f 2723 3115 3439
f 2875 2733 3433
f 2736 2824 3435
f 2947 3428 3488
f 3464 3463 1360
f 1900 1925 1924
f 1736 1717 1718
f 1955 1952 1943
f 1671 1738 1735
f 1696 1750 1698
f 1800 1865 1864
f 2063 2055 2056
f 1737 1734 1717
f 1751 1735 1697
f 943 3885 3899
f 3656 3488 3402
f 1577 1578 1764
f 3917 1598 1599
f 1945 146 82
f 68 6 7
f 147 1542 1543
f 1109 1135 1133
f 1503 1910 1907
f 1499 1501 1909
f 452 1922 735
f 1824 2068 3835
f 1825 2067 2068
f 1463 1462 1022
f 841 1012 1009
f 1568 1547 1955
f 1910 1503 1502
f 1939 1502 422
f 309 280 1940
f 1804 1851 1866
f 269 1482 1954
f 2065 1607 2060
f 3812 1685 1758
f 280 276 552
f 1875 1873 1869
f 1739 1721 1734
f 1778 1779 1790
f 310 1920 1915
f 1909 1908 1906
f 1789 1783 1778
f 978 981 980
f 1584 1759 1731
f 425 426 311
f 148 1543 115
f 2044 3897 3894
f 277 1910 1939
f 1943 1946 1945
f 1461 1462 1463
f 2253 3452 3056
f 2981 2254 3489
f 2209 2998 3489
f 2254 2253 3055
f 2998 926 958
f 2826 2817 2721
f 3490 2739 2721
f 2816 3491 3490
f 2334 2297 2296
f 2298 2297 2334
f 2301 2298 2336
f 2311 2301 2338
f 2312 2311 2354
f 2359 2358 2361
f 2335 2296 2359
f 2414 2413 2365
f 2413 2270 2361
f 2355 2352 2540
f 2541 2540 2539
f 2722 2721 2739
f 3114 2722 2738
f 3110 3112 3121
f 3108 3110 3120
f 3122 1754 3127
f 3112 3122 3126
f 3127 1754 1753
f 3139 3133 2529
f 3744 3775 3133
f 3490 2789 2740
f 3491 2790 2789
f 228 229 91
f 245 244 243
f 248 7 247
f 2 297 296
f 145 146 300
f 327 213 210
f 329 332 331
f 239 241 240
f 373 376 375
f 178 177 176
f 1218 1225 1228
f 3862 1231 1295
f 808 809 824
f 3858 3859 1013
f 3813 3810 1411
f 2154 2149 2159
f 3845 3835 1758
f 306 807 1922
f 2157 2153 1976
f 708 709 2031
f 1450 1226 1227
f 1672 1604 1605
f 1813 1814 1821
f 1717 1716 1715
f 176 159 402
f 1710 1705 3916
f 1712 1580 1577
f 1705 1713 1711
f 971 978 979
f 822 823 1094
f 2909 2810 2793
f 2810 2769 2795
f 2799 2910 2249
f 3662 3643 2910
f 2769 2768 2801
f 3177 3176 3178
f 3178 3381 3180
f 3181 1394 1393
f 3181 1633 1632
f 3182 1632 2244
f 3183 2244 2243
f 3492 2791 2790
f 2808 3492 3491
f 2239 3574 3572
f 1149 1150 3571
f 1150 2009 3567
f 2202 3569 3566
f 2921 3564 3565
f 3568 3560 2133
f 1777 1579 1759
f 1201 1196 1183
f 3561 3554 2195
f 3553 3576 2770
f 3927 3925 1687
f 1516 152 154
f 3549 3562 2974
f 3550 3548 2779
f 2771 2772 3575
f 3070 2771 3546
f 3547 3544 2775
f 1376 1375 1370
f 2767 3543 3556
f 2195 3554 3543
f 2775 3544 3542
f 3377 3282 3545
f 3804 3802 3539
f 2776 3542 3538
f 2240 3572 3535
f 2920 3535 3669
f 3548 3534 2786
f 1805 1850 1851
f 3534 3532 2787
f 2951 2773 3540
f 2772 2951 3531
f 2973 2224 3530
f 2224 2223 3537
f 1957 1953 320
f 306 305 304
f 2770 3576 3528
f 2913 3528 3574
f 2923 3565 3527
f 308 1940 431
f 207 208 132
f 1879 1876 1881
f 3733 3787 3525
f 2475 3070 3558
f 2476 2475 3524
f 2223 2476 3523
f 3522 3549 2803
f 2037 3563 11
f 1959 1958 450
f 2003 3555 3520
f 9 10 334
f 2009 2008 3518
f 2008 2973 3536
f 3877 672 673
f 3515 3550 2778
f 2935 3514 3513
f 111 1149 3570
f 3510 3514 2935
f 683 3876 3885
f 3508 3557 2810
f 736 733 732
f 1795 1804 1803
f 3505 3510 2938
f 3507 3505 2939
f 2950 3512 3504
f 2940 2949 3504
f 3801 3791 3512
f 2868 3509 3502
f 2869 3502 3522
f 1024 1034 1023
f 3500 3503 2948
f 551 1939 442
f 2972 3499 3568
f 2032 3533 3499
f 216 93 1924
f 203 202 201
f 1828 1848 1847
f 1958 1957 449
f 272 271 178
f 2871 3545 3495
f 3619 3669 3564
f 2801 2768 3643
f 2005 3758 3654
f 960 886 899
f 3657 3655 3612
f 3780 3788 3646
f 3151 3646 3593
f 2193 3604 3623
f 3607 3603 3145
f 3603 3649 2761
f 3592 3607 3144
f 2926 3658 3634
f 3634 3592 3104
f 3755 3754 3746
f 566 567 3758
f 3488 3656 1864
f 1602 1586 2079
f 2868 3658 3611
f 2922 3611 3610
f 2923 3610 3618
f 3670 3613 2918
f 3619 3670 3614
f 2921 3618 3670
f 2920 3614 3586
f 3613 3642 2915
f 2917 2766 3622
f 2916 2917 3641
f 2239 3587 3652
f 2911 3640 3652
f 3643 3640 2911
f 2797 2801 3662
f 2797 3591 3598
f 3622 3628 2763
f 3608 3628 2764
f 2194 3623 3648
f 2221 3648 3649
f 2756 3608 3609
f 2750 3598 3609
f 3669 3535 1817
f 3763 3770 1691
f 2515 3621 3590
f 2548 3590 3593
f 2513 2489 3632
f 2513 3616 3621
f 2509 3633 3620
f 2510 3632 3633
f 2289 3620 3639
f 2283 3639 3617
f 2240 3586 3587
f 3659 3657 3624
f 716 2121 3887
f 727 1999 3761
f 2165 2171 2170
f 3660 3659 3626
f 3743 3581 3578
f 2175 2172 769
f 2100 500 2095
f 3758 567 3757
f 640 3560 3568
f 1653 3576 3553
f 1895 3536 3530
f 746 3530 3537
f 1653 1810 3528
f 3762 1603 1604
f 2093 2075 2073
f 959 996 995
f 962 899 919
f 1400 1401 1398
f 1000 817 1127
f 956 959 884
f 1662 3548 3550
f 2034 3558 3546
f 3926 1689 3539
f 3535 3572 766
f 3572 3574 765
f 334 3570 3571
f 1868 3531 3540
f 1684 1651 1652
f 1682 1683 775
f 1585 1603 3762
f 3763 3762 1672
f 2173 2174 490
f 1658 3544 3547
f 3556 3543 1650
f 1571 3754 2010
f 1587 3664 3671
f 2099 2095 2077
f 787 3761 1999
f 2000 3694 786
f 3155 339 3697
f 3713 3155 3683
f 2180 2179 3685
f 3496 2180 3684
f 1684 3846 3840
f 1760 464 3495
f 2607 3689 3693
f 2581 3676 3689
f 2371 2502 3700
f 2371 3695 3693
f 2587 3676 3675
f 2586 3675 3697
f 2497 3691 3687
f 2502 2503 3687
f 2494 3691 3690
f 3690 3688 2472
f 3688 3701 2468
f 3701 3703 2469
f 726 3908 3892
f 581 3567 3518
f 10 3511 3570
f 1837 3514 3510
f 741 3537 3523
f 1299 3524 3558
f 1851 3507 3504
f 3527 3565 1820
f 580 3518 3536
f 1758 1685 3522
f 1693 3557 3508
f 3504 3512 1867
f 1894 1826 3568
f 2126 1418 3813
f 3906 2126 3841
f 2113 3911 3867
f 2179 3713 3789
f 624 3903 3904
f 2192 3604 3788
f 2177 3541 3787
f 1364 3824 3833
f 3858 3855 1470
f 3135 1753 3775
f 2069 3812 3835
f 1351 3861 3853
f 2108 3882 3901
f 2089 2092 3736
f 3828 3834 1358
f 2001 3749 3783
f 2187 3783 3719
f 2130 3756 3752
f 2004 3752 3749
f 2014 3724 3779
f 2201 3779 3756
f 3167 3720 3759
f 3168 3724 3720
f 3159 3709 3764
f 3160 3764 3765
f 3730 3707 3158
f 3158 3707 3709
f 2200 3069 3730
f 3685 3789 3742
f 3722 3774 2197
f 3790 3736 2092
f 3774 3790 3721
f 3154 3706 3790
f 3155 3713 3706
f 2091 3719 3721
f 2196 3148 3750
f 2193 2196 3776
f 3604 2193 3781
f 2086 2192 3780
f 2087 2086 3778
f 2204 3742 3751
f 2205 3751 3750
f 3909 3886 574
f 2124 2087 3777
f 2208 2124 3760
f 3711 3785 3140
f 3785 3745 3138
f 3745 3744 3139
f 3771 3712 3136
f 3712 3711 3137
f 3775 3767 3131
f 3767 3782 3132
f 1813 3839 3838
f 1293 3854 3856
f 2184 2321 3748
f 2181 2184 3732
f 3765 3768 3079
f 3768 3734 3080
f 709 3873 3875
f 2774 2961 3737
f 3786 3769 2134
f 3809 3808 766
f 2968 3784 3766
f 2969 3759 3784
f 2958 3747 3737
f 2132 3747 3766
f 2321 2185 3771
f 3860 3848 1449
f 3905 3874 582
f 3886 3889 577
f 3847 3826 1818
f 705 3902 3887
f 3816 3912 3907
f 2111 3883 3911
f 3810 3829 1366
f 1812 3839 3822
f 675 3851 3852
f 3496 3705 3851
f 2110 3867 3868
f 2104 3896 3901
f 2109 3868 3899
f 3842 3831 703
f 1680 3811 3846
f 1639 1627 3819
f 623 3904 3906
f 2139 2140 3866
f 1808 1640 3844
f 3820 3821 1819
f 3872 3914 3900
f 1646 3832 3830
f 3889 3890 633
f 2139 3865 3875
f 2156 2155 3871
f 674 3852 3913
f 2117 3817 3812
f 1815 3822 3847
f 3855 3849 1444
f 697 3906 3912
f 866 842 3836
f 3864 3869 2136
f 3585 3731 3726
f 3583 3740 3731
f 3753 3746 3738
f 3740 3583 3581
f 1088 3738 3746
f 3739 3740 3743
f 2791 3492 3493
f 3492 2808 2807
f 2792 3493 3494
f 3493 2807 2806
f 3508 2909 3494
f 3516 3494 2806
f 2948 3503 3791
f 2105 3908 3896
f 3538 3802 3804
f 680 3878 3876
f 1891 1890 3910
f 2905 3799 3801
f 2900 3797 3799
f 2901 3797 3807
f 2734 2878 3806
f 2877 3807 3806
f 2820 3800 3794
f 2818 3796 3792
f 2823 3793 3792
f 2822 3793 3798
f 2819 2735 3800
f 2817 3796 3795
f 2809 3805 3795
f 2808 3805 3803
f 2805 3804 3803
f 1702 3921 3923
f 3922 3920 1797
f 3915 3916 1706
f 3918 3927 1692
f 1657 3898 3880
f 1890 1877 3895
f 3772 3770 1674
f 1689 1690 3772
f 3926 3802 3538
f 3516 3539 1689
f 3917 3923 1703
f 1598 3917 3928
f 3880 3884 1876
f 1691 1690 3925
f 3925 3926 1688
