v 0.059471 -0.010190 -0.048194
v 0.063394 -0.011189 -0.047290
v 0.064113 -0.009660 -0.047187
v 0.059903 -0.008732 -0.047948
v 0.072193 -0.008759 -0.057656
v 0.071558 -0.005318 -0.054383
v 0.071009 -0.002198 -0.054253
v 0.071217 -0.002671 -0.056966
v 0.026100 -0.046249 -0.110341
v 0.011598 -0.046164 -0.114838
v 0.011459 -0.058354 -0.112062
v 0.024806 -0.060072 -0.106423
v 0.043235 -0.083177 -0.086928
v 0.038247 -0.075220 -0.092470
v 0.036897 -0.088147 -0.096468
v 0.045255 -0.090724 -0.086436
v 0.038291 0.045788 0.040417
v 0.045400 0.044974 0.034822
v 0.044466 0.038465 0.038544
v -0.060050 -0.009705 -0.049826
v -0.063946 -0.010731 -0.048976
v -0.064611 -0.009328 -0.048905
v -0.060191 -0.008261 -0.049607
v -0.072441 -0.008402 -0.059721
v -0.071541 -0.005029 -0.056369
v -0.071180 -0.001981 -0.056162
v -0.071469 -0.002302 -0.058871
v 0.037497 0.038599 0.042767
v 0.091653 0.013250 -0.068283
v 0.091469 0.010665 -0.069662
v 0.091512 0.009266 -0.067892
v 0.091536 0.011591 -0.066879
v 0.087236 -0.005547 -0.066833
v 0.087316 0.002081 -0.068352
v 0.088760 0.004600 -0.068720
v 0.088545 0.002580 -0.068270
v 0.086491 -0.016012 -0.064099
v 0.085542 -0.015291 -0.063568
v 0.087476 -0.010704 -0.065201
v 0.088250 -0.011050 -0.066069
v 0.071060 -0.035473 -0.041198
v 0.073758 -0.033706 -0.043024
v 0.074302 -0.035524 -0.044103
v 0.069651 -0.036906 -0.042509
v 0.066759 -0.035434 -0.043344
v 0.071596 -0.036274 -0.047270
v 0.070913 -0.033038 -0.048191
v 0.067070 -0.032909 -0.044942
v 0.087098 0.023145 -0.053118
v 0.087279 0.019949 -0.052881
v 0.085654 0.019296 -0.050363
v 0.085466 0.022604 -0.050340
v 0.071969 -0.009741 -0.063821
v 0.069884 -0.016218 -0.061514
v 0.075682 -0.011075 -0.063862
v 0.076197 -0.008385 -0.064377
v 0.085173 0.012361 -0.060734
v 0.086013 0.013448 -0.064215
v 0.086171 0.011372 -0.065486
v 0.085234 0.009725 -0.062933
v 0.087623 0.015229 -0.069212
v 0.087711 0.012356 -0.070650
v 0.069651 -0.026360 -0.039068
v 0.068831 -0.022619 -0.038295
v 0.069596 -0.021072 -0.039545
v 0.070120 -0.022122 -0.040737
v 0.070423 -0.008972 -0.054614
v 0.071886 -0.004811 -0.052839
v 0.082476 -0.026594 -0.058661
v 0.082225 -0.024678 -0.057944
v 0.084252 -0.020550 -0.061520
v 0.084527 -0.021827 -0.062283
v 0.079488 -0.021976 -0.056227
v 0.081759 -0.019462 -0.059807
v 0.082919 -0.018774 -0.061517
v 0.081605 -0.020948 -0.059566
v 0.088146 0.015738 -0.059616
v 0.085960 0.017761 -0.055252
v 0.086613 0.017823 -0.055616
v 0.088436 0.015599 -0.060628
v 0.078852 0.003458 -0.063820
v 0.077849 0.008367 -0.061980
v 0.076479 0.007888 -0.062110
v 0.077581 0.003615 -0.063721
v 0.088208 0.012283 -0.066976
v 0.088482 0.009601 -0.068076
v 0.086618 0.008778 -0.067080
v 0.074468 0.010505 -0.050104
v 0.074528 0.011193 -0.050907
v 0.075140 0.009517 -0.051346
v 0.074560 0.008316 -0.050101
v 0.074120 -0.036837 -0.047324
v 0.067016 -0.024456 -0.055003
v 0.068887 -0.023639 -0.056272
v 0.071681 -0.019768 -0.059312
v 0.070458 -0.018616 -0.059543
v 0.066805 -0.033624 -0.039563
v 0.069670 -0.033524 -0.039165
v 0.070576 -0.034906 -0.040301
v 0.067477 -0.035398 -0.040618
v 0.077755 0.014630 -0.050886
v 0.080325 0.013993 -0.053210
v 0.078507 0.013014 -0.052499
v 0.076627 0.013388 -0.050699
v 0.085944 0.000182 -0.066896
v 0.085283 0.006975 -0.064797
v 0.084787 -0.009180 -0.061489
v 0.085233 -0.009114 -0.064549
v 0.084226 -0.013169 -0.063393
v -0.028674 -0.046369 -0.110426
v -0.014211 -0.046197 -0.114868
v -0.014115 -0.058434 -0.112104
v -0.027471 -0.060250 -0.106503
v 0.084134 -0.013227 -0.060387
v 0.084731 -0.001001 -0.061396
v 0.085386 -0.000922 -0.064852
v 0.089057 0.008321 -0.066429
v 0.088767 0.002260 -0.066932
v 0.088962 0.008792 -0.067199
v 0.075473 0.011707 -0.060008
v 0.075381 0.014817 -0.064143
v 0.074461 0.008437 -0.065757
v 0.075462 0.009406 -0.061519
v 0.070342 -0.017122 -0.039944
v 0.071768 -0.014966 -0.041065
v 0.070716 -0.017263 -0.042566
v 0.070094 -0.019364 -0.042340
v 0.072370 -0.021743 -0.058091
v 0.069748 -0.024753 -0.055516
v 0.070343 -0.025235 -0.054853
v 0.073090 -0.023576 -0.056561
v 0.082913 0.015327 -0.055199
v 0.082773 0.009776 -0.055931
v 0.081096 0.009694 -0.054547
v 0.075883 -0.020506 -0.047688
v 0.076524 -0.019154 -0.049679
v 0.077745 -0.022343 -0.051551
v 0.076835 -0.024417 -0.049863
v 0.078572 -0.033102 -0.052783
v 0.076263 -0.032988 -0.053132
v 0.073868 -0.035063 -0.050070
v 0.076395 -0.035609 -0.049881
v 0.069896 -0.020470 -0.041411
v 0.069845 -0.019707 -0.039798
v 0.081141 0.003739 -0.065541
v 0.080146 0.009794 -0.063499
v 0.084372 0.008029 -0.060779
v 0.084464 0.005623 -0.062292
v 0.073210 -0.004468 -0.045598
v 0.070580 -0.003797 -0.046694
v 0.070369 -0.004484 -0.046892
v 0.073596 -0.006077 -0.045483
v 0.073720 -0.004365 -0.044074
v 0.074142 -0.005909 -0.043980
v 0.073851 -0.006262 -0.042464
v 0.073483 -0.005345 -0.042368
v 0.069838 -0.003451 -0.047649
v 0.069971 -0.003736 -0.047135
v 0.070479 -0.003299 -0.047520
v 0.074539 -0.001294 -0.058659
v 0.075930 -0.009169 -0.061078
v 0.073645 -0.008854 -0.059892
v 0.070805 -0.001367 -0.058165
v 0.086054 -0.007935 -0.066224
v 0.081831 0.018793 -0.046203
v 0.079980 0.020682 -0.046249
v 0.082604 0.024428 -0.050872
v 0.071313 -0.017484 -0.052049
v 0.073626 -0.016881 -0.048950
v 0.071822 -0.017032 -0.047399
v 0.070425 -0.018171 -0.050402
v 0.069727 -0.012951 -0.045230
v 0.067771 -0.016423 -0.044405
v 0.072155 -0.014494 -0.043970
v 0.073814 0.001277 -0.043723
v 0.072151 -0.002406 -0.046899
v 0.073007 -0.003353 -0.045269
v 0.073400 -0.003071 -0.043811
v 0.086547 -0.016717 -0.065144
v 0.088365 -0.011589 -0.067510
v 0.086579 -0.011506 -0.068557
v 0.084828 -0.016998 -0.066227
v 0.067379 -0.030000 -0.037929
v 0.065077 -0.032580 -0.040774
v 0.067218 -0.026766 -0.036793
v 0.091114 0.019836 -0.062626
v 0.087035 0.022347 -0.063129
v 0.087295 0.020395 -0.065549
v 0.091406 0.017880 -0.064827
v 0.069886 0.002764 -0.052857
v 0.070259 0.000696 -0.052581
v 0.070768 0.002268 -0.050845
v 0.070480 0.004078 -0.050844
v 0.049949 -0.032292 -0.093640
v 0.058046 -0.032325 -0.074842
v 0.061857 -0.018515 -0.083332
v 0.054927 -0.018782 -0.099256
v 0.079444 -0.030556 -0.052473
v 0.078200 -0.032762 -0.049790
v 0.075027 0.008960 -0.042517
v 0.074206 0.011018 -0.041521
v 0.075526 0.016304 -0.042978
v 0.076358 0.012930 -0.042769
v 0.088141 0.004050 -0.071647
v 0.091170 0.003236 -0.070375
v 0.077234 0.015206 -0.049029
v 0.081534 0.018761 -0.051944
v 0.079123 0.016306 -0.051129
v 0.076978 0.014945 -0.049559
v 0.076045 0.006774 -0.047531
v 0.076912 0.008107 -0.047105
v 0.075478 0.009015 -0.047365
v 0.074321 0.007611 -0.047481
v 0.074115 0.015700 -0.040367
v 0.075910 0.020474 -0.043512
v 0.065837 -0.025237 -0.054437
v 0.076825 0.007791 -0.045028
v 0.077758 0.010395 -0.044507
v 0.078177 0.009602 -0.046854
v -0.046042 -0.083593 -0.086848
v -0.041000 -0.075588 -0.092417
v -0.039569 -0.088517 -0.096574
v -0.048028 -0.091183 -0.086476
v 0.068232 -0.021676 -0.036183
v 0.069200 -0.020012 -0.038187
v 0.076132 0.013742 -0.049551
v 0.075407 0.012664 -0.049588
v 0.073730 0.009113 -0.049305
v 0.074027 0.006618 -0.050498
v 0.080918 -0.000247 -0.057557
v 0.082570 -0.008652 -0.059483
v 0.065525 -0.017994 -0.069619
v 0.062680 -0.031926 -0.055009
v 0.074331 0.009426 -0.047422
v 0.074152 0.009752 -0.047724
v 0.073036 0.008861 -0.048452
v 0.073279 0.008358 -0.047609
v 0.076832 -0.034282 -0.047280
v 0.079594 0.006160 -0.054905
v 0.076086 0.004547 -0.053081
v 0.076669 0.006760 -0.052111
v 0.088461 -0.005994 -0.066133
v 0.089531 0.002316 -0.066985
v 0.090990 0.002812 -0.068504
v 0.089783 -0.006197 -0.067401
v 0.065464 -0.033817 -0.041617
v 0.070183 -0.000070 -0.053569
v 0.071566 -0.001883 -0.052775
v 0.070921 0.005515 -0.050860
v 0.071846 0.007315 -0.049255
v 0.069589 -0.017067 -0.037848
v 0.087452 0.016293 -0.064157
v 0.087852 0.014401 -0.065586
v 0.085793 0.015036 -0.062844
v 0.085424 0.016250 -0.061238
v 0.084513 0.017453 -0.057435
v 0.084999 0.018924 -0.057021
v 0.086793 0.017774 -0.062030
v 0.074827 0.005310 -0.051956
v 0.075776 0.007283 -0.051007
v 0.074961 -0.021748 -0.046133
v 0.075586 -0.027914 -0.047193
v 0.082868 -0.016618 -0.061158
v 0.082501 -0.015879 -0.058309
v 0.083921 -0.005576 -0.069288
v 0.083818 0.003769 -0.069998
v 0.082195 0.003689 -0.067719
v 0.082515 -0.005082 -0.067859
v 0.076369 -0.002600 -0.064333
v 0.073472 -0.001745 -0.064852
v 0.073033 -0.004222 -0.041858
v 0.072327 -0.000555 -0.040057
v 0.070850 0.004940 -0.051246
v 0.071294 0.006481 -0.049093
v 0.076861 -0.019196 -0.060530
v 0.072827 -0.026701 -0.053337
v 0.077011 -0.021611 -0.058892
v 0.068578 -0.027227 -0.051271
v 0.068302 -0.028365 -0.049014
v 0.071000 -0.028470 -0.050615
v 0.079545 -0.020023 -0.055391
v 0.081337 -0.018823 -0.058152
v 0.068993 -0.003686 -0.048430
v 0.067596 -0.005285 -0.049626
v 0.068634 -0.004209 -0.047780
v 0.083724 -0.000853 -0.058965
v 0.084188 -0.008861 -0.059753
v 0.077169 0.010230 -0.047292
v 0.074601 0.000166 -0.048954
v 0.075890 0.003530 -0.046573
v 0.080502 0.013703 -0.046738
v 0.078856 0.011944 -0.047469
v 0.078290 0.011095 -0.047286
v 0.079340 0.011558 -0.046538
v 0.062057 -0.014001 -0.047778
v 0.065684 -0.015457 -0.046523
v 0.067172 -0.012157 -0.046357
v 0.084036 0.019262 -0.055851
v 0.084417 0.017201 -0.057020
v 0.081495 0.010442 -0.065371
v 0.075510 0.011421 -0.052050
v 0.076367 0.009734 -0.052819
v 0.077809 0.023151 -0.058877
v 0.077337 0.021157 -0.055500
v 0.077589 0.021295 -0.054237
v 0.078071 0.025341 -0.054302
v 0.067631 -0.031261 -0.045917
v 0.070462 -0.030939 -0.048571
v 0.070208 -0.029595 -0.049028
v 0.067955 -0.029791 -0.047129
v 0.071143 -0.017255 -0.046682
v 0.070116 -0.018461 -0.049403
v 0.084370 -0.015211 -0.063759
v 0.083554 -0.016094 -0.062779
v 0.084962 -0.012138 -0.064839
v 0.086170 -0.010916 -0.065531
v 0.071152 0.003409 -0.054459
v 0.069869 0.002289 -0.055027
v 0.077895 0.015259 -0.056318
v 0.080221 0.017628 -0.057796
v 0.079123 0.020549 -0.054155
v 0.077373 0.018396 -0.054033
v 0.082820 0.011177 -0.067869
v 0.076218 0.008373 -0.052554
v 0.076901 0.008565 -0.053619
v 0.075735 0.008842 -0.052059
v 0.073549 0.006687 -0.047710
v 0.075357 0.005454 -0.047955
v 0.079851 0.013687 -0.048104
v 0.083863 0.017166 -0.051363
v 0.082948 0.016945 -0.051007
v 0.079155 0.014297 -0.048507
v 0.074330 0.011326 -0.048762
v 0.012903 -0.034110 -0.121168
v 0.014676 -0.023858 -0.128492
v -0.037798 0.045659 0.039469
v -0.045107 0.044717 0.033985
v -0.044249 0.038316 0.037600
v -0.037095 0.038607 0.041764
v 0.077564 0.020926 -0.046414
v 0.078857 0.022748 -0.050570
v 0.079774 0.023651 -0.050823
v 0.078145 0.021813 -0.047460
v 0.085379 0.014979 -0.060572
v 0.089097 0.011184 -0.066010
v 0.072620 -0.002994 -0.050937
v 0.069515 -0.006155 -0.050924
v 0.059688 -0.007492 -0.049698
v 0.060042 -0.006198 -0.049841
v 0.060736 -0.006734 -0.051010
v 0.060213 -0.008365 -0.051049
v 0.062316 -0.012687 -0.051389
v 0.064991 -0.013783 -0.050354
v 0.064207 -0.015755 -0.048835
v 0.061321 -0.015134 -0.050866
v 0.058803 -0.010957 -0.050113
v 0.059280 -0.009219 -0.049787
v 0.060053 -0.010168 -0.051199
v 0.059684 -0.012180 -0.051496
v 0.083512 0.018875 -0.053560
v 0.085253 0.018766 -0.055166
v 0.089821 0.010527 -0.065293
v 0.089814 0.008408 -0.066421
v 0.088462 0.014970 -0.063113
v 0.088834 0.013267 -0.064525
v 0.072341 -0.012305 -0.040816
v 0.073359 -0.012079 -0.042773
v 0.072905 -0.013752 -0.042753
v 0.091085 0.013972 -0.065383
v 0.091592 0.015581 -0.066699
v 0.070127 -0.029918 -0.038807
v 0.068869 -0.031322 -0.038118
v 0.043787 -0.100310 -0.023709
v 0.053252 -0.095055 -0.035303
v 0.052732 -0.104896 -0.035034
v 0.043696 -0.110134 -0.024078
v 0.080330 0.016033 -0.045109
v 0.079114 0.018550 -0.044611
v 0.058954 -0.012332 -0.048590
v 0.058890 -0.013554 -0.050605
v 0.061390 -0.015249 -0.049194
v 0.064501 -0.007997 -0.047230
v 0.060257 -0.007267 -0.047946
v 0.062619 -0.010934 -0.051326
v 0.064250 -0.005772 -0.050488
v 0.064693 -0.004664 -0.048837
v 0.067069 -0.018988 -0.045629
v 0.068674 -0.019266 -0.048101
v 0.070219 -0.019388 -0.044588
v 0.059291 -0.013962 -0.051362
v 0.070898 0.004485 -0.052262
v 0.065833 -0.009850 -0.051077
v 0.068956 -0.012380 -0.052809
v 0.068540 -0.014564 -0.051924
v 0.065533 -0.011848 -0.051015
v 0.078057 -0.022881 -0.053338
v 0.078411 -0.020981 -0.053204
v 0.072527 -0.016685 -0.053854
v 0.075528 -0.016638 -0.051803
v 0.072170 -0.000119 -0.051258
v 0.073878 0.002977 -0.049445
v 0.069297 -0.003519 -0.048147
v 0.066696 -0.007572 -0.050746
v 0.068995 -0.009776 -0.052680
v 0.064761 -0.006470 -0.047433
v 0.068676 -0.006552 -0.046919
v 0.068499 -0.005459 -0.047172
v 0.064714 -0.005432 -0.047732
v 0.079265 0.009722 -0.053975
v 0.077718 0.016169 -0.043655
v 0.079147 0.013250 -0.044588
v 0.078431 0.027423 -0.070823
v 0.076137 0.019289 -0.075507
v 0.076882 0.020018 -0.062699
v 0.062623 -0.008964 -0.051098
v 0.060953 -0.005135 -0.049439
v 0.061124 -0.005361 -0.048005
v 0.083566 -0.019282 -0.061232
v 0.071251 -0.019571 -0.044223
v 0.072019 0.004859 -0.048805
v 0.083058 -0.010757 -0.067707
v 0.081724 -0.015891 -0.065598
v 0.071189 0.006072 -0.049108
v 0.072184 0.007241 -0.047934
v 0.069466 -0.018928 -0.048881
v 0.070781 -0.018280 -0.045732
v 0.072561 0.007704 -0.047861
v 0.072755 -0.012640 -0.044216
v 0.084451 0.009515 -0.059259
v 0.074509 -0.030346 -0.053577
v 0.072612 -0.031872 -0.050678
v 0.060684 -0.006201 -0.048032
v 0.064045 -0.015869 -0.048123
v 0.063831 -0.007190 -0.051175
v 0.071090 -0.008737 -0.045763
v 0.070558 -0.010933 -0.045466
v 0.073367 -0.010410 -0.044402
v 0.076991 -0.016295 -0.053563
v 0.073307 -0.015363 -0.056166
v 0.074480 -0.014472 -0.058316
v 0.078648 -0.015688 -0.055356
v 0.080316 -0.020682 -0.063116
v 0.078706 -0.024974 -0.059636
v 0.081053 -0.026776 -0.059391
v 0.083077 -0.022367 -0.063285
v 0.079868 0.042741 -0.079394
v 0.079404 0.033014 -0.063991
v 0.080805 0.049199 -0.067986
v 0.082358 0.019085 -0.062811
v 0.082489 0.016763 -0.064536
v 0.087551 0.017777 -0.067453
v 0.077333 0.023543 -0.048533
v 0.077888 0.021128 -0.052446
v 0.077396 0.022440 -0.050211
v 0.087557 -0.005986 -0.070421
v 0.074377 0.005015 -0.042842
v 0.076363 0.005628 -0.045614
v 0.075728 -0.017953 -0.061288
v 0.078542 -0.017574 -0.053494
v 0.080592 -0.017131 -0.055758
v 0.088634 0.019826 -0.055578
v 0.085536 0.017970 -0.053164
v 0.009938 -0.111853 0.003261
v 0.009799 -0.118871 -0.000452
v 0.007676 -0.007969 0.059664
v 0.009141 -0.008240 0.058323
v 0.008153 -0.006309 0.057370
v 0.007408 -0.006231 0.057986
v 0.007953 -0.017017 0.058272
v 0.007407 -0.015379 0.057175
v 0.008207 -0.015632 0.056548
v 0.008885 -0.017031 0.057363
v 0.004894 -0.006514 0.057136
v 0.003368 -0.009435 0.059843
v 0.004886 -0.008042 0.061319
v 0.006104 -0.005750 0.057954
v 0.088069 0.023191 -0.056582
v 0.010876 -0.017236 0.057762
v 0.009969 -0.015678 0.056658
v 0.010961 -0.014951 0.058342
v 0.012290 -0.016189 0.059388
v 0.004358 -0.016217 0.065914
v 0.005463 -0.014111 0.066094
v 0.004205 -0.015044 0.063721
v 0.004183 -0.016881 0.063353
v 0.007009 -0.013447 0.065538
v 0.008799 -0.014000 0.067167
v 0.010321 -0.014109 0.065583
v 0.008317 -0.013527 0.064020
v 0.003936 -0.012842 0.058960
v 0.005008 -0.014676 0.060170
v 0.003297 -0.012848 0.062486
v 0.011194 -0.012905 0.056628
v 0.009534 -0.014013 0.055368
v 0.008948 -0.010227 0.054488
v 0.010359 -0.009306 0.055533
v 0.046921 -0.084187 -0.023069
v 0.054674 -0.081615 -0.036634
v 0.033765 0.005162 0.037947
v 0.032879 0.002352 0.039075
v 0.028747 0.003535 0.039792
v 0.029809 0.006033 0.038823
v 0.074175 -0.008048 -0.043379
v 0.073656 -0.007251 -0.042073
v 0.082517 0.014034 -0.066176
v 0.088176 0.016569 -0.060217
v 0.082209 0.020957 -0.060640
v 0.080951 0.023257 -0.055947
v 0.079871 0.021785 -0.054989
v 0.081055 0.019114 -0.059033
v 0.090614 0.017189 -0.061471
v 0.072434 -0.021033 -0.043917
v 0.081857 0.005519 -0.056519
v 0.080345 0.023757 -0.053448
v 0.083803 0.025233 -0.054070
v 0.087861 -0.006029 -0.066210
v 0.090941 0.015631 -0.063516
v 0.088970 0.014219 -0.062314
v 0.082006 0.015825 -0.047228
v 0.075548 -0.012388 -0.060702
v 0.081957 -0.012322 -0.058704
v 0.080437 -0.014688 -0.057077
v -0.091202 0.013668 -0.070419
v -0.091056 0.011068 -0.071717
v -0.091099 0.009706 -0.069894
v -0.091069 0.012054 -0.069087
v -0.087356 -0.004979 -0.068778
v -0.087462 0.002520 -0.070384
v -0.088698 0.005053 -0.070863
v -0.088684 0.003026 -0.070412
v 0.074745 -0.013964 -0.059695
v 0.069558 0.001272 -0.054746
v 0.069148 -0.016250 -0.035513
v 0.077453 -0.027634 -0.050775
v -0.086879 -0.015373 -0.065544
v -0.086040 -0.014712 -0.065166
v -0.087829 -0.010107 -0.066818
v -0.088549 -0.010469 -0.067538
v 0.078475 -0.026506 -0.053247
v 0.029028 -0.033515 -0.115526
v 0.032490 -0.022372 -0.122021
v 0.089837 -0.006205 -0.069288
v 0.082975 0.018019 -0.054245
v 0.074071 -0.021598 -0.045245
v 0.073186 -0.027504 -0.044511
v 0.071891 -0.026920 -0.042624
v 0.076773 0.008924 -0.053232
v 0.074967 -0.016932 -0.061744
v 0.075156 -0.014637 -0.062625
v 0.061092 -0.005856 -0.050756
v 0.077626 -0.023159 -0.059102
v 0.073793 -0.028551 -0.053492
v 0.058136 -0.078230 -0.050022
v 0.054627 -0.075483 -0.065093
v -0.071945 -0.035066 -0.042854
v -0.074485 -0.033230 -0.044660
v -0.075052 -0.035068 -0.045903
v -0.070561 -0.036267 -0.044381
v 0.055236 -0.086947 -0.063017
v 0.057475 -0.090673 -0.048585
v 0.071064 -0.002156 -0.036452
v 0.071505 -0.009567 -0.038938
v 0.070497 -0.010561 -0.037174
v 0.023168 -0.102630 -0.001650
v 0.020502 -0.114384 -0.005723
v 0.069421 -0.015628 -0.031377
v 0.069316 -0.016222 -0.021206
v 0.070994 -0.000375 -0.021334
v 0.070435 -0.005873 -0.030955
v 0.059170 0.030519 0.015544
v 0.061007 0.031438 0.010631
v 0.061701 0.021885 0.010676
v 0.059540 0.022984 0.014809
v 0.020058 0.088914 0.032251
v 0.010039 0.089668 0.034522
v 0.010100 0.097289 0.028434
v 0.020365 0.096181 0.025787
v 0.034508 -0.014210 -0.126413
v 0.036454 -0.003735 -0.131185
v 0.016911 -0.006642 -0.138264
v 0.015754 -0.016359 -0.133056
v 0.020545 0.113281 0.003257
v 0.010054 0.114953 0.005975
v 0.010168 0.119927 -0.004109
v -0.067699 -0.034933 -0.045079
v -0.071996 -0.035613 -0.049183
v -0.071197 -0.032503 -0.050093
v -0.067898 -0.032539 -0.046708
v 0.020847 0.117972 -0.006478
v 0.052519 0.002232 0.028537
v 0.054519 -0.004084 0.028623
v 0.050438 -0.004605 0.032320
v 0.048951 0.001757 0.031482
v 0.072689 -0.032169 -0.041771
v 0.071645 -0.031247 -0.040580
v -0.087065 0.023483 -0.054899
v -0.087046 0.020310 -0.054852
v -0.085042 0.019764 -0.052422
v -0.085308 0.022996 -0.052028
v -0.073881 -0.010449 -0.065162
v -0.071765 -0.016862 -0.062992
v -0.077515 -0.011704 -0.065478
v -0.077857 -0.009029 -0.065941
v 0.010344 0.124174 -0.015906
v 0.021284 0.122019 -0.017864
v 0.011874 0.012178 0.045050
v -0.084310 0.012640 -0.063003
v -0.085553 0.013817 -0.066501
v -0.085900 0.011785 -0.067735
v -0.084859 0.010081 -0.065125
v -0.087341 0.015577 -0.071223
v -0.087429 0.012706 -0.072751
v -0.070453 -0.026175 -0.040483
v -0.069716 -0.022457 -0.039709
v -0.070335 -0.020830 -0.041075
v -0.070784 -0.021863 -0.042225
v -0.070399 -0.008659 -0.056634
v -0.072029 -0.004590 -0.054803
v -0.082401 -0.025812 -0.060440
v -0.082530 -0.024027 -0.059562
v -0.084643 -0.019897 -0.062977
v -0.084655 -0.021123 -0.063895
v 0.012283 0.014025 0.042203
v 0.015859 0.010900 0.040973
v 0.015485 0.008910 0.043348
v 0.007838 0.060152 0.046500
v 0.008820 0.068784 0.043808
v 0.017731 0.068827 0.042288
v 0.016172 0.060263 0.045494
v 0.020271 0.008307 0.039869
v 0.019502 0.006352 0.041377
v 0.010054 0.103825 0.021640
v 0.020462 0.102543 0.018800
v 0.020666 0.127798 -0.068132
v -0.079863 -0.021443 -0.057837
v -0.082138 -0.018933 -0.061487
v -0.083336 -0.018218 -0.063202
v -0.081985 -0.020376 -0.061214
v 0.021178 0.128148 -0.059625
v 0.009922 0.130833 -0.060053
v -0.087881 0.016181 -0.061874
v -0.085688 0.018114 -0.057436
v -0.086200 0.018222 -0.057826
v -0.088032 0.016068 -0.062936
v 0.010940 0.129810 -0.072649
v 0.067650 -0.000323 -0.091533
v 0.070885 -0.001410 -0.076109
v 0.073945 0.010520 -0.077739
v 0.071931 0.016127 -0.094341
v 0.033857 -0.095768 -0.011027
v 0.031911 -0.107800 -0.014033
v -0.079863 0.003198 -0.065284
v -0.078535 0.008315 -0.063455
v -0.077616 0.007573 -0.063415
v -0.078899 0.003080 -0.064987
v -0.088021 0.012739 -0.069246
v -0.088337 0.010056 -0.070304
v -0.086448 0.009208 -0.069261
v -0.074528 0.010413 -0.052061
v -0.074798 0.010981 -0.052798
v -0.075466 0.009382 -0.053170
v -0.074881 0.008320 -0.051914
v -0.074609 -0.036234 -0.049321
v -0.068648 -0.024948 -0.056623
v -0.070361 -0.024041 -0.057973
v -0.073096 -0.020124 -0.061004
v -0.072130 -0.019129 -0.061177
v 0.052823 0.052412 0.022700
v 0.054900 0.058250 0.018214
v 0.058136 0.051009 0.014503
v 0.055782 0.046215 0.019439
v 0.006166 0.046478 0.050434
v 0.013459 0.046335 0.050045
v 0.011512 0.039997 0.050213
v 0.005400 0.040105 0.050750
v -0.067899 -0.033358 -0.040867
v -0.070702 -0.033232 -0.040514
v -0.071544 -0.034539 -0.041766
v -0.068532 -0.034960 -0.042231
v 0.059530 0.015633 0.015375
v 0.062161 0.012716 0.012280
v 0.061160 0.004441 0.017055
v 0.058248 0.008550 0.019067
v 0.055175 0.003595 0.025227
v -0.077728 0.014376 -0.052865
v -0.080056 0.013903 -0.055265
v -0.078460 0.012854 -0.054441
v -0.076722 0.013133 -0.052637
v 0.057442 -0.002354 0.024821
v -0.086299 0.000640 -0.068811
v -0.085141 0.007426 -0.066923
v 0.019114 0.078895 0.038312
v 0.009534 0.079279 0.040124
v 0.060018 0.041649 0.011675
v 0.057881 0.038568 0.016977
v 0.009224 0.015227 0.047664
v 0.009910 0.016636 0.044017
v 0.007387 0.021396 0.046868
v -0.085416 -0.008680 -0.063318
v -0.085814 -0.008596 -0.066396
v -0.084736 -0.012606 -0.065153
v -0.084678 -0.012684 -0.062045
v 0.004521 0.020655 0.052599
v 0.004472 0.024356 0.051452
v 0.007247 0.024190 0.047596
v 0.033679 0.059999 0.038283
v 0.035451 0.067900 0.034642
v 0.042942 0.066618 0.029093
v 0.041245 0.059249 0.032988
v 0.020494 0.108120 0.011493
v -0.085087 -0.000623 -0.063356
v -0.085806 -0.000478 -0.066771
v 0.010020 0.109589 0.014329
v 0.004603 0.032588 0.050489
v 0.008592 0.032570 0.048395
v 0.007521 0.029572 0.047845
v -0.089037 0.008846 -0.068741
v -0.089060 0.002702 -0.069025
v -0.088873 0.009282 -0.069457
v -0.076528 0.011568 -0.061160
v -0.076576 0.014539 -0.065030
v -0.076037 0.007914 -0.066654
v -0.076865 0.009004 -0.062653
v 0.004663 0.029650 0.050559
v 0.023887 0.004762 0.040503
v 0.024854 0.007016 0.039478
v 0.064858 -0.031025 -0.044601
v 0.065940 -0.032272 -0.044132
v 0.072739 0.015177 -0.033939
v 0.071275 0.004607 -0.032064
v 0.071625 0.012954 -0.022440
v 0.072310 0.025695 -0.024627
v 0.074749 0.037476 -0.028159
v 0.076068 0.046043 -0.033509
v 0.076710 0.030413 -0.040627
v 0.075007 0.024094 -0.036270
v 0.049781 -0.084303 -0.075764
v 0.047418 -0.074101 -0.079132
v 0.004355 0.017655 0.055075
v 0.004278 0.014818 0.057503
v 0.019394 0.035446 -0.149810
v -0.070788 -0.016860 -0.041856
v -0.072193 -0.014754 -0.043096
v -0.071173 -0.016924 -0.044493
v -0.070655 -0.018965 -0.044114
v 0.018748 0.021839 -0.147903
v 0.039086 0.025883 -0.139432
v 0.039512 0.038841 -0.140941
v 0.064323 -0.010916 -0.087488
v -0.073605 -0.021936 -0.059754
v -0.070991 -0.024992 -0.057259
v -0.071409 -0.025306 -0.056592
v -0.074169 -0.023618 -0.058234
v 0.068184 -0.010228 -0.073240
v 0.009739 -0.011321 0.060210
v 0.006656 -0.006951 0.055545
v 0.006681 -0.010583 0.054470
v 0.006376 -0.008102 0.055559
v 0.009746 -0.013912 0.061877
v 0.011845 -0.014638 0.063129
v 0.007552 -0.014025 0.055315
v 0.006914 -0.013829 0.055634
v 0.006154 -0.010272 0.054650
v 0.007966 -0.006408 0.056230
v 0.001813 -0.017992 0.068250
v 0.002492 -0.016566 0.071195
v 0.006044 -0.015147 0.070002
v 0.004542 -0.016582 0.067925
v 0.004468 -0.007814 0.056820
v 0.003570 -0.009813 0.057400
v 0.004675 -0.011670 0.064547
v 0.006331 -0.007914 0.060726
v 0.006780 -0.005895 0.058011
v 0.006276 -0.010999 0.063780
v 0.005287 -0.016847 0.060784
v 0.007946 -0.010929 0.062175
v -0.082112 0.015383 -0.057484
v -0.082069 0.009963 -0.058101
v -0.080687 0.009771 -0.056607
v -0.076285 -0.020147 -0.049393
v -0.077068 -0.018861 -0.051307
v -0.077972 -0.021930 -0.053241
v -0.076953 -0.023978 -0.051678
v 0.077317 -0.018234 -0.051486
v 0.056341 -0.064473 -0.031531
v 0.059739 -0.049562 -0.038943
v 0.059011 -0.050001 -0.044605
v -0.078470 -0.032300 -0.054687
v -0.076259 -0.032527 -0.055321
v -0.074196 -0.034666 -0.052230
v -0.076561 -0.035006 -0.051944
v -0.070643 -0.020114 -0.043020
v -0.070463 -0.019435 -0.041473
v -0.081739 0.003679 -0.067167
v -0.080483 0.009846 -0.065205
v 0.057117 -0.065491 -0.040543
v 0.079502 0.008095 -0.054666
v 0.066695 0.057765 -0.003961
v 0.068201 0.069700 -0.013258
v 0.073440 0.057929 -0.024761
v -0.083904 0.008351 -0.062927
v -0.084420 0.006039 -0.064398
v 0.072855 0.047170 -0.019477
v 0.068641 0.079462 -0.021504
v 0.073888 0.068816 -0.032177
v 0.077110 0.056639 -0.041800
v 0.078879 0.036335 -0.055560
v 0.041346 0.018207 0.033766
v 0.041581 0.017905 0.033720
v 0.040083 0.017492 0.034861
v -0.073489 -0.004309 -0.047625
v -0.070874 -0.003632 -0.048692
v -0.070701 -0.004320 -0.048866
v -0.073886 -0.005910 -0.047480
v 0.039931 0.017851 0.034946
v 0.040985 0.018382 0.033488
v 0.039726 0.018012 0.034446
v -0.073982 -0.004244 -0.046105
v -0.074405 -0.005761 -0.045997
v -0.074163 -0.006133 -0.044483
v -0.073804 -0.005238 -0.044392
v 0.042050 0.018791 0.032674
v 0.042425 0.018581 0.032939
v 0.042584 0.018257 0.032882
v 0.024735 0.018472 0.037419
v 0.025181 0.018573 0.036708
v 0.027588 0.018011 0.037600
v 0.027370 0.017913 0.038362
v 0.024579 0.018148 0.037695
v 0.027617 0.017476 0.038428
v -0.070177 -0.003321 -0.049607
v -0.070294 -0.003587 -0.049102
v -0.070787 -0.003147 -0.049511
v -0.074937 -0.000411 -0.061147
v -0.076325 -0.008350 -0.063163
v -0.074106 -0.008329 -0.061973
v -0.071334 -0.000775 -0.060284
v 0.023916 0.019746 0.031705
v 0.023646 0.020381 0.031737
v -0.086381 -0.007351 -0.068032
v 0.024974 0.018829 0.031927
v 0.022726 0.020554 0.034199
v 0.022648 0.021488 0.034280
v -0.081696 0.019128 -0.047955
v -0.080121 0.020961 -0.047654
v -0.082641 0.024715 -0.052340
v 0.023248 0.022076 0.031808
v 0.023380 0.020939 0.031710
v 0.022988 0.020022 0.034385
v -0.072026 -0.017541 -0.053897
v -0.074466 -0.016630 -0.050617
v -0.072565 -0.016677 -0.049102
v -0.071100 -0.017995 -0.052222
v -0.070211 -0.012663 -0.047200
v -0.068249 -0.016066 -0.046326
v -0.072661 -0.014247 -0.045971
v -0.073971 0.001485 -0.045801
v -0.072282 -0.002154 -0.048947
v -0.073274 -0.003204 -0.047321
v -0.073677 -0.002972 -0.045867
v -0.086720 -0.016057 -0.066651
v -0.088396 -0.010950 -0.068972
v -0.086602 -0.011012 -0.070276
v -0.084968 -0.016420 -0.067907
v 0.021418 0.019805 0.035063
v 0.021023 0.020240 0.034901
v -0.068379 -0.029736 -0.039224
v -0.066220 -0.032444 -0.042090
v -0.068344 -0.026657 -0.038119
v -0.090923 0.020248 -0.064650
v -0.086944 0.022743 -0.064998
v -0.087159 0.020762 -0.067477
v -0.091168 0.018283 -0.066929
v -0.070526 0.003142 -0.054848
v -0.070706 0.000989 -0.054479
v -0.071155 0.002551 -0.052854
v -0.071085 0.004411 -0.052932
v 0.021160 0.020934 0.035059
v 0.032172 0.016504 0.038377
v 0.032511 0.015882 0.038093
v 0.028079 0.016307 0.038305
v 0.027908 0.016911 0.038423
v 0.031859 0.017042 0.038497
v 0.035165 0.017060 0.037732
v 0.035502 0.016533 0.037524
v 0.035801 0.015949 0.037159
v -0.052300 -0.032626 -0.093962
v -0.060296 -0.032773 -0.075348
v -0.063985 -0.018987 -0.083965
v -0.057089 -0.019155 -0.099698
v -0.079584 -0.029852 -0.054208
v -0.078459 -0.032133 -0.051624
v -0.075127 0.009119 -0.044484
v -0.074477 0.011129 -0.043041
v -0.075840 0.016517 -0.044134
v -0.076360 0.013138 -0.044476
v 0.024722 0.017121 0.037807
v 0.024653 0.017690 0.037796
v 0.036062 0.015274 0.036762
v 0.032781 0.015161 0.037689
v -0.087769 0.004467 -0.073814
v -0.090626 0.003733 -0.072175
v 0.028242 0.015541 0.038060
v 0.024615 0.016566 0.037829
v 0.021565 0.017852 0.037249
v 0.022208 0.018172 0.037220
v 0.032990 0.014390 0.037373
v 0.032826 0.013619 0.037123
v 0.028136 0.014025 0.037647
v 0.028271 0.014723 0.037857
v -0.077084 0.015047 -0.051168
v -0.081062 0.018713 -0.054214
v -0.078799 0.016165 -0.053284
v -0.076916 0.014714 -0.051612
v -0.076106 0.007028 -0.049643
v -0.076889 0.008332 -0.049122
v -0.075511 0.009191 -0.049328
v -0.074495 0.007799 -0.049506
v 0.036196 0.014496 0.036388
v 0.036059 0.013645 0.036163
v -0.074445 0.015701 -0.041400
v -0.076064 0.020546 -0.044368
v 0.044282 0.018467 0.031240
v 0.044826 0.018910 0.030592
v 0.044969 0.018250 0.030446
v -0.067501 -0.025714 -0.055781
v 0.044648 0.017803 0.030845
v 0.047387 0.015036 0.027332
v 0.048404 0.016292 0.026575
v 0.050384 0.015057 0.024896
v -0.076755 0.008057 -0.047130
v -0.077644 0.010626 -0.046509
v -0.077991 0.009852 -0.048895
v -0.069243 -0.021617 -0.037602
v -0.069968 -0.019852 -0.039761
v -0.076129 0.013490 -0.051550
v -0.075504 0.012418 -0.051591
v -0.073949 0.009137 -0.051218
v -0.074427 0.006783 -0.052339
v 0.049030 0.013713 0.026140
v -0.081166 0.000355 -0.059409
v -0.082882 -0.008024 -0.061000
v 0.057049 0.005510 0.022017
v 0.050941 0.011243 0.025247
v 0.052372 0.012745 0.023249
v 0.043612 0.018057 0.031972
v 0.042790 0.017753 0.032765
v 0.043418 0.018617 0.032093
v 0.044074 0.019016 0.031412
v 0.044028 0.017436 0.031554
v 0.043127 0.017113 0.032500
v 0.041830 0.017419 0.033623
v 0.042125 0.016756 0.033428
v 0.040586 0.016348 0.034590
v 0.040336 0.016961 0.034760
v 0.038125 0.016669 0.036146
v -0.067497 -0.018567 -0.070618
v -0.064547 -0.032407 -0.055765
v 0.037871 0.017205 0.036302
v 0.038430 0.016071 0.035849
v 0.040837 0.015652 0.034376
v 0.038755 0.015401 0.035545
v 0.042494 0.016049 0.033050
v 0.043581 0.016434 0.032001
v 0.044438 0.016816 0.031032
v 0.045090 0.017218 0.030275
v 0.045518 0.017845 0.029769
v 0.044929 0.016047 0.030244
v 0.045440 0.015267 0.029393
v 0.044214 0.014808 0.030684
v 0.043969 0.015654 0.031358
v 0.045737 0.016557 0.029356
v 0.046419 0.015862 0.028361
v -0.074369 0.009542 -0.049341
v -0.074149 0.009809 -0.049649
v -0.073263 0.008891 -0.050353
v -0.073515 0.008478 -0.049578
v 0.042740 0.015338 0.032623
v 0.042830 0.014550 0.032045
v 0.040957 0.014177 0.033585
v 0.040966 0.015022 0.034116
v -0.077420 -0.033800 -0.049151
v -0.079674 0.006474 -0.056746
v -0.076600 0.004921 -0.054955
v -0.077278 0.006881 -0.053803
v 0.038973 0.014695 0.035239
v 0.038950 0.013855 0.034771
v -0.088614 -0.005385 -0.067714
v -0.089772 0.002788 -0.068802
v -0.090841 0.003260 -0.070333
v -0.089604 -0.005558 -0.068981
v 0.031739 0.017432 0.038488
v 0.031648 0.017578 0.037897
v 0.034845 0.017594 0.037231
v 0.035015 0.017450 0.037799
v 0.037671 0.017586 0.036333
v -0.066537 -0.033486 -0.043120
v -0.070573 0.000208 -0.055430
v -0.071839 -0.001660 -0.054697
v 0.037581 0.017769 0.035793
v 0.034966 0.016485 0.034860
v 0.034152 0.016964 0.031248
v 0.037009 0.017024 0.030433
v 0.038152 0.016710 0.033712
v -0.071454 0.005765 -0.052790
v -0.072253 0.007434 -0.051202
v 0.031274 0.016297 0.035392
v 0.030877 0.017305 0.031816
v 0.027662 0.016839 0.035606
v -0.070249 -0.016960 -0.039649
v 0.027620 0.017993 0.031988
v 0.025183 0.018363 0.035345
v 0.034043 0.027092 0.039203
v 0.034247 0.027398 0.039640
v 0.038846 0.026842 0.038819
v 0.038426 0.026443 0.038361
v 0.049649 -0.000588 -0.121170
v 0.051108 0.014410 -0.126702
v 0.038327 0.009992 -0.136010
v 0.041427 0.024508 0.036850
v 0.041485 0.025184 0.036790
v 0.043734 0.024337 0.035147
v 0.043494 0.023706 0.035181
v 0.041270 0.023829 0.036747
v -0.087240 0.016614 -0.066385
v -0.087604 0.014823 -0.067856
v -0.085455 0.015254 -0.065069
v -0.085078 0.016423 -0.063474
v -0.084225 0.017551 -0.059640
v -0.084791 0.019191 -0.059239
v -0.086523 0.018019 -0.064262
v -0.075300 0.005555 -0.053782
v -0.076363 0.007330 -0.052702
v 0.043182 0.023087 0.034898
v 0.038300 0.024671 0.038372
v -0.075287 -0.021374 -0.047919
v -0.075939 -0.027440 -0.049001
v -0.083329 -0.016102 -0.062831
v -0.083059 -0.015368 -0.059837
v -0.083851 -0.005208 -0.071130
v -0.083813 0.004022 -0.071912
v -0.082497 0.003795 -0.069471
v -0.082735 -0.004867 -0.069621
v 0.038415 0.025369 0.038480
v 0.038406 0.025970 0.038258
v 0.043330 0.023187 0.029694
v 0.042413 0.024643 0.030528
v -0.077909 -0.003272 -0.065636
v -0.075228 -0.002456 -0.065989
v -0.073475 -0.004168 -0.043866
v -0.072850 -0.000514 -0.041919
v -0.071457 0.005265 -0.053288
v -0.071885 0.006670 -0.051145
v -0.077895 -0.019228 -0.062153
v -0.073594 -0.026554 -0.055090
v -0.077786 -0.021477 -0.060581
v -0.069545 -0.027260 -0.052992
v -0.069119 -0.028255 -0.050775
v -0.071685 -0.028318 -0.052457
v 0.042285 0.022786 0.033124
v 0.043054 0.022013 0.031932
v 0.043770 0.022489 0.028988
v 0.043500 0.021455 0.030981
v 0.043391 0.023248 0.025776
v 0.042623 0.024041 0.026472
v 0.041418 0.024992 0.027499
v -0.079998 -0.019561 -0.056958
v -0.081807 -0.018343 -0.059756
v 0.043850 0.022519 0.025386
v -0.069335 -0.003563 -0.050379
v -0.067685 -0.005038 -0.051563
v -0.069023 -0.004096 -0.049712
v -0.083740 -0.000346 -0.060835
v -0.084609 -0.008337 -0.061435
v -0.077033 0.010455 -0.049292
v 0.044165 0.021794 0.025237
v -0.074711 0.000480 -0.051063
v -0.075868 0.003873 -0.048780
v -0.080065 0.014002 -0.048827
v -0.078534 0.012206 -0.049514
v -0.078005 0.011359 -0.049320
v -0.078976 0.011840 -0.048611
v -0.062688 -0.013444 -0.049460
v -0.066215 -0.015004 -0.048254
v -0.067671 -0.011787 -0.048146
v 0.044136 0.020966 0.025192
v 0.043810 0.020178 0.025525
v 0.059321 -0.010962 0.022238
v 0.059572 0.000360 0.021007
v -0.083518 0.019430 -0.058140
v -0.083766 0.017304 -0.059306
v -0.081559 0.010620 -0.067187
v 0.061909 -0.007708 0.017916
v 0.043171 0.018989 0.032181
v -0.075789 0.011219 -0.053912
v -0.076647 0.009605 -0.054649
v 0.043802 0.019413 0.031478
v -0.078224 0.023053 -0.059429
v -0.077524 0.021119 -0.056204
v -0.077623 0.021294 -0.055008
v -0.078151 0.025309 -0.054875
v 0.042715 0.019216 0.031980
v -0.068378 -0.030978 -0.047683
v -0.071039 -0.030719 -0.050539
v -0.070862 -0.029428 -0.050913
v -0.068669 -0.029562 -0.048872
v -0.071799 -0.016895 -0.048474
v -0.070798 -0.018194 -0.051243
v 0.043139 0.019558 0.031397
v -0.084913 -0.014688 -0.065490
v -0.084077 -0.015576 -0.064476
v -0.085450 -0.011573 -0.066592
v -0.086622 -0.010371 -0.067328
v 0.044279 0.019860 0.030756
v 0.044688 0.019463 0.030673
v 0.041519 0.017532 0.031421
v 0.041196 0.017829 0.028539
v 0.042323 0.018369 0.027610
v -0.071584 0.003928 -0.056581
v -0.070560 0.002812 -0.057114
v -0.078089 0.015443 -0.057595
v -0.080141 0.017934 -0.059205
v -0.079058 0.020732 -0.055381
v -0.077564 0.018489 -0.055149
v -0.082751 0.011416 -0.069743
v 0.042455 0.018390 0.030298
v 0.040359 0.016960 0.032453
v 0.039457 0.017322 0.029504
v 0.042868 0.018889 0.026857
v 0.043436 0.019510 0.026072
v -0.076726 0.008403 -0.054288
v -0.077305 0.008633 -0.055381
v 0.043007 0.018878 0.029674
v -0.076170 0.008792 -0.053828
v 0.043479 0.019430 0.028878
v 0.043527 0.019976 0.030753
v -0.073856 0.006910 -0.049810
v -0.075493 0.005734 -0.050115
v -0.079367 0.013987 -0.050187
v -0.083299 0.017480 -0.053534
v -0.082456 0.017226 -0.053156
v -0.078793 0.014498 -0.050609
v 0.044081 0.020713 0.028172
v 0.044139 0.021225 0.028253
v 0.043853 0.020331 0.030117
v -0.074376 0.011261 -0.050724
v 0.044176 0.020704 0.029566
v 0.043857 0.020164 0.028322
v -0.015447 -0.034166 -0.121207
v -0.017120 -0.023921 -0.128540
v 0.044043 0.021861 0.028516
v 0.043901 0.021042 0.030119
v 0.045225 0.018925 0.030098
v 0.045154 0.019837 0.030032
v 0.045989 0.020527 0.029345
v 0.045814 0.018741 0.029429
v -0.077721 0.021112 -0.047648
v -0.078903 0.022924 -0.051748
v -0.079799 0.023902 -0.052156
v -0.078229 0.022040 -0.048746
v -0.084663 0.015221 -0.062865
v 0.046790 0.018552 0.028504
v 0.046321 0.017330 0.028758
v 0.047269 0.020816 0.028784
v 0.048609 0.021188 0.028141
v -0.088885 0.011678 -0.068298
v -0.072839 -0.002745 -0.052959
v -0.069475 -0.005835 -0.052954
v 0.047934 0.018405 0.027532
v 0.047188 0.016920 0.027790
v 0.044711 0.020211 0.030136
v -0.059967 -0.007073 -0.051354
v -0.060277 -0.005862 -0.051545
v -0.061002 -0.006369 -0.052642
v -0.060536 -0.007942 -0.052649
v 0.045029 0.020563 0.029732
v 0.046731 0.021726 0.030026
v -0.062962 -0.012075 -0.052990
v -0.065617 -0.013318 -0.052003
v -0.064785 -0.015257 -0.050556
v -0.062060 -0.014456 -0.052467
v 0.047616 0.022341 0.029849
v 0.045604 0.021223 0.030322
v 0.045108 0.021743 0.031654
v 0.046038 0.022369 0.031691
v -0.059268 -0.010313 -0.051794
v -0.059629 -0.008702 -0.051427
v -0.060462 -0.009618 -0.052815
v -0.060360 -0.011528 -0.053143
v 0.046662 0.023024 0.031693
v 0.044997 0.022972 0.033382
v -0.083051 0.018995 -0.055814
v -0.084817 0.019105 -0.057419
v 0.045474 0.023607 0.033405
v 0.044325 0.022384 0.033161
v 0.044656 0.021033 0.030460
v -0.089547 0.011093 -0.067696
v -0.089693 0.008908 -0.068572
v -0.088261 0.015372 -0.065348
v -0.088545 0.013733 -0.066805
v 0.044215 0.021446 0.031425
v 0.043592 0.021998 0.032661
v 0.042716 0.022602 0.034079
v -0.072788 -0.012162 -0.042862
v -0.073757 -0.011886 -0.044806
v -0.073343 -0.013548 -0.044801
v -0.090584 0.014471 -0.067693
v -0.091179 0.016024 -0.068842
v -0.070955 -0.029614 -0.040159
v -0.069849 -0.031057 -0.039386
v -0.044039 -0.100692 -0.024133
v -0.053783 -0.095544 -0.035549
v -0.053696 -0.105485 -0.035307
v -0.044308 -0.110536 -0.024492
v -0.080095 0.016330 -0.046994
v -0.079220 0.018782 -0.046109
v 0.041051 0.023462 0.036067
v 0.040744 0.023733 0.035099
v 0.038151 0.024166 0.037795
v -0.059635 -0.011738 -0.050253
v -0.059688 -0.012880 -0.052322
v -0.062177 -0.014539 -0.050898
v -0.064963 -0.007744 -0.049022
v -0.060728 -0.006985 -0.049629
v 0.038023 0.024379 0.036898
v 0.034682 0.028207 0.040515
v 0.039862 0.027916 0.039496
v 0.037985 0.026645 0.033801
v 0.036313 0.026418 0.030692
v 0.033793 0.026591 0.032044
v 0.034610 0.026978 0.035611
v -0.063010 -0.010437 -0.052885
v 0.022866 0.021968 0.034540
v 0.023336 0.022902 0.035123
v -0.064433 -0.005499 -0.052264
v -0.065109 -0.004539 -0.050666
v -0.067606 -0.018526 -0.047496
v -0.069201 -0.018823 -0.049989
v -0.070797 -0.018923 -0.046419
v -0.060066 -0.013205 -0.053027
v -0.071368 0.004913 -0.054287
v 0.023800 0.023957 0.032443
v 0.023219 0.022848 0.031945
v 0.021956 0.021379 0.035518
v 0.023105 0.022251 0.036212
v -0.066052 -0.009510 -0.052813
v -0.069302 -0.012192 -0.054700
v -0.068990 -0.014342 -0.053729
v -0.065883 -0.011419 -0.052696
v -0.078410 -0.022381 -0.054946
v -0.078802 -0.020545 -0.054795
v -0.073174 -0.016758 -0.055666
v -0.076175 -0.016581 -0.053537
v -0.072439 0.000119 -0.053233
v -0.074081 0.003250 -0.051549
v -0.069587 -0.003384 -0.050116
v -0.066852 -0.007294 -0.052573
v -0.069083 -0.009496 -0.054615
v -0.065202 -0.006281 -0.049281
v -0.069098 -0.006375 -0.048829
v -0.068924 -0.005309 -0.049092
v -0.065135 -0.005288 -0.049586
v -0.079325 0.009630 -0.055839
v -0.077684 0.016467 -0.045172
v -0.078722 0.013580 -0.046552
v -0.079202 0.027273 -0.071295
v -0.077375 0.019005 -0.076118
v -0.077695 0.019854 -0.063353
v -0.062898 -0.008628 -0.052697
v -0.061165 -0.004853 -0.051188
v -0.061558 -0.005193 -0.049778
v -0.084016 -0.018655 -0.062719
v -0.071955 -0.019134 -0.045932
v -0.072392 0.005116 -0.050884
v -0.083403 -0.010468 -0.069516
v -0.082092 -0.015568 -0.067388
v -0.071725 0.006313 -0.051207
v -0.072678 0.007436 -0.050046
v -0.070012 -0.018619 -0.050767
v -0.071374 -0.017866 -0.047566
v -0.072949 0.007870 -0.049915
v -0.073222 -0.012413 -0.046248
v -0.083769 0.009812 -0.061421
v 0.026857 0.025705 0.036711
v 0.027464 0.025860 0.033089
v -0.074595 -0.030024 -0.055763
v -0.072915 -0.031560 -0.052794
v 0.024830 0.025291 0.032905
v -0.061133 -0.005983 -0.049775
v 0.024549 0.024426 0.036050
v -0.064707 -0.015282 -0.049833
v -0.064074 -0.006910 -0.052758
v 0.027668 0.024107 0.038073
v 0.024929 0.023137 0.037155
v 0.034523 0.024800 0.038098
v -0.071458 -0.008517 -0.047719
v -0.070981 -0.010676 -0.047457
v -0.073748 -0.010211 -0.046387
v 0.021012 0.071271 -0.146877
v 0.020419 0.055628 -0.149965
v -0.077573 -0.016208 -0.055233
v -0.074027 -0.015497 -0.057933
v -0.075043 -0.014502 -0.060056
v -0.079084 -0.015342 -0.056916
v -0.080555 -0.020346 -0.065035
v -0.078742 -0.024672 -0.061820
v -0.081001 -0.026177 -0.061417
v -0.083111 -0.021745 -0.065120
v 0.039977 0.057489 -0.141111
v 0.040105 0.071083 -0.138632
v -0.080525 0.042630 -0.079712
v -0.079802 0.032931 -0.064416
v -0.081152 0.049121 -0.068289
v -0.082220 0.019504 -0.064626
v -0.082349 0.017092 -0.066376
v -0.087139 0.018211 -0.069495
v -0.077386 0.023598 -0.049255
v -0.077848 0.021184 -0.053256
v -0.077518 0.022555 -0.051152
v -0.087164 -0.005508 -0.072439
v 0.040983 0.025928 0.031917
v 0.039198 0.025880 0.029124
v 0.050254 0.072257 -0.130980
v 0.049503 0.080905 -0.128124
v 0.040619 0.082727 -0.133539
v 0.034755 -0.061986 -0.097629
v 0.024625 -0.072461 -0.104209
v -0.074411 0.005266 -0.044987
v -0.076345 0.005937 -0.047791
v 0.021180 0.021137 0.036596
v -0.077020 -0.018162 -0.062883
v 0.022640 0.021958 0.037206
v -0.079071 -0.017134 -0.054960
v -0.081005 -0.016571 -0.057230
v -0.088257 0.020257 -0.057708
v -0.084900 0.018411 -0.055359
v 0.020173 0.020596 0.036128
v 0.019044 0.020446 0.036436
v 0.020018 0.021277 0.036791
v 0.021560 0.022344 0.037473
v 0.024525 0.022999 0.037980
v 0.023664 0.023515 0.038397
v 0.026840 0.024739 0.039310
v 0.027435 0.024105 0.038907
v 0.034389 0.024552 0.039027
v 0.034214 0.025147 0.039355
v 0.026246 0.025447 0.039248
v 0.023014 0.024214 0.038230
v 0.025753 0.026159 0.038924
v 0.022765 0.025082 0.037935
v 0.034004 0.026659 0.039197
v 0.034094 0.025912 0.039420
v 0.022144 0.018574 0.037050
v 0.019578 0.019103 0.036625
v 0.022482 0.018961 0.036626
v 0.020528 0.019516 0.036229
v 0.023361 0.019151 0.035824
v 0.019826 0.019895 0.036065
v 0.018765 0.019578 0.036408
v -0.009725 -0.111989 0.003019
v -0.009779 -0.119040 -0.000572
v 0.023535 0.019307 0.034628
v 0.018963 0.021598 0.036438
v 0.017926 0.020382 0.036283
v 0.017713 0.021967 0.035953
v 0.016683 0.020374 0.035979
v 0.019823 0.023767 0.036655
v 0.020637 0.022982 0.037070
v 0.017659 0.019253 0.036412
v 0.018363 0.018731 0.036662
v 0.016570 0.019056 0.036226
v 0.017329 0.018395 0.036478
v 0.024383 0.015972 0.037839
v 0.024079 0.015288 0.037812
v 0.020873 0.017321 0.037322
v 0.020212 0.016748 0.037264
v 0.032504 0.012587 0.036916
v 0.035763 0.012689 0.036008
v 0.031999 0.011304 0.036923
v -0.008059 -0.007947 0.059207
v -0.009453 -0.008213 0.057837
v -0.008464 -0.006299 0.056877
v -0.007762 -0.006223 0.057508
v 0.035391 0.011220 0.035936
v 0.027133 0.011859 0.037700
v 0.027721 0.013030 0.037617
v 0.032074 -0.115837 -0.015451
v 0.046128 0.014266 0.028631
v 0.047369 0.012647 0.027919
v 0.045670 0.011993 0.029631
v 0.044693 0.013831 0.030065
v 0.043084 0.013472 0.031516
v -0.008386 -0.016853 0.057941
v -0.007791 -0.015244 0.056784
v -0.008517 -0.015485 0.056074
v -0.009228 -0.016837 0.056965
v 0.043545 0.011564 0.031446
v 0.041078 0.011402 0.033108
v 0.041026 0.013125 0.033126
v 0.038765 0.012899 0.034514
v 0.038554 0.011304 0.034518
v 0.049514 0.017869 0.026136
v 0.050686 0.021109 0.025909
v 0.051430 0.016907 0.024219
v 0.052869 0.020665 0.023505
v 0.016111 0.022792 0.035866
v -0.005356 -0.006487 0.056703
v -0.003921 -0.009404 0.059450
v -0.005411 -0.008039 0.060916
v -0.006556 -0.005739 0.057507
v 0.015305 0.020731 0.035731
v 0.013910 0.023598 0.036831
v 0.013553 0.021273 0.036406
v 0.015407 0.026286 0.038009
v 0.017677 0.025369 0.037051
v 0.015608 0.019020 0.036015
v 0.016334 0.018053 0.036232
v 0.014222 0.018901 0.036321
v 0.015307 0.017558 0.036491
v 0.023488 0.014385 0.037630
v 0.022840 0.013304 0.037671
v 0.019462 0.016059 0.037080
v 0.018530 0.015210 0.037261
v 0.047613 -0.011616 -0.116067
v 0.052206 0.030173 -0.129726
v 0.047232 0.032408 0.036577
v 0.044990 0.029447 0.037529
v 0.041363 0.030209 0.039920
v 0.043246 0.033659 0.039933
v 0.049064 0.036909 0.034034
v 0.051545 0.033934 0.031074
v 0.049750 0.030568 0.033414
v 0.047597 0.028183 0.034856
v 0.051443 0.023779 0.026847
v 0.049807 0.023568 0.028607
v 0.049835 0.025063 0.030142
v 0.051453 0.025831 0.028537
v 0.053618 0.023991 0.024382
v 0.053890 0.027108 0.026169
v 0.050847 0.027907 0.030800
v 0.048986 0.026513 0.032355
v 0.053031 0.030190 0.028751
v 0.023597 0.030214 0.041072
v 0.024527 0.028791 0.040034
v 0.021426 0.027120 0.038352
v 0.019656 0.027900 0.038896
v 0.022107 0.031468 0.041916
v 0.017488 0.028667 0.039583
v 0.036840 0.034475 0.042769
v 0.035625 0.030732 0.041740
v 0.025400 0.026665 0.038804
v 0.023039 0.025603 0.038163
v 0.025195 0.027023 0.038880
v 0.022778 0.025959 0.037973
v 0.058306 0.091836 -0.110205
v 0.060630 0.097916 -0.097726
v 0.043980 0.108588 -0.104079
v 0.043045 0.101119 -0.116368
v 0.041578 0.025575 0.036921
v 0.041965 0.026054 0.037376
v 0.044462 0.025331 0.035495
v 0.043919 0.024798 0.035234
v 0.045780 0.024128 0.033426
v 0.046408 0.024649 0.033449
v 0.047710 0.023979 0.031533
v 0.047075 0.023552 0.031674
v 0.047757 0.023163 0.030399
v 0.048312 0.023188 0.029921
v 0.022522 0.026571 0.038392
v 0.025023 0.027505 0.039338
v 0.051518 0.060335 -0.132127
v 0.044776 0.074539 0.023937
v 0.051770 0.070947 0.017327
v 0.049678 0.064083 0.023091
v 0.043076 0.027251 0.037786
v 0.045714 0.026438 0.035516
v 0.047542 0.025470 0.033236
v 0.048630 0.024503 0.031256
v 0.049030 0.023772 0.029928
v 0.069975 -0.013491 -0.037155
v 0.070773 -0.013592 -0.038843
v 0.078354 -0.003313 -0.064311
v 0.076433 0.003516 -0.063700
v 0.075264 0.006958 -0.062704
v 0.077839 0.015092 -0.048683
v 0.082099 0.018081 -0.051447
v 0.081566 -0.022606 -0.058294
v 0.078429 -0.024374 -0.054397
v -0.087988 0.023613 -0.058476
v 0.081622 -0.021652 -0.058889
v 0.088232 0.014362 -0.062575
v 0.088551 0.012689 -0.063908
v 0.089375 0.012521 -0.063773
v 0.040552 -0.032969 -0.105637
v 0.044990 -0.020361 -0.111855
v 0.088959 0.010639 -0.065358
v 0.073073 -0.008891 -0.041252
v 0.079691 -0.004058 -0.064556
v 0.081662 -0.004797 -0.066258
v 0.082007 -0.010025 -0.066620
v 0.081395 -0.009364 -0.065519
v 0.080845 -0.014872 -0.064694
v 0.080359 -0.013803 -0.063992
v 0.083304 -0.018947 -0.061472
v 0.085485 -0.015429 -0.063310
v 0.083268 0.018559 -0.052472
v 0.082407 0.017532 -0.050952
v 0.084001 0.018166 -0.052742
v 0.073773 -0.010123 -0.042716
v 0.075877 0.013647 -0.048479
v 0.075596 0.011069 -0.047482
v 0.075159 0.011470 -0.047913
v 0.069759 -0.005042 -0.047010
v 0.069826 -0.004073 -0.047131
v 0.070977 -0.006533 -0.046451
v 0.073653 -0.008135 -0.045099
v 0.066987 -0.015910 -0.045302
v 0.066207 -0.017330 -0.047640
v 0.066802 -0.018371 -0.046768
v 0.085064 0.024967 -0.057042
v 0.075650 0.010099 -0.047250
v 0.077225 0.011132 -0.047267
v 0.077561 0.012348 -0.047538
v 0.084890 0.017780 -0.053053
v 0.077707 0.013249 -0.047819
v 0.076908 0.013273 -0.047761
v 0.078589 0.014805 -0.048571
v 0.076240 0.013277 -0.047970
v 0.073385 -0.011843 -0.059428
v 0.071965 -0.012056 -0.057456
v 0.072200 0.007566 -0.038203
v 0.072991 0.005104 -0.040332
v 0.077486 -0.024963 -0.052153
v 0.075319 0.013890 -0.059041
v 0.075461 0.016381 -0.060243
v 0.086807 -0.010688 -0.065254
v 0.079716 -0.016068 -0.055328
v 0.077566 -0.016591 -0.053310
v 0.081575 -0.015070 -0.057125
v 0.083217 -0.012556 -0.058717
v 0.070337 0.003888 -0.052946
v 0.082905 0.007660 -0.057112
v 0.083371 0.005451 -0.058507
v 0.081295 0.007715 -0.055533
v 0.076885 0.019960 -0.058483
v 0.076665 0.019906 -0.056112
v 0.077470 0.014209 -0.056438
v 0.075937 0.018305 -0.055505
v 0.069064 -0.012388 -0.045694
v 0.068809 -0.018573 -0.049200
v 0.067823 -0.016461 -0.049982
v 0.069806 -0.018336 -0.050143
v 0.069254 -0.017477 -0.051548
v 0.069734 -0.015836 -0.053317
v 0.070428 -0.013879 -0.054705
v 0.070378 -0.011473 -0.055501
v 0.068700 -0.008203 -0.046593
v 0.077143 0.019381 -0.045338
v 0.068142 -0.010125 -0.046399
v 0.070090 -0.006464 -0.046694
v 0.070262 -0.008286 -0.046224
v 0.069942 -0.010312 -0.045799
v 0.074432 -0.019269 -0.046668
v 0.075249 -0.017643 -0.049224
v 0.072954 -0.018549 -0.046025
v 0.076250 -0.017017 -0.051372
v 0.071793 -0.018215 -0.045578
v 0.075238 0.015220 -0.057403
v 0.075630 0.018331 -0.057532
v 0.070063 -0.009869 -0.035129
v 0.064063 -0.002232 0.012841
v 0.065518 0.007506 0.007253
v 0.025823 -0.051853 0.032992
v 0.024860 -0.054606 0.033215
v 0.055891 -0.013888 0.026623
v 0.050946 -0.016487 0.031545
v 0.024621 -0.047413 0.044273
v 0.023853 -0.047850 0.044433
v 0.023036 -0.047264 0.044427
v 0.023805 -0.047192 0.044137
v 0.021713 -0.046350 0.042947
v 0.022499 -0.046583 0.042344
v 0.022711 -0.046818 0.042844
v 0.021997 -0.046521 0.043482
v 0.028098 -0.031812 0.045947
v 0.031559 -0.027372 0.044467
v 0.034080 -0.032132 0.043339
v 0.030715 -0.035819 0.045037
v 0.024475 -0.047525 0.035640
v 0.024158 -0.046344 0.035914
v 0.022877 -0.046354 0.039405
v 0.023405 -0.046907 0.039208
v 0.024298 -0.050139 0.035591
v 0.023241 -0.048204 0.039007
v 0.026272 -0.048075 0.033127
v 0.025438 -0.046048 0.033450
v 0.033911 -0.054104 0.040922
v 0.030153 -0.051712 0.042524
v 0.031014 -0.048722 0.043029
v 0.034727 -0.049573 0.041398
v 0.023717 -0.019152 0.045998
v 0.027904 -0.023253 0.045419
v 0.024677 -0.027545 0.046511
v 0.020789 -0.022906 0.046784
v 0.016914 -0.017750 0.047676
v 0.019749 -0.014870 0.046601
v 0.015553 -0.009678 0.051648
v 0.016150 -0.013337 0.052936
v 0.015933 -0.014269 0.056430
v 0.016240 -0.012042 0.055178
v 0.013897 -0.018209 0.054720
v 0.016171 -0.015596 0.051456
v 0.010223 -0.019730 0.055137
v -0.011207 -0.017038 0.057319
v -0.010274 -0.015517 0.056195
v -0.011297 -0.014790 0.057894
v -0.012605 -0.016013 0.058970
v 0.009964 -0.018899 0.056204
v 0.013700 -0.018844 0.052929
v -0.004791 -0.016185 0.065700
v -0.005888 -0.014093 0.065809
v -0.004839 -0.015015 0.063472
v -0.004739 -0.016876 0.063185
v 0.013956 -0.020056 0.050824
v 0.010487 -0.020575 0.053805
v 0.009349 -0.017836 0.057280
v 0.011981 -0.017712 0.057284
v -0.007385 -0.013439 0.065212
v -0.009047 -0.013965 0.066869
v -0.010624 -0.014026 0.065237
v -0.008676 -0.013486 0.063656
v -0.004469 -0.012793 0.058599
v -0.005629 -0.014617 0.059898
v -0.003892 -0.012820 0.062150
v -0.011491 -0.012798 0.056151
v -0.009832 -0.013891 0.054869
v -0.009250 -0.010141 0.054022
v -0.010636 -0.009250 0.055058
v 0.013770 -0.015834 0.058844
v 0.003838 -0.017313 0.065658
v 0.005135 -0.016021 0.067586
v 0.009152 0.013246 0.050718
v 0.011880 0.009918 0.047811
v 0.009092 0.010695 0.052977
v 0.011877 0.007797 0.050128
v 0.013019 -0.013823 0.062663
v 0.014525 -0.011816 0.060868
v 0.010869 -0.012656 0.066344
v 0.011934 -0.009892 0.065758
v 0.004555 0.027143 0.050914
v 0.001768 -0.020919 0.061488
v 0.002071 -0.021813 0.060962
v 0.001543 -0.019778 0.063377
v 0.021978 0.094091 -0.134646
v 0.022502 0.106395 -0.123380
v 0.021780 0.119826 -0.100276
v 0.019580 0.124371 -0.087894
v 0.005874 -0.040558 0.058494
v 0.005406 -0.037864 0.059112
v 0.012667 -0.039974 0.044765
v 0.007109 -0.039673 0.046246
v 0.006747 -0.043707 0.048456
v 0.011973 -0.043806 0.046902
v 0.016050 -0.044049 0.044719
v 0.016987 -0.040474 0.042673
v 0.013285 -0.036402 0.043608
v 0.007579 -0.035965 0.045146
v 0.011868 -0.046296 0.049791
v 0.006739 -0.046283 0.052017
v 0.006635 -0.044986 0.054846
v 0.011938 -0.045337 0.052073
v 0.016884 -0.024855 0.049272
v 0.012964 -0.024157 0.051941
v 0.009093 -0.024144 0.055545
v 0.006189 -0.024422 0.058372
v 0.005506 -0.022105 0.058955
v 0.007761 -0.021363 0.056636
v 0.005153 -0.021081 0.059426
v 0.007466 -0.020442 0.057426
v 0.007261 -0.019577 0.058013
v 0.007769 -0.017998 0.058433
v 0.005991 -0.018185 0.059621
v 0.006538 -0.016891 0.059277
v 0.004998 -0.020091 0.059719
v 0.004345 0.005260 0.065340
v 0.004155 0.008713 0.062552
v 0.009777 -0.035878 0.057384
v 0.005005 -0.035453 0.059087
v 0.004283 -0.030699 0.059120
v 0.008356 -0.030672 0.057584
v 0.012597 -0.031394 0.054849
v 0.014575 -0.037504 0.054449
v 0.002476 -0.022782 0.060455
v 0.010219 -0.038346 0.057079
v 0.010585 -0.040938 0.056210
v 0.015124 -0.040035 0.053938
v 0.015506 -0.042285 0.052990
v 0.019161 -0.039839 0.051153
v 0.017791 -0.033283 0.051863
v 0.023509 -0.035404 0.048626
v 0.023077 -0.042409 0.048102
v 0.030785 -0.045667 0.043959
v 0.025931 -0.047712 0.044199
v 0.026099 -0.046597 0.044670
v 0.025771 -0.045431 0.045456
v 0.029803 -0.042503 0.045118
v 0.034272 -0.045009 0.042534
v 0.032958 -0.040293 0.043771
v 0.027644 -0.039149 0.046542
v 0.025003 -0.044109 0.046454
v 0.024794 -0.046804 0.044746
v 0.023907 -0.046941 0.044439
v 0.024600 -0.046161 0.045416
v 0.023685 -0.046632 0.045007
v 0.023986 -0.045548 0.046182
v 0.023256 -0.046376 0.045549
v 0.022367 -0.045912 0.046282
v 0.022793 -0.044539 0.047302
v 0.021965 -0.046621 0.042532
v 0.021061 -0.046605 0.042991
v 0.021182 -0.046795 0.044192
v 0.022008 -0.046768 0.043703
v 0.022513 -0.046658 0.042290
v 0.022452 -0.046741 0.043365
v 0.022288 -0.045782 0.040153
v 0.021001 -0.045041 0.041321
v -0.047093 -0.084608 -0.023473
v -0.054945 -0.082057 -0.037050
v 0.023060 -0.046853 0.041568
v 0.023058 -0.046761 0.042455
v 0.023010 -0.046914 0.043950
v 0.022957 -0.046819 0.044250
v 0.022521 -0.046721 0.044671
v 0.021741 -0.046654 0.045108
v 0.015658 -0.044158 0.051498
v 0.019045 -0.043949 0.049740
v 0.018914 -0.045463 0.048138
v 0.015621 -0.045930 0.049274
v 0.018577 -0.046364 0.046512
v 0.017736 -0.037012 0.041763
v 0.015324 -0.046348 0.047544
v 0.020191 -0.041571 0.040360
v 0.021116 -0.038908 0.038538
v 0.018971 -0.044515 0.042508
v 0.023644 -0.044986 0.036589
v 0.022067 -0.043349 0.038533
v 0.024922 -0.044410 0.034230
v 0.023121 -0.041364 0.036708
v 0.018443 -0.046579 0.044756
v 0.019182 -0.042161 0.050638
v 0.011121 -0.043202 0.054388
v 0.006143 -0.042784 0.056764
v -0.033579 0.005230 0.036790
v -0.032835 0.002518 0.038023
v -0.028774 0.003871 0.039120
v -0.029668 0.006251 0.038000
v 0.005128 -0.002053 0.071945
v 0.004772 0.001867 0.068444
v 0.022434 -0.046800 0.044271
v 0.010174 -0.124441 -0.003544
v -0.074511 -0.007893 -0.045378
v -0.074021 -0.007140 -0.044095
v -0.082266 0.014366 -0.068100
v 0.025189 -0.048620 0.044204
v 0.023575 -0.052046 0.035354
v 0.022510 -0.049046 0.039054
v 0.030968 -0.058220 0.041500
v 0.026215 -0.061793 0.044069
v 0.023947 -0.057587 0.045857
v 0.027886 -0.054661 0.043236
v 0.021125 -0.050747 0.047653
v 0.023632 -0.049635 0.045283
v -0.087972 0.016967 -0.062446
v 0.022451 -0.048222 0.045727
v 0.020054 -0.048383 0.047949
v 0.019145 -0.046693 0.047940
v 0.021601 -0.047124 0.045652
v 0.017543 -0.045302 0.046251
v 0.013093 -0.043873 0.048885
v 0.012770 -0.047603 0.044446
v 0.017493 -0.048618 0.042210
v 0.020988 -0.049054 0.040086
v 0.020878 -0.046114 0.043604
v -0.082143 0.021360 -0.062351
v -0.080863 0.023640 -0.057563
v -0.079712 0.022129 -0.056441
v -0.080836 0.019544 -0.060636
v 0.018080 -0.045036 0.046976
v 0.021122 -0.046120 0.044248
v 0.013366 -0.043544 0.049812
v 0.020742 -0.121071 -0.008649
v 0.021251 -0.046347 0.045146
v 0.018357 -0.045359 0.047402
v 0.013938 -0.044216 0.050575
v 0.014879 -0.046086 0.051435
v 0.015820 -0.048507 0.052060
v 0.016737 -0.051773 0.051693
v 0.018851 -0.059644 0.049355
v 0.019871 -0.064799 0.048055
v 0.012699 -0.060698 0.052468
v 0.013355 -0.066067 0.052106
v 0.011570 -0.052264 0.055309
v 0.011007 -0.048206 0.055974
v 0.010313 -0.045361 0.055074
v 0.009708 -0.043238 0.053648
v 0.003112 -0.024769 0.059846
v 0.004844 -0.018169 0.060852
v 0.003871 -0.018025 0.063203
v 0.007166 -0.014505 0.068427
v 0.001497 -0.018903 0.065608
v 0.009461 -0.012696 0.067915
v 0.008031 -0.013360 0.069401
v 0.008683 -0.011562 0.070176
v 0.009725 -0.010899 0.068912
v 0.006690 -0.014027 0.070716
v 0.007929 -0.011761 0.071253
v 0.002987 -0.015299 0.072606
v 0.004000 -0.011676 0.074652
v 0.005030 -0.005732 0.074242
v 0.004446 -0.009304 0.075041
v 0.009138 -0.009830 0.070713
v 0.010214 -0.007815 0.069297
v -0.090184 0.017630 -0.063729
v 0.010628 -0.004945 0.066735
v 0.012501 -0.007208 0.063211
v 0.010485 0.130169 -0.044122
v 0.009103 -0.042360 0.052556
v 0.008709 -0.042863 0.050795
v -0.073147 -0.020631 -0.045495
v -0.081679 0.005899 -0.058434
v 0.013008 -0.057827 0.038102
v 0.012890 -0.053502 0.040415
v 0.008546 -0.053150 0.041898
v -0.080319 0.024055 -0.054899
v -0.083773 0.025562 -0.055695
v 0.008732 -0.057965 0.039618
v 0.004649 -0.042338 0.051657
v -0.088122 -0.005463 -0.068077
v -0.090431 0.016128 -0.065845
v -0.088643 0.014709 -0.064699
v -0.081392 0.016242 -0.049320
v -0.075728 -0.011742 -0.062507
v -0.082258 -0.011541 -0.060170
v -0.080740 -0.014040 -0.058561
v -0.075029 -0.013573 -0.061366
v -0.070310 0.001650 -0.056606
v 0.004512 -0.046437 0.046958
v 0.008488 -0.046745 0.045962
v 0.004806 -0.041645 0.053713
v 0.005247 -0.042626 0.055169
v 0.005772 -0.044772 0.057020
v 0.004526 -0.053153 0.042648
v 0.004783 -0.058001 0.040460
v -0.070091 -0.016293 -0.037170
v 0.021913 -0.053313 0.036333
v -0.077725 -0.027044 -0.052487
v -0.078828 -0.025852 -0.054832
v -0.031508 -0.033626 -0.115619
v -0.034854 -0.022515 -0.122142
v -0.089377 -0.005563 -0.070888
v 0.022841 -0.056650 0.034205
v 0.017722 -0.053883 0.038504
v 0.018175 -0.057654 0.036383
v 0.007406 -0.065812 0.055358
v 0.006968 -0.060861 0.055073
v 0.005960 -0.048268 0.057937
v 0.006184 -0.052727 0.057089
v 0.022516 0.114380 -0.112527
v 0.062894 0.077032 -0.005914
v 0.061439 0.070125 0.001973
v -0.082456 0.018004 -0.056533
v 0.054456 0.077806 0.009068
v 0.056351 0.083219 0.001699
v 0.063649 0.084777 -0.014110
v 0.056979 0.089851 -0.006097
v 0.040183 0.121734 -0.063543
v 0.040766 0.121254 -0.049243
v 0.021682 0.127492 -0.045347
v 0.035015 0.121713 -0.077564
v 0.047306 0.113109 -0.086819
v 0.049619 0.116021 -0.067403
v 0.049630 0.116106 -0.052061
v -0.074646 -0.021189 -0.046857
v -0.073712 -0.027125 -0.046220
v -0.072457 -0.026589 -0.044171
v -0.077062 0.008888 -0.055063
v 0.024258 -0.086573 -0.105467
v 0.052301 0.042873 -0.131232
v 0.048302 0.115182 -0.038222
v 0.040100 0.119563 -0.035424
v 0.039565 0.116566 -0.023006
v 0.046985 0.113009 -0.026477
v 0.021528 0.125295 -0.030872
v 0.010444 0.127657 -0.029021
v 0.018069 0.006093 -0.143785
v 0.004117 0.012024 0.059867
v 0.045827 -0.049088 -0.088656
v 0.055090 -0.049264 -0.070861
v 0.057082 -0.100547 -0.048389
v 0.067272 -0.026385 -0.052165
v 0.066865 -0.025914 -0.053117
v 0.058707 -0.064014 -0.052482
v 0.059408 -0.050197 -0.053556
v 0.036638 -0.048068 -0.100566
v 0.076896 -0.015101 -0.062881
v 0.077807 -0.011457 -0.064133
v 0.078235 -0.016075 -0.062591
v 0.079319 -0.012163 -0.063931
v 0.079743 -0.008153 -0.064504
v 0.078972 -0.018005 -0.061910
v 0.077361 0.020088 -0.053298
v 0.078508 0.021664 -0.052504
v -0.076454 -0.017324 -0.063389
v -0.076857 -0.015169 -0.064284
v 0.067130 -0.028441 -0.047964
v 0.066896 -0.027664 -0.049627
v -0.061319 -0.005536 -0.052433
v 0.066488 -0.028068 -0.048685
v 0.066245 -0.028655 -0.047447
v 0.066895 -0.029464 -0.046447
v 0.066220 -0.029301 -0.046321
v 0.077769 0.035745 -0.046632
v 0.064849 -0.028578 -0.049709
v 0.066256 -0.026222 -0.052388
v 0.066480 -0.027139 -0.050928
v 0.065577 -0.027944 -0.049591
v 0.065494 -0.029151 -0.047541
v 0.065530 -0.030089 -0.045836
v 0.066523 -0.030708 -0.045341
v -0.078070 -0.022931 -0.060988
v -0.074187 -0.028307 -0.055472
v -0.059557 -0.078803 -0.050358
v -0.057790 -0.076065 -0.065154
v -0.058561 -0.087396 -0.063250
v -0.058862 -0.091203 -0.048837
v -0.072192 -0.002388 -0.038108
v -0.072265 -0.009591 -0.040873
v -0.071474 -0.010674 -0.039004
v 0.079367 -0.019190 -0.062313
v 0.071933 -0.029918 -0.050744
v -0.023305 -0.103157 -0.001853
v -0.020709 -0.114794 -0.005888
v 0.077493 0.012257 -0.059303
v 0.077400 0.010678 -0.060624
v 0.079873 0.012251 -0.062178
v 0.079907 0.014391 -0.060830
v 0.057448 -0.010536 -0.103526
v 0.059942 0.000405 -0.108911
v 0.011348 -0.085049 -0.110283
v 0.011593 -0.070862 -0.110071
v 0.075064 0.032838 -0.094237
v 0.077645 0.013872 -0.057714
v 0.080067 0.016049 -0.059373
v 0.078455 -0.007424 -0.064482
v 0.077163 0.013009 -0.057457
v 0.076909 0.011444 -0.059004
v 0.081165 0.017652 -0.060914
v 0.081239 0.015481 -0.062558
v 0.081093 0.013166 -0.063907
v 0.076622 0.009799 -0.060598
v -0.070539 -0.015785 -0.032869
v -0.070227 -0.016456 -0.022610
v -0.071947 -0.000659 -0.022672
v -0.071636 -0.006144 -0.032420
v 0.076367 0.018551 -0.060351
v 0.080372 0.063498 -0.070748
v 0.079354 0.057555 -0.084807
v 0.076875 0.080440 -0.074281
v 0.076049 0.075390 -0.089628
v 0.071226 0.069331 -0.105542
v 0.074320 0.050507 -0.100749
v 0.076757 0.019672 -0.054760
v 0.079264 0.022571 -0.052938
v 0.064187 0.091159 -0.022012
v 0.069193 0.086023 -0.029362
v 0.057213 0.095625 -0.013330
v 0.057025 0.100760 -0.020158
v 0.063522 0.097172 -0.029111
v 0.070588 0.090171 -0.041308
v 0.079538 0.054190 -0.055691
v 0.078702 0.069004 -0.056552
v 0.075688 0.073199 -0.042920
v -0.059326 0.030275 0.014656
v -0.061104 0.031256 0.009851
v -0.061770 0.021729 0.009623
v -0.059506 0.022761 0.013750
v 0.075042 0.085535 -0.058611
v 0.066516 0.099304 -0.047759
v 0.070142 0.095606 -0.062414
v 0.059384 0.107739 -0.051711
v 0.061433 0.105658 -0.066414
v 0.061286 0.103058 -0.082478
v 0.071796 0.091580 -0.077623
v 0.061603 0.102553 -0.035381
v 0.055433 0.105449 -0.025665
v 0.056438 0.108820 -0.038970
v 0.053189 0.109438 -0.030268
v 0.073773 0.075098 -0.035608
v 0.062615 -0.034664 -0.045155
v 0.063951 -0.034883 -0.040044
v -0.019297 0.088791 0.032104
v -0.009216 0.089598 0.034428
v -0.009382 0.097222 0.028369
v -0.019736 0.096082 0.025698
v 0.068035 -0.024074 -0.033042
v -0.036710 -0.014352 -0.126552
v -0.038474 -0.003853 -0.131321
v -0.019054 -0.006705 -0.138324
v -0.018065 -0.016426 -0.133115
v 0.068161 0.000658 0.000492
v 0.068177 0.013423 -0.002140
v 0.071199 0.005575 -0.012403
v 0.069400 -0.008070 -0.008963
v -0.020212 0.113244 0.003248
v -0.009665 0.114931 0.005966
v -0.009853 0.119912 -0.004110
v -0.020575 0.117943 -0.006476
v -0.052439 0.002154 0.027253
v -0.054462 -0.004053 0.027266
v -0.050388 -0.004537 0.030935
v -0.048848 0.001740 0.030211
v 0.066771 0.027137 -0.003870
v 0.070522 0.019747 -0.013950
v 0.070841 0.033836 -0.015944
v 0.067114 0.041436 -0.004407
v 0.062125 0.063824 -0.120572
v 0.064187 0.046984 -0.118548
v -0.073501 -0.031750 -0.043283
v -0.072461 -0.030876 -0.041979
v 0.064469 0.034193 -0.116614
v 0.048044 0.057553 0.027161
v -0.010091 0.124161 -0.015901
v -0.021062 0.121994 -0.017855
v 0.021553 0.085025 -0.140796
v 0.046871 0.082307 0.016460
v 0.054707 0.084361 -0.121110
v -0.001355 -0.070546 -0.111829
v 0.041518 0.090339 -0.127723
v 0.070881 0.086647 -0.092757
v 0.067499 0.081325 -0.106314
v 0.059323 0.074890 -0.121162
v 0.063134 0.018005 -0.114373
v 0.047585 0.109222 -0.018812
v 0.055864 0.023995 0.021219
v 0.055149 0.019610 0.020344
v 0.055935 0.028468 0.022832
v 0.053418 0.014892 0.021789
v 0.015275 0.006899 0.045549
v 0.014887 0.005004 0.047580
v 0.014283 0.002788 0.049549
v 0.018161 0.002242 0.045302
v 0.017277 -0.000699 0.047122
v 0.011357 0.002565 0.054554
v 0.011689 0.005273 0.052329
v 0.013727 -0.000053 0.051369
v 0.013211 -0.003175 0.053099
v 0.011111 -0.000411 0.056910
v 0.016209 -0.015800 0.048909
v 0.017475 -0.011025 0.047549
v 0.015460 -0.006697 0.049667
v 0.020680 -0.003665 0.045636
v 0.019304 -0.006991 0.046907
v 0.016333 -0.003406 0.048530
v 0.022079 -0.000385 0.043724
v 0.013995 -0.006515 0.055811
v 0.014966 -0.009731 0.058848
v 0.011841 -0.003774 0.060047
v 0.010227 -0.001703 0.063334
v 0.009550 0.001835 0.060254
v 0.018757 0.004325 0.043384
v 0.022993 0.002140 0.042038
v 0.022533 -0.010695 0.046201
v 0.026852 -0.014331 0.045560
v 0.024649 -0.006295 0.044678
v 0.028906 -0.009337 0.044033
v 0.026161 -0.002727 0.042759
v 0.030414 -0.005443 0.042107
v 0.030948 -0.018260 0.044793
v 0.034504 -0.022569 0.043516
v 0.037875 -0.027947 0.041587
v 0.037309 -0.017377 0.041886
v 0.040991 -0.023117 0.039731
v 0.039344 -0.012249 0.040081
v 0.043608 -0.017462 0.037842
v -0.011957 0.012209 0.044582
v -0.012374 0.014053 0.041742
v -0.015936 0.010956 0.040454
v -0.015569 0.009005 0.042812
v -0.006975 0.060193 0.046290
v -0.007954 0.068779 0.043644
v -0.016855 0.068797 0.041996
v -0.015277 0.060267 0.045087
v 0.033399 -0.013043 0.043173
v 0.035165 -0.008669 0.041232
v 0.031845 -0.001534 0.040394
v 0.027508 0.000511 0.041115
v 0.041039 -0.000746 0.036789
v 0.040611 -0.006495 0.038406
v 0.036280 -0.003893 0.039464
v 0.037054 0.000885 0.037959
v 0.045517 -0.010503 0.036161
v 0.045598 -0.002659 0.035075
v 0.044887 0.002543 0.033688
v 0.031279 0.009549 0.037472
v 0.026377 0.010210 0.038138
v 0.034859 0.009248 0.036476
v 0.040880 0.003484 0.035443
v 0.037496 0.004354 0.036844
v 0.048915 0.010120 0.027504
v 0.046702 0.009333 0.029752
v 0.041026 0.008984 0.033794
v 0.038188 0.009055 0.035270
v 0.043943 0.009119 0.031972
v 0.021911 0.011805 0.038214
v 0.017610 0.013904 0.038216
v 0.054495 -0.062353 -0.067925
v 0.009330 0.005021 0.057832
v 0.009141 0.007958 0.055471
v 0.014341 0.029177 0.041293
v 0.012504 0.026811 0.039914
v 0.007378 0.026875 0.047851
v 0.018684 0.032190 0.043820
v 0.013987 0.016338 0.038291
v -0.020335 0.008489 0.039336
v -0.019601 0.006550 0.040866
v 0.012422 0.018466 0.038249
v 0.011393 0.021340 0.038453
v 0.011331 0.023975 0.039077
v -0.009458 0.103770 0.021597
v -0.019955 0.102468 0.018747
v -0.020628 0.127803 -0.068119
v -0.021085 0.128141 -0.059609
v -0.009833 0.130834 -0.060044
v -0.010907 0.129822 -0.072641
v 0.030379 0.045887 0.045024
v 0.027353 0.038910 0.046665
v 0.058170 0.063422 0.011094
v 0.061821 0.054591 0.007129
v 0.050197 0.042304 0.030160
v 0.053173 0.038184 0.027213
v 0.055147 0.033354 0.024676
v 0.063396 0.042798 0.004360
v 0.063775 0.030387 0.003703
v 0.064810 0.018628 0.004677
v -0.069453 -0.000697 -0.092074
v -0.072689 -0.001935 -0.076898
v -0.075542 0.010118 -0.078391
v -0.073445 0.015844 -0.094797
v 0.048727 0.094206 0.002223
v -0.034141 -0.096334 -0.011361
v -0.032100 -0.108210 -0.014453
v -0.001394 -0.084306 -0.111631
v 0.048652 0.099763 -0.004702
v 0.048258 0.088207 0.009401
v 0.039319 0.112705 -0.013469
v 0.039364 0.108346 -0.005016
v 0.048281 0.104761 -0.011671
v 0.039824 0.103324 0.002349
v 0.040155 0.097775 0.009199
v 0.039707 0.091861 0.016414
v 0.038669 0.085558 0.023290
v 0.037089 0.076772 0.030081
v 0.044481 -0.061441 -0.085735
v 0.007174 -0.006120 0.056630
v 0.006451 -0.005922 0.057143
v -0.052443 0.052195 0.022175
v -0.054518 0.058154 0.017830
v -0.057898 0.050897 0.014046
v -0.055565 0.045980 0.018797
v 0.006010 -0.006748 0.056089
v 0.005383 -0.006452 0.056607
v 0.004847 -0.008278 0.056305
v 0.006347 -0.015068 0.058519
v 0.005095 -0.013216 0.057438
v 0.004394 -0.009936 0.056174
v 0.066243 -0.030470 -0.034772
v -0.005426 0.046600 0.050166
v -0.012681 0.046509 0.049434
v -0.010784 0.040210 0.049786
v -0.004710 0.040225 0.050690
v -0.059304 0.015425 0.014134
v -0.062101 0.012598 0.011150
v -0.061063 0.004411 0.015877
v -0.058076 0.008378 0.017863
v -0.055073 0.003495 0.024034
v -0.057394 -0.002374 0.023553
v -0.018269 0.078796 0.038104
v -0.008659 0.079242 0.040001
v -0.059955 0.041501 0.011100
v -0.057916 0.038345 0.016249
v -0.009280 0.015258 0.047297
v -0.009990 0.016630 0.043625
v -0.007118 0.021353 0.046521
v -0.003696 0.020548 0.052174
v -0.003284 0.024232 0.050791
v -0.006575 0.024090 0.047102
v -0.032982 0.059924 0.037840
v -0.034743 0.067805 0.034276
v -0.042387 0.066537 0.028766
v -0.040610 0.059108 0.032480
v -0.020088 0.108069 0.011467
v -0.009538 0.109551 0.014306
v -0.003666 0.032657 0.050060
v -0.007905 0.032623 0.048060
v -0.006788 0.029543 0.047389
v -0.003564 0.029661 0.049905
v -0.024150 0.005072 0.040071
v -0.025002 0.007223 0.038918
v -0.065953 -0.030965 -0.045846
v -0.066937 -0.031987 -0.045680
v -0.073163 0.014986 -0.034966
v -0.072105 0.004393 -0.033349
v -0.072186 0.012726 -0.023546
v -0.072472 0.025427 -0.025549
v -0.074682 0.037232 -0.028882
v -0.075989 0.045880 -0.034038
v -0.076712 0.030346 -0.041305
v -0.075104 0.023961 -0.037110
v -0.052818 -0.084783 -0.075704
v -0.050357 -0.074577 -0.079007
v -0.003414 0.017523 0.054763
v -0.003297 0.014661 0.057194
v -0.020908 0.035407 -0.149860
v -0.020489 0.021789 -0.147961
v -0.040686 0.025799 -0.139541
v -0.040881 0.038776 -0.141026
v -0.066324 -0.011375 -0.088106
v -0.070135 -0.010819 -0.074164
v -0.010094 -0.011235 0.059757
v -0.006990 -0.006878 0.055075
v -0.007028 -0.010490 0.054021
v -0.006742 -0.008004 0.055113
v -0.010113 -0.013776 0.061474
v -0.012139 -0.014507 0.062752
v -0.007860 -0.013910 0.054833
v -0.007283 -0.013718 0.055199
v -0.006529 -0.010189 0.054227
v -0.008256 -0.006379 0.055743
v -0.001788 -0.017936 0.068160
v -0.002214 -0.016400 0.071030
v -0.006030 -0.015008 0.069744
v -0.004653 -0.016448 0.067691
v -0.004932 -0.007762 0.056409
v -0.004065 -0.009761 0.057011
v -0.005204 -0.011670 0.064205
v -0.006780 -0.007909 0.060291
v -0.007187 -0.005892 0.057546
v -0.006728 -0.010995 0.063396
v -0.005918 -0.016814 0.060587
v -0.008345 -0.010884 0.061757
v -0.077804 -0.017882 -0.053055
v -0.056987 -0.064921 -0.032080
v -0.061744 -0.050255 -0.039540
v -0.060736 -0.050591 -0.045096
v -0.058014 -0.066086 -0.041040
v -0.079604 0.008131 -0.056507
v -0.066506 0.057562 -0.004389
v -0.068028 0.069569 -0.013493
v -0.073300 0.057750 -0.025153
v -0.072715 0.046897 -0.020068
v -0.068477 0.079367 -0.021653
v -0.073772 0.068696 -0.032412
v -0.077079 0.056534 -0.042122
v -0.079063 0.036276 -0.055970
v -0.041525 0.017903 0.032931
v -0.041733 0.017578 0.032873
v -0.040205 0.017203 0.034025
v -0.040071 0.017575 0.034121
v -0.041240 0.018086 0.032663
v -0.039929 0.017734 0.033649
v -0.042298 0.018496 0.031786
v -0.042619 0.018250 0.032072
v -0.042772 0.017899 0.032007
v -0.024783 0.018369 0.036252
v -0.025177 0.018537 0.035499
v -0.027571 0.017997 0.036406
v -0.027406 0.017824 0.037221
v -0.024655 0.017995 0.036563
v -0.027670 0.017333 0.037327
v -0.023907 0.019804 0.030111
v -0.023697 0.020387 0.030136
v -0.024898 0.018925 0.030378
v -0.022713 0.020410 0.032899
v -0.022545 0.021228 0.032974
v -0.023261 0.021902 0.030223
v -0.023476 0.020878 0.030116
v -0.022936 0.019936 0.033085
v -0.021458 0.019667 0.033814
v -0.021058 0.020058 0.033613
v -0.021106 0.020655 0.033759
v -0.032225 0.016330 0.037366
v -0.032536 0.015695 0.037076
v -0.028125 0.016119 0.037252
v -0.027970 0.016740 0.037352
v -0.031933 0.016891 0.037474
v -0.035235 0.016883 0.036805
v -0.035545 0.016349 0.036560
v -0.035818 0.015746 0.036180
v -0.024791 0.016923 0.036723
v -0.024730 0.017505 0.036689
v -0.036051 0.015053 0.035764
v -0.032764 0.014957 0.036657
v -0.028247 0.015345 0.037009
v -0.024667 0.016362 0.036762
v -0.021615 0.017656 0.036166
v -0.022263 0.017988 0.036117
v -0.032936 0.014171 0.036337
v -0.032714 0.013415 0.036080
v -0.028038 0.013820 0.036597
v -0.028226 0.014513 0.036806
v -0.036172 0.014254 0.035379
v -0.035991 0.013407 0.035120
v -0.044498 0.018049 0.030282
v -0.045073 0.018494 0.029630
v -0.045213 0.017805 0.029447
v -0.044876 0.017365 0.029834
v -0.047508 0.014604 0.026151
v -0.048507 0.015883 0.025419
v -0.050395 0.014664 0.023713
v -0.049117 0.013299 0.024965
v -0.056979 0.005366 0.020847
v -0.050954 0.010842 0.024075
v -0.052316 0.012358 0.022074
v -0.043806 0.017661 0.031019
v -0.042960 0.017389 0.031834
v -0.043625 0.018234 0.031196
v -0.044303 0.018626 0.030500
v -0.044232 0.017023 0.030564
v -0.043300 0.016732 0.031521
v -0.041939 0.017087 0.032711
v -0.042220 0.016420 0.032452
v -0.040635 0.016053 0.033623
v -0.040402 0.016680 0.033840
v -0.038172 0.016445 0.035201
v -0.037970 0.016965 0.035432
v -0.038456 0.015822 0.034881
v -0.040904 0.015337 0.033389
v -0.038781 0.015133 0.034561
v -0.042611 0.015688 0.032050
v -0.043760 0.016031 0.030982
v -0.044647 0.016392 0.029991
v -0.045337 0.016775 0.029227
v -0.045779 0.017393 0.028724
v -0.045135 0.015613 0.029158
v -0.045590 0.014829 0.028247
v -0.044330 0.014383 0.029570
v -0.044142 0.015236 0.030296
v -0.045987 0.016105 0.028262
v -0.046615 0.015406 0.027209
v -0.042870 0.014949 0.031589
v -0.042935 0.014135 0.030983
v -0.041017 0.013807 0.032565
v -0.041049 0.014681 0.033119
v -0.039035 0.014399 0.034236
v -0.038984 0.013537 0.033731
v -0.031783 0.017333 0.037441
v -0.031647 0.017583 0.036787
v -0.034892 0.017565 0.036257
v -0.035096 0.017285 0.036893
v -0.037798 0.017360 0.035497
v -0.037725 0.017613 0.034966
v -0.035014 0.016388 0.033856
v -0.034129 0.017039 0.029849
v -0.037037 0.017054 0.029095
v -0.038319 0.016575 0.032787
v -0.031224 0.016257 0.034267
v -0.030788 0.017387 0.030407
v -0.027573 0.016830 0.034368
v -0.027508 0.018112 0.030510
v -0.025102 0.018354 0.034085
v -0.033604 0.026754 0.037820
v -0.033780 0.027229 0.038240
v -0.038356 0.026580 0.037471
v -0.037973 0.026023 0.037001
v -0.051532 -0.000752 -0.121376
v -0.052784 0.014258 -0.126901
v -0.040153 0.009890 -0.136138
v -0.041073 0.023840 0.035640
v -0.041052 0.024631 0.035498
v -0.043326 0.023803 0.033853
v -0.043177 0.023061 0.033959
v -0.041014 0.023063 0.035593
v -0.042991 0.022360 0.033758
v -0.038007 0.023890 0.037210
v -0.038028 0.024683 0.037224
v -0.037971 0.025419 0.036928
v -0.043659 0.022784 0.028708
v -0.042654 0.024191 0.029508
v -0.042402 0.022143 0.032117
v -0.043298 0.021491 0.030929
v -0.044181 0.022140 0.028011
v -0.043858 0.020991 0.030011
v -0.043468 0.023009 0.024573
v -0.042645 0.023744 0.025228
v -0.041403 0.024628 0.026198
v -0.043930 0.022306 0.024204
v -0.044204 0.021580 0.024070
v -0.044132 0.020787 0.024017
v -0.043843 0.020029 0.024333
v -0.059457 -0.010919 0.020900
v -0.059569 0.000349 0.019841
v -0.062006 -0.007657 0.016646
v -0.043382 0.018647 0.031288
v -0.044037 0.019072 0.030567
v -0.042971 0.018930 0.031068
v -0.043420 0.019270 0.030484
v -0.044529 0.019498 0.029829
v -0.044933 0.019070 0.029737
v -0.041778 0.017254 0.030546
v -0.041258 0.017735 0.027291
v -0.042400 0.018234 0.026385
v -0.042727 0.018124 0.029362
v -0.040572 0.016730 0.031557
v -0.039470 0.017291 0.028220
v -0.042989 0.018774 0.025608
v -0.043487 0.019402 0.024857
v -0.043323 0.018639 0.028715
v -0.043800 0.019170 0.027922
v -0.043847 0.019659 0.029847
v -0.044410 0.020395 0.027204
v -0.044501 0.020888 0.027281
v -0.044164 0.019955 0.029201
v -0.044476 0.020289 0.028620
v -0.044187 0.019864 0.027359
v -0.044435 0.021504 0.027531
v -0.044234 0.020592 0.029165
v -0.045469 0.018488 0.029109
v -0.045365 0.019414 0.029062
v -0.046135 0.020064 0.028278
v -0.046042 0.018285 0.028378
v -0.046974 0.018103 0.027368
v -0.046573 0.016872 0.027655
v -0.047265 0.020362 0.027561
v -0.048415 0.020817 0.026786
v -0.048026 0.017990 0.026334
v -0.047383 0.016481 0.026655
v -0.044906 0.019794 0.029184
v -0.045207 0.020105 0.028735
v -0.046632 0.021233 0.028802
v -0.047347 0.021907 0.028521
v -0.045655 0.020711 0.029210
v -0.045047 0.021168 0.030514
v -0.045830 0.021823 0.030458
v -0.046304 0.022550 0.030369
v -0.044736 0.022361 0.032161
v -0.045083 0.023096 0.032092
v -0.044188 0.021719 0.032021
v -0.044819 0.020531 0.029441
v -0.044327 0.020904 0.030388
v -0.043589 0.021360 0.031601
v -0.042626 0.021856 0.033025
v -0.040904 0.022626 0.034995
v -0.040724 0.022957 0.034034
v -0.037957 0.023311 0.036692
v -0.037941 0.023569 0.035822
v -0.034195 0.028086 0.039233
v -0.039409 0.027704 0.038246
v -0.037997 0.026029 0.032730
v -0.036299 0.025996 0.029337
v -0.033732 0.026199 0.030719
v -0.034519 0.026361 0.034513
v -0.022736 0.021626 0.033230
v -0.023141 0.022511 0.033817
v -0.023725 0.023710 0.030874
v -0.023189 0.022635 0.030355
v -0.021849 0.021003 0.034231
v -0.022951 0.021795 0.034924
v -0.026663 0.025217 0.035463
v -0.027349 0.025476 0.031631
v -0.024726 0.024996 0.031389
v -0.024338 0.024001 0.034754
v -0.027442 0.023508 0.036795
v -0.024731 0.022617 0.035861
v -0.034344 0.024069 0.036939
v -0.022077 0.071254 -0.146896
v -0.021699 0.055604 -0.150001
v -0.041114 0.057446 -0.141163
v -0.041047 0.071051 -0.138665
v -0.041087 0.025390 0.030884
v -0.039172 0.025467 0.027790
v -0.051053 0.072220 -0.131028
v -0.050176 0.080885 -0.128156
v -0.041388 0.082715 -0.133565
v -0.037443 -0.062271 -0.097677
v -0.027322 -0.072715 -0.104300
v -0.021078 0.020745 0.035343
v -0.022485 0.021488 0.035938
v -0.020127 0.020283 0.034908
v -0.018998 0.020187 0.035263
v -0.019921 0.020952 0.035555
v -0.021399 0.021939 0.036187
v -0.024320 0.022457 0.036713
v -0.023454 0.023005 0.037096
v -0.026565 0.024122 0.038056
v -0.027201 0.023484 0.037658
v -0.034115 0.023763 0.037885
v -0.033866 0.024405 0.038168
v -0.025943 0.024930 0.037903
v -0.022775 0.023825 0.036868
v -0.025420 0.025796 0.037467
v -0.022473 0.024828 0.036465
v -0.033579 0.026135 0.037831
v -0.033690 0.025240 0.038126
v -0.022212 0.018407 0.035939
v -0.019636 0.018909 0.035536
v -0.022523 0.018821 0.035464
v -0.020548 0.019346 0.035064
v -0.023392 0.019054 0.034601
v -0.019844 0.019693 0.034884
v -0.018793 0.019383 0.035300
v -0.023453 0.019268 0.033358
v -0.018861 0.021354 0.035251
v -0.017863 0.020187 0.035195
v -0.017554 0.021818 0.034853
v -0.016598 0.020240 0.035013
v -0.019587 0.023655 0.035342
v -0.020474 0.022693 0.035803
v -0.017681 0.019074 0.035360
v -0.018404 0.018536 0.035605
v -0.016564 0.018906 0.035267
v -0.017359 0.018222 0.035514
v -0.024403 0.015762 0.036794
v -0.024054 0.015083 0.036815
v -0.020911 0.017110 0.036274
v -0.020229 0.016547 0.036287
v -0.032329 0.012399 0.035873
v -0.035612 0.012474 0.034947
v -0.031766 0.011176 0.035917
v -0.035182 0.011037 0.034883
v -0.026983 0.011749 0.036763
v -0.027589 0.012868 0.036626
v -0.032355 -0.116199 -0.015780
v -0.046234 0.013833 0.027459
v -0.047477 0.012229 0.026736
v -0.045712 0.011604 0.028460
v -0.044772 0.013416 0.028923
v -0.043138 0.013081 0.030419
v -0.043546 0.011200 0.030314
v -0.041015 0.011088 0.031992
v -0.041049 0.012772 0.032069
v -0.038739 0.012612 0.033456
v -0.038422 0.011059 0.033437
v -0.049471 0.017475 0.024875
v -0.050444 0.020763 0.024528
v -0.051267 0.016550 0.023002
v -0.052647 0.020343 0.022216
v -0.015958 0.022703 0.035053
v -0.015222 0.020641 0.034905
v -0.013773 0.023507 0.036187
v -0.013466 0.021192 0.035779
v -0.015121 0.026202 0.037306
v -0.017418 0.025303 0.036038
v -0.015602 0.018903 0.035148
v -0.016347 0.017927 0.035352
v -0.014237 0.018811 0.035636
v -0.015334 0.017450 0.035729
v -0.023448 0.014214 0.036677
v -0.022783 0.013180 0.036768
v -0.019477 0.015895 0.036169
v -0.018541 0.015067 0.036413
v -0.049656 -0.011822 -0.116314
v -0.053630 0.030056 -0.129895
v -0.046934 0.032235 0.035439
v -0.044561 0.029294 0.036288
v -0.040947 0.030057 0.038705
v -0.042836 0.033519 0.038767
v -0.049018 0.036685 0.033121
v -0.051584 0.033718 0.030036
v -0.049510 0.030364 0.032222
v -0.047167 0.028007 0.033569
v -0.051144 0.023450 0.025488
v -0.049416 0.023229 0.027195
v -0.049377 0.024788 0.028762
v -0.051156 0.025537 0.027217
v -0.053402 0.023686 0.023099
v -0.053710 0.026827 0.024897
v -0.050545 0.027680 0.029500
v -0.048537 0.026300 0.031020
v -0.052954 0.029943 0.027577
v -0.023111 0.030106 0.040060
v -0.024070 0.028780 0.038688
v -0.021056 0.027087 0.037012
v -0.019230 0.027860 0.037835
v -0.021653 0.031426 0.041075
v -0.017072 0.028581 0.038822
v -0.036402 0.034324 0.041646
v -0.035166 0.030586 0.040570
v -0.025043 0.026409 0.037288
v -0.022715 0.025404 0.036650
v -0.024814 0.026895 0.037336
v -0.022424 0.025831 0.036498
v -0.058728 0.091844 -0.110234
v -0.060927 0.097918 -0.097753
v -0.044297 0.108591 -0.104089
v -0.043509 0.101124 -0.116385
v -0.041095 0.025138 0.035565
v -0.041460 0.025751 0.036049
v -0.043968 0.025005 0.034175
v -0.043459 0.024363 0.033900
v -0.045337 0.023702 0.032120
v -0.045913 0.024293 0.032130
v -0.047202 0.023609 0.030170
v -0.046626 0.023129 0.030325
v -0.047361 0.022735 0.029018
v -0.047912 0.022795 0.028524
v -0.022129 0.026502 0.036927
v -0.024584 0.027446 0.037826
v -0.052499 0.060275 -0.132202
v -0.044325 0.074461 0.023730
v -0.051433 0.070857 0.017105
v -0.049209 0.063989 0.022725
v -0.042610 0.027018 0.036533
v -0.045236 0.026185 0.034231
v -0.047022 0.025194 0.031898
v -0.048087 0.024200 0.029871
v -0.048546 0.023433 0.028503
v -0.070766 -0.013526 -0.038966
v -0.071408 -0.013522 -0.040786
v -0.079542 -0.003731 -0.065746
v -0.078010 0.002774 -0.064852
v -0.076805 0.006293 -0.063807
v -0.077649 0.015103 -0.050775
v -0.081647 0.018178 -0.053643
v -0.082017 -0.021961 -0.059791
v -0.078845 -0.023782 -0.055954
v -0.082051 -0.021048 -0.060449
v -0.087990 0.014838 -0.064902
v -0.088262 0.013235 -0.066312
v -0.088996 0.013088 -0.066242
v -0.042989 -0.033165 -0.105805
v -0.047233 -0.020617 -0.112114
v -0.088781 0.011200 -0.067775
v -0.073521 -0.008792 -0.043274
v -0.080593 -0.004271 -0.066118
v -0.082246 -0.004807 -0.067946
v -0.082468 -0.009826 -0.068349
v -0.082028 -0.009331 -0.067240
v -0.081446 -0.014671 -0.066394
v -0.081173 -0.013758 -0.065647
v -0.083753 -0.018365 -0.063106
v -0.086033 -0.014921 -0.065088
v -0.082825 0.018694 -0.054680
v -0.081995 0.017729 -0.053108
v -0.083534 0.018412 -0.054939
v -0.074160 -0.009966 -0.044726
v -0.075874 0.013475 -0.050512
v -0.075411 0.011232 -0.049428
v -0.074984 0.011515 -0.049908
v -0.070145 -0.004894 -0.048959
v -0.070179 -0.003934 -0.049085
v -0.071323 -0.006342 -0.048415
v -0.073964 -0.007948 -0.047081
v -0.067467 -0.015542 -0.047158
v -0.066674 -0.016926 -0.049486
v -0.067231 -0.017966 -0.048650
v -0.085037 0.025319 -0.058790
v -0.075546 0.010289 -0.049198
v -0.076947 0.011380 -0.049265
v -0.077284 0.012552 -0.049559
v -0.084376 0.018110 -0.055239
v -0.077369 0.013444 -0.049879
v -0.076705 0.013367 -0.049786
v -0.078321 0.014923 -0.050655
v -0.076130 0.013230 -0.050024
v -0.073764 -0.011595 -0.061366
v -0.072537 -0.012121 -0.059408
v -0.072841 0.007500 -0.039567
v -0.073388 0.005187 -0.042156
v -0.077806 -0.024431 -0.053804
v -0.076079 0.013921 -0.060219
v -0.076135 0.016388 -0.061221
v -0.087221 -0.010124 -0.067016
v -0.080146 -0.015502 -0.056716
v -0.078062 -0.016217 -0.054807
v -0.082087 -0.014446 -0.058513
v -0.083671 -0.011924 -0.060150
v -0.070935 0.004353 -0.055026
v -0.082421 0.007910 -0.059169
v -0.083055 0.005839 -0.060570
v -0.081016 0.007892 -0.057491
v -0.077329 0.019895 -0.059184
v -0.077018 0.019888 -0.056958
v -0.077871 0.014259 -0.057684
v -0.076282 0.018348 -0.056558
v -0.069529 -0.012079 -0.047598
v -0.069263 -0.018226 -0.051134
v -0.068200 -0.016085 -0.051839
v -0.070348 -0.018111 -0.052064
v -0.069648 -0.017288 -0.053434
v -0.070223 -0.015802 -0.055203
v -0.070995 -0.013911 -0.056601
v -0.070717 -0.011305 -0.057474
v -0.069140 -0.007983 -0.048482
v -0.077533 0.019581 -0.046334
v -0.068621 -0.009839 -0.048229
v -0.070474 -0.006281 -0.048626
v -0.070655 -0.008071 -0.048147
v -0.070379 -0.010064 -0.047716
v -0.075161 -0.018885 -0.048252
v -0.075977 -0.017378 -0.050849
v -0.073734 -0.018127 -0.047588
v -0.076786 -0.016772 -0.052982
v -0.072537 -0.017817 -0.047261
v -0.075908 0.015234 -0.058522
v -0.076199 0.018299 -0.058442
v -0.071241 -0.010072 -0.036827
v -0.064220 -0.002253 0.011646
v -0.065717 0.007428 0.006165
v -0.025754 -0.051873 0.032666
v -0.024638 -0.054685 0.032954
v -0.056017 -0.013786 0.025249
v -0.051076 -0.016277 0.030241
v -0.024790 -0.047641 0.043530
v -0.023990 -0.048057 0.043820
v -0.023155 -0.047512 0.043913
v -0.023974 -0.047453 0.043519
v -0.021766 -0.046620 0.042548
v -0.022645 -0.046759 0.041948
v -0.022854 -0.047122 0.042407
v -0.022058 -0.046892 0.043036
v -0.028455 -0.031733 0.045217
v -0.031925 -0.027247 0.043469
v -0.034311 -0.032029 0.042436
v -0.030947 -0.035781 0.044300
v -0.024554 -0.047477 0.035280
v -0.024276 -0.046312 0.035582
v -0.022995 -0.046367 0.039059
v -0.023536 -0.046901 0.038860
v -0.024268 -0.050128 0.035256
v -0.023310 -0.048218 0.038662
v -0.026336 -0.048056 0.032765
v -0.025562 -0.046026 0.033119
v -0.033942 -0.054151 0.039831
v -0.030182 -0.051818 0.041493
v -0.031163 -0.048843 0.042082
v -0.034870 -0.049634 0.040417
v -0.024261 -0.018942 0.045033
v -0.028330 -0.023078 0.044409
v -0.025054 -0.027415 0.045674
v -0.021219 -0.022699 0.045860
v -0.017578 -0.017517 0.046998
v -0.020478 -0.014654 0.045815
v -0.016482 -0.009499 0.051354
v -0.016885 -0.013158 0.052617
v -0.016298 -0.014099 0.056061
v -0.016771 -0.011916 0.054853
v -0.014332 -0.017946 0.054269
v -0.016909 -0.015397 0.051083
v -0.010571 -0.019433 0.054615
v -0.010263 -0.018640 0.055737
v -0.014351 -0.018605 0.052456
v -0.014569 -0.019846 0.050234
v -0.010866 -0.020337 0.053216
v -0.009681 -0.017623 0.056862
v -0.012295 -0.017509 0.056854
v -0.014046 -0.015678 0.058453
v -0.004149 -0.017276 0.065490
v -0.005366 -0.015947 0.067335
v -0.009101 0.013308 0.050408
v -0.011963 0.010007 0.047389
v -0.009078 0.010768 0.052696
v -0.011949 0.007891 0.049738
v -0.013234 -0.013680 0.062279
v -0.014687 -0.011716 0.060495
v -0.011086 -0.012572 0.066032
v -0.012105 -0.009827 0.065507
v -0.003330 0.027063 0.050202
v -0.002079 -0.020959 0.061432
v -0.002292 -0.021798 0.060835
v -0.001829 -0.019841 0.063369
v -0.022677 0.094090 -0.134657
v -0.023028 0.106397 -0.123389
v -0.021982 0.119829 -0.100279
v -0.019668 0.124378 -0.087892
v -0.005312 -0.040485 0.058347
v -0.004885 -0.037820 0.058903
v -0.012494 -0.040128 0.044674
v -0.006869 -0.039755 0.046179
v -0.006454 -0.043766 0.048379
v -0.011747 -0.043934 0.046800
v -0.015899 -0.044242 0.044622
v -0.016881 -0.040696 0.042575
v -0.013148 -0.036555 0.043508
v -0.007376 -0.036059 0.045071
v -0.011569 -0.046330 0.049670
v -0.006340 -0.046265 0.051945
v -0.006165 -0.044884 0.054745
v -0.011568 -0.045235 0.051917
v -0.017291 -0.024655 0.048530
v -0.013259 -0.023955 0.051300
v -0.009226 -0.023951 0.055005
v -0.006167 -0.024286 0.057875
v -0.005605 -0.021971 0.058531
v -0.007962 -0.021140 0.056130
v -0.005358 -0.020977 0.059119
v -0.007687 -0.020212 0.056968
v -0.007524 -0.019391 0.057625
v -0.008172 -0.017830 0.058091
v -0.006459 -0.018107 0.059359
v -0.007082 -0.016796 0.059007
v -0.005304 -0.020043 0.059516
v -0.003717 0.005113 0.065037
v -0.003409 0.008557 0.062232
v -0.009357 -0.035797 0.057115
v -0.004578 -0.035449 0.058785
v -0.003956 -0.030661 0.058769
v -0.008151 -0.030570 0.057249
v -0.012595 -0.031237 0.054518
v -0.014330 -0.037343 0.054158
v -0.002559 -0.022738 0.060228
v -0.009757 -0.038201 0.056858
v -0.010109 -0.040778 0.056022
v -0.014852 -0.039847 0.053702
v -0.015224 -0.042094 0.052794
v -0.019083 -0.039674 0.050790
v -0.017966 -0.033140 0.051458
v -0.023705 -0.035259 0.048135
v -0.023127 -0.042332 0.047530
v -0.030982 -0.045740 0.043050
v -0.026114 -0.047907 0.043315
v -0.026300 -0.046726 0.043797
v -0.025909 -0.045470 0.044605
v -0.030047 -0.042545 0.044336
v -0.034479 -0.045031 0.041669
v -0.033192 -0.040284 0.042991
v -0.027908 -0.039132 0.045884
v -0.025094 -0.044097 0.045694
v -0.024928 -0.046951 0.043955
v -0.024063 -0.047162 0.043764
v -0.024667 -0.046219 0.044629
v -0.023761 -0.046765 0.044315
v -0.023982 -0.045534 0.045439
v -0.023236 -0.046425 0.044891
v -0.022262 -0.045891 0.045755
v -0.022741 -0.044477 0.046725
v -0.021980 -0.046749 0.042197
v -0.021007 -0.046812 0.042710
v -0.021089 -0.046953 0.043832
v -0.022022 -0.046931 0.043267
v -0.022615 -0.046754 0.041903
v -0.022559 -0.046918 0.042916
v -0.022336 -0.045873 0.039872
v -0.020974 -0.045264 0.041113
v -0.023230 -0.046959 0.041201
v -0.023219 -0.046990 0.042047
v -0.023181 -0.047192 0.043407
v -0.023054 -0.047013 0.043679
v -0.022514 -0.046859 0.044124
v -0.021627 -0.046715 0.044653
v -0.015362 -0.044001 0.051316
v -0.018879 -0.043824 0.049436
v -0.018710 -0.045400 0.047844
v -0.015351 -0.045895 0.049112
v -0.018397 -0.046422 0.046282
v -0.017693 -0.037220 0.041659
v -0.015116 -0.046439 0.047433
v -0.020150 -0.041852 0.040253
v -0.021151 -0.039176 0.038426
v -0.018857 -0.044771 0.042384
v -0.023729 -0.045059 0.036327
v -0.022082 -0.043569 0.038367
v -0.025035 -0.044493 0.033972
v -0.023200 -0.041578 0.036536
v -0.018292 -0.046760 0.044592
v -0.019068 -0.042000 0.050296
v -0.010725 -0.043047 0.054241
v -0.005618 -0.042692 0.056651
v -0.004355 -0.002201 0.071645
v -0.004139 0.001716 0.068145
v -0.022525 -0.047149 0.043766
v -0.010540 -0.124689 -0.003545
v -0.025310 -0.048820 0.043442
v -0.023412 -0.052080 0.035086
v -0.022467 -0.049128 0.038737
v -0.030949 -0.058266 0.040614
v -0.026222 -0.061822 0.043531
v -0.023955 -0.057632 0.045368
v -0.027879 -0.054776 0.042441
v -0.021151 -0.050812 0.047284
v -0.023683 -0.049757 0.044703
v -0.022506 -0.048343 0.045234
v -0.020043 -0.048425 0.047582
v -0.019081 -0.046732 0.047588
v -0.021636 -0.047271 0.045194
v -0.017346 -0.045408 0.046048
v -0.012816 -0.043846 0.048783
v -0.012334 -0.047588 0.044363
v -0.017152 -0.048672 0.042051
v -0.020801 -0.049159 0.039830
v -0.020797 -0.046339 0.043272
v -0.017971 -0.045157 0.046680
v -0.021095 -0.046401 0.043840
v -0.013150 -0.043542 0.049636
v -0.020917 -0.121403 -0.008549
v -0.021277 -0.046563 0.044711
v -0.018283 -0.045431 0.047071
v -0.013784 -0.044198 0.050350
v -0.014756 -0.046042 0.051176
v -0.015748 -0.048468 0.051747
v -0.016705 -0.051740 0.051372
v -0.018756 -0.059643 0.048999
v -0.019700 -0.064810 0.047624
v -0.012650 -0.060627 0.052095
v -0.013129 -0.065997 0.051732
v -0.011458 -0.052182 0.054900
v -0.010949 -0.048139 0.055568
v -0.010232 -0.045360 0.054721
v -0.009580 -0.043259 0.053388
v -0.003033 -0.024697 0.059475
v -0.005334 -0.018181 0.060673
v -0.004282 -0.018073 0.063066
v -0.007348 -0.014453 0.068152
v -0.001687 -0.018951 0.065575
v -0.009638 -0.012662 0.067675
v -0.008111 -0.013312 0.069164
v -0.008732 -0.011562 0.070013
v -0.009830 -0.010874 0.068722
v -0.006596 -0.013922 0.070463
v -0.007795 -0.011760 0.071092
v -0.002507 -0.015086 0.072367
v -0.003251 -0.011568 0.074363
v -0.004147 -0.005834 0.073884
v -0.003599 -0.009309 0.074703
v -0.009035 -0.009824 0.070568
v -0.010199 -0.007772 0.069145
v -0.010656 -0.004868 0.066521
v -0.012669 -0.007123 0.062897
v -0.010344 0.130155 -0.044113
v -0.008928 -0.042356 0.052395
v -0.008428 -0.042801 0.050729
v -0.012389 -0.057910 0.038033
v -0.012346 -0.053550 0.040349
v -0.007909 -0.053192 0.041846
v -0.008001 -0.058059 0.039553
v -0.004401 -0.042253 0.051673
v -0.004102 -0.046359 0.046984
v -0.008073 -0.046656 0.045953
v -0.004641 -0.041623 0.053657
v -0.005103 -0.042705 0.054948
v -0.005640 -0.044854 0.056658
v -0.003866 -0.053164 0.042629
v -0.003989 -0.058061 0.040422
v -0.021609 -0.053379 0.036144
v -0.022482 -0.056735 0.034022
v -0.017287 -0.053937 0.038401
v -0.017688 -0.057723 0.036285
v -0.007221 -0.065791 0.054788
v -0.006837 -0.060736 0.054459
v -0.005838 -0.048248 0.057461
v -0.006199 -0.052621 0.056624
v -0.022895 0.114367 -0.112533
v -0.062717 0.076938 -0.006054
v -0.061238 0.070002 0.001755
v -0.054253 0.077702 0.008932
v -0.056154 0.083124 0.001590
v -0.063470 0.084679 -0.014238
v -0.056793 0.089772 -0.006179
v -0.040179 0.121724 -0.063533
v -0.040695 0.121240 -0.049228
v -0.021548 0.127474 -0.045333
v -0.035101 0.121711 -0.077564
v -0.047487 0.113107 -0.086828
v -0.049681 0.116001 -0.067407
v -0.049596 0.116091 -0.052054
v -0.026910 -0.086886 -0.105620
v -0.053496 0.042792 -0.131353
v -0.048211 0.115163 -0.038211
v -0.039980 0.119542 -0.035407
v -0.039403 0.116538 -0.022992
v -0.046856 0.112988 -0.026466
v -0.021355 0.125275 -0.030857
v -0.010251 0.127646 -0.029012
v -0.020024 0.006037 -0.143850
v -0.003255 0.011872 0.059564
v -0.048372 -0.049440 -0.088834
v -0.057602 -0.049729 -0.071083
v -0.058474 -0.101016 -0.048633
v -0.068496 -0.026638 -0.053870
v -0.068279 -0.026274 -0.054798
v -0.060541 -0.064610 -0.052762
v -0.061402 -0.050736 -0.053913
v -0.039196 -0.048309 -0.100703
v -0.078337 -0.015433 -0.064470
v -0.079244 -0.011859 -0.065661
v -0.079310 -0.016141 -0.064137
v -0.080415 -0.012318 -0.065508
v -0.080644 -0.008327 -0.066147
v -0.079764 -0.017898 -0.063532
v -0.077436 0.020115 -0.054246
v -0.078557 0.021730 -0.053549
v -0.068017 -0.028279 -0.049593
v -0.067874 -0.027661 -0.051300
v -0.067452 -0.027905 -0.050215
v -0.067238 -0.028483 -0.049009
v -0.067745 -0.029220 -0.048078
v -0.067194 -0.029079 -0.047846
v -0.077796 0.035688 -0.047122
v -0.066060 -0.028743 -0.050979
v -0.067729 -0.026642 -0.053983
v -0.067662 -0.027323 -0.052534
v -0.066734 -0.027969 -0.051053
v -0.066249 -0.028795 -0.048899
v -0.066296 -0.029742 -0.047213
v -0.067458 -0.030482 -0.046920
v -0.079917 -0.018954 -0.064040
v -0.072367 -0.029688 -0.052755
v -0.077897 0.012411 -0.060716
v -0.078008 0.010714 -0.062010
v -0.080026 0.012431 -0.063763
v -0.079883 0.014669 -0.062407
v -0.059472 -0.010850 -0.103932
v -0.061737 0.000158 -0.109241
v -0.014108 -0.085215 -0.110349
v -0.014317 -0.070978 -0.110143
v -0.076168 0.032659 -0.094593
v -0.077894 0.014063 -0.059112
v -0.079926 0.016389 -0.060918
v -0.079680 -0.007828 -0.065977
v -0.077635 0.013084 -0.058767
v -0.077610 0.011460 -0.060311
v -0.080842 0.018109 -0.062611
v -0.080925 0.015896 -0.064318
v -0.081010 0.013426 -0.065705
v -0.077557 0.009679 -0.061905
v -0.077043 0.018469 -0.061066
v -0.080629 0.063438 -0.070947
v -0.079859 0.057487 -0.085008
v -0.077063 0.080406 -0.074396
v -0.076422 0.075354 -0.089747
v -0.071830 0.069284 -0.105661
v -0.075166 0.050415 -0.100948
v -0.076950 0.019694 -0.055698
v -0.079286 0.022773 -0.054212
v -0.064031 0.091090 -0.022093
v -0.069060 0.085955 -0.029460
v -0.057029 0.095558 -0.013389
v -0.056872 0.100721 -0.020186
v -0.063405 0.097134 -0.029156
v -0.070521 0.090122 -0.041389
v -0.079673 0.054114 -0.056003
v -0.078779 0.068940 -0.056743
v -0.075641 0.073124 -0.043088
v -0.075087 0.085500 -0.058701
v -0.066499 0.099286 -0.047796
v -0.070191 0.095591 -0.062453
v -0.059389 0.107726 -0.051723
v -0.061508 0.105645 -0.066437
v -0.061449 0.103049 -0.082501
v -0.071929 0.091563 -0.077677
v -0.061527 0.102534 -0.035404
v -0.055313 0.105427 -0.025674
v -0.056383 0.108805 -0.038975
v -0.053091 0.109419 -0.030266
v -0.073666 0.075014 -0.035753
v -0.064269 -0.035028 -0.046018
v -0.065682 -0.035145 -0.041149
v -0.069078 -0.024104 -0.034362
v -0.068484 0.000576 -0.000622
v -0.068451 0.013310 -0.003107
v -0.071635 0.005279 -0.013514
v -0.069900 -0.008264 -0.010230
v -0.067033 0.026915 -0.004695
v -0.070777 0.019521 -0.014923
v -0.070873 0.033527 -0.016756
v -0.067098 0.041171 -0.005068
v -0.062942 0.063769 -0.120676
v -0.065212 0.046906 -0.118695
v -0.065663 0.034069 -0.116828
v -0.047506 0.057369 0.026663
v -0.022426 0.085019 -0.140811
v -0.046577 0.082208 0.016356
v -0.055257 0.084354 -0.121143
v -0.042134 0.090337 -0.127743
v -0.071149 0.086632 -0.092818
v -0.067951 0.081311 -0.106372
v -0.059970 0.074861 -0.121222
v -0.064598 0.017818 -0.114657
v -0.047427 0.109194 -0.018809
v -0.055631 0.023712 0.020082
v -0.054854 0.019302 0.019139
v -0.055908 0.028193 0.021724
v -0.053258 0.014526 0.020579
v -0.015362 0.007010 0.045017
v -0.014967 0.005118 0.047073
v -0.014432 0.002909 0.049014
v -0.018272 0.002398 0.044696
v -0.017496 -0.000545 0.046472
v -0.011593 0.002685 0.054225
v -0.011833 0.005380 0.051953
v -0.014060 0.000094 0.050918
v -0.013729 -0.003049 0.052708
v -0.011518 -0.000275 0.056568
v -0.017189 -0.015617 0.048518
v -0.018434 -0.010824 0.047082
v -0.016264 -0.006518 0.049297
v -0.020919 -0.003470 0.044854
v -0.019832 -0.006821 0.046162
v -0.016794 -0.003249 0.047946
v -0.022207 -0.000141 0.043088
v -0.014497 -0.006419 0.055451
v -0.015208 -0.009658 0.058485
v -0.012163 -0.003680 0.059717
v -0.010362 -0.001612 0.063082
v -0.009694 0.001911 0.059974
v -0.018865 0.004491 0.042808
v -0.023197 0.002450 0.041556
v -0.023087 -0.010484 0.045325
v -0.027431 -0.014118 0.044616
v -0.024965 -0.006047 0.043808
v -0.029252 -0.009054 0.043105
v -0.026375 -0.002393 0.042137
v -0.030619 -0.005127 0.041258
v -0.031437 -0.018028 0.043746
v -0.034926 -0.022337 0.042393
v -0.038130 -0.027713 0.040525
v -0.037572 -0.017055 0.040800
v -0.041272 -0.022818 0.038622
v -0.039501 -0.011929 0.038967
v -0.043763 -0.017147 0.036677
v -0.033688 -0.012725 0.042162
v -0.035319 -0.008351 0.040218
v -0.031901 -0.001255 0.039500
v -0.027691 0.000892 0.040599
v -0.040857 -0.000674 0.035397
v -0.040544 -0.006231 0.037205
v -0.036218 -0.003667 0.038272
v -0.036859 0.000931 0.036550
v -0.045495 -0.010240 0.034918
v -0.045375 -0.002499 0.033767
v -0.044720 0.002555 0.032412
v -0.031012 0.009515 0.036431
v -0.026270 0.010176 0.037291
v -0.034592 0.009118 0.035300
v -0.040621 0.003447 0.034044
v -0.037212 0.004325 0.035450
v -0.048971 0.009720 0.026341
v -0.046675 0.008981 0.028547
v -0.040857 0.008750 0.032539
v -0.037930 0.008864 0.034018
v -0.043855 0.008819 0.030734
v -0.021832 0.011756 0.037424
v -0.017628 0.013827 0.037502
v -0.057326 -0.062902 -0.067975
v -0.009347 0.005079 0.057563
v -0.009188 0.008030 0.055202
v -0.013997 0.029062 0.040791
v -0.012255 0.026656 0.039516
v -0.006542 0.026815 0.047309
v -0.018226 0.032181 0.043206
v -0.014045 0.016286 0.037682
v -0.012515 0.018413 0.037727
v -0.011442 0.021251 0.038067
v -0.011269 0.023840 0.038704
v -0.029721 0.045907 0.044044
v -0.026798 0.039143 0.045686
v -0.057878 0.063314 0.010800
v -0.061584 0.054439 0.006706
v -0.050052 0.042040 0.029356
v -0.053251 0.037949 0.026371
v -0.055266 0.033113 0.023732
v -0.063334 0.042598 0.003764
v -0.063924 0.030198 0.002920
v -0.065053 0.018496 0.003680
v -0.048498 0.094131 0.002166
v -0.048433 0.099699 -0.004741
v -0.048001 0.088117 0.009325
v -0.039119 0.112667 -0.013460
v -0.039128 0.108296 -0.005024
v -0.048089 0.104715 -0.011686
v -0.039557 0.103264 0.002325
v -0.039856 0.097710 0.009163
v -0.039347 0.091780 0.016356
v -0.038205 0.085459 0.023184
v -0.036456 0.076670 0.029852
v -0.047238 -0.061857 -0.085693
v -0.007506 -0.006090 0.056117
v -0.006827 -0.005902 0.056667
v -0.006368 -0.006688 0.055616
v -0.005784 -0.006418 0.056151
v -0.005257 -0.008209 0.055882
v -0.006843 -0.014968 0.058178
v -0.005526 -0.013129 0.057038
v -0.004817 -0.009866 0.055765
v -0.067617 -0.030517 -0.036006
v -0.058806 -0.096949 -0.063267
v -0.054617 -0.093441 -0.075564
v 0.055683 -0.096552 -0.062868
v 0.051453 -0.092991 -0.075437
v 0.020985 -0.127653 -0.010556
v 0.032587 -0.123411 -0.016466
v 0.033769 -0.131903 -0.017721
v 0.021693 -0.135369 -0.011981
v 0.059135 -0.114096 -0.068439
v 0.056783 -0.105701 -0.063436
v 0.053250 -0.101775 -0.078197
v 0.057118 -0.110142 -0.083745
v 0.046521 -0.099715 -0.090969
v 0.050442 -0.108940 -0.096649
v 0.039588 -0.109503 -0.106462
v 0.036807 -0.098693 -0.100710
v 0.025109 -0.098727 -0.107822
v 0.027532 -0.110666 -0.112990
v 0.044035 -0.118586 -0.024704
v 0.052784 -0.113637 -0.035853
v 0.053205 -0.123317 -0.036688
v 0.044345 -0.127153 -0.025536
v 0.057158 -0.109101 -0.048854
v 0.058238 -0.118346 -0.051795
v 0.013365 -0.109913 -0.117296
v 0.012064 -0.096949 -0.111778
v 0.023472 -0.153470 -0.013556
v 0.010612 -0.155356 -0.011206
v 0.010601 -0.146024 -0.010278
v 0.022815 -0.144320 -0.013038
v 0.054782 -0.155457 -0.031322
v 0.069369 -0.148623 -0.044532
v 0.075688 -0.157091 -0.040485
v 0.059405 -0.164299 -0.026730
v 0.097046 -0.156066 -0.053696
v 0.106364 -0.144794 -0.075446
v 0.038511 -0.160472 -0.020868
v 0.041351 -0.169118 -0.015638
v -0.001290 -0.120295 -0.125920
v -0.001271 -0.107884 -0.118206
v 0.096494 -0.138994 -0.079046
v 0.094929 -0.135032 -0.102020
v 0.107848 -0.140275 -0.099961
v 0.053431 -0.156625 -0.143428
v 0.053520 -0.163426 -0.147115
v 0.069215 -0.158679 -0.143422
v 0.064550 -0.152818 -0.139251
v 0.073610 -0.124128 -0.096919
v 0.061887 -0.125152 -0.112164
v 0.071320 -0.132015 -0.117138
v 0.084127 -0.129732 -0.101623
v 0.036820 -0.141754 -0.135077
v 0.054931 -0.136566 -0.127021
v 0.047182 -0.128984 -0.121898
v 0.031805 -0.132609 -0.128662
v 0.086647 -0.133822 -0.079150
v 0.075152 -0.128852 -0.076729
v 0.079108 -0.141194 -0.060357
v 0.069886 -0.135281 -0.059142
v 0.061992 -0.141020 -0.043631
v 0.056378 -0.117221 -0.103773
v 0.043812 -0.119335 -0.113772
v 0.028425 -0.121907 -0.121063
v 0.012770 -0.122450 -0.125488
v -0.001449 -0.170312 -0.146708
v -0.001301 -0.158221 -0.143290
v 0.017535 -0.144194 -0.137767
v 0.015526 -0.133061 -0.131622
v 0.088096 -0.147867 -0.058516
v 0.062481 -0.127652 -0.056519
v 0.056719 -0.132379 -0.041167
v 0.065502 -0.172537 -0.017234
v 0.083961 -0.165997 -0.033275
v 0.045079 -0.177544 -0.006206
v 0.026764 -0.180869 0.000547
v 0.019059 -0.155612 -0.143294
v 0.018069 -0.167820 -0.146680
v 0.038114 -0.164676 -0.147190
v 0.041493 -0.152880 -0.142016
v 0.049888 -0.145444 -0.030994
v 0.036770 -0.150656 -0.021230
v 0.023670 -0.163279 -0.012601
v 0.064096 -0.117831 -0.089571
v 0.065270 -0.122356 -0.072930
v 0.046578 -0.135742 -0.028483
v 0.035295 -0.141405 -0.019629
v 0.010129 -0.137415 -0.008096
v 0.024714 -0.172209 -0.007649
v 0.097804 -0.144445 -0.121370
v 0.084072 -0.152190 -0.135233
v 0.075874 -0.148937 -0.133829
v -0.001175 -0.145355 -0.138426
v -0.001169 -0.147403 -0.009818
v -0.001406 -0.156454 -0.011831
v -0.000586 -0.138958 -0.006867
v 0.081537 -0.140149 -0.123125
v 0.060500 -0.145417 -0.134154
v -0.000247 -0.131879 -0.004188
v -0.001368 -0.096226 -0.112954
v -0.001512 -0.167016 -0.012040
v -0.001715 -0.177044 -0.006895
v -0.001863 -0.187089 0.001701
v 0.010092 -0.130367 -0.005762
v 0.010834 -0.174993 -0.006177
v 0.010531 -0.165165 -0.010654
v 0.011801 -0.184806 0.001506
v -0.000846 -0.132475 -0.132492
v -0.021326 -0.127934 -0.010402
v -0.033120 -0.123743 -0.016669
v -0.034874 -0.132144 -0.017814
v -0.022599 -0.135571 -0.012005
v -0.061247 -0.114429 -0.069279
v -0.059196 -0.106103 -0.063941
v -0.056216 -0.102086 -0.078588
v -0.059660 -0.110351 -0.084306
v -0.049024 -0.100095 -0.091213
v -0.052617 -0.109267 -0.096907
v -0.041742 -0.109981 -0.106461
v -0.039207 -0.099147 -0.100868
v -0.027513 -0.099144 -0.107849
v -0.029866 -0.111077 -0.112866
v -0.044997 -0.119017 -0.025011
v -0.054041 -0.114278 -0.036175
v -0.054614 -0.123654 -0.037108
v -0.045635 -0.127464 -0.025780
v -0.058539 -0.109608 -0.049132
v -0.059765 -0.118820 -0.052569
v -0.015700 -0.110218 -0.117053
v -0.014678 -0.097203 -0.111732
v -0.025797 -0.153449 -0.013802
v -0.012966 -0.155376 -0.011456
v -0.012327 -0.146060 -0.010476
v -0.024586 -0.144326 -0.013266
v -0.056982 -0.155807 -0.032828
v -0.071150 -0.149109 -0.046657
v -0.077645 -0.157564 -0.042622
v -0.061891 -0.164702 -0.028399
v -0.099147 -0.156003 -0.055920
v -0.107967 -0.144397 -0.077270
v -0.041034 -0.160573 -0.021611
v -0.044112 -0.169220 -0.016648
v -0.098613 -0.138665 -0.080669
v -0.097011 -0.134970 -0.103124
v -0.109732 -0.139970 -0.101399
v -0.056055 -0.156414 -0.144250
v -0.056307 -0.163009 -0.147905
v -0.071565 -0.158334 -0.144343
v -0.067086 -0.152600 -0.140165
v -0.075733 -0.124339 -0.097657
v -0.064017 -0.125347 -0.112594
v -0.073201 -0.132119 -0.117876
v -0.085899 -0.129800 -0.102518
v -0.039005 -0.141793 -0.135557
v -0.056791 -0.136642 -0.127707
v -0.049316 -0.129122 -0.122416
v -0.033136 -0.132795 -0.129177
v -0.088494 -0.133476 -0.080438
v -0.076862 -0.128721 -0.077884
v -0.080763 -0.141406 -0.062119
v -0.071603 -0.135596 -0.060820
v -0.063607 -0.141454 -0.045445
v -0.057999 -0.117514 -0.104088
v -0.045681 -0.119611 -0.113896
v -0.030875 -0.122042 -0.121086
v -0.015480 -0.122494 -0.125313
v -0.019912 -0.144138 -0.137861
v -0.017633 -0.133317 -0.131902
v -0.089864 -0.147996 -0.060460
v -0.064065 -0.127900 -0.057888
v -0.058241 -0.132693 -0.042359
v -0.068385 -0.172423 -0.018724
v -0.086495 -0.166008 -0.035309
v -0.048210 -0.177348 -0.007194
v -0.030214 -0.180906 0.000053
v -0.021675 -0.155708 -0.143587
v -0.020170 -0.167949 -0.146981
v -0.039792 -0.164859 -0.147876
v -0.043708 -0.152823 -0.142690
v -0.051885 -0.145711 -0.032059
v -0.039006 -0.150744 -0.021814
v -0.026376 -0.163186 -0.012858
v -0.065955 -0.117985 -0.090177
v -0.067277 -0.122380 -0.073934
v -0.048301 -0.135948 -0.029062
v -0.037160 -0.141491 -0.019831
v -0.011323 -0.137572 -0.008245
v -0.027731 -0.172196 -0.008177
v -0.099074 -0.144224 -0.122518
v -0.085837 -0.151969 -0.136234
v -0.077747 -0.148826 -0.134825
v -0.083261 -0.140127 -0.124084
v -0.062344 -0.145380 -0.135025
v -0.010619 -0.130610 -0.005764
v -0.014071 -0.174974 -0.006427
v -0.013403 -0.165159 -0.010875
v -0.015190 -0.184662 0.001115
v -0.006625 -0.008217 0.055023
v -0.067260 -0.033499 -0.015507
v -0.066733 -0.040986 -0.022617
v -0.063616 -0.051605 -0.016358
v -0.064553 -0.043706 -0.009316
v -0.058156 -0.062501 -0.008081
v -0.061090 -0.052812 -0.002096
v -0.052257 -0.070789 0.000867
v -0.056612 -0.060916 0.004901
v -0.047241 -0.075894 0.010511
v -0.051881 -0.066176 0.013041
v -0.032819 -0.079614 0.032082
v -0.030944 -0.084344 0.028291
v -0.024305 -0.086928 0.035838
v -0.024897 -0.082854 0.040093
v -0.016953 -0.088538 0.042698
v -0.017531 -0.084553 0.046886
v -0.009035 -0.089001 0.046762
v -0.009065 -0.085136 0.051104
v 0.000279 -0.088755 0.048579
v 0.000239 -0.084884 0.053020
v 0.000176 -0.075257 0.057056
v -0.008443 -0.075541 0.055546
v -0.008885 -0.080419 0.054128
v 0.000210 -0.080586 0.055568
v -0.015804 -0.075308 0.051481
v -0.017069 -0.080288 0.049633
v -0.022498 -0.073467 0.045525
v -0.024136 -0.078461 0.043354
v -0.030245 -0.070082 0.038760
v -0.032186 -0.074938 0.035497
v -0.037047 -0.065260 0.034553
v -0.040156 -0.068516 0.030090
v -0.008088 -0.092124 0.040445
v 0.000274 -0.091893 0.042814
v -0.015331 -0.091694 0.036613
v -0.021960 -0.090386 0.030806
v -0.027438 -0.088667 0.024039
v -0.040614 -0.079184 0.019881
v -0.033668 -0.086465 0.016042
v -0.041451 -0.082281 0.007810
v -0.047148 -0.077359 -0.002761
v -0.054207 -0.068801 -0.013199
v -0.061352 -0.057510 -0.022580
v -0.065312 -0.045144 -0.029994
v -0.067996 -0.032881 -0.027943
v -0.014685 -0.070771 0.051866
v -0.007850 -0.070790 0.055578
v -0.021702 -0.069105 0.046337
v -0.028406 -0.065748 0.041283
v -0.033745 -0.061852 0.038209
v -0.038829 -0.050513 0.037798
v -0.037591 -0.056649 0.037293
v -0.036828 -0.037856 0.040821
v -0.038320 -0.044161 0.039216
v -0.044325 -0.030530 0.035648
v -0.046488 -0.039827 0.032431
v -0.042469 -0.042683 0.036032
v -0.040775 -0.034660 0.038291
v -0.047549 -0.024670 0.032838
v -0.050368 -0.035217 0.028580
v -0.007117 -0.094608 0.034599
v 0.000280 -0.094667 0.035800
v -0.013349 -0.094279 0.030990
v -0.018795 -0.093644 0.025639
v -0.023000 -0.093063 0.019081
v -0.027692 -0.091957 0.011714
v -0.033608 -0.089668 0.003412
v -0.040960 -0.084945 -0.006606
v -0.049722 -0.075654 -0.018262
v -0.058648 -0.062108 -0.028499
v -0.063243 -0.049163 -0.035875
v -0.019944 -0.099376 0.006543
v -0.015932 -0.098653 0.012613
v -0.012661 -0.098199 0.017907
v -0.009751 -0.097904 0.022326
v -0.005539 -0.098848 0.021895
v 0.000298 -0.099170 0.021750
v -0.004950 -0.101884 0.014367
v 0.000369 -0.101732 0.014609
v -0.007110 -0.104188 0.009815
v 0.000399 -0.104684 0.009847
v -0.009259 -0.107019 0.006114
v 0.000308 -0.109190 0.006752
v -0.041371 -0.058817 0.033580
v -0.045403 -0.059623 0.028743
v -0.047113 -0.049731 0.029737
v -0.051396 -0.046597 0.024704
v -0.049811 -0.058447 0.022685
v -0.042869 -0.051003 0.034234
v -0.054937 -0.054507 0.015263
v -0.055629 -0.041642 0.018965
v -0.054054 -0.029232 0.024537
v -0.058713 -0.036863 0.013724
v -0.059012 -0.048524 0.008332
v -0.057701 -0.024590 0.020241
v -0.060752 -0.020196 0.016008
v -0.061418 -0.031137 0.008836
v -0.061668 -0.042309 0.003152
v -0.044165 -0.071061 0.023219
v -0.064307 -0.034994 -0.002992
v -0.063245 -0.015673 0.011536
v -0.063651 -0.025645 0.004296
v -0.065881 -0.009682 0.005892
v -0.066496 -0.018054 -0.001915
v -0.066864 -0.027011 -0.009697
v -0.069338 -0.024788 -0.024008
v 0.000092 -0.070443 0.057338
v -0.063843 -0.033637 -0.050948
v -0.020846 -0.030433 0.048573
v -0.015686 -0.028279 0.051266
v -0.010818 -0.027540 0.054755
v -0.007065 -0.027360 0.057483
v -0.003392 -0.027681 0.059048
v 0.000079 -0.119991 0.001122
v 0.000349 0.040175 0.051011
v 0.000138 -0.113623 0.004674
v 0.000420 -0.058056 0.040731
v 0.000111 0.128647 -0.027917
v 0.000051 -0.065495 0.056841
v 0.000339 -0.053069 0.043059
v 0.000396 0.002234 0.069615
v 0.000008 -0.060500 0.056003
v 0.000044 -0.048407 0.058354
v 0.000036 -0.042664 0.055477
v 0.000420 0.079147 0.040774
v 0.000063 -0.045023 0.057520
v 0.000043 -0.025046 0.059926
v 0.000472 -0.001572 0.073124
v 0.000052 -0.041331 0.053999
v -0.001312 -0.046133 -0.115702
v 0.000043 -0.052417 0.057841
v 0.000239 -0.046204 0.047330
v 0.000099 -0.042141 0.052200
v 0.000122 -0.036061 0.045758
v 0.000144 -0.028209 0.059262
v 0.000571 0.018841 0.055964
v -0.001115 -0.007644 -0.139919
v 0.000554 0.015955 0.058286
v 0.000325 0.104174 0.022899
v 0.000401 0.089600 0.035428
v 0.000392 0.005971 0.066344
v -0.000698 0.055155 -0.153326
v -0.000586 0.071681 -0.150333
v 0.000403 0.059987 0.046603
v -0.000054 0.126029 -0.091224
v 0.000522 -0.005378 0.075435
v -0.000102 -0.019301 0.065635
v 0.000179 0.120733 -0.002900
v -0.000925 0.020696 -0.150761
v -0.000218 0.116351 -0.115654
v 0.000224 -0.045341 0.055413
v 0.000143 0.125083 -0.014843
v 0.000197 -0.046353 0.052514
v 0.000234 -0.015666 0.072970
v -0.001026 0.005027 -0.146176
v -0.000814 0.034420 -0.152920
v 0.000227 -0.035794 0.058936
v 0.000196 -0.031235 0.058941
v -0.000136 0.122013 -0.103839
v 0.000343 0.046630 0.050249
v 0.000234 -0.038368 0.059300
v 0.000642 0.027213 0.051524
v 0.000266 -0.041202 0.059034
v -0.000118 -0.126158 -0.001816
v -0.000393 0.095765 -0.137613
v 0.000243 -0.043528 0.057211
v 0.000168 -0.043599 0.048961
v 0.000465 0.009549 0.063249
v 0.000139 -0.039757 0.046940
v 0.000405 0.068725 0.044171
v -0.000116 -0.021993 0.061410
v -0.000133 -0.021137 0.062022
v 0.000633 0.024362 0.052360
v 0.000370 0.097563 0.029459
v 0.000607 0.029640 0.051358
v -0.000054 -0.022980 0.060775
v -0.000482 0.086411 -0.143899
v 0.000018 0.130786 -0.073825
v 0.000038 0.132079 -0.060647
v 0.000585 0.021619 0.053757
v 0.000526 0.013035 0.060574
v -0.001327 -0.057882 -0.113418
v 0.000414 -0.012085 0.075465
v 0.000487 -0.009179 0.076063
v 0.000219 0.115555 0.007359
v -0.001190 -0.017143 -0.134543
v 0.000073 0.131479 -0.043463
v 0.000271 0.110040 0.015684
v -0.001288 -0.034401 -0.122105
v -0.001249 -0.024603 -0.129777
v 0.000114 -0.017007 0.071304
v 0.000520 0.032648 0.051326
v -0.000017 -0.018430 0.068231
v -0.000302 0.108409 -0.126215
v -0.000131 -0.020171 0.063476
v 0.006242 -0.008308 0.055459
v 0.066513 -0.033272 -0.014182
v 0.065347 -0.040601 -0.021372
v 0.062496 -0.051166 -0.015249
v 0.063992 -0.043457 -0.008058
v 0.057465 -0.062025 -0.007037
v 0.060704 -0.052576 -0.000906
v 0.051684 -0.070245 0.001779
v 0.056276 -0.060707 0.006041
v -0.004068 -0.015584 0.070399
v -0.003158 -0.017139 0.067954
v 0.047083 -0.075589 0.011431
v 0.051667 -0.066082 0.014096
v -0.015314 0.019677 0.035053
v -0.007884 -0.018260 0.057926
v -0.006779 0.003894 0.062959
v -0.013771 0.019929 0.035643
v 0.032667 -0.079372 0.032701
v 0.030778 -0.083906 0.028732
v 0.024272 -0.086406 0.036132
v 0.024931 -0.082589 0.040454
v -0.009922 -0.017937 0.056544
v 0.017290 -0.088289 0.042954
v 0.017821 -0.084398 0.047163
v 0.009514 -0.088907 0.046957
v 0.009482 -0.085101 0.051364
v -0.006158 0.010423 0.057622
v -0.008466 0.018939 0.045121
v 0.008687 -0.075555 0.055979
v 0.009262 -0.080435 0.054481
v -0.006346 0.007145 0.060405
v -0.015188 -0.015054 0.057188
v -0.013405 -0.017583 0.055768
v -0.006465 -0.009508 0.072773
v -0.007389 -0.006646 0.071701
v 0.015998 -0.075296 0.051827
v -0.007292 -0.012632 0.070874
v -0.004576 -0.014385 0.071478
v 0.017287 -0.080183 0.049902
v -0.017571 0.019537 0.035268
v -0.023389 0.021334 0.030132
v -0.005720 -0.011546 0.072694
v -0.002816 -0.013670 0.073420
v -0.020885 0.020370 0.033562
v -0.016406 0.019530 0.035143
v -0.011582 -0.010961 0.065858
v -0.006981 0.017958 0.049454
v 0.022623 -0.073394 0.045844
v 0.024182 -0.078300 0.043637
v 0.030297 -0.070073 0.039389
v 0.032146 -0.074893 0.036144
v -0.014032 -0.012456 0.061516
v 0.036940 -0.065353 0.035476
v 0.039990 -0.068611 0.031059
v 0.008739 -0.091916 0.040546
v -0.018651 0.019733 0.035215
v -0.019713 0.019960 0.034845
v -0.007449 0.000429 0.066066
v 0.015713 -0.091193 0.036770
v 0.022059 -0.089688 0.031062
v 0.027461 -0.088140 0.024495
v 0.040642 -0.079031 0.020646
v -0.022577 0.020816 0.032829
v -0.002997 -0.018965 0.063184
v -0.009803 -0.011646 0.068171
v -0.008474 -0.012203 0.069691
v -0.003511 -0.019567 0.061158
v 0.033824 -0.086058 0.016615
v 0.041298 -0.081715 0.008501
v -0.011948 0.019688 0.037917
v 0.046395 -0.076547 -0.002124
v -0.006361 0.015799 0.052914
v -0.006247 0.013045 0.055363
v 0.053373 -0.068146 -0.012419
v 0.060027 -0.056937 -0.021642
v -0.002872 -0.018132 0.065547
v 0.063373 -0.044637 -0.028823
v 0.066934 -0.032695 -0.026621
v 0.014946 -0.070833 0.052249
v 0.008091 -0.070812 0.056084
v 0.021874 -0.069107 0.046704
v -0.007740 -0.003255 0.069371
v 0.028484 -0.065717 0.041823
v 0.033788 -0.061903 0.039062
v 0.038604 -0.050530 0.038858
v -0.005654 -0.018892 0.059476
v 0.037470 -0.056689 0.038375
v 0.036558 -0.037898 0.041697
v 0.038074 -0.044197 0.040163
v 0.044004 -0.030756 0.036672
v 0.046042 -0.039973 0.033441
v 0.042132 -0.042774 0.037019
v 0.000348 -0.014046 0.074355
v -0.005079 -0.013130 0.072184
v 0.040481 -0.034811 0.039267
v 0.047305 -0.024954 0.033997
v 0.049859 -0.035407 0.029615
v 0.007843 -0.094337 0.034681
v -0.029320 0.032001 0.041718
v -0.029271 0.029805 0.040293
v 0.013827 -0.093733 0.031157
v 0.019201 -0.093057 0.025885
v 0.023242 -0.092515 0.019455
v 0.027810 -0.091374 0.012145
v 0.033577 -0.089073 0.003845
v 0.040383 -0.084173 -0.006232
v -0.021924 0.035182 0.045073
v -0.004149 0.036085 0.050332
v -0.009157 0.036078 0.048844
v 0.049262 -0.075149 -0.017784
v -0.029604 0.025175 0.038384
v -0.030572 0.023963 0.037051
v -0.029092 0.027865 0.038855
v -0.030485 0.023804 0.037992
v -0.030011 0.024394 0.038380
v 0.057593 -0.061632 -0.027842
v -0.028997 0.027308 0.038105
v 0.061316 -0.048551 -0.035004
v -0.029091 0.026725 0.037861
v 0.020075 -0.098912 0.006744
v -0.028227 0.034829 0.043338
v 0.016265 -0.098224 0.012797
v 0.013274 -0.097801 0.018072
v -0.029222 0.026059 0.038062
v -0.030451 0.025838 0.035603
v 0.010547 -0.097559 0.022452
v -0.030639 0.025975 0.031464
v 0.006323 -0.098671 0.021978
v 0.000421 0.036133 0.051074
v -0.020602 0.046221 0.047645
v -0.050953 0.046661 0.025873
v 0.005711 -0.101701 0.014429
v -0.054084 0.041368 0.023099
v 0.007764 -0.103949 0.009849
v -0.047594 0.005805 0.029187
v -0.050325 0.006677 0.026635
v -0.017799 0.039832 0.048267
v 0.009652 -0.106766 0.006242
v 0.041097 -0.058916 0.034531
v 0.044914 -0.059680 0.029676
v 0.046604 -0.049827 0.030770
v 0.050814 -0.046729 0.025723
v -0.025944 0.068350 0.039009
v -0.030724 0.115447 -0.009587
v -0.024328 0.060208 0.042328
v -0.039054 0.052372 0.036148
v 0.049315 -0.058488 0.023635
v -0.030752 0.110909 -0.000415
v 0.042559 -0.051061 0.035213
v 0.054532 -0.054525 0.016353
v 0.055062 -0.041697 0.020118
v 0.053653 -0.029370 0.025783
v 0.058274 -0.036836 0.015039
v -0.046035 0.051020 0.030149
v 0.058592 -0.048426 0.009557
v -0.055096 0.012126 0.019315
v -0.006171 0.052876 0.048563
v -0.056600 0.017811 0.017041
v 0.057344 -0.024654 0.021604
v -0.014004 0.052934 0.047843
v -0.027455 0.125238 -0.072383
v 0.060419 -0.020189 0.017407
v 0.060964 -0.031059 0.010204
v 0.061279 -0.042169 0.004477
v 0.043977 -0.071052 0.024163
v -0.012709 0.032422 0.045767
v 0.063820 -0.034835 -0.001644
v -0.037613 0.006896 0.034558
v -0.040662 0.006415 0.033169
v 0.062972 -0.015662 0.012893
v -0.031311 0.125057 -0.061058
v -0.054125 0.009607 0.021514
v -0.029208 0.087499 0.028447
v -0.009220 0.026705 0.043804
v -0.010209 0.029284 0.044124
v -0.030040 0.094382 0.021860
v 0.063174 -0.025539 0.005645
v 0.065542 -0.009651 0.007132
v 0.066035 -0.017931 -0.000625
v -0.030451 0.100511 0.014764
v 0.066307 -0.026818 -0.008378
v 0.068635 -0.024646 -0.022641
v -0.031113 0.119387 -0.020297
v -0.021060 0.010256 0.038100
v 0.062344 -0.033292 -0.050148
v 0.020492 -0.030593 0.049173
v 0.015445 -0.028466 0.051777
v -0.056397 0.035353 0.020687
v -0.057426 0.029122 0.018958
v -0.031879 0.124530 -0.047158
v -0.030382 0.008044 0.037113
v -0.057249 0.023416 0.017545
v -0.015589 0.127091 -0.080471
v 0.010743 -0.027719 0.055190
v -0.052608 0.007821 0.024041
v 0.007205 -0.027486 0.057914
v 0.003622 -0.027746 0.059435
v -0.031497 0.052718 0.041316
v -0.034160 0.007337 0.035868
v -0.008886 0.023956 0.042936
v -0.016641 0.012361 0.038554
v -0.013201 0.015313 0.039218
v -0.030627 0.105949 0.007560
v -0.011073 0.017728 0.040326
v -0.009213 0.021351 0.042057
v -0.025686 0.008850 0.038020
v -0.027737 0.078001 0.034753
v -0.031418 0.122548 -0.033037
v -0.044101 0.006088 0.031370
v -0.000004 0.128318 -0.083283
v 0.000370 0.052649 0.048727
v -0.010026 0.019278 0.041291
v -0.015181 0.035845 0.047158
v -0.022735 0.052844 0.045535
v 0.000061 -0.056474 0.056510
v -0.026210 -0.041953 0.046132
v -0.027652 -0.044247 0.044642
v -0.027244 -0.049974 0.042658
v -0.018829 -0.036601 0.051205
v -0.023286 -0.039371 0.048224
v -0.017734 -0.055562 0.050407
v -0.028205 -0.046299 0.043527
v -0.011998 -0.056247 0.053596
v -0.028226 -0.048265 0.042868
v -0.006399 -0.056816 0.055385
v 0.000219 -0.033515 0.058932
v -0.008790 -0.033129 0.057235
v -0.004272 -0.033013 0.058813
v -0.013704 -0.034368 0.054380
v -0.025341 -0.051926 0.043755
v -0.022556 -0.053924 0.046431
v 0.004268 -0.015811 0.070655
v 0.003155 -0.017276 0.068136
v 0.015357 0.019791 0.035889
v 0.007544 -0.018437 0.058300
v 0.007029 0.003912 0.063211
v 0.013816 0.020015 0.036294
v 0.009619 -0.018161 0.056973
v 0.006488 0.010452 0.057896
v 0.008440 0.018952 0.045445
v 0.006695 0.007190 0.060683
v 0.014925 -0.015234 0.057580
v 0.013071 -0.017790 0.056184
v 0.006916 -0.009483 0.072970
v 0.007786 -0.006616 0.071890
v 0.007421 -0.012673 0.071081
v 0.004887 -0.014571 0.071753
v 0.017585 0.019710 0.036316
v 0.023277 0.021457 0.031730
v 0.006156 -0.011577 0.072913
v 0.003452 -0.013866 0.073709
v 0.020872 0.020585 0.034861
v 0.016448 0.019673 0.036120
v 0.011373 -0.011043 0.066132
v 0.007166 0.017938 0.049775
v 0.013824 -0.012577 0.061866
v 0.018649 0.019932 0.036327
v 0.019717 0.020191 0.036032
v 0.007605 0.000420 0.066296
v 0.022549 0.020996 0.034146
v 0.002654 -0.018873 0.063239
v 0.009643 -0.011676 0.068390
v 0.008411 -0.012216 0.069880
v 0.003098 -0.019509 0.061275
v 0.011868 0.019754 0.038370
v 0.006746 0.015800 0.053206
v 0.006753 0.013075 0.055618
v 0.002649 -0.018115 0.065651
v 0.008058 -0.003236 0.069579
v 0.005270 -0.018950 0.059723
v 0.005464 -0.013243 0.072440
v 0.029785 0.032114 0.042773
v 0.029744 0.029872 0.041512
v 0.022458 0.035031 0.045925
v 0.004897 0.035996 0.050425
v 0.009856 0.035920 0.049191
v 0.029967 0.025798 0.039673
v 0.030786 0.024637 0.038272
v 0.029553 0.027911 0.040283
v 0.030734 0.024521 0.039201
v 0.030332 0.025114 0.039564
v 0.029429 0.027438 0.039618
v 0.029489 0.026996 0.039358
v 0.028689 0.034863 0.044264
v 0.029606 0.026523 0.039457
v 0.030615 0.026416 0.036775
v 0.030747 0.026425 0.032846
v 0.021358 0.046066 0.048529
v 0.051234 0.046917 0.026613
v 0.054123 0.041612 0.023857
v 0.047676 0.005980 0.030428
v 0.050340 0.006942 0.027841
v 0.018508 0.039531 0.049176
v 0.026723 0.068434 0.039360
v 0.030952 0.115482 -0.009588
v 0.025081 0.060252 0.042755
v 0.039616 0.052536 0.036856
v 0.031030 0.110955 -0.000406
v 0.046525 0.051271 0.030863
v 0.055310 0.012431 0.020540
v 0.006989 0.052781 0.048914
v 0.056917 0.018079 0.018287
v 0.014847 0.052824 0.048409
v 0.027435 0.125234 -0.072394
v 0.013271 0.032370 0.046265
v 0.037911 0.006991 0.035906
v 0.040899 0.006538 0.034496
v 0.031360 0.125065 -0.061073
v 0.054216 0.009908 0.022693
v 0.029854 0.087625 0.028593
v 0.009627 0.026837 0.044140
v 0.010633 0.029394 0.044471
v 0.030545 0.094476 0.021933
v 0.030853 0.100576 0.014803
v 0.031306 0.119418 -0.020308
v 0.021097 0.010172 0.038754
v 0.056249 0.035580 0.021515
v 0.057323 0.029401 0.019955
v 0.031981 0.124544 -0.047175
v 0.030631 0.007941 0.038062
v 0.057439 0.023681 0.018655
v 0.015562 0.127080 -0.080480
v 0.052689 0.008099 0.025222
v 0.032145 0.052777 0.041963
v 0.034419 0.007367 0.037078
v 0.009046 0.024096 0.043249
v 0.016590 0.012341 0.039143
v 0.013110 0.015299 0.039720
v 0.030957 0.106001 0.007578
v 0.010954 0.017736 0.040741
v 0.009173 0.021435 0.042347
v 0.025671 0.008750 0.038703
v 0.028504 0.078132 0.035003
v 0.031569 0.122573 -0.033054
v 0.044237 0.006226 0.032643
v 0.009926 0.019316 0.041638
v 0.015833 0.035646 0.047854
v 0.023503 0.052795 0.046206
v 0.026030 -0.041947 0.046846
v 0.027467 -0.044191 0.045502
v 0.027146 -0.049808 0.043576
v 0.018831 -0.036751 0.051561
v 0.023180 -0.039444 0.048744
v 0.017684 -0.055581 0.050705
v 0.028021 -0.046204 0.044476
v 0.012091 -0.056303 0.053971
v 0.028055 -0.048097 0.043811
v 0.006381 -0.056981 0.055910
v 0.009118 -0.033217 0.057535
v 0.004670 -0.033030 0.059121
v 0.013820 -0.034495 0.054680
v 0.025320 -0.051790 0.044434
v 0.022582 -0.053855 0.046828
v 0.031817 0.022574 0.025098
v -0.031577 0.022577 0.023378
f 4 2 1
f 8 6 5
f 13 15 14
f 17 19 18
f 32 30 29
f 36 34 33
f 37 39 38
f 21 23 20
f 25 27 24
f 41 43 42
f 48 46 45
f 52 50 49
f 53 55 54
f 60 58 57
f 29 62 61
f 66 64 63
f 67 6 68
f 72 70 69
f 76 74 73
f 77 79 78
f 81 83 82
f 59 86 85
f 88 90 89
f 96 94 93
f 100 98 97
f 101 103 102
f 106 34 87
f 108 115 107
f 117 36 118
f 124 126 125
f 131 129 128
f 132 134 133
f 142 140 139
f 148 60 147
f 144 127 124
f 149 151 150
f 156 154 153
f 159 158 157
f 116 164 105
f 171 169 168
f 174 173 172
f 179 181 180
f 186 188 187
f 194 196 195
f 199 139 198
f 206 208 207
f 213 211 210
f 202 214 201
f 96 216 54
f 92 43 44
f 97 246 100
f 250 229 228
f 252 58 253
f 258 256 255
f 260 229 259
f 110 112 113
f 114 263 109
f 265 267 266
f 56 270 269
f 274 249 250
f 185 63 64
f 280 278 276
f 285 283 157
f 288 211 212
f 141 92 46
f 289 175 176
f 148 105 106
f 312 170 171
f 238 42 43
f 318 160 317
f 310 308 307
f 241 325 324
f 160 240 317
f 47 307 308
f 108 315 164
f 345 86 119
f 348 350 349
f 356 358 357
f 355 353 352
f 363 32 362
f 149 150 176
f 364 253 365
f 366 368 367
f 183 371 63
f 163 161 160
f 209 101 208
f 378 165 166
f 379 381 380
f 383 3 4
f 284 386 385
f 387 389 388
f 391 229 249
f 73 397 396
f 405 407 406
f 203 411 410
f 414 413 412
f 1 357 4
f 277 131 275
f 254 57 58
f 358 415 351
f 417 386 408
f 401 192 420
f 419 127 143
f 421 182 422
f 103 302 409
f 428 368 174
f 380 359 356
f 62 266 323
f 140 431 430
f 357 351 348
f 356 379 380
f 415 403 434
f 437 436 435
f 438 440 439
f 188 450 449
f 452 454 453
f 265 181 421
f 224 64 225
f 237 213 427
f 275 128 458
f 281 460 459
f 50 79 461
f 73 282 281
f 468 466 465
f 390 352 359
f 482 484 483
f 489 487 486
f 493 495 494
f 472 470 469
f 502 500 499
f 220 222 223
f 512 143 66
f 518 511 80
f 513 230 286
f 205 31 244
f 189 451 188
f 163 532 8
f 533 225 251
f 446 447 412
f 335 540 334
f 544 546 545
f 329 291 292
f 199 262 238
f 385 416 550
f 532 191 247
f 363 118 243
f 236 237 250
f 578 580 579
f 573 571 570
f 561 562 272
f 241 259 240
f 590 592 591
f 545 595 594
f 503 155 504
f 606 624 623
f 478 480 479
f 646 648 647
f 590 689 684
f 564 651 650
f 728 184 727
f 714 716 715
f 692 575 693
f 541 581 578
f 346 248 400
f 161 230 160
f 128 94 95
f 698 704 703
f 574 576 575
f 290 401 328
f 630 725 726
f 733 735 734
f 755 496 493
f 759 481 760
f 757 762 761
f 764 466 467
f 768 3808 3809
f 759 488 489
f 492 475 771
f 474 769 473
f 773 465 772
f 771 486 483
f 484 775 491
f 774 489 486
f 495 764 756
f 495 761 494
f 137 784 136
f 325 797 547
f 165 51 52
f 369 29 370
f 730 568 569
f 90 301 89
f 243 516 242
f 800 806 805
f 817 808 816
f 816 823 822
f 306 447 807
f 815 809 808
f 829 828 825
f 726 501 502
f 274 424 423
f 879 881 880
f 884 879 885
f 219 217 211
f 906 904 897
f 455 205 542
f 898 830 829
f 903 880 881
f 906 897 898
f 377 519 165
f 923 948 946
f 946 951 950
f 3519 739 3517
f 900 886 880
f 225 65 144
f 182 442 422
f 809 947 824
f 954 962 961
f 927 965 966
f 885 880 886
f 925 966 967
f 343 341 340
f 965 971 968
f 968 970 969
f 972 969 973
f 963 981 978
f 336 338 339
f 992 827 828
f 810 996 959
f 1007 1002 1008
f 1012 827 1009
f 1011 1007 1008
f 294 292 291
f 907 920 919
f 1017 1019 1018
f 1020 1022 1021
f 1035 1020 1044
f 1061 1047 1046
f 1063 1046 1062
f 1044 1021 1045
f 1102 1097 1109
f 1116 1118 1117
f 1016 1014 1013
f 881 904 903
f 816 1127 817
f 1094 949 1097
f 514 167 515
f 146 81 82
f 1133 1130 1129
f 1102 1126 822
f 822 1116 816
f 1145 1148 1136
f 1076 1151 1069
f 1148 1086 1087
f 1109 1114 1136
f 1154 1156 1155
f 1153 967 1156
f 3464 463 3714
f 1144 1152 1151
f 1156 1163 1162
f 1164 1169 1165
f 1145 1176 1147
f 1114 1154 1171
f 1183 1164 1177
f 1184 1177 1185
f 1069 1062 1064
f 1023 1194 1022
f 1162 1170 1169
f 1195 1185 1191
f 1183 1176 1155
f 1201 1152 1196
f 1061 1201 1202
f 3825 843 3836
f 1203 1195 1034
f 1202 1184 1195
f 1218 1203 1217
f 1060 1202 1203
f 1225 1217 1219
f 671 694 670
f 1219 1024 1035
f 1217 1034 1024
f 1226 1015 1227
f 1243 1234 1233
f 1231 1229 1228
f 847 1233 843
f 843 1244 878
f 1233 1245 1244
f 1923 233 216
f 2100 499 500
f 3914 2135 3900
f 61 323 505
f 210 217 457
f 1299 1309 1300
f 3863 1231 3862
f 1066 1321 1322
f 1322 1228 1229
f 1060 1321 1047
f 1325 1323 1310
f 1244 1332 1330
f 1290 1242 1288
f 1337 1339 1338
f 1330 1340 1339
f 1341 1245 1294
f 1342 1332 1341
f 1343 1341 1344
f 1344 1294 1293
f 3857 1345 1346
f 1347 1342 1343
f 3856 1295 1345
f 1349 1348 1347
f 3861 1347 3853
f 3853 1343 3857
f 906 829 1353
f 905 1353 1354
f 865 1355 1357
f 1355 829 825
f 1357 825 826
f 1356 1353 1355
f 3834 1338 3833
f 866 1356 865
f 1358 1354 1356
f 3828 1337 3834
f 838 1012 841
f 1363 1338 1339
f 1368 1339 1340
f 1348 1340 1342
f 1371 3824 3829
f 524 526 523
f 528 530 527
f 1372 1369 1371
f 535 537 538
f 1367 1348 1350
f 1370 1359 1369
f 1369 3833 3824
f 1373 903 904
f 555 557 558
f 1374 910 1373
f 1373 905 1375
f 1374 1375 1376
f 1375 1354 1370
f 1378 908 1377
f 376 651 1387
f 1388 973 969
f 586 588 585
f 1390 1388 1391
f 1391 969 970
f 597 599 596
f 600 602 603
f 1392 970 979
f 608 610 607
f 612 523 611
f 614 616 613
f 617 25 24
f 620 622 619
f 1397 1391 1392
f 1398 1392 1399
f 1400 920 1378
f 1402 1165 1169
f 636 638 635
f 930 1402 929
f 641 643 644
f 929 1169 1170
f 1404 1403 1402
f 1411 1365 1406
f 1412 1415 1414
f 652 654 655
f 609 657 658
f 659 661 662
f 558 586 585
f 665 667 664
f 1413 1406 1412
f 1418 3810 3813
f 1417 1371 1416
f 1416 3829 3810
f 1419 1416 1418
f 1386 1374 1420
f 677 679 676
f 1385 1420 1421
f 1420 1376 1422
f 685 687 688
f 1421 1422 1423
f 528 691 658
f 1422 1372 1417
f 1018 747 1425
f 699 701 702
f 1424 579 1017
f 3663 1767 3660
f 700 711 712
f 1093 3754 1571
f 717 530 719
f 721 723 720
f 704 3543 3554
f 19 1426 1430
f 1429 1427 1426
f 1658 3542 3544
f 1439 1434 1438
f 1437 1435 1434
f 1426 1433 1432
f 1442 1432 1440
f 742 744 745
f 1432 1441 1440
f 751 753 750
f 1438 1403 1405
f 1446 1444 1443
f 1447 1446 1443
f 3860 1443 3848
f 1415 1445 1446
f 1414 1446 1448
f 2173 469 470
f 777 779 686
f 780 782 783
f 1676 1806 1675
f 3859 1349 3861
f 789 791 788
f 745 793 742
f 652 795 653
f 1455 1457 1456
f 1454 1350 1452
f 610 802 801
f 3831 698 703
f 1352 1045 1351
f 1015 1459 1460
f 811 813 814
f 2118 3817 2117
f 819 821 818
f 1466 1194 1190
f 1467 1465 1466
f 1182 1468 1467
f 832 833 831
f 835 837 834
f 1467 1190 1182
f 1469 1444 1445
f 840 712 690
f 1453 1469 1454
f 599 845 846
f 1226 3849 3855
f 851 853 850
f 855 856 854
f 858 860 857
f 861 863 864
f 1014 3855 3858
f 867 868 869
f 870 872 873
f 874 876 877
f 1310 1471 1309
f 1476 1427 1475
f 1461 1475 1460
f 887 889 890
f 788 892 891
f 894 896 893
f 1460 1227 1015
f 901 524 612
f 1465 1477 1464
f 1865 3500 1864
f 911 913 914
f 916 918 915
f 1850 3507 1851
f 921 895 894
f 1479 1436 1478
f 926 667 601
f 1481 563 1480
f 269 84 1482
f 931 933 916
f 934 614 869
f 936 688 937
f 938 662 939
f 1484 122 123
f 941 835 834
f 320 509 510
f 1849 3505 1850
f 84 1484 83
f 1487 1488 539
f 1757 3502 3509
f 365 1491 364
f 461 80 511
f 117 362 1496
f 1494 541 1495
f 926 957 958
f 1477 1433 1476
f 1709 1585 1700
f 119 1496 345
f 271 504 156
f 511 189 186
f 345 1492 365
f 255 344 254
f 57 299 132
f 1501 268 1500
f 267 1499 145
f 974 976 977
f 1678 1693 1676
f 3846 1807 3840
f 557 663 558
f 983 984 985
f 1443 3849 3848
f 421 268 265
f 989 991 988
f 1490 418 1504
f 279 309 310
f 997 676 679
f 998 999 875
f 1504 38 1505
f 1506 1507 1486
f 360 1508 1506
f 1506 207 360
f 939 1006 938
f 270 1483 269
f 66 546 512
f 1010 793 935
f 367 437 1509
f 244 363 243
f 1670 3534 1669
f 209 1510 226
f 235 1512 1511
f 1511 234 235
f 388 426 425
f 427 250 237
f 161 521 231
f 100 45 44
f 1025 608 1027
f 1029 1031 1028
f 939 1033 1032
f 41 594 99
f 1036 783 1037
f 702 1038 1039
f 1040 1042 1043
f 362 369 1493
f 187 477 186
f 70 539 198
f 1511 1521 234
f 1049 603 1048
f 613 869 614
f 860 1051 857
f 1005 1053 1006
f 753 1056 1054
f 1057 1059 1055
f 293 1522 292
f 288 1521 1522
f 292 1523 329
f 331 1508 1524
f 306 453 305
f 100 41 99
f 462 78 79
f 330 1524 462
f 635 1068 636
f 1485 1526 1528
f 206 1528 1510
f 1070 1072 831
f 942 1073 1074
f 916 1075 917
f 440 1530 439
f 157 1514 285
f 1529 5 1530
f 371 546 63
f 790 663 791
f 1077 857 1078
f 1403 1435 1165
f 1080 1082 1079
f 531 1529 440
f 21 1084 1085
f 272 1531 561
f 137 396 397
f 690 802 691
f 335 3567 581
f 1090 1029 1091
f 1092 794 1042
f 1533 137 138
f 661 1095 1096
f 69 445 72
f 1099 1101 1098
f 38 1536 1505
f 1104 1106 1103
f 852 1108 853
f 1377 909 1386
f 291 411 294
f 316 516 33
f 539 1533 534
f 1505 316 313
f 1110 1112 1113
f 1539 460 264
f 522 1537 1539
f 834 1120 1119
f 1122 1124 1121
f 612 1041 901
f 935 615 614
f 276 130 131
f 1686 3522 1685
f 193 1541 273
f 231 1540 287
f 556 982 557
f 365 85 345
f 190 318 1541
f 1810 3574 3528
f 3924 3512 3791
f 1132 985 1131
f 208 102 132
f 1134 662 661
f 1491 80 77
f 429 1542 147
f 1137 915 918
f 172 428 174
f 1139 1141 1142
f 549 54 55
f 1517 1518 296
f 976 1146 938
f 834 984 941
f 1543 286 115
f 1544 239 513
f 133 1544 1542
f 506 257 258
f 420 328 401
f 1158 1160 1157
f 587 1103 588
f 1513 1514 151
f 607 1027 608
f 304 1545 303
f 364 77 506
f 69 198 139
f 1006 976 938
f 700 1112 701
f 3877 3525 3787
f 1166 657 656
f 1167 858 1077
f 1300 3524 1299
f 1172 1174 1175
f 218 200 217
f 1179 1181 1178
f 372 97 98
f 89 227 88
f 1186 1188 1189
f 172 1517 1549
f 1482 81 1498
f 1090 1193 1030
f 394 353 1551
f 526 1198 1197
f 811 858 812
f 1199 1026 1025
f 606 697 696
f 1204 1206 743
f 1207 523 526
f 1209 867 613
f 914 685 936
f 1478 1441 1477
f 1029 1161 1091
f 1211 1213 1214
f 3858 1451 3859
f 844 1216 845
f 423 273 274
f 1220 1222 1083
f 22 1224 23
f 882 897 881
f 1519 173 387
f 1189 1232 1178
f 349 550 416
f 1071 1236 1072
f 1237 1239 745
f 1221 1189 1240
f 1510 1512 333
f 939 1241 1005
f 1556 5 67
f 1553 394 1551
f 404 67 347
f 1247 1249 1246
f 142 238 92
f 1251 635 1250
f 850 1253 851
f 1254 1077 1255
f 57 133 429
f 443 552 551
f 1187 1175 1188
f 1256 831 833
f 432 382 383
f 741 747 746
f 434 351 415
f 349 383 348
f 251 1481 1480
f 395 352 353
f 1518 1550 1551
f 1558 378 340
f 109 314 315
f 285 1513 407
f 395 393 392
f 202 410 1558
f 417 405 432
f 1246 1258 1247
f 3 297 2
f 1259 1261 1262
f 403 347 284
f 955 953 952
f 462 51 330
f 1096 687 1263
f 429 60 57
f 896 1265 932
f 1267 1268 1266
f 423 327 420
f 37 180 40
f 20 1187 1186
f 1256 1071 1070
f 155 156 504
f 1188 1269 1232
f 1236 1271 1262
f 1272 535 621
f 565 463 464
f 1273 745 1239
f 876 1255 1274
f 316 164 315
f 437 503 1509
f 194 1495 197
f 1275 864 863
f 624 631 630
f 1277 1137 1278
f 569 567 566
f 1481 125 366
f 324 547 326
f 1279 1107 1280
f 1525 329 1523
f 1281 1137 918
f 171 1553 1552
f 1488 396 1533
f 1557 1562 1559
f 1282 1206 1205
f 1053 1278 1281
f 778 607 1283
f 713 3566 3569
f 251 144 124
f 4 348 383
f 709 707 706
f 728 45 246
f 261 1563 544
f 789 1287 790
f 74 263 282
f 403 385 434
f 1178 1240 1189
f 1223 1289 1224
f 158 150 151
f 1220 1186 1221
f 296 354 433
f 784 1538 1566
f 1181 1291 1222
f 1269 1257 1246
f 1566 438 399
f 136 1566 1564
f 1563 169 1565
f 107 109 108
f 1297 1298 1296
f 1464 1476 1461
f 1520 507 508
f 1301 1303 1304
f 1306 1308 1305
f 175 1532 272
f 1532 200 201
f 1311 1312 1313
f 872 1315 1316
f 1317 1318 1319
f 3836 878 3828
f 1305 864 1276
f 1040 863 1320
f 1564 399 169
f 592 1575 591
f 591 1088 689
f 1581 1583 1582
f 1196 1147 1176
f 710 583 713
f 285 408 386
f 953 961 963
f 1594 1589 1593
f 1585 1587 1586
f 1592 1590 1589
f 3885 944 3899
f 1600 1598 1597
f 1604 1602 1601
f 1399 979 980
f 1589 1596 1595
f 1610 1608 1607
f 298 361 360
f 551 276 277
f 1627 3814 3819
f 859 818 860
f 1078 1328 1329
f 1555 1530 1556
f 572 680 681
f 772 776 774
f 977 918 917
f 404 392 393
f 1054 750 753
f 1644 1643 1642
f 932 1082 933
f 1067 1334 1068
f 1540 264 114
f 597 643 1336
f 471 762 470
f 1642 3831 3842
f 1644 3842 3843
f 923 950 927
f 96 548 95
f 520 522 521
f 445 443 442
f 849 848 842
f 480 755 493
f 1646 481 1639
f 311 1567 170
f 464 3497 3495
f 3497 1361 3495
f 234 236 235
f 190 192 191
f 153 152 149
f 231 286 230
f 1552 1551 1550
f 760 1648 488
f 3832 1649 3830
f 828 826 825
f 52 166 165
f 1663 1661 1660
f 287 115 286
f 668 670 669
f 634 640 639
f 553 559 554
f 118 33 516
f 492 491 490
f 3552 1651 3553
f 582 584 583
f 384 392 415
f 1381 1383 1380
f 1562 435 436
f 952 951 947
f 3529 583 584
f 1660 1667 1666
f 1394 1396 1393
f 1660 1664 1663
f 1671 1669 1668
f 1624 1673 1672
f 1407 1409 1410
f 1677 1675 1674
f 1613 1677 1625
f 1679 1676 1677
f 1626 3811 3814
f 534 198 539
f 176 150 159
f 803 734 800
f 400 191 192
f 65 143 144
f 3526 1656 3540
f 402 157 283
f 629 627 626
f 461 49 50
f 758 495 756
f 796 786 785
f 406 1513 1560
f 342 166 167
f 1694 1658 1695
f 1692 1694 1696
f 3557 1652 3552
f 3921 1703 3923
f 326 302 90
f 3916 1702 1706
f 3919 1698 1701
f 1699 3927 3918
f 1557 1560 1561
f 1127 1117 1128
f 400 289 346
f 1706 1707 1708
f 1707 1599 1600
f 1709 1708 1588
f 1714 1711 1713
f 3919 1709 1700
f 1704 1577 1703
f 1716 1713 1715
f 1559 1549 297
f 1722 1720 1719
f 1335 596 1489
f 410 377 378
f 973 1163 972
f 168 399 398
f 1571 1089 1093
f 1572 682 1571
f 749 647 754
f 1730 1723 1729
f 1594 1729 1592
f 1729 1591 1592
f 1731 1730 1583
f 1384 1377 1379
f 1732 1712 1714
f 1724 1731 1732
f 1712 1731 1580
f 1722 1732 1733
f 1721 1733 1734
f 1734 1716 1717
f 1735 1736 1697
f 1733 1714 1716
f 1663 1741 1668
f 1742 1740 1743
f 1738 1737 1735
f 1665 1666 1740
f 1665 1744 1664
f 1725 1746 1745
f 1591 1745 1590
f 1590 1747 1596
f 1745 1748 1747
f 1659 3538 3542
f 3287 3545 3282
f 1185 1182 1190
f 1664 1749 1741
f 1741 1739 1738
f 1746 1743 1748
f 1726 1742 1746
f 1153 924 925
f 1115 1153 1154
f 1654 3575 1655
f 1896 3549 1686
f 1720 1744 1726
f 1721 1749 1720
f 1750 1701 1698
f 1697 1750 1696
f 1151 1063 1062
f 1751 1670 1671
f 1695 1752 1751
f 961 986 981
f 1770 1768 1767
f 1766 1593 1765
f 1731 1579 1580
f 1579 1774 1578
f 3928 1771 3929
f 1764 3928 3917
f 1777 1775 1774
f 3762 1699 1700
f 1004 1128 1003
f 1774 1771 1772
f 987 1399 980
f 1578 1772 1764
f 1783 1781 1778
f 1597 1770 1767
f 639 3895 3884
f 3928 1769 1770
f 1793 1789 1788
f 3929 1798 1769
f 3508 3773 1806
f 1802 3924 3922
f 1788 1794 1793
f 1793 1795 1776
f 3773 1675 1806
f 1584 1783 1789
f 1771 3920 3929
f 1801 1798 1800
f 1768 1798 1799
f 1775 1797 1771
f 508 515 1520
f 1796 1802 1797
f 1800 3920 3922
f 1794 1804 1795
f 3532 1752 3547
f 485 1807 775
f 3809 1640 768
f 3837 1810 1653
f 485 1640 1808
f 1690 3770 3772
f 487 1648 1811
f 3839 1816 3822
f 3838 1648 3830
f 3839 1811 3838
f 1812 487 1811
f 1641 767 768
f 465 755 776
f 767 3823 3808
f 3822 3826 3847
f 1809 1815 767
f 3837 1651 3840
f 675 3541 3496
f 1814 1822 1821
f 1821 3821 3820
f 1824 1649 1825
f 1827 1850 1805
f 1668 1662 1663
f 1779 1848 1828
f 1790 1805 1794
f 1833 1853 1852
f 3521 693 575
f 1614 1616 1617
f 1852 3498 3501
f 1620 1622 1623
f 1855 1574 1861
f 1847 3501 3513
f 1766 1855 1782
f 1629 1631 1628
f 1633 1634 1632
f 1635 1637 1638
f 1848 1852 1847
f 1855 1863 1862
f 1803 1867 1802
f 1862 1831 1832
f 1782 1862 1781
f 3922 1865 1800
f 1873 1870 1869
f 1874 799 804
f 2045 3897 2044
f 1219 1295 1225
f 1615 1396 1395
f 3884 1877 1876
f 645 3786 3559
f 1345 1035 1346
f 634 3884 3880
f 15 1327 14
f 3910 1878 1893
f 1894 605 1893
f 3506 627 693
f 3560 645 3559
f 340 454 1558
f 1897 195 1898
f 1889 1877 1890
f 1901 129 1900
f 196 754 232
f 1705 3921 3916
f 340 166 343
f 1570 563 561
f 1904 194 1897
f 1781 1832 1780
f 1905 55 1906
f 1000 995 996
f 986 920 987
f 1191 1190 1194
f 2094 2075 2093
f 1920 1919 1915
f 453 1912 1911
f 1915 1918 1916
f 3882 2106 3901
f 1655 3531 1868
f 1916 1926 1925
f 704 3561 703
f 278 1925 1900
f 3565 1818 1820
f 1097 1115 1114
f 1927 727 1923
f 3578 3654 3758
f 1920 307 1929
f 1929 48 728
f 503 1497 1509
f 1902 787 796
f 1816 3820 3826
f 1925 1923 1924
f 1535 1568 1534
f 254 258 255
f 1509 366 367
f 119 35 36
f 219 293 294
f 141 47 431
f 542 244 245
f 1940 430 431
f 1779 1827 1790
f 1701 3915 3919
f 1661 3515 1667
f 270 754 647
f 197 749 196
f 1727 1212 1211
f 53 232 754
f 1465 1479 1478
f 1284 3854 1293
f 1951 412 413
f 168 1554 1553
f 1486 206 207
f 506 78 361
f 994 1007 993
f 951 963 964
f 1013 3861 1351
f 3826 1820 1818
f 1498 1954 1482
f 299 543 132
f 1754 1756 1753
f 1681 1683 1682
f 1696 1695 1697
f 13 738 737
f 473 475 474
f 482 768 1640
f 204 30 205
f 1761 820 819
f 611 1125 612
f 1501 1908 1909
f 1074 711 699
f 1960 82 83
f 120 1960 123
f 35 87 34
f 1773 1025 1031
f 1965 1569 1535
f 494 471 479
f 1966 1969 1968
f 446 1971 1967
f 174 125 126
f 1580 1578 1577
f 1785 1787 1784
f 1972 304 305
f 1254 875 999
f 1973 342 514
f 321 1973 509
f 1910 275 1907
f 509 514 508
f 1486 1527 1485
f 1974 804 1975
f 1977 1974 1978
f 1980 1966 1981
f 379 2 295
f 1718 1710 1701
f 884 992 883
f 1680 1678 1679
f 902 525 524
f 344 256 299
f 135 137 136
f 236 228 333
f 448 1967 1966
f 589 604 584
f 910 908 907
f 1981 1968 1987
f 1982 1987 1979
f 1988 1987 1989
f 1990 1989 1991
f 1991 1993 1992
f 322 320 319
f 992 830 883
f 1144 1086 1143
f 1995 1978 1994
f 1133 1118 1126
f 1997 1994 1996
f 870 1335 1489
f 805 1982 1998
f 727 2000 1999
f 1996 1988 1990
f 1994 1979 1988
f 1829 792 1273
f 1830 941 983
f 798 800 799
f 729 731 730
f 2011 2023 2022
f 1834 846 1159
f 402 284 347
f 2022 2024 2025
f 1838 989 988
f 810 952 809
f 1823 1840 644
f 1430 1432 1431
f 1215 1841 1079
f 149 176 177
f 1316 873 872
f 2112 1384 2106
f 1842 1844 1845
f 1159 845 1160
f 837 1846 1120
f 1971 2030 2027
f 517 370 189
f 858 833 812
f 1471 2027 1888
f 3551 626 627
f 2174 770 490
f 935 1854 1010
f 1613 1611 1618
f 1231 1225 1295
f 1856 891 892
f 1300 748 741
f 1150 1858 1859
f 1643 696 1642
f 1215 1264 1216
f 1320 902 901
f 1956 1944 1960
f 2031 669 1474
f 2034 1310 1299
f 1879 1656 1657
f 40 242 39
f 1992 2039 1456
f 888 957 889
f 1882 1996 1990
f 1078 1255 1077
f 1871 1192 1090
f 294 218 219
f 1323 2026 1471
f 123 83 1484
f 1324 2041 1323
f 384 359 352
f 1324 2038 2036
f 1883 1885 1829
f 287 114 107
f 1096 1134 661
f 915 931 916
f 806 1981 1982
f 3533 584 604
f 1425 2042 1018
f 1018 1948 1017
f 3562 740 3519
f 1948 649 646
f 1881 1990 1991
f 1900 130 278
f 992 994 993
f 923 925 924
f 3878 2047 3876
f 1643 625 606
f 2050 2051 2049
f 2045 1404 2047
f 3876 945 3885
f 1139 1079 1841
f 1037 892 982
f 2055 2057 2056
f 1198 718 717
f 1619 1612 1611
f 2058 1606 2059
f 2059 1607 2058
f 2058 1624 1605
f 71 179 37
f 405 1557 382
f 976 1006 977
f 322 1972 1911
f 2061 2063 2062
f 2066 2067 1825
f 2052 2064 2051
f 1609 2066 1647
f 1515 152 1516
f 1009 993 1007
f 1644 3815 2118
f 279 1916 278
f 1285 3862 1284
f 1647 1825 1649
f 2056 2067 2065
f 319 1953 1952
f 667 1913 1914
f 2070 625 2048
f 2052 2055 2063
f 2038 1655 1458
f 1606 2073 2072
f 1235 1270 1236
f 2072 2075 2074
f 2059 2072 2062
f 2074 2077 2076
f 1601 2078 2073
f 2049 1643 1645
f 1000 1001 994
f 1089 684 689
f 1931 1306 1930
f 1462 1021 1022
f 1932 1934 1935
f 875 1846 998
f 1936 1937 1938
f 44 46 92
f 1534 1956 120
f 1541 317 391
f 2081 2084 2083
f 146 1959 300
f 1360 1942 1361
f 985 1032 1033
f 1995 1892 2043
f 2079 2082 2081
f 2095 2076 2077
f 2081 2078 2079
f 2055 2054 2053
f 501 2095 500
f 2097 2099 2098
f 2098 2094 2083
f 2140 3893 3866
f 2141 3894 3893
f 2051 2048 2049
f 592 2101 1576
f 2071 2076 2096
f 2102 2098 2101
f 593 2102 592
f 1019 746 747
f 1950 12 1327
f 725 2096 501
f 1385 2104 1379
f 1379 2106 1384
f 2107 2100 2097
f 3908 502 3896
f 3896 499 3901
f 940 2109 944
f 928 1170 973
f 3868 684 3899
f 1962 1964 1961
f 3878 573 3897
f 2039 1968 1969
f 1389 2110 2109
f 1398 2113 1397
f 3757 3753 3743
f 3911 2107 2103
f 949 924 1115
f 260 324 326
f 1390 2113 2110
f 2070 2064 2071
f 3867 2103 593
f 2105 1421 2114
f 2114 1423 2115
f 3892 2115 3903
f 3908 2114 3892
f 554 1902 553
f 972 967 966
f 1765 1573 1574
f 1984 1986 1983
f 2053 2069 2057
f 3573 724 714
f 1625 1674 1673
f 3881 2119 2122
f 3903 2123 3904
f 56 1906 55
f 626 3879 629
f 2001 2003 2004
f 3912 2127 3907
f 2006 2008 2009
f 2127 1412 2128
f 2014 2016 2017
f 2018 2020 2021
f 1495 1947 197
f 1379 1386 1385
f 3814 1680 1618
f 2029 1884 2028
f 3902 2120 3887
f 629 3914 3872
f 682 943 1089
f 724 2121 716
f 1757 3821 3845
f 765 3844 3809
f 3851 715 3852
f 706 3870 3872
f 981 987 980
f 1457 1656 1880
f 2017 2032 2033
f 1458 1868 1457
f 1776 1792 1793
f 1959 1946 1958
f 3663 3725 3661
f 3913 2122 3850
f 1093 689 1088
f 966 968 972
f 3852 3881 3913
f 2172 2170 2171
f 670 2137 669
f 3761 1903 233
f 1429 28 1449
f 964 978 971
f 3841 1413 2127
f 1473 669 2137
f 3834 1359 1358
f 2138 1870 2137
f 1872 2137 1870
f 715 3888 3881
f 1881 1992 1880
f 3843 739 740
f 1837 3513 3514
f 253 59 85
f 1808 3840 1807
f 1647 3818 1609
f 3865 671 668
f 2112 3883 2111
f 1405 2044 1438
f 3829 1364 1366
f 273 391 249
f 576 3520 3555
f 3875 668 2031
f 1430 2140 2139
f 2136 3860 28
f 1430 18 19
f 3893 570 695
f 1442 2046 2141
f 1431 2141 2140
f 3869 3850 2136
f 3808 1817 766
f 3866 695 671
f 2142 798 2138
f 571 2142 694
f 3819 1618 1611
f 2143 2025 2142
f 694 2138 670
f 681 2144 572
f 2144 2022 2143
f 328 457 290
f 1572 2011 2144
f 630 3903 624
f 2085 2087 2088
f 2090 2092 2089
f 572 2143 571
f 1875 2153 2149
f 1873 2149 2154
f 2103 2097 2102
f 2157 2155 2156
f 2128 1414 2120
f 3874 589 582
f 3872 628 629
f 2149 2158 2159
f 2159 3905 3890
f 698 3902 705
f 3823 3827 1817
f 2158 3874 3905
f 1438 2046 1439
f 2035 2160 2161
f 2161 3889 3886
f 3871 605 589
f 3873 18 3875
f 370 61 451
f 649 413 648
f 2153 2156 2158
f 1428 1449 1450
f 1490 73 1488
f 3890 710 633
f 2155 3891 3871
f 1456 1880 1992
f 2125 2087 2124
f 2160 3890 3889
f 300 505 323
f 1064 1046 1065
f 2043 1891 2155
f 2129 2004 2003
f 2131 2133 2134
f 3848 1450 1449
f 1998 804 805
f 3879 3864 3914
f 474 490 770
f 1164 1182 1177
f 707 3909 3870
f 708 2162 707
f 2162 3886 3909
f 548 1905 458
f 1145 1114 1171
f 705 1650 704
f 2043 1977 1995
f 737 554 559
f 1034 1191 1023
f 458 1907 275
f 195 232 233
f 2040 1969 1970
f 2145 2147 2148
f 2054 2049 1645
f 3832 1639 3818
f 9 11 10
f 252 506 258
f 472 479 471
f 1865 3791 3503
f 900 910 907
f 1941 2151 1942
f 1921 1927 1919
f 2163 1898 2116
f 271 153 178
f 1904 12 9
f 282 264 460
f 1872 2154 2035
f 1326 1897 2163
f 628 693 627
f 1724 1719 1723
f 1549 436 172
f 1582 1730 1729
f 1921 1929 1928
f 3563 10 11
f 2152 1950 1949
f 475 774 771
f 769 2171 473
f 2171 476 473
f 476 772 475
f 1791 464 1760
f 2166 2168 2169
f 595 372 98
f 483 1641 482
f 762 2173 470
f 771 484 492
f 486 1809 483
f 297 1517 296
f 763 2174 762
f 776 759 489
f 184 2176 2000
f 412 303 414
f 2005 185 224
f 3811 1682 3846
f 2164 756 764
f 1472 2161 2162
f 950 964 965
f 2177 2179 2180
f 227 1510 333
f 764 467 2164
f 2182 2184 2181
f 2186 2018 2185
f 1985 2181 1986
f 214 729 1531
f 1545 1546 1569
f 865 842 866
f 849 1357 1362
f 452 1558 454
f 559 3188 737
f 16 737 3188
f 560 498 374
f 3193 3195 3194
f 3200 3198 3199
f 3211 3213 3212
f 3215 3217 3216
f 2187 2002 2001
f 2169 2189 2190
f 2192 2085 2191
f 2193 2195 2196
f 2198 2200 2197
f 1998 1979 1975
f 3664 3668 3671
f 2116 1903 1902
f 1859 2009 1150
f 3904 2126 3906
f 1135 1087 1130
f 2201 2015 2014
f 1149 110 1858
f 3221 3218 3215
f 2203 2205 2206
f 579 1895 1019
f 1755 2208 1756
f 3891 1893 605
f 1211 2150 1727
f 868 2210 2209
f 944 930 940
f 2130 2202 2201
f 233 1898 195
f 665 750 666
f 1167 999 618
f 2211 2213 2214
f 2215 2217 2218
f 3867 590 3868
f 2220 220 2219
f 823 948 1094
f 3225 3227 3226
f 266 455 265
f 3882 2107 3883
f 2221 3519 3517
f 2223 2225 2226
f 2207 2124 2208
f 673 3869 3864
f 817 996 815
f 2227 2146 2145
f 1947 646 749
f 3900 17 3873
f 2229 1638 1381
f 1679 1618 1680
f 1637 2232 2230
f 2233 1617 1616
f 2231 2236 2237
f 1381 2238 1382
f 3586 2242 3587
f 1630 2233 1631
f 1681 472 469
f 1408 2243 2244
f 3236 3238 3237
f 3232 3240 3235
f 1637 2238 1638
f 3237 3233 3234
f 1409 1634 2245
f 1380 2247 2246
f 1628 2245 1621
f 2249 1622 1633
f 1632 1408 2244
f 2248 1631 2250
f 2235 1637 1636
f 3245 3199 3198
f 631 2071 725
f 515 52 49
f 782 2251 1251
f 2253 2255 2252
f 397 459 784
f 1456 2040 1455
f 2040 2036 1455
f 1401 2111 1398
f 2041 1970 2026
f 1535 414 1965
f 1586 2080 2079
f 2256 1132 1886
f 1700 3918 3919
f 3815 1686 3817
f 1263 1886 1096
f 598 844 599
f 2257 2259 2260
f 2258 2262 2259
f 2259 2263 2216
f 2260 2216 2215
f 1967 1970 1969
f 2212 1963 2213
f 922 2218 2217
f 1312 1101 2264
f 1307 1286 789
f 1548 1546 1972
f 2266 2268 2265
f 2265 2270 2269
f 2272 2269 2271
f 2273 2265 2272
f 2275 2277 2274
f 2278 2277 2279
f 2284 3617 3639
f 2287 2286 2281
f 2288 2283 2287
f 2290 3639 3620
f 2291 2293 2294
f 2295 2294 2279
f 2296 2291 2295
f 2297 2292 2291
f 2294 2299 2300
f 2279 2300 2278
f 2298 2302 2292
f 2292 2303 2293
f 2293 2304 2299
f 2304 2306 2299
f 2306 2300 2299
f 2308 2310 2307
f 2302 2310 2303
f 2301 2307 2302
f 2312 2307 2311
f 2313 2315 2316
f 2318 2320 2317
f 3748 2322 2323
f 2324 2273 2326
f 2313 2326 2327
f 2328 2313 2316
f 2329 2324 2328
f 2331 2333 2330
f 2330 2267 2266
f 2325 2266 2273
f 2329 2330 2325
f 2333 2335 2267
f 2336 2333 2332
f 2338 2332 2337
f 2331 2337 2332
f 2329 2339 2331
f 2328 2340 2329
f 2316 2341 2328
f 2342 2315 2343
f 2344 2346 2347
f 2341 2347 2340
f 2342 2344 2341
f 2348 2345 2344
f 2350 2352 2353
f 2339 2353 2337
f 2340 2350 2339
f 2347 2351 2350
f 2337 2354 2338
f 2353 2355 2354
f 2356 2276 2357
f 2356 2358 2359
f 2356 2296 2295
f 2279 2356 2295
f 2360 2270 2268
f 2267 2360 2268
f 2362 2364 2365
f 2362 2361 2358
f 2366 2358 2357
f 2366 2363 2362
f 2357 2368 2366
f 2366 2369 2367
f 2276 2370 2368
f 2368 2282 2369
f 2372 2374 2371
f 2375 2377 2007
f 2378 2380 2381
f 2382 2381 2383
f 2384 2378 2382
f 2385 2379 2378
f 2388 2390 2387
f 2387 2392 2391
f 2393 2387 2391
f 2394 2388 2387
f 2186 2402 2400
f 2403 2327 2326
f 2272 2326 2273
f 2271 2403 2272
f 2405 2404 2403
f 2404 2408 2327
f 2409 2411 2412
f 2409 2271 2269
f 2413 2269 2270
f 2413 2410 2409
f 2417 2416 2418
f 2417 2406 2405
f 2412 2405 2271
f 2411 2417 2412
f 2406 2407 2404
f 3569 632 713
f 2420 2397 2421
f 2420 2423 2422
f 2424 2422 2419
f 2424 2398 2420
f 2425 2392 2426
f 2421 2426 2423
f 2397 2425 2421
f 2396 2391 2425
f 2427 2315 2314
f 2427 2408 2428
f 2430 2428 2429
f 2343 2427 2430
f 2432 2430 2431
f 2431 2429 2433
f 2435 2433 2434
f 2436 2431 2435
f 2428 2407 2437
f 2422 2407 2419
f 2438 2422 2423
f 2429 2437 2438
f 2440 2433 2439
f 2441 2433 2429
f 2442 2439 2441
f 2443 2440 2439
f 2445 2444 2443
f 2447 2443 2442
f 2383 2445 2447
f 2381 2446 2445
f 2448 2423 2426
f 2449 2426 2392
f 2441 2449 2442
f 2441 2438 2448
f 2449 2390 2450
f 2450 2389 2451
f 2447 2451 2383
f 2442 2450 2447
f 2451 2453 2452
f 2452 2455 2454
f 2382 2454 2384
f 2383 2452 2382
f 2456 2373 2372
f 2459 2461 2458
f 2463 2465 2462
f 2462 2285 2284
f 2466 2284 2290
f 2467 2462 2466
f 2461 3703 3701
f 2468 2470 2471
f 2472 2471 2473
f 2474 3701 3688
f 2475 2477 2478
f 2458 2453 2479
f 2479 2389 2388
f 2395 2479 2388
f 2480 2458 2479
f 2481 2483 2478
f 2484 2485 221
f 2471 2464 2463
f 2473 2463 2467
f 2487 2466 2486
f 2486 2290 2488
f 2490 2488 2489
f 2491 2486 2490
f 2492 2467 2487
f 2493 2487 2491
f 2494 2492 2493
f 2495 2473 2492
f 3690 2474 3688
f 3691 2496 3690
f 2498 2493 2499
f 2500 2499 2501
f 3700 2498 2500
f 3687 2494 2498
f 2306 2278 2300
f 2305 2504 2306
f 2504 2507 2506
f 2506 2288 2508
f 2274 2508 2275
f 2278 2506 2274
f 3633 2489 2488
f 3620 2488 2290
f 2507 2289 2288
f 2505 2509 2507
f 2508 2287 2511
f 2511 2281 2280
f 2370 2280 2282
f 2275 2511 2370
f 2512 2489 2513
f 2514 2513 2515
f 2517 2514 2516
f 2517 2490 2512
f 2499 2491 2517
f 2499 2516 2501
f 2510 2519 2518
f 2518 2521 2520
f 3616 2520 3621
f 3632 2518 3616
f 2522 2303 2310
f 2523 2310 2309
f 2305 2522 2524
f 2524 2523 2525
f 2519 2525 2521
f 2505 2524 2519
f 2308 2527 2526
f 2526 2529 2528
f 2531 2528 2530
f 2309 2526 2531
f 1214 2151 1211
f 2419 2418 2424
f 2533 2349 2317
f 2534 2317 2320
f 2535 2533 2534
f 2536 2345 2533
f 2537 2346 2536
f 2538 2536 2535
f 2539 2537 2538
f 2540 2351 2537
f 2312 2541 2527
f 2527 2542 2529
f 2543 2434 2544
f 2545 2544 2546
f 2319 2543 2545
f 2318 2435 2543
f 2514 2548 2547
f 2547 2550 2549
f 2552 2549 2551
f 2552 2514 2547
f 2520 2554 2553
f 2553 2556 2555
f 3590 2555 3593
f 3621 2553 3590
f 2523 2531 2557
f 2557 2530 2558
f 2525 2557 2559
f 2559 2558 2560
f 2554 2560 2556
f 2521 2559 2554
f 2561 2007 2006
f 2376 2225 2377
f 2564 2566 2563
f 2563 338 2567
f 2569 2567 2568
f 2570 2563 2569
f 2572 2574 2571
f 2571 2576 2575
f 2544 2575 2546
f 2544 2572 2571
f 2578 2569 2577
f 2579 2569 2568
f 2574 2579 2576
f 2573 2577 2574
f 2581 2583 2580
f 2584 2583 2585
f 3697 2580 2584
f 3676 2580 3675
f 2582 2552 2583
f 2583 2551 2585
f 2500 2589 2588
f 2590 2589 2591
f 3693 2588 2590
f 3695 2500 2588
f 2501 2591 2589
f 2592 2594 2595
f 2386 2503 2502
f 2596 2386 2374
f 2596 2373 2597
f 2599 2597 2598
f 2599 2379 2596
f 2600 2380 2599
f 2600 2598 2601
f 2603 2601 2602
f 2603 2446 2600
f 2604 2602 2605
f 2440 2605 2434
f 2444 2604 2440
f 2606 2581 2607
f 2606 2590 2591
f 2591 2582 2606
f 3676 2456 3689
f 3689 2372 3693
f 2478 2608 2481
f 2609 2611 2199
f 2564 2613 2612
f 2612 2598 2597
f 2457 2597 2373
f 2565 2612 2457
f 2614 2570 2578
f 2615 2578 2573
f 2602 2614 2615
f 2601 2613 2614
f 2572 2605 2616
f 2616 2602 2615
f 2573 2616 2615
f 1459 1045 1021
f 1265 1079 1082
f 1612 1609 1611
f 2067 2069 2068
f 1135 1136 1148
f 1938 2618 2617
f 95 458 128
f 2058 1608 1612
f 1454 1445 1367
f 655 1048 2619
f 722 2621 723
f 1131 1033 1134
f 562 366 1497
f 1723 1725 1591
f 1786 1122 1787
f 267 323 266
f 1325 1654 2038
f 1468 1435 1479
f 658 529 528
f 8 247 7
f 382 1559 3
f 788 1307 789
f 940 929 928
f 911 2623 912
f 2621 655 654
f 2624 2625 2626
f 998 27 26
f 635 2626 2625
f 2627 644 1840
f 2628 1840 2629
f 1200 2627 2628
f 1199 641 2627
f 1520 49 477
f 1452 1349 1451
f 2630 1859 1858
f 644 1335 1823
f 1197 717 2632
f 2632 719 1166
f 2628 1166 1200
f 2629 2632 2628
f 1762 1050 821
f 1823 873 1839
f 2634 794 652
f 1028 1027 1161
f 1042 2635 1043
f 93 1901 1924
f 2036 1458 1455
f 1527 1525 1526
f 877 1274 1277
f 134 797 1544
f 1328 931 1329
f 607 1091 1161
f 1043 2637 2636
f 2636 2639 2638
f 1275 2638 1276
f 1275 1043 2636
f 1272 2626 2640
f 2640 638 637
f 1110 2640 637
f 536 2640 2641
f 1472 1474 1473
f 2042 1951 649
f 1058 1105 1059
f 2642 2643 2644
f 1192 2644 1193
f 912 2642 1192
f 3898 3526 3786
f 1049 2620 2621
f 616 1885 613
f 1331 666 750
f 990 1198 525
f 1911 321 322
f 1298 1205 2645
f 76 1504 75
f 1502 421 422
f 610 658 691
f 1146 659 938
f 2646 914 936
f 1280 1238 1279
f 975 2647 2648
f 2647 975 974
f 1453 1452 1451
f 1514 158 151
f 835 1843 1842
f 1271 1173 1289
f 2649 813 2650
f 1893 1826 1894
f 1050 1937 1051
f 2651 814 813
f 1006 1281 977
f 2653 2654 2655
f 1001 1003 1002
f 585 679 558
f 2624 621 620
f 555 2028 556
f 1207 1197 2629
f 1626 478 472
f 426 419 1567
f 1030 1773 1031
f 3898 634 3880
f 534 138 262
f 1125 1042 1041
f 333 88 227
f 569 561 730
f 1489 871 870
f 1857 620 891
f 1673 3770 3763
f 622 864 1308
f 2647 974 2657
f 619 891 620
f 261 545 262
f 393 1556 404
f 2658 2647 2657
f 1075 2657 917
f 1081 2658 1075
f 1080 2659 2658
f 2644 1141 2660
f 2660 1140 1336
f 642 1336 643
f 1193 2660 642
f 679 555 558
f 1503 1500 1502
f 1318 1101 1100
f 2661 1139 1142
f 2661 2663 2662
f 2662 2659 2661
f 2662 2622 2664
f 2664 911 2646
f 2648 2646 1146
f 2648 2662 2664
f 2083 2093 2081
f 1442 1437 1439
f 519 330 51
f 1885 1209 613
f 799 805 804
f 1946 1952 1953
f 1302 1253 1252
f 566 224 533
f 1389 928 1388
f 683 681 680
f 836 1842 2665
f 2665 1845 1303
f 2666 1303 1302
f 24 2665 2666
f 831 2650 832
f 1845 1304 1303
f 2010 2012 2011
f 1051 2667 2668
f 1522 1511 1523
f 531 441 522
f 782 1251 1250
f 1250 2625 2669
f 2669 1857 1856
f 783 1856 1037
f 782 2669 783
f 720 2671 721
f 1055 1930 1056
f 1333 1251 2251
f 619 1308 1307
f 652 2619 2634
f 521 1539 1540
f 1838 537 2672
f 2672 536 2641
f 1113 2641 1110
f 1113 1838 2672
f 1016 1351 1045
f 3897 570 3894
f 226 104 101
f 3564 3827 1818
f 1036 1884 1883
f 2674 1304 2673
f 2673 1844 2675
f 1334 2675 1039
f 1333 2673 1334
f 2676 1039 2675
f 1843 2675 1844
f 942 2676 1843
f 1074 702 2676
f 811 859 858
f 752 1055 753
f 1200 656 1026
f 1120 874 2677
f 2677 877 1052
f 1241 1052 1005
f 1119 2677 1241
f 1560 151 1515
f 1208 611 523
f 215 736 214
f 1460 1462 1461
f 1208 1839 873
f 854 1282 1297
f 72 182 179
f 544 1565 512
f 217 456 457
f 2047 930 945
f 1204 1937 2633
f 913 686 685
f 840 1113 1112
f 1531 730 561
f 2678 1283 801
f 601 1914 602
f 1537 459 460
f 1819 3509 3527
f 991 862 538
f 2679 1073 1830
f 2680 983 2256
f 779 2256 1263
f 778 2680 779
f 2678 1830 2680
f 180 245 40
f 1886 1131 1134
f 1138 1274 1255
f 1841 1140 1139
f 75 314 74
f 193 420 192
f 2681 1099 1098
f 170 1565 169
f 349 417 432
f 1121 2684 2683
f 547 409 302
f 123 121 120
f 2643 1142 1141
f 1542 513 1543
f 899 907 919
f 1210 676 867
f 791 982 892
f 24 837 836
f 893 932 931
f 1860 863 862
f 535 862 861
f 832 813 812
f 2650 813 832
f 1569 1547 1568
f 181 542 180
f 660 937 688
f 2013 568 2012
f 887 2631 2630
f 1524 361 78
f 520 162 1529
f 2653 854 2685
f 1238 2655 2686
f 718 527 530
f 1492 518 1491
f 792 615 793
f 599 1835 596
f 290 456 175
f 312 1552 425
f 1248 1179 1249
f 153 177 178
f 1240 1222 1221
f 1257 1235 1071
f 1291 1083 1222
f 1052 1277 1053
f 743 2618 1204
f 444 430 443
f 23 1172 1187
f 2687 1180 1179
f 102 409 134
f 1283 610 801
f 373 650 651
f 1180 1084 1291
f 855 2655 1237
f 1173 1917 1174
f 2689 853 2688
f 2688 1108 1279
f 2686 1279 1238
f 2687 2688 2686
f 2691 1252 2690
f 2690 850 2689
f 1248 2689 2687
f 1248 2691 2690
f 2692 24 2666
f 2691 2666 1302
f 1247 2692 2691
f 1258 617 2692
f 394 1555 393
f 2693 1259 1223
f 1072 1262 1261
f 1257 1168 1258
f 398 1555 1554
f 871 1314 872
f 1178 1249 1179
f 1224 1173 1172
f 1010 2618 742
f 1175 1292 1269
f 2654 2686 2655
f 2694 1216 1264
f 71 1487 70
f 701 1111 1038
f 1072 2649 2650
f 1085 22 21
f 895 1264 896
f 1601 1605 1604
f 1259 1271 1289
f 21 1220 1083
f 988 538 537
f 598 1336 1140
f 820 1762 821
f 1050 818 821
f 1298 1761 2652
f 1168 618 617
f 858 1256 833
f 39 516 1536
f 2652 819 814
f 313 315 314
f 2026 1971 2027
f 2656 596 1835
f 814 818 811
f 2696 813 2649
f 1260 2649 1261
f 2693 2696 1260
f 2697 2651 2696
f 381 390 380
f 3818 1611 1609
f 1475 1428 1227
f 1292 1917 1235
f 1551 354 1518
f 1526 1523 1511
f 1593 1595 1573
f 1232 1246 1249
f 2695 1223 22
f 2698 1296 2697
f 2698 2693 2695
f 2685 2695 1085
f 2685 1297 2698
f 562 271 272
f 2652 1296 1298
f 1365 1364 1363
f 1958 1953 1957
f 585 2210 997
f 1561 1515 435
f 975 1146 976
f 347 68 346
f 1038 636 1068
f 2700 780 2699
f 2699 1036 1883
f 2701 1883 1829
f 851 2699 2701
f 2674 2251 2702
f 2702 781 2700
f 1253 2700 851
f 1301 2702 1253
f 1519 388 1550
f 1273 1280 2703
f 2703 1107 852
f 2701 852 851
f 1829 2703 2701
f 91 326 90
f 1784 2656 1785
f 2683 2705 2704
f 604 3499 3533
f 1669 3548 1662
f 2062 2060 2059
f 621 861 622
f 2023 732 2024
f 686 1263 687
f 857 2668 1328
f 883 882 879
f 637 1111 1110
f 2668 893 1328
f 2667 894 2668
f 1039 1068 1334
f 313 1504 1505
f 1911 305 453
f 1936 1964 2212
f 2707 2401 2183
f 2708 2183 2182
f 738 2116 554
f 2349 2432 2436
f 2711 2020 2019
f 2400 2019 2186
f 2714 2716 2713
f 2717 2719 2720
f 2721 2723 2724
f 2726 2728 2725
f 2725 2730 2729
f 2731 2729 2709
f 2732 2725 2731
f 2734 2736 2733
f 2738 2740 2737
f 2737 2741 2742
f 2744 2746 2743
f 2745 2748 2747
f 2749 2747 2751
f 2753 2751 2752
f 2250 2246 2248
f 2754 1614 2755
f 3598 2755 3609
f 3608 2747 3609
f 1617 2755 1614
f 2242 1620 2757
f 2191 2760 2759
f 2761 2760 2762
f 3648 2761 3649
f 3623 2759 3648
f 3209 3223 3224
f 1395 2236 2235
f 1395 1636 1615
f 1616 2229 2233
f 1617 2763 2756
f 2756 3628 3608
f 2765 2234 1630
f 2766 3628 3622
f 3202 3246 3247
f 1516 435 1515
f 2768 3552 3553
f 1495 578 1424
f 2135 28 17
f 3526 2773 2774
f 1690 3926 3925
f 2778 2780 2777
f 2777 2781 2782
f 2784 2777 2783
f 3555 575 576
f 1494 9 540
f 3529 2015 3566
f 451 505 450
f 2786 2788 2785
f 2779 2785 2780
f 2789 2741 2740
f 2790 2752 2789
f 2792 2794 2791
f 2793 2796 2794
f 2796 2750 2749
f 2794 2749 2753
f 2798 1396 2754
f 3591 2754 3598
f 2798 2800 1393
f 3591 2799 2798
f 2797 2795 2801
f 2791 2753 2790
f 216 232 54
f 3804 2807 3803
f 3805 2804 3803
f 2769 3557 3552
f 183 184 97
f 2811 2775 2776
f 2804 2776 2805
f 2809 2811 2804
f 2812 2813 2814
f 3805 2816 3795
f 3796 2815 3795
f 3798 2820 2821
f 3793 2819 3798
f 2824 2735 2819
f 2823 2824 2819
f 2825 2826 2724
f 3793 2827 3792
f 3796 2826 3792
f 2713 2829 2828
f 2828 2831 2830
f 2822 2828 2830
f 2821 2713 2828
f 2832 2822 2830
f 2833 2830 2831
f 2834 2832 2833
f 2835 2827 2832
f 2837 2839 2836
f 2836 2841 2840
f 2842 2840 2727
f 2843 2836 2842
f 2840 2845 2844
f 2718 2845 2719
f 2730 2844 2718
f 2727 2844 2728
f 2846 2719 2845
f 2846 2841 2847
f 2829 2847 2831
f 2829 2716 2846
f 2847 2839 2848
f 2848 2838 2849
f 2833 2849 2834
f 2831 2848 2833
f 2850 2851 2852
f 2853 2852 2854
f 2783 2782 2855
f 2785 2853 2856
f 2780 2856 2781
f 2857 2855 2782
f 2859 2782 2781
f 2861 2842 2860
f 2860 2727 2726
f 2862 2726 2732
f 2863 2860 2862
f 2861 2858 2857
f 2843 2857 2859
f 2856 2854 2864
f 2781 2864 2859
f 2837 2859 2864
f 2838 2864 2854
f 2852 2834 2849
f 2854 2849 2838
f 2865 2818 2835
f 2851 2835 2834
f 2813 2815 2865
f 2814 2865 2851
f 2866 2814 2850
f 2788 2850 2853
f 2866 2787 2867
f 2812 2867 2775
f 1892 1890 1891
f 2720 2846 2870
f 298 256 257
f 2872 2713 2820
f 3794 2735 2734
f 2729 2874 2873
f 2846 2715 2870
f 2876 2878 2875
f 2733 2878 2734
f 3806 2879 2880
f 3806 2872 3794
f 2882 2884 2881
f 2881 2715 2714
f 2880 2714 2872
f 2879 2881 2880
f 2885 2887 2888
f 2888 2890 2885
f 2885 2892 2891
f 2893 2885 2891
f 1942 2532 2894
f 2895 2720 2870
f 2884 2870 2715
f 2883 2895 2884
f 2896 2892 2895
f 2889 2717 2890
f 2890 2720 2892
f 2897 2891 2896
f 2898 2896 2883
f 2899 2883 2882
f 2900 2882 2879
f 3797 2879 3807
f 2876 2901 2877
f 2901 2904 2903
f 1785 1835 1834
f 2905 2899 2900
f 2907 2897 2898
f 3797 2903 3799
f 632 577 633
f 3532 2867 2787
f 434 550 350
f 2768 3640 3643
f 2910 1623 2249
f 2241 2758 2242
f 3640 2913 3652
f 1623 2757 1620
f 3587 2757 3652
f 2229 1380 2250
f 2765 1629 2914
f 2915 1629 2912
f 3642 2914 2915
f 3641 2765 2914
f 2919 3642 3613
f 2918 2912 2241
f 3614 2241 3586
f 3618 3613 3670
f 3541 2180 3496
f 3521 2188 3506
f 3705 714 3851
f 2925 2917 2924
f 2924 2916 2919
f 3610 2919 3618
f 3611 2924 3610
f 2926 2766 2925
f 3658 2925 3611
f 1715 1705 1710
f 785 498 796
f 1387 565 1791
f 374 1899 560
f 3573 2206 3556
f 2929 2886 2893
f 2932 2934 2931
f 1905 1908 1907
f 2930 2936 2937
f 2938 2930 2929
f 1493 517 518
f 1603 1586 1602
f 2939 2929 2908
f 2940 2908 2907
f 3665 1600 3661
f 2886 2937 2887
f 2906 2898 2899
f 2908 2893 2897
f 2942 2933 2941
f 2941 2937 2936
f 3501 2936 3513
f 3498 2941 3501
f 2943 2710 2873
f 2943 2874 2889
f 2945 2889 2888
f 2946 2943 2945
f 2932 2888 2887
f 2931 2945 2932
f 727 1929 728
f 2903 2947 2948
f 545 42 262
f 1480 533 251
f 2907 2949 2940
f 2906 2950 2949
f 1558 215 202
f 3799 2948 3801
f 2054 1644 2118
f 3705 2203 3573
f 1828 1849 1827
f 2953 2955 2952
f 2952 2957 2956
f 2956 2258 2952
f 2953 2258 2257
f 2454 2474 2496
f 3747 2959 3766
f 3747 2131 3737
f 2961 2963 2958
f 2958 2964 2959
f 222 2485 2965
f 2477 2966 2608
f 2631 2006 1859
f 2384 2496 2497
f 2967 2959 2964
f 2968 2970 2969
f 3759 2971 3784
f 3784 2960 3766
f 2972 2033 2032
f 2007 2973 2008
f 3560 2134 2133
f 1836 1832 1831
f 3506 2090 3551
f 955 959 956
f 672 674 673
f 633 713 632
f 2024 733 803
f 2025 803 798
f 425 1550 388
f 2975 888 887
f 1319 1157 2694
f 1212 2977 1213
f 889 2228 2227
f 1978 1975 1979
f 1138 1329 915
f 751 2979 2978
f 1619 1625 1624
f 2252 1728 1727
f 1157 845 1216
f 2706 1938 2617
f 2980 2254 2981
f 2982 887 2630
f 802 711 2679
f 678 2029 2028
f 527 690 528
f 1839 2629 1840
f 2983 602 1914
f 2983 1913 1331
f 2985 1331 1054
f 2986 2983 2985
f 2987 2635 2634
f 2985 2639 2986
f 2990 1318 2989
f 2991 2993 2994
f 2995 2994 2996
f 1106 2991 2995
f 1058 2992 2991
f 1415 1365 1367
f 1317 2217 2997
f 1932 2255 2980
f 926 2999 664
f 3001 2992 3000
f 3000 1057 2978
f 2999 2978 2979
f 2998 3000 2999
f 3002 2209 3003
f 3002 2996 2994
f 2993 3002 2994
f 3001 2998 3002
f 1103 2995 3004
f 3004 2996 3003
f 2209 3004 3003
f 588 3004 2210
f 295 433 381
f 2638 2988 3005
f 3005 1056 1930
f 1305 1930 1306
f 1276 3005 1305
f 1987 1993 1989
f 2633 1761 2645
f 1423 1417 1419
f 3561 739 703
f 2671 2704 2705
f 1473 2035 1472
f 922 2694 895
f 1401 1378 1384
f 556 1884 1037
f 842 3825 3836
f 1854 2617 1010
f 933 1081 1075
f 1440 1436 1437
f 529 719 530
f 1031 1027 1028
f 777 912 1871
f 2645 1204 2633
f 441 1538 1537
f 790 587 586
f 2065 1610 1607
f 1860 990 902
f 60 87 59
f 1424 1948 1947
f 332 1507 331
f 261 138 135
f 187 449 507
f 1719 1726 1725
f 1931 1059 3006
f 3006 1105 1104
f 1287 1104 587
f 1286 3006 1287
f 3007 3009 3010
f 3009 653 795
f 618 26 25
f 2029 1210 1209
f 957 600 2228
f 1049 2228 600
f 2631 3011 2561
f 890 2227 3011
f 3011 2145 3012
f 2561 3012 2375
f 1026 609 608
f 2706 1961 1964
f 3013 2485 3014
f 2148 1267 3015
f 3015 1266 1311
f 2997 1101 1317
f 642 1773 1193
f 186 461 511
f 1041 1320 901
f 1121 3017 1122
f 2984 2987 3018
f 3018 2634 2619
f 1048 3018 2619
f 603 2984 3018
f 2679 801 802
f 2062 2074 2061
f 2061 2076 2064
f 414 1545 1965
f 3016 2683 3019
f 3019 2704 2670
f 3020 2670 720
f 3007 3019 3020
f 1871 1091 777
f 3021 1122 3017
f 3022 3017 3010
f 1314 3022 1315
f 1784 3021 1314
f 1316 1763 611
f 3023 3010 3009
f 3023 795 1092
f 1763 1092 1125
f 1315 3023 1763
f 3016 3010 3017
f 752 2978 1057
f 2986 2637 2987
f 3024 653 3008
f 3020 3008 3007
f 720 3024 3020
f 723 654 3024
f 2681 1268 3025
f 2671 1268 721
f 2705 3025 2671
f 1313 3027 1311
f 3026 3029 3027
f 3027 3030 3031
f 1311 3031 3015
f 2012 731 2023
f 917 974 977
f 743 856 744
f 1888 2030 1425
f 2682 2684 3032
f 3032 1124 2989
f 1100 2989 1318
f 1099 3032 1100
f 1123 2989 1124
f 3033 1159 1158
f 2990 1158 1319
f 1123 3033 2990
f 1786 1834 3033
f 1054 2988 2985
f 2979 664 2999
f 2623 2663 2643
f 1095 688 687
f 3034 2261 2956
f 3036 2956 2957
f 3037 3034 3036
f 3038 3035 3034
f 3040 3026 1313
f 2263 3041 3040
f 3042 3043 3041
f 3041 3028 3026
f 3044 3043 3039
f 3046 3045 3044
f 3047 3049 3045
f 3043 3049 3028
f 3038 3051 3050
f 3050 3053 3052
f 3052 3044 3050
f 3039 3050 3044
f 3054 3039 3042
f 3042 2262 3054
f 2261 3054 2262
f 2216 2997 2217
f 2212 2667 1936
f 3056 2209 3055
f 934 1961 1854
f 2013 3757 567
f 3058 3060 3061
f 3059 3063 3060
f 3060 2213 1963
f 3061 1963 1962
f 3063 2214 2213
f 3062 3064 3063
f 3065 2260 3064
f 3064 2215 2214
f 3066 3031 3030
f 2608 3067 3066
f 2966 3068 3067
f 3031 3068 3015
f 2455 2461 2474
f 2476 2226 2477
f 3551 2089 3525
f 3526 3769 3786
f 433 355 381
f 2115 1419 2123
f 3509 2922 3527
f 3769 2131 2134
f 3069 2167 2166
f 2971 2928 2960
f 2961 2773 2962
f 3070 2478 2483
f 2610 3071 2954
f 2502 2374 2386
f 3072 2595 3073
f 2964 3052 2967
f 3048 3074 3049
f 2593 3075 3074
f 3075 3029 3074
f 3074 3028 3049
f 3072 3075 2592
f 3076 2482 2481
f 2481 3066 3076
f 3076 3030 3075
f 2967 3053 2970
f 2482 3073 2483
f 479 493 494
f 706 3873 709
f 3561 2221 3517
f 2013 3754 3755
f 3533 2016 3529
f 3562 2222 2974
f 1171 1155 1176
f 2586 2565 2587
f 2982 113 2484
f 2562 3077 3068
f 2376 3012 3077
f 3012 2148 3077
f 3077 3015 3068
f 2963 3046 2964
f 3051 2970 3053
f 1683 491 775
f 3850 1447 3860
f 1986 3734 3768
f 3079 2546 2575
f 3081 2575 2576
f 1983 3768 3765
f 3082 2319 2545
f 3080 2545 2546
f 3734 3082 3080
f 3732 2323 3082
f 1309 1888 748
f 3073 2772 2771
f 2760 3084 2762
f 2760 2088 3083
f 3085 3086 3087
f 3089 3090 3088
f 3089 3084 3085
f 3092 3090 3091
f 3093 2744 2743
f 2751 2748 3093
f 3093 2752 2751
f 2742 3093 3094
f 3094 2743 3095
f 3096 3098 3087
f 3099 3087 3086
f 3097 3095 3098
f 3100 2746 3101
f 3101 3102 3100
f 2764 2927 3101
f 2745 3101 2746
f 3102 3091 3100
f 3100 3095 2743
f 2869 3592 3634
f 3102 3104 3092
f 3658 2869 3634
f 2927 3103 3102
f 3098 3091 3090
f 3087 3090 3085
f 2088 3105 3083
f 3083 3086 3084
f 2483 2771 3070
f 2401 2185 2321
f 3099 3105 3106
f 2125 3106 3105
f 3108 2742 3107
f 3107 3094 3097
f 3110 3107 3109
f 3109 3097 3096
f 3111 3096 3099
f 3112 3109 3111
f 3113 2737 3108
f 3115 2722 3114
f 3117 3114 3116
f 3119 3116 3118
f 3118 3120 3121
f 3116 3113 3120
f 3122 3111 3123
f 3122 1755 1754
f 3124 3126 3127
f 3125 3121 3126
f 3128 3118 3125
f 3129 3125 3124
f 2020 3128 3129
f 3853 1346 1352
f 1065 1047 1066
f 1814 3830 1649
f 2021 3129 3130
f 3111 3106 3123
f 3123 2207 1755
f 2377 2224 2973
f 3014 113 112
f 1756 3782 3767
f 3131 2530 2528
f 3133 2528 2529
f 1753 3767 3775
f 3134 3127 3135
f 2327 2314 2313
f 2436 2317 2349
f 2018 3711 3712
f 2534 3137 2535
f 2320 3136 2534
f 2185 3712 3771
f 3138 2542 2539
f 3134 3744 3745
f 3785 3134 3745
f 3140 2539 2538
f 2535 3140 2538
f 3711 3130 3785
f 2558 3132 3141
f 3782 3141 3132
f 2560 3141 3142
f 3760 3142 3141
f 958 2976 2981
f 1933 2980 3143
f 2399 2418 2416
f 2348 2343 2432
f 2322 2319 2323
f 2718 2874 2730
f 2709 2873 2710
f 2894 1361 1942
f 346 176 347
f 1876 1882 1881
f 2802 3607 3592
f 3104 3088 3092
f 2974 3649 3603
f 3089 2761 2762
f 3088 3145 3089
f 2803 3603 3607
f 3870 692 628
f 2123 1418 2126
f 1365 1368 1367
f 1581 1782 1783
f 3569 2129 3520
f 3555 2002 3521
f 3146 2551 3147
f 3751 3147 3750
f 3742 3146 3751
f 3149 2585 3146
f 3196 3197 3195
f 3604 2191 3623
f 3142 2556 2560
f 3777 3150 3142
f 3646 2550 3593
f 3150 2555 2556
f 3778 3151 3150
f 3788 3152 3646
f 3153 2551 2549
f 3152 2549 2550
f 3781 3153 3152
f 3776 3147 3153
f 3148 2206 2205
f 2183 2321 2184
f 2132 2928 2133
f 3684 2204 2203
f 3719 2197 3721
f 2594 2773 2951
f 2595 2951 2772
f 1870 799 1869
f 3713 2178 3706
f 3706 3736 3790
f 336 3774 3722
f 339 3154 336
f 3789 3149 3742
f 3683 2584 3149
f 2963 3048 3047
f 3722 337 336
f 339 2566 2586
f 3156 2168 2167
f 2610 2167 2611
f 2954 3156 2610
f 3157 2953 2257
f 3707 2169 3709
f 2567 3159 2568
f 337 2567 338
f 3730 2166 3707
f 3764 1983 3765
f 2579 3081 2576
f 2568 3160 2579
f 3709 2190 3764
f 3065 3162 3161
f 3161 1984 2189
f 3157 2189 2168
f 2257 3161 3157
f 734 1922 806
f 3059 2708 3163
f 3163 2182 1985
f 3162 1985 1984
f 3062 3163 3162
f 3203 3205 3204
f 2122 1448 1447
f 3817 1685 3812
f 139 444 69
f 1570 566 533
f 2957 3165 3036
f 2955 3164 2957
f 1912 341 1973
f 3130 3124 3134
f 1548 319 1547
f 1949 1327 1887
f 2969 3078 3167
f 3167 3169 3168
f 3724 2017 3720
f 3720 2033 3759
f 3168 3165 3170
f 3170 3164 3171
f 3779 3171 3756
f 3724 3170 3779
f 3171 3166 3172
f 3172 3071 3173
f 3752 3173 3749
f 3756 3172 3752
f 3169 3036 3165
f 2593 2962 2594
f 3173 2609 3174
f 3174 2199 2198
f 3783 2198 3719
f 3749 3174 3783
f 2190 1984 1983
f 2196 2767 3148
f 2119 1414 1448
f 1464 1466 1465
f 2199 3069 2200
f 2457 2587 2565
f 2226 2562 2966
f 481 1627 1639
f 333 235 236
f 3078 3037 3169
f 3040 2997 2263
f 2219 1933 2220
f 2385 2497 2503
f 221 3175 2484
f 2220 3143 3175
f 3175 2976 2975
f 2484 2975 2982
f 2954 3166 2955
f 2630 110 2982
f 1547 1952 1955
f 2091 2188 2187
f 3733 2178 2177
f 1918 1927 1926
f 3563 111 3511
f 955 960 954
f 2037 112 3563
f 3143 2981 2976
f 2218 2214 2215
f 672 3787 3541
f 2152 3014 2037
f 1147 1143 1145
f 2248 1409 2245
f 1615 1635 1616
f 1410 2246 2247
f 3241 3242 3240
f 3177 1383 1382
f 2238 3176 1382
f 3176 2230 3178
f 1410 3179 1407
f 3179 2243 1407
f 1633 2800 2249
f 1621 2758 2912
f 1622 2245 1634
f 2236 3181 3182
f 2237 3182 3183
f 2250 2233 2229
f 2912 1628 1621
f 135 1564 1563
f 1567 512 1565
f 1085 2653 2685
f 3184 868 3056
f 869 3057 934
f 1266 1098 1312
f 1267 722 721
f 937 2646 936
f 2146 722 2147
f 2211 921 2667
f 1957 507 449
f 1313 2264 3040
f 1496 1493 1492
f 2681 2705 2682
f 2887 2933 2932
f 1687 1659 1694
f 145 1498 81
f 1317 1319 2694
f 37 418 71
f 1935 3185 2977
f 104 301 103
f 2101 2083 2084
f 543 360 207
f 1934 3186 3185
f 234 212 237
f 3845 1822 1824
f 1976 1874 1974
f 223 2219 220
f 3655 3605 3612
f 468 773 2165
f 1935 1728 1932
f 3240 3226 3235
f 3261 3250 3260
f 3215 3244 3264
f 3265 3215 3264
f 3267 3198 3196
f 3205 3269 3255
f 3214 3265 3270
f 3271 3214 3192
f 3251 3239 3236
f 3222 3266 3272
f 3232 3234 3233
f 3216 3243 3244
f 3196 3268 3267
f 3244 3254 3255
f 3238 3247 3246
f 3264 3255 3269
f 3253 3216 3217
f 3211 3221 3265
f 3257 3218 3256
f 3258 3272 3259
f 3274 3280 3273
f 3228 3262 3263
f 3275 3281 3280
f 3226 3273 3280
f 3236 3260 3251
f 3281 3236 3237
f 3287 3192 3189
f 3235 3280 3234
f 3234 3281 3237
f 3288 3259 3272
f 3260 3276 3251
f 3289 3278 3284
f 3210 3224 3283
f 3199 3201 3200
f 3228 3230 3229
f 3290 3285 3286
f 3282 3271 3287
f 3260 3262 3261
f 3243 3268 3254
f 3267 3241 3232
f 3194 3208 3193
f 3191 3269 3206
f 3270 3192 3214
f 3275 3230 3231
f 3264 3270 3265
f 3252 3276 3291
f 3248 3291 3223
f 3213 3279 3277
f 3272 3289 3288
f 3277 3212 3213
f 3228 3281 3231
f 3220 3253 3219
f 3219 3217 3257
f 3256 3222 3258
f 3247 3252 3248
f 3245 3232 3233
f 3266 3212 3289
f 3208 3255 3254
f 3288 3284 3285
f 3204 3208 3207
f 560 3187 559
f 3209 3201 3202
f 3189 3191 3190
f 448 807 447
f 647 122 270
f 1833 1780 1832
f 510 508 507
f 3210 1887 3201
f 1887 3200 3201
f 15 3197 3200
f 16 3195 3197
f 3195 3187 3194
f 3194 1899 3207
f 3207 375 3204
f 387 126 127
f 3189 1760 3287
f 3577 757 758
f 763 2172 2175
f 3583 3580 3581
f 3581 3579 3578
f 3594 3596 3595
f 3400 3602 3401
f 3626 3625 3627
f 3631 3599 3601
f 3636 3595 3596
f 3647 3588 3645
f 3650 3584 3647
f 3653 3580 3651
f 3653 3654 3579
f 1801 3656 3655
f 3651 3582 3650
f 3644 3595 3637
f 1767 3659 3660
f 1597 3661 1600
f 1708 3665 3664
f 3671 3667 3666
f 3666 3673 3672
f 1588 3664 1587
f 2080 3666 2082
f 2082 3672 2084
f 3674 3635 3631
f 3677 3636 3635
f 3682 3645 3681
f 3692 3650 3686
f 3681 3644 3680
f 786 3692 785
f 3694 3651 3692
f 785 3686 497
f 497 3682 650
f 650 3681 564
f 3696 3681 3680
f 3405 3605 3402
f 3702 3678 3677
f 3699 3679 3678
f 3645 3638 3644
f 1799 3659 1768
f 3708 3458 3460
f 3462 3708 3460
f 3714 564 3696
f 3615 3602 3600
f 3710 3696 3698
f 3635 3596 3599
f 3629 3627 3630
f 3597 3599 3596
f 3630 3715 3629
f 3627 3597 3594
f 3717 3723 3718
f 3715 3660 3629
f 3716 3725 3715
f 3668 3661 3725
f 3668 3717 3667
f 3667 3718 3673
f 3727 3673 3718
f 3728 3672 3673
f 3726 3718 3723
f 1576 2084 3672
f 3727 3731 3729
f 3203 1387 3190
f 3190 1791 3189
f 3283 1949 3210
f 317 259 391
f 2000 3653 3694
f 3601 3600 3602
f 3589 3584 3585
f 3577 756 2170
f 3585 3582 3583
f 3678 3637 3636
f 3204 376 3203
f 1801 3657 1799
f 3729 3728 3727
f 1575 3738 1088
f 3735 1576 3728
f 1776 1796 1775
f 1293 1290 1284
f 1326 1327 12
f 1294 1234 1290
f 878 1330 1337
f 497 374 498
f 122 413 121
f 3699 3704 3708
f 3606 3401 3602
f 3708 3698 3699
f 3464 3710 3462
f 3704 3443 3458
f 439 399 438
f 1512 1526 1511
f 1668 1738 1671
f 839 1362 838
f 1362 826 1012
f 3843 1896 3815
f 2053 2118 2117
f 3888 2120 2119
f 696 3816 3831
f 1826 639 640
f 3740 3729 3731
f 956 886 960
f 1980 1922 807
f 33 105 164
f 1343 3856 3857
f 3907 2128 3902
f 1766 1582 1594
f 14 2163 738
f 595 99 594
f 3233 3246 3245
f 1346 1044 1352
f 748 1425 747
f 3193 3254 3268
f 3190 3206 3203
f 3612 3606 3615
f 3624 3615 3625
f 3631 3443 3674
f 3679 3644 3637
f 3686 3647 3682
f 3702 3674 3704
f 3625 3600 3597
f 3601 3415 3631
f 3739 3735 3729
f 3630 3594 3741
f 3741 3716 3630
f 1284 1288 1285
f 3698 3680 3679
f 1778 1780 1779
f 1792 1584 1789
f 695 571 694
f 3638 3594 3595
f 3741 3588 3589
f 3247 3209 3202
f 3292 3294 3295
f 3296 3298 3299
f 3299 3300 3301
f 3302 3304 3305
f 3306 3308 3309
f 3307 3311 3308
f 3303 3301 3300
f 3312 3304 3313
f 3314 3316 3317
f 3318 3320 3321
f 3324 3321 3325
f 3326 3328 3323
f 3329 3331 3332
f 3333 3335 3336
f 3337 3339 3340
f 3333 3341 3342
f 3342 3343 3344
f 3319 3344 3343
f 3338 3334 3339
f 3346 3302 3347
f 3305 3347 3302
f 3312 3223 3349
f 3350 3340 3351
f 3312 3348 3305
f 3352 3341 3326
f 3311 3354 3308
f 3341 3327 3326
f 3359 3361 3362
f 3360 3250 3249
f 3318 3345 3319
f 3364 3318 3324
f 3314 3324 3365
f 3366 3301 3346
f 3299 3367 3296
f 3308 3368 3309
f 3369 3295 3294
f 3317 3364 3314
f 3370 3317 3316
f 3325 3365 3324
f 3352 3319 3343
f 3296 3353 3311
f 3297 3311 3310
f 3363 3354 3345
f 3345 3353 3344
f 3344 3367 3342
f 3366 3342 3367
f 3347 3334 3346
f 3339 3348 3340
f 3348 3351 3340
f 3363 3369 3368
f 3294 3368 3369
f 3293 3309 3294
f 3331 3374 3332
f 3346 3333 3366
f 3323 3352 3326
f 3356 3321 3320
f 3355 3325 3321
f 3357 3371 3325
f 3322 3320 3352
f 3361 3329 3362
f 3373 3375 3374
f 3374 3376 3332
f 3329 3376 3362
f 3327 3372 3328
f 3336 3375 3327
f 3335 3376 3375
f 3376 3337 3362
f 3337 3359 3362
f 3359 3276 3250
f 3377 3295 3370
f 3277 3315 3278
f 3371 3379 3365
f 3378 3358 3380
f 3365 3315 3314
f 3316 3279 3370
f 3282 3370 3279
f 3313 3224 3312
f 3378 3284 3379
f 3380 3285 3378
f 3379 3278 3315
f 3276 3351 3291
f 3291 3349 3223
f 3313 2965 3013
f 2965 3303 222
f 222 3300 223
f 223 3298 3186
f 3298 3185 3186
f 3297 2977 3185
f 3310 1213 2977
f 3307 1214 1213
f 2532 3306 3293
f 2894 3293 3292
f 2871 3292 3377
f 3253 3240 3242
f 3283 3013 2152
f 1997 1889 1892
f 1237 744 855
f 1535 120 121
f 1531 201 214
f 1119 1032 984
f 946 824 947
f 163 5 162
f 3589 3723 3741
f 1155 1162 1164
f 427 327 424
f 553 796 498
f 3381 2231 2237
f 3381 2230 2232
f 2237 3180 3381
f 3383 3385 3382
f 3384 3387 3385
f 3386 3389 3387
f 3388 3391 3389
f 3392 3394 3395
f 3395 3396 3397
f 3398 3397 3396
f 3400 3399 3398
f 3403 3405 3402
f 3406 3404 3403
f 3408 3407 3406
f 3410 3409 3408
f 3412 3411 3410
f 3415 3398 3414
f 3414 3396 3416
f 3416 3394 3417
f 3417 3393 3418
f 3393 3420 3418
f 3419 3421 3420
f 3390 3422 3421
f 3388 3423 3422
f 3386 3424 3423
f 3384 3425 3424
f 3425 3426 3184
f 2904 3428 2947
f 3429 2904 2902
f 3430 2902 2876
f 2875 3430 2876
f 3432 2733 2736
f 2825 3435 2824
f 3437 3439 3436
f 3441 3436 3440
f 2724 3434 2825
f 3436 3115 3117
f 3440 3117 3119
f 3443 3414 3442
f 3442 3416 3444
f 3444 3417 3445
f 3445 3418 3446
f 3446 3420 3447
f 3420 3448 3447
f 3421 3449 3448
f 3422 3450 3449
f 3423 3451 3450
f 3424 3452 3451
f 3425 3056 3452
f 3451 2253 2252
f 3450 2252 1727
f 3449 1727 2150
f 3448 2150 1941
f 3453 3448 1941
f 3454 3447 3453
f 3455 3446 3454
f 3456 3445 3455
f 3442 3456 3457
f 3443 3457 3458
f 3459 3458 3457
f 3457 3455 3459
f 3459 3454 3461
f 3462 3459 3461
f 3461 3453 3463
f 3464 3461 3463
f 3463 1941 1360
f 3404 3401 3405
f 3407 3399 3404
f 3409 3397 3407
f 3411 3395 3409
f 3465 3413 3412
f 3467 3469 3466
f 3465 3431 3433
f 3470 3466 3465
f 3438 3432 3435
f 3467 3438 3437
f 3468 3437 3441
f 3471 3468 3472
f 3472 3441 3473
f 3473 3440 2712
f 2712 3119 3128
f 3475 3472 3474
f 3474 3473 3476
f 3476 2712 2711
f 3477 2711 2400
f 3478 3476 3477
f 3479 3474 3478
f 3392 3413 3480
f 3466 3480 3413
f 3419 3392 3480
f 3390 3480 3391
f 3469 3391 3480
f 3389 3471 3475
f 3387 3475 3479
f 3385 3479 3481
f 3482 2400 2402
f 3483 3477 3482
f 3481 3478 3483
f 3484 2402 2707
f 3058 2707 2708
f 3061 3484 3058
f 3485 3482 3484
f 3382 3481 3486
f 3486 3483 3485
f 3426 3382 3487
f 3487 3486 1962
f 3486 3061 1962
f 1961 3487 1962
f 3057 3426 3487
f 3428 3402 3488
f 3427 3403 3428
f 3429 3406 3427
f 3430 3408 3429
f 3431 3410 3430
f 3470 3433 3432
f 3434 3438 3435
f 2723 3439 3434
f 2875 3433 3431
f 2736 3435 3432
f 2947 3488 3500
f 3464 1360 3497
f 1900 1924 1901
f 1736 1718 1750
f 1955 1943 1956
f 1671 1735 1751
f 1696 1698 1692
f 1800 1864 1801
f 2063 2056 2060
f 1737 1717 1736
f 1751 1697 1695
f 943 3899 684
f 3656 3402 3605
f 1577 1764 1703
f 3917 1599 3923
f 1945 82 1944
f 68 7 248
f 147 1543 148
f 1109 1133 1102
f 1503 1907 1908
f 1499 1909 1498
f 452 735 215
f 1824 3835 3845
f 1825 2068 1824
f 1463 1022 1194
f 841 1009 1011
f 1568 1955 1534
f 1926 1927 1923
f 1910 1502 1939
f 1939 422 442
f 309 1940 308
f 1804 1866 1803
f 269 1954 56
f 2065 2060 2056
f 3812 1758 3835
f 280 552 1940
f 1875 1869 1874
f 1739 1734 1737
f 1778 1790 1788
f 310 1915 279
f 1909 1906 1954
f 1789 1778 1788
f 978 980 979
f 1584 1731 1583
f 425 311 312
f 148 115 116
f 2044 3894 2046
f 277 1939 551
f 1943 1945 1944
f 1461 1463 1464
f 2253 3056 3055
f 2981 3489 958
f 2209 3489 3055
f 2254 3055 3489
f 2998 958 3489
f 2826 2721 2724
f 3490 2721 2817
f 2816 3490 2817
f 2334 2296 2335
f 2298 2334 2336
f 2301 2336 2338
f 2311 2338 2354
f 2312 2354 2355
f 2359 2361 2360
f 2335 2359 2360
f 2414 2365 2364
f 2413 2361 2365
f 2355 2540 2541
f 2541 2539 2542
f 2722 2739 2738
f 3114 2738 3113
f 3110 3121 3120
f 3108 3120 3113
f 3122 3127 3126
f 3112 3126 3121
f 3127 1753 3135
f 3139 2529 2542
f 3744 3133 3139
f 3490 2740 2739
f 3491 2789 3490
f 228 91 88
f 245 243 242
f 248 247 191
f 2 296 295
f 145 300 267
f 327 210 328
f 329 331 330
f 250 228 236
f 239 240 230
f 373 375 374
f 178 176 175
f 1218 1228 1321
f 3862 1295 3854
f 808 824 823
f 3858 1013 1014
f 3813 1411 1413
f 2154 2159 2160
f 3845 1758 1757
f 306 1922 452
f 2157 1976 1977
f 708 2031 1474
f 1450 1227 1428
f 1672 1605 1624
f 1813 1821 1816
f 1717 1715 1718
f 176 402 347
f 1710 3916 3915
f 1712 1577 1711
f 1705 1711 1704
f 971 979 970
f 822 1094 1102
f 2909 2793 2792
f 2810 2795 2793
f 2799 2249 2800
f 3662 2910 2799
f 2769 2801 2795
f 3177 3178 3179
f 3178 3180 3179
f 3181 1393 2800
f 3181 1632 3182
f 3182 2244 3183
f 3183 2243 3180
f 3492 2790 3491
f 2808 3491 2816
f 2239 3572 2240
f 1149 3571 3570
f 1150 3567 3571
f 2202 3566 2015
f 2921 3565 2923
f 3568 2133 2928
f 1777 1759 1792
f 1201 1183 1184
f 3561 2195 2194
f 3553 2770 2768
f 3927 1687 1692
f 1516 154 503
f 3549 2974 2803
f 3550 2779 2778
f 2771 3575 3546
f 3070 3546 3558
f 3547 2775 2867
f 1376 1370 1372
f 2767 3556 2206
f 2195 3543 2767
f 2775 3542 2776
f 3377 3545 2871
f 3804 3539 2806
f 2776 3538 2805
f 2240 3535 2920
f 2920 3669 3619
f 3548 2786 2779
f 1805 1851 1804
f 3534 2787 2786
f 2951 3540 3531
f 2772 3531 3575
f 2973 3530 3536
f 2224 3537 3530
f 1957 320 510
f 306 304 303
f 2770 3528 2913
f 2913 3574 2239
f 2923 3527 2922
f 308 431 47
f 207 132 543
f 1879 1881 1880
f 3733 3525 2089
f 2475 3558 3524
f 2476 3524 3523
f 2223 3523 3537
f 3522 2803 2802
f 2037 11 1950
f 1959 450 505
f 2003 3520 2129
f 9 334 540
f 2009 3518 3567
f 2008 3536 3518
f 3877 673 3879
f 3515 2778 2784
f 2935 3513 2936
f 111 3570 3511
f 3510 2935 2938
f 683 3885 943
f 3508 2810 2909
f 736 732 729
f 1795 1803 1796
f 3505 2938 2939
f 3507 2939 2940
f 2950 3504 2949
f 2940 3504 3507
f 3801 3512 2950
f 2868 3502 2869
f 2869 3522 2802
f 1024 1023 1020
f 3500 2948 2947
f 551 442 443
f 2972 3568 2928
f 2032 3499 2972
f 216 1924 1923
f 203 201 200
f 1828 1847 1837
f 1958 449 450
f 272 178 175
f 2871 3495 1361
f 3619 3564 2921
f 2801 3643 3662
f 2005 3654 2176
f 960 899 962
f 3657 3612 3624
f 3780 3646 3151
f 3151 3593 2555
f 2193 3623 2194
f 3607 3145 3144
f 3603 2761 3145
f 3592 3144 3104
f 2926 3634 3103
f 3634 3104 3103
f 3755 3746 3753
f 566 3758 2005
f 3488 1864 3500
f 1602 2079 2078
f 2868 3611 2922
f 2922 3610 2923
f 2923 3618 2921
f 3670 2918 3614
f 3619 3614 2920
f 2921 3670 3619
f 2920 3586 2240
f 3613 2915 2918
f 2917 3622 3641
f 2916 3641 3642
f 2239 3652 2913
f 2911 3652 2757
f 3643 2911 2910
f 2797 3662 3591
f 2797 3598 2750
f 3622 2763 2765
f 3608 2764 2745
f 2194 3648 2221
f 2221 3649 2222
f 2756 3609 2755
f 2750 3609 2747
f 3669 1817 3827
f 3763 1691 1699
f 2515 3590 2548
f 2548 3593 2550
f 2513 3632 3616
f 2513 3621 2515
f 2509 3620 2289
f 2510 3633 2509
f 2289 3639 2283
f 2283 3617 2286
f 2240 3587 2239
f 3659 3624 3626
f 716 3887 3888
f 727 3761 1923
f 2165 2170 2164
f 3660 3626 3629
f 3743 3578 3757
f 2175 769 770
f 2100 2095 2099
f 3758 3757 3578
f 640 3568 1826
f 1653 3553 1651
f 1895 3530 746
f 746 3537 741
f 1653 3528 3576
f 3762 1604 1672
f 2093 2073 2078
f 959 995 884
f 962 919 986
f 1400 1398 1399
f 1000 1127 1004
f 956 884 885
f 1662 3550 1661
f 2034 3546 1654
f 3926 3539 3802
f 3535 766 1817
f 3572 765 766
f 334 3571 335
f 1868 3540 1656
f 1684 1652 1678
f 1682 775 1807
f 1585 3762 1700
f 3763 1672 1673
f 2173 490 491
f 1658 3547 1752
f 3556 1650 724
f 1571 2010 1572
f 1587 3671 2080
f 2099 2077 2094
f 787 1999 786
f 2000 786 1999
f 3155 3697 3683
f 3713 3683 3789
f 2180 3685 3684
f 3496 3684 3705
f 1684 3840 1651
f 1760 3495 3545
f 2607 3693 2590
f 2581 3689 2607
f 2371 3700 3695
f 2371 3693 2372
f 2587 3675 2586
f 2586 3697 339
f 2497 3687 2503
f 2502 3687 3700
f 2494 3690 2495
f 3690 2472 2495
f 3688 2468 2472
f 3701 2469 2468
f 726 3892 630
f 581 3518 580
f 10 3570 334
f 1837 3510 1849
f 741 3523 1300
f 1299 3558 2034
f 1851 3504 1866
f 3527 1820 1819
f 580 3536 1895
f 1758 3522 3502
f 1693 3508 1806
f 3504 1867 1866
f 1894 3568 3499
f 2126 3813 3841
f 3906 3841 3912
f 2113 3867 2110
f 2179 3789 3685
f 624 3904 623
f 2192 3788 3780
f 2177 3787 3733
f 1364 3833 1338
f 3858 1470 1453
f 3135 3775 3744
f 2069 3835 2068
f 1351 3853 1352
f 2108 3901 499
f 2089 3736 3733
f 3828 1358 866
f 2001 3783 2187
f 2187 3719 2091
f 2130 3752 2004
f 2004 3749 2001
f 2014 3779 2201
f 2201 3756 2130
f 3167 3759 2969
f 3168 3720 3167
f 3159 3764 3160
f 3160 3765 3081
f 3730 3158 337
f 3158 3709 3159
f 2200 3730 3722
f 3685 3742 2204
f 3722 2197 2200
f 3790 2092 3721
f 3774 3721 2197
f 3154 3790 3774
f 3155 3706 3154
f 2091 3721 2092
f 2196 3750 3776
f 2193 3776 3781
f 3604 3781 3788
f 2086 3780 3778
f 2087 3778 3777
f 2204 3751 2205
f 2205 3750 3148
f 3909 574 692
f 2124 3777 3760
f 2208 3760 3782
f 3711 3140 3137
f 3785 3138 3140
f 3745 3139 3138
f 3771 3136 2322
f 3712 3137 3136
f 3775 3131 3133
f 3767 3132 3131
f 1813 3838 1814
f 1293 3856 1344
f 2184 3748 3732
f 2181 3732 3734
f 3765 3079 3081
f 3768 3080 3079
f 709 3875 2031
f 2774 3737 3769
f 3786 2134 3559
f 3809 766 765
f 2968 3766 2959
f 2969 3784 2968
f 2958 3737 2961
f 2132 3766 2960
f 2321 3771 3748
f 3860 1449 28
f 3905 582 710
f 3886 577 574
f 3847 1818 3827
f 705 3887 2121
f 3816 3907 698
f 2111 3911 2113
f 3810 1366 1411
f 1812 3822 1815
f 675 3852 674
f 3496 3851 675
f 2110 3868 2109
f 2104 3901 2106
f 2109 3899 944
f 3842 703 739
f 1680 3846 1684
f 1639 3819 3818
f 623 3906 697
f 2139 3866 3865
f 1808 3844 3837
f 3820 1819 1820
f 3872 3900 706
f 1646 3830 1648
f 3889 633 577
f 2139 3875 18
f 2156 3871 3874
f 674 3913 3869
f 2117 3812 2069
f 1815 3847 3823
f 3855 1444 1470
f 697 3912 3816
f 866 3836 3828
f 3864 2136 2135
f 3585 3726 3589
f 3583 3731 3585
f 3753 3738 3739
f 3740 3581 3743
f 1088 3746 1093
f 3739 3743 3753
f 2791 3493 2792
f 3492 2807 3493
f 2792 3494 2909
f 3493 2806 3494
f 3508 3494 3516
f 3516 2806 3539
f 2948 3791 3801
f 2105 3896 2104
f 3538 3804 2805
f 680 3876 683
f 1891 3910 3891
f 2905 3801 2950
f 2900 3799 2905
f 2901 3807 2877
f 2734 3806 3794
f 2877 3806 2878
f 2820 3794 2872
f 2818 3792 2827
f 2823 3792 2826
f 2822 3798 2821
f 2819 3800 3798
f 2817 3795 2816
f 2809 3795 2815
f 2808 3803 2807
f 2805 3803 2804
f 1702 3923 1599
f 3922 1797 1802
f 3915 1706 1709
f 3918 1692 1698
f 1657 3880 1879
f 1890 3895 3910
f 3772 1674 1675
f 1689 3772 3773
f 3926 3538 1688
f 3516 1689 3773
f 3917 1703 1764
f 1598 3928 1770
f 3880 1876 1879
f 1691 3925 3927
f 3925 1688 1687
f 1117 1118 3930
f 1066 1322 3930
f 1243 847 3930
f 3825 848 3930
f 1128 1117 3930
f 1129 1130 3930
f 841 1011 3930
f 1230 3863 3930
f 1242 1243 3930
f 1322 1229 3930
f 1064 1065 3930
f 1003 1128 3930
f 1229 1230 3930
f 3863 1285 3930
f 1285 1288 3930
f 848 839 3930
f 847 3825 3930
f 1118 1129 3930
f 1065 1066 3930
f 1087 1086 3930
f 1008 1002 3930
f 1011 1008 3930
f 1002 1003 3930
f 1076 1069 3930
f 838 841 3930
f 839 838 3930
f 1288 1242 3930
f 1130 1087 3930
f 1086 1076 3930
f 1069 1064 3930
f 2410 2414 3931
f 2411 2410 3931
f 3617 2285 3931
f 2394 2393 3931
f 2393 2396 3931
f 2281 2286 3931
f 2282 2280 3931
f 2398 2399 3931
f 2465 2464 3931
f 2396 2397 3931
f 2470 2469 3931
f 2399 2416 3931
f 2480 2395 3931
f 2459 2480 3931
f 2369 2282 3931
f 2460 2459 3931
f 2415 2411 3931
f 2416 2415 3931
f 2364 2363 3931
f 2286 3617 3931
f 2464 2470 3931
f 2469 3703 3931
f 2285 2465 3931
f 2414 2364 3931
f 2395 2394 3931
f 2363 2367 3931
f 2397 2398 3931
f 2280 2281 3931
f 3703 2460 3931
f 2367 2369 3931
f 4 3 2
f 8 7 6
f 13 16 15
f 17 28 19
f 32 31 30
f 36 35 34
f 37 40 39
f 21 22 23
f 25 26 27
f 41 44 43
f 48 47 46
f 52 51 50
f 53 56 55
f 60 59 58
f 29 30 62
f 66 65 64
f 67 5 6
f 72 71 70
f 76 75 74
f 77 80 79
f 81 84 83
f 59 87 86
f 88 91 90
f 96 95 94
f 100 99 98
f 101 104 103
f 106 105 34
f 108 116 115
f 117 119 36
f 124 127 126
f 131 130 129
f 132 102 134
f 142 141 140
f 148 106 60
f 144 143 127
f 149 152 151
f 156 155 154
f 159 150 158
f 116 108 164
f 171 170 169
f 174 126 173
f 179 182 181
f 186 189 188
f 194 197 196
f 199 142 139
f 206 209 208
f 213 212 211
f 202 215 214
f 96 93 216
f 92 238 43
f 97 184 246
f 250 249 229
f 252 254 58
f 258 257 256
f 260 91 229
f 110 111 112
f 114 264 263
f 265 268 267
f 56 53 270
f 274 273 249
f 185 183 63
f 280 279 278
f 285 284 283
f 288 219 211
f 141 142 92
f 289 290 175
f 148 116 105
f 312 311 170
f 238 262 42
f 318 163 160
f 310 309 308
f 241 239 325
f 160 230 240
f 47 48 307
f 108 109 315
f 345 85 86
f 348 351 350
f 356 359 358
f 355 354 353
f 363 31 32
f 364 252 253
f 366 125 368
f 183 372 371
f 163 162 161
f 209 226 101
f 378 377 165
f 379 295 381
f 383 382 3
f 284 285 386
f 387 127 389
f 391 259 229
f 73 281 397
f 405 408 407
f 203 218 411
f 414 121 413
f 1 356 357
f 277 276 131
f 254 344 57
f 358 384 415
f 417 416 386
f 401 400 192
f 419 389 127
f 421 181 182
f 103 301 302
f 428 367 368
f 380 390 359
f 62 204 266
f 140 141 431
f 357 358 351
f 356 1 379
f 415 392 403
f 437 428 436
f 438 441 440
f 188 451 450
f 265 455 181
f 224 185 64
f 237 212 213
f 275 131 128
f 281 282 460
f 50 462 79
f 73 74 282
f 468 467 466
f 390 355 352
f 482 485 484
f 489 488 487
f 493 496 495
f 472 471 470
f 502 501 500
f 220 221 222
f 512 419 143
f 518 517 511
f 513 239 230
f 205 30 31
f 189 370 451
f 163 318 532
f 533 224 225
f 446 448 447
f 335 541 540
f 544 512 546
f 329 519 291
f 199 534 262
f 385 386 416
f 532 190 191
f 363 117 118
f 578 581 580
f 573 572 571
f 561 563 562
f 241 260 259
f 590 593 592
f 545 546 595
f 503 154 155
f 606 625 624
f 478 481 480
f 646 649 648
f 590 591 689
f 564 565 651
f 728 246 184
f 714 724 716
f 692 574 575
f 541 335 581
f 346 68 248
f 161 231 230
f 128 129 94
f 698 705 704
f 574 577 576
f 290 289 401
f 630 631 725
f 733 736 735
f 755 466 496
f 759 480 481
f 757 763 762
f 764 496 466
f 768 767 3808
f 759 760 488
f 492 474 475
f 474 770 769
f 773 468 465
f 771 774 486
f 484 485 775
f 774 776 489
f 495 496 764
f 495 757 761
f 137 397 784
f 325 239 797
f 165 519 51
f 369 32 29
f 730 731 568
f 90 302 301
f 243 118 516
f 800 734 806
f 817 815 808
f 816 808 823
f 306 303 447
f 815 810 809
f 829 830 828
f 726 725 501
f 274 427 424
f 879 882 881
f 884 883 879
f 219 218 217
f 906 905 904
f 455 204 205
f 898 882 830
f 903 900 880
f 377 291 519
f 923 949 948
f 946 947 951
f 3519 740 739
f 900 899 886
f 225 64 65
f 182 445 442
f 809 952 947
f 954 960 962
f 927 950 965
f 885 879 880
f 925 927 966
f 343 342 341
f 965 964 971
f 968 971 970
f 972 968 969
f 963 961 981
f 336 337 338
f 992 993 827
f 810 815 996
f 1007 1001 1002
f 1012 826 827
f 1011 1009 1007
f 294 293 292
f 907 908 920
f 1017 579 1019
f 1020 1023 1022
f 1035 1024 1020
f 1061 1060 1047
f 1063 1061 1046
f 1044 1020 1021
f 1102 1094 1097
f 1116 1126 1118
f 1016 1015 1014
f 881 897 904
f 816 1116 1127
f 1094 948 949
f 514 342 167
f 146 145 81
f 1133 1135 1130
f 1102 1133 1126
f 822 1126 1116
f 1145 1143 1148
f 1076 1144 1151
f 1148 1143 1086
f 1109 1097 1114
f 1154 1153 1156
f 1153 925 967
f 3464 3497 463
f 1144 1147 1152
f 1156 967 1163
f 1164 1162 1169
f 1145 1171 1176
f 1114 1115 1154
f 1183 1155 1164
f 1184 1183 1177
f 1069 1151 1062
f 1023 1191 1194
f 1162 1163 1170
f 1195 1184 1185
f 1183 1196 1176
f 1201 1063 1152
f 1061 1063 1201
f 3825 847 843
f 1203 1202 1195
f 1202 1201 1184
f 1218 1060 1203
f 1060 1061 1202
f 1225 1218 1217
f 671 695 694
f 1219 1217 1024
f 1217 1203 1034
f 1226 1014 1015
f 1243 1242 1234
f 1231 1230 1229
f 847 1243 1233
f 843 1233 1244
f 1233 1234 1245
f 1923 3761 233
f 2100 2108 499
f 3914 3864 2135
f 61 62 323
f 210 211 217
f 1299 1310 1309
f 3863 1230 1231
f 1066 1047 1321
f 1322 1321 1228
f 1060 1218 1321
f 1325 1324 1323
f 1244 1245 1332
f 1290 1234 1242
f 1337 1330 1339
f 1330 1332 1340
f 1341 1332 1245
f 1342 1340 1332
f 1343 1342 1341
f 1344 1341 1294
f 3857 3856 1345
f 1347 1348 1342
f 3856 3854 1295
f 1349 1350 1348
f 3861 1349 1347
f 3853 1347 1343
f 906 898 829
f 905 906 1353
f 865 1356 1355
f 1355 1353 829
f 1357 1355 825
f 1356 1354 1353
f 3834 1337 1338
f 866 1358 1356
f 1358 1359 1354
f 3828 878 1337
f 838 1362 1012
f 1363 1364 1338
f 1368 1363 1339
f 1348 1368 1340
f 1371 1369 3824
f 524 525 526
f 528 529 530
f 1372 1370 1369
f 535 536 537
f 1367 1368 1348
f 1370 1354 1359
f 1369 1359 3833
f 1373 910 903
f 555 556 557
f 1374 909 910
f 1373 904 905
f 1374 1373 1375
f 1375 905 1354
f 1378 920 908
f 376 373 651
f 1388 928 973
f 586 587 588
f 1390 1389 1388
f 1391 1388 969
f 597 598 599
f 600 601 602
f 1392 1391 970
f 608 609 610
f 612 524 523
f 614 615 616
f 617 618 25
f 620 621 622
f 1397 1390 1391
f 1398 1397 1392
f 1400 987 920
f 1402 1403 1165
f 636 637 638
f 930 1404 1402
f 641 642 643
f 929 1402 1169
f 1404 1405 1403
f 1411 1366 1365
f 1412 1406 1415
f 652 653 654
f 609 656 657
f 659 660 661
f 558 663 586
f 665 666 667
f 1413 1411 1406
f 1418 1416 3810
f 1417 1372 1371
f 1416 1371 3829
f 1419 1417 1416
f 1386 909 1374
f 677 678 679
f 1385 1386 1420
f 1420 1374 1376
f 685 686 687
f 1421 1420 1422
f 528 690 691
f 1422 1376 1372
f 1018 1019 747
f 699 700 701
f 1424 578 579
f 3663 1597 1767
f 700 699 711
f 1093 3746 3754
f 717 718 530
f 721 722 723
f 704 1650 3543
f 19 1429 1426
f 1429 1428 1427
f 1658 1659 3542
f 1439 1437 1434
f 1437 1436 1435
f 1426 1427 1433
f 1442 1431 1432
f 742 743 744
f 1432 1433 1441
f 751 752 753
f 1438 1434 1403
f 1446 1445 1444
f 1447 1448 1446
f 3860 1447 1443
f 1415 1367 1445
f 1414 1415 1446
f 2173 1683 469
f 777 778 779
f 780 781 782
f 1676 1693 1806
f 3859 1451 1349
f 789 790 791
f 745 792 793
f 652 794 795
f 1455 1458 1457
f 1454 1367 1350
f 610 691 802
f 3831 3816 698
f 1352 1044 1045
f 1015 1016 1459
f 811 812 813
f 2118 3815 3817
f 819 820 821
f 1466 1463 1194
f 1467 1468 1465
f 1182 1165 1468
f 832 812 833
f 835 836 837
f 1467 1466 1190
f 1469 1470 1444
f 840 700 712
f 1453 1470 1469
f 599 844 845
f 1226 1450 3849
f 851 852 853
f 855 744 856
f 858 859 860
f 861 862 863
f 1014 1226 3855
f 867 676 868
f 870 871 872
f 874 875 876
f 1310 1323 1471
f 1476 1433 1427
f 1461 1476 1475
f 887 888 889
f 788 791 892
f 894 895 896
f 1460 1475 1227
f 901 902 524
f 1465 1478 1477
f 1865 3503 3500
f 911 912 913
f 916 917 918
f 1850 3505 3507
f 921 922 895
f 1479 1435 1436
f 926 664 667
f 1481 562 563
f 269 1483 84
f 931 932 933
f 934 935 614
f 936 685 688
f 938 659 662
f 1484 270 122
f 941 942 835
f 320 321 509
f 1849 3510 3505
f 84 1483 1484
f 1487 1490 1488
f 1757 1758 3502
f 365 1492 1491
f 461 79 80
f 117 363 362
f 1494 540 541
f 926 601 957
f 1477 1441 1433
f 1709 1588 1585
f 119 117 1496
f 271 1497 504
f 511 517 189
f 345 1496 1492
f 57 344 299
f 1501 1499 268
f 267 268 1499
f 974 975 976
f 1678 1652 1693
f 3846 1682 1807
f 557 982 663
f 983 941 984
f 1443 1444 3849
f 421 1500 268
f 989 990 991
f 1490 1487 418
f 279 280 309
f 997 868 676
f 998 26 999
f 1504 418 38
f 1506 1508 1507
f 360 361 1508
f 1506 1486 207
f 939 1005 1006
f 270 1484 1483
f 66 63 546
f 1010 742 793
f 367 428 437
f 244 31 363
f 1670 3532 3534
f 209 206 1510
f 388 389 426
f 427 274 250
f 161 520 521
f 100 246 45
f 1025 1026 608
f 1029 1030 1031
f 939 662 1033
f 41 42 594
f 1036 780 783
f 702 701 1038
f 1040 1041 1042
f 362 32 369
f 187 1520 477
f 70 1487 539
f 1049 600 603
f 613 867 869
f 860 1050 1051
f 1005 1052 1053
f 753 1055 1056
f 1057 1058 1059
f 293 288 1522
f 288 212 1521
f 292 1522 1523
f 331 1507 1508
f 306 452 453
f 100 44 41
f 462 1524 78
f 330 331 1524
f 635 1067 1068
f 1485 1527 1526
f 206 1485 1528
f 1070 1071 1072
f 942 941 1073
f 916 933 1075
f 440 1529 1530
f 157 158 1514
f 1529 162 5
f 371 595 546
f 790 586 663
f 1077 858 857
f 1403 1434 1435
f 1080 1081 1082
f 531 520 1529
f 21 1083 1084
f 272 1532 1531
f 690 712 802
f 335 3571 3567
f 1090 1030 1029
f 1092 795 794
f 1533 396 137
f 661 660 1095
f 69 444 445
f 1099 1100 1101
f 38 39 1536
f 1104 1105 1106
f 852 1107 1108
f 1377 908 909
f 291 377 411
f 316 1536 516
f 539 1488 1533
f 1505 1536 316
f 1110 1111 1112
f 1539 1537 460
f 522 441 1537
f 834 837 1120
f 1122 1123 1124
f 612 1125 1041
f 935 793 615
f 276 278 130
f 1686 3549 3522
f 193 190 1541
f 231 521 1540
f 556 1037 982
f 365 253 85
f 190 532 318
f 1810 765 3574
f 3924 1867 3512
f 1132 983 985
f 208 101 102
f 1134 1033 662
f 1491 518 80
f 429 133 1542
f 1137 1138 915
f 172 436 428
f 1139 1140 1141
f 549 96 54
f 1517 1519 1518
f 834 1119 984
f 1543 513 286
f 1544 797 239
f 133 134 1544
f 506 361 257
f 420 327 328
f 1158 1159 1160
f 587 1104 1103
f 607 1161 1027
f 304 1546 1545
f 364 1491 77
f 69 70 198
f 700 840 1112
f 3877 626 3525
f 1166 719 657
f 1167 1168 858
f 1300 3523 3524
f 1172 1173 1174
f 218 203 200
f 1179 1180 1181
f 372 183 97
f 89 104 227
f 1186 1187 1188
f 172 173 1517
f 1482 84 81
f 1090 1192 1193
f 394 395 353
f 526 525 1198
f 1199 1200 1026
f 606 623 697
f 1204 1205 1206
f 1207 1208 523
f 1209 1210 867
f 914 913 685
f 1478 1436 1441
f 1029 1028 1161
f 1211 1212 1213
f 3858 1453 1451
f 844 1215 1216
f 423 193 273
f 1220 1221 1222
f 22 1223 1224
f 882 898 897
f 1519 1517 173
f 1189 1188 1232
f 349 350 550
f 1071 1235 1236
f 1237 1238 1239
f 1221 1186 1189
f 1510 1528 1512
f 939 1032 1241
f 1556 1530 5
f 1553 1554 394
f 404 1556 67
f 1247 1248 1249
f 142 199 238
f 1251 1067 635
f 850 1252 1253
f 1254 1167 1077
f 57 132 133
f 443 430 552
f 1187 1172 1175
f 1256 1070 831
f 432 405 382
f 741 748 747
f 434 350 351
f 349 432 383
f 251 124 1481
f 395 384 352
f 1518 1519 1550
f 1558 410 378
f 109 263 314
f 285 1514 1513
f 395 394 393
f 202 203 410
f 417 408 405
f 1246 1257 1258
f 3 1559 297
f 1259 1260 1261
f 403 404 347
f 955 954 953
f 462 50 51
f 1096 1095 687
f 429 147 60
f 896 1264 1265
f 1267 721 1268
f 423 424 327
f 37 179 180
f 20 23 1187
f 1256 1168 1071
f 1188 1175 1269
f 1236 1270 1271
f 1272 536 535
f 565 564 463
f 1273 792 745
f 876 1254 1255
f 316 33 164
f 437 1516 503
f 194 1494 1495
f 1275 1276 864
f 624 625 631
f 1277 1274 1137
f 569 568 567
f 1481 124 125
f 324 325 547
f 1279 1108 1107
f 1525 332 329
f 1281 1278 1137
f 171 168 1553
f 1488 73 396
f 1557 1561 1562
f 1282 856 1206
f 1053 1277 1278
f 778 777 607
f 713 583 3566
f 251 225 144
f 4 357 348
f 709 708 707
f 728 48 45
f 261 135 1563
f 789 1286 1287
f 74 314 263
f 403 284 385
f 1178 1181 1240
f 1223 1259 1289
f 1220 20 1186
f 296 1518 354
f 784 459 1538
f 1181 1180 1291
f 1269 1292 1257
f 1566 1538 438
f 136 784 1566
f 1563 1564 169
f 107 114 109
f 1297 1282 1298
f 1464 1477 1476
f 1520 187 507
f 1301 1302 1303
f 1306 1307 1308
f 175 456 1532
f 1532 456 200
f 1311 1266 1312
f 872 1314 1315
f 3836 843 878
f 1305 1308 864
f 1040 1275 863
f 1564 1566 399
f 592 1576 1575
f 591 1575 1088
f 1581 1584 1583
f 1196 1152 1147
f 710 582 583
f 285 407 408
f 953 954 961
f 1594 1592 1589
f 1585 1588 1587
f 1592 1591 1590
f 3885 945 944
f 1600 1599 1598
f 1604 1603 1602
f 1399 1392 979
f 1589 1590 1596
f 1610 1609 1608
f 298 257 361
f 551 552 276
f 1627 1626 3814
f 859 811 818
f 1078 857 1328
f 1555 439 1530
f 572 573 680
f 772 465 776
f 977 1281 918
f 404 403 392
f 1054 1331 750
f 1644 1645 1643
f 932 1265 1082
f 1067 1333 1334
f 1540 1539 264
f 597 1335 643
f 471 761 762
f 1642 696 3831
f 1644 1642 3842
f 923 946 950
f 96 549 548
f 520 531 522
f 445 444 443
f 849 839 848
f 480 759 755
f 1646 760 481
f 311 426 1567
f 464 463 3497
f 3497 1360 1361
f 234 237 236
f 190 193 192
f 153 154 152
f 231 287 286
f 1552 1553 1551
f 760 1646 1648
f 3832 1647 1649
f 828 827 826
f 52 167 166
f 1663 1662 1661
f 287 107 115
f 668 671 670
f 634 645 640
f 553 560 559
f 118 36 33
f 492 484 491
f 3552 1652 1651
f 582 589 584
f 384 395 392
f 1381 1382 1383
f 1562 1561 435
f 952 953 951
f 3529 3566 583
f 1660 1661 1667
f 1394 1395 1396
f 1660 1665 1664
f 1671 1670 1669
f 1624 1625 1673
f 1407 1408 1409
f 1677 1676 1675
f 1613 1679 1677
f 1679 1678 1676
f 1626 1681 3811
f 534 199 198
f 803 733 734
f 400 248 191
f 65 66 143
f 3526 1657 1656
f 402 159 157
f 629 628 627
f 461 477 49
f 758 757 495
f 796 787 786
f 406 407 1513
f 342 343 166
f 1694 1659 1658
f 1692 1687 1694
f 3557 1693 1652
f 3921 1704 1703
f 326 547 302
f 3916 3921 1702
f 3919 3918 1698
f 1699 1691 3927
f 1557 406 1560
f 1127 1116 1117
f 400 401 289
f 1706 1702 1707
f 1707 1702 1599
f 1709 1706 1708
f 1714 1712 1711
f 3919 3915 1709
f 1704 1711 1577
f 1716 1714 1713
f 1559 1562 1549
f 1722 1721 1720
f 1335 597 596
f 410 411 377
f 973 1170 1163
f 168 169 399
f 1571 682 1089
f 1572 681 682
f 749 646 647
f 1730 1724 1723
f 1594 1582 1729
f 1729 1723 1591
f 1384 1378 1377
f 1732 1731 1712
f 1724 1730 1731
f 1722 1724 1732
f 1721 1722 1733
f 1734 1733 1716
f 1735 1737 1736
f 1733 1732 1714
f 1663 1664 1741
f 1742 1665 1740
f 1738 1739 1737
f 1665 1660 1666
f 1665 1742 1744
f 1725 1726 1746
f 1591 1725 1745
f 1590 1745 1747
f 1745 1746 1748
f 1659 1688 3538
f 3287 1760 3545
f 1185 1177 1182
f 1664 1744 1749
f 1741 1749 1739
f 1746 1742 1743
f 1726 1744 1742
f 1115 924 1153
f 1654 3546 3575
f 1896 3562 3549
f 1720 1749 1744
f 1721 1739 1749
f 1750 1718 1701
f 1697 1736 1750
f 1151 1152 1063
f 1751 1752 1670
f 1695 1658 1752
f 961 962 986
f 1770 1769 1768
f 1766 1594 1593
f 1731 1759 1579
f 1579 1777 1774
f 3928 1772 1771
f 1764 1772 3928
f 1777 1776 1775
f 3762 3763 1699
f 1004 1127 1128
f 1774 1775 1771
f 987 1400 1399
f 1578 1774 1772
f 1783 1782 1781
f 1597 1598 1770
f 639 1878 3895
f 3928 3929 1769
f 1793 1792 1789
f 3929 3920 1798
f 3508 3516 3773
f 1802 1867 3924
f 1788 1790 1794
f 1793 1794 1795
f 3773 3772 1675
f 1584 1581 1783
f 1771 1797 3920
f 1801 1799 1798
f 1768 1769 1798
f 1775 1796 1797
f 508 514 515
f 1796 1803 1802
f 1800 1798 3920
f 1794 1805 1804
f 3532 1670 1752
f 485 1808 1807
f 3809 3844 1640
f 3837 3844 1810
f 485 482 1640
f 1690 1691 3770
f 487 488 1648
f 3839 1813 1816
f 3838 1811 1648
f 3839 1812 1811
f 1812 1809 487
f 1641 1809 767
f 465 466 755
f 767 1815 3823
f 3822 1816 3826
f 1809 1812 1815
f 3837 1653 1651
f 675 672 3541
f 1814 1649 1822
f 1821 1822 3821
f 1824 1822 1649
f 1827 1849 1850
f 1668 1669 1662
f 1779 1780 1848
f 1790 1827 1805
f 1833 1836 1853
f 3521 3506 693
f 1614 1615 1616
f 1852 1853 3498
f 1620 1621 1622
f 1855 1765 1574
f 1847 1852 3501
f 1766 1765 1855
f 1629 1630 1631
f 1633 1622 1634
f 1635 1636 1637
f 1848 1833 1852
f 1855 1861 1863
f 1803 1866 1867
f 1862 1863 1831
f 1782 1855 1862
f 3922 3924 1865
f 1873 1872 1870
f 1874 1869 799
f 2045 3878 3897
f 1219 1345 1295
f 1615 1614 1396
f 3884 3895 1877
f 645 3898 3786
f 1345 1219 1035
f 634 639 3884
f 15 1887 1327
f 3910 3895 1878
f 1894 604 605
f 3506 3551 627
f 3560 640 645
f 340 341 454
f 1897 194 195
f 1889 1882 1877
f 1901 94 129
f 196 749 754
f 1705 1704 3921
f 340 378 166
f 1570 1480 563
f 1904 1494 194
f 1781 1862 1832
f 1905 549 55
f 1000 994 995
f 986 919 920
f 1191 1185 1190
f 2094 2077 2075
f 1920 1921 1919
f 453 454 1912
f 1915 1919 1918
f 3882 2112 2106
f 1655 3575 3531
f 1916 1918 1926
f 704 3554 3561
f 278 1916 1925
f 3565 3564 1818
f 1097 949 1115
f 1927 1928 727
f 3578 3579 3654
f 1920 310 307
f 1929 307 48
f 503 504 1497
f 1902 1903 787
f 1816 1821 3820
f 1925 1926 1923
f 1535 1569 1568
f 254 252 258
f 1509 1497 366
f 119 86 35
f 219 288 293
f 141 46 47
f 542 205 244
f 1940 552 430
f 1779 1828 1827
f 1701 1710 3915
f 1661 3550 3515
f 270 53 754
f 197 1947 749
f 1727 1728 1212
f 53 54 232
f 1465 1468 1479
f 1284 3862 3854
f 1951 446 412
f 168 398 1554
f 1486 1485 206
f 506 77 78
f 994 1001 1007
f 951 953 963
f 1013 3859 3861
f 3826 3820 1820
f 1498 1909 1954
f 299 298 543
f 1754 1755 1756
f 1681 469 1683
f 1696 1694 1695
f 13 14 738
f 473 476 475
f 482 1641 768
f 204 62 30
f 1761 1762 820
f 611 1763 1125
f 1501 1503 1908
f 1074 1073 711
f 1960 1944 82
f 120 1956 1960
f 35 86 87
f 1773 1199 1025
f 1965 1545 1569
f 494 761 471
f 1966 1967 1969
f 446 1951 1971
f 174 368 125
f 1580 1579 1578
f 1785 1786 1787
f 1972 1546 304
f 1254 876 875
f 1973 341 342
f 321 1912 1973
f 1910 277 275
f 509 1973 514
f 1486 1507 1527
f 1974 1874 804
f 1977 1976 1974
f 1980 448 1966
f 379 1 2
f 1718 1715 1710
f 884 995 992
f 1680 1684 1678
f 902 990 525
f 344 255 256
f 135 138 137
f 448 446 1967
f 589 605 604
f 910 909 908
f 1981 1966 1968
f 1982 1981 1987
f 1988 1979 1987
f 1990 1988 1989
f 1991 1989 1993
f 322 321 320
f 992 828 830
f 1144 1076 1086
f 1995 1977 1978
f 1133 1129 1118
f 1997 1995 1994
f 870 1823 1335
f 805 806 1982
f 727 184 2000
f 1996 1994 1988
f 1994 1978 1979
f 1829 616 792
f 1830 1073 941
f 798 803 800
f 729 732 731
f 2011 2012 2023
f 1834 1835 846
f 402 283 284
f 2022 2023 2024
f 1838 718 989
f 810 955 952
f 1823 1839 1840
f 1430 1426 1432
f 1215 844 1841
f 1316 1208 873
f 2112 1401 1384
f 1842 1843 1844
f 1159 846 845
f 837 27 1846
f 1971 1951 2030
f 517 369 370
f 1471 2026 2027
f 3551 3525 626
f 2174 2175 770
f 935 934 1854
f 1613 1619 1611
f 1231 1228 1225
f 1856 1857 891
f 1300 1309 748
f 1150 1149 1858
f 1643 606 696
f 1215 1265 1264
f 1320 1860 902
f 1956 1943 1944
f 2031 668 669
f 2034 1325 1310
f 1879 1880 1656
f 40 245 242
f 1992 1993 2039
f 888 958 957
f 1882 1889 1996
f 1078 1138 1255
f 1871 912 1192
f 294 411 218
f 1323 2041 2026
f 123 1960 83
f 1324 2036 2041
f 384 358 359
f 1324 1325 2038
f 1883 1884 1885
f 287 1540 114
f 1096 1886 1134
f 915 1329 931
f 806 1980 1981
f 3533 3529 584
f 1425 2030 2042
f 1018 2042 1948
f 3562 1896 740
f 1948 2042 649
f 1881 1882 1990
f 1900 129 130
f 992 995 994
f 923 927 925
f 3878 2045 2047
f 1643 2048 625
f 2050 2052 2051
f 2045 1405 1404
f 3876 2047 945
f 1139 1080 1079
f 1037 1856 892
f 2055 2053 2057
f 1198 989 718
f 1619 2058 1612
f 2058 1605 1606
f 2059 2060 1607
f 2058 1619 1624
f 71 72 179
f 405 406 1557
f 322 1548 1972
f 2061 2052 2063
f 2066 2065 2067
f 2052 2061 2064
f 1609 1610 2066
f 1515 151 152
f 1009 827 993
f 1644 3843 3815
f 279 1915 1916
f 1285 3863 3862
f 1647 2066 1825
f 2056 2057 2067
f 319 320 1953
f 667 666 1913
f 2070 631 625
f 2052 2050 2055
f 2038 1654 1655
f 1606 1601 2073
f 1235 1917 1270
f 2072 2073 2075
f 2059 1606 2072
f 2074 2075 2077
f 1601 1602 2078
f 2049 2048 1643
f 1000 1004 1001
f 1089 943 684
f 1931 1286 1306
f 1462 1459 1021
f 1932 1933 1934
f 875 874 1846
f 1936 1051 1937
f 44 45 46
f 1534 1955 1956
f 1541 318 317
f 2081 2082 2084
f 146 1945 1959
f 1360 1941 1942
f 985 984 1032
f 1995 1997 1892
f 2079 2080 2082
f 2095 2096 2076
f 2081 2093 2078
f 2055 2050 2054
f 501 2096 2095
f 2097 2100 2099
f 2098 2099 2094
f 2140 2141 3893
f 2141 2046 3894
f 2051 2070 2048
f 592 2102 2101
f 2071 2064 2076
f 2102 2097 2098
f 593 2103 2102
f 1019 1895 746
f 1950 11 12
f 725 2071 2096
f 1385 2105 2104
f 1379 2104 2106
f 2107 2108 2100
f 3908 726 502
f 3896 502 499
f 940 1389 2109
f 928 929 1170
f 3868 590 684
f 1962 1963 1964
f 3878 680 573
f 2039 1993 1968
f 1389 1390 2110
f 1398 2111 2113
f 3757 3755 3753
f 3911 3883 2107
f 949 923 924
f 260 241 324
f 1390 1397 2113
f 2070 2051 2064
f 3867 3911 2103
f 2105 1385 1421
f 2114 1421 1423
f 3892 2114 2115
f 3908 2105 2114
f 554 2116 1902
f 972 1163 967
f 1765 1593 1573
f 1984 1985 1986
f 2053 2117 2069
f 3573 3556 724
f 1625 1677 1674
f 3881 3888 2119
f 3903 2115 2123
f 56 1954 1906
f 626 3877 3879
f 2001 2002 2003
f 3912 3841 2127
f 2006 2007 2008
f 2127 1413 1412
f 2014 2015 2016
f 2018 2019 2020
f 1495 1424 1947
f 1379 1377 1386
f 3814 3811 1680
f 2029 1885 1884
f 3902 2128 2120
f 629 3879 3914
f 682 683 943
f 724 1650 2121
f 1757 1819 3821
f 765 1810 3844
f 3851 714 715
f 706 707 3870
f 981 986 987
f 1457 1868 1656
f 2017 2016 2032
f 1458 1655 1868
f 1776 1777 1792
f 1959 1945 1946
f 3663 3715 3725
f 3913 3881 2122
f 1093 1089 689
f 966 965 968
f 3852 715 3881
f 2172 3577 2170
f 670 2138 2137
f 3761 787 1903
f 1429 19 28
f 964 963 978
f 3841 3813 1413
f 1473 1474 669
f 3834 3833 1359
f 2138 798 1870
f 1872 1473 2137
f 715 716 3888
f 1881 1991 1992
f 3843 3842 739
f 1837 1847 3513
f 253 58 59
f 1808 3837 3840
f 1647 3832 3818
f 3865 3866 671
f 2112 3882 3883
f 1405 2045 2044
f 3829 3824 1364
f 273 1541 391
f 576 632 3520
f 3875 3865 668
f 1430 1431 2140
f 2136 3850 3860
f 1430 2139 18
f 3893 3894 570
f 1442 1439 2046
f 1431 1442 2141
f 3869 3913 3850
f 3808 3823 1817
f 3866 3893 695
f 2142 2025 798
f 571 2143 2142
f 3819 3814 1618
f 2143 2022 2025
f 694 2142 2138
f 681 1572 2144
f 2144 2011 2022
f 328 210 457
f 1572 2010 2011
f 630 3892 3903
f 2085 2086 2087
f 2090 2091 2092
f 572 2144 2143
f 1875 1976 2153
f 1873 1875 2149
f 2103 2107 2097
f 2157 2043 2155
f 2128 1412 1414
f 3874 3871 589
f 3872 3870 628
f 2149 2153 2158
f 2159 2158 3905
f 698 3907 3902
f 3823 3847 3827
f 2158 2156 3874
f 1438 2044 2046
f 2035 2154 2160
f 2161 2160 3889
f 3871 3891 605
f 3873 17 18
f 370 29 61
f 649 1951 413
f 2153 2157 2156
f 1428 1429 1449
f 1490 76 73
f 3890 3905 710
f 2155 1891 3891
f 1456 1457 1880
f 2125 2088 2087
f 2160 2159 3890
f 300 1959 505
f 1064 1062 1046
f 2043 1892 1891
f 2129 2130 2004
f 2131 2132 2133
f 3848 3849 1450
f 1998 1975 804
f 3879 673 3864
f 474 492 490
f 1164 1165 1182
f 707 2162 3909
f 708 1472 2162
f 2162 2161 3886
f 548 549 1905
f 1145 1136 1114
f 705 2121 1650
f 2043 2157 1977
f 737 738 554
f 1034 1195 1191
f 458 1905 1907
f 195 196 232
f 2040 2039 1969
f 2145 2146 2147
f 2054 2050 2049
f 3832 1646 1639
f 9 12 11
f 252 364 506
f 472 478 479
f 1865 3924 3791
f 900 903 910
f 1941 2150 2151
f 1921 1928 1927
f 2163 1897 1898
f 271 156 153
f 1904 1326 12
f 282 263 264
f 1872 1873 2154
f 1326 1904 1897
f 628 692 693
f 1724 1722 1719
f 1549 1562 436
f 1582 1583 1730
f 1921 1920 1929
f 3563 3511 10
f 2152 2037 1950
f 475 772 774
f 769 2172 2171
f 2171 2165 476
f 476 773 772
f 1791 565 464
f 2166 2167 2168
f 595 371 372
f 483 1809 1641
f 762 2174 2173
f 771 483 484
f 486 487 1809
f 297 1549 1517
f 763 2175 2174
f 776 755 759
f 184 185 2176
f 412 447 303
f 2005 2176 185
f 3811 1681 1682
f 2164 2170 756
f 1472 2035 2161
f 950 951 964
f 2177 2178 2179
f 227 226 1510
f 2182 2183 2184
f 2186 2019 2018
f 1985 2182 2181
f 214 736 729
f 865 849 842
f 849 865 1357
f 559 3187 3188
f 16 13 737
f 560 553 498
f 3193 3196 3195
f 3200 3197 3198
f 3211 3214 3213
f 3215 3218 3217
f 2187 2188 2002
f 2169 2168 2189
f 2192 2086 2085
f 2193 2194 2195
f 2198 2199 2200
f 1998 1982 1979
f 3664 3665 3668
f 2116 1898 1903
f 1859 2006 2009
f 3904 2123 2126
f 1135 1148 1087
f 2201 2202 2015
f 1149 111 110
f 3221 3222 3218
f 2203 2204 2205
f 579 580 1895
f 1755 2207 2208
f 3891 3910 1893
f 1211 2151 2150
f 868 997 2210
f 944 945 930
f 2130 2129 2202
f 233 1903 1898
f 665 751 750
f 1167 1254 999
f 2211 2212 2213
f 2215 2216 2217
f 3867 593 590
f 2220 221 220
f 823 824 948
f 3225 3220 3227
f 266 204 455
f 3882 2108 2107
f 2221 2222 3519
f 2223 2224 2225
f 2207 2125 2124
f 673 674 3869
f 817 1000 996
f 2227 2228 2146
f 1947 1948 646
f 3900 2135 17
f 2229 1635 1638
f 1679 1613 1618
f 1637 2231 2232
f 2233 2234 1617
f 2231 2235 2236
f 1381 1638 2238
f 3586 2241 2242
f 1630 2234 2233
f 1681 1626 472
f 1408 1407 2243
f 3236 3239 3238
f 3232 3241 3240
f 1637 2230 2238
f 3237 3238 3233
f 1409 1408 1634
f 1380 1383 2247
f 1628 2248 2245
f 2249 1623 1622
f 1632 1634 1408
f 2248 1628 1631
f 2235 2231 1637
f 3245 3246 3199
f 631 2070 2071
f 515 167 52
f 782 781 2251
f 2253 2254 2255
f 397 281 459
f 1456 2039 2040
f 2040 2041 2036
f 1401 2112 2111
f 2041 2040 1970
f 1535 121 414
f 1586 1587 2080
f 2256 983 1132
f 1700 1699 3918
f 3815 1896 1686
f 1263 2256 1886
f 598 1841 844
f 2257 2258 2259
f 2258 2261 2262
f 2259 2262 2263
f 2260 2259 2216
f 1967 1971 1970
f 2212 1964 1963
f 922 921 2218
f 1312 1098 1101
f 1307 1306 1286
f 1548 1569 1546
f 2266 2267 2268
f 2265 2268 2270
f 2272 2265 2269
f 2273 2266 2265
f 2275 2276 2277
f 2278 2274 2277
f 2284 2285 3617
f 2287 2283 2286
f 2288 2289 2283
f 2290 2284 3639
f 2291 2292 2293
f 2295 2291 2294
f 2296 2297 2291
f 2297 2298 2292
f 2294 2293 2299
f 2279 2294 2300
f 2298 2301 2302
f 2292 2302 2303
f 2293 2303 2304
f 2304 2305 2306
f 2308 2309 2310
f 2302 2307 2310
f 2301 2311 2307
f 2312 2308 2307
f 2313 2314 2315
f 2318 2319 2320
f 3748 3771 2322
f 2324 2325 2273
f 2313 2324 2326
f 2328 2324 2313
f 2329 2325 2324
f 2331 2332 2333
f 2330 2333 2267
f 2325 2330 2266
f 2329 2331 2330
f 2333 2334 2335
f 2336 2334 2333
f 2338 2336 2332
f 2331 2339 2337
f 2329 2340 2339
f 2328 2341 2340
f 2316 2342 2341
f 2342 2316 2315
f 2344 2345 2346
f 2341 2344 2347
f 2342 2348 2344
f 2348 2349 2345
f 2350 2351 2352
f 2339 2350 2353
f 2340 2347 2350
f 2347 2346 2351
f 2337 2353 2354
f 2353 2352 2355
f 2356 2277 2276
f 2356 2357 2358
f 2356 2359 2296
f 2279 2277 2356
f 2360 2361 2270
f 2267 2335 2360
f 2362 2363 2364
f 2362 2365 2361
f 2366 2362 2358
f 2366 2367 2363
f 2357 2276 2368
f 2366 2368 2369
f 2276 2275 2370
f 2368 2370 2282
f 2372 2373 2374
f 2375 2376 2377
f 2378 2379 2380
f 2382 2378 2381
f 2384 2385 2378
f 2385 2386 2379
f 2388 2389 2390
f 2387 2390 2392
f 2393 2394 2387
f 2394 2395 2388
f 2186 2401 2402
f 2403 2404 2327
f 2272 2403 2326
f 2271 2405 2403
f 2405 2406 2404
f 2404 2407 2408
f 2409 2410 2411
f 2409 2412 2271
f 2413 2409 2269
f 2413 2414 2410
f 2417 2415 2416
f 2417 2418 2406
f 2412 2417 2405
f 2411 2415 2417
f 2406 2419 2407
f 3569 3520 632
f 2420 2398 2397
f 2420 2421 2423
f 2424 2420 2422
f 2424 2399 2398
f 2425 2391 2392
f 2421 2425 2426
f 2397 2396 2425
f 2396 2393 2391
f 2427 2314 2408
f 2430 2427 2428
f 2343 2315 2427
f 2432 2343 2430
f 2431 2430 2429
f 2435 2431 2433
f 2436 2432 2431
f 2428 2408 2407
f 2422 2437 2407
f 2438 2437 2422
f 2429 2428 2437
f 2440 2434 2433
f 2441 2439 2433
f 2442 2443 2439
f 2443 2444 2440
f 2445 2446 2444
f 2447 2445 2443
f 2383 2381 2445
f 2381 2380 2446
f 2448 2438 2423
f 2449 2448 2426
f 2441 2448 2449
f 2441 2429 2438
f 2449 2392 2390
f 2450 2390 2389
f 2447 2450 2451
f 2442 2449 2450
f 2451 2389 2453
f 2452 2453 2455
f 2382 2452 2454
f 2383 2451 2452
f 2456 2457 2373
f 2459 2460 2461
f 2463 2464 2465
f 2462 2465 2285
f 2466 2462 2284
f 2467 2463 2462
f 2461 2460 3703
f 2468 2469 2470
f 2472 2468 2471
f 2474 2461 3701
f 2475 2476 2477
f 2458 2455 2453
f 2479 2453 2389
f 2395 2480 2479
f 2480 2459 2458
f 2481 2482 2483
f 2484 113 2485
f 2471 2470 2464
f 2473 2471 2463
f 2487 2467 2466
f 2486 2466 2290
f 2490 2486 2488
f 2491 2487 2486
f 2492 2473 2467
f 2493 2492 2487
f 2494 2495 2492
f 2495 2472 2473
f 3690 2496 2474
f 3691 2497 2496
f 2498 2494 2493
f 2500 2498 2499
f 3700 3687 2498
f 3687 3691 2494
f 2306 2504 2278
f 2305 2505 2504
f 2504 2505 2507
f 2506 2507 2288
f 2274 2506 2508
f 2278 2504 2506
f 3633 3632 2489
f 3620 3633 2488
f 2507 2509 2289
f 2505 2510 2509
f 2508 2288 2287
f 2511 2287 2281
f 2370 2511 2280
f 2275 2508 2511
f 2512 2490 2489
f 2514 2512 2513
f 2517 2512 2514
f 2517 2491 2490
f 2499 2493 2491
f 2499 2517 2516
f 2510 2505 2519
f 2518 2519 2521
f 3616 2518 2520
f 3632 2510 2518
f 2522 2304 2303
f 2523 2522 2310
f 2305 2304 2522
f 2524 2522 2523
f 2519 2524 2525
f 2505 2305 2524
f 2308 2312 2527
f 2526 2527 2529
f 2531 2526 2528
f 2309 2308 2526
f 1214 2532 2151
f 2419 2406 2418
f 2533 2345 2349
f 2534 2533 2317
f 2535 2536 2533
f 2536 2346 2345
f 2537 2351 2346
f 2538 2537 2536
f 2539 2540 2537
f 2540 2352 2351
f 2312 2355 2541
f 2527 2541 2542
f 2543 2435 2434
f 2545 2543 2544
f 2319 2318 2543
f 2318 2436 2435
f 2514 2515 2548
f 2547 2548 2550
f 2552 2547 2549
f 2552 2516 2514
f 2520 2521 2554
f 2553 2554 2556
f 3590 2553 2555
f 3621 2520 2553
f 2523 2309 2531
f 2557 2531 2530
f 2525 2523 2557
f 2559 2557 2558
f 2554 2559 2560
f 2521 2525 2559
f 2561 2375 2007
f 2376 2562 2225
f 2564 2565 2566
f 2563 2566 338
f 2569 2563 2567
f 2570 2564 2563
f 2572 2573 2574
f 2571 2574 2576
f 2544 2571 2575
f 2544 2434 2572
f 2578 2570 2569
f 2579 2577 2569
f 2574 2577 2579
f 2573 2578 2577
f 2581 2582 2583
f 2584 2580 2583
f 3697 3675 2580
f 3676 2581 2580
f 2582 2516 2552
f 2583 2552 2551
f 2500 2501 2589
f 2590 2588 2589
f 3693 3695 2588
f 3695 3700 2500
f 2501 2516 2591
f 2592 2593 2594
f 2386 2385 2503
f 2596 2379 2386
f 2596 2374 2373
f 2599 2596 2597
f 2599 2380 2379
f 2600 2446 2380
f 2600 2599 2598
f 2603 2600 2601
f 2603 2444 2446
f 2604 2603 2602
f 2440 2604 2605
f 2444 2603 2604
f 2606 2582 2581
f 2606 2607 2590
f 2591 2516 2582
f 3676 2587 2456
f 3689 2456 2372
f 2478 2477 2608
f 2609 2610 2611
f 2564 2570 2613
f 2612 2613 2598
f 2457 2612 2597
f 2565 2564 2612
f 2614 2613 2570
f 2615 2614 2578
f 2602 2601 2614
f 2601 2598 2613
f 2572 2434 2605
f 2616 2605 2602
f 2573 2572 2616
f 1459 1016 1045
f 1265 1215 1079
f 1612 1608 1609
f 2067 2057 2069
f 1135 1109 1136
f 1938 1937 2618
f 95 548 458
f 2058 1607 1608
f 1454 1469 1445
f 655 2620 1048
f 722 1049 2621
f 1131 985 1033
f 562 1481 366
f 1723 1719 1725
f 1786 1123 1122
f 267 300 323
f 1325 2034 1654
f 1468 1165 1435
f 658 657 529
f 8 532 247
f 382 1557 1559
f 788 619 1307
f 940 930 929
f 911 2622 2623
f 2621 2620 655
f 2624 1857 2625
f 998 1846 27
f 635 638 2626
f 2627 641 644
f 2628 2627 1840
f 1200 1199 2627
f 1199 1773 641
f 1520 515 49
f 1452 1350 1349
f 2630 2631 1859
f 644 643 1335
f 1197 1198 717
f 2632 717 719
f 2628 2632 1166
f 2629 1197 2632
f 1762 2633 1050
f 1823 870 873
f 2634 2635 794
f 1042 794 2635
f 93 94 1901
f 2036 2038 1458
f 1527 332 1525
f 877 876 1274
f 134 409 797
f 1328 893 931
f 607 777 1091
f 1043 2635 2637
f 2636 2637 2639
f 1275 2636 2638
f 1275 1040 1043
f 1272 2624 2626
f 2640 2626 638
f 1110 2641 2640
f 536 1272 2640
f 1472 708 1474
f 2042 2030 1951
f 1058 1106 1105
f 2642 2623 2643
f 1192 2642 2644
f 912 2623 2642
f 3898 1657 3526
f 1049 1048 2620
f 616 1829 1885
f 1331 1913 666
f 990 989 1198
f 1911 1912 321
f 1298 1282 1205
f 76 1490 1504
f 1502 1500 421
f 610 609 658
f 1146 937 659
f 2646 911 914
f 1280 1239 1238
f 1453 1454 1452
f 835 942 1843
f 1271 1270 1173
f 1893 1878 1826
f 1050 2633 1937
f 2651 2652 814
f 1006 1053 1281
f 2653 1084 2654
f 1001 1004 1003
f 585 997 679
f 2624 1272 621
f 555 678 2028
f 1207 526 1197
f 1626 1627 478
f 426 389 419
f 1030 1193 1773
f 3898 645 634
f 534 1533 138
f 1125 1092 1042
f 333 228 88
f 569 1570 561
f 1489 2656 871
f 1857 2624 620
f 1673 1674 3770
f 622 861 864
f 619 788 891
f 261 544 545
f 393 1555 1556
f 2658 2659 2647
f 1075 2658 2657
f 1081 1080 2658
f 1080 1139 2659
f 2644 2643 1141
f 2660 1141 1140
f 642 2660 1336
f 1193 2644 2660
f 679 678 555
f 1503 1501 1500
f 1318 1317 1101
f 2661 2659 1139
f 2661 1142 2663
f 2662 2647 2659
f 2662 2663 2622
f 2664 2622 911
f 2648 2664 2646
f 2648 2647 2662
f 2083 2094 2093
f 1442 1440 1437
f 519 329 330
f 1885 2029 1209
f 799 800 805
f 1946 1943 1952
f 1302 1301 1253
f 566 2005 224
f 1389 940 928
f 683 682 681
f 836 835 1842
f 2665 1842 1845
f 2666 2665 1303
f 24 836 2665
f 831 1072 2650
f 1845 1844 1304
f 2010 2013 2012
f 1051 1936 2667
f 1522 1521 1511
f 531 440 441
f 1250 635 2625
f 2669 2625 1857
f 783 2669 1856
f 782 1250 2669
f 720 2670 2671
f 1055 1931 1930
f 1333 1067 1251
f 619 622 1308
f 652 655 2619
f 521 522 1539
f 1838 988 537
f 2672 537 536
f 1113 2672 2641
f 1113 527 1838
f 1016 1013 1351
f 3897 573 570
f 226 227 104
f 3564 3669 3827
f 1036 1037 1884
f 2674 1301 1304
f 2673 1304 1844
f 1334 2673 2675
f 1333 2674 2673
f 2676 702 1039
f 1843 2676 2675
f 942 1074 2676
f 1074 699 702
f 752 1057 1055
f 1200 1166 656
f 1120 1846 874
f 2677 874 877
f 1241 2677 1052
f 1119 1120 2677
f 1560 1513 151
f 1208 1316 611
f 215 735 736
f 1460 1459 1462
f 1208 1207 1839
f 854 856 1282
f 72 445 182
f 544 1563 1565
f 217 200 456
f 2047 1404 930
f 1204 2618 1937
f 913 777 686
f 840 527 1113
f 1531 729 730
f 2678 778 1283
f 601 667 1914
f 1537 1538 459
f 1819 1757 3509
f 991 1860 862
f 2679 711 1073
f 2680 1830 983
f 779 2680 2256
f 778 2678 2680
f 2678 2679 1830
f 180 542 245
f 1886 1132 1131
f 1138 1137 1274
f 1841 598 1140
f 75 313 314
f 193 423 420
f 2681 2682 1099
f 170 1567 1565
f 349 416 417
f 1121 1124 2684
f 547 797 409
f 123 122 121
f 2643 2663 1142
f 1542 1544 513
f 899 900 907
f 1210 677 676
f 791 663 982
f 24 27 837
f 893 896 932
f 1860 1320 863
f 535 538 862
f 1569 1548 1547
f 181 455 542
f 660 659 937
f 2013 567 568
f 887 890 2631
f 1524 1508 361
f 520 161 162
f 2653 855 854
f 1238 1237 2655
f 718 1838 527
f 1492 1493 518
f 792 616 615
f 599 846 1835
f 290 457 456
f 312 171 1552
f 1248 2687 1179
f 153 149 177
f 1240 1181 1222
f 1257 1292 1235
f 1291 1084 1083
f 1052 877 1277
f 743 742 2618
f 444 140 430
f 23 1224 1172
f 2687 2654 1180
f 102 103 409
f 1283 607 610
f 373 497 650
f 1180 2654 1084
f 855 2653 2655
f 1173 1270 1917
f 2689 850 853
f 2688 853 1108
f 2686 2688 1279
f 2687 2689 2688
f 2691 1302 1252
f 2690 1252 850
f 1248 2690 2689
f 1248 1247 2691
f 2692 617 24
f 2691 2692 2666
f 1247 1258 2692
f 1258 1168 617
f 394 1554 1555
f 2693 1260 1259
f 1072 1236 1262
f 1257 1071 1168
f 398 439 1555
f 871 1784 1314
f 1178 1232 1249
f 1224 1289 1173
f 1010 2617 2618
f 1175 1174 1292
f 2654 2687 2686
f 2694 1157 1216
f 71 418 1487
f 701 1112 1111
f 1072 1261 2649
f 1085 2695 22
f 895 2694 1264
f 1601 1606 1605
f 1259 1262 1271
f 21 20 1220
f 988 991 538
f 598 597 1336
f 1050 860 818
f 1298 2645 1761
f 1168 1167 618
f 858 1168 1256
f 39 242 516
f 2652 1761 819
f 313 316 315
f 2026 1970 1971
f 2656 1489 596
f 814 819 818
f 2696 2651 813
f 1260 2696 2649
f 2693 2697 2696
f 2697 1296 2651
f 381 355 390
f 3818 3819 1611
f 1475 1427 1428
f 1292 1174 1917
f 1551 353 354
f 1526 1525 1523
f 1593 1589 1595
f 1232 1269 1246
f 2695 2693 1223
f 2698 1297 1296
f 2698 2697 2693
f 2685 2698 2695
f 2685 854 1297
f 562 1497 271
f 2652 2651 1296
f 1365 1366 1364
f 1958 1946 1953
f 585 588 2210
f 1561 1560 1515
f 975 2648 1146
f 347 67 68
f 1038 1111 636
f 2700 781 780
f 2699 780 1036
f 2701 2699 1883
f 851 2700 2699
f 2674 1333 2251
f 2702 2251 781
f 1253 2702 2700
f 1301 2674 2702
f 1519 387 388
f 1273 1239 1280
f 2703 1280 1107
f 2701 2703 852
f 1829 1273 2703
f 91 260 326
f 1784 871 2656
f 2683 2684 2705
f 604 1894 3499
f 1669 3534 3548
f 2062 2063 2060
f 621 535 861
f 2023 731 732
f 686 779 1263
f 857 1051 2668
f 883 830 882
f 637 636 1111
f 2668 894 893
f 2667 921 894
f 1039 1038 1068
f 313 75 1504
f 1911 1972 305
f 1936 2706 1964
f 2707 2402 2401
f 2708 2707 2183
f 738 2163 2116
f 2349 2348 2432
f 2711 2712 2020
f 2400 2711 2019
f 2714 2715 2716
f 2717 2718 2719
f 2721 2722 2723
f 2726 2727 2728
f 2725 2728 2730
f 2731 2725 2729
f 2732 2726 2725
f 2734 2735 2736
f 2738 2739 2740
f 2737 2740 2741
f 2744 2745 2746
f 2745 2744 2748
f 2749 2750 2747
f 2753 2749 2751
f 2250 1380 2246
f 2754 1396 1614
f 3598 2754 2755
f 3608 2745 2747
f 1617 2756 2755
f 2242 2758 1620
f 2191 2085 2760
f 2761 2759 2760
f 3648 2759 2761
f 3623 2191 2759
f 3209 3248 3223
f 1395 1394 2236
f 1395 2235 1636
f 1616 1635 2229
f 1617 2234 2763
f 2756 2763 3628
f 2765 2763 2234
f 2766 2764 3628
f 3202 3199 3246
f 1516 437 435
f 2768 2769 3552
f 1495 541 578
f 2135 2136 28
f 3526 3540 2773
f 1690 1689 3926
f 2778 2779 2780
f 2777 2780 2781
f 2784 2778 2777
f 3555 3521 575
f 1494 1904 9
f 3529 2016 2015
f 451 61 505
f 2786 2787 2788
f 2779 2786 2785
f 2789 2752 2741
f 2790 2753 2752
f 2792 2793 2794
f 2793 2795 2796
f 2796 2797 2750
f 2794 2796 2749
f 2798 1393 1396
f 3591 2798 2754
f 2798 2799 2800
f 3591 3662 2799
f 2797 2796 2795
f 2791 2794 2753
f 216 233 232
f 3804 2806 2807
f 3805 2809 2804
f 2769 2810 3557
f 183 185 184
f 2811 2812 2775
f 2804 2811 2776
f 2809 2813 2811
f 2812 2811 2813
f 3805 2808 2816
f 3796 2818 2815
f 3798 3800 2820
f 3793 2823 2819
f 2824 2736 2735
f 2823 2825 2824
f 2825 2823 2826
f 3793 2822 2827
f 3796 2817 2826
f 2713 2716 2829
f 2828 2829 2831
f 2822 2821 2828
f 2821 2820 2713
f 2832 2827 2822
f 2833 2832 2830
f 2834 2835 2832
f 2835 2818 2827
f 2837 2838 2839
f 2836 2839 2841
f 2842 2836 2840
f 2843 2837 2836
f 2840 2841 2845
f 2718 2844 2845
f 2730 2728 2844
f 2727 2840 2844
f 2846 2845 2841
f 2829 2846 2847
f 2847 2841 2839
f 2848 2839 2838
f 2833 2848 2849
f 2831 2847 2848
f 2850 2814 2851
f 2853 2850 2852
f 2783 2777 2782
f 2785 2788 2853
f 2780 2785 2856
f 2857 2858 2855
f 2859 2857 2782
f 2861 2843 2842
f 2860 2842 2727
f 2862 2860 2726
f 2863 2861 2860
f 2861 2863 2858
f 2843 2861 2857
f 2856 2853 2854
f 2781 2856 2864
f 2837 2843 2859
f 2838 2837 2864
f 2852 2851 2834
f 2854 2852 2849
f 2865 2815 2818
f 2851 2865 2835
f 2813 2809 2815
f 2814 2813 2865
f 2866 2812 2814
f 2788 2866 2850
f 2866 2788 2787
f 2812 2866 2867
f 1892 1889 1890
f 2720 2719 2846
f 298 299 256
f 2872 2714 2713
f 3794 3800 2735
f 2729 2730 2874
f 2846 2716 2715
f 2876 2877 2878
f 2733 2875 2878
f 3806 3807 2879
f 3806 2880 2872
f 2882 2883 2884
f 2881 2884 2715
f 2880 2881 2714
f 2879 2882 2881
f 2885 2886 2887
f 2888 2889 2890
f 2885 2890 2892
f 2893 2886 2885
f 1942 2151 2532
f 2895 2892 2720
f 2884 2895 2870
f 2883 2896 2895
f 2896 2891 2892
f 2889 2874 2717
f 2890 2717 2720
f 2897 2893 2891
f 2898 2897 2896
f 2899 2898 2883
f 2900 2899 2882
f 3797 2900 2879
f 2876 2902 2901
f 2901 2902 2904
f 1785 2656 1835
f 2905 2906 2899
f 2907 2908 2897
f 3797 2901 2903
f 632 576 577
f 3532 3547 2867
f 434 385 550
f 2768 2770 3640
f 2910 2911 1623
f 2241 2912 2758
f 3640 2770 2913
f 1623 2911 2757
f 3587 2242 2757
f 2229 1381 1380
f 2765 1630 1629
f 2915 2914 1629
f 3642 3641 2914
f 3641 3622 2765
f 2919 2916 3642
f 2918 2915 2912
f 3614 2918 2241
f 3618 2919 3613
f 3541 2177 2180
f 3521 2002 2188
f 3705 3573 714
f 2925 2766 2917
f 2924 2917 2916
f 3610 2924 2919
f 3611 2925 2924
f 2926 2927 2766
f 3658 2926 2925
f 1715 1713 1705
f 785 497 498
f 1387 651 565
f 374 375 1899
f 3573 2203 2206
f 2929 2930 2886
f 2932 2933 2934
f 1905 1906 1908
f 2930 2935 2936
f 2938 2935 2930
f 1493 369 517
f 1603 1585 1586
f 2939 2938 2929
f 2940 2939 2908
f 3665 1707 1600
f 2886 2930 2937
f 2906 2907 2898
f 2908 2929 2893
f 2942 2934 2933
f 2941 2933 2937
f 3501 2941 2936
f 3498 2942 2941
f 2943 2944 2710
f 2943 2873 2874
f 2945 2943 2889
f 2946 2944 2943
f 2932 2945 2888
f 2931 2946 2945
f 727 1928 1929
f 2903 2904 2947
f 545 594 42
f 1480 1570 533
f 2907 2906 2949
f 2906 2905 2950
f 1558 452 215
f 3799 2903 2948
f 2054 1645 1644
f 3705 3684 2203
f 1828 1837 1849
f 2953 2954 2955
f 2952 2955 2957
f 2956 2261 2258
f 2953 2952 2258
f 2454 2455 2474
f 3747 2958 2959
f 3747 2132 2131
f 2961 2962 2963
f 2958 2963 2964
f 222 221 2485
f 2477 2226 2966
f 2631 2561 2006
f 2384 2454 2496
f 2967 2968 2959
f 2968 2967 2970
f 3759 2033 2971
f 3784 2971 2960
f 2972 2971 2033
f 2007 2377 2973
f 3560 3559 2134
f 1836 1833 1832
f 3506 2188 2090
f 955 810 959
f 672 675 674
f 633 710 713
f 2024 732 733
f 2025 2024 803
f 425 1552 1550
f 2975 2976 888
f 1319 1158 1157
f 1212 1935 2977
f 889 957 2228
f 1978 1974 1975
f 1138 1078 1329
f 751 665 2979
f 1619 1613 1625
f 2252 2255 1728
f 1157 1160 845
f 2706 1936 1938
f 2980 2255 2254
f 2982 2975 887
f 802 712 711
f 678 677 2029
f 527 840 690
f 1839 1207 2629
f 2983 2984 602
f 2983 1914 1913
f 2985 2983 1331
f 2986 2984 2983
f 2987 2637 2635
f 2985 2988 2639
f 2990 1319 1318
f 2991 2992 2993
f 2995 2991 2994
f 1106 1058 2991
f 1058 1057 2992
f 1415 1406 1365
f 1317 922 2217
f 1932 1728 2255
f 926 2998 2999
f 3001 2993 2992
f 3000 2992 1057
f 2999 3000 2978
f 2998 3001 3000
f 3002 2998 2209
f 3002 3003 2996
f 2993 3001 3002
f 1103 1106 2995
f 3004 2995 2996
f 2209 2210 3004
f 588 1103 3004
f 295 296 433
f 2638 2639 2988
f 3005 2988 1056
f 1305 3005 1930
f 1276 2638 3005
f 1987 1968 1993
f 2633 1762 1761
f 1423 1422 1417
f 3561 3517 739
f 2671 2670 2704
f 1473 1872 2035
f 922 1317 2694
f 1401 1400 1378
f 556 2028 1884
f 842 848 3825
f 1854 2706 2617
f 933 1082 1081
f 1440 1441 1436
f 529 657 719
f 1031 1025 1027
f 777 913 912
f 2645 1205 1204
f 441 438 1538
f 790 1287 587
f 2065 2066 1610
f 1860 991 990
f 60 106 87
f 1424 1017 1948
f 332 1527 1507
f 261 262 138
f 187 188 449
f 1719 1720 1726
f 1931 1055 1059
f 3006 1059 1105
f 1287 3006 1104
f 1286 1931 3006
f 3007 3008 3009
f 3009 3008 653
f 618 999 26
f 2029 677 1210
f 957 601 600
f 1049 2146 2228
f 2631 890 3011
f 890 889 2227
f 3011 2227 2145
f 2561 3011 3012
f 1026 656 609
f 2706 1854 1961
f 3013 2965 2485
f 2148 2147 1267
f 3015 1267 1266
f 2997 2264 1101
f 642 641 1773
f 186 477 461
f 1041 1040 1320
f 1121 3016 3017
f 2984 2986 2987
f 3018 2987 2634
f 1048 603 3018
f 603 602 2984
f 2679 2678 801
f 2062 2072 2074
f 2061 2074 2076
f 414 303 1545
f 3016 1121 2683
f 3019 2683 2704
f 3020 3019 2670
f 3007 3016 3019
f 1871 1090 1091
f 3021 1787 1122
f 3022 3021 3017
f 1314 3021 3022
f 1784 1787 3021
f 1316 1315 1763
f 3023 3022 3010
f 3023 3009 795
f 1763 3023 1092
f 1315 3022 3023
f 3016 3007 3010
f 752 751 2978
f 2986 2639 2637
f 3024 654 653
f 3020 3024 3008
f 720 723 3024
f 723 2621 654
f 2681 1098 1268
f 2671 3025 1268
f 2705 2681 3025
f 1313 3026 3027
f 3026 3028 3029
f 3027 3029 3030
f 1311 3027 3031
f 2012 568 731
f 917 2657 974
f 743 1206 856
f 1888 2027 2030
f 2682 2705 2684
f 3032 2684 1124
f 1100 3032 2989
f 1099 2682 3032
f 1123 2990 2989
f 3033 1834 1159
f 2990 3033 1158
f 1123 1786 3033
f 1786 1785 1834
f 1054 1056 2988
f 2979 665 664
f 2623 2622 2663
f 1095 660 688
f 3034 3035 2261
f 3036 3034 2956
f 3037 3038 3034
f 3038 3039 3035
f 3040 3041 3026
f 2263 3042 3041
f 3042 3039 3043
f 3041 3043 3028
f 3044 3045 3043
f 3046 3047 3045
f 3047 3048 3049
f 3043 3045 3049
f 3038 3037 3051
f 3050 3051 3053
f 3052 3046 3044
f 3039 3038 3050
f 3054 3035 3039
f 3042 2263 2262
f 2261 3035 3054
f 2216 2263 2997
f 2212 2211 2667
f 3056 868 2209
f 934 3057 1961
f 2013 3755 3757
f 3058 3059 3060
f 3059 3062 3063
f 3060 3063 2213
f 3061 3060 1963
f 3063 3064 2214
f 3062 3065 3064
f 3065 2257 2260
f 3064 2260 2215
f 3066 3067 3031
f 2608 2966 3067
f 2966 2562 3068
f 3031 3067 3068
f 2455 2458 2461
f 2476 2223 2226
f 3551 2090 2089
f 3526 2774 3769
f 433 354 355
f 2115 1423 1419
f 3509 2868 2922
f 3769 3737 2131
f 3069 2611 2167
f 2971 2972 2928
f 2961 2774 2773
f 3070 2475 2478
f 2610 2609 3071
f 2502 2371 2374
f 3072 2592 2595
f 2964 3046 3052
f 3048 2593 3074
f 2593 2592 3075
f 3075 3030 3029
f 3074 3029 3028
f 3072 3076 3075
f 3076 3072 2482
f 2481 2608 3066
f 3076 3066 3030
f 2967 3052 3053
f 2482 3072 3073
f 479 480 493
f 706 3900 3873
f 3561 2194 2221
f 2013 2010 3754
f 3533 2032 2016
f 3562 3519 2222
f 1171 1154 1155
f 2586 2566 2565
f 2982 110 113
f 2562 2376 3077
f 2376 2375 3012
f 3012 2145 2148
f 3077 2148 3015
f 2963 3047 3046
f 3051 3078 2970
f 1683 2173 491
f 3850 2122 1447
f 1986 2181 3734
f 3079 3080 2546
f 3081 3079 2575
f 1983 1986 3768
f 3082 2323 2319
f 3080 3082 2545
f 3734 3732 3082
f 3732 3748 2323
f 1309 1471 1888
f 3073 2595 2772
f 2760 3083 3084
f 2760 2085 2088
f 3085 3084 3086
f 3089 3085 3090
f 3089 2762 3084
f 3092 3088 3090
f 3093 2748 2744
f 2751 2747 2748
f 3093 2741 2752
f 2742 2741 3093
f 3094 3093 2743
f 3096 3097 3098
f 3099 3096 3087
f 3097 3094 3095
f 3100 2743 2746
f 3101 2927 3102
f 2764 2766 2927
f 2745 2764 3101
f 3102 3092 3091
f 3100 3091 3095
f 2869 2802 3592
f 3102 3103 3104
f 3658 2868 2869
f 2927 2926 3103
f 3098 3095 3091
f 3087 3098 3090
f 2088 2125 3105
f 3083 3105 3086
f 2483 3073 2771
f 2401 2186 2185
f 3099 3086 3105
f 2125 2207 3106
f 3108 2737 2742
f 3107 2742 3094
f 3110 3108 3107
f 3109 3107 3097
f 3111 3109 3096
f 3112 3110 3109
f 3113 2738 2737
f 3115 2723 2722
f 3117 3115 3114
f 3119 3117 3116
f 3118 3116 3120
f 3116 3114 3113
f 3122 3112 3111
f 3122 3123 1755
f 3124 3125 3126
f 3125 3118 3121
f 3128 3119 3118
f 3129 3128 3125
f 2020 2712 3128
f 3853 3857 1346
f 1065 1046 1047
f 1814 3838 3830
f 2021 2020 3129
f 3111 3099 3106
f 3123 3106 2207
f 2377 2225 2224
f 3014 2485 113
f 1756 2208 3782
f 3131 3132 2530
f 3133 3131 2528
f 1753 1756 3767
f 3134 3124 3127
f 2327 2408 2314
f 2436 2318 2317
f 2018 2021 3711
f 2534 3136 3137
f 2320 2322 3136
f 2185 2018 3712
f 3138 3139 2542
f 3134 3135 3744
f 3785 3130 3134
f 3140 3138 2539
f 2535 3137 3140
f 3711 2021 3130
f 2558 2530 3132
f 3782 3760 3141
f 2560 2558 3141
f 3760 3777 3142
f 958 888 2976
f 1933 1932 2980
f 2399 2424 2418
f 2348 2342 2343
f 2322 2320 2319
f 2718 2717 2874
f 2709 2729 2873
f 2894 2871 1361
f 346 289 176
f 1876 1877 1882
f 2802 2803 3607
f 3104 3144 3088
f 2974 2222 3649
f 3089 3145 2761
f 3088 3144 3145
f 2803 2974 3603
f 3870 3909 692
f 2123 1419 1418
f 1365 1363 1368
f 1581 1766 1782
f 3569 2202 2129
f 3555 2003 2002
f 3146 2585 2551
f 3751 3146 3147
f 3742 3149 3146
f 3149 2584 2585
f 3196 3198 3197
f 3604 2192 2191
f 3142 3150 2556
f 3777 3778 3150
f 3646 3152 2550
f 3150 3151 2555
f 3778 3780 3151
f 3788 3781 3152
f 3153 3147 2551
f 3152 3153 2549
f 3781 3776 3153
f 3776 3750 3147
f 3148 2767 2206
f 2183 2401 2321
f 2132 2960 2928
f 3684 3685 2204
f 3719 2198 2197
f 2594 2962 2773
f 2595 2594 2951
f 1870 798 799
f 3713 2179 2178
f 3706 2178 3736
f 336 3154 3774
f 339 3155 3154
f 3789 3683 3149
f 3683 3697 2584
f 2963 2962 3048
f 3722 3730 337
f 339 338 2566
f 3156 3157 2168
f 2610 3156 2167
f 2954 2953 3156
f 3157 3156 2953
f 3707 2166 2169
f 2567 3158 3159
f 337 3158 2567
f 3730 3069 2166
f 3764 2190 1983
f 2579 3160 3081
f 2568 3159 3160
f 3709 2169 2190
f 3065 3062 3162
f 3161 3162 1984
f 3157 3161 2189
f 2257 3065 3161
f 734 735 1922
f 3059 3058 2708
f 3163 2708 2182
f 3162 3163 1985
f 3062 3059 3163
f 3203 3206 3205
f 2122 2119 1448
f 3817 1686 1685
f 139 140 444
f 1570 569 566
f 2957 3164 3165
f 2955 3166 3164
f 1912 454 341
f 3130 3129 3124
f 1548 322 319
f 1949 1950 1327
f 2969 2970 3078
f 3167 3078 3169
f 3724 2014 2017
f 3720 2017 2033
f 3168 3169 3165
f 3170 3165 3164
f 3779 3170 3171
f 3724 3168 3170
f 3171 3164 3166
f 3172 3166 3071
f 3752 3172 3173
f 3756 3171 3172
f 3169 3037 3036
f 2593 3048 2962
f 3173 3071 2609
f 3174 2609 2199
f 3783 3174 2198
f 3749 3173 3174
f 2190 2189 1984
f 2196 2195 2767
f 2119 2120 1414
f 1464 1463 1466
f 2199 2611 3069
f 2457 2456 2587
f 2226 2225 2562
f 481 478 1627
f 333 1512 235
f 3078 3051 3037
f 3040 2264 2997
f 2219 1934 1933
f 2385 2384 2497
f 221 2220 3175
f 2220 1933 3143
f 3175 3143 2976
f 2484 3175 2975
f 2954 3071 3166
f 2630 1858 110
f 1547 319 1952
f 2091 2090 2188
f 3733 3736 2178
f 1918 1919 1927
f 3563 112 111
f 955 956 960
f 2037 3014 112
f 3143 2980 2981
f 2218 2211 2214
f 672 3877 3787
f 2152 3013 3014
f 1147 1144 1143
f 2248 2246 1409
f 1615 1636 1635
f 1410 1409 2246
f 3241 3243 3242
f 1382 3176 3177
f 3177 1410 2247
f 2247 1383 3177
f 3176 2238 2230
f 1410 3177 3179
f 3179 3180 2243
f 1633 3181 2800
f 1621 1620 2758
f 1622 1621 2245
f 2236 1394 3181
f 2237 2236 3182
f 2250 1631 2233
f 2912 1629 1628
f 135 136 1564
f 1567 419 512
f 1085 1084 2653
f 3184 869 868
f 869 3184 3057
f 1266 1268 1098
f 1267 2147 722
f 937 1146 2646
f 2146 1049 722
f 2211 2218 921
f 1957 510 507
f 1313 1312 2264
f 1496 362 1493
f 2887 2937 2933
f 1687 1688 1659
f 145 1499 1498
f 37 38 418
f 1935 1934 3185
f 104 89 301
f 2101 2098 2083
f 543 298 360
f 1934 2219 3186
f 234 1521 212
f 3845 3821 1822
f 1976 1875 1874
f 223 3186 2219
f 3655 3656 3605
f 2165 2164 467
f 467 468 2165
f 773 476 2165
f 1935 1212 1728
f 3240 3225 3226
f 3261 3249 3250
f 3215 3216 3244
f 3265 3221 3215
f 3267 3245 3198
f 3205 3206 3269
f 3214 3211 3265
f 3271 3213 3214
f 3251 3252 3239
f 3222 3221 3266
f 3232 3235 3234
f 3216 3242 3243
f 3196 3193 3268
f 3244 3243 3254
f 3238 3239 3247
f 3264 3244 3255
f 3253 3242 3216
f 3211 3266 3221
f 3257 3217 3218
f 3258 3222 3272
f 3274 3275 3280
f 3228 3229 3262
f 3275 3231 3281
f 3226 3227 3273
f 3236 3263 3260
f 3281 3263 3236
f 3287 3271 3192
f 3235 3226 3280
f 3234 3280 3281
f 3288 3290 3259
f 3260 3250 3276
f 3289 3212 3278
f 3210 3209 3224
f 3199 3202 3201
f 3228 3231 3230
f 3290 3288 3285
f 3282 3279 3271
f 3260 3263 3262
f 3243 3241 3268
f 3267 3268 3241
f 3194 3207 3208
f 3191 3270 3269
f 3270 3191 3192
f 3275 3274 3230
f 3264 3269 3270
f 3252 3251 3276
f 3248 3252 3291
f 3213 3271 3279
f 3272 3266 3289
f 3277 3278 3212
f 3228 3263 3281
f 3220 3225 3253
f 3219 3253 3217
f 3256 3218 3222
f 3247 3239 3252
f 3245 3267 3232
f 3266 3211 3212
f 3208 3205 3255
f 3288 3289 3284
f 3204 3205 3208
f 560 1899 3187
f 3209 3210 3201
f 3189 3192 3191
f 448 1980 807
f 647 648 122
f 1833 1848 1780
f 510 509 508
f 3210 1949 1887
f 1887 15 3200
f 15 16 3197
f 16 3188 3195
f 3195 3188 3187
f 3194 3187 1899
f 3207 1899 375
f 387 173 126
f 3189 1791 1760
f 3577 763 757
f 763 3577 2172
f 3583 3582 3580
f 3581 3580 3579
f 3594 3597 3596
f 3400 3601 3602
f 3626 3624 3625
f 3631 3635 3599
f 3636 3637 3595
f 3647 3584 3588
f 3650 3582 3584
f 3653 3579 3580
f 3653 2176 3654
f 1801 1864 3656
f 3651 3580 3582
f 3644 3638 3595
f 1767 1768 3659
f 1597 3663 3661
f 1708 1707 3665
f 3671 3668 3667
f 3666 3667 3673
f 1588 1708 3664
f 2080 3671 3666
f 2082 3666 3672
f 3674 3677 3635
f 3677 3678 3636
f 3682 3647 3645
f 3692 3651 3650
f 3681 3645 3644
f 786 3694 3692
f 3694 3653 3651
f 785 3692 3686
f 497 3686 3682
f 650 3682 3681
f 3696 564 3681
f 3405 3606 3605
f 3702 3699 3678
f 3699 3698 3679
f 3645 3588 3638
f 1799 3657 3659
f 3708 3704 3458
f 3462 3710 3708
f 3714 463 564
f 3615 3606 3602
f 3710 3714 3696
f 3635 3636 3596
f 3629 3626 3627
f 3597 3600 3599
f 3630 3716 3715
f 3627 3625 3597
f 3717 3716 3723
f 3715 3663 3660
f 3716 3717 3725
f 3668 3665 3661
f 3668 3725 3717
f 3667 3717 3718
f 3727 3728 3673
f 3728 1576 3672
f 3726 3727 3718
f 1576 2101 2084
f 3727 3726 3731
f 3203 376 1387
f 3190 1387 1791
f 3283 2152 1949
f 317 240 259
f 2000 2176 3653
f 3601 3599 3600
f 3589 3588 3584
f 3577 758 756
f 3585 3584 3582
f 3678 3679 3637
f 3204 375 376
f 1801 3655 3657
f 3729 3735 3728
f 1575 3735 3738
f 3735 1575 1576
f 1776 1795 1796
f 1293 1294 1290
f 1326 14 1327
f 1294 1245 1234
f 878 1244 1330
f 497 373 374
f 122 648 413
f 3699 3702 3704
f 3606 3405 3401
f 3708 3710 3698
f 3464 3714 3710
f 3704 3674 3443
f 439 398 399
f 1512 1528 1526
f 1668 1741 1738
f 839 849 1362
f 1362 1357 826
f 3843 740 1896
f 2053 2054 2118
f 3888 3887 2120
f 696 697 3816
f 1826 1878 639
f 3740 3739 3729
f 956 885 886
f 1980 806 1922
f 33 34 105
f 1343 1344 3856
f 3907 2127 2128
f 1766 1581 1582
f 14 1326 2163
f 595 98 99
f 3233 3238 3246
f 1346 1035 1044
f 748 1888 1425
f 3193 3208 3254
f 3190 3191 3206
f 3612 3605 3606
f 3624 3612 3615
f 3631 3415 3443
f 3679 3680 3644
f 3686 3650 3647
f 3702 3677 3674
f 3625 3615 3600
f 3601 3400 3415
f 3739 3738 3735
f 3630 3627 3594
f 3741 3723 3716
f 1284 1290 1288
f 3698 3696 3680
f 1778 1781 1780
f 1792 1759 1584
f 695 570 571
f 3638 3741 3594
f 3741 3638 3588
f 3247 3248 3209
f 3292 3293 3294
f 3296 3297 3298
f 3299 3298 3300
f 3302 3303 3304
f 3306 3307 3308
f 3307 3310 3311
f 3303 3302 3301
f 3312 3305 3304
f 3314 3315 3316
f 3318 3319 3320
f 3324 3318 3321
f 3326 3327 3328
f 3329 3330 3331
f 3333 3334 3335
f 3337 3338 3339
f 3333 3336 3341
f 3342 3341 3343
f 3319 3345 3344
f 3338 3335 3334
f 3346 3301 3302
f 3305 3348 3347
f 3312 3224 3223
f 3350 3337 3340
f 3312 3349 3348
f 3352 3343 3341
f 3311 3353 3354
f 3341 3336 3327
f 3359 3360 3361
f 3360 3359 3250
f 3318 3363 3345
f 3364 3363 3318
f 3314 3364 3324
f 3366 3299 3301
f 3299 3366 3367
f 3308 3354 3368
f 3369 3317 3295
f 3317 3369 3364
f 3370 3295 3317
f 3325 3371 3365
f 3352 3320 3319
f 3296 3367 3353
f 3297 3296 3311
f 3363 3368 3354
f 3345 3354 3353
f 3344 3353 3367
f 3366 3333 3342
f 3347 3339 3334
f 3339 3347 3348
f 3348 3349 3351
f 3363 3364 3369
f 3294 3309 3368
f 3293 3306 3309
f 3331 3373 3374
f 3346 3334 3333
f 3323 3322 3352
f 3356 3355 3321
f 3355 3357 3325
f 3357 3358 3371
f 3322 3356 3320
f 3361 3330 3329
f 3373 3372 3375
f 3374 3375 3376
f 3329 3332 3376
f 3327 3375 3372
f 3336 3335 3375
f 3335 3338 3376
f 3376 3338 3337
f 3337 3350 3359
f 3359 3350 3276
f 3377 3292 3295
f 3277 3316 3315
f 3371 3378 3379
f 3378 3371 3358
f 3365 3379 3315
f 3316 3277 3279
f 3282 3377 3370
f 3313 3283 3224
f 3378 3285 3284
f 3380 3286 3285
f 3379 3284 3278
f 3276 3350 3351
f 3291 3351 3349
f 3313 3304 2965
f 2965 3304 3303
f 222 3303 3300
f 223 3300 3298
f 3298 3297 3185
f 3297 3310 2977
f 3310 3307 1213
f 3307 3306 1214
f 2532 1214 3306
f 2894 2532 3293
f 2871 2894 3292
f 3253 3225 3240
f 3283 3313 3013
f 1997 1996 1889
f 1237 745 744
f 1535 1534 120
f 1531 1532 201
f 1119 1241 1032
f 946 948 824
f 163 8 5
f 3589 3726 3723
f 1155 1156 1162
f 427 213 327
f 553 1902 796
f 3381 2232 2231
f 3381 3178 2230
f 2237 3183 3180
f 3383 3384 3385
f 3384 3386 3387
f 3386 3388 3389
f 3388 3390 3391
f 3392 3393 3394
f 3395 3394 3396
f 3398 3399 3397
f 3400 3401 3399
f 3403 3404 3405
f 3406 3407 3404
f 3408 3409 3407
f 3410 3411 3409
f 3412 3413 3411
f 3415 3400 3398
f 3414 3398 3396
f 3416 3396 3394
f 3417 3394 3393
f 3393 3419 3420
f 3419 3390 3421
f 3390 3388 3422
f 3388 3386 3423
f 3386 3384 3424
f 3384 3383 3425
f 3425 3383 3426
f 2904 3427 3428
f 3429 3427 2904
f 3430 3429 2902
f 2875 3431 3430
f 3432 3433 2733
f 2825 3434 3435
f 3437 3438 3439
f 3441 3437 3436
f 2724 2723 3434
f 3436 3439 3115
f 3440 3436 3117
f 3443 3415 3414
f 3442 3414 3416
f 3444 3416 3417
f 3445 3417 3418
f 3446 3418 3420
f 3420 3421 3448
f 3421 3422 3449
f 3422 3423 3450
f 3423 3424 3451
f 3424 3425 3452
f 3425 3184 3056
f 3451 3452 2253
f 3450 3451 2252
f 3449 3450 1727
f 3448 3449 2150
f 3453 3447 3448
f 3454 3446 3447
f 3455 3445 3446
f 3456 3444 3445
f 3442 3444 3456
f 3443 3442 3457
f 3459 3460 3458
f 3457 3456 3455
f 3459 3455 3454
f 3462 3460 3459
f 3461 3454 3453
f 3464 3462 3461
f 3463 3453 1941
f 3404 3399 3401
f 3407 3397 3399
f 3409 3395 3397
f 3411 3392 3395
f 3465 3466 3413
f 3467 3468 3469
f 3465 3412 3431
f 3470 3467 3466
f 3438 3470 3432
f 3467 3470 3438
f 3468 3467 3437
f 3471 3469 3468
f 3472 3468 3441
f 3473 3441 3440
f 2712 3440 3119
f 3475 3471 3472
f 3474 3472 3473
f 3476 3473 2712
f 3477 3476 2711
f 3478 3474 3476
f 3479 3475 3474
f 3392 3411 3413
f 3466 3469 3480
f 3419 3393 3392
f 3390 3419 3480
f 3469 3471 3391
f 3389 3391 3471
f 3387 3389 3475
f 3385 3387 3479
f 3482 3477 2400
f 3483 3478 3477
f 3481 3479 3478
f 3484 3482 2402
f 3058 3484 2707
f 3061 3485 3484
f 3485 3483 3482
f 3382 3385 3481
f 3486 3481 3483
f 3426 3383 3382
f 3487 3382 3486
f 3486 3485 3061
f 1961 3057 3487
f 3057 3184 3426
f 3428 3403 3402
f 3427 3406 3403
f 3429 3408 3406
f 3430 3410 3408
f 3431 3412 3410
f 3470 3465 3433
f 3434 3439 3438
f 2723 3115 3439
f 2875 2733 3433
f 2736 2824 3435
f 2947 3428 3488
f 3464 3463 1360
f 1900 1925 1924
f 1736 1717 1718
f 1955 1952 1943
f 1671 1738 1735
f 1696 1750 1698
f 1800 1865 1864
f 2063 2055 2056
f 1737 1734 1717
f 1751 1735 1697
f 943 3885 3899
f 3656 3488 3402
f 1577 1578 1764
f 3917 1598 1599
f 1945 146 82
f 68 6 7
f 147 1542 1543
f 1109 1135 1133
f 1503 1910 1907
f 1499 1501 1909
f 452 1922 735
f 1824 2068 3835
f 1825 2067 2068
f 1463 1462 1022
f 841 1012 1009
f 1568 1547 1955
f 1910 1503 1502
f 1939 1502 422
f 309 280 1940
f 1804 1851 1866
f 269 1482 1954
f 2065 1607 2060
f 3812 1685 1758
f 280 276 552
f 1875 1873 1869
f 1739 1721 1734
f 1778 1779 1790
f 310 1920 1915
f 1909 1908 1906
f 1789 1783 1778
f 978 981 980
f 1584 1759 1731
f 425 426 311
f 148 1543 115
f 2044 3897 3894
f 277 1910 1939
f 1943 1946 1945
f 1461 1462 1463
f 2253 3452 3056
f 2981 2254 3489
f 2209 2998 3489
f 2254 2253 3055
f 2998 926 958
f 2826 2817 2721
f 3490 2739 2721
f 2816 3491 3490
f 2334 2297 2296
f 2298 2297 2334
f 2301 2298 2336
f 2311 2301 2338
f 2312 2311 2354
f 2359 2358 2361
f 2335 2296 2359
f 2414 2413 2365
f 2413 2270 2361
f 2355 2352 2540
f 2541 2540 2539
f 2722 2721 2739
f 3114 2722 2738
f 3110 3112 3121
f 3108 3110 3120
f 3122 1754 3127
f 3112 3122 3126
f 3127 1754 1753
f 3139 3133 2529
f 3744 3775 3133
f 3490 2789 2740
f 3491 2790 2789
f 228 229 91
f 245 244 243
f 248 7 247
f 2 297 296
f 145 146 300
f 327 213 210
f 329 332 331
f 239 241 240
f 373 376 375
f 178 177 176
f 1218 1225 1228
f 3862 1231 1295
f 808 809 824
f 3858 3859 1013
f 3813 3810 1411
f 2154 2149 2159
f 3845 3835 1758
f 306 807 1922
f 2157 2153 1976
f 708 709 2031
f 1450 1226 1227
f 1672 1604 1605
f 1813 1814 1821
f 1717 1716 1715
f 176 159 402
f 1710 1705 3916
f 1712 1580 1577
f 1705 1713 1711
f 971 978 979
f 822 823 1094
f 2909 2810 2793
f 2810 2769 2795
f 2799 2910 2249
f 3662 3643 2910
f 2769 2768 2801
f 3177 3176 3178
f 3178 3381 3180
f 3181 1394 1393
f 3181 1633 1632
f 3182 1632 2244
f 3183 2244 2243
f 3492 2791 2790
f 2808 3492 3491
f 2239 3574 3572
f 1149 1150 3571
f 1150 2009 3567
f 2202 3569 3566
f 2921 3564 3565
f 3568 3560 2133
f 1777 1579 1759
f 1201 1196 1183
f 3561 3554 2195
f 3553 3576 2770
f 3927 3925 1687
f 1516 152 154
f 3549 3562 2974
f 3550 3548 2779
f 2771 2772 3575
f 3070 2771 3546
f 3547 3544 2775
f 1376 1375 1370
f 2767 3543 3556
f 2195 3554 3543
f 2775 3544 3542
f 3377 3282 3545
f 3804 3802 3539
f 2776 3542 3538
f 2240 3572 3535
f 2920 3535 3669
f 3548 3534 2786
f 1805 1850 1851
f 3534 3532 2787
f 2951 2773 3540
f 2772 2951 3531
f 2973 2224 3530
f 2224 2223 3537
f 1957 1953 320
f 306 305 304
f 2770 3576 3528
f 2913 3528 3574
f 2923 3565 3527
f 308 1940 431
f 207 208 132
f 1879 1876 1881
f 3733 3787 3525
f 2475 3070 3558
f 2476 2475 3524
f 2223 2476 3523
f 3522 3549 2803
f 2037 3563 11
f 1959 1958 450
f 2003 3555 3520
f 9 10 334
f 2009 2008 3518
f 2008 2973 3536
f 3877 672 673
f 3515 3550 2778
f 2935 3514 3513
f 111 1149 3570
f 3510 3514 2935
f 683 3876 3885
f 3508 3557 2810
f 736 733 732
f 1795 1804 1803
f 3505 3510 2938
f 3507 3505 2939
f 2950 3512 3504
f 2940 2949 3504
f 3801 3791 3512
f 2868 3509 3502
f 2869 3502 3522
f 1024 1034 1023
f 3500 3503 2948
f 551 1939 442
f 2972 3499 3568
f 2032 3533 3499
f 216 93 1924
f 203 202 201
f 1828 1848 1847
f 1958 1957 449
f 272 271 178
f 2871 3545 3495
f 3619 3669 3564
f 2801 2768 3643
f 2005 3758 3654
f 960 886 899
f 3657 3655 3612
f 3780 3788 3646
f 3151 3646 3593
f 2193 3604 3623
f 3607 3603 3145
f 3603 3649 2761
f 3592 3607 3144
f 2926 3658 3634
f 3634 3592 3104
f 3755 3754 3746
f 566 567 3758
f 3488 3656 1864
f 1602 1586 2079
f 2868 3658 3611
f 2922 3611 3610
f 2923 3610 3618
f 3670 3613 2918
f 3619 3670 3614
f 2921 3618 3670
f 2920 3614 3586
f 3613 3642 2915
f 2917 2766 3622
f 2916 2917 3641
f 2239 3587 3652
f 2911 3640 3652
f 3643 3640 2911
f 2797 2801 3662
f 2797 3591 3598
f 3622 3628 2763
f 3608 3628 2764
f 2194 3623 3648
f 2221 3648 3649
f 2756 3608 3609
f 2750 3598 3609
f 3669 3535 1817
f 3763 3770 1691
f 2515 3621 3590
f 2548 3590 3593
f 2513 2489 3632
f 2513 3616 3621
f 2509 3633 3620
f 2510 3632 3633
f 2289 3620 3639
f 2283 3639 3617
f 2240 3586 3587
f 3659 3657 3624
f 716 2121 3887
f 727 1999 3761
f 2165 2171 2170
f 3660 3659 3626
f 3743 3581 3578
f 2175 2172 769
f 2100 500 2095
f 3758 567 3757
f 640 3560 3568
f 1653 3576 3553
f 1895 3536 3530
f 746 3530 3537
f 1653 1810 3528
f 3762 1603 1604
f 2093 2075 2073
f 959 996 995
f 962 899 919
f 1400 1401 1398
f 1000 817 1127
f 956 959 884
f 1662 3548 3550
f 2034 3558 3546
f 3926 1689 3539
f 3535 3572 766
f 3572 3574 765
f 334 3570 3571
f 1868 3531 3540
f 1684 1651 1652
f 1682 1683 775
f 1585 1603 3762
f 3763 3762 1672
f 2173 2174 490
f 1658 3544 3547
f 3556 3543 1650
f 1571 3754 2010
f 1587 3664 3671
f 2099 2095 2077
f 787 3761 1999
f 2000 3694 786
f 3155 339 3697
f 3713 3155 3683
f 2180 2179 3685
f 3496 2180 3684
f 1684 3846 3840
f 1760 464 3495
f 2607 3689 3693
f 2581 3676 3689
f 2371 2502 3700
f 2371 3695 3693
f 2587 3676 3675
f 2586 3675 3697
f 2497 3691 3687
f 2502 2503 3687
f 2494 3691 3690
f 3690 3688 2472
f 3688 3701 2468
f 3701 3703 2469
f 726 3908 3892
f 581 3567 3518
f 10 3511 3570
f 1837 3514 3510
f 741 3537 3523
f 1299 3524 3558
f 1851 3507 3504
f 3527 3565 1820
f 580 3518 3536
f 1758 1685 3522
f 1693 3557 3508
f 3504 3512 1867
f 1894 1826 3568
f 2126 1418 3813
f 3906 2126 3841
f 2113 3911 3867
f 2179 3713 3789
f 624 3903 3904
f 2192 3604 3788
f 2177 3541 3787
f 1364 3824 3833
f 3858 3855 1470
f 3135 1753 3775
f 2069 3812 3835
f 1351 3861 3853
f 2108 3882 3901
f 2089 2092 3736
f 3828 3834 1358
f 2001 3749 3783
f 2187 3783 3719
f 2130 3756 3752
f 2004 3752 3749
f 2014 3724 3779
f 2201 3779 3756
f 3167 3720 3759
f 3168 3724 3720
f 3159 3709 3764
f 3160 3764 3765
f 3730 3707 3158
f 3158 3707 3709
f 2200 3069 3730
f 3685 3789 3742
f 3722 3774 2197
f 3790 3736 2092
f 3774 3790 3721
f 3154 3706 3790
f 3155 3713 3706
f 2091 3719 3721
f 2196 3148 3750
f 2193 2196 3776
f 3604 2193 3781
f 2086 2192 3780
f 2087 2086 3778
f 2204 3742 3751
f 2205 3751 3750
f 3909 3886 574
f 2124 2087 3777
f 2208 2124 3760
f 3711 3785 3140
f 3785 3745 3138
f 3745 3744 3139
f 3771 3712 3136
f 3712 3711 3137
f 3775 3767 3131
f 3767 3782 3132
f 1813 3839 3838
f 1293 3854 3856
f 2184 2321 3748
f 2181 2184 3732
f 3765 3768 3079
f 3768 3734 3080
f 709 3873 3875
f 2774 2961 3737
f 3786 3769 2134
f 3809 3808 766
f 2968 3784 3766
f 2969 3759 3784
f 2958 3747 3737
f 2132 3747 3766
f 2321 2185 3771
f 3860 3848 1449
f 3905 3874 582
f 3886 3889 577
f 3847 3826 1818
f 705 3902 3887
f 3816 3912 3907
f 2111 3883 3911
f 3810 3829 1366
f 1812 3839 3822
f 675 3851 3852
f 3496 3705 3851
f 2110 3867 3868
f 2104 3896 3901
f 2109 3868 3899
f 3842 3831 703
f 1680 3811 3846
f 1639 1627 3819
f 623 3904 3906
f 2139 2140 3866
f 1808 1640 3844
f 3820 3821 1819
f 3872 3914 3900
f 1646 3832 3830
f 3889 3890 633
f 2139 3865 3875
f 2156 2155 3871
f 674 3852 3913
f 2117 3817 3812
f 1815 3822 3847
f 3855 3849 1444
f 697 3906 3912
f 866 842 3836
f 3864 3869 2136
f 3585 3731 3726
f 3583 3740 3731
f 3753 3746 3738
f 3740 3583 3581
f 1088 3738 3746
f 3739 3740 3743
f 2791 3492 3493
f 3492 2808 2807
f 2792 3493 3494
f 3493 2807 2806
f 3508 2909 3494
f 3516 3494 2806
f 2948 3503 3791
f 2105 3908 3896
f 3538 3802 3804
f 680 3878 3876
f 1891 1890 3910
f 2905 3799 3801
f 2900 3797 3799
f 2901 3797 3807
f 2734 2878 3806
f 2877 3807 3806
f 2820 3800 3794
f 2818 3796 3792
f 2823 3793 3792
f 2822 3793 3798
f 2819 2735 3800
f 2817 3796 3795
f 2809 3805 3795
f 2808 3805 3803
f 2805 3804 3803
f 1702 3921 3923
f 3922 3920 1797
f 3915 3916 1706
f 3918 3927 1692
f 1657 3898 3880
f 1890 1877 3895
f 3772 3770 1674
f 1689 1690 3772
f 3926 3802 3538
f 3516 3539 1689
f 3917 3923 1703
f 1598 3917 3928
f 3880 3884 1876
f 1691 1690 3925
f 3925 3926 1688
