v 0.059351 -0.010756 -0.049761
v 0.063267 -0.011706 -0.048865
v 0.063966 -0.010222 -0.048854
v 0.059771 -0.009316 -0.049575
v 0.072400 -0.009741 -0.059288
v 0.072089 -0.006287 -0.055888
v 0.071625 -0.003170 -0.055859
v 0.072009 -0.003700 -0.058519
v 0.027073 -0.045860 -0.110223
v 0.012631 -0.045761 -0.114593
v 0.012530 -0.058071 -0.112201
v 0.025778 -0.059833 -0.106852
v 0.043461 -0.083036 -0.088333
v 0.038757 -0.075105 -0.093548
v 0.037189 -0.088093 -0.097981
v 0.045151 -0.090613 -0.088134
v 0.039382 0.047915 0.040653
v 0.046562 0.046756 0.034959
v 0.045527 0.040254 0.037931
v -0.061071 -0.009815 -0.048755
v -0.064943 -0.010824 -0.047920
v -0.065621 -0.009462 -0.047906
v -0.061228 -0.008399 -0.048575
v -0.073562 -0.008769 -0.058310
v -0.072787 -0.005420 -0.055088
v -0.072533 -0.002363 -0.054985
v -0.072847 -0.002727 -0.057560
v 0.038491 0.040654 0.042301
v 0.090644 0.012148 -0.070574
v 0.090366 0.009489 -0.071979
v 0.090301 0.008096 -0.070289
v 0.090422 0.010458 -0.069233
v 0.086368 -0.006658 -0.069261
v 0.086614 0.000961 -0.070768
v 0.088089 0.003467 -0.071111
v 0.087744 0.001423 -0.070658
v 0.085146 -0.017092 -0.066706
v 0.084325 -0.016343 -0.066210
v 0.086256 -0.011814 -0.067869
v 0.086947 -0.012213 -0.068724
v 0.070587 -0.035561 -0.043716
v 0.073006 -0.033976 -0.045568
v 0.073635 -0.035731 -0.046606
v 0.069125 -0.037042 -0.045042
v 0.066517 -0.035570 -0.045763
v 0.071051 -0.036675 -0.049819
v 0.070343 -0.033576 -0.050767
v 0.066804 -0.033231 -0.047334
v 0.086358 0.022568 -0.055254
v 0.086531 0.019288 -0.055066
v 0.084967 0.018702 -0.052589
v 0.084821 0.022130 -0.052440
v 0.072290 -0.010124 -0.065454
v 0.070057 -0.016866 -0.063521
v 0.075749 -0.011802 -0.066295
v 0.076378 -0.008854 -0.066583
v 0.084810 0.011591 -0.062969
v 0.085547 0.012513 -0.066604
v 0.085591 0.010367 -0.067907
v 0.084659 0.008835 -0.065328
v 0.086850 0.014205 -0.071444
v 0.086867 0.011212 -0.072911
v 0.069188 -0.026703 -0.041423
v 0.068518 -0.022949 -0.040509
v 0.069123 -0.021479 -0.041867
v 0.069360 -0.022622 -0.043314
v 0.070779 -0.009890 -0.055951
v 0.072296 -0.005743 -0.054366
v 0.080909 -0.027442 -0.061373
v 0.080697 -0.025510 -0.060615
v 0.082776 -0.021526 -0.064170
v 0.083007 -0.022834 -0.065009
v 0.078294 -0.022660 -0.058799
v 0.080546 -0.020218 -0.062385
v 0.081754 -0.019648 -0.064053
v 0.080400 -0.021759 -0.062092
v 0.087565 0.014834 -0.061814
v 0.085436 0.016972 -0.057449
v 0.085947 0.016905 -0.057757
v 0.087686 0.014573 -0.062758
v 0.078934 0.003191 -0.065825
v 0.077939 0.008279 -0.063616
v 0.076874 0.007895 -0.063489
v 0.077982 0.003484 -0.065496
v 0.087612 0.011226 -0.069348
v 0.087848 0.008506 -0.070471
v 0.086002 0.007718 -0.069527
v 0.074454 0.009902 -0.051841
v 0.074487 0.010621 -0.052652
v 0.075144 0.008939 -0.053048
v 0.074560 0.007707 -0.051844
v 0.073327 -0.037136 -0.049833
v 0.067060 -0.025188 -0.057183
v 0.068777 -0.024506 -0.058669
v 0.071537 -0.020768 -0.061905
v 0.070466 -0.019482 -0.061948
v 0.066750 -0.033638 -0.042048
v 0.069416 -0.033577 -0.041707
v 0.070171 -0.035006 -0.042866
v 0.067252 -0.035313 -0.043196
v 0.077583 0.014114 -0.052783
v 0.080215 0.013411 -0.055079
v 0.078449 0.012444 -0.054308
v 0.076533 0.012853 -0.052522
v 0.085207 -0.000854 -0.069390
v 0.084624 0.005980 -0.067270
v 0.083719 -0.009971 -0.064055
v 0.084194 -0.010031 -0.067077
v 0.083104 -0.014002 -0.065940
v -0.027652 -0.045921 -0.109898
v -0.013171 -0.045784 -0.114488
v -0.013011 -0.058107 -0.112044
v -0.026274 -0.059906 -0.106453
v 0.083054 -0.013965 -0.062967
v 0.083644 -0.001788 -0.063993
v 0.084495 -0.001862 -0.067397
v 0.088157 0.007182 -0.068822
v 0.087790 0.001111 -0.069425
v 0.088216 0.007665 -0.069570
v 0.076342 0.011962 -0.060472
v 0.076505 0.015211 -0.063929
v 0.075378 0.008739 -0.065852
v 0.076264 0.009590 -0.062083
v 0.069932 -0.017444 -0.042072
v 0.071331 -0.015320 -0.043131
v 0.070404 -0.017659 -0.044635
v 0.069745 -0.019781 -0.044564
v 0.072118 -0.022753 -0.060679
v 0.069528 -0.025626 -0.057955
v 0.070010 -0.026052 -0.057332
v 0.072690 -0.024542 -0.059166
v 0.082570 0.014735 -0.057327
v 0.082523 0.009141 -0.057939
v 0.080971 0.009087 -0.056355
v 0.074703 -0.021056 -0.050508
v 0.075380 -0.019763 -0.052404
v 0.076645 -0.022923 -0.054225
v 0.075777 -0.024930 -0.052568
v 0.077226 -0.033801 -0.055392
v 0.075134 -0.033768 -0.055810
v 0.073018 -0.035630 -0.052617
v 0.075319 -0.036099 -0.052367
v 0.069287 -0.020960 -0.043862
v 0.069457 -0.020073 -0.042028
v 0.080830 0.003157 -0.067891
v 0.079901 0.009437 -0.065587
v 0.083713 0.007253 -0.063203
v 0.083714 0.004754 -0.064809
v 0.072980 -0.005079 -0.047504
v 0.070439 -0.004471 -0.048571
v 0.070204 -0.005156 -0.048784
v 0.073326 -0.006658 -0.047420
v 0.073338 -0.004886 -0.046047
v 0.073724 -0.006418 -0.045981
v 0.073370 -0.006707 -0.044500
v 0.072997 -0.005786 -0.044407
v 0.069744 -0.004183 -0.049466
v 0.069842 -0.004434 -0.049005
v 0.070387 -0.004021 -0.049340
v 0.074236 -0.002212 -0.060842
v 0.075385 -0.010165 -0.063559
v 0.073289 -0.009908 -0.062040
v 0.070918 -0.002466 -0.060112
v 0.085152 -0.008967 -0.068712
v 0.081178 0.018337 -0.048353
v 0.079607 0.020321 -0.048027
v 0.082262 0.024022 -0.052686
v 0.070738 -0.018066 -0.054133
v 0.072798 -0.017467 -0.051448
v 0.071155 -0.017584 -0.049798
v 0.069898 -0.018746 -0.052543
v 0.069500 -0.013437 -0.047143
v 0.067553 -0.016866 -0.046340
v 0.071845 -0.014941 -0.045969
v 0.073506 0.000761 -0.045618
v 0.072031 -0.003083 -0.048714
v 0.072729 -0.003929 -0.047187
v 0.073014 -0.003579 -0.045742
v 0.085193 -0.017854 -0.067783
v 0.087130 -0.012830 -0.070100
v 0.085471 -0.012756 -0.071135
v 0.083589 -0.018172 -0.069015
v 0.067262 -0.030144 -0.040275
v 0.065469 -0.032745 -0.042821
v 0.067361 -0.026941 -0.038779
v 0.090248 0.018978 -0.064803
v 0.086427 0.021577 -0.065180
v 0.086627 0.019554 -0.067672
v 0.090538 0.016937 -0.067034
v 0.070093 0.001833 -0.054790
v 0.070632 -0.000233 -0.054440
v 0.070950 0.001418 -0.052754
v 0.070574 0.003209 -0.052772
v 0.050719 -0.031989 -0.093727
v 0.058672 -0.032315 -0.075478
v 0.062521 -0.018361 -0.083721
v 0.055701 -0.018345 -0.099085
v 0.078026 -0.031164 -0.055043
v 0.076975 -0.033210 -0.052309
v 0.074821 0.008458 -0.044383
v 0.074196 0.010689 -0.043051
v 0.075604 0.016093 -0.044244
v 0.076086 0.012495 -0.044658
v 0.087202 0.002823 -0.073924
v 0.090019 0.002019 -0.072700
v 0.076941 0.014766 -0.051032
v 0.081121 0.018287 -0.054136
v 0.078820 0.015820 -0.053175
v 0.076749 0.014436 -0.051504
v 0.075989 0.006038 -0.049399
v 0.076861 0.007386 -0.048978
v 0.075410 0.008309 -0.049211
v 0.074277 0.006893 -0.049334
v 0.074819 0.015624 -0.041000
v 0.076475 0.020644 -0.043772
v 0.066052 -0.025768 -0.056204
v 0.076679 0.007128 -0.046918
v 0.077527 0.009774 -0.046489
v 0.078072 0.008866 -0.048800
v -0.043634 -0.083162 -0.087328
v -0.039069 -0.075203 -0.092651
v -0.037421 -0.088220 -0.097518
v -0.045276 -0.090787 -0.087256
v 0.068328 -0.021899 -0.038117
v 0.068937 -0.020326 -0.040327
v 0.075961 0.013224 -0.051429
v 0.075295 0.012114 -0.051402
v 0.073717 0.008436 -0.051044
v 0.074035 0.005869 -0.052295
v 0.080248 -0.000858 -0.060383
v 0.081840 -0.009414 -0.062322
v 0.065963 -0.018224 -0.070792
v 0.063190 -0.032167 -0.056022
v 0.074242 0.008769 -0.049254
v 0.074041 0.009147 -0.049539
v 0.072972 0.008179 -0.050223
v 0.073220 0.007675 -0.049444
v 0.075881 -0.034593 -0.049776
v 0.079151 0.005631 -0.057223
v 0.075755 0.003878 -0.055412
v 0.076504 0.006154 -0.054105
v 0.087211 -0.007126 -0.068758
v 0.088346 0.001167 -0.069562
v 0.089718 0.001599 -0.070935
v 0.088496 -0.007374 -0.069935
v 0.065487 -0.033883 -0.043946
v 0.070751 -0.001019 -0.055306
v 0.071994 -0.002820 -0.054485
v 0.070948 0.004697 -0.052700
v 0.071827 0.006554 -0.051041
v 0.069249 -0.017311 -0.039927
v 0.086996 0.015347 -0.066490
v 0.087316 0.013393 -0.067933
v 0.085393 0.014176 -0.065174
v 0.085034 0.015445 -0.063573
v 0.084047 0.016784 -0.059748
v 0.084525 0.018236 -0.059359
v 0.086387 0.016931 -0.064377
v 0.074740 0.004534 -0.053894
v 0.075733 0.006652 -0.052813
v 0.073776 -0.022252 -0.049079
v 0.074560 -0.028335 -0.049868
v 0.081678 -0.017351 -0.063762
v 0.081368 -0.016568 -0.060941
v 0.083027 -0.006739 -0.071854
v 0.083074 0.002643 -0.072269
v 0.081594 0.002776 -0.070171
v 0.081784 -0.006140 -0.070544
v 0.076719 -0.002845 -0.066347
v 0.074024 -0.001814 -0.066033
v 0.072504 -0.004631 -0.043897
v 0.071927 -0.000900 -0.041894
v 0.070877 0.004083 -0.053136
v 0.071304 0.005700 -0.050967
v 0.076445 -0.020233 -0.063202
v 0.072242 -0.027584 -0.055941
v 0.076380 -0.022668 -0.061611
v 0.068230 -0.027848 -0.053645
v 0.067903 -0.028910 -0.051426
v 0.070405 -0.029189 -0.053161
v 0.078318 -0.020650 -0.058078
v 0.080074 -0.019475 -0.060790
v 0.068926 -0.004466 -0.050157
v 0.067561 -0.006097 -0.051204
v 0.068540 -0.004943 -0.049559
v 0.082807 -0.001496 -0.061713
v 0.083243 -0.009592 -0.062372
v 0.077081 0.009537 -0.049200
v 0.074586 -0.000586 -0.050768
v 0.075759 0.002865 -0.048444
v 0.080123 0.013050 -0.048850
v 0.078646 0.011268 -0.049456
v 0.078163 0.010390 -0.049251
v 0.079109 0.010866 -0.048566
v 0.061956 -0.014493 -0.049246
v 0.065563 -0.015919 -0.048045
v 0.067023 -0.012657 -0.048008
v 0.083602 0.018624 -0.058178
v 0.083976 0.016540 -0.059325
v 0.080985 0.009772 -0.067619
v 0.075477 0.010835 -0.053793
v 0.076336 0.009142 -0.054541
v 0.078990 0.023960 -0.057627
v 0.078278 0.021749 -0.054643
v 0.078330 0.021762 -0.053644
v 0.078972 0.026171 -0.053171
v 0.067274 -0.031700 -0.048362
v 0.069863 -0.031532 -0.051111
v 0.069646 -0.030217 -0.051547
v 0.067552 -0.030297 -0.049600
v 0.070597 -0.017788 -0.048987
v 0.069632 -0.019014 -0.051593
v 0.083289 -0.016189 -0.066317
v 0.082424 -0.016968 -0.065328
v 0.083914 -0.013110 -0.067357
v 0.085196 -0.011996 -0.068086
v 0.071045 0.002589 -0.056506
v 0.069962 0.001321 -0.057005
v 0.078049 0.015279 -0.057038
v 0.080135 0.017425 -0.058841
v 0.079239 0.020457 -0.054921
v 0.077635 0.018496 -0.054457
v 0.082163 0.010217 -0.070104
v 0.076132 0.007787 -0.054406
v 0.076720 0.008005 -0.055582
v 0.075714 0.008248 -0.053808
v 0.073540 0.005961 -0.049609
v 0.075349 0.004714 -0.049829
v 0.079563 0.013030 -0.050171
v 0.083454 0.016440 -0.053546
v 0.082609 0.016347 -0.053183
v 0.078834 0.013734 -0.050559
v 0.074252 0.010714 -0.050565
v 0.013880 -0.033583 -0.120658
v 0.015594 -0.023176 -0.127667
v -0.039295 0.047841 0.041083
v -0.046531 0.046591 0.035473
v -0.045482 0.040110 0.038568
v -0.038416 0.040669 0.042883
v 0.077492 0.020653 -0.047763
v 0.078899 0.022527 -0.051707
v 0.079611 0.023336 -0.052345
v 0.078010 0.021517 -0.048903
v 0.084984 0.014208 -0.062875
v 0.088425 0.010117 -0.068359
v 0.072832 -0.003868 -0.052625
v 0.069671 -0.007011 -0.052390
v 0.059570 -0.008212 -0.051275
v 0.059929 -0.006960 -0.051489
v 0.060629 -0.007529 -0.052512
v 0.060106 -0.009125 -0.052447
v 0.062231 -0.013341 -0.052528
v 0.064926 -0.014354 -0.051664
v 0.064117 -0.016242 -0.050271
v 0.061238 -0.015650 -0.052140
v 0.058706 -0.011584 -0.051567
v 0.059162 -0.009896 -0.051302
v 0.059957 -0.010880 -0.052523
v 0.059609 -0.012833 -0.052797
v 0.083089 0.018351 -0.055826
v 0.084783 0.018117 -0.057445
v 0.088888 0.009379 -0.067575
v 0.088725 0.007250 -0.068848
v 0.087921 0.014016 -0.065387
v 0.088229 0.012250 -0.066830
v 0.071803 -0.012660 -0.042882
v 0.072915 -0.012512 -0.044771
v 0.072491 -0.014169 -0.044761
v 0.090080 0.012862 -0.067650
v 0.090674 0.014554 -0.068934
v 0.069701 -0.030180 -0.041262
v 0.068602 -0.031424 -0.040604
v 0.044169 -0.100018 -0.025772
v 0.053100 -0.094970 -0.037207
v 0.052329 -0.104468 -0.037434
v 0.043757 -0.109346 -0.026601
v 0.079789 0.015537 -0.047223
v 0.078712 0.018195 -0.046465
v 0.058864 -0.012856 -0.050087
v 0.058820 -0.014136 -0.052001
v 0.061321 -0.015770 -0.050552
v 0.064362 -0.008610 -0.048960
v 0.060135 -0.007897 -0.049651
v 0.062556 -0.011650 -0.052481
v 0.064169 -0.006619 -0.051934
v 0.064610 -0.005450 -0.050506
v 0.066871 -0.019463 -0.047721
v 0.068430 -0.019760 -0.050160
v 0.069871 -0.019860 -0.046796
v 0.059216 -0.014548 -0.052680
v 0.070896 0.003702 -0.054191
v 0.065857 -0.010605 -0.052230
v 0.069041 -0.013102 -0.053993
v 0.068446 -0.015151 -0.053309
v 0.065507 -0.012516 -0.052185
v 0.076962 -0.023510 -0.055914
v 0.077242 -0.021597 -0.055873
v 0.071970 -0.017290 -0.055800
v 0.074716 -0.017289 -0.054140
v 0.072425 -0.000978 -0.053083
v 0.073961 0.002173 -0.051301
v 0.069265 -0.004282 -0.049877
v 0.066720 -0.008399 -0.052010
v 0.069186 -0.010614 -0.053890
v 0.064630 -0.007134 -0.049207
v 0.068518 -0.007194 -0.048708
v 0.068368 -0.006139 -0.048972
v 0.064606 -0.006143 -0.049499
v 0.079201 0.009129 -0.055712
v 0.077390 0.015790 -0.045484
v 0.078756 0.012692 -0.046630
v 0.079564 0.028516 -0.069345
v 0.077225 0.020073 -0.074609
v 0.078195 0.020621 -0.061827
v 0.062561 -0.009751 -0.052249
v 0.060849 -0.005930 -0.051048
v 0.061022 -0.006074 -0.049749
v 0.082245 -0.020234 -0.063826
v 0.070660 -0.020112 -0.046678
v 0.072072 0.004070 -0.050713
v 0.082072 -0.011972 -0.070522
v 0.080624 -0.017107 -0.068574
v 0.071217 0.005305 -0.051032
v 0.072183 0.006534 -0.049846
v 0.069100 -0.019467 -0.050984
v 0.070313 -0.018798 -0.047989
v 0.072540 0.006999 -0.049738
v 0.072416 -0.013113 -0.046182
v 0.084021 0.008779 -0.061502
v 0.073380 -0.031291 -0.056408
v 0.071763 -0.032578 -0.053301
v 0.060571 -0.006869 -0.049786
v 0.063959 -0.016358 -0.049510
v 0.063749 -0.008025 -0.052479
v 0.070840 -0.009302 -0.047687
v 0.070306 -0.011458 -0.047382
v 0.072995 -0.010905 -0.046364
v 0.076117 -0.017074 -0.055999
v 0.072660 -0.016026 -0.058250
v 0.073769 -0.015375 -0.060672
v 0.077797 -0.016580 -0.057925
v 0.079112 -0.021881 -0.066093
v 0.077451 -0.026122 -0.062625
v 0.079727 -0.027793 -0.062276
v 0.081708 -0.023489 -0.066179
v 0.080871 0.044386 -0.077293
v 0.080441 0.034299 -0.062299
v 0.081759 0.051035 -0.065769
v 0.081820 0.018465 -0.064698
v 0.081901 0.016080 -0.066549
v 0.086841 0.016858 -0.069654
v 0.077931 0.023984 -0.048258
v 0.078503 0.021420 -0.052214
v 0.077674 0.022401 -0.050793
v 0.086566 -0.007245 -0.072768
v 0.074137 0.004480 -0.044714
v 0.076225 0.004955 -0.047485
v 0.075495 -0.018982 -0.063983
v 0.077381 -0.018223 -0.056221
v 0.079422 -0.017797 -0.058461
v 0.087694 0.019058 -0.057797
v 0.084972 0.017187 -0.055335
v 0.010282 -0.110801 -0.000322
v 0.010265 -0.116983 -0.004801
v 0.009277 -0.008047 0.056777
v 0.010809 -0.008418 0.055432
v 0.009750 -0.006510 0.054369
v 0.008976 -0.006388 0.054994
v 0.009719 -0.017222 0.055889
v 0.009085 -0.015618 0.054706
v 0.009957 -0.015913 0.053972
v 0.010721 -0.017218 0.054966
v 0.006455 -0.006648 0.054086
v 0.004877 -0.009530 0.056996
v 0.006412 -0.008063 0.058386
v 0.007664 -0.005906 0.054884
v 0.087275 0.022469 -0.058726
v 0.012782 -0.017421 0.055322
v 0.011823 -0.015858 0.054109
v 0.012831 -0.015038 0.055746
v 0.014178 -0.016288 0.056793
v 0.005813 -0.016000 0.063275
v 0.006885 -0.013870 0.063355
v 0.005702 -0.014976 0.061134
v 0.005749 -0.016784 0.060879
v 0.008519 -0.013253 0.062748
v 0.010259 -0.013767 0.064360
v 0.011977 -0.013974 0.062886
v 0.009951 -0.013411 0.061249
v 0.005469 -0.013018 0.056301
v 0.006586 -0.014797 0.057626
v 0.004752 -0.012893 0.059830
v 0.012989 -0.013089 0.053957
v 0.011332 -0.014245 0.052720
v 0.010616 -0.010454 0.051689
v 0.012016 -0.009469 0.052670
v 0.048049 -0.084491 -0.024347
v 0.055051 -0.081864 -0.037928
v 0.034817 0.004157 0.036353
v 0.034131 0.001351 0.037421
v 0.029995 0.002511 0.038003
v 0.030898 0.004975 0.037083
v 0.073702 -0.008519 -0.045391
v 0.073147 -0.007685 -0.044109
v 0.081911 0.013238 -0.068349
v 0.087678 0.015773 -0.062508
v 0.081749 0.020378 -0.062429
v 0.080594 0.022779 -0.057648
v 0.079708 0.021488 -0.056291
v 0.080758 0.018698 -0.060492
v 0.089704 0.016220 -0.063655
v 0.071474 -0.021667 -0.046740
v 0.081118 0.004961 -0.059062
v 0.080108 0.023374 -0.055045
v 0.083350 0.024741 -0.056007
v 0.086786 -0.007164 -0.068807
v 0.090017 0.014593 -0.065724
v 0.088183 0.013147 -0.064441
v 0.081433 0.015234 -0.049397
v 0.074938 -0.013427 -0.063201
v 0.081275 -0.013242 -0.061507
v 0.079665 -0.015623 -0.059772
v -0.091075 0.012986 -0.069943
v -0.090846 0.010333 -0.071297
v -0.090806 0.009004 -0.069550
v -0.090896 0.011381 -0.068679
v -0.087101 -0.005537 -0.068142
v -0.087479 0.001932 -0.069823
v -0.088741 0.004416 -0.070296
v -0.088538 0.002380 -0.069819
v 0.074007 -0.014961 -0.062213
v 0.070015 0.000288 -0.056597
v 0.069123 -0.016409 -0.037432
v 0.076308 -0.028149 -0.053366
v -0.086110 -0.015939 -0.065341
v -0.085411 -0.015196 -0.064751
v -0.087164 -0.010689 -0.066487
v -0.087852 -0.011100 -0.067325
v 0.077196 -0.027153 -0.055824
v 0.029962 -0.032971 -0.115018
v 0.033383 -0.021689 -0.121253
v 0.088664 -0.007443 -0.071758
v 0.082508 0.017504 -0.056455
v 0.072920 -0.022204 -0.048263
v 0.072220 -0.027959 -0.047310
v 0.070977 -0.027446 -0.045356
v 0.076692 0.008347 -0.055029
v 0.074888 -0.017906 -0.064350
v 0.075175 -0.015510 -0.065158
v 0.060988 -0.006683 -0.052261
v 0.076685 -0.024256 -0.061952
v 0.072889 -0.029488 -0.056244
v 0.058295 -0.078375 -0.051380
v 0.054884 -0.075542 -0.066217
v -0.072063 -0.034801 -0.042312
v -0.074557 -0.033153 -0.044225
v -0.075058 -0.034973 -0.045412
v -0.070640 -0.036054 -0.043743
v 0.055365 -0.086922 -0.064679
v 0.057334 -0.090688 -0.050454
v 0.070987 -0.002306 -0.038041
v 0.070989 -0.009862 -0.040896
v 0.070163 -0.010784 -0.039077
v 0.024066 -0.102569 -0.004291
v 0.020888 -0.113267 -0.009210
v 0.070098 -0.015719 -0.032844
v 0.070225 -0.016268 -0.022046
v 0.072218 -0.000328 -0.021707
v 0.071219 -0.005909 -0.032058
v 0.060755 0.030524 0.015614
v 0.062361 0.031711 0.011349
v 0.062696 0.021761 0.010726
v 0.060613 0.022594 0.014584
v 0.020153 0.091861 0.035762
v 0.009843 0.092541 0.038161
v 0.009899 0.100454 0.032137
v 0.020447 0.099446 0.029377
v 0.035370 -0.013326 -0.125275
v 0.037290 -0.002607 -0.129642
v 0.017714 -0.005574 -0.136744
v 0.016613 -0.015502 -0.131903
v 0.020621 0.117384 0.007132
v 0.009894 0.119012 0.009917
v 0.010019 0.124175 -0.000076
v -0.067817 -0.034656 -0.044419
v -0.072007 -0.035564 -0.048591
v -0.071151 -0.032503 -0.049555
v -0.067950 -0.032348 -0.046086
v 0.020923 0.122236 -0.002498
v 0.053486 0.001748 0.027163
v 0.055735 -0.004148 0.027433
v 0.051815 -0.004739 0.031039
v 0.050077 0.001248 0.030021
v 0.072066 -0.032415 -0.044382
v 0.071111 -0.031509 -0.043156
v -0.087467 0.023411 -0.054369
v -0.087517 0.020142 -0.054287
v -0.085682 0.019670 -0.051863
v -0.085838 0.023029 -0.051518
v -0.073607 -0.010281 -0.064176
v -0.071409 -0.016805 -0.062132
v -0.077179 -0.011773 -0.064883
v -0.077684 -0.008965 -0.065236
v 0.010210 0.128546 -0.011780
v 0.021363 0.126385 -0.013785
v 0.012938 0.011151 0.043430
v -0.085095 0.012322 -0.062288
v -0.086120 0.013336 -0.065945
v -0.086298 0.011238 -0.067184
v -0.085469 0.009695 -0.064527
v -0.087352 0.014956 -0.070656
v -0.087365 0.011982 -0.072178
v -0.070930 -0.026119 -0.040018
v -0.070366 -0.022464 -0.039124
v -0.070964 -0.020893 -0.040449
v -0.071183 -0.021985 -0.041789
v -0.071618 -0.009034 -0.055298
v -0.073312 -0.004958 -0.053609
v -0.081867 -0.026226 -0.060241
v -0.081934 -0.024376 -0.059370
v -0.083889 -0.020348 -0.062818
v -0.083969 -0.021640 -0.063778
v 0.013459 0.013098 0.040805
v 0.017016 0.009879 0.039360
v 0.016537 0.007882 0.041423
v 0.007784 0.062110 0.048487
v 0.008713 0.070836 0.046829
v 0.017850 0.070947 0.045199
v 0.016330 0.062194 0.047260
v 0.021398 0.007223 0.038179
v 0.020700 0.005305 0.039609
v 0.009865 0.107326 0.025418
v 0.020544 0.106139 0.022478
v 0.020676 0.132149 -0.063850
v -0.079611 -0.021562 -0.057222
v -0.081755 -0.019120 -0.060854
v -0.082916 -0.018503 -0.062544
v -0.081596 -0.020598 -0.060562
v 0.021243 0.132566 -0.055380
v 0.009809 0.135278 -0.055737
v -0.088318 0.015664 -0.061219
v -0.086275 0.017771 -0.056769
v -0.086711 0.017764 -0.057139
v -0.088399 0.015446 -0.062243
v 0.010799 0.134202 -0.068307
v 0.068531 0.000352 -0.090921
v 0.071681 -0.001089 -0.076227
v 0.074892 0.011141 -0.077206
v 0.072906 0.017121 -0.093154
v 0.034920 -0.095970 -0.012719
v 0.032481 -0.107229 -0.016590
v -0.080007 0.003372 -0.064583
v -0.078815 0.008657 -0.062578
v -0.077885 0.007996 -0.062420
v -0.079053 0.003360 -0.064161
v -0.088283 0.012130 -0.068711
v -0.088496 0.009427 -0.069772
v -0.086722 0.008643 -0.068734
v -0.075567 0.010307 -0.050918
v -0.075845 0.010936 -0.051617
v -0.076433 0.009332 -0.052023
v -0.075881 0.008269 -0.050791
v -0.074576 -0.036237 -0.048756
v -0.068402 -0.024922 -0.055823
v -0.070102 -0.024159 -0.057321
v -0.072792 -0.020345 -0.060482
v -0.071790 -0.019193 -0.060476
v 0.053681 0.054401 0.024263
v 0.055603 0.060502 0.020225
v 0.059054 0.052815 0.016267
v 0.056989 0.047696 0.020635
v 0.006378 0.048314 0.050727
v 0.013941 0.048249 0.050235
v 0.012125 0.041627 0.050248
v 0.005789 0.041560 0.050769
v -0.068214 -0.033001 -0.040327
v -0.071014 -0.032894 -0.039993
v -0.071760 -0.034234 -0.041236
v -0.068758 -0.034533 -0.041641
v 0.060111 0.014974 0.014681
v 0.062881 0.012354 0.011827
v 0.061930 0.003950 0.016440
v 0.058722 0.007713 0.018271
v 0.056005 0.002937 0.024105
v -0.078741 0.014345 -0.051782
v -0.081064 0.013813 -0.054221
v -0.079470 0.012782 -0.053341
v -0.077753 0.013092 -0.051496
v 0.058581 -0.002613 0.023716
v -0.086354 0.000172 -0.068264
v -0.085476 0.006965 -0.066396
v 0.019213 0.081424 0.041686
v 0.009364 0.081750 0.043600
v 0.061233 0.042743 0.013071
v 0.059401 0.039377 0.017652
v 0.010306 0.014382 0.046085
v 0.011024 0.015873 0.042688
v 0.008337 0.020654 0.045559
v -0.085050 -0.008900 -0.062904
v -0.085561 -0.008936 -0.065877
v -0.084316 -0.012884 -0.064650
v -0.084247 -0.012831 -0.061675
v 0.005139 0.019834 0.050878
v 0.005079 0.023707 0.049827
v 0.008091 0.023551 0.046413
v 0.034233 0.062280 0.040156
v 0.035956 0.070383 0.037396
v 0.043482 0.069196 0.031654
v 0.041815 0.061583 0.034824
v 0.020575 0.111998 0.015266
v -0.085132 -0.000829 -0.062919
v -0.085803 -0.000839 -0.066269
v 0.009848 0.113395 0.018187
v 0.005075 0.033116 0.049492
v 0.009481 0.033123 0.048121
v 0.008379 0.029632 0.047070
v -0.088894 0.008195 -0.068222
v -0.088741 0.002067 -0.068513
v -0.088864 0.008634 -0.068878
v -0.077182 0.012174 -0.059591
v -0.077236 0.015236 -0.063159
v -0.076325 0.008516 -0.065019
v -0.077283 0.009549 -0.061240
v 0.005109 0.029711 0.049112
v 0.025122 0.003710 0.038679
v 0.025948 0.005903 0.037664
v 0.065402 -0.031322 -0.046401
v 0.066007 -0.032503 -0.046378
v 0.074073 0.015231 -0.034052
v 0.072474 0.004590 -0.032594
v 0.072978 0.012989 -0.022203
v 0.073498 0.026106 -0.024056
v 0.075725 0.038489 -0.027239
v 0.076998 0.047578 -0.032039
v 0.077541 0.031211 -0.039966
v 0.076003 0.024465 -0.036061
v 0.049846 -0.084206 -0.077249
v 0.047739 -0.074031 -0.080228
v 0.005068 0.016679 0.052964
v 0.005016 0.013834 0.055213
v 0.019999 0.037296 -0.147194
v -0.071596 -0.016849 -0.041001
v -0.072988 -0.014749 -0.042219
v -0.072014 -0.016979 -0.043607
v -0.071394 -0.019067 -0.043289
v 0.019426 0.023413 -0.145639
v 0.039846 0.027540 -0.137137
v 0.040212 0.040794 -0.138279
v 0.065089 -0.010540 -0.087440
v -0.073345 -0.022217 -0.059287
v -0.070759 -0.025169 -0.056702
v -0.071195 -0.025524 -0.056102
v -0.073939 -0.023945 -0.057814
v 0.068782 -0.010205 -0.073972
v 0.011481 -0.011413 0.057483
v 0.008264 -0.007155 0.052587
v 0.008326 -0.010822 0.051721
v 0.007976 -0.008240 0.052677
v 0.011523 -0.013859 0.059187
v 0.013619 -0.014563 0.060409
v 0.009220 -0.014363 0.052623
v 0.008550 -0.014127 0.052997
v 0.007776 -0.010498 0.051885
v 0.009570 -0.006571 0.053250
v 0.002841 -0.017190 0.065576
v 0.003429 -0.015614 0.068333
v 0.007230 -0.014586 0.067121
v 0.005822 -0.016152 0.065186
v 0.006050 -0.007954 0.053854
v 0.005110 -0.009969 0.054604
v 0.006114 -0.011544 0.061803
v 0.007882 -0.007960 0.057808
v 0.008337 -0.006035 0.054972
v 0.007808 -0.010919 0.060997
v 0.006923 -0.016922 0.058366
v 0.009581 -0.010900 0.059418
v -0.083030 0.015247 -0.056640
v -0.082925 0.009799 -0.057217
v -0.081659 0.009653 -0.055506
v -0.076289 -0.020292 -0.049086
v -0.077017 -0.019010 -0.050946
v -0.077900 -0.022049 -0.052832
v -0.077019 -0.024126 -0.051286
v 0.076169 -0.018863 -0.054202
v 0.058148 -0.065094 -0.032358
v 0.061706 -0.050216 -0.040017
v 0.060370 -0.050419 -0.045502
v -0.078186 -0.032622 -0.054351
v -0.075986 -0.032778 -0.054892
v -0.074085 -0.034742 -0.051660
v -0.076430 -0.035155 -0.051458
v -0.071201 -0.020258 -0.042417
v -0.071202 -0.019474 -0.040703
v -0.081804 0.003548 -0.066560
v -0.080713 0.009892 -0.064477
v 0.058094 -0.065910 -0.041547
v 0.079293 0.007525 -0.056583
v 0.067647 0.059828 -0.001888
v 0.069120 0.072419 -0.010707
v 0.074414 0.060027 -0.022723
v -0.084492 0.008110 -0.062364
v -0.084824 0.005740 -0.063904
v 0.073865 0.048665 -0.018010
v 0.069502 0.082610 -0.018561
v 0.074815 0.071528 -0.029590
v 0.078037 0.058797 -0.039585
v 0.079823 0.037755 -0.053786
v 0.041848 0.017818 0.032103
v 0.042116 0.017453 0.032109
v 0.040628 0.017068 0.033281
v -0.074575 -0.004509 -0.046726
v -0.072023 -0.003902 -0.047798
v -0.071805 -0.004590 -0.048046
v -0.074894 -0.006073 -0.046656
v 0.040434 0.017487 0.033333
v 0.041465 0.018077 0.031769
v 0.040218 0.017719 0.032725
v -0.074958 -0.004319 -0.045223
v -0.075313 -0.005822 -0.045166
v -0.075017 -0.006135 -0.043662
v -0.074681 -0.005231 -0.043554
v 0.042530 0.018458 0.030960
v 0.042934 0.018159 0.031265
v 0.043121 0.017769 0.031255
v 0.025368 0.018303 0.035300
v 0.025740 0.018475 0.034567
v 0.028085 0.017947 0.035631
v 0.027958 0.017772 0.036422
v 0.025249 0.017922 0.035643
v 0.028216 0.017253 0.036557
v -0.071341 -0.003624 -0.048715
v -0.071445 -0.003880 -0.048245
v -0.071966 -0.003448 -0.048582
v -0.075718 -0.000924 -0.059807
v -0.076830 -0.008705 -0.062084
v -0.074978 -0.008722 -0.060617
v -0.072476 -0.001288 -0.058970
v 0.024404 0.019658 0.029256
v 0.024174 0.020299 0.029223
v -0.086164 -0.007806 -0.067430
v 0.025417 0.018750 0.029568
v 0.023246 0.020552 0.031759
v 0.023059 0.021822 0.031639
v -0.082299 0.019192 -0.047380
v -0.080828 0.021174 -0.046905
v -0.083332 0.024823 -0.051664
v 0.023711 0.022183 0.029056
v 0.023929 0.020891 0.029141
v 0.023499 0.019956 0.032018
v -0.072603 -0.017649 -0.053000
v -0.074760 -0.016835 -0.050086
v -0.072986 -0.016853 -0.048535
v -0.071637 -0.018176 -0.051424
v -0.071107 -0.012780 -0.046327
v -0.069114 -0.016156 -0.045408
v -0.073507 -0.014321 -0.045106
v -0.075168 0.001420 -0.044675
v -0.073494 -0.002400 -0.047911
v -0.074337 -0.003355 -0.046376
v -0.074711 -0.003040 -0.044877
v -0.086026 -0.016685 -0.066494
v -0.087741 -0.011636 -0.068726
v -0.086134 -0.011764 -0.070012
v -0.084399 -0.017111 -0.067846
v 0.021896 0.019689 0.032608
v 0.021567 0.020177 0.032419
v -0.068786 -0.029538 -0.038789
v -0.066572 -0.032224 -0.041342
v -0.069050 -0.026576 -0.037485
v -0.091071 0.019801 -0.064090
v -0.087245 0.022421 -0.064393
v -0.087345 0.020318 -0.066861
v -0.091180 0.017729 -0.066376
v -0.071728 0.002810 -0.053714
v -0.072029 0.000644 -0.053383
v -0.072466 0.002257 -0.051793
v -0.072263 0.004145 -0.051821
v 0.021592 0.021404 0.032394
v 0.032862 0.016196 0.036608
v 0.033213 0.015494 0.036324
v 0.028743 0.015946 0.036455
v 0.028547 0.016637 0.036553
v 0.032553 0.016793 0.036763
v 0.035809 0.016779 0.036078
v 0.036154 0.016191 0.035773
v 0.036442 0.015528 0.035411
v -0.051496 -0.032110 -0.092889
v -0.059555 -0.032396 -0.074283
v -0.063479 -0.018508 -0.082713
v -0.056555 -0.018504 -0.098302
v -0.079248 -0.030126 -0.053922
v -0.078336 -0.032323 -0.051250
v -0.076204 0.009203 -0.043438
v -0.075503 0.011376 -0.041899
v -0.076894 0.016860 -0.042977
v -0.077313 0.013280 -0.043599
v 0.025371 0.016808 0.035817
v 0.025290 0.017430 0.035760
v 0.036692 0.014771 0.035036
v 0.033481 0.014686 0.035947
v -0.087617 0.003685 -0.073244
v -0.090309 0.002971 -0.071780
v 0.028932 0.015086 0.036253
v 0.025311 0.016173 0.035886
v 0.022181 0.017489 0.035160
v 0.022572 0.017959 0.035035
v 0.033678 0.013820 0.035704
v 0.033624 0.012885 0.035651
v 0.028883 0.013244 0.036150
v 0.028964 0.014139 0.036107
v -0.078085 0.015043 -0.050145
v -0.081940 0.018666 -0.053441
v -0.079773 0.016109 -0.052333
v -0.077913 0.014677 -0.050552
v -0.077366 0.006839 -0.048533
v -0.078170 0.008140 -0.048022
v -0.076727 0.009027 -0.048199
v -0.075718 0.007620 -0.048378
v 0.036839 0.013914 0.034721
v 0.036799 0.012924 0.034669
v -0.075848 0.016172 -0.039821
v -0.077459 0.021205 -0.042588
v 0.044839 0.017841 0.029562
v 0.045418 0.018317 0.028862
v 0.045558 0.017528 0.028759
v -0.067217 -0.025565 -0.054842
v 0.045258 0.017066 0.029134
v 0.048086 0.014053 0.025784
v 0.049008 0.015395 0.025066
v 0.050895 0.014036 0.023642
v -0.077999 0.007982 -0.046011
v -0.078789 0.010581 -0.045534
v -0.079259 0.009678 -0.047860
v -0.070195 -0.021580 -0.036823
v -0.070755 -0.019848 -0.039013
v -0.077167 0.013461 -0.050422
v -0.076565 0.012374 -0.050413
v -0.075006 0.009027 -0.050063
v -0.075461 0.006675 -0.051172
v 0.049667 0.012675 0.024769
v -0.081642 0.000249 -0.058753
v -0.083082 -0.008168 -0.060537
v 0.057728 0.004781 0.021086
v 0.051457 0.010180 0.024135
v 0.052745 0.011667 0.022192
v 0.044151 0.017465 0.030277
v 0.043324 0.017208 0.031090
v 0.043968 0.018090 0.030446
v 0.044634 0.018474 0.029748
v 0.044625 0.016735 0.029855
v 0.043703 0.016482 0.030796
v 0.042366 0.016915 0.031949
v 0.042711 0.016169 0.031702
v 0.041166 0.015800 0.032870
v 0.040890 0.016503 0.033063
v 0.038729 0.016290 0.034416
v -0.067094 -0.018275 -0.069540
v -0.064176 -0.032099 -0.054628
v 0.038461 0.016850 0.034688
v 0.039015 0.015592 0.034121
v 0.041445 0.015037 0.032690
v 0.039362 0.014848 0.033848
v 0.043115 0.015374 0.031340
v 0.044219 0.015708 0.030291
v 0.045083 0.016051 0.029308
v 0.045750 0.016423 0.028565
v 0.046162 0.017070 0.028061
v 0.045624 0.015214 0.028511
v 0.046192 0.014351 0.027749
v 0.044970 0.013908 0.029063
v 0.044659 0.014851 0.029643
v 0.046444 0.015708 0.027625
v 0.047152 0.014945 0.026697
v -0.075527 0.009419 -0.048191
v -0.075268 0.009722 -0.048488
v -0.074363 0.008787 -0.049181
v -0.074674 0.008338 -0.048421
v 0.043422 0.014576 0.030938
v 0.043602 0.013686 0.030465
v 0.041703 0.013375 0.032063
v 0.041613 0.014331 0.032471
v -0.077386 -0.033875 -0.048726
v -0.080381 0.006408 -0.055845
v -0.077365 0.004741 -0.053965
v -0.078088 0.006824 -0.052746
v 0.039612 0.014067 0.033578
v 0.039684 0.013092 0.033285
v -0.087988 -0.006016 -0.067407
v -0.089281 0.002128 -0.068395
v -0.090429 0.002556 -0.069993
v -0.089015 -0.006228 -0.068701
v 0.032368 0.017270 0.036706
v 0.032220 0.017530 0.036068
v 0.035419 0.017505 0.035457
v 0.035568 0.017223 0.036115
v 0.038189 0.017279 0.034689
v -0.066750 -0.033134 -0.042476
v -0.071958 -0.000145 -0.054273
v -0.073208 -0.002016 -0.053578
v 0.038121 0.017567 0.034032
v 0.035489 0.016313 0.032990
v 0.034624 0.016847 0.029048
v 0.037482 0.016869 0.028249
v 0.038721 0.016486 0.031854
v -0.072556 0.005617 -0.051582
v -0.073361 0.007280 -0.050033
v 0.031761 0.016166 0.033484
v 0.031324 0.017211 0.029587
v 0.028112 0.016743 0.033614
v -0.071093 -0.016877 -0.038776
v 0.028057 0.017918 0.029703
v 0.025629 0.018298 0.033228
v 0.034578 0.029025 0.035833
v 0.034816 0.029003 0.036591
v 0.039588 0.028334 0.036008
v 0.039123 0.028272 0.035152
v 0.050517 0.000579 -0.119606
v 0.051969 0.015812 -0.124822
v 0.039132 0.011370 -0.134093
v 0.041953 0.026846 0.033893
v 0.042063 0.027205 0.033924
v 0.044380 0.026020 0.032618
v 0.044088 0.025613 0.032573
v 0.041802 0.026309 0.033826
v -0.087754 0.016118 -0.065806
v -0.087993 0.014251 -0.067303
v -0.086079 0.014847 -0.064447
v -0.085724 0.016067 -0.062861
v -0.084860 0.017320 -0.059026
v -0.085407 0.018909 -0.058635
v -0.087137 0.017628 -0.063686
v -0.076205 0.005425 -0.052675
v -0.077254 0.007280 -0.051593
v 0.043794 0.025009 0.032294
v 0.038805 0.027508 0.035233
v -0.075389 -0.021522 -0.047645
v -0.076037 -0.027545 -0.048640
v -0.082856 -0.016268 -0.062351
v -0.082610 -0.015443 -0.059459
v -0.083625 -0.005861 -0.070691
v -0.083744 0.003357 -0.071333
v -0.082468 0.003350 -0.068948
v -0.082509 -0.005394 -0.069260
v 0.038950 0.027985 0.035355
v 0.039014 0.028176 0.035156
v 0.043874 0.023554 0.027279
v 0.042952 0.025183 0.028002
v -0.077909 -0.003074 -0.064881
v -0.075212 -0.002119 -0.064855
v -0.074307 -0.004134 -0.042994
v -0.073745 -0.000391 -0.040845
v -0.072529 0.005018 -0.052114
v -0.073015 0.006489 -0.050001
v -0.077629 -0.019612 -0.061774
v -0.073342 -0.026849 -0.054678
v -0.077486 -0.021887 -0.060230
v -0.069356 -0.027334 -0.052449
v -0.068974 -0.028243 -0.050253
v -0.071478 -0.028463 -0.051989
v 0.042827 0.024005 0.030625
v 0.043566 0.022865 0.029585
v 0.044336 0.022740 0.026610
v 0.044014 0.022024 0.028703
v 0.043857 0.023124 0.023281
v 0.043073 0.023967 0.023930
v 0.041878 0.025010 0.024874
v -0.079769 -0.019648 -0.056473
v -0.081414 -0.018441 -0.059261
v 0.044316 0.022346 0.022941
v -0.070512 -0.003883 -0.049415
v -0.068856 -0.005359 -0.050513
v -0.070158 -0.004394 -0.048803
v -0.083964 -0.000439 -0.060414
v -0.084466 -0.008479 -0.061084
v -0.078265 0.010277 -0.048220
v 0.044607 0.021551 0.022872
v -0.076057 0.000237 -0.049943
v -0.077171 0.003737 -0.047652
v -0.081096 0.013865 -0.047976
v -0.079687 0.012031 -0.048524
v -0.079231 0.011164 -0.048325
v -0.080163 0.011672 -0.047686
v -0.063661 -0.013520 -0.048318
v -0.067180 -0.015065 -0.047136
v -0.068649 -0.011884 -0.047134
v 0.044557 0.020645 0.022925
v 0.044272 0.019846 0.023280
v 0.061072 -0.010893 0.021373
v 0.060564 -0.000011 0.020162
v -0.084250 0.019225 -0.057539
v -0.084526 0.017088 -0.058643
v -0.081697 0.010374 -0.066517
v 0.063450 -0.007775 0.017213
v 0.043687 0.018547 0.030483
v -0.076796 0.011165 -0.052756
v -0.077584 0.009543 -0.053496
v 0.044360 0.018981 0.029737
v -0.079537 0.024161 -0.056856
v -0.078953 0.022097 -0.053819
v -0.079019 0.022179 -0.052747
v -0.079601 0.026474 -0.052316
v 0.043184 0.018887 0.030269
v -0.068347 -0.030845 -0.047114
v -0.070917 -0.030725 -0.050018
v -0.070711 -0.029471 -0.050408
v -0.068575 -0.029491 -0.048342
v -0.072324 -0.017066 -0.047826
v -0.071357 -0.018392 -0.050478
v 0.043591 0.019219 0.029687
v -0.084460 -0.015078 -0.064870
v -0.083656 -0.015874 -0.063876
v -0.085072 -0.011973 -0.066007
v -0.086174 -0.010867 -0.066724
v 0.044847 0.019463 0.028942
v 0.045316 0.018952 0.028942
v 0.042087 0.017173 0.029579
v 0.041729 0.017539 0.026379
v 0.042849 0.018051 0.025449
v -0.072546 0.003563 -0.055307
v -0.071673 0.002390 -0.055843
v -0.078877 0.015877 -0.056050
v -0.080888 0.018147 -0.057881
v -0.080043 0.021091 -0.053943
v -0.078553 0.019020 -0.053435
v -0.082825 0.010888 -0.069118
v 0.043026 0.018030 0.028392
v 0.040926 0.016654 0.030607
v 0.039946 0.017110 0.027335
v 0.043406 0.018583 0.024640
v 0.043941 0.019184 0.023843
v -0.077576 0.008349 -0.053191
v -0.078121 0.008575 -0.054308
v 0.043582 0.018531 0.027729
v -0.077072 0.008732 -0.052700
v 0.044041 0.019070 0.026888
v 0.043995 0.019679 0.028958
v -0.075073 0.006723 -0.048719
v -0.076774 0.005534 -0.049047
v -0.080410 0.013848 -0.049279
v -0.084152 0.017273 -0.052848
v -0.083367 0.017107 -0.052400
v -0.079794 0.014422 -0.049663
v 0.044608 0.020452 0.026092
v 0.044681 0.021131 0.026069
v 0.044334 0.020084 0.028246
v -0.075448 0.011197 -0.049588
v 0.044694 0.020655 0.027520
v 0.044402 0.019839 0.026276
v -0.014479 -0.033614 -0.120511
v -0.016243 -0.023213 -0.127510
v 0.044595 0.021960 0.026220
v 0.044410 0.021292 0.027958
v 0.045839 0.018268 0.028377
v 0.045782 0.019354 0.028287
v 0.046683 0.020264 0.027434
v 0.046450 0.018039 0.027697
v -0.078634 0.021397 -0.046609
v -0.079870 0.023214 -0.050583
v -0.080635 0.024111 -0.051262
v -0.079111 0.022291 -0.047779
v -0.085373 0.014886 -0.062238
v 0.047458 0.017834 0.026751
v 0.047004 0.016501 0.027017
v 0.047985 0.020564 0.026893
v 0.049299 0.020744 0.026488
v -0.088996 0.011050 -0.067717
v -0.074199 -0.003111 -0.051847
v -0.070724 -0.006200 -0.051751
v 0.048579 0.017648 0.025884
v 0.047850 0.016080 0.026104
v 0.045305 0.019852 0.028326
v -0.061043 -0.007293 -0.050283
v -0.061381 -0.006129 -0.050508
v -0.062095 -0.006636 -0.051533
v -0.061605 -0.008165 -0.051488
v 0.045626 0.020427 0.027755
v 0.047445 0.021951 0.027991
v -0.063898 -0.012222 -0.051802
v -0.066508 -0.013433 -0.050887
v -0.065705 -0.015336 -0.049427
v -0.062983 -0.014561 -0.051264
v 0.048372 0.022534 0.027912
v 0.046232 0.021467 0.028307
v 0.045730 0.022510 0.029501
v 0.046746 0.023146 0.029582
v -0.060285 -0.010458 -0.050649
v -0.060677 -0.008875 -0.050323
v -0.061494 -0.009800 -0.051657
v -0.061358 -0.011673 -0.051957
v 0.047407 0.023722 0.029677
v 0.045681 0.024313 0.031072
v -0.083823 0.018880 -0.055146
v -0.085511 0.018864 -0.056810
v 0.046197 0.024813 0.031159
v 0.044948 0.023717 0.030817
v 0.045204 0.021322 0.028381
v -0.089458 0.010449 -0.067204
v -0.089427 0.008233 -0.068140
v -0.088642 0.014830 -0.064709
v -0.088793 0.013141 -0.066194
v 0.044757 0.022150 0.029218
v 0.044137 0.023153 0.030303
v 0.043298 0.024268 0.031497
v -0.073544 -0.012130 -0.041994
v -0.074584 -0.011924 -0.043952
v -0.074154 -0.013582 -0.043937
v -0.090501 0.013821 -0.067245
v -0.091121 0.015395 -0.068322
v -0.071328 -0.029454 -0.039748
v -0.070185 -0.030760 -0.038944
v -0.042880 -0.100456 -0.024846
v -0.052034 -0.095467 -0.035861
v -0.051466 -0.105280 -0.036157
v -0.042783 -0.109998 -0.025572
v -0.080861 0.016372 -0.046335
v -0.079931 0.019001 -0.045390
v 0.041606 0.025767 0.033253
v 0.041290 0.025494 0.032442
v 0.038666 0.026941 0.034732
v -0.060618 -0.011827 -0.049121
v -0.060679 -0.013012 -0.051124
v -0.063141 -0.014643 -0.049682
v -0.066000 -0.007928 -0.048075
v -0.061787 -0.007168 -0.048635
v 0.038537 0.026689 0.034022
v 0.035333 0.029615 0.038011
v 0.040738 0.029254 0.037318
v 0.038454 0.027887 0.031009
v 0.036759 0.026739 0.027891
v 0.034186 0.027070 0.029210
v 0.035014 0.028572 0.032679
v -0.064000 -0.010616 -0.051751
v 0.023189 0.022668 0.031759
v 0.023591 0.023979 0.032187
v -0.065553 -0.005822 -0.051118
v -0.066249 -0.004835 -0.049667
v -0.068388 -0.018668 -0.046566
v -0.069952 -0.019008 -0.049059
v -0.071487 -0.019070 -0.045595
v -0.061038 -0.013332 -0.051797
v -0.072381 0.004691 -0.053060
v 0.024131 0.024386 0.029480
v 0.023605 0.023101 0.029084
v 0.022334 0.022286 0.032723
v 0.023419 0.023629 0.033242
v -0.067078 -0.009711 -0.051637
v -0.070304 -0.012392 -0.053438
v -0.069840 -0.014439 -0.052595
v -0.066826 -0.011566 -0.051558
v -0.078306 -0.022484 -0.054401
v -0.078650 -0.020626 -0.054322
v -0.073818 -0.016798 -0.054631
v -0.076542 -0.016707 -0.052818
v -0.073862 -0.000197 -0.052178
v -0.075431 0.002988 -0.050506
v -0.070789 -0.003696 -0.049119
v -0.067976 -0.007594 -0.051370
v -0.070232 -0.009811 -0.053321
v -0.066280 -0.006516 -0.048374
v -0.070168 -0.006606 -0.047968
v -0.070028 -0.005566 -0.048214
v -0.066252 -0.005554 -0.048668
v -0.080273 0.009548 -0.054656
v -0.078510 0.016656 -0.044444
v -0.079699 0.013578 -0.045755
v -0.080144 0.028564 -0.068670
v -0.077932 0.020000 -0.073912
v -0.078744 0.020752 -0.061050
v -0.063937 -0.008862 -0.051508
v -0.062284 -0.005155 -0.050161
v -0.062665 -0.005450 -0.048823
v -0.083387 -0.019024 -0.062317
v -0.072484 -0.019331 -0.045308
v -0.073655 0.004881 -0.049825
v -0.083004 -0.011124 -0.069313
v -0.081554 -0.016196 -0.067317
v -0.072889 0.006104 -0.050094
v -0.073851 0.007274 -0.048934
v -0.070689 -0.018823 -0.049894
v -0.071971 -0.018032 -0.046861
v -0.074126 0.007714 -0.048779
v -0.074088 -0.012506 -0.045410
v -0.084551 0.009569 -0.060705
v 0.027113 0.027466 0.033599
v 0.027773 0.026532 0.030093
v -0.074223 -0.030346 -0.055445
v -0.072730 -0.031688 -0.052306
v 0.025140 0.025873 0.029875
v -0.062214 -0.006203 -0.048816
v 0.024799 0.025881 0.032956
v -0.065664 -0.015370 -0.048645
v -0.065164 -0.007190 -0.051586
v 0.027948 0.026514 0.034878
v 0.025191 0.025041 0.034021
v 0.034968 0.027409 0.035030
v -0.072402 -0.008688 -0.046909
v -0.071904 -0.010820 -0.046618
v -0.074632 -0.010312 -0.045553
v 0.021438 0.073709 -0.143581
v 0.020936 0.057781 -0.146993
v -0.077885 -0.016336 -0.054474
v -0.074554 -0.015521 -0.056858
v -0.075561 -0.014653 -0.059000
v -0.079362 -0.015518 -0.056168
v -0.079963 -0.020932 -0.064934
v -0.078199 -0.025171 -0.061653
v -0.080558 -0.026631 -0.061190
v -0.082530 -0.022357 -0.065048
v 0.040591 0.059750 -0.138087
v 0.040632 0.073628 -0.135305
v -0.081423 0.044394 -0.076720
v -0.081001 0.034421 -0.061596
v -0.082295 0.051082 -0.065154
v -0.082525 0.019307 -0.063842
v -0.082560 0.016823 -0.065633
v -0.087236 0.017662 -0.068936
v -0.078774 0.024464 -0.047180
v -0.079180 0.021926 -0.051199
v -0.078680 0.022996 -0.049646
v -0.086923 -0.006268 -0.071938
v 0.041471 0.026760 0.029272
v 0.039648 0.026029 0.026406
v 0.050849 0.074909 -0.127647
v 0.050020 0.083798 -0.124593
v 0.041066 0.085549 -0.129981
v 0.035529 -0.061807 -0.098302
v 0.025507 -0.072328 -0.105232
v -0.075624 0.005286 -0.043831
v -0.077615 0.005844 -0.046651
v 0.021605 0.021899 0.034076
v -0.076727 -0.018479 -0.062473
v 0.023022 0.023277 0.034412
v -0.078945 -0.017230 -0.054549
v -0.080770 -0.016661 -0.056806
v -0.088552 0.019920 -0.057150
v -0.085578 0.018138 -0.054721
v 0.020632 0.020915 0.033788
v 0.019620 0.020536 0.034256
v 0.020494 0.021780 0.034447
v 0.021976 0.023406 0.034835
v 0.024821 0.024943 0.034923
v 0.024006 0.025229 0.035496
v 0.027134 0.027197 0.036160
v 0.027737 0.026716 0.035695
v 0.034773 0.027482 0.035849
v 0.034560 0.028030 0.036146
v 0.026601 0.027462 0.036281
v 0.023498 0.025458 0.035606
v 0.026157 0.027676 0.036106
v 0.023251 0.025967 0.035468
v 0.034435 0.028943 0.035976
v 0.034456 0.028551 0.036242
v 0.022759 0.018309 0.034933
v 0.019922 0.018894 0.034479
v 0.023050 0.018775 0.034429
v 0.020905 0.019369 0.034040
v 0.023984 0.019015 0.033542
v 0.020310 0.019770 0.033898
v 0.019371 0.019355 0.034326
v -0.008964 -0.111035 -0.000121
v -0.008924 -0.117271 -0.004579
v 0.023993 0.019218 0.032368
v 0.019640 0.021800 0.034261
v 0.018698 0.020197 0.034388
v 0.018589 0.021816 0.034196
v 0.017649 0.020000 0.034337
v 0.020489 0.024010 0.034577
v 0.021241 0.023642 0.034710
v 0.018398 0.018932 0.034394
v 0.018905 0.018393 0.034542
v 0.017435 0.018635 0.034353
v 0.018048 0.017913 0.034487
v 0.025115 0.015465 0.035958
v 0.024849 0.014634 0.036006
v 0.021594 0.016819 0.035316
v 0.021014 0.016109 0.035334
v 0.033396 0.011706 0.035586
v 0.036626 0.011837 0.034642
v 0.032974 0.010321 0.035684
v -0.007372 -0.008020 0.056812
v -0.008852 -0.008389 0.055445
v -0.007775 -0.006479 0.054411
v -0.007020 -0.006361 0.055035
v 0.036350 0.010256 0.034678
v 0.028074 0.010853 0.036385
v 0.028573 0.012145 0.036220
v 0.032496 -0.114671 -0.018264
v 0.046882 0.013282 0.027101
v 0.048100 0.011614 0.026542
v 0.046471 0.010955 0.028265
v 0.045480 0.012857 0.028547
v 0.043913 0.012517 0.030035
v -0.007978 -0.017106 0.056057
v -0.007282 -0.015503 0.054848
v -0.008081 -0.015828 0.054035
v -0.008913 -0.017136 0.055072
v 0.044400 0.010560 0.030126
v 0.041964 0.010415 0.031802
v 0.041856 0.012233 0.031681
v 0.039626 0.012026 0.033145
v 0.039494 0.010319 0.033255
v 0.050081 0.017008 0.024728
v 0.051426 0.020342 0.024816
v 0.051964 0.015872 0.023210
v 0.053610 0.019733 0.022649
v 0.017260 0.022330 0.034729
v -0.004557 -0.006546 0.054192
v -0.003045 -0.009418 0.057162
v -0.004580 -0.007977 0.058489
v -0.005759 -0.005843 0.054960
v 0.016408 0.020174 0.034458
v 0.015211 0.022955 0.036131
v 0.014782 0.020550 0.035497
v 0.016706 0.025722 0.037569
v 0.018737 0.025231 0.035773
v 0.016586 0.018436 0.034369
v 0.017187 0.017370 0.034456
v 0.015302 0.018150 0.034954
v 0.016252 0.016693 0.034964
v 0.024355 0.013509 0.036043
v 0.023780 0.012267 0.036209
v 0.020343 0.015232 0.035388
v 0.019450 0.014210 0.035722
v 0.048482 -0.010696 -0.114928
v 0.053040 0.031892 -0.127427
v 0.048222 0.033578 0.035593
v 0.045992 0.030568 0.036240
v 0.042318 0.031559 0.038343
v 0.044132 0.035160 0.038739
v 0.050325 0.038271 0.033618
v 0.052962 0.034824 0.030594
v 0.050901 0.031357 0.032610
v 0.048693 0.028973 0.033796
v 0.052458 0.023234 0.026002
v 0.050758 0.023272 0.027483
v 0.050942 0.025049 0.029196
v 0.052632 0.025676 0.027734
v 0.054646 0.023292 0.023599
v 0.055136 0.026816 0.025415
v 0.052098 0.028196 0.030005
v 0.050118 0.026904 0.031423
v 0.054371 0.030460 0.028096
v 0.024397 0.030882 0.040087
v 0.025266 0.029580 0.038068
v 0.022260 0.027534 0.036477
v 0.020657 0.027909 0.037957
v 0.023148 0.032092 0.041474
v 0.018698 0.028440 0.039337
v 0.037685 0.036139 0.041515
v 0.036400 0.032174 0.039955
v 0.025813 0.027857 0.035857
v 0.023472 0.026372 0.035561
v 0.025710 0.027996 0.036161
v 0.023432 0.026541 0.035678
v 0.058786 0.095111 -0.106500
v 0.061135 0.101305 -0.094009
v 0.044313 0.112106 -0.100175
v 0.043397 0.104424 -0.112549
v 0.042234 0.027196 0.034092
v 0.042678 0.027343 0.034982
v 0.045239 0.026347 0.033506
v 0.044638 0.026112 0.032830
v 0.046601 0.025063 0.031347
v 0.047286 0.025334 0.031786
v 0.048602 0.024303 0.030102
v 0.047904 0.024070 0.029840
v 0.048583 0.023370 0.028681
v 0.049145 0.023215 0.028428
v 0.023184 0.027070 0.036171
v 0.025624 0.028391 0.036760
v 0.052206 0.062693 -0.129075
v 0.045391 0.077452 0.026776
v 0.052422 0.073731 0.019824
v 0.050246 0.066626 0.025384
v 0.043943 0.028412 0.036000
v 0.046666 0.027315 0.034055
v 0.048538 0.025999 0.031990
v 0.049643 0.024617 0.030179
v 0.050009 0.023645 0.028778
v 0.069667 -0.013699 -0.039146
v 0.070293 -0.013859 -0.040915
v 0.078529 -0.003685 -0.066454
v 0.076934 0.003433 -0.065342
v 0.075908 0.006998 -0.063774
v 0.077545 0.014665 -0.050675
v 0.081763 0.017668 -0.053560
v 0.080207 -0.023429 -0.060897
v 0.077231 -0.025060 -0.056952
v -0.088281 0.023360 -0.057955
v 0.080387 -0.022464 -0.061431
v 0.087594 0.013337 -0.064755
v 0.087846 0.011611 -0.066120
v 0.088548 0.011397 -0.065953
v 0.041437 -0.032501 -0.105347
v 0.045839 -0.019733 -0.111260
v 0.088173 0.009524 -0.067644
v 0.072498 -0.009278 -0.043314
v 0.079584 -0.004647 -0.066922
v 0.081205 -0.005653 -0.068864
v 0.081287 -0.011154 -0.069419
v 0.080946 -0.010358 -0.068190
v 0.080045 -0.016032 -0.067556
v 0.079840 -0.014855 -0.066732
v 0.082111 -0.019876 -0.064006
v 0.084343 -0.016452 -0.065917
v 0.082881 0.018084 -0.054686
v 0.082073 0.017044 -0.053126
v 0.083566 0.017600 -0.054963
v 0.073285 -0.010559 -0.044742
v 0.075715 0.013118 -0.050394
v 0.075446 0.010482 -0.049353
v 0.075005 0.010933 -0.049781
v 0.069607 -0.005727 -0.048845
v 0.069692 -0.004770 -0.048987
v 0.070762 -0.007148 -0.048375
v 0.073319 -0.008687 -0.047046
v 0.066817 -0.016375 -0.047018
v 0.066069 -0.017828 -0.049247
v 0.066620 -0.018854 -0.048619
v 0.084524 0.024348 -0.059055
v 0.075542 0.009447 -0.049116
v 0.077085 0.010480 -0.049189
v 0.077345 0.011750 -0.049482
v 0.084422 0.017090 -0.055249
v 0.077428 0.012687 -0.049803
v 0.076677 0.012781 -0.049694
v 0.078283 0.014332 -0.050590
v 0.076014 0.012823 -0.049892
v 0.072877 -0.012862 -0.061671
v 0.071652 -0.012899 -0.059347
v 0.072611 0.007378 -0.039308
v 0.072773 0.004733 -0.042031
v 0.076381 -0.025555 -0.054743
v 0.076103 0.014096 -0.059610
v 0.076640 0.016715 -0.060131
v 0.085687 -0.011784 -0.067908
v 0.078726 -0.016834 -0.058006
v 0.076547 -0.017327 -0.055934
v 0.080637 -0.015844 -0.059839
v 0.082316 -0.013311 -0.061403
v 0.070383 0.002970 -0.054895
v 0.082298 0.007024 -0.059401
v 0.082449 0.004765 -0.061056
v 0.080917 0.007140 -0.057625
v 0.078113 0.020500 -0.057708
v 0.077500 0.020349 -0.055717
v 0.077967 0.014342 -0.056961
v 0.076462 0.018556 -0.055682
v 0.068872 -0.012905 -0.047467
v 0.068625 -0.019093 -0.051037
v 0.067689 -0.016994 -0.051524
v 0.069472 -0.018882 -0.052073
v 0.068927 -0.018038 -0.053306
v 0.069396 -0.016425 -0.055015
v 0.070193 -0.014544 -0.056279
v 0.070503 -0.012311 -0.056849
v 0.068523 -0.008797 -0.048377
v 0.077173 0.019256 -0.046383
v 0.067969 -0.010671 -0.048124
v 0.069910 -0.007105 -0.048535
v 0.070052 -0.008881 -0.048074
v 0.069725 -0.010866 -0.047612
v 0.073334 -0.019854 -0.049512
v 0.074207 -0.018257 -0.051899
v 0.072007 -0.019161 -0.048760
v 0.075212 -0.017694 -0.053978
v 0.071092 -0.018781 -0.048085
v 0.076001 0.015432 -0.057807
v 0.076523 0.018681 -0.057395
v 0.070055 -0.010019 -0.036897
v 0.065331 -0.002417 0.012364
v 0.066443 0.007322 0.006980
v 0.026671 -0.051344 0.034649
v 0.025661 -0.054358 0.035194
v 0.057846 -0.013726 0.025806
v 0.053275 -0.016183 0.031043
v 0.025815 -0.045837 0.046081
v 0.025065 -0.046488 0.046343
v 0.024079 -0.045937 0.046564
v 0.024831 -0.045546 0.046173
v 0.022550 -0.045150 0.045007
v 0.023378 -0.045245 0.044321
v 0.023580 -0.045330 0.045112
v 0.022853 -0.045233 0.045790
v 0.029848 -0.030719 0.046091
v 0.033436 -0.026760 0.044342
v 0.035846 -0.031122 0.043481
v 0.032314 -0.034415 0.045390
v 0.025282 -0.046559 0.037048
v 0.025043 -0.045209 0.037379
v 0.023788 -0.045096 0.041174
v 0.024237 -0.045686 0.040888
v 0.025034 -0.049352 0.037207
v 0.024014 -0.047071 0.040752
v 0.027180 -0.047320 0.034475
v 0.026387 -0.045043 0.034763
v 0.035252 -0.052633 0.041532
v 0.031556 -0.050308 0.043388
v 0.032422 -0.047073 0.043766
v 0.036132 -0.047890 0.041922
v 0.025809 -0.019282 0.044892
v 0.029924 -0.023001 0.044892
v 0.026530 -0.026895 0.046369
v 0.022797 -0.022648 0.046196
v 0.019081 -0.017957 0.046490
v 0.021849 -0.015358 0.044923
v 0.017888 -0.010216 0.049535
v 0.018492 -0.013825 0.050810
v 0.017983 -0.014729 0.054117
v 0.018479 -0.012610 0.052856
v 0.016035 -0.018654 0.052728
v 0.018579 -0.016099 0.049400
v 0.012170 -0.019876 0.053536
v -0.010971 -0.017395 0.055357
v -0.009929 -0.015812 0.054148
v -0.010968 -0.015035 0.055760
v -0.012412 -0.016311 0.056797
v 0.011852 -0.019115 0.054296
v 0.016098 -0.019248 0.051413
v -0.003951 -0.015761 0.063336
v -0.005048 -0.013708 0.063393
v -0.003978 -0.014795 0.061284
v -0.003993 -0.016587 0.061015
v 0.016393 -0.020213 0.049877
v 0.012572 -0.020501 0.052743
v 0.011205 -0.018004 0.055016
v 0.013926 -0.018000 0.054923
v -0.006686 -0.013191 0.062745
v -0.008415 -0.013719 0.064295
v -0.010185 -0.013962 0.062830
v -0.008137 -0.013419 0.061233
v -0.003665 -0.012900 0.056482
v -0.004895 -0.014633 0.057830
v -0.002991 -0.012757 0.060002
v -0.011060 -0.013047 0.053967
v -0.009425 -0.014181 0.052729
v -0.008685 -0.010388 0.051765
v -0.010059 -0.009437 0.052708
v 0.015657 -0.016052 0.056306
v 0.005233 -0.017001 0.063073
v 0.006433 -0.015695 0.064818
v 0.010254 0.012246 0.048897
v 0.012895 0.008847 0.045803
v 0.010181 0.009744 0.050852
v 0.012867 0.006678 0.047885
v 0.014740 -0.013813 0.059904
v 0.016353 -0.012099 0.058264
v 0.012404 -0.012458 0.063484
v 0.013486 -0.010025 0.062937
v 0.005066 0.026792 0.049346
v 0.002956 -0.020542 0.059304
v 0.003164 -0.021338 0.058984
v 0.002728 -0.019282 0.061037
v 0.022249 0.097076 -0.130911
v 0.022708 0.109647 -0.119498
v 0.021908 0.123655 -0.096188
v 0.019634 0.128457 -0.083697
v 0.006358 -0.037356 0.061123
v 0.005884 -0.034764 0.061003
v 0.013171 -0.038766 0.047462
v 0.007560 -0.038582 0.048719
v 0.007244 -0.042206 0.051511
v 0.012584 -0.042261 0.050189
v 0.016775 -0.042460 0.048136
v 0.017667 -0.039113 0.045535
v 0.013695 -0.035300 0.045929
v 0.007933 -0.034996 0.047223
v 0.012509 -0.044215 0.053666
v 0.007240 -0.044134 0.055712
v 0.007135 -0.042270 0.058619
v 0.012612 -0.042783 0.056016
v 0.019039 -0.024560 0.048829
v 0.015113 -0.023738 0.051446
v 0.010822 -0.023533 0.054824
v 0.007437 -0.023626 0.057275
v 0.006754 -0.021612 0.057320
v 0.009351 -0.021072 0.055247
v 0.006482 -0.020749 0.057516
v 0.009055 -0.020341 0.055652
v 0.008917 -0.019533 0.056024
v 0.009559 -0.018145 0.056192
v 0.007665 -0.018273 0.057377
v 0.008235 -0.017071 0.056910
v 0.006443 -0.019823 0.057592
v 0.005195 0.004641 0.062968
v 0.004933 0.007904 0.060136
v 0.010576 -0.033110 0.058996
v 0.005504 -0.032606 0.060367
v 0.005036 -0.028809 0.059250
v 0.009491 -0.028788 0.058010
v 0.014050 -0.029659 0.055565
v 0.015664 -0.034978 0.056401
v 0.003462 -0.022139 0.058719
v 0.010932 -0.035329 0.059346
v 0.011279 -0.037918 0.059184
v 0.016142 -0.037298 0.056608
v 0.016449 -0.039527 0.056331
v 0.020433 -0.037639 0.053236
v 0.019382 -0.031781 0.052610
v 0.025211 -0.034096 0.049332
v 0.024417 -0.040489 0.049990
v 0.032309 -0.043923 0.044677
v 0.027232 -0.046112 0.045696
v 0.027424 -0.044821 0.046293
v 0.027089 -0.043561 0.047161
v 0.031380 -0.040759 0.045873
v 0.035830 -0.043304 0.042922
v 0.034552 -0.038641 0.044173
v 0.029297 -0.037633 0.047269
v 0.026340 -0.042268 0.048175
v 0.025996 -0.045122 0.046603
v 0.024961 -0.045243 0.046523
v 0.025800 -0.044373 0.047411
v 0.024751 -0.044907 0.047215
v 0.025196 -0.043692 0.048360
v 0.024327 -0.044590 0.048010
v 0.023475 -0.044010 0.049171
v 0.024047 -0.042594 0.049783
v 0.022883 -0.045177 0.044925
v 0.021974 -0.045078 0.045945
v 0.022106 -0.045159 0.047292
v 0.022926 -0.045252 0.046277
v 0.023429 -0.045249 0.044382
v 0.023368 -0.045243 0.045680
v 0.023265 -0.044473 0.042241
v 0.022008 -0.043663 0.043943
v -0.046838 -0.084611 -0.023432
v -0.054009 -0.082049 -0.036566
v 0.023917 -0.045425 0.043645
v 0.023910 -0.045267 0.044792
v 0.023970 -0.045298 0.046134
v 0.023927 -0.045207 0.046572
v 0.023494 -0.045076 0.047257
v 0.022718 -0.044860 0.048214
v 0.016505 -0.041543 0.055295
v 0.020106 -0.041639 0.053101
v 0.019831 -0.043288 0.051802
v 0.016413 -0.043621 0.053301
v 0.019447 -0.044390 0.050266
v 0.018364 -0.035684 0.044233
v 0.016074 -0.044384 0.051472
v 0.021050 -0.040167 0.043089
v 0.021926 -0.037549 0.040927
v 0.019867 -0.043004 0.045690
v 0.024594 -0.043744 0.038390
v 0.023019 -0.042011 0.040822
v 0.025885 -0.043235 0.035841
v 0.024052 -0.040040 0.038729
v 0.019307 -0.044835 0.048370
v 0.020377 -0.039835 0.053433
v 0.011807 -0.040331 0.058004
v 0.006612 -0.039705 0.060106
v -0.034410 0.004198 0.037185
v -0.033654 0.001417 0.038332
v -0.029342 0.002665 0.039011
v -0.030316 0.005127 0.038048
v 0.005983 -0.002334 0.069121
v 0.005684 0.001426 0.065974
v 0.023376 -0.045507 0.046515
v 0.010617 -0.121975 -0.008021
v -0.075355 -0.007927 -0.044551
v -0.074852 -0.007132 -0.043260
v -0.082432 0.013978 -0.067450
v 0.026499 -0.047266 0.045761
v 0.024271 -0.051497 0.037257
v 0.023232 -0.048027 0.040989
v 0.032307 -0.056955 0.042355
v 0.027554 -0.061179 0.044994
v 0.025171 -0.057098 0.046887
v 0.029180 -0.053543 0.044262
v 0.022401 -0.050385 0.049242
v 0.024970 -0.048773 0.046928
v -0.088472 0.016557 -0.061794
v 0.023729 -0.047327 0.047669
v 0.021439 -0.048163 0.049975
v 0.020498 -0.046516 0.050350
v 0.022773 -0.046203 0.047851
v 0.018536 -0.044702 0.048951
v 0.014217 -0.043930 0.051977
v 0.013627 -0.047749 0.047135
v 0.018280 -0.048230 0.044661
v 0.021759 -0.048241 0.042247
v 0.021697 -0.045104 0.045951
v -0.082565 0.021249 -0.061547
v -0.081459 0.023687 -0.056747
v -0.080507 0.022300 -0.055354
v -0.081455 0.019569 -0.059603
v 0.019172 -0.044547 0.049723
v 0.022015 -0.045044 0.046768
v 0.014530 -0.043879 0.052990
v 0.021181 -0.119320 -0.012234
v 0.022251 -0.045377 0.047591
v 0.019587 -0.045068 0.050099
v 0.015266 -0.044764 0.053650
v 0.016329 -0.046746 0.054165
v 0.017248 -0.049082 0.054258
v 0.017989 -0.052004 0.053315
v 0.020000 -0.059580 0.050373
v 0.021225 -0.064658 0.049249
v 0.013885 -0.061052 0.053353
v 0.014721 -0.066274 0.053318
v 0.012796 -0.053173 0.056867
v 0.012371 -0.049598 0.058218
v 0.011665 -0.046833 0.057909
v 0.010931 -0.044557 0.056886
v 0.003995 -0.023874 0.058497
v 0.006410 -0.018128 0.058501
v 0.005328 -0.017837 0.060752
v 0.008488 -0.014160 0.065589
v 0.002621 -0.018295 0.063115
v 0.010857 -0.012449 0.064958
v 0.009294 -0.013007 0.066438
v 0.009860 -0.011438 0.067131
v 0.010998 -0.010866 0.065935
v 0.007819 -0.013534 0.067687
v 0.008996 -0.011603 0.068069
v 0.003868 -0.014421 0.069526
v 0.004772 -0.011188 0.071207
v 0.005794 -0.005821 0.071019
v 0.005188 -0.009140 0.071584
v 0.010262 -0.009810 0.067549
v 0.011520 -0.007951 0.066287
v -0.090316 0.017095 -0.063174
v 0.012053 -0.005254 0.064015
v 0.014282 -0.007534 0.060632
v 0.010440 0.134621 -0.039860
v 0.010231 -0.043379 0.055976
v 0.009794 -0.043523 0.054063
v -0.073398 -0.020874 -0.045151
v -0.082180 0.005832 -0.057825
v 0.013432 -0.058346 0.040546
v 0.013492 -0.053791 0.042928
v 0.009114 -0.053728 0.044444
v -0.081053 0.024213 -0.054026
v -0.084345 0.025597 -0.055080
v 0.009093 -0.058707 0.042102
v 0.005528 -0.043413 0.054953
v -0.087587 -0.006065 -0.067561
v -0.090450 0.015518 -0.065341
v -0.088836 0.014092 -0.064058
v -0.082218 0.016155 -0.048598
v -0.076226 -0.012043 -0.061459
v -0.082425 -0.011728 -0.059541
v -0.080963 -0.014223 -0.057827
v -0.075515 -0.013817 -0.060361
v -0.071574 0.001265 -0.055418
v 0.005201 -0.047328 0.049710
v 0.009320 -0.047336 0.048748
v 0.005698 -0.043106 0.057213
v 0.006191 -0.044435 0.058450
v 0.006775 -0.046793 0.059773
v 0.005029 -0.053924 0.045185
v 0.005115 -0.058891 0.042960
v -0.070998 -0.016122 -0.036266
v 0.022588 -0.052957 0.038504
v -0.077660 -0.027218 -0.052106
v -0.078539 -0.026047 -0.054438
v -0.030601 -0.033033 -0.114723
v -0.034070 -0.021767 -0.120918
v -0.088911 -0.006308 -0.070529
v 0.023534 -0.056672 0.036383
v 0.018338 -0.053842 0.040880
v 0.018678 -0.057901 0.038724
v 0.008479 -0.066414 0.056167
v 0.007947 -0.061524 0.055664
v 0.006990 -0.050243 0.060075
v 0.007184 -0.054243 0.058513
v 0.022686 0.117886 -0.108537
v 0.063768 0.080093 -0.003148
v 0.062291 0.072873 0.004442
v -0.083240 0.017907 -0.055824
v 0.055258 0.080846 0.011690
v 0.057149 0.086448 0.004544
v 0.064485 0.088071 -0.011152
v 0.057750 0.093322 -0.003023
v 0.040475 0.125823 -0.059449
v 0.041100 0.125447 -0.045167
v 0.021799 0.131910 -0.041151
v 0.035248 0.125673 -0.073466
v 0.047671 0.116797 -0.082883
v 0.050053 0.119836 -0.063474
v 0.050079 0.120100 -0.048111
v -0.074783 -0.021391 -0.046610
v -0.073907 -0.027144 -0.045824
v -0.072711 -0.026651 -0.043793
v -0.077932 0.008833 -0.053931
v 0.025090 -0.086413 -0.107021
v 0.053076 0.044920 -0.128536
v 0.048774 0.119267 -0.034290
v 0.040467 0.123800 -0.031395
v 0.039957 0.120791 -0.019060
v 0.047484 0.117112 -0.022609
v 0.021624 0.129705 -0.026713
v 0.010337 0.132092 -0.024811
v 0.018814 0.007398 -0.141893
v 0.004850 0.011090 0.057514
v 0.046534 -0.048943 -0.089169
v 0.055697 -0.049323 -0.071580
v 0.056787 -0.100351 -0.050685
v 0.067083 -0.027039 -0.054419
v 0.066756 -0.026628 -0.055337
v 0.059184 -0.064225 -0.053354
v 0.060095 -0.050449 -0.054248
v 0.037494 -0.047778 -0.100777
v 0.076777 -0.016024 -0.065523
v 0.077783 -0.012211 -0.066647
v 0.077875 -0.017076 -0.065254
v 0.079063 -0.013084 -0.066546
v 0.079540 -0.008932 -0.067037
v 0.078362 -0.019095 -0.064660
v 0.077777 0.020246 -0.053394
v 0.078771 0.021612 -0.053090
v -0.076139 -0.017567 -0.062900
v -0.076510 -0.015312 -0.063710
v 0.066906 -0.028890 -0.050308
v 0.066703 -0.028130 -0.051871
v -0.062431 -0.005839 -0.051328
v 0.066399 -0.028475 -0.050918
v 0.066158 -0.029053 -0.049722
v 0.066717 -0.029885 -0.048813
v 0.066207 -0.029680 -0.048584
v 0.078640 0.037029 -0.045215
v 0.065085 -0.028930 -0.051415
v 0.066278 -0.026746 -0.054401
v 0.066387 -0.027607 -0.053048
v 0.065563 -0.028368 -0.051682
v 0.065539 -0.029528 -0.049680
v 0.065635 -0.030453 -0.047992
v 0.066493 -0.031054 -0.047609
v -0.077626 -0.023390 -0.060748
v -0.073839 -0.028617 -0.055126
v -0.057997 -0.078771 -0.049613
v -0.055072 -0.075766 -0.064537
v -0.055310 -0.087198 -0.063091
v -0.056669 -0.091157 -0.048791
v -0.072986 -0.002090 -0.036956
v -0.073001 -0.009476 -0.039903
v -0.072173 -0.010499 -0.037991
v 0.078469 -0.020350 -0.065186
v 0.071154 -0.030669 -0.053382
v -0.022768 -0.102914 -0.003723
v -0.019558 -0.113685 -0.008750
v 0.077576 0.012256 -0.060480
v 0.077546 0.010689 -0.061928
v 0.079752 0.012086 -0.063791
v 0.079740 0.014179 -0.062280
v 0.058299 -0.009845 -0.102872
v 0.060848 0.001439 -0.107629
v 0.012513 -0.084919 -0.111473
v 0.012740 -0.070692 -0.110720
v 0.076078 0.034242 -0.092432
v 0.077744 0.013863 -0.058691
v 0.079916 0.015840 -0.060608
v 0.078520 -0.007972 -0.066824
v 0.077595 0.013128 -0.058220
v 0.077339 0.011573 -0.059897
v 0.080798 0.017222 -0.062456
v 0.080854 0.015041 -0.064245
v 0.080708 0.012699 -0.065859
v 0.077046 0.009895 -0.061650
v -0.071583 -0.015528 -0.031802
v -0.071496 -0.016156 -0.021153
v -0.073516 -0.000150 -0.020910
v -0.072759 -0.005729 -0.031091
v 0.077681 0.019003 -0.059765
v 0.081241 0.065880 -0.068041
v 0.080241 0.059754 -0.082157
v 0.077643 0.083371 -0.071121
v 0.076817 0.078119 -0.086521
v 0.071999 0.071885 -0.102491
v 0.075221 0.052537 -0.098185
v 0.077366 0.020018 -0.054566
v 0.079252 0.022332 -0.054101
v 0.064978 0.094685 -0.018792
v 0.070012 0.089412 -0.026178
v 0.057936 0.099292 -0.010034
v 0.057704 0.104585 -0.016656
v 0.064257 0.100841 -0.025681
v 0.071369 0.093583 -0.038016
v 0.080455 0.056172 -0.053478
v 0.079566 0.071611 -0.053787
v 0.076555 0.076087 -0.040039
v -0.061027 0.030337 0.016355
v -0.062775 0.031649 0.012095
v -0.063121 0.021762 0.011539
v -0.060900 0.022471 0.015407
v 0.075808 0.088750 -0.055340
v 0.067192 0.102919 -0.044188
v 0.070801 0.099129 -0.058839
v 0.059948 0.111492 -0.047929
v 0.062003 0.109268 -0.062686
v 0.061823 0.106585 -0.078745
v 0.072466 0.094936 -0.074126
v 0.062275 0.106321 -0.031775
v 0.056060 0.109369 -0.021996
v 0.057014 0.112699 -0.035179
v 0.053762 0.113402 -0.026479
v 0.074649 0.078202 -0.032640
v 0.064126 -0.035126 -0.046303
v 0.065503 -0.035374 -0.041531
v -0.020355 0.091851 0.036019
v -0.010007 0.092541 0.038302
v -0.010142 0.100441 0.032260
v -0.020728 0.099407 0.029603
v 0.068867 -0.024239 -0.034610
v -0.036079 -0.013413 -0.124954
v -0.037987 -0.002693 -0.129367
v -0.018400 -0.005619 -0.136596
v -0.017293 -0.015545 -0.131741
v 0.069221 0.000600 0.000270
v 0.068834 0.013417 -0.001939
v 0.071913 0.005510 -0.012495
v 0.070553 -0.007959 -0.009565
v -0.021057 0.117311 0.007311
v -0.010308 0.118975 0.010010
v -0.010460 0.124137 0.000011
v -0.021377 0.122164 -0.002331
v -0.053434 0.001835 0.028115
v -0.055616 -0.004056 0.028331
v -0.051662 -0.004642 0.031962
v -0.049944 0.001366 0.030981
v 0.067654 0.027521 -0.003078
v 0.071309 0.019823 -0.013445
v 0.071779 0.034649 -0.014959
v 0.068094 0.042634 -0.002966
v 0.062878 0.066263 -0.117538
v 0.065018 0.049119 -0.115807
v -0.073692 -0.031574 -0.042840
v -0.072748 -0.030687 -0.041534
v 0.065374 0.035987 -0.114285
v 0.048595 0.059864 0.029010
v -0.010665 0.128509 -0.011697
v -0.021825 0.126314 -0.013626
v 0.021897 0.087741 -0.137245
v 0.047588 0.085496 0.019363
v 0.055217 0.087436 -0.117505
v -0.000197 -0.070331 -0.112095
v 0.041909 0.093407 -0.124020
v 0.071536 0.089828 -0.089304
v 0.068128 0.084340 -0.102866
v 0.059961 0.077678 -0.117810
v 0.064067 0.019400 -0.112565
v 0.048123 0.113279 -0.015065
v 0.056832 0.023111 0.020597
v 0.055706 0.018539 0.019481
v 0.057296 0.028002 0.022290
v 0.053750 0.013742 0.020758
v 0.016252 0.005807 0.043419
v 0.015913 0.003764 0.045288
v 0.015298 0.001644 0.047272
v 0.019370 0.001054 0.043161
v 0.018518 -0.001771 0.044926
v 0.012618 0.001639 0.052096
v 0.012704 0.004220 0.050015
v 0.014996 -0.001059 0.049005
v 0.014919 -0.003915 0.050777
v 0.012655 -0.001117 0.054594
v 0.018712 -0.016401 0.047232
v 0.019589 -0.011723 0.045498
v 0.017403 -0.007422 0.047465
v 0.022156 -0.004615 0.043599
v 0.021002 -0.007826 0.044681
v 0.017787 -0.004330 0.046208
v 0.023550 -0.001455 0.041810
v 0.016043 -0.007043 0.053535
v 0.017001 -0.010175 0.056360
v 0.013709 -0.004251 0.057687
v 0.011715 -0.002071 0.060859
v 0.010892 0.001292 0.057836
v 0.019930 0.003224 0.041430
v 0.024352 0.001101 0.040233
v 0.024474 -0.011318 0.044356
v 0.028950 -0.014677 0.044265
v 0.026411 -0.007021 0.042952
v 0.030878 -0.009814 0.042752
v 0.027756 -0.003635 0.041115
v 0.032155 -0.006074 0.040778
v 0.033082 -0.018325 0.044031
v 0.036628 -0.022313 0.043202
v 0.039974 -0.027292 0.041659
v 0.039539 -0.017347 0.041365
v 0.043371 -0.022763 0.039655
v 0.041442 -0.012467 0.039264
v 0.045953 -0.017362 0.037438
v -0.011865 0.011170 0.043939
v -0.012486 0.013147 0.041386
v -0.016172 0.009971 0.040095
v -0.015594 0.007968 0.042070
v -0.007562 0.062181 0.048622
v -0.008621 0.070884 0.046991
v -0.017822 0.071004 0.045510
v -0.016148 0.062300 0.047515
v 0.035533 -0.013292 0.042301
v 0.037102 -0.009107 0.040180
v 0.033330 -0.002386 0.038894
v 0.028957 -0.000518 0.039403
v 0.042353 -0.001450 0.035367
v 0.042329 -0.006964 0.037233
v 0.037857 -0.004538 0.038141
v 0.038316 -0.000008 0.036450
v 0.047462 -0.010723 0.035226
v 0.047004 -0.003161 0.033699
v 0.045989 0.001785 0.032265
v 0.032311 0.008514 0.036184
v 0.027401 0.009089 0.036765
v 0.035846 0.008249 0.035208
v 0.041962 0.002534 0.034008
v 0.038581 0.003313 0.035349
v 0.049541 0.009111 0.026313
v 0.047438 0.008333 0.028534
v 0.041916 0.007952 0.032514
v 0.039136 0.008043 0.033988
v 0.044776 0.008089 0.030707
v 0.022926 0.010637 0.036721
v 0.018569 0.012830 0.036749
v 0.054966 -0.062440 -0.068714
v 0.010528 0.004277 0.055343
v 0.010282 0.007180 0.053085
v 0.015635 0.028987 0.041165
v 0.013952 0.026200 0.039630
v 0.008170 0.026578 0.046704
v 0.019812 0.032826 0.043706
v 0.015019 0.015470 0.036969
v -0.020689 0.007379 0.039128
v -0.019881 0.005451 0.040473
v 0.013566 0.017731 0.037081
v 0.012698 0.020573 0.037738
v 0.012739 0.023259 0.038664
v -0.010179 0.107301 0.025528
v -0.020895 0.106079 0.022684
v -0.021129 0.132109 -0.063752
v -0.021701 0.132511 -0.055250
v -0.010265 0.135252 -0.055676
v -0.011251 0.134186 -0.068271
v 0.031357 0.048099 0.045456
v 0.028361 0.040959 0.046897
v 0.058911 0.065869 0.013301
v 0.062692 0.056589 0.009119
v 0.051511 0.043715 0.030400
v 0.054757 0.038993 0.027166
v 0.056782 0.033493 0.024408
v 0.064479 0.044047 0.005875
v 0.064904 0.030810 0.004574
v 0.065705 0.018616 0.004853
v -0.069375 0.000161 -0.090217
v -0.072664 -0.001325 -0.075333
v -0.075736 0.010956 -0.076466
v -0.073640 0.016982 -0.092552
v 0.049388 0.097801 0.005436
v -0.033611 -0.096221 -0.012094
v -0.031082 -0.107651 -0.016011
v -0.000173 -0.084202 -0.112425
v 0.049271 0.103556 -0.001296
v 0.048947 0.091581 0.012436
v 0.039736 0.116866 -0.009639
v 0.039808 0.112389 -0.001326
v 0.048860 0.108711 -0.008082
v 0.040302 0.107199 0.005885
v 0.040668 0.101439 0.012584
v 0.040242 0.095278 0.019677
v 0.039237 0.088743 0.026477
v 0.037614 0.079615 0.033200
v 0.045054 -0.061368 -0.086539
v 0.008782 -0.006354 0.053585
v 0.008037 -0.006154 0.054098
v -0.053756 0.054241 0.024799
v -0.055794 0.060305 0.020775
v -0.059308 0.052690 0.016778
v -0.057156 0.047545 0.021190
v 0.007628 -0.006979 0.053078
v 0.006975 -0.006684 0.053575
v 0.006451 -0.008480 0.053380
v 0.007996 -0.015321 0.056023
v 0.006673 -0.013511 0.054765
v 0.005977 -0.010169 0.053357
v 0.066964 -0.030528 -0.036384
v -0.005922 0.048416 0.050862
v -0.013562 0.048463 0.050475
v -0.011602 0.041890 0.050475
v -0.005126 0.041663 0.050935
v -0.060338 0.014941 0.015538
v -0.063115 0.012408 0.012703
v -0.062058 0.004117 0.017310
v -0.058934 0.007750 0.019198
v -0.055974 0.003040 0.025045
v -0.058530 -0.002469 0.024623
v -0.019318 0.081448 0.041983
v -0.009409 0.081772 0.043768
v -0.061610 0.042706 0.013641
v -0.059638 0.039220 0.018310
v -0.009017 0.014382 0.046430
v -0.009889 0.015895 0.043163
v -0.006819 0.020695 0.045711
v -0.003164 0.019764 0.050769
v -0.003038 0.023677 0.049560
v -0.006446 0.023642 0.046369
v -0.034245 0.062271 0.040609
v -0.036087 0.070396 0.037852
v -0.043661 0.069127 0.032184
v -0.041890 0.061514 0.035348
v -0.020977 0.111928 0.015457
v -0.010220 0.113362 0.018287
v -0.003813 0.033228 0.049528
v -0.008491 0.033354 0.048234
v -0.007079 0.029821 0.047109
v -0.003549 0.029802 0.049047
v -0.024564 0.003854 0.039749
v -0.025491 0.006017 0.038755
v -0.066064 -0.030659 -0.045083
v -0.067071 -0.031735 -0.045060
v -0.074907 0.015613 -0.033081
v -0.073596 0.004918 -0.031733
v -0.073798 0.013325 -0.021413
v -0.074240 0.026373 -0.023148
v -0.076411 0.038645 -0.026301
v -0.077614 0.047685 -0.031202
v -0.078290 0.031520 -0.038967
v -0.076795 0.024825 -0.035001
v -0.049937 -0.084389 -0.075832
v -0.047950 -0.074162 -0.078785
v -0.003018 0.016604 0.052871
v -0.002949 0.013743 0.055108
v -0.020599 0.037261 -0.147092
v -0.020065 0.023373 -0.145524
v -0.040474 0.027469 -0.136920
v -0.040795 0.040733 -0.138086
v -0.066023 -0.010736 -0.086587
v -0.069882 -0.010405 -0.072892
v -0.009599 -0.011375 0.057490
v -0.006335 -0.007069 0.052667
v -0.006433 -0.010725 0.051837
v -0.006061 -0.008146 0.052793
v -0.009713 -0.013871 0.059179
v -0.011857 -0.014586 0.060361
v -0.007318 -0.014279 0.052692
v -0.006690 -0.014012 0.053133
v -0.005892 -0.010391 0.052040
v -0.007591 -0.006536 0.053300
v -0.000869 -0.017057 0.065573
v -0.001361 -0.015439 0.068269
v -0.005256 -0.014363 0.067024
v -0.003832 -0.015841 0.065139
v -0.004151 -0.007824 0.054021
v -0.003258 -0.009850 0.054790
v -0.004316 -0.011428 0.061894
v -0.006013 -0.007911 0.057869
v -0.006407 -0.005996 0.055025
v -0.005984 -0.010868 0.061049
v -0.005271 -0.016749 0.058572
v -0.007749 -0.010875 0.059442
v -0.077752 -0.018002 -0.052653
v -0.057835 -0.065031 -0.031216
v -0.062224 -0.050166 -0.038681
v -0.060849 -0.050352 -0.043985
v -0.058030 -0.066051 -0.040011
v -0.080452 0.008056 -0.055395
v -0.068130 0.059769 -0.001196
v -0.069612 0.072311 -0.010107
v -0.074947 0.060006 -0.022013
v -0.074460 0.048689 -0.017185
v -0.069991 0.082492 -0.018023
v -0.075319 0.071458 -0.028985
v -0.078579 0.058819 -0.038901
v -0.080397 0.037900 -0.053050
v -0.041768 0.017893 0.032784
v -0.042026 0.017480 0.032746
v -0.040535 0.017130 0.033913
v -0.040360 0.017584 0.034002
v -0.041385 0.018229 0.032503
v -0.040155 0.017879 0.033469
v -0.042420 0.018581 0.031702
v -0.042853 0.018213 0.031961
v -0.043034 0.017781 0.031906
v -0.025241 0.018526 0.036086
v -0.025596 0.018772 0.035391
v -0.027945 0.018284 0.036410
v -0.027845 0.017992 0.037188
v -0.025133 0.018071 0.036370
v -0.028129 0.017411 0.037258
v -0.024106 0.020143 0.030098
v -0.023866 0.020714 0.030095
v -0.025158 0.019249 0.030411
v -0.023086 0.020677 0.032623
v -0.022885 0.021801 0.032800
v -0.023376 0.022307 0.030227
v -0.023631 0.021181 0.030068
v -0.023330 0.020228 0.032864
v -0.021738 0.019827 0.033448
v -0.021427 0.020214 0.033271
v -0.021407 0.021340 0.033552
v -0.032786 0.016269 0.037326
v -0.033125 0.015541 0.037059
v -0.028648 0.016026 0.037230
v -0.028460 0.016739 0.037293
v -0.032464 0.016915 0.037423
v -0.035714 0.016883 0.036722
v -0.036072 0.016239 0.036470
v -0.036349 0.015564 0.036129
v -0.025266 0.016919 0.036589
v -0.025185 0.017563 0.036512
v -0.036585 0.014776 0.035776
v -0.033363 0.014724 0.036681
v -0.028806 0.015153 0.037019
v -0.025183 0.016269 0.036660
v -0.022026 0.017602 0.035913
v -0.022449 0.018095 0.035799
v -0.033546 0.013840 0.036462
v -0.033442 0.012893 0.036410
v -0.028670 0.013299 0.036969
v -0.028800 0.014200 0.036896
v -0.036733 0.013885 0.035478
v -0.036670 0.012886 0.035421
v -0.044751 0.017809 0.030264
v -0.045320 0.018286 0.029596
v -0.045455 0.017473 0.029489
v -0.045149 0.017003 0.029838
v -0.048025 0.013946 0.026621
v -0.048978 0.015267 0.025932
v -0.050976 0.013905 0.024542
v -0.049706 0.012546 0.025662
v -0.057871 0.004855 0.022045
v -0.051612 0.010067 0.025084
v -0.052939 0.011552 0.023146
v -0.044072 0.017436 0.030950
v -0.043250 0.017186 0.031748
v -0.043878 0.018100 0.031117
v -0.044539 0.018485 0.030463
v -0.044530 0.016678 0.030546
v -0.043627 0.016428 0.031471
v -0.042287 0.016904 0.032605
v -0.042618 0.016132 0.032367
v -0.041078 0.015787 0.033554
v -0.040802 0.016519 0.033730
v -0.038627 0.016336 0.035075
v -0.038358 0.016937 0.035323
v -0.038915 0.015609 0.034820
v -0.041360 0.014988 0.033381
v -0.039271 0.014825 0.034554
v -0.043026 0.015303 0.032029
v -0.044120 0.015629 0.030983
v -0.044965 0.015972 0.030012
v -0.045624 0.016347 0.029284
v -0.046048 0.016997 0.028819
v -0.045498 0.015118 0.029240
v -0.046071 0.014242 0.028508
v -0.044849 0.013790 0.029803
v -0.044547 0.014749 0.030356
v -0.046324 0.015617 0.028381
v -0.047054 0.014840 0.027494
v -0.043321 0.014478 0.031639
v -0.043499 0.013570 0.031191
v -0.041605 0.013267 0.032801
v -0.041527 0.014242 0.033187
v -0.039546 0.013996 0.034304
v -0.039616 0.012995 0.034033
v -0.032267 0.017495 0.037424
v -0.032057 0.017871 0.036806
v -0.035266 0.017837 0.036185
v -0.035487 0.017415 0.036835
v -0.038119 0.017413 0.035390
v -0.038009 0.017853 0.034802
v -0.035319 0.016704 0.033735
v -0.034420 0.017223 0.029865
v -0.037431 0.017158 0.029079
v -0.038542 0.016833 0.032600
v -0.031560 0.016585 0.034239
v -0.031074 0.017686 0.030397
v -0.027912 0.017165 0.034403
v -0.027818 0.018399 0.030535
v -0.025455 0.018726 0.034011
v -0.034417 0.028971 0.036603
v -0.034624 0.029006 0.037279
v -0.039381 0.028267 0.036669
v -0.038940 0.028142 0.035891
v -0.051219 0.000466 -0.119243
v -0.052637 0.015706 -0.124475
v -0.039800 0.011290 -0.133852
v -0.041808 0.026576 0.034930
v -0.041856 0.026989 0.034781
v -0.044125 0.025825 0.033427
v -0.043906 0.025354 0.033538
v -0.041727 0.025960 0.035012
v -0.043679 0.024696 0.033390
v -0.038755 0.027178 0.036474
v -0.038833 0.027724 0.036402
v -0.038845 0.027981 0.036036
v -0.043914 0.023481 0.028477
v -0.042949 0.025006 0.029252
v -0.042796 0.023697 0.031870
v -0.043578 0.022680 0.030784
v -0.044347 0.022739 0.027793
v -0.044066 0.021939 0.029898
v -0.043862 0.023258 0.024396
v -0.043051 0.024048 0.025074
v -0.041805 0.025029 0.026060
v -0.044319 0.022502 0.024040
v -0.044591 0.021671 0.023956
v -0.044440 0.020842 0.023890
v -0.044132 0.020090 0.024195
v -0.060943 -0.010718 0.022146
v -0.060595 0.000141 0.021053
v -0.063395 -0.007561 0.017977
v -0.043599 0.018588 0.031212
v -0.044266 0.019018 0.030520
v -0.043061 0.018990 0.031056
v -0.043467 0.019314 0.030542
v -0.044744 0.019488 0.029790
v -0.045208 0.018940 0.029701
v -0.041897 0.017407 0.030370
v -0.041585 0.017786 0.027204
v -0.042724 0.018257 0.026289
v -0.042864 0.018176 0.029206
v -0.040759 0.016946 0.031377
v -0.039800 0.017383 0.028148
v -0.043218 0.018873 0.025467
v -0.043778 0.019454 0.024721
v -0.043417 0.018681 0.028564
v -0.043872 0.019206 0.027778
v -0.043888 0.019742 0.029861
v -0.044509 0.020529 0.027076
v -0.044631 0.021141 0.027193
v -0.044245 0.020085 0.029175
v -0.044621 0.020636 0.028542
v -0.044279 0.019909 0.027204
v -0.044586 0.021949 0.027391
v -0.044405 0.021234 0.029084
v -0.045730 0.018220 0.029136
v -0.045645 0.019330 0.029065
v -0.046510 0.020208 0.028217
v -0.046325 0.017972 0.028482
v -0.047322 0.017734 0.027567
v -0.046892 0.016407 0.027814
v -0.047778 0.020461 0.027682
v -0.049037 0.020650 0.027159
v -0.048441 0.017528 0.026698
v -0.047758 0.015967 0.026937
v -0.045175 0.019845 0.029186
v -0.045504 0.020374 0.028689
v -0.047216 0.021819 0.028823
v -0.048065 0.022417 0.028629
v -0.046069 0.021363 0.029193
v -0.045567 0.022329 0.030454
v -0.046515 0.022968 0.030439
v -0.047079 0.023580 0.030399
v -0.045464 0.024084 0.031976
v -0.045893 0.024642 0.031912
v -0.044801 0.023450 0.031837
v -0.045116 0.021221 0.029392
v -0.044694 0.021998 0.030280
v -0.044053 0.022886 0.031415
v -0.043219 0.023908 0.032675
v -0.041557 0.025344 0.034506
v -0.041245 0.025123 0.033718
v -0.038643 0.026519 0.036061
v -0.038514 0.026372 0.035385
v -0.035129 0.029654 0.038655
v -0.040516 0.029208 0.037887
v -0.038395 0.027601 0.032321
v -0.036599 0.026737 0.029141
v -0.034036 0.027159 0.030411
v -0.034929 0.028366 0.034028
v -0.023101 0.022618 0.033041
v -0.023459 0.023879 0.033569
v -0.023823 0.024487 0.030796
v -0.023281 0.023211 0.030333
v -0.022193 0.022166 0.034017
v -0.023359 0.023450 0.034634
v -0.027003 0.027292 0.035072
v -0.027567 0.026630 0.031436
v -0.024900 0.025976 0.031231
v -0.024667 0.025730 0.034411
v -0.027897 0.026230 0.036378
v -0.025144 0.024821 0.035504
v -0.034924 0.027133 0.036465
v -0.021962 0.073683 -0.143499
v -0.021496 0.057751 -0.146901
v -0.041133 0.059700 -0.137916
v -0.041141 0.073584 -0.135151
v -0.041437 0.026507 0.030550
v -0.039516 0.025999 0.027648
v -0.051345 0.074855 -0.127430
v -0.050497 0.083749 -0.124398
v -0.041550 0.085510 -0.129839
v -0.036008 -0.061898 -0.097509
v -0.025908 -0.072421 -0.104877
v -0.021446 0.021791 0.035257
v -0.022909 0.023102 0.035718
v -0.020444 0.020862 0.034840
v -0.019352 0.020558 0.035222
v -0.020269 0.021743 0.035508
v -0.021804 0.023315 0.035991
v -0.024758 0.024696 0.036349
v -0.023900 0.025072 0.036755
v -0.027087 0.026950 0.037532
v -0.027716 0.026398 0.037191
v -0.034757 0.027116 0.037252
v -0.034509 0.027764 0.037420
v -0.026493 0.027339 0.037372
v -0.023313 0.025436 0.036583
v -0.025999 0.027678 0.036947
v -0.023033 0.026041 0.036238
v -0.034303 0.028790 0.036888
v -0.034351 0.028369 0.037328
v -0.022614 0.018434 0.035657
v -0.019732 0.019004 0.035207
v -0.022913 0.018950 0.035203
v -0.020749 0.019475 0.034840
v -0.023835 0.019242 0.034385
v -0.020125 0.019821 0.034739
v -0.019115 0.019447 0.035116
v -0.023819 0.019606 0.033185
v -0.019326 0.021841 0.035240
v -0.018322 0.020287 0.035315
v -0.018155 0.021942 0.035101
v -0.017161 0.020128 0.035259
v -0.020157 0.024129 0.035387
v -0.020973 0.023658 0.035689
v -0.018068 0.019044 0.035230
v -0.018634 0.018509 0.035344
v -0.017008 0.018769 0.035247
v -0.017690 0.018048 0.035334
v -0.024946 0.015552 0.036739
v -0.024615 0.014720 0.036824
v -0.021377 0.016924 0.036088
v -0.020712 0.016219 0.036159
v -0.033146 0.011716 0.036345
v -0.036426 0.011808 0.035370
v -0.032619 0.010351 0.036423
v -0.036078 0.010250 0.035390
v -0.027699 0.010920 0.037210
v -0.028278 0.012197 0.037035
v -0.031237 -0.115170 -0.017530
v -0.046798 0.013174 0.027904
v -0.048104 0.011497 0.027373
v -0.046378 0.010851 0.029046
v -0.045363 0.012745 0.029312
v -0.043775 0.012382 0.030775
v -0.044272 0.010453 0.030886
v -0.041809 0.010325 0.032534
v -0.041738 0.012111 0.032426
v -0.039502 0.011927 0.033881
v -0.039277 0.010266 0.033943
v -0.049978 0.016881 0.025516
v -0.051227 0.020234 0.025455
v -0.051942 0.015750 0.024021
v -0.053566 0.019584 0.023373
v -0.016697 0.022509 0.035642
v -0.015826 0.020332 0.035345
v -0.014583 0.023182 0.036896
v -0.014094 0.020738 0.036332
v -0.016107 0.026006 0.038169
v -0.018257 0.025445 0.036538
v -0.016044 0.018579 0.035256
v -0.016721 0.017523 0.035342
v -0.014639 0.018307 0.035801
v -0.015677 0.016840 0.035806
v -0.024026 0.013604 0.036894
v -0.023352 0.012379 0.037063
v -0.019938 0.015361 0.036238
v -0.018957 0.014343 0.036577
v -0.049220 -0.010822 -0.114483
v -0.053653 0.031804 -0.127118
v -0.048120 0.033442 0.036221
v -0.045797 0.030478 0.036793
v -0.042126 0.031485 0.038908
v -0.044026 0.035064 0.039350
v -0.050339 0.038105 0.034281
v -0.052978 0.034631 0.031244
v -0.050792 0.031226 0.033205
v -0.048457 0.028899 0.034309
v -0.052239 0.023119 0.026589
v -0.050407 0.023220 0.028017
v -0.050581 0.024995 0.029688
v -0.052427 0.025554 0.028307
v -0.054549 0.023128 0.024261
v -0.055029 0.026639 0.026034
v -0.051882 0.028088 0.030544
v -0.049826 0.026844 0.031914
v -0.054314 0.030278 0.028725
v -0.024123 0.031087 0.040731
v -0.024986 0.029767 0.038689
v -0.021919 0.027732 0.037137
v -0.020233 0.028192 0.038555
v -0.022809 0.032386 0.042017
v -0.018202 0.028772 0.039881
v -0.037539 0.036127 0.042104
v -0.036210 0.032170 0.040574
v -0.025627 0.027927 0.036617
v -0.023250 0.026468 0.036299
v -0.025485 0.028107 0.036820
v -0.023162 0.026674 0.036342
v -0.059244 0.095059 -0.106283
v -0.061591 0.101245 -0.093751
v -0.044764 0.112060 -0.100005
v -0.043854 0.104384 -0.112399
v -0.042005 0.027049 0.034809
v -0.042423 0.027260 0.035594
v -0.044923 0.026269 0.034067
v -0.044342 0.025969 0.033497
v -0.046254 0.024945 0.031973
v -0.046914 0.025265 0.032324
v -0.048182 0.024256 0.030618
v -0.047508 0.023974 0.030445
v -0.048189 0.023283 0.029288
v -0.048762 0.023155 0.028996
v -0.022895 0.027252 0.036806
v -0.025381 0.028530 0.037425
v -0.052731 0.062632 -0.128836
v -0.045681 0.077337 0.027271
v -0.052775 0.073554 0.020375
v -0.050466 0.066477 0.025953
v -0.043695 0.028351 0.036544
v -0.046370 0.027259 0.034566
v -0.048172 0.025964 0.032462
v -0.049219 0.024600 0.030631
v -0.049577 0.023626 0.029244
v -0.071558 -0.013382 -0.038024
v -0.072153 -0.013439 -0.039877
v -0.079584 -0.003630 -0.065101
v -0.078100 0.003094 -0.063934
v -0.077062 0.006719 -0.062692
v -0.078665 0.015106 -0.049769
v -0.082593 0.018154 -0.052814
v -0.081504 -0.022224 -0.059398
v -0.078581 -0.023923 -0.055420
v -0.081622 -0.021275 -0.059888
v -0.088309 0.014242 -0.064252
v -0.088437 0.012620 -0.065719
v -0.089054 0.012467 -0.065688
v -0.042115 -0.032595 -0.104841
v -0.046594 -0.019859 -0.110703
v -0.088807 0.010569 -0.067211
v -0.074269 -0.008758 -0.042437
v -0.080578 -0.004352 -0.065581
v -0.082131 -0.005136 -0.067513
v -0.082182 -0.010362 -0.068058
v -0.081861 -0.009742 -0.066844
v -0.081100 -0.015213 -0.066142
v -0.080952 -0.014191 -0.065283
v -0.083249 -0.018695 -0.062498
v -0.085476 -0.015344 -0.064477
v -0.083687 0.018628 -0.053952
v -0.082936 0.017669 -0.052328
v -0.084344 0.018288 -0.054242
v -0.074968 -0.009992 -0.043886
v -0.076914 0.013434 -0.049409
v -0.076553 0.011131 -0.048316
v -0.076092 0.011460 -0.048792
v -0.071257 -0.005166 -0.048121
v -0.071317 -0.004223 -0.048242
v -0.072330 -0.006558 -0.047620
v -0.074901 -0.008081 -0.046261
v -0.068399 -0.015621 -0.046124
v -0.067604 -0.017030 -0.048352
v -0.068119 -0.018083 -0.047593
v -0.085483 0.025211 -0.058224
v -0.076733 0.010146 -0.048074
v -0.078132 0.011222 -0.048211
v -0.078395 0.012441 -0.048502
v -0.085117 0.017896 -0.054567
v -0.078433 0.013371 -0.048866
v -0.077782 0.013327 -0.048726
v -0.079338 0.014892 -0.049685
v -0.077193 0.013215 -0.048941
v -0.074521 -0.011870 -0.060137
v -0.073294 -0.012296 -0.058168
v -0.074005 0.007862 -0.038228
v -0.074395 0.005369 -0.041001
v -0.077725 -0.024558 -0.053324
v -0.076860 0.014467 -0.058619
v -0.077109 0.017039 -0.059341
v -0.086624 -0.010661 -0.066523
v -0.080167 -0.015649 -0.056201
v -0.078149 -0.016378 -0.054291
v -0.081989 -0.014566 -0.058042
v -0.083504 -0.012046 -0.059784
v -0.071990 0.004031 -0.053837
v -0.083047 0.007773 -0.058503
v -0.083449 0.005696 -0.060076
v -0.081760 0.007800 -0.056623
v -0.078647 0.020791 -0.056875
v -0.078275 0.020725 -0.054830
v -0.078764 0.014791 -0.056029
v -0.077356 0.018994 -0.054716
v -0.070487 -0.012205 -0.046644
v -0.070134 -0.018342 -0.050027
v -0.069040 -0.016198 -0.050767
v -0.071038 -0.018276 -0.051126
v -0.070347 -0.017409 -0.052448
v -0.070932 -0.015885 -0.054151
v -0.071790 -0.013996 -0.055407
v -0.071744 -0.011574 -0.056151
v -0.070163 -0.008173 -0.047600
v -0.078517 0.020001 -0.045064
v -0.069610 -0.009979 -0.047269
v -0.071527 -0.006520 -0.047794
v -0.071651 -0.008272 -0.047301
v -0.071349 -0.010224 -0.046816
v -0.075257 -0.019091 -0.047973
v -0.076074 -0.017568 -0.050452
v -0.073981 -0.018347 -0.047242
v -0.076891 -0.016938 -0.052500
v -0.072970 -0.018013 -0.046748
v -0.076847 0.015798 -0.056829
v -0.077310 0.019024 -0.056471
v -0.071993 -0.009816 -0.035790
v -0.065482 -0.002272 0.013171
v -0.066812 0.007472 0.007830
v -0.025764 -0.051688 0.034548
v -0.024655 -0.054737 0.035107
v -0.057684 -0.013589 0.026638
v -0.052991 -0.016059 0.031893
v -0.024967 -0.045979 0.046088
v -0.024256 -0.046610 0.046376
v -0.023271 -0.046067 0.046541
v -0.024009 -0.045681 0.046131
v -0.021684 -0.045430 0.044912
v -0.022571 -0.045476 0.044203
v -0.022765 -0.045533 0.044998
v -0.022002 -0.045442 0.045710
v -0.029277 -0.030786 0.046609
v -0.032888 -0.026810 0.044906
v -0.035233 -0.031142 0.044072
v -0.031702 -0.034468 0.045942
v -0.024458 -0.046815 0.036923
v -0.024245 -0.045431 0.037236
v -0.022975 -0.045297 0.041025
v -0.023428 -0.045912 0.040755
v -0.024148 -0.049661 0.037102
v -0.023181 -0.047326 0.040633
v -0.026347 -0.047612 0.034358
v -0.025591 -0.045283 0.034628
v -0.034551 -0.052724 0.041961
v -0.030799 -0.050430 0.043727
v -0.031728 -0.047243 0.044167
v -0.035461 -0.047996 0.042404
v -0.025182 -0.019202 0.045600
v -0.029331 -0.022977 0.045535
v -0.025896 -0.026910 0.046896
v -0.022051 -0.022605 0.046679
v -0.018309 -0.017852 0.047055
v -0.021195 -0.015271 0.045713
v -0.016876 -0.010142 0.050162
v -0.017213 -0.013745 0.051249
v -0.016438 -0.014660 0.054379
v -0.017064 -0.012584 0.053275
v -0.014521 -0.018554 0.052892
v -0.017273 -0.015973 0.049761
v -0.010683 -0.019730 0.053595
v -0.010230 -0.019012 0.054371
v -0.014803 -0.019083 0.051645
v -0.015304 -0.020069 0.050110
v -0.011255 -0.020371 0.052799
v -0.009455 -0.017936 0.055100
v -0.012187 -0.017970 0.054960
v -0.013974 -0.016087 0.056362
v -0.003333 -0.016740 0.063109
v -0.004517 -0.015467 0.064804
v -0.008834 0.012259 0.049124
v -0.011752 0.008922 0.046239
v -0.008732 0.009751 0.051052
v -0.011655 0.006765 0.048262
v -0.013034 -0.013856 0.059898
v -0.014688 -0.012111 0.058392
v -0.010605 -0.012455 0.063404
v -0.011703 -0.010059 0.062918
v -0.003200 0.026842 0.049152
v -0.001219 -0.020478 0.059335
v -0.001525 -0.021305 0.058986
v -0.000911 -0.019218 0.061065
v -0.022721 0.097055 -0.130839
v -0.023166 0.109626 -0.119424
v -0.022355 0.123623 -0.096084
v -0.020081 0.128424 -0.083604
v -0.005346 -0.037405 0.060957
v -0.004899 -0.034822 0.060833
v -0.012259 -0.038941 0.047326
v -0.006626 -0.038665 0.048627
v -0.006255 -0.042259 0.051399
v -0.011603 -0.042389 0.050030
v -0.015812 -0.042673 0.047958
v -0.016767 -0.039322 0.045381
v -0.012830 -0.035473 0.045803
v -0.007045 -0.035100 0.047133
v -0.011509 -0.044295 0.053459
v -0.006201 -0.044185 0.055564
v -0.006105 -0.042275 0.058427
v -0.011628 -0.042798 0.055770
v -0.018106 -0.024514 0.049052
v -0.013983 -0.023625 0.051519
v -0.009517 -0.023442 0.054766
v -0.006016 -0.023590 0.057159
v -0.005231 -0.021553 0.057258
v -0.007902 -0.020981 0.055219
v -0.004881 -0.020688 0.057515
v -0.007492 -0.020242 0.055667
v -0.007257 -0.019445 0.056084
v -0.007851 -0.018042 0.056344
v -0.005999 -0.018141 0.057556
v -0.006594 -0.016926 0.057138
v -0.004765 -0.019746 0.057648
v -0.003132 0.004502 0.062872
v -0.002862 0.007781 0.060037
v -0.009614 -0.033214 0.058751
v -0.004570 -0.032688 0.060177
v -0.003875 -0.028870 0.059150
v -0.008395 -0.028870 0.057849
v -0.013095 -0.029698 0.055500
v -0.014760 -0.035034 0.056173
v -0.001922 -0.022127 0.058683
v -0.009977 -0.035415 0.059078
v -0.010292 -0.037878 0.058948
v -0.015230 -0.037350 0.056348
v -0.015514 -0.039561 0.056055
v -0.019549 -0.037668 0.053075
v -0.018554 -0.031815 0.052694
v -0.024382 -0.034049 0.049579
v -0.023596 -0.040588 0.049898
v -0.031608 -0.044131 0.045030
v -0.026425 -0.046281 0.045787
v -0.026599 -0.044980 0.046314
v -0.026253 -0.043721 0.047140
v -0.030676 -0.040939 0.046223
v -0.035189 -0.043427 0.043425
v -0.033941 -0.038732 0.044719
v -0.028601 -0.037735 0.047612
v -0.025510 -0.042410 0.048131
v -0.025109 -0.045259 0.046529
v -0.024096 -0.045382 0.046430
v -0.024894 -0.044503 0.047285
v -0.023838 -0.045038 0.047061
v -0.024281 -0.043810 0.048212
v -0.023382 -0.044711 0.047808
v -0.022512 -0.044109 0.048930
v -0.023128 -0.042672 0.049584
v -0.021987 -0.045378 0.044733
v -0.021007 -0.045297 0.045738
v -0.021119 -0.045340 0.047062
v -0.021995 -0.045431 0.046079
v -0.022590 -0.045427 0.044212
v -0.022508 -0.045408 0.045516
v -0.022408 -0.044676 0.042071
v -0.021093 -0.043884 0.043760
v -0.023126 -0.045626 0.043502
v -0.023097 -0.045449 0.044651
v -0.023147 -0.045455 0.046032
v -0.023028 -0.045357 0.046410
v -0.022545 -0.045221 0.047044
v -0.021732 -0.044986 0.047957
v -0.015533 -0.041631 0.055003
v -0.019166 -0.041695 0.052826
v -0.018863 -0.043375 0.051529
v -0.015423 -0.043715 0.053044
v -0.018458 -0.044531 0.050019
v -0.017521 -0.035926 0.044073
v -0.015073 -0.044603 0.051236
v -0.020181 -0.040389 0.042921
v -0.021123 -0.037766 0.040765
v -0.018915 -0.043228 0.045509
v -0.023786 -0.043958 0.038227
v -0.022180 -0.042225 0.040654
v -0.025097 -0.043451 0.035689
v -0.023265 -0.040246 0.038561
v -0.018315 -0.045050 0.048156
v -0.019480 -0.039888 0.053191
v -0.010850 -0.040302 0.057758
v -0.005600 -0.039680 0.059930
v -0.003771 -0.002440 0.068977
v -0.003576 0.001277 0.065856
v -0.022550 -0.045589 0.046485
v -0.009493 -0.122289 -0.007729
v -0.025692 -0.047422 0.045868
v -0.023309 -0.051863 0.037167
v -0.022336 -0.048345 0.040884
v -0.031501 -0.057002 0.042638
v -0.026626 -0.061183 0.045151
v -0.024263 -0.057091 0.047033
v -0.028336 -0.053630 0.044461
v -0.021536 -0.050439 0.049337
v -0.024148 -0.048884 0.047033
v -0.022908 -0.047411 0.047706
v -0.020572 -0.048212 0.049965
v -0.019657 -0.046575 0.050314
v -0.021959 -0.046297 0.047832
v -0.017589 -0.044943 0.048873
v -0.013221 -0.044119 0.051885
v -0.012509 -0.047981 0.047049
v -0.017236 -0.048543 0.044580
v -0.020789 -0.048582 0.042156
v -0.020779 -0.045387 0.045864
v -0.018291 -0.044684 0.049659
v -0.021145 -0.045235 0.046695
v -0.013590 -0.044014 0.052900
v -0.019812 -0.119704 -0.011560
v -0.021423 -0.045506 0.047547
v -0.018740 -0.045157 0.050048
v -0.014371 -0.044830 0.053574
v -0.015447 -0.046785 0.054110
v -0.016337 -0.049107 0.054210
v -0.017047 -0.052018 0.053317
v -0.018967 -0.059536 0.050476
v -0.020170 -0.064666 0.049341
v -0.012858 -0.061035 0.053343
v -0.013514 -0.066308 0.053241
v -0.011747 -0.053178 0.056823
v -0.011434 -0.049554 0.058113
v -0.010741 -0.046831 0.057802
v -0.010008 -0.044598 0.056793
v -0.002541 -0.023878 0.058427
v -0.004696 -0.017991 0.058658
v -0.003522 -0.017635 0.060848
v -0.006591 -0.013990 0.065530
v -0.000738 -0.018207 0.063148
v -0.008998 -0.012410 0.064848
v -0.007373 -0.012919 0.066316
v -0.007915 -0.011424 0.066968
v -0.009109 -0.010898 0.065813
v -0.005820 -0.013367 0.067534
v -0.006975 -0.011549 0.067869
v -0.001722 -0.014217 0.069382
v -0.002552 -0.011101 0.071013
v -0.003538 -0.005917 0.070789
v -0.002965 -0.009129 0.071413
v -0.008263 -0.009829 0.067378
v -0.009570 -0.008008 0.066180
v -0.010163 -0.005363 0.063989
v -0.012566 -0.007597 0.060725
v -0.010900 0.134577 -0.039762
v -0.009275 -0.043451 0.055892
v -0.008762 -0.043595 0.053991
v -0.012187 -0.058573 0.040508
v -0.012303 -0.054005 0.042877
v -0.007849 -0.053845 0.044408
v -0.007765 -0.058865 0.042059
v -0.004449 -0.043582 0.054876
v -0.004058 -0.047576 0.049601
v -0.008197 -0.047651 0.048611
v -0.004665 -0.043298 0.057123
v -0.005187 -0.044573 0.058349
v -0.005768 -0.046806 0.059653
v -0.003757 -0.054014 0.045142
v -0.003735 -0.059018 0.042908
v -0.021547 -0.053339 0.038425
v -0.022444 -0.057050 0.036309
v -0.017220 -0.054183 0.040809
v -0.017521 -0.058249 0.038657
v -0.007258 -0.066457 0.055830
v -0.006821 -0.061506 0.055465
v -0.005936 -0.050243 0.059954
v -0.006227 -0.054251 0.058449
v -0.023136 0.117862 -0.108454
v -0.064250 0.079943 -0.002610
v -0.062754 0.072724 0.005026
v -0.055709 0.080655 0.012234
v -0.057621 0.086279 0.005051
v -0.064972 0.087929 -0.010639
v -0.058231 0.093164 -0.002550
v -0.040928 0.125749 -0.059241
v -0.041558 0.125358 -0.044933
v -0.022260 0.131842 -0.040993
v -0.035696 0.125618 -0.073297
v -0.048121 0.116737 -0.082672
v -0.050506 0.119757 -0.063211
v -0.050536 0.120005 -0.047830
v -0.025322 -0.086560 -0.106847
v -0.053640 0.044848 -0.128267
v -0.049237 0.119159 -0.033994
v -0.040931 0.123698 -0.031140
v -0.040426 0.120679 -0.018786
v -0.047952 0.116992 -0.022293
v -0.022087 0.129636 -0.026557
v -0.010798 0.132054 -0.024728
v -0.019483 0.007354 -0.141763
v -0.002769 0.010983 0.057397
v -0.047180 -0.049041 -0.088096
v -0.056404 -0.049409 -0.070087
v -0.055830 -0.100909 -0.049218
v -0.068292 -0.026667 -0.053218
v -0.068060 -0.026293 -0.054067
v -0.059564 -0.064441 -0.051641
v -0.060833 -0.050494 -0.052664
v -0.038106 -0.047871 -0.100115
v -0.078061 -0.015679 -0.064019
v -0.079050 -0.012010 -0.065170
v -0.079071 -0.016504 -0.063740
v -0.080225 -0.012624 -0.065071
v -0.080528 -0.008551 -0.065691
v -0.079492 -0.018347 -0.063193
v -0.078617 0.020727 -0.052383
v -0.079673 0.022140 -0.051996
v -0.067932 -0.028144 -0.049019
v -0.067731 -0.027550 -0.050708
v -0.067354 -0.027718 -0.049599
v -0.067191 -0.028282 -0.048414
v -0.067722 -0.029049 -0.047519
v -0.067194 -0.028858 -0.047268
v -0.079275 0.037231 -0.044374
v -0.065926 -0.028453 -0.050115
v -0.067514 -0.026513 -0.053178
v -0.067481 -0.027213 -0.051855
v -0.066576 -0.027754 -0.050353
v -0.066171 -0.028577 -0.048276
v -0.066298 -0.029524 -0.046600
v -0.067504 -0.030260 -0.046321
v -0.079477 -0.019481 -0.063838
v -0.072144 -0.029843 -0.052305
v -0.078380 0.012843 -0.059478
v -0.078414 0.011161 -0.060908
v -0.080394 0.012667 -0.062808
v -0.080365 0.014862 -0.061295
v -0.059114 -0.010011 -0.102229
v -0.061587 0.001293 -0.107123
v -0.012851 -0.084987 -0.111412
v -0.013150 -0.070747 -0.110590
v -0.076696 0.034177 -0.091892
v -0.078530 0.014482 -0.057719
v -0.080524 0.016585 -0.059687
v -0.079613 -0.007851 -0.065440
v -0.078336 0.013637 -0.057283
v -0.078161 0.012027 -0.058963
v -0.081347 0.018093 -0.061596
v -0.081332 0.015857 -0.063358
v -0.081340 0.013355 -0.064869
v -0.077948 0.010212 -0.060719
v -0.078226 0.019266 -0.058883
v -0.081747 0.065871 -0.067510
v -0.080756 0.059733 -0.081671
v -0.078124 0.083319 -0.070673
v -0.077303 0.078073 -0.086108
v -0.072497 0.071832 -0.102126
v -0.075763 0.052483 -0.097761
v -0.078194 0.020459 -0.053652
v -0.080208 0.023028 -0.053022
v -0.065462 0.094547 -0.018319
v -0.070495 0.089290 -0.025687
v -0.058418 0.099144 -0.009594
v -0.058182 0.104446 -0.016249
v -0.064735 0.100712 -0.025244
v -0.071847 0.093477 -0.037548
v -0.080999 0.056233 -0.052816
v -0.080069 0.071587 -0.053230
v -0.077051 0.076024 -0.039487
v -0.076284 0.088673 -0.054884
v -0.067659 0.102816 -0.043791
v -0.071264 0.099040 -0.058459
v -0.060407 0.111396 -0.047596
v -0.062460 0.109184 -0.062354
v -0.062279 0.106512 -0.078446
v -0.072930 0.094860 -0.073748
v -0.062745 0.106202 -0.031380
v -0.056533 0.109239 -0.021620
v -0.057477 0.112589 -0.034836
v -0.054229 0.113283 -0.026133
v -0.075138 0.078103 -0.032108
v -0.064573 -0.034756 -0.045070
v -0.066052 -0.035047 -0.040380
v -0.070221 -0.024037 -0.033493
v -0.069767 0.000825 0.001124
v -0.069519 0.013668 -0.001004
v -0.072868 0.005659 -0.011515
v -0.071421 -0.007813 -0.008721
v -0.068414 0.027675 -0.002138
v -0.072109 0.020096 -0.012552
v -0.072529 0.034753 -0.014069
v -0.068693 0.042670 -0.002129
v -0.063389 0.066203 -0.117233
v -0.065562 0.049050 -0.115483
v -0.065961 0.035906 -0.113901
v -0.048671 0.059712 0.029564
v -0.022391 0.087719 -0.137170
v -0.047986 0.085323 0.019846
v -0.055683 0.087385 -0.117295
v -0.042376 0.093369 -0.123880
v -0.072002 0.089764 -0.088954
v -0.068598 0.084283 -0.102569
v -0.060445 0.077622 -0.117546
v -0.064726 0.019289 -0.112119
v -0.048597 0.113149 -0.014725
v -0.056813 0.022940 0.021366
v -0.055770 0.018392 0.020326
v -0.057335 0.027769 0.022997
v -0.053926 0.013592 0.021683
v -0.015262 0.005946 0.044016
v -0.014839 0.003901 0.045782
v -0.014235 0.001773 0.047753
v -0.018420 0.001218 0.043757
v -0.017576 -0.001648 0.045470
v -0.011322 0.001671 0.052403
v -0.011470 0.004299 0.050378
v -0.013922 -0.000985 0.049487
v -0.013821 -0.003901 0.051283
v -0.011310 -0.001149 0.054908
v -0.017798 -0.016269 0.047817
v -0.018944 -0.011637 0.046321
v -0.016569 -0.007371 0.048166
v -0.021299 -0.004465 0.044229
v -0.020245 -0.007722 0.045378
v -0.016903 -0.004265 0.046812
v -0.022663 -0.001237 0.042532
v -0.014768 -0.007036 0.054002
v -0.015420 -0.010173 0.056633
v -0.012144 -0.004299 0.057913
v -0.009926 -0.002181 0.060927
v -0.009252 0.001212 0.057970
v -0.019053 0.003378 0.042170
v -0.023607 0.001292 0.041170
v -0.023798 -0.011221 0.045119
v -0.028409 -0.014587 0.045039
v -0.025660 -0.006869 0.043660
v -0.030227 -0.009664 0.043519
v -0.027011 -0.003421 0.041981
v -0.031520 -0.005871 0.041634
v -0.032572 -0.018254 0.044733
v -0.036137 -0.022282 0.043842
v -0.039361 -0.027224 0.042297
v -0.038985 -0.017195 0.042125
v -0.042828 -0.022636 0.040395
v -0.040957 -0.012273 0.040140
v -0.045488 -0.017195 0.038290
v -0.034932 -0.013112 0.043080
v -0.036542 -0.008898 0.041047
v -0.032724 -0.002239 0.039831
v -0.028285 -0.000313 0.040439
v -0.042012 -0.001339 0.036258
v -0.041872 -0.006735 0.038191
v -0.037325 -0.004358 0.039046
v -0.037898 0.000039 0.037264
v -0.047078 -0.010501 0.036185
v -0.046634 -0.002927 0.034662
v -0.045785 0.001904 0.033197
v -0.031869 0.008571 0.036933
v -0.026972 0.009163 0.037648
v -0.035533 0.008257 0.035902
v -0.041665 0.002583 0.034806
v -0.038219 0.003359 0.036068
v -0.049652 0.009000 0.027235
v -0.047424 0.008252 0.029384
v -0.041731 0.007923 0.033216
v -0.038858 0.008035 0.034644
v -0.044678 0.008025 0.031474
v -0.022389 0.010757 0.037603
v -0.017992 0.012954 0.037607
v -0.055366 -0.062582 -0.067013
v -0.008957 0.004242 0.055478
v -0.008796 0.007182 0.053263
v -0.015041 0.029319 0.041629
v -0.013116 0.026492 0.040077
v -0.006615 0.026715 0.046660
v -0.019413 0.033141 0.044160
v -0.014350 0.015589 0.037760
v -0.012833 0.017884 0.037839
v -0.011901 0.020772 0.038428
v -0.011916 0.023503 0.039234
v -0.031178 0.048176 0.045825
v -0.028131 0.041228 0.047248
v -0.059268 0.065699 0.013860
v -0.063057 0.056505 0.009700
v -0.051470 0.043481 0.030956
v -0.054806 0.038767 0.027847
v -0.056852 0.033281 0.025122
v -0.064946 0.044059 0.006590
v -0.065493 0.030912 0.005442
v -0.066270 0.018746 0.005715
v -0.049855 0.097643 0.005862
v -0.049747 0.103407 -0.000900
v -0.049392 0.091413 0.012892
v -0.040208 0.116745 -0.009344
v -0.040278 0.112261 -0.001010
v -0.049337 0.108571 -0.007715
v -0.040762 0.107064 0.006225
v -0.041104 0.101301 0.012948
v -0.040632 0.095145 0.020064
v -0.039546 0.088638 0.026883
v -0.037814 0.079581 0.033624
v -0.045460 -0.061463 -0.085211
v -0.006825 -0.006299 0.053639
v -0.006095 -0.006094 0.054160
v -0.005701 -0.006882 0.053159
v -0.005057 -0.006577 0.053670
v -0.004537 -0.008359 0.053533
v -0.006232 -0.015204 0.056207
v -0.004819 -0.013429 0.054932
v -0.004091 -0.010061 0.053528
v -0.068341 -0.030471 -0.035320
v -0.055456 -0.096779 -0.063654
v -0.051330 -0.093229 -0.075925
v 0.055754 -0.096425 -0.064976
v 0.051268 -0.092965 -0.077241
v 0.021436 -0.125466 -0.014150
v 0.032875 -0.121817 -0.019464
v 0.033930 -0.129771 -0.020887
v 0.022110 -0.132590 -0.015676
v 0.058647 -0.113902 -0.071026
v 0.056726 -0.105294 -0.066032
v 0.052952 -0.101724 -0.080367
v 0.056434 -0.110477 -0.085796
v 0.046265 -0.099913 -0.092746
v 0.049852 -0.109672 -0.098112
v 0.039446 -0.110429 -0.107473
v 0.036995 -0.098989 -0.102325
v 0.025795 -0.098797 -0.109369
v 0.027691 -0.111306 -0.113757
v 0.043830 -0.117402 -0.027624
v 0.052187 -0.112870 -0.038694
v 0.052745 -0.121996 -0.040270
v 0.044222 -0.125610 -0.028973
v 0.056786 -0.108695 -0.051555
v 0.057952 -0.117568 -0.054912
v 0.014112 -0.110693 -0.117821
v 0.013183 -0.097084 -0.113222
v 0.024002 -0.148855 -0.017487
v 0.011322 -0.149888 -0.015580
v 0.011271 -0.141589 -0.014625
v 0.023258 -0.140749 -0.016874
v 0.054488 -0.152753 -0.034662
v 0.068491 -0.147521 -0.047540
v 0.075062 -0.154662 -0.043672
v 0.059449 -0.159980 -0.029889
v 0.095820 -0.154179 -0.056520
v 0.104428 -0.144467 -0.077706
v 0.038923 -0.156022 -0.024061
v 0.041980 -0.163455 -0.018745
v -0.000103 -0.121866 -0.125828
v -0.000044 -0.109041 -0.118776
v 0.094565 -0.139441 -0.080874
v 0.093040 -0.135699 -0.102863
v 0.105676 -0.140540 -0.101182
v 0.052176 -0.158187 -0.142033
v 0.052294 -0.164850 -0.145653
v 0.067482 -0.160210 -0.141925
v 0.063098 -0.154249 -0.138054
v 0.072394 -0.125140 -0.097679
v 0.061146 -0.126360 -0.112150
v 0.070068 -0.133038 -0.117072
v 0.082581 -0.130603 -0.102072
v 0.036266 -0.143149 -0.134001
v 0.053987 -0.137846 -0.126547
v 0.046763 -0.129762 -0.121315
v 0.031823 -0.133841 -0.127963
v 0.084984 -0.134534 -0.080840
v 0.073719 -0.129428 -0.078827
v 0.077921 -0.141311 -0.062972
v 0.068933 -0.134924 -0.062006
v 0.061385 -0.139565 -0.047083
v 0.055579 -0.118396 -0.104454
v 0.043509 -0.120464 -0.113997
v 0.028693 -0.123012 -0.120841
v 0.013594 -0.123669 -0.125204
v -0.000614 -0.171921 -0.143822
v -0.000484 -0.159930 -0.141016
v 0.017662 -0.145675 -0.136521
v 0.016041 -0.134465 -0.130893
v 0.086698 -0.147498 -0.061142
v 0.061878 -0.126954 -0.059529
v 0.056138 -0.130976 -0.044685
v 0.065796 -0.167351 -0.020489
v 0.083536 -0.162255 -0.036408
v 0.045875 -0.171384 -0.009436
v 0.027756 -0.174033 -0.002721
v 0.019094 -0.157370 -0.141468
v 0.018328 -0.169567 -0.144255
v 0.037249 -0.166434 -0.145247
v 0.040671 -0.154523 -0.140455
v 0.049663 -0.143261 -0.034526
v 0.037029 -0.147249 -0.024595
v 0.024384 -0.157680 -0.016234
v 0.063107 -0.118601 -0.091071
v 0.064190 -0.122596 -0.075419
v 0.046335 -0.133941 -0.031962
v 0.035495 -0.138743 -0.022926
v 0.010714 -0.133781 -0.012703
v 0.025609 -0.165792 -0.011030
v 0.095487 -0.145508 -0.121002
v 0.082072 -0.153583 -0.134013
v 0.074282 -0.150249 -0.132674
v -0.000269 -0.146853 -0.137043
v -0.000205 -0.142137 -0.013893
v -0.000401 -0.150416 -0.015625
v 0.000317 -0.134494 -0.011492
v 0.079724 -0.141195 -0.122840
v 0.059233 -0.146689 -0.133243
v 0.000589 -0.128217 -0.009025
v -0.000121 -0.096402 -0.114122
v -0.000422 -0.160286 -0.015943
v -0.000550 -0.169786 -0.010660
v -0.000659 -0.179498 -0.001686
v 0.010587 -0.127414 -0.010364
v 0.011871 -0.168185 -0.010043
v 0.011364 -0.159012 -0.014889
v 0.012897 -0.177537 -0.001814
v 0.000122 -0.133801 -0.131815
v -0.020211 -0.125847 -0.013365
v -0.031927 -0.122344 -0.018496
v -0.033457 -0.130260 -0.019849
v -0.021397 -0.132962 -0.014889
v -0.058269 -0.114085 -0.070655
v -0.056153 -0.105761 -0.064995
v -0.052925 -0.101956 -0.079508
v -0.056284 -0.110596 -0.085420
v -0.046193 -0.100062 -0.092278
v -0.049540 -0.109841 -0.097894
v -0.039280 -0.110574 -0.107315
v -0.036963 -0.099143 -0.102077
v -0.025801 -0.098966 -0.109153
v -0.027768 -0.111492 -0.113582
v -0.043158 -0.118129 -0.026474
v -0.051408 -0.113833 -0.037540
v -0.052045 -0.122643 -0.039342
v -0.043800 -0.126220 -0.027868
v -0.055669 -0.109421 -0.050335
v -0.056939 -0.118137 -0.054379
v -0.014124 -0.110846 -0.117582
v -0.013329 -0.097194 -0.113064
v -0.024410 -0.148988 -0.016729
v -0.011704 -0.150025 -0.015108
v -0.011131 -0.141765 -0.014224
v -0.023283 -0.140969 -0.016108
v -0.054566 -0.152981 -0.035372
v -0.068083 -0.147746 -0.048905
v -0.074807 -0.155072 -0.045100
v -0.059696 -0.160338 -0.030817
v -0.095763 -0.154100 -0.058058
v -0.104060 -0.143943 -0.078936
v -0.039302 -0.156168 -0.024072
v -0.042440 -0.163558 -0.019133
v -0.094690 -0.138910 -0.081902
v -0.093268 -0.135367 -0.103540
v -0.105672 -0.140185 -0.101908
v -0.053185 -0.157570 -0.142970
v -0.053439 -0.164028 -0.146658
v -0.068251 -0.159528 -0.142802
v -0.064021 -0.153654 -0.138928
v -0.072389 -0.124938 -0.098056
v -0.061163 -0.125955 -0.112304
v -0.070103 -0.132683 -0.117689
v -0.082449 -0.130263 -0.102674
v -0.036698 -0.142914 -0.134567
v -0.054066 -0.137546 -0.127185
v -0.047013 -0.130011 -0.121922
v -0.031307 -0.133887 -0.128439
v -0.084787 -0.133870 -0.081654
v -0.073473 -0.128912 -0.079399
v -0.077366 -0.141226 -0.064051
v -0.068377 -0.134937 -0.062882
v -0.060806 -0.139780 -0.047967
v -0.055082 -0.118372 -0.104602
v -0.043329 -0.120402 -0.114137
v -0.029030 -0.123056 -0.120855
v -0.014108 -0.123179 -0.124660
v -0.018248 -0.145563 -0.136800
v -0.016173 -0.134503 -0.130840
v -0.086269 -0.147500 -0.062508
v -0.061059 -0.127048 -0.059862
v -0.055439 -0.131316 -0.044636
v -0.066359 -0.167216 -0.021171
v -0.083812 -0.162292 -0.037675
v -0.046595 -0.171181 -0.009810
v -0.028798 -0.174081 -0.002731
v -0.019802 -0.157308 -0.141956
v -0.018711 -0.169576 -0.144743
v -0.037490 -0.166161 -0.146296
v -0.041238 -0.154123 -0.141314
v -0.049665 -0.143491 -0.034568
v -0.037350 -0.147426 -0.024229
v -0.024922 -0.157605 -0.015824
v -0.062714 -0.118467 -0.091108
v -0.063877 -0.122370 -0.075576
v -0.046136 -0.134364 -0.031343
v -0.035559 -0.139038 -0.022079
v -0.010121 -0.134092 -0.012377
v -0.026296 -0.165793 -0.011135
v -0.095159 -0.144873 -0.122110
v -0.082242 -0.152943 -0.135035
v -0.074562 -0.149722 -0.133687
v -0.079785 -0.140732 -0.123706
v -0.059469 -0.146252 -0.134158
v -0.009502 -0.127762 -0.010019
v -0.012793 -0.168127 -0.009982
v -0.012082 -0.158962 -0.014632
v -0.013938 -0.177414 -0.001959
v -0.005944 -0.008393 0.052691
v -0.068496 -0.033199 -0.014083
v -0.067758 -0.040908 -0.021312
v -0.064893 -0.051717 -0.014957
v -0.065891 -0.043552 -0.007720
v -0.059704 -0.062759 -0.006632
v -0.062491 -0.052652 -0.000441
v -0.053410 -0.070959 0.002201
v -0.057820 -0.060744 0.006583
v -0.048014 -0.075739 0.011950
v -0.052798 -0.065839 0.014730
v -0.033140 -0.079214 0.033692
v -0.031341 -0.084404 0.029528
v -0.024379 -0.086726 0.036981
v -0.025203 -0.082694 0.041573
v -0.017011 -0.088519 0.043761
v -0.017773 -0.084744 0.048261
v -0.009024 -0.089327 0.047776
v -0.009151 -0.085727 0.052446
v 0.000592 -0.089302 0.049524
v 0.000611 -0.085621 0.054111
v 0.000641 -0.076043 0.058173
v -0.008519 -0.076142 0.056928
v -0.008946 -0.081048 0.055509
v 0.000634 -0.081373 0.056644
v -0.016214 -0.075475 0.053077
v -0.017357 -0.080552 0.051115
v -0.023055 -0.073180 0.047395
v -0.024529 -0.078300 0.044985
v -0.030956 -0.069240 0.040747
v -0.032823 -0.074338 0.037299
v -0.037900 -0.063931 0.036646
v -0.040822 -0.067531 0.031998
v -0.008022 -0.092487 0.041144
v 0.000509 -0.092395 0.043576
v -0.015352 -0.091890 0.037356
v -0.022242 -0.090664 0.031724
v -0.028106 -0.089136 0.025149
v -0.041287 -0.079137 0.021351
v -0.034506 -0.087058 0.017013
v -0.042093 -0.082389 0.008793
v -0.048149 -0.077628 -0.001858
v -0.055842 -0.069261 -0.012084
v -0.062557 -0.057805 -0.021455
v -0.065996 -0.045212 -0.028915
v -0.069228 -0.032788 -0.026854
v -0.015239 -0.070913 0.053320
v -0.007942 -0.071385 0.056868
v -0.022384 -0.068729 0.048046
v -0.029024 -0.064868 0.043064
v -0.034465 -0.060475 0.040321
v -0.039386 -0.048916 0.039797
v -0.038227 -0.055151 0.039361
v -0.037616 -0.036562 0.042526
v -0.039012 -0.042633 0.040978
v -0.045764 -0.029847 0.037653
v -0.047502 -0.038633 0.034287
v -0.043252 -0.041184 0.037867
v -0.041830 -0.033668 0.040159
v -0.049475 -0.024257 0.034877
v -0.051720 -0.034217 0.030440
v -0.007169 -0.095382 0.035283
v 0.000462 -0.095570 0.036550
v -0.013614 -0.094916 0.031713
v -0.019310 -0.094467 0.026289
v -0.023693 -0.094021 0.019578
v -0.028432 -0.092710 0.011966
v -0.034002 -0.090001 0.003381
v -0.041184 -0.085036 -0.006454
v -0.050881 -0.075981 -0.017635
v -0.059738 -0.062418 -0.027742
v -0.063728 -0.049180 -0.035009
v -0.020118 -0.099894 0.005400
v -0.016209 -0.099422 0.011993
v -0.012890 -0.098889 0.017904
v -0.009930 -0.098616 0.022640
v -0.005537 -0.099640 0.022015
v 0.000528 -0.100072 0.021463
v -0.004784 -0.102559 0.013407
v 0.000716 -0.102308 0.013594
v -0.006914 -0.104503 0.008211
v 0.000836 -0.104908 0.007922
v -0.008783 -0.106787 0.003922
v 0.000753 -0.108575 0.003641
v -0.042077 -0.057077 0.035527
v -0.045959 -0.058242 0.030497
v -0.047746 -0.048272 0.031465
v -0.052181 -0.045333 0.026315
v -0.050485 -0.057463 0.024352
v -0.043504 -0.049203 0.036203
v -0.055861 -0.053744 0.016936
v -0.056745 -0.040592 0.020598
v -0.055796 -0.028433 0.026404
v -0.060113 -0.035997 0.015379
v -0.060222 -0.047840 0.009969
v -0.059444 -0.023984 0.021835
v -0.062387 -0.019657 0.017470
v -0.062889 -0.030474 0.010448
v -0.063050 -0.041769 0.004866
v -0.044858 -0.070633 0.024897
v -0.065668 -0.034642 -0.001318
v -0.064825 -0.015239 0.013005
v -0.065129 -0.025140 0.005904
v -0.067376 -0.009376 0.007497
v -0.067990 -0.017663 -0.000552
v -0.068172 -0.026760 -0.008116
v -0.070579 -0.024557 -0.022749
v 0.000580 -0.071244 0.058184
v -0.063912 -0.033313 -0.049898
v -0.021559 -0.029707 0.049718
v -0.016351 -0.027405 0.052019
v -0.011284 -0.026544 0.055176
v -0.007164 -0.026208 0.057461
v -0.003143 -0.026479 0.058699
v 0.000662 -0.117633 -0.003664
v 0.000412 0.041497 0.050919
v 0.000631 -0.112031 0.000514
v 0.000701 -0.058995 0.043236
v -0.000229 0.133073 -0.023687
v 0.000564 -0.066312 0.057419
v 0.000632 -0.053922 0.045557
v 0.001108 0.001987 0.067073
v 0.000541 -0.061288 0.056673
v 0.000530 -0.050517 0.060504
v 0.000485 -0.044634 0.058912
v 0.000003 0.081520 0.044324
v 0.000504 -0.047218 0.060361
v 0.000704 -0.024107 0.058695
v 0.001143 -0.001692 0.070178
v 0.000499 -0.042983 0.057573
v -0.000267 -0.045724 -0.115388
v 0.000575 -0.053871 0.059333
v 0.000574 -0.047222 0.050034
v 0.000516 -0.043400 0.055480
v 0.000455 -0.035162 0.047721
v 0.000637 -0.026808 0.058831
v 0.001039 0.017816 0.053998
v -0.000339 -0.006648 -0.138447
v 0.001031 0.014862 0.056218
v -0.000140 0.107572 0.026735
v -0.000059 0.092402 0.039144
v 0.001070 0.005276 0.063958
v -0.000289 0.057184 -0.150418
v -0.000270 0.073990 -0.147096
v 0.000127 0.062060 0.048761
v -0.000223 0.130092 -0.086966
v 0.001152 -0.005289 0.072128
v 0.000933 -0.018647 0.063277
v -0.000214 0.124921 0.001152
v -0.000326 0.022172 -0.148556
v -0.000226 0.119754 -0.111637
v 0.000496 -0.042678 0.059012
v -0.000224 0.129420 -0.010705
v 0.000510 -0.044241 0.056031
v 0.001066 -0.014692 0.070041
v -0.000337 0.006251 -0.144338
v -0.000309 0.036157 -0.150370
v 0.000462 -0.032893 0.060249
v 0.000551 -0.029202 0.059250
v -0.000224 0.125715 -0.099708
v 0.000298 0.048361 0.050727
v 0.000447 -0.035178 0.061253
v 0.000989 0.026836 0.050059
v 0.000491 -0.037943 0.061652
v 0.000603 -0.122991 -0.006543
v -0.000241 0.098620 -0.133892
v 0.000491 -0.040475 0.060413
v 0.000513 -0.042061 0.051856
v 0.001046 0.008530 0.060963
v 0.000484 -0.038664 0.049293
v 0.000066 0.070779 0.047255
v 0.000841 -0.021452 0.059388
v 0.000891 -0.020601 0.059783
v 0.001043 0.023676 0.050740
v -0.000103 0.100642 0.033231
v 0.000866 0.029649 0.049988
v 0.000792 -0.022325 0.059025
v -0.000254 0.088998 -0.140388
v -0.000226 0.135183 -0.069462
v -0.000227 0.136507 -0.056277
v 0.001059 0.020688 0.051989
v 0.001041 0.011959 0.058366
v -0.000244 -0.057541 -0.113321
v 0.001128 -0.011431 0.072074
v 0.001143 -0.008848 0.072607
v -0.000196 0.119527 0.011330
v -0.000330 -0.016343 -0.133418
v -0.000229 0.135937 -0.039140
v -0.000171 0.113746 0.019587
v -0.000286 -0.033908 -0.121599
v -0.000311 -0.023964 -0.128981
v 0.001012 -0.015989 0.068618
v 0.000711 0.033111 0.050203
v 0.000965 -0.017617 0.065741
v -0.000232 0.111539 -0.122326
v 0.000919 -0.019642 0.061126
v 0.007854 -0.008496 0.052562
v 0.067756 -0.033225 -0.014933
v 0.066808 -0.040887 -0.022203
v 0.064239 -0.051649 -0.015925
v 0.065613 -0.043538 -0.008575
v 0.059571 -0.062671 -0.007462
v 0.062497 -0.052596 -0.001254
v 0.053820 -0.070902 0.001414
v 0.058053 -0.060695 0.005845
v -0.003257 -0.014791 0.067643
v -0.002289 -0.016386 0.065375
v 0.048758 -0.075761 0.011353
v 0.053299 -0.065833 0.014058
v -0.015831 0.019349 0.035295
v -0.007603 -0.018424 0.056299
v -0.006251 0.003236 0.060791
v -0.014275 0.019437 0.035970
v 0.033988 -0.079192 0.033296
v 0.032299 -0.084338 0.029187
v 0.025413 -0.086672 0.036718
v 0.026247 -0.082692 0.041342
v -0.009778 -0.018272 0.054921
v 0.018104 -0.088460 0.043594
v 0.018922 -0.084766 0.048177
v 0.010155 -0.089315 0.047697
v 0.010361 -0.085781 0.052414
v -0.005687 0.009551 0.055619
v -0.008199 0.018255 0.044534
v 0.009696 -0.076166 0.057000
v 0.010222 -0.081096 0.055521
v -0.005844 0.006355 0.058266
v -0.015237 -0.015561 0.055232
v -0.013431 -0.018144 0.054025
v -0.005704 -0.009441 0.069501
v -0.006687 -0.006849 0.068657
v 0.017391 -0.075508 0.053051
v -0.006506 -0.012217 0.067758
v -0.003791 -0.013680 0.068492
v 0.018558 -0.080624 0.051056
v -0.018036 0.019531 0.035264
v -0.023488 0.021612 0.030121
v -0.004948 -0.011210 0.069401
v -0.002069 -0.012960 0.070202
v -0.021241 0.020639 0.033310
v -0.016917 0.019416 0.035271
v -0.011107 -0.011050 0.063210
v -0.006547 0.017119 0.048377
v 0.024153 -0.073149 0.047266
v 0.025631 -0.078313 0.044817
v 0.031826 -0.069247 0.040446
v 0.033711 -0.074386 0.036943
v -0.013909 -0.012750 0.059204
v 0.038509 -0.063952 0.036179
v 0.041390 -0.067551 0.031484
v 0.009259 -0.092464 0.041050
v -0.019041 0.019833 0.035160
v -0.020038 0.020175 0.034788
v -0.006829 -0.000086 0.063826
v 0.016574 -0.091801 0.037189
v 0.023409 -0.090578 0.031469
v 0.029128 -0.089091 0.024857
v 0.042158 -0.079093 0.020866
v -0.022895 0.021111 0.032567
v -0.002149 -0.018393 0.060905
v -0.009109 -0.011520 0.065302
v -0.007696 -0.011920 0.066693
v -0.002732 -0.019205 0.059099
v 0.035672 -0.087024 0.016560
v 0.043127 -0.082349 0.008267
v -0.012302 0.019193 0.038137
v 0.048832 -0.077578 -0.002607
v -0.005971 0.014836 0.051375
v -0.005862 0.012027 0.053428
v 0.055913 -0.069242 -0.012977
v 0.062033 -0.057784 -0.022517
v -0.001993 -0.017468 0.063136
v 0.065083 -0.045241 -0.029976
v 0.068177 -0.032877 -0.027729
v 0.016487 -0.070932 0.053377
v 0.009180 -0.071378 0.057060
v 0.023489 -0.068728 0.047935
v -0.007145 -0.003655 0.066748
v 0.029953 -0.064849 0.042840
v 0.035216 -0.060447 0.039926
v 0.039960 -0.048829 0.039266
v -0.005152 -0.018782 0.057686
v 0.038837 -0.055081 0.038932
v 0.038207 -0.036545 0.041927
v 0.039601 -0.042598 0.040383
v 0.046353 -0.029914 0.036992
v 0.047988 -0.038637 0.033687
v 0.043764 -0.041129 0.037276
v 0.001111 -0.013222 0.071134
v -0.004289 -0.012574 0.068988
v 0.042428 -0.033692 0.039537
v 0.049962 -0.024388 0.034115
v 0.052107 -0.034274 0.029731
v 0.008418 -0.095360 0.035171
v -0.030359 0.033504 0.042202
v -0.030236 0.031176 0.040239
v 0.014849 -0.094832 0.031553
v 0.020668 -0.094442 0.026020
v 0.025003 -0.093997 0.019276
v 0.029645 -0.092599 0.011613
v 0.035300 -0.089889 0.002923
v 0.042202 -0.084929 -0.007172
v -0.023150 0.036737 0.046257
v -0.004451 0.037098 0.050200
v -0.009895 0.037302 0.049345
v 0.051482 -0.076083 -0.018616
v -0.030169 0.028061 0.037635
v -0.031040 0.026976 0.036611
v -0.029946 0.029252 0.038255
v -0.031075 0.027066 0.037432
v -0.030575 0.027652 0.037661
v 0.059536 -0.062464 -0.028868
v -0.029784 0.028876 0.037268
v 0.063158 -0.049263 -0.036230
v -0.029806 0.028655 0.036965
v 0.021507 -0.099707 0.004993
v -0.029377 0.036501 0.044193
v 0.017640 -0.099393 0.011748
v 0.014367 -0.098953 0.017674
v -0.029843 0.028438 0.037283
v -0.030854 0.028039 0.035136
v 0.011442 -0.098717 0.022439
v -0.030933 0.027114 0.031218
v 0.006859 -0.099672 0.021880
v 0.000555 0.037039 0.050424
v -0.021775 0.048350 0.049148
v -0.052275 0.048401 0.028038
v 0.006360 -0.102514 0.013242
v -0.055619 0.042541 0.024965
v 0.008466 -0.104343 0.007941
v -0.048499 0.005173 0.029958
v -0.051147 0.006082 0.027527
v -0.018932 0.041743 0.049577
v 0.010163 -0.106485 0.003546
v 0.042598 -0.057038 0.035042
v 0.046350 -0.058208 0.029958
v 0.048108 -0.048202 0.030916
v 0.052450 -0.045275 0.025670
v -0.027160 0.070768 0.042656
v -0.031683 0.119614 -0.005447
v -0.025402 0.062410 0.044961
v -0.040318 0.054563 0.038217
v 0.050819 -0.057446 0.023692
v -0.031768 0.114943 0.003629
v 0.044024 -0.049167 0.035641
v 0.056125 -0.053763 0.016191
v 0.056934 -0.040614 0.019893
v 0.056072 -0.028533 0.025649
v 0.060288 -0.036051 0.014661
v -0.047287 0.053175 0.032420
v 0.060321 -0.047817 0.009203
v -0.055832 0.011310 0.020526
v -0.006701 0.054786 0.049961
v -0.057573 0.017096 0.018308
v 0.059648 -0.024086 0.021095
v -0.014847 0.054877 0.049351
v -0.028005 0.129369 -0.068050
v 0.062550 -0.019805 0.016767
v 0.062983 -0.030556 0.009753
v 0.063060 -0.041786 0.004083
v 0.045451 -0.070602 0.024336
v -0.013664 0.033282 0.046491
v 0.065487 -0.034710 -0.002107
v -0.038565 0.005983 0.035202
v -0.041622 0.005500 0.033854
v 0.064849 -0.015455 0.012295
v -0.031993 0.129282 -0.056712
v -0.054893 0.008921 0.022674
v -0.030448 0.090647 0.032300
v -0.009615 0.026621 0.043709
v -0.010941 0.029589 0.044536
v -0.031202 0.097752 0.025691
v 0.065024 -0.025285 0.005196
v 0.067148 -0.009609 0.006745
v 0.067593 -0.017842 -0.001314
v -0.031562 0.104132 0.018640
v 0.067621 -0.026861 -0.008923
v 0.069587 -0.024720 -0.023664
v -0.032028 0.123637 -0.016072
v -0.021503 0.009161 0.038047
v 0.063171 -0.033580 -0.051253
v 0.022329 -0.029683 0.049422
v 0.017294 -0.027448 0.051894
v -0.058062 0.035826 0.022318
v -0.058997 0.028851 0.020392
v -0.032665 0.128800 -0.042826
v -0.031128 0.006996 0.037406
v -0.058585 0.022842 0.018990
v -0.015959 0.131311 -0.076134
v 0.012387 -0.026565 0.055209
v -0.053397 0.007183 0.025082
v 0.008450 -0.026207 0.057576
v 0.004466 -0.026438 0.058777
v -0.032714 0.054913 0.043261
v -0.035046 0.006371 0.036402
v -0.009061 0.023634 0.042840
v -0.016926 0.011432 0.038462
v -0.013414 0.014537 0.039070
v -0.031692 0.109798 0.011513
v -0.011185 0.017103 0.040211
v -0.009253 0.020832 0.041925
v -0.026269 0.007703 0.038072
v -0.029004 0.080808 0.038644
v -0.032279 0.126829 -0.028745
v -0.045073 0.005281 0.032056
v -0.000225 0.132638 -0.078948
v 0.000192 0.054609 0.049969
v -0.010084 0.018710 0.041194
v -0.016254 0.037300 0.048092
v -0.023792 0.054925 0.047275
v 0.000606 -0.057427 0.057495
v -0.026740 -0.040321 0.048159
v -0.028149 -0.042567 0.046855
v -0.027768 -0.048713 0.044977
v -0.019349 -0.034849 0.052898
v -0.023864 -0.037770 0.050079
v -0.017928 -0.055525 0.051942
v -0.028707 -0.044627 0.045819
v -0.012131 -0.056785 0.055006
v -0.028700 -0.046712 0.045161
v -0.006316 -0.057842 0.056723
v 0.000501 -0.030980 0.059787
v -0.009066 -0.030903 0.058348
v -0.004299 -0.030623 0.059725
v -0.014178 -0.032384 0.055848
v -0.025793 -0.050900 0.045914
v -0.022890 -0.053189 0.048153
v 0.005323 -0.015097 0.067768
v 0.004299 -0.016668 0.065413
v 0.016416 0.019190 0.034428
v 0.009289 -0.018514 0.056192
v 0.008113 0.003351 0.060782
v 0.014982 0.019277 0.035144
v 0.011476 -0.018336 0.054848
v 0.007497 0.009627 0.055607
v 0.009500 0.018246 0.044177
v 0.007702 0.006454 0.058264
v 0.016871 -0.015557 0.055102
v 0.015083 -0.018170 0.053931
v 0.007810 -0.009451 0.069695
v 0.008779 -0.006779 0.068815
v 0.008515 -0.012316 0.067938
v 0.005862 -0.013889 0.068658
v 0.018408 0.019425 0.034382
v 0.023837 0.021467 0.029075
v 0.007057 -0.011296 0.069606
v 0.004266 -0.013127 0.070397
v 0.021418 0.020666 0.032343
v 0.017383 0.019290 0.034369
v 0.012874 -0.010959 0.063256
v 0.008133 0.017144 0.048220
v 0.015584 -0.012708 0.059157
v 0.019335 0.019760 0.034303
v 0.020264 0.020162 0.033884
v 0.008735 0.000037 0.063832
v 0.023081 0.021091 0.031623
v 0.003960 -0.018503 0.060835
v 0.010988 -0.011502 0.065429
v 0.009631 -0.011965 0.066848
v 0.004467 -0.019315 0.058983
v 0.013072 0.019031 0.037383
v 0.007700 0.014883 0.051337
v 0.007741 0.012100 0.053443
v 0.003894 -0.017653 0.063097
v 0.009177 -0.003547 0.066833
v 0.006830 -0.018871 0.057554
v 0.006388 -0.012724 0.069190
v 0.030551 0.033433 0.041541
v 0.030456 0.031083 0.039608
v 0.023433 0.036381 0.045888
v 0.005395 0.037009 0.050061
v 0.010630 0.037081 0.049179
v 0.030256 0.028264 0.036465
v 0.031121 0.027269 0.035103
v 0.030170 0.029150 0.037597
v 0.031094 0.027430 0.035946
v 0.030599 0.027950 0.036260
v 0.029984 0.028835 0.036582
v 0.029966 0.028664 0.036183
v 0.029557 0.036352 0.043619
v 0.029971 0.028524 0.036348
v 0.030942 0.028242 0.033705
v 0.031084 0.027055 0.029928
v 0.022067 0.048143 0.048864
v 0.052311 0.048640 0.027500
v 0.055613 0.042783 0.024372
v 0.048566 0.005141 0.029043
v 0.051088 0.006089 0.026585
v 0.019307 0.041420 0.049333
v 0.027071 0.070732 0.042248
v 0.031218 0.119715 -0.005684
v 0.025463 0.062343 0.044596
v 0.040364 0.054657 0.037756
v 0.031312 0.115049 0.003377
v 0.047306 0.053359 0.031895
v 0.055587 0.011384 0.019579
v 0.007027 0.054696 0.049844
v 0.057390 0.017202 0.017426
v 0.015145 0.054728 0.049148
v 0.027554 0.129419 -0.068183
v 0.014369 0.032965 0.046245
v 0.038873 0.005961 0.034501
v 0.041872 0.005488 0.033110
v 0.031538 0.129348 -0.056879
v 0.054672 0.008947 0.021689
v 0.030208 0.090688 0.031962
v 0.010837 0.026437 0.043510
v 0.011884 0.029306 0.044282
v 0.030873 0.097834 0.025380
v 0.031169 0.104234 0.018350
v 0.031561 0.123733 -0.016295
v 0.022124 0.009020 0.037096
v 0.057948 0.036066 0.021612
v 0.058862 0.029108 0.019670
v 0.032205 0.128880 -0.043019
v 0.031640 0.006874 0.036518
v 0.058474 0.023013 0.018196
v 0.015510 0.131334 -0.076195
v 0.053312 0.007183 0.024115
v 0.032829 0.054875 0.042904
v 0.035393 0.006339 0.035634
v 0.010245 0.023471 0.042545
v 0.017625 0.011316 0.037603
v 0.014248 0.014427 0.038352
v 0.031258 0.109905 0.011242
v 0.012119 0.017008 0.039574
v 0.010352 0.020710 0.041467
v 0.026687 0.007613 0.037053
v 0.028842 0.080799 0.038271
v 0.031815 0.126918 -0.028955
v 0.045214 0.005239 0.031208
v 0.011094 0.018618 0.040638
v 0.016772 0.036920 0.047899
v 0.024006 0.054801 0.047012
v 0.027496 -0.040174 0.048023
v 0.028919 -0.042395 0.046689
v 0.028534 -0.048609 0.044743
v 0.020229 -0.034835 0.052929
v 0.024669 -0.037742 0.049985
v 0.018808 -0.055479 0.051902
v 0.029489 -0.044440 0.045684
v 0.013189 -0.056743 0.054980
v 0.029453 -0.046524 0.044935
v 0.007301 -0.057851 0.056778
v 0.010067 -0.030817 0.058565
v 0.005305 -0.030559 0.059851
v 0.015055 -0.032296 0.055989
v 0.026612 -0.050810 0.045717
v 0.023800 -0.053209 0.047999
v 0.032199 0.022348 0.022456
v -0.031918 0.022968 0.023297
f 4 2 1
f 8 6 5
f 13 15 14
f 17 19 18
f 32 30 29
f 36 34 33
f 37 39 38
f 21 23 20
f 25 27 24
f 41 43 42
f 48 46 45
f 52 50 49
f 53 55 54
f 60 58 57
f 29 62 61
f 66 64 63
f 67 6 68
f 72 70 69
f 76 74 73
f 77 79 78
f 81 83 82
f 59 86 85
f 88 90 89
f 96 94 93
f 100 98 97
f 101 103 102
f 106 34 87
f 108 115 107
f 117 36 118
f 124 126 125
f 131 129 128
f 132 134 133
f 142 140 139
f 148 60 147
f 144 127 124
f 149 151 150
f 156 154 153
f 159 158 157
f 116 164 105
f 171 169 168
f 174 173 172
f 179 181 180
f 186 188 187
f 194 196 195
f 199 139 198
f 206 208 207
f 213 211 210
f 202 214 201
f 96 216 54
f 92 43 44
f 97 246 100
f 250 229 228
f 252 58 253
f 258 256 255
f 260 229 259
f 110 112 113
f 114 263 109
f 265 267 266
f 56 270 269
f 274 249 250
f 185 63 64
f 280 278 276
f 285 283 157
f 288 211 212
f 141 92 46
f 289 175 176
f 148 105 106
f 312 170 171
f 238 42 43
f 318 160 317
f 310 308 307
f 241 325 324
f 160 240 317
f 47 307 308
f 108 315 164
f 345 86 119
f 348 350 349
f 356 358 357
f 355 353 352
f 363 32 362
f 149 150 176
f 364 253 365
f 366 368 367
f 183 371 63
f 163 161 160
f 209 101 208
f 378 165 166
f 379 381 380
f 383 3 4
f 284 386 385
f 387 389 388
f 391 229 249
f 73 397 396
f 405 407 406
f 203 411 410
f 414 413 412
f 1 357 4
f 277 131 275
f 254 57 58
f 358 415 351
f 417 386 408
f 401 192 420
f 419 127 143
f 421 182 422
f 103 302 409
f 428 368 174
f 380 359 356
f 62 266 323
f 140 431 430
f 357 351 348
f 356 379 380
f 415 403 434
f 437 436 435
f 438 440 439
f 188 450 449
f 452 454 453
f 265 181 421
f 224 64 225
f 237 213 427
f 275 128 458
f 281 460 459
f 50 79 461
f 73 282 281
f 468 466 465
f 390 352 359
f 482 484 483
f 489 487 486
f 493 495 494
f 472 470 469
f 502 500 499
f 220 222 223
f 512 143 66
f 518 511 80
f 513 230 286
f 205 31 244
f 189 451 188
f 163 532 8
f 533 225 251
f 446 447 412
f 335 540 334
f 544 546 545
f 329 291 292
f 199 262 238
f 385 416 550
f 532 191 247
f 363 118 243
f 236 237 250
f 578 580 579
f 573 571 570
f 561 562 272
f 241 259 240
f 590 592 591
f 545 595 594
f 503 155 504
f 606 624 623
f 478 480 479
f 646 648 647
f 590 689 684
f 564 651 650
f 728 184 727
f 714 716 715
f 692 575 693
f 541 581 578
f 346 248 400
f 161 230 160
f 128 94 95
f 698 704 703
f 574 576 575
f 290 401 328
f 630 725 726
f 733 735 734
f 755 496 493
f 759 481 760
f 757 762 761
f 764 466 467
f 768 3808 3809
f 759 488 489
f 492 475 771
f 474 769 473
f 773 465 772
f 771 486 483
f 484 775 491
f 774 489 486
f 495 764 756
f 495 761 494
f 137 784 136
f 325 797 547
f 165 51 52
f 369 29 370
f 730 568 569
f 90 301 89
f 243 516 242
f 800 806 805
f 817 808 816
f 816 823 822
f 306 447 807
f 815 809 808
f 829 828 825
f 726 501 502
f 274 424 423
f 879 881 880
f 884 879 885
f 219 217 211
f 906 904 897
f 455 205 542
f 898 830 829
f 903 880 881
f 906 897 898
f 377 519 165
f 923 948 946
f 946 951 950
f 3519 739 3517
f 900 886 880
f 225 65 144
f 182 442 422
f 809 947 824
f 954 962 961
f 927 965 966
f 885 880 886
f 925 966 967
f 343 341 340
f 965 971 968
f 968 970 969
f 972 969 973
f 963 981 978
f 336 338 339
f 992 827 828
f 810 996 959
f 1007 1002 1008
f 1012 827 1009
f 1011 1007 1008
f 294 292 291
f 907 920 919
f 1017 1019 1018
f 1020 1022 1021
f 1035 1020 1044
f 1061 1047 1046
f 1063 1046 1062
f 1044 1021 1045
f 1102 1097 1109
f 1116 1118 1117
f 1016 1014 1013
f 881 904 903
f 816 1127 817
f 1094 949 1097
f 514 167 515
f 146 81 82
f 1133 1130 1129
f 1102 1126 822
f 822 1116 816
f 1145 1148 1136
f 1076 1151 1069
f 1148 1086 1087
f 1109 1114 1136
f 1154 1156 1155
f 1153 967 1156
f 3464 463 3714
f 1144 1152 1151
f 1156 1163 1162
f 1164 1169 1165
f 1145 1176 1147
f 1114 1154 1171
f 1183 1164 1177
f 1184 1177 1185
f 1069 1062 1064
f 1023 1194 1022
f 1162 1170 1169
f 1195 1185 1191
f 1183 1176 1155
f 1201 1152 1196
f 1061 1201 1202
f 3825 843 3836
f 1203 1195 1034
f 1202 1184 1195
f 1218 1203 1217
f 1060 1202 1203
f 1225 1217 1219
f 671 694 670
f 1219 1024 1035
f 1217 1034 1024
f 1226 1015 1227
f 1243 1234 1233
f 1231 1229 1228
f 847 1233 843
f 843 1244 878
f 1233 1245 1244
f 1923 233 216
f 2100 499 500
f 3914 2135 3900
f 61 323 505
f 210 217 457
f 1299 1309 1300
f 3863 1231 3862
f 1066 1321 1322
f 1322 1228 1229
f 1060 1321 1047
f 1325 1323 1310
f 1244 1332 1330
f 1290 1242 1288
f 1337 1339 1338
f 1330 1340 1339
f 1341 1245 1294
f 1342 1332 1341
f 1343 1341 1344
f 1344 1294 1293
f 3857 1345 1346
f 1347 1342 1343
f 3856 1295 1345
f 1349 1348 1347
f 3861 1347 3853
f 3853 1343 3857
f 906 829 1353
f 905 1353 1354
f 865 1355 1357
f 1355 829 825
f 1357 825 826
f 1356 1353 1355
f 3834 1338 3833
f 866 1356 865
f 1358 1354 1356
f 3828 1337 3834
f 838 1012 841
f 1363 1338 1339
f 1368 1339 1340
f 1348 1340 1342
f 1371 3824 3829
f 524 526 523
f 528 530 527
f 1372 1369 1371
f 535 537 538
f 1367 1348 1350
f 1370 1359 1369
f 1369 3833 3824
f 1373 903 904
f 555 557 558
f 1374 910 1373
f 1373 905 1375
f 1374 1375 1376
f 1375 1354 1370
f 1378 908 1377
f 376 651 1387
f 1388 973 969
f 586 588 585
f 1390 1388 1391
f 1391 969 970
f 597 599 596
f 600 602 603
f 1392 970 979
f 608 610 607
f 612 523 611
f 614 616 613
f 617 25 24
f 620 622 619
f 1397 1391 1392
f 1398 1392 1399
f 1400 920 1378
f 1402 1165 1169
f 636 638 635
f 930 1402 929
f 641 643 644
f 929 1169 1170
f 1404 1403 1402
f 1411 1365 1406
f 1412 1415 1414
f 652 654 655
f 609 657 658
f 659 661 662
f 558 586 585
f 665 667 664
f 1413 1406 1412
f 1418 3810 3813
f 1417 1371 1416
f 1416 3829 3810
f 1419 1416 1418
f 1386 1374 1420
f 677 679 676
f 1385 1420 1421
f 1420 1376 1422
f 685 687 688
f 1421 1422 1423
f 528 691 658
f 1422 1372 1417
f 1018 747 1425
f 699 701 702
f 1424 579 1017
f 3663 1767 3660
f 700 711 712
f 1093 3754 1571
f 717 530 719
f 721 723 720
f 704 3543 3554
f 19 1426 1430
f 1429 1427 1426
f 1658 3542 3544
f 1439 1434 1438
f 1437 1435 1434
f 1426 1433 1432
f 1442 1432 1440
f 742 744 745
f 1432 1441 1440
f 751 753 750
f 1438 1403 1405
f 1446 1444 1443
f 1447 1446 1443
f 3860 1443 3848
f 1415 1445 1446
f 1414 1446 1448
f 2173 469 470
f 777 779 686
f 780 782 783
f 1676 1806 1675
f 3859 1349 3861
f 789 791 788
f 745 793 742
f 652 795 653
f 1455 1457 1456
f 1454 1350 1452
f 610 802 801
f 3831 698 703
f 1352 1045 1351
f 1015 1459 1460
f 811 813 814
f 2118 3817 2117
f 819 821 818
f 1466 1194 1190
f 1467 1465 1466
f 1182 1468 1467
f 832 833 831
f 835 837 834
f 1467 1190 1182
f 1469 1444 1445
f 840 712 690
f 1453 1469 1454
f 599 845 846
f 1226 3849 3855
f 851 853 850
f 855 856 854
f 858 860 857
f 861 863 864
f 1014 3855 3858
f 867 868 869
f 870 872 873
f 874 876 877
f 1310 1471 1309
f 1476 1427 1475
f 1461 1475 1460
f 887 889 890
f 788 892 891
f 894 896 893
f 1460 1227 1015
f 901 524 612
f 1465 1477 1464
f 1865 3500 1864
f 911 913 914
f 916 918 915
f 1850 3507 1851
f 921 895 894
f 1479 1436 1478
f 926 667 601
f 1481 563 1480
f 269 84 1482
f 931 933 916
f 934 614 869
f 936 688 937
f 938 662 939
f 1484 122 123
f 941 835 834
f 320 509 510
f 1849 3505 1850
f 84 1484 83
f 1487 1488 539
f 1757 3502 3509
f 365 1491 364
f 461 80 511
f 117 362 1496
f 1494 541 1495
f 926 957 958
f 1477 1433 1476
f 1709 1585 1700
f 119 1496 345
f 271 504 156
f 511 189 186
f 345 1492 365
f 255 344 254
f 57 299 132
f 1501 268 1500
f 267 1499 145
f 974 976 977
f 1678 1693 1676
f 3846 1807 3840
f 557 663 558
f 983 984 985
f 1443 3849 3848
f 421 268 265
f 989 991 988
f 1490 418 1504
f 279 309 310
f 997 676 679
f 998 999 875
f 1504 38 1505
f 1506 1507 1486
f 360 1508 1506
f 1506 207 360
f 939 1006 938
f 270 1483 269
f 66 546 512
f 1010 793 935
f 367 437 1509
f 244 363 243
f 1670 3534 1669
f 209 1510 226
f 235 1512 1511
f 1511 234 235
f 388 426 425
f 427 250 237
f 161 521 231
f 100 45 44
f 1025 608 1027
f 1029 1031 1028
f 939 1033 1032
f 41 594 99
f 1036 783 1037
f 702 1038 1039
f 1040 1042 1043
f 362 369 1493
f 187 477 186
f 70 539 198
f 1511 1521 234
f 1049 603 1048
f 613 869 614
f 860 1051 857
f 1005 1053 1006
f 753 1056 1054
f 1057 1059 1055
f 293 1522 292
f 288 1521 1522
f 292 1523 329
f 331 1508 1524
f 306 453 305
f 100 41 99
f 462 78 79
f 330 1524 462
f 635 1068 636
f 1485 1526 1528
f 206 1528 1510
f 1070 1072 831
f 942 1073 1074
f 916 1075 917
f 440 1530 439
f 157 1514 285
f 1529 5 1530
f 371 546 63
f 790 663 791
f 1077 857 1078
f 1403 1435 1165
f 1080 1082 1079
f 531 1529 440
f 21 1084 1085
f 272 1531 561
f 137 396 397
f 690 802 691
f 335 3567 581
f 1090 1029 1091
f 1092 794 1042
f 1533 137 138
f 661 1095 1096
f 69 445 72
f 1099 1101 1098
f 38 1536 1505
f 1104 1106 1103
f 852 1108 853
f 1377 909 1386
f 291 411 294
f 316 516 33
f 539 1533 534
f 1505 316 313
f 1110 1112 1113
f 1539 460 264
f 522 1537 1539
f 834 1120 1119
f 1122 1124 1121
f 612 1041 901
f 935 615 614
f 276 130 131
f 1686 3522 1685
f 193 1541 273
f 231 1540 287
f 556 982 557
f 365 85 345
f 190 318 1541
f 1810 3574 3528
f 3924 3512 3791
f 1132 985 1131
f 208 102 132
f 1134 662 661
f 1491 80 77
f 429 1542 147
f 1137 915 918
f 172 428 174
f 1139 1141 1142
f 549 54 55
f 1517 1518 296
f 976 1146 938
f 834 984 941
f 1543 286 115
f 1544 239 513
f 133 1544 1542
f 506 257 258
f 420 328 401
f 1158 1160 1157
f 587 1103 588
f 1513 1514 151
f 607 1027 608
f 304 1545 303
f 364 77 506
f 69 198 139
f 1006 976 938
f 700 1112 701
f 3877 3525 3787
f 1166 657 656
f 1167 858 1077
f 1300 3524 1299
f 1172 1174 1175
f 218 200 217
f 1179 1181 1178
f 372 97 98
f 89 227 88
f 1186 1188 1189
f 172 1517 1549
f 1482 81 1498
f 1090 1193 1030
f 394 353 1551
f 526 1198 1197
f 811 858 812
f 1199 1026 1025
f 606 697 696
f 1204 1206 743
f 1207 523 526
f 1209 867 613
f 914 685 936
f 1478 1441 1477
f 1029 1161 1091
f 1211 1213 1214
f 3858 1451 3859
f 844 1216 845
f 423 273 274
f 1220 1222 1083
f 22 1224 23
f 882 897 881
f 1519 173 387
f 1189 1232 1178
f 349 550 416
f 1071 1236 1072
f 1237 1239 745
f 1221 1189 1240
f 1510 1512 333
f 939 1241 1005
f 1556 5 67
f 1553 394 1551
f 404 67 347
f 1247 1249 1246
f 142 238 92
f 1251 635 1250
f 850 1253 851
f 1254 1077 1255
f 57 133 429
f 443 552 551
f 1187 1175 1188
f 1256 831 833
f 432 382 383
f 741 747 746
f 434 351 415
f 349 383 348
f 251 1481 1480
f 395 352 353
f 1518 1550 1551
f 1558 378 340
f 109 314 315
f 285 1513 407
f 395 393 392
f 202 410 1558
f 417 405 432
f 1246 1258 1247
f 3 297 2
f 1259 1261 1262
f 403 347 284
f 955 953 952
f 462 51 330
f 1096 687 1263
f 429 60 57
f 896 1265 932
f 1267 1268 1266
f 423 327 420
f 37 180 40
f 20 1187 1186
f 1256 1071 1070
f 155 156 504
f 1188 1269 1232
f 1236 1271 1262
f 1272 535 621
f 565 463 464
f 1273 745 1239
f 876 1255 1274
f 316 164 315
f 437 503 1509
f 194 1495 197
f 1275 864 863
f 624 631 630
f 1277 1137 1278
f 569 567 566
f 1481 125 366
f 324 547 326
f 1279 1107 1280
f 1525 329 1523
f 1281 1137 918
f 171 1553 1552
f 1488 396 1533
f 1557 1562 1559
f 1282 1206 1205
f 1053 1278 1281
f 778 607 1283
f 713 3566 3569
f 251 144 124
f 4 348 383
f 709 707 706
f 728 45 246
f 261 1563 544
f 789 1287 790
f 74 263 282
f 403 385 434
f 1178 1240 1189
f 1223 1289 1224
f 158 150 151
f 1220 1186 1221
f 296 354 433
f 784 1538 1566
f 1181 1291 1222
f 1269 1257 1246
f 1566 438 399
f 136 1566 1564
f 1563 169 1565
f 107 109 108
f 1297 1298 1296
f 1464 1476 1461
f 1520 507 508
f 1301 1303 1304
f 1306 1308 1305
f 175 1532 272
f 1532 200 201
f 1311 1312 1313
f 872 1315 1316
f 1317 1318 1319
f 3836 878 3828
f 1305 864 1276
f 1040 863 1320
f 1564 399 169
f 592 1575 591
f 591 1088 689
f 1581 1583 1582
f 1196 1147 1176
f 710 583 713
f 285 408 386
f 953 961 963
f 1594 1589 1593
f 1585 1587 1586
f 1592 1590 1589
f 3885 944 3899
f 1600 1598 1597
f 1604 1602 1601
f 1399 979 980
f 1589 1596 1595
f 1610 1608 1607
f 298 361 360
f 551 276 277
f 1627 3814 3819
f 859 818 860
f 1078 1328 1329
f 1555 1530 1556
f 572 680 681
f 772 776 774
f 977 918 917
f 404 392 393
f 1054 750 753
f 1644 1643 1642
f 932 1082 933
f 1067 1334 1068
f 1540 264 114
f 597 643 1336
f 471 762 470
f 1642 3831 3842
f 1644 3842 3843
f 923 950 927
f 96 548 95
f 520 522 521
f 445 443 442
f 849 848 842
f 480 755 493
f 1646 481 1639
f 311 1567 170
f 464 3497 3495
f 3497 1361 3495
f 234 236 235
f 190 192 191
f 153 152 149
f 231 286 230
f 1552 1551 1550
f 760 1648 488
f 3832 1649 3830
f 828 826 825
f 52 166 165
f 1663 1661 1660
f 287 115 286
f 668 670 669
f 634 640 639
f 553 559 554
f 118 33 516
f 492 491 490
f 3552 1651 3553
f 582 584 583
f 384 392 415
f 1381 1383 1380
f 1562 435 436
f 952 951 947
f 3529 583 584
f 1660 1667 1666
f 1394 1396 1393
f 1660 1664 1663
f 1671 1669 1668
f 1624 1673 1672
f 1407 1409 1410
f 1677 1675 1674
f 1613 1677 1625
f 1679 1676 1677
f 1626 3811 3814
f 534 198 539
f 176 150 159
f 803 734 800
f 400 191 192
f 65 143 144
f 3526 1656 3540
f 402 157 283
f 629 627 626
f 461 49 50
f 758 495 756
f 796 786 785
f 406 1513 1560
f 342 166 167
f 1694 1658 1695
f 1692 1694 1696
f 3557 1652 3552
f 3921 1703 3923
f 326 302 90
f 3916 1702 1706
f 3919 1698 1701
f 1699 3927 3918
f 1557 1560 1561
f 1127 1117 1128
f 400 289 346
f 1706 1707 1708
f 1707 1599 1600
f 1709 1708 1588
f 1714 1711 1713
f 3919 1709 1700
f 1704 1577 1703
f 1716 1713 1715
f 1559 1549 297
f 1722 1720 1719
f 1335 596 1489
f 410 377 378
f 973 1163 972
f 168 399 398
f 1571 1089 1093
f 1572 682 1571
f 749 647 754
f 1730 1723 1729
f 1594 1729 1592
f 1729 1591 1592
f 1731 1730 1583
f 1384 1377 1379
f 1732 1712 1714
f 1724 1731 1732
f 1712 1731 1580
f 1722 1732 1733
f 1721 1733 1734
f 1734 1716 1717
f 1735 1736 1697
f 1733 1714 1716
f 1663 1741 1668
f 1742 1740 1743
f 1738 1737 1735
f 1665 1666 1740
f 1665 1744 1664
f 1725 1746 1745
f 1591 1745 1590
f 1590 1747 1596
f 1745 1748 1747
f 1659 3538 3542
f 3287 3545 3282
f 1185 1182 1190
f 1664 1749 1741
f 1741 1739 1738
f 1746 1743 1748
f 1726 1742 1746
f 1153 924 925
f 1115 1153 1154
f 1654 3575 1655
f 1896 3549 1686
f 1720 1744 1726
f 1721 1749 1720
f 1750 1701 1698
f 1697 1750 1696
f 1151 1063 1062
f 1751 1670 1671
f 1695 1752 1751
f 961 986 981
f 1770 1768 1767
f 1766 1593 1765
f 1731 1579 1580
f 1579 1774 1578
f 3928 1771 3929
f 1764 3928 3917
f 1777 1775 1774
f 3762 1699 1700
f 1004 1128 1003
f 1774 1771 1772
f 987 1399 980
f 1578 1772 1764
f 1783 1781 1778
f 1597 1770 1767
f 639 3895 3884
f 3928 1769 1770
f 1793 1789 1788
f 3929 1798 1769
f 3508 3773 1806
f 1802 3924 3922
f 1788 1794 1793
f 1793 1795 1776
f 3773 1675 1806
f 1584 1783 1789
f 1771 3920 3929
f 1801 1798 1800
f 1768 1798 1799
f 1775 1797 1771
f 508 515 1520
f 1796 1802 1797
f 1800 3920 3922
f 1794 1804 1795
f 3532 1752 3547
f 485 1807 775
f 3809 1640 768
f 3837 1810 1653
f 485 1640 1808
f 1690 3770 3772
f 487 1648 1811
f 3839 1816 3822
f 3838 1648 3830
f 3839 1811 3838
f 1812 487 1811
f 1641 767 768
f 465 755 776
f 767 3823 3808
f 3822 3826 3847
f 1809 1815 767
f 3837 1651 3840
f 675 3541 3496
f 1814 1822 1821
f 1821 3821 3820
f 1824 1649 1825
f 1827 1850 1805
f 1668 1662 1663
f 1779 1848 1828
f 1790 1805 1794
f 1833 1853 1852
f 3521 693 575
f 1614 1616 1617
f 1852 3498 3501
f 1620 1622 1623
f 1855 1574 1861
f 1847 3501 3513
f 1766 1855 1782
f 1629 1631 1628
f 1633 1634 1632
f 1635 1637 1638
f 1848 1852 1847
f 1855 1863 1862
f 1803 1867 1802
f 1862 1831 1832
f 1782 1862 1781
f 3922 1865 1800
f 1873 1870 1869
f 1874 799 804
f 2045 3897 2044
f 1219 1295 1225
f 1615 1396 1395
f 3884 1877 1876
f 645 3786 3559
f 1345 1035 1346
f 634 3884 3880
f 15 1327 14
f 3910 1878 1893
f 1894 605 1893
f 3506 627 693
f 3560 645 3559
f 340 454 1558
f 1897 195 1898
f 1889 1877 1890
f 1901 129 1900
f 196 754 232
f 1705 3921 3916
f 340 166 343
f 1570 563 561
f 1904 194 1897
f 1781 1832 1780
f 1905 55 1906
f 1000 995 996
f 986 920 987
f 1191 1190 1194
f 2094 2075 2093
f 1920 1919 1915
f 453 1912 1911
f 1915 1918 1916
f 3882 2106 3901
f 1655 3531 1868
f 1916 1926 1925
f 704 3561 703
f 278 1925 1900
f 3565 1818 1820
f 1097 1115 1114
f 1927 727 1923
f 3578 3654 3758
f 1920 307 1929
f 1929 48 728
f 503 1497 1509
f 1902 787 796
f 1816 3820 3826
f 1925 1923 1924
f 1535 1568 1534
f 254 258 255
f 1509 366 367
f 119 35 36
f 219 293 294
f 141 47 431
f 542 244 245
f 1940 430 431
f 1779 1827 1790
f 1701 3915 3919
f 1661 3515 1667
f 270 754 647
f 197 749 196
f 1727 1212 1211
f 53 232 754
f 1465 1479 1478
f 1284 3854 1293
f 1951 412 413
f 168 1554 1553
f 1486 206 207
f 506 78 361
f 994 1007 993
f 951 963 964
f 1013 3861 1351
f 3826 1820 1818
f 1498 1954 1482
f 299 543 132
f 1754 1756 1753
f 1681 1683 1682
f 1696 1695 1697
f 13 738 737
f 473 475 474
f 482 768 1640
f 204 30 205
f 1761 820 819
f 611 1125 612
f 1501 1908 1909
f 1074 711 699
f 1960 82 83
f 120 1960 123
f 35 87 34
f 1773 1025 1031
f 1965 1569 1535
f 494 471 479
f 1966 1969 1968
f 446 1971 1967
f 174 125 126
f 1580 1578 1577
f 1785 1787 1784
f 1972 304 305
f 1254 875 999
f 1973 342 514
f 321 1973 509
f 1910 275 1907
f 509 514 508
f 1486 1527 1485
f 1974 804 1975
f 1977 1974 1978
f 1980 1966 1981
f 379 2 295
f 1718 1710 1701
f 884 992 883
f 1680 1678 1679
f 902 525 524
f 344 256 299
f 135 137 136
f 236 228 333
f 448 1967 1966
f 589 604 584
f 910 908 907
f 1981 1968 1987
f 1982 1987 1979
f 1988 1987 1989
f 1990 1989 1991
f 1991 1993 1992
f 322 320 319
f 992 830 883
f 1144 1086 1143
f 1995 1978 1994
f 1133 1118 1126
f 1997 1994 1996
f 870 1335 1489
f 805 1982 1998
f 727 2000 1999
f 1996 1988 1990
f 1994 1979 1988
f 1829 792 1273
f 1830 941 983
f 798 800 799
f 729 731 730
f 2011 2023 2022
f 1834 846 1159
f 402 284 347
f 2022 2024 2025
f 1838 989 988
f 810 952 809
f 1823 1840 644
f 1430 1432 1431
f 1215 1841 1079
f 149 176 177
f 1316 873 872
f 2112 1384 2106
f 1842 1844 1845
f 1159 845 1160
f 837 1846 1120
f 1971 2030 2027
f 517 370 189
f 858 833 812
f 1471 2027 1888
f 3551 626 627
f 2174 770 490
f 935 1854 1010
f 1613 1611 1618
f 1231 1225 1295
f 1856 891 892
f 1300 748 741
f 1150 1858 1859
f 1643 696 1642
f 1215 1264 1216
f 1320 902 901
f 1956 1944 1960
f 2031 669 1474
f 2034 1310 1299
f 1879 1656 1657
f 40 242 39
f 1992 2039 1456
f 888 957 889
f 1882 1996 1990
f 1078 1255 1077
f 1871 1192 1090
f 294 218 219
f 1323 2026 1471
f 123 83 1484
f 1324 2041 1323
f 384 359 352
f 1324 2038 2036
f 1883 1885 1829
f 287 114 107
f 1096 1134 661
f 915 931 916
f 806 1981 1982
f 3533 584 604
f 1425 2042 1018
f 1018 1948 1017
f 3562 740 3519
f 1948 649 646
f 1881 1990 1991
f 1900 130 278
f 992 994 993
f 923 925 924
f 3878 2047 3876
f 1643 625 606
f 2050 2051 2049
f 2045 1404 2047
f 3876 945 3885
f 1139 1079 1841
f 1037 892 982
f 2055 2057 2056
f 1198 718 717
f 1619 1612 1611
f 2058 1606 2059
f 2059 1607 2058
f 2058 1624 1605
f 71 179 37
f 405 1557 382
f 976 1006 977
f 322 1972 1911
f 2061 2063 2062
f 2066 2067 1825
f 2052 2064 2051
f 1609 2066 1647
f 1515 152 1516
f 1009 993 1007
f 1644 3815 2118
f 279 1916 278
f 1285 3862 1284
f 1647 1825 1649
f 2056 2067 2065
f 319 1953 1952
f 667 1913 1914
f 2070 625 2048
f 2052 2055 2063
f 2038 1655 1458
f 1606 2073 2072
f 1235 1270 1236
f 2072 2075 2074
f 2059 2072 2062
f 2074 2077 2076
f 1601 2078 2073
f 2049 1643 1645
f 1000 1001 994
f 1089 684 689
f 1931 1306 1930
f 1462 1021 1022
f 1932 1934 1935
f 875 1846 998
f 1936 1937 1938
f 44 46 92
f 1534 1956 120
f 1541 317 391
f 2081 2084 2083
f 146 1959 300
f 1360 1942 1361
f 985 1032 1033
f 1995 1892 2043
f 2079 2082 2081
f 2095 2076 2077
f 2081 2078 2079
f 2055 2054 2053
f 501 2095 500
f 2097 2099 2098
f 2098 2094 2083
f 2140 3893 3866
f 2141 3894 3893
f 2051 2048 2049
f 592 2101 1576
f 2071 2076 2096
f 2102 2098 2101
f 593 2102 592
f 1019 746 747
f 1950 12 1327
f 725 2096 501
f 1385 2104 1379
f 1379 2106 1384
f 2107 2100 2097
f 3908 502 3896
f 3896 499 3901
f 940 2109 944
f 928 1170 973
f 3868 684 3899
f 1962 1964 1961
f 3878 573 3897
f 2039 1968 1969
f 1389 2110 2109
f 1398 2113 1397
f 3757 3753 3743
f 3911 2107 2103
f 949 924 1115
f 260 324 326
f 1390 2113 2110
f 2070 2064 2071
f 3867 2103 593
f 2105 1421 2114
f 2114 1423 2115
f 3892 2115 3903
f 3908 2114 3892
f 554 1902 553
f 972 967 966
f 1765 1573 1574
f 1984 1986 1983
f 2053 2069 2057
f 3573 724 714
f 1625 1674 1673
f 3881 2119 2122
f 3903 2123 3904
f 56 1906 55
f 626 3879 629
f 2001 2003 2004
f 3912 2127 3907
f 2006 2008 2009
f 2127 1412 2128
f 2014 2016 2017
f 2018 2020 2021
f 1495 1947 197
f 1379 1386 1385
f 3814 1680 1618
f 2029 1884 2028
f 3902 2120 3887
f 629 3914 3872
f 682 943 1089
f 724 2121 716
f 1757 3821 3845
f 765 3844 3809
f 3851 715 3852
f 706 3870 3872
f 981 987 980
f 1457 1656 1880
f 2017 2032 2033
f 1458 1868 1457
f 1776 1792 1793
f 1959 1946 1958
f 3663 3725 3661
f 3913 2122 3850
f 1093 689 1088
f 966 968 972
f 3852 3881 3913
f 2172 2170 2171
f 670 2137 669
f 3761 1903 233
f 1429 28 1449
f 964 978 971
f 3841 1413 2127
f 1473 669 2137
f 3834 1359 1358
f 2138 1870 2137
f 1872 2137 1870
f 715 3888 3881
f 1881 1992 1880
f 3843 739 740
f 1837 3513 3514
f 253 59 85
f 1808 3840 1807
f 1647 3818 1609
f 3865 671 668
f 2112 3883 2111
f 1405 2044 1438
f 3829 1364 1366
f 273 391 249
f 576 3520 3555
f 3875 668 2031
f 1430 2140 2139
f 2136 3860 28
f 1430 18 19
f 3893 570 695
f 1442 2046 2141
f 1431 2141 2140
f 3869 3850 2136
f 3808 1817 766
f 3866 695 671
f 2142 798 2138
f 571 2142 694
f 3819 1618 1611
f 2143 2025 2142
f 694 2138 670
f 681 2144 572
f 2144 2022 2143
f 328 457 290
f 1572 2011 2144
f 630 3903 624
f 2085 2087 2088
f 2090 2092 2089
f 572 2143 571
f 1875 2153 2149
f 1873 2149 2154
f 2103 2097 2102
f 2157 2155 2156
f 2128 1414 2120
f 3874 589 582
f 3872 628 629
f 2149 2158 2159
f 2159 3905 3890
f 698 3902 705
f 3823 3827 1817
f 2158 3874 3905
f 1438 2046 1439
f 2035 2160 2161
f 2161 3889 3886
f 3871 605 589
f 3873 18 3875
f 370 61 451
f 649 413 648
f 2153 2156 2158
f 1428 1449 1450
f 1490 73 1488
f 3890 710 633
f 2155 3891 3871
f 1456 1880 1992
f 2125 2087 2124
f 2160 3890 3889
f 300 505 323
f 1064 1046 1065
f 2043 1891 2155
f 2129 2004 2003
f 2131 2133 2134
f 3848 1450 1449
f 1998 804 805
f 3879 3864 3914
f 474 490 770
f 1164 1182 1177
f 707 3909 3870
f 708 2162 707
f 2162 3886 3909
f 548 1905 458
f 1145 1114 1171
f 705 1650 704
f 2043 1977 1995
f 737 554 559
f 1034 1191 1023
f 458 1907 275
f 195 232 233
f 2040 1969 1970
f 2145 2147 2148
f 2054 2049 1645
f 3832 1639 3818
f 9 11 10
f 252 506 258
f 472 479 471
f 1865 3791 3503
f 900 910 907
f 1941 2151 1942
f 1921 1927 1919
f 2163 1898 2116
f 271 153 178
f 1904 12 9
f 282 264 460
f 1872 2154 2035
f 1326 1897 2163
f 628 693 627
f 1724 1719 1723
f 1549 436 172
f 1582 1730 1729
f 1921 1929 1928
f 3563 10 11
f 2152 1950 1949
f 475 774 771
f 769 2171 473
f 2171 476 473
f 476 772 475
f 1791 464 1760
f 2166 2168 2169
f 595 372 98
f 483 1641 482
f 762 2173 470
f 771 484 492
f 486 1809 483
f 297 1517 296
f 763 2174 762
f 776 759 489
f 184 2176 2000
f 412 303 414
f 2005 185 224
f 3811 1682 3846
f 2164 756 764
f 1472 2161 2162
f 950 964 965
f 2177 2179 2180
f 227 1510 333
f 764 467 2164
f 2182 2184 2181
f 2186 2018 2185
f 1985 2181 1986
f 214 729 1531
f 1545 1546 1569
f 865 842 866
f 849 1357 1362
f 452 1558 454
f 559 3188 737
f 16 737 3188
f 560 498 374
f 3193 3195 3194
f 3200 3198 3199
f 3211 3213 3212
f 3215 3217 3216
f 2187 2002 2001
f 2169 2189 2190
f 2192 2085 2191
f 2193 2195 2196
f 2198 2200 2197
f 1998 1979 1975
f 3664 3668 3671
f 2116 1903 1902
f 1859 2009 1150
f 3904 2126 3906
f 1135 1087 1130
f 2201 2015 2014
f 1149 110 1858
f 3221 3218 3215
f 2203 2205 2206
f 579 1895 1019
f 1755 2208 1756
f 3891 1893 605
f 1211 2150 1727
f 868 2210 2209
f 944 930 940
f 2130 2202 2201
f 233 1898 195
f 665 750 666
f 1167 999 618
f 2211 2213 2214
f 2215 2217 2218
f 3867 590 3868
f 2220 220 2219
f 823 948 1094
f 3225 3227 3226
f 266 455 265
f 3882 2107 3883
f 2221 3519 3517
f 2223 2225 2226
f 2207 2124 2208
f 673 3869 3864
f 817 996 815
f 2227 2146 2145
f 1947 646 749
f 3900 17 3873
f 2229 1638 1381
f 1679 1618 1680
f 1637 2232 2230
f 2233 1617 1616
f 2231 2236 2237
f 1381 2238 1382
f 3586 2242 3587
f 1630 2233 1631
f 1681 472 469
f 1408 2243 2244
f 3236 3238 3237
f 3232 3240 3235
f 1637 2238 1638
f 3237 3233 3234
f 1409 1634 2245
f 1380 2247 2246
f 1628 2245 1621
f 2249 1622 1633
f 1632 1408 2244
f 2248 1631 2250
f 2235 1637 1636
f 3245 3199 3198
f 631 2071 725
f 515 52 49
f 782 2251 1251
f 2253 2255 2252
f 397 459 784
f 1456 2040 1455
f 2040 2036 1455
f 1401 2111 1398
f 2041 1970 2026
f 1535 414 1965
f 1586 2080 2079
f 2256 1132 1886
f 1700 3918 3919
f 3815 1686 3817
f 1263 1886 1096
f 598 844 599
f 2257 2259 2260
f 2258 2262 2259
f 2259 2263 2216
f 2260 2216 2215
f 1967 1970 1969
f 2212 1963 2213
f 922 2218 2217
f 1312 1101 2264
f 1307 1286 789
f 1548 1546 1972
f 2266 2268 2265
f 2265 2270 2269
f 2272 2269 2271
f 2273 2265 2272
f 2275 2277 2274
f 2278 2277 2279
f 2284 3617 3639
f 2287 2286 2281
f 2288 2283 2287
f 2290 3639 3620
f 2291 2293 2294
f 2295 2294 2279
f 2296 2291 2295
f 2297 2292 2291
f 2294 2299 2300
f 2279 2300 2278
f 2298 2302 2292
f 2292 2303 2293
f 2293 2304 2299
f 2304 2306 2299
f 2306 2300 2299
f 2308 2310 2307
f 2302 2310 2303
f 2301 2307 2302
f 2312 2307 2311
f 2313 2315 2316
f 2318 2320 2317
f 3748 2322 2323
f 2324 2273 2326
f 2313 2326 2327
f 2328 2313 2316
f 2329 2324 2328
f 2331 2333 2330
f 2330 2267 2266
f 2325 2266 2273
f 2329 2330 2325
f 2333 2335 2267
f 2336 2333 2332
f 2338 2332 2337
f 2331 2337 2332
f 2329 2339 2331
f 2328 2340 2329
f 2316 2341 2328
f 2342 2315 2343
f 2344 2346 2347
f 2341 2347 2340
f 2342 2344 2341
f 2348 2345 2344
f 2350 2352 2353
f 2339 2353 2337
f 2340 2350 2339
f 2347 2351 2350
f 2337 2354 2338
f 2353 2355 2354
f 2356 2276 2357
f 2356 2358 2359
f 2356 2296 2295
f 2279 2356 2295
f 2360 2270 2268
f 2267 2360 2268
f 2362 2364 2365
f 2362 2361 2358
f 2366 2358 2357
f 2366 2363 2362
f 2357 2368 2366
f 2366 2369 2367
f 2276 2370 2368
f 2368 2282 2369
f 2372 2374 2371
f 2375 2377 2007
f 2378 2380 2381
f 2382 2381 2383
f 2384 2378 2382
f 2385 2379 2378
f 2388 2390 2387
f 2387 2392 2391
f 2393 2387 2391
f 2394 2388 2387
f 2186 2402 2400
f 2403 2327 2326
f 2272 2326 2273
f 2271 2403 2272
f 2405 2404 2403
f 2404 2408 2327
f 2409 2411 2412
f 2409 2271 2269
f 2413 2269 2270
f 2413 2410 2409
f 2417 2416 2418
f 2417 2406 2405
f 2412 2405 2271
f 2411 2417 2412
f 2406 2407 2404
f 3569 632 713
f 2420 2397 2421
f 2420 2423 2422
f 2424 2422 2419
f 2424 2398 2420
f 2425 2392 2426
f 2421 2426 2423
f 2397 2425 2421
f 2396 2391 2425
f 2427 2315 2314
f 2427 2408 2428
f 2430 2428 2429
f 2343 2427 2430
f 2432 2430 2431
f 2431 2429 2433
f 2435 2433 2434
f 2436 2431 2435
f 2428 2407 2437
f 2422 2407 2419
f 2438 2422 2423
f 2429 2437 2438
f 2440 2433 2439
f 2441 2433 2429
f 2442 2439 2441
f 2443 2440 2439
f 2445 2444 2443
f 2447 2443 2442
f 2383 2445 2447
f 2381 2446 2445
f 2448 2423 2426
f 2449 2426 2392
f 2441 2449 2442
f 2441 2438 2448
f 2449 2390 2450
f 2450 2389 2451
f 2447 2451 2383
f 2442 2450 2447
f 2451 2453 2452
f 2452 2455 2454
f 2382 2454 2384
f 2383 2452 2382
f 2456 2373 2372
f 2459 2461 2458
f 2463 2465 2462
f 2462 2285 2284
f 2466 2284 2290
f 2467 2462 2466
f 2461 3703 3701
f 2468 2470 2471
f 2472 2471 2473
f 2474 3701 3688
f 2475 2477 2478
f 2458 2453 2479
f 2479 2389 2388
f 2395 2479 2388
f 2480 2458 2479
f 2481 2483 2478
f 2484 2485 221
f 2471 2464 2463
f 2473 2463 2467
f 2487 2466 2486
f 2486 2290 2488
f 2490 2488 2489
f 2491 2486 2490
f 2492 2467 2487
f 2493 2487 2491
f 2494 2492 2493
f 2495 2473 2492
f 3690 2474 3688
f 3691 2496 3690
f 2498 2493 2499
f 2500 2499 2501
f 3700 2498 2500
f 3687 2494 2498
f 2306 2278 2300
f 2305 2504 2306
f 2504 2507 2506
f 2506 2288 2508
f 2274 2508 2275
f 2278 2506 2274
f 3633 2489 2488
f 3620 2488 2290
f 2507 2289 2288
f 2505 2509 2507
f 2508 2287 2511
f 2511 2281 2280
f 2370 2280 2282
f 2275 2511 2370
f 2512 2489 2513
f 2514 2513 2515
f 2517 2514 2516
f 2517 2490 2512
f 2499 2491 2517
f 2499 2516 2501
f 2510 2519 2518
f 2518 2521 2520
f 3616 2520 3621
f 3632 2518 3616
f 2522 2303 2310
f 2523 2310 2309
f 2305 2522 2524
f 2524 2523 2525
f 2519 2525 2521
f 2505 2524 2519
f 2308 2527 2526
f 2526 2529 2528
f 2531 2528 2530
f 2309 2526 2531
f 1214 2151 1211
f 2419 2418 2424
f 2533 2349 2317
f 2534 2317 2320
f 2535 2533 2534
f 2536 2345 2533
f 2537 2346 2536
f 2538 2536 2535
f 2539 2537 2538
f 2540 2351 2537
f 2312 2541 2527
f 2527 2542 2529
f 2543 2434 2544
f 2545 2544 2546
f 2319 2543 2545
f 2318 2435 2543
f 2514 2548 2547
f 2547 2550 2549
f 2552 2549 2551
f 2552 2514 2547
f 2520 2554 2553
f 2553 2556 2555
f 3590 2555 3593
f 3621 2553 3590
f 2523 2531 2557
f 2557 2530 2558
f 2525 2557 2559
f 2559 2558 2560
f 2554 2560 2556
f 2521 2559 2554
f 2561 2007 2006
f 2376 2225 2377
f 2564 2566 2563
f 2563 338 2567
f 2569 2567 2568
f 2570 2563 2569
f 2572 2574 2571
f 2571 2576 2575
f 2544 2575 2546
f 2544 2572 2571
f 2578 2569 2577
f 2579 2569 2568
f 2574 2579 2576
f 2573 2577 2574
f 2581 2583 2580
f 2584 2583 2585
f 3697 2580 2584
f 3676 2580 3675
f 2582 2552 2583
f 2583 2551 2585
f 2500 2589 2588
f 2590 2589 2591
f 3693 2588 2590
f 3695 2500 2588
f 2501 2591 2589
f 2592 2594 2595
f 2386 2503 2502
f 2596 2386 2374
f 2596 2373 2597
f 2599 2597 2598
f 2599 2379 2596
f 2600 2380 2599
f 2600 2598 2601
f 2603 2601 2602
f 2603 2446 2600
f 2604 2602 2605
f 2440 2605 2434
f 2444 2604 2440
f 2606 2581 2607
f 2606 2590 2591
f 2591 2582 2606
f 3676 2456 3689
f 3689 2372 3693
f 2478 2608 2481
f 2609 2611 2199
f 2564 2613 2612
f 2612 2598 2597
f 2457 2597 2373
f 2565 2612 2457
f 2614 2570 2578
f 2615 2578 2573
f 2602 2614 2615
f 2601 2613 2614
f 2572 2605 2616
f 2616 2602 2615
f 2573 2616 2615
f 1459 1045 1021
f 1265 1079 1082
f 1612 1609 1611
f 2067 2069 2068
f 1135 1136 1148
f 1938 2618 2617
f 95 458 128
f 2058 1608 1612
f 1454 1445 1367
f 655 1048 2619
f 722 2621 723
f 1131 1033 1134
f 562 366 1497
f 1723 1725 1591
f 1786 1122 1787
f 267 323 266
f 1325 1654 2038
f 1468 1435 1479
f 658 529 528
f 8 247 7
f 382 1559 3
f 788 1307 789
f 940 929 928
f 911 2623 912
f 2621 655 654
f 2624 2625 2626
f 998 27 26
f 635 2626 2625
f 2627 644 1840
f 2628 1840 2629
f 1200 2627 2628
f 1199 641 2627
f 1520 49 477
f 1452 1349 1451
f 2630 1859 1858
f 644 1335 1823
f 1197 717 2632
f 2632 719 1166
f 2628 1166 1200
f 2629 2632 2628
f 1762 1050 821
f 1823 873 1839
f 2634 794 652
f 1028 1027 1161
f 1042 2635 1043
f 93 1901 1924
f 2036 1458 1455
f 1527 1525 1526
f 877 1274 1277
f 134 797 1544
f 1328 931 1329
f 607 1091 1161
f 1043 2637 2636
f 2636 2639 2638
f 1275 2638 1276
f 1275 1043 2636
f 1272 2626 2640
f 2640 638 637
f 1110 2640 637
f 536 2640 2641
f 1472 1474 1473
f 2042 1951 649
f 1058 1105 1059
f 2642 2643 2644
f 1192 2644 1193
f 912 2642 1192
f 3898 3526 3786
f 1049 2620 2621
f 616 1885 613
f 1331 666 750
f 990 1198 525
f 1911 321 322
f 1298 1205 2645
f 76 1504 75
f 1502 421 422
f 610 658 691
f 1146 659 938
f 2646 914 936
f 1280 1238 1279
f 975 2647 2648
f 2647 975 974
f 1453 1452 1451
f 1514 158 151
f 835 1843 1842
f 1271 1173 1289
f 2649 813 2650
f 1893 1826 1894
f 1050 1937 1051
f 2651 814 813
f 1006 1281 977
f 2653 2654 2655
f 1001 1003 1002
f 585 679 558
f 2624 621 620
f 555 2028 556
f 1207 1197 2629
f 1626 478 472
f 426 419 1567
f 1030 1773 1031
f 3898 634 3880
f 534 138 262
f 1125 1042 1041
f 333 88 227
f 569 561 730
f 1489 871 870
f 1857 620 891
f 1673 3770 3763
f 622 864 1308
f 2647 974 2657
f 619 891 620
f 261 545 262
f 393 1556 404
f 2658 2647 2657
f 1075 2657 917
f 1081 2658 1075
f 1080 2659 2658
f 2644 1141 2660
f 2660 1140 1336
f 642 1336 643
f 1193 2660 642
f 679 555 558
f 1503 1500 1502
f 1318 1101 1100
f 2661 1139 1142
f 2661 2663 2662
f 2662 2659 2661
f 2662 2622 2664
f 2664 911 2646
f 2648 2646 1146
f 2648 2662 2664
f 2083 2093 2081
f 1442 1437 1439
f 519 330 51
f 1885 1209 613
f 799 805 804
f 1946 1952 1953
f 1302 1253 1252
f 566 224 533
f 1389 928 1388
f 683 681 680
f 836 1842 2665
f 2665 1845 1303
f 2666 1303 1302
f 24 2665 2666
f 831 2650 832
f 1845 1304 1303
f 2010 2012 2011
f 1051 2667 2668
f 1522 1511 1523
f 531 441 522
f 782 1251 1250
f 1250 2625 2669
f 2669 1857 1856
f 783 1856 1037
f 782 2669 783
f 720 2671 721
f 1055 1930 1056
f 1333 1251 2251
f 619 1308 1307
f 652 2619 2634
f 521 1539 1540
f 1838 537 2672
f 2672 536 2641
f 1113 2641 1110
f 1113 1838 2672
f 1016 1351 1045
f 3897 570 3894
f 226 104 101
f 3564 3827 1818
f 1036 1884 1883
f 2674 1304 2673
f 2673 1844 2675
f 1334 2675 1039
f 1333 2673 1334
f 2676 1039 2675
f 1843 2675 1844
f 942 2676 1843
f 1074 702 2676
f 811 859 858
f 752 1055 753
f 1200 656 1026
f 1120 874 2677
f 2677 877 1052
f 1241 1052 1005
f 1119 2677 1241
f 1560 151 1515
f 1208 611 523
f 215 736 214
f 1460 1462 1461
f 1208 1839 873
f 854 1282 1297
f 72 182 179
f 544 1565 512
f 217 456 457
f 2047 930 945
f 1204 1937 2633
f 913 686 685
f 840 1113 1112
f 1531 730 561
f 2678 1283 801
f 601 1914 602
f 1537 459 460
f 1819 3509 3527
f 991 862 538
f 2679 1073 1830
f 2680 983 2256
f 779 2256 1263
f 778 2680 779
f 2678 1830 2680
f 180 245 40
f 1886 1131 1134
f 1138 1274 1255
f 1841 1140 1139
f 75 314 74
f 193 420 192
f 2681 1099 1098
f 170 1565 169
f 349 417 432
f 1121 2684 2683
f 547 409 302
f 123 121 120
f 2643 1142 1141
f 1542 513 1543
f 899 907 919
f 1210 676 867
f 791 982 892
f 24 837 836
f 893 932 931
f 1860 863 862
f 535 862 861
f 832 813 812
f 2650 813 832
f 1569 1547 1568
f 181 542 180
f 660 937 688
f 2013 568 2012
f 887 2631 2630
f 1524 361 78
f 520 162 1529
f 2653 854 2685
f 1238 2655 2686
f 718 527 530
f 1492 518 1491
f 792 615 793
f 599 1835 596
f 290 456 175
f 312 1552 425
f 1248 1179 1249
f 153 177 178
f 1240 1222 1221
f 1257 1235 1071
f 1291 1083 1222
f 1052 1277 1053
f 743 2618 1204
f 444 430 443
f 23 1172 1187
f 2687 1180 1179
f 102 409 134
f 1283 610 801
f 373 650 651
f 1180 1084 1291
f 855 2655 1237
f 1173 1917 1174
f 2689 853 2688
f 2688 1108 1279
f 2686 1279 1238
f 2687 2688 2686
f 2691 1252 2690
f 2690 850 2689
f 1248 2689 2687
f 1248 2691 2690
f 2692 24 2666
f 2691 2666 1302
f 1247 2692 2691
f 1258 617 2692
f 394 1555 393
f 2693 1259 1223
f 1072 1262 1261
f 1257 1168 1258
f 398 1555 1554
f 871 1314 872
f 1178 1249 1179
f 1224 1173 1172
f 1010 2618 742
f 1175 1292 1269
f 2654 2686 2655
f 2694 1216 1264
f 71 1487 70
f 701 1111 1038
f 1072 2649 2650
f 1085 22 21
f 895 1264 896
f 1601 1605 1604
f 1259 1271 1289
f 21 1220 1083
f 988 538 537
f 598 1336 1140
f 820 1762 821
f 1050 818 821
f 1298 1761 2652
f 1168 618 617
f 858 1256 833
f 39 516 1536
f 2652 819 814
f 313 315 314
f 2026 1971 2027
f 2656 596 1835
f 814 818 811
f 2696 813 2649
f 1260 2649 1261
f 2693 2696 1260
f 2697 2651 2696
f 381 390 380
f 3818 1611 1609
f 1475 1428 1227
f 1292 1917 1235
f 1551 354 1518
f 1526 1523 1511
f 1593 1595 1573
f 1232 1246 1249
f 2695 1223 22
f 2698 1296 2697
f 2698 2693 2695
f 2685 2695 1085
f 2685 1297 2698
f 562 271 272
f 2652 1296 1298
f 1365 1364 1363
f 1958 1953 1957
f 585 2210 997
f 1561 1515 435
f 975 1146 976
f 347 68 346
f 1038 636 1068
f 2700 780 2699
f 2699 1036 1883
f 2701 1883 1829
f 851 2699 2701
f 2674 2251 2702
f 2702 781 2700
f 1253 2700 851
f 1301 2702 1253
f 1519 388 1550
f 1273 1280 2703
f 2703 1107 852
f 2701 852 851
f 1829 2703 2701
f 91 326 90
f 1784 2656 1785
f 2683 2705 2704
f 604 3499 3533
f 1669 3548 1662
f 2062 2060 2059
f 621 861 622
f 2023 732 2024
f 686 1263 687
f 857 2668 1328
f 883 882 879
f 637 1111 1110
f 2668 893 1328
f 2667 894 2668
f 1039 1068 1334
f 313 1504 1505
f 1911 305 453
f 1936 1964 2212
f 2707 2401 2183
f 2708 2183 2182
f 738 2116 554
f 2349 2432 2436
f 2711 2020 2019
f 2400 2019 2186
f 2714 2716 2713
f 2717 2719 2720
f 2721 2723 2724
f 2726 2728 2725
f 2725 2730 2729
f 2731 2729 2709
f 2732 2725 2731
f 2734 2736 2733
f 2738 2740 2737
f 2737 2741 2742
f 2744 2746 2743
f 2745 2748 2747
f 2749 2747 2751
f 2753 2751 2752
f 2250 2246 2248
f 2754 1614 2755
f 3598 2755 3609
f 3608 2747 3609
f 1617 2755 1614
f 2242 1620 2757
f 2191 2760 2759
f 2761 2760 2762
f 3648 2761 3649
f 3623 2759 3648
f 3209 3223 3224
f 1395 2236 2235
f 1395 1636 1615
f 1616 2229 2233
f 1617 2763 2756
f 2756 3628 3608
f 2765 2234 1630
f 2766 3628 3622
f 3202 3246 3247
f 1516 435 1515
f 2768 3552 3553
f 1495 578 1424
f 2135 28 17
f 3526 2773 2774
f 1690 3926 3925
f 2778 2780 2777
f 2777 2781 2782
f 2784 2777 2783
f 3555 575 576
f 1494 9 540
f 3529 2015 3566
f 451 505 450
f 2786 2788 2785
f 2779 2785 2780
f 2789 2741 2740
f 2790 2752 2789
f 2792 2794 2791
f 2793 2796 2794
f 2796 2750 2749
f 2794 2749 2753
f 2798 1396 2754
f 3591 2754 3598
f 2798 2800 1393
f 3591 2799 2798
f 2797 2795 2801
f 2791 2753 2790
f 216 232 54
f 3804 2807 3803
f 3805 2804 3803
f 2769 3557 3552
f 183 184 97
f 2811 2775 2776
f 2804 2776 2805
f 2809 2811 2804
f 2812 2813 2814
f 3805 2816 3795
f 3796 2815 3795
f 3798 2820 2821
f 3793 2819 3798
f 2824 2735 2819
f 2823 2824 2819
f 2825 2826 2724
f 3793 2827 3792
f 3796 2826 3792
f 2713 2829 2828
f 2828 2831 2830
f 2822 2828 2830
f 2821 2713 2828
f 2832 2822 2830
f 2833 2830 2831
f 2834 2832 2833
f 2835 2827 2832
f 2837 2839 2836
f 2836 2841 2840
f 2842 2840 2727
f 2843 2836 2842
f 2840 2845 2844
f 2718 2845 2719
f 2730 2844 2718
f 2727 2844 2728
f 2846 2719 2845
f 2846 2841 2847
f 2829 2847 2831
f 2829 2716 2846
f 2847 2839 2848
f 2848 2838 2849
f 2833 2849 2834
f 2831 2848 2833
f 2850 2851 2852
f 2853 2852 2854
f 2783 2782 2855
f 2785 2853 2856
f 2780 2856 2781
f 2857 2855 2782
f 2859 2782 2781
f 2861 2842 2860
f 2860 2727 2726
f 2862 2726 2732
f 2863 2860 2862
f 2861 2858 2857
f 2843 2857 2859
f 2856 2854 2864
f 2781 2864 2859
f 2837 2859 2864
f 2838 2864 2854
f 2852 2834 2849
f 2854 2849 2838
f 2865 2818 2835
f 2851 2835 2834
f 2813 2815 2865
f 2814 2865 2851
f 2866 2814 2850
f 2788 2850 2853
f 2866 2787 2867
f 2812 2867 2775
f 1892 1890 1891
f 2720 2846 2870
f 298 256 257
f 2872 2713 2820
f 3794 2735 2734
f 2729 2874 2873
f 2846 2715 2870
f 2876 2878 2875
f 2733 2878 2734
f 3806 2879 2880
f 3806 2872 3794
f 2882 2884 2881
f 2881 2715 2714
f 2880 2714 2872
f 2879 2881 2880
f 2885 2887 2888
f 2888 2890 2885
f 2885 2892 2891
f 2893 2885 2891
f 1942 2532 2894
f 2895 2720 2870
f 2884 2870 2715
f 2883 2895 2884
f 2896 2892 2895
f 2889 2717 2890
f 2890 2720 2892
f 2897 2891 2896
f 2898 2896 2883
f 2899 2883 2882
f 2900 2882 2879
f 3797 2879 3807
f 2876 2901 2877
f 2901 2904 2903
f 1785 1835 1834
f 2905 2899 2900
f 2907 2897 2898
f 3797 2903 3799
f 632 577 633
f 3532 2867 2787
f 434 550 350
f 2768 3640 3643
f 2910 1623 2249
f 2241 2758 2242
f 3640 2913 3652
f 1623 2757 1620
f 3587 2757 3652
f 2229 1380 2250
f 2765 1629 2914
f 2915 1629 2912
f 3642 2914 2915
f 3641 2765 2914
f 2919 3642 3613
f 2918 2912 2241
f 3614 2241 3586
f 3618 3613 3670
f 3541 2180 3496
f 3521 2188 3506
f 3705 714 3851
f 2925 2917 2924
f 2924 2916 2919
f 3610 2919 3618
f 3611 2924 3610
f 2926 2766 2925
f 3658 2925 3611
f 1715 1705 1710
f 785 498 796
f 1387 565 1791
f 374 1899 560
f 3573 2206 3556
f 2929 2886 2893
f 2932 2934 2931
f 1905 1908 1907
f 2930 2936 2937
f 2938 2930 2929
f 1493 517 518
f 1603 1586 1602
f 2939 2929 2908
f 2940 2908 2907
f 3665 1600 3661
f 2886 2937 2887
f 2906 2898 2899
f 2908 2893 2897
f 2942 2933 2941
f 2941 2937 2936
f 3501 2936 3513
f 3498 2941 3501
f 2943 2710 2873
f 2943 2874 2889
f 2945 2889 2888
f 2946 2943 2945
f 2932 2888 2887
f 2931 2945 2932
f 727 1929 728
f 2903 2947 2948
f 545 42 262
f 1480 533 251
f 2907 2949 2940
f 2906 2950 2949
f 1558 215 202
f 3799 2948 3801
f 2054 1644 2118
f 3705 2203 3573
f 1828 1849 1827
f 2953 2955 2952
f 2952 2957 2956
f 2956 2258 2952
f 2953 2258 2257
f 2454 2474 2496
f 3747 2959 3766
f 3747 2131 3737
f 2961 2963 2958
f 2958 2964 2959
f 222 2485 2965
f 2477 2966 2608
f 2631 2006 1859
f 2384 2496 2497
f 2967 2959 2964
f 2968 2970 2969
f 3759 2971 3784
f 3784 2960 3766
f 2972 2033 2032
f 2007 2973 2008
f 3560 2134 2133
f 1836 1832 1831
f 3506 2090 3551
f 955 959 956
f 672 674 673
f 633 713 632
f 2024 733 803
f 2025 803 798
f 425 1550 388
f 2975 888 887
f 1319 1157 2694
f 1212 2977 1213
f 889 2228 2227
f 1978 1975 1979
f 1138 1329 915
f 751 2979 2978
f 1619 1625 1624
f 2252 1728 1727
f 1157 845 1216
f 2706 1938 2617
f 2980 2254 2981
f 2982 887 2630
f 802 711 2679
f 678 2029 2028
f 527 690 528
f 1839 2629 1840
f 2983 602 1914
f 2983 1913 1331
f 2985 1331 1054
f 2986 2983 2985
f 2987 2635 2634
f 2985 2639 2986
f 2990 1318 2989
f 2991 2993 2994
f 2995 2994 2996
f 1106 2991 2995
f 1058 2992 2991
f 1415 1365 1367
f 1317 2217 2997
f 1932 2255 2980
f 926 2999 664
f 3001 2992 3000
f 3000 1057 2978
f 2999 2978 2979
f 2998 3000 2999
f 3002 2209 3003
f 3002 2996 2994
f 2993 3002 2994
f 3001 2998 3002
f 1103 2995 3004
f 3004 2996 3003
f 2209 3004 3003
f 588 3004 2210
f 295 433 381
f 2638 2988 3005
f 3005 1056 1930
f 1305 1930 1306
f 1276 3005 1305
f 1987 1993 1989
f 2633 1761 2645
f 1423 1417 1419
f 3561 739 703
f 2671 2704 2705
f 1473 2035 1472
f 922 2694 895
f 1401 1378 1384
f 556 1884 1037
f 842 3825 3836
f 1854 2617 1010
f 933 1081 1075
f 1440 1436 1437
f 529 719 530
f 1031 1027 1028
f 777 912 1871
f 2645 1204 2633
f 441 1538 1537
f 790 587 586
f 2065 1610 1607
f 1860 990 902
f 60 87 59
f 1424 1948 1947
f 332 1507 331
f 261 138 135
f 187 449 507
f 1719 1726 1725
f 1931 1059 3006
f 3006 1105 1104
f 1287 1104 587
f 1286 3006 1287
f 3007 3009 3010
f 3009 653 795
f 618 26 25
f 2029 1210 1209
f 957 600 2228
f 1049 2228 600
f 2631 3011 2561
f 890 2227 3011
f 3011 2145 3012
f 2561 3012 2375
f 1026 609 608
f 2706 1961 1964
f 3013 2485 3014
f 2148 1267 3015
f 3015 1266 1311
f 2997 1101 1317
f 642 1773 1193
f 186 461 511
f 1041 1320 901
f 1121 3017 1122
f 2984 2987 3018
f 3018 2634 2619
f 1048 3018 2619
f 603 2984 3018
f 2679 801 802
f 2062 2074 2061
f 2061 2076 2064
f 414 1545 1965
f 3016 2683 3019
f 3019 2704 2670
f 3020 2670 720
f 3007 3019 3020
f 1871 1091 777
f 3021 1122 3017
f 3022 3017 3010
f 1314 3022 1315
f 1784 3021 1314
f 1316 1763 611
f 3023 3010 3009
f 3023 795 1092
f 1763 1092 1125
f 1315 3023 1763
f 3016 3010 3017
f 752 2978 1057
f 2986 2637 2987
f 3024 653 3008
f 3020 3008 3007
f 720 3024 3020
f 723 654 3024
f 2681 1268 3025
f 2671 1268 721
f 2705 3025 2671
f 1313 3027 1311
f 3026 3029 3027
f 3027 3030 3031
f 1311 3031 3015
f 2012 731 2023
f 917 974 977
f 743 856 744
f 1888 2030 1425
f 2682 2684 3032
f 3032 1124 2989
f 1100 2989 1318
f 1099 3032 1100
f 1123 2989 1124
f 3033 1159 1158
f 2990 1158 1319
f 1123 3033 2990
f 1786 1834 3033
f 1054 2988 2985
f 2979 664 2999
f 2623 2663 2643
f 1095 688 687
f 3034 2261 2956
f 3036 2956 2957
f 3037 3034 3036
f 3038 3035 3034
f 3040 3026 1313
f 2263 3041 3040
f 3042 3043 3041
f 3041 3028 3026
f 3044 3043 3039
f 3046 3045 3044
f 3047 3049 3045
f 3043 3049 3028
f 3038 3051 3050
f 3050 3053 3052
f 3052 3044 3050
f 3039 3050 3044
f 3054 3039 3042
f 3042 2262 3054
f 2261 3054 2262
f 2216 2997 2217
f 2212 2667 1936
f 3056 2209 3055
f 934 1961 1854
f 2013 3757 567
f 3058 3060 3061
f 3059 3063 3060
f 3060 2213 1963
f 3061 1963 1962
f 3063 2214 2213
f 3062 3064 3063
f 3065 2260 3064
f 3064 2215 2214
f 3066 3031 3030
f 2608 3067 3066
f 2966 3068 3067
f 3031 3068 3015
f 2455 2461 2474
f 2476 2226 2477
f 3551 2089 3525
f 3526 3769 3786
f 433 355 381
f 2115 1419 2123
f 3509 2922 3527
f 3769 2131 2134
f 3069 2167 2166
f 2971 2928 2960
f 2961 2773 2962
f 3070 2478 2483
f 2610 3071 2954
f 2502 2374 2386
f 3072 2595 3073
f 2964 3052 2967
f 3048 3074 3049
f 2593 3075 3074
f 3075 3029 3074
f 3074 3028 3049
f 3072 3075 2592
f 3076 2482 2481
f 2481 3066 3076
f 3076 3030 3075
f 2967 3053 2970
f 2482 3073 2483
f 479 493 494
f 706 3873 709
f 3561 2221 3517
f 2013 3754 3755
f 3533 2016 3529
f 3562 2222 2974
f 1171 1155 1176
f 2586 2565 2587
f 2982 113 2484
f 2562 3077 3068
f 2376 3012 3077
f 3012 2148 3077
f 3077 3015 3068
f 2963 3046 2964
f 3051 2970 3053
f 1683 491 775
f 3850 1447 3860
f 1986 3734 3768
f 3079 2546 2575
f 3081 2575 2576
f 1983 3768 3765
f 3082 2319 2545
f 3080 2545 2546
f 3734 3082 3080
f 3732 2323 3082
f 1309 1888 748
f 3073 2772 2771
f 2760 3084 2762
f 2760 2088 3083
f 3085 3086 3087
f 3089 3090 3088
f 3089 3084 3085
f 3092 3090 3091
f 3093 2744 2743
f 2751 2748 3093
f 3093 2752 2751
f 2742 3093 3094
f 3094 2743 3095
f 3096 3098 3087
f 3099 3087 3086
f 3097 3095 3098
f 3100 2746 3101
f 3101 3102 3100
f 2764 2927 3101
f 2745 3101 2746
f 3102 3091 3100
f 3100 3095 2743
f 2869 3592 3634
f 3102 3104 3092
f 3658 2869 3634
f 2927 3103 3102
f 3098 3091 3090
f 3087 3090 3085
f 2088 3105 3083
f 3083 3086 3084
f 2483 2771 3070
f 2401 2185 2321
f 3099 3105 3106
f 2125 3106 3105
f 3108 2742 3107
f 3107 3094 3097
f 3110 3107 3109
f 3109 3097 3096
f 3111 3096 3099
f 3112 3109 3111
f 3113 2737 3108
f 3115 2722 3114
f 3117 3114 3116
f 3119 3116 3118
f 3118 3120 3121
f 3116 3113 3120
f 3122 3111 3123
f 3122 1755 1754
f 3124 3126 3127
f 3125 3121 3126
f 3128 3118 3125
f 3129 3125 3124
f 2020 3128 3129
f 3853 1346 1352
f 1065 1047 1066
f 1814 3830 1649
f 2021 3129 3130
f 3111 3106 3123
f 3123 2207 1755
f 2377 2224 2973
f 3014 113 112
f 1756 3782 3767
f 3131 2530 2528
f 3133 2528 2529
f 1753 3767 3775
f 3134 3127 3135
f 2327 2314 2313
f 2436 2317 2349
f 2018 3711 3712
f 2534 3137 2535
f 2320 3136 2534
f 2185 3712 3771
f 3138 2542 2539
f 3134 3744 3745
f 3785 3134 3745
f 3140 2539 2538
f 2535 3140 2538
f 3711 3130 3785
f 2558 3132 3141
f 3782 3141 3132
f 2560 3141 3142
f 3760 3142 3141
f 958 2976 2981
f 1933 2980 3143
f 2399 2418 2416
f 2348 2343 2432
f 2322 2319 2323
f 2718 2874 2730
f 2709 2873 2710
f 2894 1361 1942
f 346 176 347
f 1876 1882 1881
f 2802 3607 3592
f 3104 3088 3092
f 2974 3649 3603
f 3089 2761 2762
f 3088 3145 3089
f 2803 3603 3607
f 3870 692 628
f 2123 1418 2126
f 1365 1368 1367
f 1581 1782 1783
f 3569 2129 3520
f 3555 2002 3521
f 3146 2551 3147
f 3751 3147 3750
f 3742 3146 3751
f 3149 2585 3146
f 3196 3197 3195
f 3604 2191 3623
f 3142 2556 2560
f 3777 3150 3142
f 3646 2550 3593
f 3150 2555 2556
f 3778 3151 3150
f 3788 3152 3646
f 3153 2551 2549
f 3152 2549 2550
f 3781 3153 3152
f 3776 3147 3153
f 3148 2206 2205
f 2183 2321 2184
f 2132 2928 2133
f 3684 2204 2203
f 3719 2197 3721
f 2594 2773 2951
f 2595 2951 2772
f 1870 799 1869
f 3713 2178 3706
f 3706 3736 3790
f 336 3774 3722
f 339 3154 336
f 3789 3149 3742
f 3683 2584 3149
f 2963 3048 3047
f 3722 337 336
f 339 2566 2586
f 3156 2168 2167
f 2610 2167 2611
f 2954 3156 2610
f 3157 2953 2257
f 3707 2169 3709
f 2567 3159 2568
f 337 2567 338
f 3730 2166 3707
f 3764 1983 3765
f 2579 3081 2576
f 2568 3160 2579
f 3709 2190 3764
f 3065 3162 3161
f 3161 1984 2189
f 3157 2189 2168
f 2257 3161 3157
f 734 1922 806
f 3059 2708 3163
f 3163 2182 1985
f 3162 1985 1984
f 3062 3163 3162
f 3203 3205 3204
f 2122 1448 1447
f 3817 1685 3812
f 139 444 69
f 1570 566 533
f 2957 3165 3036
f 2955 3164 2957
f 1912 341 1973
f 3130 3124 3134
f 1548 319 1547
f 1949 1327 1887
f 2969 3078 3167
f 3167 3169 3168
f 3724 2017 3720
f 3720 2033 3759
f 3168 3165 3170
f 3170 3164 3171
f 3779 3171 3756
f 3724 3170 3779
f 3171 3166 3172
f 3172 3071 3173
f 3752 3173 3749
f 3756 3172 3752
f 3169 3036 3165
f 2593 2962 2594
f 3173 2609 3174
f 3174 2199 2198
f 3783 2198 3719
f 3749 3174 3783
f 2190 1984 1983
f 2196 2767 3148
f 2119 1414 1448
f 1464 1466 1465
f 2199 3069 2200
f 2457 2587 2565
f 2226 2562 2966
f 481 1627 1639
f 333 235 236
f 3078 3037 3169
f 3040 2997 2263
f 2219 1933 2220
f 2385 2497 2503
f 221 3175 2484
f 2220 3143 3175
f 3175 2976 2975
f 2484 2975 2982
f 2954 3166 2955
f 2630 110 2982
f 1547 1952 1955
f 2091 2188 2187
f 3733 2178 2177
f 1918 1927 1926
f 3563 111 3511
f 955 960 954
f 2037 112 3563
f 3143 2981 2976
f 2218 2214 2215
f 672 3787 3541
f 2152 3014 2037
f 1147 1143 1145
f 2248 1409 2245
f 1615 1635 1616
f 1410 2246 2247
f 3241 3242 3240
f 3177 1383 1382
f 2238 3176 1382
f 3176 2230 3178
f 1410 3179 1407
f 3179 2243 1407
f 1633 2800 2249
f 1621 2758 2912
f 1622 2245 1634
f 2236 3181 3182
f 2237 3182 3183
f 2250 2233 2229
f 2912 1628 1621
f 135 1564 1563
f 1567 512 1565
f 1085 2653 2685
f 3184 868 3056
f 869 3057 934
f 1266 1098 1312
f 1267 722 721
f 937 2646 936
f 2146 722 2147
f 2211 921 2667
f 1957 507 449
f 1313 2264 3040
f 1496 1493 1492
f 2681 2705 2682
f 2887 2933 2932
f 1687 1659 1694
f 145 1498 81
f 1317 1319 2694
f 37 418 71
f 1935 3185 2977
f 104 301 103
f 2101 2083 2084
f 543 360 207
f 1934 3186 3185
f 234 212 237
f 3845 1822 1824
f 1976 1874 1974
f 223 2219 220
f 3655 3605 3612
f 468 773 2165
f 1935 1728 1932
f 3240 3226 3235
f 3261 3250 3260
f 3215 3244 3264
f 3265 3215 3264
f 3267 3198 3196
f 3205 3269 3255
f 3214 3265 3270
f 3271 3214 3192
f 3251 3239 3236
f 3222 3266 3272
f 3232 3234 3233
f 3216 3243 3244
f 3196 3268 3267
f 3244 3254 3255
f 3238 3247 3246
f 3264 3255 3269
f 3253 3216 3217
f 3211 3221 3265
f 3257 3218 3256
f 3258 3272 3259
f 3274 3280 3273
f 3228 3262 3263
f 3275 3281 3280
f 3226 3273 3280
f 3236 3260 3251
f 3281 3236 3237
f 3287 3192 3189
f 3235 3280 3234
f 3234 3281 3237
f 3288 3259 3272
f 3260 3276 3251
f 3289 3278 3284
f 3210 3224 3283
f 3199 3201 3200
f 3228 3230 3229
f 3290 3285 3286
f 3282 3271 3287
f 3260 3262 3261
f 3243 3268 3254
f 3267 3241 3232
f 3194 3208 3193
f 3191 3269 3206
f 3270 3192 3214
f 3275 3230 3231
f 3264 3270 3265
f 3252 3276 3291
f 3248 3291 3223
f 3213 3279 3277
f 3272 3289 3288
f 3277 3212 3213
f 3228 3281 3231
f 3220 3253 3219
f 3219 3217 3257
f 3256 3222 3258
f 3247 3252 3248
f 3245 3232 3233
f 3266 3212 3289
f 3208 3255 3254
f 3288 3284 3285
f 3204 3208 3207
f 560 3187 559
f 3209 3201 3202
f 3189 3191 3190
f 448 807 447
f 647 122 270
f 1833 1780 1832
f 510 508 507
f 3210 1887 3201
f 1887 3200 3201
f 15 3197 3200
f 16 3195 3197
f 3195 3187 3194
f 3194 1899 3207
f 3207 375 3204
f 387 126 127
f 3189 1760 3287
f 3577 757 758
f 763 2172 2175
f 3583 3580 3581
f 3581 3579 3578
f 3594 3596 3595
f 3400 3602 3401
f 3626 3625 3627
f 3631 3599 3601
f 3636 3595 3596
f 3647 3588 3645
f 3650 3584 3647
f 3653 3580 3651
f 3653 3654 3579
f 1801 3656 3655
f 3651 3582 3650
f 3644 3595 3637
f 1767 3659 3660
f 1597 3661 1600
f 1708 3665 3664
f 3671 3667 3666
f 3666 3673 3672
f 1588 3664 1587
f 2080 3666 2082
f 2082 3672 2084
f 3674 3635 3631
f 3677 3636 3635
f 3682 3645 3681
f 3692 3650 3686
f 3681 3644 3680
f 786 3692 785
f 3694 3651 3692
f 785 3686 497
f 497 3682 650
f 650 3681 564
f 3696 3681 3680
f 3405 3605 3402
f 3702 3678 3677
f 3699 3679 3678
f 3645 3638 3644
f 1799 3659 1768
f 3708 3458 3460
f 3462 3708 3460
f 3714 564 3696
f 3615 3602 3600
f 3710 3696 3698
f 3635 3596 3599
f 3629 3627 3630
f 3597 3599 3596
f 3630 3715 3629
f 3627 3597 3594
f 3717 3723 3718
f 3715 3660 3629
f 3716 3725 3715
f 3668 3661 3725
f 3668 3717 3667
f 3667 3718 3673
f 3727 3673 3718
f 3728 3672 3673
f 3726 3718 3723
f 1576 2084 3672
f 3727 3731 3729
f 3203 1387 3190
f 3190 1791 3189
f 3283 1949 3210
f 317 259 391
f 2000 3653 3694
f 3601 3600 3602
f 3589 3584 3585
f 3577 756 2170
f 3585 3582 3583
f 3678 3637 3636
f 3204 376 3203
f 1801 3657 1799
f 3729 3728 3727
f 1575 3738 1088
f 3735 1576 3728
f 1776 1796 1775
f 1293 1290 1284
f 1326 1327 12
f 1294 1234 1290
f 878 1330 1337
f 497 374 498
f 122 413 121
f 3699 3704 3708
f 3606 3401 3602
f 3708 3698 3699
f 3464 3710 3462
f 3704 3443 3458
f 439 399 438
f 1512 1526 1511
f 1668 1738 1671
f 839 1362 838
f 1362 826 1012
f 3843 1896 3815
f 2053 2118 2117
f 3888 2120 2119
f 696 3816 3831
f 1826 639 640
f 3740 3729 3731
f 956 886 960
f 1980 1922 807
f 33 105 164
f 1343 3856 3857
f 3907 2128 3902
f 1766 1582 1594
f 14 2163 738
f 595 99 594
f 3233 3246 3245
f 1346 1044 1352
f 748 1425 747
f 3193 3254 3268
f 3190 3206 3203
f 3612 3606 3615
f 3624 3615 3625
f 3631 3443 3674
f 3679 3644 3637
f 3686 3647 3682
f 3702 3674 3704
f 3625 3600 3597
f 3601 3415 3631
f 3739 3735 3729
f 3630 3594 3741
f 3741 3716 3630
f 1284 1288 1285
f 3698 3680 3679
f 1778 1780 1779
f 1792 1584 1789
f 695 571 694
f 3638 3594 3595
f 3741 3588 3589
f 3247 3209 3202
f 3292 3294 3295
f 3296 3298 3299
f 3299 3300 3301
f 3302 3304 3305
f 3306 3308 3309
f 3307 3311 3308
f 3303 3301 3300
f 3312 3304 3313
f 3314 3316 3317
f 3318 3320 3321
f 3324 3321 3325
f 3326 3328 3323
f 3329 3331 3332
f 3333 3335 3336
f 3337 3339 3340
f 3333 3341 3342
f 3342 3343 3344
f 3319 3344 3343
f 3338 3334 3339
f 3346 3302 3347
f 3305 3347 3302
f 3312 3223 3349
f 3350 3340 3351
f 3312 3348 3305
f 3352 3341 3326
f 3311 3354 3308
f 3341 3327 3326
f 3359 3361 3362
f 3360 3250 3249
f 3318 3345 3319
f 3364 3318 3324
f 3314 3324 3365
f 3366 3301 3346
f 3299 3367 3296
f 3308 3368 3309
f 3369 3295 3294
f 3317 3364 3314
f 3370 3317 3316
f 3325 3365 3324
f 3352 3319 3343
f 3296 3353 3311
f 3297 3311 3310
f 3363 3354 3345
f 3345 3353 3344
f 3344 3367 3342
f 3366 3342 3367
f 3347 3334 3346
f 3339 3348 3340
f 3348 3351 3340
f 3363 3369 3368
f 3294 3368 3369
f 3293 3309 3294
f 3331 3374 3332
f 3346 3333 3366
f 3323 3352 3326
f 3356 3321 3320
f 3355 3325 3321
f 3357 3371 3325
f 3322 3320 3352
f 3361 3329 3362
f 3373 3375 3374
f 3374 3376 3332
f 3329 3376 3362
f 3327 3372 3328
f 3336 3375 3327
f 3335 3376 3375
f 3376 3337 3362
f 3337 3359 3362
f 3359 3276 3250
f 3377 3295 3370
f 3277 3315 3278
f 3371 3379 3365
f 3378 3358 3380
f 3365 3315 3314
f 3316 3279 3370
f 3282 3370 3279
f 3313 3224 3312
f 3378 3284 3379
f 3380 3285 3378
f 3379 3278 3315
f 3276 3351 3291
f 3291 3349 3223
f 3313 2965 3013
f 2965 3303 222
f 222 3300 223
f 223 3298 3186
f 3298 3185 3186
f 3297 2977 3185
f 3310 1213 2977
f 3307 1214 1213
f 2532 3306 3293
f 2894 3293 3292
f 2871 3292 3377
f 3253 3240 3242
f 3283 3013 2152
f 1997 1889 1892
f 1237 744 855
f 1535 120 121
f 1531 201 214
f 1119 1032 984
f 946 824 947
f 163 5 162
f 3589 3723 3741
f 1155 1162 1164
f 427 327 424
f 553 796 498
f 3381 2231 2237
f 3381 2230 2232
f 2237 3180 3381
f 3383 3385 3382
f 3384 3387 3385
f 3386 3389 3387
f 3388 3391 3389
f 3392 3394 3395
f 3395 3396 3397
f 3398 3397 3396
f 3400 3399 3398
f 3403 3405 3402
f 3406 3404 3403
f 3408 3407 3406
f 3410 3409 3408
f 3412 3411 3410
f 3415 3398 3414
f 3414 3396 3416
f 3416 3394 3417
f 3417 3393 3418
f 3393 3420 3418
f 3419 3421 3420
f 3390 3422 3421
f 3388 3423 3422
f 3386 3424 3423
f 3384 3425 3424
f 3425 3426 3184
f 2904 3428 2947
f 3429 2904 2902
f 3430 2902 2876
f 2875 3430 2876
f 3432 2733 2736
f 2825 3435 2824
f 3437 3439 3436
f 3441 3436 3440
f 2724 3434 2825
f 3436 3115 3117
f 3440 3117 3119
f 3443 3414 3442
f 3442 3416 3444
f 3444 3417 3445
f 3445 3418 3446
f 3446 3420 3447
f 3420 3448 3447
f 3421 3449 3448
f 3422 3450 3449
f 3423 3451 3450
f 3424 3452 3451
f 3425 3056 3452
f 3451 2253 2252
f 3450 2252 1727
f 3449 1727 2150
f 3448 2150 1941
f 3453 3448 1941
f 3454 3447 3453
f 3455 3446 3454
f 3456 3445 3455
f 3442 3456 3457
f 3443 3457 3458
f 3459 3458 3457
f 3457 3455 3459
f 3459 3454 3461
f 3462 3459 3461
f 3461 3453 3463
f 3464 3461 3463
f 3463 1941 1360
f 3404 3401 3405
f 3407 3399 3404
f 3409 3397 3407
f 3411 3395 3409
f 3465 3413 3412
f 3467 3469 3466
f 3465 3431 3433
f 3470 3466 3465
f 3438 3432 3435
f 3467 3438 3437
f 3468 3437 3441
f 3471 3468 3472
f 3472 3441 3473
f 3473 3440 2712
f 2712 3119 3128
f 3475 3472 3474
f 3474 3473 3476
f 3476 2712 2711
f 3477 2711 2400
f 3478 3476 3477
f 3479 3474 3478
f 3392 3413 3480
f 3466 3480 3413
f 3419 3392 3480
f 3390 3480 3391
f 3469 3391 3480
f 3389 3471 3475
f 3387 3475 3479
f 3385 3479 3481
f 3482 2400 2402
f 3483 3477 3482
f 3481 3478 3483
f 3484 2402 2707
f 3058 2707 2708
f 3061 3484 3058
f 3485 3482 3484
f 3382 3481 3486
f 3486 3483 3485
f 3426 3382 3487
f 3487 3486 1962
f 3486 3061 1962
f 1961 3487 1962
f 3057 3426 3487
f 3428 3402 3488
f 3427 3403 3428
f 3429 3406 3427
f 3430 3408 3429
f 3431 3410 3430
f 3470 3433 3432
f 3434 3438 3435
f 2723 3439 3434
f 2875 3433 3431
f 2736 3435 3432
f 2947 3488 3500
f 3464 1360 3497
f 1900 1924 1901
f 1736 1718 1750
f 1955 1943 1956
f 1671 1735 1751
f 1696 1698 1692
f 1800 1864 1801
f 2063 2056 2060
f 1737 1717 1736
f 1751 1697 1695
f 943 3899 684
f 3656 3402 3605
f 1577 1764 1703
f 3917 1599 3923
f 1945 82 1944
f 68 7 248
f 147 1543 148
f 1109 1133 1102
f 1503 1907 1908
f 1499 1909 1498
f 452 735 215
f 1824 3835 3845
f 1825 2068 1824
f 1463 1022 1194
f 841 1009 1011
f 1568 1955 1534
f 1926 1927 1923
f 1910 1502 1939
f 1939 422 442
f 309 1940 308
f 1804 1866 1803
f 269 1954 56
f 2065 2060 2056
f 3812 1758 3835
f 280 552 1940
f 1875 1869 1874
f 1739 1734 1737
f 1778 1790 1788
f 310 1915 279
f 1909 1906 1954
f 1789 1778 1788
f 978 980 979
f 1584 1731 1583
f 425 311 312
f 148 115 116
f 2044 3894 2046
f 277 1939 551
f 1943 1945 1944
f 1461 1463 1464
f 2253 3056 3055
f 2981 3489 958
f 2209 3489 3055
f 2254 3055 3489
f 2998 958 3489
f 2826 2721 2724
f 3490 2721 2817
f 2816 3490 2817
f 2334 2296 2335
f 2298 2334 2336
f 2301 2336 2338
f 2311 2338 2354
f 2312 2354 2355
f 2359 2361 2360
f 2335 2359 2360
f 2414 2365 2364
f 2413 2361 2365
f 2355 2540 2541
f 2541 2539 2542
f 2722 2739 2738
f 3114 2738 3113
f 3110 3121 3120
f 3108 3120 3113
f 3122 3127 3126
f 3112 3126 3121
f 3127 1753 3135
f 3139 2529 2542
f 3744 3133 3139
f 3490 2740 2739
f 3491 2789 3490
f 228 91 88
f 245 243 242
f 248 247 191
f 2 296 295
f 145 300 267
f 327 210 328
f 329 331 330
f 250 228 236
f 239 240 230
f 373 375 374
f 178 176 175
f 1218 1228 1321
f 3862 1295 3854
f 808 824 823
f 3858 1013 1014
f 3813 1411 1413
f 2154 2159 2160
f 3845 1758 1757
f 306 1922 452
f 2157 1976 1977
f 708 2031 1474
f 1450 1227 1428
f 1672 1605 1624
f 1813 1821 1816
f 1717 1715 1718
f 176 402 347
f 1710 3916 3915
f 1712 1577 1711
f 1705 1711 1704
f 971 979 970
f 822 1094 1102
f 2909 2793 2792
f 2810 2795 2793
f 2799 2249 2800
f 3662 2910 2799
f 2769 2801 2795
f 3177 3178 3179
f 3178 3180 3179
f 3181 1393 2800
f 3181 1632 3182
f 3182 2244 3183
f 3183 2243 3180
f 3492 2790 3491
f 2808 3491 2816
f 2239 3572 2240
f 1149 3571 3570
f 1150 3567 3571
f 2202 3566 2015
f 2921 3565 2923
f 3568 2133 2928
f 1777 1759 1792
f 1201 1183 1184
f 3561 2195 2194
f 3553 2770 2768
f 3927 1687 1692
f 1516 154 503
f 3549 2974 2803
f 3550 2779 2778
f 2771 3575 3546
f 3070 3546 3558
f 3547 2775 2867
f 1376 1370 1372
f 2767 3556 2206
f 2195 3543 2767
f 2775 3542 2776
f 3377 3545 2871
f 3804 3539 2806
f 2776 3538 2805
f 2240 3535 2920
f 2920 3669 3619
f 3548 2786 2779
f 1805 1851 1804
f 3534 2787 2786
f 2951 3540 3531
f 2772 3531 3575
f 2973 3530 3536
f 2224 3537 3530
f 1957 320 510
f 306 304 303
f 2770 3528 2913
f 2913 3574 2239
f 2923 3527 2922
f 308 431 47
f 207 132 543
f 1879 1881 1880
f 3733 3525 2089
f 2475 3558 3524
f 2476 3524 3523
f 2223 3523 3537
f 3522 2803 2802
f 2037 11 1950
f 1959 450 505
f 2003 3520 2129
f 9 334 540
f 2009 3518 3567
f 2008 3536 3518
f 3877 673 3879
f 3515 2778 2784
f 2935 3513 2936
f 111 3570 3511
f 3510 2935 2938
f 683 3885 943
f 3508 2810 2909
f 736 732 729
f 1795 1803 1796
f 3505 2938 2939
f 3507 2939 2940
f 2950 3504 2949
f 2940 3504 3507
f 3801 3512 2950
f 2868 3502 2869
f 2869 3522 2802
f 1024 1023 1020
f 3500 2948 2947
f 551 442 443
f 2972 3568 2928
f 2032 3499 2972
f 216 1924 1923
f 203 201 200
f 1828 1847 1837
f 1958 449 450
f 272 178 175
f 2871 3495 1361
f 3619 3564 2921
f 2801 3643 3662
f 2005 3654 2176
f 960 899 962
f 3657 3612 3624
f 3780 3646 3151
f 3151 3593 2555
f 2193 3623 2194
f 3607 3145 3144
f 3603 2761 3145
f 3592 3144 3104
f 2926 3634 3103
f 3634 3104 3103
f 3755 3746 3753
f 566 3758 2005
f 3488 1864 3500
f 1602 2079 2078
f 2868 3611 2922
f 2922 3610 2923
f 2923 3618 2921
f 3670 2918 3614
f 3619 3614 2920
f 2921 3670 3619
f 2920 3586 2240
f 3613 2915 2918
f 2917 3622 3641
f 2916 3641 3642
f 2239 3652 2913
f 2911 3652 2757
f 3643 2911 2910
f 2797 3662 3591
f 2797 3598 2750
f 3622 2763 2765
f 3608 2764 2745
f 2194 3648 2221
f 2221 3649 2222
f 2756 3609 2755
f 2750 3609 2747
f 3669 1817 3827
f 3763 1691 1699
f 2515 3590 2548
f 2548 3593 2550
f 2513 3632 3616
f 2513 3621 2515
f 2509 3620 2289
f 2510 3633 2509
f 2289 3639 2283
f 2283 3617 2286
f 2240 3587 2239
f 3659 3624 3626
f 716 3887 3888
f 727 3761 1923
f 2165 2170 2164
f 3660 3626 3629
f 3743 3578 3757
f 2175 769 770
f 2100 2095 2099
f 3758 3757 3578
f 640 3568 1826
f 1653 3553 1651
f 1895 3530 746
f 746 3537 741
f 1653 3528 3576
f 3762 1604 1672
f 2093 2073 2078
f 959 995 884
f 962 919 986
f 1400 1398 1399
f 1000 1127 1004
f 956 884 885
f 1662 3550 1661
f 2034 3546 1654
f 3926 3539 3802
f 3535 766 1817
f 3572 765 766
f 334 3571 335
f 1868 3540 1656
f 1684 1652 1678
f 1682 775 1807
f 1585 3762 1700
f 3763 1672 1673
f 2173 490 491
f 1658 3547 1752
f 3556 1650 724
f 1571 2010 1572
f 1587 3671 2080
f 2099 2077 2094
f 787 1999 786
f 2000 786 1999
f 3155 3697 3683
f 3713 3683 3789
f 2180 3685 3684
f 3496 3684 3705
f 1684 3840 1651
f 1760 3495 3545
f 2607 3693 2590
f 2581 3689 2607
f 2371 3700 3695
f 2371 3693 2372
f 2587 3675 2586
f 2586 3697 339
f 2497 3687 2503
f 2502 3687 3700
f 2494 3690 2495
f 3690 2472 2495
f 3688 2468 2472
f 3701 2469 2468
f 726 3892 630
f 581 3518 580
f 10 3570 334
f 1837 3510 1849
f 741 3523 1300
f 1299 3558 2034
f 1851 3504 1866
f 3527 1820 1819
f 580 3536 1895
f 1758 3522 3502
f 1693 3508 1806
f 3504 1867 1866
f 1894 3568 3499
f 2126 3813 3841
f 3906 3841 3912
f 2113 3867 2110
f 2179 3789 3685
f 624 3904 623
f 2192 3788 3780
f 2177 3787 3733
f 1364 3833 1338
f 3858 1470 1453
f 3135 3775 3744
f 2069 3835 2068
f 1351 3853 1352
f 2108 3901 499
f 2089 3736 3733
f 3828 1358 866
f 2001 3783 2187
f 2187 3719 2091
f 2130 3752 2004
f 2004 3749 2001
f 2014 3779 2201
f 2201 3756 2130
f 3167 3759 2969
f 3168 3720 3167
f 3159 3764 3160
f 3160 3765 3081
f 3730 3158 337
f 3158 3709 3159
f 2200 3730 3722
f 3685 3742 2204
f 3722 2197 2200
f 3790 2092 3721
f 3774 3721 2197
f 3154 3790 3774
f 3155 3706 3154
f 2091 3721 2092
f 2196 3750 3776
f 2193 3776 3781
f 3604 3781 3788
f 2086 3780 3778
f 2087 3778 3777
f 2204 3751 2205
f 2205 3750 3148
f 3909 574 692
f 2124 3777 3760
f 2208 3760 3782
f 3711 3140 3137
f 3785 3138 3140
f 3745 3139 3138
f 3771 3136 2322
f 3712 3137 3136
f 3775 3131 3133
f 3767 3132 3131
f 1813 3838 1814
f 1293 3856 1344
f 2184 3748 3732
f 2181 3732 3734
f 3765 3079 3081
f 3768 3080 3079
f 709 3875 2031
f 2774 3737 3769
f 3786 2134 3559
f 3809 766 765
f 2968 3766 2959
f 2969 3784 2968
f 2958 3737 2961
f 2132 3766 2960
f 2321 3771 3748
f 3860 1449 28
f 3905 582 710
f 3886 577 574
f 3847 1818 3827
f 705 3887 2121
f 3816 3907 698
f 2111 3911 2113
f 3810 1366 1411
f 1812 3822 1815
f 675 3852 674
f 3496 3851 675
f 2110 3868 2109
f 2104 3901 2106
f 2109 3899 944
f 3842 703 739
f 1680 3846 1684
f 1639 3819 3818
f 623 3906 697
f 2139 3866 3865
f 1808 3844 3837
f 3820 1819 1820
f 3872 3900 706
f 1646 3830 1648
f 3889 633 577
f 2139 3875 18
f 2156 3871 3874
f 674 3913 3869
f 2117 3812 2069
f 1815 3847 3823
f 3855 1444 1470
f 697 3912 3816
f 866 3836 3828
f 3864 2136 2135
f 3585 3726 3589
f 3583 3731 3585
f 3753 3738 3739
f 3740 3581 3743
f 1088 3746 1093
f 3739 3743 3753
f 2791 3493 2792
f 3492 2807 3493
f 2792 3494 2909
f 3493 2806 3494
f 3508 3494 3516
f 3516 2806 3539
f 2948 3791 3801
f 2105 3896 2104
f 3538 3804 2805
f 680 3876 683
f 1891 3910 3891
f 2905 3801 2950
f 2900 3799 2905
f 2901 3807 2877
f 2734 3806 3794
f 2877 3806 2878
f 2820 3794 2872
f 2818 3792 2827
f 2823 3792 2826
f 2822 3798 2821
f 2819 3800 3798
f 2817 3795 2816
f 2809 3795 2815
f 2808 3803 2807
f 2805 3803 2804
f 1702 3923 1599
f 3922 1797 1802
f 3915 1706 1709
f 3918 1692 1698
f 1657 3880 1879
f 1890 3895 3910
f 3772 1674 1675
f 1689 3772 3773
f 3926 3538 1688
f 3516 1689 3773
f 3917 1703 1764
f 1598 3928 1770
f 3880 1876 1879
f 1691 3925 3927
f 3925 1688 1687
f 1117 1118 3930
f 1066 1322 3930
f 1243 847 3930
f 3825 848 3930
f 1128 1117 3930
f 1129 1130 3930
f 841 1011 3930
f 1230 3863 3930
f 1242 1243 3930
f 1322 1229 3930
f 1064 1065 3930
f 1003 1128 3930
f 1229 1230 3930
f 3863 1285 3930
f 1285 1288 3930
f 848 839 3930
f 847 3825 3930
f 1118 1129 3930
f 1065 1066 3930
f 1087 1086 3930
f 1008 1002 3930
f 1011 1008 3930
f 1002 1003 3930
f 1076 1069 3930
f 838 841 3930
f 839 838 3930
f 1288 1242 3930
f 1130 1087 3930
f 1086 1076 3930
f 1069 1064 3930
f 2410 2414 3931
f 2411 2410 3931
f 3617 2285 3931
f 2394 2393 3931
f 2393 2396 3931
f 2281 2286 3931
f 2282 2280 3931
f 2398 2399 3931
f 2465 2464 3931
f 2396 2397 3931
f 2470 2469 3931
f 2399 2416 3931
f 2480 2395 3931
f 2459 2480 3931
f 2369 2282 3931
f 2460 2459 3931
f 2415 2411 3931
f 2416 2415 3931
f 2364 2363 3931
f 2286 3617 3931
f 2464 2470 3931
f 2469 3703 3931
f 2285 2465 3931
f 2414 2364 3931
f 2395 2394 3931
f 2363 2367 3931
f 2397 2398 3931
f 2280 2281 3931
f 3703 2460 3931
f 2367 2369 3931
f 4 3 2
f 8 7 6
f 13 16 15
f 17 28 19
f 32 31 30
f 36 35 34
f 37 40 39
f 21 22 23
f 25 26 27
f 41 44 43
f 48 47 46
f 52 51 50
f 53 56 55
f 60 59 58
f 29 30 62
f 66 65 64
f 67 5 6
f 72 71 70
f 76 75 74
f 77 80 79
f 81 84 83
f 59 87 86
f 88 91 90
f 96 95 94
f 100 99 98
f 101 104 103
f 106 105 34
f 108 116 115
f 117 119 36
f 124 127 126
f 131 130 129
f 132 102 134
f 142 141 140
f 148 106 60
f 144 143 127
f 149 152 151
f 156 155 154
f 159 150 158
f 116 108 164
f 171 170 169
f 174 126 173
f 179 182 181
f 186 189 188
f 194 197 196
f 199 142 139
f 206 209 208
f 213 212 211
f 202 215 214
f 96 93 216
f 92 238 43
f 97 184 246
f 250 249 229
f 252 254 58
f 258 257 256
f 260 91 229
f 110 111 112
f 114 264 263
f 265 268 267
f 56 53 270
f 274 273 249
f 185 183 63
f 280 279 278
f 285 284 283
f 288 219 211
f 141 142 92
f 289 290 175
f 148 116 105
f 312 311 170
f 238 262 42
f 318 163 160
f 310 309 308
f 241 239 325
f 160 230 240
f 47 48 307
f 108 109 315
f 345 85 86
f 348 351 350
f 356 359 358
f 355 354 353
f 363 31 32
f 364 252 253
f 366 125 368
f 183 372 371
f 163 162 161
f 209 226 101
f 378 377 165
f 379 295 381
f 383 382 3
f 284 285 386
f 387 127 389
f 391 259 229
f 73 281 397
f 405 408 407
f 203 218 411
f 414 121 413
f 1 356 357
f 277 276 131
f 254 344 57
f 358 384 415
f 417 416 386
f 401 400 192
f 419 389 127
f 421 181 182
f 103 301 302
f 428 367 368
f 380 390 359
f 62 204 266
f 140 141 431
f 357 358 351
f 356 1 379
f 415 392 403
f 437 428 436
f 438 441 440
f 188 451 450
f 265 455 181
f 224 185 64
f 237 212 213
f 275 131 128
f 281 282 460
f 50 462 79
f 73 74 282
f 468 467 466
f 390 355 352
f 482 485 484
f 489 488 487
f 493 496 495
f 472 471 470
f 502 501 500
f 220 221 222
f 512 419 143
f 518 517 511
f 513 239 230
f 205 30 31
f 189 370 451
f 163 318 532
f 533 224 225
f 446 448 447
f 335 541 540
f 544 512 546
f 329 519 291
f 199 534 262
f 385 386 416
f 532 190 191
f 363 117 118
f 578 581 580
f 573 572 571
f 561 563 562
f 241 260 259
f 590 593 592
f 545 546 595
f 503 154 155
f 606 625 624
f 478 481 480
f 646 649 648
f 590 591 689
f 564 565 651
f 728 246 184
f 714 724 716
f 692 574 575
f 541 335 581
f 346 68 248
f 161 231 230
f 128 129 94
f 698 705 704
f 574 577 576
f 290 289 401
f 630 631 725
f 733 736 735
f 755 466 496
f 759 480 481
f 757 763 762
f 764 496 466
f 768 767 3808
f 759 760 488
f 492 474 475
f 474 770 769
f 773 468 465
f 771 774 486
f 484 485 775
f 774 776 489
f 495 496 764
f 495 757 761
f 137 397 784
f 325 239 797
f 165 519 51
f 369 32 29
f 730 731 568
f 90 302 301
f 243 118 516
f 800 734 806
f 817 815 808
f 816 808 823
f 306 303 447
f 815 810 809
f 829 830 828
f 726 725 501
f 274 427 424
f 879 882 881
f 884 883 879
f 219 218 217
f 906 905 904
f 455 204 205
f 898 882 830
f 903 900 880
f 377 291 519
f 923 949 948
f 946 947 951
f 3519 740 739
f 900 899 886
f 225 64 65
f 182 445 442
f 809 952 947
f 954 960 962
f 927 950 965
f 885 879 880
f 925 927 966
f 343 342 341
f 965 964 971
f 968 971 970
f 972 968 969
f 963 961 981
f 336 337 338
f 992 993 827
f 810 815 996
f 1007 1001 1002
f 1012 826 827
f 1011 1009 1007
f 294 293 292
f 907 908 920
f 1017 579 1019
f 1020 1023 1022
f 1035 1024 1020
f 1061 1060 1047
f 1063 1061 1046
f 1044 1020 1021
f 1102 1094 1097
f 1116 1126 1118
f 1016 1015 1014
f 881 897 904
f 816 1116 1127
f 1094 948 949
f 514 342 167
f 146 145 81
f 1133 1135 1130
f 1102 1133 1126
f 822 1126 1116
f 1145 1143 1148
f 1076 1144 1151
f 1148 1143 1086
f 1109 1097 1114
f 1154 1153 1156
f 1153 925 967
f 3464 3497 463
f 1144 1147 1152
f 1156 967 1163
f 1164 1162 1169
f 1145 1171 1176
f 1114 1115 1154
f 1183 1155 1164
f 1184 1183 1177
f 1069 1151 1062
f 1023 1191 1194
f 1162 1163 1170
f 1195 1184 1185
f 1183 1196 1176
f 1201 1063 1152
f 1061 1063 1201
f 3825 847 843
f 1203 1202 1195
f 1202 1201 1184
f 1218 1060 1203
f 1060 1061 1202
f 1225 1218 1217
f 671 695 694
f 1219 1217 1024
f 1217 1203 1034
f 1226 1014 1015
f 1243 1242 1234
f 1231 1230 1229
f 847 1243 1233
f 843 1233 1244
f 1233 1234 1245
f 1923 3761 233
f 2100 2108 499
f 3914 3864 2135
f 61 62 323
f 210 211 217
f 1299 1310 1309
f 3863 1230 1231
f 1066 1047 1321
f 1322 1321 1228
f 1060 1218 1321
f 1325 1324 1323
f 1244 1245 1332
f 1290 1234 1242
f 1337 1330 1339
f 1330 1332 1340
f 1341 1332 1245
f 1342 1340 1332
f 1343 1342 1341
f 1344 1341 1294
f 3857 3856 1345
f 1347 1348 1342
f 3856 3854 1295
f 1349 1350 1348
f 3861 1349 1347
f 3853 1347 1343
f 906 898 829
f 905 906 1353
f 865 1356 1355
f 1355 1353 829
f 1357 1355 825
f 1356 1354 1353
f 3834 1337 1338
f 866 1358 1356
f 1358 1359 1354
f 3828 878 1337
f 838 1362 1012
f 1363 1364 1338
f 1368 1363 1339
f 1348 1368 1340
f 1371 1369 3824
f 524 525 526
f 528 529 530
f 1372 1370 1369
f 535 536 537
f 1367 1368 1348
f 1370 1354 1359
f 1369 1359 3833
f 1373 910 903
f 555 556 557
f 1374 909 910
f 1373 904 905
f 1374 1373 1375
f 1375 905 1354
f 1378 920 908
f 376 373 651
f 1388 928 973
f 586 587 588
f 1390 1389 1388
f 1391 1388 969
f 597 598 599
f 600 601 602
f 1392 1391 970
f 608 609 610
f 612 524 523
f 614 615 616
f 617 618 25
f 620 621 622
f 1397 1390 1391
f 1398 1397 1392
f 1400 987 920
f 1402 1403 1165
f 636 637 638
f 930 1404 1402
f 641 642 643
f 929 1402 1169
f 1404 1405 1403
f 1411 1366 1365
f 1412 1406 1415
f 652 653 654
f 609 656 657
f 659 660 661
f 558 663 586
f 665 666 667
f 1413 1411 1406
f 1418 1416 3810
f 1417 1372 1371
f 1416 1371 3829
f 1419 1417 1416
f 1386 909 1374
f 677 678 679
f 1385 1386 1420
f 1420 1374 1376
f 685 686 687
f 1421 1420 1422
f 528 690 691
f 1422 1376 1372
f 1018 1019 747
f 699 700 701
f 1424 578 579
f 3663 1597 1767
f 700 699 711
f 1093 3746 3754
f 717 718 530
f 721 722 723
f 704 1650 3543
f 19 1429 1426
f 1429 1428 1427
f 1658 1659 3542
f 1439 1437 1434
f 1437 1436 1435
f 1426 1427 1433
f 1442 1431 1432
f 742 743 744
f 1432 1433 1441
f 751 752 753
f 1438 1434 1403
f 1446 1445 1444
f 1447 1448 1446
f 3860 1447 1443
f 1415 1367 1445
f 1414 1415 1446
f 2173 1683 469
f 777 778 779
f 780 781 782
f 1676 1693 1806
f 3859 1451 1349
f 789 790 791
f 745 792 793
f 652 794 795
f 1455 1458 1457
f 1454 1367 1350
f 610 691 802
f 3831 3816 698
f 1352 1044 1045
f 1015 1016 1459
f 811 812 813
f 2118 3815 3817
f 819 820 821
f 1466 1463 1194
f 1467 1468 1465
f 1182 1165 1468
f 832 812 833
f 835 836 837
f 1467 1466 1190
f 1469 1470 1444
f 840 700 712
f 1453 1470 1469
f 599 844 845
f 1226 1450 3849
f 851 852 853
f 855 744 856
f 858 859 860
f 861 862 863
f 1014 1226 3855
f 867 676 868
f 870 871 872
f 874 875 876
f 1310 1323 1471
f 1476 1433 1427
f 1461 1476 1475
f 887 888 889
f 788 791 892
f 894 895 896
f 1460 1475 1227
f 901 902 524
f 1465 1478 1477
f 1865 3503 3500
f 911 912 913
f 916 917 918
f 1850 3505 3507
f 921 922 895
f 1479 1435 1436
f 926 664 667
f 1481 562 563
f 269 1483 84
f 931 932 933
f 934 935 614
f 936 685 688
f 938 659 662
f 1484 270 122
f 941 942 835
f 320 321 509
f 1849 3510 3505
f 84 1483 1484
f 1487 1490 1488
f 1757 1758 3502
f 365 1492 1491
f 461 79 80
f 117 363 362
f 1494 540 541
f 926 601 957
f 1477 1441 1433
f 1709 1588 1585
f 119 117 1496
f 271 1497 504
f 511 517 189
f 345 1496 1492
f 57 344 299
f 1501 1499 268
f 267 268 1499
f 974 975 976
f 1678 1652 1693
f 3846 1682 1807
f 557 982 663
f 983 941 984
f 1443 1444 3849
f 421 1500 268
f 989 990 991
f 1490 1487 418
f 279 280 309
f 997 868 676
f 998 26 999
f 1504 418 38
f 1506 1508 1507
f 360 361 1508
f 1506 1486 207
f 939 1005 1006
f 270 1484 1483
f 66 63 546
f 1010 742 793
f 367 428 437
f 244 31 363
f 1670 3532 3534
f 209 206 1510
f 388 389 426
f 427 274 250
f 161 520 521
f 100 246 45
f 1025 1026 608
f 1029 1030 1031
f 939 662 1033
f 41 42 594
f 1036 780 783
f 702 701 1038
f 1040 1041 1042
f 362 32 369
f 187 1520 477
f 70 1487 539
f 1049 600 603
f 613 867 869
f 860 1050 1051
f 1005 1052 1053
f 753 1055 1056
f 1057 1058 1059
f 293 288 1522
f 288 212 1521
f 292 1522 1523
f 331 1507 1508
f 306 452 453
f 100 44 41
f 462 1524 78
f 330 331 1524
f 635 1067 1068
f 1485 1527 1526
f 206 1485 1528
f 1070 1071 1072
f 942 941 1073
f 916 933 1075
f 440 1529 1530
f 157 158 1514
f 1529 162 5
f 371 595 546
f 790 586 663
f 1077 858 857
f 1403 1434 1435
f 1080 1081 1082
f 531 520 1529
f 21 1083 1084
f 272 1532 1531
f 690 712 802
f 335 3571 3567
f 1090 1030 1029
f 1092 795 794
f 1533 396 137
f 661 660 1095
f 69 444 445
f 1099 1100 1101
f 38 39 1536
f 1104 1105 1106
f 852 1107 1108
f 1377 908 909
f 291 377 411
f 316 1536 516
f 539 1488 1533
f 1505 1536 316
f 1110 1111 1112
f 1539 1537 460
f 522 441 1537
f 834 837 1120
f 1122 1123 1124
f 612 1125 1041
f 935 793 615
f 276 278 130
f 1686 3549 3522
f 193 190 1541
f 231 521 1540
f 556 1037 982
f 365 253 85
f 190 532 318
f 1810 765 3574
f 3924 1867 3512
f 1132 983 985
f 208 101 102
f 1134 1033 662
f 1491 518 80
f 429 133 1542
f 1137 1138 915
f 172 436 428
f 1139 1140 1141
f 549 96 54
f 1517 1519 1518
f 834 1119 984
f 1543 513 286
f 1544 797 239
f 133 134 1544
f 506 361 257
f 420 327 328
f 1158 1159 1160
f 587 1104 1103
f 607 1161 1027
f 304 1546 1545
f 364 1491 77
f 69 70 198
f 700 840 1112
f 3877 626 3525
f 1166 719 657
f 1167 1168 858
f 1300 3523 3524
f 1172 1173 1174
f 218 203 200
f 1179 1180 1181
f 372 183 97
f 89 104 227
f 1186 1187 1188
f 172 173 1517
f 1482 84 81
f 1090 1192 1193
f 394 395 353
f 526 525 1198
f 1199 1200 1026
f 606 623 697
f 1204 1205 1206
f 1207 1208 523
f 1209 1210 867
f 914 913 685
f 1478 1436 1441
f 1029 1028 1161
f 1211 1212 1213
f 3858 1453 1451
f 844 1215 1216
f 423 193 273
f 1220 1221 1222
f 22 1223 1224
f 882 898 897
f 1519 1517 173
f 1189 1188 1232
f 349 350 550
f 1071 1235 1236
f 1237 1238 1239
f 1221 1186 1189
f 1510 1528 1512
f 939 1032 1241
f 1556 1530 5
f 1553 1554 394
f 404 1556 67
f 1247 1248 1249
f 142 199 238
f 1251 1067 635
f 850 1252 1253
f 1254 1167 1077
f 57 132 133
f 443 430 552
f 1187 1172 1175
f 1256 1070 831
f 432 405 382
f 741 748 747
f 434 350 351
f 349 432 383
f 251 124 1481
f 395 384 352
f 1518 1519 1550
f 1558 410 378
f 109 263 314
f 285 1514 1513
f 395 394 393
f 202 203 410
f 417 408 405
f 1246 1257 1258
f 3 1559 297
f 1259 1260 1261
f 403 404 347
f 955 954 953
f 462 50 51
f 1096 1095 687
f 429 147 60
f 896 1264 1265
f 1267 721 1268
f 423 424 327
f 37 179 180
f 20 23 1187
f 1256 1168 1071
f 1188 1175 1269
f 1236 1270 1271
f 1272 536 535
f 565 564 463
f 1273 792 745
f 876 1254 1255
f 316 33 164
f 437 1516 503
f 194 1494 1495
f 1275 1276 864
f 624 625 631
f 1277 1274 1137
f 569 568 567
f 1481 124 125
f 324 325 547
f 1279 1108 1107
f 1525 332 329
f 1281 1278 1137
f 171 168 1553
f 1488 73 396
f 1557 1561 1562
f 1282 856 1206
f 1053 1277 1278
f 778 777 607
f 713 583 3566
f 251 225 144
f 4 357 348
f 709 708 707
f 728 48 45
f 261 135 1563
f 789 1286 1287
f 74 314 263
f 403 284 385
f 1178 1181 1240
f 1223 1259 1289
f 1220 20 1186
f 296 1518 354
f 784 459 1538
f 1181 1180 1291
f 1269 1292 1257
f 1566 1538 438
f 136 784 1566
f 1563 1564 169
f 107 114 109
f 1297 1282 1298
f 1464 1477 1476
f 1520 187 507
f 1301 1302 1303
f 1306 1307 1308
f 175 456 1532
f 1532 456 200
f 1311 1266 1312
f 872 1314 1315
f 3836 843 878
f 1305 1308 864
f 1040 1275 863
f 1564 1566 399
f 592 1576 1575
f 591 1575 1088
f 1581 1584 1583
f 1196 1152 1147
f 710 582 583
f 285 407 408
f 953 954 961
f 1594 1592 1589
f 1585 1588 1587
f 1592 1591 1590
f 3885 945 944
f 1600 1599 1598
f 1604 1603 1602
f 1399 1392 979
f 1589 1590 1596
f 1610 1609 1608
f 298 257 361
f 551 552 276
f 1627 1626 3814
f 859 811 818
f 1078 857 1328
f 1555 439 1530
f 572 573 680
f 772 465 776
f 977 1281 918
f 404 403 392
f 1054 1331 750
f 1644 1645 1643
f 932 1265 1082
f 1067 1333 1334
f 1540 1539 264
f 597 1335 643
f 471 761 762
f 1642 696 3831
f 1644 1642 3842
f 923 946 950
f 96 549 548
f 520 531 522
f 445 444 443
f 849 839 848
f 480 759 755
f 1646 760 481
f 311 426 1567
f 464 463 3497
f 3497 1360 1361
f 234 237 236
f 190 193 192
f 153 154 152
f 231 287 286
f 1552 1553 1551
f 760 1646 1648
f 3832 1647 1649
f 828 827 826
f 52 167 166
f 1663 1662 1661
f 287 107 115
f 668 671 670
f 634 645 640
f 553 560 559
f 118 36 33
f 492 484 491
f 3552 1652 1651
f 582 589 584
f 384 395 392
f 1381 1382 1383
f 1562 1561 435
f 952 953 951
f 3529 3566 583
f 1660 1661 1667
f 1394 1395 1396
f 1660 1665 1664
f 1671 1670 1669
f 1624 1625 1673
f 1407 1408 1409
f 1677 1676 1675
f 1613 1679 1677
f 1679 1678 1676
f 1626 1681 3811
f 534 199 198
f 803 733 734
f 400 248 191
f 65 66 143
f 3526 1657 1656
f 402 159 157
f 629 628 627
f 461 477 49
f 758 757 495
f 796 787 786
f 406 407 1513
f 342 343 166
f 1694 1659 1658
f 1692 1687 1694
f 3557 1693 1652
f 3921 1704 1703
f 326 547 302
f 3916 3921 1702
f 3919 3918 1698
f 1699 1691 3927
f 1557 406 1560
f 1127 1116 1117
f 400 401 289
f 1706 1702 1707
f 1707 1702 1599
f 1709 1706 1708
f 1714 1712 1711
f 3919 3915 1709
f 1704 1711 1577
f 1716 1714 1713
f 1559 1562 1549
f 1722 1721 1720
f 1335 597 596
f 410 411 377
f 973 1170 1163
f 168 169 399
f 1571 682 1089
f 1572 681 682
f 749 646 647
f 1730 1724 1723
f 1594 1582 1729
f 1729 1723 1591
f 1384 1378 1377
f 1732 1731 1712
f 1724 1730 1731
f 1722 1724 1732
f 1721 1722 1733
f 1734 1733 1716
f 1735 1737 1736
f 1733 1732 1714
f 1663 1664 1741
f 1742 1665 1740
f 1738 1739 1737
f 1665 1660 1666
f 1665 1742 1744
f 1725 1726 1746
f 1591 1725 1745
f 1590 1745 1747
f 1745 1746 1748
f 1659 1688 3538
f 3287 1760 3545
f 1185 1177 1182
f 1664 1744 1749
f 1741 1749 1739
f 1746 1742 1743
f 1726 1744 1742
f 1115 924 1153
f 1654 3546 3575
f 1896 3562 3549
f 1720 1749 1744
f 1721 1739 1749
f 1750 1718 1701
f 1697 1736 1750
f 1151 1152 1063
f 1751 1752 1670
f 1695 1658 1752
f 961 962 986
f 1770 1769 1768
f 1766 1594 1593
f 1731 1759 1579
f 1579 1777 1774
f 3928 1772 1771
f 1764 1772 3928
f 1777 1776 1775
f 3762 3763 1699
f 1004 1127 1128
f 1774 1775 1771
f 987 1400 1399
f 1578 1774 1772
f 1783 1782 1781
f 1597 1598 1770
f 639 1878 3895
f 3928 3929 1769
f 1793 1792 1789
f 3929 3920 1798
f 3508 3516 3773
f 1802 1867 3924
f 1788 1790 1794
f 1793 1794 1795
f 3773 3772 1675
f 1584 1581 1783
f 1771 1797 3920
f 1801 1799 1798
f 1768 1769 1798
f 1775 1796 1797
f 508 514 515
f 1796 1803 1802
f 1800 1798 3920
f 1794 1805 1804
f 3532 1670 1752
f 485 1808 1807
f 3809 3844 1640
f 3837 3844 1810
f 485 482 1640
f 1690 1691 3770
f 487 488 1648
f 3839 1813 1816
f 3838 1811 1648
f 3839 1812 1811
f 1812 1809 487
f 1641 1809 767
f 465 466 755
f 767 1815 3823
f 3822 1816 3826
f 1809 1812 1815
f 3837 1653 1651
f 675 672 3541
f 1814 1649 1822
f 1821 1822 3821
f 1824 1822 1649
f 1827 1849 1850
f 1668 1669 1662
f 1779 1780 1848
f 1790 1827 1805
f 1833 1836 1853
f 3521 3506 693
f 1614 1615 1616
f 1852 1853 3498
f 1620 1621 1622
f 1855 1765 1574
f 1847 1852 3501
f 1766 1765 1855
f 1629 1630 1631
f 1633 1622 1634
f 1635 1636 1637
f 1848 1833 1852
f 1855 1861 1863
f 1803 1866 1867
f 1862 1863 1831
f 1782 1855 1862
f 3922 3924 1865
f 1873 1872 1870
f 1874 1869 799
f 2045 3878 3897
f 1219 1345 1295
f 1615 1614 1396
f 3884 3895 1877
f 645 3898 3786
f 1345 1219 1035
f 634 639 3884
f 15 1887 1327
f 3910 3895 1878
f 1894 604 605
f 3506 3551 627
f 3560 640 645
f 340 341 454
f 1897 194 195
f 1889 1882 1877
f 1901 94 129
f 196 749 754
f 1705 1704 3921
f 340 378 166
f 1570 1480 563
f 1904 1494 194
f 1781 1862 1832
f 1905 549 55
f 1000 994 995
f 986 919 920
f 1191 1185 1190
f 2094 2077 2075
f 1920 1921 1919
f 453 454 1912
f 1915 1919 1918
f 3882 2112 2106
f 1655 3575 3531
f 1916 1918 1926
f 704 3554 3561
f 278 1916 1925
f 3565 3564 1818
f 1097 949 1115
f 1927 1928 727
f 3578 3579 3654
f 1920 310 307
f 1929 307 48
f 503 504 1497
f 1902 1903 787
f 1816 1821 3820
f 1925 1926 1923
f 1535 1569 1568
f 254 252 258
f 1509 1497 366
f 119 86 35
f 219 288 293
f 141 46 47
f 542 205 244
f 1940 552 430
f 1779 1828 1827
f 1701 1710 3915
f 1661 3550 3515
f 270 53 754
f 197 1947 749
f 1727 1728 1212
f 53 54 232
f 1465 1468 1479
f 1284 3862 3854
f 1951 446 412
f 168 398 1554
f 1486 1485 206
f 506 77 78
f 994 1001 1007
f 951 953 963
f 1013 3859 3861
f 3826 3820 1820
f 1498 1909 1954
f 299 298 543
f 1754 1755 1756
f 1681 469 1683
f 1696 1694 1695
f 13 14 738
f 473 476 475
f 482 1641 768
f 204 62 30
f 1761 1762 820
f 611 1763 1125
f 1501 1503 1908
f 1074 1073 711
f 1960 1944 82
f 120 1956 1960
f 35 86 87
f 1773 1199 1025
f 1965 1545 1569
f 494 761 471
f 1966 1967 1969
f 446 1951 1971
f 174 368 125
f 1580 1579 1578
f 1785 1786 1787
f 1972 1546 304
f 1254 876 875
f 1973 341 342
f 321 1912 1973
f 1910 277 275
f 509 1973 514
f 1486 1507 1527
f 1974 1874 804
f 1977 1976 1974
f 1980 448 1966
f 379 1 2
f 1718 1715 1710
f 884 995 992
f 1680 1684 1678
f 902 990 525
f 344 255 256
f 135 138 137
f 448 446 1967
f 589 605 604
f 910 909 908
f 1981 1966 1968
f 1982 1981 1987
f 1988 1979 1987
f 1990 1988 1989
f 1991 1989 1993
f 322 321 320
f 992 828 830
f 1144 1076 1086
f 1995 1977 1978
f 1133 1129 1118
f 1997 1995 1994
f 870 1823 1335
f 805 806 1982
f 727 184 2000
f 1996 1994 1988
f 1994 1978 1979
f 1829 616 792
f 1830 1073 941
f 798 803 800
f 729 732 731
f 2011 2012 2023
f 1834 1835 846
f 402 283 284
f 2022 2023 2024
f 1838 718 989
f 810 955 952
f 1823 1839 1840
f 1430 1426 1432
f 1215 844 1841
f 1316 1208 873
f 2112 1401 1384
f 1842 1843 1844
f 1159 846 845
f 837 27 1846
f 1971 1951 2030
f 517 369 370
f 1471 2026 2027
f 3551 3525 626
f 2174 2175 770
f 935 934 1854
f 1613 1619 1611
f 1231 1228 1225
f 1856 1857 891
f 1300 1309 748
f 1150 1149 1858
f 1643 606 696
f 1215 1265 1264
f 1320 1860 902
f 1956 1943 1944
f 2031 668 669
f 2034 1325 1310
f 1879 1880 1656
f 40 245 242
f 1992 1993 2039
f 888 958 957
f 1882 1889 1996
f 1078 1138 1255
f 1871 912 1192
f 294 411 218
f 1323 2041 2026
f 123 1960 83
f 1324 2036 2041
f 384 358 359
f 1324 1325 2038
f 1883 1884 1885
f 287 1540 114
f 1096 1886 1134
f 915 1329 931
f 806 1980 1981
f 3533 3529 584
f 1425 2030 2042
f 1018 2042 1948
f 3562 1896 740
f 1948 2042 649
f 1881 1882 1990
f 1900 129 130
f 992 995 994
f 923 927 925
f 3878 2045 2047
f 1643 2048 625
f 2050 2052 2051
f 2045 1405 1404
f 3876 2047 945
f 1139 1080 1079
f 1037 1856 892
f 2055 2053 2057
f 1198 989 718
f 1619 2058 1612
f 2058 1605 1606
f 2059 2060 1607
f 2058 1619 1624
f 71 72 179
f 405 406 1557
f 322 1548 1972
f 2061 2052 2063
f 2066 2065 2067
f 2052 2061 2064
f 1609 1610 2066
f 1515 151 152
f 1009 827 993
f 1644 3843 3815
f 279 1915 1916
f 1285 3863 3862
f 1647 2066 1825
f 2056 2057 2067
f 319 320 1953
f 667 666 1913
f 2070 631 625
f 2052 2050 2055
f 2038 1654 1655
f 1606 1601 2073
f 1235 1917 1270
f 2072 2073 2075
f 2059 1606 2072
f 2074 2075 2077
f 1601 1602 2078
f 2049 2048 1643
f 1000 1004 1001
f 1089 943 684
f 1931 1286 1306
f 1462 1459 1021
f 1932 1933 1934
f 875 874 1846
f 1936 1051 1937
f 44 45 46
f 1534 1955 1956
f 1541 318 317
f 2081 2082 2084
f 146 1945 1959
f 1360 1941 1942
f 985 984 1032
f 1995 1997 1892
f 2079 2080 2082
f 2095 2096 2076
f 2081 2093 2078
f 2055 2050 2054
f 501 2096 2095
f 2097 2100 2099
f 2098 2099 2094
f 2140 2141 3893
f 2141 2046 3894
f 2051 2070 2048
f 592 2102 2101
f 2071 2064 2076
f 2102 2097 2098
f 593 2103 2102
f 1019 1895 746
f 1950 11 12
f 725 2071 2096
f 1385 2105 2104
f 1379 2104 2106
f 2107 2108 2100
f 3908 726 502
f 3896 502 499
f 940 1389 2109
f 928 929 1170
f 3868 590 684
f 1962 1963 1964
f 3878 680 573
f 2039 1993 1968
f 1389 1390 2110
f 1398 2111 2113
f 3757 3755 3753
f 3911 3883 2107
f 949 923 924
f 260 241 324
f 1390 1397 2113
f 2070 2051 2064
f 3867 3911 2103
f 2105 1385 1421
f 2114 1421 1423
f 3892 2114 2115
f 3908 2105 2114
f 554 2116 1902
f 972 1163 967
f 1765 1593 1573
f 1984 1985 1986
f 2053 2117 2069
f 3573 3556 724
f 1625 1677 1674
f 3881 3888 2119
f 3903 2115 2123
f 56 1954 1906
f 626 3877 3879
f 2001 2002 2003
f 3912 3841 2127
f 2006 2007 2008
f 2127 1413 1412
f 2014 2015 2016
f 2018 2019 2020
f 1495 1424 1947
f 1379 1377 1386
f 3814 3811 1680
f 2029 1885 1884
f 3902 2128 2120
f 629 3879 3914
f 682 683 943
f 724 1650 2121
f 1757 1819 3821
f 765 1810 3844
f 3851 714 715
f 706 707 3870
f 981 986 987
f 1457 1868 1656
f 2017 2016 2032
f 1458 1655 1868
f 1776 1777 1792
f 1959 1945 1946
f 3663 3715 3725
f 3913 3881 2122
f 1093 1089 689
f 966 965 968
f 3852 715 3881
f 2172 3577 2170
f 670 2138 2137
f 3761 787 1903
f 1429 19 28
f 964 963 978
f 3841 3813 1413
f 1473 1474 669
f 3834 3833 1359
f 2138 798 1870
f 1872 1473 2137
f 715 716 3888
f 1881 1991 1992
f 3843 3842 739
f 1837 1847 3513
f 253 58 59
f 1808 3837 3840
f 1647 3832 3818
f 3865 3866 671
f 2112 3882 3883
f 1405 2045 2044
f 3829 3824 1364
f 273 1541 391
f 576 632 3520
f 3875 3865 668
f 1430 1431 2140
f 2136 3850 3860
f 1430 2139 18
f 3893 3894 570
f 1442 1439 2046
f 1431 1442 2141
f 3869 3913 3850
f 3808 3823 1817
f 3866 3893 695
f 2142 2025 798
f 571 2143 2142
f 3819 3814 1618
f 2143 2022 2025
f 694 2142 2138
f 681 1572 2144
f 2144 2011 2022
f 328 210 457
f 1572 2010 2011
f 630 3892 3903
f 2085 2086 2087
f 2090 2091 2092
f 572 2144 2143
f 1875 1976 2153
f 1873 1875 2149
f 2103 2107 2097
f 2157 2043 2155
f 2128 1412 1414
f 3874 3871 589
f 3872 3870 628
f 2149 2153 2158
f 2159 2158 3905
f 698 3907 3902
f 3823 3847 3827
f 2158 2156 3874
f 1438 2044 2046
f 2035 2154 2160
f 2161 2160 3889
f 3871 3891 605
f 3873 17 18
f 370 29 61
f 649 1951 413
f 2153 2157 2156
f 1428 1429 1449
f 1490 76 73
f 3890 3905 710
f 2155 1891 3891
f 1456 1457 1880
f 2125 2088 2087
f 2160 2159 3890
f 300 1959 505
f 1064 1062 1046
f 2043 1892 1891
f 2129 2130 2004
f 2131 2132 2133
f 3848 3849 1450
f 1998 1975 804
f 3879 673 3864
f 474 492 490
f 1164 1165 1182
f 707 2162 3909
f 708 1472 2162
f 2162 2161 3886
f 548 549 1905
f 1145 1136 1114
f 705 2121 1650
f 2043 2157 1977
f 737 738 554
f 1034 1195 1191
f 458 1905 1907
f 195 196 232
f 2040 2039 1969
f 2145 2146 2147
f 2054 2050 2049
f 3832 1646 1639
f 9 12 11
f 252 364 506
f 472 478 479
f 1865 3924 3791
f 900 903 910
f 1941 2150 2151
f 1921 1928 1927
f 2163 1897 1898
f 271 156 153
f 1904 1326 12
f 282 263 264
f 1872 1873 2154
f 1326 1904 1897
f 628 692 693
f 1724 1722 1719
f 1549 1562 436
f 1582 1583 1730
f 1921 1920 1929
f 3563 3511 10
f 2152 2037 1950
f 475 772 774
f 769 2172 2171
f 2171 2165 476
f 476 773 772
f 1791 565 464
f 2166 2167 2168
f 595 371 372
f 483 1809 1641
f 762 2174 2173
f 771 483 484
f 486 487 1809
f 297 1549 1517
f 763 2175 2174
f 776 755 759
f 184 185 2176
f 412 447 303
f 2005 2176 185
f 3811 1681 1682
f 2164 2170 756
f 1472 2035 2161
f 950 951 964
f 2177 2178 2179
f 227 226 1510
f 2182 2183 2184
f 2186 2019 2018
f 1985 2182 2181
f 214 736 729
f 865 849 842
f 849 865 1357
f 559 3187 3188
f 16 13 737
f 560 553 498
f 3193 3196 3195
f 3200 3197 3198
f 3211 3214 3213
f 3215 3218 3217
f 2187 2188 2002
f 2169 2168 2189
f 2192 2086 2085
f 2193 2194 2195
f 2198 2199 2200
f 1998 1982 1979
f 3664 3665 3668
f 2116 1898 1903
f 1859 2006 2009
f 3904 2123 2126
f 1135 1148 1087
f 2201 2202 2015
f 1149 111 110
f 3221 3222 3218
f 2203 2204 2205
f 579 580 1895
f 1755 2207 2208
f 3891 3910 1893
f 1211 2151 2150
f 868 997 2210
f 944 945 930
f 2130 2129 2202
f 233 1903 1898
f 665 751 750
f 1167 1254 999
f 2211 2212 2213
f 2215 2216 2217
f 3867 593 590
f 2220 221 220
f 823 824 948
f 3225 3220 3227
f 266 204 455
f 3882 2108 2107
f 2221 2222 3519
f 2223 2224 2225
f 2207 2125 2124
f 673 674 3869
f 817 1000 996
f 2227 2228 2146
f 1947 1948 646
f 3900 2135 17
f 2229 1635 1638
f 1679 1613 1618
f 1637 2231 2232
f 2233 2234 1617
f 2231 2235 2236
f 1381 1638 2238
f 3586 2241 2242
f 1630 2234 2233
f 1681 1626 472
f 1408 1407 2243
f 3236 3239 3238
f 3232 3241 3240
f 1637 2230 2238
f 3237 3238 3233
f 1409 1408 1634
f 1380 1383 2247
f 1628 2248 2245
f 2249 1623 1622
f 1632 1634 1408
f 2248 1628 1631
f 2235 2231 1637
f 3245 3246 3199
f 631 2070 2071
f 515 167 52
f 782 781 2251
f 2253 2254 2255
f 397 281 459
f 1456 2039 2040
f 2040 2041 2036
f 1401 2112 2111
f 2041 2040 1970
f 1535 121 414
f 1586 1587 2080
f 2256 983 1132
f 1700 1699 3918
f 3815 1896 1686
f 1263 2256 1886
f 598 1841 844
f 2257 2258 2259
f 2258 2261 2262
f 2259 2262 2263
f 2260 2259 2216
f 1967 1971 1970
f 2212 1964 1963
f 922 921 2218
f 1312 1098 1101
f 1307 1306 1286
f 1548 1569 1546
f 2266 2267 2268
f 2265 2268 2270
f 2272 2265 2269
f 2273 2266 2265
f 2275 2276 2277
f 2278 2274 2277
f 2284 2285 3617
f 2287 2283 2286
f 2288 2289 2283
f 2290 2284 3639
f 2291 2292 2293
f 2295 2291 2294
f 2296 2297 2291
f 2297 2298 2292
f 2294 2293 2299
f 2279 2294 2300
f 2298 2301 2302
f 2292 2302 2303
f 2293 2303 2304
f 2304 2305 2306
f 2308 2309 2310
f 2302 2307 2310
f 2301 2311 2307
f 2312 2308 2307
f 2313 2314 2315
f 2318 2319 2320
f 3748 3771 2322
f 2324 2325 2273
f 2313 2324 2326
f 2328 2324 2313
f 2329 2325 2324
f 2331 2332 2333
f 2330 2333 2267
f 2325 2330 2266
f 2329 2331 2330
f 2333 2334 2335
f 2336 2334 2333
f 2338 2336 2332
f 2331 2339 2337
f 2329 2340 2339
f 2328 2341 2340
f 2316 2342 2341
f 2342 2316 2315
f 2344 2345 2346
f 2341 2344 2347
f 2342 2348 2344
f 2348 2349 2345
f 2350 2351 2352
f 2339 2350 2353
f 2340 2347 2350
f 2347 2346 2351
f 2337 2353 2354
f 2353 2352 2355
f 2356 2277 2276
f 2356 2357 2358
f 2356 2359 2296
f 2279 2277 2356
f 2360 2361 2270
f 2267 2335 2360
f 2362 2363 2364
f 2362 2365 2361
f 2366 2362 2358
f 2366 2367 2363
f 2357 2276 2368
f 2366 2368 2369
f 2276 2275 2370
f 2368 2370 2282
f 2372 2373 2374
f 2375 2376 2377
f 2378 2379 2380
f 2382 2378 2381
f 2384 2385 2378
f 2385 2386 2379
f 2388 2389 2390
f 2387 2390 2392
f 2393 2394 2387
f 2394 2395 2388
f 2186 2401 2402
f 2403 2404 2327
f 2272 2403 2326
f 2271 2405 2403
f 2405 2406 2404
f 2404 2407 2408
f 2409 2410 2411
f 2409 2412 2271
f 2413 2409 2269
f 2413 2414 2410
f 2417 2415 2416
f 2417 2418 2406
f 2412 2417 2405
f 2411 2415 2417
f 2406 2419 2407
f 3569 3520 632
f 2420 2398 2397
f 2420 2421 2423
f 2424 2420 2422
f 2424 2399 2398
f 2425 2391 2392
f 2421 2425 2426
f 2397 2396 2425
f 2396 2393 2391
f 2427 2314 2408
f 2430 2427 2428
f 2343 2315 2427
f 2432 2343 2430
f 2431 2430 2429
f 2435 2431 2433
f 2436 2432 2431
f 2428 2408 2407
f 2422 2437 2407
f 2438 2437 2422
f 2429 2428 2437
f 2440 2434 2433
f 2441 2439 2433
f 2442 2443 2439
f 2443 2444 2440
f 2445 2446 2444
f 2447 2445 2443
f 2383 2381 2445
f 2381 2380 2446
f 2448 2438 2423
f 2449 2448 2426
f 2441 2448 2449
f 2441 2429 2438
f 2449 2392 2390
f 2450 2390 2389
f 2447 2450 2451
f 2442 2449 2450
f 2451 2389 2453
f 2452 2453 2455
f 2382 2452 2454
f 2383 2451 2452
f 2456 2457 2373
f 2459 2460 2461
f 2463 2464 2465
f 2462 2465 2285
f 2466 2462 2284
f 2467 2463 2462
f 2461 2460 3703
f 2468 2469 2470
f 2472 2468 2471
f 2474 2461 3701
f 2475 2476 2477
f 2458 2455 2453
f 2479 2453 2389
f 2395 2480 2479
f 2480 2459 2458
f 2481 2482 2483
f 2484 113 2485
f 2471 2470 2464
f 2473 2471 2463
f 2487 2467 2466
f 2486 2466 2290
f 2490 2486 2488
f 2491 2487 2486
f 2492 2473 2467
f 2493 2492 2487
f 2494 2495 2492
f 2495 2472 2473
f 3690 2496 2474
f 3691 2497 2496
f 2498 2494 2493
f 2500 2498 2499
f 3700 3687 2498
f 3687 3691 2494
f 2306 2504 2278
f 2305 2505 2504
f 2504 2505 2507
f 2506 2507 2288
f 2274 2506 2508
f 2278 2504 2506
f 3633 3632 2489
f 3620 3633 2488
f 2507 2509 2289
f 2505 2510 2509
f 2508 2288 2287
f 2511 2287 2281
f 2370 2511 2280
f 2275 2508 2511
f 2512 2490 2489
f 2514 2512 2513
f 2517 2512 2514
f 2517 2491 2490
f 2499 2493 2491
f 2499 2517 2516
f 2510 2505 2519
f 2518 2519 2521
f 3616 2518 2520
f 3632 2510 2518
f 2522 2304 2303
f 2523 2522 2310
f 2305 2304 2522
f 2524 2522 2523
f 2519 2524 2525
f 2505 2305 2524
f 2308 2312 2527
f 2526 2527 2529
f 2531 2526 2528
f 2309 2308 2526
f 1214 2532 2151
f 2419 2406 2418
f 2533 2345 2349
f 2534 2533 2317
f 2535 2536 2533
f 2536 2346 2345
f 2537 2351 2346
f 2538 2537 2536
f 2539 2540 2537
f 2540 2352 2351
f 2312 2355 2541
f 2527 2541 2542
f 2543 2435 2434
f 2545 2543 2544
f 2319 2318 2543
f 2318 2436 2435
f 2514 2515 2548
f 2547 2548 2550
f 2552 2547 2549
f 2552 2516 2514
f 2520 2521 2554
f 2553 2554 2556
f 3590 2553 2555
f 3621 2520 2553
f 2523 2309 2531
f 2557 2531 2530
f 2525 2523 2557
f 2559 2557 2558
f 2554 2559 2560
f 2521 2525 2559
f 2561 2375 2007
f 2376 2562 2225
f 2564 2565 2566
f 2563 2566 338
f 2569 2563 2567
f 2570 2564 2563
f 2572 2573 2574
f 2571 2574 2576
f 2544 2571 2575
f 2544 2434 2572
f 2578 2570 2569
f 2579 2577 2569
f 2574 2577 2579
f 2573 2578 2577
f 2581 2582 2583
f 2584 2580 2583
f 3697 3675 2580
f 3676 2581 2580
f 2582 2516 2552
f 2583 2552 2551
f 2500 2501 2589
f 2590 2588 2589
f 3693 3695 2588
f 3695 3700 2500
f 2501 2516 2591
f 2592 2593 2594
f 2386 2385 2503
f 2596 2379 2386
f 2596 2374 2373
f 2599 2596 2597
f 2599 2380 2379
f 2600 2446 2380
f 2600 2599 2598
f 2603 2600 2601
f 2603 2444 2446
f 2604 2603 2602
f 2440 2604 2605
f 2444 2603 2604
f 2606 2582 2581
f 2606 2607 2590
f 2591 2516 2582
f 3676 2587 2456
f 3689 2456 2372
f 2478 2477 2608
f 2609 2610 2611
f 2564 2570 2613
f 2612 2613 2598
f 2457 2612 2597
f 2565 2564 2612
f 2614 2613 2570
f 2615 2614 2578
f 2602 2601 2614
f 2601 2598 2613
f 2572 2434 2605
f 2616 2605 2602
f 2573 2572 2616
f 1459 1016 1045
f 1265 1215 1079
f 1612 1608 1609
f 2067 2057 2069
f 1135 1109 1136
f 1938 1937 2618
f 95 548 458
f 2058 1607 1608
f 1454 1469 1445
f 655 2620 1048
f 722 1049 2621
f 1131 985 1033
f 562 1481 366
f 1723 1719 1725
f 1786 1123 1122
f 267 300 323
f 1325 2034 1654
f 1468 1165 1435
f 658 657 529
f 8 532 247
f 382 1557 1559
f 788 619 1307
f 940 930 929
f 911 2622 2623
f 2621 2620 655
f 2624 1857 2625
f 998 1846 27
f 635 638 2626
f 2627 641 644
f 2628 2627 1840
f 1200 1199 2627
f 1199 1773 641
f 1520 515 49
f 1452 1350 1349
f 2630 2631 1859
f 644 643 1335
f 1197 1198 717
f 2632 717 719
f 2628 2632 1166
f 2629 1197 2632
f 1762 2633 1050
f 1823 870 873
f 2634 2635 794
f 1042 794 2635
f 93 94 1901
f 2036 2038 1458
f 1527 332 1525
f 877 876 1274
f 134 409 797
f 1328 893 931
f 607 777 1091
f 1043 2635 2637
f 2636 2637 2639
f 1275 2636 2638
f 1275 1040 1043
f 1272 2624 2626
f 2640 2626 638
f 1110 2641 2640
f 536 1272 2640
f 1472 708 1474
f 2042 2030 1951
f 1058 1106 1105
f 2642 2623 2643
f 1192 2642 2644
f 912 2623 2642
f 3898 1657 3526
f 1049 1048 2620
f 616 1829 1885
f 1331 1913 666
f 990 989 1198
f 1911 1912 321
f 1298 1282 1205
f 76 1490 1504
f 1502 1500 421
f 610 609 658
f 1146 937 659
f 2646 911 914
f 1280 1239 1238
f 1453 1454 1452
f 835 942 1843
f 1271 1270 1173
f 1893 1878 1826
f 1050 2633 1937
f 2651 2652 814
f 1006 1053 1281
f 2653 1084 2654
f 1001 1004 1003
f 585 997 679
f 2624 1272 621
f 555 678 2028
f 1207 526 1197
f 1626 1627 478
f 426 389 419
f 1030 1193 1773
f 3898 645 634
f 534 1533 138
f 1125 1092 1042
f 333 228 88
f 569 1570 561
f 1489 2656 871
f 1857 2624 620
f 1673 1674 3770
f 622 861 864
f 619 788 891
f 261 544 545
f 393 1555 1556
f 2658 2659 2647
f 1075 2658 2657
f 1081 1080 2658
f 1080 1139 2659
f 2644 2643 1141
f 2660 1141 1140
f 642 2660 1336
f 1193 2644 2660
f 679 678 555
f 1503 1501 1500
f 1318 1317 1101
f 2661 2659 1139
f 2661 1142 2663
f 2662 2647 2659
f 2662 2663 2622
f 2664 2622 911
f 2648 2664 2646
f 2648 2647 2662
f 2083 2094 2093
f 1442 1440 1437
f 519 329 330
f 1885 2029 1209
f 799 800 805
f 1946 1943 1952
f 1302 1301 1253
f 566 2005 224
f 1389 940 928
f 683 682 681
f 836 835 1842
f 2665 1842 1845
f 2666 2665 1303
f 24 836 2665
f 831 1072 2650
f 1845 1844 1304
f 2010 2013 2012
f 1051 1936 2667
f 1522 1521 1511
f 531 440 441
f 1250 635 2625
f 2669 2625 1857
f 783 2669 1856
f 782 1250 2669
f 720 2670 2671
f 1055 1931 1930
f 1333 1067 1251
f 619 622 1308
f 652 655 2619
f 521 522 1539
f 1838 988 537
f 2672 537 536
f 1113 2672 2641
f 1113 527 1838
f 1016 1013 1351
f 3897 573 570
f 226 227 104
f 3564 3669 3827
f 1036 1037 1884
f 2674 1301 1304
f 2673 1304 1844
f 1334 2673 2675
f 1333 2674 2673
f 2676 702 1039
f 1843 2676 2675
f 942 1074 2676
f 1074 699 702
f 752 1057 1055
f 1200 1166 656
f 1120 1846 874
f 2677 874 877
f 1241 2677 1052
f 1119 1120 2677
f 1560 1513 151
f 1208 1316 611
f 215 735 736
f 1460 1459 1462
f 1208 1207 1839
f 854 856 1282
f 72 445 182
f 544 1563 1565
f 217 200 456
f 2047 1404 930
f 1204 2618 1937
f 913 777 686
f 840 527 1113
f 1531 729 730
f 2678 778 1283
f 601 667 1914
f 1537 1538 459
f 1819 1757 3509
f 991 1860 862
f 2679 711 1073
f 2680 1830 983
f 779 2680 2256
f 778 2678 2680
f 2678 2679 1830
f 180 542 245
f 1886 1132 1131
f 1138 1137 1274
f 1841 598 1140
f 75 313 314
f 193 423 420
f 2681 2682 1099
f 170 1567 1565
f 349 416 417
f 1121 1124 2684
f 547 797 409
f 123 122 121
f 2643 2663 1142
f 1542 1544 513
f 899 900 907
f 1210 677 676
f 791 663 982
f 24 27 837
f 893 896 932
f 1860 1320 863
f 535 538 862
f 1569 1548 1547
f 181 455 542
f 660 659 937
f 2013 567 568
f 887 890 2631
f 1524 1508 361
f 520 161 162
f 2653 855 854
f 1238 1237 2655
f 718 1838 527
f 1492 1493 518
f 792 616 615
f 599 846 1835
f 290 457 456
f 312 171 1552
f 1248 2687 1179
f 153 149 177
f 1240 1181 1222
f 1257 1292 1235
f 1291 1084 1083
f 1052 877 1277
f 743 742 2618
f 444 140 430
f 23 1224 1172
f 2687 2654 1180
f 102 103 409
f 1283 607 610
f 373 497 650
f 1180 2654 1084
f 855 2653 2655
f 1173 1270 1917
f 2689 850 853
f 2688 853 1108
f 2686 2688 1279
f 2687 2689 2688
f 2691 1302 1252
f 2690 1252 850
f 1248 2690 2689
f 1248 1247 2691
f 2692 617 24
f 2691 2692 2666
f 1247 1258 2692
f 1258 1168 617
f 394 1554 1555
f 2693 1260 1259
f 1072 1236 1262
f 1257 1071 1168
f 398 439 1555
f 871 1784 1314
f 1178 1232 1249
f 1224 1289 1173
f 1010 2617 2618
f 1175 1174 1292
f 2654 2687 2686
f 2694 1157 1216
f 71 418 1487
f 701 1112 1111
f 1072 1261 2649
f 1085 2695 22
f 895 2694 1264
f 1601 1606 1605
f 1259 1262 1271
f 21 20 1220
f 988 991 538
f 598 597 1336
f 1050 860 818
f 1298 2645 1761
f 1168 1167 618
f 858 1168 1256
f 39 242 516
f 2652 1761 819
f 313 316 315
f 2026 1970 1971
f 2656 1489 596
f 814 819 818
f 2696 2651 813
f 1260 2696 2649
f 2693 2697 2696
f 2697 1296 2651
f 381 355 390
f 3818 3819 1611
f 1475 1427 1428
f 1292 1174 1917
f 1551 353 354
f 1526 1525 1523
f 1593 1589 1595
f 1232 1269 1246
f 2695 2693 1223
f 2698 1297 1296
f 2698 2697 2693
f 2685 2698 2695
f 2685 854 1297
f 562 1497 271
f 2652 2651 1296
f 1365 1366 1364
f 1958 1946 1953
f 585 588 2210
f 1561 1560 1515
f 975 2648 1146
f 347 67 68
f 1038 1111 636
f 2700 781 780
f 2699 780 1036
f 2701 2699 1883
f 851 2700 2699
f 2674 1333 2251
f 2702 2251 781
f 1253 2702 2700
f 1301 2674 2702
f 1519 387 388
f 1273 1239 1280
f 2703 1280 1107
f 2701 2703 852
f 1829 1273 2703
f 91 260 326
f 1784 871 2656
f 2683 2684 2705
f 604 1894 3499
f 1669 3534 3548
f 2062 2063 2060
f 621 535 861
f 2023 731 732
f 686 779 1263
f 857 1051 2668
f 883 830 882
f 637 636 1111
f 2668 894 893
f 2667 921 894
f 1039 1038 1068
f 313 75 1504
f 1911 1972 305
f 1936 2706 1964
f 2707 2402 2401
f 2708 2707 2183
f 738 2163 2116
f 2349 2348 2432
f 2711 2712 2020
f 2400 2711 2019
f 2714 2715 2716
f 2717 2718 2719
f 2721 2722 2723
f 2726 2727 2728
f 2725 2728 2730
f 2731 2725 2729
f 2732 2726 2725
f 2734 2735 2736
f 2738 2739 2740
f 2737 2740 2741
f 2744 2745 2746
f 2745 2744 2748
f 2749 2750 2747
f 2753 2749 2751
f 2250 1380 2246
f 2754 1396 1614
f 3598 2754 2755
f 3608 2745 2747
f 1617 2756 2755
f 2242 2758 1620
f 2191 2085 2760
f 2761 2759 2760
f 3648 2759 2761
f 3623 2191 2759
f 3209 3248 3223
f 1395 1394 2236
f 1395 2235 1636
f 1616 1635 2229
f 1617 2234 2763
f 2756 2763 3628
f 2765 2763 2234
f 2766 2764 3628
f 3202 3199 3246
f 1516 437 435
f 2768 2769 3552
f 1495 541 578
f 2135 2136 28
f 3526 3540 2773
f 1690 1689 3926
f 2778 2779 2780
f 2777 2780 2781
f 2784 2778 2777
f 3555 3521 575
f 1494 1904 9
f 3529 2016 2015
f 451 61 505
f 2786 2787 2788
f 2779 2786 2785
f 2789 2752 2741
f 2790 2753 2752
f 2792 2793 2794
f 2793 2795 2796
f 2796 2797 2750
f 2794 2796 2749
f 2798 1393 1396
f 3591 2798 2754
f 2798 2799 2800
f 3591 3662 2799
f 2797 2796 2795
f 2791 2794 2753
f 216 233 232
f 3804 2806 2807
f 3805 2809 2804
f 2769 2810 3557
f 183 185 184
f 2811 2812 2775
f 2804 2811 2776
f 2809 2813 2811
f 2812 2811 2813
f 3805 2808 2816
f 3796 2818 2815
f 3798 3800 2820
f 3793 2823 2819
f 2824 2736 2735
f 2823 2825 2824
f 2825 2823 2826
f 3793 2822 2827
f 3796 2817 2826
f 2713 2716 2829
f 2828 2829 2831
f 2822 2821 2828
f 2821 2820 2713
f 2832 2827 2822
f 2833 2832 2830
f 2834 2835 2832
f 2835 2818 2827
f 2837 2838 2839
f 2836 2839 2841
f 2842 2836 2840
f 2843 2837 2836
f 2840 2841 2845
f 2718 2844 2845
f 2730 2728 2844
f 2727 2840 2844
f 2846 2845 2841
f 2829 2846 2847
f 2847 2841 2839
f 2848 2839 2838
f 2833 2848 2849
f 2831 2847 2848
f 2850 2814 2851
f 2853 2850 2852
f 2783 2777 2782
f 2785 2788 2853
f 2780 2785 2856
f 2857 2858 2855
f 2859 2857 2782
f 2861 2843 2842
f 2860 2842 2727
f 2862 2860 2726
f 2863 2861 2860
f 2861 2863 2858
f 2843 2861 2857
f 2856 2853 2854
f 2781 2856 2864
f 2837 2843 2859
f 2838 2837 2864
f 2852 2851 2834
f 2854 2852 2849
f 2865 2815 2818
f 2851 2865 2835
f 2813 2809 2815
f 2814 2813 2865
f 2866 2812 2814
f 2788 2866 2850
f 2866 2788 2787
f 2812 2866 2867
f 1892 1889 1890
f 2720 2719 2846
f 298 299 256
f 2872 2714 2713
f 3794 3800 2735
f 2729 2730 2874
f 2846 2716 2715
f 2876 2877 2878
f 2733 2875 2878
f 3806 3807 2879
f 3806 2880 2872
f 2882 2883 2884
f 2881 2884 2715
f 2880 2881 2714
f 2879 2882 2881
f 2885 2886 2887
f 2888 2889 2890
f 2885 2890 2892
f 2893 2886 2885
f 1942 2151 2532
f 2895 2892 2720
f 2884 2895 2870
f 2883 2896 2895
f 2896 2891 2892
f 2889 2874 2717
f 2890 2717 2720
f 2897 2893 2891
f 2898 2897 2896
f 2899 2898 2883
f 2900 2899 2882
f 3797 2900 2879
f 2876 2902 2901
f 2901 2902 2904
f 1785 2656 1835
f 2905 2906 2899
f 2907 2908 2897
f 3797 2901 2903
f 632 576 577
f 3532 3547 2867
f 434 385 550
f 2768 2770 3640
f 2910 2911 1623
f 2241 2912 2758
f 3640 2770 2913
f 1623 2911 2757
f 3587 2242 2757
f 2229 1381 1380
f 2765 1630 1629
f 2915 2914 1629
f 3642 3641 2914
f 3641 3622 2765
f 2919 2916 3642
f 2918 2915 2912
f 3614 2918 2241
f 3618 2919 3613
f 3541 2177 2180
f 3521 2002 2188
f 3705 3573 714
f 2925 2766 2917
f 2924 2917 2916
f 3610 2924 2919
f 3611 2925 2924
f 2926 2927 2766
f 3658 2926 2925
f 1715 1713 1705
f 785 497 498
f 1387 651 565
f 374 375 1899
f 3573 2203 2206
f 2929 2930 2886
f 2932 2933 2934
f 1905 1906 1908
f 2930 2935 2936
f 2938 2935 2930
f 1493 369 517
f 1603 1585 1586
f 2939 2938 2929
f 2940 2939 2908
f 3665 1707 1600
f 2886 2930 2937
f 2906 2907 2898
f 2908 2929 2893
f 2942 2934 2933
f 2941 2933 2937
f 3501 2941 2936
f 3498 2942 2941
f 2943 2944 2710
f 2943 2873 2874
f 2945 2943 2889
f 2946 2944 2943
f 2932 2945 2888
f 2931 2946 2945
f 727 1928 1929
f 2903 2904 2947
f 545 594 42
f 1480 1570 533
f 2907 2906 2949
f 2906 2905 2950
f 1558 452 215
f 3799 2903 2948
f 2054 1645 1644
f 3705 3684 2203
f 1828 1837 1849
f 2953 2954 2955
f 2952 2955 2957
f 2956 2261 2258
f 2953 2952 2258
f 2454 2455 2474
f 3747 2958 2959
f 3747 2132 2131
f 2961 2962 2963
f 2958 2963 2964
f 222 221 2485
f 2477 2226 2966
f 2631 2561 2006
f 2384 2454 2496
f 2967 2968 2959
f 2968 2967 2970
f 3759 2033 2971
f 3784 2971 2960
f 2972 2971 2033
f 2007 2377 2973
f 3560 3559 2134
f 1836 1833 1832
f 3506 2188 2090
f 955 810 959
f 672 675 674
f 633 710 713
f 2024 732 733
f 2025 2024 803
f 425 1552 1550
f 2975 2976 888
f 1319 1158 1157
f 1212 1935 2977
f 889 957 2228
f 1978 1974 1975
f 1138 1078 1329
f 751 665 2979
f 1619 1613 1625
f 2252 2255 1728
f 1157 1160 845
f 2706 1936 1938
f 2980 2255 2254
f 2982 2975 887
f 802 712 711
f 678 677 2029
f 527 840 690
f 1839 1207 2629
f 2983 2984 602
f 2983 1914 1913
f 2985 2983 1331
f 2986 2984 2983
f 2987 2637 2635
f 2985 2988 2639
f 2990 1319 1318
f 2991 2992 2993
f 2995 2991 2994
f 1106 1058 2991
f 1058 1057 2992
f 1415 1406 1365
f 1317 922 2217
f 1932 1728 2255
f 926 2998 2999
f 3001 2993 2992
f 3000 2992 1057
f 2999 3000 2978
f 2998 3001 3000
f 3002 2998 2209
f 3002 3003 2996
f 2993 3001 3002
f 1103 1106 2995
f 3004 2995 2996
f 2209 2210 3004
f 588 1103 3004
f 295 296 433
f 2638 2639 2988
f 3005 2988 1056
f 1305 3005 1930
f 1276 2638 3005
f 1987 1968 1993
f 2633 1762 1761
f 1423 1422 1417
f 3561 3517 739
f 2671 2670 2704
f 1473 1872 2035
f 922 1317 2694
f 1401 1400 1378
f 556 2028 1884
f 842 848 3825
f 1854 2706 2617
f 933 1082 1081
f 1440 1441 1436
f 529 657 719
f 1031 1025 1027
f 777 913 912
f 2645 1205 1204
f 441 438 1538
f 790 1287 587
f 2065 2066 1610
f 1860 991 990
f 60 106 87
f 1424 1017 1948
f 332 1527 1507
f 261 262 138
f 187 188 449
f 1719 1720 1726
f 1931 1055 1059
f 3006 1059 1105
f 1287 3006 1104
f 1286 1931 3006
f 3007 3008 3009
f 3009 3008 653
f 618 999 26
f 2029 677 1210
f 957 601 600
f 1049 2146 2228
f 2631 890 3011
f 890 889 2227
f 3011 2227 2145
f 2561 3011 3012
f 1026 656 609
f 2706 1854 1961
f 3013 2965 2485
f 2148 2147 1267
f 3015 1267 1266
f 2997 2264 1101
f 642 641 1773
f 186 477 461
f 1041 1040 1320
f 1121 3016 3017
f 2984 2986 2987
f 3018 2987 2634
f 1048 603 3018
f 603 602 2984
f 2679 2678 801
f 2062 2072 2074
f 2061 2074 2076
f 414 303 1545
f 3016 1121 2683
f 3019 2683 2704
f 3020 3019 2670
f 3007 3016 3019
f 1871 1090 1091
f 3021 1787 1122
f 3022 3021 3017
f 1314 3021 3022
f 1784 1787 3021
f 1316 1315 1763
f 3023 3022 3010
f 3023 3009 795
f 1763 3023 1092
f 1315 3022 3023
f 3016 3007 3010
f 752 751 2978
f 2986 2639 2637
f 3024 654 653
f 3020 3024 3008
f 720 723 3024
f 723 2621 654
f 2681 1098 1268
f 2671 3025 1268
f 2705 2681 3025
f 1313 3026 3027
f 3026 3028 3029
f 3027 3029 3030
f 1311 3027 3031
f 2012 568 731
f 917 2657 974
f 743 1206 856
f 1888 2027 2030
f 2682 2705 2684
f 3032 2684 1124
f 1100 3032 2989
f 1099 2682 3032
f 1123 2990 2989
f 3033 1834 1159
f 2990 3033 1158
f 1123 1786 3033
f 1786 1785 1834
f 1054 1056 2988
f 2979 665 664
f 2623 2622 2663
f 1095 660 688
f 3034 3035 2261
f 3036 3034 2956
f 3037 3038 3034
f 3038 3039 3035
f 3040 3041 3026
f 2263 3042 3041
f 3042 3039 3043
f 3041 3043 3028
f 3044 3045 3043
f 3046 3047 3045
f 3047 3048 3049
f 3043 3045 3049
f 3038 3037 3051
f 3050 3051 3053
f 3052 3046 3044
f 3039 3038 3050
f 3054 3035 3039
f 3042 2263 2262
f 2261 3035 3054
f 2216 2263 2997
f 2212 2211 2667
f 3056 868 2209
f 934 3057 1961
f 2013 3755 3757
f 3058 3059 3060
f 3059 3062 3063
f 3060 3063 2213
f 3061 3060 1963
f 3063 3064 2214
f 3062 3065 3064
f 3065 2257 2260
f 3064 2260 2215
f 3066 3067 3031
f 2608 2966 3067
f 2966 2562 3068
f 3031 3067 3068
f 2455 2458 2461
f 2476 2223 2226
f 3551 2090 2089
f 3526 2774 3769
f 433 354 355
f 2115 1423 1419
f 3509 2868 2922
f 3769 3737 2131
f 3069 2611 2167
f 2971 2972 2928
f 2961 2774 2773
f 3070 2475 2478
f 2610 2609 3071
f 2502 2371 2374
f 3072 2592 2595
f 2964 3046 3052
f 3048 2593 3074
f 2593 2592 3075
f 3075 3030 3029
f 3074 3029 3028
f 3072 3076 3075
f 3076 3072 2482
f 2481 2608 3066
f 3076 3066 3030
f 2967 3052 3053
f 2482 3072 3073
f 479 480 493
f 706 3900 3873
f 3561 2194 2221
f 2013 2010 3754
f 3533 2032 2016
f 3562 3519 2222
f 1171 1154 1155
f 2586 2566 2565
f 2982 110 113
f 2562 2376 3077
f 2376 2375 3012
f 3012 2145 2148
f 3077 2148 3015
f 2963 3047 3046
f 3051 3078 2970
f 1683 2173 491
f 3850 2122 1447
f 1986 2181 3734
f 3079 3080 2546
f 3081 3079 2575
f 1983 1986 3768
f 3082 2323 2319
f 3080 3082 2545
f 3734 3732 3082
f 3732 3748 2323
f 1309 1471 1888
f 3073 2595 2772
f 2760 3083 3084
f 2760 2085 2088
f 3085 3084 3086
f 3089 3085 3090
f 3089 2762 3084
f 3092 3088 3090
f 3093 2748 2744
f 2751 2747 2748
f 3093 2741 2752
f 2742 2741 3093
f 3094 3093 2743
f 3096 3097 3098
f 3099 3096 3087
f 3097 3094 3095
f 3100 2743 2746
f 3101 2927 3102
f 2764 2766 2927
f 2745 2764 3101
f 3102 3092 3091
f 3100 3091 3095
f 2869 2802 3592
f 3102 3103 3104
f 3658 2868 2869
f 2927 2926 3103
f 3098 3095 3091
f 3087 3098 3090
f 2088 2125 3105
f 3083 3105 3086
f 2483 3073 2771
f 2401 2186 2185
f 3099 3086 3105
f 2125 2207 3106
f 3108 2737 2742
f 3107 2742 3094
f 3110 3108 3107
f 3109 3107 3097
f 3111 3109 3096
f 3112 3110 3109
f 3113 2738 2737
f 3115 2723 2722
f 3117 3115 3114
f 3119 3117 3116
f 3118 3116 3120
f 3116 3114 3113
f 3122 3112 3111
f 3122 3123 1755
f 3124 3125 3126
f 3125 3118 3121
f 3128 3119 3118
f 3129 3128 3125
f 2020 2712 3128
f 3853 3857 1346
f 1065 1046 1047
f 1814 3838 3830
f 2021 2020 3129
f 3111 3099 3106
f 3123 3106 2207
f 2377 2225 2224
f 3014 2485 113
f 1756 2208 3782
f 3131 3132 2530
f 3133 3131 2528
f 1753 1756 3767
f 3134 3124 3127
f 2327 2408 2314
f 2436 2318 2317
f 2018 2021 3711
f 2534 3136 3137
f 2320 2322 3136
f 2185 2018 3712
f 3138 3139 2542
f 3134 3135 3744
f 3785 3130 3134
f 3140 3138 2539
f 2535 3137 3140
f 3711 2021 3130
f 2558 2530 3132
f 3782 3760 3141
f 2560 2558 3141
f 3760 3777 3142
f 958 888 2976
f 1933 1932 2980
f 2399 2424 2418
f 2348 2342 2343
f 2322 2320 2319
f 2718 2717 2874
f 2709 2729 2873
f 2894 2871 1361
f 346 289 176
f 1876 1877 1882
f 2802 2803 3607
f 3104 3144 3088
f 2974 2222 3649
f 3089 3145 2761
f 3088 3144 3145
f 2803 2974 3603
f 3870 3909 692
f 2123 1419 1418
f 1365 1363 1368
f 1581 1766 1782
f 3569 2202 2129
f 3555 2003 2002
f 3146 2585 2551
f 3751 3146 3147
f 3742 3149 3146
f 3149 2584 2585
f 3196 3198 3197
f 3604 2192 2191
f 3142 3150 2556
f 3777 3778 3150
f 3646 3152 2550
f 3150 3151 2555
f 3778 3780 3151
f 3788 3781 3152
f 3153 3147 2551
f 3152 3153 2549
f 3781 3776 3153
f 3776 3750 3147
f 3148 2767 2206
f 2183 2401 2321
f 2132 2960 2928
f 3684 3685 2204
f 3719 2198 2197
f 2594 2962 2773
f 2595 2594 2951
f 1870 798 799
f 3713 2179 2178
f 3706 2178 3736
f 336 3154 3774
f 339 3155 3154
f 3789 3683 3149
f 3683 3697 2584
f 2963 2962 3048
f 3722 3730 337
f 339 338 2566
f 3156 3157 2168
f 2610 3156 2167
f 2954 2953 3156
f 3157 3156 2953
f 3707 2166 2169
f 2567 3158 3159
f 337 3158 2567
f 3730 3069 2166
f 3764 2190 1983
f 2579 3160 3081
f 2568 3159 3160
f 3709 2169 2190
f 3065 3062 3162
f 3161 3162 1984
f 3157 3161 2189
f 2257 3065 3161
f 734 735 1922
f 3059 3058 2708
f 3163 2708 2182
f 3162 3163 1985
f 3062 3059 3163
f 3203 3206 3205
f 2122 2119 1448
f 3817 1686 1685
f 139 140 444
f 1570 569 566
f 2957 3164 3165
f 2955 3166 3164
f 1912 454 341
f 3130 3129 3124
f 1548 322 319
f 1949 1950 1327
f 2969 2970 3078
f 3167 3078 3169
f 3724 2014 2017
f 3720 2017 2033
f 3168 3169 3165
f 3170 3165 3164
f 3779 3170 3171
f 3724 3168 3170
f 3171 3164 3166
f 3172 3166 3071
f 3752 3172 3173
f 3756 3171 3172
f 3169 3037 3036
f 2593 3048 2962
f 3173 3071 2609
f 3174 2609 2199
f 3783 3174 2198
f 3749 3173 3174
f 2190 2189 1984
f 2196 2195 2767
f 2119 2120 1414
f 1464 1463 1466
f 2199 2611 3069
f 2457 2456 2587
f 2226 2225 2562
f 481 478 1627
f 333 1512 235
f 3078 3051 3037
f 3040 2264 2997
f 2219 1934 1933
f 2385 2384 2497
f 221 2220 3175
f 2220 1933 3143
f 3175 3143 2976
f 2484 3175 2975
f 2954 3071 3166
f 2630 1858 110
f 1547 319 1952
f 2091 2090 2188
f 3733 3736 2178
f 1918 1919 1927
f 3563 112 111
f 955 956 960
f 2037 3014 112
f 3143 2980 2981
f 2218 2211 2214
f 672 3877 3787
f 2152 3013 3014
f 1147 1144 1143
f 2248 2246 1409
f 1615 1636 1635
f 1410 1409 2246
f 3241 3243 3242
f 1382 3176 3177
f 3177 1410 2247
f 2247 1383 3177
f 3176 2238 2230
f 1410 3177 3179
f 3179 3180 2243
f 1633 3181 2800
f 1621 1620 2758
f 1622 1621 2245
f 2236 1394 3181
f 2237 2236 3182
f 2250 1631 2233
f 2912 1629 1628
f 135 136 1564
f 1567 419 512
f 1085 1084 2653
f 3184 869 868
f 869 3184 3057
f 1266 1268 1098
f 1267 2147 722
f 937 1146 2646
f 2146 1049 722
f 2211 2218 921
f 1957 510 507
f 1313 1312 2264
f 1496 362 1493
f 2887 2937 2933
f 1687 1688 1659
f 145 1499 1498
f 37 38 418
f 1935 1934 3185
f 104 89 301
f 2101 2098 2083
f 543 298 360
f 1934 2219 3186
f 234 1521 212
f 3845 3821 1822
f 1976 1875 1874
f 223 3186 2219
f 3655 3656 3605
f 2165 2164 467
f 467 468 2165
f 773 476 2165
f 1935 1212 1728
f 3240 3225 3226
f 3261 3249 3250
f 3215 3216 3244
f 3265 3221 3215
f 3267 3245 3198
f 3205 3206 3269
f 3214 3211 3265
f 3271 3213 3214
f 3251 3252 3239
f 3222 3221 3266
f 3232 3235 3234
f 3216 3242 3243
f 3196 3193 3268
f 3244 3243 3254
f 3238 3239 3247
f 3264 3244 3255
f 3253 3242 3216
f 3211 3266 3221
f 3257 3217 3218
f 3258 3222 3272
f 3274 3275 3280
f 3228 3229 3262
f 3275 3231 3281
f 3226 3227 3273
f 3236 3263 3260
f 3281 3263 3236
f 3287 3271 3192
f 3235 3226 3280
f 3234 3280 3281
f 3288 3290 3259
f 3260 3250 3276
f 3289 3212 3278
f 3210 3209 3224
f 3199 3202 3201
f 3228 3231 3230
f 3290 3288 3285
f 3282 3279 3271
f 3260 3263 3262
f 3243 3241 3268
f 3267 3268 3241
f 3194 3207 3208
f 3191 3270 3269
f 3270 3191 3192
f 3275 3274 3230
f 3264 3269 3270
f 3252 3251 3276
f 3248 3252 3291
f 3213 3271 3279
f 3272 3266 3289
f 3277 3278 3212
f 3228 3263 3281
f 3220 3225 3253
f 3219 3253 3217
f 3256 3218 3222
f 3247 3239 3252
f 3245 3267 3232
f 3266 3211 3212
f 3208 3205 3255
f 3288 3289 3284
f 3204 3205 3208
f 560 1899 3187
f 3209 3210 3201
f 3189 3192 3191
f 448 1980 807
f 647 648 122
f 1833 1848 1780
f 510 509 508
f 3210 1949 1887
f 1887 15 3200
f 15 16 3197
f 16 3188 3195
f 3195 3188 3187
f 3194 3187 1899
f 3207 1899 375
f 387 173 126
f 3189 1791 1760
f 3577 763 757
f 763 3577 2172
f 3583 3582 3580
f 3581 3580 3579
f 3594 3597 3596
f 3400 3601 3602
f 3626 3624 3625
f 3631 3635 3599
f 3636 3637 3595
f 3647 3584 3588
f 3650 3582 3584
f 3653 3579 3580
f 3653 2176 3654
f 1801 1864 3656
f 3651 3580 3582
f 3644 3638 3595
f 1767 1768 3659
f 1597 3663 3661
f 1708 1707 3665
f 3671 3668 3667
f 3666 3667 3673
f 1588 1708 3664
f 2080 3671 3666
f 2082 3666 3672
f 3674 3677 3635
f 3677 3678 3636
f 3682 3647 3645
f 3692 3651 3650
f 3681 3645 3644
f 786 3694 3692
f 3694 3653 3651
f 785 3692 3686
f 497 3686 3682
f 650 3682 3681
f 3696 564 3681
f 3405 3606 3605
f 3702 3699 3678
f 3699 3698 3679
f 3645 3588 3638
f 1799 3657 3659
f 3708 3704 3458
f 3462 3710 3708
f 3714 463 564
f 3615 3606 3602
f 3710 3714 3696
f 3635 3636 3596
f 3629 3626 3627
f 3597 3600 3599
f 3630 3716 3715
f 3627 3625 3597
f 3717 3716 3723
f 3715 3663 3660
f 3716 3717 3725
f 3668 3665 3661
f 3668 3725 3717
f 3667 3717 3718
f 3727 3728 3673
f 3728 1576 3672
f 3726 3727 3718
f 1576 2101 2084
f 3727 3726 3731
f 3203 376 1387
f 3190 1387 1791
f 3283 2152 1949
f 317 240 259
f 2000 2176 3653
f 3601 3599 3600
f 3589 3588 3584
f 3577 758 756
f 3585 3584 3582
f 3678 3679 3637
f 3204 375 376
f 1801 3655 3657
f 3729 3735 3728
f 1575 3735 3738
f 3735 1575 1576
f 1776 1795 1796
f 1293 1294 1290
f 1326 14 1327
f 1294 1245 1234
f 878 1244 1330
f 497 373 374
f 122 648 413
f 3699 3702 3704
f 3606 3405 3401
f 3708 3710 3698
f 3464 3714 3710
f 3704 3674 3443
f 439 398 399
f 1512 1528 1526
f 1668 1741 1738
f 839 849 1362
f 1362 1357 826
f 3843 740 1896
f 2053 2054 2118
f 3888 3887 2120
f 696 697 3816
f 1826 1878 639
f 3740 3739 3729
f 956 885 886
f 1980 806 1922
f 33 34 105
f 1343 1344 3856
f 3907 2127 2128
f 1766 1581 1582
f 14 1326 2163
f 595 98 99
f 3233 3238 3246
f 1346 1035 1044
f 748 1888 1425
f 3193 3208 3254
f 3190 3191 3206
f 3612 3605 3606
f 3624 3612 3615
f 3631 3415 3443
f 3679 3680 3644
f 3686 3650 3647
f 3702 3677 3674
f 3625 3615 3600
f 3601 3400 3415
f 3739 3738 3735
f 3630 3627 3594
f 3741 3723 3716
f 1284 1290 1288
f 3698 3696 3680
f 1778 1781 1780
f 1792 1759 1584
f 695 570 571
f 3638 3741 3594
f 3741 3638 3588
f 3247 3248 3209
f 3292 3293 3294
f 3296 3297 3298
f 3299 3298 3300
f 3302 3303 3304
f 3306 3307 3308
f 3307 3310 3311
f 3303 3302 3301
f 3312 3305 3304
f 3314 3315 3316
f 3318 3319 3320
f 3324 3318 3321
f 3326 3327 3328
f 3329 3330 3331
f 3333 3334 3335
f 3337 3338 3339
f 3333 3336 3341
f 3342 3341 3343
f 3319 3345 3344
f 3338 3335 3334
f 3346 3301 3302
f 3305 3348 3347
f 3312 3224 3223
f 3350 3337 3340
f 3312 3349 3348
f 3352 3343 3341
f 3311 3353 3354
f 3341 3336 3327
f 3359 3360 3361
f 3360 3359 3250
f 3318 3363 3345
f 3364 3363 3318
f 3314 3364 3324
f 3366 3299 3301
f 3299 3366 3367
f 3308 3354 3368
f 3369 3317 3295
f 3317 3369 3364
f 3370 3295 3317
f 3325 3371 3365
f 3352 3320 3319
f 3296 3367 3353
f 3297 3296 3311
f 3363 3368 3354
f 3345 3354 3353
f 3344 3353 3367
f 3366 3333 3342
f 3347 3339 3334
f 3339 3347 3348
f 3348 3349 3351
f 3363 3364 3369
f 3294 3309 3368
f 3293 3306 3309
f 3331 3373 3374
f 3346 3334 3333
f 3323 3322 3352
f 3356 3355 3321
f 3355 3357 3325
f 3357 3358 3371
f 3322 3356 3320
f 3361 3330 3329
f 3373 3372 3375
f 3374 3375 3376
f 3329 3332 3376
f 3327 3375 3372
f 3336 3335 3375
f 3335 3338 3376
f 3376 3338 3337
f 3337 3350 3359
f 3359 3350 3276
f 3377 3292 3295
f 3277 3316 3315
f 3371 3378 3379
f 3378 3371 3358
f 3365 3379 3315
f 3316 3277 3279
f 3282 3377 3370
f 3313 3283 3224
f 3378 3285 3284
f 3380 3286 3285
f 3379 3284 3278
f 3276 3350 3351
f 3291 3351 3349
f 3313 3304 2965
f 2965 3304 3303
f 222 3303 3300
f 223 3300 3298
f 3298 3297 3185
f 3297 3310 2977
f 3310 3307 1213
f 3307 3306 1214
f 2532 1214 3306
f 2894 2532 3293
f 2871 2894 3292
f 3253 3225 3240
f 3283 3313 3013
f 1997 1996 1889
f 1237 745 744
f 1535 1534 120
f 1531 1532 201
f 1119 1241 1032
f 946 948 824
f 163 8 5
f 3589 3726 3723
f 1155 1156 1162
f 427 213 327
f 553 1902 796
f 3381 2232 2231
f 3381 3178 2230
f 2237 3183 3180
f 3383 3384 3385
f 3384 3386 3387
f 3386 3388 3389
f 3388 3390 3391
f 3392 3393 3394
f 3395 3394 3396
f 3398 3399 3397
f 3400 3401 3399
f 3403 3404 3405
f 3406 3407 3404
f 3408 3409 3407
f 3410 3411 3409
f 3412 3413 3411
f 3415 3400 3398
f 3414 3398 3396
f 3416 3396 3394
f 3417 3394 3393
f 3393 3419 3420
f 3419 3390 3421
f 3390 3388 3422
f 3388 3386 3423
f 3386 3384 3424
f 3384 3383 3425
f 3425 3383 3426
f 2904 3427 3428
f 3429 3427 2904
f 3430 3429 2902
f 2875 3431 3430
f 3432 3433 2733
f 2825 3434 3435
f 3437 3438 3439
f 3441 3437 3436
f 2724 2723 3434
f 3436 3439 3115
f 3440 3436 3117
f 3443 3415 3414
f 3442 3414 3416
f 3444 3416 3417
f 3445 3417 3418
f 3446 3418 3420
f 3420 3421 3448
f 3421 3422 3449
f 3422 3423 3450
f 3423 3424 3451
f 3424 3425 3452
f 3425 3184 3056
f 3451 3452 2253
f 3450 3451 2252
f 3449 3450 1727
f 3448 3449 2150
f 3453 3447 3448
f 3454 3446 3447
f 3455 3445 3446
f 3456 3444 3445
f 3442 3444 3456
f 3443 3442 3457
f 3459 3460 3458
f 3457 3456 3455
f 3459 3455 3454
f 3462 3460 3459
f 3461 3454 3453
f 3464 3462 3461
f 3463 3453 1941
f 3404 3399 3401
f 3407 3397 3399
f 3409 3395 3397
f 3411 3392 3395
f 3465 3466 3413
f 3467 3468 3469
f 3465 3412 3431
f 3470 3467 3466
f 3438 3470 3432
f 3467 3470 3438
f 3468 3467 3437
f 3471 3469 3468
f 3472 3468 3441
f 3473 3441 3440
f 2712 3440 3119
f 3475 3471 3472
f 3474 3472 3473
f 3476 3473 2712
f 3477 3476 2711
f 3478 3474 3476
f 3479 3475 3474
f 3392 3411 3413
f 3466 3469 3480
f 3419 3393 3392
f 3390 3419 3480
f 3469 3471 3391
f 3389 3391 3471
f 3387 3389 3475
f 3385 3387 3479
f 3482 3477 2400
f 3483 3478 3477
f 3481 3479 3478
f 3484 3482 2402
f 3058 3484 2707
f 3061 3485 3484
f 3485 3483 3482
f 3382 3385 3481
f 3486 3481 3483
f 3426 3383 3382
f 3487 3382 3486
f 3486 3485 3061
f 1961 3057 3487
f 3057 3184 3426
f 3428 3403 3402
f 3427 3406 3403
f 3429 3408 3406
f 3430 3410 3408
f 3431 3412 3410
f 3470 3465 3433
f 3434 3439 3438
f 2723 3115 3439
f 2875 2733 3433
f 2736 2824 3435
f 2947 3428 3488
f 3464 3463 1360
f 1900 1925 1924
f 1736 1717 1718
f 1955 1952 1943
f 1671 1738 1735
f 1696 1750 1698
f 1800 1865 1864
f 2063 2055 2056
f 1737 1734 1717
f 1751 1735 1697
f 943 3885 3899
f 3656 3488 3402
f 1577 1578 1764
f 3917 1598 1599
f 1945 146 82
f 68 6 7
f 147 1542 1543
f 1109 1135 1133
f 1503 1910 1907
f 1499 1501 1909
f 452 1922 735
f 1824 2068 3835
f 1825 2067 2068
f 1463 1462 1022
f 841 1012 1009
f 1568 1547 1955
f 1910 1503 1502
f 1939 1502 422
f 309 280 1940
f 1804 1851 1866
f 269 1482 1954
f 2065 1607 2060
f 3812 1685 1758
f 280 276 552
f 1875 1873 1869
f 1739 1721 1734
f 1778 1779 1790
f 310 1920 1915
f 1909 1908 1906
f 1789 1783 1778
f 978 981 980
f 1584 1759 1731
f 425 426 311
f 148 1543 115
f 2044 3897 3894
f 277 1910 1939
f 1943 1946 1945
f 1461 1462 1463
f 2253 3452 3056
f 2981 2254 3489
f 2209 2998 3489
f 2254 2253 3055
f 2998 926 958
f 2826 2817 2721
f 3490 2739 2721
f 2816 3491 3490
f 2334 2297 2296
f 2298 2297 2334
f 2301 2298 2336
f 2311 2301 2338
f 2312 2311 2354
f 2359 2358 2361
f 2335 2296 2359
f 2414 2413 2365
f 2413 2270 2361
f 2355 2352 2540
f 2541 2540 2539
f 2722 2721 2739
f 3114 2722 2738
f 3110 3112 3121
f 3108 3110 3120
f 3122 1754 3127
f 3112 3122 3126
f 3127 1754 1753
f 3139 3133 2529
f 3744 3775 3133
f 3490 2789 2740
f 3491 2790 2789
f 228 229 91
f 245 244 243
f 248 7 247
f 2 297 296
f 145 146 300
f 327 213 210
f 329 332 331
f 239 241 240
f 373 376 375
f 178 177 176
f 1218 1225 1228
f 3862 1231 1295
f 808 809 824
f 3858 3859 1013
f 3813 3810 1411
f 2154 2149 2159
f 3845 3835 1758
f 306 807 1922
f 2157 2153 1976
f 708 709 2031
f 1450 1226 1227
f 1672 1604 1605
f 1813 1814 1821
f 1717 1716 1715
f 176 159 402
f 1710 1705 3916
f 1712 1580 1577
f 1705 1713 1711
f 971 978 979
f 822 823 1094
f 2909 2810 2793
f 2810 2769 2795
f 2799 2910 2249
f 3662 3643 2910
f 2769 2768 2801
f 3177 3176 3178
f 3178 3381 3180
f 3181 1394 1393
f 3181 1633 1632
f 3182 1632 2244
f 3183 2244 2243
f 3492 2791 2790
f 2808 3492 3491
f 2239 3574 3572
f 1149 1150 3571
f 1150 2009 3567
f 2202 3569 3566
f 2921 3564 3565
f 3568 3560 2133
f 1777 1579 1759
f 1201 1196 1183
f 3561 3554 2195
f 3553 3576 2770
f 3927 3925 1687
f 1516 152 154
f 3549 3562 2974
f 3550 3548 2779
f 2771 2772 3575
f 3070 2771 3546
f 3547 3544 2775
f 1376 1375 1370
f 2767 3543 3556
f 2195 3554 3543
f 2775 3544 3542
f 3377 3282 3545
f 3804 3802 3539
f 2776 3542 3538
f 2240 3572 3535
f 2920 3535 3669
f 3548 3534 2786
f 1805 1850 1851
f 3534 3532 2787
f 2951 2773 3540
f 2772 2951 3531
f 2973 2224 3530
f 2224 2223 3537
f 1957 1953 320
f 306 305 304
f 2770 3576 3528
f 2913 3528 3574
f 2923 3565 3527
f 308 1940 431
f 207 208 132
f 1879 1876 1881
f 3733 3787 3525
f 2475 3070 3558
f 2476 2475 3524
f 2223 2476 3523
f 3522 3549 2803
f 2037 3563 11
f 1959 1958 450
f 2003 3555 3520
f 9 10 334
f 2009 2008 3518
f 2008 2973 3536
f 3877 672 673
f 3515 3550 2778
f 2935 3514 3513
f 111 1149 3570
f 3510 3514 2935
f 683 3876 3885
f 3508 3557 2810
f 736 733 732
f 1795 1804 1803
f 3505 3510 2938
f 3507 3505 2939
f 2950 3512 3504
f 2940 2949 3504
f 3801 3791 3512
f 2868 3509 3502
f 2869 3502 3522
f 1024 1034 1023
f 3500 3503 2948
f 551 1939 442
f 2972 3499 3568
f 2032 3533 3499
f 216 93 1924
f 203 202 201
f 1828 1848 1847
f 1958 1957 449
f 272 271 178
f 2871 3545 3495
f 3619 3669 3564
f 2801 2768 3643
f 2005 3758 3654
f 960 886 899
f 3657 3655 3612
f 3780 3788 3646
f 3151 3646 3593
f 2193 3604 3623
f 3607 3603 3145
f 3603 3649 2761
f 3592 3607 3144
f 2926 3658 3634
f 3634 3592 3104
f 3755 3754 3746
f 566 567 3758
f 3488 3656 1864
f 1602 1586 2079
f 2868 3658 3611
f 2922 3611 3610
f 2923 3610 3618
f 3670 3613 2918
f 3619 3670 3614
f 2921 3618 3670
f 2920 3614 3586
f 3613 3642 2915
f 2917 2766 3622
f 2916 2917 3641
f 2239 3587 3652
f 2911 3640 3652
f 3643 3640 2911
f 2797 2801 3662
f 2797 3591 3598
f 3622 3628 2763
f 3608 3628 2764
f 2194 3623 3648
f 2221 3648 3649
f 2756 3608 3609
f 2750 3598 3609
f 3669 3535 1817
f 3763 3770 1691
f 2515 3621 3590
f 2548 3590 3593
f 2513 2489 3632
f 2513 3616 3621
f 2509 3633 3620
f 2510 3632 3633
f 2289 3620 3639
f 2283 3639 3617
f 2240 3586 3587
f 3659 3657 3624
f 716 2121 3887
f 727 1999 3761
f 2165 2171 2170
f 3660 3659 3626
f 3743 3581 3578
f 2175 2172 769
f 2100 500 2095
f 3758 567 3757
f 640 3560 3568
f 1653 3576 3553
f 1895 3536 3530
f 746 3530 3537
f 1653 1810 3528
f 3762 1603 1604
f 2093 2075 2073
f 959 996 995
f 962 899 919
f 1400 1401 1398
f 1000 817 1127
f 956 959 884
f 1662 3548 3550
f 2034 3558 3546
f 3926 1689 3539
f 3535 3572 766
f 3572 3574 765
f 334 3570 3571
f 1868 3531 3540
f 1684 1651 1652
f 1682 1683 775
f 1585 1603 3762
f 3763 3762 1672
f 2173 2174 490
f 1658 3544 3547
f 3556 3543 1650
f 1571 3754 2010
f 1587 3664 3671
f 2099 2095 2077
f 787 3761 1999
f 2000 3694 786
f 3155 339 3697
f 3713 3155 3683
f 2180 2179 3685
f 3496 2180 3684
f 1684 3846 3840
f 1760 464 3495
f 2607 3689 3693
f 2581 3676 3689
f 2371 2502 3700
f 2371 3695 3693
f 2587 3676 3675
f 2586 3675 3697
f 2497 3691 3687
f 2502 2503 3687
f 2494 3691 3690
f 3690 3688 2472
f 3688 3701 2468
f 3701 3703 2469
f 726 3908 3892
f 581 3567 3518
f 10 3511 3570
f 1837 3514 3510
f 741 3537 3523
f 1299 3524 3558
f 1851 3507 3504
f 3527 3565 1820
f 580 3518 3536
f 1758 1685 3522
f 1693 3557 3508
f 3504 3512 1867
f 1894 1826 3568
f 2126 1418 3813
f 3906 2126 3841
f 2113 3911 3867
f 2179 3713 3789
f 624 3903 3904
f 2192 3604 3788
f 2177 3541 3787
f 1364 3824 3833
f 3858 3855 1470
f 3135 1753 3775
f 2069 3812 3835
f 1351 3861 3853
f 2108 3882 3901
f 2089 2092 3736
f 3828 3834 1358
f 2001 3749 3783
f 2187 3783 3719
f 2130 3756 3752
f 2004 3752 3749
f 2014 3724 3779
f 2201 3779 3756
f 3167 3720 3759
f 3168 3724 3720
f 3159 3709 3764
f 3160 3764 3765
f 3730 3707 3158
f 3158 3707 3709
f 2200 3069 3730
f 3685 3789 3742
f 3722 3774 2197
f 3790 3736 2092
f 3774 3790 3721
f 3154 3706 3790
f 3155 3713 3706
f 2091 3719 3721
f 2196 3148 3750
f 2193 2196 3776
f 3604 2193 3781
f 2086 2192 3780
f 2087 2086 3778
f 2204 3742 3751
f 2205 3751 3750
f 3909 3886 574
f 2124 2087 3777
f 2208 2124 3760
f 3711 3785 3140
f 3785 3745 3138
f 3745 3744 3139
f 3771 3712 3136
f 3712 3711 3137
f 3775 3767 3131
f 3767 3782 3132
f 1813 3839 3838
f 1293 3854 3856
f 2184 2321 3748
f 2181 2184 3732
f 3765 3768 3079
f 3768 3734 3080
f 709 3873 3875
f 2774 2961 3737
f 3786 3769 2134
f 3809 3808 766
f 2968 3784 3766
f 2969 3759 3784
f 2958 3747 3737
f 2132 3747 3766
f 2321 2185 3771
f 3860 3848 1449
f 3905 3874 582
f 3886 3889 577
f 3847 3826 1818
f 705 3902 3887
f 3816 3912 3907
f 2111 3883 3911
f 3810 3829 1366
f 1812 3839 3822
f 675 3851 3852
f 3496 3705 3851
f 2110 3867 3868
f 2104 3896 3901
f 2109 3868 3899
f 3842 3831 703
f 1680 3811 3846
f 1639 1627 3819
f 623 3904 3906
f 2139 2140 3866
f 1808 1640 3844
f 3820 3821 1819
f 3872 3914 3900
f 1646 3832 3830
f 3889 3890 633
f 2139 3865 3875
f 2156 2155 3871
f 674 3852 3913
f 2117 3817 3812
f 1815 3822 3847
f 3855 3849 1444
f 697 3906 3912
f 866 842 3836
f 3864 3869 2136
f 3585 3731 3726
f 3583 3740 3731
f 3753 3746 3738
f 3740 3583 3581
f 1088 3738 3746
f 3739 3740 3743
f 2791 3492 3493
f 3492 2808 2807
f 2792 3493 3494
f 3493 2807 2806
f 3508 2909 3494
f 3516 3494 2806
f 2948 3503 3791
f 2105 3908 3896
f 3538 3802 3804
f 680 3878 3876
f 1891 1890 3910
f 2905 3799 3801
f 2900 3797 3799
f 2901 3797 3807
f 2734 2878 3806
f 2877 3807 3806
f 2820 3800 3794
f 2818 3796 3792
f 2823 3793 3792
f 2822 3793 3798
f 2819 2735 3800
f 2817 3796 3795
f 2809 3805 3795
f 2808 3805 3803
f 2805 3804 3803
f 1702 3921 3923
f 3922 3920 1797
f 3915 3916 1706
f 3918 3927 1692
f 1657 3898 3880
f 1890 1877 3895
f 3772 3770 1674
f 1689 1690 3772
f 3926 3802 3538
f 3516 3539 1689
f 3917 3923 1703
f 1598 3917 3928
f 3880 3884 1876
f 1691 1690 3925
f 3925 3926 1688
