v 0.056259 -0.013482 -0.050337
v 0.060248 -0.014471 -0.049398
v 0.061069 -0.012905 -0.049183
v 0.056863 -0.012041 -0.049997
v 0.068781 -0.012413 -0.059804
v 0.068073 -0.008886 -0.056373
v 0.067538 -0.005726 -0.056132
v 0.067660 -0.006313 -0.058943
v 0.024951 -0.048932 -0.116288
v 0.010764 -0.048807 -0.120928
v 0.010507 -0.060817 -0.118832
v 0.023497 -0.062440 -0.113362
v 0.041249 -0.084794 -0.095703
v 0.036362 -0.077155 -0.100588
v 0.035130 -0.089938 -0.105479
v 0.042974 -0.092059 -0.095683
v 0.038691 0.049640 0.043104
v 0.045648 0.048247 0.037173
v 0.044606 0.042236 0.040574
v -0.056992 -0.013368 -0.052132
v -0.060974 -0.014320 -0.051288
v -0.061723 -0.012887 -0.051138
v -0.057151 -0.011866 -0.051886
v -0.068859 -0.012478 -0.062468
v -0.068088 -0.008926 -0.058818
v -0.067917 -0.005913 -0.058471
v -0.068025 -0.006325 -0.061261
v 0.037720 0.042956 0.045011
v 0.089552 0.008555 -0.069680
v 0.089239 0.006062 -0.071237
v 0.089299 0.004642 -0.069524
v 0.089369 0.006894 -0.068327
v 0.084678 -0.009965 -0.068996
v 0.084881 -0.002365 -0.070107
v 0.086501 0.000095 -0.070284
v 0.086208 -0.001933 -0.069992
v 0.083613 -0.020245 -0.067076
v 0.082636 -0.019537 -0.066479
v 0.084686 -0.015015 -0.067913
v 0.085535 -0.015358 -0.068736
v 0.068681 -0.039069 -0.044247
v 0.071148 -0.037400 -0.046146
v 0.071795 -0.039294 -0.047340
v 0.067272 -0.040611 -0.045749
v 0.064429 -0.039053 -0.046686
v 0.069264 -0.040161 -0.050654
v 0.068665 -0.036958 -0.051631
v 0.064773 -0.036690 -0.048447
v 0.085464 0.018526 -0.053789
v 0.085647 0.015231 -0.053471
v 0.083962 0.014732 -0.050898
v 0.083808 0.018118 -0.050916
v 0.069993 -0.013611 -0.066937
v 0.067826 -0.020017 -0.064845
v 0.073698 -0.014934 -0.066720
v 0.074260 -0.012363 -0.066976
v 0.082967 0.007830 -0.061793
v 0.083834 0.008891 -0.065341
v 0.083937 0.006823 -0.066753
v 0.082864 0.005194 -0.064267
v 0.085550 0.010644 -0.070682
v 0.085515 0.007818 -0.072309
v 0.067332 -0.029312 -0.041626
v 0.066454 -0.025424 -0.040711
v 0.067269 -0.023999 -0.041807
v 0.067836 -0.025117 -0.043071
v 0.067003 -0.012459 -0.056736
v 0.068557 -0.008262 -0.054699
v 0.079705 -0.030675 -0.062170
v 0.079123 -0.028800 -0.061398
v 0.081248 -0.024712 -0.064767
v 0.081774 -0.025957 -0.065648
v 0.076346 -0.025915 -0.059218
v 0.078632 -0.023493 -0.062715
v 0.079915 -0.022881 -0.064407
v 0.078541 -0.025006 -0.062545
v 0.086412 0.010836 -0.060368
v 0.084276 0.012962 -0.055920
v 0.084993 0.012867 -0.056195
v 0.086731 0.010630 -0.061388
v 0.076914 -0.000716 -0.065972
v 0.076060 0.004114 -0.063988
v 0.074706 0.003680 -0.064303
v 0.075704 -0.000524 -0.066034
v 0.086079 0.007700 -0.068216
v 0.086299 0.005061 -0.069468
v 0.084301 0.004273 -0.068534
v 0.071927 0.006466 -0.051115
v 0.072023 0.007023 -0.051903
v 0.072564 0.005339 -0.052400
v 0.071939 0.004204 -0.051198
v 0.071660 -0.040762 -0.050671
v 0.064976 -0.028347 -0.058560
v 0.066788 -0.027450 -0.059603
v 0.069610 -0.023519 -0.062456
v 0.068422 -0.022447 -0.062844
v 0.064492 -0.036882 -0.042476
v 0.067392 -0.036935 -0.041865
v 0.068244 -0.038449 -0.043108
v 0.065155 -0.038786 -0.043692
v 0.075407 0.010389 -0.051773
v 0.077989 0.009658 -0.054122
v 0.076058 0.008772 -0.053457
v 0.074174 0.009210 -0.051635
v 0.083260 -0.004207 -0.068861
v 0.082803 0.002483 -0.066406
v 0.081700 -0.013314 -0.063890
v 0.082177 -0.013322 -0.066934
v 0.081101 -0.017308 -0.065976
v -0.028768 -0.049159 -0.116308
v -0.014692 -0.048886 -0.120931
v -0.014487 -0.060952 -0.118821
v -0.027408 -0.062748 -0.113312
v 0.081058 -0.017273 -0.062963
v 0.081809 -0.005251 -0.063396
v 0.082399 -0.005240 -0.066941
v 0.086816 0.003672 -0.067929
v 0.086339 -0.002270 -0.068811
v 0.086773 0.004185 -0.068651
v 0.073707 0.007474 -0.061859
v 0.073746 0.010500 -0.065967
v 0.072797 0.004241 -0.068044
v 0.073710 0.005203 -0.063688
v 0.067946 -0.020145 -0.041915
v 0.069428 -0.018077 -0.042885
v 0.068179 -0.020427 -0.044527
v 0.067601 -0.022467 -0.044468
v 0.070264 -0.025428 -0.061183
v 0.067658 -0.028527 -0.058825
v 0.068244 -0.028972 -0.058159
v 0.070938 -0.027217 -0.059683
v 0.080817 0.010857 -0.055998
v 0.080417 0.005318 -0.057108
v 0.078713 0.005315 -0.055637
v 0.073265 -0.024144 -0.050344
v 0.073746 -0.022812 -0.052350
v 0.074806 -0.026103 -0.054413
v 0.073943 -0.028182 -0.052823
v 0.076002 -0.037148 -0.056260
v 0.073875 -0.037014 -0.056609
v 0.071478 -0.039073 -0.053499
v 0.073873 -0.039637 -0.053293
v 0.067516 -0.023507 -0.043630
v 0.067508 -0.022679 -0.041938
v 0.079062 -0.000449 -0.067712
v 0.078294 0.005479 -0.065399
v 0.081861 0.003552 -0.062244
v 0.081763 0.001176 -0.063991
v 0.070718 -0.007648 -0.047090
v 0.067912 -0.006997 -0.048249
v 0.067685 -0.007634 -0.048481
v 0.071136 -0.009224 -0.046994
v 0.071494 -0.007524 -0.045499
v 0.071893 -0.009054 -0.045439
v 0.071704 -0.009412 -0.043886
v 0.071361 -0.008491 -0.043770
v 0.067022 -0.006649 -0.049350
v 0.067229 -0.006916 -0.048757
v 0.067716 -0.006518 -0.049155
v 0.071740 -0.005397 -0.059901
v 0.073052 -0.013085 -0.062942
v 0.070642 -0.012679 -0.061809
v 0.067820 -0.005284 -0.059737
v 0.083196 -0.012232 -0.068561
v 0.080164 0.014481 -0.046675
v 0.078329 0.016403 -0.046796
v 0.080926 0.020063 -0.051470
v 0.067955 -0.021115 -0.054641
v 0.070700 -0.020421 -0.051449
v 0.068872 -0.020468 -0.049790
v 0.067286 -0.021695 -0.052881
v 0.066983 -0.016117 -0.047034
v 0.065029 -0.019620 -0.046373
v 0.069601 -0.017658 -0.045801
v 0.071682 -0.002102 -0.044868
v 0.069551 -0.005692 -0.048397
v 0.070648 -0.006552 -0.046704
v 0.071267 -0.006275 -0.045137
v 0.083870 -0.020898 -0.068210
v 0.085812 -0.015871 -0.070200
v 0.084142 -0.015741 -0.071385
v 0.082340 -0.021129 -0.069469
v 0.065058 -0.033034 -0.040697
v 0.062753 -0.035458 -0.044065
v 0.064775 -0.029380 -0.039521
v 0.089328 0.015142 -0.063530
v 0.085237 0.017788 -0.064026
v 0.085436 0.015795 -0.066618
v 0.089533 0.013139 -0.065879
v 0.066871 -0.000993 -0.054215
v 0.067122 -0.002915 -0.054110
v 0.067836 -0.001393 -0.052121
v 0.067624 0.000350 -0.052012
v 0.048180 -0.035346 -0.098540
v 0.055815 -0.035349 -0.079777
v 0.059948 -0.021928 -0.087407
v 0.053278 -0.022195 -0.103244
v 0.076427 -0.034590 -0.055949
v 0.075349 -0.036734 -0.053199
v 0.072918 0.005388 -0.043332
v 0.072058 0.007694 -0.042335
v 0.073550 0.012767 -0.043632
v 0.074389 0.009243 -0.043416
v 0.085831 -0.000409 -0.073555
v 0.088852 -0.001253 -0.072254
v 0.075048 0.010953 -0.049815
v 0.079505 0.014396 -0.052629
v 0.076961 0.011994 -0.051941
v 0.074710 0.010743 -0.050421
v 0.073646 0.003087 -0.048430
v 0.074601 0.004340 -0.047928
v 0.073109 0.005207 -0.048190
v 0.071847 0.003872 -0.048365
v 0.072063 0.012641 -0.041035
v 0.074295 0.017055 -0.043962
v 0.063700 -0.028950 -0.058238
v 0.074632 0.004087 -0.045846
v 0.075723 0.006614 -0.045198
v 0.076001 0.005759 -0.047569
v -0.045405 -0.085468 -0.095265
v -0.040398 -0.077726 -0.100247
v -0.038913 -0.090512 -0.105303
v -0.047081 -0.092797 -0.095332
v 0.065839 -0.024233 -0.038488
v 0.066866 -0.022832 -0.040381
v 0.073779 0.009578 -0.050449
v 0.072978 0.008566 -0.050501
v 0.071167 0.005175 -0.050316
v 0.071326 0.002649 -0.051544
v 0.078365 -0.004468 -0.058946
v 0.079746 -0.012667 -0.061650
v 0.063394 -0.021520 -0.073536
v 0.060121 -0.034989 -0.059756
v 0.071942 0.005551 -0.048259
v 0.071756 0.005807 -0.048597
v 0.070550 0.004987 -0.049378
v 0.070782 0.004540 -0.048493
v 0.074097 -0.038170 -0.050613
v 0.077060 0.001908 -0.056158
v 0.073401 0.000395 -0.054272
v 0.073963 0.002592 -0.053351
v 0.085788 -0.010375 -0.068615
v 0.087014 -0.002172 -0.069096
v 0.088588 -0.001711 -0.070444
v 0.087220 -0.010592 -0.069761
v 0.063120 -0.037166 -0.044928
v 0.066792 -0.003662 -0.055314
v 0.068353 -0.005377 -0.054453
v 0.068182 0.001643 -0.051899
v 0.069264 0.003494 -0.050254
v 0.067328 -0.019914 -0.039844
v 0.085383 0.011740 -0.065143
v 0.085747 0.009822 -0.066714
v 0.083649 0.010513 -0.063812
v 0.083348 0.011742 -0.062135
v 0.082595 0.012929 -0.058303
v 0.083163 0.014335 -0.057823
v 0.084749 0.013253 -0.062908
v 0.072086 0.001242 -0.053066
v 0.073079 0.003151 -0.052169
v 0.072472 -0.025358 -0.048817
v 0.072704 -0.031708 -0.050358
v 0.079683 -0.020655 -0.063922
v 0.079436 -0.019833 -0.061033
v 0.081571 -0.009775 -0.071923
v 0.081554 -0.000580 -0.072133
v 0.079987 -0.000554 -0.069954
v 0.080225 -0.009168 -0.070499
v 0.074481 -0.006676 -0.066786
v 0.071629 -0.005796 -0.067536
v 0.071046 -0.007351 -0.043195
v 0.070450 -0.003660 -0.041232
v 0.068068 0.001149 -0.052358
v 0.068631 0.002712 -0.050121
v 0.074711 -0.022842 -0.063487
v 0.070705 -0.030447 -0.056588
v 0.074816 -0.025346 -0.062010
v 0.066496 -0.031080 -0.054751
v 0.066194 -0.032234 -0.052538
v 0.068881 -0.032306 -0.054005
v 0.076464 -0.023875 -0.058286
v 0.078206 -0.022745 -0.061035
v 0.066091 -0.006908 -0.050188
v 0.064660 -0.008593 -0.051465
v 0.065736 -0.007423 -0.049578
v 0.081088 -0.005089 -0.060666
v 0.081258 -0.012960 -0.062013
v 0.074911 0.006338 -0.048061
v 0.072032 -0.003316 -0.050269
v 0.073562 -0.000036 -0.047627
v 0.078577 0.009592 -0.047298
v 0.076750 0.007871 -0.048139
v 0.076125 0.007143 -0.048005
v 0.077321 0.007608 -0.047193
v 0.058865 -0.017321 -0.049990
v 0.062546 -0.018790 -0.048724
v 0.064144 -0.015412 -0.048363
v 0.082102 0.014771 -0.056587
v 0.082368 0.012729 -0.057842
v 0.079506 0.006055 -0.067201
v 0.072982 0.007206 -0.053068
v 0.073821 0.005508 -0.053882
v 0.076526 0.018645 -0.059839
v 0.075909 0.016566 -0.056451
v 0.076198 0.016824 -0.055056
v 0.076903 0.021053 -0.054881
v 0.065418 -0.035111 -0.049474
v 0.068263 -0.034841 -0.052026
v 0.068064 -0.033465 -0.052480
v 0.065794 -0.033661 -0.050680
v 0.068209 -0.020642 -0.049012
v 0.067111 -0.021910 -0.051798
v 0.081453 -0.019398 -0.066546
v 0.080546 -0.020216 -0.065550
v 0.082010 -0.016340 -0.067419
v 0.083382 -0.015205 -0.068109
v 0.068402 -0.000722 -0.055528
v 0.066836 -0.001622 -0.056399
v 0.076387 0.010881 -0.057551
v 0.078654 0.013237 -0.058812
v 0.077509 0.016203 -0.055028
v 0.075877 0.013986 -0.055073
v 0.080727 0.006722 -0.069631
v 0.073539 0.004180 -0.053774
v 0.074264 0.004347 -0.054862
v 0.073097 0.004655 -0.053211
v 0.070954 0.002982 -0.048665
v 0.072813 0.001827 -0.048952
v 0.077831 0.009394 -0.048748
v 0.082078 0.012605 -0.051945
v 0.081027 0.012429 -0.051629
v 0.077133 0.009928 -0.049181
v 0.071891 0.007337 -0.049678
v 0.012041 -0.036932 -0.126650
v 0.013845 -0.026897 -0.133320
v -0.037956 0.049037 0.041553
v -0.045163 0.047641 0.035802
v -0.044127 0.041574 0.039007
v -0.037039 0.042362 0.043364
v 0.075867 0.016793 -0.046951
v 0.077194 0.018530 -0.051180
v 0.078082 0.019359 -0.051436
v 0.076452 0.017586 -0.048033
v 0.083303 0.010467 -0.061485
v 0.087036 0.006520 -0.067242
v 0.069638 -0.006405 -0.052517
v 0.066448 -0.009535 -0.052793
v 0.056653 -0.010737 -0.051749
v 0.057060 -0.009421 -0.051814
v 0.057705 -0.009976 -0.053058
v 0.057130 -0.011645 -0.053188
v 0.058975 -0.016064 -0.053822
v 0.061561 -0.017236 -0.052837
v 0.060912 -0.019170 -0.051193
v 0.057999 -0.018564 -0.053292
v 0.055675 -0.014260 -0.052289
v 0.056194 -0.012487 -0.051894
v 0.056911 -0.013469 -0.053427
v 0.056421 -0.015482 -0.053824
v 0.081572 0.014368 -0.054255
v 0.083483 0.014155 -0.055873
v 0.087680 0.005755 -0.066631
v 0.087567 0.003753 -0.068031
v 0.086552 0.010276 -0.064068
v 0.086853 0.008573 -0.065611
v 0.070157 -0.015404 -0.042436
v 0.071029 -0.015227 -0.044407
v 0.070530 -0.016901 -0.044482
v 0.088996 0.009177 -0.066651
v 0.089613 0.010840 -0.067925
v 0.067792 -0.033069 -0.041464
v 0.066587 -0.034580 -0.040769
v 0.041573 -0.099312 -0.032377
v 0.050426 -0.094862 -0.044000
v 0.049927 -0.104484 -0.044190
v 0.041431 -0.109017 -0.033304
v 0.078584 0.011911 -0.045566
v 0.077423 0.014451 -0.045074
v 0.055723 -0.015658 -0.050794
v 0.055620 -0.016828 -0.052843
v 0.058144 -0.018573 -0.051482
v 0.061519 -0.011202 -0.049121
v 0.057186 -0.010510 -0.049934
v 0.059393 -0.014311 -0.053692
v 0.061247 -0.009040 -0.052473
v 0.061687 -0.007873 -0.050757
v 0.064385 -0.022182 -0.047711
v 0.065813 -0.022594 -0.050317
v 0.067549 -0.022618 -0.046765
v 0.056005 -0.017342 -0.053694
v 0.068107 0.000472 -0.053322
v 0.062529 -0.013279 -0.053429
v 0.065358 -0.015830 -0.055342
v 0.064976 -0.018092 -0.054519
v 0.062165 -0.015316 -0.053504
v 0.074943 -0.026735 -0.056331
v 0.075350 -0.024789 -0.056104
v 0.068961 -0.020328 -0.056475
v 0.072381 -0.020267 -0.054361
v 0.069177 -0.003651 -0.052674
v 0.071152 -0.000586 -0.050619
v 0.066405 -0.006774 -0.049850
v 0.063540 -0.010953 -0.052842
v 0.065589 -0.013212 -0.054952
v 0.061815 -0.009662 -0.049274
v 0.065805 -0.009739 -0.048692
v 0.065606 -0.008659 -0.048968
v 0.061760 -0.008636 -0.049576
v 0.076765 0.005421 -0.055038
v 0.075918 0.012310 -0.044169
v 0.077297 0.009309 -0.045136
v 0.077236 0.023130 -0.071947
v 0.074732 0.015072 -0.077279
v 0.075406 0.015543 -0.064067
v 0.059468 -0.012322 -0.053335
v 0.057991 -0.008362 -0.051414
v 0.058113 -0.008564 -0.049900
v 0.080535 -0.023467 -0.064348
v 0.068698 -0.022770 -0.046473
v 0.069277 0.001194 -0.049897
v 0.080659 -0.014837 -0.070677
v 0.079318 -0.019872 -0.068785
v 0.068454 0.002332 -0.050149
v 0.069525 0.003508 -0.048905
v 0.066492 -0.022350 -0.051214
v 0.067933 -0.021591 -0.047987
v 0.069967 0.003942 -0.048807
v 0.070205 -0.015790 -0.045915
v 0.082117 0.005015 -0.060526
v 0.072257 -0.034284 -0.056973
v 0.070345 -0.035833 -0.054111
v 0.057659 -0.009423 -0.049946
v 0.060830 -0.019209 -0.050423
v 0.060754 -0.010491 -0.053284
v 0.068448 -0.011861 -0.047390
v 0.067846 -0.014066 -0.047152
v 0.070925 -0.013551 -0.046010
v 0.073858 -0.019991 -0.056142
v 0.069890 -0.019015 -0.058721
v 0.071254 -0.018160 -0.060767
v 0.075569 -0.019496 -0.057970
v 0.077946 -0.024636 -0.066412
v 0.076390 -0.028909 -0.063006
v 0.078542 -0.030799 -0.062913
v 0.080545 -0.026463 -0.066781
v 0.078944 0.038625 -0.080086
v 0.078356 0.028806 -0.064620
v 0.079986 0.045245 -0.068186
v 0.080651 0.014545 -0.063859
v 0.080721 0.012196 -0.065748
v 0.085657 0.013143 -0.068719
v 0.076005 0.019668 -0.048937
v 0.076458 0.016829 -0.053103
v 0.075822 0.018338 -0.050724
v 0.085214 -0.010334 -0.072792
v 0.072252 0.001494 -0.043764
v 0.074088 0.001990 -0.046533
v 0.073641 -0.021638 -0.064230
v 0.075547 -0.021374 -0.056293
v 0.077554 -0.021011 -0.058548
v 0.087033 0.015002 -0.056281
v 0.083847 0.013232 -0.053731
v 0.008964 -0.109165 -0.006552
v 0.009173 -0.116612 -0.010863
v 0.007930 -0.004767 0.056422
v 0.009418 -0.005048 0.055044
v 0.008403 -0.003116 0.054036
v 0.007655 -0.003035 0.054680
v 0.008093 -0.013890 0.054827
v 0.007502 -0.012274 0.053770
v 0.008385 -0.012522 0.053167
v 0.009112 -0.013876 0.053959
v 0.005059 -0.003328 0.053784
v 0.003460 -0.006314 0.056497
v 0.005031 -0.004884 0.058041
v 0.006299 -0.002557 0.054640
v 0.086354 0.018507 -0.057363
v 0.011218 -0.014106 0.054463
v 0.010247 -0.012516 0.053319
v 0.011304 -0.011778 0.055111
v 0.012692 -0.013119 0.056295
v 0.004412 -0.013096 0.062600
v 0.005572 -0.010984 0.062869
v 0.004248 -0.011931 0.060351
v 0.004172 -0.013712 0.059871
v 0.007223 -0.010298 0.062399
v 0.009027 -0.010901 0.064180
v 0.010626 -0.010937 0.062587
v 0.008613 -0.010297 0.060916
v 0.003990 -0.009770 0.055543
v 0.005060 -0.011576 0.056722
v 0.003345 -0.009750 0.059152
v 0.011494 -0.009726 0.053340
v 0.009767 -0.010862 0.052018
v 0.009155 -0.007055 0.051136
v 0.010626 -0.006105 0.052208
v 0.044365 -0.083265 -0.030671
v 0.051705 -0.081925 -0.044536
v 0.034185 0.006726 0.039438
v 0.033460 0.004013 0.040476
v 0.029216 0.005259 0.041248
v 0.030140 0.007624 0.040398
v 0.071951 -0.011196 -0.044867
v 0.071568 -0.010401 -0.043479
v 0.080644 0.009501 -0.067672
v 0.086388 0.011845 -0.061036
v 0.080508 0.016472 -0.061549
v 0.079280 0.018785 -0.056706
v 0.078210 0.017392 -0.055819
v 0.079428 0.014684 -0.059956
v 0.088843 0.012343 -0.062360
v 0.070055 -0.024228 -0.046229
v 0.079385 0.001223 -0.057869
v 0.078661 0.019377 -0.054137
v 0.082119 0.020751 -0.054707
v 0.085211 -0.010411 -0.068607
v 0.089009 0.010798 -0.064581
v 0.087080 0.009333 -0.063280
v 0.080280 0.011447 -0.047714
v 0.072499 -0.016188 -0.062952
v 0.079004 -0.016268 -0.061173
v 0.077417 -0.018589 -0.059699
v -0.088851 0.008752 -0.072609
v -0.088548 0.006229 -0.074094
v -0.088522 0.004880 -0.072330
v -0.088583 0.007172 -0.071346
v -0.084398 -0.009604 -0.071490
v -0.084677 -0.002139 -0.072747
v -0.086130 0.000314 -0.073069
v -0.085998 -0.001688 -0.072791
v 0.071639 -0.017727 -0.062103
v 0.066255 -0.002457 -0.056377
v 0.067009 -0.018866 -0.037520
v 0.074384 -0.031555 -0.054056
v -0.083733 -0.019976 -0.069117
v -0.082857 -0.019294 -0.068588
v -0.084717 -0.014723 -0.070042
v -0.085550 -0.015131 -0.070787
v 0.075285 -0.030542 -0.056611
v 0.027965 -0.036449 -0.120714
v 0.031419 -0.025524 -0.126561
v 0.087448 -0.010580 -0.071632
v 0.081033 0.013548 -0.055033
v 0.071711 -0.024996 -0.047694
v 0.070636 -0.031058 -0.047336
v 0.069532 -0.030163 -0.045163
v 0.074173 0.004697 -0.054411
v 0.072920 -0.020685 -0.064803
v 0.073149 -0.018434 -0.065671
v 0.058085 -0.009084 -0.052785
v 0.075386 -0.026979 -0.062336
v 0.071631 -0.032389 -0.056808
v 0.055019 -0.079102 -0.058061
v 0.051830 -0.076810 -0.073126
v -0.069680 -0.038850 -0.046596
v -0.071970 -0.037070 -0.048402
v -0.072641 -0.039023 -0.049771
v -0.068338 -0.040253 -0.048300
v 0.052412 -0.087753 -0.071719
v 0.054262 -0.091066 -0.057354
v 0.069177 -0.004873 -0.037783
v 0.069611 -0.012582 -0.040396
v 0.068578 -0.013391 -0.038805
v 0.021418 -0.100011 -0.010497
v 0.019199 -0.112248 -0.015409
v 0.067580 -0.017820 -0.033335
v 0.067738 -0.017917 -0.022935
v 0.069379 -0.002147 -0.022455
v 0.068484 -0.008099 -0.032432
v 0.058787 0.031444 0.016801
v 0.060580 0.031640 0.012018
v 0.061352 0.021995 0.011591
v 0.059153 0.023587 0.015854
v 0.020320 0.089500 0.035800
v 0.010290 0.090431 0.038094
v 0.010276 0.097493 0.031870
v 0.020521 0.096156 0.029152
v 0.033516 -0.017626 -0.130217
v 0.035586 -0.007368 -0.134336
v 0.016201 -0.010153 -0.141771
v 0.014969 -0.019637 -0.137222
v 0.020533 0.111836 0.006115
v 0.010064 0.113753 0.008948
v 0.010138 0.118309 -0.001307
v -0.065645 -0.038744 -0.049074
v -0.069735 -0.039724 -0.053279
v -0.068955 -0.036697 -0.054270
v -0.065822 -0.036489 -0.050847
v 0.020802 0.116128 -0.003789
v 0.053323 0.003533 0.029298
v 0.055291 -0.002981 0.028751
v 0.051518 -0.003189 0.032750
v 0.049887 0.003315 0.032487
v 0.070208 -0.035722 -0.044669
v 0.069255 -0.034637 -0.043286
v -0.085290 0.018677 -0.056286
v -0.085334 0.015362 -0.056077
v -0.083327 0.014970 -0.053586
v -0.083490 0.018320 -0.053339
v -0.072316 -0.014559 -0.068640
v -0.070038 -0.020922 -0.066743
v -0.075847 -0.015893 -0.068858
v -0.076280 -0.013301 -0.069022
v 0.010278 0.122163 -0.013278
v 0.021207 0.119817 -0.015341
v 0.011507 0.014165 0.046211
v -0.081850 0.007943 -0.064729
v -0.083083 0.009094 -0.068313
v -0.083424 0.007020 -0.069651
v -0.082189 0.005357 -0.067127
v -0.085045 0.010766 -0.073468
v -0.084993 0.007915 -0.075205
v -0.068196 -0.029064 -0.043422
v -0.067506 -0.025099 -0.042352
v -0.068025 -0.023628 -0.043651
v -0.068409 -0.024809 -0.044985
v -0.067011 -0.012511 -0.059128
v -0.068867 -0.008419 -0.057100
v -0.079319 -0.030238 -0.064689
v -0.079232 -0.028490 -0.063699
v -0.081416 -0.024459 -0.066933
v -0.081616 -0.025655 -0.068023
v 0.012010 0.016075 0.043713
v 0.015785 0.012851 0.042503
v 0.015291 0.010854 0.044393
v 0.008019 0.062946 0.049892
v 0.009032 0.070745 0.047504
v 0.017994 0.070713 0.045989
v 0.016401 0.062960 0.048897
v 0.020396 0.010112 0.041572
v 0.019620 0.008243 0.042736
v 0.010164 0.103534 0.024935
v 0.020546 0.102004 0.021997
v 0.020504 0.124764 -0.066196
v -0.076547 -0.025802 -0.061376
v -0.078813 -0.023352 -0.064904
v -0.080109 -0.022702 -0.066594
v -0.078699 -0.024816 -0.064711
v 0.021035 0.125301 -0.057522
v 0.009779 0.127979 -0.057945
v -0.085969 0.011142 -0.063269
v -0.083860 0.013176 -0.058717
v -0.084445 0.013083 -0.059045
v -0.086146 0.010935 -0.064347
v 0.010787 0.126778 -0.070711
v 0.066189 -0.004188 -0.094325
v 0.069217 -0.005355 -0.078913
v 0.072448 0.006468 -0.080082
v 0.070664 0.012109 -0.096474
v 0.031702 -0.093667 -0.019090
v 0.030232 -0.106027 -0.022971
v -0.078184 -0.001317 -0.067923
v -0.076861 0.003742 -0.065840
v -0.075994 0.003070 -0.065912
v -0.077252 -0.001334 -0.067713
v -0.085656 0.007921 -0.071133
v -0.085879 0.005280 -0.072354
v -0.083823 0.004490 -0.071378
v -0.072190 0.006078 -0.053476
v -0.072460 0.006476 -0.054160
v -0.073175 0.004859 -0.054549
v -0.072430 0.003863 -0.053399
v -0.072203 -0.040378 -0.053350
v -0.066883 -0.029192 -0.060649
v -0.068523 -0.028399 -0.061933
v -0.071160 -0.024375 -0.064822
v -0.070268 -0.023313 -0.065008
v 0.052793 0.053676 0.025259
v 0.054783 0.058659 0.020802
v 0.057945 0.051318 0.016774
v 0.055627 0.047426 0.021564
v 0.006418 0.050442 0.052773
v 0.013747 0.050366 0.052544
v 0.011795 0.044263 0.052482
v 0.005709 0.044166 0.052810
v -0.066013 -0.036623 -0.044400
v -0.068630 -0.036603 -0.044040
v -0.069355 -0.038127 -0.045376
v -0.066468 -0.038550 -0.046019
v 0.059350 0.016170 0.016280
v 0.061983 0.012923 0.012918
v 0.061141 0.004832 0.017483
v 0.058308 0.009176 0.019898
v 0.055727 0.004628 0.025867
v -0.075470 0.009845 -0.054209
v -0.077822 0.009321 -0.056666
v -0.076175 0.008311 -0.055842
v -0.074421 0.008632 -0.053996
v 0.057942 -0.001486 0.024934
v -0.083286 -0.003979 -0.071338
v -0.082322 0.002747 -0.069173
v 0.019422 0.080099 0.042010
v 0.009791 0.080597 0.043809
v 0.059735 0.041913 0.013560
v 0.057554 0.039688 0.018641
v 0.008737 0.017388 0.048693
v 0.009471 0.018855 0.045400
v 0.007031 0.024045 0.048217
v -0.082152 -0.013148 -0.066275
v -0.082610 -0.013110 -0.069304
v -0.081410 -0.017055 -0.068283
v -0.081380 -0.017099 -0.065187
v 0.004521 0.023411 0.053789
v 0.004693 0.027332 0.052908
v 0.007155 0.027173 0.049129
v 0.033948 0.062350 0.041481
v 0.035679 0.069368 0.037974
v 0.043053 0.067701 0.032202
v 0.041459 0.061188 0.036024
v 0.020525 0.107109 0.014521
v -0.081899 -0.005173 -0.065971
v -0.082663 -0.005063 -0.069399
v 0.010077 0.108830 0.017468
v 0.004948 0.036344 0.052136
v 0.008854 0.036469 0.050478
v 0.007734 0.033152 0.049723
v -0.086499 0.004025 -0.071004
v -0.086284 -0.002021 -0.071568
v -0.086417 0.004478 -0.071635
v -0.074997 0.006990 -0.063130
v -0.075240 0.009971 -0.066945
v -0.074763 0.003449 -0.069046
v -0.075402 0.004425 -0.064897
v 0.005024 0.033101 0.052150
v 0.024195 0.006588 0.042004
v 0.025065 0.008704 0.041167
v 0.062633 -0.034234 -0.048660
v 0.063611 -0.035788 -0.047694
v 0.070758 0.012697 -0.034651
v 0.069222 0.002292 -0.033105
v 0.070094 0.011039 -0.023124
v 0.070919 0.023543 -0.024862
v 0.073806 0.034996 -0.027976
v 0.075306 0.043231 -0.033054
v 0.075547 0.027218 -0.040743
v 0.073517 0.021274 -0.036616
v 0.047535 -0.085581 -0.084536
v 0.045109 -0.075832 -0.087249
v 0.004546 0.020458 0.056025
v 0.004548 0.017630 0.058286
v 0.018895 0.031477 -0.151573
v -0.068509 -0.019758 -0.044103
v -0.069901 -0.017760 -0.045174
v -0.068692 -0.019987 -0.046740
v -0.068092 -0.021965 -0.046544
v 0.018187 0.017985 -0.150210
v 0.038413 0.021965 -0.141438
v 0.038930 0.034834 -0.142414
v 0.062647 -0.014598 -0.090883
v -0.071627 -0.026210 -0.063591
v -0.069087 -0.029343 -0.061249
v -0.069457 -0.029636 -0.060593
v -0.072216 -0.027914 -0.062082
v 0.066311 -0.013988 -0.076570
v 0.010041 -0.008114 0.057010
v 0.006852 -0.003766 0.052144
v 0.006824 -0.007431 0.051098
v 0.006542 -0.004928 0.052154
v 0.010092 -0.010672 0.058764
v 0.012217 -0.011520 0.060122
v 0.007690 -0.010933 0.051937
v 0.006998 -0.010748 0.052231
v 0.006295 -0.007134 0.051256
v 0.008191 -0.003201 0.052868
v 0.002035 -0.014951 0.064950
v 0.002760 -0.013626 0.068116
v 0.006234 -0.012118 0.066959
v 0.004658 -0.013508 0.064710
v 0.004635 -0.004649 0.053424
v 0.003679 -0.006706 0.053996
v 0.004779 -0.008520 0.061301
v 0.006536 -0.004725 0.057487
v 0.007008 -0.002693 0.054709
v 0.006463 -0.007819 0.060607
v 0.005306 -0.013689 0.057261
v 0.008204 -0.007719 0.059010
v -0.079896 0.010728 -0.058938
v -0.079500 0.005329 -0.059864
v -0.078251 0.005171 -0.058194
v -0.073349 -0.024073 -0.052753
v -0.074048 -0.022880 -0.054658
v -0.074814 -0.026043 -0.056777
v -0.073848 -0.028002 -0.055303
v 0.074411 -0.021963 -0.054231
v 0.052658 -0.064442 -0.038438
v 0.056144 -0.050603 -0.044786
v 0.055539 -0.051701 -0.050686
v -0.075640 -0.036644 -0.058886
v -0.073644 -0.036958 -0.059626
v -0.071781 -0.038939 -0.056435
v -0.073955 -0.039303 -0.056099
v -0.068137 -0.023080 -0.045632
v -0.068160 -0.022270 -0.043897
v -0.079779 -0.000846 -0.069958
v -0.078494 0.005300 -0.067747
v 0.053690 -0.066384 -0.047582
v 0.076953 0.003825 -0.055863
v 0.066296 0.056304 -0.002272
v 0.067929 0.067589 -0.011534
v 0.072986 0.055480 -0.023675
v -0.080954 0.003700 -0.065086
v -0.081419 0.001386 -0.066744
v 0.072269 0.045048 -0.018674
v 0.068398 0.076952 -0.019804
v 0.073550 0.066120 -0.030886
v 0.076550 0.053496 -0.041086
v 0.077948 0.032343 -0.055775
v 0.040954 0.019634 0.036540
v 0.041211 0.019341 0.036433
v 0.039765 0.018910 0.037677
v -0.071043 -0.007735 -0.049455
v -0.068299 -0.007134 -0.050573
v -0.068107 -0.007752 -0.050750
v -0.071451 -0.009254 -0.049279
v 0.039575 0.019265 0.037804
v 0.040606 0.019805 0.036339
v 0.039392 0.019424 0.037328
v -0.071728 -0.007588 -0.047866
v -0.072126 -0.009051 -0.047753
v -0.071972 -0.009394 -0.046211
v -0.071640 -0.008499 -0.046113
v 0.041635 0.020212 0.035499
v 0.042001 0.020001 0.035656
v 0.042168 0.019691 0.035516
v 0.024629 0.019920 0.040523
v 0.025005 0.020013 0.039766
v 0.027356 0.019381 0.040697
v 0.027212 0.019319 0.041525
v 0.024488 0.019630 0.040766
v 0.027455 0.018903 0.041567
v -0.067507 -0.006901 -0.051585
v -0.067664 -0.007096 -0.051021
v -0.068149 -0.006714 -0.051447
v -0.071811 -0.004889 -0.063322
v -0.072911 -0.012689 -0.066180
v -0.070567 -0.012596 -0.065007
v -0.068028 -0.005024 -0.062751
v 0.023651 0.021242 0.034558
v 0.023422 0.021893 0.034622
v -0.083243 -0.011905 -0.070875
v 0.024670 0.020293 0.034766
v 0.022533 0.022075 0.037273
v 0.022411 0.023140 0.037420
v -0.079918 0.014599 -0.049078
v -0.078267 0.016474 -0.048900
v -0.080694 0.020209 -0.053624
v 0.023034 0.023548 0.034820
v 0.023189 0.022458 0.034640
v 0.022772 0.021518 0.037416
v -0.068458 -0.021489 -0.057024
v -0.071346 -0.020401 -0.053699
v -0.069661 -0.020234 -0.051939
v -0.067878 -0.021683 -0.055121
v -0.067591 -0.015908 -0.049257
v -0.065637 -0.019283 -0.048560
v -0.070161 -0.017362 -0.048053
v -0.071822 -0.002043 -0.047449
v -0.069773 -0.005721 -0.050887
v -0.070917 -0.006639 -0.049125
v -0.071512 -0.006353 -0.047586
v -0.083717 -0.020629 -0.070417
v -0.085473 -0.015584 -0.072296
v -0.083833 -0.015651 -0.073881
v -0.082189 -0.021023 -0.072034
v 0.021160 0.021339 0.038017
v 0.020856 0.021799 0.037904
v -0.066455 -0.032726 -0.042368
v -0.064575 -0.035318 -0.045675
v -0.066394 -0.029083 -0.040920
v -0.088984 0.015325 -0.066282
v -0.084961 0.018008 -0.066613
v -0.085109 0.015972 -0.069264
v -0.089107 0.013318 -0.068717
v -0.067659 -0.000947 -0.056849
v -0.067775 -0.002950 -0.056587
v -0.068402 -0.001355 -0.054790
v -0.068412 0.000352 -0.054746
v 0.020952 0.022809 0.038113
v 0.032095 0.017895 0.041463
v 0.032465 0.017253 0.041109
v 0.027974 0.017704 0.041378
v 0.027764 0.018336 0.041544
v 0.031774 0.018441 0.041623
v 0.035014 0.018459 0.040772
v 0.035405 0.017937 0.040521
v 0.035710 0.017322 0.040074
v -0.051482 -0.035857 -0.098844
v -0.058877 -0.035972 -0.080302
v -0.062805 -0.022592 -0.088129
v -0.056254 -0.022746 -0.103727
v -0.076478 -0.034198 -0.058326
v -0.075559 -0.036329 -0.055663
v -0.073134 0.005425 -0.045728
v -0.072571 0.007678 -0.044184
v -0.074017 0.012818 -0.045220
v -0.074523 0.009310 -0.045544
v 0.024578 0.018588 0.040852
v 0.024500 0.019196 0.040860
v 0.035988 0.016627 0.039573
v 0.032762 0.016518 0.040595
v -0.085121 -0.000242 -0.076523
v -0.087910 -0.000987 -0.074840
v 0.028167 0.016919 0.041051
v 0.024526 0.018013 0.040844
v 0.021379 0.019396 0.040192
v 0.021779 0.019793 0.040157
v 0.032960 0.015732 0.040150
v 0.032913 0.014929 0.039902
v 0.028106 0.015341 0.040517
v 0.028199 0.016097 0.040691
v -0.074871 0.010602 -0.052488
v -0.078947 0.014137 -0.055541
v -0.076657 0.011656 -0.054663
v -0.074699 0.010282 -0.052943
v -0.073749 0.003197 -0.051064
v -0.074583 0.004435 -0.050454
v -0.073196 0.005169 -0.050637
v -0.072097 0.003845 -0.050895
v 0.036136 0.015831 0.039079
v 0.036107 0.014949 0.038810
v -0.072603 0.012534 -0.042435
v -0.074540 0.016999 -0.045238
v 0.043858 0.019880 0.033622
v 0.044385 0.020350 0.032880
v 0.044548 0.019618 0.032662
v -0.065718 -0.029659 -0.059937
v 0.044292 0.019188 0.033054
v 0.047323 0.016437 0.028851
v 0.048134 0.017686 0.027981
v 0.050140 0.016332 0.026113
v -0.074578 0.004236 -0.048475
v -0.075615 0.006731 -0.047706
v -0.075799 0.005894 -0.050176
v -0.067263 -0.023892 -0.040032
v -0.067829 -0.022465 -0.042156
v -0.073856 0.009042 -0.052916
v -0.073200 0.008005 -0.052965
v -0.071589 0.004869 -0.052663
v -0.071871 0.002366 -0.053934
v 0.049038 0.015077 0.027485
v -0.078048 -0.004208 -0.061712
v -0.079687 -0.012466 -0.064001
v 0.057344 0.006332 0.022737
v 0.051068 0.012423 0.026447
v 0.052314 0.013812 0.024349
v 0.043222 0.019480 0.034445
v 0.042438 0.019183 0.035332
v 0.042976 0.020039 0.034639
v 0.043605 0.020430 0.033892
v 0.043711 0.018826 0.033864
v 0.042847 0.018513 0.034949
v 0.041541 0.018841 0.036282
v 0.041927 0.018163 0.035990
v 0.040433 0.017735 0.037288
v 0.040119 0.018369 0.037542
v 0.037983 0.018070 0.039044
v -0.065904 -0.022283 -0.074754
v -0.062599 -0.035573 -0.060604
v 0.037640 0.018600 0.039214
v 0.038297 0.017438 0.038659
v 0.040713 0.017016 0.036950
v 0.038665 0.016751 0.038253
v 0.042330 0.017431 0.035457
v 0.043366 0.017828 0.034269
v 0.044183 0.018216 0.033164
v 0.044795 0.018605 0.032321
v 0.045149 0.019219 0.031787
v 0.044760 0.017460 0.032185
v 0.045401 0.016673 0.031214
v 0.044215 0.016195 0.032663
v 0.043841 0.017056 0.033442
v 0.045524 0.017957 0.031202
v 0.046297 0.017253 0.030049
v -0.072053 0.005412 -0.050649
v -0.071852 0.005610 -0.050988
v -0.070920 0.004704 -0.051735
v -0.071119 0.004381 -0.050963
v 0.042646 0.016720 0.034871
v 0.042871 0.015909 0.034219
v 0.040989 0.015494 0.035952
v 0.040893 0.016379 0.036548
v -0.074791 -0.037835 -0.053102
v -0.076832 0.001930 -0.058662
v -0.073746 0.000305 -0.056798
v -0.074618 0.002303 -0.055548
v 0.038929 0.016045 0.037807
v 0.039005 0.015157 0.037276
v -0.085569 -0.010039 -0.070759
v -0.086926 -0.001930 -0.071525
v -0.088090 -0.001482 -0.072993
v -0.086652 -0.010237 -0.071968
v 0.031607 0.018774 0.041628
v 0.031478 0.018878 0.041034
v 0.034664 0.018922 0.040337
v 0.034792 0.018788 0.040850
v 0.037376 0.018950 0.039275
v -0.064646 -0.036963 -0.046982
v -0.067445 -0.003751 -0.057685
v -0.068814 -0.005525 -0.056890
v 0.037347 0.019106 0.038794
v 0.034736 0.017773 0.037840
v 0.033869 0.018392 0.034053
v 0.036724 0.018467 0.033213
v 0.037954 0.018015 0.036659
v -0.068834 0.001404 -0.054439
v -0.069830 0.003252 -0.052699
v 0.031017 0.017566 0.038400
v 0.030577 0.018710 0.034649
v 0.027376 0.018154 0.038612
v -0.068202 -0.019631 -0.041872
v 0.027313 0.019428 0.034816
v 0.024899 0.019770 0.038373
v 0.033803 0.030996 0.041396
v 0.033982 0.031202 0.041726
v 0.038649 0.030515 0.040820
v 0.038257 0.030255 0.040455
v 0.048686 -0.004351 -0.123970
v 0.050220 0.010527 -0.128972
v 0.037565 0.006194 -0.138586
v 0.041119 0.028201 0.039225
v 0.041200 0.028869 0.039090
v 0.043414 0.027708 0.037395
v 0.043147 0.027049 0.037520
v 0.040968 0.027394 0.039266
v -0.085027 0.011807 -0.068002
v -0.085317 0.010004 -0.069616
v -0.083168 0.010497 -0.066686
v -0.082865 0.011662 -0.065028
v -0.082105 0.012743 -0.061148
v -0.082747 0.014409 -0.060688
v -0.084354 0.013233 -0.065801
v -0.072592 0.001041 -0.055534
v -0.073871 0.002782 -0.054279
v 0.042852 0.026262 0.037359
v 0.038076 0.028498 0.041036
v -0.072446 -0.025150 -0.051333
v -0.073000 -0.031378 -0.052771
v -0.080008 -0.020525 -0.066121
v -0.079700 -0.019713 -0.063128
v -0.081220 -0.009797 -0.074530
v -0.081273 -0.000649 -0.074793
v -0.080158 -0.000786 -0.072430
v -0.080342 -0.009375 -0.073022
v 0.038205 0.029319 0.041043
v 0.038204 0.029853 0.040665
v 0.043031 0.024973 0.032510
v 0.042092 0.026487 0.033367
v -0.076389 -0.007653 -0.068500
v -0.073801 -0.006775 -0.068936
v -0.071476 -0.007394 -0.045543
v -0.070978 -0.003704 -0.043502
v -0.068828 0.001098 -0.054986
v -0.069373 0.002548 -0.052739
v -0.075844 -0.023458 -0.065871
v -0.071551 -0.030890 -0.059068
v -0.075643 -0.025806 -0.064453
v -0.067596 -0.031579 -0.057118
v -0.067130 -0.032516 -0.054956
v -0.069611 -0.032656 -0.056572
v 0.041923 0.025165 0.035850
v 0.042662 0.024181 0.034642
v 0.043508 0.024242 0.031785
v 0.043136 0.023461 0.033698
v 0.043067 0.024754 0.028588
v 0.042268 0.025522 0.029312
v 0.041059 0.026462 0.030358
v -0.076716 -0.023861 -0.060393
v -0.078466 -0.022687 -0.063166
v 0.043531 0.024033 0.028166
v -0.066597 -0.007199 -0.052453
v -0.064791 -0.008727 -0.053717
v -0.066290 -0.007709 -0.051776
v -0.080554 -0.004842 -0.063314
v -0.081420 -0.012801 -0.064324
v -0.074791 0.006422 -0.050577
v 0.043818 0.023285 0.027985
v -0.072201 -0.003214 -0.052999
v -0.073513 0.000182 -0.050467
v -0.078095 0.009722 -0.049938
v -0.076421 0.007992 -0.050688
v -0.075822 0.007296 -0.050557
v -0.076888 0.007786 -0.049818
v -0.059673 -0.017066 -0.051827
v -0.063282 -0.018564 -0.050627
v -0.064831 -0.015285 -0.050383
v 0.043757 0.022428 0.027894
v 0.043480 0.021616 0.028223
v 0.059555 -0.010257 0.021651
v 0.059811 0.001005 0.021246
v -0.081403 0.014721 -0.059565
v -0.081538 0.012594 -0.060822
v -0.079443 0.005997 -0.069757
v 0.061826 -0.007291 0.017477
v 0.042722 0.020401 0.034839
v -0.073453 0.006683 -0.055264
v -0.074338 0.005035 -0.056044
v 0.043369 0.020824 0.034069
v -0.077133 0.018470 -0.060540
v -0.076182 0.016469 -0.057349
v -0.076254 0.016738 -0.056105
v -0.077077 0.020945 -0.055700
v 0.042264 0.020628 0.034812
v -0.066335 -0.035050 -0.051869
v -0.068900 -0.034946 -0.054716
v -0.068781 -0.033707 -0.055075
v -0.066636 -0.033750 -0.053058
v -0.068963 -0.020337 -0.051167
v -0.067770 -0.021726 -0.053996
v 0.042666 0.020931 0.034233
v -0.081705 -0.019204 -0.068774
v -0.080831 -0.020052 -0.067755
v -0.082252 -0.016083 -0.069689
v -0.083497 -0.014934 -0.070380
v 0.043843 0.021285 0.033259
v 0.044255 0.020906 0.033042
v 0.041256 0.018872 0.034239
v 0.040949 0.019267 0.031257
v 0.042050 0.019801 0.030306
v -0.068683 -0.000613 -0.058444
v -0.067535 -0.001455 -0.059214
v -0.076562 0.010920 -0.059174
v -0.078429 0.013449 -0.060725
v -0.077364 0.016265 -0.056738
v -0.076002 0.013962 -0.056523
v -0.080434 0.006715 -0.072312
v 0.042157 0.019778 0.033052
v 0.040131 0.018306 0.035308
v 0.039183 0.018765 0.032256
v 0.042614 0.020300 0.029583
v 0.043144 0.020937 0.028779
v -0.074215 0.003843 -0.055900
v -0.074727 0.004061 -0.057063
v 0.042721 0.020229 0.032463
v -0.073790 0.004260 -0.055316
v 0.043181 0.020775 0.031614
v 0.043081 0.021364 0.033527
v -0.071372 0.002973 -0.051333
v -0.073023 0.001946 -0.051674
v -0.077347 0.009528 -0.051351
v -0.081476 0.012726 -0.054702
v -0.080455 0.012576 -0.054364
v -0.076726 0.009975 -0.051820
v 0.043735 0.022169 0.030836
v 0.043826 0.022790 0.030957
v 0.043384 0.021810 0.032745
v -0.072051 0.006981 -0.052106
v 0.043764 0.022347 0.032145
v 0.043541 0.021552 0.031009
v -0.015832 -0.037037 -0.126668
v -0.017445 -0.027010 -0.133358
v 0.043754 0.023541 0.031265
v 0.043505 0.022870 0.032756
v 0.044778 0.020314 0.032290
v 0.044686 0.021320 0.032299
v 0.045556 0.022238 0.031370
v 0.045376 0.020112 0.031457
v -0.075856 0.016790 -0.048808
v -0.077051 0.018546 -0.052928
v -0.077866 0.019474 -0.053399
v -0.076327 0.017643 -0.049966
v -0.082372 0.010493 -0.064467
v 0.046382 0.019947 0.030288
v 0.046008 0.018707 0.030543
v 0.046864 0.022585 0.030551
v 0.048098 0.022888 0.029544
v -0.086569 0.006809 -0.070269
v -0.069991 -0.006465 -0.055087
v -0.066467 -0.009556 -0.055171
v 0.047512 0.019833 0.029043
v 0.046908 0.018331 0.029373
v 0.044250 0.021709 0.032531
v -0.056947 -0.010684 -0.053616
v -0.057311 -0.009468 -0.053770
v -0.057985 -0.010014 -0.054934
v -0.057463 -0.011601 -0.054967
v 0.044597 0.022222 0.032081
v 0.046322 0.023793 0.032013
v -0.059738 -0.015787 -0.055445
v -0.062381 -0.017045 -0.054617
v -0.061708 -0.018892 -0.053058
v -0.058924 -0.018138 -0.054941
v 0.047191 0.024501 0.031587
v 0.045154 0.023235 0.032534
v 0.044677 0.024099 0.033965
v 0.045643 0.024846 0.033825
v -0.056147 -0.013966 -0.054097
v -0.056554 -0.012332 -0.053715
v -0.057322 -0.013299 -0.055143
v -0.057210 -0.015241 -0.055487
v 0.046262 0.025567 0.033698
v 0.044633 0.025871 0.035640
v -0.081017 0.014336 -0.057144
v -0.082835 0.014351 -0.058783
v 0.045122 0.026568 0.035544
v 0.043934 0.025134 0.035549
v 0.044221 0.022979 0.032923
v -0.087111 0.006191 -0.069846
v -0.087085 0.004092 -0.070999
v -0.086172 0.010467 -0.066988
v -0.086365 0.008828 -0.068608
v 0.043795 0.023662 0.033929
v 0.043178 0.024492 0.035191
v 0.042371 0.025423 0.036635
v -0.070718 -0.015228 -0.044713
v -0.071469 -0.015035 -0.046676
v -0.071006 -0.016646 -0.046772
v -0.088274 0.009510 -0.069717
v -0.088989 0.011059 -0.070831
v -0.068769 -0.032786 -0.043360
v -0.067815 -0.034288 -0.042712
v -0.042567 -0.100010 -0.032135
v -0.051836 -0.095583 -0.043470
v -0.051792 -0.105476 -0.043707
v -0.042700 -0.109842 -0.033038
v -0.078268 0.012007 -0.048061
v -0.077412 0.014455 -0.047236
v 0.040743 0.026710 0.038715
v 0.040409 0.026445 0.037909
v 0.037901 0.027710 0.040544
v -0.056552 -0.015410 -0.052584
v -0.056578 -0.016563 -0.054652
v -0.059100 -0.018206 -0.053287
v -0.062136 -0.011289 -0.051196
v -0.057788 -0.010597 -0.051862
v 0.037704 0.027444 0.039765
v 0.034491 0.031969 0.042586
v 0.039764 0.031524 0.041507
v 0.037612 0.028867 0.036728
v 0.035944 0.027950 0.033609
v 0.033401 0.028221 0.034994
v 0.034225 0.029415 0.038597
v -0.059797 -0.014159 -0.055296
v 0.022586 0.023829 0.037694
v 0.023034 0.024958 0.038281
v -0.061472 -0.009171 -0.054538
v -0.062269 -0.008185 -0.052829
v -0.064911 -0.021662 -0.049847
v -0.066352 -0.022092 -0.052458
v -0.068097 -0.022076 -0.048893
v -0.056925 -0.016914 -0.055413
v -0.068643 0.000444 -0.056059
v 0.023506 0.025529 0.035466
v 0.022964 0.024355 0.034967
v 0.021727 0.023501 0.038626
v 0.022859 0.024638 0.039352
v -0.062811 -0.013290 -0.055286
v -0.065836 -0.016038 -0.057449
v -0.065515 -0.018178 -0.056597
v -0.062570 -0.015187 -0.055295
v -0.075106 -0.026620 -0.058565
v -0.075526 -0.024768 -0.058310
v -0.069301 -0.020938 -0.059019
v -0.072715 -0.020637 -0.056836
v -0.069655 -0.003676 -0.055310
v -0.071484 -0.000496 -0.053359
v -0.066831 -0.007021 -0.052170
v -0.063796 -0.011039 -0.054891
v -0.065768 -0.013292 -0.057131
v -0.062408 -0.009836 -0.051406
v -0.066380 -0.009890 -0.050881
v -0.066191 -0.008867 -0.051167
v -0.062341 -0.008889 -0.051712
v -0.076988 0.005026 -0.057263
v -0.075884 0.012403 -0.046271
v -0.076843 0.009504 -0.047642
v -0.078331 0.022843 -0.072535
v -0.076376 0.014584 -0.077982
v -0.076493 0.015241 -0.064822
v -0.059774 -0.012342 -0.055050
v -0.058238 -0.008479 -0.053377
v -0.058690 -0.008804 -0.051950
v -0.080788 -0.023211 -0.066413
v -0.069291 -0.022284 -0.048536
v -0.069790 0.001208 -0.052567
v -0.080848 -0.015054 -0.073382
v -0.079565 -0.020141 -0.071559
v -0.069160 0.002280 -0.052860
v -0.070161 0.003410 -0.051619
v -0.067033 -0.022053 -0.053368
v -0.068653 -0.021163 -0.050147
v -0.070475 0.003818 -0.051420
v -0.070735 -0.015578 -0.048179
v -0.081013 0.005143 -0.063362
v 0.026506 0.028189 0.039842
v 0.027082 0.027579 0.036085
v -0.072142 -0.034486 -0.060024
v -0.070568 -0.035898 -0.057019
v 0.024498 0.026944 0.035919
v -0.058240 -0.009586 -0.051968
v 0.024240 0.026697 0.039181
v -0.061683 -0.018900 -0.052259
v -0.061049 -0.010585 -0.055093
v 0.027412 0.027082 0.041243
v 0.024675 0.025797 0.040307
v 0.034242 0.028004 0.041109
v -0.068886 -0.011804 -0.049583
v -0.068380 -0.013937 -0.049388
v -0.071328 -0.013414 -0.048204
v 0.020601 0.067214 -0.147617
v 0.019969 0.051602 -0.151196
v -0.074037 -0.020448 -0.058648
v -0.070140 -0.019741 -0.061352
v -0.071242 -0.018845 -0.063520
v -0.075571 -0.019672 -0.060384
v -0.077973 -0.024959 -0.069363
v -0.076112 -0.029211 -0.066185
v -0.078194 -0.030694 -0.065808
v -0.080258 -0.026276 -0.069454
v 0.039462 0.053447 -0.142075
v 0.039648 0.067034 -0.139147
v -0.079962 0.038394 -0.080526
v -0.078995 0.028619 -0.065213
v -0.080620 0.045067 -0.068658
v -0.080284 0.014838 -0.066370
v -0.080342 0.012381 -0.068342
v -0.084918 0.013428 -0.071549
v -0.076079 0.019597 -0.050051
v -0.076401 0.016749 -0.054282
v -0.075817 0.018281 -0.052159
v -0.084405 -0.010163 -0.075584
v 0.040613 0.027911 0.034805
v 0.038823 0.027354 0.032007
v 0.049761 0.068247 -0.131275
v 0.049069 0.076945 -0.128118
v 0.040210 0.078722 -0.133673
v 0.032986 -0.064250 -0.104685
v 0.023240 -0.074472 -0.112291
v -0.072287 0.001646 -0.046472
v -0.074070 0.002170 -0.049284
v 0.020967 0.023281 0.039798
v -0.075052 -0.022382 -0.066563
v 0.022428 0.024430 0.040367
v -0.075845 -0.021382 -0.058340
v -0.077711 -0.020876 -0.060597
v -0.086479 0.015241 -0.059103
v -0.083113 0.013466 -0.056560
v 0.019950 0.022513 0.039292
v 0.018839 0.022424 0.039475
v 0.019765 0.023474 0.039914
v 0.021295 0.024894 0.040561
v 0.024269 0.025832 0.041105
v 0.023377 0.026452 0.041498
v 0.026545 0.028108 0.042397
v 0.027210 0.027328 0.042052
v 0.034116 0.028178 0.041962
v 0.033898 0.029055 0.042208
v 0.025923 0.028869 0.042233
v 0.022747 0.027195 0.041223
v 0.025407 0.029532 0.041788
v 0.022424 0.028035 0.040875
v 0.033658 0.030598 0.041741
v 0.033726 0.029920 0.042164
v 0.021983 0.020110 0.040048
v 0.019120 0.020816 0.039525
v 0.022305 0.020467 0.039694
v 0.020162 0.021100 0.039329
v 0.023247 0.020634 0.038852
v 0.019575 0.021529 0.039192
v 0.018560 0.021326 0.039366
v -0.009548 -0.109172 -0.006749
v -0.009632 -0.116656 -0.010824
v 0.023261 0.020770 0.037648
v 0.018796 0.023853 0.039396
v 0.017787 0.022423 0.039209
v 0.017601 0.024277 0.038791
v 0.016623 0.022514 0.038776
v 0.019552 0.026335 0.039520
v 0.020428 0.025597 0.040030
v 0.017510 0.021129 0.039234
v 0.018034 0.020536 0.039462
v 0.016472 0.021059 0.038930
v 0.017114 0.020286 0.039160
v 0.024318 0.017415 0.040769
v 0.024021 0.016767 0.040588
v 0.020762 0.018870 0.040189
v 0.020131 0.018370 0.039995
v 0.032663 0.013897 0.039615
v 0.035935 0.014000 0.038556
v 0.032198 0.012680 0.039438
v -0.007645 -0.004954 0.055939
v -0.009104 -0.005243 0.054545
v -0.008106 -0.003314 0.053555
v -0.007370 -0.003221 0.054211
v 0.035631 0.012579 0.038300
v 0.027219 0.013300 0.040293
v 0.027765 0.014390 0.040404
v 0.030495 -0.114206 -0.024730
v 0.046192 0.015678 0.030314
v 0.047530 0.014059 0.029437
v 0.045925 0.013415 0.031328
v 0.044811 0.015235 0.031913
v 0.043249 0.014840 0.033564
v -0.007986 -0.013940 0.054389
v -0.007359 -0.012341 0.053323
v -0.008181 -0.012591 0.052646
v -0.008924 -0.013903 0.053484
v 0.043814 0.012938 0.033364
v 0.041349 0.012746 0.035214
v 0.041185 0.014444 0.035392
v 0.038966 0.014209 0.036931
v 0.038844 0.012648 0.036758
v 0.049031 0.019243 0.027411
v 0.050140 0.022590 0.027199
v 0.050926 0.018121 0.025378
v 0.052327 0.021979 0.024660
v 0.016076 0.025208 0.038710
v -0.004918 -0.003437 0.053358
v -0.003400 -0.006421 0.056074
v -0.004890 -0.005040 0.057614
v -0.006135 -0.002693 0.054209
v 0.015259 0.022940 0.038501
v 0.013872 0.026127 0.039475
v 0.013473 0.023594 0.038985
v 0.015384 0.029073 0.040639
v 0.017598 0.028081 0.039880
v 0.015527 0.021094 0.038619
v 0.016180 0.019987 0.038815
v 0.014119 0.021052 0.038781
v 0.015168 0.019546 0.038940
v 0.023480 0.015880 0.040375
v 0.022864 0.014875 0.040252
v 0.019407 0.017729 0.039771
v 0.018462 0.016951 0.039781
v 0.046477 -0.015220 -0.119400
v 0.051445 0.026187 -0.131409
v 0.047160 0.035637 0.038354
v 0.044938 0.032741 0.039482
v 0.041356 0.033843 0.041922
v 0.043221 0.037362 0.041794
v 0.049161 0.040102 0.035917
v 0.051497 0.036738 0.032747
v 0.049595 0.033391 0.035091
v 0.047497 0.031084 0.036718
v 0.050961 0.025497 0.028232
v 0.049374 0.025489 0.030112
v 0.049526 0.027259 0.031768
v 0.051122 0.027904 0.030043
v 0.053159 0.025580 0.025638
v 0.053563 0.029116 0.027522
v 0.050656 0.030376 0.032437
v 0.048764 0.029053 0.034105
v 0.052830 0.032606 0.030262
v 0.023418 0.033717 0.043603
v 0.024362 0.032244 0.042494
v 0.021269 0.030190 0.041086
v 0.019541 0.030946 0.041608
v 0.022111 0.035228 0.044438
v 0.017484 0.031803 0.042259
v 0.036832 0.038543 0.044853
v 0.035537 0.034591 0.043865
v 0.025008 0.029968 0.041383
v 0.022635 0.028541 0.040955
v 0.024913 0.030309 0.041439
v 0.022549 0.028901 0.040803
v 0.057949 0.088059 -0.109657
v 0.060277 0.094251 -0.096935
v 0.043669 0.104907 -0.103240
v 0.042711 0.097303 -0.115859
v 0.041352 0.029144 0.039051
v 0.041694 0.029461 0.039400
v 0.044167 0.028430 0.037521
v 0.043667 0.028053 0.037393
v 0.045512 0.027035 0.035510
v 0.046102 0.027427 0.035402
v 0.047338 0.026407 0.033364
v 0.046733 0.026081 0.033632
v 0.047360 0.025416 0.032226
v 0.047875 0.025315 0.031594
v 0.022290 0.029621 0.041043
v 0.024784 0.030856 0.041749
v 0.050961 0.056294 -0.132828
v 0.044768 0.074854 0.026993
v 0.051630 0.070884 0.020077
v 0.049649 0.064737 0.025925
v 0.042911 0.030587 0.039793
v 0.045519 0.029455 0.037470
v 0.047280 0.028147 0.035082
v 0.048299 0.026810 0.032999
v 0.048657 0.025861 0.031595
v 0.067896 -0.016279 -0.038987
v 0.068618 -0.016563 -0.040618
v 0.076403 -0.007400 -0.066618
v 0.074591 -0.000604 -0.066191
v 0.073468 0.002765 -0.065093
v 0.075684 0.010817 -0.049436
v 0.080013 0.013710 -0.052142
v 0.078402 -0.026734 -0.061587
v 0.075255 -0.028349 -0.057540
v -0.086137 0.018785 -0.059993
v 0.078532 -0.025724 -0.061965
v 0.086320 0.009550 -0.063519
v 0.086521 0.007901 -0.065010
v 0.087357 0.007663 -0.064903
v 0.039203 -0.035935 -0.110762
v 0.043632 -0.023680 -0.116012
v 0.086830 0.005903 -0.066641
v 0.071028 -0.012021 -0.042700
v 0.077659 -0.008143 -0.066860
v 0.079516 -0.008864 -0.068694
v 0.079734 -0.014013 -0.069431
v 0.079221 -0.013324 -0.068137
v 0.078547 -0.018783 -0.067691
v 0.078145 -0.017654 -0.066801
v 0.080317 -0.023102 -0.064435
v 0.082571 -0.019659 -0.066176
v 0.081277 0.014104 -0.053135
v 0.080414 0.013080 -0.051605
v 0.082176 0.013638 -0.053378
v 0.071552 -0.013276 -0.044274
v 0.073546 0.009536 -0.049327
v 0.073298 0.007060 -0.048303
v 0.072834 0.007413 -0.048772
v 0.066951 -0.008195 -0.048718
v 0.067040 -0.007242 -0.048810
v 0.068331 -0.009653 -0.048026
v 0.071194 -0.011261 -0.046636
v 0.064043 -0.019159 -0.047345
v 0.063050 -0.020660 -0.049908
v 0.063846 -0.021634 -0.048912
v 0.083307 0.020426 -0.057782
v 0.073341 0.006178 -0.048059
v 0.075010 0.007141 -0.048025
v 0.075403 0.008206 -0.048251
v 0.083157 0.013138 -0.053665
v 0.075614 0.008994 -0.048533
v 0.074714 0.009081 -0.048513
v 0.076494 0.010495 -0.049286
v 0.073991 0.009096 -0.048772
v 0.070208 -0.015573 -0.061650
v 0.068521 -0.015698 -0.059860
v 0.069971 0.004731 -0.039155
v 0.070859 0.001898 -0.041369
v 0.074360 -0.028841 -0.055254
v 0.073574 0.009714 -0.060664
v 0.073758 0.012012 -0.061748
v 0.083997 -0.014977 -0.067959
v 0.076703 -0.019918 -0.058041
v 0.074573 -0.020352 -0.055982
v 0.078565 -0.018987 -0.059788
v 0.080235 -0.016540 -0.061218
v 0.067447 0.000019 -0.054137
v 0.080469 0.003265 -0.058465
v 0.080843 0.001088 -0.060075
v 0.078823 0.003396 -0.056803
v 0.075355 0.015379 -0.059642
v 0.075103 0.015411 -0.057243
v 0.075753 0.009972 -0.057840
v 0.074316 0.013913 -0.056712
v 0.066196 -0.015565 -0.047546
v 0.065725 -0.021965 -0.051534
v 0.064462 -0.019943 -0.052455
v 0.066621 -0.021814 -0.052590
v 0.065825 -0.021032 -0.054102
v 0.066144 -0.019446 -0.055949
v 0.066807 -0.017447 -0.057296
v 0.066857 -0.015008 -0.057884
v 0.065837 -0.011381 -0.048381
v 0.075458 0.015495 -0.045868
v 0.065219 -0.013336 -0.048287
v 0.067312 -0.009603 -0.048384
v 0.067509 -0.011416 -0.047913
v 0.067158 -0.013462 -0.047563
v 0.071854 -0.022785 -0.049156
v 0.072452 -0.021231 -0.051779
v 0.070275 -0.021923 -0.048392
v 0.073314 -0.020689 -0.053977
v 0.069045 -0.021532 -0.047887
v 0.073486 0.010975 -0.058905
v 0.073962 0.013910 -0.058839
v 0.068188 -0.012461 -0.036843
v 0.063685 -0.002108 0.012640
v 0.065071 0.007336 0.007370
v 0.025712 -0.047598 0.027533
v 0.024622 -0.050553 0.027972
v 0.056537 -0.012808 0.025976
v 0.052286 -0.014932 0.031259
v 0.024561 -0.042515 0.039297
v 0.023803 -0.043190 0.039268
v 0.022968 -0.042615 0.039494
v 0.023720 -0.042268 0.039275
v 0.021791 -0.041795 0.038057
v 0.022610 -0.041929 0.037373
v 0.022754 -0.042012 0.038177
v 0.021999 -0.041874 0.038846
v 0.028877 -0.028019 0.043263
v 0.032781 -0.024358 0.043244
v 0.035151 -0.028790 0.041423
v 0.031353 -0.031786 0.041937
v 0.024539 -0.043003 0.030130
v 0.024345 -0.041698 0.030522
v 0.023087 -0.041706 0.034302
v 0.023534 -0.042292 0.033976
v 0.024214 -0.045757 0.030167
v 0.023269 -0.043647 0.033784
v 0.026330 -0.043618 0.027530
v 0.025625 -0.041394 0.027938
v 0.033412 -0.049631 0.035319
v 0.029789 -0.047046 0.036722
v 0.030840 -0.043931 0.037727
v 0.034515 -0.044982 0.036304
v 0.024881 -0.016507 0.045155
v 0.029143 -0.020450 0.044507
v 0.025650 -0.024148 0.044374
v 0.021859 -0.019752 0.044858
v 0.017849 -0.014838 0.045601
v 0.020700 -0.012378 0.045572
v 0.015895 -0.007322 0.049783
v 0.016710 -0.010772 0.050565
v 0.016486 -0.011661 0.053915
v 0.016674 -0.009644 0.053013
v 0.014478 -0.015339 0.051692
v 0.016826 -0.012900 0.048844
v 0.010703 -0.016580 0.051764
v -0.010986 -0.014119 0.053929
v -0.010006 -0.012575 0.052806
v -0.011042 -0.011861 0.054575
v -0.012409 -0.013186 0.055739
v 0.010354 -0.015776 0.052808
v 0.014379 -0.015914 0.049965
v -0.004210 -0.013147 0.062289
v -0.005334 -0.011102 0.062481
v -0.004293 -0.012018 0.060045
v -0.004201 -0.013812 0.059655
v 0.014712 -0.016942 0.047875
v 0.011089 -0.017303 0.050484
v 0.009623 -0.014677 0.053889
v 0.012381 -0.014672 0.054087
v -0.006900 -0.010508 0.061946
v -0.008591 -0.011092 0.063726
v -0.010270 -0.011154 0.062085
v -0.008270 -0.010566 0.060413
v -0.003934 -0.009867 0.055178
v -0.005117 -0.011657 0.056423
v -0.003320 -0.009854 0.058779
v -0.011190 -0.009844 0.052817
v -0.009534 -0.010950 0.051498
v -0.008908 -0.007171 0.050671
v -0.010283 -0.006268 0.051715
v 0.014227 -0.012916 0.055896
v 0.003890 -0.014142 0.062261
v 0.005234 -0.012944 0.064402
v 0.008757 0.015386 0.051495
v 0.011413 0.011870 0.048513
v 0.008718 0.012877 0.053433
v 0.011388 0.009743 0.050478
v 0.013395 -0.010818 0.059759
v 0.014925 -0.009190 0.058450
v 0.011146 -0.009572 0.063449
v 0.012119 -0.007186 0.063412
v 0.004881 0.030334 0.052459
v 0.001924 -0.017480 0.057669
v 0.002239 -0.018270 0.057053
v 0.001740 -0.016445 0.059690
v 0.021640 0.090106 -0.134597
v 0.022193 0.102517 -0.122976
v 0.021532 0.116312 -0.099102
v 0.019372 0.121045 -0.086378
v 0.006189 -0.034667 0.056148
v 0.005641 -0.032203 0.056338
v 0.012775 -0.035243 0.041479
v 0.007306 -0.035038 0.042865
v 0.006971 -0.038840 0.045544
v 0.012138 -0.038868 0.044111
v 0.016234 -0.039094 0.041888
v 0.017154 -0.035638 0.039380
v 0.013321 -0.031718 0.040045
v 0.007682 -0.031375 0.041510
v 0.012047 -0.041043 0.047521
v 0.006980 -0.041009 0.049688
v 0.006910 -0.039273 0.052779
v 0.012153 -0.039695 0.050043
v 0.017812 -0.021422 0.046614
v 0.013696 -0.020626 0.048749
v 0.009625 -0.020483 0.052079
v 0.006525 -0.020597 0.054651
v 0.005766 -0.018516 0.055138
v 0.008164 -0.017927 0.053035
v 0.005360 -0.017610 0.055604
v 0.007779 -0.017114 0.053789
v 0.007505 -0.016264 0.054354
v 0.007944 -0.014804 0.054962
v 0.006070 -0.014953 0.056061
v 0.006633 -0.013753 0.055804
v 0.005168 -0.016663 0.055909
v 0.004549 0.008034 0.065112
v 0.004411 0.011528 0.062748
v 0.010067 -0.030561 0.054539
v 0.005168 -0.030125 0.055974
v 0.004497 -0.026049 0.055567
v 0.008747 -0.026128 0.054295
v 0.013161 -0.026925 0.051831
v 0.014956 -0.032242 0.051783
v 0.002666 -0.019110 0.056511
v 0.010526 -0.032666 0.054566
v 0.010917 -0.035048 0.054059
v 0.015514 -0.034447 0.051566
v 0.015847 -0.036561 0.050858
v 0.019541 -0.034708 0.048290
v 0.018385 -0.028956 0.048842
v 0.023989 -0.031197 0.045274
v 0.023320 -0.037352 0.044629
v 0.030797 -0.040832 0.039061
v 0.025845 -0.042813 0.039075
v 0.026104 -0.041531 0.039846
v 0.025850 -0.040309 0.040970
v 0.030003 -0.037828 0.040732
v 0.034356 -0.040396 0.037869
v 0.033335 -0.035920 0.039807
v 0.027987 -0.034765 0.042786
v 0.025147 -0.039042 0.042411
v 0.024804 -0.041788 0.040032
v 0.023881 -0.041931 0.039757
v 0.024651 -0.041051 0.041014
v 0.023698 -0.041580 0.040626
v 0.024076 -0.040371 0.042203
v 0.023302 -0.041237 0.041609
v 0.022479 -0.040629 0.043020
v 0.022983 -0.039301 0.043959
v 0.022151 -0.041893 0.038145
v 0.021240 -0.041760 0.039336
v 0.021284 -0.041825 0.040796
v 0.022096 -0.041939 0.039598
v 0.022688 -0.041958 0.037501
v 0.022546 -0.041948 0.038861
v 0.022568 -0.041089 0.035452
v 0.021316 -0.040266 0.037331
v -0.045609 -0.083808 -0.030433
v -0.052891 -0.082421 -0.044093
v 0.023175 -0.042137 0.036704
v 0.023112 -0.041962 0.037890
v 0.023027 -0.042019 0.039230
v 0.022981 -0.041880 0.039834
v 0.022563 -0.041730 0.040693
v 0.021811 -0.041476 0.041846
v 0.015880 -0.038449 0.049409
v 0.019280 -0.038448 0.047211
v 0.019049 -0.040014 0.045606
v 0.015791 -0.040453 0.047138
v 0.018718 -0.041137 0.043904
v 0.017880 -0.032198 0.038178
v 0.015486 -0.041178 0.045180
v 0.020460 -0.036709 0.036734
v 0.021362 -0.034053 0.034643
v 0.019237 -0.039621 0.039270
v 0.023922 -0.040248 0.031626
v 0.022381 -0.038545 0.034247
v 0.025184 -0.039640 0.029120
v 0.023421 -0.036525 0.032228
v 0.018627 -0.041575 0.041904
v 0.019529 -0.036760 0.047980
v 0.011407 -0.037341 0.052418
v 0.006444 -0.036861 0.054669
v -0.033782 0.006474 0.037539
v -0.033192 0.003843 0.038768
v -0.029087 0.005290 0.039987
v -0.029868 0.007568 0.038951
v 0.005401 0.000682 0.070630
v 0.005002 0.004595 0.067757
v 0.022382 -0.042124 0.039509
v 0.009435 -0.122479 -0.013970
v -0.072270 -0.011119 -0.047136
v -0.071898 -0.010379 -0.045807
v -0.080043 0.009696 -0.070423
v 0.025098 -0.043938 0.038791
v 0.023381 -0.047843 0.030123
v 0.022447 -0.044555 0.033977
v 0.030208 -0.053811 0.035220
v 0.025503 -0.057603 0.037497
v 0.023527 -0.053534 0.039497
v 0.027373 -0.050216 0.037038
v 0.021108 -0.047014 0.041868
v 0.023582 -0.045387 0.039675
v -0.086012 0.012097 -0.063971
v 0.022493 -0.043987 0.040448
v 0.020271 -0.044833 0.042686
v 0.019493 -0.043221 0.043189
v 0.021687 -0.042895 0.040709
v 0.017922 -0.041408 0.041992
v 0.013765 -0.040738 0.045000
v 0.013062 -0.044334 0.040070
v 0.017575 -0.044790 0.037622
v 0.020971 -0.044788 0.035214
v 0.020970 -0.041769 0.038991
v -0.080219 0.016772 -0.063936
v -0.078877 0.019123 -0.058997
v -0.077860 0.017650 -0.057869
v -0.078960 0.015044 -0.062190
v 0.018498 -0.041235 0.042790
v 0.021218 -0.041701 0.039827
v 0.014063 -0.040630 0.046086
v 0.019543 -0.119160 -0.018424
v 0.021322 -0.042046 0.040538
v 0.018769 -0.041749 0.043067
v 0.014656 -0.041528 0.046703
v 0.015539 -0.043546 0.047096
v 0.016310 -0.045842 0.047043
v 0.016918 -0.048680 0.045933
v 0.018555 -0.055956 0.042927
v 0.019402 -0.060916 0.041588
v 0.012616 -0.057347 0.045862
v 0.013138 -0.062444 0.045414
v 0.012022 -0.049863 0.049630
v 0.011738 -0.046375 0.051271
v 0.011163 -0.043618 0.051089
v 0.010572 -0.041321 0.050080
v 0.003300 -0.020848 0.055913
v 0.004833 -0.014891 0.057212
v 0.003884 -0.014747 0.059614
v 0.007344 -0.011424 0.065373
v 0.001686 -0.015701 0.062101
v 0.009683 -0.009648 0.065065
v 0.008232 -0.010322 0.066529
v 0.008815 -0.008641 0.067617
v 0.009868 -0.008048 0.066452
v 0.006891 -0.011027 0.067831
v 0.008082 -0.008856 0.068713
v 0.003279 -0.012423 0.069709
v 0.004334 -0.008887 0.072218
v 0.005387 -0.002991 0.072459
v 0.004810 -0.006556 0.072925
v 0.009299 -0.006989 0.068369
v 0.010349 -0.005133 0.067197
v -0.088238 0.012575 -0.065312
v 0.010572 -0.002485 0.064933
v 0.012519 -0.004799 0.061222
v 0.010357 0.127510 -0.041849
v 0.009964 -0.040152 0.049108
v 0.009512 -0.040318 0.047074
v -0.070554 -0.023839 -0.048320
v -0.078692 0.001335 -0.060564
v 0.012571 -0.054458 0.033202
v 0.012744 -0.050112 0.035679
v 0.008490 -0.050025 0.037153
v -0.078355 0.019592 -0.056233
v -0.081812 0.021006 -0.057057
v 0.008346 -0.054761 0.034696
v 0.005357 -0.040145 0.047967
v -0.085106 -0.010083 -0.070943
v -0.088332 0.011106 -0.067637
v -0.086582 0.009652 -0.066338
v -0.079564 0.011679 -0.050406
v -0.072170 -0.016070 -0.065889
v -0.078905 -0.015922 -0.063463
v -0.077279 -0.018402 -0.062017
v -0.071380 -0.017931 -0.064833
v -0.067200 -0.002434 -0.058836
v 0.004884 -0.043837 0.042622
v 0.008888 -0.043915 0.041665
v 0.005576 -0.039857 0.050354
v 0.006023 -0.041187 0.051694
v 0.006527 -0.043559 0.053126
v 0.004507 -0.050168 0.037858
v 0.004472 -0.054883 0.035493
v -0.068354 -0.018661 -0.039372
v 0.021669 -0.049304 0.031302
v -0.074635 -0.031232 -0.056359
v -0.075608 -0.030221 -0.058766
v -0.031623 -0.036654 -0.120772
v -0.034857 -0.025762 -0.126672
v -0.086523 -0.010217 -0.073915
v 0.022497 -0.052820 0.029123
v 0.017478 -0.050153 0.033658
v 0.017725 -0.054055 0.031419
v 0.007384 -0.062464 0.048456
v 0.007117 -0.057788 0.048325
v 0.006614 -0.047008 0.053412
v 0.006668 -0.050891 0.051461
v 0.022249 0.110636 -0.111766
v 0.062733 0.075222 -0.003816
v 0.061172 0.068881 0.004184
v -0.080341 0.013294 -0.057965
v 0.054308 0.077036 0.011631
v 0.056220 0.081843 0.004086
v 0.063474 0.082614 -0.012154
v 0.056862 0.088027 -0.003842
v 0.039976 0.118533 -0.061832
v 0.040594 0.118247 -0.047320
v 0.021553 0.124792 -0.043120
v 0.034780 0.118339 -0.076098
v 0.047018 0.109577 -0.085673
v 0.049360 0.112653 -0.065968
v 0.049420 0.112957 -0.050346
v -0.071945 -0.024678 -0.049983
v -0.071001 -0.030727 -0.049695
v -0.069962 -0.029862 -0.047317
v -0.074641 0.004319 -0.056576
v 0.022959 -0.088368 -0.114473
v 0.051662 0.038835 -0.132402
v 0.048131 0.112224 -0.036308
v 0.039958 0.116754 -0.033330
v 0.039447 0.113984 -0.020769
v 0.046840 0.110248 -0.024414
v 0.021424 0.122791 -0.028507
v 0.010347 0.125281 -0.026577
v 0.017439 0.002384 -0.146676
v 0.004382 0.014836 0.060408
v 0.043717 -0.051677 -0.094660
v 0.052350 -0.051738 -0.076831
v 0.053801 -0.100586 -0.057604
v 0.065215 -0.030254 -0.055675
v 0.064813 -0.029816 -0.056626
v 0.055501 -0.065471 -0.059591
v 0.056304 -0.052412 -0.059506
v 0.035046 -0.050713 -0.106568
v 0.074842 -0.018855 -0.065707
v 0.075792 -0.015328 -0.066711
v 0.076085 -0.019801 -0.065405
v 0.077213 -0.015999 -0.066556
v 0.077664 -0.012126 -0.066972
v 0.076738 -0.021786 -0.064900
v 0.075869 0.015709 -0.054139
v 0.076911 0.017412 -0.053203
v -0.074635 -0.021547 -0.067077
v -0.075135 -0.019350 -0.067861
v 0.064999 -0.032299 -0.051612
v 0.064806 -0.031539 -0.053277
v -0.058333 -0.009188 -0.054697
v 0.064388 -0.031906 -0.052431
v 0.064122 -0.032491 -0.051183
v 0.064719 -0.033304 -0.050107
v 0.064077 -0.033105 -0.050093
v 0.076835 0.032124 -0.046618
v 0.062702 -0.032193 -0.053770
v 0.064231 -0.030123 -0.056093
v 0.064440 -0.031047 -0.054631
v 0.063540 -0.031781 -0.053418
v 0.063461 -0.032915 -0.051380
v 0.063438 -0.033777 -0.049662
v 0.064301 -0.034419 -0.049041
v -0.075763 -0.027364 -0.065068
v -0.071961 -0.032728 -0.059598
v -0.057405 -0.079768 -0.057564
v -0.056470 -0.077480 -0.072778
v -0.057183 -0.088378 -0.071326
v -0.056734 -0.091784 -0.056689
v -0.070547 -0.005063 -0.039717
v -0.070499 -0.012604 -0.042595
v -0.069777 -0.013404 -0.040874
v 0.077069 -0.023053 -0.065460
v 0.069759 -0.033800 -0.054140
v -0.022654 -0.100541 -0.010160
v -0.020082 -0.112699 -0.015051
v 0.075894 0.007947 -0.060927
v 0.075702 0.006400 -0.062452
v 0.078137 0.007914 -0.063849
v 0.078285 0.009988 -0.062262
v 0.056032 -0.014149 -0.106917
v 0.058778 -0.003428 -0.111574
v 0.010421 -0.087156 -0.119147
v 0.010600 -0.073099 -0.117825
v 0.074020 0.028724 -0.095602
v 0.076097 0.009511 -0.059119
v 0.078515 0.011629 -0.060580
v 0.076462 -0.011430 -0.066886
v 0.075473 0.008753 -0.059021
v 0.075196 0.007228 -0.060771
v 0.079573 0.013181 -0.061961
v 0.079603 0.010999 -0.063786
v 0.079358 0.008721 -0.065439
v 0.074877 0.005598 -0.062574
v -0.069181 -0.017614 -0.034974
v -0.068955 -0.017709 -0.024459
v -0.070395 -0.002197 -0.024025
v -0.070107 -0.008172 -0.034117
v 0.074767 0.014050 -0.061655
v 0.079754 0.059750 -0.070480
v 0.078651 0.053603 -0.084989
v 0.076415 0.076873 -0.073568
v 0.075514 0.071607 -0.089321
v 0.070649 0.065403 -0.105651
v 0.073575 0.046455 -0.101447
v 0.075223 0.015219 -0.055784
v 0.077607 0.018261 -0.053652
v 0.064018 0.088687 -0.020113
v 0.068978 0.083313 -0.027669
v 0.057086 0.093435 -0.011179
v 0.056890 0.098274 -0.018095
v 0.063338 0.094452 -0.027279
v 0.070331 0.087209 -0.039787
v 0.078821 0.050547 -0.055463
v 0.078199 0.065576 -0.055835
v 0.075319 0.070128 -0.041755
v -0.058930 0.030922 0.015407
v -0.060720 0.031218 0.010655
v -0.061212 0.021643 0.009951
v -0.058986 0.023079 0.014226
v 0.074694 0.082244 -0.057463
v 0.066260 0.096157 -0.046253
v 0.069848 0.092284 -0.061116
v 0.059131 0.104480 -0.050198
v 0.061132 0.102264 -0.065122
v 0.060961 0.099541 -0.081395
v 0.071448 0.088120 -0.076582
v 0.061406 0.099623 -0.033627
v 0.055281 0.102718 -0.023691
v 0.056234 0.105747 -0.037240
v 0.053016 0.106535 -0.028368
v 0.073512 0.072273 -0.034148
v 0.059782 -0.036819 -0.050137
v 0.061389 -0.036821 -0.044336
v -0.019288 0.089266 0.035451
v -0.009114 0.090303 0.037898
v -0.009302 0.097386 0.031714
v -0.019720 0.095980 0.028880
v 0.065787 -0.026183 -0.035591
v -0.036672 -0.017869 -0.130365
v -0.038468 -0.007588 -0.134485
v -0.019290 -0.010269 -0.141840
v -0.018328 -0.019757 -0.137281
v 0.067238 0.000155 0.000031
v 0.067630 0.012599 -0.002010
v 0.070185 0.004271 -0.013010
v 0.067991 -0.009063 -0.010230
v -0.020261 0.111763 0.005979
v -0.009681 0.113708 0.008871
v -0.009903 0.118275 -0.001368
v -0.020653 0.116070 -0.003899
v -0.052608 0.003510 0.027403
v -0.054592 -0.002717 0.026930
v -0.050860 -0.002996 0.030871
v -0.049244 0.003245 0.030544
v 0.066232 0.026104 -0.003251
v 0.069617 0.018231 -0.014047
v 0.069995 0.032016 -0.015549
v 0.066586 0.040196 -0.003229
v 0.061548 0.059819 -0.121022
v 0.063544 0.042931 -0.119419
v -0.071106 -0.035395 -0.046876
v -0.070142 -0.034287 -0.045403
v 0.063677 0.030142 -0.117907
v 0.048120 0.058960 0.030026
v -0.010172 0.122136 -0.013328
v -0.021167 0.119768 -0.015431
v 0.021181 0.080982 -0.141112
v 0.046826 0.081942 0.019359
v 0.054309 0.080481 -0.120850
v -0.002022 -0.072916 -0.119184
v 0.041151 0.086408 -0.127539
v 0.070475 0.083008 -0.092044
v 0.067060 0.077510 -0.105955
v 0.058839 0.070951 -0.121197
v 0.062150 0.014013 -0.116283
v 0.047462 0.106699 -0.016634
v 0.055465 0.025357 0.022379
v 0.054691 0.020730 0.021382
v 0.055659 0.030297 0.024106
v 0.053127 0.015939 0.022856
v 0.014990 0.008807 0.046208
v 0.014536 0.006832 0.047941
v 0.013987 0.004649 0.049689
v 0.018150 0.004087 0.045875
v 0.017350 0.001205 0.047406
v 0.010992 0.004627 0.054169
v 0.011242 0.007259 0.052356
v 0.013480 0.001856 0.051075
v 0.012904 -0.001238 0.052131
v 0.010679 0.001620 0.056024
v 0.016915 -0.013158 0.046652
v 0.018098 -0.008726 0.046447
v 0.015603 -0.004614 0.048621
v 0.021154 -0.001668 0.046113
v 0.019850 -0.004881 0.046747
v 0.016448 -0.001435 0.048244
v 0.022472 0.001553 0.044610
v 0.013911 -0.004388 0.054148
v 0.015244 -0.007346 0.056764
v 0.011512 -0.001654 0.058521
v 0.009949 0.000594 0.061888
v 0.009218 0.004114 0.059325
v 0.018802 0.006201 0.044327
v 0.023376 0.004050 0.043303
v 0.023448 -0.008479 0.046252
v 0.028087 -0.012048 0.045729
v 0.025533 -0.004195 0.045387
v 0.030145 -0.007160 0.044852
v 0.026903 -0.000745 0.043916
v 0.031496 -0.003371 0.043296
v 0.032388 -0.015894 0.044876
v 0.036052 -0.020121 0.043325
v 0.039344 -0.025295 0.040758
v 0.039047 -0.015201 0.042308
v 0.042765 -0.020901 0.039619
v 0.041000 -0.010259 0.040904
v 0.045437 -0.015576 0.038171
v -0.011412 0.014047 0.045154
v -0.011964 0.015974 0.042615
v -0.015698 0.012696 0.041286
v -0.015206 0.010733 0.043183
v -0.006910 0.062848 0.049479
v -0.007874 0.070636 0.047175
v -0.016865 0.070484 0.045405
v -0.015308 0.062759 0.048168
v 0.034936 -0.010846 0.043909
v 0.036562 -0.006597 0.042343
v 0.032685 0.000356 0.041768
v 0.028128 0.002354 0.042545
v 0.042020 0.001028 0.038086
v 0.041968 -0.004628 0.039499
v 0.037392 -0.001956 0.040783
v 0.037805 0.002603 0.039322
v 0.047021 -0.008806 0.036751
v 0.046766 -0.000967 0.036097
v 0.045699 0.004180 0.034975
v 0.031474 0.010987 0.039678
v 0.026489 0.011724 0.040404
v 0.035112 0.010660 0.038553
v 0.041496 0.005096 0.036862
v 0.037999 0.005915 0.038324
v 0.049189 0.011417 0.028838
v 0.047074 0.010703 0.031259
v 0.041398 0.010388 0.035668
v 0.038500 0.010450 0.037243
v 0.044334 0.010524 0.033701
v 0.021939 0.013431 0.040536
v 0.017535 0.015709 0.040471
v 0.051566 -0.064244 -0.074980
v 0.009039 0.007339 0.057428
v 0.008814 0.010277 0.055413
v 0.014401 0.032554 0.043774
v 0.012461 0.029825 0.042153
v 0.007521 0.030154 0.049543
v 0.018754 0.036218 0.046179
v 0.013831 0.018368 0.040483
v -0.020295 0.009980 0.040274
v -0.019530 0.008078 0.041456
v 0.012213 0.020672 0.040404
v 0.011176 0.023803 0.040618
v 0.011183 0.026683 0.041284
v -0.009407 0.103453 0.024812
v -0.019952 0.101874 0.021782
v -0.020777 0.124737 -0.066234
v -0.021225 0.125266 -0.057576
v -0.009973 0.127963 -0.057969
v -0.011066 0.126768 -0.070725
v 0.030807 0.050051 0.047985
v 0.027595 0.043659 0.049156
v 0.057933 0.063003 0.013529
v 0.061510 0.054040 0.009260
v 0.050275 0.045012 0.032288
v 0.053150 0.040756 0.028987
v 0.055030 0.035596 0.026165
v 0.063017 0.042290 0.006009
v 0.063338 0.029898 0.004835
v 0.064504 0.018264 0.005294
v -0.068612 -0.004768 -0.094941
v -0.071544 -0.006112 -0.079842
v -0.074549 0.005839 -0.080829
v -0.072725 0.011640 -0.096999
v 0.048652 0.092735 0.004767
v -0.033114 -0.094381 -0.018733
v -0.031163 -0.106702 -0.022643
v -0.001954 -0.086709 -0.120204
v 0.048562 0.097875 -0.002291
v 0.048188 0.087233 0.012108
v 0.039222 0.110400 -0.011096
v 0.039287 0.106373 -0.002505
v 0.048176 0.102526 -0.009379
v 0.039772 0.101742 0.005006
v 0.040132 0.096645 0.012015
v 0.039711 0.091248 0.019412
v 0.038737 0.085573 0.026485
v 0.037232 0.077466 0.033408
v 0.042119 -0.063597 -0.092850
v 0.007393 -0.002935 0.053251
v 0.006665 -0.002732 0.053815
v -0.052412 0.053293 0.024154
v -0.054416 0.058360 0.019878
v -0.057742 0.050981 0.015775
v -0.055510 0.047001 0.020446
v 0.006211 -0.003567 0.052708
v 0.005570 -0.003256 0.053254
v 0.005027 -0.005122 0.052911
v 0.006410 -0.011983 0.055094
v 0.005172 -0.010166 0.054025
v 0.004527 -0.006816 0.052772
v 0.063881 -0.032491 -0.038021
v -0.005348 0.050403 0.052409
v -0.012744 0.050246 0.051627
v -0.010817 0.044179 0.051771
v -0.004625 0.044124 0.052584
v -0.058730 0.015719 0.014416
v -0.061508 0.012612 0.011234
v -0.060652 0.004682 0.015834
v -0.057732 0.008841 0.018136
v -0.055009 0.004564 0.024099
v -0.057278 -0.001320 0.023211
v -0.018262 0.079846 0.041554
v -0.008553 0.080482 0.043559
v -0.059714 0.041524 0.012416
v -0.057674 0.039225 0.017447
v -0.008598 0.017305 0.047842
v -0.009408 0.018743 0.044440
v -0.006548 0.023910 0.047525
v -0.003172 0.023207 0.053066
v -0.002797 0.027114 0.051866
v -0.006109 0.026944 0.048268
v -0.033125 0.062025 0.040535
v -0.034818 0.069030 0.037178
v -0.042371 0.067364 0.031355
v -0.040738 0.060829 0.034976
v -0.020106 0.107013 0.014351
v -0.009520 0.108770 0.017371
v -0.003417 0.036304 0.051447
v -0.007820 0.036307 0.049787
v -0.006572 0.032954 0.048862
v -0.003220 0.033029 0.051122
v -0.024328 0.006505 0.040915
v -0.025152 0.008604 0.039993
v -0.064337 -0.034189 -0.050234
v -0.065052 -0.035582 -0.049724
v -0.071341 0.012496 -0.036003
v -0.070250 0.002139 -0.034667
v -0.070576 0.010933 -0.024508
v -0.071132 0.023326 -0.026091
v -0.073798 0.034755 -0.029038
v -0.075342 0.043035 -0.033910
v -0.075636 0.027068 -0.041779
v -0.073714 0.021093 -0.037812
v -0.052127 -0.086278 -0.084067
v -0.049496 -0.076503 -0.086804
v -0.002974 0.020192 0.055461
v -0.002874 0.017340 0.057730
v -0.021123 0.031397 -0.151631
v -0.020705 0.017892 -0.150275
v -0.040726 0.021794 -0.141568
v -0.040954 0.034693 -0.142526
v -0.065312 -0.015254 -0.091598
v -0.068810 -0.014799 -0.077688
v -0.009744 -0.008283 0.056488
v -0.006629 -0.003897 0.051686
v -0.006671 -0.007539 0.050664
v -0.006408 -0.005000 0.051722
v -0.009803 -0.010854 0.058237
v -0.011890 -0.011675 0.059596
v -0.007498 -0.011014 0.051460
v -0.006862 -0.010815 0.051796
v -0.006163 -0.007240 0.050855
v -0.007891 -0.003387 0.052387
v -0.001369 -0.014861 0.064794
v -0.001776 -0.013388 0.067838
v -0.005505 -0.012026 0.066541
v -0.004087 -0.013397 0.064352
v -0.004539 -0.004755 0.053009
v -0.003586 -0.006797 0.053621
v -0.004634 -0.008688 0.060894
v -0.006302 -0.004907 0.057027
v -0.006766 -0.002868 0.054253
v -0.006214 -0.008030 0.060146
v -0.005413 -0.013791 0.057006
v -0.007920 -0.007916 0.058517
v -0.074644 -0.022029 -0.056469
v -0.054783 -0.064896 -0.038286
v -0.059530 -0.051299 -0.044923
v -0.058162 -0.052304 -0.050838
v -0.055522 -0.066991 -0.047384
v -0.077066 0.003557 -0.058142
v -0.066234 0.056062 -0.003174
v -0.067925 0.067414 -0.012136
v -0.073000 0.055280 -0.024413
v -0.072220 0.044797 -0.019643
v -0.068455 0.076807 -0.020244
v -0.073632 0.065958 -0.031413
v -0.076705 0.053331 -0.041686
v -0.078327 0.032191 -0.056406
v -0.041198 0.018947 0.034696
v -0.041388 0.018645 0.034563
v -0.039879 0.018228 0.035761
v -0.039748 0.018579 0.035915
v -0.040960 0.019125 0.034545
v -0.039658 0.018739 0.035506
v -0.042002 0.019550 0.033707
v -0.042290 0.019325 0.033836
v -0.042400 0.018999 0.033684
v -0.024532 0.019478 0.038181
v -0.024896 0.019566 0.037460
v -0.027252 0.018937 0.038417
v -0.027138 0.018831 0.039212
v -0.024411 0.019163 0.038445
v -0.027388 0.018374 0.039283
v -0.023608 0.020957 0.031997
v -0.023439 0.021562 0.032039
v -0.024560 0.020072 0.032252
v -0.022415 0.021699 0.034875
v -0.022182 0.022755 0.034981
v -0.023003 0.023192 0.032105
v -0.023255 0.022102 0.032016
v -0.022609 0.021098 0.035074
v -0.021044 0.020953 0.035592
v -0.020748 0.021450 0.035418
v -0.020785 0.022475 0.035625
v -0.032054 0.017338 0.039269
v -0.032385 0.016733 0.038934
v -0.027893 0.017202 0.039171
v -0.027709 0.017803 0.039292
v -0.031760 0.017877 0.039401
v -0.035016 0.017873 0.038642
v -0.035356 0.017379 0.038369
v -0.035620 0.016794 0.037933
v -0.024504 0.018098 0.038593
v -0.024434 0.018689 0.038565
v -0.035869 0.016113 0.037439
v -0.032633 0.016027 0.038430
v -0.028050 0.016459 0.038862
v -0.024432 0.017564 0.038617
v -0.021274 0.019009 0.037927
v -0.021700 0.019349 0.037868
v -0.032812 0.015232 0.038022
v -0.032717 0.014448 0.037806
v -0.027896 0.014926 0.038443
v -0.028037 0.015667 0.038548
v -0.036030 0.015296 0.036979
v -0.035979 0.014404 0.036739
v -0.044066 0.019192 0.031849
v -0.044632 0.019673 0.031162
v -0.044735 0.018928 0.030926
v -0.044442 0.018490 0.031273
v -0.047143 0.015804 0.027085
v -0.047960 0.017066 0.026260
v -0.049844 0.015756 0.024401
v -0.048768 0.014491 0.025738
v -0.056776 0.006126 0.021033
v -0.050646 0.011909 0.024709
v -0.051863 0.013303 0.022617
v -0.043397 0.018791 0.032607
v -0.042581 0.018497 0.033447
v -0.043244 0.019355 0.032854
v -0.043897 0.019759 0.032157
v -0.043842 0.018129 0.032037
v -0.042942 0.017829 0.033049
v -0.041609 0.018175 0.034339
v -0.041937 0.017514 0.034005
v -0.040384 0.017124 0.035235
v -0.040109 0.017755 0.035514
v -0.037935 0.017507 0.036928
v -0.037692 0.017971 0.037204
v -0.038210 0.016890 0.036552
v -0.040681 0.016385 0.034920
v -0.038587 0.016178 0.036158
v -0.042341 0.016759 0.033501
v -0.043430 0.017127 0.032383
v -0.044259 0.017515 0.031338
v -0.044899 0.017907 0.030553
v -0.045290 0.018528 0.030073
v -0.044772 0.016760 0.030366
v -0.045318 0.015991 0.029391
v -0.044136 0.015499 0.030785
v -0.043847 0.016349 0.031563
v -0.045559 0.017266 0.029442
v -0.046231 0.016587 0.028289
v -0.042642 0.016029 0.032931
v -0.042815 0.015208 0.032292
v -0.040941 0.014832 0.033988
v -0.040866 0.015738 0.034553
v -0.038919 0.015437 0.035754
v -0.038988 0.014525 0.035270
v -0.031575 0.018252 0.039391
v -0.031405 0.018449 0.038797
v -0.034659 0.018456 0.038188
v -0.034820 0.018211 0.038763
v -0.037497 0.018314 0.037322
v -0.037493 0.018539 0.036871
v -0.034748 0.017305 0.035834
v -0.033824 0.018189 0.031728
v -0.036782 0.018210 0.030968
v -0.038139 0.017505 0.034754
v -0.030913 0.017163 0.036270
v -0.030449 0.018507 0.032314
v -0.027214 0.017747 0.036361
v -0.027147 0.019250 0.032393
v -0.024738 0.019342 0.036094
v -0.033386 0.030459 0.038940
v -0.033510 0.030656 0.039299
v -0.038166 0.029885 0.038489
v -0.037828 0.029628 0.038070
v -0.051343 -0.004643 -0.124196
v -0.052595 0.010253 -0.129200
v -0.040172 0.005999 -0.138727
v -0.040808 0.027485 0.037049
v -0.040793 0.028172 0.036825
v -0.043030 0.027021 0.035198
v -0.042879 0.026327 0.035397
v -0.040787 0.026630 0.037177
v -0.042736 0.025484 0.035320
v -0.037830 0.027801 0.038870
v -0.037845 0.028628 0.038770
v -0.037790 0.029183 0.038330
v -0.043456 0.024310 0.030674
v -0.042452 0.025823 0.031465
v -0.042137 0.024386 0.033956
v -0.042985 0.023455 0.032818
v -0.044000 0.023614 0.029975
v -0.043557 0.022780 0.031914
v -0.043159 0.024180 0.026531
v -0.042332 0.024911 0.027184
v -0.041099 0.025816 0.028142
v -0.043618 0.023488 0.026138
v -0.043848 0.022754 0.025971
v -0.043814 0.021935 0.025916
v -0.043569 0.021147 0.026226
v -0.059074 -0.009811 0.019983
v -0.059283 0.001001 0.019613
v -0.061451 -0.007029 0.015872
v -0.043037 0.019746 0.033054
v -0.043699 0.020192 0.032329
v -0.042644 0.020015 0.033035
v -0.043062 0.020350 0.032493
v -0.044172 0.020659 0.031552
v -0.044549 0.020253 0.031342
v -0.041609 0.018220 0.032448
v -0.040960 0.018905 0.029134
v -0.042069 0.019402 0.028247
v -0.042506 0.019189 0.031258
v -0.040397 0.017694 0.033444
v -0.039168 0.018466 0.030071
v -0.042737 0.019882 0.027513
v -0.043236 0.020514 0.026752
v -0.043126 0.019683 0.030661
v -0.043609 0.020197 0.029843
v -0.043505 0.020772 0.031831
v -0.044163 0.021539 0.029095
v -0.044228 0.022154 0.029163
v -0.043796 0.021176 0.031073
v -0.044142 0.021698 0.030429
v -0.043975 0.020934 0.029263
v -0.044205 0.022900 0.029450
v -0.043902 0.022198 0.031004
v -0.045004 0.019637 0.030595
v -0.044932 0.020658 0.030613
v -0.045700 0.021580 0.029638
v -0.045532 0.019433 0.029761
v -0.046411 0.019279 0.028563
v -0.046061 0.018027 0.028827
v -0.046762 0.021941 0.028745
v -0.047785 0.022294 0.027663
v -0.047380 0.019194 0.027297
v -0.046839 0.017675 0.027647
v -0.044510 0.021055 0.030829
v -0.044823 0.021563 0.030345
v -0.046206 0.023130 0.030137
v -0.046891 0.023881 0.029637
v -0.045222 0.022568 0.030722
v -0.044668 0.023396 0.032066
v -0.045466 0.024164 0.031863
v -0.045913 0.024918 0.031655
v -0.044414 0.025168 0.033591
v -0.044753 0.025897 0.033414
v -0.043864 0.024399 0.033571
v -0.044424 0.022306 0.031149
v -0.043966 0.022963 0.032100
v -0.043252 0.023737 0.033288
v -0.042375 0.024600 0.034670
v -0.040697 0.025871 0.036695
v -0.040485 0.025616 0.035890
v -0.037796 0.026942 0.038447
v -0.037742 0.026657 0.037663
v -0.033964 0.031419 0.040265
v -0.039226 0.030892 0.039261
v -0.037741 0.028175 0.034708
v -0.036016 0.027336 0.031297
v -0.033415 0.027657 0.032719
v -0.034232 0.028800 0.036497
v -0.022379 0.023443 0.035248
v -0.022790 0.024576 0.035798
v -0.023433 0.025159 0.032743
v -0.022916 0.023995 0.032227
v -0.021532 0.023146 0.036150
v -0.022653 0.024270 0.036858
v -0.026359 0.027867 0.037498
v -0.027011 0.027127 0.033559
v -0.024428 0.026565 0.033279
v -0.024010 0.026364 0.036725
v -0.027202 0.026694 0.038839
v -0.024431 0.025417 0.037820
v -0.034158 0.027394 0.038889
v -0.022296 0.067162 -0.147658
v -0.021919 0.051537 -0.151245
v -0.041224 0.053334 -0.142167
v -0.041175 0.066943 -0.139222
v -0.040831 0.027216 0.032858
v -0.038870 0.026705 0.029732
v -0.051107 0.068131 -0.131383
v -0.050263 0.076850 -0.128208
v -0.041531 0.078646 -0.133737
v -0.036869 -0.064724 -0.104548
v -0.027156 -0.074870 -0.112157
v -0.020775 0.022932 0.037314
v -0.022204 0.024066 0.037888
v -0.019793 0.022178 0.036837
v -0.018676 0.022142 0.037072
v -0.019575 0.023173 0.037449
v -0.021066 0.024563 0.038070
v -0.024023 0.025448 0.038654
v -0.023113 0.026068 0.039025
v -0.026273 0.027654 0.040005
v -0.026984 0.026920 0.039655
v -0.033908 0.027558 0.039756
v -0.033588 0.028446 0.039944
v -0.025617 0.028436 0.039773
v -0.022464 0.026847 0.038728
v -0.025072 0.029129 0.039260
v -0.022105 0.027700 0.038319
v -0.033264 0.030002 0.039346
v -0.033347 0.029287 0.039833
v -0.021894 0.019712 0.037736
v -0.019010 0.020481 0.037239
v -0.022190 0.020064 0.037325
v -0.020035 0.020723 0.036946
v -0.023135 0.020199 0.036499
v -0.019456 0.021187 0.036786
v -0.018430 0.021036 0.037049
v -0.023085 0.020330 0.035353
v -0.018602 0.023590 0.037024
v -0.017604 0.022190 0.036960
v -0.017352 0.024056 0.036617
v -0.016417 0.022318 0.036700
v -0.019251 0.026058 0.037101
v -0.020193 0.025312 0.037607
v -0.017363 0.020884 0.037014
v -0.017898 0.020256 0.037227
v -0.016299 0.020846 0.036859
v -0.016960 0.020053 0.037060
v -0.024193 0.017016 0.038581
v -0.023852 0.016409 0.038502
v -0.020628 0.018537 0.037975
v -0.019973 0.018087 0.037895
v -0.032407 0.013455 0.037546
v -0.035701 0.013498 0.036470
v -0.031874 0.012299 0.037442
v -0.035314 0.012109 0.036235
v -0.026974 0.012984 0.038446
v -0.027526 0.014023 0.038391
v -0.031352 -0.114854 -0.024451
v -0.046010 0.015026 0.028494
v -0.047285 0.013451 0.027616
v -0.045638 0.012794 0.029444
v -0.044636 0.014564 0.030035
v -0.043091 0.014172 0.031625
v -0.043564 0.012285 0.031438
v -0.041108 0.012122 0.033223
v -0.041079 0.013789 0.033423
v -0.038852 0.013616 0.034911
v -0.038551 0.012108 0.034702
v -0.048771 0.018645 0.025652
v -0.049781 0.022017 0.025366
v -0.050582 0.017552 0.023661
v -0.052009 0.021404 0.022921
v -0.015814 0.025010 0.036895
v -0.015044 0.022759 0.036590
v -0.013624 0.025891 0.038028
v -0.013252 0.023407 0.037452
v -0.015004 0.028792 0.039241
v -0.017263 0.027844 0.037917
v -0.015342 0.020903 0.036694
v -0.016009 0.019788 0.036876
v -0.013958 0.020883 0.037083
v -0.015009 0.019368 0.037191
v -0.023291 0.015577 0.038422
v -0.022669 0.014621 0.038460
v -0.019225 0.017493 0.037819
v -0.018295 0.016746 0.038012
v -0.049352 -0.015568 -0.119661
v -0.053502 0.025960 -0.131608
v -0.046682 0.034974 0.036558
v -0.044383 0.032076 0.037455
v -0.040778 0.033187 0.039842
v -0.042655 0.036695 0.039948
v -0.048898 0.039449 0.034435
v -0.051350 0.036107 0.031196
v -0.049218 0.032761 0.033304
v -0.046966 0.030459 0.034716
v -0.050616 0.024896 0.026416
v -0.048913 0.024921 0.028194
v -0.049011 0.026684 0.029816
v -0.050774 0.027286 0.028226
v -0.052877 0.024981 0.023916
v -0.053314 0.028482 0.025823
v -0.050257 0.029755 0.030593
v -0.048263 0.028457 0.032123
v -0.052603 0.031974 0.028594
v -0.022861 0.033287 0.041681
v -0.023888 0.031872 0.040208
v -0.020875 0.029901 0.038749
v -0.019064 0.030648 0.039695
v -0.021534 0.034858 0.042837
v -0.016967 0.031494 0.040782
v -0.036210 0.037934 0.042947
v -0.034961 0.034002 0.041740
v -0.024630 0.029557 0.038828
v -0.022279 0.028175 0.038382
v -0.024519 0.029936 0.038864
v -0.022193 0.028578 0.038247
v -0.058813 0.087974 -0.109756
v -0.060987 0.094161 -0.097056
v -0.044427 0.104845 -0.103313
v -0.043654 0.097241 -0.115922
v -0.040893 0.028480 0.036744
v -0.041182 0.028810 0.037146
v -0.043647 0.027799 0.035313
v -0.043205 0.027386 0.035145
v -0.045053 0.026390 0.033332
v -0.045587 0.026817 0.033266
v -0.046809 0.025829 0.031290
v -0.046260 0.025461 0.031529
v -0.046920 0.024812 0.030188
v -0.047415 0.024742 0.029599
v -0.021872 0.029284 0.038538
v -0.024340 0.030462 0.039271
v -0.052514 0.056151 -0.132959
v -0.044301 0.074581 0.026328
v -0.051340 0.070625 0.019381
v -0.049145 0.064418 0.025060
v -0.042360 0.029934 0.037637
v -0.044970 0.028821 0.035352
v -0.046725 0.027556 0.032992
v -0.047723 0.026242 0.030953
v -0.048118 0.025296 0.029576
v -0.068999 -0.016143 -0.041005
v -0.069414 -0.016375 -0.042766
v -0.077842 -0.008139 -0.068575
v -0.076477 -0.001631 -0.067591
v -0.075284 0.001789 -0.066338
v -0.075445 0.010685 -0.052033
v -0.079533 0.013680 -0.054902
v -0.078701 -0.026433 -0.063685
v -0.075524 -0.028126 -0.059689
v -0.078754 -0.025500 -0.064099
v -0.085913 0.009831 -0.066488
v -0.086031 0.008269 -0.068106
v -0.086749 0.008101 -0.068137
v -0.042743 -0.036269 -0.110887
v -0.046810 -0.024075 -0.116272
v -0.086380 0.006296 -0.069798
v -0.071493 -0.011958 -0.044995
v -0.078731 -0.008692 -0.069061
v -0.080154 -0.009257 -0.071106
v -0.080173 -0.014302 -0.072001
v -0.079946 -0.013745 -0.070627
v -0.079188 -0.019152 -0.070228
v -0.079087 -0.018159 -0.069251
v -0.080542 -0.022893 -0.066597
v -0.082889 -0.019494 -0.068423
v -0.080760 0.014101 -0.055946
v -0.079921 0.013151 -0.054339
v -0.081544 0.013747 -0.056193
v -0.071945 -0.013136 -0.046523
v -0.073613 0.009129 -0.051817
v -0.073151 0.007036 -0.050720
v -0.072691 0.007244 -0.051237
v -0.067470 -0.008373 -0.050953
v -0.067521 -0.007447 -0.051049
v -0.068751 -0.009679 -0.050266
v -0.071518 -0.011207 -0.048860
v -0.064697 -0.018934 -0.049421
v -0.063724 -0.020413 -0.051959
v -0.064441 -0.021289 -0.051066
v -0.083102 0.020663 -0.060261
v -0.073283 0.006186 -0.050496
v -0.074742 0.007241 -0.050526
v -0.075139 0.008252 -0.050770
v -0.082503 0.013334 -0.056461
v -0.075257 0.009033 -0.051098
v -0.074504 0.009019 -0.051019
v -0.076181 0.010469 -0.051883
v -0.073884 0.008866 -0.051300
v -0.070070 -0.015899 -0.064649
v -0.068776 -0.016331 -0.062612
v -0.070846 0.004580 -0.040841
v -0.071422 0.001839 -0.043587
v -0.074561 -0.028628 -0.057533
v -0.074575 0.009477 -0.062052
v -0.074670 0.011855 -0.062880
v -0.084108 -0.014688 -0.070201
v -0.076805 -0.019811 -0.060115
v -0.074749 -0.020443 -0.058208
v -0.078726 -0.018783 -0.061817
v -0.080413 -0.016311 -0.063290
v -0.068133 0.000117 -0.056896
v -0.079527 0.003301 -0.061212
v -0.079959 0.001247 -0.062875
v -0.078285 0.003315 -0.059348
v -0.075975 0.015226 -0.060481
v -0.075565 0.015281 -0.058279
v -0.076324 0.009780 -0.059325
v -0.074744 0.013805 -0.057992
v -0.066818 -0.015442 -0.049694
v -0.066221 -0.021673 -0.053694
v -0.064993 -0.019726 -0.054518
v -0.067193 -0.021702 -0.054796
v -0.066263 -0.021081 -0.056359
v -0.066567 -0.019790 -0.058327
v -0.067281 -0.017960 -0.059728
v -0.067155 -0.015250 -0.060290
v -0.066428 -0.011459 -0.050548
v -0.075830 0.015481 -0.047415
v -0.065860 -0.013316 -0.050373
v -0.067817 -0.009702 -0.050599
v -0.068017 -0.011441 -0.050098
v -0.067724 -0.013419 -0.049722
v -0.072310 -0.022614 -0.051411
v -0.072924 -0.021291 -0.054087
v -0.071005 -0.021639 -0.050510
v -0.073573 -0.020858 -0.056323
v -0.069826 -0.021171 -0.049982
v -0.074384 0.010794 -0.060149
v -0.074696 0.013742 -0.059900
v -0.069707 -0.012474 -0.038765
v -0.063528 -0.002102 0.011112
v -0.064917 0.007201 0.005868
v -0.025561 -0.046950 0.027613
v -0.024528 -0.049964 0.028026
v -0.056026 -0.012290 0.024283
v -0.051750 -0.014367 0.029606
v -0.024067 -0.041822 0.038809
v -0.023402 -0.042509 0.038897
v -0.022574 -0.041995 0.039228
v -0.023262 -0.041632 0.038921
v -0.021330 -0.041225 0.038001
v -0.022204 -0.041315 0.037336
v -0.022321 -0.041430 0.038067
v -0.021539 -0.041302 0.038710
v -0.028436 -0.027621 0.041911
v -0.032309 -0.023845 0.041427
v -0.034466 -0.028064 0.039762
v -0.030755 -0.031179 0.040611
v -0.024256 -0.042344 0.030198
v -0.024019 -0.041077 0.030578
v -0.022703 -0.041099 0.034319
v -0.023194 -0.041625 0.034024
v -0.023981 -0.045129 0.030226
v -0.022960 -0.042994 0.033817
v -0.026095 -0.042941 0.027621
v -0.025333 -0.040747 0.028017
v -0.033054 -0.048344 0.034016
v -0.029366 -0.045968 0.035587
v -0.030350 -0.042980 0.036634
v -0.034044 -0.043851 0.035031
v -0.024821 -0.016330 0.043523
v -0.028828 -0.020111 0.042678
v -0.025321 -0.023834 0.042952
v -0.021639 -0.019543 0.043427
v -0.018018 -0.014766 0.044629
v -0.020993 -0.012355 0.044318
v -0.016621 -0.007400 0.049410
v -0.017039 -0.010822 0.050157
v -0.016285 -0.011678 0.053378
v -0.016791 -0.009745 0.052556
v -0.014366 -0.015214 0.051101
v -0.017121 -0.012886 0.048387
v -0.010524 -0.016347 0.051080
v -0.010132 -0.015627 0.052203
v -0.014534 -0.015800 0.049361
v -0.014856 -0.016872 0.047170
v -0.010954 -0.017146 0.049718
v -0.009420 -0.014648 0.053373
v -0.012127 -0.014650 0.053515
v -0.013927 -0.012959 0.055332
v -0.003597 -0.014173 0.062009
v -0.004780 -0.012942 0.064027
v -0.008429 0.015323 0.050762
v -0.011312 0.011788 0.047567
v -0.008415 0.012808 0.052749
v -0.011271 0.009662 0.049625
v -0.013033 -0.010950 0.059234
v -0.014532 -0.009260 0.057885
v -0.010734 -0.009761 0.062973
v -0.011734 -0.007324 0.062946
v -0.002899 0.030156 0.051324
v -0.001748 -0.017577 0.057563
v -0.001991 -0.018294 0.056872
v -0.001505 -0.016553 0.059655
v -0.022887 0.090070 -0.134627
v -0.023235 0.102484 -0.123006
v -0.022146 0.116277 -0.099144
v -0.019830 0.121017 -0.086415
v -0.005144 -0.034594 0.055791
v -0.004701 -0.032187 0.055898
v -0.011941 -0.035301 0.041390
v -0.006421 -0.035076 0.042795
v -0.006046 -0.038852 0.045448
v -0.011262 -0.038915 0.043974
v -0.015417 -0.039093 0.041759
v -0.016370 -0.035602 0.039293
v -0.012527 -0.031757 0.039964
v -0.006828 -0.031432 0.041441
v -0.011150 -0.041001 0.047323
v -0.005993 -0.040917 0.049565
v -0.005886 -0.039117 0.052548
v -0.011235 -0.039540 0.049728
v -0.017640 -0.021298 0.045553
v -0.013503 -0.020501 0.047915
v -0.009297 -0.020368 0.051322
v -0.006040 -0.020519 0.053904
v -0.005395 -0.018433 0.054563
v -0.007860 -0.017774 0.052352
v -0.005102 -0.017577 0.055214
v -0.007517 -0.016971 0.053212
v -0.007290 -0.016209 0.053890
v -0.007819 -0.014827 0.054507
v -0.006023 -0.015034 0.055707
v -0.006629 -0.013827 0.055433
v -0.005014 -0.016731 0.055666
v -0.003231 0.007719 0.064513
v -0.002970 0.011206 0.062125
v -0.009248 -0.030569 0.053937
v -0.004390 -0.030166 0.055455
v -0.003827 -0.026055 0.054994
v -0.008171 -0.026092 0.053610
v -0.012725 -0.026842 0.051187
v -0.014249 -0.032140 0.051176
v -0.002280 -0.019077 0.056172
v -0.009636 -0.032564 0.054026
v -0.009959 -0.034957 0.053584
v -0.014745 -0.034306 0.051038
v -0.015027 -0.036395 0.050406
v -0.018917 -0.034506 0.047742
v -0.017991 -0.028808 0.048148
v -0.023509 -0.030891 0.044470
v -0.022790 -0.037023 0.044070
v -0.030306 -0.040029 0.038103
v -0.025372 -0.042055 0.038401
v -0.025601 -0.040851 0.039243
v -0.025306 -0.039719 0.040381
v -0.029517 -0.037148 0.039798
v -0.033877 -0.039490 0.036753
v -0.032811 -0.035163 0.038647
v -0.027508 -0.034265 0.041809
v -0.024604 -0.038558 0.041809
v -0.024243 -0.041162 0.039549
v -0.023356 -0.041322 0.039391
v -0.024044 -0.040506 0.040545
v -0.023098 -0.041045 0.040246
v -0.023451 -0.039908 0.041719
v -0.022651 -0.040793 0.041222
v -0.021787 -0.040289 0.042623
v -0.022340 -0.038952 0.043471
v -0.021573 -0.041470 0.038034
v -0.020555 -0.041483 0.039188
v -0.020581 -0.041539 0.040565
v -0.021480 -0.041534 0.039393
v -0.022221 -0.041393 0.037444
v -0.022026 -0.041446 0.038695
v -0.022077 -0.040594 0.035427
v -0.020690 -0.039918 0.037268
v -0.022783 -0.041492 0.036695
v -0.022682 -0.041339 0.037798
v -0.022566 -0.041457 0.038999
v -0.022418 -0.041362 0.039563
v -0.021918 -0.041309 0.040394
v -0.021100 -0.041163 0.041531
v -0.015038 -0.038260 0.049047
v -0.018549 -0.038247 0.046812
v -0.018283 -0.039841 0.045285
v -0.014948 -0.040328 0.046866
v -0.017944 -0.040994 0.043652
v -0.017135 -0.032078 0.038129
v -0.014662 -0.041107 0.045008
v -0.019776 -0.036502 0.036685
v -0.020725 -0.033770 0.034631
v -0.018492 -0.039483 0.039159
v -0.023503 -0.039705 0.031659
v -0.021829 -0.038146 0.034244
v -0.024814 -0.039058 0.029181
v -0.022909 -0.036066 0.032250
v -0.017860 -0.041464 0.041730
v -0.018860 -0.036544 0.047502
v -0.010486 -0.037197 0.052005
v -0.005389 -0.036752 0.054364
v -0.003915 0.000389 0.070101
v -0.003669 0.004284 0.067204
v -0.021961 -0.041565 0.039290
v -0.010167 -0.122692 -0.013790
v -0.024685 -0.043161 0.038244
v -0.023179 -0.047252 0.030170
v -0.022130 -0.043966 0.033983
v -0.030179 -0.052534 0.034289
v -0.025822 -0.056506 0.037010
v -0.023648 -0.052569 0.039122
v -0.027224 -0.049133 0.036258
v -0.021025 -0.046311 0.041750
v -0.023320 -0.044634 0.039349
v -0.022203 -0.043325 0.040226
v -0.020055 -0.044236 0.042555
v -0.019108 -0.042697 0.043011
v -0.021333 -0.042302 0.040517
v -0.017249 -0.040988 0.041892
v -0.012927 -0.040388 0.044894
v -0.012391 -0.044028 0.039972
v -0.017067 -0.044383 0.037554
v -0.020585 -0.044294 0.035175
v -0.020421 -0.041271 0.038911
v -0.017857 -0.040809 0.042620
v -0.020675 -0.041207 0.039678
v -0.013256 -0.040330 0.045887
v -0.020300 -0.119584 -0.017895
v -0.020871 -0.041494 0.040360
v -0.018229 -0.041286 0.042873
v -0.013955 -0.041196 0.046432
v -0.015031 -0.043127 0.046840
v -0.016027 -0.045366 0.046879
v -0.016862 -0.048144 0.045860
v -0.018768 -0.055190 0.042614
v -0.019731 -0.060041 0.041071
v -0.012787 -0.056845 0.045465
v -0.013302 -0.061846 0.044858
v -0.011717 -0.049475 0.049369
v -0.011257 -0.046009 0.050870
v -0.010454 -0.043389 0.050633
v -0.009714 -0.041173 0.049722
v -0.002790 -0.020801 0.055394
v -0.004848 -0.015044 0.056993
v -0.003796 -0.014922 0.059435
v -0.006824 -0.011510 0.064948
v -0.001303 -0.015775 0.062038
v -0.009203 -0.009845 0.064637
v -0.007617 -0.010459 0.066102
v -0.008201 -0.008858 0.067229
v -0.009351 -0.008251 0.066034
v -0.006070 -0.011018 0.067378
v -0.007254 -0.009045 0.068322
v -0.002048 -0.012164 0.069337
v -0.002734 -0.008765 0.071686
v -0.003678 -0.003211 0.071819
v -0.003090 -0.006596 0.072304
v -0.008550 -0.007205 0.067982
v -0.009725 -0.005309 0.066770
v -0.010132 -0.002560 0.064476
v -0.012271 -0.004853 0.060709
v -0.010469 0.127483 -0.041893
v -0.009022 -0.039995 0.048896
v -0.008552 -0.040111 0.046990
v -0.012357 -0.054240 0.033086
v -0.012356 -0.049872 0.035564
v -0.007986 -0.049878 0.037030
v -0.008032 -0.054641 0.034559
v -0.004391 -0.039934 0.047976
v -0.004155 -0.043602 0.042635
v -0.008192 -0.043595 0.041622
v -0.004568 -0.039708 0.050275
v -0.005031 -0.041126 0.051422
v -0.005606 -0.043497 0.052660
v -0.004005 -0.050057 0.037799
v -0.004121 -0.054793 0.035410
v -0.021465 -0.048795 0.031313
v -0.022406 -0.052293 0.029134
v -0.017219 -0.049765 0.033611
v -0.017617 -0.053656 0.031381
v -0.007268 -0.062187 0.047488
v -0.006897 -0.057420 0.047470
v -0.005855 -0.046806 0.052824
v -0.006291 -0.050608 0.051024
v -0.023086 0.110604 -0.111800
v -0.062695 0.075063 -0.004336
v -0.061106 0.068693 0.003502
v -0.054171 0.076840 0.011043
v -0.056127 0.081679 0.003589
v -0.063479 0.082471 -0.012590
v -0.056813 0.087887 -0.004246
v -0.040312 0.118475 -0.061920
v -0.040829 0.118184 -0.047424
v -0.021679 0.124749 -0.043190
v -0.035240 0.118289 -0.076167
v -0.047600 0.109509 -0.085765
v -0.049780 0.112576 -0.066087
v -0.049711 0.112880 -0.050476
v -0.026530 -0.088793 -0.114481
v -0.053447 0.038656 -0.132562
v -0.048332 0.112146 -0.036451
v -0.040111 0.116687 -0.033452
v -0.039525 0.113910 -0.020913
v -0.046969 0.110165 -0.024579
v -0.021478 0.122747 -0.028583
v -0.010359 0.125257 -0.026619
v -0.020246 0.002278 -0.146745
v -0.002808 0.014518 0.059810
v -0.047318 -0.052223 -0.094727
v -0.055832 -0.052364 -0.076927
v -0.056363 -0.101393 -0.056974
v -0.066636 -0.030940 -0.057967
v -0.066468 -0.030586 -0.058860
v -0.058302 -0.066111 -0.059380
v -0.059092 -0.053020 -0.059694
v -0.038749 -0.051117 -0.106609
v -0.076528 -0.019664 -0.067945
v -0.077486 -0.016134 -0.068863
v -0.077334 -0.020428 -0.067726
v -0.078464 -0.016632 -0.068895
v -0.078749 -0.012699 -0.069313
v -0.077657 -0.022274 -0.067303
v -0.075901 0.015632 -0.055436
v -0.076840 0.017329 -0.054713
v -0.066040 -0.032411 -0.053815
v -0.065922 -0.031818 -0.055540
v -0.065561 -0.031969 -0.054479
v -0.065329 -0.032487 -0.053274
v -0.065798 -0.033254 -0.052310
v -0.065335 -0.032998 -0.052120
v -0.076991 0.031982 -0.047403
v -0.064313 -0.032480 -0.055398
v -0.065974 -0.030817 -0.058145
v -0.065837 -0.031495 -0.056743
v -0.064920 -0.031981 -0.055337
v -0.064505 -0.032692 -0.053222
v -0.064555 -0.033494 -0.051511
v -0.065564 -0.034299 -0.051133
v -0.077657 -0.023436 -0.068032
v -0.070162 -0.034038 -0.056915
v -0.076360 0.007811 -0.062699
v -0.076432 0.006095 -0.064151
v -0.078254 0.007849 -0.065965
v -0.078145 0.010076 -0.064383
v -0.058818 -0.014647 -0.107361
v -0.061258 -0.003835 -0.111943
v -0.014197 -0.087401 -0.119082
v -0.014603 -0.073289 -0.117794
v -0.075587 0.028394 -0.096038
v -0.076357 0.009485 -0.060903
v -0.078231 0.011832 -0.062653
v -0.077960 -0.012180 -0.068972
v -0.076139 0.008506 -0.060573
v -0.076118 0.006865 -0.062286
v -0.078977 0.013553 -0.064304
v -0.079043 0.011289 -0.066218
v -0.078995 0.008828 -0.067941
v -0.076064 0.005093 -0.064093
v -0.075683 0.013833 -0.062489
v -0.080330 0.059593 -0.070851
v -0.079537 0.053421 -0.085319
v -0.076927 0.076740 -0.073847
v -0.076269 0.071463 -0.089570
v -0.071697 0.065245 -0.105865
v -0.074880 0.046239 -0.101731
v -0.075473 0.015127 -0.056967
v -0.077409 0.018347 -0.055486
v -0.064073 0.088561 -0.020459
v -0.069081 0.083184 -0.028021
v -0.057087 0.093313 -0.011508
v -0.056947 0.098166 -0.018361
v -0.063451 0.094338 -0.027561
v -0.070512 0.087087 -0.040095
v -0.079183 0.050390 -0.055998
v -0.078545 0.065430 -0.056242
v -0.075513 0.069984 -0.042171
v -0.075020 0.082120 -0.057749
v -0.066525 0.096050 -0.046477
v -0.070206 0.092178 -0.061322
v -0.059460 0.104388 -0.050364
v -0.061550 0.102168 -0.065287
v -0.061497 0.099448 -0.081540
v -0.071910 0.088009 -0.076788
v -0.061584 0.099519 -0.033854
v -0.055398 0.102619 -0.023907
v -0.056471 0.105655 -0.037415
v -0.053187 0.106444 -0.028551
v -0.073631 0.072133 -0.034552
v -0.062399 -0.037220 -0.051010
v -0.064284 -0.037035 -0.045434
v -0.067307 -0.025746 -0.036889
v -0.067349 0.000183 -0.001391
v -0.067562 0.012567 -0.003437
v -0.070295 0.004180 -0.014403
v -0.068443 -0.008906 -0.011632
v -0.066265 0.025945 -0.004596
v -0.069571 0.018121 -0.015400
v -0.070029 0.031763 -0.016727
v -0.066581 0.039925 -0.004398
v -0.062873 0.059659 -0.121195
v -0.065086 0.042740 -0.119616
v -0.065402 0.029893 -0.118168
v -0.047526 0.058586 0.028950
v -0.022643 0.080939 -0.141146
v -0.046544 0.081710 0.018819
v -0.055335 0.080390 -0.120946
v -0.042282 0.086343 -0.127599
v -0.071115 0.082893 -0.092231
v -0.067942 0.077394 -0.106108
v -0.059977 0.070827 -0.121332
v -0.064205 0.013682 -0.116613
v -0.047525 0.106608 -0.016833
v -0.055104 0.024803 0.020758
v -0.054248 0.020182 0.019681
v -0.055506 0.029685 0.022542
v -0.052688 0.015384 0.021104
v -0.014909 0.008680 0.045068
v -0.014472 0.006738 0.046940
v -0.013998 0.004548 0.048669
v -0.018059 0.003930 0.044645
v -0.017352 0.001047 0.046129
v -0.011064 0.004586 0.053519
v -0.011215 0.007198 0.051557
v -0.013707 0.001791 0.050238
v -0.013376 -0.001293 0.051496
v -0.010993 0.001612 0.055436
v -0.017594 -0.013195 0.046213
v -0.018817 -0.008795 0.045688
v -0.016282 -0.004682 0.047992
v -0.021075 -0.001826 0.044584
v -0.020069 -0.005024 0.045365
v -0.016723 -0.001565 0.047161
v -0.022340 0.001409 0.043251
v -0.014225 -0.004494 0.053649
v -0.015042 -0.007464 0.056228
v -0.011630 -0.001703 0.057992
v -0.009768 0.000576 0.061414
v -0.009122 0.004085 0.058813
v -0.018718 0.006037 0.043048
v -0.023391 0.003987 0.042158
v -0.023609 -0.008521 0.044708
v -0.028094 -0.011980 0.044110
v -0.025461 -0.004262 0.043792
v -0.029982 -0.007114 0.043188
v -0.026840 -0.000760 0.042656
v -0.031298 -0.003368 0.041755
v -0.032153 -0.015651 0.043078
v -0.035622 -0.019655 0.041457
v -0.038666 -0.024532 0.039018
v -0.038521 -0.014790 0.040554
v -0.042166 -0.020253 0.037917
v -0.040479 -0.009980 0.039123
v -0.044810 -0.015055 0.036453
v -0.034548 -0.010643 0.042139
v -0.036150 -0.006494 0.040563
v -0.032450 0.000285 0.040240
v -0.028122 0.002377 0.041464
v -0.041434 0.000866 0.035964
v -0.041371 -0.004501 0.037627
v -0.036904 -0.002018 0.038861
v -0.037282 0.002316 0.037141
v -0.046377 -0.008478 0.034974
v -0.046060 -0.000900 0.034162
v -0.045138 0.003998 0.032980
v -0.031110 0.010697 0.037821
v -0.026312 0.011475 0.038801
v -0.034712 0.010212 0.036493
v -0.040923 0.004770 0.034662
v -0.037443 0.005547 0.036109
v -0.048794 0.010876 0.027042
v -0.046658 0.010159 0.029371
v -0.041016 0.009855 0.033605
v -0.038069 0.009947 0.035104
v -0.043976 0.009948 0.031731
v -0.021744 0.013235 0.038954
v -0.017406 0.015544 0.038938
v -0.055671 -0.064907 -0.074770
v -0.008746 0.007254 0.056861
v -0.008572 0.010200 0.054797
v -0.013919 0.032198 0.042711
v -0.012105 0.029474 0.041289
v -0.006226 0.029950 0.048599
v -0.018152 0.035871 0.044994
v -0.013732 0.018248 0.039015
v -0.012175 0.020526 0.039023
v -0.011118 0.023584 0.039565
v -0.011036 0.026372 0.040378
v -0.029891 0.049593 0.046374
v -0.026737 0.043292 0.047459
v -0.057737 0.062760 0.012728
v -0.061370 0.053760 0.008290
v -0.050068 0.044434 0.031002
v -0.053118 0.040156 0.027671
v -0.055013 0.034989 0.024767
v -0.062996 0.041970 0.004835
v -0.063413 0.029631 0.003454
v -0.064402 0.018031 0.003757
v -0.048521 0.092590 0.004396
v -0.048496 0.097755 -0.002593
v -0.047990 0.087054 0.011658
v -0.039225 0.110317 -0.011272
v -0.039212 0.106276 -0.002722
v -0.048174 0.102422 -0.009624
v -0.039613 0.101622 0.004738
v -0.039879 0.096494 0.011684
v -0.039344 0.091050 0.019006
v -0.038217 0.085316 0.025982
v -0.036497 0.077172 0.032785
v -0.046102 -0.064197 -0.092580
v -0.007153 -0.003100 0.052777
v -0.006456 -0.002881 0.053363
v -0.006015 -0.003697 0.052251
v -0.005406 -0.003388 0.052812
v -0.004904 -0.005227 0.052500
v -0.006364 -0.012054 0.054705
v -0.005060 -0.010224 0.053640
v -0.004429 -0.006907 0.052378
v -0.065882 -0.032201 -0.039173
v -0.057285 -0.097703 -0.071689
v -0.053702 -0.094778 -0.084267
v 0.052933 -0.097026 -0.071985
v 0.049079 -0.094067 -0.084684
v 0.019804 -0.125754 -0.020124
v 0.030959 -0.121801 -0.025794
v 0.031765 -0.130049 -0.026956
v 0.020358 -0.133268 -0.021173
v 0.056242 -0.114706 -0.077454
v 0.053751 -0.105800 -0.073060
v 0.050602 -0.102793 -0.087558
v 0.054343 -0.111866 -0.093016
v 0.044264 -0.101369 -0.100311
v 0.048361 -0.111109 -0.106282
v 0.038109 -0.112060 -0.116424
v 0.035145 -0.100732 -0.110214
v 0.023755 -0.100677 -0.117389
v 0.026014 -0.112832 -0.123255
v 0.041619 -0.117330 -0.034252
v 0.049777 -0.112958 -0.045292
v 0.050521 -0.121993 -0.046827
v 0.042097 -0.125777 -0.035488
v 0.053832 -0.109062 -0.058510
v 0.055028 -0.117985 -0.061410
v 0.012438 -0.111944 -0.127829
v 0.011190 -0.099116 -0.121503
v 0.021553 -0.150498 -0.022394
v 0.009446 -0.152259 -0.020142
v 0.009609 -0.143316 -0.019742
v 0.021223 -0.141856 -0.022121
v 0.052250 -0.153460 -0.038680
v 0.067121 -0.147741 -0.051340
v 0.073830 -0.155388 -0.047159
v 0.057341 -0.161456 -0.033549
v 0.094939 -0.155422 -0.060307
v 0.104245 -0.146060 -0.082835
v 0.036228 -0.157584 -0.028776
v 0.039409 -0.165688 -0.022757
v -0.001391 -0.122871 -0.137271
v -0.001570 -0.110538 -0.128854
v 0.094346 -0.140926 -0.086533
v 0.093203 -0.137820 -0.110596
v 0.105989 -0.142994 -0.108151
v 0.053168 -0.160615 -0.152803
v 0.053478 -0.167491 -0.156094
v 0.068680 -0.162634 -0.152376
v 0.064123 -0.156642 -0.148572
v 0.071787 -0.126821 -0.106028
v 0.060797 -0.128100 -0.121841
v 0.070165 -0.135010 -0.126609
v 0.082511 -0.132432 -0.110263
v 0.036266 -0.144877 -0.145719
v 0.053918 -0.139824 -0.137324
v 0.046424 -0.131660 -0.132255
v 0.031405 -0.135251 -0.139750
v 0.084549 -0.135708 -0.087009
v 0.072714 -0.130370 -0.085078
v 0.077380 -0.141603 -0.067566
v 0.067630 -0.135245 -0.067026
v 0.059245 -0.139858 -0.051586
v 0.054641 -0.119880 -0.113448
v 0.042633 -0.122070 -0.123873
v 0.027797 -0.124285 -0.131932
v 0.012541 -0.124607 -0.136722
v -0.001196 -0.173813 -0.157585
v -0.001091 -0.161489 -0.154560
v 0.017325 -0.147694 -0.149342
v 0.015373 -0.135665 -0.143277
v 0.086205 -0.147933 -0.065261
v 0.059607 -0.127446 -0.065068
v 0.053479 -0.131334 -0.050262
v 0.063246 -0.169675 -0.023845
v 0.081691 -0.164104 -0.039716
v 0.043223 -0.174067 -0.012853
v 0.025229 -0.177066 -0.006295
v 0.019215 -0.159149 -0.154151
v 0.018511 -0.171553 -0.157258
v 0.037826 -0.168818 -0.156878
v 0.041221 -0.156601 -0.151970
v 0.046952 -0.143586 -0.039470
v 0.034214 -0.148032 -0.029982
v 0.021940 -0.159939 -0.020687
v 0.061636 -0.120246 -0.098826
v 0.062643 -0.123476 -0.081626
v 0.043871 -0.134184 -0.037874
v 0.032946 -0.139212 -0.028850
v 0.009386 -0.135109 -0.018136
v 0.023185 -0.168439 -0.015015
v 0.096191 -0.147553 -0.129995
v 0.083160 -0.155702 -0.144117
v 0.075281 -0.152408 -0.142961
v -0.000971 -0.148699 -0.150205
v -0.001595 -0.144340 -0.019667
v -0.001964 -0.153045 -0.020934
v -0.000965 -0.136008 -0.017104
v 0.080233 -0.143280 -0.132348
v 0.059818 -0.148887 -0.143860
v -0.000366 -0.129499 -0.014763
v -0.001784 -0.098735 -0.122649
v -0.002165 -0.163153 -0.020083
v -0.002523 -0.172724 -0.013808
v -0.002814 -0.182779 -0.004382
v 0.009403 -0.128373 -0.016134
v 0.009600 -0.171149 -0.013436
v 0.009304 -0.161618 -0.018830
v 0.010527 -0.180865 -0.004907
v -0.000840 -0.135351 -0.144375
v -0.020599 -0.126248 -0.019630
v -0.031919 -0.122451 -0.025512
v -0.033525 -0.130668 -0.026900
v -0.021806 -0.133722 -0.021206
v -0.059482 -0.115432 -0.078091
v -0.057462 -0.106605 -0.072933
v -0.054822 -0.103520 -0.087500
v -0.057728 -0.112461 -0.093506
v -0.047814 -0.102024 -0.100336
v -0.051257 -0.111662 -0.106620
v -0.040783 -0.112568 -0.116589
v -0.038357 -0.101310 -0.110311
v -0.026832 -0.101156 -0.117406
v -0.028840 -0.113333 -0.123182
v -0.043272 -0.118239 -0.033846
v -0.052041 -0.114101 -0.044793
v -0.053039 -0.122893 -0.046619
v -0.044253 -0.126591 -0.035237
v -0.056524 -0.109998 -0.057959
v -0.057851 -0.118896 -0.061662
v -0.015283 -0.112364 -0.127416
v -0.014534 -0.099466 -0.121311
v -0.024912 -0.150624 -0.022770
v -0.012875 -0.152399 -0.020615
v -0.012108 -0.143532 -0.020083
v -0.023632 -0.142117 -0.022510
v -0.055535 -0.153920 -0.040582
v -0.069827 -0.148226 -0.053994
v -0.076724 -0.155651 -0.049715
v -0.060947 -0.161730 -0.035588
v -0.098159 -0.154944 -0.063164
v -0.106751 -0.145264 -0.085552
v -0.039918 -0.157767 -0.029661
v -0.043424 -0.165730 -0.024007
v -0.096953 -0.140323 -0.089067
v -0.095605 -0.137327 -0.112526
v -0.108372 -0.142066 -0.110443
v -0.055259 -0.160249 -0.154311
v -0.055651 -0.166918 -0.157657
v -0.070705 -0.161974 -0.154219
v -0.066255 -0.156203 -0.150278
v -0.074166 -0.126879 -0.107296
v -0.062972 -0.128008 -0.122717
v -0.072117 -0.134846 -0.128017
v -0.084516 -0.132239 -0.111887
v -0.038230 -0.144862 -0.146557
v -0.055845 -0.139803 -0.138584
v -0.048601 -0.131966 -0.133196
v -0.032828 -0.135443 -0.140457
v -0.086899 -0.135265 -0.089146
v -0.075378 -0.130445 -0.086924
v -0.079700 -0.141855 -0.069927
v -0.070206 -0.135717 -0.069125
v -0.061975 -0.140477 -0.053735
v -0.056940 -0.120156 -0.114072
v -0.044969 -0.122298 -0.124304
v -0.030475 -0.124493 -0.132100
v -0.015408 -0.124729 -0.136554
v -0.019422 -0.147359 -0.149444
v -0.017247 -0.136598 -0.143866
v -0.088690 -0.147913 -0.067907
v -0.062321 -0.128035 -0.066510
v -0.056255 -0.132047 -0.051208
v -0.067499 -0.169287 -0.025712
v -0.085505 -0.163677 -0.042189
v -0.047839 -0.173710 -0.014145
v -0.030358 -0.177068 -0.006826
v -0.020912 -0.159375 -0.154584
v -0.019936 -0.171665 -0.157669
v -0.039453 -0.168699 -0.158009
v -0.043054 -0.156442 -0.153072
v -0.050090 -0.144166 -0.040569
v -0.037552 -0.148358 -0.030527
v -0.025802 -0.159884 -0.021118
v -0.064212 -0.120544 -0.099726
v -0.065372 -0.123930 -0.082895
v -0.046601 -0.134830 -0.038146
v -0.035671 -0.139621 -0.029009
v -0.010926 -0.135421 -0.018188
v -0.027532 -0.168417 -0.015621
v -0.098017 -0.146773 -0.132099
v -0.085037 -0.155028 -0.146072
v -0.077014 -0.151981 -0.144817
v -0.082092 -0.142890 -0.134183
v -0.061559 -0.148659 -0.145403
v -0.010250 -0.128692 -0.015945
v -0.014420 -0.171150 -0.013774
v -0.013485 -0.161737 -0.019271
v -0.015939 -0.180871 -0.005251
v -0.006295 -0.005230 0.051640
v -0.066115 -0.033699 -0.018116
v -0.065596 -0.041243 -0.025801
v -0.062306 -0.051208 -0.020044
v -0.063441 -0.043118 -0.012283
v -0.056678 -0.061152 -0.012339
v -0.059851 -0.051361 -0.005529
v -0.050917 -0.068573 -0.003867
v -0.055490 -0.058615 0.001062
v -0.046240 -0.072726 0.005283
v -0.050930 -0.063107 0.008692
v -0.031842 -0.074408 0.025703
v -0.030199 -0.079206 0.021543
v -0.023845 -0.081454 0.028822
v -0.024623 -0.077546 0.033390
v -0.017149 -0.083283 0.035517
v -0.017775 -0.079554 0.039935
v -0.009732 -0.084283 0.039463
v -0.009655 -0.080701 0.044002
v -0.000736 -0.084630 0.041346
v -0.000496 -0.080931 0.045956
v -0.000114 -0.071635 0.050064
v -0.008730 -0.071473 0.048415
v -0.009295 -0.076200 0.047046
v -0.000324 -0.076770 0.048621
v -0.016071 -0.070668 0.044555
v -0.017313 -0.075551 0.042768
v -0.022512 -0.068280 0.038947
v -0.023985 -0.073301 0.036751
v -0.029746 -0.064569 0.032349
v -0.031531 -0.069630 0.029217
v -0.036133 -0.059683 0.028616
v -0.039160 -0.063346 0.024338
v -0.008760 -0.087134 0.032834
v -0.000979 -0.087376 0.035323
v -0.015413 -0.086375 0.029170
v -0.021695 -0.085025 0.023639
v -0.027145 -0.083524 0.017136
v -0.039748 -0.075031 0.013925
v -0.032998 -0.081976 0.009312
v -0.040290 -0.078744 0.001630
v -0.045391 -0.074877 -0.008483
v -0.052326 -0.067404 -0.018351
v -0.059785 -0.057322 -0.027091
v -0.064070 -0.045938 -0.033794
v -0.066601 -0.033793 -0.030805
v -0.014882 -0.066317 0.044791
v -0.008009 -0.066922 0.048304
v -0.021771 -0.063976 0.039657
v -0.028001 -0.060188 0.034685
v -0.032893 -0.056145 0.031963
v -0.038056 -0.044963 0.032939
v -0.036671 -0.050993 0.031749
v -0.036652 -0.033215 0.037284
v -0.037809 -0.038904 0.034757
v -0.044748 -0.027359 0.033995
v -0.046137 -0.035835 0.029460
v -0.042040 -0.037957 0.032362
v -0.040857 -0.030759 0.035774
v -0.048360 -0.022216 0.031890
v -0.050158 -0.031978 0.026198
v -0.007796 -0.089579 0.027052
v -0.001129 -0.089896 0.028272
v -0.013616 -0.089115 0.023639
v -0.018812 -0.088572 0.018398
v -0.022764 -0.088180 0.011851
v -0.027226 -0.087386 0.004374
v -0.032550 -0.085960 -0.003893
v -0.039237 -0.082397 -0.013300
v -0.047708 -0.074256 -0.024337
v -0.056723 -0.062015 -0.033873
v -0.061672 -0.049946 -0.040551
v -0.019598 -0.095595 -0.001510
v -0.016019 -0.094192 0.004863
v -0.013066 -0.093496 0.010525
v -0.010272 -0.093165 0.015014
v -0.006403 -0.094208 0.014420
v -0.001032 -0.094621 0.013925
v -0.005670 -0.097381 0.006395
v -0.000733 -0.097100 0.006499
v -0.007573 -0.100122 0.001254
v -0.000495 -0.100260 0.001183
v -0.009319 -0.103592 -0.002929
v -0.000280 -0.105800 -0.002893
v -0.040488 -0.053342 0.028415
v -0.044443 -0.054752 0.023881
v -0.046312 -0.045131 0.025761
v -0.050570 -0.042778 0.021200
v -0.048875 -0.054471 0.018423
v -0.042199 -0.045688 0.029742
v -0.054052 -0.051380 0.011649
v -0.054959 -0.038581 0.016092
v -0.053997 -0.026683 0.022737
v -0.058098 -0.034528 0.011333
v -0.058078 -0.046130 0.005202
v -0.057395 -0.022675 0.018584
v -0.060143 -0.018839 0.014518
v -0.060663 -0.029578 0.006784
v -0.060672 -0.040737 0.000453
v -0.043149 -0.067014 0.017972
v -0.063152 -0.034284 -0.005339
v -0.062405 -0.014928 0.010247
v -0.062597 -0.024874 0.002511
v -0.064777 -0.009540 0.004812
v -0.065161 -0.017976 -0.003544
v -0.065552 -0.027263 -0.011678
v -0.068149 -0.025824 -0.026321
v -0.000021 -0.066970 0.050123
v -0.061792 -0.036390 -0.056010
v -0.020986 -0.026626 0.045380
v -0.015939 -0.024363 0.048032
v -0.011008 -0.023559 0.051266
v -0.007034 -0.023257 0.053631
v -0.003226 -0.023434 0.055064
v -0.000133 -0.117690 -0.009715
v 0.000616 0.044130 0.052771
v -0.000155 -0.110999 -0.005778
v 0.000192 -0.054908 0.035730
v 0.000022 0.126446 -0.025398
v 0.000067 -0.062214 0.049673
v 0.000259 -0.050096 0.038230
v 0.000782 0.005190 0.068837
v 0.000106 -0.057438 0.049074
v 0.000393 -0.047207 0.053647
v 0.000496 -0.041337 0.052044
v 0.000622 0.080606 0.044378
v 0.000482 -0.043929 0.053585
v 0.000249 -0.021090 0.055872
v 0.000867 0.001284 0.071694
v 0.000510 -0.039644 0.050692
v -0.001975 -0.048783 -0.121801
v 0.000331 -0.050407 0.051985
v 0.000396 -0.043659 0.042978
v 0.000479 -0.040051 0.048519
v 0.000449 -0.031529 0.042061
v 0.000319 -0.023884 0.055385
v 0.000928 0.021663 0.057055
v -0.001624 -0.011048 -0.143755
v 0.000908 0.018751 0.059177
v 0.000442 0.104128 0.026224
v 0.000626 0.090563 0.038948
v 0.000780 0.008853 0.066196
v -0.001054 0.051152 -0.154808
v -0.000919 0.067623 -0.151302
v 0.000566 0.062949 0.049890
v -0.000246 0.122659 -0.089767
v 0.000967 -0.002607 0.073580
v 0.000180 -0.016086 0.062090
v 0.000159 0.119337 -0.000029
v -0.001342 0.016913 -0.153354
v -0.000470 0.112532 -0.115049
v 0.000511 -0.039644 0.053262
v 0.000088 0.123277 -0.012142
v 0.000500 -0.041097 0.050124
v 0.000596 -0.012771 0.069999
v -0.001485 0.001415 -0.149374
v -0.001196 0.030498 -0.154954
v 0.000404 -0.030418 0.055693
v 0.000354 -0.026553 0.055312
v -0.000361 0.118381 -0.102843
v 0.000581 0.050550 0.052503
v 0.000446 -0.032578 0.056413
v 0.001076 0.030388 0.052807
v 0.000533 -0.035243 0.056551
v -0.000309 -0.123745 -0.012579
v -0.000681 0.091728 -0.137736
v 0.000525 -0.037627 0.055001
v 0.000491 -0.038738 0.045977
v 0.000856 0.012379 0.063604
v 0.000468 -0.035152 0.043494
v 0.000569 0.070825 0.047753
v 0.000108 -0.018447 0.057518
v 0.000109 -0.017691 0.058222
v 0.001047 0.027355 0.053591
v 0.000546 0.098004 0.032889
v 0.001037 0.033023 0.052626
v 0.000165 -0.019285 0.056801
v -0.000795 0.082343 -0.144415
v -0.000140 0.127751 -0.071894
v -0.000110 0.129155 -0.058586
v 0.000953 0.024477 0.054924
v 0.000913 0.015851 0.061249
v -0.001998 -0.060419 -0.119948
v 0.000851 -0.009284 0.072914
v 0.000944 -0.006413 0.073853
v 0.000241 0.114587 0.010393
v -0.001751 -0.020315 -0.139027
v -0.000050 0.128851 -0.041180
v 0.000337 0.109525 0.018875
v -0.001938 -0.037157 -0.127819
v -0.001859 -0.027543 -0.134904
v 0.000445 -0.014027 0.068143
v 0.000897 0.036292 0.052653
v 0.000285 -0.015351 0.064868
v -0.000574 0.104459 -0.125968
v 0.000132 -0.016829 0.059794
v 0.006420 -0.005147 0.052055
v 0.064969 -0.034244 -0.016903
v 0.063317 -0.041512 -0.024717
v 0.060120 -0.051520 -0.019184
v 0.062382 -0.043804 -0.011199
v 0.054793 -0.061523 -0.011654
v 0.058923 -0.052241 -0.004575
v 0.048980 -0.068752 -0.003448
v 0.054377 -0.059566 0.001850
v -0.003563 -0.012574 0.067194
v -0.002640 -0.014061 0.064591
v 0.044739 -0.073412 0.005606
v 0.050023 -0.064178 0.009379
v -0.015110 0.021740 0.036636
v -0.007564 -0.015172 0.054292
v -0.006232 0.006258 0.062129
v -0.013528 0.022071 0.037158
v 0.030657 -0.075338 0.025911
v 0.028675 -0.079822 0.021459
v 0.022005 -0.081844 0.028650
v 0.023145 -0.078279 0.033403
v -0.009712 -0.014939 0.053028
v 0.015316 -0.083741 0.035463
v 0.016386 -0.080293 0.040077
v 0.008081 -0.084691 0.039575
v 0.008492 -0.081238 0.044304
v -0.005621 0.012798 0.057574
v -0.007825 0.021262 0.045999
v 0.008257 -0.071940 0.049010
v 0.008635 -0.076743 0.047503
v -0.005789 0.009540 0.059985
v -0.015148 -0.012443 0.054217
v -0.013319 -0.014796 0.052493
v -0.005945 -0.006868 0.070275
v -0.006910 -0.004133 0.069517
v 0.015429 -0.071439 0.045043
v -0.006755 -0.009813 0.067932
v -0.004063 -0.011459 0.068408
v 0.016357 -0.076335 0.043065
v -0.017326 0.021460 0.036955
v -0.023189 0.022616 0.032002
v -0.005161 -0.008789 0.069945
v -0.002324 -0.010811 0.070539
v -0.020619 0.021945 0.035377
v -0.016212 0.021551 0.036790
v -0.011253 -0.008242 0.062991
v -0.006351 0.020261 0.050152
v 0.021868 -0.069272 0.039366
v 0.022970 -0.074232 0.036913
v 0.029174 -0.065795 0.032943
v 0.030696 -0.070744 0.029575
v -0.013886 -0.009845 0.058665
v 0.035780 -0.061096 0.029576
v 0.038653 -0.064700 0.025089
v 0.006967 -0.087262 0.032792
v -0.018361 0.021553 0.036977
v -0.019384 0.021651 0.036756
v -0.006918 0.002801 0.064726
v 0.013516 -0.086374 0.028961
v 0.019851 -0.085126 0.023388
v 0.025311 -0.083822 0.016900
v 0.038723 -0.076053 0.014112
v -0.022314 0.022223 0.034810
v -0.002586 -0.015733 0.059500
v -0.009349 -0.008886 0.065262
v -0.007957 -0.009418 0.066761
v -0.003039 -0.016305 0.057377
v 0.031521 -0.082227 0.009135
v 0.038342 -0.078801 0.001561
v -0.011591 0.021900 0.039256
v 0.042975 -0.074404 -0.008438
v -0.005798 0.018124 0.053428
v -0.005720 0.015420 0.055641
v 0.050062 -0.067228 -0.018011
v 0.057221 -0.057242 -0.026507
v -0.002389 -0.014985 0.062028
v 0.060926 -0.045811 -0.032878
v 0.064944 -0.034254 -0.029633
v 0.014585 -0.067003 0.045445
v 0.007907 -0.067276 0.049087
v 0.021414 -0.064945 0.040159
v -0.007259 -0.000826 0.067610
v 0.027659 -0.061383 0.035213
v 0.032832 -0.057541 0.032925
v 0.038425 -0.046278 0.034214
v -0.005244 -0.015700 0.055728
v 0.036895 -0.052416 0.033009
v 0.037257 -0.034099 0.038737
v 0.038300 -0.039945 0.036048
v 0.045347 -0.028284 0.035519
v 0.046482 -0.036922 0.030815
v 0.042537 -0.039097 0.033733
v 0.000755 -0.011210 0.071600
v -0.004532 -0.010279 0.069249
v 0.041542 -0.031732 0.037342
v 0.048896 -0.022986 0.033442
v 0.050411 -0.032945 0.027562
v 0.005864 -0.089625 0.027005
v -0.029075 0.035504 0.043113
v -0.029079 0.033161 0.041571
v 0.011633 -0.089048 0.023479
v 0.017100 -0.088445 0.018094
v 0.021056 -0.087959 0.011503
v 0.025546 -0.087173 0.003988
v 0.030891 -0.085629 -0.004210
v 0.037151 -0.081690 -0.013577
v -0.021814 0.039225 0.046686
v -0.004015 0.039922 0.051961
v -0.009172 0.039991 0.050770
v 0.045818 -0.073892 -0.024418
v -0.029240 0.028980 0.040147
v -0.030362 0.027355 0.039063
v -0.028874 0.031140 0.040027
v -0.030306 0.027511 0.039936
v -0.029704 0.028240 0.040221
v 0.054159 -0.061662 -0.033641
v -0.028768 0.030597 0.039404
v 0.058293 -0.049385 -0.040009
v -0.028854 0.030175 0.039311
v 0.018208 -0.095118 -0.001892
v -0.028008 0.038586 0.044839
v 0.014445 -0.093793 0.004478
v 0.011327 -0.093194 0.010233
v -0.028874 0.029701 0.039722
v -0.030170 0.028493 0.037590
v 0.008485 -0.092967 0.014868
v -0.030289 0.027569 0.033428
v 0.004519 -0.094103 0.014344
v 0.000721 0.040007 0.052541
v -0.020705 0.049972 0.049906
v -0.050979 0.048535 0.027731
v 0.004332 -0.097157 0.006269
v -0.054012 0.043066 0.024601
v 0.006511 -0.099924 0.001156
v -0.047758 0.007162 0.029733
v -0.050317 0.007941 0.027160
v -0.017814 0.043966 0.050247
v 0.008464 -0.103485 -0.002779
v 0.040376 -0.054781 0.029439
v 0.044060 -0.056083 0.024726
v 0.046299 -0.046402 0.026835
v 0.050494 -0.043938 0.022363
v -0.026013 0.069867 0.042226
v -0.030817 0.113333 -0.007196
v -0.024396 0.062567 0.045260
v -0.039182 0.054948 0.038418
v 0.048481 -0.055744 0.019309
v -0.030824 0.109157 0.002109
v 0.042382 -0.047035 0.030882
v 0.053519 -0.052555 0.012610
v 0.054785 -0.039646 0.017342
v 0.054228 -0.027555 0.024187
v 0.057863 -0.035493 0.012647
v -0.046143 0.053138 0.032286
v 0.057496 -0.047198 0.006277
v -0.054626 0.012804 0.019731
v -0.006117 0.056214 0.051307
v -0.055974 0.018421 0.017438
v 0.057607 -0.023474 0.020100
v -0.014043 0.056096 0.050444
v -0.027599 0.121990 -0.070718
v 0.060320 -0.019495 0.016062
v 0.060328 -0.030382 0.008131
v 0.060111 -0.041655 0.001642
v 0.042543 -0.068239 0.018559
v -0.012655 0.036189 0.047583
v 0.062554 -0.035006 -0.004063
v -0.037759 0.008058 0.035375
v -0.040861 0.007601 0.033989
v 0.062450 -0.015347 0.011780
v -0.031452 0.121987 -0.059212
v -0.053836 0.010483 0.021963
v -0.029242 0.087692 0.031561
v -0.008952 0.029795 0.045278
v -0.010056 0.032650 0.045832
v -0.030046 0.093973 0.024797
v 0.062159 -0.025415 0.003912
v 0.064670 -0.009740 0.006290
v 0.064675 -0.018298 -0.002132
v -0.030468 0.099606 0.017559
v 0.064858 -0.027706 -0.010346
v 0.066985 -0.026295 -0.024965
v -0.031233 0.116963 -0.018038
v -0.021013 0.011752 0.039375
v 0.059621 -0.035973 -0.055114
v 0.021273 -0.026843 0.046325
v 0.016233 -0.024507 0.048817
v -0.056140 0.036822 0.021779
v -0.057053 0.030256 0.019747
v -0.032016 0.121642 -0.045160
v -0.030514 0.009318 0.038263
v -0.056755 0.024158 0.018153
v -0.015754 0.123872 -0.078767
v 0.011352 -0.023689 0.051954
v -0.052466 0.008934 0.024476
v 0.007601 -0.023321 0.054396
v 0.003832 -0.023471 0.055632
v -0.031603 0.055602 0.043734
v -0.034297 0.008511 0.036804
v -0.008462 0.026714 0.044311
v -0.016431 0.014086 0.039707
v -0.012854 0.017269 0.040329
v -0.030670 0.104601 0.010219
v -0.010626 0.019876 0.041408
v -0.008685 0.023832 0.043300
v -0.025785 0.010200 0.039335
v -0.027790 0.078819 0.037989
v -0.031550 0.119868 -0.030906
v -0.044332 0.007361 0.032132
v -0.000171 0.125178 -0.081498
v 0.000564 0.056248 0.051612
v -0.009506 0.021575 0.042421
v -0.015162 0.039897 0.048952
v -0.022791 0.055918 0.048060
v 0.000255 -0.053786 0.049863
v -0.025749 -0.036672 0.042049
v -0.027086 -0.038632 0.040217
v -0.026524 -0.044282 0.037090
v -0.018718 -0.031832 0.047962
v -0.023008 -0.034450 0.044612
v -0.017780 -0.051464 0.044335
v -0.027526 -0.040492 0.038792
v -0.012162 -0.052887 0.047309
v -0.027467 -0.042422 0.037665
v -0.006427 -0.053964 0.048840
v 0.000382 -0.028475 0.055510
v -0.008733 -0.028285 0.053812
v -0.004143 -0.028059 0.055268
v -0.013697 -0.029567 0.051193
v -0.024822 -0.046530 0.037971
v -0.022334 -0.049002 0.040454
v 0.004472 -0.012830 0.067607
v 0.003295 -0.014207 0.064881
v 0.015302 0.021932 0.038555
v 0.007738 -0.015186 0.054779
v 0.006977 0.006420 0.062664
v 0.013725 0.022237 0.038805
v 0.009943 -0.015018 0.053589
v 0.006411 0.012975 0.058182
v 0.007960 0.021358 0.046783
v 0.006649 0.009740 0.060582
v 0.015460 -0.012463 0.054801
v 0.013555 -0.014855 0.053075
v 0.007151 -0.006686 0.070771
v 0.008013 -0.003902 0.069998
v 0.007606 -0.009710 0.068361
v 0.005110 -0.011634 0.068870
v 0.017486 0.021685 0.039159
v 0.023119 0.022961 0.034710
v 0.006370 -0.008719 0.070434
v 0.003770 -0.011037 0.071012
v 0.020733 0.022272 0.037873
v 0.016391 0.021752 0.038880
v 0.011633 -0.008107 0.063449
v 0.006788 0.020318 0.050822
v 0.014236 -0.009755 0.059190
v 0.018499 0.021810 0.039293
v 0.019522 0.021957 0.039166
v 0.007539 0.002901 0.065200
v 0.022393 0.022563 0.037256
v 0.002759 -0.015557 0.059597
v 0.009842 -0.008699 0.065694
v 0.008589 -0.009233 0.067169
v 0.003104 -0.016119 0.057529
v 0.011655 0.022061 0.040525
v 0.006556 0.018226 0.054056
v 0.006730 0.015600 0.056232
v 0.002737 -0.014908 0.062188
v 0.008155 -0.000645 0.068063
v 0.005341 -0.015617 0.056036
v 0.005676 -0.010337 0.069730
v 0.029669 0.036036 0.045050
v 0.029621 0.033647 0.043759
v 0.022535 0.039568 0.048080
v 0.005224 0.039969 0.052260
v 0.010129 0.040101 0.051374
v 0.029575 0.029512 0.042525
v 0.030500 0.027792 0.041395
v 0.029359 0.031599 0.042416
v 0.030507 0.028008 0.042254
v 0.029993 0.028773 0.042516
v 0.029194 0.031039 0.041926
v 0.029232 0.030630 0.041838
v 0.028651 0.039084 0.046506
v 0.029237 0.030195 0.042171
v 0.030243 0.028967 0.039830
v 0.030335 0.028130 0.035818
v 0.021717 0.050219 0.051361
v 0.051252 0.048996 0.028966
v 0.054014 0.043568 0.025811
v 0.048296 0.007477 0.031684
v 0.050882 0.008293 0.029009
v 0.018777 0.044093 0.051652
v 0.027027 0.070188 0.042951
v 0.030884 0.113406 -0.007049
v 0.025363 0.062847 0.046131
v 0.039881 0.055413 0.039671
v 0.030991 0.109247 0.002291
v 0.046693 0.053617 0.033554
v 0.055208 0.013292 0.021563
v 0.007186 0.056279 0.051800
v 0.056557 0.018943 0.019274
v 0.015100 0.056286 0.051351
v 0.027242 0.122027 -0.070665
v 0.013385 0.036444 0.048474
v 0.038297 0.008492 0.037605
v 0.041346 0.008030 0.036129
v 0.031192 0.122033 -0.059144
v 0.054374 0.010895 0.023710
v 0.030042 0.087959 0.032002
v 0.009552 0.030109 0.045975
v 0.010678 0.032989 0.046577
v 0.030630 0.094175 0.025148
v 0.030883 0.099757 0.017840
v 0.031212 0.117026 -0.017917
v 0.021177 0.011881 0.040782
v 0.055993 0.037368 0.023049
v 0.057012 0.030845 0.021216
v 0.031840 0.121694 -0.045075
v 0.030887 0.009475 0.039938
v 0.057037 0.024709 0.019768
v 0.015388 0.123889 -0.078744
v 0.053069 0.009281 0.026259
v 0.032435 0.056037 0.044943
v 0.034737 0.008873 0.038825
v 0.008743 0.027016 0.045017
v 0.016531 0.014221 0.041037
v 0.012903 0.017387 0.041568
v 0.030950 0.104715 0.010445
v 0.010624 0.019993 0.042511
v 0.008776 0.024030 0.044083
v 0.025828 0.010359 0.040691
v 0.028773 0.079137 0.038559
v 0.031450 0.119925 -0.030805
v 0.044770 0.007742 0.034138
v 0.009548 0.021716 0.043371
v 0.016003 0.040082 0.050044
v 0.023797 0.056211 0.049237
v 0.026246 -0.037127 0.042788
v 0.027592 -0.039230 0.040968
v 0.026942 -0.045131 0.037979
v 0.019272 -0.032018 0.048549
v 0.023492 -0.034750 0.045239
v 0.017599 -0.052122 0.044442
v 0.028022 -0.041204 0.039545
v 0.012255 -0.053295 0.047587
v 0.027934 -0.043234 0.038523
v 0.006639 -0.054335 0.049432
v 0.009452 -0.028284 0.054486
v 0.004886 -0.028020 0.055804
v 0.014265 -0.029626 0.051815
v 0.025073 -0.047389 0.038476
v 0.022358 -0.049816 0.040666
v 0.031465 0.024163 0.027862
v -0.031217 0.023861 0.025235
f 4 2 1
f 8 6 5
f 13 15 14
f 17 19 18
f 32 30 29
f 36 34 33
f 37 39 38
f 21 23 20
f 25 27 24
f 41 43 42
f 48 46 45
f 52 50 49
f 53 55 54
f 60 58 57
f 29 62 61
f 66 64 63
f 67 6 68
f 72 70 69
f 76 74 73
f 77 79 78
f 81 83 82
f 59 86 85
f 88 90 89
f 96 94 93
f 100 98 97
f 101 103 102
f 106 34 87
f 108 115 107
f 117 36 118
f 124 126 125
f 131 129 128
f 132 134 133
f 142 140 139
f 148 60 147
f 144 127 124
f 149 151 150
f 156 154 153
f 159 158 157
f 116 164 105
f 171 169 168
f 174 173 172
f 179 181 180
f 186 188 187
f 194 196 195
f 199 139 198
f 206 208 207
f 213 211 210
f 202 214 201
f 96 216 54
f 92 43 44
f 97 246 100
f 250 229 228
f 252 58 253
f 258 256 255
f 260 229 259
f 110 112 113
f 114 263 109
f 265 267 266
f 56 270 269
f 274 249 250
f 185 63 64
f 280 278 276
f 285 283 157
f 288 211 212
f 141 92 46
f 289 175 176
f 148 105 106
f 312 170 171
f 238 42 43
f 318 160 317
f 310 308 307
f 241 325 324
f 160 240 317
f 47 307 308
f 108 315 164
f 345 86 119
f 348 350 349
f 356 358 357
f 355 353 352
f 363 32 362
f 149 150 176
f 364 253 365
f 366 368 367
f 183 371 63
f 163 161 160
f 209 101 208
f 378 165 166
f 379 381 380
f 383 3 4
f 284 386 385
f 387 389 388
f 391 229 249
f 73 397 396
f 405 407 406
f 203 411 410
f 414 413 412
f 1 357 4
f 277 131 275
f 254 57 58
f 358 415 351
f 417 386 408
f 401 192 420
f 419 127 143
f 421 182 422
f 103 302 409
f 428 368 174
f 380 359 356
f 62 266 323
f 140 431 430
f 357 351 348
f 356 379 380
f 415 403 434
f 437 436 435
f 438 440 439
f 188 450 449
f 452 454 453
f 265 181 421
f 224 64 225
f 237 213 427
f 275 128 458
f 281 460 459
f 50 79 461
f 73 282 281
f 468 466 465
f 390 352 359
f 482 484 483
f 489 487 486
f 493 495 494
f 472 470 469
f 502 500 499
f 220 222 223
f 512 143 66
f 518 511 80
f 513 230 286
f 205 31 244
f 189 451 188
f 163 532 8
f 533 225 251
f 446 447 412
f 335 540 334
f 544 546 545
f 329 291 292
f 199 262 238
f 385 416 550
f 532 191 247
f 363 118 243
f 236 237 250
f 578 580 579
f 573 571 570
f 561 562 272
f 241 259 240
f 590 592 591
f 545 595 594
f 503 155 504
f 606 624 623
f 478 480 479
f 646 648 647
f 590 689 684
f 564 651 650
f 728 184 727
f 714 716 715
f 692 575 693
f 541 581 578
f 346 248 400
f 161 230 160
f 128 94 95
f 698 704 703
f 574 576 575
f 290 401 328
f 630 725 726
f 733 735 734
f 755 496 493
f 759 481 760
f 757 762 761
f 764 466 467
f 768 3808 3809
f 759 488 489
f 492 475 771
f 474 769 473
f 773 465 772
f 771 486 483
f 484 775 491
f 774 489 486
f 495 764 756
f 495 761 494
f 137 784 136
f 325 797 547
f 165 51 52
f 369 29 370
f 730 568 569
f 90 301 89
f 243 516 242
f 800 806 805
f 817 808 816
f 816 823 822
f 306 447 807
f 815 809 808
f 829 828 825
f 726 501 502
f 274 424 423
f 879 881 880
f 884 879 885
f 219 217 211
f 906 904 897
f 455 205 542
f 898 830 829
f 903 880 881
f 906 897 898
f 377 519 165
f 923 948 946
f 946 951 950
f 3519 739 3517
f 900 886 880
f 225 65 144
f 182 442 422
f 809 947 824
f 954 962 961
f 927 965 966
f 885 880 886
f 925 966 967
f 343 341 340
f 965 971 968
f 968 970 969
f 972 969 973
f 963 981 978
f 336 338 339
f 992 827 828
f 810 996 959
f 1007 1002 1008
f 1012 827 1009
f 1011 1007 1008
f 294 292 291
f 907 920 919
f 1017 1019 1018
f 1020 1022 1021
f 1035 1020 1044
f 1061 1047 1046
f 1063 1046 1062
f 1044 1021 1045
f 1102 1097 1109
f 1116 1118 1117
f 1016 1014 1013
f 881 904 903
f 816 1127 817
f 1094 949 1097
f 514 167 515
f 146 81 82
f 1133 1130 1129
f 1102 1126 822
f 822 1116 816
f 1145 1148 1136
f 1076 1151 1069
f 1148 1086 1087
f 1109 1114 1136
f 1154 1156 1155
f 1153 967 1156
f 3464 463 3714
f 1144 1152 1151
f 1156 1163 1162
f 1164 1169 1165
f 1145 1176 1147
f 1114 1154 1171
f 1183 1164 1177
f 1184 1177 1185
f 1069 1062 1064
f 1023 1194 1022
f 1162 1170 1169
f 1195 1185 1191
f 1183 1176 1155
f 1201 1152 1196
f 1061 1201 1202
f 3825 843 3836
f 1203 1195 1034
f 1202 1184 1195
f 1218 1203 1217
f 1060 1202 1203
f 1225 1217 1219
f 671 694 670
f 1219 1024 1035
f 1217 1034 1024
f 1226 1015 1227
f 1243 1234 1233
f 1231 1229 1228
f 847 1233 843
f 843 1244 878
f 1233 1245 1244
f 1923 233 216
f 2100 499 500
f 3914 2135 3900
f 61 323 505
f 210 217 457
f 1299 1309 1300
f 3863 1231 3862
f 1066 1321 1322
f 1322 1228 1229
f 1060 1321 1047
f 1325 1323 1310
f 1244 1332 1330
f 1290 1242 1288
f 1337 1339 1338
f 1330 1340 1339
f 1341 1245 1294
f 1342 1332 1341
f 1343 1341 1344
f 1344 1294 1293
f 3857 1345 1346
f 1347 1342 1343
f 3856 1295 1345
f 1349 1348 1347
f 3861 1347 3853
f 3853 1343 3857
f 906 829 1353
f 905 1353 1354
f 865 1355 1357
f 1355 829 825
f 1357 825 826
f 1356 1353 1355
f 3834 1338 3833
f 866 1356 865
f 1358 1354 1356
f 3828 1337 3834
f 838 1012 841
f 1363 1338 1339
f 1368 1339 1340
f 1348 1340 1342
f 1371 3824 3829
f 524 526 523
f 528 530 527
f 1372 1369 1371
f 535 537 538
f 1367 1348 1350
f 1370 1359 1369
f 1369 3833 3824
f 1373 903 904
f 555 557 558
f 1374 910 1373
f 1373 905 1375
f 1374 1375 1376
f 1375 1354 1370
f 1378 908 1377
f 376 651 1387
f 1388 973 969
f 586 588 585
f 1390 1388 1391
f 1391 969 970
f 597 599 596
f 600 602 603
f 1392 970 979
f 608 610 607
f 612 523 611
f 614 616 613
f 617 25 24
f 620 622 619
f 1397 1391 1392
f 1398 1392 1399
f 1400 920 1378
f 1402 1165 1169
f 636 638 635
f 930 1402 929
f 641 643 644
f 929 1169 1170
f 1404 1403 1402
f 1411 1365 1406
f 1412 1415 1414
f 652 654 655
f 609 657 658
f 659 661 662
f 558 586 585
f 665 667 664
f 1413 1406 1412
f 1418 3810 3813
f 1417 1371 1416
f 1416 3829 3810
f 1419 1416 1418
f 1386 1374 1420
f 677 679 676
f 1385 1420 1421
f 1420 1376 1422
f 685 687 688
f 1421 1422 1423
f 528 691 658
f 1422 1372 1417
f 1018 747 1425
f 699 701 702
f 1424 579 1017
f 3663 1767 3660
f 700 711 712
f 1093 3754 1571
f 717 530 719
f 721 723 720
f 704 3543 3554
f 19 1426 1430
f 1429 1427 1426
f 1658 3542 3544
f 1439 1434 1438
f 1437 1435 1434
f 1426 1433 1432
f 1442 1432 1440
f 742 744 745
f 1432 1441 1440
f 751 753 750
f 1438 1403 1405
f 1446 1444 1443
f 1447 1446 1443
f 3860 1443 3848
f 1415 1445 1446
f 1414 1446 1448
f 2173 469 470
f 777 779 686
f 780 782 783
f 1676 1806 1675
f 3859 1349 3861
f 789 791 788
f 745 793 742
f 652 795 653
f 1455 1457 1456
f 1454 1350 1452
f 610 802 801
f 3831 698 703
f 1352 1045 1351
f 1015 1459 1460
f 811 813 814
f 2118 3817 2117
f 819 821 818
f 1466 1194 1190
f 1467 1465 1466
f 1182 1468 1467
f 832 833 831
f 835 837 834
f 1467 1190 1182
f 1469 1444 1445
f 840 712 690
f 1453 1469 1454
f 599 845 846
f 1226 3849 3855
f 851 853 850
f 855 856 854
f 858 860 857
f 861 863 864
f 1014 3855 3858
f 867 868 869
f 870 872 873
f 874 876 877
f 1310 1471 1309
f 1476 1427 1475
f 1461 1475 1460
f 887 889 890
f 788 892 891
f 894 896 893
f 1460 1227 1015
f 901 524 612
f 1465 1477 1464
f 1865 3500 1864
f 911 913 914
f 916 918 915
f 1850 3507 1851
f 921 895 894
f 1479 1436 1478
f 926 667 601
f 1481 563 1480
f 269 84 1482
f 931 933 916
f 934 614 869
f 936 688 937
f 938 662 939
f 1484 122 123
f 941 835 834
f 320 509 510
f 1849 3505 1850
f 84 1484 83
f 1487 1488 539
f 1757 3502 3509
f 365 1491 364
f 461 80 511
f 117 362 1496
f 1494 541 1495
f 926 957 958
f 1477 1433 1476
f 1709 1585 1700
f 119 1496 345
f 271 504 156
f 511 189 186
f 345 1492 365
f 255 344 254
f 57 299 132
f 1501 268 1500
f 267 1499 145
f 974 976 977
f 1678 1693 1676
f 3846 1807 3840
f 557 663 558
f 983 984 985
f 1443 3849 3848
f 421 268 265
f 989 991 988
f 1490 418 1504
f 279 309 310
f 997 676 679
f 998 999 875
f 1504 38 1505
f 1506 1507 1486
f 360 1508 1506
f 1506 207 360
f 939 1006 938
f 270 1483 269
f 66 546 512
f 1010 793 935
f 367 437 1509
f 244 363 243
f 1670 3534 1669
f 209 1510 226
f 235 1512 1511
f 1511 234 235
f 388 426 425
f 427 250 237
f 161 521 231
f 100 45 44
f 1025 608 1027
f 1029 1031 1028
f 939 1033 1032
f 41 594 99
f 1036 783 1037
f 702 1038 1039
f 1040 1042 1043
f 362 369 1493
f 187 477 186
f 70 539 198
f 1511 1521 234
f 1049 603 1048
f 613 869 614
f 860 1051 857
f 1005 1053 1006
f 753 1056 1054
f 1057 1059 1055
f 293 1522 292
f 288 1521 1522
f 292 1523 329
f 331 1508 1524
f 306 453 305
f 100 41 99
f 462 78 79
f 330 1524 462
f 635 1068 636
f 1485 1526 1528
f 206 1528 1510
f 1070 1072 831
f 942 1073 1074
f 916 1075 917
f 440 1530 439
f 157 1514 285
f 1529 5 1530
f 371 546 63
f 790 663 791
f 1077 857 1078
f 1403 1435 1165
f 1080 1082 1079
f 531 1529 440
f 21 1084 1085
f 272 1531 561
f 137 396 397
f 690 802 691
f 335 3567 581
f 1090 1029 1091
f 1092 794 1042
f 1533 137 138
f 661 1095 1096
f 69 445 72
f 1099 1101 1098
f 38 1536 1505
f 1104 1106 1103
f 852 1108 853
f 1377 909 1386
f 291 411 294
f 316 516 33
f 539 1533 534
f 1505 316 313
f 1110 1112 1113
f 1539 460 264
f 522 1537 1539
f 834 1120 1119
f 1122 1124 1121
f 612 1041 901
f 935 615 614
f 276 130 131
f 1686 3522 1685
f 193 1541 273
f 231 1540 287
f 556 982 557
f 365 85 345
f 190 318 1541
f 1810 3574 3528
f 3924 3512 3791
f 1132 985 1131
f 208 102 132
f 1134 662 661
f 1491 80 77
f 429 1542 147
f 1137 915 918
f 172 428 174
f 1139 1141 1142
f 549 54 55
f 1517 1518 296
f 976 1146 938
f 834 984 941
f 1543 286 115
f 1544 239 513
f 133 1544 1542
f 506 257 258
f 420 328 401
f 1158 1160 1157
f 587 1103 588
f 1513 1514 151
f 607 1027 608
f 304 1545 303
f 364 77 506
f 69 198 139
f 1006 976 938
f 700 1112 701
f 3877 3525 3787
f 1166 657 656
f 1167 858 1077
f 1300 3524 1299
f 1172 1174 1175
f 218 200 217
f 1179 1181 1178
f 372 97 98
f 89 227 88
f 1186 1188 1189
f 172 1517 1549
f 1482 81 1498
f 1090 1193 1030
f 394 353 1551
f 526 1198 1197
f 811 858 812
f 1199 1026 1025
f 606 697 696
f 1204 1206 743
f 1207 523 526
f 1209 867 613
f 914 685 936
f 1478 1441 1477
f 1029 1161 1091
f 1211 1213 1214
f 3858 1451 3859
f 844 1216 845
f 423 273 274
f 1220 1222 1083
f 22 1224 23
f 882 897 881
f 1519 173 387
f 1189 1232 1178
f 349 550 416
f 1071 1236 1072
f 1237 1239 745
f 1221 1189 1240
f 1510 1512 333
f 939 1241 1005
f 1556 5 67
f 1553 394 1551
f 404 67 347
f 1247 1249 1246
f 142 238 92
f 1251 635 1250
f 850 1253 851
f 1254 1077 1255
f 57 133 429
f 443 552 551
f 1187 1175 1188
f 1256 831 833
f 432 382 383
f 741 747 746
f 434 351 415
f 349 383 348
f 251 1481 1480
f 395 352 353
f 1518 1550 1551
f 1558 378 340
f 109 314 315
f 285 1513 407
f 395 393 392
f 202 410 1558
f 417 405 432
f 1246 1258 1247
f 3 297 2
f 1259 1261 1262
f 403 347 284
f 955 953 952
f 462 51 330
f 1096 687 1263
f 429 60 57
f 896 1265 932
f 1267 1268 1266
f 423 327 420
f 37 180 40
f 20 1187 1186
f 1256 1071 1070
f 155 156 504
f 1188 1269 1232
f 1236 1271 1262
f 1272 535 621
f 565 463 464
f 1273 745 1239
f 876 1255 1274
f 316 164 315
f 437 503 1509
f 194 1495 197
f 1275 864 863
f 624 631 630
f 1277 1137 1278
f 569 567 566
f 1481 125 366
f 324 547 326
f 1279 1107 1280
f 1525 329 1523
f 1281 1137 918
f 171 1553 1552
f 1488 396 1533
f 1557 1562 1559
f 1282 1206 1205
f 1053 1278 1281
f 778 607 1283
f 713 3566 3569
f 251 144 124
f 4 348 383
f 709 707 706
f 728 45 246
f 261 1563 544
f 789 1287 790
f 74 263 282
f 403 385 434
f 1178 1240 1189
f 1223 1289 1224
f 158 150 151
f 1220 1186 1221
f 296 354 433
f 784 1538 1566
f 1181 1291 1222
f 1269 1257 1246
f 1566 438 399
f 136 1566 1564
f 1563 169 1565
f 107 109 108
f 1297 1298 1296
f 1464 1476 1461
f 1520 507 508
f 1301 1303 1304
f 1306 1308 1305
f 175 1532 272
f 1532 200 201
f 1311 1312 1313
f 872 1315 1316
f 1317 1318 1319
f 3836 878 3828
f 1305 864 1276
f 1040 863 1320
f 1564 399 169
f 592 1575 591
f 591 1088 689
f 1581 1583 1582
f 1196 1147 1176
f 710 583 713
f 285 408 386
f 953 961 963
f 1594 1589 1593
f 1585 1587 1586
f 1592 1590 1589
f 3885 944 3899
f 1600 1598 1597
f 1604 1602 1601
f 1399 979 980
f 1589 1596 1595
f 1610 1608 1607
f 298 361 360
f 551 276 277
f 1627 3814 3819
f 859 818 860
f 1078 1328 1329
f 1555 1530 1556
f 572 680 681
f 772 776 774
f 977 918 917
f 404 392 393
f 1054 750 753
f 1644 1643 1642
f 932 1082 933
f 1067 1334 1068
f 1540 264 114
f 597 643 1336
f 471 762 470
f 1642 3831 3842
f 1644 3842 3843
f 923 950 927
f 96 548 95
f 520 522 521
f 445 443 442
f 849 848 842
f 480 755 493
f 1646 481 1639
f 311 1567 170
f 464 3497 3495
f 3497 1361 3495
f 234 236 235
f 190 192 191
f 153 152 149
f 231 286 230
f 1552 1551 1550
f 760 1648 488
f 3832 1649 3830
f 828 826 825
f 52 166 165
f 1663 1661 1660
f 287 115 286
f 668 670 669
f 634 640 639
f 553 559 554
f 118 33 516
f 492 491 490
f 3552 1651 3553
f 582 584 583
f 384 392 415
f 1381 1383 1380
f 1562 435 436
f 952 951 947
f 3529 583 584
f 1660 1667 1666
f 1394 1396 1393
f 1660 1664 1663
f 1671 1669 1668
f 1624 1673 1672
f 1407 1409 1410
f 1677 1675 1674
f 1613 1677 1625
f 1679 1676 1677
f 1626 3811 3814
f 534 198 539
f 176 150 159
f 803 734 800
f 400 191 192
f 65 143 144
f 3526 1656 3540
f 402 157 283
f 629 627 626
f 461 49 50
f 758 495 756
f 796 786 785
f 406 1513 1560
f 342 166 167
f 1694 1658 1695
f 1692 1694 1696
f 3557 1652 3552
f 3921 1703 3923
f 326 302 90
f 3916 1702 1706
f 3919 1698 1701
f 1699 3927 3918
f 1557 1560 1561
f 1127 1117 1128
f 400 289 346
f 1706 1707 1708
f 1707 1599 1600
f 1709 1708 1588
f 1714 1711 1713
f 3919 1709 1700
f 1704 1577 1703
f 1716 1713 1715
f 1559 1549 297
f 1722 1720 1719
f 1335 596 1489
f 410 377 378
f 973 1163 972
f 168 399 398
f 1571 1089 1093
f 1572 682 1571
f 749 647 754
f 1730 1723 1729
f 1594 1729 1592
f 1729 1591 1592
f 1731 1730 1583
f 1384 1377 1379
f 1732 1712 1714
f 1724 1731 1732
f 1712 1731 1580
f 1722 1732 1733
f 1721 1733 1734
f 1734 1716 1717
f 1735 1736 1697
f 1733 1714 1716
f 1663 1741 1668
f 1742 1740 1743
f 1738 1737 1735
f 1665 1666 1740
f 1665 1744 1664
f 1725 1746 1745
f 1591 1745 1590
f 1590 1747 1596
f 1745 1748 1747
f 1659 3538 3542
f 3287 3545 3282
f 1185 1182 1190
f 1664 1749 1741
f 1741 1739 1738
f 1746 1743 1748
f 1726 1742 1746
f 1153 924 925
f 1115 1153 1154
f 1654 3575 1655
f 1896 3549 1686
f 1720 1744 1726
f 1721 1749 1720
f 1750 1701 1698
f 1697 1750 1696
f 1151 1063 1062
f 1751 1670 1671
f 1695 1752 1751
f 961 986 981
f 1770 1768 1767
f 1766 1593 1765
f 1731 1579 1580
f 1579 1774 1578
f 3928 1771 3929
f 1764 3928 3917
f 1777 1775 1774
f 3762 1699 1700
f 1004 1128 1003
f 1774 1771 1772
f 987 1399 980
f 1578 1772 1764
f 1783 1781 1778
f 1597 1770 1767
f 639 3895 3884
f 3928 1769 1770
f 1793 1789 1788
f 3929 1798 1769
f 3508 3773 1806
f 1802 3924 3922
f 1788 1794 1793
f 1793 1795 1776
f 3773 1675 1806
f 1584 1783 1789
f 1771 3920 3929
f 1801 1798 1800
f 1768 1798 1799
f 1775 1797 1771
f 508 515 1520
f 1796 1802 1797
f 1800 3920 3922
f 1794 1804 1795
f 3532 1752 3547
f 485 1807 775
f 3809 1640 768
f 3837 1810 1653
f 485 1640 1808
f 1690 3770 3772
f 487 1648 1811
f 3839 1816 3822
f 3838 1648 3830
f 3839 1811 3838
f 1812 487 1811
f 1641 767 768
f 465 755 776
f 767 3823 3808
f 3822 3826 3847
f 1809 1815 767
f 3837 1651 3840
f 675 3541 3496
f 1814 1822 1821
f 1821 3821 3820
f 1824 1649 1825
f 1827 1850 1805
f 1668 1662 1663
f 1779 1848 1828
f 1790 1805 1794
f 1833 1853 1852
f 3521 693 575
f 1614 1616 1617
f 1852 3498 3501
f 1620 1622 1623
f 1855 1574 1861
f 1847 3501 3513
f 1766 1855 1782
f 1629 1631 1628
f 1633 1634 1632
f 1635 1637 1638
f 1848 1852 1847
f 1855 1863 1862
f 1803 1867 1802
f 1862 1831 1832
f 1782 1862 1781
f 3922 1865 1800
f 1873 1870 1869
f 1874 799 804
f 2045 3897 2044
f 1219 1295 1225
f 1615 1396 1395
f 3884 1877 1876
f 645 3786 3559
f 1345 1035 1346
f 634 3884 3880
f 15 1327 14
f 3910 1878 1893
f 1894 605 1893
f 3506 627 693
f 3560 645 3559
f 340 454 1558
f 1897 195 1898
f 1889 1877 1890
f 1901 129 1900
f 196 754 232
f 1705 3921 3916
f 340 166 343
f 1570 563 561
f 1904 194 1897
f 1781 1832 1780
f 1905 55 1906
f 1000 995 996
f 986 920 987
f 1191 1190 1194
f 2094 2075 2093
f 1920 1919 1915
f 453 1912 1911
f 1915 1918 1916
f 3882 2106 3901
f 1655 3531 1868
f 1916 1926 1925
f 704 3561 703
f 278 1925 1900
f 3565 1818 1820
f 1097 1115 1114
f 1927 727 1923
f 3578 3654 3758
f 1920 307 1929
f 1929 48 728
f 503 1497 1509
f 1902 787 796
f 1816 3820 3826
f 1925 1923 1924
f 1535 1568 1534
f 254 258 255
f 1509 366 367
f 119 35 36
f 219 293 294
f 141 47 431
f 542 244 245
f 1940 430 431
f 1779 1827 1790
f 1701 3915 3919
f 1661 3515 1667
f 270 754 647
f 197 749 196
f 1727 1212 1211
f 53 232 754
f 1465 1479 1478
f 1284 3854 1293
f 1951 412 413
f 168 1554 1553
f 1486 206 207
f 506 78 361
f 994 1007 993
f 951 963 964
f 1013 3861 1351
f 3826 1820 1818
f 1498 1954 1482
f 299 543 132
f 1754 1756 1753
f 1681 1683 1682
f 1696 1695 1697
f 13 738 737
f 473 475 474
f 482 768 1640
f 204 30 205
f 1761 820 819
f 611 1125 612
f 1501 1908 1909
f 1074 711 699
f 1960 82 83
f 120 1960 123
f 35 87 34
f 1773 1025 1031
f 1965 1569 1535
f 494 471 479
f 1966 1969 1968
f 446 1971 1967
f 174 125 126
f 1580 1578 1577
f 1785 1787 1784
f 1972 304 305
f 1254 875 999
f 1973 342 514
f 321 1973 509
f 1910 275 1907
f 509 514 508
f 1486 1527 1485
f 1974 804 1975
f 1977 1974 1978
f 1980 1966 1981
f 379 2 295
f 1718 1710 1701
f 884 992 883
f 1680 1678 1679
f 902 525 524
f 344 256 299
f 135 137 136
f 236 228 333
f 448 1967 1966
f 589 604 584
f 910 908 907
f 1981 1968 1987
f 1982 1987 1979
f 1988 1987 1989
f 1990 1989 1991
f 1991 1993 1992
f 322 320 319
f 992 830 883
f 1144 1086 1143
f 1995 1978 1994
f 1133 1118 1126
f 1997 1994 1996
f 870 1335 1489
f 805 1982 1998
f 727 2000 1999
f 1996 1988 1990
f 1994 1979 1988
f 1829 792 1273
f 1830 941 983
f 798 800 799
f 729 731 730
f 2011 2023 2022
f 1834 846 1159
f 402 284 347
f 2022 2024 2025
f 1838 989 988
f 810 952 809
f 1823 1840 644
f 1430 1432 1431
f 1215 1841 1079
f 149 176 177
f 1316 873 872
f 2112 1384 2106
f 1842 1844 1845
f 1159 845 1160
f 837 1846 1120
f 1971 2030 2027
f 517 370 189
f 858 833 812
f 1471 2027 1888
f 3551 626 627
f 2174 770 490
f 935 1854 1010
f 1613 1611 1618
f 1231 1225 1295
f 1856 891 892
f 1300 748 741
f 1150 1858 1859
f 1643 696 1642
f 1215 1264 1216
f 1320 902 901
f 1956 1944 1960
f 2031 669 1474
f 2034 1310 1299
f 1879 1656 1657
f 40 242 39
f 1992 2039 1456
f 888 957 889
f 1882 1996 1990
f 1078 1255 1077
f 1871 1192 1090
f 294 218 219
f 1323 2026 1471
f 123 83 1484
f 1324 2041 1323
f 384 359 352
f 1324 2038 2036
f 1883 1885 1829
f 287 114 107
f 1096 1134 661
f 915 931 916
f 806 1981 1982
f 3533 584 604
f 1425 2042 1018
f 1018 1948 1017
f 3562 740 3519
f 1948 649 646
f 1881 1990 1991
f 1900 130 278
f 992 994 993
f 923 925 924
f 3878 2047 3876
f 1643 625 606
f 2050 2051 2049
f 2045 1404 2047
f 3876 945 3885
f 1139 1079 1841
f 1037 892 982
f 2055 2057 2056
f 1198 718 717
f 1619 1612 1611
f 2058 1606 2059
f 2059 1607 2058
f 2058 1624 1605
f 71 179 37
f 405 1557 382
f 976 1006 977
f 322 1972 1911
f 2061 2063 2062
f 2066 2067 1825
f 2052 2064 2051
f 1609 2066 1647
f 1515 152 1516
f 1009 993 1007
f 1644 3815 2118
f 279 1916 278
f 1285 3862 1284
f 1647 1825 1649
f 2056 2067 2065
f 319 1953 1952
f 667 1913 1914
f 2070 625 2048
f 2052 2055 2063
f 2038 1655 1458
f 1606 2073 2072
f 1235 1270 1236
f 2072 2075 2074
f 2059 2072 2062
f 2074 2077 2076
f 1601 2078 2073
f 2049 1643 1645
f 1000 1001 994
f 1089 684 689
f 1931 1306 1930
f 1462 1021 1022
f 1932 1934 1935
f 875 1846 998
f 1936 1937 1938
f 44 46 92
f 1534 1956 120
f 1541 317 391
f 2081 2084 2083
f 146 1959 300
f 1360 1942 1361
f 985 1032 1033
f 1995 1892 2043
f 2079 2082 2081
f 2095 2076 2077
f 2081 2078 2079
f 2055 2054 2053
f 501 2095 500
f 2097 2099 2098
f 2098 2094 2083
f 2140 3893 3866
f 2141 3894 3893
f 2051 2048 2049
f 592 2101 1576
f 2071 2076 2096
f 2102 2098 2101
f 593 2102 592
f 1019 746 747
f 1950 12 1327
f 725 2096 501
f 1385 2104 1379
f 1379 2106 1384
f 2107 2100 2097
f 3908 502 3896
f 3896 499 3901
f 940 2109 944
f 928 1170 973
f 3868 684 3899
f 1962 1964 1961
f 3878 573 3897
f 2039 1968 1969
f 1389 2110 2109
f 1398 2113 1397
f 3757 3753 3743
f 3911 2107 2103
f 949 924 1115
f 260 324 326
f 1390 2113 2110
f 2070 2064 2071
f 3867 2103 593
f 2105 1421 2114
f 2114 1423 2115
f 3892 2115 3903
f 3908 2114 3892
f 554 1902 553
f 972 967 966
f 1765 1573 1574
f 1984 1986 1983
f 2053 2069 2057
f 3573 724 714
f 1625 1674 1673
f 3881 2119 2122
f 3903 2123 3904
f 56 1906 55
f 626 3879 629
f 2001 2003 2004
f 3912 2127 3907
f 2006 2008 2009
f 2127 1412 2128
f 2014 2016 2017
f 2018 2020 2021
f 1495 1947 197
f 1379 1386 1385
f 3814 1680 1618
f 2029 1884 2028
f 3902 2120 3887
f 629 3914 3872
f 682 943 1089
f 724 2121 716
f 1757 3821 3845
f 765 3844 3809
f 3851 715 3852
f 706 3870 3872
f 981 987 980
f 1457 1656 1880
f 2017 2032 2033
f 1458 1868 1457
f 1776 1792 1793
f 1959 1946 1958
f 3663 3725 3661
f 3913 2122 3850
f 1093 689 1088
f 966 968 972
f 3852 3881 3913
f 2172 2170 2171
f 670 2137 669
f 3761 1903 233
f 1429 28 1449
f 964 978 971
f 3841 1413 2127
f 1473 669 2137
f 3834 1359 1358
f 2138 1870 2137
f 1872 2137 1870
f 715 3888 3881
f 1881 1992 1880
f 3843 739 740
f 1837 3513 3514
f 253 59 85
f 1808 3840 1807
f 1647 3818 1609
f 3865 671 668
f 2112 3883 2111
f 1405 2044 1438
f 3829 1364 1366
f 273 391 249
f 576 3520 3555
f 3875 668 2031
f 1430 2140 2139
f 2136 3860 28
f 1430 18 19
f 3893 570 695
f 1442 2046 2141
f 1431 2141 2140
f 3869 3850 2136
f 3808 1817 766
f 3866 695 671
f 2142 798 2138
f 571 2142 694
f 3819 1618 1611
f 2143 2025 2142
f 694 2138 670
f 681 2144 572
f 2144 2022 2143
f 328 457 290
f 1572 2011 2144
f 630 3903 624
f 2085 2087 2088
f 2090 2092 2089
f 572 2143 571
f 1875 2153 2149
f 1873 2149 2154
f 2103 2097 2102
f 2157 2155 2156
f 2128 1414 2120
f 3874 589 582
f 3872 628 629
f 2149 2158 2159
f 2159 3905 3890
f 698 3902 705
f 3823 3827 1817
f 2158 3874 3905
f 1438 2046 1439
f 2035 2160 2161
f 2161 3889 3886
f 3871 605 589
f 3873 18 3875
f 370 61 451
f 649 413 648
f 2153 2156 2158
f 1428 1449 1450
f 1490 73 1488
f 3890 710 633
f 2155 3891 3871
f 1456 1880 1992
f 2125 2087 2124
f 2160 3890 3889
f 300 505 323
f 1064 1046 1065
f 2043 1891 2155
f 2129 2004 2003
f 2131 2133 2134
f 3848 1450 1449
f 1998 804 805
f 3879 3864 3914
f 474 490 770
f 1164 1182 1177
f 707 3909 3870
f 708 2162 707
f 2162 3886 3909
f 548 1905 458
f 1145 1114 1171
f 705 1650 704
f 2043 1977 1995
f 737 554 559
f 1034 1191 1023
f 458 1907 275
f 195 232 233
f 2040 1969 1970
f 2145 2147 2148
f 2054 2049 1645
f 3832 1639 3818
f 9 11 10
f 252 506 258
f 472 479 471
f 1865 3791 3503
f 900 910 907
f 1941 2151 1942
f 1921 1927 1919
f 2163 1898 2116
f 271 153 178
f 1904 12 9
f 282 264 460
f 1872 2154 2035
f 1326 1897 2163
f 628 693 627
f 1724 1719 1723
f 1549 436 172
f 1582 1730 1729
f 1921 1929 1928
f 3563 10 11
f 2152 1950 1949
f 475 774 771
f 769 2171 473
f 2171 476 473
f 476 772 475
f 1791 464 1760
f 2166 2168 2169
f 595 372 98
f 483 1641 482
f 762 2173 470
f 771 484 492
f 486 1809 483
f 297 1517 296
f 763 2174 762
f 776 759 489
f 184 2176 2000
f 412 303 414
f 2005 185 224
f 3811 1682 3846
f 2164 756 764
f 1472 2161 2162
f 950 964 965
f 2177 2179 2180
f 227 1510 333
f 764 467 2164
f 2182 2184 2181
f 2186 2018 2185
f 1985 2181 1986
f 214 729 1531
f 1545 1546 1569
f 865 842 866
f 849 1357 1362
f 452 1558 454
f 559 3188 737
f 16 737 3188
f 560 498 374
f 3193 3195 3194
f 3200 3198 3199
f 3211 3213 3212
f 3215 3217 3216
f 2187 2002 2001
f 2169 2189 2190
f 2192 2085 2191
f 2193 2195 2196
f 2198 2200 2197
f 1998 1979 1975
f 3664 3668 3671
f 2116 1903 1902
f 1859 2009 1150
f 3904 2126 3906
f 1135 1087 1130
f 2201 2015 2014
f 1149 110 1858
f 3221 3218 3215
f 2203 2205 2206
f 579 1895 1019
f 1755 2208 1756
f 3891 1893 605
f 1211 2150 1727
f 868 2210 2209
f 944 930 940
f 2130 2202 2201
f 233 1898 195
f 665 750 666
f 1167 999 618
f 2211 2213 2214
f 2215 2217 2218
f 3867 590 3868
f 2220 220 2219
f 823 948 1094
f 3225 3227 3226
f 266 455 265
f 3882 2107 3883
f 2221 3519 3517
f 2223 2225 2226
f 2207 2124 2208
f 673 3869 3864
f 817 996 815
f 2227 2146 2145
f 1947 646 749
f 3900 17 3873
f 2229 1638 1381
f 1679 1618 1680
f 1637 2232 2230
f 2233 1617 1616
f 2231 2236 2237
f 1381 2238 1382
f 3586 2242 3587
f 1630 2233 1631
f 1681 472 469
f 1408 2243 2244
f 3236 3238 3237
f 3232 3240 3235
f 1637 2238 1638
f 3237 3233 3234
f 1409 1634 2245
f 1380 2247 2246
f 1628 2245 1621
f 2249 1622 1633
f 1632 1408 2244
f 2248 1631 2250
f 2235 1637 1636
f 3245 3199 3198
f 631 2071 725
f 515 52 49
f 782 2251 1251
f 2253 2255 2252
f 397 459 784
f 1456 2040 1455
f 2040 2036 1455
f 1401 2111 1398
f 2041 1970 2026
f 1535 414 1965
f 1586 2080 2079
f 2256 1132 1886
f 1700 3918 3919
f 3815 1686 3817
f 1263 1886 1096
f 598 844 599
f 2257 2259 2260
f 2258 2262 2259
f 2259 2263 2216
f 2260 2216 2215
f 1967 1970 1969
f 2212 1963 2213
f 922 2218 2217
f 1312 1101 2264
f 1307 1286 789
f 1548 1546 1972
f 2266 2268 2265
f 2265 2270 2269
f 2272 2269 2271
f 2273 2265 2272
f 2275 2277 2274
f 2278 2277 2279
f 2284 3617 3639
f 2287 2286 2281
f 2288 2283 2287
f 2290 3639 3620
f 2291 2293 2294
f 2295 2294 2279
f 2296 2291 2295
f 2297 2292 2291
f 2294 2299 2300
f 2279 2300 2278
f 2298 2302 2292
f 2292 2303 2293
f 2293 2304 2299
f 2304 2306 2299
f 2306 2300 2299
f 2308 2310 2307
f 2302 2310 2303
f 2301 2307 2302
f 2312 2307 2311
f 2313 2315 2316
f 2318 2320 2317
f 3748 2322 2323
f 2324 2273 2326
f 2313 2326 2327
f 2328 2313 2316
f 2329 2324 2328
f 2331 2333 2330
f 2330 2267 2266
f 2325 2266 2273
f 2329 2330 2325
f 2333 2335 2267
f 2336 2333 2332
f 2338 2332 2337
f 2331 2337 2332
f 2329 2339 2331
f 2328 2340 2329
f 2316 2341 2328
f 2342 2315 2343
f 2344 2346 2347
f 2341 2347 2340
f 2342 2344 2341
f 2348 2345 2344
f 2350 2352 2353
f 2339 2353 2337
f 2340 2350 2339
f 2347 2351 2350
f 2337 2354 2338
f 2353 2355 2354
f 2356 2276 2357
f 2356 2358 2359
f 2356 2296 2295
f 2279 2356 2295
f 2360 2270 2268
f 2267 2360 2268
f 2362 2364 2365
f 2362 2361 2358
f 2366 2358 2357
f 2366 2363 2362
f 2357 2368 2366
f 2366 2369 2367
f 2276 2370 2368
f 2368 2282 2369
f 2372 2374 2371
f 2375 2377 2007
f 2378 2380 2381
f 2382 2381 2383
f 2384 2378 2382
f 2385 2379 2378
f 2388 2390 2387
f 2387 2392 2391
f 2393 2387 2391
f 2394 2388 2387
f 2186 2402 2400
f 2403 2327 2326
f 2272 2326 2273
f 2271 2403 2272
f 2405 2404 2403
f 2404 2408 2327
f 2409 2411 2412
f 2409 2271 2269
f 2413 2269 2270
f 2413 2410 2409
f 2417 2416 2418
f 2417 2406 2405
f 2412 2405 2271
f 2411 2417 2412
f 2406 2407 2404
f 3569 632 713
f 2420 2397 2421
f 2420 2423 2422
f 2424 2422 2419
f 2424 2398 2420
f 2425 2392 2426
f 2421 2426 2423
f 2397 2425 2421
f 2396 2391 2425
f 2427 2315 2314
f 2427 2408 2428
f 2430 2428 2429
f 2343 2427 2430
f 2432 2430 2431
f 2431 2429 2433
f 2435 2433 2434
f 2436 2431 2435
f 2428 2407 2437
f 2422 2407 2419
f 2438 2422 2423
f 2429 2437 2438
f 2440 2433 2439
f 2441 2433 2429
f 2442 2439 2441
f 2443 2440 2439
f 2445 2444 2443
f 2447 2443 2442
f 2383 2445 2447
f 2381 2446 2445
f 2448 2423 2426
f 2449 2426 2392
f 2441 2449 2442
f 2441 2438 2448
f 2449 2390 2450
f 2450 2389 2451
f 2447 2451 2383
f 2442 2450 2447
f 2451 2453 2452
f 2452 2455 2454
f 2382 2454 2384
f 2383 2452 2382
f 2456 2373 2372
f 2459 2461 2458
f 2463 2465 2462
f 2462 2285 2284
f 2466 2284 2290
f 2467 2462 2466
f 2461 3703 3701
f 2468 2470 2471
f 2472 2471 2473
f 2474 3701 3688
f 2475 2477 2478
f 2458 2453 2479
f 2479 2389 2388
f 2395 2479 2388
f 2480 2458 2479
f 2481 2483 2478
f 2484 2485 221
f 2471 2464 2463
f 2473 2463 2467
f 2487 2466 2486
f 2486 2290 2488
f 2490 2488 2489
f 2491 2486 2490
f 2492 2467 2487
f 2493 2487 2491
f 2494 2492 2493
f 2495 2473 2492
f 3690 2474 3688
f 3691 2496 3690
f 2498 2493 2499
f 2500 2499 2501
f 3700 2498 2500
f 3687 2494 2498
f 2306 2278 2300
f 2305 2504 2306
f 2504 2507 2506
f 2506 2288 2508
f 2274 2508 2275
f 2278 2506 2274
f 3633 2489 2488
f 3620 2488 2290
f 2507 2289 2288
f 2505 2509 2507
f 2508 2287 2511
f 2511 2281 2280
f 2370 2280 2282
f 2275 2511 2370
f 2512 2489 2513
f 2514 2513 2515
f 2517 2514 2516
f 2517 2490 2512
f 2499 2491 2517
f 2499 2516 2501
f 2510 2519 2518
f 2518 2521 2520
f 3616 2520 3621
f 3632 2518 3616
f 2522 2303 2310
f 2523 2310 2309
f 2305 2522 2524
f 2524 2523 2525
f 2519 2525 2521
f 2505 2524 2519
f 2308 2527 2526
f 2526 2529 2528
f 2531 2528 2530
f 2309 2526 2531
f 1214 2151 1211
f 2419 2418 2424
f 2533 2349 2317
f 2534 2317 2320
f 2535 2533 2534
f 2536 2345 2533
f 2537 2346 2536
f 2538 2536 2535
f 2539 2537 2538
f 2540 2351 2537
f 2312 2541 2527
f 2527 2542 2529
f 2543 2434 2544
f 2545 2544 2546
f 2319 2543 2545
f 2318 2435 2543
f 2514 2548 2547
f 2547 2550 2549
f 2552 2549 2551
f 2552 2514 2547
f 2520 2554 2553
f 2553 2556 2555
f 3590 2555 3593
f 3621 2553 3590
f 2523 2531 2557
f 2557 2530 2558
f 2525 2557 2559
f 2559 2558 2560
f 2554 2560 2556
f 2521 2559 2554
f 2561 2007 2006
f 2376 2225 2377
f 2564 2566 2563
f 2563 338 2567
f 2569 2567 2568
f 2570 2563 2569
f 2572 2574 2571
f 2571 2576 2575
f 2544 2575 2546
f 2544 2572 2571
f 2578 2569 2577
f 2579 2569 2568
f 2574 2579 2576
f 2573 2577 2574
f 2581 2583 2580
f 2584 2583 2585
f 3697 2580 2584
f 3676 2580 3675
f 2582 2552 2583
f 2583 2551 2585
f 2500 2589 2588
f 2590 2589 2591
f 3693 2588 2590
f 3695 2500 2588
f 2501 2591 2589
f 2592 2594 2595
f 2386 2503 2502
f 2596 2386 2374
f 2596 2373 2597
f 2599 2597 2598
f 2599 2379 2596
f 2600 2380 2599
f 2600 2598 2601
f 2603 2601 2602
f 2603 2446 2600
f 2604 2602 2605
f 2440 2605 2434
f 2444 2604 2440
f 2606 2581 2607
f 2606 2590 2591
f 2591 2582 2606
f 3676 2456 3689
f 3689 2372 3693
f 2478 2608 2481
f 2609 2611 2199
f 2564 2613 2612
f 2612 2598 2597
f 2457 2597 2373
f 2565 2612 2457
f 2614 2570 2578
f 2615 2578 2573
f 2602 2614 2615
f 2601 2613 2614
f 2572 2605 2616
f 2616 2602 2615
f 2573 2616 2615
f 1459 1045 1021
f 1265 1079 1082
f 1612 1609 1611
f 2067 2069 2068
f 1135 1136 1148
f 1938 2618 2617
f 95 458 128
f 2058 1608 1612
f 1454 1445 1367
f 655 1048 2619
f 722 2621 723
f 1131 1033 1134
f 562 366 1497
f 1723 1725 1591
f 1786 1122 1787
f 267 323 266
f 1325 1654 2038
f 1468 1435 1479
f 658 529 528
f 8 247 7
f 382 1559 3
f 788 1307 789
f 940 929 928
f 911 2623 912
f 2621 655 654
f 2624 2625 2626
f 998 27 26
f 635 2626 2625
f 2627 644 1840
f 2628 1840 2629
f 1200 2627 2628
f 1199 641 2627
f 1520 49 477
f 1452 1349 1451
f 2630 1859 1858
f 644 1335 1823
f 1197 717 2632
f 2632 719 1166
f 2628 1166 1200
f 2629 2632 2628
f 1762 1050 821
f 1823 873 1839
f 2634 794 652
f 1028 1027 1161
f 1042 2635 1043
f 93 1901 1924
f 2036 1458 1455
f 1527 1525 1526
f 877 1274 1277
f 134 797 1544
f 1328 931 1329
f 607 1091 1161
f 1043 2637 2636
f 2636 2639 2638
f 1275 2638 1276
f 1275 1043 2636
f 1272 2626 2640
f 2640 638 637
f 1110 2640 637
f 536 2640 2641
f 1472 1474 1473
f 2042 1951 649
f 1058 1105 1059
f 2642 2643 2644
f 1192 2644 1193
f 912 2642 1192
f 3898 3526 3786
f 1049 2620 2621
f 616 1885 613
f 1331 666 750
f 990 1198 525
f 1911 321 322
f 1298 1205 2645
f 76 1504 75
f 1502 421 422
f 610 658 691
f 1146 659 938
f 2646 914 936
f 1280 1238 1279
f 975 2647 2648
f 2647 975 974
f 1453 1452 1451
f 1514 158 151
f 835 1843 1842
f 1271 1173 1289
f 2649 813 2650
f 1893 1826 1894
f 1050 1937 1051
f 2651 814 813
f 1006 1281 977
f 2653 2654 2655
f 1001 1003 1002
f 585 679 558
f 2624 621 620
f 555 2028 556
f 1207 1197 2629
f 1626 478 472
f 426 419 1567
f 1030 1773 1031
f 3898 634 3880
f 534 138 262
f 1125 1042 1041
f 333 88 227
f 569 561 730
f 1489 871 870
f 1857 620 891
f 1673 3770 3763
f 622 864 1308
f 2647 974 2657
f 619 891 620
f 261 545 262
f 393 1556 404
f 2658 2647 2657
f 1075 2657 917
f 1081 2658 1075
f 1080 2659 2658
f 2644 1141 2660
f 2660 1140 1336
f 642 1336 643
f 1193 2660 642
f 679 555 558
f 1503 1500 1502
f 1318 1101 1100
f 2661 1139 1142
f 2661 2663 2662
f 2662 2659 2661
f 2662 2622 2664
f 2664 911 2646
f 2648 2646 1146
f 2648 2662 2664
f 2083 2093 2081
f 1442 1437 1439
f 519 330 51
f 1885 1209 613
f 799 805 804
f 1946 1952 1953
f 1302 1253 1252
f 566 224 533
f 1389 928 1388
f 683 681 680
f 836 1842 2665
f 2665 1845 1303
f 2666 1303 1302
f 24 2665 2666
f 831 2650 832
f 1845 1304 1303
f 2010 2012 2011
f 1051 2667 2668
f 1522 1511 1523
f 531 441 522
f 782 1251 1250
f 1250 2625 2669
f 2669 1857 1856
f 783 1856 1037
f 782 2669 783
f 720 2671 721
f 1055 1930 1056
f 1333 1251 2251
f 619 1308 1307
f 652 2619 2634
f 521 1539 1540
f 1838 537 2672
f 2672 536 2641
f 1113 2641 1110
f 1113 1838 2672
f 1016 1351 1045
f 3897 570 3894
f 226 104 101
f 3564 3827 1818
f 1036 1884 1883
f 2674 1304 2673
f 2673 1844 2675
f 1334 2675 1039
f 1333 2673 1334
f 2676 1039 2675
f 1843 2675 1844
f 942 2676 1843
f 1074 702 2676
f 811 859 858
f 752 1055 753
f 1200 656 1026
f 1120 874 2677
f 2677 877 1052
f 1241 1052 1005
f 1119 2677 1241
f 1560 151 1515
f 1208 611 523
f 215 736 214
f 1460 1462 1461
f 1208 1839 873
f 854 1282 1297
f 72 182 179
f 544 1565 512
f 217 456 457
f 2047 930 945
f 1204 1937 2633
f 913 686 685
f 840 1113 1112
f 1531 730 561
f 2678 1283 801
f 601 1914 602
f 1537 459 460
f 1819 3509 3527
f 991 862 538
f 2679 1073 1830
f 2680 983 2256
f 779 2256 1263
f 778 2680 779
f 2678 1830 2680
f 180 245 40
f 1886 1131 1134
f 1138 1274 1255
f 1841 1140 1139
f 75 314 74
f 193 420 192
f 2681 1099 1098
f 170 1565 169
f 349 417 432
f 1121 2684 2683
f 547 409 302
f 123 121 120
f 2643 1142 1141
f 1542 513 1543
f 899 907 919
f 1210 676 867
f 791 982 892
f 24 837 836
f 893 932 931
f 1860 863 862
f 535 862 861
f 832 813 812
f 2650 813 832
f 1569 1547 1568
f 181 542 180
f 660 937 688
f 2013 568 2012
f 887 2631 2630
f 1524 361 78
f 520 162 1529
f 2653 854 2685
f 1238 2655 2686
f 718 527 530
f 1492 518 1491
f 792 615 793
f 599 1835 596
f 290 456 175
f 312 1552 425
f 1248 1179 1249
f 153 177 178
f 1240 1222 1221
f 1257 1235 1071
f 1291 1083 1222
f 1052 1277 1053
f 743 2618 1204
f 444 430 443
f 23 1172 1187
f 2687 1180 1179
f 102 409 134
f 1283 610 801
f 373 650 651
f 1180 1084 1291
f 855 2655 1237
f 1173 1917 1174
f 2689 853 2688
f 2688 1108 1279
f 2686 1279 1238
f 2687 2688 2686
f 2691 1252 2690
f 2690 850 2689
f 1248 2689 2687
f 1248 2691 2690
f 2692 24 2666
f 2691 2666 1302
f 1247 2692 2691
f 1258 617 2692
f 394 1555 393
f 2693 1259 1223
f 1072 1262 1261
f 1257 1168 1258
f 398 1555 1554
f 871 1314 872
f 1178 1249 1179
f 1224 1173 1172
f 1010 2618 742
f 1175 1292 1269
f 2654 2686 2655
f 2694 1216 1264
f 71 1487 70
f 701 1111 1038
f 1072 2649 2650
f 1085 22 21
f 895 1264 896
f 1601 1605 1604
f 1259 1271 1289
f 21 1220 1083
f 988 538 537
f 598 1336 1140
f 820 1762 821
f 1050 818 821
f 1298 1761 2652
f 1168 618 617
f 858 1256 833
f 39 516 1536
f 2652 819 814
f 313 315 314
f 2026 1971 2027
f 2656 596 1835
f 814 818 811
f 2696 813 2649
f 1260 2649 1261
f 2693 2696 1260
f 2697 2651 2696
f 381 390 380
f 3818 1611 1609
f 1475 1428 1227
f 1292 1917 1235
f 1551 354 1518
f 1526 1523 1511
f 1593 1595 1573
f 1232 1246 1249
f 2695 1223 22
f 2698 1296 2697
f 2698 2693 2695
f 2685 2695 1085
f 2685 1297 2698
f 562 271 272
f 2652 1296 1298
f 1365 1364 1363
f 1958 1953 1957
f 585 2210 997
f 1561 1515 435
f 975 1146 976
f 347 68 346
f 1038 636 1068
f 2700 780 2699
f 2699 1036 1883
f 2701 1883 1829
f 851 2699 2701
f 2674 2251 2702
f 2702 781 2700
f 1253 2700 851
f 1301 2702 1253
f 1519 388 1550
f 1273 1280 2703
f 2703 1107 852
f 2701 852 851
f 1829 2703 2701
f 91 326 90
f 1784 2656 1785
f 2683 2705 2704
f 604 3499 3533
f 1669 3548 1662
f 2062 2060 2059
f 621 861 622
f 2023 732 2024
f 686 1263 687
f 857 2668 1328
f 883 882 879
f 637 1111 1110
f 2668 893 1328
f 2667 894 2668
f 1039 1068 1334
f 313 1504 1505
f 1911 305 453
f 1936 1964 2212
f 2707 2401 2183
f 2708 2183 2182
f 738 2116 554
f 2349 2432 2436
f 2711 2020 2019
f 2400 2019 2186
f 2714 2716 2713
f 2717 2719 2720
f 2721 2723 2724
f 2726 2728 2725
f 2725 2730 2729
f 2731 2729 2709
f 2732 2725 2731
f 2734 2736 2733
f 2738 2740 2737
f 2737 2741 2742
f 2744 2746 2743
f 2745 2748 2747
f 2749 2747 2751
f 2753 2751 2752
f 2250 2246 2248
f 2754 1614 2755
f 3598 2755 3609
f 3608 2747 3609
f 1617 2755 1614
f 2242 1620 2757
f 2191 2760 2759
f 2761 2760 2762
f 3648 2761 3649
f 3623 2759 3648
f 3209 3223 3224
f 1395 2236 2235
f 1395 1636 1615
f 1616 2229 2233
f 1617 2763 2756
f 2756 3628 3608
f 2765 2234 1630
f 2766 3628 3622
f 3202 3246 3247
f 1516 435 1515
f 2768 3552 3553
f 1495 578 1424
f 2135 28 17
f 3526 2773 2774
f 1690 3926 3925
f 2778 2780 2777
f 2777 2781 2782
f 2784 2777 2783
f 3555 575 576
f 1494 9 540
f 3529 2015 3566
f 451 505 450
f 2786 2788 2785
f 2779 2785 2780
f 2789 2741 2740
f 2790 2752 2789
f 2792 2794 2791
f 2793 2796 2794
f 2796 2750 2749
f 2794 2749 2753
f 2798 1396 2754
f 3591 2754 3598
f 2798 2800 1393
f 3591 2799 2798
f 2797 2795 2801
f 2791 2753 2790
f 216 232 54
f 3804 2807 3803
f 3805 2804 3803
f 2769 3557 3552
f 183 184 97
f 2811 2775 2776
f 2804 2776 2805
f 2809 2811 2804
f 2812 2813 2814
f 3805 2816 3795
f 3796 2815 3795
f 3798 2820 2821
f 3793 2819 3798
f 2824 2735 2819
f 2823 2824 2819
f 2825 2826 2724
f 3793 2827 3792
f 3796 2826 3792
f 2713 2829 2828
f 2828 2831 2830
f 2822 2828 2830
f 2821 2713 2828
f 2832 2822 2830
f 2833 2830 2831
f 2834 2832 2833
f 2835 2827 2832
f 2837 2839 2836
f 2836 2841 2840
f 2842 2840 2727
f 2843 2836 2842
f 2840 2845 2844
f 2718 2845 2719
f 2730 2844 2718
f 2727 2844 2728
f 2846 2719 2845
f 2846 2841 2847
f 2829 2847 2831
f 2829 2716 2846
f 2847 2839 2848
f 2848 2838 2849
f 2833 2849 2834
f 2831 2848 2833
f 2850 2851 2852
f 2853 2852 2854
f 2783 2782 2855
f 2785 2853 2856
f 2780 2856 2781
f 2857 2855 2782
f 2859 2782 2781
f 2861 2842 2860
f 2860 2727 2726
f 2862 2726 2732
f 2863 2860 2862
f 2861 2858 2857
f 2843 2857 2859
f 2856 2854 2864
f 2781 2864 2859
f 2837 2859 2864
f 2838 2864 2854
f 2852 2834 2849
f 2854 2849 2838
f 2865 2818 2835
f 2851 2835 2834
f 2813 2815 2865
f 2814 2865 2851
f 2866 2814 2850
f 2788 2850 2853
f 2866 2787 2867
f 2812 2867 2775
f 1892 1890 1891
f 2720 2846 2870
f 298 256 257
f 2872 2713 2820
f 3794 2735 2734
f 2729 2874 2873
f 2846 2715 2870
f 2876 2878 2875
f 2733 2878 2734
f 3806 2879 2880
f 3806 2872 3794
f 2882 2884 2881
f 2881 2715 2714
f 2880 2714 2872
f 2879 2881 2880
f 2885 2887 2888
f 2888 2890 2885
f 2885 2892 2891
f 2893 2885 2891
f 1942 2532 2894
f 2895 2720 2870
f 2884 2870 2715
f 2883 2895 2884
f 2896 2892 2895
f 2889 2717 2890
f 2890 2720 2892
f 2897 2891 2896
f 2898 2896 2883
f 2899 2883 2882
f 2900 2882 2879
f 3797 2879 3807
f 2876 2901 2877
f 2901 2904 2903
f 1785 1835 1834
f 2905 2899 2900
f 2907 2897 2898
f 3797 2903 3799
f 632 577 633
f 3532 2867 2787
f 434 550 350
f 2768 3640 3643
f 2910 1623 2249
f 2241 2758 2242
f 3640 2913 3652
f 1623 2757 1620
f 3587 2757 3652
f 2229 1380 2250
f 2765 1629 2914
f 2915 1629 2912
f 3642 2914 2915
f 3641 2765 2914
f 2919 3642 3613
f 2918 2912 2241
f 3614 2241 3586
f 3618 3613 3670
f 3541 2180 3496
f 3521 2188 3506
f 3705 714 3851
f 2925 2917 2924
f 2924 2916 2919
f 3610 2919 3618
f 3611 2924 3610
f 2926 2766 2925
f 3658 2925 3611
f 1715 1705 1710
f 785 498 796
f 1387 565 1791
f 374 1899 560
f 3573 2206 3556
f 2929 2886 2893
f 2932 2934 2931
f 1905 1908 1907
f 2930 2936 2937
f 2938 2930 2929
f 1493 517 518
f 1603 1586 1602
f 2939 2929 2908
f 2940 2908 2907
f 3665 1600 3661
f 2886 2937 2887
f 2906 2898 2899
f 2908 2893 2897
f 2942 2933 2941
f 2941 2937 2936
f 3501 2936 3513
f 3498 2941 3501
f 2943 2710 2873
f 2943 2874 2889
f 2945 2889 2888
f 2946 2943 2945
f 2932 2888 2887
f 2931 2945 2932
f 727 1929 728
f 2903 2947 2948
f 545 42 262
f 1480 533 251
f 2907 2949 2940
f 2906 2950 2949
f 1558 215 202
f 3799 2948 3801
f 2054 1644 2118
f 3705 2203 3573
f 1828 1849 1827
f 2953 2955 2952
f 2952 2957 2956
f 2956 2258 2952
f 2953 2258 2257
f 2454 2474 2496
f 3747 2959 3766
f 3747 2131 3737
f 2961 2963 2958
f 2958 2964 2959
f 222 2485 2965
f 2477 2966 2608
f 2631 2006 1859
f 2384 2496 2497
f 2967 2959 2964
f 2968 2970 2969
f 3759 2971 3784
f 3784 2960 3766
f 2972 2033 2032
f 2007 2973 2008
f 3560 2134 2133
f 1836 1832 1831
f 3506 2090 3551
f 955 959 956
f 672 674 673
f 633 713 632
f 2024 733 803
f 2025 803 798
f 425 1550 388
f 2975 888 887
f 1319 1157 2694
f 1212 2977 1213
f 889 2228 2227
f 1978 1975 1979
f 1138 1329 915
f 751 2979 2978
f 1619 1625 1624
f 2252 1728 1727
f 1157 845 1216
f 2706 1938 2617
f 2980 2254 2981
f 2982 887 2630
f 802 711 2679
f 678 2029 2028
f 527 690 528
f 1839 2629 1840
f 2983 602 1914
f 2983 1913 1331
f 2985 1331 1054
f 2986 2983 2985
f 2987 2635 2634
f 2985 2639 2986
f 2990 1318 2989
f 2991 2993 2994
f 2995 2994 2996
f 1106 2991 2995
f 1058 2992 2991
f 1415 1365 1367
f 1317 2217 2997
f 1932 2255 2980
f 926 2999 664
f 3001 2992 3000
f 3000 1057 2978
f 2999 2978 2979
f 2998 3000 2999
f 3002 2209 3003
f 3002 2996 2994
f 2993 3002 2994
f 3001 2998 3002
f 1103 2995 3004
f 3004 2996 3003
f 2209 3004 3003
f 588 3004 2210
f 295 433 381
f 2638 2988 3005
f 3005 1056 1930
f 1305 1930 1306
f 1276 3005 1305
f 1987 1993 1989
f 2633 1761 2645
f 1423 1417 1419
f 3561 739 703
f 2671 2704 2705
f 1473 2035 1472
f 922 2694 895
f 1401 1378 1384
f 556 1884 1037
f 842 3825 3836
f 1854 2617 1010
f 933 1081 1075
f 1440 1436 1437
f 529 719 530
f 1031 1027 1028
f 777 912 1871
f 2645 1204 2633
f 441 1538 1537
f 790 587 586
f 2065 1610 1607
f 1860 990 902
f 60 87 59
f 1424 1948 1947
f 332 1507 331
f 261 138 135
f 187 449 507
f 1719 1726 1725
f 1931 1059 3006
f 3006 1105 1104
f 1287 1104 587
f 1286 3006 1287
f 3007 3009 3010
f 3009 653 795
f 618 26 25
f 2029 1210 1209
f 957 600 2228
f 1049 2228 600
f 2631 3011 2561
f 890 2227 3011
f 3011 2145 3012
f 2561 3012 2375
f 1026 609 608
f 2706 1961 1964
f 3013 2485 3014
f 2148 1267 3015
f 3015 1266 1311
f 2997 1101 1317
f 642 1773 1193
f 186 461 511
f 1041 1320 901
f 1121 3017 1122
f 2984 2987 3018
f 3018 2634 2619
f 1048 3018 2619
f 603 2984 3018
f 2679 801 802
f 2062 2074 2061
f 2061 2076 2064
f 414 1545 1965
f 3016 2683 3019
f 3019 2704 2670
f 3020 2670 720
f 3007 3019 3020
f 1871 1091 777
f 3021 1122 3017
f 3022 3017 3010
f 1314 3022 1315
f 1784 3021 1314
f 1316 1763 611
f 3023 3010 3009
f 3023 795 1092
f 1763 1092 1125
f 1315 3023 1763
f 3016 3010 3017
f 752 2978 1057
f 2986 2637 2987
f 3024 653 3008
f 3020 3008 3007
f 720 3024 3020
f 723 654 3024
f 2681 1268 3025
f 2671 1268 721
f 2705 3025 2671
f 1313 3027 1311
f 3026 3029 3027
f 3027 3030 3031
f 1311 3031 3015
f 2012 731 2023
f 917 974 977
f 743 856 744
f 1888 2030 1425
f 2682 2684 3032
f 3032 1124 2989
f 1100 2989 1318
f 1099 3032 1100
f 1123 2989 1124
f 3033 1159 1158
f 2990 1158 1319
f 1123 3033 2990
f 1786 1834 3033
f 1054 2988 2985
f 2979 664 2999
f 2623 2663 2643
f 1095 688 687
f 3034 2261 2956
f 3036 2956 2957
f 3037 3034 3036
f 3038 3035 3034
f 3040 3026 1313
f 2263 3041 3040
f 3042 3043 3041
f 3041 3028 3026
f 3044 3043 3039
f 3046 3045 3044
f 3047 3049 3045
f 3043 3049 3028
f 3038 3051 3050
f 3050 3053 3052
f 3052 3044 3050
f 3039 3050 3044
f 3054 3039 3042
f 3042 2262 3054
f 2261 3054 2262
f 2216 2997 2217
f 2212 2667 1936
f 3056 2209 3055
f 934 1961 1854
f 2013 3757 567
f 3058 3060 3061
f 3059 3063 3060
f 3060 2213 1963
f 3061 1963 1962
f 3063 2214 2213
f 3062 3064 3063
f 3065 2260 3064
f 3064 2215 2214
f 3066 3031 3030
f 2608 3067 3066
f 2966 3068 3067
f 3031 3068 3015
f 2455 2461 2474
f 2476 2226 2477
f 3551 2089 3525
f 3526 3769 3786
f 433 355 381
f 2115 1419 2123
f 3509 2922 3527
f 3769 2131 2134
f 3069 2167 2166
f 2971 2928 2960
f 2961 2773 2962
f 3070 2478 2483
f 2610 3071 2954
f 2502 2374 2386
f 3072 2595 3073
f 2964 3052 2967
f 3048 3074 3049
f 2593 3075 3074
f 3075 3029 3074
f 3074 3028 3049
f 3072 3075 2592
f 3076 2482 2481
f 2481 3066 3076
f 3076 3030 3075
f 2967 3053 2970
f 2482 3073 2483
f 479 493 494
f 706 3873 709
f 3561 2221 3517
f 2013 3754 3755
f 3533 2016 3529
f 3562 2222 2974
f 1171 1155 1176
f 2586 2565 2587
f 2982 113 2484
f 2562 3077 3068
f 2376 3012 3077
f 3012 2148 3077
f 3077 3015 3068
f 2963 3046 2964
f 3051 2970 3053
f 1683 491 775
f 3850 1447 3860
f 1986 3734 3768
f 3079 2546 2575
f 3081 2575 2576
f 1983 3768 3765
f 3082 2319 2545
f 3080 2545 2546
f 3734 3082 3080
f 3732 2323 3082
f 1309 1888 748
f 3073 2772 2771
f 2760 3084 2762
f 2760 2088 3083
f 3085 3086 3087
f 3089 3090 3088
f 3089 3084 3085
f 3092 3090 3091
f 3093 2744 2743
f 2751 2748 3093
f 3093 2752 2751
f 2742 3093 3094
f 3094 2743 3095
f 3096 3098 3087
f 3099 3087 3086
f 3097 3095 3098
f 3100 2746 3101
f 3101 3102 3100
f 2764 2927 3101
f 2745 3101 2746
f 3102 3091 3100
f 3100 3095 2743
f 2869 3592 3634
f 3102 3104 3092
f 3658 2869 3634
f 2927 3103 3102
f 3098 3091 3090
f 3087 3090 3085
f 2088 3105 3083
f 3083 3086 3084
f 2483 2771 3070
f 2401 2185 2321
f 3099 3105 3106
f 2125 3106 3105
f 3108 2742 3107
f 3107 3094 3097
f 3110 3107 3109
f 3109 3097 3096
f 3111 3096 3099
f 3112 3109 3111
f 3113 2737 3108
f 3115 2722 3114
f 3117 3114 3116
f 3119 3116 3118
f 3118 3120 3121
f 3116 3113 3120
f 3122 3111 3123
f 3122 1755 1754
f 3124 3126 3127
f 3125 3121 3126
f 3128 3118 3125
f 3129 3125 3124
f 2020 3128 3129
f 3853 1346 1352
f 1065 1047 1066
f 1814 3830 1649
f 2021 3129 3130
f 3111 3106 3123
f 3123 2207 1755
f 2377 2224 2973
f 3014 113 112
f 1756 3782 3767
f 3131 2530 2528
f 3133 2528 2529
f 1753 3767 3775
f 3134 3127 3135
f 2327 2314 2313
f 2436 2317 2349
f 2018 3711 3712
f 2534 3137 2535
f 2320 3136 2534
f 2185 3712 3771
f 3138 2542 2539
f 3134 3744 3745
f 3785 3134 3745
f 3140 2539 2538
f 2535 3140 2538
f 3711 3130 3785
f 2558 3132 3141
f 3782 3141 3132
f 2560 3141 3142
f 3760 3142 3141
f 958 2976 2981
f 1933 2980 3143
f 2399 2418 2416
f 2348 2343 2432
f 2322 2319 2323
f 2718 2874 2730
f 2709 2873 2710
f 2894 1361 1942
f 346 176 347
f 1876 1882 1881
f 2802 3607 3592
f 3104 3088 3092
f 2974 3649 3603
f 3089 2761 2762
f 3088 3145 3089
f 2803 3603 3607
f 3870 692 628
f 2123 1418 2126
f 1365 1368 1367
f 1581 1782 1783
f 3569 2129 3520
f 3555 2002 3521
f 3146 2551 3147
f 3751 3147 3750
f 3742 3146 3751
f 3149 2585 3146
f 3196 3197 3195
f 3604 2191 3623
f 3142 2556 2560
f 3777 3150 3142
f 3646 2550 3593
f 3150 2555 2556
f 3778 3151 3150
f 3788 3152 3646
f 3153 2551 2549
f 3152 2549 2550
f 3781 3153 3152
f 3776 3147 3153
f 3148 2206 2205
f 2183 2321 2184
f 2132 2928 2133
f 3684 2204 2203
f 3719 2197 3721
f 2594 2773 2951
f 2595 2951 2772
f 1870 799 1869
f 3713 2178 3706
f 3706 3736 3790
f 336 3774 3722
f 339 3154 336
f 3789 3149 3742
f 3683 2584 3149
f 2963 3048 3047
f 3722 337 336
f 339 2566 2586
f 3156 2168 2167
f 2610 2167 2611
f 2954 3156 2610
f 3157 2953 2257
f 3707 2169 3709
f 2567 3159 2568
f 337 2567 338
f 3730 2166 3707
f 3764 1983 3765
f 2579 3081 2576
f 2568 3160 2579
f 3709 2190 3764
f 3065 3162 3161
f 3161 1984 2189
f 3157 2189 2168
f 2257 3161 3157
f 734 1922 806
f 3059 2708 3163
f 3163 2182 1985
f 3162 1985 1984
f 3062 3163 3162
f 3203 3205 3204
f 2122 1448 1447
f 3817 1685 3812
f 139 444 69
f 1570 566 533
f 2957 3165 3036
f 2955 3164 2957
f 1912 341 1973
f 3130 3124 3134
f 1548 319 1547
f 1949 1327 1887
f 2969 3078 3167
f 3167 3169 3168
f 3724 2017 3720
f 3720 2033 3759
f 3168 3165 3170
f 3170 3164 3171
f 3779 3171 3756
f 3724 3170 3779
f 3171 3166 3172
f 3172 3071 3173
f 3752 3173 3749
f 3756 3172 3752
f 3169 3036 3165
f 2593 2962 2594
f 3173 2609 3174
f 3174 2199 2198
f 3783 2198 3719
f 3749 3174 3783
f 2190 1984 1983
f 2196 2767 3148
f 2119 1414 1448
f 1464 1466 1465
f 2199 3069 2200
f 2457 2587 2565
f 2226 2562 2966
f 481 1627 1639
f 333 235 236
f 3078 3037 3169
f 3040 2997 2263
f 2219 1933 2220
f 2385 2497 2503
f 221 3175 2484
f 2220 3143 3175
f 3175 2976 2975
f 2484 2975 2982
f 2954 3166 2955
f 2630 110 2982
f 1547 1952 1955
f 2091 2188 2187
f 3733 2178 2177
f 1918 1927 1926
f 3563 111 3511
f 955 960 954
f 2037 112 3563
f 3143 2981 2976
f 2218 2214 2215
f 672 3787 3541
f 2152 3014 2037
f 1147 1143 1145
f 2248 1409 2245
f 1615 1635 1616
f 1410 2246 2247
f 3241 3242 3240
f 3177 1383 1382
f 2238 3176 1382
f 3176 2230 3178
f 1410 3179 1407
f 3179 2243 1407
f 1633 2800 2249
f 1621 2758 2912
f 1622 2245 1634
f 2236 3181 3182
f 2237 3182 3183
f 2250 2233 2229
f 2912 1628 1621
f 135 1564 1563
f 1567 512 1565
f 1085 2653 2685
f 3184 868 3056
f 869 3057 934
f 1266 1098 1312
f 1267 722 721
f 937 2646 936
f 2146 722 2147
f 2211 921 2667
f 1957 507 449
f 1313 2264 3040
f 1496 1493 1492
f 2681 2705 2682
f 2887 2933 2932
f 1687 1659 1694
f 145 1498 81
f 1317 1319 2694
f 37 418 71
f 1935 3185 2977
f 104 301 103
f 2101 2083 2084
f 543 360 207
f 1934 3186 3185
f 234 212 237
f 3845 1822 1824
f 1976 1874 1974
f 223 2219 220
f 3655 3605 3612
f 468 773 2165
f 1935 1728 1932
f 3240 3226 3235
f 3261 3250 3260
f 3215 3244 3264
f 3265 3215 3264
f 3267 3198 3196
f 3205 3269 3255
f 3214 3265 3270
f 3271 3214 3192
f 3251 3239 3236
f 3222 3266 3272
f 3232 3234 3233
f 3216 3243 3244
f 3196 3268 3267
f 3244 3254 3255
f 3238 3247 3246
f 3264 3255 3269
f 3253 3216 3217
f 3211 3221 3265
f 3257 3218 3256
f 3258 3272 3259
f 3274 3280 3273
f 3228 3262 3263
f 3275 3281 3280
f 3226 3273 3280
f 3236 3260 3251
f 3281 3236 3237
f 3287 3192 3189
f 3235 3280 3234
f 3234 3281 3237
f 3288 3259 3272
f 3260 3276 3251
f 3289 3278 3284
f 3210 3224 3283
f 3199 3201 3200
f 3228 3230 3229
f 3290 3285 3286
f 3282 3271 3287
f 3260 3262 3261
f 3243 3268 3254
f 3267 3241 3232
f 3194 3208 3193
f 3191 3269 3206
f 3270 3192 3214
f 3275 3230 3231
f 3264 3270 3265
f 3252 3276 3291
f 3248 3291 3223
f 3213 3279 3277
f 3272 3289 3288
f 3277 3212 3213
f 3228 3281 3231
f 3220 3253 3219
f 3219 3217 3257
f 3256 3222 3258
f 3247 3252 3248
f 3245 3232 3233
f 3266 3212 3289
f 3208 3255 3254
f 3288 3284 3285
f 3204 3208 3207
f 560 3187 559
f 3209 3201 3202
f 3189 3191 3190
f 448 807 447
f 647 122 270
f 1833 1780 1832
f 510 508 507
f 3210 1887 3201
f 1887 3200 3201
f 15 3197 3200
f 16 3195 3197
f 3195 3187 3194
f 3194 1899 3207
f 3207 375 3204
f 387 126 127
f 3189 1760 3287
f 3577 757 758
f 763 2172 2175
f 3583 3580 3581
f 3581 3579 3578
f 3594 3596 3595
f 3400 3602 3401
f 3626 3625 3627
f 3631 3599 3601
f 3636 3595 3596
f 3647 3588 3645
f 3650 3584 3647
f 3653 3580 3651
f 3653 3654 3579
f 1801 3656 3655
f 3651 3582 3650
f 3644 3595 3637
f 1767 3659 3660
f 1597 3661 1600
f 1708 3665 3664
f 3671 3667 3666
f 3666 3673 3672
f 1588 3664 1587
f 2080 3666 2082
f 2082 3672 2084
f 3674 3635 3631
f 3677 3636 3635
f 3682 3645 3681
f 3692 3650 3686
f 3681 3644 3680
f 786 3692 785
f 3694 3651 3692
f 785 3686 497
f 497 3682 650
f 650 3681 564
f 3696 3681 3680
f 3405 3605 3402
f 3702 3678 3677
f 3699 3679 3678
f 3645 3638 3644
f 1799 3659 1768
f 3708 3458 3460
f 3462 3708 3460
f 3714 564 3696
f 3615 3602 3600
f 3710 3696 3698
f 3635 3596 3599
f 3629 3627 3630
f 3597 3599 3596
f 3630 3715 3629
f 3627 3597 3594
f 3717 3723 3718
f 3715 3660 3629
f 3716 3725 3715
f 3668 3661 3725
f 3668 3717 3667
f 3667 3718 3673
f 3727 3673 3718
f 3728 3672 3673
f 3726 3718 3723
f 1576 2084 3672
f 3727 3731 3729
f 3203 1387 3190
f 3190 1791 3189
f 3283 1949 3210
f 317 259 391
f 2000 3653 3694
f 3601 3600 3602
f 3589 3584 3585
f 3577 756 2170
f 3585 3582 3583
f 3678 3637 3636
f 3204 376 3203
f 1801 3657 1799
f 3729 3728 3727
f 1575 3738 1088
f 3735 1576 3728
f 1776 1796 1775
f 1293 1290 1284
f 1326 1327 12
f 1294 1234 1290
f 878 1330 1337
f 497 374 498
f 122 413 121
f 3699 3704 3708
f 3606 3401 3602
f 3708 3698 3699
f 3464 3710 3462
f 3704 3443 3458
f 439 399 438
f 1512 1526 1511
f 1668 1738 1671
f 839 1362 838
f 1362 826 1012
f 3843 1896 3815
f 2053 2118 2117
f 3888 2120 2119
f 696 3816 3831
f 1826 639 640
f 3740 3729 3731
f 956 886 960
f 1980 1922 807
f 33 105 164
f 1343 3856 3857
f 3907 2128 3902
f 1766 1582 1594
f 14 2163 738
f 595 99 594
f 3233 3246 3245
f 1346 1044 1352
f 748 1425 747
f 3193 3254 3268
f 3190 3206 3203
f 3612 3606 3615
f 3624 3615 3625
f 3631 3443 3674
f 3679 3644 3637
f 3686 3647 3682
f 3702 3674 3704
f 3625 3600 3597
f 3601 3415 3631
f 3739 3735 3729
f 3630 3594 3741
f 3741 3716 3630
f 1284 1288 1285
f 3698 3680 3679
f 1778 1780 1779
f 1792 1584 1789
f 695 571 694
f 3638 3594 3595
f 3741 3588 3589
f 3247 3209 3202
f 3292 3294 3295
f 3296 3298 3299
f 3299 3300 3301
f 3302 3304 3305
f 3306 3308 3309
f 3307 3311 3308
f 3303 3301 3300
f 3312 3304 3313
f 3314 3316 3317
f 3318 3320 3321
f 3324 3321 3325
f 3326 3328 3323
f 3329 3331 3332
f 3333 3335 3336
f 3337 3339 3340
f 3333 3341 3342
f 3342 3343 3344
f 3319 3344 3343
f 3338 3334 3339
f 3346 3302 3347
f 3305 3347 3302
f 3312 3223 3349
f 3350 3340 3351
f 3312 3348 3305
f 3352 3341 3326
f 3311 3354 3308
f 3341 3327 3326
f 3359 3361 3362
f 3360 3250 3249
f 3318 3345 3319
f 3364 3318 3324
f 3314 3324 3365
f 3366 3301 3346
f 3299 3367 3296
f 3308 3368 3309
f 3369 3295 3294
f 3317 3364 3314
f 3370 3317 3316
f 3325 3365 3324
f 3352 3319 3343
f 3296 3353 3311
f 3297 3311 3310
f 3363 3354 3345
f 3345 3353 3344
f 3344 3367 3342
f 3366 3342 3367
f 3347 3334 3346
f 3339 3348 3340
f 3348 3351 3340
f 3363 3369 3368
f 3294 3368 3369
f 3293 3309 3294
f 3331 3374 3332
f 3346 3333 3366
f 3323 3352 3326
f 3356 3321 3320
f 3355 3325 3321
f 3357 3371 3325
f 3322 3320 3352
f 3361 3329 3362
f 3373 3375 3374
f 3374 3376 3332
f 3329 3376 3362
f 3327 3372 3328
f 3336 3375 3327
f 3335 3376 3375
f 3376 3337 3362
f 3337 3359 3362
f 3359 3276 3250
f 3377 3295 3370
f 3277 3315 3278
f 3371 3379 3365
f 3378 3358 3380
f 3365 3315 3314
f 3316 3279 3370
f 3282 3370 3279
f 3313 3224 3312
f 3378 3284 3379
f 3380 3285 3378
f 3379 3278 3315
f 3276 3351 3291
f 3291 3349 3223
f 3313 2965 3013
f 2965 3303 222
f 222 3300 223
f 223 3298 3186
f 3298 3185 3186
f 3297 2977 3185
f 3310 1213 2977
f 3307 1214 1213
f 2532 3306 3293
f 2894 3293 3292
f 2871 3292 3377
f 3253 3240 3242
f 3283 3013 2152
f 1997 1889 1892
f 1237 744 855
f 1535 120 121
f 1531 201 214
f 1119 1032 984
f 946 824 947
f 163 5 162
f 3589 3723 3741
f 1155 1162 1164
f 427 327 424
f 553 796 498
f 3381 2231 2237
f 3381 2230 2232
f 2237 3180 3381
f 3383 3385 3382
f 3384 3387 3385
f 3386 3389 3387
f 3388 3391 3389
f 3392 3394 3395
f 3395 3396 3397
f 3398 3397 3396
f 3400 3399 3398
f 3403 3405 3402
f 3406 3404 3403
f 3408 3407 3406
f 3410 3409 3408
f 3412 3411 3410
f 3415 3398 3414
f 3414 3396 3416
f 3416 3394 3417
f 3417 3393 3418
f 3393 3420 3418
f 3419 3421 3420
f 3390 3422 3421
f 3388 3423 3422
f 3386 3424 3423
f 3384 3425 3424
f 3425 3426 3184
f 2904 3428 2947
f 3429 2904 2902
f 3430 2902 2876
f 2875 3430 2876
f 3432 2733 2736
f 2825 3435 2824
f 3437 3439 3436
f 3441 3436 3440
f 2724 3434 2825
f 3436 3115 3117
f 3440 3117 3119
f 3443 3414 3442
f 3442 3416 3444
f 3444 3417 3445
f 3445 3418 3446
f 3446 3420 3447
f 3420 3448 3447
f 3421 3449 3448
f 3422 3450 3449
f 3423 3451 3450
f 3424 3452 3451
f 3425 3056 3452
f 3451 2253 2252
f 3450 2252 1727
f 3449 1727 2150
f 3448 2150 1941
f 3453 3448 1941
f 3454 3447 3453
f 3455 3446 3454
f 3456 3445 3455
f 3442 3456 3457
f 3443 3457 3458
f 3459 3458 3457
f 3457 3455 3459
f 3459 3454 3461
f 3462 3459 3461
f 3461 3453 3463
f 3464 3461 3463
f 3463 1941 1360
f 3404 3401 3405
f 3407 3399 3404
f 3409 3397 3407
f 3411 3395 3409
f 3465 3413 3412
f 3467 3469 3466
f 3465 3431 3433
f 3470 3466 3465
f 3438 3432 3435
f 3467 3438 3437
f 3468 3437 3441
f 3471 3468 3472
f 3472 3441 3473
f 3473 3440 2712
f 2712 3119 3128
f 3475 3472 3474
f 3474 3473 3476
f 3476 2712 2711
f 3477 2711 2400
f 3478 3476 3477
f 3479 3474 3478
f 3392 3413 3480
f 3466 3480 3413
f 3419 3392 3480
f 3390 3480 3391
f 3469 3391 3480
f 3389 3471 3475
f 3387 3475 3479
f 3385 3479 3481
f 3482 2400 2402
f 3483 3477 3482
f 3481 3478 3483
f 3484 2402 2707
f 3058 2707 2708
f 3061 3484 3058
f 3485 3482 3484
f 3382 3481 3486
f 3486 3483 3485
f 3426 3382 3487
f 3487 3486 1962
f 3486 3061 1962
f 1961 3487 1962
f 3057 3426 3487
f 3428 3402 3488
f 3427 3403 3428
f 3429 3406 3427
f 3430 3408 3429
f 3431 3410 3430
f 3470 3433 3432
f 3434 3438 3435
f 2723 3439 3434
f 2875 3433 3431
f 2736 3435 3432
f 2947 3488 3500
f 3464 1360 3497
f 1900 1924 1901
f 1736 1718 1750
f 1955 1943 1956
f 1671 1735 1751
f 1696 1698 1692
f 1800 1864 1801
f 2063 2056 2060
f 1737 1717 1736
f 1751 1697 1695
f 943 3899 684
f 3656 3402 3605
f 1577 1764 1703
f 3917 1599 3923
f 1945 82 1944
f 68 7 248
f 147 1543 148
f 1109 1133 1102
f 1503 1907 1908
f 1499 1909 1498
f 452 735 215
f 1824 3835 3845
f 1825 2068 1824
f 1463 1022 1194
f 841 1009 1011
f 1568 1955 1534
f 1926 1927 1923
f 1910 1502 1939
f 1939 422 442
f 309 1940 308
f 1804 1866 1803
f 269 1954 56
f 2065 2060 2056
f 3812 1758 3835
f 280 552 1940
f 1875 1869 1874
f 1739 1734 1737
f 1778 1790 1788
f 310 1915 279
f 1909 1906 1954
f 1789 1778 1788
f 978 980 979
f 1584 1731 1583
f 425 311 312
f 148 115 116
f 2044 3894 2046
f 277 1939 551
f 1943 1945 1944
f 1461 1463 1464
f 2253 3056 3055
f 2981 3489 958
f 2209 3489 3055
f 2254 3055 3489
f 2998 958 3489
f 2826 2721 2724
f 3490 2721 2817
f 2816 3490 2817
f 2334 2296 2335
f 2298 2334 2336
f 2301 2336 2338
f 2311 2338 2354
f 2312 2354 2355
f 2359 2361 2360
f 2335 2359 2360
f 2414 2365 2364
f 2413 2361 2365
f 2355 2540 2541
f 2541 2539 2542
f 2722 2739 2738
f 3114 2738 3113
f 3110 3121 3120
f 3108 3120 3113
f 3122 3127 3126
f 3112 3126 3121
f 3127 1753 3135
f 3139 2529 2542
f 3744 3133 3139
f 3490 2740 2739
f 3491 2789 3490
f 228 91 88
f 245 243 242
f 248 247 191
f 2 296 295
f 145 300 267
f 327 210 328
f 329 331 330
f 250 228 236
f 239 240 230
f 373 375 374
f 178 176 175
f 1218 1228 1321
f 3862 1295 3854
f 808 824 823
f 3858 1013 1014
f 3813 1411 1413
f 2154 2159 2160
f 3845 1758 1757
f 306 1922 452
f 2157 1976 1977
f 708 2031 1474
f 1450 1227 1428
f 1672 1605 1624
f 1813 1821 1816
f 1717 1715 1718
f 176 402 347
f 1710 3916 3915
f 1712 1577 1711
f 1705 1711 1704
f 971 979 970
f 822 1094 1102
f 2909 2793 2792
f 2810 2795 2793
f 2799 2249 2800
f 3662 2910 2799
f 2769 2801 2795
f 3177 3178 3179
f 3178 3180 3179
f 3181 1393 2800
f 3181 1632 3182
f 3182 2244 3183
f 3183 2243 3180
f 3492 2790 3491
f 2808 3491 2816
f 2239 3572 2240
f 1149 3571 3570
f 1150 3567 3571
f 2202 3566 2015
f 2921 3565 2923
f 3568 2133 2928
f 1777 1759 1792
f 1201 1183 1184
f 3561 2195 2194
f 3553 2770 2768
f 3927 1687 1692
f 1516 154 503
f 3549 2974 2803
f 3550 2779 2778
f 2771 3575 3546
f 3070 3546 3558
f 3547 2775 2867
f 1376 1370 1372
f 2767 3556 2206
f 2195 3543 2767
f 2775 3542 2776
f 3377 3545 2871
f 3804 3539 2806
f 2776 3538 2805
f 2240 3535 2920
f 2920 3669 3619
f 3548 2786 2779
f 1805 1851 1804
f 3534 2787 2786
f 2951 3540 3531
f 2772 3531 3575
f 2973 3530 3536
f 2224 3537 3530
f 1957 320 510
f 306 304 303
f 2770 3528 2913
f 2913 3574 2239
f 2923 3527 2922
f 308 431 47
f 207 132 543
f 1879 1881 1880
f 3733 3525 2089
f 2475 3558 3524
f 2476 3524 3523
f 2223 3523 3537
f 3522 2803 2802
f 2037 11 1950
f 1959 450 505
f 2003 3520 2129
f 9 334 540
f 2009 3518 3567
f 2008 3536 3518
f 3877 673 3879
f 3515 2778 2784
f 2935 3513 2936
f 111 3570 3511
f 3510 2935 2938
f 683 3885 943
f 3508 2810 2909
f 736 732 729
f 1795 1803 1796
f 3505 2938 2939
f 3507 2939 2940
f 2950 3504 2949
f 2940 3504 3507
f 3801 3512 2950
f 2868 3502 2869
f 2869 3522 2802
f 1024 1023 1020
f 3500 2948 2947
f 551 442 443
f 2972 3568 2928
f 2032 3499 2972
f 216 1924 1923
f 203 201 200
f 1828 1847 1837
f 1958 449 450
f 272 178 175
f 2871 3495 1361
f 3619 3564 2921
f 2801 3643 3662
f 2005 3654 2176
f 960 899 962
f 3657 3612 3624
f 3780 3646 3151
f 3151 3593 2555
f 2193 3623 2194
f 3607 3145 3144
f 3603 2761 3145
f 3592 3144 3104
f 2926 3634 3103
f 3634 3104 3103
f 3755 3746 3753
f 566 3758 2005
f 3488 1864 3500
f 1602 2079 2078
f 2868 3611 2922
f 2922 3610 2923
f 2923 3618 2921
f 3670 2918 3614
f 3619 3614 2920
f 2921 3670 3619
f 2920 3586 2240
f 3613 2915 2918
f 2917 3622 3641
f 2916 3641 3642
f 2239 3652 2913
f 2911 3652 2757
f 3643 2911 2910
f 2797 3662 3591
f 2797 3598 2750
f 3622 2763 2765
f 3608 2764 2745
f 2194 3648 2221
f 2221 3649 2222
f 2756 3609 2755
f 2750 3609 2747
f 3669 1817 3827
f 3763 1691 1699
f 2515 3590 2548
f 2548 3593 2550
f 2513 3632 3616
f 2513 3621 2515
f 2509 3620 2289
f 2510 3633 2509
f 2289 3639 2283
f 2283 3617 2286
f 2240 3587 2239
f 3659 3624 3626
f 716 3887 3888
f 727 3761 1923
f 2165 2170 2164
f 3660 3626 3629
f 3743 3578 3757
f 2175 769 770
f 2100 2095 2099
f 3758 3757 3578
f 640 3568 1826
f 1653 3553 1651
f 1895 3530 746
f 746 3537 741
f 1653 3528 3576
f 3762 1604 1672
f 2093 2073 2078
f 959 995 884
f 962 919 986
f 1400 1398 1399
f 1000 1127 1004
f 956 884 885
f 1662 3550 1661
f 2034 3546 1654
f 3926 3539 3802
f 3535 766 1817
f 3572 765 766
f 334 3571 335
f 1868 3540 1656
f 1684 1652 1678
f 1682 775 1807
f 1585 3762 1700
f 3763 1672 1673
f 2173 490 491
f 1658 3547 1752
f 3556 1650 724
f 1571 2010 1572
f 1587 3671 2080
f 2099 2077 2094
f 787 1999 786
f 2000 786 1999
f 3155 3697 3683
f 3713 3683 3789
f 2180 3685 3684
f 3496 3684 3705
f 1684 3840 1651
f 1760 3495 3545
f 2607 3693 2590
f 2581 3689 2607
f 2371 3700 3695
f 2371 3693 2372
f 2587 3675 2586
f 2586 3697 339
f 2497 3687 2503
f 2502 3687 3700
f 2494 3690 2495
f 3690 2472 2495
f 3688 2468 2472
f 3701 2469 2468
f 726 3892 630
f 581 3518 580
f 10 3570 334
f 1837 3510 1849
f 741 3523 1300
f 1299 3558 2034
f 1851 3504 1866
f 3527 1820 1819
f 580 3536 1895
f 1758 3522 3502
f 1693 3508 1806
f 3504 1867 1866
f 1894 3568 3499
f 2126 3813 3841
f 3906 3841 3912
f 2113 3867 2110
f 2179 3789 3685
f 624 3904 623
f 2192 3788 3780
f 2177 3787 3733
f 1364 3833 1338
f 3858 1470 1453
f 3135 3775 3744
f 2069 3835 2068
f 1351 3853 1352
f 2108 3901 499
f 2089 3736 3733
f 3828 1358 866
f 2001 3783 2187
f 2187 3719 2091
f 2130 3752 2004
f 2004 3749 2001
f 2014 3779 2201
f 2201 3756 2130
f 3167 3759 2969
f 3168 3720 3167
f 3159 3764 3160
f 3160 3765 3081
f 3730 3158 337
f 3158 3709 3159
f 2200 3730 3722
f 3685 3742 2204
f 3722 2197 2200
f 3790 2092 3721
f 3774 3721 2197
f 3154 3790 3774
f 3155 3706 3154
f 2091 3721 2092
f 2196 3750 3776
f 2193 3776 3781
f 3604 3781 3788
f 2086 3780 3778
f 2087 3778 3777
f 2204 3751 2205
f 2205 3750 3148
f 3909 574 692
f 2124 3777 3760
f 2208 3760 3782
f 3711 3140 3137
f 3785 3138 3140
f 3745 3139 3138
f 3771 3136 2322
f 3712 3137 3136
f 3775 3131 3133
f 3767 3132 3131
f 1813 3838 1814
f 1293 3856 1344
f 2184 3748 3732
f 2181 3732 3734
f 3765 3079 3081
f 3768 3080 3079
f 709 3875 2031
f 2774 3737 3769
f 3786 2134 3559
f 3809 766 765
f 2968 3766 2959
f 2969 3784 2968
f 2958 3737 2961
f 2132 3766 2960
f 2321 3771 3748
f 3860 1449 28
f 3905 582 710
f 3886 577 574
f 3847 1818 3827
f 705 3887 2121
f 3816 3907 698
f 2111 3911 2113
f 3810 1366 1411
f 1812 3822 1815
f 675 3852 674
f 3496 3851 675
f 2110 3868 2109
f 2104 3901 2106
f 2109 3899 944
f 3842 703 739
f 1680 3846 1684
f 1639 3819 3818
f 623 3906 697
f 2139 3866 3865
f 1808 3844 3837
f 3820 1819 1820
f 3872 3900 706
f 1646 3830 1648
f 3889 633 577
f 2139 3875 18
f 2156 3871 3874
f 674 3913 3869
f 2117 3812 2069
f 1815 3847 3823
f 3855 1444 1470
f 697 3912 3816
f 866 3836 3828
f 3864 2136 2135
f 3585 3726 3589
f 3583 3731 3585
f 3753 3738 3739
f 3740 3581 3743
f 1088 3746 1093
f 3739 3743 3753
f 2791 3493 2792
f 3492 2807 3493
f 2792 3494 2909
f 3493 2806 3494
f 3508 3494 3516
f 3516 2806 3539
f 2948 3791 3801
f 2105 3896 2104
f 3538 3804 2805
f 680 3876 683
f 1891 3910 3891
f 2905 3801 2950
f 2900 3799 2905
f 2901 3807 2877
f 2734 3806 3794
f 2877 3806 2878
f 2820 3794 2872
f 2818 3792 2827
f 2823 3792 2826
f 2822 3798 2821
f 2819 3800 3798
f 2817 3795 2816
f 2809 3795 2815
f 2808 3803 2807
f 2805 3803 2804
f 1702 3923 1599
f 3922 1797 1802
f 3915 1706 1709
f 3918 1692 1698
f 1657 3880 1879
f 1890 3895 3910
f 3772 1674 1675
f 1689 3772 3773
f 3926 3538 1688
f 3516 1689 3773
f 3917 1703 1764
f 1598 3928 1770
f 3880 1876 1879
f 1691 3925 3927
f 3925 1688 1687
f 1117 1118 3930
f 1066 1322 3930
f 1243 847 3930
f 3825 848 3930
f 1128 1117 3930
f 1129 1130 3930
f 841 1011 3930
f 1230 3863 3930
f 1242 1243 3930
f 1322 1229 3930
f 1064 1065 3930
f 1003 1128 3930
f 1229 1230 3930
f 3863 1285 3930
f 1285 1288 3930
f 848 839 3930
f 847 3825 3930
f 1118 1129 3930
f 1065 1066 3930
f 1087 1086 3930
f 1008 1002 3930
f 1011 1008 3930
f 1002 1003 3930
f 1076 1069 3930
f 838 841 3930
f 839 838 3930
f 1288 1242 3930
f 1130 1087 3930
f 1086 1076 3930
f 1069 1064 3930
f 2410 2414 3931
f 2411 2410 3931
f 3617 2285 3931
f 2394 2393 3931
f 2393 2396 3931
f 2281 2286 3931
f 2282 2280 3931
f 2398 2399 3931
f 2465 2464 3931
f 2396 2397 3931
f 2470 2469 3931
f 2399 2416 3931
f 2480 2395 3931
f 2459 2480 3931
f 2369 2282 3931
f 2460 2459 3931
f 2415 2411 3931
f 2416 2415 3931
f 2364 2363 3931
f 2286 3617 3931
f 2464 2470 3931
f 2469 3703 3931
f 2285 2465 3931
f 2414 2364 3931
f 2395 2394 3931
f 2363 2367 3931
f 2397 2398 3931
f 2280 2281 3931
f 3703 2460 3931
f 2367 2369 3931
f 4 3 2
f 8 7 6
f 13 16 15
f 17 28 19
f 32 31 30
f 36 35 34
f 37 40 39
f 21 22 23
f 25 26 27
f 41 44 43
f 48 47 46
f 52 51 50
f 53 56 55
f 60 59 58
f 29 30 62
f 66 65 64
f 67 5 6
f 72 71 70
f 76 75 74
f 77 80 79
f 81 84 83
f 59 87 86
f 88 91 90
f 96 95 94
f 100 99 98
f 101 104 103
f 106 105 34
f 108 116 115
f 117 119 36
f 124 127 126
f 131 130 129
f 132 102 134
f 142 141 140
f 148 106 60
f 144 143 127
f 149 152 151
f 156 155 154
f 159 150 158
f 116 108 164
f 171 170 169
f 174 126 173
f 179 182 181
f 186 189 188
f 194 197 196
f 199 142 139
f 206 209 208
f 213 212 211
f 202 215 214
f 96 93 216
f 92 238 43
f 97 184 246
f 250 249 229
f 252 254 58
f 258 257 256
f 260 91 229
f 110 111 112
f 114 264 263
f 265 268 267
f 56 53 270
f 274 273 249
f 185 183 63
f 280 279 278
f 285 284 283
f 288 219 211
f 141 142 92
f 289 290 175
f 148 116 105
f 312 311 170
f 238 262 42
f 318 163 160
f 310 309 308
f 241 239 325
f 160 230 240
f 47 48 307
f 108 109 315
f 345 85 86
f 348 351 350
f 356 359 358
f 355 354 353
f 363 31 32
f 364 252 253
f 366 125 368
f 183 372 371
f 163 162 161
f 209 226 101
f 378 377 165
f 379 295 381
f 383 382 3
f 284 285 386
f 387 127 389
f 391 259 229
f 73 281 397
f 405 408 407
f 203 218 411
f 414 121 413
f 1 356 357
f 277 276 131
f 254 344 57
f 358 384 415
f 417 416 386
f 401 400 192
f 419 389 127
f 421 181 182
f 103 301 302
f 428 367 368
f 380 390 359
f 62 204 266
f 140 141 431
f 357 358 351
f 356 1 379
f 415 392 403
f 437 428 436
f 438 441 440
f 188 451 450
f 265 455 181
f 224 185 64
f 237 212 213
f 275 131 128
f 281 282 460
f 50 462 79
f 73 74 282
f 468 467 466
f 390 355 352
f 482 485 484
f 489 488 487
f 493 496 495
f 472 471 470
f 502 501 500
f 220 221 222
f 512 419 143
f 518 517 511
f 513 239 230
f 205 30 31
f 189 370 451
f 163 318 532
f 533 224 225
f 446 448 447
f 335 541 540
f 544 512 546
f 329 519 291
f 199 534 262
f 385 386 416
f 532 190 191
f 363 117 118
f 578 581 580
f 573 572 571
f 561 563 562
f 241 260 259
f 590 593 592
f 545 546 595
f 503 154 155
f 606 625 624
f 478 481 480
f 646 649 648
f 590 591 689
f 564 565 651
f 728 246 184
f 714 724 716
f 692 574 575
f 541 335 581
f 346 68 248
f 161 231 230
f 128 129 94
f 698 705 704
f 574 577 576
f 290 289 401
f 630 631 725
f 733 736 735
f 755 466 496
f 759 480 481
f 757 763 762
f 764 496 466
f 768 767 3808
f 759 760 488
f 492 474 475
f 474 770 769
f 773 468 465
f 771 774 486
f 484 485 775
f 774 776 489
f 495 496 764
f 495 757 761
f 137 397 784
f 325 239 797
f 165 519 51
f 369 32 29
f 730 731 568
f 90 302 301
f 243 118 516
f 800 734 806
f 817 815 808
f 816 808 823
f 306 303 447
f 815 810 809
f 829 830 828
f 726 725 501
f 274 427 424
f 879 882 881
f 884 883 879
f 219 218 217
f 906 905 904
f 455 204 205
f 898 882 830
f 903 900 880
f 377 291 519
f 923 949 948
f 946 947 951
f 3519 740 739
f 900 899 886
f 225 64 65
f 182 445 442
f 809 952 947
f 954 960 962
f 927 950 965
f 885 879 880
f 925 927 966
f 343 342 341
f 965 964 971
f 968 971 970
f 972 968 969
f 963 961 981
f 336 337 338
f 992 993 827
f 810 815 996
f 1007 1001 1002
f 1012 826 827
f 1011 1009 1007
f 294 293 292
f 907 908 920
f 1017 579 1019
f 1020 1023 1022
f 1035 1024 1020
f 1061 1060 1047
f 1063 1061 1046
f 1044 1020 1021
f 1102 1094 1097
f 1116 1126 1118
f 1016 1015 1014
f 881 897 904
f 816 1116 1127
f 1094 948 949
f 514 342 167
f 146 145 81
f 1133 1135 1130
f 1102 1133 1126
f 822 1126 1116
f 1145 1143 1148
f 1076 1144 1151
f 1148 1143 1086
f 1109 1097 1114
f 1154 1153 1156
f 1153 925 967
f 3464 3497 463
f 1144 1147 1152
f 1156 967 1163
f 1164 1162 1169
f 1145 1171 1176
f 1114 1115 1154
f 1183 1155 1164
f 1184 1183 1177
f 1069 1151 1062
f 1023 1191 1194
f 1162 1163 1170
f 1195 1184 1185
f 1183 1196 1176
f 1201 1063 1152
f 1061 1063 1201
f 3825 847 843
f 1203 1202 1195
f 1202 1201 1184
f 1218 1060 1203
f 1060 1061 1202
f 1225 1218 1217
f 671 695 694
f 1219 1217 1024
f 1217 1203 1034
f 1226 1014 1015
f 1243 1242 1234
f 1231 1230 1229
f 847 1243 1233
f 843 1233 1244
f 1233 1234 1245
f 1923 3761 233
f 2100 2108 499
f 3914 3864 2135
f 61 62 323
f 210 211 217
f 1299 1310 1309
f 3863 1230 1231
f 1066 1047 1321
f 1322 1321 1228
f 1060 1218 1321
f 1325 1324 1323
f 1244 1245 1332
f 1290 1234 1242
f 1337 1330 1339
f 1330 1332 1340
f 1341 1332 1245
f 1342 1340 1332
f 1343 1342 1341
f 1344 1341 1294
f 3857 3856 1345
f 1347 1348 1342
f 3856 3854 1295
f 1349 1350 1348
f 3861 1349 1347
f 3853 1347 1343
f 906 898 829
f 905 906 1353
f 865 1356 1355
f 1355 1353 829
f 1357 1355 825
f 1356 1354 1353
f 3834 1337 1338
f 866 1358 1356
f 1358 1359 1354
f 3828 878 1337
f 838 1362 1012
f 1363 1364 1338
f 1368 1363 1339
f 1348 1368 1340
f 1371 1369 3824
f 524 525 526
f 528 529 530
f 1372 1370 1369
f 535 536 537
f 1367 1368 1348
f 1370 1354 1359
f 1369 1359 3833
f 1373 910 903
f 555 556 557
f 1374 909 910
f 1373 904 905
f 1374 1373 1375
f 1375 905 1354
f 1378 920 908
f 376 373 651
f 1388 928 973
f 586 587 588
f 1390 1389 1388
f 1391 1388 969
f 597 598 599
f 600 601 602
f 1392 1391 970
f 608 609 610
f 612 524 523
f 614 615 616
f 617 618 25
f 620 621 622
f 1397 1390 1391
f 1398 1397 1392
f 1400 987 920
f 1402 1403 1165
f 636 637 638
f 930 1404 1402
f 641 642 643
f 929 1402 1169
f 1404 1405 1403
f 1411 1366 1365
f 1412 1406 1415
f 652 653 654
f 609 656 657
f 659 660 661
f 558 663 586
f 665 666 667
f 1413 1411 1406
f 1418 1416 3810
f 1417 1372 1371
f 1416 1371 3829
f 1419 1417 1416
f 1386 909 1374
f 677 678 679
f 1385 1386 1420
f 1420 1374 1376
f 685 686 687
f 1421 1420 1422
f 528 690 691
f 1422 1376 1372
f 1018 1019 747
f 699 700 701
f 1424 578 579
f 3663 1597 1767
f 700 699 711
f 1093 3746 3754
f 717 718 530
f 721 722 723
f 704 1650 3543
f 19 1429 1426
f 1429 1428 1427
f 1658 1659 3542
f 1439 1437 1434
f 1437 1436 1435
f 1426 1427 1433
f 1442 1431 1432
f 742 743 744
f 1432 1433 1441
f 751 752 753
f 1438 1434 1403
f 1446 1445 1444
f 1447 1448 1446
f 3860 1447 1443
f 1415 1367 1445
f 1414 1415 1446
f 2173 1683 469
f 777 778 779
f 780 781 782
f 1676 1693 1806
f 3859 1451 1349
f 789 790 791
f 745 792 793
f 652 794 795
f 1455 1458 1457
f 1454 1367 1350
f 610 691 802
f 3831 3816 698
f 1352 1044 1045
f 1015 1016 1459
f 811 812 813
f 2118 3815 3817
f 819 820 821
f 1466 1463 1194
f 1467 1468 1465
f 1182 1165 1468
f 832 812 833
f 835 836 837
f 1467 1466 1190
f 1469 1470 1444
f 840 700 712
f 1453 1470 1469
f 599 844 845
f 1226 1450 3849
f 851 852 853
f 855 744 856
f 858 859 860
f 861 862 863
f 1014 1226 3855
f 867 676 868
f 870 871 872
f 874 875 876
f 1310 1323 1471
f 1476 1433 1427
f 1461 1476 1475
f 887 888 889
f 788 791 892
f 894 895 896
f 1460 1475 1227
f 901 902 524
f 1465 1478 1477
f 1865 3503 3500
f 911 912 913
f 916 917 918
f 1850 3505 3507
f 921 922 895
f 1479 1435 1436
f 926 664 667
f 1481 562 563
f 269 1483 84
f 931 932 933
f 934 935 614
f 936 685 688
f 938 659 662
f 1484 270 122
f 941 942 835
f 320 321 509
f 1849 3510 3505
f 84 1483 1484
f 1487 1490 1488
f 1757 1758 3502
f 365 1492 1491
f 461 79 80
f 117 363 362
f 1494 540 541
f 926 601 957
f 1477 1441 1433
f 1709 1588 1585
f 119 117 1496
f 271 1497 504
f 511 517 189
f 345 1496 1492
f 57 344 299
f 1501 1499 268
f 267 268 1499
f 974 975 976
f 1678 1652 1693
f 3846 1682 1807
f 557 982 663
f 983 941 984
f 1443 1444 3849
f 421 1500 268
f 989 990 991
f 1490 1487 418
f 279 280 309
f 997 868 676
f 998 26 999
f 1504 418 38
f 1506 1508 1507
f 360 361 1508
f 1506 1486 207
f 939 1005 1006
f 270 1484 1483
f 66 63 546
f 1010 742 793
f 367 428 437
f 244 31 363
f 1670 3532 3534
f 209 206 1510
f 388 389 426
f 427 274 250
f 161 520 521
f 100 246 45
f 1025 1026 608
f 1029 1030 1031
f 939 662 1033
f 41 42 594
f 1036 780 783
f 702 701 1038
f 1040 1041 1042
f 362 32 369
f 187 1520 477
f 70 1487 539
f 1049 600 603
f 613 867 869
f 860 1050 1051
f 1005 1052 1053
f 753 1055 1056
f 1057 1058 1059
f 293 288 1522
f 288 212 1521
f 292 1522 1523
f 331 1507 1508
f 306 452 453
f 100 44 41
f 462 1524 78
f 330 331 1524
f 635 1067 1068
f 1485 1527 1526
f 206 1485 1528
f 1070 1071 1072
f 942 941 1073
f 916 933 1075
f 440 1529 1530
f 157 158 1514
f 1529 162 5
f 371 595 546
f 790 586 663
f 1077 858 857
f 1403 1434 1435
f 1080 1081 1082
f 531 520 1529
f 21 1083 1084
f 272 1532 1531
f 690 712 802
f 335 3571 3567
f 1090 1030 1029
f 1092 795 794
f 1533 396 137
f 661 660 1095
f 69 444 445
f 1099 1100 1101
f 38 39 1536
f 1104 1105 1106
f 852 1107 1108
f 1377 908 909
f 291 377 411
f 316 1536 516
f 539 1488 1533
f 1505 1536 316
f 1110 1111 1112
f 1539 1537 460
f 522 441 1537
f 834 837 1120
f 1122 1123 1124
f 612 1125 1041
f 935 793 615
f 276 278 130
f 1686 3549 3522
f 193 190 1541
f 231 521 1540
f 556 1037 982
f 365 253 85
f 190 532 318
f 1810 765 3574
f 3924 1867 3512
f 1132 983 985
f 208 101 102
f 1134 1033 662
f 1491 518 80
f 429 133 1542
f 1137 1138 915
f 172 436 428
f 1139 1140 1141
f 549 96 54
f 1517 1519 1518
f 834 1119 984
f 1543 513 286
f 1544 797 239
f 133 134 1544
f 506 361 257
f 420 327 328
f 1158 1159 1160
f 587 1104 1103
f 607 1161 1027
f 304 1546 1545
f 364 1491 77
f 69 70 198
f 700 840 1112
f 3877 626 3525
f 1166 719 657
f 1167 1168 858
f 1300 3523 3524
f 1172 1173 1174
f 218 203 200
f 1179 1180 1181
f 372 183 97
f 89 104 227
f 1186 1187 1188
f 172 173 1517
f 1482 84 81
f 1090 1192 1193
f 394 395 353
f 526 525 1198
f 1199 1200 1026
f 606 623 697
f 1204 1205 1206
f 1207 1208 523
f 1209 1210 867
f 914 913 685
f 1478 1436 1441
f 1029 1028 1161
f 1211 1212 1213
f 3858 1453 1451
f 844 1215 1216
f 423 193 273
f 1220 1221 1222
f 22 1223 1224
f 882 898 897
f 1519 1517 173
f 1189 1188 1232
f 349 350 550
f 1071 1235 1236
f 1237 1238 1239
f 1221 1186 1189
f 1510 1528 1512
f 939 1032 1241
f 1556 1530 5
f 1553 1554 394
f 404 1556 67
f 1247 1248 1249
f 142 199 238
f 1251 1067 635
f 850 1252 1253
f 1254 1167 1077
f 57 132 133
f 443 430 552
f 1187 1172 1175
f 1256 1070 831
f 432 405 382
f 741 748 747
f 434 350 351
f 349 432 383
f 251 124 1481
f 395 384 352
f 1518 1519 1550
f 1558 410 378
f 109 263 314
f 285 1514 1513
f 395 394 393
f 202 203 410
f 417 408 405
f 1246 1257 1258
f 3 1559 297
f 1259 1260 1261
f 403 404 347
f 955 954 953
f 462 50 51
f 1096 1095 687
f 429 147 60
f 896 1264 1265
f 1267 721 1268
f 423 424 327
f 37 179 180
f 20 23 1187
f 1256 1168 1071
f 1188 1175 1269
f 1236 1270 1271
f 1272 536 535
f 565 564 463
f 1273 792 745
f 876 1254 1255
f 316 33 164
f 437 1516 503
f 194 1494 1495
f 1275 1276 864
f 624 625 631
f 1277 1274 1137
f 569 568 567
f 1481 124 125
f 324 325 547
f 1279 1108 1107
f 1525 332 329
f 1281 1278 1137
f 171 168 1553
f 1488 73 396
f 1557 1561 1562
f 1282 856 1206
f 1053 1277 1278
f 778 777 607
f 713 583 3566
f 251 225 144
f 4 357 348
f 709 708 707
f 728 48 45
f 261 135 1563
f 789 1286 1287
f 74 314 263
f 403 284 385
f 1178 1181 1240
f 1223 1259 1289
f 1220 20 1186
f 296 1518 354
f 784 459 1538
f 1181 1180 1291
f 1269 1292 1257
f 1566 1538 438
f 136 784 1566
f 1563 1564 169
f 107 114 109
f 1297 1282 1298
f 1464 1477 1476
f 1520 187 507
f 1301 1302 1303
f 1306 1307 1308
f 175 456 1532
f 1532 456 200
f 1311 1266 1312
f 872 1314 1315
f 3836 843 878
f 1305 1308 864
f 1040 1275 863
f 1564 1566 399
f 592 1576 1575
f 591 1575 1088
f 1581 1584 1583
f 1196 1152 1147
f 710 582 583
f 285 407 408
f 953 954 961
f 1594 1592 1589
f 1585 1588 1587
f 1592 1591 1590
f 3885 945 944
f 1600 1599 1598
f 1604 1603 1602
f 1399 1392 979
f 1589 1590 1596
f 1610 1609 1608
f 298 257 361
f 551 552 276
f 1627 1626 3814
f 859 811 818
f 1078 857 1328
f 1555 439 1530
f 572 573 680
f 772 465 776
f 977 1281 918
f 404 403 392
f 1054 1331 750
f 1644 1645 1643
f 932 1265 1082
f 1067 1333 1334
f 1540 1539 264
f 597 1335 643
f 471 761 762
f 1642 696 3831
f 1644 1642 3842
f 923 946 950
f 96 549 548
f 520 531 522
f 445 444 443
f 849 839 848
f 480 759 755
f 1646 760 481
f 311 426 1567
f 464 463 3497
f 3497 1360 1361
f 234 237 236
f 190 193 192
f 153 154 152
f 231 287 286
f 1552 1553 1551
f 760 1646 1648
f 3832 1647 1649
f 828 827 826
f 52 167 166
f 1663 1662 1661
f 287 107 115
f 668 671 670
f 634 645 640
f 553 560 559
f 118 36 33
f 492 484 491
f 3552 1652 1651
f 582 589 584
f 384 395 392
f 1381 1382 1383
f 1562 1561 435
f 952 953 951
f 3529 3566 583
f 1660 1661 1667
f 1394 1395 1396
f 1660 1665 1664
f 1671 1670 1669
f 1624 1625 1673
f 1407 1408 1409
f 1677 1676 1675
f 1613 1679 1677
f 1679 1678 1676
f 1626 1681 3811
f 534 199 198
f 803 733 734
f 400 248 191
f 65 66 143
f 3526 1657 1656
f 402 159 157
f 629 628 627
f 461 477 49
f 758 757 495
f 796 787 786
f 406 407 1513
f 342 343 166
f 1694 1659 1658
f 1692 1687 1694
f 3557 1693 1652
f 3921 1704 1703
f 326 547 302
f 3916 3921 1702
f 3919 3918 1698
f 1699 1691 3927
f 1557 406 1560
f 1127 1116 1117
f 400 401 289
f 1706 1702 1707
f 1707 1702 1599
f 1709 1706 1708
f 1714 1712 1711
f 3919 3915 1709
f 1704 1711 1577
f 1716 1714 1713
f 1559 1562 1549
f 1722 1721 1720
f 1335 597 596
f 410 411 377
f 973 1170 1163
f 168 169 399
f 1571 682 1089
f 1572 681 682
f 749 646 647
f 1730 1724 1723
f 1594 1582 1729
f 1729 1723 1591
f 1384 1378 1377
f 1732 1731 1712
f 1724 1730 1731
f 1722 1724 1732
f 1721 1722 1733
f 1734 1733 1716
f 1735 1737 1736
f 1733 1732 1714
f 1663 1664 1741
f 1742 1665 1740
f 1738 1739 1737
f 1665 1660 1666
f 1665 1742 1744
f 1725 1726 1746
f 1591 1725 1745
f 1590 1745 1747
f 1745 1746 1748
f 1659 1688 3538
f 3287 1760 3545
f 1185 1177 1182
f 1664 1744 1749
f 1741 1749 1739
f 1746 1742 1743
f 1726 1744 1742
f 1115 924 1153
f 1654 3546 3575
f 1896 3562 3549
f 1720 1749 1744
f 1721 1739 1749
f 1750 1718 1701
f 1697 1736 1750
f 1151 1152 1063
f 1751 1752 1670
f 1695 1658 1752
f 961 962 986
f 1770 1769 1768
f 1766 1594 1593
f 1731 1759 1579
f 1579 1777 1774
f 3928 1772 1771
f 1764 1772 3928
f 1777 1776 1775
f 3762 3763 1699
f 1004 1127 1128
f 1774 1775 1771
f 987 1400 1399
f 1578 1774 1772
f 1783 1782 1781
f 1597 1598 1770
f 639 1878 3895
f 3928 3929 1769
f 1793 1792 1789
f 3929 3920 1798
f 3508 3516 3773
f 1802 1867 3924
f 1788 1790 1794
f 1793 1794 1795
f 3773 3772 1675
f 1584 1581 1783
f 1771 1797 3920
f 1801 1799 1798
f 1768 1769 1798
f 1775 1796 1797
f 508 514 515
f 1796 1803 1802
f 1800 1798 3920
f 1794 1805 1804
f 3532 1670 1752
f 485 1808 1807
f 3809 3844 1640
f 3837 3844 1810
f 485 482 1640
f 1690 1691 3770
f 487 488 1648
f 3839 1813 1816
f 3838 1811 1648
f 3839 1812 1811
f 1812 1809 487
f 1641 1809 767
f 465 466 755
f 767 1815 3823
f 3822 1816 3826
f 1809 1812 1815
f 3837 1653 1651
f 675 672 3541
f 1814 1649 1822
f 1821 1822 3821
f 1824 1822 1649
f 1827 1849 1850
f 1668 1669 1662
f 1779 1780 1848
f 1790 1827 1805
f 1833 1836 1853
f 3521 3506 693
f 1614 1615 1616
f 1852 1853 3498
f 1620 1621 1622
f 1855 1765 1574
f 1847 1852 3501
f 1766 1765 1855
f 1629 1630 1631
f 1633 1622 1634
f 1635 1636 1637
f 1848 1833 1852
f 1855 1861 1863
f 1803 1866 1867
f 1862 1863 1831
f 1782 1855 1862
f 3922 3924 1865
f 1873 1872 1870
f 1874 1869 799
f 2045 3878 3897
f 1219 1345 1295
f 1615 1614 1396
f 3884 3895 1877
f 645 3898 3786
f 1345 1219 1035
f 634 639 3884
f 15 1887 1327
f 3910 3895 1878
f 1894 604 605
f 3506 3551 627
f 3560 640 645
f 340 341 454
f 1897 194 195
f 1889 1882 1877
f 1901 94 129
f 196 749 754
f 1705 1704 3921
f 340 378 166
f 1570 1480 563
f 1904 1494 194
f 1781 1862 1832
f 1905 549 55
f 1000 994 995
f 986 919 920
f 1191 1185 1190
f 2094 2077 2075
f 1920 1921 1919
f 453 454 1912
f 1915 1919 1918
f 3882 2112 2106
f 1655 3575 3531
f 1916 1918 1926
f 704 3554 3561
f 278 1916 1925
f 3565 3564 1818
f 1097 949 1115
f 1927 1928 727
f 3578 3579 3654
f 1920 310 307
f 1929 307 48
f 503 504 1497
f 1902 1903 787
f 1816 1821 3820
f 1925 1926 1923
f 1535 1569 1568
f 254 252 258
f 1509 1497 366
f 119 86 35
f 219 288 293
f 141 46 47
f 542 205 244
f 1940 552 430
f 1779 1828 1827
f 1701 1710 3915
f 1661 3550 3515
f 270 53 754
f 197 1947 749
f 1727 1728 1212
f 53 54 232
f 1465 1468 1479
f 1284 3862 3854
f 1951 446 412
f 168 398 1554
f 1486 1485 206
f 506 77 78
f 994 1001 1007
f 951 953 963
f 1013 3859 3861
f 3826 3820 1820
f 1498 1909 1954
f 299 298 543
f 1754 1755 1756
f 1681 469 1683
f 1696 1694 1695
f 13 14 738
f 473 476 475
f 482 1641 768
f 204 62 30
f 1761 1762 820
f 611 1763 1125
f 1501 1503 1908
f 1074 1073 711
f 1960 1944 82
f 120 1956 1960
f 35 86 87
f 1773 1199 1025
f 1965 1545 1569
f 494 761 471
f 1966 1967 1969
f 446 1951 1971
f 174 368 125
f 1580 1579 1578
f 1785 1786 1787
f 1972 1546 304
f 1254 876 875
f 1973 341 342
f 321 1912 1973
f 1910 277 275
f 509 1973 514
f 1486 1507 1527
f 1974 1874 804
f 1977 1976 1974
f 1980 448 1966
f 379 1 2
f 1718 1715 1710
f 884 995 992
f 1680 1684 1678
f 902 990 525
f 344 255 256
f 135 138 137
f 448 446 1967
f 589 605 604
f 910 909 908
f 1981 1966 1968
f 1982 1981 1987
f 1988 1979 1987
f 1990 1988 1989
f 1991 1989 1993
f 322 321 320
f 992 828 830
f 1144 1076 1086
f 1995 1977 1978
f 1133 1129 1118
f 1997 1995 1994
f 870 1823 1335
f 805 806 1982
f 727 184 2000
f 1996 1994 1988
f 1994 1978 1979
f 1829 616 792
f 1830 1073 941
f 798 803 800
f 729 732 731
f 2011 2012 2023
f 1834 1835 846
f 402 283 284
f 2022 2023 2024
f 1838 718 989
f 810 955 952
f 1823 1839 1840
f 1430 1426 1432
f 1215 844 1841
f 1316 1208 873
f 2112 1401 1384
f 1842 1843 1844
f 1159 846 845
f 837 27 1846
f 1971 1951 2030
f 517 369 370
f 1471 2026 2027
f 3551 3525 626
f 2174 2175 770
f 935 934 1854
f 1613 1619 1611
f 1231 1228 1225
f 1856 1857 891
f 1300 1309 748
f 1150 1149 1858
f 1643 606 696
f 1215 1265 1264
f 1320 1860 902
f 1956 1943 1944
f 2031 668 669
f 2034 1325 1310
f 1879 1880 1656
f 40 245 242
f 1992 1993 2039
f 888 958 957
f 1882 1889 1996
f 1078 1138 1255
f 1871 912 1192
f 294 411 218
f 1323 2041 2026
f 123 1960 83
f 1324 2036 2041
f 384 358 359
f 1324 1325 2038
f 1883 1884 1885
f 287 1540 114
f 1096 1886 1134
f 915 1329 931
f 806 1980 1981
f 3533 3529 584
f 1425 2030 2042
f 1018 2042 1948
f 3562 1896 740
f 1948 2042 649
f 1881 1882 1990
f 1900 129 130
f 992 995 994
f 923 927 925
f 3878 2045 2047
f 1643 2048 625
f 2050 2052 2051
f 2045 1405 1404
f 3876 2047 945
f 1139 1080 1079
f 1037 1856 892
f 2055 2053 2057
f 1198 989 718
f 1619 2058 1612
f 2058 1605 1606
f 2059 2060 1607
f 2058 1619 1624
f 71 72 179
f 405 406 1557
f 322 1548 1972
f 2061 2052 2063
f 2066 2065 2067
f 2052 2061 2064
f 1609 1610 2066
f 1515 151 152
f 1009 827 993
f 1644 3843 3815
f 279 1915 1916
f 1285 3863 3862
f 1647 2066 1825
f 2056 2057 2067
f 319 320 1953
f 667 666 1913
f 2070 631 625
f 2052 2050 2055
f 2038 1654 1655
f 1606 1601 2073
f 1235 1917 1270
f 2072 2073 2075
f 2059 1606 2072
f 2074 2075 2077
f 1601 1602 2078
f 2049 2048 1643
f 1000 1004 1001
f 1089 943 684
f 1931 1286 1306
f 1462 1459 1021
f 1932 1933 1934
f 875 874 1846
f 1936 1051 1937
f 44 45 46
f 1534 1955 1956
f 1541 318 317
f 2081 2082 2084
f 146 1945 1959
f 1360 1941 1942
f 985 984 1032
f 1995 1997 1892
f 2079 2080 2082
f 2095 2096 2076
f 2081 2093 2078
f 2055 2050 2054
f 501 2096 2095
f 2097 2100 2099
f 2098 2099 2094
f 2140 2141 3893
f 2141 2046 3894
f 2051 2070 2048
f 592 2102 2101
f 2071 2064 2076
f 2102 2097 2098
f 593 2103 2102
f 1019 1895 746
f 1950 11 12
f 725 2071 2096
f 1385 2105 2104
f 1379 2104 2106
f 2107 2108 2100
f 3908 726 502
f 3896 502 499
f 940 1389 2109
f 928 929 1170
f 3868 590 684
f 1962 1963 1964
f 3878 680 573
f 2039 1993 1968
f 1389 1390 2110
f 1398 2111 2113
f 3757 3755 3753
f 3911 3883 2107
f 949 923 924
f 260 241 324
f 1390 1397 2113
f 2070 2051 2064
f 3867 3911 2103
f 2105 1385 1421
f 2114 1421 1423
f 3892 2114 2115
f 3908 2105 2114
f 554 2116 1902
f 972 1163 967
f 1765 1593 1573
f 1984 1985 1986
f 2053 2117 2069
f 3573 3556 724
f 1625 1677 1674
f 3881 3888 2119
f 3903 2115 2123
f 56 1954 1906
f 626 3877 3879
f 2001 2002 2003
f 3912 3841 2127
f 2006 2007 2008
f 2127 1413 1412
f 2014 2015 2016
f 2018 2019 2020
f 1495 1424 1947
f 1379 1377 1386
f 3814 3811 1680
f 2029 1885 1884
f 3902 2128 2120
f 629 3879 3914
f 682 683 943
f 724 1650 2121
f 1757 1819 3821
f 765 1810 3844
f 3851 714 715
f 706 707 3870
f 981 986 987
f 1457 1868 1656
f 2017 2016 2032
f 1458 1655 1868
f 1776 1777 1792
f 1959 1945 1946
f 3663 3715 3725
f 3913 3881 2122
f 1093 1089 689
f 966 965 968
f 3852 715 3881
f 2172 3577 2170
f 670 2138 2137
f 3761 787 1903
f 1429 19 28
f 964 963 978
f 3841 3813 1413
f 1473 1474 669
f 3834 3833 1359
f 2138 798 1870
f 1872 1473 2137
f 715 716 3888
f 1881 1991 1992
f 3843 3842 739
f 1837 1847 3513
f 253 58 59
f 1808 3837 3840
f 1647 3832 3818
f 3865 3866 671
f 2112 3882 3883
f 1405 2045 2044
f 3829 3824 1364
f 273 1541 391
f 576 632 3520
f 3875 3865 668
f 1430 1431 2140
f 2136 3850 3860
f 1430 2139 18
f 3893 3894 570
f 1442 1439 2046
f 1431 1442 2141
f 3869 3913 3850
f 3808 3823 1817
f 3866 3893 695
f 2142 2025 798
f 571 2143 2142
f 3819 3814 1618
f 2143 2022 2025
f 694 2142 2138
f 681 1572 2144
f 2144 2011 2022
f 328 210 457
f 1572 2010 2011
f 630 3892 3903
f 2085 2086 2087
f 2090 2091 2092
f 572 2144 2143
f 1875 1976 2153
f 1873 1875 2149
f 2103 2107 2097
f 2157 2043 2155
f 2128 1412 1414
f 3874 3871 589
f 3872 3870 628
f 2149 2153 2158
f 2159 2158 3905
f 698 3907 3902
f 3823 3847 3827
f 2158 2156 3874
f 1438 2044 2046
f 2035 2154 2160
f 2161 2160 3889
f 3871 3891 605
f 3873 17 18
f 370 29 61
f 649 1951 413
f 2153 2157 2156
f 1428 1429 1449
f 1490 76 73
f 3890 3905 710
f 2155 1891 3891
f 1456 1457 1880
f 2125 2088 2087
f 2160 2159 3890
f 300 1959 505
f 1064 1062 1046
f 2043 1892 1891
f 2129 2130 2004
f 2131 2132 2133
f 3848 3849 1450
f 1998 1975 804
f 3879 673 3864
f 474 492 490
f 1164 1165 1182
f 707 2162 3909
f 708 1472 2162
f 2162 2161 3886
f 548 549 1905
f 1145 1136 1114
f 705 2121 1650
f 2043 2157 1977
f 737 738 554
f 1034 1195 1191
f 458 1905 1907
f 195 196 232
f 2040 2039 1969
f 2145 2146 2147
f 2054 2050 2049
f 3832 1646 1639
f 9 12 11
f 252 364 506
f 472 478 479
f 1865 3924 3791
f 900 903 910
f 1941 2150 2151
f 1921 1928 1927
f 2163 1897 1898
f 271 156 153
f 1904 1326 12
f 282 263 264
f 1872 1873 2154
f 1326 1904 1897
f 628 692 693
f 1724 1722 1719
f 1549 1562 436
f 1582 1583 1730
f 1921 1920 1929
f 3563 3511 10
f 2152 2037 1950
f 475 772 774
f 769 2172 2171
f 2171 2165 476
f 476 773 772
f 1791 565 464
f 2166 2167 2168
f 595 371 372
f 483 1809 1641
f 762 2174 2173
f 771 483 484
f 486 487 1809
f 297 1549 1517
f 763 2175 2174
f 776 755 759
f 184 185 2176
f 412 447 303
f 2005 2176 185
f 3811 1681 1682
f 2164 2170 756
f 1472 2035 2161
f 950 951 964
f 2177 2178 2179
f 227 226 1510
f 2182 2183 2184
f 2186 2019 2018
f 1985 2182 2181
f 214 736 729
f 865 849 842
f 849 865 1357
f 559 3187 3188
f 16 13 737
f 560 553 498
f 3193 3196 3195
f 3200 3197 3198
f 3211 3214 3213
f 3215 3218 3217
f 2187 2188 2002
f 2169 2168 2189
f 2192 2086 2085
f 2193 2194 2195
f 2198 2199 2200
f 1998 1982 1979
f 3664 3665 3668
f 2116 1898 1903
f 1859 2006 2009
f 3904 2123 2126
f 1135 1148 1087
f 2201 2202 2015
f 1149 111 110
f 3221 3222 3218
f 2203 2204 2205
f 579 580 1895
f 1755 2207 2208
f 3891 3910 1893
f 1211 2151 2150
f 868 997 2210
f 944 945 930
f 2130 2129 2202
f 233 1903 1898
f 665 751 750
f 1167 1254 999
f 2211 2212 2213
f 2215 2216 2217
f 3867 593 590
f 2220 221 220
f 823 824 948
f 3225 3220 3227
f 266 204 455
f 3882 2108 2107
f 2221 2222 3519
f 2223 2224 2225
f 2207 2125 2124
f 673 674 3869
f 817 1000 996
f 2227 2228 2146
f 1947 1948 646
f 3900 2135 17
f 2229 1635 1638
f 1679 1613 1618
f 1637 2231 2232
f 2233 2234 1617
f 2231 2235 2236
f 1381 1638 2238
f 3586 2241 2242
f 1630 2234 2233
f 1681 1626 472
f 1408 1407 2243
f 3236 3239 3238
f 3232 3241 3240
f 1637 2230 2238
f 3237 3238 3233
f 1409 1408 1634
f 1380 1383 2247
f 1628 2248 2245
f 2249 1623 1622
f 1632 1634 1408
f 2248 1628 1631
f 2235 2231 1637
f 3245 3246 3199
f 631 2070 2071
f 515 167 52
f 782 781 2251
f 2253 2254 2255
f 397 281 459
f 1456 2039 2040
f 2040 2041 2036
f 1401 2112 2111
f 2041 2040 1970
f 1535 121 414
f 1586 1587 2080
f 2256 983 1132
f 1700 1699 3918
f 3815 1896 1686
f 1263 2256 1886
f 598 1841 844
f 2257 2258 2259
f 2258 2261 2262
f 2259 2262 2263
f 2260 2259 2216
f 1967 1971 1970
f 2212 1964 1963
f 922 921 2218
f 1312 1098 1101
f 1307 1306 1286
f 1548 1569 1546
f 2266 2267 2268
f 2265 2268 2270
f 2272 2265 2269
f 2273 2266 2265
f 2275 2276 2277
f 2278 2274 2277
f 2284 2285 3617
f 2287 2283 2286
f 2288 2289 2283
f 2290 2284 3639
f 2291 2292 2293
f 2295 2291 2294
f 2296 2297 2291
f 2297 2298 2292
f 2294 2293 2299
f 2279 2294 2300
f 2298 2301 2302
f 2292 2302 2303
f 2293 2303 2304
f 2304 2305 2306
f 2308 2309 2310
f 2302 2307 2310
f 2301 2311 2307
f 2312 2308 2307
f 2313 2314 2315
f 2318 2319 2320
f 3748 3771 2322
f 2324 2325 2273
f 2313 2324 2326
f 2328 2324 2313
f 2329 2325 2324
f 2331 2332 2333
f 2330 2333 2267
f 2325 2330 2266
f 2329 2331 2330
f 2333 2334 2335
f 2336 2334 2333
f 2338 2336 2332
f 2331 2339 2337
f 2329 2340 2339
f 2328 2341 2340
f 2316 2342 2341
f 2342 2316 2315
f 2344 2345 2346
f 2341 2344 2347
f 2342 2348 2344
f 2348 2349 2345
f 2350 2351 2352
f 2339 2350 2353
f 2340 2347 2350
f 2347 2346 2351
f 2337 2353 2354
f 2353 2352 2355
f 2356 2277 2276
f 2356 2357 2358
f 2356 2359 2296
f 2279 2277 2356
f 2360 2361 2270
f 2267 2335 2360
f 2362 2363 2364
f 2362 2365 2361
f 2366 2362 2358
f 2366 2367 2363
f 2357 2276 2368
f 2366 2368 2369
f 2276 2275 2370
f 2368 2370 2282
f 2372 2373 2374
f 2375 2376 2377
f 2378 2379 2380
f 2382 2378 2381
f 2384 2385 2378
f 2385 2386 2379
f 2388 2389 2390
f 2387 2390 2392
f 2393 2394 2387
f 2394 2395 2388
f 2186 2401 2402
f 2403 2404 2327
f 2272 2403 2326
f 2271 2405 2403
f 2405 2406 2404
f 2404 2407 2408
f 2409 2410 2411
f 2409 2412 2271
f 2413 2409 2269
f 2413 2414 2410
f 2417 2415 2416
f 2417 2418 2406
f 2412 2417 2405
f 2411 2415 2417
f 2406 2419 2407
f 3569 3520 632
f 2420 2398 2397
f 2420 2421 2423
f 2424 2420 2422
f 2424 2399 2398
f 2425 2391 2392
f 2421 2425 2426
f 2397 2396 2425
f 2396 2393 2391
f 2427 2314 2408
f 2430 2427 2428
f 2343 2315 2427
f 2432 2343 2430
f 2431 2430 2429
f 2435 2431 2433
f 2436 2432 2431
f 2428 2408 2407
f 2422 2437 2407
f 2438 2437 2422
f 2429 2428 2437
f 2440 2434 2433
f 2441 2439 2433
f 2442 2443 2439
f 2443 2444 2440
f 2445 2446 2444
f 2447 2445 2443
f 2383 2381 2445
f 2381 2380 2446
f 2448 2438 2423
f 2449 2448 2426
f 2441 2448 2449
f 2441 2429 2438
f 2449 2392 2390
f 2450 2390 2389
f 2447 2450 2451
f 2442 2449 2450
f 2451 2389 2453
f 2452 2453 2455
f 2382 2452 2454
f 2383 2451 2452
f 2456 2457 2373
f 2459 2460 2461
f 2463 2464 2465
f 2462 2465 2285
f 2466 2462 2284
f 2467 2463 2462
f 2461 2460 3703
f 2468 2469 2470
f 2472 2468 2471
f 2474 2461 3701
f 2475 2476 2477
f 2458 2455 2453
f 2479 2453 2389
f 2395 2480 2479
f 2480 2459 2458
f 2481 2482 2483
f 2484 113 2485
f 2471 2470 2464
f 2473 2471 2463
f 2487 2467 2466
f 2486 2466 2290
f 2490 2486 2488
f 2491 2487 2486
f 2492 2473 2467
f 2493 2492 2487
f 2494 2495 2492
f 2495 2472 2473
f 3690 2496 2474
f 3691 2497 2496
f 2498 2494 2493
f 2500 2498 2499
f 3700 3687 2498
f 3687 3691 2494
f 2306 2504 2278
f 2305 2505 2504
f 2504 2505 2507
f 2506 2507 2288
f 2274 2506 2508
f 2278 2504 2506
f 3633 3632 2489
f 3620 3633 2488
f 2507 2509 2289
f 2505 2510 2509
f 2508 2288 2287
f 2511 2287 2281
f 2370 2511 2280
f 2275 2508 2511
f 2512 2490 2489
f 2514 2512 2513
f 2517 2512 2514
f 2517 2491 2490
f 2499 2493 2491
f 2499 2517 2516
f 2510 2505 2519
f 2518 2519 2521
f 3616 2518 2520
f 3632 2510 2518
f 2522 2304 2303
f 2523 2522 2310
f 2305 2304 2522
f 2524 2522 2523
f 2519 2524 2525
f 2505 2305 2524
f 2308 2312 2527
f 2526 2527 2529
f 2531 2526 2528
f 2309 2308 2526
f 1214 2532 2151
f 2419 2406 2418
f 2533 2345 2349
f 2534 2533 2317
f 2535 2536 2533
f 2536 2346 2345
f 2537 2351 2346
f 2538 2537 2536
f 2539 2540 2537
f 2540 2352 2351
f 2312 2355 2541
f 2527 2541 2542
f 2543 2435 2434
f 2545 2543 2544
f 2319 2318 2543
f 2318 2436 2435
f 2514 2515 2548
f 2547 2548 2550
f 2552 2547 2549
f 2552 2516 2514
f 2520 2521 2554
f 2553 2554 2556
f 3590 2553 2555
f 3621 2520 2553
f 2523 2309 2531
f 2557 2531 2530
f 2525 2523 2557
f 2559 2557 2558
f 2554 2559 2560
f 2521 2525 2559
f 2561 2375 2007
f 2376 2562 2225
f 2564 2565 2566
f 2563 2566 338
f 2569 2563 2567
f 2570 2564 2563
f 2572 2573 2574
f 2571 2574 2576
f 2544 2571 2575
f 2544 2434 2572
f 2578 2570 2569
f 2579 2577 2569
f 2574 2577 2579
f 2573 2578 2577
f 2581 2582 2583
f 2584 2580 2583
f 3697 3675 2580
f 3676 2581 2580
f 2582 2516 2552
f 2583 2552 2551
f 2500 2501 2589
f 2590 2588 2589
f 3693 3695 2588
f 3695 3700 2500
f 2501 2516 2591
f 2592 2593 2594
f 2386 2385 2503
f 2596 2379 2386
f 2596 2374 2373
f 2599 2596 2597
f 2599 2380 2379
f 2600 2446 2380
f 2600 2599 2598
f 2603 2600 2601
f 2603 2444 2446
f 2604 2603 2602
f 2440 2604 2605
f 2444 2603 2604
f 2606 2582 2581
f 2606 2607 2590
f 2591 2516 2582
f 3676 2587 2456
f 3689 2456 2372
f 2478 2477 2608
f 2609 2610 2611
f 2564 2570 2613
f 2612 2613 2598
f 2457 2612 2597
f 2565 2564 2612
f 2614 2613 2570
f 2615 2614 2578
f 2602 2601 2614
f 2601 2598 2613
f 2572 2434 2605
f 2616 2605 2602
f 2573 2572 2616
f 1459 1016 1045
f 1265 1215 1079
f 1612 1608 1609
f 2067 2057 2069
f 1135 1109 1136
f 1938 1937 2618
f 95 548 458
f 2058 1607 1608
f 1454 1469 1445
f 655 2620 1048
f 722 1049 2621
f 1131 985 1033
f 562 1481 366
f 1723 1719 1725
f 1786 1123 1122
f 267 300 323
f 1325 2034 1654
f 1468 1165 1435
f 658 657 529
f 8 532 247
f 382 1557 1559
f 788 619 1307
f 940 930 929
f 911 2622 2623
f 2621 2620 655
f 2624 1857 2625
f 998 1846 27
f 635 638 2626
f 2627 641 644
f 2628 2627 1840
f 1200 1199 2627
f 1199 1773 641
f 1520 515 49
f 1452 1350 1349
f 2630 2631 1859
f 644 643 1335
f 1197 1198 717
f 2632 717 719
f 2628 2632 1166
f 2629 1197 2632
f 1762 2633 1050
f 1823 870 873
f 2634 2635 794
f 1042 794 2635
f 93 94 1901
f 2036 2038 1458
f 1527 332 1525
f 877 876 1274
f 134 409 797
f 1328 893 931
f 607 777 1091
f 1043 2635 2637
f 2636 2637 2639
f 1275 2636 2638
f 1275 1040 1043
f 1272 2624 2626
f 2640 2626 638
f 1110 2641 2640
f 536 1272 2640
f 1472 708 1474
f 2042 2030 1951
f 1058 1106 1105
f 2642 2623 2643
f 1192 2642 2644
f 912 2623 2642
f 3898 1657 3526
f 1049 1048 2620
f 616 1829 1885
f 1331 1913 666
f 990 989 1198
f 1911 1912 321
f 1298 1282 1205
f 76 1490 1504
f 1502 1500 421
f 610 609 658
f 1146 937 659
f 2646 911 914
f 1280 1239 1238
f 1453 1454 1452
f 835 942 1843
f 1271 1270 1173
f 1893 1878 1826
f 1050 2633 1937
f 2651 2652 814
f 1006 1053 1281
f 2653 1084 2654
f 1001 1004 1003
f 585 997 679
f 2624 1272 621
f 555 678 2028
f 1207 526 1197
f 1626 1627 478
f 426 389 419
f 1030 1193 1773
f 3898 645 634
f 534 1533 138
f 1125 1092 1042
f 333 228 88
f 569 1570 561
f 1489 2656 871
f 1857 2624 620
f 1673 1674 3770
f 622 861 864
f 619 788 891
f 261 544 545
f 393 1555 1556
f 2658 2659 2647
f 1075 2658 2657
f 1081 1080 2658
f 1080 1139 2659
f 2644 2643 1141
f 2660 1141 1140
f 642 2660 1336
f 1193 2644 2660
f 679 678 555
f 1503 1501 1500
f 1318 1317 1101
f 2661 2659 1139
f 2661 1142 2663
f 2662 2647 2659
f 2662 2663 2622
f 2664 2622 911
f 2648 2664 2646
f 2648 2647 2662
f 2083 2094 2093
f 1442 1440 1437
f 519 329 330
f 1885 2029 1209
f 799 800 805
f 1946 1943 1952
f 1302 1301 1253
f 566 2005 224
f 1389 940 928
f 683 682 681
f 836 835 1842
f 2665 1842 1845
f 2666 2665 1303
f 24 836 2665
f 831 1072 2650
f 1845 1844 1304
f 2010 2013 2012
f 1051 1936 2667
f 1522 1521 1511
f 531 440 441
f 1250 635 2625
f 2669 2625 1857
f 783 2669 1856
f 782 1250 2669
f 720 2670 2671
f 1055 1931 1930
f 1333 1067 1251
f 619 622 1308
f 652 655 2619
f 521 522 1539
f 1838 988 537
f 2672 537 536
f 1113 2672 2641
f 1113 527 1838
f 1016 1013 1351
f 3897 573 570
f 226 227 104
f 3564 3669 3827
f 1036 1037 1884
f 2674 1301 1304
f 2673 1304 1844
f 1334 2673 2675
f 1333 2674 2673
f 2676 702 1039
f 1843 2676 2675
f 942 1074 2676
f 1074 699 702
f 752 1057 1055
f 1200 1166 656
f 1120 1846 874
f 2677 874 877
f 1241 2677 1052
f 1119 1120 2677
f 1560 1513 151
f 1208 1316 611
f 215 735 736
f 1460 1459 1462
f 1208 1207 1839
f 854 856 1282
f 72 445 182
f 544 1563 1565
f 217 200 456
f 2047 1404 930
f 1204 2618 1937
f 913 777 686
f 840 527 1113
f 1531 729 730
f 2678 778 1283
f 601 667 1914
f 1537 1538 459
f 1819 1757 3509
f 991 1860 862
f 2679 711 1073
f 2680 1830 983
f 779 2680 2256
f 778 2678 2680
f 2678 2679 1830
f 180 542 245
f 1886 1132 1131
f 1138 1137 1274
f 1841 598 1140
f 75 313 314
f 193 423 420
f 2681 2682 1099
f 170 1567 1565
f 349 416 417
f 1121 1124 2684
f 547 797 409
f 123 122 121
f 2643 2663 1142
f 1542 1544 513
f 899 900 907
f 1210 677 676
f 791 663 982
f 24 27 837
f 893 896 932
f 1860 1320 863
f 535 538 862
f 1569 1548 1547
f 181 455 542
f 660 659 937
f 2013 567 568
f 887 890 2631
f 1524 1508 361
f 520 161 162
f 2653 855 854
f 1238 1237 2655
f 718 1838 527
f 1492 1493 518
f 792 616 615
f 599 846 1835
f 290 457 456
f 312 171 1552
f 1248 2687 1179
f 153 149 177
f 1240 1181 1222
f 1257 1292 1235
f 1291 1084 1083
f 1052 877 1277
f 743 742 2618
f 444 140 430
f 23 1224 1172
f 2687 2654 1180
f 102 103 409
f 1283 607 610
f 373 497 650
f 1180 2654 1084
f 855 2653 2655
f 1173 1270 1917
f 2689 850 853
f 2688 853 1108
f 2686 2688 1279
f 2687 2689 2688
f 2691 1302 1252
f 2690 1252 850
f 1248 2690 2689
f 1248 1247 2691
f 2692 617 24
f 2691 2692 2666
f 1247 1258 2692
f 1258 1168 617
f 394 1554 1555
f 2693 1260 1259
f 1072 1236 1262
f 1257 1071 1168
f 398 439 1555
f 871 1784 1314
f 1178 1232 1249
f 1224 1289 1173
f 1010 2617 2618
f 1175 1174 1292
f 2654 2687 2686
f 2694 1157 1216
f 71 418 1487
f 701 1112 1111
f 1072 1261 2649
f 1085 2695 22
f 895 2694 1264
f 1601 1606 1605
f 1259 1262 1271
f 21 20 1220
f 988 991 538
f 598 597 1336
f 1050 860 818
f 1298 2645 1761
f 1168 1167 618
f 858 1168 1256
f 39 242 516
f 2652 1761 819
f 313 316 315
f 2026 1970 1971
f 2656 1489 596
f 814 819 818
f 2696 2651 813
f 1260 2696 2649
f 2693 2697 2696
f 2697 1296 2651
f 381 355 390
f 3818 3819 1611
f 1475 1427 1428
f 1292 1174 1917
f 1551 353 354
f 1526 1525 1523
f 1593 1589 1595
f 1232 1269 1246
f 2695 2693 1223
f 2698 1297 1296
f 2698 2697 2693
f 2685 2698 2695
f 2685 854 1297
f 562 1497 271
f 2652 2651 1296
f 1365 1366 1364
f 1958 1946 1953
f 585 588 2210
f 1561 1560 1515
f 975 2648 1146
f 347 67 68
f 1038 1111 636
f 2700 781 780
f 2699 780 1036
f 2701 2699 1883
f 851 2700 2699
f 2674 1333 2251
f 2702 2251 781
f 1253 2702 2700
f 1301 2674 2702
f 1519 387 388
f 1273 1239 1280
f 2703 1280 1107
f 2701 2703 852
f 1829 1273 2703
f 91 260 326
f 1784 871 2656
f 2683 2684 2705
f 604 1894 3499
f 1669 3534 3548
f 2062 2063 2060
f 621 535 861
f 2023 731 732
f 686 779 1263
f 857 1051 2668
f 883 830 882
f 637 636 1111
f 2668 894 893
f 2667 921 894
f 1039 1038 1068
f 313 75 1504
f 1911 1972 305
f 1936 2706 1964
f 2707 2402 2401
f 2708 2707 2183
f 738 2163 2116
f 2349 2348 2432
f 2711 2712 2020
f 2400 2711 2019
f 2714 2715 2716
f 2717 2718 2719
f 2721 2722 2723
f 2726 2727 2728
f 2725 2728 2730
f 2731 2725 2729
f 2732 2726 2725
f 2734 2735 2736
f 2738 2739 2740
f 2737 2740 2741
f 2744 2745 2746
f 2745 2744 2748
f 2749 2750 2747
f 2753 2749 2751
f 2250 1380 2246
f 2754 1396 1614
f 3598 2754 2755
f 3608 2745 2747
f 1617 2756 2755
f 2242 2758 1620
f 2191 2085 2760
f 2761 2759 2760
f 3648 2759 2761
f 3623 2191 2759
f 3209 3248 3223
f 1395 1394 2236
f 1395 2235 1636
f 1616 1635 2229
f 1617 2234 2763
f 2756 2763 3628
f 2765 2763 2234
f 2766 2764 3628
f 3202 3199 3246
f 1516 437 435
f 2768 2769 3552
f 1495 541 578
f 2135 2136 28
f 3526 3540 2773
f 1690 1689 3926
f 2778 2779 2780
f 2777 2780 2781
f 2784 2778 2777
f 3555 3521 575
f 1494 1904 9
f 3529 2016 2015
f 451 61 505
f 2786 2787 2788
f 2779 2786 2785
f 2789 2752 2741
f 2790 2753 2752
f 2792 2793 2794
f 2793 2795 2796
f 2796 2797 2750
f 2794 2796 2749
f 2798 1393 1396
f 3591 2798 2754
f 2798 2799 2800
f 3591 3662 2799
f 2797 2796 2795
f 2791 2794 2753
f 216 233 232
f 3804 2806 2807
f 3805 2809 2804
f 2769 2810 3557
f 183 185 184
f 2811 2812 2775
f 2804 2811 2776
f 2809 2813 2811
f 2812 2811 2813
f 3805 2808 2816
f 3796 2818 2815
f 3798 3800 2820
f 3793 2823 2819
f 2824 2736 2735
f 2823 2825 2824
f 2825 2823 2826
f 3793 2822 2827
f 3796 2817 2826
f 2713 2716 2829
f 2828 2829 2831
f 2822 2821 2828
f 2821 2820 2713
f 2832 2827 2822
f 2833 2832 2830
f 2834 2835 2832
f 2835 2818 2827
f 2837 2838 2839
f 2836 2839 2841
f 2842 2836 2840
f 2843 2837 2836
f 2840 2841 2845
f 2718 2844 2845
f 2730 2728 2844
f 2727 2840 2844
f 2846 2845 2841
f 2829 2846 2847
f 2847 2841 2839
f 2848 2839 2838
f 2833 2848 2849
f 2831 2847 2848
f 2850 2814 2851
f 2853 2850 2852
f 2783 2777 2782
f 2785 2788 2853
f 2780 2785 2856
f 2857 2858 2855
f 2859 2857 2782
f 2861 2843 2842
f 2860 2842 2727
f 2862 2860 2726
f 2863 2861 2860
f 2861 2863 2858
f 2843 2861 2857
f 2856 2853 2854
f 2781 2856 2864
f 2837 2843 2859
f 2838 2837 2864
f 2852 2851 2834
f 2854 2852 2849
f 2865 2815 2818
f 2851 2865 2835
f 2813 2809 2815
f 2814 2813 2865
f 2866 2812 2814
f 2788 2866 2850
f 2866 2788 2787
f 2812 2866 2867
f 1892 1889 1890
f 2720 2719 2846
f 298 299 256
f 2872 2714 2713
f 3794 3800 2735
f 2729 2730 2874
f 2846 2716 2715
f 2876 2877 2878
f 2733 2875 2878
f 3806 3807 2879
f 3806 2880 2872
f 2882 2883 2884
f 2881 2884 2715
f 2880 2881 2714
f 2879 2882 2881
f 2885 2886 2887
f 2888 2889 2890
f 2885 2890 2892
f 2893 2886 2885
f 1942 2151 2532
f 2895 2892 2720
f 2884 2895 2870
f 2883 2896 2895
f 2896 2891 2892
f 2889 2874 2717
f 2890 2717 2720
f 2897 2893 2891
f 2898 2897 2896
f 2899 2898 2883
f 2900 2899 2882
f 3797 2900 2879
f 2876 2902 2901
f 2901 2902 2904
f 1785 2656 1835
f 2905 2906 2899
f 2907 2908 2897
f 3797 2901 2903
f 632 576 577
f 3532 3547 2867
f 434 385 550
f 2768 2770 3640
f 2910 2911 1623
f 2241 2912 2758
f 3640 2770 2913
f 1623 2911 2757
f 3587 2242 2757
f 2229 1381 1380
f 2765 1630 1629
f 2915 2914 1629
f 3642 3641 2914
f 3641 3622 2765
f 2919 2916 3642
f 2918 2915 2912
f 3614 2918 2241
f 3618 2919 3613
f 3541 2177 2180
f 3521 2002 2188
f 3705 3573 714
f 2925 2766 2917
f 2924 2917 2916
f 3610 2924 2919
f 3611 2925 2924
f 2926 2927 2766
f 3658 2926 2925
f 1715 1713 1705
f 785 497 498
f 1387 651 565
f 374 375 1899
f 3573 2203 2206
f 2929 2930 2886
f 2932 2933 2934
f 1905 1906 1908
f 2930 2935 2936
f 2938 2935 2930
f 1493 369 517
f 1603 1585 1586
f 2939 2938 2929
f 2940 2939 2908
f 3665 1707 1600
f 2886 2930 2937
f 2906 2907 2898
f 2908 2929 2893
f 2942 2934 2933
f 2941 2933 2937
f 3501 2941 2936
f 3498 2942 2941
f 2943 2944 2710
f 2943 2873 2874
f 2945 2943 2889
f 2946 2944 2943
f 2932 2945 2888
f 2931 2946 2945
f 727 1928 1929
f 2903 2904 2947
f 545 594 42
f 1480 1570 533
f 2907 2906 2949
f 2906 2905 2950
f 1558 452 215
f 3799 2903 2948
f 2054 1645 1644
f 3705 3684 2203
f 1828 1837 1849
f 2953 2954 2955
f 2952 2955 2957
f 2956 2261 2258
f 2953 2952 2258
f 2454 2455 2474
f 3747 2958 2959
f 3747 2132 2131
f 2961 2962 2963
f 2958 2963 2964
f 222 221 2485
f 2477 2226 2966
f 2631 2561 2006
f 2384 2454 2496
f 2967 2968 2959
f 2968 2967 2970
f 3759 2033 2971
f 3784 2971 2960
f 2972 2971 2033
f 2007 2377 2973
f 3560 3559 2134
f 1836 1833 1832
f 3506 2188 2090
f 955 810 959
f 672 675 674
f 633 710 713
f 2024 732 733
f 2025 2024 803
f 425 1552 1550
f 2975 2976 888
f 1319 1158 1157
f 1212 1935 2977
f 889 957 2228
f 1978 1974 1975
f 1138 1078 1329
f 751 665 2979
f 1619 1613 1625
f 2252 2255 1728
f 1157 1160 845
f 2706 1936 1938
f 2980 2255 2254
f 2982 2975 887
f 802 712 711
f 678 677 2029
f 527 840 690
f 1839 1207 2629
f 2983 2984 602
f 2983 1914 1913
f 2985 2983 1331
f 2986 2984 2983
f 2987 2637 2635
f 2985 2988 2639
f 2990 1319 1318
f 2991 2992 2993
f 2995 2991 2994
f 1106 1058 2991
f 1058 1057 2992
f 1415 1406 1365
f 1317 922 2217
f 1932 1728 2255
f 926 2998 2999
f 3001 2993 2992
f 3000 2992 1057
f 2999 3000 2978
f 2998 3001 3000
f 3002 2998 2209
f 3002 3003 2996
f 2993 3001 3002
f 1103 1106 2995
f 3004 2995 2996
f 2209 2210 3004
f 588 1103 3004
f 295 296 433
f 2638 2639 2988
f 3005 2988 1056
f 1305 3005 1930
f 1276 2638 3005
f 1987 1968 1993
f 2633 1762 1761
f 1423 1422 1417
f 3561 3517 739
f 2671 2670 2704
f 1473 1872 2035
f 922 1317 2694
f 1401 1400 1378
f 556 2028 1884
f 842 848 3825
f 1854 2706 2617
f 933 1082 1081
f 1440 1441 1436
f 529 657 719
f 1031 1025 1027
f 777 913 912
f 2645 1205 1204
f 441 438 1538
f 790 1287 587
f 2065 2066 1610
f 1860 991 990
f 60 106 87
f 1424 1017 1948
f 332 1527 1507
f 261 262 138
f 187 188 449
f 1719 1720 1726
f 1931 1055 1059
f 3006 1059 1105
f 1287 3006 1104
f 1286 1931 3006
f 3007 3008 3009
f 3009 3008 653
f 618 999 26
f 2029 677 1210
f 957 601 600
f 1049 2146 2228
f 2631 890 3011
f 890 889 2227
f 3011 2227 2145
f 2561 3011 3012
f 1026 656 609
f 2706 1854 1961
f 3013 2965 2485
f 2148 2147 1267
f 3015 1267 1266
f 2997 2264 1101
f 642 641 1773
f 186 477 461
f 1041 1040 1320
f 1121 3016 3017
f 2984 2986 2987
f 3018 2987 2634
f 1048 603 3018
f 603 602 2984
f 2679 2678 801
f 2062 2072 2074
f 2061 2074 2076
f 414 303 1545
f 3016 1121 2683
f 3019 2683 2704
f 3020 3019 2670
f 3007 3016 3019
f 1871 1090 1091
f 3021 1787 1122
f 3022 3021 3017
f 1314 3021 3022
f 1784 1787 3021
f 1316 1315 1763
f 3023 3022 3010
f 3023 3009 795
f 1763 3023 1092
f 1315 3022 3023
f 3016 3007 3010
f 752 751 2978
f 2986 2639 2637
f 3024 654 653
f 3020 3024 3008
f 720 723 3024
f 723 2621 654
f 2681 1098 1268
f 2671 3025 1268
f 2705 2681 3025
f 1313 3026 3027
f 3026 3028 3029
f 3027 3029 3030
f 1311 3027 3031
f 2012 568 731
f 917 2657 974
f 743 1206 856
f 1888 2027 2030
f 2682 2705 2684
f 3032 2684 1124
f 1100 3032 2989
f 1099 2682 3032
f 1123 2990 2989
f 3033 1834 1159
f 2990 3033 1158
f 1123 1786 3033
f 1786 1785 1834
f 1054 1056 2988
f 2979 665 664
f 2623 2622 2663
f 1095 660 688
f 3034 3035 2261
f 3036 3034 2956
f 3037 3038 3034
f 3038 3039 3035
f 3040 3041 3026
f 2263 3042 3041
f 3042 3039 3043
f 3041 3043 3028
f 3044 3045 3043
f 3046 3047 3045
f 3047 3048 3049
f 3043 3045 3049
f 3038 3037 3051
f 3050 3051 3053
f 3052 3046 3044
f 3039 3038 3050
f 3054 3035 3039
f 3042 2263 2262
f 2261 3035 3054
f 2216 2263 2997
f 2212 2211 2667
f 3056 868 2209
f 934 3057 1961
f 2013 3755 3757
f 3058 3059 3060
f 3059 3062 3063
f 3060 3063 2213
f 3061 3060 1963
f 3063 3064 2214
f 3062 3065 3064
f 3065 2257 2260
f 3064 2260 2215
f 3066 3067 3031
f 2608 2966 3067
f 2966 2562 3068
f 3031 3067 3068
f 2455 2458 2461
f 2476 2223 2226
f 3551 2090 2089
f 3526 2774 3769
f 433 354 355
f 2115 1423 1419
f 3509 2868 2922
f 3769 3737 2131
f 3069 2611 2167
f 2971 2972 2928
f 2961 2774 2773
f 3070 2475 2478
f 2610 2609 3071
f 2502 2371 2374
f 3072 2592 2595
f 2964 3046 3052
f 3048 2593 3074
f 2593 2592 3075
f 3075 3030 3029
f 3074 3029 3028
f 3072 3076 3075
f 3076 3072 2482
f 2481 2608 3066
f 3076 3066 3030
f 2967 3052 3053
f 2482 3072 3073
f 479 480 493
f 706 3900 3873
f 3561 2194 2221
f 2013 2010 3754
f 3533 2032 2016
f 3562 3519 2222
f 1171 1154 1155
f 2586 2566 2565
f 2982 110 113
f 2562 2376 3077
f 2376 2375 3012
f 3012 2145 2148
f 3077 2148 3015
f 2963 3047 3046
f 3051 3078 2970
f 1683 2173 491
f 3850 2122 1447
f 1986 2181 3734
f 3079 3080 2546
f 3081 3079 2575
f 1983 1986 3768
f 3082 2323 2319
f 3080 3082 2545
f 3734 3732 3082
f 3732 3748 2323
f 1309 1471 1888
f 3073 2595 2772
f 2760 3083 3084
f 2760 2085 2088
f 3085 3084 3086
f 3089 3085 3090
f 3089 2762 3084
f 3092 3088 3090
f 3093 2748 2744
f 2751 2747 2748
f 3093 2741 2752
f 2742 2741 3093
f 3094 3093 2743
f 3096 3097 3098
f 3099 3096 3087
f 3097 3094 3095
f 3100 2743 2746
f 3101 2927 3102
f 2764 2766 2927
f 2745 2764 3101
f 3102 3092 3091
f 3100 3091 3095
f 2869 2802 3592
f 3102 3103 3104
f 3658 2868 2869
f 2927 2926 3103
f 3098 3095 3091
f 3087 3098 3090
f 2088 2125 3105
f 3083 3105 3086
f 2483 3073 2771
f 2401 2186 2185
f 3099 3086 3105
f 2125 2207 3106
f 3108 2737 2742
f 3107 2742 3094
f 3110 3108 3107
f 3109 3107 3097
f 3111 3109 3096
f 3112 3110 3109
f 3113 2738 2737
f 3115 2723 2722
f 3117 3115 3114
f 3119 3117 3116
f 3118 3116 3120
f 3116 3114 3113
f 3122 3112 3111
f 3122 3123 1755
f 3124 3125 3126
f 3125 3118 3121
f 3128 3119 3118
f 3129 3128 3125
f 2020 2712 3128
f 3853 3857 1346
f 1065 1046 1047
f 1814 3838 3830
f 2021 2020 3129
f 3111 3099 3106
f 3123 3106 2207
f 2377 2225 2224
f 3014 2485 113
f 1756 2208 3782
f 3131 3132 2530
f 3133 3131 2528
f 1753 1756 3767
f 3134 3124 3127
f 2327 2408 2314
f 2436 2318 2317
f 2018 2021 3711
f 2534 3136 3137
f 2320 2322 3136
f 2185 2018 3712
f 3138 3139 2542
f 3134 3135 3744
f 3785 3130 3134
f 3140 3138 2539
f 2535 3137 3140
f 3711 2021 3130
f 2558 2530 3132
f 3782 3760 3141
f 2560 2558 3141
f 3760 3777 3142
f 958 888 2976
f 1933 1932 2980
f 2399 2424 2418
f 2348 2342 2343
f 2322 2320 2319
f 2718 2717 2874
f 2709 2729 2873
f 2894 2871 1361
f 346 289 176
f 1876 1877 1882
f 2802 2803 3607
f 3104 3144 3088
f 2974 2222 3649
f 3089 3145 2761
f 3088 3144 3145
f 2803 2974 3603
f 3870 3909 692
f 2123 1419 1418
f 1365 1363 1368
f 1581 1766 1782
f 3569 2202 2129
f 3555 2003 2002
f 3146 2585 2551
f 3751 3146 3147
f 3742 3149 3146
f 3149 2584 2585
f 3196 3198 3197
f 3604 2192 2191
f 3142 3150 2556
f 3777 3778 3150
f 3646 3152 2550
f 3150 3151 2555
f 3778 3780 3151
f 3788 3781 3152
f 3153 3147 2551
f 3152 3153 2549
f 3781 3776 3153
f 3776 3750 3147
f 3148 2767 2206
f 2183 2401 2321
f 2132 2960 2928
f 3684 3685 2204
f 3719 2198 2197
f 2594 2962 2773
f 2595 2594 2951
f 1870 798 799
f 3713 2179 2178
f 3706 2178 3736
f 336 3154 3774
f 339 3155 3154
f 3789 3683 3149
f 3683 3697 2584
f 2963 2962 3048
f 3722 3730 337
f 339 338 2566
f 3156 3157 2168
f 2610 3156 2167
f 2954 2953 3156
f 3157 3156 2953
f 3707 2166 2169
f 2567 3158 3159
f 337 3158 2567
f 3730 3069 2166
f 3764 2190 1983
f 2579 3160 3081
f 2568 3159 3160
f 3709 2169 2190
f 3065 3062 3162
f 3161 3162 1984
f 3157 3161 2189
f 2257 3065 3161
f 734 735 1922
f 3059 3058 2708
f 3163 2708 2182
f 3162 3163 1985
f 3062 3059 3163
f 3203 3206 3205
f 2122 2119 1448
f 3817 1686 1685
f 139 140 444
f 1570 569 566
f 2957 3164 3165
f 2955 3166 3164
f 1912 454 341
f 3130 3129 3124
f 1548 322 319
f 1949 1950 1327
f 2969 2970 3078
f 3167 3078 3169
f 3724 2014 2017
f 3720 2017 2033
f 3168 3169 3165
f 3170 3165 3164
f 3779 3170 3171
f 3724 3168 3170
f 3171 3164 3166
f 3172 3166 3071
f 3752 3172 3173
f 3756 3171 3172
f 3169 3037 3036
f 2593 3048 2962
f 3173 3071 2609
f 3174 2609 2199
f 3783 3174 2198
f 3749 3173 3174
f 2190 2189 1984
f 2196 2195 2767
f 2119 2120 1414
f 1464 1463 1466
f 2199 2611 3069
f 2457 2456 2587
f 2226 2225 2562
f 481 478 1627
f 333 1512 235
f 3078 3051 3037
f 3040 2264 2997
f 2219 1934 1933
f 2385 2384 2497
f 221 2220 3175
f 2220 1933 3143
f 3175 3143 2976
f 2484 3175 2975
f 2954 3071 3166
f 2630 1858 110
f 1547 319 1952
f 2091 2090 2188
f 3733 3736 2178
f 1918 1919 1927
f 3563 112 111
f 955 956 960
f 2037 3014 112
f 3143 2980 2981
f 2218 2211 2214
f 672 3877 3787
f 2152 3013 3014
f 1147 1144 1143
f 2248 2246 1409
f 1615 1636 1635
f 1410 1409 2246
f 3241 3243 3242
f 1382 3176 3177
f 3177 1410 2247
f 2247 1383 3177
f 3176 2238 2230
f 1410 3177 3179
f 3179 3180 2243
f 1633 3181 2800
f 1621 1620 2758
f 1622 1621 2245
f 2236 1394 3181
f 2237 2236 3182
f 2250 1631 2233
f 2912 1629 1628
f 135 136 1564
f 1567 419 512
f 1085 1084 2653
f 3184 869 868
f 869 3184 3057
f 1266 1268 1098
f 1267 2147 722
f 937 1146 2646
f 2146 1049 722
f 2211 2218 921
f 1957 510 507
f 1313 1312 2264
f 1496 362 1493
f 2887 2937 2933
f 1687 1688 1659
f 145 1499 1498
f 37 38 418
f 1935 1934 3185
f 104 89 301
f 2101 2098 2083
f 543 298 360
f 1934 2219 3186
f 234 1521 212
f 3845 3821 1822
f 1976 1875 1874
f 223 3186 2219
f 3655 3656 3605
f 2165 2164 467
f 467 468 2165
f 773 476 2165
f 1935 1212 1728
f 3240 3225 3226
f 3261 3249 3250
f 3215 3216 3244
f 3265 3221 3215
f 3267 3245 3198
f 3205 3206 3269
f 3214 3211 3265
f 3271 3213 3214
f 3251 3252 3239
f 3222 3221 3266
f 3232 3235 3234
f 3216 3242 3243
f 3196 3193 3268
f 3244 3243 3254
f 3238 3239 3247
f 3264 3244 3255
f 3253 3242 3216
f 3211 3266 3221
f 3257 3217 3218
f 3258 3222 3272
f 3274 3275 3280
f 3228 3229 3262
f 3275 3231 3281
f 3226 3227 3273
f 3236 3263 3260
f 3281 3263 3236
f 3287 3271 3192
f 3235 3226 3280
f 3234 3280 3281
f 3288 3290 3259
f 3260 3250 3276
f 3289 3212 3278
f 3210 3209 3224
f 3199 3202 3201
f 3228 3231 3230
f 3290 3288 3285
f 3282 3279 3271
f 3260 3263 3262
f 3243 3241 3268
f 3267 3268 3241
f 3194 3207 3208
f 3191 3270 3269
f 3270 3191 3192
f 3275 3274 3230
f 3264 3269 3270
f 3252 3251 3276
f 3248 3252 3291
f 3213 3271 3279
f 3272 3266 3289
f 3277 3278 3212
f 3228 3263 3281
f 3220 3225 3253
f 3219 3253 3217
f 3256 3218 3222
f 3247 3239 3252
f 3245 3267 3232
f 3266 3211 3212
f 3208 3205 3255
f 3288 3289 3284
f 3204 3205 3208
f 560 1899 3187
f 3209 3210 3201
f 3189 3192 3191
f 448 1980 807
f 647 648 122
f 1833 1848 1780
f 510 509 508
f 3210 1949 1887
f 1887 15 3200
f 15 16 3197
f 16 3188 3195
f 3195 3188 3187
f 3194 3187 1899
f 3207 1899 375
f 387 173 126
f 3189 1791 1760
f 3577 763 757
f 763 3577 2172
f 3583 3582 3580
f 3581 3580 3579
f 3594 3597 3596
f 3400 3601 3602
f 3626 3624 3625
f 3631 3635 3599
f 3636 3637 3595
f 3647 3584 3588
f 3650 3582 3584
f 3653 3579 3580
f 3653 2176 3654
f 1801 1864 3656
f 3651 3580 3582
f 3644 3638 3595
f 1767 1768 3659
f 1597 3663 3661
f 1708 1707 3665
f 3671 3668 3667
f 3666 3667 3673
f 1588 1708 3664
f 2080 3671 3666
f 2082 3666 3672
f 3674 3677 3635
f 3677 3678 3636
f 3682 3647 3645
f 3692 3651 3650
f 3681 3645 3644
f 786 3694 3692
f 3694 3653 3651
f 785 3692 3686
f 497 3686 3682
f 650 3682 3681
f 3696 564 3681
f 3405 3606 3605
f 3702 3699 3678
f 3699 3698 3679
f 3645 3588 3638
f 1799 3657 3659
f 3708 3704 3458
f 3462 3710 3708
f 3714 463 564
f 3615 3606 3602
f 3710 3714 3696
f 3635 3636 3596
f 3629 3626 3627
f 3597 3600 3599
f 3630 3716 3715
f 3627 3625 3597
f 3717 3716 3723
f 3715 3663 3660
f 3716 3717 3725
f 3668 3665 3661
f 3668 3725 3717
f 3667 3717 3718
f 3727 3728 3673
f 3728 1576 3672
f 3726 3727 3718
f 1576 2101 2084
f 3727 3726 3731
f 3203 376 1387
f 3190 1387 1791
f 3283 2152 1949
f 317 240 259
f 2000 2176 3653
f 3601 3599 3600
f 3589 3588 3584
f 3577 758 756
f 3585 3584 3582
f 3678 3679 3637
f 3204 375 376
f 1801 3655 3657
f 3729 3735 3728
f 1575 3735 3738
f 3735 1575 1576
f 1776 1795 1796
f 1293 1294 1290
f 1326 14 1327
f 1294 1245 1234
f 878 1244 1330
f 497 373 374
f 122 648 413
f 3699 3702 3704
f 3606 3405 3401
f 3708 3710 3698
f 3464 3714 3710
f 3704 3674 3443
f 439 398 399
f 1512 1528 1526
f 1668 1741 1738
f 839 849 1362
f 1362 1357 826
f 3843 740 1896
f 2053 2054 2118
f 3888 3887 2120
f 696 697 3816
f 1826 1878 639
f 3740 3739 3729
f 956 885 886
f 1980 806 1922
f 33 34 105
f 1343 1344 3856
f 3907 2127 2128
f 1766 1581 1582
f 14 1326 2163
f 595 98 99
f 3233 3238 3246
f 1346 1035 1044
f 748 1888 1425
f 3193 3208 3254
f 3190 3191 3206
f 3612 3605 3606
f 3624 3612 3615
f 3631 3415 3443
f 3679 3680 3644
f 3686 3650 3647
f 3702 3677 3674
f 3625 3615 3600
f 3601 3400 3415
f 3739 3738 3735
f 3630 3627 3594
f 3741 3723 3716
f 1284 1290 1288
f 3698 3696 3680
f 1778 1781 1780
f 1792 1759 1584
f 695 570 571
f 3638 3741 3594
f 3741 3638 3588
f 3247 3248 3209
f 3292 3293 3294
f 3296 3297 3298
f 3299 3298 3300
f 3302 3303 3304
f 3306 3307 3308
f 3307 3310 3311
f 3303 3302 3301
f 3312 3305 3304
f 3314 3315 3316
f 3318 3319 3320
f 3324 3318 3321
f 3326 3327 3328
f 3329 3330 3331
f 3333 3334 3335
f 3337 3338 3339
f 3333 3336 3341
f 3342 3341 3343
f 3319 3345 3344
f 3338 3335 3334
f 3346 3301 3302
f 3305 3348 3347
f 3312 3224 3223
f 3350 3337 3340
f 3312 3349 3348
f 3352 3343 3341
f 3311 3353 3354
f 3341 3336 3327
f 3359 3360 3361
f 3360 3359 3250
f 3318 3363 3345
f 3364 3363 3318
f 3314 3364 3324
f 3366 3299 3301
f 3299 3366 3367
f 3308 3354 3368
f 3369 3317 3295
f 3317 3369 3364
f 3370 3295 3317
f 3325 3371 3365
f 3352 3320 3319
f 3296 3367 3353
f 3297 3296 3311
f 3363 3368 3354
f 3345 3354 3353
f 3344 3353 3367
f 3366 3333 3342
f 3347 3339 3334
f 3339 3347 3348
f 3348 3349 3351
f 3363 3364 3369
f 3294 3309 3368
f 3293 3306 3309
f 3331 3373 3374
f 3346 3334 3333
f 3323 3322 3352
f 3356 3355 3321
f 3355 3357 3325
f 3357 3358 3371
f 3322 3356 3320
f 3361 3330 3329
f 3373 3372 3375
f 3374 3375 3376
f 3329 3332 3376
f 3327 3375 3372
f 3336 3335 3375
f 3335 3338 3376
f 3376 3338 3337
f 3337 3350 3359
f 3359 3350 3276
f 3377 3292 3295
f 3277 3316 3315
f 3371 3378 3379
f 3378 3371 3358
f 3365 3379 3315
f 3316 3277 3279
f 3282 3377 3370
f 3313 3283 3224
f 3378 3285 3284
f 3380 3286 3285
f 3379 3284 3278
f 3276 3350 3351
f 3291 3351 3349
f 3313 3304 2965
f 2965 3304 3303
f 222 3303 3300
f 223 3300 3298
f 3298 3297 3185
f 3297 3310 2977
f 3310 3307 1213
f 3307 3306 1214
f 2532 1214 3306
f 2894 2532 3293
f 2871 2894 3292
f 3253 3225 3240
f 3283 3313 3013
f 1997 1996 1889
f 1237 745 744
f 1535 1534 120
f 1531 1532 201
f 1119 1241 1032
f 946 948 824
f 163 8 5
f 3589 3726 3723
f 1155 1156 1162
f 427 213 327
f 553 1902 796
f 3381 2232 2231
f 3381 3178 2230
f 2237 3183 3180
f 3383 3384 3385
f 3384 3386 3387
f 3386 3388 3389
f 3388 3390 3391
f 3392 3393 3394
f 3395 3394 3396
f 3398 3399 3397
f 3400 3401 3399
f 3403 3404 3405
f 3406 3407 3404
f 3408 3409 3407
f 3410 3411 3409
f 3412 3413 3411
f 3415 3400 3398
f 3414 3398 3396
f 3416 3396 3394
f 3417 3394 3393
f 3393 3419 3420
f 3419 3390 3421
f 3390 3388 3422
f 3388 3386 3423
f 3386 3384 3424
f 3384 3383 3425
f 3425 3383 3426
f 2904 3427 3428
f 3429 3427 2904
f 3430 3429 2902
f 2875 3431 3430
f 3432 3433 2733
f 2825 3434 3435
f 3437 3438 3439
f 3441 3437 3436
f 2724 2723 3434
f 3436 3439 3115
f 3440 3436 3117
f 3443 3415 3414
f 3442 3414 3416
f 3444 3416 3417
f 3445 3417 3418
f 3446 3418 3420
f 3420 3421 3448
f 3421 3422 3449
f 3422 3423 3450
f 3423 3424 3451
f 3424 3425 3452
f 3425 3184 3056
f 3451 3452 2253
f 3450 3451 2252
f 3449 3450 1727
f 3448 3449 2150
f 3453 3447 3448
f 3454 3446 3447
f 3455 3445 3446
f 3456 3444 3445
f 3442 3444 3456
f 3443 3442 3457
f 3459 3460 3458
f 3457 3456 3455
f 3459 3455 3454
f 3462 3460 3459
f 3461 3454 3453
f 3464 3462 3461
f 3463 3453 1941
f 3404 3399 3401
f 3407 3397 3399
f 3409 3395 3397
f 3411 3392 3395
f 3465 3466 3413
f 3467 3468 3469
f 3465 3412 3431
f 3470 3467 3466
f 3438 3470 3432
f 3467 3470 3438
f 3468 3467 3437
f 3471 3469 3468
f 3472 3468 3441
f 3473 3441 3440
f 2712 3440 3119
f 3475 3471 3472
f 3474 3472 3473
f 3476 3473 2712
f 3477 3476 2711
f 3478 3474 3476
f 3479 3475 3474
f 3392 3411 3413
f 3466 3469 3480
f 3419 3393 3392
f 3390 3419 3480
f 3469 3471 3391
f 3389 3391 3471
f 3387 3389 3475
f 3385 3387 3479
f 3482 3477 2400
f 3483 3478 3477
f 3481 3479 3478
f 3484 3482 2402
f 3058 3484 2707
f 3061 3485 3484
f 3485 3483 3482
f 3382 3385 3481
f 3486 3481 3483
f 3426 3383 3382
f 3487 3382 3486
f 3486 3485 3061
f 1961 3057 3487
f 3057 3184 3426
f 3428 3403 3402
f 3427 3406 3403
f 3429 3408 3406
f 3430 3410 3408
f 3431 3412 3410
f 3470 3465 3433
f 3434 3439 3438
f 2723 3115 3439
f 2875 2733 3433
f 2736 2824 3435
f 2947 3428 3488
f 3464 3463 1360
f 1900 1925 1924
f 1736 1717 1718
f 1955 1952 1943
f 1671 1738 1735
f 1696 1750 1698
f 1800 1865 1864
f 2063 2055 2056
f 1737 1734 1717
f 1751 1735 1697
f 943 3885 3899
f 3656 3488 3402
f 1577 1578 1764
f 3917 1598 1599
f 1945 146 82
f 68 6 7
f 147 1542 1543
f 1109 1135 1133
f 1503 1910 1907
f 1499 1501 1909
f 452 1922 735
f 1824 2068 3835
f 1825 2067 2068
f 1463 1462 1022
f 841 1012 1009
f 1568 1547 1955
f 1910 1503 1502
f 1939 1502 422
f 309 280 1940
f 1804 1851 1866
f 269 1482 1954
f 2065 1607 2060
f 3812 1685 1758
f 280 276 552
f 1875 1873 1869
f 1739 1721 1734
f 1778 1779 1790
f 310 1920 1915
f 1909 1908 1906
f 1789 1783 1778
f 978 981 980
f 1584 1759 1731
f 425 426 311
f 148 1543 115
f 2044 3897 3894
f 277 1910 1939
f 1943 1946 1945
f 1461 1462 1463
f 2253 3452 3056
f 2981 2254 3489
f 2209 2998 3489
f 2254 2253 3055
f 2998 926 958
f 2826 2817 2721
f 3490 2739 2721
f 2816 3491 3490
f 2334 2297 2296
f 2298 2297 2334
f 2301 2298 2336
f 2311 2301 2338
f 2312 2311 2354
f 2359 2358 2361
f 2335 2296 2359
f 2414 2413 2365
f 2413 2270 2361
f 2355 2352 2540
f 2541 2540 2539
f 2722 2721 2739
f 3114 2722 2738
f 3110 3112 3121
f 3108 3110 3120
f 3122 1754 3127
f 3112 3122 3126
f 3127 1754 1753
f 3139 3133 2529
f 3744 3775 3133
f 3490 2789 2740
f 3491 2790 2789
f 228 229 91
f 245 244 243
f 248 7 247
f 2 297 296
f 145 146 300
f 327 213 210
f 329 332 331
f 239 241 240
f 373 376 375
f 178 177 176
f 1218 1225 1228
f 3862 1231 1295
f 808 809 824
f 3858 3859 1013
f 3813 3810 1411
f 2154 2149 2159
f 3845 3835 1758
f 306 807 1922
f 2157 2153 1976
f 708 709 2031
f 1450 1226 1227
f 1672 1604 1605
f 1813 1814 1821
f 1717 1716 1715
f 176 159 402
f 1710 1705 3916
f 1712 1580 1577
f 1705 1713 1711
f 971 978 979
f 822 823 1094
f 2909 2810 2793
f 2810 2769 2795
f 2799 2910 2249
f 3662 3643 2910
f 2769 2768 2801
f 3177 3176 3178
f 3178 3381 3180
f 3181 1394 1393
f 3181 1633 1632
f 3182 1632 2244
f 3183 2244 2243
f 3492 2791 2790
f 2808 3492 3491
f 2239 3574 3572
f 1149 1150 3571
f 1150 2009 3567
f 2202 3569 3566
f 2921 3564 3565
f 3568 3560 2133
f 1777 1579 1759
f 1201 1196 1183
f 3561 3554 2195
f 3553 3576 2770
f 3927 3925 1687
f 1516 152 154
f 3549 3562 2974
f 3550 3548 2779
f 2771 2772 3575
f 3070 2771 3546
f 3547 3544 2775
f 1376 1375 1370
f 2767 3543 3556
f 2195 3554 3543
f 2775 3544 3542
f 3377 3282 3545
f 3804 3802 3539
f 2776 3542 3538
f 2240 3572 3535
f 2920 3535 3669
f 3548 3534 2786
f 1805 1850 1851
f 3534 3532 2787
f 2951 2773 3540
f 2772 2951 3531
f 2973 2224 3530
f 2224 2223 3537
f 1957 1953 320
f 306 305 304
f 2770 3576 3528
f 2913 3528 3574
f 2923 3565 3527
f 308 1940 431
f 207 208 132
f 1879 1876 1881
f 3733 3787 3525
f 2475 3070 3558
f 2476 2475 3524
f 2223 2476 3523
f 3522 3549 2803
f 2037 3563 11
f 1959 1958 450
f 2003 3555 3520
f 9 10 334
f 2009 2008 3518
f 2008 2973 3536
f 3877 672 673
f 3515 3550 2778
f 2935 3514 3513
f 111 1149 3570
f 3510 3514 2935
f 683 3876 3885
f 3508 3557 2810
f 736 733 732
f 1795 1804 1803
f 3505 3510 2938
f 3507 3505 2939
f 2950 3512 3504
f 2940 2949 3504
f 3801 3791 3512
f 2868 3509 3502
f 2869 3502 3522
f 1024 1034 1023
f 3500 3503 2948
f 551 1939 442
f 2972 3499 3568
f 2032 3533 3499
f 216 93 1924
f 203 202 201
f 1828 1848 1847
f 1958 1957 449
f 272 271 178
f 2871 3545 3495
f 3619 3669 3564
f 2801 2768 3643
f 2005 3758 3654
f 960 886 899
f 3657 3655 3612
f 3780 3788 3646
f 3151 3646 3593
f 2193 3604 3623
f 3607 3603 3145
f 3603 3649 2761
f 3592 3607 3144
f 2926 3658 3634
f 3634 3592 3104
f 3755 3754 3746
f 566 567 3758
f 3488 3656 1864
f 1602 1586 2079
f 2868 3658 3611
f 2922 3611 3610
f 2923 3610 3618
f 3670 3613 2918
f 3619 3670 3614
f 2921 3618 3670
f 2920 3614 3586
f 3613 3642 2915
f 2917 2766 3622
f 2916 2917 3641
f 2239 3587 3652
f 2911 3640 3652
f 3643 3640 2911
f 2797 2801 3662
f 2797 3591 3598
f 3622 3628 2763
f 3608 3628 2764
f 2194 3623 3648
f 2221 3648 3649
f 2756 3608 3609
f 2750 3598 3609
f 3669 3535 1817
f 3763 3770 1691
f 2515 3621 3590
f 2548 3590 3593
f 2513 2489 3632
f 2513 3616 3621
f 2509 3633 3620
f 2510 3632 3633
f 2289 3620 3639
f 2283 3639 3617
f 2240 3586 3587
f 3659 3657 3624
f 716 2121 3887
f 727 1999 3761
f 2165 2171 2170
f 3660 3659 3626
f 3743 3581 3578
f 2175 2172 769
f 2100 500 2095
f 3758 567 3757
f 640 3560 3568
f 1653 3576 3553
f 1895 3536 3530
f 746 3530 3537
f 1653 1810 3528
f 3762 1603 1604
f 2093 2075 2073
f 959 996 995
f 962 899 919
f 1400 1401 1398
f 1000 817 1127
f 956 959 884
f 1662 3548 3550
f 2034 3558 3546
f 3926 1689 3539
f 3535 3572 766
f 3572 3574 765
f 334 3570 3571
f 1868 3531 3540
f 1684 1651 1652
f 1682 1683 775
f 1585 1603 3762
f 3763 3762 1672
f 2173 2174 490
f 1658 3544 3547
f 3556 3543 1650
f 1571 3754 2010
f 1587 3664 3671
f 2099 2095 2077
f 787 3761 1999
f 2000 3694 786
f 3155 339 3697
f 3713 3155 3683
f 2180 2179 3685
f 3496 2180 3684
f 1684 3846 3840
f 1760 464 3495
f 2607 3689 3693
f 2581 3676 3689
f 2371 2502 3700
f 2371 3695 3693
f 2587 3676 3675
f 2586 3675 3697
f 2497 3691 3687
f 2502 2503 3687
f 2494 3691 3690
f 3690 3688 2472
f 3688 3701 2468
f 3701 3703 2469
f 726 3908 3892
f 581 3567 3518
f 10 3511 3570
f 1837 3514 3510
f 741 3537 3523
f 1299 3524 3558
f 1851 3507 3504
f 3527 3565 1820
f 580 3518 3536
f 1758 1685 3522
f 1693 3557 3508
f 3504 3512 1867
f 1894 1826 3568
f 2126 1418 3813
f 3906 2126 3841
f 2113 3911 3867
f 2179 3713 3789
f 624 3903 3904
f 2192 3604 3788
f 2177 3541 3787
f 1364 3824 3833
f 3858 3855 1470
f 3135 1753 3775
f 2069 3812 3835
f 1351 3861 3853
f 2108 3882 3901
f 2089 2092 3736
f 3828 3834 1358
f 2001 3749 3783
f 2187 3783 3719
f 2130 3756 3752
f 2004 3752 3749
f 2014 3724 3779
f 2201 3779 3756
f 3167 3720 3759
f 3168 3724 3720
f 3159 3709 3764
f 3160 3764 3765
f 3730 3707 3158
f 3158 3707 3709
f 2200 3069 3730
f 3685 3789 3742
f 3722 3774 2197
f 3790 3736 2092
f 3774 3790 3721
f 3154 3706 3790
f 3155 3713 3706
f 2091 3719 3721
f 2196 3148 3750
f 2193 2196 3776
f 3604 2193 3781
f 2086 2192 3780
f 2087 2086 3778
f 2204 3742 3751
f 2205 3751 3750
f 3909 3886 574
f 2124 2087 3777
f 2208 2124 3760
f 3711 3785 3140
f 3785 3745 3138
f 3745 3744 3139
f 3771 3712 3136
f 3712 3711 3137
f 3775 3767 3131
f 3767 3782 3132
f 1813 3839 3838
f 1293 3854 3856
f 2184 2321 3748
f 2181 2184 3732
f 3765 3768 3079
f 3768 3734 3080
f 709 3873 3875
f 2774 2961 3737
f 3786 3769 2134
f 3809 3808 766
f 2968 3784 3766
f 2969 3759 3784
f 2958 3747 3737
f 2132 3747 3766
f 2321 2185 3771
f 3860 3848 1449
f 3905 3874 582
f 3886 3889 577
f 3847 3826 1818
f 705 3902 3887
f 3816 3912 3907
f 2111 3883 3911
f 3810 3829 1366
f 1812 3839 3822
f 675 3851 3852
f 3496 3705 3851
f 2110 3867 3868
f 2104 3896 3901
f 2109 3868 3899
f 3842 3831 703
f 1680 3811 3846
f 1639 1627 3819
f 623 3904 3906
f 2139 2140 3866
f 1808 1640 3844
f 3820 3821 1819
f 3872 3914 3900
f 1646 3832 3830
f 3889 3890 633
f 2139 3865 3875
f 2156 2155 3871
f 674 3852 3913
f 2117 3817 3812
f 1815 3822 3847
f 3855 3849 1444
f 697 3906 3912
f 866 842 3836
f 3864 3869 2136
f 3585 3731 3726
f 3583 3740 3731
f 3753 3746 3738
f 3740 3583 3581
f 1088 3738 3746
f 3739 3740 3743
f 2791 3492 3493
f 3492 2808 2807
f 2792 3493 3494
f 3493 2807 2806
f 3508 2909 3494
f 3516 3494 2806
f 2948 3503 3791
f 2105 3908 3896
f 3538 3802 3804
f 680 3878 3876
f 1891 1890 3910
f 2905 3799 3801
f 2900 3797 3799
f 2901 3797 3807
f 2734 2878 3806
f 2877 3807 3806
f 2820 3800 3794
f 2818 3796 3792
f 2823 3793 3792
f 2822 3793 3798
f 2819 2735 3800
f 2817 3796 3795
f 2809 3805 3795
f 2808 3805 3803
f 2805 3804 3803
f 1702 3921 3923
f 3922 3920 1797
f 3915 3916 1706
f 3918 3927 1692
f 1657 3898 3880
f 1890 1877 3895
f 3772 3770 1674
f 1689 1690 3772
f 3926 3802 3538
f 3516 3539 1689
f 3917 3923 1703
f 1598 3917 3928
f 3880 3884 1876
f 1691 1690 3925
f 3925 3926 1688
