v 0.059401 -0.008599 -0.047022
v 0.063301 -0.009577 -0.046170
v 0.063960 -0.008043 -0.046146
v 0.059778 -0.007057 -0.046807
v 0.072717 -0.007161 -0.056515
v 0.071931 -0.003624 -0.053492
v 0.071188 -0.000544 -0.053499
v 0.071703 -0.001080 -0.056196
v 0.025159 -0.048819 -0.106019
v 0.011288 -0.048790 -0.110345
v 0.010930 -0.062928 -0.107433
v 0.023368 -0.065466 -0.101878
v 0.039000 -0.094512 -0.083383
v 0.034671 -0.084098 -0.088140
v 0.033495 -0.101873 -0.093080
v 0.040990 -0.105066 -0.084143
v 0.039199 0.049173 0.042259
v 0.046004 0.048237 0.035999
v 0.045351 0.041629 0.039704
v -0.059590 -0.007743 -0.049768
v -0.063380 -0.008877 -0.049015
v -0.064022 -0.007465 -0.049030
v -0.059748 -0.006304 -0.049559
v -0.072705 -0.006410 -0.059075
v -0.071713 -0.003129 -0.055949
v -0.071247 0.000011 -0.055769
v -0.071772 -0.000290 -0.058424
v 0.038596 0.041764 0.044630
v 0.091436 0.015129 -0.067624
v 0.091425 0.012425 -0.068882
v 0.091453 0.011152 -0.067077
v 0.091363 0.013567 -0.066187
v 0.087526 -0.003847 -0.065395
v 0.087445 0.003851 -0.067233
v 0.088706 0.006367 -0.067728
v 0.088578 0.004376 -0.067148
v 0.086990 -0.014473 -0.062248
v 0.086082 -0.013652 -0.061704
v 0.087938 -0.009093 -0.063536
v 0.088634 -0.009526 -0.064479
v 0.067839 -0.031954 -0.041313
v 0.071503 -0.030730 -0.042518
v 0.071735 -0.032361 -0.043410
v 0.066714 -0.033917 -0.041855
v 0.063719 -0.032898 -0.042690
v 0.069374 -0.033635 -0.046080
v 0.069057 -0.030602 -0.046646
v 0.064487 -0.030513 -0.043771
v 0.086204 0.025445 -0.052861
v 0.086457 0.022429 -0.052540
v 0.084852 0.021761 -0.049968
v 0.084555 0.025006 -0.049949
v 0.070540 -0.008588 -0.061564
v 0.068420 -0.015150 -0.059207
v 0.074546 -0.009899 -0.061630
v 0.075110 -0.007091 -0.062218
v 0.084732 0.014446 -0.060346
v 0.085600 0.015468 -0.063807
v 0.085950 0.013342 -0.064874
v 0.085092 0.011792 -0.062330
v 0.087374 0.016966 -0.068412
v 0.087668 0.014005 -0.069706
v 0.067435 -0.024571 -0.039245
v 0.067244 -0.021122 -0.038307
v 0.068457 -0.019516 -0.039254
v 0.068763 -0.020419 -0.040470
v 0.070753 -0.007319 -0.053354
v 0.072026 -0.003191 -0.052034
v 0.082463 -0.024987 -0.056534
v 0.082494 -0.022986 -0.055864
v 0.084732 -0.018978 -0.059499
v 0.084827 -0.020430 -0.060238
v 0.079868 -0.020145 -0.054404
v 0.082503 -0.017747 -0.057933
v 0.083616 -0.017083 -0.059552
v 0.082201 -0.019202 -0.057573
v 0.087430 0.018186 -0.059272
v 0.085014 0.020275 -0.055068
v 0.085866 0.020375 -0.055349
v 0.087868 0.018021 -0.060172
v 0.078012 0.005019 -0.061871
v 0.076746 0.010120 -0.060278
v 0.075144 0.009633 -0.060369
v 0.076489 0.005181 -0.061734
v 0.087891 0.014162 -0.066367
v 0.088283 0.011409 -0.067323
v 0.086558 0.010688 -0.066306
v 0.073984 0.012765 -0.049905
v 0.073783 0.013393 -0.050550
v 0.074570 0.011763 -0.050895
v 0.073953 0.010604 -0.049618
v 0.071992 -0.034200 -0.046035
v 0.065448 -0.023003 -0.052716
v 0.067634 -0.022226 -0.053956
v 0.070642 -0.018492 -0.056951
v 0.069238 -0.017382 -0.057190
v 0.063194 -0.031043 -0.040242
v 0.066228 -0.030525 -0.039973
v 0.067284 -0.031622 -0.040867
v 0.063995 -0.032512 -0.040793
v 0.077304 0.016814 -0.050767
v 0.079956 0.016150 -0.053027
v 0.078159 0.015185 -0.052311
v 0.076201 0.015594 -0.050549
v 0.086364 0.001979 -0.065687
v 0.085405 0.008960 -0.063966
v 0.085550 -0.007467 -0.059894
v 0.086117 -0.007464 -0.062940
v 0.085184 -0.011477 -0.061738
v -0.027708 -0.048812 -0.106359
v -0.013847 -0.048789 -0.110462
v -0.013365 -0.062915 -0.107644
v -0.025785 -0.065405 -0.102364
v 0.084797 -0.011512 -0.058669
v 0.085315 0.000875 -0.060246
v 0.086044 0.000880 -0.063592
v 0.088940 0.010293 -0.065565
v 0.088872 0.004106 -0.065775
v 0.088821 0.010689 -0.066370
v 0.073989 0.013709 -0.058768
v 0.073790 0.016932 -0.063211
v 0.072939 0.010322 -0.064343
v 0.073937 0.011241 -0.060064
v 0.069680 -0.015605 -0.039446
v 0.071237 -0.013458 -0.040426
v 0.070360 -0.015691 -0.041926
v 0.069492 -0.017728 -0.041680
v 0.071424 -0.020418 -0.055839
v 0.068530 -0.023264 -0.053336
v 0.069122 -0.023610 -0.052715
v 0.072201 -0.022087 -0.054300
v 0.082463 0.017431 -0.055040
v 0.082364 0.011941 -0.055437
v 0.080681 0.011883 -0.054109
v 0.075414 -0.018461 -0.046414
v 0.076358 -0.017214 -0.048286
v 0.077702 -0.020374 -0.049987
v 0.076474 -0.022339 -0.048418
v 0.077702 -0.031096 -0.050775
v 0.075094 -0.030825 -0.051117
v 0.072177 -0.032612 -0.048402
v 0.074897 -0.033218 -0.048134
v 0.068979 -0.018818 -0.040899
v 0.068951 -0.018160 -0.039356
v 0.080677 0.005218 -0.063673
v 0.079306 0.011517 -0.061984
v 0.084306 0.010137 -0.060153
v 0.084749 0.007653 -0.061467
v 0.072880 -0.002854 -0.045127
v 0.070318 -0.002189 -0.046155
v 0.070117 -0.002909 -0.046352
v 0.073273 -0.004510 -0.044993
v 0.073216 -0.002703 -0.043544
v 0.073677 -0.004270 -0.043392
v 0.073312 -0.004600 -0.041876
v 0.072907 -0.003674 -0.041834
v 0.069635 -0.001852 -0.047028
v 0.069740 -0.002130 -0.046567
v 0.070252 -0.001704 -0.046948
v 0.074678 0.000676 -0.058517
v 0.076570 -0.007587 -0.060352
v 0.074130 -0.007212 -0.058922
v 0.070961 0.000370 -0.057601
v 0.086749 -0.006294 -0.064643
v 0.080910 0.021227 -0.045699
v 0.078788 0.023043 -0.045801
v 0.081535 0.026758 -0.050571
v 0.071456 -0.015702 -0.050739
v 0.073437 -0.015107 -0.047779
v 0.071594 -0.015291 -0.046396
v 0.070367 -0.016432 -0.049237
v 0.069546 -0.011425 -0.044504
v 0.067579 -0.014819 -0.043544
v 0.071854 -0.012968 -0.043338
v 0.072990 0.003068 -0.043387
v 0.071839 -0.000753 -0.046409
v 0.072563 -0.001700 -0.044789
v 0.072774 -0.001371 -0.043347
v 0.086964 -0.015415 -0.063286
v 0.088707 -0.010284 -0.065868
v 0.086877 -0.010366 -0.066685
v 0.085020 -0.015822 -0.064274
v 0.064201 -0.027868 -0.038614
v 0.061110 -0.030759 -0.041542
v 0.064583 -0.025381 -0.037410
v 0.090440 0.021861 -0.062239
v 0.086361 0.024316 -0.062684
v 0.086721 0.022331 -0.064989
v 0.090828 0.019911 -0.064404
v 0.069822 0.004601 -0.052540
v 0.070263 0.002415 -0.052143
v 0.070654 0.004170 -0.050444
v 0.070250 0.005928 -0.050570
v 0.048243 -0.033220 -0.090301
v 0.055987 -0.033415 -0.072026
v 0.060171 -0.018279 -0.080654
v 0.053425 -0.018258 -0.096441
v 0.079118 -0.028533 -0.050494
v 0.077190 -0.030507 -0.048099
v 0.073939 0.010884 -0.042295
v 0.073047 0.012829 -0.041386
v 0.074553 0.018171 -0.042689
v 0.075410 0.014861 -0.042498
v 0.088302 0.005578 -0.070388
v 0.091341 0.004837 -0.069274
v 0.076730 0.017540 -0.048932
v 0.080947 0.020894 -0.051953
v 0.078586 0.018489 -0.051042
v 0.076459 0.017184 -0.049453
v 0.075417 0.008770 -0.047224
v 0.076221 0.010265 -0.046803
v 0.074867 0.011159 -0.046942
v 0.073781 0.009698 -0.047090
v 0.072778 0.017388 -0.040444
v 0.074603 0.022375 -0.043469
v 0.064036 -0.024281 -0.052396
v 0.075909 0.009783 -0.044785
v 0.076784 0.012408 -0.044234
v 0.077369 0.011739 -0.046603
v -0.041491 -0.094012 -0.084443
v -0.037151 -0.083789 -0.089034
v -0.035633 -0.101646 -0.094129
v -0.043387 -0.104602 -0.085218
v 0.066464 -0.020512 -0.036517
v 0.067982 -0.018602 -0.038036
v 0.075604 0.015983 -0.049435
v 0.074893 0.014912 -0.049462
v 0.073216 0.011365 -0.049110
v 0.073626 0.008732 -0.050227
v 0.081091 0.001658 -0.056870
v 0.083067 -0.006964 -0.058248
v 0.063774 -0.017545 -0.067310
v 0.060455 -0.032471 -0.053222
v 0.073726 0.011645 -0.047006
v 0.073524 0.012097 -0.047373
v 0.072380 0.011037 -0.048250
v 0.072734 0.010541 -0.047206
v 0.075138 -0.031684 -0.046021
v 0.079452 0.008248 -0.054387
v 0.075885 0.006661 -0.052731
v 0.076381 0.008929 -0.051627
v 0.088811 -0.004347 -0.064704
v 0.089658 0.004140 -0.065910
v 0.091131 0.004611 -0.067322
v 0.090077 -0.004602 -0.066022
v 0.062009 -0.031535 -0.041426
v 0.070372 0.001631 -0.053085
v 0.071614 -0.000278 -0.052216
v 0.070484 0.007496 -0.050559
v 0.071265 0.009438 -0.049041
v 0.068520 -0.015624 -0.037551
v 0.086956 0.018253 -0.063852
v 0.087425 0.016316 -0.065114
v 0.085306 0.017064 -0.062545
v 0.084873 0.018301 -0.061032
v 0.083576 0.019405 -0.057282
v 0.084079 0.021175 -0.056920
v 0.086266 0.019776 -0.061896
v 0.074589 0.007406 -0.051672
v 0.075368 0.009521 -0.050524
v 0.074063 -0.019604 -0.045072
v 0.074565 -0.025529 -0.045993
v 0.083816 -0.014929 -0.059395
v 0.082965 -0.014101 -0.056627
v 0.084146 -0.004414 -0.067273
v 0.083904 0.005205 -0.068387
v 0.082058 0.005129 -0.065957
v 0.082515 -0.003923 -0.065799
v 0.075251 -0.001209 -0.062245
v 0.072102 -0.000252 -0.062881
v 0.072283 -0.002539 -0.041393
v 0.071121 0.001166 -0.039818
v 0.070530 0.006890 -0.050978
v 0.070814 0.008476 -0.048905
v 0.076202 -0.017919 -0.058289
v 0.071816 -0.024866 -0.051098
v 0.076467 -0.020136 -0.056567
v 0.067005 -0.025365 -0.049315
v 0.066494 -0.026300 -0.047238
v 0.069644 -0.026400 -0.048580
v 0.079788 -0.018153 -0.053733
v 0.081781 -0.017021 -0.056375
v 0.068716 -0.002082 -0.047799
v 0.067396 -0.003713 -0.048837
v 0.068472 -0.002603 -0.047061
v 0.084063 0.001047 -0.057969
v 0.084751 -0.007120 -0.058269
v 0.076497 0.012524 -0.046952
v 0.074141 0.001917 -0.048516
v 0.075162 0.005412 -0.046293
v 0.079663 0.016020 -0.046388
v 0.078166 0.014294 -0.047112
v 0.077567 0.013395 -0.046933
v 0.078483 0.013790 -0.046211
v 0.061967 -0.012437 -0.046544
v 0.065622 -0.013780 -0.045293
v 0.067066 -0.010545 -0.045367
v 0.083344 0.021378 -0.055842
v 0.083818 0.019228 -0.056921
v 0.080998 0.012119 -0.063995
v 0.074894 0.013569 -0.051651
v 0.075870 0.011864 -0.052397
v 0.076167 0.025704 -0.058678
v 0.075616 0.023572 -0.055207
v 0.075892 0.023601 -0.053893
v 0.076457 0.027845 -0.054164
v 0.065327 -0.028957 -0.044483
v 0.068713 -0.028672 -0.046802
v 0.068565 -0.027411 -0.047176
v 0.065933 -0.027563 -0.045513
v 0.070906 -0.015538 -0.045728
v 0.069951 -0.016737 -0.048357
v 0.085032 -0.013549 -0.061891
v 0.084362 -0.014449 -0.060914
v 0.085761 -0.010518 -0.063102
v 0.086688 -0.009262 -0.063809
v 0.070905 0.005627 -0.054363
v 0.069885 0.004243 -0.054774
v 0.076386 0.017397 -0.055389
v 0.078931 0.019690 -0.057055
v 0.077721 0.022750 -0.053628
v 0.075820 0.020608 -0.053396
v 0.082555 0.012814 -0.066660
v 0.075850 0.010572 -0.052094
v 0.076586 0.010707 -0.053165
v 0.075281 0.011068 -0.051594
v 0.073126 0.008724 -0.047369
v 0.074912 0.007377 -0.047645
v 0.079162 0.016118 -0.047762
v 0.083143 0.019601 -0.051114
v 0.082279 0.019342 -0.050809
v 0.078446 0.016735 -0.048272
v 0.073685 0.013540 -0.048624
v 0.012466 -0.035408 -0.116941
v 0.014216 -0.023936 -0.124644
v -0.038473 0.048840 0.041787
v -0.045360 0.047829 0.035710
v -0.044850 0.041250 0.039207
v -0.038008 0.041480 0.043929
v 0.076170 0.023272 -0.045991
v 0.077506 0.025045 -0.050209
v 0.078556 0.025965 -0.050509
v 0.076825 0.024205 -0.047079
v 0.084843 0.017044 -0.060318
v 0.088806 0.013156 -0.065423
v 0.072467 -0.001423 -0.050350
v 0.069422 -0.004484 -0.050039
v 0.059553 -0.006012 -0.048715
v 0.059876 -0.004696 -0.048971
v 0.060602 -0.005304 -0.050127
v 0.060089 -0.006943 -0.050071
v 0.062292 -0.011127 -0.049795
v 0.065038 -0.012118 -0.048927
v 0.064173 -0.014071 -0.047587
v 0.061279 -0.013484 -0.049464
v 0.058681 -0.009514 -0.049020
v 0.059152 -0.007771 -0.048814
v 0.059970 -0.008751 -0.050104
v 0.059623 -0.010805 -0.050176
v 0.082963 0.021217 -0.053487
v 0.084317 0.021130 -0.055076
v 0.089615 0.012638 -0.064580
v 0.089733 0.010389 -0.065605
v 0.087886 0.017015 -0.062772
v 0.088407 0.015284 -0.064060
v 0.071707 -0.010738 -0.040217
v 0.072903 -0.010530 -0.042105
v 0.072454 -0.012228 -0.042066
v 0.090843 0.016124 -0.064678
v 0.091196 0.017543 -0.066156
v 0.067355 -0.027653 -0.039263
v 0.065601 -0.028721 -0.038885
v 0.036725 -0.107870 -0.029572
v 0.047375 -0.103870 -0.038328
v 0.047365 -0.116469 -0.039640
v 0.038012 -0.120743 -0.031001
v 0.079355 0.018293 -0.044708
v 0.077994 0.020809 -0.044138
v 0.058901 -0.010725 -0.047287
v 0.058817 -0.012171 -0.049455
v 0.061328 -0.013801 -0.047885
v 0.064342 -0.006381 -0.046293
v 0.060124 -0.005601 -0.046890
v 0.062568 -0.009360 -0.049719
v 0.064093 -0.004290 -0.049557
v 0.064539 -0.003084 -0.047965
v 0.066797 -0.017456 -0.044872
v 0.068415 -0.017603 -0.047238
v 0.069811 -0.017717 -0.043812
v 0.059241 -0.012483 -0.050031
v 0.070539 0.006673 -0.052057
v 0.065869 -0.008180 -0.049482
v 0.069225 -0.010762 -0.051194
v 0.068765 -0.012866 -0.050406
v 0.065582 -0.010157 -0.049357
v 0.078225 -0.020962 -0.051605
v 0.078561 -0.019067 -0.051563
v 0.072982 -0.014935 -0.052435
v 0.075708 -0.014915 -0.050449
v 0.072100 0.001629 -0.050752
v 0.073650 0.004777 -0.049088
v 0.068999 -0.001911 -0.047534
v 0.066655 -0.005893 -0.049507
v 0.069201 -0.008086 -0.051238
v 0.064591 -0.004834 -0.046544
v 0.068495 -0.004944 -0.046169
v 0.068331 -0.003844 -0.046430
v 0.064548 -0.003790 -0.046865
v 0.078920 0.011895 -0.053591
v 0.076712 0.018227 -0.043280
v 0.078224 0.015357 -0.044263
v 0.076977 0.030209 -0.070312
v 0.074661 0.021710 -0.074512
v 0.075260 0.022407 -0.062269
v 0.062523 -0.007401 -0.049566
v 0.060831 -0.003537 -0.048435
v 0.060983 -0.003698 -0.047014
v 0.084096 -0.017607 -0.059210
v 0.070634 -0.017886 -0.043465
v 0.071760 0.006793 -0.048439
v 0.083155 -0.009685 -0.065608
v 0.081689 -0.014662 -0.063444
v 0.070867 0.008122 -0.048822
v 0.071765 0.009326 -0.047594
v 0.069280 -0.017215 -0.047888
v 0.070495 -0.016581 -0.044855
v 0.072094 0.009832 -0.047502
v 0.072453 -0.011121 -0.043621
v 0.084157 0.011653 -0.058711
v 0.073592 -0.028254 -0.051400
v 0.071188 -0.029579 -0.048768
v 0.060531 -0.004524 -0.047062
v 0.063981 -0.014329 -0.046860
v 0.063702 -0.005638 -0.050030
v 0.070849 -0.007216 -0.045119
v 0.070364 -0.009406 -0.044814
v 0.073007 -0.008866 -0.043794
v 0.077359 -0.014625 -0.052173
v 0.073837 -0.013770 -0.054791
v 0.075088 -0.012918 -0.056960
v 0.079147 -0.014092 -0.053979
v 0.080150 -0.019290 -0.060889
v 0.078299 -0.023344 -0.057405
v 0.080574 -0.025171 -0.057328
v 0.083038 -0.021047 -0.061265
v 0.078646 0.046042 -0.078924
v 0.077977 0.035943 -0.063741
v 0.079632 0.052598 -0.067748
v 0.081562 0.020935 -0.062108
v 0.081811 0.018593 -0.063709
v 0.087076 0.019629 -0.066820
v 0.075844 0.025748 -0.048390
v 0.076211 0.023282 -0.052061
v 0.075818 0.024674 -0.049861
v 0.087859 -0.004703 -0.068721
v 0.073344 0.006917 -0.042645
v 0.075533 0.007599 -0.045377
v 0.074913 -0.016787 -0.059054
v 0.078724 -0.015724 -0.051976
v 0.080910 -0.015306 -0.054199
v 0.087869 0.022237 -0.055231
v 0.084743 0.020409 -0.052898
v 0.007374 -0.115691 -0.004373
v 0.007694 -0.126166 -0.008288
v 0.007928 -0.012997 0.059811
v 0.009405 -0.013281 0.058426
v 0.008419 -0.011370 0.057443
v 0.007664 -0.011289 0.058089
v 0.008393 -0.022015 0.058302
v 0.007733 -0.020422 0.057252
v 0.008516 -0.020674 0.056559
v 0.009275 -0.021938 0.057314
v 0.005161 -0.011593 0.057146
v 0.003620 -0.014570 0.060006
v 0.005182 -0.013140 0.061453
v 0.006405 -0.010852 0.057978
v 0.087310 0.025496 -0.056258
v 0.011222 -0.022044 0.057600
v 0.010291 -0.020586 0.056620
v 0.011281 -0.019807 0.058307
v 0.012580 -0.020869 0.059153
v 0.004828 -0.021311 0.066318
v 0.005839 -0.019164 0.066474
v 0.004674 -0.020136 0.064032
v 0.004722 -0.021955 0.063631
v 0.007336 -0.018493 0.065857
v 0.009037 -0.018872 0.067498
v 0.010536 -0.018936 0.065737
v 0.008600 -0.018539 0.064227
v 0.004270 -0.018012 0.059207
v 0.005464 -0.019811 0.060396
v 0.003640 -0.017977 0.062763
v 0.011472 -0.017842 0.056656
v 0.009808 -0.018997 0.055383
v 0.009169 -0.015194 0.054555
v 0.010574 -0.014250 0.055581
v 0.038671 -0.088864 -0.027574
v 0.048677 -0.087609 -0.038678
v 0.033445 0.003491 0.037078
v 0.032544 0.000387 0.038020
v 0.028380 0.001464 0.038750
v 0.029494 0.004234 0.037984
v 0.073685 -0.006452 -0.042721
v 0.073059 -0.005589 -0.041449
v 0.081964 0.015790 -0.065191
v 0.087465 0.018829 -0.059970
v 0.081308 0.022867 -0.060092
v 0.079904 0.025357 -0.055603
v 0.078636 0.023932 -0.054517
v 0.079964 0.021066 -0.058386
v 0.089981 0.019455 -0.061031
v 0.071490 -0.019250 -0.043257
v 0.081852 0.007539 -0.055907
v 0.079168 0.025999 -0.053146
v 0.082864 0.027557 -0.053869
v 0.088219 -0.004334 -0.064737
v 0.090450 0.017823 -0.063000
v 0.088486 0.016540 -0.061776
v 0.081137 0.018235 -0.046878
v 0.076261 -0.010966 -0.059587
v 0.082585 -0.010693 -0.057455
v 0.081026 -0.013090 -0.055784
v -0.091036 0.015682 -0.069506
v -0.091059 0.013037 -0.070678
v -0.091105 0.011794 -0.068907
v -0.090926 0.014197 -0.068290
v -0.087763 -0.002947 -0.067225
v -0.087697 0.004473 -0.069084
v -0.088715 0.007001 -0.069709
v -0.088833 0.005026 -0.069206
v 0.075446 -0.012522 -0.058437
v 0.069727 0.003050 -0.054350
v 0.067521 -0.014977 -0.035572
v 0.077032 -0.025539 -0.049153
v -0.087497 -0.013194 -0.063478
v -0.086616 -0.012528 -0.063311
v -0.088300 -0.007961 -0.065063
v -0.089072 -0.008351 -0.065657
v 0.078491 -0.024566 -0.051382
v 0.028236 -0.034401 -0.111535
v 0.031654 -0.022162 -0.118449
v 0.090146 -0.004801 -0.067881
v 0.082115 0.020006 -0.054112
v 0.073009 -0.019604 -0.044486
v 0.071604 -0.025052 -0.043906
v 0.070165 -0.024807 -0.042355
v 0.076371 0.011090 -0.052791
v 0.074021 -0.015765 -0.059433
v 0.074072 -0.013512 -0.060342
v 0.060939 -0.004406 -0.049819
v 0.077135 -0.021589 -0.056837
v 0.072884 -0.026582 -0.051277
v 0.054480 -0.085105 -0.049586
v 0.050898 -0.083243 -0.062995
v -0.068968 -0.031510 -0.043162
v -0.072294 -0.030077 -0.044564
v -0.072540 -0.031678 -0.045750
v -0.067661 -0.032618 -0.044168
v 0.051088 -0.097388 -0.062035
v 0.053399 -0.100409 -0.049255
v 0.069398 -0.000679 -0.036515
v 0.070457 -0.007929 -0.038416
v 0.069117 -0.009062 -0.036839
v 0.017992 -0.105926 -0.008894
v 0.016622 -0.121415 -0.013163
v 0.066632 -0.014568 -0.032036
v 0.065473 -0.015336 -0.022331
v 0.068650 0.000549 -0.022256
v 0.068209 -0.004763 -0.031589
v 0.058615 0.032033 0.015619
v 0.059869 0.033031 0.010866
v 0.060351 0.023016 0.010580
v 0.058799 0.024036 0.014898
v 0.020085 0.092851 0.035263
v 0.009978 0.093465 0.037825
v 0.010052 0.101412 0.031309
v 0.020383 0.100433 0.028333
v 0.033714 -0.012909 -0.123372
v 0.035738 -0.001571 -0.128641
v 0.016444 -0.004792 -0.135392
v 0.015276 -0.015401 -0.129680
v 0.020520 0.118396 0.004682
v 0.010021 0.120028 0.007680
v 0.010113 0.125227 -0.002719
v -0.064601 -0.031620 -0.044910
v -0.069470 -0.032451 -0.048618
v -0.069082 -0.029484 -0.049213
v -0.065211 -0.029447 -0.046201
v 0.020790 0.123285 -0.005332
v 0.051600 0.001736 0.027309
v 0.053455 -0.004592 0.027330
v 0.049638 -0.005583 0.030913
v 0.048249 0.000854 0.030151
v 0.070124 -0.029149 -0.041820
v 0.068992 -0.028511 -0.040891
v -0.086282 0.025703 -0.054436
v -0.086092 0.022758 -0.054545
v -0.083908 0.022242 -0.052123
v -0.084419 0.025324 -0.051534
v -0.072841 -0.008874 -0.063457
v -0.070640 -0.015115 -0.061169
v -0.076737 -0.009966 -0.063617
v -0.077085 -0.007353 -0.064226
v 0.010259 0.129646 -0.014785
v 0.021188 0.127481 -0.016946
v 0.011617 0.010629 0.045192
v -0.083747 0.014680 -0.062557
v -0.085180 0.015801 -0.065928
v -0.085704 0.013785 -0.066962
v -0.084695 0.012137 -0.064351
v -0.087156 0.017448 -0.070194
v -0.087439 0.014560 -0.071523
v -0.068209 -0.023830 -0.041523
v -0.067821 -0.020501 -0.040593
v -0.068988 -0.018901 -0.041559
v -0.069475 -0.019745 -0.042626
v -0.070374 -0.006747 -0.056182
v -0.071939 -0.002719 -0.054481
v -0.082247 -0.023385 -0.058573
v -0.082734 -0.021587 -0.057613
v -0.085110 -0.017607 -0.060841
v -0.084861 -0.018915 -0.061820
v 0.011953 0.012671 0.042257
v 0.015477 0.009191 0.040572
v 0.015106 0.006960 0.042886
v 0.007994 0.062800 0.049733
v 0.008927 0.071613 0.047469
v 0.017923 0.071849 0.045798
v 0.016443 0.063043 0.048466
v 0.019869 0.006439 0.039160
v 0.019087 0.004275 0.040634
v 0.010024 0.108302 0.024098
v 0.020475 0.107122 0.020927
v 0.020456 0.133477 -0.067611
v -0.080255 -0.019031 -0.056191
v -0.082700 -0.016649 -0.059745
v -0.083918 -0.015966 -0.061402
v -0.082469 -0.018048 -0.059409
v 0.020988 0.133819 -0.059057
v 0.009747 0.136563 -0.059422
v -0.087227 0.018481 -0.061502
v -0.084859 0.020471 -0.057255
v -0.085239 0.020790 -0.057606
v -0.087271 0.018505 -0.062546
v 0.010759 0.135556 -0.072085
v 0.066280 0.001539 -0.089583
v 0.069424 0.000195 -0.074197
v 0.072506 0.012592 -0.076193
v 0.070635 0.018605 -0.092883
v 0.026218 -0.100163 -0.017794
v 0.025493 -0.114998 -0.021653
v -0.079354 0.005069 -0.063805
v -0.077809 0.010339 -0.062278
v -0.076804 0.009511 -0.062296
v -0.078219 0.004884 -0.063702
v -0.087787 0.014723 -0.068515
v -0.088217 0.011995 -0.069376
v -0.086459 0.011199 -0.068260
v -0.073484 0.012610 -0.052107
v -0.073987 0.013291 -0.052592
v -0.074684 0.011646 -0.052931
v -0.074139 0.010633 -0.051626
v -0.072336 -0.033030 -0.048657
v -0.067161 -0.022479 -0.054852
v -0.069134 -0.021396 -0.056007
v -0.072200 -0.017711 -0.058892
v -0.071175 -0.016902 -0.059197
v 0.053135 0.055809 0.024307
v 0.055226 0.061821 0.019902
v 0.058134 0.054122 0.015804
v 0.055696 0.049109 0.020539
v 0.006435 0.048812 0.053378
v 0.014026 0.048921 0.052963
v 0.012120 0.042155 0.053384
v 0.005730 0.041970 0.053767
v -0.064145 -0.030134 -0.042013
v -0.067325 -0.029939 -0.041537
v -0.068424 -0.031115 -0.042443
v -0.065156 -0.031461 -0.042609
v 0.058558 0.016301 0.015261
v 0.060768 0.013438 0.011956
v 0.059664 0.004855 0.016481
v 0.057045 0.008869 0.018669
v 0.054073 0.003421 0.024203
v -0.076905 0.016604 -0.052762
v -0.079160 0.016045 -0.055132
v -0.077621 0.015054 -0.054316
v -0.075923 0.015397 -0.052512
v 0.056220 -0.002506 0.023622
v -0.086716 0.002635 -0.067484
v -0.085299 0.009458 -0.065883
v 0.019208 0.082367 0.041747
v 0.009536 0.082595 0.043748
v 0.059428 0.044051 0.012508
v 0.057371 0.040801 0.017511
v 0.009188 0.014061 0.048327
v 0.009651 0.015645 0.044474
v 0.007280 0.020991 0.048185
v -0.086083 -0.006636 -0.061712
v -0.086546 -0.006570 -0.064810
v -0.085561 -0.010556 -0.063437
v -0.085334 -0.010573 -0.060356
v 0.004654 0.020033 0.054248
v 0.004581 0.024211 0.053438
v 0.007239 0.024136 0.049459
v 0.034145 0.063355 0.040873
v 0.035942 0.071511 0.037620
v 0.043493 0.070444 0.031654
v 0.041788 0.062830 0.035335
v 0.020494 0.112988 0.013246
v -0.085610 0.001387 -0.062149
v -0.086386 0.001520 -0.065491
v 0.009997 0.114387 0.016393
v 0.004826 0.033541 0.053110
v 0.009131 0.033636 0.051360
v 0.007850 0.030217 0.050356
v -0.089051 0.010985 -0.067858
v -0.089293 0.004764 -0.067865
v -0.088787 0.011296 -0.068400
v -0.075500 0.013712 -0.060460
v -0.075409 0.016726 -0.064547
v -0.074976 0.009955 -0.065822
v -0.075850 0.011065 -0.061910
v 0.004796 0.030222 0.052901
v 0.023471 0.002644 0.039552
v 0.024476 0.005116 0.038653
v 0.061282 -0.029725 -0.044466
v 0.062839 -0.030247 -0.043526
v 0.070956 0.016604 -0.034401
v 0.069275 0.005816 -0.032677
v 0.069264 0.014052 -0.023122
v 0.070544 0.027235 -0.025089
v 0.073391 0.039582 -0.028495
v 0.074993 0.048760 -0.033615
v 0.075379 0.032625 -0.040762
v 0.073543 0.025842 -0.036568
v 0.045443 -0.095381 -0.073233
v 0.043375 -0.082437 -0.075462
v 0.004554 0.016587 0.056687
v 0.004500 0.013393 0.059100
v 0.018967 0.039082 -0.148254
v -0.069586 -0.015124 -0.042249
v -0.071090 -0.013112 -0.043425
v -0.070203 -0.015259 -0.044759
v -0.069658 -0.017164 -0.044301
v 0.018309 0.024999 -0.145951
v 0.038451 0.029212 -0.137746
v 0.038918 0.042616 -0.139623
v 0.062832 -0.009774 -0.085126
v -0.072663 -0.019344 -0.057662
v -0.069722 -0.022233 -0.055390
v -0.070110 -0.022487 -0.054853
v -0.073157 -0.020911 -0.056259
v 0.066646 -0.009187 -0.070979
v 0.009990 -0.016302 0.060323
v 0.006858 -0.011925 0.055643
v 0.006914 -0.015620 0.054563
v 0.006574 -0.012986 0.055713
v 0.010016 -0.018807 0.061937
v 0.012076 -0.019353 0.063063
v 0.007802 -0.019113 0.055341
v 0.007174 -0.018929 0.055720
v 0.006403 -0.015336 0.054778
v 0.008180 -0.011376 0.056282
v 0.002089 -0.023048 0.068730
v 0.002702 -0.021595 0.071866
v 0.006363 -0.020132 0.070601
v 0.004929 -0.021648 0.068435
v 0.004625 -0.012894 0.056975
v 0.003781 -0.014918 0.057640
v 0.004986 -0.016742 0.064830
v 0.006600 -0.012977 0.060873
v 0.007049 -0.010967 0.058078
v 0.006555 -0.016056 0.064027
v 0.005824 -0.021933 0.060965
v 0.008192 -0.015939 0.062382
v -0.081237 0.017495 -0.057313
v -0.081462 0.012029 -0.057594
v -0.080006 0.011864 -0.056207
v -0.075926 -0.017749 -0.048574
v -0.076840 -0.016555 -0.050377
v -0.077891 -0.019480 -0.052082
v -0.076649 -0.021425 -0.050658
v 0.077344 -0.016336 -0.050009
v 0.049220 -0.067527 -0.034236
v 0.054021 -0.051123 -0.040490
v 0.054827 -0.051813 -0.044843
v -0.077496 -0.029525 -0.053229
v -0.074945 -0.029588 -0.053972
v -0.072289 -0.031595 -0.051251
v -0.074951 -0.031951 -0.050857
v -0.069609 -0.018171 -0.043210
v -0.069195 -0.017611 -0.041861
v -0.081621 0.005472 -0.065468
v -0.079994 0.011788 -0.063885
v 0.052056 -0.069036 -0.041347
v 0.079244 0.010237 -0.054212
v 0.066186 0.060802 -0.003487
v 0.067910 0.073416 -0.012871
v 0.072780 0.061084 -0.024687
v -0.083810 0.010381 -0.062127
v -0.084655 0.008099 -0.063400
v 0.071875 0.049645 -0.019629
v 0.068339 0.083644 -0.021201
v 0.073405 0.072618 -0.032031
v 0.076282 0.060031 -0.041749
v 0.077556 0.039301 -0.055412
v 0.041070 0.018179 0.033413
v 0.041318 0.017796 0.033370
v 0.039859 0.017332 0.034541
v -0.072643 -0.002489 -0.048059
v -0.070122 -0.001756 -0.049039
v -0.069966 -0.002538 -0.049304
v -0.073004 -0.004188 -0.048003
v 0.039684 0.017772 0.034636
v 0.040717 0.018436 0.033122
v 0.039500 0.018001 0.034074
v -0.072932 -0.002369 -0.046480
v -0.073400 -0.003955 -0.046414
v -0.073062 -0.004332 -0.044913
v -0.072671 -0.003403 -0.044818
v 0.041740 0.018919 0.032321
v 0.042123 0.018606 0.032581
v 0.042285 0.018194 0.032516
v 0.024765 0.018437 0.036903
v 0.025209 0.018675 0.036106
v 0.027545 0.018111 0.037041
v 0.027346 0.017853 0.037933
v 0.024587 0.017981 0.037192
v 0.027556 0.017283 0.038035
v -0.069522 -0.001384 -0.049943
v -0.069613 -0.001722 -0.049465
v -0.070086 -0.001212 -0.049844
v -0.074524 0.001855 -0.060834
v -0.076464 -0.006265 -0.062095
v -0.074322 -0.006221 -0.061049
v -0.071306 0.001222 -0.059593
v 0.023889 0.020111 0.030812
v 0.023662 0.020763 0.030888
v -0.087005 -0.005327 -0.066425
v 0.024887 0.019176 0.031011
v 0.022743 0.020869 0.033553
v 0.022648 0.022059 0.033593
v -0.080610 0.021558 -0.047433
v -0.079102 0.023400 -0.047029
v -0.081814 0.027005 -0.051896
v 0.023258 0.022525 0.030954
v 0.023418 0.021326 0.030892
v 0.023000 0.020330 0.033723
v -0.072046 -0.015574 -0.053386
v -0.074116 -0.014601 -0.050128
v -0.071916 -0.014767 -0.048915
v -0.070731 -0.016118 -0.051938
v -0.069289 -0.011048 -0.047575
v -0.067316 -0.014404 -0.046527
v -0.071715 -0.012662 -0.046358
v -0.072714 0.003640 -0.045928
v -0.071383 -0.000126 -0.049101
v -0.072317 -0.001275 -0.047645
v -0.072527 -0.001020 -0.046149
v -0.087163 -0.014028 -0.064613
v -0.088870 -0.008972 -0.067090
v -0.086934 -0.009201 -0.068266
v -0.085124 -0.014477 -0.065847
v 0.021322 0.019969 0.034378
v 0.021002 0.020369 0.034259
v -0.064939 -0.027049 -0.040805
v -0.061971 -0.029784 -0.043478
v -0.065236 -0.024679 -0.039775
v -0.090303 0.022290 -0.064037
v -0.086376 0.024687 -0.064426
v -0.086681 0.022662 -0.066776
v -0.090694 0.020314 -0.066215
v -0.070044 0.005263 -0.054583
v -0.070355 0.002983 -0.054167
v -0.070563 0.004507 -0.052514
v -0.070385 0.006537 -0.052710
v 0.021137 0.021555 0.034365
v 0.032144 0.016182 0.038011
v 0.032464 0.015462 0.037685
v 0.028011 0.015902 0.037892
v 0.027842 0.016615 0.038025
v 0.031858 0.016808 0.038165
v 0.035093 0.016846 0.037415
v 0.035423 0.016217 0.037129
v 0.035684 0.015551 0.036725
v -0.050723 -0.033219 -0.091123
v -0.058292 -0.033258 -0.073166
v -0.062538 -0.018374 -0.081827
v -0.055851 -0.018389 -0.097334
v -0.079113 -0.027152 -0.052660
v -0.077411 -0.029297 -0.050490
v -0.073737 0.011383 -0.044229
v -0.072931 0.013288 -0.042731
v -0.074277 0.018711 -0.043704
v -0.074909 0.015396 -0.044076
v 0.024648 0.016786 0.037300
v 0.024591 0.017451 0.037285
v 0.035904 0.014798 0.036291
v 0.032697 0.014648 0.037239
v -0.087950 0.006306 -0.072290
v -0.090784 0.005632 -0.070769
v 0.028153 0.015018 0.037624
v 0.024559 0.016126 0.037336
v 0.021419 0.017457 0.036681
v 0.021852 0.017971 0.036580
v 0.032838 0.013789 0.036912
v 0.032713 0.012813 0.036770
v 0.027942 0.013106 0.037328
v 0.028108 0.014050 0.037378
v -0.076227 0.017332 -0.051033
v -0.080122 0.020885 -0.054266
v -0.077763 0.018259 -0.053275
v -0.075995 0.016901 -0.051620
v -0.075035 0.009116 -0.049564
v -0.075783 0.010456 -0.048917
v -0.074508 0.011403 -0.049107
v -0.073528 0.009952 -0.049327
v 0.036012 0.013949 0.035912
v 0.035908 0.012946 0.035773
v -0.072622 0.017776 -0.041189
v -0.074455 0.022762 -0.044015
v 0.043942 0.018405 0.030805
v 0.044509 0.018962 0.030122
v 0.044628 0.018172 0.029977
v -0.065891 -0.023973 -0.054280
v 0.044331 0.017645 0.030329
v 0.047099 0.015015 0.026788
v 0.048087 0.016550 0.026156
v 0.049978 0.015404 0.024648
v -0.075473 0.010314 -0.046948
v -0.076353 0.012863 -0.046185
v -0.076828 0.012056 -0.048570
v -0.066821 -0.020001 -0.038716
v -0.068276 -0.018067 -0.040463
v -0.075277 0.015760 -0.051422
v -0.074639 0.014728 -0.051451
v -0.072919 0.011466 -0.051239
v -0.073754 0.009269 -0.051985
v 0.048645 0.013778 0.025683
v -0.081172 0.002379 -0.058284
v -0.083057 -0.005981 -0.059404
v 0.055843 0.005625 0.021283
v 0.050323 0.011314 0.024805
v 0.051734 0.013038 0.022989
v 0.043291 0.017934 0.031527
v 0.042501 0.017601 0.032339
v 0.043102 0.018603 0.031709
v 0.043749 0.019066 0.031027
v 0.043730 0.017229 0.031050
v 0.042863 0.016859 0.032015
v 0.041577 0.017217 0.033209
v 0.041912 0.016436 0.032942
v 0.040390 0.015975 0.034132
v 0.040128 0.016698 0.034347
v 0.037990 0.016386 0.035724
v -0.065971 -0.017540 -0.068887
v -0.062223 -0.032072 -0.054634
v 0.037721 0.017014 0.035971
v 0.038253 0.015689 0.035397
v 0.040641 0.015216 0.033906
v 0.038573 0.014941 0.035079
v 0.042276 0.015666 0.032532
v 0.043328 0.016119 0.031459
v 0.044152 0.016580 0.030458
v 0.044799 0.017064 0.029711
v 0.045218 0.017804 0.029245
v 0.044659 0.015803 0.029601
v 0.045200 0.015008 0.028771
v 0.043985 0.014400 0.030081
v 0.043725 0.015302 0.030746
v 0.045478 0.016433 0.028733
v 0.046183 0.015769 0.027765
v -0.073404 0.011810 -0.049105
v -0.073126 0.012132 -0.049473
v -0.072203 0.011189 -0.050347
v -0.072605 0.010722 -0.049335
v 0.042527 0.014901 0.032064
v 0.042655 0.014034 0.031513
v 0.040799 0.013603 0.033139
v 0.040763 0.014530 0.033622
v -0.075638 -0.030829 -0.048506
v -0.079369 0.008540 -0.056049
v -0.076220 0.007184 -0.054408
v -0.076834 0.009111 -0.053283
v 0.038785 0.014168 0.034751
v 0.038793 0.013215 0.034368
v -0.089051 -0.003292 -0.066059
v -0.089992 0.004859 -0.067550
v -0.091000 0.005286 -0.069086
v -0.090013 -0.003505 -0.067378
v 0.031723 0.017345 0.038110
v 0.031644 0.017681 0.037395
v 0.034775 0.017667 0.036808
v 0.034890 0.017353 0.037464
v 0.037473 0.017486 0.036009
v -0.062976 -0.030275 -0.043462
v -0.070480 0.002232 -0.055072
v -0.071664 0.000298 -0.054378
v 0.037427 0.017796 0.035400
v 0.034838 0.016621 0.034289
v 0.034002 0.017290 0.030398
v 0.036839 0.017327 0.029620
v 0.038037 0.016834 0.033177
v -0.070897 0.008339 -0.052307
v -0.071295 0.009760 -0.051175
v 0.031167 0.016457 0.034749
v 0.030733 0.017646 0.030935
v 0.027577 0.017020 0.034912
v -0.068635 -0.015224 -0.040201
v 0.027496 0.018336 0.031078
v 0.025131 0.018600 0.034660
v 0.034142 0.029918 0.037756
v 0.034401 0.030056 0.038351
v 0.039084 0.029497 0.037636
v 0.038597 0.029267 0.036962
v 0.048769 0.001820 -0.118968
v 0.050240 0.017327 -0.124910
v 0.037662 0.012794 -0.133915
v 0.041344 0.027592 0.035829
v 0.041460 0.028142 0.035752
v 0.043708 0.027031 0.034299
v 0.043408 0.026445 0.034341
v 0.041195 0.026885 0.035825
v -0.086804 0.018637 -0.065996
v -0.087237 0.016817 -0.067292
v -0.084966 0.017270 -0.064673
v -0.084527 0.018468 -0.063181
v -0.083609 0.019593 -0.059431
v -0.084179 0.021309 -0.059109
v -0.086019 0.020073 -0.064015
v -0.074786 0.007999 -0.053323
v -0.075788 0.009646 -0.052308
v 0.043117 0.025700 0.034117
v 0.038273 0.027975 0.037418
v -0.074746 -0.018914 -0.047230
v -0.075037 -0.024669 -0.048285
v -0.084028 -0.013945 -0.061118
v -0.083622 -0.013154 -0.058188
v -0.084179 -0.003465 -0.069079
v -0.084096 0.005839 -0.070229
v -0.082648 0.005566 -0.067760
v -0.082856 -0.003156 -0.067606
v 0.038411 0.028658 0.037451
v 0.038462 0.029040 0.037110
v 0.043195 0.024099 0.028866
v 0.042253 0.025742 0.029680
v -0.077158 -0.001581 -0.064123
v -0.074277 -0.000728 -0.064640
v -0.072178 -0.002293 -0.044268
v -0.071285 0.001467 -0.042137
v -0.070718 0.007539 -0.053149
v -0.071008 0.008926 -0.051104
v -0.077191 -0.016875 -0.060056
v -0.072447 -0.023714 -0.053354
v -0.077125 -0.018968 -0.058534
v -0.067953 -0.024382 -0.051559
v -0.067294 -0.025332 -0.049603
v -0.070231 -0.025380 -0.051040
v 0.042115 0.024597 0.032332
v 0.042861 0.023445 0.031190
v 0.043654 0.023274 0.028154
v 0.043320 0.022577 0.030240
v 0.043222 0.023739 0.024866
v 0.042426 0.024587 0.025560
v 0.041210 0.025618 0.026558
v -0.080377 -0.017182 -0.055480
v -0.082364 -0.016057 -0.058098
v 0.043680 0.022967 0.024495
v -0.068664 -0.001580 -0.050520
v -0.067147 -0.003099 -0.051556
v -0.068425 -0.002162 -0.050017
v -0.083972 0.001615 -0.059593
v -0.084986 -0.006272 -0.059883
v -0.075961 0.012667 -0.049058
v 0.043965 0.022191 0.024399
v -0.073911 0.002574 -0.050878
v -0.074793 0.006071 -0.048694
v -0.078979 0.016310 -0.048389
v -0.077513 0.014471 -0.049146
v -0.076912 0.013565 -0.049010
v -0.077824 0.014068 -0.048210
v -0.062109 -0.011627 -0.049406
v -0.065553 -0.013183 -0.048263
v -0.066969 -0.010011 -0.048357
v 0.043906 0.021302 0.024411
v 0.043620 0.020473 0.024729
v 0.057889 -0.011083 0.020889
v 0.058157 0.000545 0.020086
v -0.082745 0.021559 -0.058087
v -0.083050 0.019397 -0.059111
v -0.081368 0.012506 -0.065744
v 0.060288 -0.007481 0.016857
v 0.042852 0.019074 0.031813
v -0.075010 0.013489 -0.053720
v -0.075902 0.011798 -0.054393
v 0.043513 0.019571 0.031086
v -0.076813 0.025660 -0.059269
v -0.076004 0.023562 -0.056003
v -0.076069 0.023696 -0.054678
v -0.076682 0.027973 -0.054619
v 0.042371 0.019403 0.031650
v -0.066028 -0.027973 -0.046878
v -0.069193 -0.027732 -0.049489
v -0.069148 -0.026465 -0.049725
v -0.066608 -0.026595 -0.047852
v -0.071033 -0.015076 -0.048430
v -0.070227 -0.016406 -0.051124
v 0.042782 0.019774 0.031077
v -0.085592 -0.012555 -0.063705
v -0.084783 -0.013434 -0.062701
v -0.086191 -0.009514 -0.064852
v -0.087141 -0.008279 -0.065688
v 0.044008 0.020112 0.030313
v 0.044420 0.019614 0.030243
v 0.041360 0.017606 0.030921
v 0.041081 0.018035 0.027773
v 0.042189 0.018587 0.026846
v -0.071363 0.006402 -0.056208
v -0.070228 0.005011 -0.056788
v -0.076900 0.017560 -0.056970
v -0.079114 0.019959 -0.058577
v -0.077880 0.022863 -0.054901
v -0.076373 0.020652 -0.054657
v -0.082745 0.013262 -0.068332
v 0.042261 0.018535 0.029764
v 0.040228 0.017019 0.031943
v 0.039301 0.017574 0.028724
v 0.042761 0.019138 0.026044
v 0.043289 0.019778 0.025265
v -0.076162 0.010605 -0.053890
v -0.076801 0.010780 -0.054909
v 0.042837 0.019058 0.029103
v -0.075484 0.011001 -0.053515
v 0.043300 0.019642 0.028272
v 0.043206 0.020257 0.030363
v -0.072967 0.009023 -0.049636
v -0.074568 0.007725 -0.050053
v -0.078398 0.016316 -0.049840
v -0.082173 0.019934 -0.053356
v -0.081579 0.019418 -0.052986
v -0.077894 0.016798 -0.050364
v 0.043887 0.021086 0.027545
v 0.043976 0.021742 0.027559
v 0.043552 0.020731 0.029664
v -0.073332 0.013547 -0.050738
v 0.043950 0.021320 0.028983
v 0.043670 0.020445 0.027694
v -0.015078 -0.035416 -0.117094
v -0.016835 -0.023958 -0.124804
v 0.043904 0.022534 0.027742
v 0.043695 0.021916 0.029466
v 0.044916 0.018976 0.029631
v 0.044881 0.020098 0.029594
v 0.045795 0.021124 0.028767
v 0.045527 0.018846 0.028935
v -0.076547 0.023514 -0.047081
v -0.077766 0.025236 -0.051310
v -0.078814 0.026217 -0.051717
v -0.077152 0.024475 -0.048195
v -0.084059 0.017259 -0.062552
v 0.046550 0.018784 0.027971
v 0.046061 0.017348 0.028177
v 0.047146 0.021625 0.028207
v 0.048472 0.022074 0.027697
v -0.088614 0.013674 -0.067325
v -0.072489 -0.000925 -0.052684
v -0.069080 -0.003940 -0.052716
v 0.047701 0.018798 0.027063
v 0.046922 0.017065 0.027237
v 0.044456 0.020586 0.029700
v -0.059490 -0.005097 -0.051541
v -0.059790 -0.003871 -0.051788
v -0.060584 -0.004330 -0.052844
v -0.060159 -0.005941 -0.052762
v 0.044819 0.021183 0.029179
v 0.046635 0.022950 0.029407
v -0.062568 -0.010210 -0.052747
v -0.065187 -0.011491 -0.051785
v -0.064158 -0.013448 -0.050488
v -0.061523 -0.012634 -0.052320
v 0.047564 0.023715 0.029257
v 0.045423 0.022306 0.029746
v 0.044966 0.023326 0.031045
v 0.045970 0.024117 0.031088
v -0.058790 -0.008385 -0.051837
v -0.059159 -0.006743 -0.051535
v -0.060091 -0.007633 -0.052815
v -0.059943 -0.009588 -0.053060
v 0.046629 0.024858 0.031115
v 0.044939 0.025224 0.032696
v -0.082132 0.021155 -0.055863
v -0.084016 0.021307 -0.057361
v 0.045458 0.025894 0.032704
v 0.044223 0.024485 0.032488
v 0.044442 0.022028 0.029872
v -0.089383 0.013334 -0.066962
v -0.089704 0.011066 -0.067670
v -0.087772 0.017416 -0.064715
v -0.088093 0.015771 -0.065963
v 0.044026 0.022828 0.030766
v 0.043422 0.023821 0.031953
v 0.042612 0.024890 0.033271
v -0.071504 -0.010448 -0.043284
v -0.072648 -0.010234 -0.045227
v -0.072268 -0.011922 -0.045170
v -0.090242 0.016706 -0.067041
v -0.090825 0.018061 -0.068034
v -0.068170 -0.026857 -0.041305
v -0.066514 -0.028039 -0.040762
v -0.038154 -0.106719 -0.030559
v -0.048404 -0.102671 -0.039397
v -0.048755 -0.115381 -0.040406
v -0.039685 -0.119632 -0.031780
v -0.078900 0.018676 -0.046499
v -0.078022 0.021172 -0.045445
v 0.040968 0.026279 0.035186
v 0.040611 0.026036 0.034267
v 0.038098 0.027304 0.036850
v -0.059165 -0.009809 -0.050105
v -0.059193 -0.010987 -0.052293
v -0.061650 -0.012747 -0.050804
v -0.064374 -0.005866 -0.049192
v -0.060269 -0.005003 -0.049635
v 0.037920 0.027116 0.035992
v 0.034993 0.030797 0.039646
v 0.040308 0.030530 0.038830
v 0.037782 0.028338 0.032839
v 0.036087 0.027212 0.029651
v 0.033538 0.027463 0.030974
v 0.034380 0.028881 0.034583
v -0.062668 -0.008543 -0.052614
v 0.022818 0.022898 0.033782
v 0.023235 0.024144 0.034270
v -0.063965 -0.003502 -0.052351
v -0.064598 -0.002537 -0.050880
v -0.066650 -0.016965 -0.047632
v -0.068365 -0.017240 -0.050099
v -0.069857 -0.017216 -0.046532
v -0.059595 -0.011361 -0.052926
v -0.070875 0.007515 -0.053779
v 0.023683 0.024662 0.031443
v 0.023169 0.023420 0.031023
v 0.021941 0.022452 0.034784
v 0.023067 0.023771 0.035422
v -0.065765 -0.007579 -0.052550
v -0.069159 -0.010305 -0.054317
v -0.068774 -0.012447 -0.053348
v -0.065561 -0.009530 -0.052408
v -0.078590 -0.019906 -0.053512
v -0.079028 -0.018127 -0.053428
v -0.073505 -0.014669 -0.054933
v -0.076252 -0.014516 -0.052777
v -0.072040 0.002027 -0.052861
v -0.073366 0.005150 -0.051402
v -0.068949 -0.001466 -0.050123
v -0.066421 -0.005348 -0.052403
v -0.068902 -0.007624 -0.054255
v -0.064626 -0.004371 -0.049439
v -0.068447 -0.004543 -0.049160
v -0.068316 -0.003432 -0.049388
v -0.064597 -0.003330 -0.049737
v -0.078618 0.011748 -0.055539
v -0.076305 0.018775 -0.044624
v -0.077424 0.015861 -0.046110
v -0.078063 0.030103 -0.070870
v -0.076293 0.021485 -0.075434
v -0.076382 0.022233 -0.063127
v -0.062559 -0.006719 -0.052544
v -0.060698 -0.002791 -0.051503
v -0.061095 -0.003183 -0.049794
v -0.084446 -0.016322 -0.060763
v -0.071033 -0.017270 -0.045989
v -0.071634 0.007162 -0.050668
v -0.083578 -0.008694 -0.067378
v -0.082077 -0.013515 -0.065191
v -0.070895 0.008490 -0.051013
v -0.071843 0.009620 -0.049830
v -0.069327 -0.016924 -0.050750
v -0.070486 -0.016120 -0.047641
v -0.072090 0.010092 -0.049671
v -0.072234 -0.010831 -0.046748
v -0.083363 0.011866 -0.060786
v 0.026637 0.027554 0.035697
v 0.027221 0.026811 0.031990
v -0.073506 -0.027058 -0.054191
v -0.071346 -0.028535 -0.051605
v 0.024648 0.026127 0.031834
v -0.060668 -0.003993 -0.049819
v 0.024396 0.025980 0.035081
v -0.064113 -0.013511 -0.049790
v -0.063673 -0.004908 -0.052833
v 0.027537 0.026511 0.037179
v 0.024840 0.025090 0.036298
v 0.034420 0.027624 0.037193
v -0.070605 -0.006887 -0.048244
v -0.070082 -0.009050 -0.047921
v -0.072765 -0.008596 -0.046940
v 0.020601 0.075646 -0.145862
v 0.019999 0.059676 -0.148715
v -0.077876 -0.014073 -0.054243
v -0.074543 -0.013453 -0.057049
v -0.075678 -0.012400 -0.058952
v -0.079470 -0.013160 -0.055788
v -0.080332 -0.017989 -0.062864
v -0.078252 -0.022018 -0.059807
v -0.080396 -0.023629 -0.059652
v -0.082922 -0.019564 -0.063149
v 0.039413 0.061645 -0.140058
v 0.039575 0.075537 -0.137783
v -0.079632 0.045995 -0.079192
v -0.078620 0.035953 -0.064084
v -0.080249 0.052627 -0.067849
v -0.081705 0.021365 -0.063863
v -0.081907 0.019000 -0.065459
v -0.086767 0.020070 -0.068651
v -0.075898 0.026014 -0.048877
v -0.076295 0.023515 -0.052805
v -0.076157 0.024760 -0.050759
v -0.087509 -0.003683 -0.070544
v 0.040773 0.027294 0.031030
v 0.038970 0.026583 0.028135
v 0.049626 0.076764 -0.130297
v 0.048935 0.085627 -0.127547
v 0.040124 0.087433 -0.132850
v 0.032277 -0.067771 -0.093296
v 0.022515 -0.081908 -0.099601
v -0.073078 0.007554 -0.044900
v -0.075183 0.008216 -0.047665
v 0.021120 0.022017 0.036072
v -0.076270 -0.015926 -0.060755
v 0.022600 0.023395 0.036549
v -0.079327 -0.014806 -0.053706
v -0.081449 -0.014266 -0.055762
v -0.087384 0.022617 -0.057357
v -0.083827 0.020944 -0.055169
v 0.020071 0.021011 0.035664
v 0.018949 0.020635 0.036016
v 0.019910 0.021930 0.036337
v 0.021476 0.023602 0.036880
v 0.024437 0.025024 0.037201
v 0.023575 0.025431 0.037713
v 0.026730 0.027363 0.038526
v 0.027353 0.026710 0.038074
v 0.034294 0.027717 0.038156
v 0.034097 0.028446 0.038479
v 0.026170 0.027873 0.038465
v 0.023001 0.025895 0.037584
v 0.025732 0.028331 0.038102
v 0.022762 0.026646 0.037307
v 0.033940 0.029697 0.038037
v 0.033958 0.029186 0.038443
v 0.022064 0.018345 0.036514
v 0.019180 0.018897 0.036074
v 0.022425 0.018908 0.036088
v 0.020267 0.019466 0.035748
v 0.023431 0.019282 0.035209
v 0.019665 0.019826 0.035637
v 0.018624 0.019353 0.035965
v -0.009055 -0.115462 -0.005019
v -0.009060 -0.126081 -0.008742
v 0.023504 0.019579 0.033954
v 0.018943 0.022031 0.035973
v 0.017893 0.020343 0.035962
v 0.017770 0.022246 0.035712
v 0.016726 0.020218 0.035785
v 0.019859 0.024690 0.036231
v 0.020622 0.023988 0.036525
v 0.017556 0.018904 0.035956
v 0.018061 0.018336 0.036099
v 0.016505 0.018617 0.035841
v 0.017109 0.017832 0.035982
v 0.024298 0.015385 0.037343
v 0.023927 0.014498 0.037307
v 0.020758 0.016737 0.036780
v 0.020080 0.015980 0.036735
v 0.032393 0.011570 0.036621
v 0.035638 0.011790 0.035641
v 0.031865 0.010116 0.036603
v -0.007845 -0.012898 0.059513
v -0.009316 -0.013164 0.058113
v -0.008331 -0.011255 0.057119
v -0.007551 -0.011210 0.057741
v 0.035250 0.010136 0.035540
v 0.026948 0.010594 0.037389
v 0.027553 0.011950 0.037328
v 0.026667 -0.125704 -0.023970
v 0.045859 0.014021 0.028036
v 0.047005 0.012439 0.027359
v 0.045360 0.011533 0.029026
v 0.044447 0.013398 0.029459
v 0.042897 0.012886 0.030965
v -0.008399 -0.021847 0.058134
v -0.007712 -0.020229 0.057029
v -0.008429 -0.020482 0.056315
v -0.009190 -0.021771 0.057148
v 0.043309 0.010935 0.030903
v 0.040886 0.010604 0.032619
v 0.040893 0.012453 0.032662
v 0.038650 0.012104 0.034117
v 0.038407 0.010331 0.034078
v 0.049231 0.018371 0.025848
v 0.050595 0.021922 0.025905
v 0.051143 0.017445 0.024243
v 0.052789 0.021435 0.023702
v 0.016228 0.022912 0.036146
v -0.005065 -0.011494 0.056859
v -0.003540 -0.014376 0.059905
v -0.005132 -0.012996 0.061237
v -0.006252 -0.010784 0.057656
v 0.015371 0.020518 0.035848
v 0.014058 0.023710 0.037570
v 0.013598 0.021012 0.036884
v 0.015768 0.026759 0.039220
v 0.017895 0.026058 0.037295
v 0.015566 0.018453 0.035801
v 0.016160 0.017295 0.035868
v 0.014179 0.018210 0.036343
v 0.015132 0.016621 0.036299
v 0.023331 0.013315 0.037261
v 0.022661 0.012025 0.037321
v 0.019317 0.015072 0.036707
v 0.018330 0.014019 0.036949
v 0.046597 -0.009889 -0.113495
v 0.051399 0.033609 -0.128352
v 0.047896 0.035007 0.037119
v 0.045588 0.031956 0.037719
v 0.042030 0.032852 0.039987
v 0.043997 0.036434 0.040620
v 0.049826 0.039854 0.034873
v 0.052258 0.036478 0.031690
v 0.050355 0.032906 0.033847
v 0.048149 0.030454 0.035066
v 0.051625 0.024886 0.027057
v 0.049948 0.024811 0.028599
v 0.050179 0.026627 0.030292
v 0.051849 0.027311 0.028804
v 0.053780 0.025035 0.024625
v 0.054302 0.028557 0.026450
v 0.051404 0.029802 0.031134
v 0.049439 0.028452 0.032560
v 0.053604 0.032157 0.029153
v 0.024140 0.032032 0.041930
v 0.024890 0.030705 0.039753
v 0.021706 0.028507 0.038107
v 0.020087 0.029035 0.039597
v 0.022859 0.033199 0.043592
v 0.018083 0.029607 0.041202
v 0.037649 0.037253 0.043688
v 0.036179 0.033391 0.041698
v 0.025407 0.028717 0.037764
v 0.023024 0.027183 0.037384
v 0.025316 0.028939 0.037960
v 0.022947 0.027407 0.037393
v 0.057794 0.096791 -0.109819
v 0.060105 0.102886 -0.097394
v 0.043548 0.113740 -0.103677
v 0.042602 0.106165 -0.115906
v 0.041651 0.028286 0.035780
v 0.042106 0.028590 0.036489
v 0.044606 0.027678 0.034901
v 0.044002 0.027287 0.034397
v 0.045895 0.026313 0.032792
v 0.046583 0.026721 0.033079
v 0.047842 0.025725 0.031315
v 0.047145 0.025368 0.031188
v 0.047791 0.024683 0.029969
v 0.048346 0.024599 0.029642
v 0.022747 0.028096 0.037823
v 0.025251 0.029448 0.038487
v 0.050841 0.064555 -0.131279
v 0.045115 0.078566 0.026135
v 0.052054 0.074870 0.019051
v 0.050158 0.067938 0.025180
v 0.043439 0.029757 0.037425
v 0.046068 0.028744 0.035350
v 0.047851 0.027492 0.033179
v 0.048892 0.026160 0.031288
v 0.049222 0.025175 0.029888
v 0.068696 -0.012093 -0.036896
v 0.069866 -0.012074 -0.038356
v 0.077493 -0.001939 -0.062115
v 0.075207 0.005098 -0.061803
v 0.073871 0.008677 -0.060920
v 0.077243 0.017490 -0.048527
v 0.081631 0.020426 -0.051345
v 0.081927 -0.020865 -0.056292
v 0.078638 -0.022511 -0.052574
v -0.087249 0.025723 -0.057985
v 0.082082 -0.019907 -0.056938
v 0.087739 0.016588 -0.062078
v 0.088201 0.014856 -0.063300
v 0.089015 0.014748 -0.063147
v 0.039330 -0.034006 -0.101849
v 0.043775 -0.019834 -0.108732
v 0.088725 0.012724 -0.064643
v 0.072397 -0.007253 -0.040616
v 0.079148 -0.002723 -0.062313
v 0.081393 -0.003591 -0.064091
v 0.081969 -0.008917 -0.064416
v 0.081178 -0.008242 -0.063229
v 0.080735 -0.013627 -0.062415
v 0.080116 -0.012557 -0.061634
v 0.083926 -0.017244 -0.059470
v 0.086135 -0.013776 -0.061411
v 0.082726 0.020890 -0.052384
v 0.081800 0.019891 -0.050813
v 0.083073 0.020529 -0.052656
v 0.073250 -0.008548 -0.042035
v 0.075371 0.015999 -0.048335
v 0.074972 0.013464 -0.047137
v 0.074563 0.013833 -0.047598
v 0.069551 -0.003460 -0.046370
v 0.069618 -0.002468 -0.046518
v 0.070727 -0.004999 -0.045876
v 0.073327 -0.006604 -0.044555
v 0.066858 -0.014256 -0.044252
v 0.066126 -0.015692 -0.046576
v 0.066637 -0.016733 -0.045964
v 0.084254 0.027151 -0.056789
v 0.075007 0.012448 -0.046885
v 0.076554 0.013492 -0.046907
v 0.076910 0.014792 -0.047240
v 0.083917 0.020265 -0.052905
v 0.076991 0.015684 -0.047562
v 0.076313 0.015730 -0.047526
v 0.077938 0.017223 -0.048391
v 0.075719 0.015687 -0.047731
v 0.074001 -0.010254 -0.058105
v 0.072497 -0.010417 -0.056022
v 0.070716 0.009145 -0.038373
v 0.071677 0.006918 -0.040232
v 0.077457 -0.022985 -0.050466
v 0.073792 0.016030 -0.057897
v 0.073864 0.018616 -0.059540
v 0.087300 -0.009043 -0.063577
v 0.080102 -0.014344 -0.053913
v 0.077814 -0.014830 -0.051871
v 0.082038 -0.013345 -0.055703
v 0.083765 -0.010848 -0.057202
v 0.070191 0.005825 -0.052686
v 0.082718 0.009775 -0.056521
v 0.083460 0.007518 -0.057809
v 0.081045 0.009822 -0.054992
v 0.075222 0.022348 -0.058192
v 0.075052 0.022271 -0.055615
v 0.076104 0.016327 -0.055391
v 0.074394 0.020587 -0.054742
v 0.068920 -0.010801 -0.044838
v 0.068662 -0.016905 -0.048241
v 0.067875 -0.014762 -0.048634
v 0.069761 -0.016608 -0.048984
v 0.069427 -0.015741 -0.050138
v 0.070049 -0.014082 -0.051805
v 0.070849 -0.012221 -0.053125
v 0.070767 -0.009827 -0.053941
v 0.068516 -0.006601 -0.045782
v 0.075910 0.021390 -0.045030
v 0.067972 -0.008528 -0.045480
v 0.069875 -0.004893 -0.046020
v 0.070047 -0.006720 -0.045501
v 0.069746 -0.008746 -0.044986
v 0.073819 -0.017344 -0.045620
v 0.075025 -0.015770 -0.047969
v 0.072397 -0.016739 -0.045133
v 0.076314 -0.015207 -0.049983
v 0.071318 -0.016489 -0.044736
v 0.073717 0.017448 -0.056332
v 0.074070 0.020661 -0.056868
v 0.068234 -0.008556 -0.035180
v 0.062349 -0.001760 0.012076
v 0.063760 0.008231 0.006710
v 0.024482 -0.055742 0.029613
v 0.023443 -0.058695 0.030051
v 0.054672 -0.014540 0.025056
v 0.050052 -0.017692 0.029858
v 0.023740 -0.050276 0.041661
v 0.023091 -0.051041 0.041703
v 0.022243 -0.050586 0.041872
v 0.022893 -0.050159 0.041603
v 0.020690 -0.049808 0.040087
v 0.021422 -0.049917 0.039430
v 0.021666 -0.050030 0.040280
v 0.021072 -0.049907 0.040970
v 0.027349 -0.034210 0.044111
v 0.030535 -0.029771 0.042025
v 0.032858 -0.034219 0.040785
v 0.029798 -0.037921 0.042932
v 0.023309 -0.051094 0.032200
v 0.023138 -0.049781 0.032619
v 0.021888 -0.049729 0.036434
v 0.022300 -0.050302 0.036067
v 0.022985 -0.053867 0.032235
v 0.022037 -0.051679 0.035841
v 0.025086 -0.051753 0.029591
v 0.024396 -0.049532 0.030000
v 0.031980 -0.056515 0.036897
v 0.028810 -0.054346 0.038942
v 0.029833 -0.051045 0.039717
v 0.033126 -0.051759 0.037804
v 0.023137 -0.022245 0.043855
v 0.027119 -0.025963 0.043138
v 0.023977 -0.030237 0.044845
v 0.020251 -0.026030 0.045344
v 0.016549 -0.021343 0.046378
v 0.019287 -0.018382 0.044739
v 0.015280 -0.013529 0.050791
v 0.016056 -0.017368 0.052084
v 0.015966 -0.018480 0.055720
v 0.016031 -0.016147 0.054422
v 0.014200 -0.022599 0.054031
v 0.016244 -0.019695 0.050519
v 0.010600 -0.024127 0.054599
v -0.011091 -0.021978 0.057449
v -0.010179 -0.020450 0.056419
v -0.011185 -0.019730 0.058111
v -0.012482 -0.020893 0.059014
v 0.010368 -0.023422 0.055798
v 0.014017 -0.023094 0.052181
v -0.004651 -0.021157 0.066151
v -0.005711 -0.019023 0.066317
v -0.004725 -0.020012 0.063882
v -0.004669 -0.021866 0.063481
v 0.014064 -0.024030 0.049984
v 0.010859 -0.024751 0.053195
v 0.009748 -0.022588 0.057124
v 0.012325 -0.022377 0.056953
v -0.007246 -0.018402 0.065694
v -0.008914 -0.018882 0.067368
v -0.010494 -0.018893 0.065607
v -0.008554 -0.018446 0.064068
v -0.004257 -0.017814 0.058956
v -0.005596 -0.019634 0.060174
v -0.003641 -0.017821 0.062600
v -0.011401 -0.017720 0.056431
v -0.009734 -0.018821 0.055135
v -0.009140 -0.015023 0.054329
v -0.010549 -0.014117 0.055340
v 0.013989 -0.020338 0.058433
v 0.004305 -0.022380 0.066036
v 0.005506 -0.021081 0.068061
v 0.009307 0.011811 0.051607
v 0.011721 0.008043 0.047958
v 0.009257 0.008882 0.053749
v 0.011740 0.005579 0.050268
v 0.013134 -0.018359 0.062444
v 0.014525 -0.016090 0.060459
v 0.011030 -0.017295 0.066455
v 0.012008 -0.014241 0.065829
v 0.004640 0.027354 0.053105
v 0.002141 -0.025709 0.061398
v 0.002365 -0.026384 0.060679
v 0.001945 -0.024703 0.063485
v 0.021603 0.098959 -0.133985
v 0.022143 0.111452 -0.122829
v 0.021460 0.125216 -0.099859
v 0.019314 0.129917 -0.087460
v 0.005725 -0.043016 0.057967
v 0.005184 -0.040439 0.058084
v 0.012054 -0.043781 0.043465
v 0.006772 -0.043673 0.044753
v 0.006464 -0.047394 0.047476
v 0.011483 -0.047338 0.046108
v 0.015408 -0.047431 0.043971
v 0.016276 -0.044001 0.041405
v 0.012513 -0.040277 0.041996
v 0.007076 -0.040040 0.043353
v 0.011405 -0.049420 0.049520
v 0.006466 -0.049499 0.051629
v 0.006398 -0.047762 0.054757
v 0.011522 -0.048051 0.052034
v 0.016583 -0.028441 0.048148
v 0.013046 -0.028058 0.050974
v 0.009430 -0.028164 0.054819
v 0.006459 -0.028478 0.057594
v 0.005813 -0.026417 0.058402
v 0.008144 -0.025618 0.056066
v 0.005506 -0.025585 0.059068
v 0.007838 -0.024901 0.056992
v 0.007697 -0.024192 0.057778
v 0.008234 -0.022881 0.058420
v 0.006485 -0.023132 0.059680
v 0.007017 -0.021953 0.059375
v 0.005448 -0.024767 0.059544
v 0.004333 0.002138 0.066621
v 0.004315 0.006259 0.064006
v 0.009469 -0.038587 0.056324
v 0.004742 -0.038256 0.057763
v 0.004266 -0.034113 0.057793
v 0.008306 -0.034036 0.056409
v 0.012440 -0.034645 0.053787
v 0.014239 -0.040125 0.053597
v 0.002705 -0.027134 0.059964
v 0.009899 -0.040811 0.056349
v 0.010291 -0.043350 0.055902
v 0.014805 -0.042472 0.053465
v 0.015136 -0.044709 0.052849
v 0.018785 -0.042443 0.050310
v 0.017435 -0.036345 0.050701
v 0.023067 -0.038150 0.047236
v 0.022503 -0.044991 0.046782
v 0.029857 -0.047885 0.041024
v 0.024994 -0.050372 0.041384
v 0.025238 -0.049127 0.042123
v 0.024957 -0.047925 0.043201
v 0.029024 -0.044699 0.042703
v 0.033061 -0.047086 0.039363
v 0.031945 -0.042311 0.041190
v 0.026997 -0.041492 0.044740
v 0.024272 -0.046633 0.044600
v 0.023918 -0.049564 0.042342
v 0.022983 -0.049813 0.042063
v 0.023759 -0.048854 0.043295
v 0.022776 -0.049473 0.042917
v 0.023197 -0.048183 0.044451
v 0.022395 -0.049170 0.043882
v 0.021618 -0.048636 0.045254
v 0.022151 -0.047170 0.046152
v 0.021049 -0.049927 0.040332
v 0.020212 -0.049860 0.041528
v 0.020324 -0.049912 0.043002
v 0.021071 -0.049972 0.041814
v 0.021520 -0.049946 0.039656
v 0.021474 -0.049953 0.041053
v 0.021419 -0.049144 0.037622
v 0.020225 -0.048375 0.039510
v -0.040283 -0.087943 -0.028907
v -0.049160 -0.086352 -0.039975
v 0.021968 -0.050121 0.038791
v 0.021978 -0.049951 0.040013
v 0.022074 -0.050011 0.041451
v 0.022003 -0.049845 0.042090
v 0.021608 -0.049728 0.042949
v 0.020908 -0.049547 0.044081
v 0.015170 -0.046683 0.051492
v 0.018502 -0.046549 0.049389
v 0.018241 -0.048205 0.047813
v 0.015043 -0.048716 0.049228
v 0.017860 -0.049333 0.046079
v 0.016923 -0.040539 0.040154
v 0.014713 -0.049458 0.047265
v 0.019432 -0.044949 0.038808
v 0.020286 -0.042270 0.036664
v 0.018259 -0.047840 0.041402
v 0.022762 -0.048353 0.033748
v 0.021265 -0.046683 0.036365
v 0.023992 -0.047769 0.031200
v 0.022269 -0.044661 0.034283
v 0.017713 -0.049763 0.044067
v 0.018757 -0.044697 0.050081
v 0.010789 -0.045699 0.054366
v 0.005940 -0.045300 0.056616
v -0.033393 0.003264 0.036143
v -0.032507 0.000200 0.037205
v -0.028415 0.001339 0.038232
v -0.029500 0.004094 0.037362
v 0.005078 -0.006331 0.072864
v 0.004691 -0.001828 0.069517
v 0.021600 -0.050161 0.041764
v 0.008455 -0.134546 -0.011734
v -0.073438 -0.006167 -0.045800
v -0.072851 -0.005338 -0.044505
v -0.081996 0.016235 -0.066955
v 0.024365 -0.051645 0.041238
v 0.022174 -0.055945 0.032201
v 0.021266 -0.052601 0.036002
v 0.028978 -0.061049 0.037208
v 0.024437 -0.065628 0.039488
v 0.022678 -0.061573 0.041780
v 0.026509 -0.057727 0.039540
v 0.020675 -0.055062 0.044323
v 0.023013 -0.053255 0.042244
v -0.087370 0.018984 -0.061934
v 0.021939 -0.051945 0.042919
v 0.019864 -0.052930 0.045062
v 0.019014 -0.051318 0.045469
v 0.021077 -0.050908 0.043062
v 0.017106 -0.049504 0.043922
v 0.013085 -0.048833 0.046817
v 0.012288 -0.052443 0.041982
v 0.016653 -0.052873 0.039568
v 0.019902 -0.052853 0.037191
v 0.019991 -0.049835 0.040985
v -0.081549 0.023238 -0.061714
v -0.080145 0.025712 -0.057081
v -0.078721 0.024247 -0.055958
v -0.080007 0.021490 -0.060011
v 0.017797 -0.049425 0.044783
v 0.020402 -0.049829 0.041871
v 0.013386 -0.048837 0.047925
v 0.017272 -0.130958 -0.017131
v 0.020619 -0.050121 0.042745
v 0.018172 -0.049889 0.045211
v 0.014102 -0.049702 0.048646
v 0.015099 -0.051699 0.049142
v 0.015942 -0.054055 0.049126
v 0.016555 -0.056986 0.048022
v 0.017707 -0.064331 0.044384
v 0.018222 -0.069280 0.042597
v 0.011991 -0.066017 0.046653
v 0.012040 -0.071087 0.045520
v 0.011619 -0.058355 0.051391
v 0.011297 -0.054687 0.052973
v 0.010691 -0.051883 0.052762
v 0.010021 -0.049598 0.051751
v 0.003249 -0.028859 0.059120
v 0.005349 -0.023145 0.060954
v 0.004370 -0.023056 0.063411
v 0.007483 -0.019475 0.068901
v 0.001838 -0.023923 0.065898
v 0.009700 -0.017433 0.068256
v 0.008287 -0.018195 0.069907
v 0.008879 -0.016210 0.070735
v 0.009893 -0.015411 0.069318
v 0.006955 -0.018955 0.071360
v 0.008157 -0.016509 0.071968
v 0.003174 -0.020338 0.073403
v 0.004192 -0.016646 0.075694
v 0.005112 -0.010351 0.075187
v 0.004618 -0.014147 0.076081
v 0.009333 -0.014409 0.071337
v 0.010327 -0.012218 0.069773
v -0.089477 0.019920 -0.063268
v 0.010503 -0.009130 0.067084
v 0.012306 -0.011393 0.063137
v 0.010325 0.135833 -0.043411
v 0.009347 -0.048446 0.050784
v 0.008923 -0.048514 0.048810
v -0.072198 -0.018525 -0.045453
v -0.081596 0.007900 -0.057528
v 0.011697 -0.062605 0.035221
v 0.011922 -0.058271 0.037691
v 0.007847 -0.058219 0.039153
v -0.079431 0.026265 -0.054481
v -0.083024 0.027758 -0.055296
v 0.007645 -0.062967 0.036727
v 0.004909 -0.048429 0.049659
v -0.088403 -0.003346 -0.066637
v -0.089889 0.018381 -0.065286
v -0.088093 0.017072 -0.064195
v -0.080258 0.018671 -0.048925
v -0.076086 -0.009640 -0.061404
v -0.082585 -0.009380 -0.058821
v -0.081135 -0.011845 -0.057348
v -0.075490 -0.011463 -0.060238
v -0.070206 0.003716 -0.056209
v 0.004419 -0.052071 0.044458
v 0.008279 -0.052060 0.043524
v 0.005074 -0.048233 0.051962
v 0.005523 -0.049588 0.053210
v 0.006047 -0.051943 0.054511
v 0.004047 -0.058409 0.039854
v 0.003983 -0.063150 0.037524
v -0.067782 -0.014668 -0.037894
v 0.020561 -0.057402 0.033358
v -0.077258 -0.024388 -0.051277
v -0.078726 -0.023243 -0.053259
v -0.030835 -0.034424 -0.111834
v -0.034230 -0.022214 -0.118792
v -0.089749 -0.003633 -0.069182
v 0.021336 -0.060950 0.031172
v 0.016512 -0.058286 0.035696
v 0.016679 -0.062177 0.033476
v 0.006667 -0.071436 0.048137
v 0.006609 -0.066828 0.048690
v 0.006161 -0.055402 0.054822
v 0.006282 -0.059513 0.053027
v 0.022189 0.119586 -0.112058
v 0.062832 0.081061 -0.005286
v 0.061349 0.073857 0.002803
v -0.081598 0.020058 -0.056508
v 0.054609 0.081839 0.010305
v 0.056393 0.087408 0.002621
v 0.063499 0.089057 -0.013662
v 0.056952 0.094285 -0.005395
v 0.039880 0.127157 -0.063156
v 0.040512 0.126692 -0.048822
v 0.021511 0.133105 -0.044724
v 0.034683 0.127112 -0.077177
v 0.046886 0.118308 -0.086467
v 0.049223 0.121219 -0.067085
v 0.049306 0.121375 -0.051725
v -0.073847 -0.018883 -0.046512
v -0.072377 -0.024322 -0.046058
v -0.070884 -0.023982 -0.044446
v -0.076420 0.011050 -0.054727
v 0.022533 -0.102061 -0.101706
v 0.051570 0.046744 -0.130178
v 0.048042 0.120461 -0.037845
v 0.039896 0.124970 -0.034942
v 0.039409 0.121898 -0.022434
v 0.046777 0.118239 -0.026038
v 0.021393 0.130854 -0.030130
v 0.010325 0.133249 -0.028130
v 0.017620 0.008665 -0.141397
v 0.004337 0.010156 0.061435
v 0.043463 -0.052221 -0.084987
v 0.052432 -0.052165 -0.067977
v 0.052845 -0.113142 -0.050768
v 0.065647 -0.024709 -0.050142
v 0.065283 -0.024313 -0.050942
v 0.055419 -0.068391 -0.051469
v 0.056583 -0.052669 -0.052264
v 0.034915 -0.051110 -0.096490
v 0.076069 -0.013933 -0.060593
v 0.077027 -0.010249 -0.061825
v 0.077682 -0.014857 -0.060318
v 0.078833 -0.010968 -0.061605
v 0.079288 -0.006936 -0.062162
v 0.078629 -0.016667 -0.059533
v 0.075761 0.022326 -0.052812
v 0.077021 0.023893 -0.052084
v -0.075639 -0.015183 -0.061303
v -0.076012 -0.013244 -0.062315
v 0.064984 -0.026415 -0.046480
v 0.064879 -0.025818 -0.048016
v -0.060890 -0.003482 -0.052663
v 0.064216 -0.026252 -0.047311
v 0.063827 -0.026709 -0.046154
v 0.064534 -0.027350 -0.045136
v 0.063607 -0.027342 -0.045200
v 0.076508 0.038478 -0.046608
v 0.062434 -0.027522 -0.048515
v 0.064398 -0.024744 -0.050466
v 0.064523 -0.025491 -0.049231
v 0.063208 -0.026365 -0.048209
v 0.062815 -0.027430 -0.046568
v 0.062595 -0.028287 -0.045090
v 0.063772 -0.028680 -0.044345
v -0.077448 -0.020358 -0.059019
v -0.073081 -0.025409 -0.053823
v -0.055205 -0.083685 -0.051265
v -0.054092 -0.082185 -0.064226
v -0.054677 -0.096120 -0.063353
v -0.054472 -0.099046 -0.050682
v -0.070141 -0.000649 -0.038489
v -0.070722 -0.007787 -0.041224
v -0.069624 -0.008970 -0.039369
v 0.079110 -0.017808 -0.060015
v 0.070623 -0.027737 -0.048722
v -0.019836 -0.105349 -0.009702
v -0.018407 -0.121009 -0.013818
v 0.076122 0.014203 -0.058070
v 0.076127 0.012584 -0.059147
v 0.078852 0.014118 -0.060842
v 0.078797 0.016338 -0.059720
v 0.056150 -0.009135 -0.101047
v 0.058820 0.002696 -0.106931
v 0.010813 -0.098028 -0.105757
v 0.010910 -0.078655 -0.105306
v 0.073851 0.035902 -0.093324
v 0.076215 0.015936 -0.056619
v 0.078857 0.018053 -0.058455
v 0.077694 -0.006145 -0.062183
v 0.075804 0.015085 -0.056243
v 0.075568 0.013388 -0.057680
v 0.080133 0.019576 -0.060144
v 0.080305 0.017373 -0.061629
v 0.080257 0.014972 -0.062764
v 0.075290 0.011631 -0.059130
v -0.066792 -0.014343 -0.033902
v -0.065627 -0.015065 -0.023697
v -0.068928 0.000858 -0.023362
v -0.068571 -0.004607 -0.033151
v 0.074758 0.020860 -0.059953
v 0.079446 0.067371 -0.070538
v 0.078359 0.061375 -0.084433
v 0.076161 0.084804 -0.074073
v 0.075253 0.079692 -0.089321
v 0.070416 0.073583 -0.105073
v 0.073353 0.054258 -0.100089
v 0.075165 0.021986 -0.054218
v 0.077932 0.024815 -0.052570
v 0.063990 0.095711 -0.021648
v 0.068895 0.090484 -0.029096
v 0.057111 0.100285 -0.012781
v 0.056865 0.105625 -0.019710
v 0.063265 0.101923 -0.028793
v 0.070195 0.094735 -0.041093
v 0.078484 0.057602 -0.055571
v 0.077928 0.072950 -0.056414
v 0.075123 0.077279 -0.042771
v -0.058515 0.031747 0.015416
v -0.059706 0.032871 0.010763
v -0.060162 0.022976 0.010094
v -0.058562 0.023843 0.014416
v 0.074489 0.090038 -0.058433
v 0.066108 0.104150 -0.047526
v 0.069668 0.100443 -0.062205
v 0.058982 0.112787 -0.051440
v 0.060958 0.110637 -0.066156
v 0.060783 0.108045 -0.082197
v 0.071241 0.096331 -0.077412
v 0.061299 0.107471 -0.035093
v 0.055217 0.110466 -0.025284
v 0.056115 0.113911 -0.038669
v 0.052928 0.114555 -0.029916
v 0.073387 0.079303 -0.035427
v 0.057971 -0.034795 -0.045849
v 0.058411 -0.034523 -0.040900
v -0.019409 0.092753 0.035395
v -0.009347 0.093412 0.037863
v -0.009461 0.101367 0.031390
v -0.019790 0.100370 0.028542
v 0.065037 -0.023265 -0.034074
v -0.036213 -0.012989 -0.123713
v -0.038119 -0.001663 -0.128934
v -0.018922 -0.004837 -0.135547
v -0.017849 -0.015436 -0.129847
v 0.066168 0.001384 -0.000177
v 0.065884 0.014429 -0.002710
v 0.068874 0.006401 -0.013125
v 0.066311 -0.007302 -0.010018
v -0.020280 0.118413 0.004948
v -0.009720 0.120031 0.007815
v -0.009926 0.125238 -0.002584
v -0.020662 0.123312 -0.005071
v -0.051227 0.001704 0.026108
v -0.053070 -0.004382 0.026138
v -0.049342 -0.005464 0.029783
v -0.047952 0.000790 0.029020
v 0.064662 0.028649 -0.004212
v 0.068194 0.020926 -0.014545
v 0.069293 0.035643 -0.016272
v 0.065999 0.043621 -0.004271
v 0.061366 0.068060 -0.119921
v 0.063387 0.050919 -0.117724
v -0.071039 -0.028594 -0.043620
v -0.069853 -0.027871 -0.042716
v 0.063543 0.037723 -0.115600
v 0.048557 0.061259 0.029247
v -0.010185 0.129661 -0.014652
v -0.021165 0.127513 -0.016692
v 0.021160 0.089670 -0.139974
v 0.047096 0.086495 0.018156
v 0.054157 0.089196 -0.120651
v -0.001151 -0.076689 -0.107142
v 0.041053 0.095234 -0.127171
v 0.070256 0.091346 -0.092496
v 0.066856 0.086001 -0.105942
v 0.058660 0.079454 -0.120641
v 0.062089 0.020985 -0.112970
v 0.047431 0.114347 -0.018292
v 0.055886 0.024955 0.021484
v 0.054923 0.020305 0.020526
v 0.056247 0.029895 0.023067
v 0.052938 0.015360 0.021770
v 0.014827 0.004594 0.044985
v 0.014510 0.002417 0.047154
v 0.013879 -0.000062 0.049078
v 0.017654 -0.000542 0.044374
v 0.016808 -0.003743 0.046179
v 0.011176 -0.000445 0.054706
v 0.011501 0.002679 0.052421
v 0.013569 -0.003172 0.051136
v 0.013080 -0.006680 0.052850
v 0.010987 -0.003803 0.057029
v 0.016106 -0.019740 0.047839
v 0.017122 -0.014664 0.046267
v 0.015251 -0.010281 0.049040
v 0.020107 -0.006816 0.044078
v 0.018871 -0.010385 0.045425
v 0.016072 -0.006692 0.047809
v 0.021552 -0.003243 0.042340
v 0.013561 -0.010452 0.055286
v 0.014710 -0.013915 0.058328
v 0.011542 -0.007663 0.060011
v 0.009945 -0.005579 0.063646
v 0.009305 -0.001590 0.060646
v 0.018275 0.001899 0.042492
v 0.022510 -0.000306 0.040849
v 0.022032 -0.014020 0.044051
v 0.026257 -0.017373 0.043070
v 0.024082 -0.009353 0.042642
v 0.028334 -0.012140 0.041813
v 0.025627 -0.005479 0.041111
v 0.029884 -0.007969 0.040268
v 0.030142 -0.020979 0.042159
v 0.033424 -0.024985 0.040807
v 0.036498 -0.030029 0.038765
v 0.036361 -0.019688 0.039327
v 0.039710 -0.025140 0.037075
v 0.038608 -0.014375 0.037923
v 0.042635 -0.019347 0.035629
v -0.011720 0.010458 0.044781
v -0.012126 0.012528 0.041810
v -0.015701 0.009038 0.040123
v -0.015262 0.006803 0.042470
v -0.007190 0.062813 0.049587
v -0.008129 0.071620 0.047414
v -0.017134 0.071842 0.045755
v -0.015620 0.063059 0.048278
v 0.032699 -0.015583 0.040763
v 0.034585 -0.010981 0.039200
v 0.031423 -0.003795 0.039002
v 0.027100 -0.001861 0.039854
v 0.040536 -0.002355 0.035381
v 0.040042 -0.008361 0.036667
v 0.035785 -0.005953 0.037836
v 0.036665 -0.000931 0.036739
v 0.044863 -0.012162 0.034455
v 0.044998 -0.004045 0.033583
v 0.044325 0.001369 0.032451
v 0.031092 0.008186 0.037025
v 0.026136 0.008720 0.037683
v 0.034650 0.007992 0.035972
v 0.040464 0.002092 0.034367
v 0.037172 0.002816 0.035903
v 0.048319 0.009917 0.026900
v 0.046180 0.008845 0.029074
v 0.040735 0.007990 0.033166
v 0.037950 0.007914 0.034691
v 0.043557 0.008343 0.031305
v 0.021664 0.010279 0.037734
v 0.017317 0.012508 0.037855
v 0.051245 -0.067555 -0.065201
v 0.009171 0.002117 0.058362
v 0.009179 0.005587 0.056074
v 0.014957 0.030016 0.043374
v 0.012880 0.027180 0.041702
v 0.007523 0.027179 0.050022
v 0.019487 0.033802 0.046134
v 0.013776 0.015246 0.038213
v -0.020106 0.006332 0.038784
v -0.019265 0.004151 0.040205
v 0.012288 0.017699 0.038456
v 0.011316 0.021083 0.039260
v 0.011429 0.024081 0.040352
v -0.009509 0.108276 0.024211
v -0.019997 0.107095 0.021177
v -0.020757 0.133498 -0.067466
v -0.021202 0.133848 -0.058856
v -0.009971 0.136577 -0.059328
v -0.011068 0.135564 -0.072030
v 0.031412 0.049128 0.047608
v 0.028549 0.041840 0.049745
v 0.058257 0.066998 0.012367
v 0.061606 0.057691 0.008096
v 0.050583 0.045366 0.031132
v 0.053638 0.040801 0.027888
v 0.055591 0.035381 0.025135
v 0.062613 0.045170 0.004903
v 0.062113 0.032007 0.003647
v 0.062862 0.019725 0.004295
v -0.068466 0.001286 -0.090515
v -0.071625 -0.000141 -0.075510
v -0.074520 0.012299 -0.077272
v -0.072544 0.018389 -0.093619
v 0.048765 0.098759 0.003246
v -0.028268 -0.099268 -0.018785
v -0.027428 -0.114093 -0.022512
v -0.000981 -0.094903 -0.106996
v 0.048618 0.104533 -0.003898
v 0.048373 0.092544 0.010720
v 0.039212 0.117917 -0.012766
v 0.039309 0.113395 -0.004137
v 0.048185 0.109727 -0.011032
v 0.039827 0.108175 0.003455
v 0.040218 0.102403 0.010591
v 0.039825 0.096254 0.018164
v 0.038867 0.089756 0.025466
v 0.037418 0.080686 0.032774
v 0.041151 -0.066994 -0.081725
v 0.007401 -0.011161 0.056656
v 0.006714 -0.011018 0.057180
v -0.052403 0.055525 0.024504
v -0.054569 0.061594 0.020353
v -0.057541 0.053905 0.016070
v -0.055170 0.048851 0.020598
v 0.006233 -0.011772 0.056157
v 0.005637 -0.011522 0.056654
v 0.004993 -0.013348 0.056478
v 0.006736 -0.020203 0.058670
v 0.005379 -0.018406 0.057638
v 0.004601 -0.015056 0.056368
v 0.061778 -0.029754 -0.035868
v -0.005841 0.048834 0.053168
v -0.013399 0.048947 0.052531
v -0.011570 0.042197 0.052991
v -0.005162 0.041978 0.053675
v -0.058037 0.016206 0.014357
v -0.060306 0.013498 0.011101
v -0.059150 0.004969 0.015399
v -0.056445 0.008769 0.017542
v -0.053572 0.003388 0.023072
v -0.055767 -0.002304 0.022486
v -0.018483 0.082312 0.041797
v -0.008830 0.082582 0.043752
v -0.059009 0.043860 0.012585
v -0.057122 0.040539 0.017462
v -0.009130 0.013885 0.047947
v -0.009712 0.015471 0.044032
v -0.007002 0.020794 0.047764
v -0.003811 0.019874 0.053874
v -0.003512 0.024070 0.052848
v -0.006705 0.023968 0.048941
v -0.033338 0.063205 0.040886
v -0.035090 0.071393 0.037819
v -0.042643 0.070270 0.032037
v -0.040870 0.062597 0.035444
v -0.020137 0.112988 0.013510
v -0.009584 0.114378 0.016522
v -0.004027 0.033556 0.052671
v -0.008587 0.033603 0.050871
v -0.007317 0.030132 0.049812
v -0.003908 0.030199 0.052322
v -0.023791 0.002510 0.039169
v -0.024820 0.004981 0.038258
v -0.062097 -0.028956 -0.046221
v -0.063668 -0.029128 -0.045718
v -0.070736 0.016904 -0.035118
v -0.069551 0.006113 -0.033833
v -0.069240 0.014437 -0.023828
v -0.070142 0.027457 -0.025439
v -0.073076 0.039741 -0.028542
v -0.074859 0.048896 -0.033514
v -0.075233 0.032858 -0.040986
v -0.073230 0.026120 -0.036955
v -0.048249 -0.094534 -0.074292
v -0.046139 -0.081797 -0.076446
v -0.003581 0.016426 0.056423
v -0.003496 0.013231 0.058855
v -0.020942 0.039044 -0.148332
v -0.020480 0.024955 -0.146058
v -0.040486 0.029131 -0.137937
v -0.040745 0.042552 -0.139753
v -0.065164 -0.010003 -0.086225
v -0.068942 -0.009451 -0.072463
v -0.009943 -0.016166 0.060089
v -0.006892 -0.011689 0.055406
v -0.006861 -0.015410 0.054319
v -0.006443 -0.012843 0.055520
v -0.009958 -0.018712 0.061765
v -0.012027 -0.019333 0.062924
v -0.007738 -0.018924 0.055066
v -0.007131 -0.018722 0.055461
v -0.006361 -0.015122 0.054532
v -0.008120 -0.011225 0.056006
v -0.001621 -0.022954 0.068633
v -0.002091 -0.021442 0.071736
v -0.005941 -0.019967 0.070423
v -0.004547 -0.021457 0.068246
v -0.004506 -0.012647 0.056833
v -0.003740 -0.014719 0.057412
v -0.004954 -0.016586 0.064667
v -0.006527 -0.012876 0.060602
v -0.006917 -0.010898 0.057737
v -0.006515 -0.015927 0.063830
v -0.005937 -0.021811 0.060823
v -0.008161 -0.015811 0.062151
v -0.077848 -0.015571 -0.051950
v -0.050485 -0.066676 -0.035575
v -0.055970 -0.050474 -0.041711
v -0.056043 -0.050945 -0.046159
v -0.052371 -0.068022 -0.042925
v -0.079082 0.010215 -0.056022
v -0.065869 0.060835 -0.003060
v -0.067757 0.073492 -0.012332
v -0.072635 0.061172 -0.024329
v -0.071581 0.049727 -0.019383
v -0.068310 0.083735 -0.020653
v -0.073393 0.072710 -0.031584
v -0.076358 0.060135 -0.041516
v -0.077926 0.039385 -0.055592
v -0.041310 0.017707 0.032470
v -0.041530 0.017293 0.032368
v -0.040055 0.016843 0.033538
v -0.039897 0.017307 0.033680
v -0.040977 0.018048 0.032263
v -0.039665 0.017649 0.033255
v -0.042042 0.018450 0.031449
v -0.042386 0.018119 0.031637
v -0.042519 0.017688 0.031514
v -0.024914 0.018036 0.035825
v -0.025262 0.018387 0.035075
v -0.027596 0.017817 0.036109
v -0.027493 0.017451 0.036878
v -0.024800 0.017552 0.036088
v -0.027762 0.016847 0.036940
v -0.023840 0.020039 0.029776
v -0.023671 0.020584 0.029793
v -0.024807 0.019156 0.030066
v -0.022889 0.020295 0.032491
v -0.022471 0.021613 0.032658
v -0.023208 0.022164 0.029881
v -0.023509 0.020998 0.029775
v -0.023074 0.019923 0.032659
v -0.021505 0.019453 0.033245
v -0.021183 0.019827 0.033126
v -0.021052 0.021159 0.033391
v -0.032389 0.015714 0.036953
v -0.032702 0.015010 0.036640
v -0.028261 0.015463 0.036852
v -0.028087 0.016162 0.036949
v -0.032091 0.016353 0.037087
v -0.035306 0.016385 0.036357
v -0.035653 0.015745 0.036070
v -0.035891 0.015101 0.035667
v -0.024907 0.016356 0.036250
v -0.024834 0.017010 0.036203
v -0.036085 0.014359 0.035224
v -0.032906 0.014220 0.036192
v -0.028393 0.014607 0.036598
v -0.024819 0.015719 0.036304
v -0.021676 0.017082 0.035625
v -0.022103 0.017568 0.035516
v -0.033022 0.013370 0.035866
v -0.032881 0.012414 0.035743
v -0.028146 0.012754 0.036387
v -0.028328 0.013672 0.036382
v -0.036186 0.013506 0.034830
v -0.036062 0.012518 0.034676
v -0.044139 0.017910 0.029785
v -0.044704 0.018479 0.029136
v -0.044776 0.017690 0.028953
v -0.044472 0.017156 0.029270
v -0.046892 0.014623 0.025675
v -0.047840 0.016174 0.025097
v -0.049627 0.015071 0.023606
v -0.048361 0.013414 0.024570
v -0.055362 0.005543 0.020176
v -0.049965 0.010990 0.023719
v -0.051281 0.012729 0.021927
v -0.043495 0.017428 0.030486
v -0.042710 0.017090 0.031296
v -0.043342 0.018100 0.030717
v -0.043985 0.018579 0.030060
v -0.043889 0.016733 0.029980
v -0.043034 0.016357 0.030933
v -0.041759 0.016716 0.032159
v -0.042062 0.015948 0.031843
v -0.040545 0.015501 0.033039
v -0.040300 0.016220 0.033291
v -0.038179 0.015924 0.034661
v -0.037912 0.016545 0.034951
v -0.038419 0.015241 0.034321
v -0.040779 0.014745 0.032773
v -0.038737 0.014483 0.033977
v -0.042393 0.015185 0.031397
v -0.043442 0.015630 0.030334
v -0.044247 0.016098 0.029356
v -0.044881 0.016590 0.028637
v -0.045296 0.017341 0.028214
v -0.044683 0.015335 0.028480
v -0.045132 0.014563 0.027627
v -0.043966 0.013938 0.028914
v -0.043776 0.014825 0.029595
v -0.045479 0.015977 0.027646
v -0.046077 0.015343 0.026659
v -0.042605 0.014429 0.030891
v -0.042691 0.013565 0.030331
v -0.040872 0.013144 0.031961
v -0.040878 0.014065 0.032462
v -0.038945 0.013697 0.033618
v -0.038920 0.012755 0.033210
v -0.031886 0.016953 0.037104
v -0.031719 0.017444 0.036523
v -0.034907 0.017450 0.035916
v -0.035072 0.016949 0.036506
v -0.037676 0.017059 0.035071
v -0.037621 0.017525 0.034559
v -0.034972 0.016440 0.033517
v -0.034042 0.017207 0.029567
v -0.036950 0.017166 0.028776
v -0.038253 0.016613 0.032439
v -0.031197 0.016297 0.033977
v -0.030693 0.017603 0.030146
v -0.027531 0.016810 0.034073
v -0.027413 0.018330 0.030224
v -0.025078 0.018388 0.033758
v -0.033856 0.029572 0.036598
v -0.034058 0.029754 0.037200
v -0.038690 0.029142 0.036492
v -0.038262 0.028849 0.035796
v -0.051031 0.001690 -0.119361
v -0.052323 0.017199 -0.125259
v -0.039889 0.012703 -0.134158
v -0.041045 0.027101 0.034803
v -0.041082 0.027678 0.034636
v -0.043310 0.026616 0.033209
v -0.043117 0.025976 0.033329
v -0.040987 0.026316 0.034867
v -0.042941 0.025152 0.033174
v -0.038040 0.027442 0.036426
v -0.038106 0.028152 0.036364
v -0.038117 0.028561 0.035963
v -0.043540 0.023590 0.028241
v -0.042528 0.025116 0.028994
v -0.042251 0.023878 0.031597
v -0.043130 0.022895 0.030538
v -0.044032 0.022840 0.027539
v -0.043705 0.022148 0.029629
v -0.043319 0.023320 0.024156
v -0.042493 0.024076 0.024812
v -0.041231 0.025007 0.025741
v -0.043800 0.022599 0.023774
v -0.044086 0.021820 0.023634
v -0.044024 0.020975 0.023580
v -0.043757 0.020170 0.023894
v -0.057498 -0.010626 0.019661
v -0.057701 0.000685 0.019010
v -0.059892 -0.007109 0.015671
v -0.043124 0.018586 0.030880
v -0.043787 0.019104 0.030188
v -0.042685 0.018959 0.030793
v -0.043121 0.019354 0.030251
v -0.044260 0.019673 0.029451
v -0.044632 0.019147 0.029296
v -0.041598 0.017240 0.030168
v -0.041154 0.017798 0.026931
v -0.042291 0.018268 0.025993
v -0.042562 0.018071 0.028979
v -0.040320 0.016860 0.031198
v -0.039394 0.017381 0.027888
v -0.042875 0.018886 0.025206
v -0.043404 0.019510 0.024434
v -0.043183 0.018644 0.028312
v -0.043672 0.019211 0.027495
v -0.043565 0.019833 0.029591
v -0.044223 0.020679 0.026782
v -0.044330 0.021339 0.026854
v -0.043869 0.020303 0.028899
v -0.044253 0.020908 0.028249
v -0.044032 0.020018 0.026930
v -0.044291 0.022119 0.027084
v -0.044045 0.021519 0.028795
v -0.045064 0.018509 0.028645
v -0.045022 0.019655 0.028649
v -0.045823 0.020718 0.027798
v -0.045588 0.018405 0.027947
v -0.046479 0.018373 0.026967
v -0.046037 0.016911 0.027135
v -0.046948 0.021263 0.027202
v -0.048064 0.021785 0.026628
v -0.047468 0.018428 0.026033
v -0.046774 0.016658 0.026181
v -0.044616 0.020159 0.028824
v -0.044956 0.020762 0.028341
v -0.046441 0.022579 0.028433
v -0.047184 0.023405 0.028199
v -0.045405 0.021907 0.028840
v -0.044884 0.022896 0.030134
v -0.045726 0.023727 0.030102
v -0.046220 0.024525 0.030044
v -0.044669 0.024798 0.031696
v -0.045049 0.025523 0.031624
v -0.044086 0.024001 0.031557
v -0.044587 0.021601 0.029090
v -0.044147 0.022373 0.029995
v -0.043450 0.023277 0.031146
v -0.042563 0.024231 0.032432
v -0.040862 0.025556 0.034324
v -0.040573 0.025172 0.033369
v -0.037952 0.026638 0.035950
v -0.037792 0.026282 0.035005
v -0.034593 0.030539 0.038519
v -0.039833 0.030223 0.037666
v -0.037775 0.027530 0.031967
v -0.036026 0.026611 0.028732
v -0.033447 0.026979 0.030104
v -0.034241 0.028204 0.033673
v -0.022628 0.022551 0.032858
v -0.023091 0.023789 0.033313
v -0.023531 0.024348 0.030402
v -0.023064 0.023089 0.029955
v -0.021725 0.022083 0.033872
v -0.022886 0.023376 0.034503
v -0.026483 0.027212 0.034793
v -0.027075 0.026465 0.031041
v -0.024494 0.025832 0.030857
v -0.024213 0.025609 0.034122
v -0.027365 0.026074 0.036222
v -0.024709 0.024666 0.035354
v -0.034197 0.027018 0.036164
v -0.022174 0.075625 -0.145885
v -0.021771 0.059647 -0.148764
v -0.041039 0.061598 -0.140129
v -0.041012 0.075506 -0.137806
v -0.040892 0.026530 0.030252
v -0.038938 0.025934 0.027248
v -0.050908 0.076733 -0.130302
v -0.050087 0.085610 -0.127511
v -0.041387 0.087415 -0.132835
v -0.034748 -0.067584 -0.094025
v -0.024724 -0.081805 -0.100297
v -0.021112 0.021607 0.035096
v -0.022517 0.022984 0.035590
v -0.020163 0.020601 0.034670
v -0.019083 0.020327 0.035009
v -0.019962 0.021614 0.035311
v -0.021437 0.023282 0.035844
v -0.024308 0.024601 0.036255
v -0.023462 0.025079 0.036682
v -0.026562 0.026952 0.037526
v -0.027220 0.026268 0.037148
v -0.034102 0.027178 0.037210
v -0.033836 0.027971 0.037432
v -0.025999 0.027532 0.037377
v -0.022902 0.025637 0.036486
v -0.025551 0.028076 0.036935
v -0.022625 0.026469 0.036129
v -0.033644 0.029252 0.036880
v -0.033653 0.028709 0.037335
v -0.022298 0.017940 0.035400
v -0.019425 0.018531 0.034985
v -0.022599 0.018501 0.034972
v -0.020459 0.019037 0.034633
v -0.023572 0.018884 0.034101
v -0.019860 0.019409 0.034562
v -0.018846 0.019022 0.034915
v -0.023483 0.019326 0.032963
v -0.019027 0.021777 0.035003
v -0.018035 0.020111 0.035068
v -0.017807 0.022066 0.034835
v -0.016851 0.020034 0.035008
v -0.019766 0.024536 0.035173
v -0.020623 0.023745 0.035507
v -0.017784 0.018636 0.035017
v -0.018311 0.018037 0.035120
v -0.016715 0.018399 0.035048
v -0.017358 0.017591 0.035120
v -0.024557 0.015013 0.036347
v -0.024176 0.014169 0.036397
v -0.021016 0.016404 0.035784
v -0.020334 0.015693 0.035861
v -0.032531 0.011209 0.035610
v -0.035740 0.011404 0.034538
v -0.031940 0.009790 0.035644
v -0.035306 0.009784 0.034471
v -0.027120 0.010310 0.036597
v -0.027742 0.011628 0.036444
v -0.028377 -0.125000 -0.024455
v -0.045705 0.013603 0.026890
v -0.046812 0.012052 0.026199
v -0.045190 0.011133 0.027847
v -0.044343 0.012962 0.028285
v -0.042852 0.012434 0.029771
v -0.043197 0.010508 0.029704
v -0.040845 0.010188 0.031432
v -0.040935 0.012001 0.031479
v -0.038732 0.011676 0.032964
v -0.038420 0.009955 0.032934
v -0.048869 0.018041 0.024806
v -0.050148 0.021643 0.024912
v -0.050722 0.017145 0.023287
v -0.052392 0.021128 0.022840
v -0.016269 0.022744 0.035460
v -0.015471 0.020354 0.035116
v -0.014111 0.023513 0.037026
v -0.013681 0.020839 0.036296
v -0.015652 0.026586 0.038608
v -0.017820 0.025924 0.036478
v -0.015751 0.018268 0.035091
v -0.016383 0.017097 0.035140
v -0.014341 0.018047 0.035707
v -0.015339 0.016444 0.035652
v -0.023572 0.013026 0.036472
v -0.022879 0.011779 0.036637
v -0.019550 0.014831 0.035954
v -0.018560 0.013810 0.036303
v -0.048976 -0.010023 -0.113990
v -0.053251 0.033505 -0.128602
v -0.047383 0.034681 0.036380
v -0.045027 0.031665 0.036709
v -0.041488 0.032548 0.038890
v -0.043465 0.036104 0.039774
v -0.049456 0.039484 0.034510
v -0.051978 0.036121 0.031255
v -0.049887 0.032607 0.033127
v -0.047575 0.030196 0.034109
v -0.051163 0.024604 0.026135
v -0.049394 0.024590 0.027555
v -0.049580 0.026421 0.029279
v -0.051388 0.027036 0.027937
v -0.053406 0.024701 0.023836
v -0.053935 0.028218 0.025716
v -0.050902 0.029539 0.030288
v -0.048859 0.028235 0.031584
v -0.053261 0.031816 0.028535
v -0.023793 0.031872 0.041001
v -0.024622 0.030562 0.038698
v -0.021530 0.028400 0.037049
v -0.019844 0.028926 0.038725
v -0.022514 0.033070 0.042769
v -0.017824 0.029472 0.040497
v -0.037125 0.036967 0.042668
v -0.035714 0.033114 0.040583
v -0.025203 0.028513 0.036568
v -0.022843 0.027019 0.036176
v -0.025104 0.028780 0.036749
v -0.022782 0.027278 0.036197
v -0.058648 0.096797 -0.109701
v -0.060813 0.102905 -0.097218
v -0.044308 0.113751 -0.103551
v -0.043532 0.106166 -0.115826
v -0.041245 0.027866 0.034628
v -0.041638 0.028251 0.035330
v -0.044072 0.027384 0.033746
v -0.043534 0.026906 0.033244
v -0.045394 0.025990 0.031656
v -0.046013 0.026470 0.031951
v -0.047244 0.025505 0.030194
v -0.046614 0.025088 0.030066
v -0.047276 0.024424 0.028857
v -0.047805 0.024371 0.028535
v -0.022525 0.027986 0.036648
v -0.024999 0.029294 0.037343
v -0.052295 0.064504 -0.131347
v -0.044452 0.078493 0.026705
v -0.051541 0.074803 0.019662
v -0.049417 0.067747 0.025685
v -0.042904 0.029470 0.036286
v -0.045497 0.028486 0.034260
v -0.047241 0.027278 0.032088
v -0.048250 0.025970 0.030194
v -0.048603 0.024984 0.028775
v -0.068882 -0.011863 -0.039472
v -0.069937 -0.011812 -0.041228
v -0.078964 -0.001989 -0.064013
v -0.077252 0.004533 -0.063586
v -0.075905 0.008187 -0.062812
v -0.076788 0.017391 -0.050640
v -0.080728 0.020349 -0.053691
v -0.082326 -0.019515 -0.057896
v -0.079029 -0.021270 -0.054337
v -0.082425 -0.018660 -0.058639
v -0.087466 0.017128 -0.064432
v -0.087893 0.015502 -0.065704
v -0.088621 0.015400 -0.065627
v -0.041887 -0.034029 -0.102350
v -0.046267 -0.019930 -0.109326
v -0.088601 0.013401 -0.067018
v -0.072224 -0.007006 -0.043720
v -0.080263 -0.002514 -0.064220
v -0.082176 -0.003097 -0.065925
v -0.082448 -0.008068 -0.066230
v -0.081860 -0.007588 -0.065112
v -0.081258 -0.012638 -0.064244
v -0.080863 -0.011742 -0.063469
v -0.084218 -0.016070 -0.061248
v -0.086353 -0.012751 -0.063349
v -0.081955 0.020844 -0.054715
v -0.081165 0.019879 -0.053012
v -0.082662 0.020591 -0.054933
v -0.073068 -0.008287 -0.045130
v -0.074953 0.015741 -0.050463
v -0.074409 0.013554 -0.049202
v -0.074011 0.013854 -0.049723
v -0.069489 -0.003071 -0.049346
v -0.069529 -0.002073 -0.049448
v -0.070518 -0.004667 -0.048923
v -0.073084 -0.006309 -0.047652
v -0.066661 -0.013784 -0.047289
v -0.065953 -0.015170 -0.049534
v -0.066378 -0.016276 -0.048787
v -0.084371 0.027411 -0.058382
v -0.074508 0.012570 -0.048977
v -0.075898 0.013643 -0.049001
v -0.076321 0.014873 -0.049264
v -0.083371 0.020439 -0.055178
v -0.076440 0.015787 -0.049609
v -0.075798 0.015700 -0.049558
v -0.077446 0.017217 -0.050476
v -0.075244 0.015557 -0.049829
v -0.074197 -0.009527 -0.060369
v -0.072917 -0.010131 -0.058617
v -0.071018 0.009500 -0.039607
v -0.071865 0.007365 -0.042065
v -0.077769 -0.021876 -0.052442
v -0.074824 0.015935 -0.059494
v -0.074889 0.018413 -0.060892
v -0.087517 -0.008050 -0.065393
v -0.080517 -0.013220 -0.055427
v -0.078274 -0.013982 -0.053700
v -0.082550 -0.012201 -0.057051
v -0.084072 -0.009783 -0.058565
v -0.070390 0.006616 -0.054771
v -0.082157 0.009935 -0.058423
v -0.083092 0.007836 -0.059647
v -0.080595 0.009933 -0.056865
v -0.075924 0.022217 -0.059061
v -0.075649 0.022215 -0.056686
v -0.076629 0.016427 -0.057188
v -0.075028 0.020574 -0.056151
v -0.068734 -0.010364 -0.047918
v -0.068557 -0.016518 -0.051140
v -0.067662 -0.014291 -0.051678
v -0.069808 -0.016325 -0.051965
v -0.069339 -0.015420 -0.053087
v -0.070224 -0.013848 -0.054666
v -0.071108 -0.011909 -0.055994
v -0.070769 -0.009385 -0.056941
v -0.068447 -0.006194 -0.048814
v -0.076094 0.021831 -0.045783
v -0.067919 -0.008065 -0.048526
v -0.069760 -0.004526 -0.049042
v -0.069888 -0.006363 -0.048589
v -0.069589 -0.008359 -0.048118
v -0.074612 -0.016655 -0.047713
v -0.075699 -0.015197 -0.050116
v -0.073008 -0.016063 -0.047342
v -0.076766 -0.014571 -0.052060
v -0.071748 -0.015912 -0.047206
v -0.074729 0.017195 -0.058107
v -0.074956 0.020476 -0.058151
v -0.068917 -0.008492 -0.037354
v -0.062032 -0.001525 0.011005
v -0.063508 0.008477 0.005899
v -0.025129 -0.055547 0.029706
v -0.024084 -0.058492 0.030147
v -0.054325 -0.014119 0.023865
v -0.049692 -0.017329 0.028708
v -0.023913 -0.049915 0.041297
v -0.023363 -0.050688 0.041400
v -0.022518 -0.050287 0.041600
v -0.023109 -0.049865 0.041299
v -0.021064 -0.049639 0.040095
v -0.021855 -0.049703 0.039445
v -0.022035 -0.049813 0.040195
v -0.021366 -0.049674 0.040868
v -0.027336 -0.034148 0.043421
v -0.030503 -0.029613 0.041245
v -0.032694 -0.033957 0.040061
v -0.029703 -0.037741 0.042255
v -0.023766 -0.050856 0.032263
v -0.023544 -0.049536 0.032623
v -0.022288 -0.049487 0.036391
v -0.022732 -0.050050 0.036096
v -0.023512 -0.053671 0.032323
v -0.022506 -0.051460 0.035896
v -0.025634 -0.051523 0.029672
v -0.024847 -0.049284 0.030033
v -0.032316 -0.055794 0.036338
v -0.029037 -0.053743 0.038456
v -0.029968 -0.050536 0.039166
v -0.033263 -0.051117 0.037191
v -0.023379 -0.022255 0.043369
v -0.027196 -0.025883 0.042452
v -0.024033 -0.030212 0.044154
v -0.020375 -0.026075 0.044710
v -0.016954 -0.021459 0.045985
v -0.019661 -0.018496 0.044308
v -0.015630 -0.013756 0.050470
v -0.016253 -0.017552 0.051787
v -0.015908 -0.018605 0.055488
v -0.016131 -0.016345 0.054134
v -0.014162 -0.022691 0.053757
v -0.016423 -0.019851 0.050202
v -0.010556 -0.024115 0.054227
v -0.010202 -0.023366 0.055503
v -0.014200 -0.023220 0.051819
v -0.014341 -0.024162 0.049476
v -0.010915 -0.024803 0.052707
v -0.009640 -0.022493 0.056948
v -0.012181 -0.022384 0.056775
v -0.013890 -0.020443 0.058308
v -0.004044 -0.022250 0.065871
v -0.005227 -0.020931 0.067887
v -0.009110 0.011658 0.051298
v -0.011761 0.007916 0.047611
v -0.009089 0.008749 0.053494
v -0.011715 0.005446 0.049965
v -0.013082 -0.018409 0.062322
v -0.014400 -0.016162 0.060246
v -0.010972 -0.017321 0.066359
v -0.011897 -0.014301 0.065713
v -0.003631 0.027262 0.052489
v -0.001946 -0.025708 0.061322
v -0.002185 -0.026364 0.060570
v -0.001709 -0.024699 0.063438
v -0.022805 0.098951 -0.133967
v -0.023165 0.111450 -0.122794
v -0.022088 0.125228 -0.099757
v -0.019793 0.129933 -0.087345
v -0.005377 -0.042995 0.057687
v -0.004855 -0.040448 0.057736
v -0.012024 -0.043884 0.043198
v -0.006653 -0.043742 0.044602
v -0.006284 -0.047461 0.047304
v -0.011375 -0.047468 0.045842
v -0.015411 -0.047549 0.043692
v -0.016300 -0.044064 0.041169
v -0.012517 -0.040360 0.041771
v -0.007011 -0.040103 0.043184
v -0.011267 -0.049512 0.049216
v -0.006223 -0.049534 0.051437
v -0.006134 -0.047708 0.054518
v -0.011361 -0.048027 0.051668
v -0.016648 -0.028548 0.047358
v -0.013042 -0.028137 0.050262
v -0.009290 -0.028174 0.054157
v -0.006219 -0.028451 0.057031
v -0.005648 -0.026374 0.058010
v -0.008047 -0.025613 0.055586
v -0.005373 -0.025552 0.058813
v -0.007713 -0.024833 0.056641
v -0.007556 -0.024116 0.057504
v -0.008216 -0.022747 0.058255
v -0.006503 -0.023029 0.059497
v -0.007134 -0.021795 0.059226
v -0.005331 -0.024751 0.059360
v -0.003513 0.001925 0.066344
v -0.003404 0.006066 0.063722
v -0.009184 -0.038650 0.055792
v -0.004475 -0.038289 0.057382
v -0.003963 -0.034104 0.057410
v -0.008062 -0.034084 0.055819
v -0.012303 -0.034716 0.053143
v -0.013991 -0.040164 0.053026
v -0.002512 -0.027106 0.059778
v -0.009628 -0.040812 0.055874
v -0.010011 -0.043285 0.055497
v -0.014582 -0.042462 0.052934
v -0.014935 -0.044663 0.052345
v -0.018552 -0.042416 0.049722
v -0.017344 -0.036420 0.050035
v -0.022845 -0.038112 0.046611
v -0.022409 -0.044894 0.046199
v -0.029892 -0.047495 0.040470
v -0.025148 -0.049974 0.040963
v -0.025370 -0.048778 0.041687
v -0.025011 -0.047637 0.042718
v -0.028997 -0.044424 0.042120
v -0.033104 -0.046602 0.038793
v -0.031913 -0.042000 0.040606
v -0.026881 -0.041366 0.044088
v -0.024242 -0.046423 0.044054
v -0.024028 -0.049241 0.041935
v -0.023157 -0.049515 0.041737
v -0.023809 -0.048577 0.042850
v -0.022880 -0.049207 0.042541
v -0.023176 -0.047960 0.043964
v -0.022426 -0.048956 0.043457
v -0.021561 -0.048477 0.044782
v -0.022048 -0.047016 0.045613
v -0.021317 -0.049790 0.040128
v -0.020370 -0.049805 0.041268
v -0.020405 -0.049822 0.042677
v -0.021256 -0.049822 0.041544
v -0.021871 -0.049720 0.039541
v -0.021756 -0.049756 0.040849
v -0.021762 -0.048952 0.037487
v -0.020464 -0.048262 0.039305
v -0.022398 -0.049867 0.038789
v -0.022342 -0.049698 0.039917
v -0.022348 -0.049780 0.041222
v -0.022188 -0.049611 0.041801
v -0.021708 -0.049544 0.042597
v -0.020917 -0.049406 0.043677
v -0.014995 -0.046651 0.051013
v -0.018375 -0.046474 0.048853
v -0.018162 -0.048141 0.047331
v -0.014937 -0.048723 0.048817
v -0.017851 -0.049324 0.045689
v -0.016963 -0.040561 0.039932
v -0.014659 -0.049587 0.046925
v -0.019585 -0.044900 0.038583
v -0.020448 -0.042171 0.036468
v -0.018369 -0.047863 0.041147
v -0.023122 -0.048113 0.033664
v -0.021533 -0.046524 0.036201
v -0.024359 -0.047516 0.031160
v -0.022518 -0.044462 0.034151
v -0.017769 -0.049809 0.043756
v -0.018598 -0.044648 0.049500
v -0.010584 -0.045627 0.053952
v -0.005635 -0.045234 0.056354
v -0.004199 -0.006492 0.072662
v -0.003868 -0.002048 0.069257
v -0.021874 -0.049872 0.041573
v -0.009855 -0.134564 -0.012086
v -0.024588 -0.051236 0.040908
v -0.022762 -0.055788 0.032298
v -0.021747 -0.052442 0.036063
v -0.029616 -0.060315 0.036842
v -0.025166 -0.064884 0.038984
v -0.023240 -0.060974 0.041329
v -0.026904 -0.057111 0.039151
v -0.020994 -0.054656 0.044087
v -0.023320 -0.052844 0.041982
v -0.022226 -0.051597 0.042657
v -0.020114 -0.052600 0.044803
v -0.019181 -0.051037 0.045203
v -0.021346 -0.050634 0.042818
v -0.017209 -0.049369 0.043872
v -0.013010 -0.048731 0.046769
v -0.012382 -0.052433 0.041982
v -0.016946 -0.052825 0.039600
v -0.020325 -0.052753 0.037239
v -0.020263 -0.049694 0.040972
v -0.017875 -0.049215 0.044627
v -0.020608 -0.049628 0.041759
v -0.013325 -0.048731 0.047758
v -0.018684 -0.130628 -0.017165
v -0.020847 -0.049873 0.042558
v -0.018280 -0.049650 0.044983
v -0.014073 -0.049568 0.048373
v -0.015178 -0.051501 0.048841
v -0.016146 -0.053786 0.048852
v -0.016893 -0.056654 0.047783
v -0.018302 -0.063822 0.044053
v -0.018935 -0.068677 0.042120
v -0.012638 -0.065706 0.046362
v -0.012685 -0.070727 0.045118
v -0.011883 -0.058125 0.051178
v -0.011456 -0.054457 0.052700
v -0.010691 -0.051744 0.052444
v -0.009927 -0.049508 0.051510
v -0.003000 -0.028818 0.058804
v -0.005329 -0.023113 0.060813
v -0.004241 -0.023024 0.063301
v -0.007234 -0.019391 0.068753
v -0.001524 -0.023901 0.065830
v -0.009556 -0.017480 0.068161
v -0.008023 -0.018187 0.069789
v -0.008614 -0.016293 0.070650
v -0.009685 -0.015501 0.069226
v -0.006519 -0.018857 0.071184
v -0.007752 -0.016571 0.071864
v -0.002420 -0.020138 0.073201
v -0.003243 -0.016554 0.075417
v -0.004148 -0.010482 0.074937
v -0.003645 -0.014172 0.075835
v -0.008971 -0.014506 0.071264
v -0.010017 -0.012318 0.069679
v -0.010270 -0.009243 0.066936
v -0.012267 -0.011454 0.062956
v -0.010462 0.135856 -0.043253
v -0.009211 -0.048346 0.050652
v -0.008754 -0.048370 0.048769
v -0.012211 -0.062608 0.035260
v -0.012289 -0.058293 0.037724
v -0.008033 -0.058251 0.039172
v -0.008013 -0.063023 0.036731
v -0.004657 -0.048379 0.049646
v -0.004358 -0.052074 0.044428
v -0.008277 -0.052079 0.043493
v -0.004816 -0.048222 0.051897
v -0.005320 -0.049580 0.053044
v -0.005922 -0.051872 0.054259
v -0.004176 -0.058422 0.039849
v -0.004205 -0.063216 0.037527
v -0.021124 -0.057288 0.033455
v -0.022045 -0.060772 0.031277
v -0.017022 -0.058255 0.035761
v -0.017320 -0.062088 0.033555
v -0.007297 -0.071222 0.047595
v -0.007145 -0.066565 0.048247
v -0.006148 -0.055297 0.054521
v -0.006581 -0.059338 0.052813
v -0.023024 0.119589 -0.111999
v -0.062645 0.081133 -0.004675
v -0.061068 0.073902 0.003413
v -0.054260 0.081865 0.010954
v -0.056139 0.087466 0.003247
v -0.063397 0.089142 -0.013068
v -0.056790 0.094360 -0.004788
v -0.040234 0.127197 -0.062883
v -0.040761 0.126742 -0.048489
v -0.021657 0.133141 -0.044474
v -0.035161 0.127140 -0.076980
v -0.047477 0.118334 -0.086271
v -0.049654 0.121262 -0.066794
v -0.049608 0.121430 -0.051365
v -0.024228 -0.101974 -0.102517
v -0.053211 0.046669 -0.130326
v -0.048248 0.120524 -0.037432
v -0.040056 0.125027 -0.034562
v -0.039484 0.121959 -0.022017
v -0.046901 0.118308 -0.025583
v -0.021466 0.130889 -0.029879
v -0.010363 0.133267 -0.027996
v -0.019961 0.008617 -0.141529
v -0.003384 0.009996 0.061189
v -0.045946 -0.052007 -0.085843
v -0.054786 -0.051670 -0.069016
v -0.054152 -0.111833 -0.051887
v -0.066886 -0.023909 -0.052324
v -0.066741 -0.023569 -0.053069
v -0.056575 -0.067164 -0.053049
v -0.058083 -0.051765 -0.053527
v -0.037430 -0.051043 -0.097109
v -0.077636 -0.013424 -0.062380
v -0.078655 -0.010033 -0.063654
v -0.078740 -0.014004 -0.061987
v -0.080015 -0.010405 -0.063381
v -0.080319 -0.006570 -0.064096
v -0.079286 -0.015635 -0.061367
v -0.076099 0.022268 -0.053825
v -0.077307 0.023942 -0.053115
v -0.065860 -0.025472 -0.048695
v -0.065882 -0.024954 -0.050272
v -0.065133 -0.025269 -0.049406
v -0.064791 -0.025759 -0.048304
v -0.065304 -0.026368 -0.047327
v -0.064519 -0.026360 -0.047303
v -0.076602 0.038631 -0.046723
v -0.063634 -0.026956 -0.050312
v -0.065973 -0.024224 -0.052583
v -0.065751 -0.024812 -0.051382
v -0.064439 -0.025660 -0.050221
v -0.063441 -0.026441 -0.048387
v -0.063175 -0.027308 -0.046965
v -0.064617 -0.027677 -0.046537
v -0.079527 -0.016644 -0.061925
v -0.070914 -0.026711 -0.051420
v -0.076799 0.014585 -0.059804
v -0.077039 0.012889 -0.060989
v -0.079216 0.014505 -0.062690
v -0.078993 0.016783 -0.061489
v -0.058503 -0.009317 -0.101815
v -0.060989 0.002516 -0.107518
v -0.012554 -0.097967 -0.106168
v -0.013119 -0.078625 -0.105619
v -0.075334 0.035767 -0.093793
v -0.076770 0.016262 -0.058313
v -0.078962 0.018457 -0.060150
v -0.079132 -0.006093 -0.064068
v -0.076338 0.015417 -0.058096
v -0.076353 0.013725 -0.059541
v -0.080081 0.020054 -0.061869
v -0.080242 0.017882 -0.063421
v -0.080428 0.015400 -0.064599
v -0.076355 0.011841 -0.061010
v -0.075736 0.020680 -0.060874
v -0.080000 0.067413 -0.070445
v -0.079214 0.061368 -0.084476
v -0.076660 0.084852 -0.073843
v -0.075989 0.079708 -0.089210
v -0.071427 0.073564 -0.105065
v -0.074591 0.054196 -0.100254
v -0.075556 0.022015 -0.055325
v -0.078244 0.024992 -0.053775
v -0.063979 0.095800 -0.021076
v -0.068942 0.090574 -0.028558
v -0.057038 0.100367 -0.012200
v -0.056879 0.105708 -0.019162
v -0.063340 0.102010 -0.028259
v -0.070343 0.094819 -0.040616
v -0.078813 0.057686 -0.055526
v -0.078242 0.073024 -0.056173
v -0.075268 0.077367 -0.042379
v -0.074797 0.090108 -0.058071
v -0.066365 0.104222 -0.047099
v -0.070023 0.100504 -0.061838
v -0.059315 0.112846 -0.051064
v -0.061381 0.110688 -0.065831
v -0.061324 0.108083 -0.081941
v -0.071700 0.096382 -0.077112
v -0.061462 0.107550 -0.034608
v -0.055314 0.110545 -0.024776
v -0.056352 0.113980 -0.038238
v -0.053092 0.114628 -0.029450
v -0.073446 0.079393 -0.034933
v -0.059156 -0.034307 -0.047315
v -0.059822 -0.034035 -0.042833
v -0.065237 -0.022835 -0.036100
v -0.066056 0.001807 -0.001086
v -0.065688 0.014777 -0.003181
v -0.068893 0.006744 -0.013873
v -0.066492 -0.006966 -0.011185
v -0.064402 0.028789 -0.004397
v -0.067844 0.021220 -0.014947
v -0.068920 0.035750 -0.016315
v -0.065612 0.043667 -0.004127
v -0.062625 0.068017 -0.119970
v -0.064830 0.050851 -0.117858
v -0.065138 0.037620 -0.115863
v -0.047637 0.060976 0.029498
v -0.022543 0.089657 -0.139975
v -0.046613 0.086486 0.018770
v -0.055160 0.089190 -0.120575
v -0.042152 0.095225 -0.127125
v -0.070890 0.091376 -0.092290
v -0.067721 0.086005 -0.105830
v -0.059758 0.079434 -0.120606
v -0.063951 0.020835 -0.113409
v -0.047473 0.114420 -0.017799
v -0.055495 0.024622 0.020871
v -0.054467 0.020025 0.019754
v -0.056024 0.029504 0.022581
v -0.052470 0.015040 0.020773
v -0.014940 0.004467 0.044592
v -0.014567 0.002294 0.046815
v -0.013921 -0.000196 0.048749
v -0.017753 -0.000658 0.043983
v -0.016922 -0.003867 0.045793
v -0.011149 -0.000629 0.054437
v -0.011472 0.002522 0.052147
v -0.013639 -0.003349 0.050829
v -0.013201 -0.006908 0.052519
v -0.010990 -0.003994 0.056738
v -0.016592 -0.019913 0.047518
v -0.017587 -0.014853 0.045894
v -0.015560 -0.010521 0.048641
v -0.020156 -0.006927 0.043555
v -0.019051 -0.010526 0.044882
v -0.016274 -0.006866 0.047393
v -0.021567 -0.003352 0.041875
v -0.013668 -0.010673 0.054975
v -0.014684 -0.014045 0.058061
v -0.011545 -0.007802 0.059779
v -0.009783 -0.005725 0.063458
v -0.009112 -0.001785 0.060387
v -0.018399 0.001749 0.042038
v -0.022665 -0.000437 0.040436
v -0.022198 -0.014128 0.043421
v -0.026513 -0.017399 0.042443
v -0.024091 -0.009456 0.042014
v -0.028323 -0.012178 0.041133
v -0.025610 -0.005585 0.040615
v -0.029786 -0.008058 0.039619
v -0.030269 -0.020882 0.041452
v -0.033398 -0.024780 0.039965
v -0.036238 -0.029687 0.037932
v -0.036170 -0.019440 0.038528
v -0.039451 -0.024789 0.036199
v -0.038359 -0.014216 0.037056
v -0.042304 -0.019037 0.034714
v -0.032594 -0.015480 0.040037
v -0.034381 -0.010967 0.038417
v -0.031297 -0.003932 0.038341
v -0.027139 -0.001974 0.039419
v -0.040285 -0.002486 0.034295
v -0.039687 -0.008313 0.035731
v -0.035502 -0.006038 0.036962
v -0.036454 -0.001140 0.035672
v -0.044471 -0.011959 0.033493
v -0.044590 -0.003988 0.032555
v -0.044078 0.001225 0.031355
v -0.031110 0.007902 0.036163
v -0.026333 0.008485 0.037023
v -0.034659 0.007660 0.034916
v -0.040226 0.001850 0.033207
v -0.036989 0.002576 0.034788
v -0.048032 0.009585 0.025778
v -0.045961 0.008495 0.027908
v -0.040628 0.007630 0.031971
v -0.037871 0.007569 0.033527
v -0.043417 0.007967 0.030105
v -0.021853 0.010098 0.037181
v -0.017554 0.012338 0.037341
v -0.053890 -0.066725 -0.066270
v -0.008955 0.001937 0.058115
v -0.009006 0.005427 0.055824
v -0.014767 0.029832 0.042845
v -0.012765 0.026959 0.041254
v -0.006918 0.027059 0.049446
v -0.019177 0.033643 0.045486
v -0.013993 0.015082 0.037652
v -0.012492 0.017559 0.037930
v -0.011481 0.020884 0.038820
v -0.011480 0.023851 0.039926
v -0.030711 0.048951 0.047036
v -0.027919 0.041762 0.048896
v -0.057828 0.066932 0.012938
v -0.061156 0.057625 0.008497
v -0.050040 0.044945 0.030919
v -0.053373 0.040410 0.027707
v -0.055458 0.035005 0.024843
v -0.062201 0.045094 0.005059
v -0.061900 0.032015 0.003563
v -0.062669 0.019870 0.003804
v -0.048529 0.098814 0.003823
v -0.048481 0.104601 -0.003344
v -0.048026 0.092575 0.011315
v -0.039199 0.117979 -0.012320
v -0.039201 0.113452 -0.003666
v -0.048139 0.109800 -0.010505
v -0.039616 0.108221 0.003945
v -0.039893 0.102429 0.011094
v -0.039362 0.096246 0.018671
v -0.038225 0.089701 0.025963
v -0.036624 0.080605 0.033180
v -0.043740 -0.066566 -0.082587
v -0.007322 -0.011021 0.056353
v -0.006580 -0.010923 0.056856
v -0.006226 -0.011577 0.055873
v -0.005576 -0.011394 0.056352
v -0.004896 -0.013114 0.056289
v -0.006781 -0.020014 0.058439
v -0.005366 -0.018212 0.057341
v -0.004500 -0.014838 0.056146
v -0.063324 -0.029373 -0.038186
v -0.054791 -0.108689 -0.064837
v -0.049867 -0.105588 -0.075127
v 0.051410 -0.109848 -0.063616
v 0.046926 -0.106389 -0.074154
v 0.017962 -0.140754 -0.020080
v 0.028139 -0.136402 -0.025756
v 0.030481 -0.148032 -0.027846
v 0.019352 -0.151571 -0.022704
v 0.055021 -0.134358 -0.072925
v 0.052866 -0.122011 -0.065699
v 0.048574 -0.118926 -0.078749
v 0.052380 -0.132007 -0.086067
v 0.042469 -0.118088 -0.090103
v 0.046510 -0.131589 -0.096685
v 0.037037 -0.132513 -0.104748
v 0.034078 -0.117666 -0.098646
v 0.023936 -0.119206 -0.104892
v 0.026625 -0.134775 -0.109696
v 0.039200 -0.132249 -0.032585
v 0.047941 -0.128292 -0.042199
v 0.048326 -0.141189 -0.044306
v 0.039676 -0.143319 -0.034259
v 0.053044 -0.124184 -0.052709
v 0.054572 -0.137106 -0.057659
v 0.013343 -0.133907 -0.112778
v 0.011873 -0.115443 -0.107740
v 0.022271 -0.175092 -0.027438
v 0.010106 -0.176583 -0.025333
v 0.009803 -0.165207 -0.022016
v 0.021187 -0.163477 -0.025095
v 0.051650 -0.182128 -0.045857
v 0.064639 -0.178038 -0.058573
v 0.071293 -0.187835 -0.056337
v 0.056629 -0.192584 -0.042833
v 0.092873 -0.188274 -0.068646
v 0.101827 -0.177441 -0.087202
v 0.036617 -0.184827 -0.035716
v 0.039941 -0.194695 -0.031423
v -0.000951 -0.146503 -0.120444
v -0.000542 -0.129948 -0.113532
v 0.091892 -0.170511 -0.089293
v 0.090512 -0.166107 -0.108287
v 0.103346 -0.172312 -0.107932
v 0.050035 -0.187976 -0.143083
v 0.050007 -0.195204 -0.147140
v 0.065515 -0.190477 -0.144661
v 0.060899 -0.184046 -0.139869
v 0.069393 -0.152161 -0.100894
v 0.058579 -0.152670 -0.112903
v 0.067724 -0.161449 -0.118821
v 0.079949 -0.159812 -0.106583
v 0.034669 -0.172264 -0.131780
v 0.052202 -0.165877 -0.125593
v 0.044770 -0.156765 -0.119464
v 0.030069 -0.162102 -0.124229
v 0.081942 -0.164157 -0.087902
v 0.070261 -0.156961 -0.084523
v 0.073257 -0.171513 -0.072262
v 0.064552 -0.162905 -0.069674
v 0.057632 -0.167005 -0.055738
v 0.052801 -0.142680 -0.104410
v 0.041375 -0.145029 -0.112057
v 0.026838 -0.149192 -0.116681
v 0.012033 -0.150127 -0.119984
v -0.001731 -0.204160 -0.139667
v -0.001486 -0.191263 -0.136400
v 0.016540 -0.175310 -0.132297
v 0.014625 -0.162688 -0.125832
v 0.082850 -0.179764 -0.072143
v 0.058084 -0.150956 -0.065089
v 0.052548 -0.153911 -0.051115
v 0.063932 -0.199561 -0.033198
v 0.081144 -0.195565 -0.049377
v 0.043880 -0.202558 -0.022285
v 0.025722 -0.204692 -0.015360
v 0.017087 -0.187588 -0.138049
v 0.016347 -0.200978 -0.140885
v 0.035735 -0.196735 -0.144626
v 0.038745 -0.184139 -0.139951
v 0.046371 -0.168531 -0.043614
v 0.034453 -0.172789 -0.034781
v 0.022611 -0.187062 -0.027917
v 0.059520 -0.143227 -0.092936
v 0.060410 -0.146956 -0.079389
v 0.042395 -0.154996 -0.039071
v 0.032523 -0.160643 -0.031089
v 0.008967 -0.153995 -0.018095
v 0.023837 -0.196304 -0.023466
v 0.093442 -0.176929 -0.125840
v 0.079815 -0.184484 -0.137576
v 0.071920 -0.180601 -0.135294
v -0.000979 -0.177147 -0.132166
v -0.001441 -0.167272 -0.021310
v -0.001677 -0.178344 -0.026374
v -0.000769 -0.156784 -0.016888
v 0.077686 -0.171402 -0.125652
v 0.057228 -0.176228 -0.133976
v -0.000605 -0.146332 -0.013465
v -0.000699 -0.112470 -0.108707
v -0.001849 -0.191179 -0.029945
v -0.002196 -0.202374 -0.026105
v -0.002426 -0.212049 -0.016589
v 0.008671 -0.143683 -0.014641
v 0.010425 -0.199209 -0.023855
v 0.010224 -0.188465 -0.027125
v 0.010986 -0.209057 -0.016147
v -0.000516 -0.161466 -0.126442
v -0.019334 -0.140643 -0.019866
v -0.029891 -0.136028 -0.025966
v -0.032427 -0.147857 -0.027818
v -0.020926 -0.151730 -0.022477
v -0.057014 -0.133901 -0.074125
v -0.055410 -0.121092 -0.066846
v -0.051461 -0.118239 -0.079840
v -0.054741 -0.131913 -0.086983
v -0.044539 -0.117814 -0.091165
v -0.048206 -0.131750 -0.097308
v -0.038639 -0.132880 -0.105066
v -0.035793 -0.117616 -0.099574
v -0.025256 -0.119231 -0.105531
v -0.028030 -0.135096 -0.110095
v -0.041108 -0.131558 -0.033164
v -0.049562 -0.127523 -0.042873
v -0.050123 -0.140538 -0.044926
v -0.041809 -0.142814 -0.034574
v -0.054312 -0.123110 -0.053508
v -0.055967 -0.136412 -0.058746
v -0.014383 -0.133928 -0.113125
v -0.013074 -0.115322 -0.108137
v -0.024893 -0.175561 -0.027440
v -0.012818 -0.176921 -0.025284
v -0.011904 -0.165380 -0.022027
v -0.023452 -0.163711 -0.025089
v -0.054565 -0.182390 -0.046675
v -0.067223 -0.178752 -0.059935
v -0.074177 -0.189020 -0.057710
v -0.059963 -0.193597 -0.043825
v -0.095744 -0.189248 -0.069942
v -0.104149 -0.178113 -0.087977
v -0.039595 -0.185387 -0.036314
v -0.043312 -0.195157 -0.031957
v -0.094632 -0.171508 -0.090201
v -0.093127 -0.167344 -0.108826
v -0.106074 -0.173422 -0.108422
v -0.053014 -0.188671 -0.143226
v -0.053182 -0.195725 -0.147221
v -0.068312 -0.191354 -0.144641
v -0.063817 -0.184941 -0.140002
v -0.071746 -0.153261 -0.101415
v -0.060774 -0.153372 -0.112920
v -0.069817 -0.162450 -0.119075
v -0.082095 -0.160797 -0.107179
v -0.036856 -0.172934 -0.131831
v -0.053933 -0.166933 -0.125844
v -0.046691 -0.158158 -0.119906
v -0.030888 -0.162814 -0.124706
v -0.084116 -0.164870 -0.088680
v -0.071836 -0.157354 -0.085127
v -0.075589 -0.172148 -0.073374
v -0.066823 -0.163191 -0.070842
v -0.059962 -0.167152 -0.056998
v -0.054152 -0.143228 -0.104790
v -0.042825 -0.145683 -0.112187
v -0.028770 -0.149627 -0.117030
v -0.014078 -0.149659 -0.120053
v -0.018691 -0.175181 -0.132266
v -0.016095 -0.164153 -0.126647
v -0.085385 -0.180737 -0.073319
v -0.059902 -0.150588 -0.066327
v -0.054631 -0.153648 -0.052164
v -0.067517 -0.200199 -0.034137
v -0.084466 -0.196620 -0.050718
v -0.047809 -0.202771 -0.022497
v -0.030154 -0.204844 -0.015227
v -0.020647 -0.187884 -0.137986
v -0.019111 -0.201293 -0.140920
v -0.037175 -0.197832 -0.144714
v -0.041104 -0.184816 -0.140047
v -0.049052 -0.168762 -0.044329
v -0.037185 -0.173268 -0.035127
v -0.025726 -0.187484 -0.028111
v -0.061218 -0.143703 -0.093665
v -0.062284 -0.146930 -0.080311
v -0.044917 -0.154794 -0.039511
v -0.035110 -0.160803 -0.031152
v -0.010843 -0.154201 -0.018264
v -0.027549 -0.196612 -0.023689
v -0.095173 -0.177792 -0.126262
v -0.081999 -0.185488 -0.137722
v -0.074072 -0.181656 -0.135525
v -0.079696 -0.172467 -0.125960
v -0.059049 -0.177151 -0.134227
v -0.010001 -0.143839 -0.014817
v -0.014429 -0.199221 -0.023795
v -0.013592 -0.188657 -0.027134
v -0.015310 -0.208795 -0.016239
v -0.006347 -0.013092 0.055396
v -0.062664 -0.032699 -0.017670
v -0.062197 -0.040646 -0.025113
v -0.059598 -0.051991 -0.019058
v -0.060703 -0.043562 -0.011759
v -0.054713 -0.063662 -0.011113
v -0.057543 -0.053312 -0.004931
v -0.048478 -0.072165 -0.002987
v -0.052846 -0.061834 0.001564
v -0.043160 -0.077162 0.005908
v -0.047700 -0.067271 0.008961
v -0.030822 -0.082533 0.027570
v -0.029602 -0.087666 0.023725
v -0.023927 -0.090936 0.031357
v -0.024327 -0.086713 0.035524
v -0.017269 -0.092951 0.037926
v -0.017550 -0.088722 0.041685
v -0.009836 -0.093731 0.041634
v -0.009637 -0.089678 0.045369
v -0.000981 -0.093706 0.043086
v -0.000802 -0.089735 0.046712
v -0.000517 -0.080455 0.049674
v -0.008639 -0.080216 0.048465
v -0.009202 -0.084922 0.047624
v -0.000649 -0.085515 0.048611
v -0.015437 -0.079392 0.044933
v -0.016779 -0.084346 0.043770
v -0.021466 -0.076848 0.039886
v -0.023243 -0.082029 0.038247
v -0.028592 -0.072612 0.033897
v -0.030405 -0.077746 0.030775
v -0.034585 -0.066850 0.029821
v -0.036852 -0.070136 0.025092
v -0.009135 -0.097084 0.035493
v -0.001118 -0.097053 0.037868
v -0.015875 -0.096221 0.031725
v -0.021915 -0.094280 0.026002
v -0.026721 -0.091747 0.019161
v -0.037260 -0.081061 0.014840
v -0.031102 -0.088582 0.010482
v -0.037039 -0.083480 0.002268
v -0.042607 -0.078810 -0.007511
v -0.049980 -0.070179 -0.016812
v -0.056625 -0.058205 -0.025588
v -0.060167 -0.044750 -0.032407
v -0.063302 -0.031944 -0.030246
v -0.014302 -0.075078 0.044881
v -0.007906 -0.075837 0.048158
v -0.020908 -0.072649 0.040284
v -0.027083 -0.068487 0.036312
v -0.031892 -0.063684 0.033872
v -0.036714 -0.051802 0.034320
v -0.035442 -0.058130 0.033209
v -0.035042 -0.039375 0.038176
v -0.036437 -0.045597 0.036075
v -0.041951 -0.031906 0.032861
v -0.043393 -0.040687 0.029050
v -0.039904 -0.043749 0.032681
v -0.038521 -0.036104 0.035399
v -0.045570 -0.026008 0.030547
v -0.047151 -0.035893 0.025398
v -0.008077 -0.098464 0.029088
v -0.001242 -0.098653 0.030458
v -0.013840 -0.097741 0.025435
v -0.018609 -0.096393 0.019722
v -0.021895 -0.095003 0.012840
v -0.025287 -0.093012 0.005127
v -0.029034 -0.090599 -0.003547
v -0.035344 -0.086609 -0.012661
v -0.043959 -0.077282 -0.022730
v -0.052899 -0.062976 -0.031855
v -0.057443 -0.049080 -0.038340
v -0.017153 -0.099730 -0.001820
v -0.014373 -0.098566 0.004279
v -0.012055 -0.098365 0.010111
v -0.009756 -0.099093 0.015077
v -0.006082 -0.099443 0.014203
v -0.001387 -0.099251 0.013614
v -0.005111 -0.101196 0.005156
v -0.001131 -0.100804 0.005397
v -0.006441 -0.103935 0.000526
v -0.000873 -0.104292 0.000268
v -0.008065 -0.107993 -0.002392
v -0.000851 -0.111002 -0.001827
v -0.038550 -0.059899 0.029069
v -0.041674 -0.060615 0.024156
v -0.043557 -0.050474 0.025785
v -0.047277 -0.047024 0.020838
v -0.045548 -0.059200 0.018450
v -0.040121 -0.051949 0.030396
v -0.050627 -0.055025 0.011524
v -0.051631 -0.041768 0.015503
v -0.051220 -0.029578 0.021963
v -0.055143 -0.036640 0.010832
v -0.055154 -0.048701 0.005129
v -0.054969 -0.024514 0.018084
v -0.058040 -0.019701 0.014261
v -0.058149 -0.030607 0.006589
v -0.058138 -0.042140 0.000568
v -0.040202 -0.072551 0.018461
v -0.060636 -0.034428 -0.005029
v -0.060578 -0.014928 0.010240
v -0.060458 -0.024845 0.002680
v -0.063205 -0.008716 0.005033
v -0.063026 -0.017082 -0.003252
v -0.062517 -0.026030 -0.011189
v -0.064283 -0.023509 -0.025695
v -0.000483 -0.076065 0.049725
v -0.060225 -0.032967 -0.051285
v -0.020021 -0.033709 0.047209
v -0.015188 -0.031980 0.049906
v -0.010660 -0.031417 0.053521
v -0.007055 -0.031208 0.056262
v -0.003391 -0.031482 0.057998
v -0.000519 -0.127694 -0.006964
v 0.000309 0.041830 0.053869
v -0.000747 -0.118498 -0.003529
v -0.000089 -0.063277 0.037792
v 0.000006 0.134232 -0.026849
v -0.000400 -0.071526 0.049521
v -0.000067 -0.058404 0.040213
v 0.000463 -0.001465 0.070885
v -0.000336 -0.066732 0.049416
v -0.000018 -0.055715 0.055094
v 0.000043 -0.049755 0.053595
v 0.000345 0.082259 0.044539
v 0.000047 -0.052360 0.054972
v 0.000143 -0.029138 0.059180
v 0.000504 -0.005921 0.074162
v 0.000073 -0.048034 0.052310
v -0.001282 -0.048714 -0.111207
v -0.000068 -0.059212 0.053556
v 0.000085 -0.051924 0.044748
v 0.000084 -0.048355 0.050199
v 0.000036 -0.040258 0.043853
v 0.000166 -0.031959 0.058050
v 0.000552 0.017917 0.057786
v -0.001270 -0.006158 -0.136800
v 0.000543 0.014675 0.060103
v 0.000272 0.108526 0.025639
v 0.000311 0.093248 0.038932
v 0.000480 0.002996 0.067842
v -0.000944 0.059044 -0.151894
v -0.000843 0.075924 -0.149167
v 0.000351 0.062583 0.050010
v -0.000257 0.131602 -0.090729
v 0.000548 -0.010046 0.076466
v 0.000158 -0.024301 0.065916
v 0.000122 0.125976 -0.001277
v -0.001135 0.023622 -0.148580
v -0.000465 0.121523 -0.115105
v 0.000113 -0.048203 0.055257
v 0.000065 0.130521 -0.013518
v 0.000114 -0.049650 0.052025
v 0.000358 -0.020742 0.073826
v -0.001212 0.007306 -0.143542
v -0.001044 0.037864 -0.151158
v 0.000136 -0.038597 0.057504
v 0.000164 -0.034619 0.057508
v -0.000365 0.127365 -0.103340
v 0.000296 0.048729 0.053249
v 0.000117 -0.040889 0.058142
v 0.000562 0.027408 0.053848
v 0.000149 -0.043631 0.058387
v -0.000576 -0.137019 -0.010385
v -0.000650 0.100543 -0.136843
v 0.000138 -0.046100 0.056956
v 0.000125 -0.047318 0.047836
v 0.000501 0.007270 0.064937
v 0.000075 -0.043833 0.045330
v 0.000366 0.071411 0.047928
v 0.000128 -0.026589 0.061188
v 0.000149 -0.025910 0.061948
v 0.000587 0.024161 0.054500
v 0.000298 0.101555 0.032593
v 0.000504 0.030171 0.053807
v 0.000127 -0.027367 0.060372
v -0.000745 0.090949 -0.142949
v -0.000155 0.136550 -0.073239
v -0.000125 0.137833 -0.059991
v 0.000586 0.021016 0.055695
v 0.000533 0.011343 0.062346
v -0.001245 -0.061584 -0.108845
v 0.000514 -0.017109 0.076588
v 0.000546 -0.014045 0.077162
v 0.000178 0.120545 0.009322
v -0.001306 -0.016598 -0.130938
v -0.000065 0.137180 -0.042646
v 0.000230 0.114732 0.018028
v -0.001303 -0.036106 -0.117750
v -0.001316 -0.025138 -0.125745
v 0.000280 -0.022049 0.072000
v 0.000448 0.033540 0.053894
v 0.000211 -0.023494 0.068708
v -0.000558 0.113399 -0.125572
v 0.000156 -0.025105 0.063558
v 0.006425 -0.013272 0.055622
v 0.061787 -0.033096 -0.015979
v 0.060220 -0.040982 -0.023155
v 0.057877 -0.052558 -0.017366
v 0.060047 -0.044175 -0.010136
v 0.053385 -0.064591 -0.009525
v 0.057187 -0.054174 -0.003406
v 0.047332 -0.073255 -0.001519
v 0.052282 -0.062967 0.003038
v -0.003963 -0.020596 0.071097
v -0.003023 -0.022150 0.068468
v 0.041999 -0.078372 0.007203
v 0.046977 -0.068362 0.010227
v -0.015527 0.019189 0.035122
v -0.007909 -0.023082 0.057985
v -0.006392 0.000445 0.063817
v -0.013938 0.019349 0.035899
v 0.029244 -0.083353 0.028291
v 0.027839 -0.088362 0.024389
v 0.022198 -0.091662 0.032057
v 0.022817 -0.087567 0.036204
v -0.009864 -0.022720 0.056481
v 0.015467 -0.093541 0.038454
v 0.016000 -0.089419 0.042202
v 0.007897 -0.094120 0.041898
v 0.008035 -0.090166 0.045698
v -0.006261 0.008281 0.058861
v -0.008203 0.018085 0.045905
v 0.007564 -0.080548 0.048840
v 0.007971 -0.085362 0.048016
v -0.006213 0.004358 0.061516
v -0.014990 -0.019721 0.056837
v -0.013279 -0.022391 0.055482
v -0.006483 -0.014276 0.073742
v -0.007271 -0.011235 0.072524
v 0.014424 -0.079991 0.045449
v -0.007238 -0.017518 0.071630
v -0.004492 -0.019383 0.072263
v 0.015550 -0.085026 0.044262
v -0.017758 0.019215 0.035057
v -0.023452 0.021409 0.029791
v -0.005722 -0.016444 0.073645
v -0.002757 -0.018721 0.074375
v -0.020961 0.020361 0.033163
v -0.016637 0.019173 0.035061
v -0.011434 -0.015607 0.066117
v -0.006956 0.016915 0.050589
v 0.020561 -0.077679 0.040512
v 0.022062 -0.082889 0.038876
v 0.027663 -0.073571 0.034532
v 0.029150 -0.078674 0.031426
v -0.013853 -0.017066 0.061436
v 0.033643 -0.067822 0.030409
v 0.035845 -0.071125 0.025891
v 0.007189 -0.097318 0.035742
v -0.018779 0.019508 0.034959
v -0.019787 0.019835 0.034619
v -0.006935 -0.003561 0.066773
v 0.013947 -0.096533 0.032219
v 0.019992 -0.094770 0.026587
v 0.024606 -0.092393 0.019765
v 0.035836 -0.082014 0.015715
v -0.022655 0.020781 0.032457
v -0.002929 -0.023858 0.063328
v -0.009686 -0.016378 0.068651
v -0.008381 -0.017007 0.070325
v -0.003459 -0.024410 0.061204
v 0.029353 -0.089150 0.011181
v 0.035444 -0.084365 0.003489
v -0.011933 0.019065 0.038355
v 0.041069 -0.079749 -0.005976
v -0.006522 0.014478 0.054245
v -0.006450 0.011356 0.056751
v 0.047958 -0.070955 -0.015201
v 0.054570 -0.058847 -0.023991
v -0.002738 -0.023070 0.065846
v 0.057785 -0.045160 -0.030160
v 0.062293 -0.032356 -0.028160
v 0.013551 -0.075611 0.045372
v 0.007106 -0.076107 0.048585
v 0.020158 -0.073400 0.040829
v -0.007421 -0.007605 0.070096
v 0.026313 -0.069340 0.036829
v 0.031171 -0.064549 0.034327
v 0.036398 -0.052516 0.035005
v -0.005653 -0.023708 0.059497
v 0.034926 -0.058955 0.033950
v 0.035095 -0.039753 0.038805
v 0.036341 -0.046157 0.036668
v 0.042222 -0.032355 0.033811
v 0.043394 -0.041238 0.030005
v 0.039817 -0.044322 0.033416
v 0.000456 -0.019108 0.075381
v -0.005019 -0.018096 0.073047
v 0.038700 -0.036533 0.036202
v 0.045915 -0.026414 0.031631
v 0.047228 -0.036408 0.026495
v 0.005934 -0.098466 0.029362
v -0.030010 0.034316 0.042526
v -0.029853 0.032042 0.040259
v 0.011585 -0.097822 0.025906
v 0.016652 -0.096790 0.020211
v 0.019940 -0.095512 0.013469
v 0.023230 -0.093539 0.005900
v 0.027379 -0.091295 -0.002521
v 0.033726 -0.087542 -0.011269
v -0.022955 0.037213 0.047705
v -0.004568 0.037389 0.053156
v -0.009921 0.037541 0.051975
v 0.041984 -0.078224 -0.021183
v -0.029565 0.028297 0.037657
v -0.030425 0.026852 0.036349
v -0.029526 0.030059 0.038191
v -0.030502 0.027006 0.037375
v -0.029957 0.027721 0.037683
v 0.050984 -0.063777 -0.030482
v -0.029333 0.029546 0.037240
v 0.055353 -0.049713 -0.036686
v -0.029324 0.029168 0.036977
v 0.015321 -0.100087 -0.001103
v -0.029090 0.037145 0.045119
v 0.012408 -0.098890 0.004877
v 0.009845 -0.098642 0.010555
v -0.029295 0.028828 0.037303
v -0.030216 0.027915 0.034800
v 0.007502 -0.099194 0.015408
v -0.030335 0.026939 0.030822
v 0.003597 -0.099426 0.014372
v 0.000360 0.037407 0.053791
v -0.021496 0.048939 0.050852
v -0.050744 0.049771 0.027813
v 0.003068 -0.101107 0.005309
v -0.053783 0.043994 0.024591
v 0.004646 -0.103920 0.000784
v -0.046779 0.005016 0.028214
v -0.049206 0.006363 0.025759
v -0.018805 0.042119 0.051750
v 0.006272 -0.108130 -0.001842
v 0.037927 -0.060784 0.029857
v 0.040935 -0.061451 0.025079
v 0.043154 -0.051123 0.026726
v 0.046990 -0.047651 0.021941
v -0.026290 0.071670 0.042738
v -0.030810 0.120806 -0.008312
v -0.024693 0.063238 0.045442
v -0.039291 0.055605 0.038530
v 0.044869 -0.060038 0.019492
v -0.030829 0.116092 0.001116
v 0.039820 -0.052701 0.031152
v 0.050197 -0.055933 0.012746
v 0.051451 -0.042422 0.016731
v 0.051351 -0.030095 0.023177
v 0.055073 -0.037310 0.012152
v -0.046032 0.054408 0.032371
v 0.054897 -0.049574 0.006532
v -0.053889 0.012566 0.019263
v -0.006495 0.055317 0.051630
v -0.055878 0.018555 0.017554
v 0.055164 -0.025050 0.019378
v -0.014516 0.055541 0.050792
v -0.027554 0.130822 -0.071772
v 0.058284 -0.020224 0.015621
v 0.058136 -0.031198 0.008014
v 0.058026 -0.042835 0.002059
v 0.039084 -0.073515 0.019474
v -0.013616 0.033544 0.048592
v 0.060400 -0.034982 -0.003482
v -0.037467 0.005399 0.034005
v -0.040382 0.005053 0.032512
v 0.060832 -0.015360 0.011590
v -0.031407 0.130675 -0.060361
v -0.052826 0.009852 0.021107
v -0.029272 0.091612 0.031523
v -0.009621 0.026993 0.045778
v -0.010933 0.029904 0.046554
v -0.030064 0.098777 0.024462
v 0.060364 -0.025320 0.004128
v 0.063338 -0.009091 0.006248
v 0.062770 -0.017479 -0.001922
v -0.030486 0.105203 0.016959
v 0.062015 -0.026425 -0.009738
v 0.064151 -0.023929 -0.024083
v -0.031214 0.124878 -0.019226
v -0.020964 0.008339 0.037678
v 0.059187 -0.033605 -0.049862
v 0.020024 -0.033629 0.047971
v 0.015239 -0.031891 0.050635
v -0.056072 0.037364 0.021786
v -0.057181 0.030468 0.019778
v -0.031976 0.130139 -0.046360
v -0.030355 0.006191 0.036684
v -0.056829 0.024380 0.018324
v -0.015742 0.132753 -0.079906
v 0.010787 -0.031371 0.054191
v -0.051330 0.007785 0.023345
v 0.007324 -0.031205 0.056850
v 0.003697 -0.031503 0.058347
v -0.031979 0.055791 0.043947
v -0.034117 0.005656 0.035396
v -0.008905 0.023959 0.044387
v -0.016448 0.010617 0.038235
v -0.013025 0.013936 0.039154
v -0.030683 0.110908 0.009398
v -0.010852 0.016734 0.040594
v -0.008971 0.020946 0.042981
v -0.025642 0.006906 0.037571
v -0.027958 0.081729 0.038324
v -0.031519 0.128119 -0.032119
v -0.043628 0.004942 0.030536
v -0.000186 0.134049 -0.082744
v 0.000312 0.055061 0.051924
v -0.009772 0.018566 0.041855
v -0.016160 0.037578 0.050248
v -0.023301 0.055694 0.048369
v -0.000149 -0.062855 0.050968
v -0.025310 -0.044240 0.044317
v -0.026689 -0.046284 0.042538
v -0.026350 -0.052238 0.039920
v -0.018222 -0.039555 0.049903
v -0.022483 -0.042013 0.046753
v -0.017642 -0.060037 0.046066
v -0.027212 -0.048213 0.041217
v -0.012245 -0.061700 0.048881
v -0.027176 -0.050203 0.040271
v -0.006741 -0.062997 0.050444
v 0.000158 -0.036593 0.057477
v -0.008644 -0.036304 0.055793
v -0.004281 -0.036135 0.057355
v -0.013355 -0.037492 0.053032
v -0.024784 -0.054661 0.040805
v -0.022147 -0.057319 0.042747
v 0.004534 -0.020842 0.071304
v 0.003493 -0.022353 0.068641
v 0.015383 0.019363 0.035839
v 0.007993 -0.023187 0.058217
v 0.006880 0.000638 0.064045
v 0.013825 0.019513 0.036534
v 0.010003 -0.022789 0.056710
v 0.006756 0.008427 0.059078
v 0.008255 0.018289 0.046311
v 0.006748 0.004544 0.061744
v 0.015135 -0.019607 0.057010
v 0.013414 -0.022327 0.055683
v 0.007127 -0.014192 0.073859
v 0.007878 -0.011110 0.072647
v 0.007666 -0.017520 0.071773
v 0.005124 -0.019576 0.072499
v 0.017554 0.019454 0.035939
v 0.023341 0.021831 0.030921
v 0.006381 -0.016441 0.073818
v 0.003642 -0.018911 0.074653
v 0.020867 0.020784 0.034230
v 0.016459 0.019372 0.035848
v 0.011501 -0.015537 0.066198
v 0.007286 0.017080 0.050931
v 0.013938 -0.016985 0.061574
v 0.018576 0.019795 0.035953
v 0.019613 0.020211 0.035647
v 0.007369 -0.003387 0.066970
v 0.022596 0.021317 0.033512
v 0.003102 -0.023837 0.063402
v 0.009844 -0.016303 0.068746
v 0.008644 -0.016957 0.070424
v 0.003521 -0.024376 0.061281
v 0.011746 0.019237 0.038844
v 0.007001 0.014604 0.054512
v 0.007072 0.011488 0.056960
v 0.003041 -0.023152 0.065980
v 0.007964 -0.007461 0.070250
v 0.005704 -0.023733 0.059671
v 0.005681 -0.018199 0.073274
v 0.030442 0.034553 0.043532
v 0.030228 0.032267 0.041318
v 0.023416 0.037293 0.048525
v 0.005210 0.037398 0.053320
v 0.010461 0.037554 0.052381
v 0.029809 0.028725 0.038739
v 0.030617 0.027309 0.037324
v 0.029855 0.030266 0.039297
v 0.030656 0.027496 0.038307
v 0.030176 0.028177 0.038666
v 0.029620 0.029793 0.038421
v 0.029587 0.029471 0.038159
v 0.029560 0.037344 0.046008
v 0.029540 0.029186 0.038434
v 0.030378 0.028407 0.035721
v 0.030473 0.027394 0.031757
v 0.022189 0.048969 0.051437
v 0.051434 0.050125 0.027879
v 0.054187 0.044338 0.024688
v 0.047029 0.005238 0.029362
v 0.049538 0.006576 0.026920
v 0.019400 0.042087 0.052464
v 0.027047 0.071739 0.042719
v 0.030880 0.120761 -0.008679
v 0.025428 0.063294 0.045588
v 0.040109 0.055887 0.038716
v 0.031003 0.116055 0.000734
v 0.046939 0.054782 0.032470
v 0.054465 0.012802 0.020362
v 0.007161 0.055311 0.051881
v 0.056376 0.018760 0.018384
v 0.015264 0.055525 0.051152
v 0.027173 0.130796 -0.071952
v 0.014006 0.033626 0.049177
v 0.037603 0.005687 0.035133
v 0.040562 0.005354 0.033663
v 0.031124 0.130639 -0.060603
v 0.053308 0.010082 0.022218
v 0.029982 0.091708 0.031218
v 0.009906 0.027191 0.046279
v 0.011204 0.030065 0.047045
v 0.030621 0.098823 0.024095
v 0.030899 0.105209 0.016570
v 0.031188 0.124830 -0.019577
v 0.020751 0.008469 0.038115
v 0.056194 0.037700 0.021954
v 0.057284 0.030845 0.020118
v 0.031782 0.130095 -0.046654
v 0.030374 0.006389 0.037412
v 0.057188 0.024674 0.018884
v 0.015349 0.132741 -0.079990
v 0.051790 0.007998 0.024477
v 0.032710 0.055971 0.044217
v 0.034147 0.005930 0.036390
v 0.009008 0.024193 0.044852
v 0.016206 0.010768 0.038678
v 0.012793 0.014069 0.039618
v 0.030971 0.110887 0.009007
v 0.010656 0.016865 0.041042
v 0.008941 0.021173 0.043402
v 0.025361 0.007076 0.038048
v 0.028720 0.081818 0.038140
v 0.031407 0.128071 -0.032448
v 0.043815 0.005215 0.031675
v 0.009650 0.018751 0.042296
v 0.016659 0.037570 0.050951
v 0.024039 0.055749 0.048751
v 0.025354 -0.044397 0.044900
v 0.026685 -0.046568 0.043085
v 0.026126 -0.052734 0.040339
v 0.018452 -0.039538 0.050487
v 0.022671 -0.042084 0.047329
v 0.017113 -0.060435 0.046351
v 0.027153 -0.048579 0.041719
v 0.011821 -0.061935 0.049069
v 0.027044 -0.050624 0.040737
v 0.006252 -0.063193 0.050650
v 0.008921 -0.036225 0.056360
v 0.004579 -0.036119 0.057714
v 0.013530 -0.037406 0.053648
v 0.024449 -0.055154 0.041120
v 0.021803 -0.057848 0.043079
v 0.031627 0.023006 0.024071
v -0.031427 0.022877 0.023056
f 4 2 1
f 8 6 5
f 13 15 14
f 17 19 18
f 32 30 29
f 36 34 33
f 37 39 38
f 21 23 20
f 25 27 24
f 41 43 42
f 48 46 45
f 52 50 49
f 53 55 54
f 60 58 57
f 29 62 61
f 66 64 63
f 67 6 68
f 72 70 69
f 76 74 73
f 77 79 78
f 81 83 82
f 59 86 85
f 88 90 89
f 96 94 93
f 100 98 97
f 101 103 102
f 106 34 87
f 108 115 107
f 117 36 118
f 124 126 125
f 131 129 128
f 132 134 133
f 142 140 139
f 148 60 147
f 144 127 124
f 149 151 150
f 156 154 153
f 159 158 157
f 116 164 105
f 171 169 168
f 174 173 172
f 179 181 180
f 186 188 187
f 194 196 195
f 199 139 198
f 206 208 207
f 213 211 210
f 202 214 201
f 96 216 54
f 92 43 44
f 97 246 100
f 250 229 228
f 252 58 253
f 258 256 255
f 260 229 259
f 110 112 113
f 114 263 109
f 265 267 266
f 56 270 269
f 274 249 250
f 185 63 64
f 280 278 276
f 285 283 157
f 288 211 212
f 141 92 46
f 289 175 176
f 148 105 106
f 312 170 171
f 238 42 43
f 318 160 317
f 310 308 307
f 241 325 324
f 160 240 317
f 47 307 308
f 108 315 164
f 345 86 119
f 348 350 349
f 356 358 357
f 355 353 352
f 363 32 362
f 149 150 176
f 364 253 365
f 366 368 367
f 183 371 63
f 163 161 160
f 209 101 208
f 378 165 166
f 379 381 380
f 383 3 4
f 284 386 385
f 387 389 388
f 391 229 249
f 73 397 396
f 405 407 406
f 203 411 410
f 414 413 412
f 1 357 4
f 277 131 275
f 254 57 58
f 358 415 351
f 417 386 408
f 401 192 420
f 419 127 143
f 421 182 422
f 103 302 409
f 428 368 174
f 380 359 356
f 62 266 323
f 140 431 430
f 357 351 348
f 356 379 380
f 415 403 434
f 437 436 435
f 438 440 439
f 188 450 449
f 452 454 453
f 265 181 421
f 224 64 225
f 237 213 427
f 275 128 458
f 281 460 459
f 50 79 461
f 73 282 281
f 468 466 465
f 390 352 359
f 482 484 483
f 489 487 486
f 493 495 494
f 472 470 469
f 502 500 499
f 220 222 223
f 512 143 66
f 518 511 80
f 513 230 286
f 205 31 244
f 189 451 188
f 163 532 8
f 533 225 251
f 446 447 412
f 335 540 334
f 544 546 545
f 329 291 292
f 199 262 238
f 385 416 550
f 532 191 247
f 363 118 243
f 236 237 250
f 578 580 579
f 573 571 570
f 561 562 272
f 241 259 240
f 590 592 591
f 545 595 594
f 503 155 504
f 606 624 623
f 478 480 479
f 646 648 647
f 590 689 684
f 564 651 650
f 728 184 727
f 714 716 715
f 692 575 693
f 541 581 578
f 346 248 400
f 161 230 160
f 128 94 95
f 698 704 703
f 574 576 575
f 290 401 328
f 630 725 726
f 733 735 734
f 755 496 493
f 759 481 760
f 757 762 761
f 764 466 467
f 768 3808 3809
f 759 488 489
f 492 475 771
f 474 769 473
f 773 465 772
f 771 486 483
f 484 775 491
f 774 489 486
f 495 764 756
f 495 761 494
f 137 784 136
f 325 797 547
f 165 51 52
f 369 29 370
f 730 568 569
f 90 301 89
f 243 516 242
f 800 806 805
f 817 808 816
f 816 823 822
f 306 447 807
f 815 809 808
f 829 828 825
f 726 501 502
f 274 424 423
f 879 881 880
f 884 879 885
f 219 217 211
f 906 904 897
f 455 205 542
f 898 830 829
f 903 880 881
f 906 897 898
f 377 519 165
f 923 948 946
f 946 951 950
f 3519 739 3517
f 900 886 880
f 225 65 144
f 182 442 422
f 809 947 824
f 954 962 961
f 927 965 966
f 885 880 886
f 925 966 967
f 343 341 340
f 965 971 968
f 968 970 969
f 972 969 973
f 963 981 978
f 336 338 339
f 992 827 828
f 810 996 959
f 1007 1002 1008
f 1012 827 1009
f 1011 1007 1008
f 294 292 291
f 907 920 919
f 1017 1019 1018
f 1020 1022 1021
f 1035 1020 1044
f 1061 1047 1046
f 1063 1046 1062
f 1044 1021 1045
f 1102 1097 1109
f 1116 1118 1117
f 1016 1014 1013
f 881 904 903
f 816 1127 817
f 1094 949 1097
f 514 167 515
f 146 81 82
f 1133 1130 1129
f 1102 1126 822
f 822 1116 816
f 1145 1148 1136
f 1076 1151 1069
f 1148 1086 1087
f 1109 1114 1136
f 1154 1156 1155
f 1153 967 1156
f 3464 463 3714
f 1144 1152 1151
f 1156 1163 1162
f 1164 1169 1165
f 1145 1176 1147
f 1114 1154 1171
f 1183 1164 1177
f 1184 1177 1185
f 1069 1062 1064
f 1023 1194 1022
f 1162 1170 1169
f 1195 1185 1191
f 1183 1176 1155
f 1201 1152 1196
f 1061 1201 1202
f 3825 843 3836
f 1203 1195 1034
f 1202 1184 1195
f 1218 1203 1217
f 1060 1202 1203
f 1225 1217 1219
f 671 694 670
f 1219 1024 1035
f 1217 1034 1024
f 1226 1015 1227
f 1243 1234 1233
f 1231 1229 1228
f 847 1233 843
f 843 1244 878
f 1233 1245 1244
f 1923 233 216
f 2100 499 500
f 3914 2135 3900
f 61 323 505
f 210 217 457
f 1299 1309 1300
f 3863 1231 3862
f 1066 1321 1322
f 1322 1228 1229
f 1060 1321 1047
f 1325 1323 1310
f 1244 1332 1330
f 1290 1242 1288
f 1337 1339 1338
f 1330 1340 1339
f 1341 1245 1294
f 1342 1332 1341
f 1343 1341 1344
f 1344 1294 1293
f 3857 1345 1346
f 1347 1342 1343
f 3856 1295 1345
f 1349 1348 1347
f 3861 1347 3853
f 3853 1343 3857
f 906 829 1353
f 905 1353 1354
f 865 1355 1357
f 1355 829 825
f 1357 825 826
f 1356 1353 1355
f 3834 1338 3833
f 866 1356 865
f 1358 1354 1356
f 3828 1337 3834
f 838 1012 841
f 1363 1338 1339
f 1368 1339 1340
f 1348 1340 1342
f 1371 3824 3829
f 524 526 523
f 528 530 527
f 1372 1369 1371
f 535 537 538
f 1367 1348 1350
f 1370 1359 1369
f 1369 3833 3824
f 1373 903 904
f 555 557 558
f 1374 910 1373
f 1373 905 1375
f 1374 1375 1376
f 1375 1354 1370
f 1378 908 1377
f 376 651 1387
f 1388 973 969
f 586 588 585
f 1390 1388 1391
f 1391 969 970
f 597 599 596
f 600 602 603
f 1392 970 979
f 608 610 607
f 612 523 611
f 614 616 613
f 617 25 24
f 620 622 619
f 1397 1391 1392
f 1398 1392 1399
f 1400 920 1378
f 1402 1165 1169
f 636 638 635
f 930 1402 929
f 641 643 644
f 929 1169 1170
f 1404 1403 1402
f 1411 1365 1406
f 1412 1415 1414
f 652 654 655
f 609 657 658
f 659 661 662
f 558 586 585
f 665 667 664
f 1413 1406 1412
f 1418 3810 3813
f 1417 1371 1416
f 1416 3829 3810
f 1419 1416 1418
f 1386 1374 1420
f 677 679 676
f 1385 1420 1421
f 1420 1376 1422
f 685 687 688
f 1421 1422 1423
f 528 691 658
f 1422 1372 1417
f 1018 747 1425
f 699 701 702
f 1424 579 1017
f 3663 1767 3660
f 700 711 712
f 1093 3754 1571
f 717 530 719
f 721 723 720
f 704 3543 3554
f 19 1426 1430
f 1429 1427 1426
f 1658 3542 3544
f 1439 1434 1438
f 1437 1435 1434
f 1426 1433 1432
f 1442 1432 1440
f 742 744 745
f 1432 1441 1440
f 751 753 750
f 1438 1403 1405
f 1446 1444 1443
f 1447 1446 1443
f 3860 1443 3848
f 1415 1445 1446
f 1414 1446 1448
f 2173 469 470
f 777 779 686
f 780 782 783
f 1676 1806 1675
f 3859 1349 3861
f 789 791 788
f 745 793 742
f 652 795 653
f 1455 1457 1456
f 1454 1350 1452
f 610 802 801
f 3831 698 703
f 1352 1045 1351
f 1015 1459 1460
f 811 813 814
f 2118 3817 2117
f 819 821 818
f 1466 1194 1190
f 1467 1465 1466
f 1182 1468 1467
f 832 833 831
f 835 837 834
f 1467 1190 1182
f 1469 1444 1445
f 840 712 690
f 1453 1469 1454
f 599 845 846
f 1226 3849 3855
f 851 853 850
f 855 856 854
f 858 860 857
f 861 863 864
f 1014 3855 3858
f 867 868 869
f 870 872 873
f 874 876 877
f 1310 1471 1309
f 1476 1427 1475
f 1461 1475 1460
f 887 889 890
f 788 892 891
f 894 896 893
f 1460 1227 1015
f 901 524 612
f 1465 1477 1464
f 1865 3500 1864
f 911 913 914
f 916 918 915
f 1850 3507 1851
f 921 895 894
f 1479 1436 1478
f 926 667 601
f 1481 563 1480
f 269 84 1482
f 931 933 916
f 934 614 869
f 936 688 937
f 938 662 939
f 1484 122 123
f 941 835 834
f 320 509 510
f 1849 3505 1850
f 84 1484 83
f 1487 1488 539
f 1757 3502 3509
f 365 1491 364
f 461 80 511
f 117 362 1496
f 1494 541 1495
f 926 957 958
f 1477 1433 1476
f 1709 1585 1700
f 119 1496 345
f 271 504 156
f 511 189 186
f 345 1492 365
f 255 344 254
f 57 299 132
f 1501 268 1500
f 267 1499 145
f 974 976 977
f 1678 1693 1676
f 3846 1807 3840
f 557 663 558
f 983 984 985
f 1443 3849 3848
f 421 268 265
f 989 991 988
f 1490 418 1504
f 279 309 310
f 997 676 679
f 998 999 875
f 1504 38 1505
f 1506 1507 1486
f 360 1508 1506
f 1506 207 360
f 939 1006 938
f 270 1483 269
f 66 546 512
f 1010 793 935
f 367 437 1509
f 244 363 243
f 1670 3534 1669
f 209 1510 226
f 235 1512 1511
f 1511 234 235
f 388 426 425
f 427 250 237
f 161 521 231
f 100 45 44
f 1025 608 1027
f 1029 1031 1028
f 939 1033 1032
f 41 594 99
f 1036 783 1037
f 702 1038 1039
f 1040 1042 1043
f 362 369 1493
f 187 477 186
f 70 539 198
f 1511 1521 234
f 1049 603 1048
f 613 869 614
f 860 1051 857
f 1005 1053 1006
f 753 1056 1054
f 1057 1059 1055
f 293 1522 292
f 288 1521 1522
f 292 1523 329
f 331 1508 1524
f 306 453 305
f 100 41 99
f 462 78 79
f 330 1524 462
f 635 1068 636
f 1485 1526 1528
f 206 1528 1510
f 1070 1072 831
f 942 1073 1074
f 916 1075 917
f 440 1530 439
f 157 1514 285
f 1529 5 1530
f 371 546 63
f 790 663 791
f 1077 857 1078
f 1403 1435 1165
f 1080 1082 1079
f 531 1529 440
f 21 1084 1085
f 272 1531 561
f 137 396 397
f 690 802 691
f 335 3567 581
f 1090 1029 1091
f 1092 794 1042
f 1533 137 138
f 661 1095 1096
f 69 445 72
f 1099 1101 1098
f 38 1536 1505
f 1104 1106 1103
f 852 1108 853
f 1377 909 1386
f 291 411 294
f 316 516 33
f 539 1533 534
f 1505 316 313
f 1110 1112 1113
f 1539 460 264
f 522 1537 1539
f 834 1120 1119
f 1122 1124 1121
f 612 1041 901
f 935 615 614
f 276 130 131
f 1686 3522 1685
f 193 1541 273
f 231 1540 287
f 556 982 557
f 365 85 345
f 190 318 1541
f 1810 3574 3528
f 3924 3512 3791
f 1132 985 1131
f 208 102 132
f 1134 662 661
f 1491 80 77
f 429 1542 147
f 1137 915 918
f 172 428 174
f 1139 1141 1142
f 549 54 55
f 1517 1518 296
f 976 1146 938
f 834 984 941
f 1543 286 115
f 1544 239 513
f 133 1544 1542
f 506 257 258
f 420 328 401
f 1158 1160 1157
f 587 1103 588
f 1513 1514 151
f 607 1027 608
f 304 1545 303
f 364 77 506
f 69 198 139
f 1006 976 938
f 700 1112 701
f 3877 3525 3787
f 1166 657 656
f 1167 858 1077
f 1300 3524 1299
f 1172 1174 1175
f 218 200 217
f 1179 1181 1178
f 372 97 98
f 89 227 88
f 1186 1188 1189
f 172 1517 1549
f 1482 81 1498
f 1090 1193 1030
f 394 353 1551
f 526 1198 1197
f 811 858 812
f 1199 1026 1025
f 606 697 696
f 1204 1206 743
f 1207 523 526
f 1209 867 613
f 914 685 936
f 1478 1441 1477
f 1029 1161 1091
f 1211 1213 1214
f 3858 1451 3859
f 844 1216 845
f 423 273 274
f 1220 1222 1083
f 22 1224 23
f 882 897 881
f 1519 173 387
f 1189 1232 1178
f 349 550 416
f 1071 1236 1072
f 1237 1239 745
f 1221 1189 1240
f 1510 1512 333
f 939 1241 1005
f 1556 5 67
f 1553 394 1551
f 404 67 347
f 1247 1249 1246
f 142 238 92
f 1251 635 1250
f 850 1253 851
f 1254 1077 1255
f 57 133 429
f 443 552 551
f 1187 1175 1188
f 1256 831 833
f 432 382 383
f 741 747 746
f 434 351 415
f 349 383 348
f 251 1481 1480
f 395 352 353
f 1518 1550 1551
f 1558 378 340
f 109 314 315
f 285 1513 407
f 395 393 392
f 202 410 1558
f 417 405 432
f 1246 1258 1247
f 3 297 2
f 1259 1261 1262
f 403 347 284
f 955 953 952
f 462 51 330
f 1096 687 1263
f 429 60 57
f 896 1265 932
f 1267 1268 1266
f 423 327 420
f 37 180 40
f 20 1187 1186
f 1256 1071 1070
f 155 156 504
f 1188 1269 1232
f 1236 1271 1262
f 1272 535 621
f 565 463 464
f 1273 745 1239
f 876 1255 1274
f 316 164 315
f 437 503 1509
f 194 1495 197
f 1275 864 863
f 624 631 630
f 1277 1137 1278
f 569 567 566
f 1481 125 366
f 324 547 326
f 1279 1107 1280
f 1525 329 1523
f 1281 1137 918
f 171 1553 1552
f 1488 396 1533
f 1557 1562 1559
f 1282 1206 1205
f 1053 1278 1281
f 778 607 1283
f 713 3566 3569
f 251 144 124
f 4 348 383
f 709 707 706
f 728 45 246
f 261 1563 544
f 789 1287 790
f 74 263 282
f 403 385 434
f 1178 1240 1189
f 1223 1289 1224
f 158 150 151
f 1220 1186 1221
f 296 354 433
f 784 1538 1566
f 1181 1291 1222
f 1269 1257 1246
f 1566 438 399
f 136 1566 1564
f 1563 169 1565
f 107 109 108
f 1297 1298 1296
f 1464 1476 1461
f 1520 507 508
f 1301 1303 1304
f 1306 1308 1305
f 175 1532 272
f 1532 200 201
f 1311 1312 1313
f 872 1315 1316
f 1317 1318 1319
f 3836 878 3828
f 1305 864 1276
f 1040 863 1320
f 1564 399 169
f 592 1575 591
f 591 1088 689
f 1581 1583 1582
f 1196 1147 1176
f 710 583 713
f 285 408 386
f 953 961 963
f 1594 1589 1593
f 1585 1587 1586
f 1592 1590 1589
f 3885 944 3899
f 1600 1598 1597
f 1604 1602 1601
f 1399 979 980
f 1589 1596 1595
f 1610 1608 1607
f 298 361 360
f 551 276 277
f 1627 3814 3819
f 859 818 860
f 1078 1328 1329
f 1555 1530 1556
f 572 680 681
f 772 776 774
f 977 918 917
f 404 392 393
f 1054 750 753
f 1644 1643 1642
f 932 1082 933
f 1067 1334 1068
f 1540 264 114
f 597 643 1336
f 471 762 470
f 1642 3831 3842
f 1644 3842 3843
f 923 950 927
f 96 548 95
f 520 522 521
f 445 443 442
f 849 848 842
f 480 755 493
f 1646 481 1639
f 311 1567 170
f 464 3497 3495
f 3497 1361 3495
f 234 236 235
f 190 192 191
f 153 152 149
f 231 286 230
f 1552 1551 1550
f 760 1648 488
f 3832 1649 3830
f 828 826 825
f 52 166 165
f 1663 1661 1660
f 287 115 286
f 668 670 669
f 634 640 639
f 553 559 554
f 118 33 516
f 492 491 490
f 3552 1651 3553
f 582 584 583
f 384 392 415
f 1381 1383 1380
f 1562 435 436
f 952 951 947
f 3529 583 584
f 1660 1667 1666
f 1394 1396 1393
f 1660 1664 1663
f 1671 1669 1668
f 1624 1673 1672
f 1407 1409 1410
f 1677 1675 1674
f 1613 1677 1625
f 1679 1676 1677
f 1626 3811 3814
f 534 198 539
f 176 150 159
f 803 734 800
f 400 191 192
f 65 143 144
f 3526 1656 3540
f 402 157 283
f 629 627 626
f 461 49 50
f 758 495 756
f 796 786 785
f 406 1513 1560
f 342 166 167
f 1694 1658 1695
f 1692 1694 1696
f 3557 1652 3552
f 3921 1703 3923
f 326 302 90
f 3916 1702 1706
f 3919 1698 1701
f 1699 3927 3918
f 1557 1560 1561
f 1127 1117 1128
f 400 289 346
f 1706 1707 1708
f 1707 1599 1600
f 1709 1708 1588
f 1714 1711 1713
f 3919 1709 1700
f 1704 1577 1703
f 1716 1713 1715
f 1559 1549 297
f 1722 1720 1719
f 1335 596 1489
f 410 377 378
f 973 1163 972
f 168 399 398
f 1571 1089 1093
f 1572 682 1571
f 749 647 754
f 1730 1723 1729
f 1594 1729 1592
f 1729 1591 1592
f 1731 1730 1583
f 1384 1377 1379
f 1732 1712 1714
f 1724 1731 1732
f 1712 1731 1580
f 1722 1732 1733
f 1721 1733 1734
f 1734 1716 1717
f 1735 1736 1697
f 1733 1714 1716
f 1663 1741 1668
f 1742 1740 1743
f 1738 1737 1735
f 1665 1666 1740
f 1665 1744 1664
f 1725 1746 1745
f 1591 1745 1590
f 1590 1747 1596
f 1745 1748 1747
f 1659 3538 3542
f 3287 3545 3282
f 1185 1182 1190
f 1664 1749 1741
f 1741 1739 1738
f 1746 1743 1748
f 1726 1742 1746
f 1153 924 925
f 1115 1153 1154
f 1654 3575 1655
f 1896 3549 1686
f 1720 1744 1726
f 1721 1749 1720
f 1750 1701 1698
f 1697 1750 1696
f 1151 1063 1062
f 1751 1670 1671
f 1695 1752 1751
f 961 986 981
f 1770 1768 1767
f 1766 1593 1765
f 1731 1579 1580
f 1579 1774 1578
f 3928 1771 3929
f 1764 3928 3917
f 1777 1775 1774
f 3762 1699 1700
f 1004 1128 1003
f 1774 1771 1772
f 987 1399 980
f 1578 1772 1764
f 1783 1781 1778
f 1597 1770 1767
f 639 3895 3884
f 3928 1769 1770
f 1793 1789 1788
f 3929 1798 1769
f 3508 3773 1806
f 1802 3924 3922
f 1788 1794 1793
f 1793 1795 1776
f 3773 1675 1806
f 1584 1783 1789
f 1771 3920 3929
f 1801 1798 1800
f 1768 1798 1799
f 1775 1797 1771
f 508 515 1520
f 1796 1802 1797
f 1800 3920 3922
f 1794 1804 1795
f 3532 1752 3547
f 485 1807 775
f 3809 1640 768
f 3837 1810 1653
f 485 1640 1808
f 1690 3770 3772
f 487 1648 1811
f 3839 1816 3822
f 3838 1648 3830
f 3839 1811 3838
f 1812 487 1811
f 1641 767 768
f 465 755 776
f 767 3823 3808
f 3822 3826 3847
f 1809 1815 767
f 3837 1651 3840
f 675 3541 3496
f 1814 1822 1821
f 1821 3821 3820
f 1824 1649 1825
f 1827 1850 1805
f 1668 1662 1663
f 1779 1848 1828
f 1790 1805 1794
f 1833 1853 1852
f 3521 693 575
f 1614 1616 1617
f 1852 3498 3501
f 1620 1622 1623
f 1855 1574 1861
f 1847 3501 3513
f 1766 1855 1782
f 1629 1631 1628
f 1633 1634 1632
f 1635 1637 1638
f 1848 1852 1847
f 1855 1863 1862
f 1803 1867 1802
f 1862 1831 1832
f 1782 1862 1781
f 3922 1865 1800
f 1873 1870 1869
f 1874 799 804
f 2045 3897 2044
f 1219 1295 1225
f 1615 1396 1395
f 3884 1877 1876
f 645 3786 3559
f 1345 1035 1346
f 634 3884 3880
f 15 1327 14
f 3910 1878 1893
f 1894 605 1893
f 3506 627 693
f 3560 645 3559
f 340 454 1558
f 1897 195 1898
f 1889 1877 1890
f 1901 129 1900
f 196 754 232
f 1705 3921 3916
f 340 166 343
f 1570 563 561
f 1904 194 1897
f 1781 1832 1780
f 1905 55 1906
f 1000 995 996
f 986 920 987
f 1191 1190 1194
f 2094 2075 2093
f 1920 1919 1915
f 453 1912 1911
f 1915 1918 1916
f 3882 2106 3901
f 1655 3531 1868
f 1916 1926 1925
f 704 3561 703
f 278 1925 1900
f 3565 1818 1820
f 1097 1115 1114
f 1927 727 1923
f 3578 3654 3758
f 1920 307 1929
f 1929 48 728
f 503 1497 1509
f 1902 787 796
f 1816 3820 3826
f 1925 1923 1924
f 1535 1568 1534
f 254 258 255
f 1509 366 367
f 119 35 36
f 219 293 294
f 141 47 431
f 542 244 245
f 1940 430 431
f 1779 1827 1790
f 1701 3915 3919
f 1661 3515 1667
f 270 754 647
f 197 749 196
f 1727 1212 1211
f 53 232 754
f 1465 1479 1478
f 1284 3854 1293
f 1951 412 413
f 168 1554 1553
f 1486 206 207
f 506 78 361
f 994 1007 993
f 951 963 964
f 1013 3861 1351
f 3826 1820 1818
f 1498 1954 1482
f 299 543 132
f 1754 1756 1753
f 1681 1683 1682
f 1696 1695 1697
f 13 738 737
f 473 475 474
f 482 768 1640
f 204 30 205
f 1761 820 819
f 611 1125 612
f 1501 1908 1909
f 1074 711 699
f 1960 82 83
f 120 1960 123
f 35 87 34
f 1773 1025 1031
f 1965 1569 1535
f 494 471 479
f 1966 1969 1968
f 446 1971 1967
f 174 125 126
f 1580 1578 1577
f 1785 1787 1784
f 1972 304 305
f 1254 875 999
f 1973 342 514
f 321 1973 509
f 1910 275 1907
f 509 514 508
f 1486 1527 1485
f 1974 804 1975
f 1977 1974 1978
f 1980 1966 1981
f 379 2 295
f 1718 1710 1701
f 884 992 883
f 1680 1678 1679
f 902 525 524
f 344 256 299
f 135 137 136
f 236 228 333
f 448 1967 1966
f 589 604 584
f 910 908 907
f 1981 1968 1987
f 1982 1987 1979
f 1988 1987 1989
f 1990 1989 1991
f 1991 1993 1992
f 322 320 319
f 992 830 883
f 1144 1086 1143
f 1995 1978 1994
f 1133 1118 1126
f 1997 1994 1996
f 870 1335 1489
f 805 1982 1998
f 727 2000 1999
f 1996 1988 1990
f 1994 1979 1988
f 1829 792 1273
f 1830 941 983
f 798 800 799
f 729 731 730
f 2011 2023 2022
f 1834 846 1159
f 402 284 347
f 2022 2024 2025
f 1838 989 988
f 810 952 809
f 1823 1840 644
f 1430 1432 1431
f 1215 1841 1079
f 149 176 177
f 1316 873 872
f 2112 1384 2106
f 1842 1844 1845
f 1159 845 1160
f 837 1846 1120
f 1971 2030 2027
f 517 370 189
f 858 833 812
f 1471 2027 1888
f 3551 626 627
f 2174 770 490
f 935 1854 1010
f 1613 1611 1618
f 1231 1225 1295
f 1856 891 892
f 1300 748 741
f 1150 1858 1859
f 1643 696 1642
f 1215 1264 1216
f 1320 902 901
f 1956 1944 1960
f 2031 669 1474
f 2034 1310 1299
f 1879 1656 1657
f 40 242 39
f 1992 2039 1456
f 888 957 889
f 1882 1996 1990
f 1078 1255 1077
f 1871 1192 1090
f 294 218 219
f 1323 2026 1471
f 123 83 1484
f 1324 2041 1323
f 384 359 352
f 1324 2038 2036
f 1883 1885 1829
f 287 114 107
f 1096 1134 661
f 915 931 916
f 806 1981 1982
f 3533 584 604
f 1425 2042 1018
f 1018 1948 1017
f 3562 740 3519
f 1948 649 646
f 1881 1990 1991
f 1900 130 278
f 992 994 993
f 923 925 924
f 3878 2047 3876
f 1643 625 606
f 2050 2051 2049
f 2045 1404 2047
f 3876 945 3885
f 1139 1079 1841
f 1037 892 982
f 2055 2057 2056
f 1198 718 717
f 1619 1612 1611
f 2058 1606 2059
f 2059 1607 2058
f 2058 1624 1605
f 71 179 37
f 405 1557 382
f 976 1006 977
f 322 1972 1911
f 2061 2063 2062
f 2066 2067 1825
f 2052 2064 2051
f 1609 2066 1647
f 1515 152 1516
f 1009 993 1007
f 1644 3815 2118
f 279 1916 278
f 1285 3862 1284
f 1647 1825 1649
f 2056 2067 2065
f 319 1953 1952
f 667 1913 1914
f 2070 625 2048
f 2052 2055 2063
f 2038 1655 1458
f 1606 2073 2072
f 1235 1270 1236
f 2072 2075 2074
f 2059 2072 2062
f 2074 2077 2076
f 1601 2078 2073
f 2049 1643 1645
f 1000 1001 994
f 1089 684 689
f 1931 1306 1930
f 1462 1021 1022
f 1932 1934 1935
f 875 1846 998
f 1936 1937 1938
f 44 46 92
f 1534 1956 120
f 1541 317 391
f 2081 2084 2083
f 146 1959 300
f 1360 1942 1361
f 985 1032 1033
f 1995 1892 2043
f 2079 2082 2081
f 2095 2076 2077
f 2081 2078 2079
f 2055 2054 2053
f 501 2095 500
f 2097 2099 2098
f 2098 2094 2083
f 2140 3893 3866
f 2141 3894 3893
f 2051 2048 2049
f 592 2101 1576
f 2071 2076 2096
f 2102 2098 2101
f 593 2102 592
f 1019 746 747
f 1950 12 1327
f 725 2096 501
f 1385 2104 1379
f 1379 2106 1384
f 2107 2100 2097
f 3908 502 3896
f 3896 499 3901
f 940 2109 944
f 928 1170 973
f 3868 684 3899
f 1962 1964 1961
f 3878 573 3897
f 2039 1968 1969
f 1389 2110 2109
f 1398 2113 1397
f 3757 3753 3743
f 3911 2107 2103
f 949 924 1115
f 260 324 326
f 1390 2113 2110
f 2070 2064 2071
f 3867 2103 593
f 2105 1421 2114
f 2114 1423 2115
f 3892 2115 3903
f 3908 2114 3892
f 554 1902 553
f 972 967 966
f 1765 1573 1574
f 1984 1986 1983
f 2053 2069 2057
f 3573 724 714
f 1625 1674 1673
f 3881 2119 2122
f 3903 2123 3904
f 56 1906 55
f 626 3879 629
f 2001 2003 2004
f 3912 2127 3907
f 2006 2008 2009
f 2127 1412 2128
f 2014 2016 2017
f 2018 2020 2021
f 1495 1947 197
f 1379 1386 1385
f 3814 1680 1618
f 2029 1884 2028
f 3902 2120 3887
f 629 3914 3872
f 682 943 1089
f 724 2121 716
f 1757 3821 3845
f 765 3844 3809
f 3851 715 3852
f 706 3870 3872
f 981 987 980
f 1457 1656 1880
f 2017 2032 2033
f 1458 1868 1457
f 1776 1792 1793
f 1959 1946 1958
f 3663 3725 3661
f 3913 2122 3850
f 1093 689 1088
f 966 968 972
f 3852 3881 3913
f 2172 2170 2171
f 670 2137 669
f 3761 1903 233
f 1429 28 1449
f 964 978 971
f 3841 1413 2127
f 1473 669 2137
f 3834 1359 1358
f 2138 1870 2137
f 1872 2137 1870
f 715 3888 3881
f 1881 1992 1880
f 3843 739 740
f 1837 3513 3514
f 253 59 85
f 1808 3840 1807
f 1647 3818 1609
f 3865 671 668
f 2112 3883 2111
f 1405 2044 1438
f 3829 1364 1366
f 273 391 249
f 576 3520 3555
f 3875 668 2031
f 1430 2140 2139
f 2136 3860 28
f 1430 18 19
f 3893 570 695
f 1442 2046 2141
f 1431 2141 2140
f 3869 3850 2136
f 3808 1817 766
f 3866 695 671
f 2142 798 2138
f 571 2142 694
f 3819 1618 1611
f 2143 2025 2142
f 694 2138 670
f 681 2144 572
f 2144 2022 2143
f 328 457 290
f 1572 2011 2144
f 630 3903 624
f 2085 2087 2088
f 2090 2092 2089
f 572 2143 571
f 1875 2153 2149
f 1873 2149 2154
f 2103 2097 2102
f 2157 2155 2156
f 2128 1414 2120
f 3874 589 582
f 3872 628 629
f 2149 2158 2159
f 2159 3905 3890
f 698 3902 705
f 3823 3827 1817
f 2158 3874 3905
f 1438 2046 1439
f 2035 2160 2161
f 2161 3889 3886
f 3871 605 589
f 3873 18 3875
f 370 61 451
f 649 413 648
f 2153 2156 2158
f 1428 1449 1450
f 1490 73 1488
f 3890 710 633
f 2155 3891 3871
f 1456 1880 1992
f 2125 2087 2124
f 2160 3890 3889
f 300 505 323
f 1064 1046 1065
f 2043 1891 2155
f 2129 2004 2003
f 2131 2133 2134
f 3848 1450 1449
f 1998 804 805
f 3879 3864 3914
f 474 490 770
f 1164 1182 1177
f 707 3909 3870
f 708 2162 707
f 2162 3886 3909
f 548 1905 458
f 1145 1114 1171
f 705 1650 704
f 2043 1977 1995
f 737 554 559
f 1034 1191 1023
f 458 1907 275
f 195 232 233
f 2040 1969 1970
f 2145 2147 2148
f 2054 2049 1645
f 3832 1639 3818
f 9 11 10
f 252 506 258
f 472 479 471
f 1865 3791 3503
f 900 910 907
f 1941 2151 1942
f 1921 1927 1919
f 2163 1898 2116
f 271 153 178
f 1904 12 9
f 282 264 460
f 1872 2154 2035
f 1326 1897 2163
f 628 693 627
f 1724 1719 1723
f 1549 436 172
f 1582 1730 1729
f 1921 1929 1928
f 3563 10 11
f 2152 1950 1949
f 475 774 771
f 769 2171 473
f 2171 476 473
f 476 772 475
f 1791 464 1760
f 2166 2168 2169
f 595 372 98
f 483 1641 482
f 762 2173 470
f 771 484 492
f 486 1809 483
f 297 1517 296
f 763 2174 762
f 776 759 489
f 184 2176 2000
f 412 303 414
f 2005 185 224
f 3811 1682 3846
f 2164 756 764
f 1472 2161 2162
f 950 964 965
f 2177 2179 2180
f 227 1510 333
f 764 467 2164
f 2182 2184 2181
f 2186 2018 2185
f 1985 2181 1986
f 214 729 1531
f 1545 1546 1569
f 865 842 866
f 849 1357 1362
f 452 1558 454
f 559 3188 737
f 16 737 3188
f 560 498 374
f 3193 3195 3194
f 3200 3198 3199
f 3211 3213 3212
f 3215 3217 3216
f 2187 2002 2001
f 2169 2189 2190
f 2192 2085 2191
f 2193 2195 2196
f 2198 2200 2197
f 1998 1979 1975
f 3664 3668 3671
f 2116 1903 1902
f 1859 2009 1150
f 3904 2126 3906
f 1135 1087 1130
f 2201 2015 2014
f 1149 110 1858
f 3221 3218 3215
f 2203 2205 2206
f 579 1895 1019
f 1755 2208 1756
f 3891 1893 605
f 1211 2150 1727
f 868 2210 2209
f 944 930 940
f 2130 2202 2201
f 233 1898 195
f 665 750 666
f 1167 999 618
f 2211 2213 2214
f 2215 2217 2218
f 3867 590 3868
f 2220 220 2219
f 823 948 1094
f 3225 3227 3226
f 266 455 265
f 3882 2107 3883
f 2221 3519 3517
f 2223 2225 2226
f 2207 2124 2208
f 673 3869 3864
f 817 996 815
f 2227 2146 2145
f 1947 646 749
f 3900 17 3873
f 2229 1638 1381
f 1679 1618 1680
f 1637 2232 2230
f 2233 1617 1616
f 2231 2236 2237
f 1381 2238 1382
f 3586 2242 3587
f 1630 2233 1631
f 1681 472 469
f 1408 2243 2244
f 3236 3238 3237
f 3232 3240 3235
f 1637 2238 1638
f 3237 3233 3234
f 1409 1634 2245
f 1380 2247 2246
f 1628 2245 1621
f 2249 1622 1633
f 1632 1408 2244
f 2248 1631 2250
f 2235 1637 1636
f 3245 3199 3198
f 631 2071 725
f 515 52 49
f 782 2251 1251
f 2253 2255 2252
f 397 459 784
f 1456 2040 1455
f 2040 2036 1455
f 1401 2111 1398
f 2041 1970 2026
f 1535 414 1965
f 1586 2080 2079
f 2256 1132 1886
f 1700 3918 3919
f 3815 1686 3817
f 1263 1886 1096
f 598 844 599
f 2257 2259 2260
f 2258 2262 2259
f 2259 2263 2216
f 2260 2216 2215
f 1967 1970 1969
f 2212 1963 2213
f 922 2218 2217
f 1312 1101 2264
f 1307 1286 789
f 1548 1546 1972
f 2266 2268 2265
f 2265 2270 2269
f 2272 2269 2271
f 2273 2265 2272
f 2275 2277 2274
f 2278 2277 2279
f 2284 3617 3639
f 2287 2286 2281
f 2288 2283 2287
f 2290 3639 3620
f 2291 2293 2294
f 2295 2294 2279
f 2296 2291 2295
f 2297 2292 2291
f 2294 2299 2300
f 2279 2300 2278
f 2298 2302 2292
f 2292 2303 2293
f 2293 2304 2299
f 2304 2306 2299
f 2306 2300 2299
f 2308 2310 2307
f 2302 2310 2303
f 2301 2307 2302
f 2312 2307 2311
f 2313 2315 2316
f 2318 2320 2317
f 3748 2322 2323
f 2324 2273 2326
f 2313 2326 2327
f 2328 2313 2316
f 2329 2324 2328
f 2331 2333 2330
f 2330 2267 2266
f 2325 2266 2273
f 2329 2330 2325
f 2333 2335 2267
f 2336 2333 2332
f 2338 2332 2337
f 2331 2337 2332
f 2329 2339 2331
f 2328 2340 2329
f 2316 2341 2328
f 2342 2315 2343
f 2344 2346 2347
f 2341 2347 2340
f 2342 2344 2341
f 2348 2345 2344
f 2350 2352 2353
f 2339 2353 2337
f 2340 2350 2339
f 2347 2351 2350
f 2337 2354 2338
f 2353 2355 2354
f 2356 2276 2357
f 2356 2358 2359
f 2356 2296 2295
f 2279 2356 2295
f 2360 2270 2268
f 2267 2360 2268
f 2362 2364 2365
f 2362 2361 2358
f 2366 2358 2357
f 2366 2363 2362
f 2357 2368 2366
f 2366 2369 2367
f 2276 2370 2368
f 2368 2282 2369
f 2372 2374 2371
f 2375 2377 2007
f 2378 2380 2381
f 2382 2381 2383
f 2384 2378 2382
f 2385 2379 2378
f 2388 2390 2387
f 2387 2392 2391
f 2393 2387 2391
f 2394 2388 2387
f 2186 2402 2400
f 2403 2327 2326
f 2272 2326 2273
f 2271 2403 2272
f 2405 2404 2403
f 2404 2408 2327
f 2409 2411 2412
f 2409 2271 2269
f 2413 2269 2270
f 2413 2410 2409
f 2417 2416 2418
f 2417 2406 2405
f 2412 2405 2271
f 2411 2417 2412
f 2406 2407 2404
f 3569 632 713
f 2420 2397 2421
f 2420 2423 2422
f 2424 2422 2419
f 2424 2398 2420
f 2425 2392 2426
f 2421 2426 2423
f 2397 2425 2421
f 2396 2391 2425
f 2427 2315 2314
f 2427 2408 2428
f 2430 2428 2429
f 2343 2427 2430
f 2432 2430 2431
f 2431 2429 2433
f 2435 2433 2434
f 2436 2431 2435
f 2428 2407 2437
f 2422 2407 2419
f 2438 2422 2423
f 2429 2437 2438
f 2440 2433 2439
f 2441 2433 2429
f 2442 2439 2441
f 2443 2440 2439
f 2445 2444 2443
f 2447 2443 2442
f 2383 2445 2447
f 2381 2446 2445
f 2448 2423 2426
f 2449 2426 2392
f 2441 2449 2442
f 2441 2438 2448
f 2449 2390 2450
f 2450 2389 2451
f 2447 2451 2383
f 2442 2450 2447
f 2451 2453 2452
f 2452 2455 2454
f 2382 2454 2384
f 2383 2452 2382
f 2456 2373 2372
f 2459 2461 2458
f 2463 2465 2462
f 2462 2285 2284
f 2466 2284 2290
f 2467 2462 2466
f 2461 3703 3701
f 2468 2470 2471
f 2472 2471 2473
f 2474 3701 3688
f 2475 2477 2478
f 2458 2453 2479
f 2479 2389 2388
f 2395 2479 2388
f 2480 2458 2479
f 2481 2483 2478
f 2484 2485 221
f 2471 2464 2463
f 2473 2463 2467
f 2487 2466 2486
f 2486 2290 2488
f 2490 2488 2489
f 2491 2486 2490
f 2492 2467 2487
f 2493 2487 2491
f 2494 2492 2493
f 2495 2473 2492
f 3690 2474 3688
f 3691 2496 3690
f 2498 2493 2499
f 2500 2499 2501
f 3700 2498 2500
f 3687 2494 2498
f 2306 2278 2300
f 2305 2504 2306
f 2504 2507 2506
f 2506 2288 2508
f 2274 2508 2275
f 2278 2506 2274
f 3633 2489 2488
f 3620 2488 2290
f 2507 2289 2288
f 2505 2509 2507
f 2508 2287 2511
f 2511 2281 2280
f 2370 2280 2282
f 2275 2511 2370
f 2512 2489 2513
f 2514 2513 2515
f 2517 2514 2516
f 2517 2490 2512
f 2499 2491 2517
f 2499 2516 2501
f 2510 2519 2518
f 2518 2521 2520
f 3616 2520 3621
f 3632 2518 3616
f 2522 2303 2310
f 2523 2310 2309
f 2305 2522 2524
f 2524 2523 2525
f 2519 2525 2521
f 2505 2524 2519
f 2308 2527 2526
f 2526 2529 2528
f 2531 2528 2530
f 2309 2526 2531
f 1214 2151 1211
f 2419 2418 2424
f 2533 2349 2317
f 2534 2317 2320
f 2535 2533 2534
f 2536 2345 2533
f 2537 2346 2536
f 2538 2536 2535
f 2539 2537 2538
f 2540 2351 2537
f 2312 2541 2527
f 2527 2542 2529
f 2543 2434 2544
f 2545 2544 2546
f 2319 2543 2545
f 2318 2435 2543
f 2514 2548 2547
f 2547 2550 2549
f 2552 2549 2551
f 2552 2514 2547
f 2520 2554 2553
f 2553 2556 2555
f 3590 2555 3593
f 3621 2553 3590
f 2523 2531 2557
f 2557 2530 2558
f 2525 2557 2559
f 2559 2558 2560
f 2554 2560 2556
f 2521 2559 2554
f 2561 2007 2006
f 2376 2225 2377
f 2564 2566 2563
f 2563 338 2567
f 2569 2567 2568
f 2570 2563 2569
f 2572 2574 2571
f 2571 2576 2575
f 2544 2575 2546
f 2544 2572 2571
f 2578 2569 2577
f 2579 2569 2568
f 2574 2579 2576
f 2573 2577 2574
f 2581 2583 2580
f 2584 2583 2585
f 3697 2580 2584
f 3676 2580 3675
f 2582 2552 2583
f 2583 2551 2585
f 2500 2589 2588
f 2590 2589 2591
f 3693 2588 2590
f 3695 2500 2588
f 2501 2591 2589
f 2592 2594 2595
f 2386 2503 2502
f 2596 2386 2374
f 2596 2373 2597
f 2599 2597 2598
f 2599 2379 2596
f 2600 2380 2599
f 2600 2598 2601
f 2603 2601 2602
f 2603 2446 2600
f 2604 2602 2605
f 2440 2605 2434
f 2444 2604 2440
f 2606 2581 2607
f 2606 2590 2591
f 2591 2582 2606
f 3676 2456 3689
f 3689 2372 3693
f 2478 2608 2481
f 2609 2611 2199
f 2564 2613 2612
f 2612 2598 2597
f 2457 2597 2373
f 2565 2612 2457
f 2614 2570 2578
f 2615 2578 2573
f 2602 2614 2615
f 2601 2613 2614
f 2572 2605 2616
f 2616 2602 2615
f 2573 2616 2615
f 1459 1045 1021
f 1265 1079 1082
f 1612 1609 1611
f 2067 2069 2068
f 1135 1136 1148
f 1938 2618 2617
f 95 458 128
f 2058 1608 1612
f 1454 1445 1367
f 655 1048 2619
f 722 2621 723
f 1131 1033 1134
f 562 366 1497
f 1723 1725 1591
f 1786 1122 1787
f 267 323 266
f 1325 1654 2038
f 1468 1435 1479
f 658 529 528
f 8 247 7
f 382 1559 3
f 788 1307 789
f 940 929 928
f 911 2623 912
f 2621 655 654
f 2624 2625 2626
f 998 27 26
f 635 2626 2625
f 2627 644 1840
f 2628 1840 2629
f 1200 2627 2628
f 1199 641 2627
f 1520 49 477
f 1452 1349 1451
f 2630 1859 1858
f 644 1335 1823
f 1197 717 2632
f 2632 719 1166
f 2628 1166 1200
f 2629 2632 2628
f 1762 1050 821
f 1823 873 1839
f 2634 794 652
f 1028 1027 1161
f 1042 2635 1043
f 93 1901 1924
f 2036 1458 1455
f 1527 1525 1526
f 877 1274 1277
f 134 797 1544
f 1328 931 1329
f 607 1091 1161
f 1043 2637 2636
f 2636 2639 2638
f 1275 2638 1276
f 1275 1043 2636
f 1272 2626 2640
f 2640 638 637
f 1110 2640 637
f 536 2640 2641
f 1472 1474 1473
f 2042 1951 649
f 1058 1105 1059
f 2642 2643 2644
f 1192 2644 1193
f 912 2642 1192
f 3898 3526 3786
f 1049 2620 2621
f 616 1885 613
f 1331 666 750
f 990 1198 525
f 1911 321 322
f 1298 1205 2645
f 76 1504 75
f 1502 421 422
f 610 658 691
f 1146 659 938
f 2646 914 936
f 1280 1238 1279
f 975 2647 2648
f 2647 975 974
f 1453 1452 1451
f 1514 158 151
f 835 1843 1842
f 1271 1173 1289
f 2649 813 2650
f 1893 1826 1894
f 1050 1937 1051
f 2651 814 813
f 1006 1281 977
f 2653 2654 2655
f 1001 1003 1002
f 585 679 558
f 2624 621 620
f 555 2028 556
f 1207 1197 2629
f 1626 478 472
f 426 419 1567
f 1030 1773 1031
f 3898 634 3880
f 534 138 262
f 1125 1042 1041
f 333 88 227
f 569 561 730
f 1489 871 870
f 1857 620 891
f 1673 3770 3763
f 622 864 1308
f 2647 974 2657
f 619 891 620
f 261 545 262
f 393 1556 404
f 2658 2647 2657
f 1075 2657 917
f 1081 2658 1075
f 1080 2659 2658
f 2644 1141 2660
f 2660 1140 1336
f 642 1336 643
f 1193 2660 642
f 679 555 558
f 1503 1500 1502
f 1318 1101 1100
f 2661 1139 1142
f 2661 2663 2662
f 2662 2659 2661
f 2662 2622 2664
f 2664 911 2646
f 2648 2646 1146
f 2648 2662 2664
f 2083 2093 2081
f 1442 1437 1439
f 519 330 51
f 1885 1209 613
f 799 805 804
f 1946 1952 1953
f 1302 1253 1252
f 566 224 533
f 1389 928 1388
f 683 681 680
f 836 1842 2665
f 2665 1845 1303
f 2666 1303 1302
f 24 2665 2666
f 831 2650 832
f 1845 1304 1303
f 2010 2012 2011
f 1051 2667 2668
f 1522 1511 1523
f 531 441 522
f 782 1251 1250
f 1250 2625 2669
f 2669 1857 1856
f 783 1856 1037
f 782 2669 783
f 720 2671 721
f 1055 1930 1056
f 1333 1251 2251
f 619 1308 1307
f 652 2619 2634
f 521 1539 1540
f 1838 537 2672
f 2672 536 2641
f 1113 2641 1110
f 1113 1838 2672
f 1016 1351 1045
f 3897 570 3894
f 226 104 101
f 3564 3827 1818
f 1036 1884 1883
f 2674 1304 2673
f 2673 1844 2675
f 1334 2675 1039
f 1333 2673 1334
f 2676 1039 2675
f 1843 2675 1844
f 942 2676 1843
f 1074 702 2676
f 811 859 858
f 752 1055 753
f 1200 656 1026
f 1120 874 2677
f 2677 877 1052
f 1241 1052 1005
f 1119 2677 1241
f 1560 151 1515
f 1208 611 523
f 215 736 214
f 1460 1462 1461
f 1208 1839 873
f 854 1282 1297
f 72 182 179
f 544 1565 512
f 217 456 457
f 2047 930 945
f 1204 1937 2633
f 913 686 685
f 840 1113 1112
f 1531 730 561
f 2678 1283 801
f 601 1914 602
f 1537 459 460
f 1819 3509 3527
f 991 862 538
f 2679 1073 1830
f 2680 983 2256
f 779 2256 1263
f 778 2680 779
f 2678 1830 2680
f 180 245 40
f 1886 1131 1134
f 1138 1274 1255
f 1841 1140 1139
f 75 314 74
f 193 420 192
f 2681 1099 1098
f 170 1565 169
f 349 417 432
f 1121 2684 2683
f 547 409 302
f 123 121 120
f 2643 1142 1141
f 1542 513 1543
f 899 907 919
f 1210 676 867
f 791 982 892
f 24 837 836
f 893 932 931
f 1860 863 862
f 535 862 861
f 832 813 812
f 2650 813 832
f 1569 1547 1568
f 181 542 180
f 660 937 688
f 2013 568 2012
f 887 2631 2630
f 1524 361 78
f 520 162 1529
f 2653 854 2685
f 1238 2655 2686
f 718 527 530
f 1492 518 1491
f 792 615 793
f 599 1835 596
f 290 456 175
f 312 1552 425
f 1248 1179 1249
f 153 177 178
f 1240 1222 1221
f 1257 1235 1071
f 1291 1083 1222
f 1052 1277 1053
f 743 2618 1204
f 444 430 443
f 23 1172 1187
f 2687 1180 1179
f 102 409 134
f 1283 610 801
f 373 650 651
f 1180 1084 1291
f 855 2655 1237
f 1173 1917 1174
f 2689 853 2688
f 2688 1108 1279
f 2686 1279 1238
f 2687 2688 2686
f 2691 1252 2690
f 2690 850 2689
f 1248 2689 2687
f 1248 2691 2690
f 2692 24 2666
f 2691 2666 1302
f 1247 2692 2691
f 1258 617 2692
f 394 1555 393
f 2693 1259 1223
f 1072 1262 1261
f 1257 1168 1258
f 398 1555 1554
f 871 1314 872
f 1178 1249 1179
f 1224 1173 1172
f 1010 2618 742
f 1175 1292 1269
f 2654 2686 2655
f 2694 1216 1264
f 71 1487 70
f 701 1111 1038
f 1072 2649 2650
f 1085 22 21
f 895 1264 896
f 1601 1605 1604
f 1259 1271 1289
f 21 1220 1083
f 988 538 537
f 598 1336 1140
f 820 1762 821
f 1050 818 821
f 1298 1761 2652
f 1168 618 617
f 858 1256 833
f 39 516 1536
f 2652 819 814
f 313 315 314
f 2026 1971 2027
f 2656 596 1835
f 814 818 811
f 2696 813 2649
f 1260 2649 1261
f 2693 2696 1260
f 2697 2651 2696
f 381 390 380
f 3818 1611 1609
f 1475 1428 1227
f 1292 1917 1235
f 1551 354 1518
f 1526 1523 1511
f 1593 1595 1573
f 1232 1246 1249
f 2695 1223 22
f 2698 1296 2697
f 2698 2693 2695
f 2685 2695 1085
f 2685 1297 2698
f 562 271 272
f 2652 1296 1298
f 1365 1364 1363
f 1958 1953 1957
f 585 2210 997
f 1561 1515 435
f 975 1146 976
f 347 68 346
f 1038 636 1068
f 2700 780 2699
f 2699 1036 1883
f 2701 1883 1829
f 851 2699 2701
f 2674 2251 2702
f 2702 781 2700
f 1253 2700 851
f 1301 2702 1253
f 1519 388 1550
f 1273 1280 2703
f 2703 1107 852
f 2701 852 851
f 1829 2703 2701
f 91 326 90
f 1784 2656 1785
f 2683 2705 2704
f 604 3499 3533
f 1669 3548 1662
f 2062 2060 2059
f 621 861 622
f 2023 732 2024
f 686 1263 687
f 857 2668 1328
f 883 882 879
f 637 1111 1110
f 2668 893 1328
f 2667 894 2668
f 1039 1068 1334
f 313 1504 1505
f 1911 305 453
f 1936 1964 2212
f 2707 2401 2183
f 2708 2183 2182
f 738 2116 554
f 2349 2432 2436
f 2711 2020 2019
f 2400 2019 2186
f 2714 2716 2713
f 2717 2719 2720
f 2721 2723 2724
f 2726 2728 2725
f 2725 2730 2729
f 2731 2729 2709
f 2732 2725 2731
f 2734 2736 2733
f 2738 2740 2737
f 2737 2741 2742
f 2744 2746 2743
f 2745 2748 2747
f 2749 2747 2751
f 2753 2751 2752
f 2250 2246 2248
f 2754 1614 2755
f 3598 2755 3609
f 3608 2747 3609
f 1617 2755 1614
f 2242 1620 2757
f 2191 2760 2759
f 2761 2760 2762
f 3648 2761 3649
f 3623 2759 3648
f 3209 3223 3224
f 1395 2236 2235
f 1395 1636 1615
f 1616 2229 2233
f 1617 2763 2756
f 2756 3628 3608
f 2765 2234 1630
f 2766 3628 3622
f 3202 3246 3247
f 1516 435 1515
f 2768 3552 3553
f 1495 578 1424
f 2135 28 17
f 3526 2773 2774
f 1690 3926 3925
f 2778 2780 2777
f 2777 2781 2782
f 2784 2777 2783
f 3555 575 576
f 1494 9 540
f 3529 2015 3566
f 451 505 450
f 2786 2788 2785
f 2779 2785 2780
f 2789 2741 2740
f 2790 2752 2789
f 2792 2794 2791
f 2793 2796 2794
f 2796 2750 2749
f 2794 2749 2753
f 2798 1396 2754
f 3591 2754 3598
f 2798 2800 1393
f 3591 2799 2798
f 2797 2795 2801
f 2791 2753 2790
f 216 232 54
f 3804 2807 3803
f 3805 2804 3803
f 2769 3557 3552
f 183 184 97
f 2811 2775 2776
f 2804 2776 2805
f 2809 2811 2804
f 2812 2813 2814
f 3805 2816 3795
f 3796 2815 3795
f 3798 2820 2821
f 3793 2819 3798
f 2824 2735 2819
f 2823 2824 2819
f 2825 2826 2724
f 3793 2827 3792
f 3796 2826 3792
f 2713 2829 2828
f 2828 2831 2830
f 2822 2828 2830
f 2821 2713 2828
f 2832 2822 2830
f 2833 2830 2831
f 2834 2832 2833
f 2835 2827 2832
f 2837 2839 2836
f 2836 2841 2840
f 2842 2840 2727
f 2843 2836 2842
f 2840 2845 2844
f 2718 2845 2719
f 2730 2844 2718
f 2727 2844 2728
f 2846 2719 2845
f 2846 2841 2847
f 2829 2847 2831
f 2829 2716 2846
f 2847 2839 2848
f 2848 2838 2849
f 2833 2849 2834
f 2831 2848 2833
f 2850 2851 2852
f 2853 2852 2854
f 2783 2782 2855
f 2785 2853 2856
f 2780 2856 2781
f 2857 2855 2782
f 2859 2782 2781
f 2861 2842 2860
f 2860 2727 2726
f 2862 2726 2732
f 2863 2860 2862
f 2861 2858 2857
f 2843 2857 2859
f 2856 2854 2864
f 2781 2864 2859
f 2837 2859 2864
f 2838 2864 2854
f 2852 2834 2849
f 2854 2849 2838
f 2865 2818 2835
f 2851 2835 2834
f 2813 2815 2865
f 2814 2865 2851
f 2866 2814 2850
f 2788 2850 2853
f 2866 2787 2867
f 2812 2867 2775
f 1892 1890 1891
f 2720 2846 2870
f 298 256 257
f 2872 2713 2820
f 3794 2735 2734
f 2729 2874 2873
f 2846 2715 2870
f 2876 2878 2875
f 2733 2878 2734
f 3806 2879 2880
f 3806 2872 3794
f 2882 2884 2881
f 2881 2715 2714
f 2880 2714 2872
f 2879 2881 2880
f 2885 2887 2888
f 2888 2890 2885
f 2885 2892 2891
f 2893 2885 2891
f 1942 2532 2894
f 2895 2720 2870
f 2884 2870 2715
f 2883 2895 2884
f 2896 2892 2895
f 2889 2717 2890
f 2890 2720 2892
f 2897 2891 2896
f 2898 2896 2883
f 2899 2883 2882
f 2900 2882 2879
f 3797 2879 3807
f 2876 2901 2877
f 2901 2904 2903
f 1785 1835 1834
f 2905 2899 2900
f 2907 2897 2898
f 3797 2903 3799
f 632 577 633
f 3532 2867 2787
f 434 550 350
f 2768 3640 3643
f 2910 1623 2249
f 2241 2758 2242
f 3640 2913 3652
f 1623 2757 1620
f 3587 2757 3652
f 2229 1380 2250
f 2765 1629 2914
f 2915 1629 2912
f 3642 2914 2915
f 3641 2765 2914
f 2919 3642 3613
f 2918 2912 2241
f 3614 2241 3586
f 3618 3613 3670
f 3541 2180 3496
f 3521 2188 3506
f 3705 714 3851
f 2925 2917 2924
f 2924 2916 2919
f 3610 2919 3618
f 3611 2924 3610
f 2926 2766 2925
f 3658 2925 3611
f 1715 1705 1710
f 785 498 796
f 1387 565 1791
f 374 1899 560
f 3573 2206 3556
f 2929 2886 2893
f 2932 2934 2931
f 1905 1908 1907
f 2930 2936 2937
f 2938 2930 2929
f 1493 517 518
f 1603 1586 1602
f 2939 2929 2908
f 2940 2908 2907
f 3665 1600 3661
f 2886 2937 2887
f 2906 2898 2899
f 2908 2893 2897
f 2942 2933 2941
f 2941 2937 2936
f 3501 2936 3513
f 3498 2941 3501
f 2943 2710 2873
f 2943 2874 2889
f 2945 2889 2888
f 2946 2943 2945
f 2932 2888 2887
f 2931 2945 2932
f 727 1929 728
f 2903 2947 2948
f 545 42 262
f 1480 533 251
f 2907 2949 2940
f 2906 2950 2949
f 1558 215 202
f 3799 2948 3801
f 2054 1644 2118
f 3705 2203 3573
f 1828 1849 1827
f 2953 2955 2952
f 2952 2957 2956
f 2956 2258 2952
f 2953 2258 2257
f 2454 2474 2496
f 3747 2959 3766
f 3747 2131 3737
f 2961 2963 2958
f 2958 2964 2959
f 222 2485 2965
f 2477 2966 2608
f 2631 2006 1859
f 2384 2496 2497
f 2967 2959 2964
f 2968 2970 2969
f 3759 2971 3784
f 3784 2960 3766
f 2972 2033 2032
f 2007 2973 2008
f 3560 2134 2133
f 1836 1832 1831
f 3506 2090 3551
f 955 959 956
f 672 674 673
f 633 713 632
f 2024 733 803
f 2025 803 798
f 425 1550 388
f 2975 888 887
f 1319 1157 2694
f 1212 2977 1213
f 889 2228 2227
f 1978 1975 1979
f 1138 1329 915
f 751 2979 2978
f 1619 1625 1624
f 2252 1728 1727
f 1157 845 1216
f 2706 1938 2617
f 2980 2254 2981
f 2982 887 2630
f 802 711 2679
f 678 2029 2028
f 527 690 528
f 1839 2629 1840
f 2983 602 1914
f 2983 1913 1331
f 2985 1331 1054
f 2986 2983 2985
f 2987 2635 2634
f 2985 2639 2986
f 2990 1318 2989
f 2991 2993 2994
f 2995 2994 2996
f 1106 2991 2995
f 1058 2992 2991
f 1415 1365 1367
f 1317 2217 2997
f 1932 2255 2980
f 926 2999 664
f 3001 2992 3000
f 3000 1057 2978
f 2999 2978 2979
f 2998 3000 2999
f 3002 2209 3003
f 3002 2996 2994
f 2993 3002 2994
f 3001 2998 3002
f 1103 2995 3004
f 3004 2996 3003
f 2209 3004 3003
f 588 3004 2210
f 295 433 381
f 2638 2988 3005
f 3005 1056 1930
f 1305 1930 1306
f 1276 3005 1305
f 1987 1993 1989
f 2633 1761 2645
f 1423 1417 1419
f 3561 739 703
f 2671 2704 2705
f 1473 2035 1472
f 922 2694 895
f 1401 1378 1384
f 556 1884 1037
f 842 3825 3836
f 1854 2617 1010
f 933 1081 1075
f 1440 1436 1437
f 529 719 530
f 1031 1027 1028
f 777 912 1871
f 2645 1204 2633
f 441 1538 1537
f 790 587 586
f 2065 1610 1607
f 1860 990 902
f 60 87 59
f 1424 1948 1947
f 332 1507 331
f 261 138 135
f 187 449 507
f 1719 1726 1725
f 1931 1059 3006
f 3006 1105 1104
f 1287 1104 587
f 1286 3006 1287
f 3007 3009 3010
f 3009 653 795
f 618 26 25
f 2029 1210 1209
f 957 600 2228
f 1049 2228 600
f 2631 3011 2561
f 890 2227 3011
f 3011 2145 3012
f 2561 3012 2375
f 1026 609 608
f 2706 1961 1964
f 3013 2485 3014
f 2148 1267 3015
f 3015 1266 1311
f 2997 1101 1317
f 642 1773 1193
f 186 461 511
f 1041 1320 901
f 1121 3017 1122
f 2984 2987 3018
f 3018 2634 2619
f 1048 3018 2619
f 603 2984 3018
f 2679 801 802
f 2062 2074 2061
f 2061 2076 2064
f 414 1545 1965
f 3016 2683 3019
f 3019 2704 2670
f 3020 2670 720
f 3007 3019 3020
f 1871 1091 777
f 3021 1122 3017
f 3022 3017 3010
f 1314 3022 1315
f 1784 3021 1314
f 1316 1763 611
f 3023 3010 3009
f 3023 795 1092
f 1763 1092 1125
f 1315 3023 1763
f 3016 3010 3017
f 752 2978 1057
f 2986 2637 2987
f 3024 653 3008
f 3020 3008 3007
f 720 3024 3020
f 723 654 3024
f 2681 1268 3025
f 2671 1268 721
f 2705 3025 2671
f 1313 3027 1311
f 3026 3029 3027
f 3027 3030 3031
f 1311 3031 3015
f 2012 731 2023
f 917 974 977
f 743 856 744
f 1888 2030 1425
f 2682 2684 3032
f 3032 1124 2989
f 1100 2989 1318
f 1099 3032 1100
f 1123 2989 1124
f 3033 1159 1158
f 2990 1158 1319
f 1123 3033 2990
f 1786 1834 3033
f 1054 2988 2985
f 2979 664 2999
f 2623 2663 2643
f 1095 688 687
f 3034 2261 2956
f 3036 2956 2957
f 3037 3034 3036
f 3038 3035 3034
f 3040 3026 1313
f 2263 3041 3040
f 3042 3043 3041
f 3041 3028 3026
f 3044 3043 3039
f 3046 3045 3044
f 3047 3049 3045
f 3043 3049 3028
f 3038 3051 3050
f 3050 3053 3052
f 3052 3044 3050
f 3039 3050 3044
f 3054 3039 3042
f 3042 2262 3054
f 2261 3054 2262
f 2216 2997 2217
f 2212 2667 1936
f 3056 2209 3055
f 934 1961 1854
f 2013 3757 567
f 3058 3060 3061
f 3059 3063 3060
f 3060 2213 1963
f 3061 1963 1962
f 3063 2214 2213
f 3062 3064 3063
f 3065 2260 3064
f 3064 2215 2214
f 3066 3031 3030
f 2608 3067 3066
f 2966 3068 3067
f 3031 3068 3015
f 2455 2461 2474
f 2476 2226 2477
f 3551 2089 3525
f 3526 3769 3786
f 433 355 381
f 2115 1419 2123
f 3509 2922 3527
f 3769 2131 2134
f 3069 2167 2166
f 2971 2928 2960
f 2961 2773 2962
f 3070 2478 2483
f 2610 3071 2954
f 2502 2374 2386
f 3072 2595 3073
f 2964 3052 2967
f 3048 3074 3049
f 2593 3075 3074
f 3075 3029 3074
f 3074 3028 3049
f 3072 3075 2592
f 3076 2482 2481
f 2481 3066 3076
f 3076 3030 3075
f 2967 3053 2970
f 2482 3073 2483
f 479 493 494
f 706 3873 709
f 3561 2221 3517
f 2013 3754 3755
f 3533 2016 3529
f 3562 2222 2974
f 1171 1155 1176
f 2586 2565 2587
f 2982 113 2484
f 2562 3077 3068
f 2376 3012 3077
f 3012 2148 3077
f 3077 3015 3068
f 2963 3046 2964
f 3051 2970 3053
f 1683 491 775
f 3850 1447 3860
f 1986 3734 3768
f 3079 2546 2575
f 3081 2575 2576
f 1983 3768 3765
f 3082 2319 2545
f 3080 2545 2546
f 3734 3082 3080
f 3732 2323 3082
f 1309 1888 748
f 3073 2772 2771
f 2760 3084 2762
f 2760 2088 3083
f 3085 3086 3087
f 3089 3090 3088
f 3089 3084 3085
f 3092 3090 3091
f 3093 2744 2743
f 2751 2748 3093
f 3093 2752 2751
f 2742 3093 3094
f 3094 2743 3095
f 3096 3098 3087
f 3099 3087 3086
f 3097 3095 3098
f 3100 2746 3101
f 3101 3102 3100
f 2764 2927 3101
f 2745 3101 2746
f 3102 3091 3100
f 3100 3095 2743
f 2869 3592 3634
f 3102 3104 3092
f 3658 2869 3634
f 2927 3103 3102
f 3098 3091 3090
f 3087 3090 3085
f 2088 3105 3083
f 3083 3086 3084
f 2483 2771 3070
f 2401 2185 2321
f 3099 3105 3106
f 2125 3106 3105
f 3108 2742 3107
f 3107 3094 3097
f 3110 3107 3109
f 3109 3097 3096
f 3111 3096 3099
f 3112 3109 3111
f 3113 2737 3108
f 3115 2722 3114
f 3117 3114 3116
f 3119 3116 3118
f 3118 3120 3121
f 3116 3113 3120
f 3122 3111 3123
f 3122 1755 1754
f 3124 3126 3127
f 3125 3121 3126
f 3128 3118 3125
f 3129 3125 3124
f 2020 3128 3129
f 3853 1346 1352
f 1065 1047 1066
f 1814 3830 1649
f 2021 3129 3130
f 3111 3106 3123
f 3123 2207 1755
f 2377 2224 2973
f 3014 113 112
f 1756 3782 3767
f 3131 2530 2528
f 3133 2528 2529
f 1753 3767 3775
f 3134 3127 3135
f 2327 2314 2313
f 2436 2317 2349
f 2018 3711 3712
f 2534 3137 2535
f 2320 3136 2534
f 2185 3712 3771
f 3138 2542 2539
f 3134 3744 3745
f 3785 3134 3745
f 3140 2539 2538
f 2535 3140 2538
f 3711 3130 3785
f 2558 3132 3141
f 3782 3141 3132
f 2560 3141 3142
f 3760 3142 3141
f 958 2976 2981
f 1933 2980 3143
f 2399 2418 2416
f 2348 2343 2432
f 2322 2319 2323
f 2718 2874 2730
f 2709 2873 2710
f 2894 1361 1942
f 346 176 347
f 1876 1882 1881
f 2802 3607 3592
f 3104 3088 3092
f 2974 3649 3603
f 3089 2761 2762
f 3088 3145 3089
f 2803 3603 3607
f 3870 692 628
f 2123 1418 2126
f 1365 1368 1367
f 1581 1782 1783
f 3569 2129 3520
f 3555 2002 3521
f 3146 2551 3147
f 3751 3147 3750
f 3742 3146 3751
f 3149 2585 3146
f 3196 3197 3195
f 3604 2191 3623
f 3142 2556 2560
f 3777 3150 3142
f 3646 2550 3593
f 3150 2555 2556
f 3778 3151 3150
f 3788 3152 3646
f 3153 2551 2549
f 3152 2549 2550
f 3781 3153 3152
f 3776 3147 3153
f 3148 2206 2205
f 2183 2321 2184
f 2132 2928 2133
f 3684 2204 2203
f 3719 2197 3721
f 2594 2773 2951
f 2595 2951 2772
f 1870 799 1869
f 3713 2178 3706
f 3706 3736 3790
f 336 3774 3722
f 339 3154 336
f 3789 3149 3742
f 3683 2584 3149
f 2963 3048 3047
f 3722 337 336
f 339 2566 2586
f 3156 2168 2167
f 2610 2167 2611
f 2954 3156 2610
f 3157 2953 2257
f 3707 2169 3709
f 2567 3159 2568
f 337 2567 338
f 3730 2166 3707
f 3764 1983 3765
f 2579 3081 2576
f 2568 3160 2579
f 3709 2190 3764
f 3065 3162 3161
f 3161 1984 2189
f 3157 2189 2168
f 2257 3161 3157
f 734 1922 806
f 3059 2708 3163
f 3163 2182 1985
f 3162 1985 1984
f 3062 3163 3162
f 3203 3205 3204
f 2122 1448 1447
f 3817 1685 3812
f 139 444 69
f 1570 566 533
f 2957 3165 3036
f 2955 3164 2957
f 1912 341 1973
f 3130 3124 3134
f 1548 319 1547
f 1949 1327 1887
f 2969 3078 3167
f 3167 3169 3168
f 3724 2017 3720
f 3720 2033 3759
f 3168 3165 3170
f 3170 3164 3171
f 3779 3171 3756
f 3724 3170 3779
f 3171 3166 3172
f 3172 3071 3173
f 3752 3173 3749
f 3756 3172 3752
f 3169 3036 3165
f 2593 2962 2594
f 3173 2609 3174
f 3174 2199 2198
f 3783 2198 3719
f 3749 3174 3783
f 2190 1984 1983
f 2196 2767 3148
f 2119 1414 1448
f 1464 1466 1465
f 2199 3069 2200
f 2457 2587 2565
f 2226 2562 2966
f 481 1627 1639
f 333 235 236
f 3078 3037 3169
f 3040 2997 2263
f 2219 1933 2220
f 2385 2497 2503
f 221 3175 2484
f 2220 3143 3175
f 3175 2976 2975
f 2484 2975 2982
f 2954 3166 2955
f 2630 110 2982
f 1547 1952 1955
f 2091 2188 2187
f 3733 2178 2177
f 1918 1927 1926
f 3563 111 3511
f 955 960 954
f 2037 112 3563
f 3143 2981 2976
f 2218 2214 2215
f 672 3787 3541
f 2152 3014 2037
f 1147 1143 1145
f 2248 1409 2245
f 1615 1635 1616
f 1410 2246 2247
f 3241 3242 3240
f 3177 1383 1382
f 2238 3176 1382
f 3176 2230 3178
f 1410 3179 1407
f 3179 2243 1407
f 1633 2800 2249
f 1621 2758 2912
f 1622 2245 1634
f 2236 3181 3182
f 2237 3182 3183
f 2250 2233 2229
f 2912 1628 1621
f 135 1564 1563
f 1567 512 1565
f 1085 2653 2685
f 3184 868 3056
f 869 3057 934
f 1266 1098 1312
f 1267 722 721
f 937 2646 936
f 2146 722 2147
f 2211 921 2667
f 1957 507 449
f 1313 2264 3040
f 1496 1493 1492
f 2681 2705 2682
f 2887 2933 2932
f 1687 1659 1694
f 145 1498 81
f 1317 1319 2694
f 37 418 71
f 1935 3185 2977
f 104 301 103
f 2101 2083 2084
f 543 360 207
f 1934 3186 3185
f 234 212 237
f 3845 1822 1824
f 1976 1874 1974
f 223 2219 220
f 3655 3605 3612
f 468 773 2165
f 1935 1728 1932
f 3240 3226 3235
f 3261 3250 3260
f 3215 3244 3264
f 3265 3215 3264
f 3267 3198 3196
f 3205 3269 3255
f 3214 3265 3270
f 3271 3214 3192
f 3251 3239 3236
f 3222 3266 3272
f 3232 3234 3233
f 3216 3243 3244
f 3196 3268 3267
f 3244 3254 3255
f 3238 3247 3246
f 3264 3255 3269
f 3253 3216 3217
f 3211 3221 3265
f 3257 3218 3256
f 3258 3272 3259
f 3274 3280 3273
f 3228 3262 3263
f 3275 3281 3280
f 3226 3273 3280
f 3236 3260 3251
f 3281 3236 3237
f 3287 3192 3189
f 3235 3280 3234
f 3234 3281 3237
f 3288 3259 3272
f 3260 3276 3251
f 3289 3278 3284
f 3210 3224 3283
f 3199 3201 3200
f 3228 3230 3229
f 3290 3285 3286
f 3282 3271 3287
f 3260 3262 3261
f 3243 3268 3254
f 3267 3241 3232
f 3194 3208 3193
f 3191 3269 3206
f 3270 3192 3214
f 3275 3230 3231
f 3264 3270 3265
f 3252 3276 3291
f 3248 3291 3223
f 3213 3279 3277
f 3272 3289 3288
f 3277 3212 3213
f 3228 3281 3231
f 3220 3253 3219
f 3219 3217 3257
f 3256 3222 3258
f 3247 3252 3248
f 3245 3232 3233
f 3266 3212 3289
f 3208 3255 3254
f 3288 3284 3285
f 3204 3208 3207
f 560 3187 559
f 3209 3201 3202
f 3189 3191 3190
f 448 807 447
f 647 122 270
f 1833 1780 1832
f 510 508 507
f 3210 1887 3201
f 1887 3200 3201
f 15 3197 3200
f 16 3195 3197
f 3195 3187 3194
f 3194 1899 3207
f 3207 375 3204
f 387 126 127
f 3189 1760 3287
f 3577 757 758
f 763 2172 2175
f 3583 3580 3581
f 3581 3579 3578
f 3594 3596 3595
f 3400 3602 3401
f 3626 3625 3627
f 3631 3599 3601
f 3636 3595 3596
f 3647 3588 3645
f 3650 3584 3647
f 3653 3580 3651
f 3653 3654 3579
f 1801 3656 3655
f 3651 3582 3650
f 3644 3595 3637
f 1767 3659 3660
f 1597 3661 1600
f 1708 3665 3664
f 3671 3667 3666
f 3666 3673 3672
f 1588 3664 1587
f 2080 3666 2082
f 2082 3672 2084
f 3674 3635 3631
f 3677 3636 3635
f 3682 3645 3681
f 3692 3650 3686
f 3681 3644 3680
f 786 3692 785
f 3694 3651 3692
f 785 3686 497
f 497 3682 650
f 650 3681 564
f 3696 3681 3680
f 3405 3605 3402
f 3702 3678 3677
f 3699 3679 3678
f 3645 3638 3644
f 1799 3659 1768
f 3708 3458 3460
f 3462 3708 3460
f 3714 564 3696
f 3615 3602 3600
f 3710 3696 3698
f 3635 3596 3599
f 3629 3627 3630
f 3597 3599 3596
f 3630 3715 3629
f 3627 3597 3594
f 3717 3723 3718
f 3715 3660 3629
f 3716 3725 3715
f 3668 3661 3725
f 3668 3717 3667
f 3667 3718 3673
f 3727 3673 3718
f 3728 3672 3673
f 3726 3718 3723
f 1576 2084 3672
f 3727 3731 3729
f 3203 1387 3190
f 3190 1791 3189
f 3283 1949 3210
f 317 259 391
f 2000 3653 3694
f 3601 3600 3602
f 3589 3584 3585
f 3577 756 2170
f 3585 3582 3583
f 3678 3637 3636
f 3204 376 3203
f 1801 3657 1799
f 3729 3728 3727
f 1575 3738 1088
f 3735 1576 3728
f 1776 1796 1775
f 1293 1290 1284
f 1326 1327 12
f 1294 1234 1290
f 878 1330 1337
f 497 374 498
f 122 413 121
f 3699 3704 3708
f 3606 3401 3602
f 3708 3698 3699
f 3464 3710 3462
f 3704 3443 3458
f 439 399 438
f 1512 1526 1511
f 1668 1738 1671
f 839 1362 838
f 1362 826 1012
f 3843 1896 3815
f 2053 2118 2117
f 3888 2120 2119
f 696 3816 3831
f 1826 639 640
f 3740 3729 3731
f 956 886 960
f 1980 1922 807
f 33 105 164
f 1343 3856 3857
f 3907 2128 3902
f 1766 1582 1594
f 14 2163 738
f 595 99 594
f 3233 3246 3245
f 1346 1044 1352
f 748 1425 747
f 3193 3254 3268
f 3190 3206 3203
f 3612 3606 3615
f 3624 3615 3625
f 3631 3443 3674
f 3679 3644 3637
f 3686 3647 3682
f 3702 3674 3704
f 3625 3600 3597
f 3601 3415 3631
f 3739 3735 3729
f 3630 3594 3741
f 3741 3716 3630
f 1284 1288 1285
f 3698 3680 3679
f 1778 1780 1779
f 1792 1584 1789
f 695 571 694
f 3638 3594 3595
f 3741 3588 3589
f 3247 3209 3202
f 3292 3294 3295
f 3296 3298 3299
f 3299 3300 3301
f 3302 3304 3305
f 3306 3308 3309
f 3307 3311 3308
f 3303 3301 3300
f 3312 3304 3313
f 3314 3316 3317
f 3318 3320 3321
f 3324 3321 3325
f 3326 3328 3323
f 3329 3331 3332
f 3333 3335 3336
f 3337 3339 3340
f 3333 3341 3342
f 3342 3343 3344
f 3319 3344 3343
f 3338 3334 3339
f 3346 3302 3347
f 3305 3347 3302
f 3312 3223 3349
f 3350 3340 3351
f 3312 3348 3305
f 3352 3341 3326
f 3311 3354 3308
f 3341 3327 3326
f 3359 3361 3362
f 3360 3250 3249
f 3318 3345 3319
f 3364 3318 3324
f 3314 3324 3365
f 3366 3301 3346
f 3299 3367 3296
f 3308 3368 3309
f 3369 3295 3294
f 3317 3364 3314
f 3370 3317 3316
f 3325 3365 3324
f 3352 3319 3343
f 3296 3353 3311
f 3297 3311 3310
f 3363 3354 3345
f 3345 3353 3344
f 3344 3367 3342
f 3366 3342 3367
f 3347 3334 3346
f 3339 3348 3340
f 3348 3351 3340
f 3363 3369 3368
f 3294 3368 3369
f 3293 3309 3294
f 3331 3374 3332
f 3346 3333 3366
f 3323 3352 3326
f 3356 3321 3320
f 3355 3325 3321
f 3357 3371 3325
f 3322 3320 3352
f 3361 3329 3362
f 3373 3375 3374
f 3374 3376 3332
f 3329 3376 3362
f 3327 3372 3328
f 3336 3375 3327
f 3335 3376 3375
f 3376 3337 3362
f 3337 3359 3362
f 3359 3276 3250
f 3377 3295 3370
f 3277 3315 3278
f 3371 3379 3365
f 3378 3358 3380
f 3365 3315 3314
f 3316 3279 3370
f 3282 3370 3279
f 3313 3224 3312
f 3378 3284 3379
f 3380 3285 3378
f 3379 3278 3315
f 3276 3351 3291
f 3291 3349 3223
f 3313 2965 3013
f 2965 3303 222
f 222 3300 223
f 223 3298 3186
f 3298 3185 3186
f 3297 2977 3185
f 3310 1213 2977
f 3307 1214 1213
f 2532 3306 3293
f 2894 3293 3292
f 2871 3292 3377
f 3253 3240 3242
f 3283 3013 2152
f 1997 1889 1892
f 1237 744 855
f 1535 120 121
f 1531 201 214
f 1119 1032 984
f 946 824 947
f 163 5 162
f 3589 3723 3741
f 1155 1162 1164
f 427 327 424
f 553 796 498
f 3381 2231 2237
f 3381 2230 2232
f 2237 3180 3381
f 3383 3385 3382
f 3384 3387 3385
f 3386 3389 3387
f 3388 3391 3389
f 3392 3394 3395
f 3395 3396 3397
f 3398 3397 3396
f 3400 3399 3398
f 3403 3405 3402
f 3406 3404 3403
f 3408 3407 3406
f 3410 3409 3408
f 3412 3411 3410
f 3415 3398 3414
f 3414 3396 3416
f 3416 3394 3417
f 3417 3393 3418
f 3393 3420 3418
f 3419 3421 3420
f 3390 3422 3421
f 3388 3423 3422
f 3386 3424 3423
f 3384 3425 3424
f 3425 3426 3184
f 2904 3428 2947
f 3429 2904 2902
f 3430 2902 2876
f 2875 3430 2876
f 3432 2733 2736
f 2825 3435 2824
f 3437 3439 3436
f 3441 3436 3440
f 2724 3434 2825
f 3436 3115 3117
f 3440 3117 3119
f 3443 3414 3442
f 3442 3416 3444
f 3444 3417 3445
f 3445 3418 3446
f 3446 3420 3447
f 3420 3448 3447
f 3421 3449 3448
f 3422 3450 3449
f 3423 3451 3450
f 3424 3452 3451
f 3425 3056 3452
f 3451 2253 2252
f 3450 2252 1727
f 3449 1727 2150
f 3448 2150 1941
f 3453 3448 1941
f 3454 3447 3453
f 3455 3446 3454
f 3456 3445 3455
f 3442 3456 3457
f 3443 3457 3458
f 3459 3458 3457
f 3457 3455 3459
f 3459 3454 3461
f 3462 3459 3461
f 3461 3453 3463
f 3464 3461 3463
f 3463 1941 1360
f 3404 3401 3405
f 3407 3399 3404
f 3409 3397 3407
f 3411 3395 3409
f 3465 3413 3412
f 3467 3469 3466
f 3465 3431 3433
f 3470 3466 3465
f 3438 3432 3435
f 3467 3438 3437
f 3468 3437 3441
f 3471 3468 3472
f 3472 3441 3473
f 3473 3440 2712
f 2712 3119 3128
f 3475 3472 3474
f 3474 3473 3476
f 3476 2712 2711
f 3477 2711 2400
f 3478 3476 3477
f 3479 3474 3478
f 3392 3413 3480
f 3466 3480 3413
f 3419 3392 3480
f 3390 3480 3391
f 3469 3391 3480
f 3389 3471 3475
f 3387 3475 3479
f 3385 3479 3481
f 3482 2400 2402
f 3483 3477 3482
f 3481 3478 3483
f 3484 2402 2707
f 3058 2707 2708
f 3061 3484 3058
f 3485 3482 3484
f 3382 3481 3486
f 3486 3483 3485
f 3426 3382 3487
f 3487 3486 1962
f 3486 3061 1962
f 1961 3487 1962
f 3057 3426 3487
f 3428 3402 3488
f 3427 3403 3428
f 3429 3406 3427
f 3430 3408 3429
f 3431 3410 3430
f 3470 3433 3432
f 3434 3438 3435
f 2723 3439 3434
f 2875 3433 3431
f 2736 3435 3432
f 2947 3488 3500
f 3464 1360 3497
f 1900 1924 1901
f 1736 1718 1750
f 1955 1943 1956
f 1671 1735 1751
f 1696 1698 1692
f 1800 1864 1801
f 2063 2056 2060
f 1737 1717 1736
f 1751 1697 1695
f 943 3899 684
f 3656 3402 3605
f 1577 1764 1703
f 3917 1599 3923
f 1945 82 1944
f 68 7 248
f 147 1543 148
f 1109 1133 1102
f 1503 1907 1908
f 1499 1909 1498
f 452 735 215
f 1824 3835 3845
f 1825 2068 1824
f 1463 1022 1194
f 841 1009 1011
f 1568 1955 1534
f 1926 1927 1923
f 1910 1502 1939
f 1939 422 442
f 309 1940 308
f 1804 1866 1803
f 269 1954 56
f 2065 2060 2056
f 3812 1758 3835
f 280 552 1940
f 1875 1869 1874
f 1739 1734 1737
f 1778 1790 1788
f 310 1915 279
f 1909 1906 1954
f 1789 1778 1788
f 978 980 979
f 1584 1731 1583
f 425 311 312
f 148 115 116
f 2044 3894 2046
f 277 1939 551
f 1943 1945 1944
f 1461 1463 1464
f 2253 3056 3055
f 2981 3489 958
f 2209 3489 3055
f 2254 3055 3489
f 2998 958 3489
f 2826 2721 2724
f 3490 2721 2817
f 2816 3490 2817
f 2334 2296 2335
f 2298 2334 2336
f 2301 2336 2338
f 2311 2338 2354
f 2312 2354 2355
f 2359 2361 2360
f 2335 2359 2360
f 2414 2365 2364
f 2413 2361 2365
f 2355 2540 2541
f 2541 2539 2542
f 2722 2739 2738
f 3114 2738 3113
f 3110 3121 3120
f 3108 3120 3113
f 3122 3127 3126
f 3112 3126 3121
f 3127 1753 3135
f 3139 2529 2542
f 3744 3133 3139
f 3490 2740 2739
f 3491 2789 3490
f 228 91 88
f 245 243 242
f 248 247 191
f 2 296 295
f 145 300 267
f 327 210 328
f 329 331 330
f 250 228 236
f 239 240 230
f 373 375 374
f 178 176 175
f 1218 1228 1321
f 3862 1295 3854
f 808 824 823
f 3858 1013 1014
f 3813 1411 1413
f 2154 2159 2160
f 3845 1758 1757
f 306 1922 452
f 2157 1976 1977
f 708 2031 1474
f 1450 1227 1428
f 1672 1605 1624
f 1813 1821 1816
f 1717 1715 1718
f 176 402 347
f 1710 3916 3915
f 1712 1577 1711
f 1705 1711 1704
f 971 979 970
f 822 1094 1102
f 2909 2793 2792
f 2810 2795 2793
f 2799 2249 2800
f 3662 2910 2799
f 2769 2801 2795
f 3177 3178 3179
f 3178 3180 3179
f 3181 1393 2800
f 3181 1632 3182
f 3182 2244 3183
f 3183 2243 3180
f 3492 2790 3491
f 2808 3491 2816
f 2239 3572 2240
f 1149 3571 3570
f 1150 3567 3571
f 2202 3566 2015
f 2921 3565 2923
f 3568 2133 2928
f 1777 1759 1792
f 1201 1183 1184
f 3561 2195 2194
f 3553 2770 2768
f 3927 1687 1692
f 1516 154 503
f 3549 2974 2803
f 3550 2779 2778
f 2771 3575 3546
f 3070 3546 3558
f 3547 2775 2867
f 1376 1370 1372
f 2767 3556 2206
f 2195 3543 2767
f 2775 3542 2776
f 3377 3545 2871
f 3804 3539 2806
f 2776 3538 2805
f 2240 3535 2920
f 2920 3669 3619
f 3548 2786 2779
f 1805 1851 1804
f 3534 2787 2786
f 2951 3540 3531
f 2772 3531 3575
f 2973 3530 3536
f 2224 3537 3530
f 1957 320 510
f 306 304 303
f 2770 3528 2913
f 2913 3574 2239
f 2923 3527 2922
f 308 431 47
f 207 132 543
f 1879 1881 1880
f 3733 3525 2089
f 2475 3558 3524
f 2476 3524 3523
f 2223 3523 3537
f 3522 2803 2802
f 2037 11 1950
f 1959 450 505
f 2003 3520 2129
f 9 334 540
f 2009 3518 3567
f 2008 3536 3518
f 3877 673 3879
f 3515 2778 2784
f 2935 3513 2936
f 111 3570 3511
f 3510 2935 2938
f 683 3885 943
f 3508 2810 2909
f 736 732 729
f 1795 1803 1796
f 3505 2938 2939
f 3507 2939 2940
f 2950 3504 2949
f 2940 3504 3507
f 3801 3512 2950
f 2868 3502 2869
f 2869 3522 2802
f 1024 1023 1020
f 3500 2948 2947
f 551 442 443
f 2972 3568 2928
f 2032 3499 2972
f 216 1924 1923
f 203 201 200
f 1828 1847 1837
f 1958 449 450
f 272 178 175
f 2871 3495 1361
f 3619 3564 2921
f 2801 3643 3662
f 2005 3654 2176
f 960 899 962
f 3657 3612 3624
f 3780 3646 3151
f 3151 3593 2555
f 2193 3623 2194
f 3607 3145 3144
f 3603 2761 3145
f 3592 3144 3104
f 2926 3634 3103
f 3634 3104 3103
f 3755 3746 3753
f 566 3758 2005
f 3488 1864 3500
f 1602 2079 2078
f 2868 3611 2922
f 2922 3610 2923
f 2923 3618 2921
f 3670 2918 3614
f 3619 3614 2920
f 2921 3670 3619
f 2920 3586 2240
f 3613 2915 2918
f 2917 3622 3641
f 2916 3641 3642
f 2239 3652 2913
f 2911 3652 2757
f 3643 2911 2910
f 2797 3662 3591
f 2797 3598 2750
f 3622 2763 2765
f 3608 2764 2745
f 2194 3648 2221
f 2221 3649 2222
f 2756 3609 2755
f 2750 3609 2747
f 3669 1817 3827
f 3763 1691 1699
f 2515 3590 2548
f 2548 3593 2550
f 2513 3632 3616
f 2513 3621 2515
f 2509 3620 2289
f 2510 3633 2509
f 2289 3639 2283
f 2283 3617 2286
f 2240 3587 2239
f 3659 3624 3626
f 716 3887 3888
f 727 3761 1923
f 2165 2170 2164
f 3660 3626 3629
f 3743 3578 3757
f 2175 769 770
f 2100 2095 2099
f 3758 3757 3578
f 640 3568 1826
f 1653 3553 1651
f 1895 3530 746
f 746 3537 741
f 1653 3528 3576
f 3762 1604 1672
f 2093 2073 2078
f 959 995 884
f 962 919 986
f 1400 1398 1399
f 1000 1127 1004
f 956 884 885
f 1662 3550 1661
f 2034 3546 1654
f 3926 3539 3802
f 3535 766 1817
f 3572 765 766
f 334 3571 335
f 1868 3540 1656
f 1684 1652 1678
f 1682 775 1807
f 1585 3762 1700
f 3763 1672 1673
f 2173 490 491
f 1658 3547 1752
f 3556 1650 724
f 1571 2010 1572
f 1587 3671 2080
f 2099 2077 2094
f 787 1999 786
f 2000 786 1999
f 3155 3697 3683
f 3713 3683 3789
f 2180 3685 3684
f 3496 3684 3705
f 1684 3840 1651
f 1760 3495 3545
f 2607 3693 2590
f 2581 3689 2607
f 2371 3700 3695
f 2371 3693 2372
f 2587 3675 2586
f 2586 3697 339
f 2497 3687 2503
f 2502 3687 3700
f 2494 3690 2495
f 3690 2472 2495
f 3688 2468 2472
f 3701 2469 2468
f 726 3892 630
f 581 3518 580
f 10 3570 334
f 1837 3510 1849
f 741 3523 1300
f 1299 3558 2034
f 1851 3504 1866
f 3527 1820 1819
f 580 3536 1895
f 1758 3522 3502
f 1693 3508 1806
f 3504 1867 1866
f 1894 3568 3499
f 2126 3813 3841
f 3906 3841 3912
f 2113 3867 2110
f 2179 3789 3685
f 624 3904 623
f 2192 3788 3780
f 2177 3787 3733
f 1364 3833 1338
f 3858 1470 1453
f 3135 3775 3744
f 2069 3835 2068
f 1351 3853 1352
f 2108 3901 499
f 2089 3736 3733
f 3828 1358 866
f 2001 3783 2187
f 2187 3719 2091
f 2130 3752 2004
f 2004 3749 2001
f 2014 3779 2201
f 2201 3756 2130
f 3167 3759 2969
f 3168 3720 3167
f 3159 3764 3160
f 3160 3765 3081
f 3730 3158 337
f 3158 3709 3159
f 2200 3730 3722
f 3685 3742 2204
f 3722 2197 2200
f 3790 2092 3721
f 3774 3721 2197
f 3154 3790 3774
f 3155 3706 3154
f 2091 3721 2092
f 2196 3750 3776
f 2193 3776 3781
f 3604 3781 3788
f 2086 3780 3778
f 2087 3778 3777
f 2204 3751 2205
f 2205 3750 3148
f 3909 574 692
f 2124 3777 3760
f 2208 3760 3782
f 3711 3140 3137
f 3785 3138 3140
f 3745 3139 3138
f 3771 3136 2322
f 3712 3137 3136
f 3775 3131 3133
f 3767 3132 3131
f 1813 3838 1814
f 1293 3856 1344
f 2184 3748 3732
f 2181 3732 3734
f 3765 3079 3081
f 3768 3080 3079
f 709 3875 2031
f 2774 3737 3769
f 3786 2134 3559
f 3809 766 765
f 2968 3766 2959
f 2969 3784 2968
f 2958 3737 2961
f 2132 3766 2960
f 2321 3771 3748
f 3860 1449 28
f 3905 582 710
f 3886 577 574
f 3847 1818 3827
f 705 3887 2121
f 3816 3907 698
f 2111 3911 2113
f 3810 1366 1411
f 1812 3822 1815
f 675 3852 674
f 3496 3851 675
f 2110 3868 2109
f 2104 3901 2106
f 2109 3899 944
f 3842 703 739
f 1680 3846 1684
f 1639 3819 3818
f 623 3906 697
f 2139 3866 3865
f 1808 3844 3837
f 3820 1819 1820
f 3872 3900 706
f 1646 3830 1648
f 3889 633 577
f 2139 3875 18
f 2156 3871 3874
f 674 3913 3869
f 2117 3812 2069
f 1815 3847 3823
f 3855 1444 1470
f 697 3912 3816
f 866 3836 3828
f 3864 2136 2135
f 3585 3726 3589
f 3583 3731 3585
f 3753 3738 3739
f 3740 3581 3743
f 1088 3746 1093
f 3739 3743 3753
f 2791 3493 2792
f 3492 2807 3493
f 2792 3494 2909
f 3493 2806 3494
f 3508 3494 3516
f 3516 2806 3539
f 2948 3791 3801
f 2105 3896 2104
f 3538 3804 2805
f 680 3876 683
f 1891 3910 3891
f 2905 3801 2950
f 2900 3799 2905
f 2901 3807 2877
f 2734 3806 3794
f 2877 3806 2878
f 2820 3794 2872
f 2818 3792 2827
f 2823 3792 2826
f 2822 3798 2821
f 2819 3800 3798
f 2817 3795 2816
f 2809 3795 2815
f 2808 3803 2807
f 2805 3803 2804
f 1702 3923 1599
f 3922 1797 1802
f 3915 1706 1709
f 3918 1692 1698
f 1657 3880 1879
f 1890 3895 3910
f 3772 1674 1675
f 1689 3772 3773
f 3926 3538 1688
f 3516 1689 3773
f 3917 1703 1764
f 1598 3928 1770
f 3880 1876 1879
f 1691 3925 3927
f 3925 1688 1687
f 1117 1118 3930
f 1066 1322 3930
f 1243 847 3930
f 3825 848 3930
f 1128 1117 3930
f 1129 1130 3930
f 841 1011 3930
f 1230 3863 3930
f 1242 1243 3930
f 1322 1229 3930
f 1064 1065 3930
f 1003 1128 3930
f 1229 1230 3930
f 3863 1285 3930
f 1285 1288 3930
f 848 839 3930
f 847 3825 3930
f 1118 1129 3930
f 1065 1066 3930
f 1087 1086 3930
f 1008 1002 3930
f 1011 1008 3930
f 1002 1003 3930
f 1076 1069 3930
f 838 841 3930
f 839 838 3930
f 1288 1242 3930
f 1130 1087 3930
f 1086 1076 3930
f 1069 1064 3930
f 2410 2414 3931
f 2411 2410 3931
f 3617 2285 3931
f 2394 2393 3931
f 2393 2396 3931
f 2281 2286 3931
f 2282 2280 3931
f 2398 2399 3931
f 2465 2464 3931
f 2396 2397 3931
f 2470 2469 3931
f 2399 2416 3931
f 2480 2395 3931
f 2459 2480 3931
f 2369 2282 3931
f 2460 2459 3931
f 2415 2411 3931
f 2416 2415 3931
f 2364 2363 3931
f 2286 3617 3931
f 2464 2470 3931
f 2469 3703 3931
f 2285 2465 3931
f 2414 2364 3931
f 2395 2394 3931
f 2363 2367 3931
f 2397 2398 3931
f 2280 2281 3931
f 3703 2460 3931
f 2367 2369 3931
f 4 3 2
f 8 7 6
f 13 16 15
f 17 28 19
f 32 31 30
f 36 35 34
f 37 40 39
f 21 22 23
f 25 26 27
f 41 44 43
f 48 47 46
f 52 51 50
f 53 56 55
f 60 59 58
f 29 30 62
f 66 65 64
f 67 5 6
f 72 71 70
f 76 75 74
f 77 80 79
f 81 84 83
f 59 87 86
f 88 91 90
f 96 95 94
f 100 99 98
f 101 104 103
f 106 105 34
f 108 116 115
f 117 119 36
f 124 127 126
f 131 130 129
f 132 102 134
f 142 141 140
f 148 106 60
f 144 143 127
f 149 152 151
f 156 155 154
f 159 150 158
f 116 108 164
f 171 170 169
f 174 126 173
f 179 182 181
f 186 189 188
f 194 197 196
f 199 142 139
f 206 209 208
f 213 212 211
f 202 215 214
f 96 93 216
f 92 238 43
f 97 184 246
f 250 249 229
f 252 254 58
f 258 257 256
f 260 91 229
f 110 111 112
f 114 264 263
f 265 268 267
f 56 53 270
f 274 273 249
f 185 183 63
f 280 279 278
f 285 284 283
f 288 219 211
f 141 142 92
f 289 290 175
f 148 116 105
f 312 311 170
f 238 262 42
f 318 163 160
f 310 309 308
f 241 239 325
f 160 230 240
f 47 48 307
f 108 109 315
f 345 85 86
f 348 351 350
f 356 359 358
f 355 354 353
f 363 31 32
f 364 252 253
f 366 125 368
f 183 372 371
f 163 162 161
f 209 226 101
f 378 377 165
f 379 295 381
f 383 382 3
f 284 285 386
f 387 127 389
f 391 259 229
f 73 281 397
f 405 408 407
f 203 218 411
f 414 121 413
f 1 356 357
f 277 276 131
f 254 344 57
f 358 384 415
f 417 416 386
f 401 400 192
f 419 389 127
f 421 181 182
f 103 301 302
f 428 367 368
f 380 390 359
f 62 204 266
f 140 141 431
f 357 358 351
f 356 1 379
f 415 392 403
f 437 428 436
f 438 441 440
f 188 451 450
f 265 455 181
f 224 185 64
f 237 212 213
f 275 131 128
f 281 282 460
f 50 462 79
f 73 74 282
f 468 467 466
f 390 355 352
f 482 485 484
f 489 488 487
f 493 496 495
f 472 471 470
f 502 501 500
f 220 221 222
f 512 419 143
f 518 517 511
f 513 239 230
f 205 30 31
f 189 370 451
f 163 318 532
f 533 224 225
f 446 448 447
f 335 541 540
f 544 512 546
f 329 519 291
f 199 534 262
f 385 386 416
f 532 190 191
f 363 117 118
f 578 581 580
f 573 572 571
f 561 563 562
f 241 260 259
f 590 593 592
f 545 546 595
f 503 154 155
f 606 625 624
f 478 481 480
f 646 649 648
f 590 591 689
f 564 565 651
f 728 246 184
f 714 724 716
f 692 574 575
f 541 335 581
f 346 68 248
f 161 231 230
f 128 129 94
f 698 705 704
f 574 577 576
f 290 289 401
f 630 631 725
f 733 736 735
f 755 466 496
f 759 480 481
f 757 763 762
f 764 496 466
f 768 767 3808
f 759 760 488
f 492 474 475
f 474 770 769
f 773 468 465
f 771 774 486
f 484 485 775
f 774 776 489
f 495 496 764
f 495 757 761
f 137 397 784
f 325 239 797
f 165 519 51
f 369 32 29
f 730 731 568
f 90 302 301
f 243 118 516
f 800 734 806
f 817 815 808
f 816 808 823
f 306 303 447
f 815 810 809
f 829 830 828
f 726 725 501
f 274 427 424
f 879 882 881
f 884 883 879
f 219 218 217
f 906 905 904
f 455 204 205
f 898 882 830
f 903 900 880
f 377 291 519
f 923 949 948
f 946 947 951
f 3519 740 739
f 900 899 886
f 225 64 65
f 182 445 442
f 809 952 947
f 954 960 962
f 927 950 965
f 885 879 880
f 925 927 966
f 343 342 341
f 965 964 971
f 968 971 970
f 972 968 969
f 963 961 981
f 336 337 338
f 992 993 827
f 810 815 996
f 1007 1001 1002
f 1012 826 827
f 1011 1009 1007
f 294 293 292
f 907 908 920
f 1017 579 1019
f 1020 1023 1022
f 1035 1024 1020
f 1061 1060 1047
f 1063 1061 1046
f 1044 1020 1021
f 1102 1094 1097
f 1116 1126 1118
f 1016 1015 1014
f 881 897 904
f 816 1116 1127
f 1094 948 949
f 514 342 167
f 146 145 81
f 1133 1135 1130
f 1102 1133 1126
f 822 1126 1116
f 1145 1143 1148
f 1076 1144 1151
f 1148 1143 1086
f 1109 1097 1114
f 1154 1153 1156
f 1153 925 967
f 3464 3497 463
f 1144 1147 1152
f 1156 967 1163
f 1164 1162 1169
f 1145 1171 1176
f 1114 1115 1154
f 1183 1155 1164
f 1184 1183 1177
f 1069 1151 1062
f 1023 1191 1194
f 1162 1163 1170
f 1195 1184 1185
f 1183 1196 1176
f 1201 1063 1152
f 1061 1063 1201
f 3825 847 843
f 1203 1202 1195
f 1202 1201 1184
f 1218 1060 1203
f 1060 1061 1202
f 1225 1218 1217
f 671 695 694
f 1219 1217 1024
f 1217 1203 1034
f 1226 1014 1015
f 1243 1242 1234
f 1231 1230 1229
f 847 1243 1233
f 843 1233 1244
f 1233 1234 1245
f 1923 3761 233
f 2100 2108 499
f 3914 3864 2135
f 61 62 323
f 210 211 217
f 1299 1310 1309
f 3863 1230 1231
f 1066 1047 1321
f 1322 1321 1228
f 1060 1218 1321
f 1325 1324 1323
f 1244 1245 1332
f 1290 1234 1242
f 1337 1330 1339
f 1330 1332 1340
f 1341 1332 1245
f 1342 1340 1332
f 1343 1342 1341
f 1344 1341 1294
f 3857 3856 1345
f 1347 1348 1342
f 3856 3854 1295
f 1349 1350 1348
f 3861 1349 1347
f 3853 1347 1343
f 906 898 829
f 905 906 1353
f 865 1356 1355
f 1355 1353 829
f 1357 1355 825
f 1356 1354 1353
f 3834 1337 1338
f 866 1358 1356
f 1358 1359 1354
f 3828 878 1337
f 838 1362 1012
f 1363 1364 1338
f 1368 1363 1339
f 1348 1368 1340
f 1371 1369 3824
f 524 525 526
f 528 529 530
f 1372 1370 1369
f 535 536 537
f 1367 1368 1348
f 1370 1354 1359
f 1369 1359 3833
f 1373 910 903
f 555 556 557
f 1374 909 910
f 1373 904 905
f 1374 1373 1375
f 1375 905 1354
f 1378 920 908
f 376 373 651
f 1388 928 973
f 586 587 588
f 1390 1389 1388
f 1391 1388 969
f 597 598 599
f 600 601 602
f 1392 1391 970
f 608 609 610
f 612 524 523
f 614 615 616
f 617 618 25
f 620 621 622
f 1397 1390 1391
f 1398 1397 1392
f 1400 987 920
f 1402 1403 1165
f 636 637 638
f 930 1404 1402
f 641 642 643
f 929 1402 1169
f 1404 1405 1403
f 1411 1366 1365
f 1412 1406 1415
f 652 653 654
f 609 656 657
f 659 660 661
f 558 663 586
f 665 666 667
f 1413 1411 1406
f 1418 1416 3810
f 1417 1372 1371
f 1416 1371 3829
f 1419 1417 1416
f 1386 909 1374
f 677 678 679
f 1385 1386 1420
f 1420 1374 1376
f 685 686 687
f 1421 1420 1422
f 528 690 691
f 1422 1376 1372
f 1018 1019 747
f 699 700 701
f 1424 578 579
f 3663 1597 1767
f 700 699 711
f 1093 3746 3754
f 717 718 530
f 721 722 723
f 704 1650 3543
f 19 1429 1426
f 1429 1428 1427
f 1658 1659 3542
f 1439 1437 1434
f 1437 1436 1435
f 1426 1427 1433
f 1442 1431 1432
f 742 743 744
f 1432 1433 1441
f 751 752 753
f 1438 1434 1403
f 1446 1445 1444
f 1447 1448 1446
f 3860 1447 1443
f 1415 1367 1445
f 1414 1415 1446
f 2173 1683 469
f 777 778 779
f 780 781 782
f 1676 1693 1806
f 3859 1451 1349
f 789 790 791
f 745 792 793
f 652 794 795
f 1455 1458 1457
f 1454 1367 1350
f 610 691 802
f 3831 3816 698
f 1352 1044 1045
f 1015 1016 1459
f 811 812 813
f 2118 3815 3817
f 819 820 821
f 1466 1463 1194
f 1467 1468 1465
f 1182 1165 1468
f 832 812 833
f 835 836 837
f 1467 1466 1190
f 1469 1470 1444
f 840 700 712
f 1453 1470 1469
f 599 844 845
f 1226 1450 3849
f 851 852 853
f 855 744 856
f 858 859 860
f 861 862 863
f 1014 1226 3855
f 867 676 868
f 870 871 872
f 874 875 876
f 1310 1323 1471
f 1476 1433 1427
f 1461 1476 1475
f 887 888 889
f 788 791 892
f 894 895 896
f 1460 1475 1227
f 901 902 524
f 1465 1478 1477
f 1865 3503 3500
f 911 912 913
f 916 917 918
f 1850 3505 3507
f 921 922 895
f 1479 1435 1436
f 926 664 667
f 1481 562 563
f 269 1483 84
f 931 932 933
f 934 935 614
f 936 685 688
f 938 659 662
f 1484 270 122
f 941 942 835
f 320 321 509
f 1849 3510 3505
f 84 1483 1484
f 1487 1490 1488
f 1757 1758 3502
f 365 1492 1491
f 461 79 80
f 117 363 362
f 1494 540 541
f 926 601 957
f 1477 1441 1433
f 1709 1588 1585
f 119 117 1496
f 271 1497 504
f 511 517 189
f 345 1496 1492
f 57 344 299
f 1501 1499 268
f 267 268 1499
f 974 975 976
f 1678 1652 1693
f 3846 1682 1807
f 557 982 663
f 983 941 984
f 1443 1444 3849
f 421 1500 268
f 989 990 991
f 1490 1487 418
f 279 280 309
f 997 868 676
f 998 26 999
f 1504 418 38
f 1506 1508 1507
f 360 361 1508
f 1506 1486 207
f 939 1005 1006
f 270 1484 1483
f 66 63 546
f 1010 742 793
f 367 428 437
f 244 31 363
f 1670 3532 3534
f 209 206 1510
f 388 389 426
f 427 274 250
f 161 520 521
f 100 246 45
f 1025 1026 608
f 1029 1030 1031
f 939 662 1033
f 41 42 594
f 1036 780 783
f 702 701 1038
f 1040 1041 1042
f 362 32 369
f 187 1520 477
f 70 1487 539
f 1049 600 603
f 613 867 869
f 860 1050 1051
f 1005 1052 1053
f 753 1055 1056
f 1057 1058 1059
f 293 288 1522
f 288 212 1521
f 292 1522 1523
f 331 1507 1508
f 306 452 453
f 100 44 41
f 462 1524 78
f 330 331 1524
f 635 1067 1068
f 1485 1527 1526
f 206 1485 1528
f 1070 1071 1072
f 942 941 1073
f 916 933 1075
f 440 1529 1530
f 157 158 1514
f 1529 162 5
f 371 595 546
f 790 586 663
f 1077 858 857
f 1403 1434 1435
f 1080 1081 1082
f 531 520 1529
f 21 1083 1084
f 272 1532 1531
f 690 712 802
f 335 3571 3567
f 1090 1030 1029
f 1092 795 794
f 1533 396 137
f 661 660 1095
f 69 444 445
f 1099 1100 1101
f 38 39 1536
f 1104 1105 1106
f 852 1107 1108
f 1377 908 909
f 291 377 411
f 316 1536 516
f 539 1488 1533
f 1505 1536 316
f 1110 1111 1112
f 1539 1537 460
f 522 441 1537
f 834 837 1120
f 1122 1123 1124
f 612 1125 1041
f 935 793 615
f 276 278 130
f 1686 3549 3522
f 193 190 1541
f 231 521 1540
f 556 1037 982
f 365 253 85
f 190 532 318
f 1810 765 3574
f 3924 1867 3512
f 1132 983 985
f 208 101 102
f 1134 1033 662
f 1491 518 80
f 429 133 1542
f 1137 1138 915
f 172 436 428
f 1139 1140 1141
f 549 96 54
f 1517 1519 1518
f 834 1119 984
f 1543 513 286
f 1544 797 239
f 133 134 1544
f 506 361 257
f 420 327 328
f 1158 1159 1160
f 587 1104 1103
f 607 1161 1027
f 304 1546 1545
f 364 1491 77
f 69 70 198
f 700 840 1112
f 3877 626 3525
f 1166 719 657
f 1167 1168 858
f 1300 3523 3524
f 1172 1173 1174
f 218 203 200
f 1179 1180 1181
f 372 183 97
f 89 104 227
f 1186 1187 1188
f 172 173 1517
f 1482 84 81
f 1090 1192 1193
f 394 395 353
f 526 525 1198
f 1199 1200 1026
f 606 623 697
f 1204 1205 1206
f 1207 1208 523
f 1209 1210 867
f 914 913 685
f 1478 1436 1441
f 1029 1028 1161
f 1211 1212 1213
f 3858 1453 1451
f 844 1215 1216
f 423 193 273
f 1220 1221 1222
f 22 1223 1224
f 882 898 897
f 1519 1517 173
f 1189 1188 1232
f 349 350 550
f 1071 1235 1236
f 1237 1238 1239
f 1221 1186 1189
f 1510 1528 1512
f 939 1032 1241
f 1556 1530 5
f 1553 1554 394
f 404 1556 67
f 1247 1248 1249
f 142 199 238
f 1251 1067 635
f 850 1252 1253
f 1254 1167 1077
f 57 132 133
f 443 430 552
f 1187 1172 1175
f 1256 1070 831
f 432 405 382
f 741 748 747
f 434 350 351
f 349 432 383
f 251 124 1481
f 395 384 352
f 1518 1519 1550
f 1558 410 378
f 109 263 314
f 285 1514 1513
f 395 394 393
f 202 203 410
f 417 408 405
f 1246 1257 1258
f 3 1559 297
f 1259 1260 1261
f 403 404 347
f 955 954 953
f 462 50 51
f 1096 1095 687
f 429 147 60
f 896 1264 1265
f 1267 721 1268
f 423 424 327
f 37 179 180
f 20 23 1187
f 1256 1168 1071
f 1188 1175 1269
f 1236 1270 1271
f 1272 536 535
f 565 564 463
f 1273 792 745
f 876 1254 1255
f 316 33 164
f 437 1516 503
f 194 1494 1495
f 1275 1276 864
f 624 625 631
f 1277 1274 1137
f 569 568 567
f 1481 124 125
f 324 325 547
f 1279 1108 1107
f 1525 332 329
f 1281 1278 1137
f 171 168 1553
f 1488 73 396
f 1557 1561 1562
f 1282 856 1206
f 1053 1277 1278
f 778 777 607
f 713 583 3566
f 251 225 144
f 4 357 348
f 709 708 707
f 728 48 45
f 261 135 1563
f 789 1286 1287
f 74 314 263
f 403 284 385
f 1178 1181 1240
f 1223 1259 1289
f 1220 20 1186
f 296 1518 354
f 784 459 1538
f 1181 1180 1291
f 1269 1292 1257
f 1566 1538 438
f 136 784 1566
f 1563 1564 169
f 107 114 109
f 1297 1282 1298
f 1464 1477 1476
f 1520 187 507
f 1301 1302 1303
f 1306 1307 1308
f 175 456 1532
f 1532 456 200
f 1311 1266 1312
f 872 1314 1315
f 3836 843 878
f 1305 1308 864
f 1040 1275 863
f 1564 1566 399
f 592 1576 1575
f 591 1575 1088
f 1581 1584 1583
f 1196 1152 1147
f 710 582 583
f 285 407 408
f 953 954 961
f 1594 1592 1589
f 1585 1588 1587
f 1592 1591 1590
f 3885 945 944
f 1600 1599 1598
f 1604 1603 1602
f 1399 1392 979
f 1589 1590 1596
f 1610 1609 1608
f 298 257 361
f 551 552 276
f 1627 1626 3814
f 859 811 818
f 1078 857 1328
f 1555 439 1530
f 572 573 680
f 772 465 776
f 977 1281 918
f 404 403 392
f 1054 1331 750
f 1644 1645 1643
f 932 1265 1082
f 1067 1333 1334
f 1540 1539 264
f 597 1335 643
f 471 761 762
f 1642 696 3831
f 1644 1642 3842
f 923 946 950
f 96 549 548
f 520 531 522
f 445 444 443
f 849 839 848
f 480 759 755
f 1646 760 481
f 311 426 1567
f 464 463 3497
f 3497 1360 1361
f 234 237 236
f 190 193 192
f 153 154 152
f 231 287 286
f 1552 1553 1551
f 760 1646 1648
f 3832 1647 1649
f 828 827 826
f 52 167 166
f 1663 1662 1661
f 287 107 115
f 668 671 670
f 634 645 640
f 553 560 559
f 118 36 33
f 492 484 491
f 3552 1652 1651
f 582 589 584
f 384 395 392
f 1381 1382 1383
f 1562 1561 435
f 952 953 951
f 3529 3566 583
f 1660 1661 1667
f 1394 1395 1396
f 1660 1665 1664
f 1671 1670 1669
f 1624 1625 1673
f 1407 1408 1409
f 1677 1676 1675
f 1613 1679 1677
f 1679 1678 1676
f 1626 1681 3811
f 534 199 198
f 803 733 734
f 400 248 191
f 65 66 143
f 3526 1657 1656
f 402 159 157
f 629 628 627
f 461 477 49
f 758 757 495
f 796 787 786
f 406 407 1513
f 342 343 166
f 1694 1659 1658
f 1692 1687 1694
f 3557 1693 1652
f 3921 1704 1703
f 326 547 302
f 3916 3921 1702
f 3919 3918 1698
f 1699 1691 3927
f 1557 406 1560
f 1127 1116 1117
f 400 401 289
f 1706 1702 1707
f 1707 1702 1599
f 1709 1706 1708
f 1714 1712 1711
f 3919 3915 1709
f 1704 1711 1577
f 1716 1714 1713
f 1559 1562 1549
f 1722 1721 1720
f 1335 597 596
f 410 411 377
f 973 1170 1163
f 168 169 399
f 1571 682 1089
f 1572 681 682
f 749 646 647
f 1730 1724 1723
f 1594 1582 1729
f 1729 1723 1591
f 1384 1378 1377
f 1732 1731 1712
f 1724 1730 1731
f 1722 1724 1732
f 1721 1722 1733
f 1734 1733 1716
f 1735 1737 1736
f 1733 1732 1714
f 1663 1664 1741
f 1742 1665 1740
f 1738 1739 1737
f 1665 1660 1666
f 1665 1742 1744
f 1725 1726 1746
f 1591 1725 1745
f 1590 1745 1747
f 1745 1746 1748
f 1659 1688 3538
f 3287 1760 3545
f 1185 1177 1182
f 1664 1744 1749
f 1741 1749 1739
f 1746 1742 1743
f 1726 1744 1742
f 1115 924 1153
f 1654 3546 3575
f 1896 3562 3549
f 1720 1749 1744
f 1721 1739 1749
f 1750 1718 1701
f 1697 1736 1750
f 1151 1152 1063
f 1751 1752 1670
f 1695 1658 1752
f 961 962 986
f 1770 1769 1768
f 1766 1594 1593
f 1731 1759 1579
f 1579 1777 1774
f 3928 1772 1771
f 1764 1772 3928
f 1777 1776 1775
f 3762 3763 1699
f 1004 1127 1128
f 1774 1775 1771
f 987 1400 1399
f 1578 1774 1772
f 1783 1782 1781
f 1597 1598 1770
f 639 1878 3895
f 3928 3929 1769
f 1793 1792 1789
f 3929 3920 1798
f 3508 3516 3773
f 1802 1867 3924
f 1788 1790 1794
f 1793 1794 1795
f 3773 3772 1675
f 1584 1581 1783
f 1771 1797 3920
f 1801 1799 1798
f 1768 1769 1798
f 1775 1796 1797
f 508 514 515
f 1796 1803 1802
f 1800 1798 3920
f 1794 1805 1804
f 3532 1670 1752
f 485 1808 1807
f 3809 3844 1640
f 3837 3844 1810
f 485 482 1640
f 1690 1691 3770
f 487 488 1648
f 3839 1813 1816
f 3838 1811 1648
f 3839 1812 1811
f 1812 1809 487
f 1641 1809 767
f 465 466 755
f 767 1815 3823
f 3822 1816 3826
f 1809 1812 1815
f 3837 1653 1651
f 675 672 3541
f 1814 1649 1822
f 1821 1822 3821
f 1824 1822 1649
f 1827 1849 1850
f 1668 1669 1662
f 1779 1780 1848
f 1790 1827 1805
f 1833 1836 1853
f 3521 3506 693
f 1614 1615 1616
f 1852 1853 3498
f 1620 1621 1622
f 1855 1765 1574
f 1847 1852 3501
f 1766 1765 1855
f 1629 1630 1631
f 1633 1622 1634
f 1635 1636 1637
f 1848 1833 1852
f 1855 1861 1863
f 1803 1866 1867
f 1862 1863 1831
f 1782 1855 1862
f 3922 3924 1865
f 1873 1872 1870
f 1874 1869 799
f 2045 3878 3897
f 1219 1345 1295
f 1615 1614 1396
f 3884 3895 1877
f 645 3898 3786
f 1345 1219 1035
f 634 639 3884
f 15 1887 1327
f 3910 3895 1878
f 1894 604 605
f 3506 3551 627
f 3560 640 645
f 340 341 454
f 1897 194 195
f 1889 1882 1877
f 1901 94 129
f 196 749 754
f 1705 1704 3921
f 340 378 166
f 1570 1480 563
f 1904 1494 194
f 1781 1862 1832
f 1905 549 55
f 1000 994 995
f 986 919 920
f 1191 1185 1190
f 2094 2077 2075
f 1920 1921 1919
f 453 454 1912
f 1915 1919 1918
f 3882 2112 2106
f 1655 3575 3531
f 1916 1918 1926
f 704 3554 3561
f 278 1916 1925
f 3565 3564 1818
f 1097 949 1115
f 1927 1928 727
f 3578 3579 3654
f 1920 310 307
f 1929 307 48
f 503 504 1497
f 1902 1903 787
f 1816 1821 3820
f 1925 1926 1923
f 1535 1569 1568
f 254 252 258
f 1509 1497 366
f 119 86 35
f 219 288 293
f 141 46 47
f 542 205 244
f 1940 552 430
f 1779 1828 1827
f 1701 1710 3915
f 1661 3550 3515
f 270 53 754
f 197 1947 749
f 1727 1728 1212
f 53 54 232
f 1465 1468 1479
f 1284 3862 3854
f 1951 446 412
f 168 398 1554
f 1486 1485 206
f 506 77 78
f 994 1001 1007
f 951 953 963
f 1013 3859 3861
f 3826 3820 1820
f 1498 1909 1954
f 299 298 543
f 1754 1755 1756
f 1681 469 1683
f 1696 1694 1695
f 13 14 738
f 473 476 475
f 482 1641 768
f 204 62 30
f 1761 1762 820
f 611 1763 1125
f 1501 1503 1908
f 1074 1073 711
f 1960 1944 82
f 120 1956 1960
f 35 86 87
f 1773 1199 1025
f 1965 1545 1569
f 494 761 471
f 1966 1967 1969
f 446 1951 1971
f 174 368 125
f 1580 1579 1578
f 1785 1786 1787
f 1972 1546 304
f 1254 876 875
f 1973 341 342
f 321 1912 1973
f 1910 277 275
f 509 1973 514
f 1486 1507 1527
f 1974 1874 804
f 1977 1976 1974
f 1980 448 1966
f 379 1 2
f 1718 1715 1710
f 884 995 992
f 1680 1684 1678
f 902 990 525
f 344 255 256
f 135 138 137
f 448 446 1967
f 589 605 604
f 910 909 908
f 1981 1966 1968
f 1982 1981 1987
f 1988 1979 1987
f 1990 1988 1989
f 1991 1989 1993
f 322 321 320
f 992 828 830
f 1144 1076 1086
f 1995 1977 1978
f 1133 1129 1118
f 1997 1995 1994
f 870 1823 1335
f 805 806 1982
f 727 184 2000
f 1996 1994 1988
f 1994 1978 1979
f 1829 616 792
f 1830 1073 941
f 798 803 800
f 729 732 731
f 2011 2012 2023
f 1834 1835 846
f 402 283 284
f 2022 2023 2024
f 1838 718 989
f 810 955 952
f 1823 1839 1840
f 1430 1426 1432
f 1215 844 1841
f 1316 1208 873
f 2112 1401 1384
f 1842 1843 1844
f 1159 846 845
f 837 27 1846
f 1971 1951 2030
f 517 369 370
f 1471 2026 2027
f 3551 3525 626
f 2174 2175 770
f 935 934 1854
f 1613 1619 1611
f 1231 1228 1225
f 1856 1857 891
f 1300 1309 748
f 1150 1149 1858
f 1643 606 696
f 1215 1265 1264
f 1320 1860 902
f 1956 1943 1944
f 2031 668 669
f 2034 1325 1310
f 1879 1880 1656
f 40 245 242
f 1992 1993 2039
f 888 958 957
f 1882 1889 1996
f 1078 1138 1255
f 1871 912 1192
f 294 411 218
f 1323 2041 2026
f 123 1960 83
f 1324 2036 2041
f 384 358 359
f 1324 1325 2038
f 1883 1884 1885
f 287 1540 114
f 1096 1886 1134
f 915 1329 931
f 806 1980 1981
f 3533 3529 584
f 1425 2030 2042
f 1018 2042 1948
f 3562 1896 740
f 1948 2042 649
f 1881 1882 1990
f 1900 129 130
f 992 995 994
f 923 927 925
f 3878 2045 2047
f 1643 2048 625
f 2050 2052 2051
f 2045 1405 1404
f 3876 2047 945
f 1139 1080 1079
f 1037 1856 892
f 2055 2053 2057
f 1198 989 718
f 1619 2058 1612
f 2058 1605 1606
f 2059 2060 1607
f 2058 1619 1624
f 71 72 179
f 405 406 1557
f 322 1548 1972
f 2061 2052 2063
f 2066 2065 2067
f 2052 2061 2064
f 1609 1610 2066
f 1515 151 152
f 1009 827 993
f 1644 3843 3815
f 279 1915 1916
f 1285 3863 3862
f 1647 2066 1825
f 2056 2057 2067
f 319 320 1953
f 667 666 1913
f 2070 631 625
f 2052 2050 2055
f 2038 1654 1655
f 1606 1601 2073
f 1235 1917 1270
f 2072 2073 2075
f 2059 1606 2072
f 2074 2075 2077
f 1601 1602 2078
f 2049 2048 1643
f 1000 1004 1001
f 1089 943 684
f 1931 1286 1306
f 1462 1459 1021
f 1932 1933 1934
f 875 874 1846
f 1936 1051 1937
f 44 45 46
f 1534 1955 1956
f 1541 318 317
f 2081 2082 2084
f 146 1945 1959
f 1360 1941 1942
f 985 984 1032
f 1995 1997 1892
f 2079 2080 2082
f 2095 2096 2076
f 2081 2093 2078
f 2055 2050 2054
f 501 2096 2095
f 2097 2100 2099
f 2098 2099 2094
f 2140 2141 3893
f 2141 2046 3894
f 2051 2070 2048
f 592 2102 2101
f 2071 2064 2076
f 2102 2097 2098
f 593 2103 2102
f 1019 1895 746
f 1950 11 12
f 725 2071 2096
f 1385 2105 2104
f 1379 2104 2106
f 2107 2108 2100
f 3908 726 502
f 3896 502 499
f 940 1389 2109
f 928 929 1170
f 3868 590 684
f 1962 1963 1964
f 3878 680 573
f 2039 1993 1968
f 1389 1390 2110
f 1398 2111 2113
f 3757 3755 3753
f 3911 3883 2107
f 949 923 924
f 260 241 324
f 1390 1397 2113
f 2070 2051 2064
f 3867 3911 2103
f 2105 1385 1421
f 2114 1421 1423
f 3892 2114 2115
f 3908 2105 2114
f 554 2116 1902
f 972 1163 967
f 1765 1593 1573
f 1984 1985 1986
f 2053 2117 2069
f 3573 3556 724
f 1625 1677 1674
f 3881 3888 2119
f 3903 2115 2123
f 56 1954 1906
f 626 3877 3879
f 2001 2002 2003
f 3912 3841 2127
f 2006 2007 2008
f 2127 1413 1412
f 2014 2015 2016
f 2018 2019 2020
f 1495 1424 1947
f 1379 1377 1386
f 3814 3811 1680
f 2029 1885 1884
f 3902 2128 2120
f 629 3879 3914
f 682 683 943
f 724 1650 2121
f 1757 1819 3821
f 765 1810 3844
f 3851 714 715
f 706 707 3870
f 981 986 987
f 1457 1868 1656
f 2017 2016 2032
f 1458 1655 1868
f 1776 1777 1792
f 1959 1945 1946
f 3663 3715 3725
f 3913 3881 2122
f 1093 1089 689
f 966 965 968
f 3852 715 3881
f 2172 3577 2170
f 670 2138 2137
f 3761 787 1903
f 1429 19 28
f 964 963 978
f 3841 3813 1413
f 1473 1474 669
f 3834 3833 1359
f 2138 798 1870
f 1872 1473 2137
f 715 716 3888
f 1881 1991 1992
f 3843 3842 739
f 1837 1847 3513
f 253 58 59
f 1808 3837 3840
f 1647 3832 3818
f 3865 3866 671
f 2112 3882 3883
f 1405 2045 2044
f 3829 3824 1364
f 273 1541 391
f 576 632 3520
f 3875 3865 668
f 1430 1431 2140
f 2136 3850 3860
f 1430 2139 18
f 3893 3894 570
f 1442 1439 2046
f 1431 1442 2141
f 3869 3913 3850
f 3808 3823 1817
f 3866 3893 695
f 2142 2025 798
f 571 2143 2142
f 3819 3814 1618
f 2143 2022 2025
f 694 2142 2138
f 681 1572 2144
f 2144 2011 2022
f 328 210 457
f 1572 2010 2011
f 630 3892 3903
f 2085 2086 2087
f 2090 2091 2092
f 572 2144 2143
f 1875 1976 2153
f 1873 1875 2149
f 2103 2107 2097
f 2157 2043 2155
f 2128 1412 1414
f 3874 3871 589
f 3872 3870 628
f 2149 2153 2158
f 2159 2158 3905
f 698 3907 3902
f 3823 3847 3827
f 2158 2156 3874
f 1438 2044 2046
f 2035 2154 2160
f 2161 2160 3889
f 3871 3891 605
f 3873 17 18
f 370 29 61
f 649 1951 413
f 2153 2157 2156
f 1428 1429 1449
f 1490 76 73
f 3890 3905 710
f 2155 1891 3891
f 1456 1457 1880
f 2125 2088 2087
f 2160 2159 3890
f 300 1959 505
f 1064 1062 1046
f 2043 1892 1891
f 2129 2130 2004
f 2131 2132 2133
f 3848 3849 1450
f 1998 1975 804
f 3879 673 3864
f 474 492 490
f 1164 1165 1182
f 707 2162 3909
f 708 1472 2162
f 2162 2161 3886
f 548 549 1905
f 1145 1136 1114
f 705 2121 1650
f 2043 2157 1977
f 737 738 554
f 1034 1195 1191
f 458 1905 1907
f 195 196 232
f 2040 2039 1969
f 2145 2146 2147
f 2054 2050 2049
f 3832 1646 1639
f 9 12 11
f 252 364 506
f 472 478 479
f 1865 3924 3791
f 900 903 910
f 1941 2150 2151
f 1921 1928 1927
f 2163 1897 1898
f 271 156 153
f 1904 1326 12
f 282 263 264
f 1872 1873 2154
f 1326 1904 1897
f 628 692 693
f 1724 1722 1719
f 1549 1562 436
f 1582 1583 1730
f 1921 1920 1929
f 3563 3511 10
f 2152 2037 1950
f 475 772 774
f 769 2172 2171
f 2171 2165 476
f 476 773 772
f 1791 565 464
f 2166 2167 2168
f 595 371 372
f 483 1809 1641
f 762 2174 2173
f 771 483 484
f 486 487 1809
f 297 1549 1517
f 763 2175 2174
f 776 755 759
f 184 185 2176
f 412 447 303
f 2005 2176 185
f 3811 1681 1682
f 2164 2170 756
f 1472 2035 2161
f 950 951 964
f 2177 2178 2179
f 227 226 1510
f 2182 2183 2184
f 2186 2019 2018
f 1985 2182 2181
f 214 736 729
f 865 849 842
f 849 865 1357
f 559 3187 3188
f 16 13 737
f 560 553 498
f 3193 3196 3195
f 3200 3197 3198
f 3211 3214 3213
f 3215 3218 3217
f 2187 2188 2002
f 2169 2168 2189
f 2192 2086 2085
f 2193 2194 2195
f 2198 2199 2200
f 1998 1982 1979
f 3664 3665 3668
f 2116 1898 1903
f 1859 2006 2009
f 3904 2123 2126
f 1135 1148 1087
f 2201 2202 2015
f 1149 111 110
f 3221 3222 3218
f 2203 2204 2205
f 579 580 1895
f 1755 2207 2208
f 3891 3910 1893
f 1211 2151 2150
f 868 997 2210
f 944 945 930
f 2130 2129 2202
f 233 1903 1898
f 665 751 750
f 1167 1254 999
f 2211 2212 2213
f 2215 2216 2217
f 3867 593 590
f 2220 221 220
f 823 824 948
f 3225 3220 3227
f 266 204 455
f 3882 2108 2107
f 2221 2222 3519
f 2223 2224 2225
f 2207 2125 2124
f 673 674 3869
f 817 1000 996
f 2227 2228 2146
f 1947 1948 646
f 3900 2135 17
f 2229 1635 1638
f 1679 1613 1618
f 1637 2231 2232
f 2233 2234 1617
f 2231 2235 2236
f 1381 1638 2238
f 3586 2241 2242
f 1630 2234 2233
f 1681 1626 472
f 1408 1407 2243
f 3236 3239 3238
f 3232 3241 3240
f 1637 2230 2238
f 3237 3238 3233
f 1409 1408 1634
f 1380 1383 2247
f 1628 2248 2245
f 2249 1623 1622
f 1632 1634 1408
f 2248 1628 1631
f 2235 2231 1637
f 3245 3246 3199
f 631 2070 2071
f 515 167 52
f 782 781 2251
f 2253 2254 2255
f 397 281 459
f 1456 2039 2040
f 2040 2041 2036
f 1401 2112 2111
f 2041 2040 1970
f 1535 121 414
f 1586 1587 2080
f 2256 983 1132
f 1700 1699 3918
f 3815 1896 1686
f 1263 2256 1886
f 598 1841 844
f 2257 2258 2259
f 2258 2261 2262
f 2259 2262 2263
f 2260 2259 2216
f 1967 1971 1970
f 2212 1964 1963
f 922 921 2218
f 1312 1098 1101
f 1307 1306 1286
f 1548 1569 1546
f 2266 2267 2268
f 2265 2268 2270
f 2272 2265 2269
f 2273 2266 2265
f 2275 2276 2277
f 2278 2274 2277
f 2284 2285 3617
f 2287 2283 2286
f 2288 2289 2283
f 2290 2284 3639
f 2291 2292 2293
f 2295 2291 2294
f 2296 2297 2291
f 2297 2298 2292
f 2294 2293 2299
f 2279 2294 2300
f 2298 2301 2302
f 2292 2302 2303
f 2293 2303 2304
f 2304 2305 2306
f 2308 2309 2310
f 2302 2307 2310
f 2301 2311 2307
f 2312 2308 2307
f 2313 2314 2315
f 2318 2319 2320
f 3748 3771 2322
f 2324 2325 2273
f 2313 2324 2326
f 2328 2324 2313
f 2329 2325 2324
f 2331 2332 2333
f 2330 2333 2267
f 2325 2330 2266
f 2329 2331 2330
f 2333 2334 2335
f 2336 2334 2333
f 2338 2336 2332
f 2331 2339 2337
f 2329 2340 2339
f 2328 2341 2340
f 2316 2342 2341
f 2342 2316 2315
f 2344 2345 2346
f 2341 2344 2347
f 2342 2348 2344
f 2348 2349 2345
f 2350 2351 2352
f 2339 2350 2353
f 2340 2347 2350
f 2347 2346 2351
f 2337 2353 2354
f 2353 2352 2355
f 2356 2277 2276
f 2356 2357 2358
f 2356 2359 2296
f 2279 2277 2356
f 2360 2361 2270
f 2267 2335 2360
f 2362 2363 2364
f 2362 2365 2361
f 2366 2362 2358
f 2366 2367 2363
f 2357 2276 2368
f 2366 2368 2369
f 2276 2275 2370
f 2368 2370 2282
f 2372 2373 2374
f 2375 2376 2377
f 2378 2379 2380
f 2382 2378 2381
f 2384 2385 2378
f 2385 2386 2379
f 2388 2389 2390
f 2387 2390 2392
f 2393 2394 2387
f 2394 2395 2388
f 2186 2401 2402
f 2403 2404 2327
f 2272 2403 2326
f 2271 2405 2403
f 2405 2406 2404
f 2404 2407 2408
f 2409 2410 2411
f 2409 2412 2271
f 2413 2409 2269
f 2413 2414 2410
f 2417 2415 2416
f 2417 2418 2406
f 2412 2417 2405
f 2411 2415 2417
f 2406 2419 2407
f 3569 3520 632
f 2420 2398 2397
f 2420 2421 2423
f 2424 2420 2422
f 2424 2399 2398
f 2425 2391 2392
f 2421 2425 2426
f 2397 2396 2425
f 2396 2393 2391
f 2427 2314 2408
f 2430 2427 2428
f 2343 2315 2427
f 2432 2343 2430
f 2431 2430 2429
f 2435 2431 2433
f 2436 2432 2431
f 2428 2408 2407
f 2422 2437 2407
f 2438 2437 2422
f 2429 2428 2437
f 2440 2434 2433
f 2441 2439 2433
f 2442 2443 2439
f 2443 2444 2440
f 2445 2446 2444
f 2447 2445 2443
f 2383 2381 2445
f 2381 2380 2446
f 2448 2438 2423
f 2449 2448 2426
f 2441 2448 2449
f 2441 2429 2438
f 2449 2392 2390
f 2450 2390 2389
f 2447 2450 2451
f 2442 2449 2450
f 2451 2389 2453
f 2452 2453 2455
f 2382 2452 2454
f 2383 2451 2452
f 2456 2457 2373
f 2459 2460 2461
f 2463 2464 2465
f 2462 2465 2285
f 2466 2462 2284
f 2467 2463 2462
f 2461 2460 3703
f 2468 2469 2470
f 2472 2468 2471
f 2474 2461 3701
f 2475 2476 2477
f 2458 2455 2453
f 2479 2453 2389
f 2395 2480 2479
f 2480 2459 2458
f 2481 2482 2483
f 2484 113 2485
f 2471 2470 2464
f 2473 2471 2463
f 2487 2467 2466
f 2486 2466 2290
f 2490 2486 2488
f 2491 2487 2486
f 2492 2473 2467
f 2493 2492 2487
f 2494 2495 2492
f 2495 2472 2473
f 3690 2496 2474
f 3691 2497 2496
f 2498 2494 2493
f 2500 2498 2499
f 3700 3687 2498
f 3687 3691 2494
f 2306 2504 2278
f 2305 2505 2504
f 2504 2505 2507
f 2506 2507 2288
f 2274 2506 2508
f 2278 2504 2506
f 3633 3632 2489
f 3620 3633 2488
f 2507 2509 2289
f 2505 2510 2509
f 2508 2288 2287
f 2511 2287 2281
f 2370 2511 2280
f 2275 2508 2511
f 2512 2490 2489
f 2514 2512 2513
f 2517 2512 2514
f 2517 2491 2490
f 2499 2493 2491
f 2499 2517 2516
f 2510 2505 2519
f 2518 2519 2521
f 3616 2518 2520
f 3632 2510 2518
f 2522 2304 2303
f 2523 2522 2310
f 2305 2304 2522
f 2524 2522 2523
f 2519 2524 2525
f 2505 2305 2524
f 2308 2312 2527
f 2526 2527 2529
f 2531 2526 2528
f 2309 2308 2526
f 1214 2532 2151
f 2419 2406 2418
f 2533 2345 2349
f 2534 2533 2317
f 2535 2536 2533
f 2536 2346 2345
f 2537 2351 2346
f 2538 2537 2536
f 2539 2540 2537
f 2540 2352 2351
f 2312 2355 2541
f 2527 2541 2542
f 2543 2435 2434
f 2545 2543 2544
f 2319 2318 2543
f 2318 2436 2435
f 2514 2515 2548
f 2547 2548 2550
f 2552 2547 2549
f 2552 2516 2514
f 2520 2521 2554
f 2553 2554 2556
f 3590 2553 2555
f 3621 2520 2553
f 2523 2309 2531
f 2557 2531 2530
f 2525 2523 2557
f 2559 2557 2558
f 2554 2559 2560
f 2521 2525 2559
f 2561 2375 2007
f 2376 2562 2225
f 2564 2565 2566
f 2563 2566 338
f 2569 2563 2567
f 2570 2564 2563
f 2572 2573 2574
f 2571 2574 2576
f 2544 2571 2575
f 2544 2434 2572
f 2578 2570 2569
f 2579 2577 2569
f 2574 2577 2579
f 2573 2578 2577
f 2581 2582 2583
f 2584 2580 2583
f 3697 3675 2580
f 3676 2581 2580
f 2582 2516 2552
f 2583 2552 2551
f 2500 2501 2589
f 2590 2588 2589
f 3693 3695 2588
f 3695 3700 2500
f 2501 2516 2591
f 2592 2593 2594
f 2386 2385 2503
f 2596 2379 2386
f 2596 2374 2373
f 2599 2596 2597
f 2599 2380 2379
f 2600 2446 2380
f 2600 2599 2598
f 2603 2600 2601
f 2603 2444 2446
f 2604 2603 2602
f 2440 2604 2605
f 2444 2603 2604
f 2606 2582 2581
f 2606 2607 2590
f 2591 2516 2582
f 3676 2587 2456
f 3689 2456 2372
f 2478 2477 2608
f 2609 2610 2611
f 2564 2570 2613
f 2612 2613 2598
f 2457 2612 2597
f 2565 2564 2612
f 2614 2613 2570
f 2615 2614 2578
f 2602 2601 2614
f 2601 2598 2613
f 2572 2434 2605
f 2616 2605 2602
f 2573 2572 2616
f 1459 1016 1045
f 1265 1215 1079
f 1612 1608 1609
f 2067 2057 2069
f 1135 1109 1136
f 1938 1937 2618
f 95 548 458
f 2058 1607 1608
f 1454 1469 1445
f 655 2620 1048
f 722 1049 2621
f 1131 985 1033
f 562 1481 366
f 1723 1719 1725
f 1786 1123 1122
f 267 300 323
f 1325 2034 1654
f 1468 1165 1435
f 658 657 529
f 8 532 247
f 382 1557 1559
f 788 619 1307
f 940 930 929
f 911 2622 2623
f 2621 2620 655
f 2624 1857 2625
f 998 1846 27
f 635 638 2626
f 2627 641 644
f 2628 2627 1840
f 1200 1199 2627
f 1199 1773 641
f 1520 515 49
f 1452 1350 1349
f 2630 2631 1859
f 644 643 1335
f 1197 1198 717
f 2632 717 719
f 2628 2632 1166
f 2629 1197 2632
f 1762 2633 1050
f 1823 870 873
f 2634 2635 794
f 1042 794 2635
f 93 94 1901
f 2036 2038 1458
f 1527 332 1525
f 877 876 1274
f 134 409 797
f 1328 893 931
f 607 777 1091
f 1043 2635 2637
f 2636 2637 2639
f 1275 2636 2638
f 1275 1040 1043
f 1272 2624 2626
f 2640 2626 638
f 1110 2641 2640
f 536 1272 2640
f 1472 708 1474
f 2042 2030 1951
f 1058 1106 1105
f 2642 2623 2643
f 1192 2642 2644
f 912 2623 2642
f 3898 1657 3526
f 1049 1048 2620
f 616 1829 1885
f 1331 1913 666
f 990 989 1198
f 1911 1912 321
f 1298 1282 1205
f 76 1490 1504
f 1502 1500 421
f 610 609 658
f 1146 937 659
f 2646 911 914
f 1280 1239 1238
f 1453 1454 1452
f 835 942 1843
f 1271 1270 1173
f 1893 1878 1826
f 1050 2633 1937
f 2651 2652 814
f 1006 1053 1281
f 2653 1084 2654
f 1001 1004 1003
f 585 997 679
f 2624 1272 621
f 555 678 2028
f 1207 526 1197
f 1626 1627 478
f 426 389 419
f 1030 1193 1773
f 3898 645 634
f 534 1533 138
f 1125 1092 1042
f 333 228 88
f 569 1570 561
f 1489 2656 871
f 1857 2624 620
f 1673 1674 3770
f 622 861 864
f 619 788 891
f 261 544 545
f 393 1555 1556
f 2658 2659 2647
f 1075 2658 2657
f 1081 1080 2658
f 1080 1139 2659
f 2644 2643 1141
f 2660 1141 1140
f 642 2660 1336
f 1193 2644 2660
f 679 678 555
f 1503 1501 1500
f 1318 1317 1101
f 2661 2659 1139
f 2661 1142 2663
f 2662 2647 2659
f 2662 2663 2622
f 2664 2622 911
f 2648 2664 2646
f 2648 2647 2662
f 2083 2094 2093
f 1442 1440 1437
f 519 329 330
f 1885 2029 1209
f 799 800 805
f 1946 1943 1952
f 1302 1301 1253
f 566 2005 224
f 1389 940 928
f 683 682 681
f 836 835 1842
f 2665 1842 1845
f 2666 2665 1303
f 24 836 2665
f 831 1072 2650
f 1845 1844 1304
f 2010 2013 2012
f 1051 1936 2667
f 1522 1521 1511
f 531 440 441
f 1250 635 2625
f 2669 2625 1857
f 783 2669 1856
f 782 1250 2669
f 720 2670 2671
f 1055 1931 1930
f 1333 1067 1251
f 619 622 1308
f 652 655 2619
f 521 522 1539
f 1838 988 537
f 2672 537 536
f 1113 2672 2641
f 1113 527 1838
f 1016 1013 1351
f 3897 573 570
f 226 227 104
f 3564 3669 3827
f 1036 1037 1884
f 2674 1301 1304
f 2673 1304 1844
f 1334 2673 2675
f 1333 2674 2673
f 2676 702 1039
f 1843 2676 2675
f 942 1074 2676
f 1074 699 702
f 752 1057 1055
f 1200 1166 656
f 1120 1846 874
f 2677 874 877
f 1241 2677 1052
f 1119 1120 2677
f 1560 1513 151
f 1208 1316 611
f 215 735 736
f 1460 1459 1462
f 1208 1207 1839
f 854 856 1282
f 72 445 182
f 544 1563 1565
f 217 200 456
f 2047 1404 930
f 1204 2618 1937
f 913 777 686
f 840 527 1113
f 1531 729 730
f 2678 778 1283
f 601 667 1914
f 1537 1538 459
f 1819 1757 3509
f 991 1860 862
f 2679 711 1073
f 2680 1830 983
f 779 2680 2256
f 778 2678 2680
f 2678 2679 1830
f 180 542 245
f 1886 1132 1131
f 1138 1137 1274
f 1841 598 1140
f 75 313 314
f 193 423 420
f 2681 2682 1099
f 170 1567 1565
f 349 416 417
f 1121 1124 2684
f 547 797 409
f 123 122 121
f 2643 2663 1142
f 1542 1544 513
f 899 900 907
f 1210 677 676
f 791 663 982
f 24 27 837
f 893 896 932
f 1860 1320 863
f 535 538 862
f 1569 1548 1547
f 181 455 542
f 660 659 937
f 2013 567 568
f 887 890 2631
f 1524 1508 361
f 520 161 162
f 2653 855 854
f 1238 1237 2655
f 718 1838 527
f 1492 1493 518
f 792 616 615
f 599 846 1835
f 290 457 456
f 312 171 1552
f 1248 2687 1179
f 153 149 177
f 1240 1181 1222
f 1257 1292 1235
f 1291 1084 1083
f 1052 877 1277
f 743 742 2618
f 444 140 430
f 23 1224 1172
f 2687 2654 1180
f 102 103 409
f 1283 607 610
f 373 497 650
f 1180 2654 1084
f 855 2653 2655
f 1173 1270 1917
f 2689 850 853
f 2688 853 1108
f 2686 2688 1279
f 2687 2689 2688
f 2691 1302 1252
f 2690 1252 850
f 1248 2690 2689
f 1248 1247 2691
f 2692 617 24
f 2691 2692 2666
f 1247 1258 2692
f 1258 1168 617
f 394 1554 1555
f 2693 1260 1259
f 1072 1236 1262
f 1257 1071 1168
f 398 439 1555
f 871 1784 1314
f 1178 1232 1249
f 1224 1289 1173
f 1010 2617 2618
f 1175 1174 1292
f 2654 2687 2686
f 2694 1157 1216
f 71 418 1487
f 701 1112 1111
f 1072 1261 2649
f 1085 2695 22
f 895 2694 1264
f 1601 1606 1605
f 1259 1262 1271
f 21 20 1220
f 988 991 538
f 598 597 1336
f 1050 860 818
f 1298 2645 1761
f 1168 1167 618
f 858 1168 1256
f 39 242 516
f 2652 1761 819
f 313 316 315
f 2026 1970 1971
f 2656 1489 596
f 814 819 818
f 2696 2651 813
f 1260 2696 2649
f 2693 2697 2696
f 2697 1296 2651
f 381 355 390
f 3818 3819 1611
f 1475 1427 1428
f 1292 1174 1917
f 1551 353 354
f 1526 1525 1523
f 1593 1589 1595
f 1232 1269 1246
f 2695 2693 1223
f 2698 1297 1296
f 2698 2697 2693
f 2685 2698 2695
f 2685 854 1297
f 562 1497 271
f 2652 2651 1296
f 1365 1366 1364
f 1958 1946 1953
f 585 588 2210
f 1561 1560 1515
f 975 2648 1146
f 347 67 68
f 1038 1111 636
f 2700 781 780
f 2699 780 1036
f 2701 2699 1883
f 851 2700 2699
f 2674 1333 2251
f 2702 2251 781
f 1253 2702 2700
f 1301 2674 2702
f 1519 387 388
f 1273 1239 1280
f 2703 1280 1107
f 2701 2703 852
f 1829 1273 2703
f 91 260 326
f 1784 871 2656
f 2683 2684 2705
f 604 1894 3499
f 1669 3534 3548
f 2062 2063 2060
f 621 535 861
f 2023 731 732
f 686 779 1263
f 857 1051 2668
f 883 830 882
f 637 636 1111
f 2668 894 893
f 2667 921 894
f 1039 1038 1068
f 313 75 1504
f 1911 1972 305
f 1936 2706 1964
f 2707 2402 2401
f 2708 2707 2183
f 738 2163 2116
f 2349 2348 2432
f 2711 2712 2020
f 2400 2711 2019
f 2714 2715 2716
f 2717 2718 2719
f 2721 2722 2723
f 2726 2727 2728
f 2725 2728 2730
f 2731 2725 2729
f 2732 2726 2725
f 2734 2735 2736
f 2738 2739 2740
f 2737 2740 2741
f 2744 2745 2746
f 2745 2744 2748
f 2749 2750 2747
f 2753 2749 2751
f 2250 1380 2246
f 2754 1396 1614
f 3598 2754 2755
f 3608 2745 2747
f 1617 2756 2755
f 2242 2758 1620
f 2191 2085 2760
f 2761 2759 2760
f 3648 2759 2761
f 3623 2191 2759
f 3209 3248 3223
f 1395 1394 2236
f 1395 2235 1636
f 1616 1635 2229
f 1617 2234 2763
f 2756 2763 3628
f 2765 2763 2234
f 2766 2764 3628
f 3202 3199 3246
f 1516 437 435
f 2768 2769 3552
f 1495 541 578
f 2135 2136 28
f 3526 3540 2773
f 1690 1689 3926
f 2778 2779 2780
f 2777 2780 2781
f 2784 2778 2777
f 3555 3521 575
f 1494 1904 9
f 3529 2016 2015
f 451 61 505
f 2786 2787 2788
f 2779 2786 2785
f 2789 2752 2741
f 2790 2753 2752
f 2792 2793 2794
f 2793 2795 2796
f 2796 2797 2750
f 2794 2796 2749
f 2798 1393 1396
f 3591 2798 2754
f 2798 2799 2800
f 3591 3662 2799
f 2797 2796 2795
f 2791 2794 2753
f 216 233 232
f 3804 2806 2807
f 3805 2809 2804
f 2769 2810 3557
f 183 185 184
f 2811 2812 2775
f 2804 2811 2776
f 2809 2813 2811
f 2812 2811 2813
f 3805 2808 2816
f 3796 2818 2815
f 3798 3800 2820
f 3793 2823 2819
f 2824 2736 2735
f 2823 2825 2824
f 2825 2823 2826
f 3793 2822 2827
f 3796 2817 2826
f 2713 2716 2829
f 2828 2829 2831
f 2822 2821 2828
f 2821 2820 2713
f 2832 2827 2822
f 2833 2832 2830
f 2834 2835 2832
f 2835 2818 2827
f 2837 2838 2839
f 2836 2839 2841
f 2842 2836 2840
f 2843 2837 2836
f 2840 2841 2845
f 2718 2844 2845
f 2730 2728 2844
f 2727 2840 2844
f 2846 2845 2841
f 2829 2846 2847
f 2847 2841 2839
f 2848 2839 2838
f 2833 2848 2849
f 2831 2847 2848
f 2850 2814 2851
f 2853 2850 2852
f 2783 2777 2782
f 2785 2788 2853
f 2780 2785 2856
f 2857 2858 2855
f 2859 2857 2782
f 2861 2843 2842
f 2860 2842 2727
f 2862 2860 2726
f 2863 2861 2860
f 2861 2863 2858
f 2843 2861 2857
f 2856 2853 2854
f 2781 2856 2864
f 2837 2843 2859
f 2838 2837 2864
f 2852 2851 2834
f 2854 2852 2849
f 2865 2815 2818
f 2851 2865 2835
f 2813 2809 2815
f 2814 2813 2865
f 2866 2812 2814
f 2788 2866 2850
f 2866 2788 2787
f 2812 2866 2867
f 1892 1889 1890
f 2720 2719 2846
f 298 299 256
f 2872 2714 2713
f 3794 3800 2735
f 2729 2730 2874
f 2846 2716 2715
f 2876 2877 2878
f 2733 2875 2878
f 3806 3807 2879
f 3806 2880 2872
f 2882 2883 2884
f 2881 2884 2715
f 2880 2881 2714
f 2879 2882 2881
f 2885 2886 2887
f 2888 2889 2890
f 2885 2890 2892
f 2893 2886 2885
f 1942 2151 2532
f 2895 2892 2720
f 2884 2895 2870
f 2883 2896 2895
f 2896 2891 2892
f 2889 2874 2717
f 2890 2717 2720
f 2897 2893 2891
f 2898 2897 2896
f 2899 2898 2883
f 2900 2899 2882
f 3797 2900 2879
f 2876 2902 2901
f 2901 2902 2904
f 1785 2656 1835
f 2905 2906 2899
f 2907 2908 2897
f 3797 2901 2903
f 632 576 577
f 3532 3547 2867
f 434 385 550
f 2768 2770 3640
f 2910 2911 1623
f 2241 2912 2758
f 3640 2770 2913
f 1623 2911 2757
f 3587 2242 2757
f 2229 1381 1380
f 2765 1630 1629
f 2915 2914 1629
f 3642 3641 2914
f 3641 3622 2765
f 2919 2916 3642
f 2918 2915 2912
f 3614 2918 2241
f 3618 2919 3613
f 3541 2177 2180
f 3521 2002 2188
f 3705 3573 714
f 2925 2766 2917
f 2924 2917 2916
f 3610 2924 2919
f 3611 2925 2924
f 2926 2927 2766
f 3658 2926 2925
f 1715 1713 1705
f 785 497 498
f 1387 651 565
f 374 375 1899
f 3573 2203 2206
f 2929 2930 2886
f 2932 2933 2934
f 1905 1906 1908
f 2930 2935 2936
f 2938 2935 2930
f 1493 369 517
f 1603 1585 1586
f 2939 2938 2929
f 2940 2939 2908
f 3665 1707 1600
f 2886 2930 2937
f 2906 2907 2898
f 2908 2929 2893
f 2942 2934 2933
f 2941 2933 2937
f 3501 2941 2936
f 3498 2942 2941
f 2943 2944 2710
f 2943 2873 2874
f 2945 2943 2889
f 2946 2944 2943
f 2932 2945 2888
f 2931 2946 2945
f 727 1928 1929
f 2903 2904 2947
f 545 594 42
f 1480 1570 533
f 2907 2906 2949
f 2906 2905 2950
f 1558 452 215
f 3799 2903 2948
f 2054 1645 1644
f 3705 3684 2203
f 1828 1837 1849
f 2953 2954 2955
f 2952 2955 2957
f 2956 2261 2258
f 2953 2952 2258
f 2454 2455 2474
f 3747 2958 2959
f 3747 2132 2131
f 2961 2962 2963
f 2958 2963 2964
f 222 221 2485
f 2477 2226 2966
f 2631 2561 2006
f 2384 2454 2496
f 2967 2968 2959
f 2968 2967 2970
f 3759 2033 2971
f 3784 2971 2960
f 2972 2971 2033
f 2007 2377 2973
f 3560 3559 2134
f 1836 1833 1832
f 3506 2188 2090
f 955 810 959
f 672 675 674
f 633 710 713
f 2024 732 733
f 2025 2024 803
f 425 1552 1550
f 2975 2976 888
f 1319 1158 1157
f 1212 1935 2977
f 889 957 2228
f 1978 1974 1975
f 1138 1078 1329
f 751 665 2979
f 1619 1613 1625
f 2252 2255 1728
f 1157 1160 845
f 2706 1936 1938
f 2980 2255 2254
f 2982 2975 887
f 802 712 711
f 678 677 2029
f 527 840 690
f 1839 1207 2629
f 2983 2984 602
f 2983 1914 1913
f 2985 2983 1331
f 2986 2984 2983
f 2987 2637 2635
f 2985 2988 2639
f 2990 1319 1318
f 2991 2992 2993
f 2995 2991 2994
f 1106 1058 2991
f 1058 1057 2992
f 1415 1406 1365
f 1317 922 2217
f 1932 1728 2255
f 926 2998 2999
f 3001 2993 2992
f 3000 2992 1057
f 2999 3000 2978
f 2998 3001 3000
f 3002 2998 2209
f 3002 3003 2996
f 2993 3001 3002
f 1103 1106 2995
f 3004 2995 2996
f 2209 2210 3004
f 588 1103 3004
f 295 296 433
f 2638 2639 2988
f 3005 2988 1056
f 1305 3005 1930
f 1276 2638 3005
f 1987 1968 1993
f 2633 1762 1761
f 1423 1422 1417
f 3561 3517 739
f 2671 2670 2704
f 1473 1872 2035
f 922 1317 2694
f 1401 1400 1378
f 556 2028 1884
f 842 848 3825
f 1854 2706 2617
f 933 1082 1081
f 1440 1441 1436
f 529 657 719
f 1031 1025 1027
f 777 913 912
f 2645 1205 1204
f 441 438 1538
f 790 1287 587
f 2065 2066 1610
f 1860 991 990
f 60 106 87
f 1424 1017 1948
f 332 1527 1507
f 261 262 138
f 187 188 449
f 1719 1720 1726
f 1931 1055 1059
f 3006 1059 1105
f 1287 3006 1104
f 1286 1931 3006
f 3007 3008 3009
f 3009 3008 653
f 618 999 26
f 2029 677 1210
f 957 601 600
f 1049 2146 2228
f 2631 890 3011
f 890 889 2227
f 3011 2227 2145
f 2561 3011 3012
f 1026 656 609
f 2706 1854 1961
f 3013 2965 2485
f 2148 2147 1267
f 3015 1267 1266
f 2997 2264 1101
f 642 641 1773
f 186 477 461
f 1041 1040 1320
f 1121 3016 3017
f 2984 2986 2987
f 3018 2987 2634
f 1048 603 3018
f 603 602 2984
f 2679 2678 801
f 2062 2072 2074
f 2061 2074 2076
f 414 303 1545
f 3016 1121 2683
f 3019 2683 2704
f 3020 3019 2670
f 3007 3016 3019
f 1871 1090 1091
f 3021 1787 1122
f 3022 3021 3017
f 1314 3021 3022
f 1784 1787 3021
f 1316 1315 1763
f 3023 3022 3010
f 3023 3009 795
f 1763 3023 1092
f 1315 3022 3023
f 3016 3007 3010
f 752 751 2978
f 2986 2639 2637
f 3024 654 653
f 3020 3024 3008
f 720 723 3024
f 723 2621 654
f 2681 1098 1268
f 2671 3025 1268
f 2705 2681 3025
f 1313 3026 3027
f 3026 3028 3029
f 3027 3029 3030
f 1311 3027 3031
f 2012 568 731
f 917 2657 974
f 743 1206 856
f 1888 2027 2030
f 2682 2705 2684
f 3032 2684 1124
f 1100 3032 2989
f 1099 2682 3032
f 1123 2990 2989
f 3033 1834 1159
f 2990 3033 1158
f 1123 1786 3033
f 1786 1785 1834
f 1054 1056 2988
f 2979 665 664
f 2623 2622 2663
f 1095 660 688
f 3034 3035 2261
f 3036 3034 2956
f 3037 3038 3034
f 3038 3039 3035
f 3040 3041 3026
f 2263 3042 3041
f 3042 3039 3043
f 3041 3043 3028
f 3044 3045 3043
f 3046 3047 3045
f 3047 3048 3049
f 3043 3045 3049
f 3038 3037 3051
f 3050 3051 3053
f 3052 3046 3044
f 3039 3038 3050
f 3054 3035 3039
f 3042 2263 2262
f 2261 3035 3054
f 2216 2263 2997
f 2212 2211 2667
f 3056 868 2209
f 934 3057 1961
f 2013 3755 3757
f 3058 3059 3060
f 3059 3062 3063
f 3060 3063 2213
f 3061 3060 1963
f 3063 3064 2214
f 3062 3065 3064
f 3065 2257 2260
f 3064 2260 2215
f 3066 3067 3031
f 2608 2966 3067
f 2966 2562 3068
f 3031 3067 3068
f 2455 2458 2461
f 2476 2223 2226
f 3551 2090 2089
f 3526 2774 3769
f 433 354 355
f 2115 1423 1419
f 3509 2868 2922
f 3769 3737 2131
f 3069 2611 2167
f 2971 2972 2928
f 2961 2774 2773
f 3070 2475 2478
f 2610 2609 3071
f 2502 2371 2374
f 3072 2592 2595
f 2964 3046 3052
f 3048 2593 3074
f 2593 2592 3075
f 3075 3030 3029
f 3074 3029 3028
f 3072 3076 3075
f 3076 3072 2482
f 2481 2608 3066
f 3076 3066 3030
f 2967 3052 3053
f 2482 3072 3073
f 479 480 493
f 706 3900 3873
f 3561 2194 2221
f 2013 2010 3754
f 3533 2032 2016
f 3562 3519 2222
f 1171 1154 1155
f 2586 2566 2565
f 2982 110 113
f 2562 2376 3077
f 2376 2375 3012
f 3012 2145 2148
f 3077 2148 3015
f 2963 3047 3046
f 3051 3078 2970
f 1683 2173 491
f 3850 2122 1447
f 1986 2181 3734
f 3079 3080 2546
f 3081 3079 2575
f 1983 1986 3768
f 3082 2323 2319
f 3080 3082 2545
f 3734 3732 3082
f 3732 3748 2323
f 1309 1471 1888
f 3073 2595 2772
f 2760 3083 3084
f 2760 2085 2088
f 3085 3084 3086
f 3089 3085 3090
f 3089 2762 3084
f 3092 3088 3090
f 3093 2748 2744
f 2751 2747 2748
f 3093 2741 2752
f 2742 2741 3093
f 3094 3093 2743
f 3096 3097 3098
f 3099 3096 3087
f 3097 3094 3095
f 3100 2743 2746
f 3101 2927 3102
f 2764 2766 2927
f 2745 2764 3101
f 3102 3092 3091
f 3100 3091 3095
f 2869 2802 3592
f 3102 3103 3104
f 3658 2868 2869
f 2927 2926 3103
f 3098 3095 3091
f 3087 3098 3090
f 2088 2125 3105
f 3083 3105 3086
f 2483 3073 2771
f 2401 2186 2185
f 3099 3086 3105
f 2125 2207 3106
f 3108 2737 2742
f 3107 2742 3094
f 3110 3108 3107
f 3109 3107 3097
f 3111 3109 3096
f 3112 3110 3109
f 3113 2738 2737
f 3115 2723 2722
f 3117 3115 3114
f 3119 3117 3116
f 3118 3116 3120
f 3116 3114 3113
f 3122 3112 3111
f 3122 3123 1755
f 3124 3125 3126
f 3125 3118 3121
f 3128 3119 3118
f 3129 3128 3125
f 2020 2712 3128
f 3853 3857 1346
f 1065 1046 1047
f 1814 3838 3830
f 2021 2020 3129
f 3111 3099 3106
f 3123 3106 2207
f 2377 2225 2224
f 3014 2485 113
f 1756 2208 3782
f 3131 3132 2530
f 3133 3131 2528
f 1753 1756 3767
f 3134 3124 3127
f 2327 2408 2314
f 2436 2318 2317
f 2018 2021 3711
f 2534 3136 3137
f 2320 2322 3136
f 2185 2018 3712
f 3138 3139 2542
f 3134 3135 3744
f 3785 3130 3134
f 3140 3138 2539
f 2535 3137 3140
f 3711 2021 3130
f 2558 2530 3132
f 3782 3760 3141
f 2560 2558 3141
f 3760 3777 3142
f 958 888 2976
f 1933 1932 2980
f 2399 2424 2418
f 2348 2342 2343
f 2322 2320 2319
f 2718 2717 2874
f 2709 2729 2873
f 2894 2871 1361
f 346 289 176
f 1876 1877 1882
f 2802 2803 3607
f 3104 3144 3088
f 2974 2222 3649
f 3089 3145 2761
f 3088 3144 3145
f 2803 2974 3603
f 3870 3909 692
f 2123 1419 1418
f 1365 1363 1368
f 1581 1766 1782
f 3569 2202 2129
f 3555 2003 2002
f 3146 2585 2551
f 3751 3146 3147
f 3742 3149 3146
f 3149 2584 2585
f 3196 3198 3197
f 3604 2192 2191
f 3142 3150 2556
f 3777 3778 3150
f 3646 3152 2550
f 3150 3151 2555
f 3778 3780 3151
f 3788 3781 3152
f 3153 3147 2551
f 3152 3153 2549
f 3781 3776 3153
f 3776 3750 3147
f 3148 2767 2206
f 2183 2401 2321
f 2132 2960 2928
f 3684 3685 2204
f 3719 2198 2197
f 2594 2962 2773
f 2595 2594 2951
f 1870 798 799
f 3713 2179 2178
f 3706 2178 3736
f 336 3154 3774
f 339 3155 3154
f 3789 3683 3149
f 3683 3697 2584
f 2963 2962 3048
f 3722 3730 337
f 339 338 2566
f 3156 3157 2168
f 2610 3156 2167
f 2954 2953 3156
f 3157 3156 2953
f 3707 2166 2169
f 2567 3158 3159
f 337 3158 2567
f 3730 3069 2166
f 3764 2190 1983
f 2579 3160 3081
f 2568 3159 3160
f 3709 2169 2190
f 3065 3062 3162
f 3161 3162 1984
f 3157 3161 2189
f 2257 3065 3161
f 734 735 1922
f 3059 3058 2708
f 3163 2708 2182
f 3162 3163 1985
f 3062 3059 3163
f 3203 3206 3205
f 2122 2119 1448
f 3817 1686 1685
f 139 140 444
f 1570 569 566
f 2957 3164 3165
f 2955 3166 3164
f 1912 454 341
f 3130 3129 3124
f 1548 322 319
f 1949 1950 1327
f 2969 2970 3078
f 3167 3078 3169
f 3724 2014 2017
f 3720 2017 2033
f 3168 3169 3165
f 3170 3165 3164
f 3779 3170 3171
f 3724 3168 3170
f 3171 3164 3166
f 3172 3166 3071
f 3752 3172 3173
f 3756 3171 3172
f 3169 3037 3036
f 2593 3048 2962
f 3173 3071 2609
f 3174 2609 2199
f 3783 3174 2198
f 3749 3173 3174
f 2190 2189 1984
f 2196 2195 2767
f 2119 2120 1414
f 1464 1463 1466
f 2199 2611 3069
f 2457 2456 2587
f 2226 2225 2562
f 481 478 1627
f 333 1512 235
f 3078 3051 3037
f 3040 2264 2997
f 2219 1934 1933
f 2385 2384 2497
f 221 2220 3175
f 2220 1933 3143
f 3175 3143 2976
f 2484 3175 2975
f 2954 3071 3166
f 2630 1858 110
f 1547 319 1952
f 2091 2090 2188
f 3733 3736 2178
f 1918 1919 1927
f 3563 112 111
f 955 956 960
f 2037 3014 112
f 3143 2980 2981
f 2218 2211 2214
f 672 3877 3787
f 2152 3013 3014
f 1147 1144 1143
f 2248 2246 1409
f 1615 1636 1635
f 1410 1409 2246
f 3241 3243 3242
f 1382 3176 3177
f 3177 1410 2247
f 2247 1383 3177
f 3176 2238 2230
f 1410 3177 3179
f 3179 3180 2243
f 1633 3181 2800
f 1621 1620 2758
f 1622 1621 2245
f 2236 1394 3181
f 2237 2236 3182
f 2250 1631 2233
f 2912 1629 1628
f 135 136 1564
f 1567 419 512
f 1085 1084 2653
f 3184 869 868
f 869 3184 3057
f 1266 1268 1098
f 1267 2147 722
f 937 1146 2646
f 2146 1049 722
f 2211 2218 921
f 1957 510 507
f 1313 1312 2264
f 1496 362 1493
f 2887 2937 2933
f 1687 1688 1659
f 145 1499 1498
f 37 38 418
f 1935 1934 3185
f 104 89 301
f 2101 2098 2083
f 543 298 360
f 1934 2219 3186
f 234 1521 212
f 3845 3821 1822
f 1976 1875 1874
f 223 3186 2219
f 3655 3656 3605
f 2165 2164 467
f 467 468 2165
f 773 476 2165
f 1935 1212 1728
f 3240 3225 3226
f 3261 3249 3250
f 3215 3216 3244
f 3265 3221 3215
f 3267 3245 3198
f 3205 3206 3269
f 3214 3211 3265
f 3271 3213 3214
f 3251 3252 3239
f 3222 3221 3266
f 3232 3235 3234
f 3216 3242 3243
f 3196 3193 3268
f 3244 3243 3254
f 3238 3239 3247
f 3264 3244 3255
f 3253 3242 3216
f 3211 3266 3221
f 3257 3217 3218
f 3258 3222 3272
f 3274 3275 3280
f 3228 3229 3262
f 3275 3231 3281
f 3226 3227 3273
f 3236 3263 3260
f 3281 3263 3236
f 3287 3271 3192
f 3235 3226 3280
f 3234 3280 3281
f 3288 3290 3259
f 3260 3250 3276
f 3289 3212 3278
f 3210 3209 3224
f 3199 3202 3201
f 3228 3231 3230
f 3290 3288 3285
f 3282 3279 3271
f 3260 3263 3262
f 3243 3241 3268
f 3267 3268 3241
f 3194 3207 3208
f 3191 3270 3269
f 3270 3191 3192
f 3275 3274 3230
f 3264 3269 3270
f 3252 3251 3276
f 3248 3252 3291
f 3213 3271 3279
f 3272 3266 3289
f 3277 3278 3212
f 3228 3263 3281
f 3220 3225 3253
f 3219 3253 3217
f 3256 3218 3222
f 3247 3239 3252
f 3245 3267 3232
f 3266 3211 3212
f 3208 3205 3255
f 3288 3289 3284
f 3204 3205 3208
f 560 1899 3187
f 3209 3210 3201
f 3189 3192 3191
f 448 1980 807
f 647 648 122
f 1833 1848 1780
f 510 509 508
f 3210 1949 1887
f 1887 15 3200
f 15 16 3197
f 16 3188 3195
f 3195 3188 3187
f 3194 3187 1899
f 3207 1899 375
f 387 173 126
f 3189 1791 1760
f 3577 763 757
f 763 3577 2172
f 3583 3582 3580
f 3581 3580 3579
f 3594 3597 3596
f 3400 3601 3602
f 3626 3624 3625
f 3631 3635 3599
f 3636 3637 3595
f 3647 3584 3588
f 3650 3582 3584
f 3653 3579 3580
f 3653 2176 3654
f 1801 1864 3656
f 3651 3580 3582
f 3644 3638 3595
f 1767 1768 3659
f 1597 3663 3661
f 1708 1707 3665
f 3671 3668 3667
f 3666 3667 3673
f 1588 1708 3664
f 2080 3671 3666
f 2082 3666 3672
f 3674 3677 3635
f 3677 3678 3636
f 3682 3647 3645
f 3692 3651 3650
f 3681 3645 3644
f 786 3694 3692
f 3694 3653 3651
f 785 3692 3686
f 497 3686 3682
f 650 3682 3681
f 3696 564 3681
f 3405 3606 3605
f 3702 3699 3678
f 3699 3698 3679
f 3645 3588 3638
f 1799 3657 3659
f 3708 3704 3458
f 3462 3710 3708
f 3714 463 564
f 3615 3606 3602
f 3710 3714 3696
f 3635 3636 3596
f 3629 3626 3627
f 3597 3600 3599
f 3630 3716 3715
f 3627 3625 3597
f 3717 3716 3723
f 3715 3663 3660
f 3716 3717 3725
f 3668 3665 3661
f 3668 3725 3717
f 3667 3717 3718
f 3727 3728 3673
f 3728 1576 3672
f 3726 3727 3718
f 1576 2101 2084
f 3727 3726 3731
f 3203 376 1387
f 3190 1387 1791
f 3283 2152 1949
f 317 240 259
f 2000 2176 3653
f 3601 3599 3600
f 3589 3588 3584
f 3577 758 756
f 3585 3584 3582
f 3678 3679 3637
f 3204 375 376
f 1801 3655 3657
f 3729 3735 3728
f 1575 3735 3738
f 3735 1575 1576
f 1776 1795 1796
f 1293 1294 1290
f 1326 14 1327
f 1294 1245 1234
f 878 1244 1330
f 497 373 374
f 122 648 413
f 3699 3702 3704
f 3606 3405 3401
f 3708 3710 3698
f 3464 3714 3710
f 3704 3674 3443
f 439 398 399
f 1512 1528 1526
f 1668 1741 1738
f 839 849 1362
f 1362 1357 826
f 3843 740 1896
f 2053 2054 2118
f 3888 3887 2120
f 696 697 3816
f 1826 1878 639
f 3740 3739 3729
f 956 885 886
f 1980 806 1922
f 33 34 105
f 1343 1344 3856
f 3907 2127 2128
f 1766 1581 1582
f 14 1326 2163
f 595 98 99
f 3233 3238 3246
f 1346 1035 1044
f 748 1888 1425
f 3193 3208 3254
f 3190 3191 3206
f 3612 3605 3606
f 3624 3612 3615
f 3631 3415 3443
f 3679 3680 3644
f 3686 3650 3647
f 3702 3677 3674
f 3625 3615 3600
f 3601 3400 3415
f 3739 3738 3735
f 3630 3627 3594
f 3741 3723 3716
f 1284 1290 1288
f 3698 3696 3680
f 1778 1781 1780
f 1792 1759 1584
f 695 570 571
f 3638 3741 3594
f 3741 3638 3588
f 3247 3248 3209
f 3292 3293 3294
f 3296 3297 3298
f 3299 3298 3300
f 3302 3303 3304
f 3306 3307 3308
f 3307 3310 3311
f 3303 3302 3301
f 3312 3305 3304
f 3314 3315 3316
f 3318 3319 3320
f 3324 3318 3321
f 3326 3327 3328
f 3329 3330 3331
f 3333 3334 3335
f 3337 3338 3339
f 3333 3336 3341
f 3342 3341 3343
f 3319 3345 3344
f 3338 3335 3334
f 3346 3301 3302
f 3305 3348 3347
f 3312 3224 3223
f 3350 3337 3340
f 3312 3349 3348
f 3352 3343 3341
f 3311 3353 3354
f 3341 3336 3327
f 3359 3360 3361
f 3360 3359 3250
f 3318 3363 3345
f 3364 3363 3318
f 3314 3364 3324
f 3366 3299 3301
f 3299 3366 3367
f 3308 3354 3368
f 3369 3317 3295
f 3317 3369 3364
f 3370 3295 3317
f 3325 3371 3365
f 3352 3320 3319
f 3296 3367 3353
f 3297 3296 3311
f 3363 3368 3354
f 3345 3354 3353
f 3344 3353 3367
f 3366 3333 3342
f 3347 3339 3334
f 3339 3347 3348
f 3348 3349 3351
f 3363 3364 3369
f 3294 3309 3368
f 3293 3306 3309
f 3331 3373 3374
f 3346 3334 3333
f 3323 3322 3352
f 3356 3355 3321
f 3355 3357 3325
f 3357 3358 3371
f 3322 3356 3320
f 3361 3330 3329
f 3373 3372 3375
f 3374 3375 3376
f 3329 3332 3376
f 3327 3375 3372
f 3336 3335 3375
f 3335 3338 3376
f 3376 3338 3337
f 3337 3350 3359
f 3359 3350 3276
f 3377 3292 3295
f 3277 3316 3315
f 3371 3378 3379
f 3378 3371 3358
f 3365 3379 3315
f 3316 3277 3279
f 3282 3377 3370
f 3313 3283 3224
f 3378 3285 3284
f 3380 3286 3285
f 3379 3284 3278
f 3276 3350 3351
f 3291 3351 3349
f 3313 3304 2965
f 2965 3304 3303
f 222 3303 3300
f 223 3300 3298
f 3298 3297 3185
f 3297 3310 2977
f 3310 3307 1213
f 3307 3306 1214
f 2532 1214 3306
f 2894 2532 3293
f 2871 2894 3292
f 3253 3225 3240
f 3283 3313 3013
f 1997 1996 1889
f 1237 745 744
f 1535 1534 120
f 1531 1532 201
f 1119 1241 1032
f 946 948 824
f 163 8 5
f 3589 3726 3723
f 1155 1156 1162
f 427 213 327
f 553 1902 796
f 3381 2232 2231
f 3381 3178 2230
f 2237 3183 3180
f 3383 3384 3385
f 3384 3386 3387
f 3386 3388 3389
f 3388 3390 3391
f 3392 3393 3394
f 3395 3394 3396
f 3398 3399 3397
f 3400 3401 3399
f 3403 3404 3405
f 3406 3407 3404
f 3408 3409 3407
f 3410 3411 3409
f 3412 3413 3411
f 3415 3400 3398
f 3414 3398 3396
f 3416 3396 3394
f 3417 3394 3393
f 3393 3419 3420
f 3419 3390 3421
f 3390 3388 3422
f 3388 3386 3423
f 3386 3384 3424
f 3384 3383 3425
f 3425 3383 3426
f 2904 3427 3428
f 3429 3427 2904
f 3430 3429 2902
f 2875 3431 3430
f 3432 3433 2733
f 2825 3434 3435
f 3437 3438 3439
f 3441 3437 3436
f 2724 2723 3434
f 3436 3439 3115
f 3440 3436 3117
f 3443 3415 3414
f 3442 3414 3416
f 3444 3416 3417
f 3445 3417 3418
f 3446 3418 3420
f 3420 3421 3448
f 3421 3422 3449
f 3422 3423 3450
f 3423 3424 3451
f 3424 3425 3452
f 3425 3184 3056
f 3451 3452 2253
f 3450 3451 2252
f 3449 3450 1727
f 3448 3449 2150
f 3453 3447 3448
f 3454 3446 3447
f 3455 3445 3446
f 3456 3444 3445
f 3442 3444 3456
f 3443 3442 3457
f 3459 3460 3458
f 3457 3456 3455
f 3459 3455 3454
f 3462 3460 3459
f 3461 3454 3453
f 3464 3462 3461
f 3463 3453 1941
f 3404 3399 3401
f 3407 3397 3399
f 3409 3395 3397
f 3411 3392 3395
f 3465 3466 3413
f 3467 3468 3469
f 3465 3412 3431
f 3470 3467 3466
f 3438 3470 3432
f 3467 3470 3438
f 3468 3467 3437
f 3471 3469 3468
f 3472 3468 3441
f 3473 3441 3440
f 2712 3440 3119
f 3475 3471 3472
f 3474 3472 3473
f 3476 3473 2712
f 3477 3476 2711
f 3478 3474 3476
f 3479 3475 3474
f 3392 3411 3413
f 3466 3469 3480
f 3419 3393 3392
f 3390 3419 3480
f 3469 3471 3391
f 3389 3391 3471
f 3387 3389 3475
f 3385 3387 3479
f 3482 3477 2400
f 3483 3478 3477
f 3481 3479 3478
f 3484 3482 2402
f 3058 3484 2707
f 3061 3485 3484
f 3485 3483 3482
f 3382 3385 3481
f 3486 3481 3483
f 3426 3383 3382
f 3487 3382 3486
f 3486 3485 3061
f 1961 3057 3487
f 3057 3184 3426
f 3428 3403 3402
f 3427 3406 3403
f 3429 3408 3406
f 3430 3410 3408
f 3431 3412 3410
f 3470 3465 3433
f 3434 3439 3438
f 2723 3115 3439
f 2875 2733 3433
f 2736 2824 3435
f 2947 3428 3488
f 3464 3463 1360
f 1900 1925 1924
f 1736 1717 1718
f 1955 1952 1943
f 1671 1738 1735
f 1696 1750 1698
f 1800 1865 1864
f 2063 2055 2056
f 1737 1734 1717
f 1751 1735 1697
f 943 3885 3899
f 3656 3488 3402
f 1577 1578 1764
f 3917 1598 1599
f 1945 146 82
f 68 6 7
f 147 1542 1543
f 1109 1135 1133
f 1503 1910 1907
f 1499 1501 1909
f 452 1922 735
f 1824 2068 3835
f 1825 2067 2068
f 1463 1462 1022
f 841 1012 1009
f 1568 1547 1955
f 1910 1503 1502
f 1939 1502 422
f 309 280 1940
f 1804 1851 1866
f 269 1482 1954
f 2065 1607 2060
f 3812 1685 1758
f 280 276 552
f 1875 1873 1869
f 1739 1721 1734
f 1778 1779 1790
f 310 1920 1915
f 1909 1908 1906
f 1789 1783 1778
f 978 981 980
f 1584 1759 1731
f 425 426 311
f 148 1543 115
f 2044 3897 3894
f 277 1910 1939
f 1943 1946 1945
f 1461 1462 1463
f 2253 3452 3056
f 2981 2254 3489
f 2209 2998 3489
f 2254 2253 3055
f 2998 926 958
f 2826 2817 2721
f 3490 2739 2721
f 2816 3491 3490
f 2334 2297 2296
f 2298 2297 2334
f 2301 2298 2336
f 2311 2301 2338
f 2312 2311 2354
f 2359 2358 2361
f 2335 2296 2359
f 2414 2413 2365
f 2413 2270 2361
f 2355 2352 2540
f 2541 2540 2539
f 2722 2721 2739
f 3114 2722 2738
f 3110 3112 3121
f 3108 3110 3120
f 3122 1754 3127
f 3112 3122 3126
f 3127 1754 1753
f 3139 3133 2529
f 3744 3775 3133
f 3490 2789 2740
f 3491 2790 2789
f 228 229 91
f 245 244 243
f 248 7 247
f 2 297 296
f 145 146 300
f 327 213 210
f 329 332 331
f 239 241 240
f 373 376 375
f 178 177 176
f 1218 1225 1228
f 3862 1231 1295
f 808 809 824
f 3858 3859 1013
f 3813 3810 1411
f 2154 2149 2159
f 3845 3835 1758
f 306 807 1922
f 2157 2153 1976
f 708 709 2031
f 1450 1226 1227
f 1672 1604 1605
f 1813 1814 1821
f 1717 1716 1715
f 176 159 402
f 1710 1705 3916
f 1712 1580 1577
f 1705 1713 1711
f 971 978 979
f 822 823 1094
f 2909 2810 2793
f 2810 2769 2795
f 2799 2910 2249
f 3662 3643 2910
f 2769 2768 2801
f 3177 3176 3178
f 3178 3381 3180
f 3181 1394 1393
f 3181 1633 1632
f 3182 1632 2244
f 3183 2244 2243
f 3492 2791 2790
f 2808 3492 3491
f 2239 3574 3572
f 1149 1150 3571
f 1150 2009 3567
f 2202 3569 3566
f 2921 3564 3565
f 3568 3560 2133
f 1777 1579 1759
f 1201 1196 1183
f 3561 3554 2195
f 3553 3576 2770
f 3927 3925 1687
f 1516 152 154
f 3549 3562 2974
f 3550 3548 2779
f 2771 2772 3575
f 3070 2771 3546
f 3547 3544 2775
f 1376 1375 1370
f 2767 3543 3556
f 2195 3554 3543
f 2775 3544 3542
f 3377 3282 3545
f 3804 3802 3539
f 2776 3542 3538
f 2240 3572 3535
f 2920 3535 3669
f 3548 3534 2786
f 1805 1850 1851
f 3534 3532 2787
f 2951 2773 3540
f 2772 2951 3531
f 2973 2224 3530
f 2224 2223 3537
f 1957 1953 320
f 306 305 304
f 2770 3576 3528
f 2913 3528 3574
f 2923 3565 3527
f 308 1940 431
f 207 208 132
f 1879 1876 1881
f 3733 3787 3525
f 2475 3070 3558
f 2476 2475 3524
f 2223 2476 3523
f 3522 3549 2803
f 2037 3563 11
f 1959 1958 450
f 2003 3555 3520
f 9 10 334
f 2009 2008 3518
f 2008 2973 3536
f 3877 672 673
f 3515 3550 2778
f 2935 3514 3513
f 111 1149 3570
f 3510 3514 2935
f 683 3876 3885
f 3508 3557 2810
f 736 733 732
f 1795 1804 1803
f 3505 3510 2938
f 3507 3505 2939
f 2950 3512 3504
f 2940 2949 3504
f 3801 3791 3512
f 2868 3509 3502
f 2869 3502 3522
f 1024 1034 1023
f 3500 3503 2948
f 551 1939 442
f 2972 3499 3568
f 2032 3533 3499
f 216 93 1924
f 203 202 201
f 1828 1848 1847
f 1958 1957 449
f 272 271 178
f 2871 3545 3495
f 3619 3669 3564
f 2801 2768 3643
f 2005 3758 3654
f 960 886 899
f 3657 3655 3612
f 3780 3788 3646
f 3151 3646 3593
f 2193 3604 3623
f 3607 3603 3145
f 3603 3649 2761
f 3592 3607 3144
f 2926 3658 3634
f 3634 3592 3104
f 3755 3754 3746
f 566 567 3758
f 3488 3656 1864
f 1602 1586 2079
f 2868 3658 3611
f 2922 3611 3610
f 2923 3610 3618
f 3670 3613 2918
f 3619 3670 3614
f 2921 3618 3670
f 2920 3614 3586
f 3613 3642 2915
f 2917 2766 3622
f 2916 2917 3641
f 2239 3587 3652
f 2911 3640 3652
f 3643 3640 2911
f 2797 2801 3662
f 2797 3591 3598
f 3622 3628 2763
f 3608 3628 2764
f 2194 3623 3648
f 2221 3648 3649
f 2756 3608 3609
f 2750 3598 3609
f 3669 3535 1817
f 3763 3770 1691
f 2515 3621 3590
f 2548 3590 3593
f 2513 2489 3632
f 2513 3616 3621
f 2509 3633 3620
f 2510 3632 3633
f 2289 3620 3639
f 2283 3639 3617
f 2240 3586 3587
f 3659 3657 3624
f 716 2121 3887
f 727 1999 3761
f 2165 2171 2170
f 3660 3659 3626
f 3743 3581 3578
f 2175 2172 769
f 2100 500 2095
f 3758 567 3757
f 640 3560 3568
f 1653 3576 3553
f 1895 3536 3530
f 746 3530 3537
f 1653 1810 3528
f 3762 1603 1604
f 2093 2075 2073
f 959 996 995
f 962 899 919
f 1400 1401 1398
f 1000 817 1127
f 956 959 884
f 1662 3548 3550
f 2034 3558 3546
f 3926 1689 3539
f 3535 3572 766
f 3572 3574 765
f 334 3570 3571
f 1868 3531 3540
f 1684 1651 1652
f 1682 1683 775
f 1585 1603 3762
f 3763 3762 1672
f 2173 2174 490
f 1658 3544 3547
f 3556 3543 1650
f 1571 3754 2010
f 1587 3664 3671
f 2099 2095 2077
f 787 3761 1999
f 2000 3694 786
f 3155 339 3697
f 3713 3155 3683
f 2180 2179 3685
f 3496 2180 3684
f 1684 3846 3840
f 1760 464 3495
f 2607 3689 3693
f 2581 3676 3689
f 2371 2502 3700
f 2371 3695 3693
f 2587 3676 3675
f 2586 3675 3697
f 2497 3691 3687
f 2502 2503 3687
f 2494 3691 3690
f 3690 3688 2472
f 3688 3701 2468
f 3701 3703 2469
f 726 3908 3892
f 581 3567 3518
f 10 3511 3570
f 1837 3514 3510
f 741 3537 3523
f 1299 3524 3558
f 1851 3507 3504
f 3527 3565 1820
f 580 3518 3536
f 1758 1685 3522
f 1693 3557 3508
f 3504 3512 1867
f 1894 1826 3568
f 2126 1418 3813
f 3906 2126 3841
f 2113 3911 3867
f 2179 3713 3789
f 624 3903 3904
f 2192 3604 3788
f 2177 3541 3787
f 1364 3824 3833
f 3858 3855 1470
f 3135 1753 3775
f 2069 3812 3835
f 1351 3861 3853
f 2108 3882 3901
f 2089 2092 3736
f 3828 3834 1358
f 2001 3749 3783
f 2187 3783 3719
f 2130 3756 3752
f 2004 3752 3749
f 2014 3724 3779
f 2201 3779 3756
f 3167 3720 3759
f 3168 3724 3720
f 3159 3709 3764
f 3160 3764 3765
f 3730 3707 3158
f 3158 3707 3709
f 2200 3069 3730
f 3685 3789 3742
f 3722 3774 2197
f 3790 3736 2092
f 3774 3790 3721
f 3154 3706 3790
f 3155 3713 3706
f 2091 3719 3721
f 2196 3148 3750
f 2193 2196 3776
f 3604 2193 3781
f 2086 2192 3780
f 2087 2086 3778
f 2204 3742 3751
f 2205 3751 3750
f 3909 3886 574
f 2124 2087 3777
f 2208 2124 3760
f 3711 3785 3140
f 3785 3745 3138
f 3745 3744 3139
f 3771 3712 3136
f 3712 3711 3137
f 3775 3767 3131
f 3767 3782 3132
f 1813 3839 3838
f 1293 3854 3856
f 2184 2321 3748
f 2181 2184 3732
f 3765 3768 3079
f 3768 3734 3080
f 709 3873 3875
f 2774 2961 3737
f 3786 3769 2134
f 3809 3808 766
f 2968 3784 3766
f 2969 3759 3784
f 2958 3747 3737
f 2132 3747 3766
f 2321 2185 3771
f 3860 3848 1449
f 3905 3874 582
f 3886 3889 577
f 3847 3826 1818
f 705 3902 3887
f 3816 3912 3907
f 2111 3883 3911
f 3810 3829 1366
f 1812 3839 3822
f 675 3851 3852
f 3496 3705 3851
f 2110 3867 3868
f 2104 3896 3901
f 2109 3868 3899
f 3842 3831 703
f 1680 3811 3846
f 1639 1627 3819
f 623 3904 3906
f 2139 2140 3866
f 1808 1640 3844
f 3820 3821 1819
f 3872 3914 3900
f 1646 3832 3830
f 3889 3890 633
f 2139 3865 3875
f 2156 2155 3871
f 674 3852 3913
f 2117 3817 3812
f 1815 3822 3847
f 3855 3849 1444
f 697 3906 3912
f 866 842 3836
f 3864 3869 2136
f 3585 3731 3726
f 3583 3740 3731
f 3753 3746 3738
f 3740 3583 3581
f 1088 3738 3746
f 3739 3740 3743
f 2791 3492 3493
f 3492 2808 2807
f 2792 3493 3494
f 3493 2807 2806
f 3508 2909 3494
f 3516 3494 2806
f 2948 3503 3791
f 2105 3908 3896
f 3538 3802 3804
f 680 3878 3876
f 1891 1890 3910
f 2905 3799 3801
f 2900 3797 3799
f 2901 3797 3807
f 2734 2878 3806
f 2877 3807 3806
f 2820 3800 3794
f 2818 3796 3792
f 2823 3793 3792
f 2822 3793 3798
f 2819 2735 3800
f 2817 3796 3795
f 2809 3805 3795
f 2808 3805 3803
f 2805 3804 3803
f 1702 3921 3923
f 3922 3920 1797
f 3915 3916 1706
f 3918 3927 1692
f 1657 3898 3880
f 1890 1877 3895
f 3772 3770 1674
f 1689 1690 3772
f 3926 3802 3538
f 3516 3539 1689
f 3917 3923 1703
f 1598 3917 3928
f 3880 3884 1876
f 1691 1690 3925
f 3925 3926 1688
