v 0.058302 -0.011245 -0.048678
v 0.062225 -0.012227 -0.047681
v 0.062973 -0.010607 -0.047486
v 0.058662 -0.009658 -0.048387
v 0.071360 -0.009271 -0.057788
v 0.070510 -0.005778 -0.054668
v 0.070049 -0.002656 -0.054471
v 0.070132 -0.003150 -0.057278
v 0.025158 -0.045130 -0.112596
v 0.010612 -0.045057 -0.117390
v 0.010539 -0.056966 -0.114905
v 0.024000 -0.058509 -0.109048
v 0.042677 -0.080709 -0.089597
v 0.037595 -0.073012 -0.094940
v 0.036578 -0.085376 -0.099760
v 0.044914 -0.087981 -0.089178
v 0.038670 0.050015 0.041408
v 0.045449 0.048880 0.035257
v 0.044504 0.042511 0.038643
v -0.059330 -0.010710 -0.049735
v -0.063236 -0.011757 -0.048942
v -0.063949 -0.010307 -0.048881
v -0.059518 -0.009241 -0.049531
v -0.071983 -0.009454 -0.060077
v -0.070959 -0.006041 -0.056601
v -0.070724 -0.002900 -0.056250
v -0.070999 -0.003241 -0.059108
v 0.037821 0.042944 0.043425
v 0.093300 0.012329 -0.066955
v 0.093250 0.009741 -0.068488
v 0.093507 0.008326 -0.066644
v 0.093438 0.010650 -0.065511
v 0.088872 -0.006581 -0.065614
v 0.088970 0.001074 -0.067001
v 0.090422 0.003554 -0.067288
v 0.090268 0.001552 -0.066885
v 0.088006 -0.017162 -0.063180
v 0.087013 -0.016381 -0.062605
v 0.089111 -0.011775 -0.064162
v 0.089958 -0.012160 -0.065081
v 0.070229 -0.036306 -0.040749
v 0.073198 -0.034703 -0.042568
v 0.073864 -0.036566 -0.043498
v 0.068937 -0.037956 -0.041843
v 0.065939 -0.036309 -0.042728
v 0.071297 -0.037167 -0.046529
v 0.070853 -0.033796 -0.047396
v 0.066566 -0.033617 -0.044274
v 0.087945 0.022204 -0.051652
v 0.088357 0.018973 -0.051206
v 0.086532 0.018361 -0.048638
v 0.086022 0.021747 -0.048864
v 0.071299 -0.009708 -0.062982
v 0.069423 -0.016119 -0.060621
v 0.075401 -0.011146 -0.062567
v 0.075806 -0.008607 -0.063015
v 0.086031 0.011450 -0.059581
v 0.087162 0.012506 -0.062933
v 0.087545 0.010398 -0.064107
v 0.086430 0.008837 -0.061697
v 0.088951 0.014362 -0.067917
v 0.089186 0.011486 -0.069455
v 0.068373 -0.027139 -0.038836
v 0.067324 -0.023352 -0.038167
v 0.068325 -0.021876 -0.039319
v 0.069047 -0.022943 -0.040437
v 0.069255 -0.009461 -0.054929
v 0.070897 -0.005345 -0.053054
v 0.083435 -0.027922 -0.057934
v 0.083047 -0.025982 -0.057317
v 0.085413 -0.021789 -0.060786
v 0.085771 -0.023108 -0.061514
v 0.080284 -0.023073 -0.055620
v 0.082981 -0.020550 -0.059049
v 0.084221 -0.019852 -0.060671
v 0.082725 -0.022051 -0.058799
v 0.089557 0.014660 -0.057893
v 0.087063 0.016720 -0.053653
v 0.087991 0.016712 -0.053851
v 0.090057 0.014516 -0.058844
v 0.078728 0.002992 -0.062648
v 0.077471 0.007911 -0.061041
v 0.075841 0.007478 -0.061306
v 0.077117 0.003241 -0.062678
v 0.089692 0.011228 -0.065514
v 0.090053 0.008543 -0.066627
v 0.088147 0.007816 -0.065719
v 0.074082 0.009984 -0.049572
v 0.074014 0.010587 -0.050299
v 0.074686 0.008941 -0.050729
v 0.074009 0.007809 -0.049482
v 0.073981 -0.038001 -0.046565
v 0.066828 -0.024472 -0.054190
v 0.068959 -0.023781 -0.055241
v 0.071823 -0.019923 -0.058137
v 0.070393 -0.018670 -0.058540
v 0.065478 -0.034396 -0.039226
v 0.068492 -0.034328 -0.038795
v 0.069589 -0.035733 -0.039914
v 0.066371 -0.036312 -0.040062
v 0.077716 0.013925 -0.050191
v 0.080375 0.013250 -0.052515
v 0.078400 0.012339 -0.051855
v 0.076430 0.012749 -0.050070
v 0.087389 -0.000772 -0.065747
v 0.086681 0.006061 -0.063571
v 0.086074 -0.010098 -0.060576
v 0.086687 -0.010079 -0.063577
v 0.085659 -0.014155 -0.062542
v -0.029735 -0.045381 -0.113003
v -0.015250 -0.045143 -0.117531
v -0.015181 -0.057104 -0.115144
v -0.028589 -0.058811 -0.109570
v 0.085260 -0.014167 -0.059571
v 0.086138 -0.001872 -0.060392
v 0.086754 -0.001839 -0.063809
v 0.090822 0.007315 -0.064974
v 0.090507 0.001265 -0.065594
v 0.090640 0.007760 -0.065720
v 0.074441 0.011217 -0.059467
v 0.074265 0.014242 -0.063880
v 0.073403 0.008005 -0.065445
v 0.074490 0.008876 -0.060979
v 0.069370 -0.017966 -0.039602
v 0.070971 -0.015812 -0.040649
v 0.069828 -0.018193 -0.042311
v 0.069041 -0.020282 -0.042107
v 0.072655 -0.021980 -0.056909
v 0.069917 -0.025018 -0.054523
v 0.070586 -0.025593 -0.053865
v 0.073527 -0.023970 -0.055432
v 0.083338 0.014466 -0.054246
v 0.083255 0.008947 -0.054977
v 0.081242 0.008932 -0.053793
v 0.075709 -0.021515 -0.047263
v 0.076437 -0.020155 -0.049321
v 0.077842 -0.023405 -0.051132
v 0.076744 -0.025525 -0.049421
v 0.079156 -0.034430 -0.052085
v 0.076764 -0.034068 -0.052259
v 0.074003 -0.036030 -0.049199
v 0.076628 -0.036836 -0.049103
v 0.068801 -0.021344 -0.041131
v 0.068669 -0.020527 -0.039526
v 0.081567 0.003145 -0.064207
v 0.080233 0.009244 -0.062386
v 0.085416 0.007220 -0.059685
v 0.085700 0.004771 -0.061215
v 0.072428 -0.005095 -0.045497
v 0.069693 -0.004434 -0.046687
v 0.069457 -0.005163 -0.046915
v 0.072827 -0.006757 -0.045351
v 0.073010 -0.004951 -0.043793
v 0.073442 -0.006541 -0.043672
v 0.073190 -0.006897 -0.042062
v 0.072814 -0.005953 -0.041981
v 0.068873 -0.004100 -0.047810
v 0.069033 -0.004385 -0.047215
v 0.069553 -0.003926 -0.047617
v 0.074526 -0.002061 -0.058125
v 0.076496 -0.010008 -0.060347
v 0.073602 -0.009447 -0.059525
v 0.070145 -0.001899 -0.058039
v 0.087521 -0.008927 -0.065168
v 0.082141 0.018050 -0.044576
v 0.079875 0.019936 -0.044994
v 0.082761 0.023624 -0.049693
v 0.070518 -0.018525 -0.052184
v 0.073013 -0.017907 -0.048772
v 0.071019 -0.018098 -0.047279
v 0.069536 -0.019260 -0.050488
v 0.068777 -0.013876 -0.045080
v 0.066790 -0.017411 -0.044242
v 0.071312 -0.015383 -0.043711
v 0.073034 0.000762 -0.043280
v 0.071289 -0.002960 -0.046853
v 0.072248 -0.003932 -0.045073
v 0.072703 -0.003618 -0.043481
v 0.088071 -0.017936 -0.064252
v 0.090137 -0.012776 -0.066530
v 0.088223 -0.012601 -0.067405
v 0.086240 -0.018119 -0.065211
v 0.065903 -0.030713 -0.037720
v 0.063618 -0.033137 -0.040670
v 0.065390 -0.027395 -0.036750
v 0.092452 0.018872 -0.061115
v 0.087985 0.021442 -0.061765
v 0.088393 0.019520 -0.064155
v 0.092859 0.016930 -0.063328
v 0.068955 0.002213 -0.052759
v 0.069279 0.000131 -0.052599
v 0.069895 0.001750 -0.050612
v 0.069622 0.003540 -0.050545
v 0.048990 -0.031468 -0.094754
v 0.057146 -0.031452 -0.075460
v 0.060925 -0.018034 -0.083724
v 0.053926 -0.018329 -0.099998
v 0.079916 -0.031837 -0.051885
v 0.078361 -0.034009 -0.049174
v 0.074338 0.008485 -0.041550
v 0.073068 0.010692 -0.040854
v 0.074591 0.015871 -0.042204
v 0.075761 0.012430 -0.041584
v 0.089828 0.003104 -0.070446
v 0.093122 0.002241 -0.069273
v 0.077432 0.014443 -0.048168
v 0.082021 0.017897 -0.050938
v 0.079300 0.015552 -0.050310
v 0.077012 0.014257 -0.048808
v 0.075450 0.006280 -0.046714
v 0.076473 0.007615 -0.046114
v 0.075121 0.008476 -0.046415
v 0.073790 0.007121 -0.046680
v 0.072575 0.015501 -0.040196
v 0.074916 0.020086 -0.043130
v 0.065351 -0.025029 -0.053876
v 0.076309 0.007271 -0.044038
v 0.077427 0.009832 -0.043203
v 0.077907 0.009045 -0.045644
v -0.047215 -0.081162 -0.090315
v -0.042154 -0.073457 -0.095680
v -0.041040 -0.085930 -0.100520
v -0.049439 -0.088536 -0.089944
v 0.066472 -0.022317 -0.036125
v 0.067797 -0.020755 -0.037992
v 0.076011 0.013086 -0.048883
v 0.075159 0.012068 -0.048970
v 0.073270 0.008659 -0.048763
v 0.073484 0.006131 -0.050019
v 0.081447 -0.001226 -0.056304
v 0.083363 -0.009559 -0.058520
v 0.064755 -0.017606 -0.069431
v 0.061801 -0.031162 -0.055177
v 0.074040 0.008867 -0.046524
v 0.073883 0.009199 -0.046905
v 0.072570 0.008345 -0.047800
v 0.072811 0.007876 -0.046829
v 0.076713 -0.035440 -0.046627
v 0.079750 0.005394 -0.054095
v 0.075915 0.003863 -0.052386
v 0.076390 0.006149 -0.051438
v 0.090190 -0.007039 -0.065052
v 0.091381 0.001337 -0.065804
v 0.093044 0.001826 -0.067255
v 0.091686 -0.007278 -0.066324
v 0.064338 -0.034582 -0.041095
v 0.069192 -0.000588 -0.053770
v 0.070629 -0.002456 -0.052905
v 0.070197 0.005044 -0.050400
v 0.071237 0.006866 -0.048722
v 0.068414 -0.017789 -0.037527
v 0.088666 0.015277 -0.062819
v 0.089189 0.013362 -0.064171
v 0.086871 0.014080 -0.061588
v 0.086428 0.015304 -0.060017
v 0.085314 0.016423 -0.056181
v 0.085902 0.017970 -0.055701
v 0.087886 0.016789 -0.060771
v 0.074395 0.004763 -0.051499
v 0.075318 0.006759 -0.050404
v 0.074698 -0.022759 -0.045611
v 0.075309 -0.029045 -0.046734
v 0.084169 -0.017654 -0.060405
v 0.083327 -0.016805 -0.057674
v 0.085331 -0.006492 -0.067924
v 0.085196 0.002895 -0.068799
v 0.083146 0.002948 -0.066410
v 0.083583 -0.005843 -0.066436
v 0.075847 -0.002927 -0.063137
v 0.072659 -0.001975 -0.064123
v 0.072339 -0.004783 -0.041436
v 0.071447 -0.001004 -0.039674
v 0.070093 0.004461 -0.050883
v 0.070566 0.006002 -0.048611
v 0.077386 -0.019597 -0.059295
v 0.073284 -0.027181 -0.052253
v 0.077723 -0.022134 -0.057650
v 0.068681 -0.027624 -0.050420
v 0.068299 -0.028823 -0.048227
v 0.071273 -0.028990 -0.049656
v 0.080086 -0.021026 -0.054933
v 0.082207 -0.019833 -0.057533
v 0.067915 -0.004341 -0.048692
v 0.066435 -0.005967 -0.049985
v 0.067632 -0.004919 -0.048028
v 0.084694 -0.001719 -0.057905
v 0.085245 -0.009751 -0.058853
v 0.076958 0.009682 -0.046164
v 0.073803 -0.000377 -0.048734
v 0.075141 0.003020 -0.046057
v 0.080696 0.012988 -0.045161
v 0.078968 0.011246 -0.046104
v 0.078204 0.010495 -0.046006
v 0.079273 0.010945 -0.045111
v 0.060842 -0.015157 -0.048224
v 0.064551 -0.016540 -0.046830
v 0.066085 -0.013146 -0.046577
v 0.084828 0.018333 -0.054678
v 0.085177 0.016271 -0.055890
v 0.082142 0.009742 -0.064150
v 0.075099 0.010778 -0.051424
v 0.076074 0.009066 -0.052183
v 0.076960 0.022381 -0.058752
v 0.076478 0.020322 -0.055158
v 0.076828 0.020489 -0.053771
v 0.077361 0.024639 -0.054030
v 0.067355 -0.031845 -0.045223
v 0.070517 -0.031585 -0.047705
v 0.070316 -0.030150 -0.048158
v 0.067838 -0.030313 -0.046406
v 0.070243 -0.018347 -0.046596
v 0.069166 -0.019550 -0.049449
v 0.085774 -0.016253 -0.062835
v 0.084925 -0.017142 -0.061910
v 0.086410 -0.013145 -0.063889
v 0.087695 -0.011939 -0.064491
v 0.070603 0.002897 -0.054130
v 0.069073 0.001719 -0.054949
v 0.077294 0.014710 -0.055440
v 0.080056 0.016970 -0.056827
v 0.078734 0.019914 -0.053262
v 0.076729 0.017771 -0.053214
v 0.083915 0.010357 -0.066649
v 0.075912 0.007771 -0.051924
v 0.076756 0.007895 -0.052940
v 0.075345 0.008260 -0.051454
v 0.072892 0.006218 -0.047073
v 0.074663 0.004952 -0.047339
v 0.080254 0.012834 -0.046676
v 0.084690 0.016162 -0.049814
v 0.083581 0.016000 -0.049610
v 0.079560 0.013434 -0.047241
v 0.073973 0.010760 -0.048113
v 0.011906 -0.033202 -0.123379
v 0.013665 -0.023168 -0.130388
v -0.037491 0.049499 0.040008
v -0.044513 0.048257 0.034064
v -0.043668 0.041954 0.037374
v -0.036717 0.042547 0.041980
v 0.077064 0.020301 -0.045340
v 0.078474 0.022086 -0.049618
v 0.079648 0.022920 -0.049778
v 0.077808 0.021142 -0.046399
v 0.086297 0.014049 -0.059376
v 0.090703 0.010121 -0.064499
v 0.071694 -0.003556 -0.050963
v 0.068348 -0.006710 -0.051209
v 0.058494 -0.008437 -0.050234
v 0.058865 -0.007068 -0.050363
v 0.059556 -0.007656 -0.051605
v 0.058989 -0.009374 -0.051683
v 0.061027 -0.013840 -0.052037
v 0.063724 -0.014940 -0.050909
v 0.062943 -0.016917 -0.049304
v 0.060019 -0.016398 -0.051526
v 0.057537 -0.012062 -0.050808
v 0.058052 -0.010256 -0.050416
v 0.058824 -0.011251 -0.051909
v 0.058478 -0.013390 -0.052238
v 0.084225 0.017972 -0.052382
v 0.086106 0.017804 -0.053794
v 0.091694 0.009527 -0.063758
v 0.091741 0.007444 -0.065061
v 0.089812 0.013876 -0.061633
v 0.090328 0.012190 -0.063002
v 0.071675 -0.013059 -0.040325
v 0.072659 -0.012868 -0.042378
v 0.072158 -0.014583 -0.042363
v 0.092929 0.013047 -0.063793
v 0.093145 0.014649 -0.065257
v 0.068923 -0.030722 -0.038549
v 0.067581 -0.032081 -0.037824
v 0.041753 -0.098523 -0.025393
v 0.051146 -0.093270 -0.036850
v 0.050728 -0.102693 -0.037284
v 0.042096 -0.107790 -0.026200
v 0.080428 0.015348 -0.043457
v 0.078911 0.017898 -0.043225
v 0.057745 -0.013449 -0.049076
v 0.057668 -0.014805 -0.051306
v 0.060152 -0.016525 -0.049754
v 0.063401 -0.008864 -0.047485
v 0.059115 -0.008148 -0.048303
v 0.061295 -0.011919 -0.051940
v 0.063085 -0.006551 -0.051005
v 0.063629 -0.005429 -0.049195
v 0.065987 -0.020107 -0.045554
v 0.067596 -0.020375 -0.048154
v 0.069193 -0.020415 -0.044463
v 0.058006 -0.015242 -0.052084
v 0.070197 0.004052 -0.051891
v 0.064509 -0.010673 -0.051545
v 0.067747 -0.013265 -0.053231
v 0.067344 -0.015611 -0.052349
v 0.064190 -0.012813 -0.051566
v 0.078431 -0.023989 -0.052865
v 0.078741 -0.022015 -0.052784
v 0.071914 -0.017661 -0.054001
v 0.075173 -0.017601 -0.051687
v 0.071324 -0.000660 -0.051122
v 0.073094 0.002451 -0.049089
v 0.068226 -0.004155 -0.048323
v 0.065464 -0.008278 -0.051177
v 0.067726 -0.010413 -0.053093
v 0.063690 -0.007253 -0.047682
v 0.067668 -0.007317 -0.047093
v 0.067482 -0.006208 -0.047403
v 0.063642 -0.006180 -0.048008
v 0.079259 0.008999 -0.053261
v 0.077296 0.015599 -0.042345
v 0.079003 0.012633 -0.043058
v 0.077557 0.026916 -0.070827
v 0.075116 0.018864 -0.075503
v 0.075852 0.019310 -0.062583
v 0.061289 -0.009847 -0.051575
v 0.059812 -0.005907 -0.049878
v 0.060025 -0.006141 -0.048321
v 0.084756 -0.020454 -0.060442
v 0.070313 -0.020549 -0.043996
v 0.071240 0.004361 -0.048344
v 0.084380 -0.011652 -0.066337
v 0.082934 -0.016728 -0.064304
v 0.070412 0.005624 -0.048639
v 0.071480 0.006813 -0.047351
v 0.068436 -0.020037 -0.048963
v 0.069838 -0.019358 -0.045623
v 0.071937 0.007269 -0.047210
v 0.071934 -0.013491 -0.043954
v 0.085300 0.008682 -0.058162
v 0.075170 -0.031183 -0.052541
v 0.072908 -0.032691 -0.049747
v 0.059560 -0.007020 -0.048364
v 0.062838 -0.017079 -0.048611
v 0.062614 -0.008022 -0.051729
v 0.070214 -0.009530 -0.045639
v 0.069663 -0.011792 -0.045327
v 0.072605 -0.011190 -0.044142
v 0.077028 -0.017161 -0.053304
v 0.072987 -0.016243 -0.056179
v 0.074640 -0.015193 -0.058015
v 0.078989 -0.016510 -0.054950
v 0.081456 -0.021554 -0.061932
v 0.079724 -0.025846 -0.058491
v 0.081957 -0.028004 -0.058564
v 0.084231 -0.023576 -0.062447
v 0.079146 0.042464 -0.079450
v 0.078681 0.032535 -0.063904
v 0.080227 0.049033 -0.067896
v 0.083051 0.018217 -0.061538
v 0.083307 0.015924 -0.063241
v 0.088717 0.016912 -0.066109
v 0.076590 0.022971 -0.048072
v 0.077166 0.020299 -0.051837
v 0.076645 0.021797 -0.049424
v 0.089300 -0.007001 -0.069158
v 0.073599 0.004530 -0.042151
v 0.075724 0.005133 -0.044883
v 0.076033 -0.018205 -0.060016
v 0.078863 -0.018535 -0.053120
v 0.081146 -0.018064 -0.055308
v 0.090019 0.018844 -0.053871
v 0.086612 0.016913 -0.051505
v 0.008289 -0.110318 0.001561
v 0.008351 -0.116630 -0.002309
v 0.008357 -0.011402 0.061114
v 0.009835 -0.011670 0.059703
v 0.008825 -0.009757 0.058706
v 0.008072 -0.009686 0.059369
v 0.008563 -0.020533 0.059321
v 0.007989 -0.018929 0.058264
v 0.008868 -0.019146 0.057618
v 0.009594 -0.020467 0.058361
v 0.005460 -0.010030 0.058470
v 0.003864 -0.013045 0.061194
v 0.005473 -0.011588 0.062812
v 0.006733 -0.009241 0.059336
v 0.089097 0.022317 -0.055098
v 0.011712 -0.020568 0.058808
v 0.010736 -0.019094 0.057741
v 0.011839 -0.018266 0.059575
v 0.013207 -0.019430 0.060648
v 0.005028 -0.020088 0.067786
v 0.006172 -0.017862 0.067975
v 0.004786 -0.018762 0.065276
v 0.004720 -0.020628 0.064909
v 0.007791 -0.017037 0.067397
v 0.009641 -0.017512 0.069191
v 0.011169 -0.017455 0.067334
v 0.009166 -0.016893 0.065760
v 0.004451 -0.016471 0.060247
v 0.005539 -0.018308 0.061476
v 0.003823 -0.016507 0.063915
v 0.011978 -0.016298 0.057846
v 0.010203 -0.017483 0.056481
v 0.009597 -0.013643 0.055658
v 0.011097 -0.012673 0.056813
v 0.044368 -0.082889 -0.024307
v 0.052643 -0.080075 -0.037858
v 0.032880 0.004988 0.036840
v 0.032102 0.001906 0.038026
v 0.028026 0.003059 0.038947
v 0.028957 0.005826 0.037876
v 0.073499 -0.008742 -0.042993
v 0.073017 -0.007884 -0.041619
v 0.083392 0.013231 -0.064923
v 0.089375 0.015552 -0.058715
v 0.082760 0.020074 -0.059414
v 0.081234 0.022449 -0.054814
v 0.079821 0.021084 -0.053974
v 0.081260 0.018326 -0.057940
v 0.092255 0.016205 -0.059772
v 0.071707 -0.021941 -0.043509
v 0.082523 0.004692 -0.055496
v 0.080407 0.022984 -0.052386
v 0.084226 0.024413 -0.052850
v 0.089542 -0.007062 -0.065049
v 0.092658 0.014668 -0.061864
v 0.090662 0.013186 -0.060573
v 0.082514 0.014961 -0.045537
v 0.076057 -0.013194 -0.060156
v 0.082705 -0.013191 -0.058018
v 0.080994 -0.015532 -0.056573
v -0.093412 0.012515 -0.069152
v -0.093374 0.009934 -0.070455
v -0.093555 0.008587 -0.068491
v -0.093448 0.010929 -0.067746
v -0.089710 -0.006225 -0.067416
v -0.089668 0.001262 -0.069055
v -0.090855 0.003783 -0.069498
v -0.090995 0.001781 -0.069043
v 0.075142 -0.014709 -0.059234
v 0.068550 0.000729 -0.054878
v 0.067679 -0.016855 -0.035302
v 0.077520 -0.028859 -0.050320
v -0.089253 -0.016411 -0.064059
v -0.088353 -0.015822 -0.063857
v -0.090299 -0.011230 -0.065286
v -0.091078 -0.011565 -0.065877
v 0.078876 -0.027780 -0.052787
v 0.028036 -0.032686 -0.117460
v 0.031486 -0.021751 -0.123621
v 0.091776 -0.007297 -0.068251
v 0.083494 0.017016 -0.053112
v 0.073612 -0.022535 -0.044743
v 0.072647 -0.028474 -0.044058
v 0.071175 -0.027783 -0.042201
v 0.076590 0.008269 -0.052554
v 0.075087 -0.017076 -0.060535
v 0.075079 -0.014705 -0.061398
v 0.059927 -0.006718 -0.051297
v 0.078509 -0.023837 -0.057890
v 0.074416 -0.029205 -0.052400
v 0.056599 -0.076370 -0.051100
v 0.053511 -0.073365 -0.066619
v -0.071989 -0.035669 -0.042489
v -0.074726 -0.033937 -0.044303
v -0.075391 -0.035774 -0.045520
v -0.070719 -0.036890 -0.044021
v 0.053790 -0.084680 -0.064903
v 0.055626 -0.088659 -0.050142
v 0.069747 -0.002520 -0.036271
v 0.070706 -0.010137 -0.038452
v 0.069414 -0.011106 -0.036776
v 0.021252 -0.101408 -0.003392
v 0.018800 -0.112354 -0.007736
v 0.067538 -0.016058 -0.031451
v 0.067512 -0.016353 -0.021784
v 0.069373 -0.000377 -0.022060
v 0.068641 -0.006178 -0.031181
v 0.058212 0.032323 0.014971
v 0.059828 0.033030 0.010245
v 0.060419 0.023118 0.009899
v 0.058496 0.024400 0.014059
v 0.020058 0.092087 0.034566
v 0.010044 0.092813 0.036870
v 0.010064 0.100359 0.030675
v 0.020349 0.099222 0.027951
v 0.033505 -0.013836 -0.127730
v 0.035472 -0.003557 -0.132323
v 0.015919 -0.006381 -0.139638
v 0.014744 -0.015891 -0.134668
v 0.020504 0.115851 0.004871
v 0.009957 0.117665 0.007706
v 0.010046 0.122442 -0.002568
v -0.067783 -0.035359 -0.044891
v -0.072353 -0.036296 -0.048961
v -0.071822 -0.033104 -0.049940
v -0.068269 -0.032959 -0.046661
v 0.020787 0.120334 -0.005045
v 0.051632 0.002610 0.027203
v 0.053608 -0.003946 0.027247
v 0.049618 -0.004718 0.030996
v 0.048110 0.001894 0.030167
v 0.071914 -0.033068 -0.041377
v 0.070682 -0.032096 -0.040247
v -0.088568 0.022326 -0.053504
v -0.088593 0.019094 -0.053335
v -0.086306 0.018649 -0.050873
v -0.086534 0.021959 -0.050623
v -0.075275 -0.010965 -0.065316
v -0.073177 -0.017092 -0.063029
v -0.079161 -0.012216 -0.065044
v -0.079438 -0.009861 -0.065544
v 0.010193 0.126465 -0.014549
v 0.021197 0.124164 -0.016598
v 0.011532 0.012725 0.045338
v -0.085622 0.011360 -0.061921
v -0.087278 0.012529 -0.065292
v -0.087799 0.010525 -0.066446
v -0.086496 0.008839 -0.063971
v -0.089305 0.014462 -0.070034
v -0.089535 0.011604 -0.071547
v -0.069959 -0.026575 -0.040284
v -0.068979 -0.022820 -0.039461
v -0.069713 -0.021292 -0.040738
v -0.070433 -0.022352 -0.041843
v -0.069707 -0.009644 -0.056927
v -0.071511 -0.005574 -0.054913
v -0.083816 -0.026676 -0.059827
v -0.084203 -0.024982 -0.058732
v -0.086679 -0.020887 -0.061833
v -0.086474 -0.022045 -0.062997
v 0.011769 0.014865 0.042090
v 0.015284 0.011265 0.040729
v 0.015081 0.008896 0.043472
v 0.008157 0.063385 0.048358
v 0.008995 0.071788 0.045837
v 0.017806 0.071978 0.044260
v 0.016428 0.063652 0.047257
v 0.019535 0.008297 0.039277
v 0.018935 0.006092 0.041085
v 0.009996 0.106818 0.023736
v 0.020442 0.105459 0.020790
v 0.020418 0.129294 -0.067359
v -0.081310 -0.022531 -0.057191
v -0.083966 -0.020082 -0.060655
v -0.085294 -0.019352 -0.062262
v -0.083791 -0.021494 -0.060357
v 0.020992 0.129817 -0.058725
v 0.009664 0.132515 -0.059165
v -0.089694 0.014788 -0.060342
v -0.087217 0.016759 -0.055990
v -0.087888 0.016855 -0.056269
v -0.089976 0.014696 -0.061376
v 0.010639 0.131329 -0.071893
v 0.066632 -0.000346 -0.091862
v 0.069908 -0.001520 -0.076015
v 0.072916 0.010281 -0.077774
v 0.070943 0.015947 -0.094640
v 0.031587 -0.094626 -0.012591
v 0.030058 -0.105913 -0.015906
v -0.081327 0.002217 -0.064627
v -0.079795 0.007327 -0.062897
v -0.078856 0.006497 -0.063071
v -0.080312 0.002016 -0.064637
v -0.090064 0.011459 -0.067924
v -0.090437 0.008775 -0.068975
v -0.088471 0.007971 -0.067966
v -0.074835 0.009485 -0.051195
v -0.075195 0.010021 -0.051819
v -0.075843 0.008387 -0.052226
v -0.075158 0.007353 -0.050997
v -0.075074 -0.037043 -0.049006
v -0.069909 -0.024938 -0.056616
v -0.071720 -0.024102 -0.057669
v -0.074621 -0.020261 -0.060479
v -0.073607 -0.019254 -0.060945
v 0.052656 0.055381 0.023645
v 0.054755 0.061044 0.019396
v 0.057823 0.053459 0.015244
v 0.055358 0.048865 0.019838
v 0.006743 0.050052 0.052029
v 0.014050 0.050108 0.051781
v 0.012173 0.043659 0.051968
v 0.006092 0.043555 0.052244
v -0.067508 -0.033653 -0.040644
v -0.070388 -0.033666 -0.040250
v -0.071409 -0.035050 -0.041470
v -0.068382 -0.035386 -0.041898
v 0.058446 0.016796 0.014477
v 0.060946 0.013709 0.011297
v 0.059827 0.005269 0.015789
v 0.057077 0.009535 0.017889
v 0.054158 0.004231 0.023835
v -0.078421 0.013319 -0.051819
v -0.080782 0.012762 -0.054299
v -0.079063 0.011785 -0.053510
v -0.077289 0.012126 -0.051632
v 0.056407 -0.001892 0.023374
v -0.088434 -0.000590 -0.067621
v -0.087049 0.006195 -0.065722
v 0.019129 0.082045 0.040545
v 0.009603 0.082342 0.042365
v 0.059338 0.043743 0.011879
v 0.057039 0.040831 0.016787
v 0.009007 0.016077 0.048340
v 0.009462 0.017778 0.044159
v 0.007415 0.023356 0.047725
v -0.087445 -0.009920 -0.062321
v -0.087961 -0.009824 -0.065353
v -0.086829 -0.013829 -0.064180
v -0.086582 -0.013906 -0.061125
v 0.005236 0.022498 0.054480
v 0.005307 0.026700 0.053265
v 0.007638 0.026597 0.048825
v 0.033806 0.063580 0.039937
v 0.035475 0.071211 0.036520
v 0.042978 0.069872 0.030835
v 0.041348 0.062715 0.034526
v 0.020467 0.110877 0.013296
v -0.086962 -0.001852 -0.062433
v -0.087902 -0.001703 -0.065731
v 0.009945 0.112461 0.016250
v 0.005477 0.035660 0.051916
v 0.009314 0.035675 0.049981
v 0.008212 0.032501 0.049282
v -0.091383 0.007660 -0.067345
v -0.091493 0.001508 -0.067589
v -0.091084 0.008036 -0.068059
v -0.077332 0.010467 -0.060975
v -0.077297 0.013435 -0.065180
v -0.077013 0.006868 -0.066970
v -0.077841 0.007829 -0.062627
v 0.005626 0.032519 0.052136
v 0.023226 0.004337 0.039896
v 0.024062 0.006840 0.038704
v 0.063888 -0.031155 -0.044483
v 0.065086 -0.032941 -0.043632
v 0.070711 0.015226 -0.034335
v 0.069286 0.004494 -0.032490
v 0.069550 0.013250 -0.023252
v 0.070873 0.025975 -0.025037
v 0.074047 0.037721 -0.028167
v 0.075634 0.046360 -0.033294
v 0.075956 0.030265 -0.040447
v 0.073804 0.024004 -0.036318
v 0.048998 -0.081917 -0.078081
v 0.046650 -0.071952 -0.081082
v 0.005159 0.019137 0.057631
v 0.005057 0.015899 0.060366
v 0.018534 0.035389 -0.150661
v -0.070112 -0.017437 -0.041511
v -0.071676 -0.015425 -0.042698
v -0.070553 -0.017649 -0.044157
v -0.070061 -0.019645 -0.043746
v 0.017833 0.021839 -0.148909
v 0.038198 0.025854 -0.140262
v 0.038692 0.038779 -0.141637
v 0.063335 -0.010732 -0.087799
v -0.075126 -0.022086 -0.059197
v -0.072358 -0.025139 -0.056948
v -0.072750 -0.025536 -0.056302
v -0.075628 -0.023812 -0.057687
v 0.067310 -0.010104 -0.073040
v 0.010508 -0.014691 0.061637
v 0.007256 -0.010382 0.056795
v 0.007232 -0.014060 0.055592
v 0.006951 -0.011555 0.056814
v 0.010638 -0.017158 0.063403
v 0.012730 -0.017900 0.064702
v 0.008157 -0.017529 0.056426
v 0.007453 -0.017392 0.056756
v 0.006693 -0.013775 0.055794
v 0.008623 -0.009823 0.057527
v 0.002523 -0.022345 0.070562
v 0.003282 -0.021079 0.073932
v 0.006869 -0.019173 0.072489
v 0.005281 -0.020629 0.070148
v 0.004969 -0.011369 0.058123
v 0.004056 -0.013388 0.058676
v 0.005311 -0.015296 0.066209
v 0.006980 -0.011392 0.062218
v 0.007435 -0.009355 0.059413
v 0.006971 -0.014501 0.065431
v 0.005805 -0.020468 0.062083
v 0.008689 -0.014329 0.063749
v -0.083151 0.014186 -0.056411
v -0.082960 0.008698 -0.057169
v -0.081363 0.008548 -0.055758
v -0.076849 -0.021100 -0.049089
v -0.077657 -0.019922 -0.051092
v -0.078749 -0.022957 -0.052914
v -0.077582 -0.024894 -0.051331
v 0.077413 -0.019225 -0.051130
v 0.053768 -0.063507 -0.032489
v 0.057076 -0.048847 -0.039693
v 0.056879 -0.048750 -0.045335
v -0.079444 -0.033136 -0.054313
v -0.077177 -0.033358 -0.055115
v -0.074833 -0.035441 -0.052054
v -0.077261 -0.035809 -0.051661
v -0.070182 -0.020700 -0.042637
v -0.069783 -0.019966 -0.041106
v -0.083542 0.002697 -0.066174
v -0.082052 0.008840 -0.064354
v 0.055051 -0.063998 -0.041428
v 0.079612 0.007362 -0.053931
v 0.066490 0.059161 -0.003409
v 0.068227 0.071051 -0.012583
v 0.073287 0.058725 -0.024392
v -0.085292 0.007101 -0.061968
v -0.086137 0.004819 -0.063375
v 0.072510 0.047847 -0.019342
v 0.068704 0.080745 -0.020797
v 0.073861 0.069755 -0.031676
v 0.076864 0.057044 -0.041464
v 0.078283 0.035986 -0.055366
v 0.039694 0.019570 0.032387
v 0.039948 0.019198 0.032320
v 0.038489 0.018747 0.033517
v -0.073175 -0.005114 -0.047455
v -0.070476 -0.004485 -0.048547
v -0.070266 -0.005180 -0.048755
v -0.073544 -0.006716 -0.047304
v 0.038312 0.019172 0.033616
v 0.039333 0.019835 0.032131
v 0.038121 0.019433 0.033109
v -0.073714 -0.004934 -0.045791
v -0.074110 -0.006459 -0.045680
v -0.073925 -0.006817 -0.044080
v -0.073581 -0.005898 -0.043982
v 0.040374 0.020264 0.031306
v 0.040754 0.019973 0.031522
v 0.040917 0.019584 0.031432
v 0.023350 0.019839 0.035952
v 0.023804 0.020011 0.035186
v 0.026154 0.019424 0.036143
v 0.025928 0.019236 0.036988
v 0.023199 0.019430 0.036250
v 0.026189 0.018707 0.037086
v -0.069728 -0.004211 -0.049570
v -0.069862 -0.004467 -0.049011
v -0.070366 -0.004013 -0.049439
v -0.075174 -0.001383 -0.061005
v -0.076854 -0.009457 -0.063020
v -0.074086 -0.009361 -0.062239
v -0.071050 -0.001708 -0.060402
v 0.022504 0.021379 0.030019
v 0.022238 0.022035 0.030071
v -0.088662 -0.008580 -0.066841
v 0.023540 0.020437 0.030241
v 0.021314 0.022170 0.032565
v 0.021217 0.023409 0.032558
v -0.082597 0.018231 -0.046395
v -0.080879 0.020098 -0.046308
v -0.083648 0.023741 -0.051141
v 0.021801 0.023873 0.030108
v 0.021963 0.022618 0.030055
v 0.021601 0.021600 0.032771
v -0.071787 -0.018931 -0.054112
v -0.074470 -0.017734 -0.050541
v -0.072247 -0.017664 -0.049010
v -0.070728 -0.019199 -0.052303
v -0.069572 -0.013531 -0.046978
v -0.067528 -0.016913 -0.046033
v -0.072117 -0.015025 -0.045688
v -0.073664 0.000870 -0.045287
v -0.071890 -0.002928 -0.048764
v -0.072969 -0.003932 -0.047064
v -0.073418 -0.003636 -0.045485
v -0.088869 -0.017072 -0.065454
v -0.090775 -0.012047 -0.067507
v -0.088862 -0.012101 -0.069079
v -0.086968 -0.017374 -0.067024
v 0.019922 0.021316 0.033407
v 0.019607 0.021785 0.033229
v -0.067799 -0.029994 -0.039101
v -0.065785 -0.032455 -0.042240
v -0.067577 -0.026844 -0.038027
v -0.092795 0.019015 -0.063293
v -0.088499 0.021619 -0.063815
v -0.088860 0.019621 -0.066277
v -0.093176 0.017056 -0.065589
v -0.070296 0.002225 -0.054566
v -0.070440 0.000028 -0.054309
v -0.070914 0.001622 -0.052430
v -0.070857 0.003537 -0.052425
v 0.019738 0.023000 0.033266
v 0.030762 0.017630 0.037130
v 0.031136 0.016933 0.036854
v 0.026691 0.017397 0.037043
v 0.026489 0.018070 0.037125
v 0.030432 0.018236 0.037226
v 0.033682 0.018263 0.036475
v 0.034057 0.017664 0.036268
v 0.034376 0.017011 0.035877
v -0.053304 -0.032080 -0.095777
v -0.061262 -0.032153 -0.076897
v -0.065042 -0.018883 -0.085182
v -0.058089 -0.019053 -0.101111
v -0.080718 -0.030718 -0.053660
v -0.079262 -0.032952 -0.051214
v -0.074913 0.008623 -0.043370
v -0.074016 0.010774 -0.041986
v -0.075457 0.016071 -0.043118
v -0.076316 0.012598 -0.043062
v 0.023329 0.018277 0.036442
v 0.023249 0.018919 0.036395
v 0.034670 0.016269 0.035443
v 0.031444 0.016136 0.036440
v -0.090065 0.003320 -0.072565
v -0.093045 0.002569 -0.070815
v 0.026889 0.016536 0.036826
v 0.023268 0.017653 0.036508
v 0.020134 0.019017 0.035804
v 0.020523 0.019477 0.035705
v 0.031681 0.015277 0.036096
v 0.031627 0.014344 0.036025
v 0.026889 0.014690 0.036641
v 0.026956 0.015594 0.036632
v -0.077832 0.014025 -0.050006
v -0.082102 0.017595 -0.053105
v -0.079622 0.015079 -0.052224
v -0.077598 0.013722 -0.050534
v -0.075880 0.006312 -0.048773
v -0.076782 0.007602 -0.048043
v -0.075554 0.008414 -0.048244
v -0.074403 0.007029 -0.048562
v 0.034842 0.015427 0.035025
v 0.034819 0.014439 0.034915
v -0.073462 0.015497 -0.040802
v -0.075538 0.020171 -0.043790
v 0.042624 0.019785 0.029642
v 0.043173 0.020316 0.028922
v 0.043331 0.019534 0.028756
v -0.068703 -0.025678 -0.056167
v 0.043052 0.019036 0.029147
v 0.046114 0.016245 0.025515
v 0.047083 0.017678 0.024781
v 0.049177 0.016388 0.023282
v -0.076585 0.007449 -0.046122
v -0.077655 0.010010 -0.045161
v -0.077983 0.009145 -0.047635
v -0.068196 -0.021881 -0.037370
v -0.069122 -0.020260 -0.039457
v -0.076719 0.012511 -0.050490
v -0.075984 0.011485 -0.050571
v -0.074123 0.008301 -0.050373
v -0.074605 0.005866 -0.051532
v 0.047831 0.014892 0.024430
v -0.082047 -0.001044 -0.058310
v -0.084015 -0.009268 -0.060138
v 0.055903 0.006345 0.020667
v 0.049744 0.012293 0.023659
v 0.051198 0.013893 0.021779
v 0.041966 0.019338 0.030428
v 0.041171 0.019015 0.031277
v 0.041743 0.019978 0.030581
v 0.042391 0.020422 0.029863
v 0.042448 0.018647 0.029913
v 0.041571 0.018300 0.030951
v 0.040251 0.018642 0.032196
v 0.040621 0.017897 0.031961
v 0.039108 0.017441 0.033210
v 0.038799 0.018135 0.033407
v 0.036631 0.017825 0.034844
v -0.068645 -0.018523 -0.071399
v -0.065377 -0.031766 -0.057026
v 0.036326 0.018429 0.034997
v 0.036963 0.017146 0.034509
v 0.039403 0.016681 0.032945
v 0.037340 0.016407 0.034180
v 0.041034 0.017127 0.031504
v 0.042089 0.017559 0.030362
v 0.042921 0.017990 0.029301
v 0.043562 0.018441 0.028490
v 0.043956 0.019144 0.027968
v 0.043499 0.017194 0.028432
v 0.044124 0.016369 0.027600
v 0.042914 0.015810 0.028990
v 0.042558 0.016732 0.029639
v 0.044300 0.017783 0.027486
v 0.045081 0.017074 0.026500
v -0.074537 0.008725 -0.048224
v -0.074379 0.008967 -0.048550
v -0.073364 0.008067 -0.049414
v -0.073569 0.007679 -0.048577
v 0.041350 0.016362 0.031015
v 0.041563 0.015485 0.030477
v 0.039687 0.015071 0.032126
v 0.039589 0.015997 0.032634
v -0.077958 -0.034595 -0.048811
v -0.080260 0.005232 -0.055964
v -0.076975 0.003758 -0.054195
v -0.077574 0.005769 -0.053023
v 0.037618 0.015642 0.033837
v 0.037708 0.014689 0.033426
v -0.091220 -0.006540 -0.066043
v -0.092358 0.001636 -0.067180
v -0.093429 0.002122 -0.068770
v -0.092238 -0.006721 -0.067320
v 0.030303 0.018721 0.037174
v 0.030221 0.018989 0.036519
v 0.033347 0.019012 0.035930
v 0.033511 0.018736 0.036509
v 0.036095 0.018886 0.035020
v -0.066379 -0.033724 -0.042956
v -0.070217 -0.000742 -0.055427
v -0.071523 -0.002642 -0.054660
v 0.036023 0.019205 0.034474
v 0.033479 0.017963 0.033397
v 0.032677 0.018590 0.029641
v 0.035521 0.018663 0.028854
v 0.036655 0.018218 0.032271
v -0.071462 0.004965 -0.051987
v -0.072254 0.006636 -0.050399
v 0.029816 0.017756 0.033863
v 0.029417 0.018922 0.030171
v 0.026231 0.018294 0.034031
v -0.069522 -0.017428 -0.039304
v 0.026178 0.019598 0.030318
v 0.023778 0.019874 0.033754
v 0.032963 0.031476 0.036815
v 0.033301 0.031615 0.037379
v 0.038053 0.030925 0.036749
v 0.037487 0.030736 0.036096
v 0.048678 -0.000513 -0.122089
v 0.050176 0.014394 -0.127471
v 0.037386 0.010037 -0.136999
v 0.040175 0.028868 0.034942
v 0.040358 0.029448 0.034877
v 0.042588 0.028273 0.033359
v 0.042218 0.027675 0.033382
v 0.039947 0.028132 0.034912
v -0.088979 0.015328 -0.065139
v -0.089488 0.013529 -0.066565
v -0.087009 0.013978 -0.063876
v -0.086555 0.015167 -0.062296
v -0.085642 0.016236 -0.058392
v -0.086284 0.017924 -0.057973
v -0.088115 0.016763 -0.063065
v -0.075524 0.004522 -0.053082
v -0.076636 0.006308 -0.051855
v 0.041855 0.026941 0.033135
v 0.037026 0.029260 0.036533
v -0.075725 -0.022209 -0.047552
v -0.076408 -0.028259 -0.048679
v -0.085189 -0.017287 -0.061996
v -0.084684 -0.016556 -0.059098
v -0.086092 -0.006266 -0.069882
v -0.086006 0.002938 -0.070701
v -0.084523 0.002771 -0.068371
v -0.084824 -0.005829 -0.068500
v 0.037248 0.029973 0.036592
v 0.037347 0.030408 0.036246
v 0.041887 0.025477 0.028134
v 0.040983 0.027044 0.028980
v -0.079322 -0.004271 -0.065334
v -0.076503 -0.003363 -0.066128
v -0.073288 -0.004774 -0.043384
v -0.072549 -0.001014 -0.041348
v -0.071316 0.004434 -0.052693
v -0.071759 0.005855 -0.050423
v -0.079549 -0.019519 -0.061396
v -0.075017 -0.026894 -0.054663
v -0.079450 -0.021886 -0.059879
v -0.070762 -0.027552 -0.052928
v -0.070184 -0.028603 -0.050799
v -0.072919 -0.028733 -0.052255
v 0.040873 0.025829 0.031515
v 0.041582 0.024742 0.030342
v 0.042310 0.024707 0.027417
v 0.041991 0.023949 0.029392
v 0.041992 0.025205 0.024227
v 0.041216 0.026011 0.024944
v 0.040017 0.026993 0.025975
v -0.081241 -0.020670 -0.056487
v -0.083376 -0.019484 -0.059082
v 0.042440 0.024452 0.023819
v -0.068777 -0.004444 -0.050386
v -0.067104 -0.005971 -0.051619
v -0.068530 -0.004998 -0.049720
v -0.085123 -0.001654 -0.059862
v -0.086229 -0.009566 -0.060509
v -0.077119 0.009677 -0.048076
v 0.042717 0.023670 0.023665
v -0.074456 -0.000287 -0.050749
v -0.075592 0.003215 -0.048216
v -0.080475 0.013164 -0.047291
v -0.078851 0.011341 -0.048093
v -0.078148 0.010574 -0.047976
v -0.079126 0.011104 -0.047177
v -0.061912 -0.014548 -0.049393
v -0.065490 -0.016061 -0.048213
v -0.067011 -0.012777 -0.048127
v 0.042657 0.022757 0.023611
v 0.042335 0.021905 0.023937
v 0.058052 -0.010602 0.020662
v 0.058362 0.001045 0.019573
v -0.084851 0.018231 -0.056976
v -0.085064 0.016085 -0.058161
v -0.083343 0.009592 -0.066114
v 0.060432 -0.007159 0.016381
v 0.041492 0.020419 0.030724
v -0.076258 0.010213 -0.052967
v -0.077109 0.008535 -0.053752
v 0.042151 0.020899 0.029978
v -0.078516 0.022145 -0.059511
v -0.077729 0.020140 -0.055997
v -0.077719 0.020385 -0.054619
v -0.078228 0.024591 -0.054735
v 0.041015 0.020724 0.030623
v -0.069056 -0.031363 -0.047682
v -0.071922 -0.031231 -0.050466
v -0.071917 -0.029873 -0.050836
v -0.069579 -0.029935 -0.048873
v -0.071329 -0.017847 -0.048365
v -0.070347 -0.019282 -0.051239
v 0.041417 0.021092 0.030047
v -0.087057 -0.015858 -0.064441
v -0.086090 -0.016749 -0.063515
v -0.087634 -0.012774 -0.065498
v -0.088931 -0.011576 -0.066109
v 0.042640 0.021440 0.029187
v 0.043055 0.020947 0.029056
v 0.039979 0.019017 0.029959
v 0.039774 0.019450 0.026969
v 0.040897 0.019993 0.026032
v -0.071713 0.002992 -0.056088
v -0.070428 0.001881 -0.056945
v -0.078750 0.014513 -0.056835
v -0.080986 0.016960 -0.058306
v -0.079607 0.019815 -0.054512
v -0.078054 0.017543 -0.054353
v -0.084712 0.010348 -0.068590
v 0.040900 0.019915 0.028798
v 0.038851 0.018451 0.031004
v 0.037989 0.018954 0.027939
v 0.041433 0.020552 0.025269
v 0.041982 0.021196 0.024482
v -0.077060 0.007314 -0.053510
v -0.077686 0.007494 -0.054638
v 0.041444 0.020439 0.028172
v -0.076525 0.007747 -0.052973
v 0.041911 0.021031 0.027340
v 0.041828 0.021583 0.029340
v -0.073685 0.006119 -0.049018
v -0.075222 0.004956 -0.049434
v -0.080054 0.012925 -0.048763
v -0.084371 0.016299 -0.052127
v -0.083485 0.015979 -0.051792
v -0.079604 0.013376 -0.049264
v 0.042530 0.022498 0.026599
v 0.042618 0.023171 0.026675
v 0.042193 0.022062 0.028589
v -0.074657 0.010383 -0.049748
v 0.042600 0.022687 0.027955
v 0.042293 0.021848 0.026756
v -0.016486 -0.033324 -0.123569
v -0.018146 -0.023308 -0.130592
v 0.042556 0.023976 0.026939
v 0.042356 0.023292 0.028517
v 0.043591 0.020311 0.028380
v 0.043525 0.021413 0.028350
v 0.044463 0.022409 0.027503
v 0.044232 0.020154 0.027632
v -0.078089 0.020358 -0.046513
v -0.079376 0.022109 -0.050767
v -0.080564 0.023006 -0.051056
v -0.078792 0.021223 -0.047609
v -0.086084 0.013956 -0.061730
v 0.045309 0.020039 0.026622
v 0.044852 0.018653 0.026859
v 0.045892 0.022839 0.026910
v 0.047347 0.023146 0.026347
v -0.090996 0.010367 -0.066864
v -0.072527 -0.003701 -0.052831
v -0.068871 -0.006770 -0.053056
v 0.046544 0.019960 0.025659
v 0.045791 0.018300 0.025887
v 0.043096 0.021900 0.028507
v -0.059325 -0.008010 -0.051373
v -0.059663 -0.006769 -0.051586
v -0.060374 -0.007276 -0.052739
v -0.059876 -0.008900 -0.052727
v 0.043467 0.022507 0.028037
v 0.045358 0.024191 0.028198
v -0.062142 -0.013216 -0.052970
v -0.064766 -0.014521 -0.052128
v -0.063914 -0.016406 -0.050621
v -0.061188 -0.015650 -0.052517
v 0.046360 0.024873 0.028029
v 0.044100 0.023585 0.028564
v 0.043667 0.024590 0.029931
v 0.044720 0.025334 0.029947
v -0.058548 -0.011350 -0.051763
v -0.058948 -0.009689 -0.051422
v -0.059772 -0.010639 -0.052820
v -0.059602 -0.012617 -0.053086
v 0.045446 0.026041 0.029983
v 0.043717 0.026439 0.031642
v -0.084249 0.017750 -0.054660
v -0.086207 0.017826 -0.056146
v 0.044310 0.027095 0.031675
v 0.042944 0.025733 0.031437
v 0.043095 0.023347 0.028797
v -0.091887 0.009919 -0.066268
v -0.092175 0.007772 -0.067058
v -0.090102 0.013989 -0.063937
v -0.090511 0.012390 -0.065359
v 0.042710 0.024134 0.029750
v 0.042139 0.025085 0.030979
v 0.041340 0.026130 0.032341
v -0.072465 -0.012817 -0.042388
v -0.073373 -0.012621 -0.044431
v -0.072891 -0.014280 -0.044433
v -0.092847 0.013334 -0.066319
v -0.093257 0.014839 -0.067547
v -0.070514 -0.030028 -0.040010
v -0.069388 -0.031440 -0.039193
v -0.044333 -0.098393 -0.026314
v -0.053643 -0.093233 -0.037799
v -0.053664 -0.102988 -0.038169
v -0.045097 -0.107874 -0.027056
v -0.080633 0.015524 -0.045422
v -0.079712 0.018020 -0.044693
v 0.039695 0.027496 0.034307
v 0.039370 0.027196 0.033496
v 0.036819 0.028534 0.036006
v -0.058869 -0.012790 -0.050134
v -0.058917 -0.013967 -0.052294
v -0.061397 -0.015681 -0.050846
v -0.064347 -0.008685 -0.048980
v -0.060067 -0.007915 -0.049557
v 0.036649 0.028231 0.035244
v 0.033978 0.032313 0.038639
v 0.039349 0.031865 0.037932
v 0.036561 0.029521 0.032199
v 0.034887 0.028520 0.029128
v 0.032337 0.028754 0.030451
v 0.033168 0.030067 0.033959
v -0.062204 -0.011516 -0.052858
v 0.021401 0.024241 0.032788
v 0.021849 0.025490 0.033359
v -0.063824 -0.006410 -0.052392
v -0.064542 -0.005436 -0.050708
v -0.066878 -0.019462 -0.047166
v -0.068541 -0.019817 -0.049833
v -0.070221 -0.019751 -0.046131
v -0.059256 -0.014364 -0.052991
v -0.071387 0.004046 -0.053577
v 0.022314 0.026021 0.030731
v 0.021744 0.024777 0.030231
v 0.020520 0.023860 0.033708
v 0.021638 0.025174 0.034412
v -0.065248 -0.010562 -0.052989
v -0.068503 -0.013388 -0.055053
v -0.068200 -0.015632 -0.054045
v -0.065063 -0.012569 -0.052836
v -0.079494 -0.023437 -0.054476
v -0.079833 -0.021633 -0.054411
v -0.072970 -0.018270 -0.056031
v -0.076309 -0.017907 -0.053632
v -0.072274 -0.000825 -0.052947
v -0.073816 0.002396 -0.051079
v -0.069039 -0.004283 -0.050060
v -0.066142 -0.008259 -0.052711
v -0.068320 -0.010528 -0.054909
v -0.064624 -0.007188 -0.049221
v -0.068579 -0.007283 -0.048796
v -0.068409 -0.006218 -0.049073
v -0.064572 -0.006187 -0.049549
v -0.079899 0.008469 -0.054968
v -0.077856 0.015837 -0.043733
v -0.078990 0.012894 -0.044970
v -0.079682 0.026530 -0.071591
v -0.078086 0.018164 -0.076548
v -0.078168 0.018825 -0.063516
v -0.062108 -0.009613 -0.052804
v -0.060589 -0.005724 -0.051241
v -0.060948 -0.006083 -0.049706
v -0.086021 -0.019719 -0.061623
v -0.071569 -0.019873 -0.045597
v -0.072148 0.004270 -0.050247
v -0.085506 -0.011410 -0.068452
v -0.084074 -0.016357 -0.066485
v -0.071514 0.005508 -0.050523
v -0.072532 0.006647 -0.049260
v -0.069437 -0.019687 -0.050696
v -0.070820 -0.018747 -0.047404
v -0.072873 0.007091 -0.049051
v -0.072724 -0.013222 -0.045982
v -0.084957 0.008537 -0.060418
v 0.025390 0.028846 0.034998
v 0.025987 0.028142 0.031425
v -0.075797 -0.030695 -0.055458
v -0.073826 -0.032224 -0.052625
v 0.023353 0.027479 0.031206
v -0.060501 -0.006888 -0.049704
v 0.023076 0.027309 0.034286
v -0.063933 -0.016417 -0.049827
v -0.063420 -0.007819 -0.052924
v 0.026226 0.027837 0.036347
v 0.023458 0.026478 0.035377
v 0.033143 0.028807 0.036452
v -0.070960 -0.009377 -0.047537
v -0.070421 -0.011537 -0.047251
v -0.073335 -0.011007 -0.046128
v 0.020262 0.071263 -0.147383
v 0.019613 0.055580 -0.150643
v -0.077958 -0.017505 -0.055270
v -0.074022 -0.016982 -0.058264
v -0.075271 -0.015822 -0.060205
v -0.079680 -0.016564 -0.056845
v -0.082349 -0.021042 -0.064275
v -0.080322 -0.025361 -0.061267
v -0.082246 -0.027056 -0.061084
v -0.084728 -0.022628 -0.064526
v 0.039216 0.057457 -0.141651
v 0.039406 0.071112 -0.139026
v -0.081004 0.042194 -0.080029
v -0.080103 0.032341 -0.064549
v -0.081499 0.048868 -0.068421
v -0.083672 0.018395 -0.063508
v -0.083951 0.016003 -0.065268
v -0.088995 0.017063 -0.068319
v -0.077211 0.023037 -0.048795
v -0.077841 0.020330 -0.052705
v -0.077552 0.021810 -0.050387
v -0.089544 -0.006662 -0.071182
v 0.039548 0.028529 0.030359
v 0.037780 0.027919 0.027585
v 0.049602 0.072344 -0.131262
v 0.048909 0.081099 -0.128310
v 0.039982 0.082866 -0.133801
v 0.033981 -0.060254 -0.099805
v 0.024063 -0.070356 -0.107370
v -0.074101 0.004741 -0.044211
v -0.076114 0.005333 -0.047015
v 0.019779 0.023575 0.034882
v -0.078648 -0.018394 -0.062131
v 0.021242 0.024891 0.035437
v -0.080040 -0.018250 -0.054637
v -0.082288 -0.017706 -0.056705
v -0.090086 0.018994 -0.056188
v -0.086291 0.017139 -0.053892
v 0.018753 0.022627 0.034443
v 0.017681 0.022398 0.034711
v 0.018613 0.023637 0.035043
v 0.020161 0.025246 0.035654
v 0.023086 0.026456 0.036189
v 0.022255 0.026984 0.036590
v 0.025429 0.028783 0.037540
v 0.025996 0.028056 0.037143
v 0.033030 0.029003 0.037299
v 0.032878 0.029783 0.037561
v 0.024898 0.029430 0.037404
v 0.021729 0.027620 0.036369
v 0.024493 0.030009 0.036956
v 0.021556 0.028458 0.036035
v 0.032782 0.031134 0.037125
v 0.032799 0.030545 0.037545
v 0.020714 0.019851 0.035537
v 0.017895 0.020483 0.035029
v 0.021041 0.020347 0.035101
v 0.018933 0.020955 0.034700
v 0.022020 0.020618 0.034268
v 0.018344 0.021388 0.034519
v 0.017357 0.021037 0.034815
v -0.010998 -0.110213 0.000957
v -0.010930 -0.116607 -0.002828
v 0.022135 0.020856 0.033014
v 0.017710 0.023888 0.034644
v 0.016718 0.022263 0.034654
v 0.016655 0.024285 0.034266
v 0.015644 0.022279 0.034460
v 0.018713 0.026638 0.034816
v 0.019375 0.025807 0.035228
v 0.016385 0.020716 0.034879
v 0.016885 0.020062 0.035153
v 0.015432 0.020537 0.034810
v 0.016043 0.019676 0.035101
v 0.023080 0.016964 0.036555
v 0.022833 0.016145 0.036604
v 0.019557 0.018384 0.035940
v 0.018983 0.017735 0.035981
v 0.031392 0.013144 0.035944
v 0.034639 0.013310 0.034881
v 0.030957 0.011732 0.035987
v -0.007435 -0.011430 0.060885
v -0.008871 -0.011677 0.059455
v -0.007877 -0.009758 0.058501
v -0.007126 -0.009707 0.059152
v 0.034343 0.011675 0.034844
v 0.026062 0.012317 0.036827
v 0.026566 0.013606 0.036698
v 0.030743 -0.113182 -0.017443
v 0.044890 0.015327 0.026871
v 0.046195 0.013658 0.026221
v 0.044533 0.012855 0.027986
v 0.043481 0.014776 0.028392
v 0.041918 0.014323 0.029971
v -0.007763 -0.020421 0.059241
v -0.007149 -0.018797 0.058187
v -0.007925 -0.019016 0.057463
v -0.008660 -0.020343 0.058233
v 0.042446 0.012335 0.029914
v 0.040009 0.012058 0.031724
v 0.039870 0.013929 0.031697
v 0.037653 0.013593 0.033261
v 0.037520 0.011828 0.033300
v 0.048215 0.019410 0.024409
v 0.049625 0.022856 0.024511
v 0.050284 0.018373 0.022773
v 0.051926 0.022282 0.022307
v 0.015201 0.025132 0.034561
v -0.004621 -0.009996 0.058350
v -0.003127 -0.012975 0.061177
v -0.004685 -0.011583 0.062698
v -0.005847 -0.009237 0.059173
v 0.014376 0.022697 0.034444
v 0.013145 0.026028 0.035936
v 0.012713 0.023289 0.035438
v 0.014923 0.029111 0.037483
v 0.016872 0.028202 0.035704
v 0.014595 0.020468 0.034784
v 0.015210 0.019240 0.035028
v 0.013328 0.020311 0.035331
v 0.014311 0.018649 0.035482
v 0.022338 0.015072 0.036641
v 0.021789 0.013870 0.036775
v 0.018337 0.016936 0.036011
v 0.017489 0.015976 0.036305
v 0.046609 -0.011394 -0.117064
v 0.051348 0.030099 -0.130368
v 0.047033 0.035920 0.036128
v 0.044727 0.033019 0.036815
v 0.041143 0.034069 0.039080
v 0.043144 0.037517 0.039617
v 0.048941 0.040548 0.033812
v 0.051320 0.037139 0.030599
v 0.049472 0.033710 0.032805
v 0.047275 0.031412 0.034112
v 0.050679 0.025764 0.025754
v 0.048927 0.025769 0.027318
v 0.049217 0.027563 0.029120
v 0.050909 0.028173 0.027611
v 0.052896 0.025867 0.023337
v 0.053395 0.029367 0.025272
v 0.050493 0.030646 0.030041
v 0.048526 0.029372 0.031500
v 0.052690 0.032908 0.028055
v 0.023258 0.033891 0.040403
v 0.023858 0.032559 0.038375
v 0.020620 0.030480 0.036650
v 0.019156 0.031148 0.037966
v 0.022060 0.035183 0.041915
v 0.017295 0.031859 0.039413
v 0.036798 0.038574 0.042571
v 0.035249 0.034798 0.040657
v 0.024222 0.030429 0.036596
v 0.021843 0.028980 0.036121
v 0.024155 0.030715 0.036733
v 0.021786 0.029283 0.036057
v 0.057861 0.092297 -0.110156
v 0.060253 0.098502 -0.097534
v 0.043560 0.109216 -0.103901
v 0.042549 0.101563 -0.116364
v 0.040594 0.029657 0.034918
v 0.041123 0.029886 0.035604
v 0.043629 0.028858 0.033979
v 0.042950 0.028566 0.033490
v 0.044826 0.027521 0.031809
v 0.045579 0.027836 0.032060
v 0.046804 0.026788 0.030182
v 0.046046 0.026534 0.030104
v 0.046662 0.025820 0.028799
v 0.047248 0.025654 0.028407
v 0.021642 0.029984 0.036457
v 0.024149 0.031244 0.037226
v 0.050806 0.060325 -0.132533
v 0.044780 0.077633 0.025689
v 0.051733 0.073773 0.018745
v 0.049632 0.067195 0.024582
v 0.042523 0.030941 0.036536
v 0.045150 0.029824 0.034406
v 0.046910 0.028508 0.032137
v 0.047923 0.027160 0.030148
v 0.048205 0.026192 0.028679
v 0.068837 -0.014125 -0.036794
v 0.069872 -0.014302 -0.038404
v 0.078171 -0.003723 -0.062949
v 0.075772 0.003188 -0.062754
v 0.074406 0.006538 -0.061939
v 0.078066 0.014320 -0.047691
v 0.082573 0.017252 -0.050391
v 0.082374 -0.023865 -0.057702
v 0.078974 -0.025576 -0.053901
v -0.089596 0.022464 -0.057127
v 0.082591 -0.022815 -0.058211
v 0.089761 0.013284 -0.060914
v 0.090187 0.011643 -0.062260
v 0.091149 0.011508 -0.062096
v 0.039577 -0.032118 -0.107300
v 0.043982 -0.019852 -0.113024
v 0.090683 0.009605 -0.063785
v 0.072448 -0.009549 -0.040753
v 0.079917 -0.004559 -0.063090
v 0.082349 -0.005435 -0.064765
v 0.083023 -0.010753 -0.065222
v 0.082143 -0.009969 -0.064005
v 0.081854 -0.015559 -0.063343
v 0.081143 -0.014336 -0.062550
v 0.084600 -0.020045 -0.060610
v 0.086980 -0.016507 -0.062309
v 0.083865 0.017672 -0.051307
v 0.082924 0.016647 -0.049717
v 0.084638 0.017217 -0.051437
v 0.073120 -0.010868 -0.042277
v 0.075824 0.013011 -0.047717
v 0.075498 0.010457 -0.046504
v 0.075058 0.010839 -0.047057
v 0.068774 -0.005759 -0.047148
v 0.068866 -0.004745 -0.047254
v 0.070096 -0.007269 -0.046388
v 0.072889 -0.008873 -0.044911
v 0.065929 -0.016908 -0.045350
v 0.065048 -0.018461 -0.047937
v 0.065742 -0.019474 -0.046888
v 0.085775 0.024083 -0.055743
v 0.075444 0.009538 -0.046236
v 0.077173 0.010510 -0.046097
v 0.077700 0.011643 -0.046336
v 0.085736 0.016783 -0.051564
v 0.077950 0.012459 -0.046621
v 0.077047 0.012567 -0.046715
v 0.078891 0.014002 -0.047451
v 0.076324 0.012571 -0.047066
v 0.073361 -0.012450 -0.059063
v 0.071436 -0.012743 -0.057447
v 0.070566 0.007381 -0.038110
v 0.071921 0.004743 -0.039849
v 0.077686 -0.026131 -0.051708
v 0.074188 0.013566 -0.058394
v 0.074282 0.015827 -0.059869
v 0.088370 -0.011736 -0.064243
v 0.080144 -0.016978 -0.054935
v 0.077741 -0.017512 -0.052982
v 0.082223 -0.015971 -0.056587
v 0.084073 -0.013452 -0.057975
v 0.069554 0.003372 -0.052712
v 0.083641 0.006865 -0.056115
v 0.084409 0.004668 -0.057480
v 0.081670 0.006936 -0.054675
v 0.075920 0.019164 -0.058219
v 0.075700 0.019243 -0.055628
v 0.076667 0.013689 -0.055620
v 0.074999 0.017786 -0.054771
v 0.068080 -0.013299 -0.045718
v 0.067703 -0.019714 -0.049439
v 0.066605 -0.017584 -0.050315
v 0.068770 -0.019458 -0.050348
v 0.068203 -0.018569 -0.051779
v 0.068733 -0.016846 -0.053582
v 0.069484 -0.014773 -0.054972
v 0.069232 -0.012130 -0.055809
v 0.067693 -0.009011 -0.046722
v 0.076468 0.018742 -0.044487
v 0.067088 -0.011016 -0.046556
v 0.069133 -0.007208 -0.046769
v 0.069326 -0.009061 -0.046234
v 0.068985 -0.011146 -0.045799
v 0.074013 -0.020258 -0.046279
v 0.074935 -0.018635 -0.048938
v 0.072333 -0.019559 -0.045726
v 0.076160 -0.017975 -0.051093
v 0.070965 -0.019252 -0.045386
v 0.074088 0.014896 -0.056700
v 0.074501 0.017831 -0.057004
v 0.068625 -0.010350 -0.034920
v 0.062459 -0.001540 0.011384
v 0.064085 0.008339 0.006095
v 0.025805 -0.054977 0.032616
v 0.024732 -0.057891 0.032985
v 0.054744 -0.013855 0.025044
v 0.049877 -0.016883 0.029992
v 0.024762 -0.049676 0.044944
v 0.023947 -0.050462 0.044879
v 0.023070 -0.049981 0.045054
v 0.023869 -0.049634 0.044843
v 0.021789 -0.049191 0.043238
v 0.022584 -0.049350 0.042585
v 0.022725 -0.049454 0.043473
v 0.022002 -0.049256 0.044165
v 0.028120 -0.033419 0.046353
v 0.031378 -0.028855 0.044396
v 0.033855 -0.033455 0.043225
v 0.030721 -0.037269 0.045269
v 0.024634 -0.050418 0.035316
v 0.024398 -0.049160 0.035744
v 0.023088 -0.049130 0.039575
v 0.023576 -0.049689 0.039203
v 0.024339 -0.053183 0.035296
v 0.023340 -0.051053 0.038968
v 0.026395 -0.050993 0.032686
v 0.025670 -0.048836 0.033150
v 0.033471 -0.055695 0.040304
v 0.030022 -0.053609 0.042156
v 0.031094 -0.050442 0.043026
v 0.034417 -0.051084 0.041025
v 0.023519 -0.021066 0.045763
v 0.027725 -0.024896 0.045311
v 0.024677 -0.029294 0.046807
v 0.020793 -0.024988 0.047016
v 0.016813 -0.020285 0.047600
v 0.019476 -0.017153 0.046258
v 0.015347 -0.012399 0.051822
v 0.016568 -0.016221 0.053259
v 0.016815 -0.017266 0.057082
v 0.016603 -0.014836 0.055594
v 0.014752 -0.021356 0.055258
v 0.016737 -0.018559 0.051761
v 0.010856 -0.022790 0.055666
v -0.010729 -0.020510 0.058561
v -0.009747 -0.019016 0.057538
v -0.010881 -0.018237 0.059289
v -0.012254 -0.019467 0.060304
v 0.010685 -0.022039 0.056894
v 0.014286 -0.021897 0.053220
v -0.004171 -0.020074 0.067677
v -0.005321 -0.017894 0.067811
v -0.004188 -0.018753 0.065241
v -0.004056 -0.020663 0.064885
v 0.014197 -0.022870 0.051009
v 0.010970 -0.023517 0.054255
v 0.010098 -0.021151 0.058227
v 0.012858 -0.020967 0.058283
v -0.006891 -0.017138 0.067164
v -0.008665 -0.017644 0.068895
v -0.010263 -0.017555 0.067005
v -0.008256 -0.017014 0.065479
v -0.003724 -0.016380 0.060221
v -0.004951 -0.018238 0.061465
v -0.003154 -0.016470 0.063884
v -0.010992 -0.016265 0.057601
v -0.009243 -0.017393 0.056276
v -0.008670 -0.013576 0.055511
v -0.010123 -0.012661 0.056604
v 0.014716 -0.019052 0.060011
v 0.004478 -0.021253 0.067559
v 0.005891 -0.019925 0.069710
v 0.009157 0.013842 0.051995
v 0.011591 0.009973 0.048527
v 0.009114 0.010811 0.054537
v 0.011601 0.007430 0.051125
v 0.013882 -0.017032 0.064162
v 0.015326 -0.014801 0.062047
v 0.011735 -0.015946 0.068224
v 0.012722 -0.012882 0.067591
v 0.005493 0.029763 0.052609
v 0.002361 -0.024445 0.062814
v 0.002622 -0.025078 0.062164
v 0.002197 -0.023635 0.065025
v 0.021355 0.094297 -0.134868
v 0.021944 0.106775 -0.123448
v 0.021390 0.120712 -0.099954
v 0.019251 0.125516 -0.087385
v 0.006148 -0.042321 0.061303
v 0.005627 -0.039574 0.061270
v 0.012882 -0.042959 0.046504
v 0.007414 -0.042816 0.047823
v 0.007060 -0.046646 0.050601
v 0.012230 -0.046595 0.049188
v 0.016298 -0.046719 0.047016
v 0.017201 -0.043252 0.044465
v 0.013469 -0.039463 0.045116
v 0.007853 -0.039177 0.046498
v 0.012121 -0.048831 0.052607
v 0.007026 -0.048910 0.054745
v 0.006896 -0.047159 0.057916
v 0.012176 -0.047458 0.055185
v 0.017020 -0.027259 0.049689
v 0.013186 -0.026908 0.052373
v 0.009549 -0.026943 0.056351
v 0.006722 -0.027165 0.059485
v 0.006040 -0.025087 0.060003
v 0.008303 -0.024325 0.057394
v 0.005684 -0.024232 0.060444
v 0.008043 -0.023532 0.058217
v 0.007869 -0.022791 0.058901
v 0.008414 -0.021418 0.059447
v 0.006544 -0.021660 0.060731
v 0.007092 -0.020451 0.060409
v 0.005548 -0.023415 0.060808
v 0.004977 0.004281 0.068378
v 0.004880 0.008574 0.065651
v 0.010020 -0.037691 0.059418
v 0.005199 -0.037260 0.060769
v 0.004651 -0.032830 0.060458
v 0.008759 -0.032825 0.059036
v 0.012964 -0.033547 0.056293
v 0.014897 -0.039319 0.056686
v 0.003009 -0.025817 0.061667
v 0.010493 -0.040068 0.059612
v 0.010918 -0.042692 0.059231
v 0.015510 -0.041782 0.056678
v 0.015871 -0.044087 0.056079
v 0.019570 -0.041685 0.053376
v 0.018099 -0.035299 0.053198
v 0.023876 -0.037098 0.049807
v 0.023452 -0.044246 0.050004
v 0.031021 -0.047225 0.044373
v 0.026118 -0.049792 0.044747
v 0.026360 -0.048546 0.045521
v 0.026094 -0.047357 0.046582
v 0.030123 -0.044004 0.045794
v 0.034116 -0.046364 0.042406
v 0.032904 -0.041687 0.043864
v 0.027969 -0.040653 0.047496
v 0.025361 -0.045960 0.047944
v 0.025011 -0.048958 0.045662
v 0.024035 -0.049237 0.045319
v 0.024861 -0.048255 0.046601
v 0.023864 -0.048886 0.046176
v 0.024277 -0.047547 0.047761
v 0.023464 -0.048541 0.047133
v 0.022588 -0.047930 0.048519
v 0.023123 -0.046455 0.049438
v 0.022146 -0.049378 0.043444
v 0.021248 -0.049231 0.044635
v 0.021336 -0.049257 0.046183
v 0.022151 -0.049378 0.044989
v 0.022652 -0.049399 0.042794
v 0.022569 -0.049407 0.044235
v 0.022523 -0.048536 0.040744
v 0.021257 -0.047679 0.042637
v -0.046685 -0.082624 -0.025471
v -0.054679 -0.079853 -0.039071
v 0.023160 -0.049601 0.041912
v 0.023107 -0.049382 0.043194
v 0.023072 -0.049501 0.044675
v 0.023069 -0.049260 0.045314
v 0.022673 -0.049110 0.046163
v 0.021896 -0.048865 0.047302
v 0.015925 -0.046069 0.054672
v 0.019370 -0.045904 0.052547
v 0.019143 -0.047562 0.050942
v 0.015841 -0.048102 0.052338
v 0.018794 -0.048713 0.049173
v 0.017925 -0.039819 0.043320
v 0.015565 -0.048852 0.050308
v 0.020442 -0.044243 0.041915
v 0.021359 -0.041578 0.039861
v 0.019235 -0.047139 0.044483
v 0.023932 -0.047720 0.036874
v 0.022351 -0.046013 0.039515
v 0.025205 -0.047097 0.034383
v 0.023401 -0.043995 0.037512
v 0.018677 -0.049148 0.047109
v 0.019597 -0.044021 0.053251
v 0.011432 -0.045082 0.057612
v 0.006430 -0.044696 0.059918
v -0.032151 0.004690 0.035530
v -0.031422 0.001710 0.036859
v -0.027442 0.003063 0.038233
v -0.028338 0.005730 0.037014
v 0.005873 -0.004629 0.074968
v 0.005432 0.000149 0.071403
v 0.022435 -0.049509 0.044965
v 0.009043 -0.121284 -0.005596
v -0.074227 -0.008607 -0.045000
v -0.073822 -0.007807 -0.043643
v -0.084065 0.013276 -0.067005
v 0.025319 -0.051017 0.044462
v 0.023526 -0.055219 0.035193
v 0.022547 -0.051957 0.039103
v 0.030442 -0.060218 0.040533
v 0.025761 -0.064478 0.042814
v 0.023829 -0.060605 0.045001
v 0.027696 -0.056943 0.042545
v 0.021387 -0.054380 0.047543
v 0.023809 -0.052565 0.045363
v -0.089619 0.015581 -0.061004
v 0.022647 -0.051328 0.046093
v 0.020454 -0.052332 0.048311
v 0.019571 -0.050769 0.048718
v 0.021755 -0.050334 0.046266
v 0.017863 -0.048908 0.047109
v 0.013695 -0.048331 0.050037
v 0.013095 -0.051859 0.045159
v 0.017634 -0.052236 0.042697
v 0.021012 -0.052221 0.040289
v 0.020923 -0.049211 0.044142
v -0.083448 0.020260 -0.061224
v -0.082036 0.022610 -0.056452
v -0.080565 0.021187 -0.055459
v -0.081935 0.018493 -0.059612
v 0.018469 -0.048825 0.048064
v 0.021158 -0.049210 0.045119
v 0.014021 -0.048294 0.051261
v 0.019530 -0.118208 -0.010838
v 0.021342 -0.049516 0.045968
v 0.018783 -0.049319 0.048460
v 0.014651 -0.049242 0.051993
v 0.015615 -0.051263 0.052513
v 0.016515 -0.053542 0.052563
v 0.017258 -0.056352 0.051538
v 0.018948 -0.063384 0.048165
v 0.019509 -0.068159 0.046325
v 0.012910 -0.065024 0.050835
v 0.012989 -0.069999 0.049628
v 0.012310 -0.057725 0.055168
v 0.011893 -0.054195 0.056646
v 0.011215 -0.051451 0.056350
v 0.010569 -0.049152 0.055247
v 0.003612 -0.027528 0.061111
v 0.005322 -0.021723 0.062115
v 0.004421 -0.021781 0.064772
v 0.007995 -0.018277 0.070639
v 0.002149 -0.023000 0.067539
v 0.010367 -0.016122 0.070132
v 0.008940 -0.016998 0.071838
v 0.009641 -0.014884 0.072764
v 0.010665 -0.014057 0.071249
v 0.007583 -0.017913 0.073404
v 0.008922 -0.015214 0.074160
v 0.003848 -0.019768 0.075708
v 0.005004 -0.015667 0.078238
v 0.005981 -0.008885 0.077566
v 0.005487 -0.012913 0.078624
v 0.010134 -0.013017 0.073495
v 0.011083 -0.010748 0.071773
v -0.092260 0.016361 -0.062241
v 0.011096 -0.007627 0.068814
v 0.012786 -0.010022 0.064658
v 0.010287 0.132007 -0.043092
v 0.009930 -0.047917 0.054197
v 0.009455 -0.048017 0.052107
v -0.073113 -0.021269 -0.045034
v -0.082660 0.004615 -0.057536
v 0.012869 -0.061784 0.038218
v 0.012923 -0.057565 0.040731
v 0.008678 -0.057528 0.042240
v -0.081265 0.023095 -0.053823
v -0.084980 0.024528 -0.054513
v 0.008651 -0.062144 0.039751
v 0.005336 -0.047888 0.052978
v -0.090556 -0.006650 -0.066647
v -0.092570 0.014919 -0.064436
v -0.090737 0.013419 -0.063187
v -0.082209 0.015253 -0.047751
v -0.076188 -0.012892 -0.062484
v -0.083233 -0.012682 -0.059746
v -0.081526 -0.015210 -0.058371
v -0.075425 -0.014792 -0.061369
v -0.069979 0.000701 -0.056581
v 0.004973 -0.051479 0.047738
v 0.008960 -0.051497 0.046749
v 0.005565 -0.047655 0.055426
v 0.006011 -0.049068 0.056800
v 0.006538 -0.051441 0.058290
v 0.004707 -0.057718 0.042958
v 0.004767 -0.062316 0.040562
v -0.069214 -0.016639 -0.036842
v 0.021823 -0.056692 0.036333
v -0.078571 -0.027936 -0.052041
v -0.080054 -0.026831 -0.054255
v -0.032547 -0.032933 -0.117835
v -0.035873 -0.022053 -0.124060
v -0.091851 -0.006713 -0.069452
v 0.022656 -0.060135 0.034116
v 0.017662 -0.057560 0.038703
v 0.017992 -0.061353 0.036461
v 0.007319 -0.070203 0.052577
v 0.007244 -0.065692 0.052982
v 0.006722 -0.054840 0.058682
v 0.006881 -0.058774 0.056901
v 0.022046 0.114962 -0.112423
v 0.063013 0.078800 -0.005013
v 0.061424 0.072106 0.002884
v -0.083634 0.016710 -0.055371
v 0.054513 0.080307 0.010311
v 0.056458 0.085391 0.002821
v 0.063766 0.086393 -0.013279
v 0.057116 0.091818 -0.005052
v 0.039988 0.122975 -0.062879
v 0.040651 0.122690 -0.048439
v 0.021545 0.129277 -0.044343
v 0.034729 0.122765 -0.077055
v 0.046980 0.113919 -0.086467
v 0.049403 0.117007 -0.066878
v 0.049509 0.117336 -0.051374
v -0.074935 -0.021919 -0.046413
v -0.073899 -0.027827 -0.045910
v -0.072352 -0.027123 -0.043849
v -0.077492 0.007778 -0.054254
v 0.023932 -0.084129 -0.109340
v 0.051525 0.042804 -0.131770
v 0.048255 0.116601 -0.037409
v 0.040048 0.121173 -0.034498
v 0.039560 0.118346 -0.021967
v 0.046992 0.114587 -0.025560
v 0.021415 0.127232 -0.029752
v 0.010265 0.129706 -0.027843
v 0.017110 0.006192 -0.144968
v 0.004902 0.012594 0.062915
v 0.044924 -0.047752 -0.090022
v 0.054135 -0.047880 -0.071768
v 0.055169 -0.098274 -0.050664
v 0.067264 -0.026648 -0.051339
v 0.066802 -0.026059 -0.052267
v 0.057338 -0.062234 -0.053391
v 0.058185 -0.048826 -0.054237
v 0.035740 -0.046825 -0.102437
v 0.077062 -0.015319 -0.061514
v 0.077865 -0.011738 -0.062633
v 0.078749 -0.016471 -0.061259
v 0.079774 -0.012570 -0.062457
v 0.080137 -0.008626 -0.062941
v 0.079758 -0.018540 -0.060585
v 0.076657 0.019408 -0.052557
v 0.077954 0.021007 -0.051679
v -0.078002 -0.017532 -0.062826
v -0.078435 -0.015462 -0.063836
v 0.066959 -0.028893 -0.047339
v 0.066779 -0.028052 -0.048970
v -0.060714 -0.006423 -0.052535
v 0.066270 -0.028460 -0.048147
v 0.065966 -0.029092 -0.046925
v 0.066590 -0.029942 -0.045874
v 0.065817 -0.029706 -0.045849
v 0.077221 0.035542 -0.046371
v 0.064279 -0.028463 -0.049416
v 0.066038 -0.026282 -0.051707
v 0.066350 -0.027414 -0.050291
v 0.065245 -0.028188 -0.049099
v 0.064996 -0.029404 -0.047204
v 0.064900 -0.030407 -0.045509
v 0.065998 -0.031204 -0.044834
v -0.079728 -0.023469 -0.060337
v -0.075578 -0.028821 -0.055058
v -0.059412 -0.076309 -0.052541
v -0.058488 -0.073653 -0.067720
v -0.059005 -0.084769 -0.066021
v -0.058407 -0.088643 -0.051246
v -0.071664 -0.002742 -0.037668
v -0.072122 -0.010141 -0.040319
v -0.071151 -0.011151 -0.038508
v 0.080339 -0.019873 -0.061041
v 0.072263 -0.030582 -0.049775
v -0.023904 -0.101276 -0.004054
v -0.021591 -0.112336 -0.008482
v 0.076895 0.011809 -0.058451
v 0.076813 0.010259 -0.059794
v 0.079689 0.011751 -0.061197
v 0.079776 0.013843 -0.059816
v 0.056436 -0.010302 -0.104234
v 0.058956 0.000420 -0.109572
v 0.010779 -0.082770 -0.114204
v 0.010814 -0.069048 -0.113432
v 0.074199 0.032581 -0.094465
v 0.077049 0.013410 -0.056816
v 0.079927 0.015460 -0.058367
v 0.078441 -0.007803 -0.062948
v 0.076326 0.012590 -0.056662
v 0.076099 0.011004 -0.058294
v 0.081441 0.016902 -0.059786
v 0.081580 0.014764 -0.061407
v 0.081421 0.012505 -0.062776
v 0.075872 0.009339 -0.059936
v -0.069403 -0.015940 -0.032695
v -0.068956 -0.016283 -0.022788
v -0.070684 -0.000512 -0.022892
v -0.070484 -0.006291 -0.032314
v 0.075281 0.017861 -0.060103
v 0.079943 0.063640 -0.070591
v 0.078779 0.057529 -0.084820
v 0.076567 0.080905 -0.074014
v 0.075601 0.075644 -0.089536
v 0.070662 0.069442 -0.105637
v 0.073626 0.050401 -0.100968
v 0.075922 0.018984 -0.054156
v 0.079003 0.021889 -0.051992
v 0.064299 0.092661 -0.021196
v 0.069263 0.087280 -0.028654
v 0.057338 0.097417 -0.012347
v 0.057125 0.102405 -0.019230
v 0.063591 0.098559 -0.028324
v 0.070584 0.091256 -0.040683
v 0.079106 0.054238 -0.055464
v 0.078440 0.069425 -0.056231
v 0.075596 0.073969 -0.042436
v -0.058050 0.031649 0.014057
v -0.059663 0.032456 0.009430
v -0.060165 0.022619 0.008968
v -0.058107 0.023768 0.013035
v 0.074897 0.086301 -0.058161
v 0.066448 0.100352 -0.047155
v 0.069999 0.096487 -0.061928
v 0.059255 0.108773 -0.051121
v 0.061231 0.106528 -0.065940
v 0.061007 0.103805 -0.082124
v 0.071569 0.092290 -0.077260
v 0.061617 0.103833 -0.034643
v 0.055488 0.106955 -0.024797
v 0.056390 0.110050 -0.038257
v 0.053190 0.110838 -0.029452
v 0.073806 0.076138 -0.035024
v 0.060774 -0.034088 -0.045562
v 0.061803 -0.034881 -0.040172
v -0.019343 0.091878 0.034050
v -0.009220 0.092712 0.036579
v -0.009447 0.100259 0.030435
v -0.019846 0.099037 0.027540
v 0.065922 -0.024565 -0.033148
v -0.037696 -0.014159 -0.128174
v -0.039427 -0.003856 -0.132716
v -0.020034 -0.006537 -0.139845
v -0.019069 -0.016048 -0.134885
v 0.066649 0.001263 -0.000690
v 0.066888 0.014254 -0.003107
v 0.069964 0.006023 -0.013272
v 0.067728 -0.007858 -0.009863
v -0.020511 0.115756 0.004665
v -0.009885 0.117609 0.007587
v -0.010115 0.122398 -0.002664
v -0.020921 0.120259 -0.005214
v -0.050832 0.002442 0.025910
v -0.052789 -0.003846 0.025995
v -0.048800 -0.004652 0.029692
v -0.047325 0.001742 0.028913
v 0.065561 0.028188 -0.004474
v 0.069006 0.020472 -0.014748
v 0.069989 0.034455 -0.016182
v 0.066503 0.042547 -0.004347
v 0.061479 0.063856 -0.120841
v 0.063478 0.046914 -0.118943
v -0.073485 -0.032367 -0.042990
v -0.072217 -0.031390 -0.041770
v 0.063673 0.034066 -0.117061
v 0.048015 0.060842 0.028507
v -0.010392 0.126430 -0.014629
v -0.021447 0.124104 -0.016742
v 0.020866 0.085103 -0.141152
v 0.046935 0.085160 0.018070
v 0.054188 0.084674 -0.121192
v -0.002336 -0.068973 -0.115143
v 0.040950 0.090613 -0.127869
v 0.070536 0.087165 -0.092556
v 0.067037 0.081663 -0.106294
v 0.058752 0.075067 -0.121319
v 0.062226 0.017887 -0.114900
v 0.047639 0.110959 -0.017806
v 0.055167 0.025737 0.020265
v 0.054234 0.021113 0.019212
v 0.055439 0.030650 0.021997
v 0.052322 0.016221 0.020425
v 0.014852 0.006425 0.045817
v 0.014470 0.004270 0.048149
v 0.013930 0.001649 0.050154
v 0.017675 0.001229 0.045438
v 0.016912 -0.002120 0.047428
v 0.011147 0.001256 0.055986
v 0.011429 0.004431 0.053456
v 0.013540 -0.001602 0.052340
v 0.012810 -0.005401 0.053939
v 0.010884 -0.002368 0.058216
v 0.016212 -0.018554 0.048851
v 0.017049 -0.013411 0.047396
v 0.015003 -0.009075 0.050034
v 0.020231 -0.005271 0.045447
v 0.018921 -0.008991 0.046846
v 0.016051 -0.005280 0.049060
v 0.021545 -0.001582 0.043422
v 0.013630 -0.009236 0.056352
v 0.015312 -0.012560 0.059690
v 0.011581 -0.006351 0.061281
v 0.010319 -0.004139 0.065186
v 0.009545 -0.000009 0.062112
v 0.018253 0.003661 0.043270
v 0.022394 0.001354 0.041556
v 0.022180 -0.012654 0.045757
v 0.026518 -0.016104 0.045015
v 0.024174 -0.007934 0.044094
v 0.028437 -0.010888 0.043269
v 0.025586 -0.003943 0.042058
v 0.029822 -0.006667 0.041168
v 0.030577 -0.019834 0.044215
v 0.034104 -0.023952 0.042973
v 0.037385 -0.029145 0.041065
v 0.036705 -0.018660 0.040858
v 0.040269 -0.024156 0.038708
v 0.038636 -0.013305 0.038793
v 0.042749 -0.018345 0.036472
v -0.010727 0.012615 0.044717
v -0.011010 0.014758 0.041463
v -0.014599 0.011108 0.040017
v -0.014322 0.008778 0.042725
v -0.006776 0.063404 0.047985
v -0.007794 0.071772 0.045528
v -0.016730 0.071879 0.043700
v -0.015151 0.063614 0.046602
v 0.032878 -0.014454 0.042266
v 0.034533 -0.009818 0.040109
v 0.031169 -0.002342 0.039415
v 0.026883 -0.000232 0.040360
v 0.040264 -0.001106 0.035526
v 0.039890 -0.007227 0.037100
v 0.035574 -0.004690 0.038285
v 0.036244 0.000463 0.036749
v 0.044691 -0.011115 0.034728
v 0.044870 -0.002909 0.033813
v 0.044006 0.002597 0.032327
v 0.030287 0.009832 0.036516
v 0.025380 0.010511 0.037266
v 0.033853 0.009542 0.035374
v 0.039968 0.003484 0.034108
v 0.036601 0.004306 0.035613
v 0.047739 0.011016 0.025860
v 0.045543 0.010052 0.028140
v 0.040004 0.009430 0.032428
v 0.037175 0.009404 0.034032
v 0.042861 0.009703 0.030465
v 0.020927 0.012215 0.037337
v 0.016660 0.014538 0.037372
v 0.053512 -0.060520 -0.069122
v 0.009274 0.003910 0.059790
v 0.009108 0.007371 0.057295
v 0.014341 0.032373 0.041620
v 0.012274 0.029630 0.040098
v 0.008036 0.029577 0.049265
v 0.018864 0.035831 0.044432
v 0.013118 0.017341 0.037510
v -0.018925 0.008179 0.038578
v -0.018256 0.005966 0.040332
v 0.011615 0.019860 0.037523
v 0.010644 0.023422 0.037914
v 0.010740 0.026467 0.038790
v -0.009580 0.106731 0.023545
v -0.020135 0.105307 0.020466
v -0.021051 0.129269 -0.067430
v -0.021515 0.129783 -0.058822
v -0.010204 0.132499 -0.059210
v -0.011285 0.131320 -0.071920
v 0.030948 0.050145 0.046550
v 0.027983 0.043236 0.048268
v 0.058040 0.065821 0.012128
v 0.061530 0.056606 0.007816
v 0.049996 0.045816 0.030279
v 0.052874 0.041344 0.026913
v 0.054764 0.036040 0.024066
v 0.062752 0.044436 0.004538
v 0.062531 0.031702 0.003222
v 0.063403 0.019665 0.003790
v -0.070389 -0.001155 -0.092986
v -0.073740 -0.002586 -0.077529
v -0.076443 0.009390 -0.079002
v -0.074252 0.015292 -0.095551
v 0.048840 0.096502 0.003522
v -0.034232 -0.094430 -0.013466
v -0.032775 -0.105772 -0.016837
v -0.002340 -0.082075 -0.115594
v 0.048762 0.101851 -0.003510
v 0.048347 0.090746 0.010837
v 0.039350 0.114667 -0.012313
v 0.039420 0.110501 -0.003735
v 0.048371 0.106665 -0.010575
v 0.039896 0.105684 0.003767
v 0.040229 0.100353 0.010770
v 0.039759 0.094664 0.018164
v 0.038708 0.088630 0.025230
v 0.037100 0.079980 0.032081
v 0.043591 -0.059621 -0.087317
v 0.007795 -0.009574 0.057905
v 0.007070 -0.009397 0.058469
v -0.051850 0.054880 0.022648
v -0.054063 0.060624 0.018432
v -0.057194 0.052969 0.014348
v -0.054718 0.048292 0.018893
v 0.006591 -0.010208 0.057361
v 0.005969 -0.009926 0.057908
v 0.005350 -0.011804 0.057578
v 0.006897 -0.018665 0.059691
v 0.005619 -0.016812 0.058655
v 0.004889 -0.013470 0.057403
v 0.063928 -0.030888 -0.034799
v -0.005121 0.050164 0.051726
v -0.012555 0.050248 0.051020
v -0.010570 0.043855 0.051376
v -0.004299 0.043674 0.052109
v -0.057692 0.016225 0.013244
v -0.060351 0.013261 0.010286
v -0.059240 0.004996 0.014765
v -0.056315 0.009061 0.016719
v -0.053352 0.003970 0.022697
v -0.055671 -0.001902 0.022259
v -0.018213 0.081867 0.039976
v -0.008575 0.082281 0.042061
v -0.058863 0.043178 0.011038
v -0.056708 0.040202 0.015921
v -0.008095 0.016016 0.047845
v -0.008628 0.017681 0.043619
v -0.006080 0.023285 0.047272
v -0.002980 0.022319 0.053916
v -0.002400 0.026465 0.052307
v -0.005680 0.026467 0.048097
v -0.032813 0.063247 0.038964
v -0.034601 0.070862 0.035629
v -0.042174 0.069464 0.029878
v -0.040379 0.062293 0.033477
v -0.020329 0.110755 0.013038
v -0.009712 0.112391 0.016099
v -0.002891 0.035771 0.051075
v -0.007334 0.035802 0.049167
v -0.006093 0.032515 0.048380
v -0.002733 0.032537 0.051022
v -0.022810 0.004303 0.039356
v -0.023660 0.006771 0.038111
v -0.066112 -0.030826 -0.046436
v -0.067070 -0.032218 -0.045735
v -0.071614 0.014982 -0.034856
v -0.070746 0.004318 -0.033280
v -0.070556 0.012958 -0.023756
v -0.071096 0.025625 -0.025558
v -0.073998 0.037466 -0.028756
v -0.075756 0.046180 -0.033881
v -0.076285 0.030190 -0.041053
v -0.074166 0.023866 -0.036860
v -0.053858 -0.082254 -0.078891
v -0.051366 -0.072357 -0.081900
v -0.002683 0.018852 0.057128
v -0.002565 0.015603 0.059887
v -0.021763 0.035284 -0.150797
v -0.021391 0.021713 -0.149070
v -0.041550 0.025624 -0.140560
v -0.041695 0.038596 -0.141883
v -0.067348 -0.011626 -0.089137
v -0.071300 -0.011202 -0.074832
v -0.009574 -0.014694 0.061369
v -0.006393 -0.010279 0.056669
v -0.006373 -0.013951 0.055503
v -0.006081 -0.011459 0.056725
v -0.009730 -0.017207 0.063093
v -0.011817 -0.017983 0.064339
v -0.007237 -0.017409 0.056284
v -0.006615 -0.017241 0.056685
v -0.005873 -0.013660 0.055745
v -0.007672 -0.009795 0.057343
v -0.001137 -0.022249 0.070470
v -0.001576 -0.020804 0.073706
v -0.005545 -0.019076 0.072201
v -0.004082 -0.020513 0.069943
v -0.004157 -0.011266 0.058090
v -0.003285 -0.013295 0.058655
v -0.004556 -0.015324 0.066091
v -0.006111 -0.011422 0.062027
v -0.006510 -0.009379 0.059209
v -0.006131 -0.014567 0.065235
v -0.005231 -0.020459 0.062083
v -0.007805 -0.014368 0.063499
v -0.078535 -0.018991 -0.052830
v -0.056191 -0.063235 -0.033813
v -0.060602 -0.048909 -0.041012
v -0.060105 -0.048932 -0.046905
v -0.057551 -0.064023 -0.042944
v -0.080152 0.006946 -0.055734
v -0.066175 0.058814 -0.004117
v -0.068189 0.070814 -0.013144
v -0.073278 0.058493 -0.024978
v -0.072282 0.047531 -0.019989
v -0.068849 0.080572 -0.021256
v -0.074039 0.069579 -0.032170
v -0.077232 0.056900 -0.041977
v -0.079244 0.035873 -0.055955
v -0.039723 0.018930 0.030876
v -0.039913 0.018529 0.030808
v -0.038427 0.018101 0.031990
v -0.038303 0.018542 0.032098
v -0.039439 0.019246 0.030651
v -0.038150 0.018842 0.031628
v -0.040479 0.019708 0.029811
v -0.040800 0.019335 0.030024
v -0.040909 0.018904 0.029942
v -0.023169 0.019518 0.034321
v -0.023585 0.019765 0.033516
v -0.025959 0.019163 0.034475
v -0.025789 0.018878 0.035352
v -0.023045 0.019072 0.034665
v -0.026058 0.018298 0.035485
v -0.022319 0.021331 0.027956
v -0.022145 0.021925 0.027979
v -0.023250 0.020443 0.028243
v -0.021043 0.021913 0.030883
v -0.020788 0.023206 0.030859
v -0.021653 0.023633 0.027993
v -0.021919 0.022443 0.027957
v -0.021300 0.021363 0.031063
v -0.019670 0.021040 0.031693
v -0.019322 0.021546 0.031527
v -0.019287 0.022891 0.031597
v -0.030652 0.017144 0.035520
v -0.030960 0.016443 0.035251
v -0.026529 0.016954 0.035493
v -0.026370 0.017634 0.035552
v -0.030367 0.017773 0.035600
v -0.033599 0.017746 0.034862
v -0.033914 0.017134 0.034637
v -0.034169 0.016469 0.034262
v -0.023173 0.017878 0.034918
v -0.023106 0.018521 0.034840
v -0.034393 0.015703 0.033853
v -0.031187 0.015628 0.034851
v -0.026660 0.016103 0.035285
v -0.023067 0.017272 0.035001
v -0.019896 0.018715 0.034344
v -0.020345 0.019137 0.034202
v -0.031362 0.014731 0.034570
v -0.031222 0.013799 0.034538
v -0.026487 0.014234 0.035257
v -0.026641 0.015146 0.035158
v -0.034532 0.014822 0.033496
v -0.034447 0.013813 0.033413
v -0.042534 0.019072 0.028216
v -0.043097 0.019626 0.027529
v -0.043180 0.018809 0.027371
v -0.042872 0.018291 0.027730
v -0.045527 0.015503 0.024190
v -0.046470 0.016962 0.023459
v -0.048465 0.015663 0.021987
v -0.047177 0.014154 0.023140
v -0.055213 0.005972 0.019577
v -0.049070 0.011583 0.022444
v -0.050443 0.013184 0.020542
v -0.041875 0.018629 0.028946
v -0.041076 0.018320 0.029759
v -0.041740 0.019298 0.029126
v -0.042388 0.019755 0.028444
v -0.042279 0.017902 0.028461
v -0.041398 0.017574 0.029437
v -0.040112 0.017964 0.030643
v -0.040391 0.017206 0.030380
v -0.038861 0.016782 0.031598
v -0.038628 0.017502 0.031807
v -0.036465 0.017262 0.033201
v -0.036253 0.017842 0.033426
v -0.036727 0.016553 0.032889
v -0.039127 0.015992 0.031362
v -0.037066 0.015773 0.032581
v -0.040764 0.016396 0.029967
v -0.041838 0.016799 0.028876
v -0.042659 0.017230 0.027864
v -0.043304 0.017689 0.027097
v -0.043722 0.018415 0.026612
v -0.043140 0.016425 0.027015
v -0.043654 0.015601 0.026201
v -0.042469 0.015031 0.027551
v -0.042213 0.015956 0.028175
v -0.043945 0.017028 0.026113
v -0.044608 0.016325 0.025145
v -0.041021 0.015602 0.029505
v -0.041160 0.014704 0.029001
v -0.039321 0.014327 0.030641
v -0.039275 0.015280 0.031101
v -0.037326 0.014964 0.032279
v -0.037368 0.013976 0.031929
v -0.030208 0.018309 0.035537
v -0.030086 0.018698 0.034834
v -0.033274 0.018652 0.034273
v -0.033446 0.018234 0.034933
v -0.036074 0.018309 0.033489
v -0.036022 0.018729 0.032939
v -0.033344 0.017567 0.031847
v -0.032421 0.018493 0.027716
v -0.035256 0.018492 0.026940
v -0.036678 0.017742 0.030774
v -0.029577 0.017464 0.032292
v -0.029093 0.018839 0.028338
v -0.025920 0.018061 0.032376
v -0.025808 0.019609 0.028405
v -0.023457 0.019673 0.032107
v -0.032137 0.031185 0.034838
v -0.032394 0.031315 0.035446
v -0.037132 0.030525 0.034843
v -0.036639 0.030344 0.034118
v -0.052448 -0.000913 -0.122616
v -0.053646 0.014020 -0.127964
v -0.041065 0.009771 -0.137343
v -0.039555 0.028360 0.033147
v -0.039584 0.028980 0.032991
v -0.041815 0.027794 0.031511
v -0.041620 0.027131 0.031620
v -0.039503 0.027541 0.033210
v -0.041444 0.026303 0.031462
v -0.036549 0.028753 0.034807
v -0.036602 0.029513 0.034749
v -0.036577 0.029979 0.034331
v -0.042018 0.024895 0.026606
v -0.041019 0.026447 0.027392
v -0.040778 0.025141 0.029932
v -0.041608 0.024115 0.028814
v -0.042556 0.024169 0.025917
v -0.042146 0.023354 0.027908
v -0.041683 0.024701 0.022469
v -0.040875 0.025439 0.023123
v -0.039666 0.026338 0.024081
v -0.042129 0.023985 0.022088
v -0.042336 0.023209 0.021942
v -0.042287 0.022354 0.021893
v -0.042016 0.021543 0.022204
v -0.057526 -0.010363 0.019558
v -0.057715 0.000892 0.018570
v -0.060025 -0.007071 0.015370
v -0.041538 0.019802 0.029250
v -0.042198 0.020305 0.028534
v -0.041115 0.020215 0.029139
v -0.041544 0.020593 0.028595
v -0.042679 0.020848 0.027772
v -0.043032 0.020304 0.027656
v -0.040048 0.018488 0.028472
v -0.039431 0.019164 0.025128
v -0.040514 0.019676 0.024223
v -0.040956 0.019426 0.027284
v -0.038836 0.017971 0.029483
v -0.037687 0.018718 0.026071
v -0.041209 0.020218 0.023493
v -0.041684 0.020877 0.022727
v -0.041596 0.019978 0.026660
v -0.042070 0.020543 0.025855
v -0.041993 0.021058 0.027931
v -0.042681 0.021943 0.025114
v -0.042767 0.022607 0.025172
v -0.042316 0.021470 0.027203
v -0.042694 0.022085 0.026527
v -0.042448 0.021305 0.025292
v -0.042749 0.023408 0.025422
v -0.042479 0.022687 0.027062
v -0.043470 0.019620 0.027016
v -0.043437 0.020764 0.026978
v -0.044244 0.021772 0.026085
v -0.044012 0.019462 0.026280
v -0.044925 0.019354 0.025256
v -0.044496 0.017925 0.025515
v -0.045373 0.022231 0.025407
v -0.046534 0.022586 0.024751
v -0.045956 0.019291 0.024263
v -0.045295 0.017576 0.024550
v -0.043048 0.021277 0.027120
v -0.043385 0.021882 0.026608
v -0.044849 0.023611 0.026615
v -0.045599 0.024350 0.026352
v -0.043831 0.022976 0.027061
v -0.043325 0.023983 0.028340
v -0.044160 0.024771 0.028285
v -0.044656 0.025537 0.028222
v -0.043140 0.025882 0.029924
v -0.043527 0.026601 0.029861
v -0.042556 0.025111 0.029793
v -0.043012 0.022729 0.027332
v -0.042586 0.023509 0.028227
v -0.041907 0.024426 0.029390
v -0.041051 0.025409 0.030720
v -0.039382 0.026770 0.032668
v -0.039156 0.026432 0.031838
v -0.036479 0.027915 0.034333
v -0.036403 0.027532 0.033573
v -0.033004 0.031994 0.036813
v -0.038359 0.031447 0.036076
v -0.036383 0.028828 0.030605
v -0.034630 0.027812 0.027225
v -0.032042 0.028117 0.028677
v -0.032899 0.029418 0.032385
v -0.020996 0.024019 0.031056
v -0.021413 0.025242 0.031631
v -0.022053 0.025691 0.028633
v -0.021548 0.024498 0.028102
v -0.020071 0.023719 0.032020
v -0.021220 0.024979 0.032695
v -0.025019 0.028463 0.033302
v -0.025661 0.027574 0.029472
v -0.023055 0.027060 0.029182
v -0.022665 0.027016 0.032543
v -0.025870 0.027484 0.034582
v -0.023066 0.026219 0.033629
v -0.032825 0.028245 0.034715
v -0.022825 0.071200 -0.147474
v -0.022504 0.055497 -0.150755
v -0.041882 0.057317 -0.141849
v -0.041759 0.071006 -0.139187
v -0.039433 0.027866 0.028772
v -0.037455 0.027211 0.025666
v -0.051724 0.072215 -0.131474
v -0.050815 0.081001 -0.128487
v -0.042054 0.082785 -0.133936
v -0.038517 -0.060686 -0.100559
v -0.028628 -0.070732 -0.107993
v -0.019301 0.023430 0.033260
v -0.020762 0.024729 0.033764
v -0.018302 0.022477 0.032893
v -0.017188 0.022292 0.033267
v -0.018085 0.023540 0.033496
v -0.019614 0.025137 0.034005
v -0.022627 0.026250 0.034489
v -0.021724 0.026823 0.034879
v -0.024941 0.028537 0.035817
v -0.025606 0.027801 0.035429
v -0.032607 0.028545 0.035595
v -0.032332 0.029390 0.035819
v -0.024289 0.029227 0.035593
v -0.021076 0.027507 0.034609
v -0.023760 0.029857 0.035057
v -0.020780 0.028385 0.034173
v -0.032043 0.030782 0.035217
v -0.032138 0.030162 0.035713
v -0.020504 0.019560 0.034023
v -0.017608 0.020260 0.033622
v -0.020819 0.020048 0.033492
v -0.018646 0.020696 0.033152
v -0.021808 0.020329 0.032566
v -0.018006 0.021180 0.033001
v -0.016992 0.020877 0.033434
v -0.021794 0.020652 0.031343
v -0.017118 0.023798 0.033201
v -0.016152 0.022171 0.033361
v -0.015921 0.024208 0.032979
v -0.014993 0.022191 0.033336
v -0.017895 0.026589 0.033173
v -0.018731 0.025724 0.033653
v -0.015958 0.020575 0.033595
v -0.016522 0.019861 0.033819
v -0.014932 0.020407 0.033673
v -0.015614 0.019498 0.033886
v -0.022810 0.016598 0.035100
v -0.022471 0.015782 0.035261
v -0.019245 0.018103 0.034548
v -0.018596 0.017473 0.034696
v -0.030891 0.012623 0.034496
v -0.034135 0.012709 0.033372
v -0.030356 0.011254 0.034623
v -0.033737 0.011096 0.033387
v -0.025541 0.011940 0.035661
v -0.026095 0.013187 0.035376
v -0.033550 -0.113260 -0.018199
v -0.044332 0.014566 0.025512
v -0.045602 0.012911 0.024893
v -0.043923 0.012109 0.026616
v -0.042939 0.014003 0.026981
v -0.041396 0.013557 0.028509
v -0.041858 0.011569 0.028496
v -0.039440 0.011328 0.030265
v -0.039426 0.013183 0.030222
v -0.037194 0.012907 0.031766
v -0.036919 0.011177 0.031809
v -0.047457 0.018745 0.022987
v -0.048729 0.022257 0.022967
v -0.049457 0.017683 0.021416
v -0.051103 0.021605 0.020895
v -0.014402 0.025030 0.033612
v -0.013652 0.022599 0.033458
v -0.012322 0.025877 0.035231
v -0.011950 0.023160 0.034735
v -0.013914 0.028954 0.036675
v -0.015974 0.028126 0.034505
v -0.014027 0.020335 0.033782
v -0.014702 0.019070 0.033977
v -0.012715 0.020184 0.034514
v -0.013748 0.018477 0.034589
v -0.021901 0.014743 0.035431
v -0.021285 0.013571 0.035714
v -0.017872 0.016694 0.034867
v -0.016971 0.015741 0.035316
v -0.050603 -0.011866 -0.117706
v -0.054432 0.029797 -0.130778
v -0.046147 0.035395 0.034615
v -0.043708 0.032557 0.035051
v -0.040095 0.033622 0.037289
v -0.042159 0.037035 0.038050
v -0.048349 0.039936 0.032673
v -0.050835 0.036496 0.029405
v -0.048668 0.033170 0.031305
v -0.046269 0.030957 0.032357
v -0.049776 0.025184 0.024188
v -0.047922 0.025281 0.025633
v -0.048158 0.027113 0.027386
v -0.050028 0.027616 0.026030
v -0.052104 0.025206 0.021909
v -0.052631 0.028720 0.023826
v -0.049588 0.030124 0.028430
v -0.047507 0.028936 0.029747
v -0.052034 0.032273 0.026680
v -0.022190 0.033676 0.039022
v -0.022878 0.032424 0.036710
v -0.019685 0.030423 0.035019
v -0.018102 0.031044 0.036698
v -0.020925 0.035033 0.040718
v -0.016146 0.031728 0.038454
v -0.035728 0.038174 0.040931
v -0.034221 0.034412 0.038906
v -0.023394 0.030299 0.034670
v -0.021008 0.028895 0.034212
v -0.023272 0.030620 0.034784
v -0.020912 0.029226 0.034189
v -0.059305 0.092219 -0.110330
v -0.061477 0.098423 -0.097732
v -0.044850 0.109162 -0.104032
v -0.044099 0.101505 -0.116485
v -0.039718 0.029220 0.032981
v -0.040169 0.029454 0.033718
v -0.042638 0.028435 0.032080
v -0.042047 0.028115 0.031574
v -0.043898 0.027072 0.029924
v -0.044558 0.027411 0.030196
v -0.045750 0.026367 0.028357
v -0.045081 0.026083 0.028263
v -0.045709 0.025363 0.027010
v -0.046270 0.025197 0.026658
v -0.020691 0.029918 0.034634
v -0.023208 0.031122 0.035381
v -0.053215 0.060154 -0.132792
v -0.044234 0.077263 0.024839
v -0.051284 0.073402 0.017915
v -0.048931 0.066782 0.023607
v -0.041509 0.030510 0.034684
v -0.044121 0.029390 0.032560
v -0.045836 0.028094 0.030298
v -0.046802 0.026750 0.028332
v -0.047111 0.025763 0.026878
v -0.070214 -0.013988 -0.038541
v -0.070985 -0.014091 -0.040339
v -0.081068 -0.004704 -0.065114
v -0.079398 0.001680 -0.064690
v -0.078000 0.005108 -0.063727
v -0.078365 0.014075 -0.049562
v -0.082571 0.017056 -0.052503
v -0.083691 -0.023025 -0.058986
v -0.080192 -0.024837 -0.055334
v -0.083771 -0.022142 -0.059624
v -0.089950 0.013519 -0.063455
v -0.090337 0.011982 -0.064889
v -0.091180 0.011870 -0.064793
v -0.044020 -0.032518 -0.107923
v -0.048224 -0.020366 -0.113777
v -0.091009 0.009983 -0.066369
v -0.073343 -0.009441 -0.042773
v -0.082349 -0.005218 -0.065223
v -0.084195 -0.005754 -0.066878
v -0.084504 -0.010669 -0.067286
v -0.083960 -0.010146 -0.066183
v -0.083379 -0.015362 -0.065434
v -0.083024 -0.014362 -0.064664
v -0.085766 -0.019478 -0.062082
v -0.088271 -0.016114 -0.063899
v -0.083903 0.017483 -0.053504
v -0.082980 0.016529 -0.051826
v -0.084699 0.017143 -0.053690
v -0.073862 -0.010685 -0.044302
v -0.076395 0.012542 -0.049401
v -0.075719 0.010367 -0.048226
v -0.075385 0.010621 -0.048759
v -0.069663 -0.005780 -0.048915
v -0.069730 -0.004821 -0.049028
v -0.070862 -0.007201 -0.048264
v -0.073592 -0.008760 -0.046883
v -0.066754 -0.016486 -0.047026
v -0.065866 -0.018001 -0.049510
v -0.066457 -0.018954 -0.048541
v -0.086427 0.024243 -0.057608
v -0.075709 0.009475 -0.048012
v -0.077195 0.010535 -0.047980
v -0.077740 0.011617 -0.048239
v -0.085636 0.016815 -0.053891
v -0.078004 0.012424 -0.048565
v -0.077260 0.012407 -0.048528
v -0.079080 0.013859 -0.049384
v -0.076701 0.012267 -0.048826
v -0.073794 -0.012782 -0.061569
v -0.072178 -0.013425 -0.059788
v -0.071940 0.007313 -0.038977
v -0.072936 0.004777 -0.041374
v -0.078798 -0.025418 -0.053333
v -0.076677 0.012932 -0.059898
v -0.076631 0.015312 -0.061119
v -0.089557 -0.011307 -0.065718
v -0.081064 -0.016633 -0.056420
v -0.078730 -0.017374 -0.054641
v -0.083285 -0.015589 -0.058007
v -0.085099 -0.013102 -0.059382
v -0.070807 0.003469 -0.054591
v -0.083444 0.006647 -0.058288
v -0.084414 0.004584 -0.059661
v -0.081736 0.006651 -0.056709
v -0.077657 0.018848 -0.059112
v -0.077339 0.018935 -0.056630
v -0.078529 0.013250 -0.057167
v -0.076691 0.017448 -0.055978
v -0.068926 -0.012989 -0.047492
v -0.068556 -0.019336 -0.051133
v -0.067355 -0.017284 -0.051988
v -0.069750 -0.019283 -0.052173
v -0.068983 -0.018592 -0.053660
v -0.069614 -0.017217 -0.055581
v -0.070402 -0.015286 -0.057049
v -0.070016 -0.012464 -0.057909
v -0.068599 -0.008900 -0.048430
v -0.077494 0.018919 -0.045376
v -0.068022 -0.010786 -0.048193
v -0.069984 -0.007167 -0.048555
v -0.070150 -0.008953 -0.048041
v -0.069832 -0.010954 -0.047598
v -0.075451 -0.019792 -0.047967
v -0.076328 -0.018457 -0.050699
v -0.073706 -0.018958 -0.047322
v -0.077243 -0.017933 -0.052880
v -0.072233 -0.018649 -0.047048
v -0.076414 0.014314 -0.058143
v -0.076607 0.017368 -0.058132
v -0.070670 -0.010442 -0.036435
v -0.062267 -0.001691 0.010564
v -0.063878 0.008061 0.005335
v -0.025153 -0.054704 0.032353
v -0.024083 -0.057657 0.032745
v -0.054150 -0.013545 0.023868
v -0.049218 -0.016507 0.028806
v -0.024079 -0.049347 0.044281
v -0.023385 -0.050125 0.044327
v -0.022478 -0.049688 0.044546
v -0.023212 -0.049343 0.044261
v -0.021050 -0.048975 0.042924
v -0.021880 -0.049073 0.042251
v -0.022039 -0.049228 0.043066
v -0.021295 -0.049024 0.043768
v -0.027617 -0.033227 0.045509
v -0.030782 -0.028596 0.043255
v -0.033195 -0.033082 0.042259
v -0.030175 -0.036980 0.044542
v -0.023893 -0.050095 0.035025
v -0.023631 -0.048867 0.035427
v -0.022311 -0.048846 0.039238
v -0.022828 -0.049352 0.038904
v -0.023634 -0.052897 0.035029
v -0.022623 -0.050739 0.038681
v -0.025695 -0.050686 0.032399
v -0.024922 -0.048533 0.032839
v -0.033066 -0.054878 0.039436
v -0.029448 -0.052946 0.041308
v -0.030532 -0.049926 0.042316
v -0.033974 -0.050415 0.040309
v -0.023189 -0.021013 0.044815
v -0.027221 -0.024731 0.044224
v -0.024202 -0.029121 0.045889
v -0.020327 -0.024911 0.046013
v -0.016733 -0.020274 0.047000
v -0.019409 -0.017197 0.045477
v -0.015582 -0.012494 0.051579
v -0.016402 -0.016307 0.052994
v -0.016037 -0.017314 0.056730
v -0.016174 -0.014966 0.055292
v -0.013992 -0.021254 0.054796
v -0.016514 -0.018601 0.051437
v -0.010055 -0.022587 0.055069
v -0.009735 -0.021835 0.056401
v -0.013933 -0.021850 0.052733
v -0.013977 -0.022873 0.050388
v -0.010312 -0.023434 0.053504
v -0.009135 -0.021040 0.057983
v -0.011856 -0.020914 0.057921
v -0.013763 -0.019089 0.059629
v -0.003511 -0.021246 0.067460
v -0.004829 -0.019898 0.069509
v -0.008091 0.013799 0.051546
v -0.010769 0.009907 0.047931
v -0.008136 0.010755 0.054092
v -0.010786 0.007360 0.050566
v -0.012954 -0.017120 0.063781
v -0.014388 -0.014853 0.061632
v -0.010802 -0.016063 0.067876
v -0.011790 -0.012971 0.067242
v -0.002437 0.029624 0.051485
v -0.001442 -0.024516 0.062770
v -0.001665 -0.025090 0.062001
v -0.001195 -0.023703 0.065015
v -0.023319 0.094259 -0.134933
v -0.023627 0.106743 -0.123510
v -0.022480 0.120683 -0.100030
v -0.020126 0.125492 -0.087453
v -0.005098 -0.042279 0.060846
v -0.004656 -0.039586 0.060724
v -0.011788 -0.043152 0.046171
v -0.006269 -0.042917 0.047617
v -0.005910 -0.046710 0.050359
v -0.011110 -0.046761 0.048806
v -0.015231 -0.046914 0.046586
v -0.016127 -0.043440 0.044086
v -0.012394 -0.039684 0.044788
v -0.006733 -0.039318 0.046278
v -0.011037 -0.048894 0.052135
v -0.005870 -0.048871 0.054452
v -0.005791 -0.047045 0.057550
v -0.011133 -0.047382 0.054612
v -0.016514 -0.027198 0.048739
v -0.012569 -0.026828 0.051517
v -0.008679 -0.026864 0.055494
v -0.005624 -0.027122 0.058620
v -0.005013 -0.025025 0.059373
v -0.007396 -0.024214 0.056687
v -0.004745 -0.024194 0.060096
v -0.007098 -0.023365 0.057689
v -0.006925 -0.022675 0.058552
v -0.007562 -0.021314 0.059300
v -0.005785 -0.021634 0.060623
v -0.006432 -0.020377 0.060377
v -0.004681 -0.023433 0.060659
v -0.002890 0.003961 0.067853
v -0.002670 0.008258 0.065110
v -0.009149 -0.037754 0.058616
v -0.004313 -0.037317 0.060147
v -0.003582 -0.032846 0.059806
v -0.007847 -0.032851 0.058200
v -0.012305 -0.033515 0.055532
v -0.014080 -0.039327 0.055835
v -0.001961 -0.025801 0.061312
v -0.009561 -0.040031 0.058871
v -0.009921 -0.042639 0.058561
v -0.014646 -0.041754 0.055886
v -0.014953 -0.044025 0.055339
v -0.018772 -0.041640 0.052532
v -0.017520 -0.035239 0.052429
v -0.023186 -0.036966 0.049028
v -0.022728 -0.044153 0.049177
v -0.030402 -0.046849 0.043656
v -0.025446 -0.049413 0.044015
v -0.025664 -0.048232 0.044751
v -0.025350 -0.047109 0.045780
v -0.029534 -0.043739 0.045110
v -0.033647 -0.045892 0.041821
v -0.032405 -0.041317 0.043269
v -0.027350 -0.040454 0.046764
v -0.024608 -0.045778 0.047120
v -0.024241 -0.048676 0.044931
v -0.023290 -0.048968 0.044686
v -0.024038 -0.048025 0.045839
v -0.023041 -0.048664 0.045486
v -0.023429 -0.047360 0.046975
v -0.022585 -0.048375 0.046408
v -0.021674 -0.047808 0.047777
v -0.022271 -0.046325 0.048635
v -0.021291 -0.049261 0.042966
v -0.020302 -0.049236 0.044127
v -0.020387 -0.049231 0.045592
v -0.021286 -0.049268 0.044429
v -0.021867 -0.049157 0.042376
v -0.021799 -0.049227 0.043726
v -0.021687 -0.048360 0.040358
v -0.020314 -0.047628 0.042224
v -0.022441 -0.049279 0.041569
v -0.022388 -0.049114 0.042775
v -0.022395 -0.049270 0.044150
v -0.022271 -0.049055 0.044716
v -0.021790 -0.048972 0.045514
v -0.020951 -0.048783 0.046627
v -0.014927 -0.045986 0.053973
v -0.018486 -0.045843 0.051791
v -0.018195 -0.047531 0.050234
v -0.014821 -0.048101 0.051721
v -0.017821 -0.048757 0.048561
v -0.016861 -0.039971 0.042957
v -0.014510 -0.048958 0.049810
v -0.019450 -0.044321 0.041525
v -0.020387 -0.041606 0.039491
v -0.018218 -0.047257 0.044042
v -0.023109 -0.047501 0.036520
v -0.021439 -0.045933 0.039141
v -0.024397 -0.046850 0.034039
v -0.022499 -0.043864 0.037140
v -0.017676 -0.049267 0.046589
v -0.018779 -0.043963 0.052446
v -0.010429 -0.045001 0.056975
v -0.005359 -0.044610 0.059485
v -0.003586 -0.004901 0.074516
v -0.003324 -0.000153 0.070934
v -0.021791 -0.049268 0.044493
v -0.011860 -0.121398 -0.006054
v -0.024727 -0.050619 0.043851
v -0.022832 -0.054977 0.034958
v -0.021827 -0.051714 0.038837
v -0.030334 -0.059411 0.039870
v -0.025856 -0.063776 0.042372
v -0.023767 -0.060022 0.044613
v -0.027343 -0.056266 0.041952
v -0.021040 -0.053993 0.047231
v -0.023356 -0.052167 0.044920
v -0.022162 -0.050991 0.045671
v -0.019984 -0.052018 0.047932
v -0.018942 -0.050504 0.048285
v -0.021197 -0.050055 0.045832
v -0.016984 -0.048785 0.046824
v -0.012685 -0.048230 0.049791
v -0.012149 -0.051808 0.044951
v -0.016800 -0.052139 0.042469
v -0.020265 -0.052071 0.040041
v -0.020142 -0.049057 0.043842
v -0.017629 -0.048666 0.047687
v -0.020408 -0.049026 0.044738
v -0.013058 -0.048209 0.050908
v -0.022054 -0.118230 -0.011291
v -0.020670 -0.049278 0.045542
v -0.018021 -0.049115 0.048030
v -0.013774 -0.049128 0.051535
v -0.014890 -0.051076 0.052022
v -0.015986 -0.053286 0.052141
v -0.016897 -0.056042 0.051183
v -0.018847 -0.062880 0.047762
v -0.019553 -0.067556 0.045838
v -0.012808 -0.064701 0.050372
v -0.012907 -0.069608 0.049126
v -0.011731 -0.057485 0.054700
v -0.011191 -0.053990 0.056118
v -0.010360 -0.051371 0.055797
v -0.009595 -0.049140 0.054802
v -0.002459 -0.027501 0.060491
v -0.004630 -0.021806 0.062092
v -0.003611 -0.021896 0.064744
v -0.006906 -0.018331 0.070372
v -0.001031 -0.023050 0.067519
v -0.009350 -0.016283 0.069832
v -0.007766 -0.017089 0.071524
v -0.008457 -0.015052 0.072457
v -0.009583 -0.014208 0.070924
v -0.006172 -0.017876 0.073051
v -0.007484 -0.015356 0.073834
v -0.001873 -0.019437 0.075331
v -0.002628 -0.015513 0.077667
v -0.003499 -0.009088 0.076994
v -0.002991 -0.012951 0.078015
v -0.008747 -0.013173 0.073187
v -0.009803 -0.010891 0.071448
v -0.009963 -0.007723 0.068456
v -0.011981 -0.010026 0.064284
v -0.010723 0.131978 -0.043170
v -0.008894 -0.047903 0.053899
v -0.008368 -0.047974 0.051916
v -0.012135 -0.061754 0.038023
v -0.012115 -0.057556 0.040538
v -0.007766 -0.057548 0.042081
v -0.007830 -0.062158 0.039579
v -0.004155 -0.047843 0.052925
v -0.003879 -0.051430 0.047690
v -0.007915 -0.051437 0.046620
v -0.004382 -0.047661 0.055294
v -0.004879 -0.049103 0.056505
v -0.005501 -0.051456 0.057830
v -0.003741 -0.057710 0.042880
v -0.003859 -0.062331 0.040461
v -0.021111 -0.056517 0.036119
v -0.022016 -0.059940 0.033892
v -0.016919 -0.057459 0.038511
v -0.017318 -0.061227 0.036265
v -0.006988 -0.070040 0.051708
v -0.006795 -0.065426 0.052156
v -0.005794 -0.054748 0.058111
v -0.006196 -0.058585 0.056401
v -0.023445 0.114933 -0.112488
v -0.062964 0.078560 -0.005559
v -0.061209 0.071796 0.002221
v -0.054303 0.079996 0.009633
v -0.056366 0.085135 0.002257
v -0.063830 0.086199 -0.013752
v -0.057138 0.091613 -0.005525
v -0.040685 0.122924 -0.063030
v -0.041207 0.122631 -0.048612
v -0.021984 0.129232 -0.044466
v -0.035602 0.122723 -0.077177
v -0.048020 0.113862 -0.086622
v -0.050208 0.116944 -0.067068
v -0.050129 0.117268 -0.051579
v -0.028386 -0.084665 -0.109893
v -0.054251 0.042577 -0.132094
v -0.048745 0.116525 -0.037631
v -0.040489 0.121104 -0.034694
v -0.039900 0.118262 -0.022190
v -0.047378 0.114499 -0.025807
v -0.021771 0.127182 -0.029881
v -0.010589 0.129677 -0.027914
v -0.020968 0.006048 -0.145152
v -0.002546 0.012280 0.062401
v -0.049317 -0.048297 -0.091038
v -0.058349 -0.048432 -0.073053
v -0.057974 -0.098519 -0.051621
v -0.069725 -0.026807 -0.053820
v -0.069555 -0.026333 -0.054698
v -0.060678 -0.062412 -0.054929
v -0.061734 -0.049210 -0.055856
v -0.040236 -0.047256 -0.103163
v -0.079984 -0.015803 -0.063699
v -0.080950 -0.012508 -0.064867
v -0.081006 -0.016543 -0.063267
v -0.082220 -0.012923 -0.064570
v -0.082460 -0.009147 -0.065202
v -0.081525 -0.018373 -0.062665
v -0.077655 0.019179 -0.053505
v -0.078883 0.020876 -0.052732
v -0.068981 -0.028586 -0.049716
v -0.068950 -0.027934 -0.051492
v -0.068400 -0.028141 -0.050444
v -0.068097 -0.028718 -0.049228
v -0.068522 -0.029491 -0.048220
v -0.067921 -0.029258 -0.048104
v -0.077766 0.035466 -0.046967
v -0.066956 -0.028658 -0.051605
v -0.068918 -0.026661 -0.054171
v -0.068788 -0.027499 -0.052765
v -0.067709 -0.028153 -0.051382
v -0.066982 -0.028946 -0.049262
v -0.066835 -0.029889 -0.047569
v -0.067990 -0.030690 -0.047105
v -0.081721 -0.019535 -0.063212
v -0.073495 -0.030229 -0.052545
v -0.078807 0.011485 -0.060097
v -0.079035 0.009758 -0.061461
v -0.081267 0.011477 -0.063048
v -0.081016 0.013739 -0.061619
v -0.060436 -0.010979 -0.105194
v -0.062620 -0.000141 -0.110329
v -0.015354 -0.083030 -0.114489
v -0.015453 -0.069226 -0.113760
v -0.076825 0.032141 -0.095153
v -0.078701 0.013170 -0.058415
v -0.080920 0.015446 -0.060082
v -0.081339 -0.008704 -0.065227
v -0.078381 0.012141 -0.058269
v -0.078434 0.010454 -0.059896
v -0.082047 0.017069 -0.061623
v -0.082257 0.014880 -0.063365
v -0.082510 0.012414 -0.064765
v -0.078501 0.008639 -0.061603
v -0.077448 0.017425 -0.061021
v -0.081036 0.063504 -0.071017
v -0.080350 0.057342 -0.085258
v -0.077518 0.080792 -0.074358
v -0.076925 0.075511 -0.089876
v -0.072411 0.069276 -0.105972
v -0.075781 0.050143 -0.101420
v -0.077216 0.018759 -0.055186
v -0.079943 0.021876 -0.053236
v -0.064484 0.092507 -0.021599
v -0.069518 0.087137 -0.029054
v -0.057467 0.097253 -0.012748
v -0.057361 0.102274 -0.019574
v -0.063893 0.098434 -0.028674
v -0.070984 0.091136 -0.041045
v -0.079910 0.054118 -0.055971
v -0.079139 0.069302 -0.056654
v -0.076010 0.073835 -0.042861
v -0.075541 0.086194 -0.058503
v -0.067001 0.100256 -0.047451
v -0.070697 0.096397 -0.062207
v -0.059917 0.108694 -0.051364
v -0.062026 0.106448 -0.066182
v -0.061979 0.103727 -0.082345
v -0.072429 0.092198 -0.077542
v -0.062037 0.103731 -0.034946
v -0.055828 0.106849 -0.025095
v -0.056915 0.109966 -0.038511
v -0.053620 0.110747 -0.029716
v -0.074077 0.075991 -0.035450
v -0.063600 -0.034169 -0.047347
v -0.064781 -0.034709 -0.041885
v -0.067786 -0.024129 -0.034309
v -0.066680 0.001162 -0.001394
v -0.066769 0.013964 -0.003629
v -0.070308 0.005767 -0.013878
v -0.068283 -0.007892 -0.010788
v -0.065413 0.027702 -0.005074
v -0.069114 0.020051 -0.015238
v -0.069783 0.034028 -0.016813
v -0.066109 0.042116 -0.005090
v -0.063601 0.063675 -0.121150
v -0.065908 0.046681 -0.119305
v -0.066381 0.033744 -0.117535
v -0.047111 0.060377 0.027428
v -0.023120 0.085055 -0.141227
v -0.046656 0.084836 0.017375
v -0.055861 0.084584 -0.121371
v -0.042760 0.090547 -0.127991
v -0.071667 0.087066 -0.092825
v -0.068519 0.081553 -0.106540
v -0.060595 0.074938 -0.121560
v -0.065387 0.017438 -0.115523
v -0.047926 0.110852 -0.018089
v -0.054415 0.025023 0.019036
v -0.053406 0.020401 0.017950
v -0.054901 0.029918 0.020792
v -0.051527 0.015485 0.019139
v -0.014092 0.006313 0.045093
v -0.013718 0.004183 0.047497
v -0.013284 0.001567 0.049513
v -0.016946 0.001109 0.044648
v -0.016294 -0.002236 0.046585
v -0.010543 0.001213 0.055544
v -0.010706 0.004363 0.052937
v -0.013067 -0.001668 0.051790
v -0.012584 -0.005471 0.053479
v -0.010473 -0.002382 0.057785
v -0.016517 -0.018631 0.048615
v -0.017344 -0.013509 0.046964
v -0.015108 -0.009164 0.049590
v -0.019564 -0.005395 0.044380
v -0.018570 -0.009118 0.045865
v -0.015696 -0.005392 0.048286
v -0.020807 -0.001675 0.042553
v -0.013343 -0.009353 0.055995
v -0.014575 -0.012663 0.059311
v -0.011036 -0.006406 0.060892
v -0.009412 -0.004210 0.064818
v -0.008699 -0.000069 0.061718
v -0.017526 0.003520 0.042447
v -0.021838 0.001319 0.040908
v -0.021822 -0.012728 0.044681
v -0.026199 -0.016097 0.044004
v -0.023564 -0.007995 0.042985
v -0.027846 -0.010855 0.042207
v -0.024974 -0.003938 0.041292
v -0.029177 -0.006650 0.040240
v -0.030133 -0.019693 0.043175
v -0.033532 -0.023684 0.041808
v -0.036683 -0.028714 0.039976
v -0.036006 -0.018361 0.039784
v -0.039594 -0.023743 0.037612
v -0.037869 -0.013101 0.037664
v -0.041988 -0.017988 0.035330
v -0.032225 -0.014300 0.041198
v -0.033790 -0.009738 0.039021
v -0.030467 -0.002413 0.038443
v -0.026344 -0.000200 0.039770
v -0.039390 -0.001318 0.034088
v -0.038990 -0.007166 0.035883
v -0.034700 -0.004769 0.037027
v -0.035363 0.000150 0.035215
v -0.043812 -0.010905 0.033545
v -0.043915 -0.002917 0.032552
v -0.043243 0.002357 0.031069
v -0.029620 0.009426 0.035303
v -0.024866 0.010200 0.036311
v -0.033159 0.008982 0.033931
v -0.039132 0.003088 0.032641
v -0.035721 0.003882 0.034055
v -0.047102 0.010309 0.024632
v -0.044935 0.009357 0.026855
v -0.039344 0.008790 0.030971
v -0.036454 0.008785 0.032505
v -0.042255 0.009015 0.029086
v -0.020367 0.011973 0.036466
v -0.016108 0.014318 0.036533
v -0.058021 -0.060934 -0.070293
v -0.008320 0.003843 0.059380
v -0.008198 0.007298 0.056856
v -0.013180 0.032209 0.040891
v -0.011140 0.029430 0.039542
v -0.005755 0.029512 0.048341
v -0.017661 0.035736 0.043462
v -0.012542 0.017168 0.036763
v -0.011025 0.019729 0.036887
v -0.009940 0.023273 0.037472
v -0.009891 0.026261 0.038355
v -0.029677 0.049898 0.045171
v -0.026652 0.043224 0.046675
v -0.057578 0.065438 0.011312
v -0.061034 0.056173 0.006997
v -0.049309 0.045147 0.029221
v -0.052423 0.040658 0.025923
v -0.054408 0.035313 0.023047
v -0.062328 0.043948 0.003731
v -0.062366 0.031203 0.002510
v -0.063284 0.019267 0.003060
v -0.048815 0.096291 0.003054
v -0.048844 0.101683 -0.003901
v -0.048206 0.090483 0.010269
v -0.039589 0.114562 -0.012572
v -0.039556 0.110370 -0.004041
v -0.048556 0.106532 -0.010905
v -0.039922 0.105518 0.003399
v -0.040134 0.100143 0.010321
v -0.039518 0.094402 0.017608
v -0.038275 0.088306 0.024540
v -0.036403 0.079634 0.031270
v -0.048120 -0.060097 -0.088224
v -0.006877 -0.009535 0.057725
v -0.006154 -0.009378 0.058292
v -0.005735 -0.010124 0.057220
v -0.005107 -0.009886 0.057770
v -0.004513 -0.011695 0.057528
v -0.006170 -0.018543 0.059655
v -0.004826 -0.016670 0.058612
v -0.004073 -0.013348 0.057375
v -0.066641 -0.030406 -0.036209
v -0.058890 -0.094278 -0.066513
v -0.055606 -0.090557 -0.078548
v 0.054071 -0.094084 -0.065333
v 0.050600 -0.090208 -0.077653
v 0.020087 -0.124402 -0.012824
v 0.031553 -0.120494 -0.018559
v 0.033127 -0.128204 -0.020100
v 0.021291 -0.131113 -0.014195
v 0.057707 -0.111170 -0.072285
v 0.055323 -0.103296 -0.065745
v 0.052306 -0.098836 -0.081163
v 0.056200 -0.106945 -0.087777
v 0.046168 -0.096485 -0.094664
v 0.050130 -0.105420 -0.100886
v 0.039280 -0.106045 -0.110701
v 0.036614 -0.095446 -0.104792
v 0.024946 -0.096102 -0.112003
v 0.027606 -0.108070 -0.116868
v 0.042480 -0.116054 -0.027186
v 0.050872 -0.111327 -0.038712
v 0.051091 -0.120797 -0.039177
v 0.042478 -0.123740 -0.027999
v 0.055206 -0.106602 -0.051213
v 0.056496 -0.115524 -0.054968
v 0.012962 -0.107708 -0.120924
v 0.011582 -0.094365 -0.115839
v 0.023452 -0.146175 -0.015859
v 0.010289 -0.147046 -0.013333
v 0.010137 -0.139349 -0.012416
v 0.022654 -0.138623 -0.015177
v 0.054946 -0.149214 -0.035286
v 0.069330 -0.143570 -0.049880
v 0.075448 -0.151413 -0.045244
v 0.059531 -0.157008 -0.030346
v 0.096701 -0.151290 -0.059065
v 0.105665 -0.141182 -0.081001
v 0.038657 -0.153113 -0.023794
v 0.041518 -0.160526 -0.018201
v -0.002493 -0.117757 -0.128550
v -0.002203 -0.104901 -0.121498
v 0.095817 -0.135438 -0.085039
v 0.093886 -0.131796 -0.107423
v 0.106781 -0.137005 -0.105372
v 0.051889 -0.154580 -0.147274
v 0.051768 -0.161651 -0.151063
v 0.067819 -0.156600 -0.147682
v 0.063052 -0.150581 -0.143394
v 0.072633 -0.120855 -0.102064
v 0.060844 -0.121913 -0.116908
v 0.070355 -0.128990 -0.121799
v 0.083160 -0.126637 -0.107295
v 0.035808 -0.139904 -0.138262
v 0.054143 -0.133796 -0.130576
v 0.046128 -0.126379 -0.125816
v 0.030561 -0.130863 -0.131896
v 0.085890 -0.130396 -0.084855
v 0.074364 -0.125533 -0.081885
v 0.078190 -0.136926 -0.065998
v 0.068938 -0.131452 -0.064203
v 0.061409 -0.136505 -0.048285
v 0.055847 -0.113684 -0.108302
v 0.043167 -0.116120 -0.117845
v 0.027407 -0.119766 -0.124595
v 0.011372 -0.120796 -0.128654
v -0.003013 -0.169579 -0.148741
v -0.002817 -0.157480 -0.145338
v 0.016480 -0.142543 -0.140157
v 0.014253 -0.131462 -0.134321
v 0.087584 -0.143453 -0.064254
v 0.061210 -0.124236 -0.061134
v 0.055467 -0.128699 -0.045204
v 0.065850 -0.163948 -0.020378
v 0.084081 -0.159207 -0.037803
v 0.045118 -0.167762 -0.008530
v 0.026410 -0.170359 -0.001475
v 0.017408 -0.154175 -0.145694
v 0.016116 -0.166737 -0.148978
v 0.036840 -0.162928 -0.150373
v 0.040097 -0.151030 -0.145440
v 0.049323 -0.140246 -0.034711
v 0.036690 -0.144539 -0.024296
v 0.023570 -0.154835 -0.014936
v 0.063137 -0.114591 -0.094164
v 0.064105 -0.119099 -0.077511
v 0.045213 -0.131528 -0.031708
v 0.034779 -0.136589 -0.022393
v 0.009309 -0.132470 -0.010353
v 0.024537 -0.162612 -0.009739
v 0.096794 -0.141603 -0.126277
v 0.082679 -0.149793 -0.139770
v 0.074319 -0.146714 -0.138399
v -0.002569 -0.144215 -0.140698
v -0.002064 -0.140332 -0.012003
v -0.002297 -0.147964 -0.014417
v -0.001478 -0.133915 -0.009141
v 0.080622 -0.137342 -0.127746
v 0.059291 -0.143072 -0.138153
v -0.001416 -0.128089 -0.006517
v -0.002267 -0.093380 -0.117085
v -0.002486 -0.158140 -0.015273
v -0.002728 -0.167567 -0.009719
v -0.002874 -0.176540 -0.000601
v 0.009058 -0.126701 -0.007969
v 0.010268 -0.165025 -0.008674
v 0.010139 -0.155987 -0.013108
v 0.011069 -0.174052 -0.000884
v -0.002077 -0.130590 -0.134868
v -0.022651 -0.124495 -0.013174
v -0.034562 -0.120647 -0.019146
v -0.036395 -0.128332 -0.020549
v -0.024157 -0.131310 -0.014607
v -0.061304 -0.112072 -0.073787
v -0.059045 -0.103843 -0.066957
v -0.057014 -0.099367 -0.082267
v -0.060437 -0.107887 -0.088889
v -0.050438 -0.097212 -0.095476
v -0.054068 -0.106386 -0.101466
v -0.043415 -0.107135 -0.110803
v -0.040821 -0.096279 -0.105337
v -0.029195 -0.096847 -0.112228
v -0.031926 -0.109008 -0.116761
v -0.045790 -0.116269 -0.027965
v -0.054093 -0.111847 -0.039610
v -0.054432 -0.121118 -0.040138
v -0.045963 -0.123927 -0.028719
v -0.058034 -0.107129 -0.052153
v -0.059610 -0.116236 -0.056342
v -0.017295 -0.108235 -0.120666
v -0.015990 -0.094776 -0.115891
v -0.027540 -0.146365 -0.016182
v -0.014368 -0.147274 -0.013558
v -0.013674 -0.139485 -0.012783
v -0.026347 -0.138712 -0.015732
v -0.059052 -0.150165 -0.036827
v -0.072988 -0.144976 -0.052109
v -0.079350 -0.152803 -0.047353
v -0.063775 -0.158115 -0.031899
v -0.100708 -0.152312 -0.061130
v -0.109282 -0.142054 -0.082675
v -0.042938 -0.153635 -0.024532
v -0.045948 -0.161140 -0.019118
v -0.100107 -0.136515 -0.086646
v -0.098513 -0.132907 -0.108334
v -0.111283 -0.137896 -0.106586
v -0.057818 -0.154986 -0.148099
v -0.057904 -0.161812 -0.151828
v -0.073385 -0.156988 -0.148488
v -0.068808 -0.151117 -0.144228
v -0.077165 -0.122090 -0.102788
v -0.065485 -0.123043 -0.117200
v -0.074855 -0.130079 -0.122385
v -0.087376 -0.127793 -0.108047
v -0.040848 -0.140532 -0.138680
v -0.058582 -0.134729 -0.131197
v -0.050697 -0.127453 -0.126152
v -0.034308 -0.131664 -0.132267
v -0.089731 -0.131310 -0.086242
v -0.077602 -0.126383 -0.083236
v -0.081760 -0.138253 -0.067933
v -0.072477 -0.132721 -0.066211
v -0.064843 -0.137673 -0.050462
v -0.059421 -0.114713 -0.108754
v -0.047155 -0.117143 -0.117928
v -0.032135 -0.120460 -0.124507
v -0.016469 -0.121043 -0.128450
v -0.021620 -0.142730 -0.140217
v -0.018952 -0.132271 -0.134673
v -0.091314 -0.144812 -0.066197
v -0.064462 -0.125134 -0.063040
v -0.058896 -0.129345 -0.046853
v -0.070399 -0.164496 -0.021801
v -0.088431 -0.160074 -0.039731
v -0.049958 -0.168061 -0.009361
v -0.031681 -0.170653 -0.001782
v -0.023676 -0.154409 -0.145994
v -0.021545 -0.167004 -0.149272
v -0.041188 -0.163757 -0.151071
v -0.045360 -0.151532 -0.146107
v -0.053456 -0.140860 -0.035987
v -0.040908 -0.144884 -0.025051
v -0.027975 -0.155066 -0.015225
v -0.066893 -0.115566 -0.095136
v -0.067698 -0.120059 -0.079105
v -0.049119 -0.131761 -0.032649
v -0.038750 -0.136728 -0.022968
v -0.012703 -0.132666 -0.010811
v -0.029302 -0.162963 -0.010224
v -0.100693 -0.142404 -0.127274
v -0.087394 -0.150452 -0.140645
v -0.079174 -0.147443 -0.139270
v -0.085067 -0.138316 -0.128527
v -0.063963 -0.143826 -0.138926
v -0.011883 -0.126899 -0.008342
v -0.015347 -0.165170 -0.008799
v -0.014776 -0.156162 -0.013310
v -0.016260 -0.173915 -0.001207
v -0.005957 -0.011681 0.056622
v -0.066151 -0.033150 -0.016006
v -0.065851 -0.040706 -0.023185
v -0.062769 -0.051165 -0.017120
v -0.063503 -0.043187 -0.010001
v -0.057274 -0.061897 -0.008985
v -0.059884 -0.052165 -0.002908
v -0.051427 -0.070204 -0.000151
v -0.055328 -0.060216 0.004062
v -0.046830 -0.075641 0.009605
v -0.050654 -0.065735 0.012135
v -0.032731 -0.080772 0.031483
v -0.031533 -0.085678 0.027921
v -0.025227 -0.089197 0.035641
v -0.025420 -0.085041 0.039615
v -0.018059 -0.091628 0.042513
v -0.018094 -0.087430 0.046094
v -0.010037 -0.092765 0.046422
v -0.009646 -0.088675 0.050048
v -0.000596 -0.092924 0.048018
v -0.000331 -0.088851 0.051701
v 0.000050 -0.079360 0.054462
v -0.008379 -0.079230 0.053016
v -0.009109 -0.083991 0.052297
v -0.000106 -0.084557 0.053668
v -0.015664 -0.078308 0.049298
v -0.017260 -0.083187 0.048216
v -0.022216 -0.075611 0.043924
v -0.024222 -0.080590 0.042299
v -0.029799 -0.071406 0.037726
v -0.031948 -0.076281 0.034722
v -0.036219 -0.065812 0.033796
v -0.039099 -0.068922 0.029186
v -0.009476 -0.095913 0.040322
v -0.000879 -0.096139 0.042728
v -0.016765 -0.094798 0.036486
v -0.023257 -0.092592 0.030674
v -0.028636 -0.089973 0.023915
v -0.040471 -0.079585 0.019067
v -0.034390 -0.086950 0.015387
v -0.041585 -0.081897 0.006769
v -0.046553 -0.076504 -0.004099
v -0.053454 -0.067957 -0.014429
v -0.060768 -0.057067 -0.023633
v -0.064486 -0.044820 -0.030649
v -0.066785 -0.032658 -0.028305
v -0.014348 -0.074024 0.049136
v -0.007593 -0.074714 0.052491
v -0.021365 -0.071539 0.044293
v -0.027914 -0.067380 0.039961
v -0.033030 -0.062777 0.037393
v -0.037726 -0.050931 0.037550
v -0.036628 -0.057158 0.036744
v -0.035657 -0.038576 0.040649
v -0.037169 -0.044785 0.038999
v -0.042577 -0.030944 0.034686
v -0.044644 -0.039791 0.031534
v -0.040949 -0.042945 0.035474
v -0.039276 -0.035247 0.037759
v -0.045683 -0.025053 0.031498
v -0.048322 -0.035041 0.027319
v -0.008702 -0.097489 0.034476
v -0.001163 -0.097872 0.035757
v -0.014948 -0.096660 0.030826
v -0.020199 -0.095363 0.025270
v -0.024230 -0.093891 0.018497
v -0.028592 -0.091680 0.010869
v -0.033974 -0.088675 0.002039
v -0.040619 -0.083529 -0.008308
v -0.048977 -0.074173 -0.019871
v -0.057884 -0.061159 -0.029964
v -0.062363 -0.048460 -0.036902
v -0.020754 -0.098439 0.004893
v -0.017047 -0.098498 0.011333
v -0.014078 -0.098875 0.017059
v -0.011298 -0.099426 0.021710
v -0.007153 -0.100299 0.021194
v -0.001412 -0.100270 0.020833
v -0.006463 -0.102161 0.012936
v -0.001310 -0.101785 0.013162
v -0.008455 -0.103595 0.008243
v -0.001203 -0.104081 0.007989
v -0.010469 -0.105800 0.004324
v -0.001252 -0.107918 0.005012
v -0.040205 -0.059052 0.032875
v -0.043800 -0.059586 0.027754
v -0.045268 -0.049535 0.028831
v -0.049221 -0.046096 0.023565
v -0.047974 -0.058042 0.021622
v -0.041500 -0.051108 0.033679
v -0.053091 -0.053794 0.014217
v -0.053592 -0.040930 0.017751
v -0.052116 -0.028841 0.023184
v -0.056909 -0.036056 0.012548
v -0.057354 -0.047707 0.007382
v -0.055798 -0.024014 0.018884
v -0.058755 -0.019515 0.014692
v -0.059705 -0.030389 0.007693
v -0.060257 -0.041583 0.002262
v -0.043021 -0.071225 0.022305
v -0.063006 -0.034363 -0.003738
v -0.061176 -0.015029 0.010312
v -0.061933 -0.024984 0.003265
v -0.063785 -0.009107 0.004867
v -0.064746 -0.017555 -0.002740
v -0.065575 -0.026555 -0.010215
v -0.068146 -0.024625 -0.024192
v 0.000101 -0.074771 0.054331
v -0.064009 -0.032834 -0.052363
v -0.020247 -0.032422 0.049186
v -0.015166 -0.030668 0.051881
v -0.010396 -0.030115 0.055443
v -0.006634 -0.029908 0.058259
v -0.002895 -0.030152 0.060051
v -0.001192 -0.117645 -0.000828
v 0.000997 0.043539 0.052238
v -0.001251 -0.111873 0.002955
v 0.000474 -0.062405 0.040802
v -0.000135 0.130822 -0.026683
v 0.000172 -0.070141 0.053956
v 0.000484 -0.057679 0.043346
v 0.001193 0.000377 0.072927
v 0.000201 -0.065466 0.053548
v 0.000467 -0.055105 0.058931
v 0.000523 -0.049224 0.057105
v 0.000547 0.082079 0.042927
v 0.000533 -0.051831 0.058707
v 0.000580 -0.027845 0.061140
v 0.001284 -0.004384 0.076357
v 0.000540 -0.047455 0.055726
v -0.002325 -0.045050 -0.118339
v 0.000426 -0.058387 0.057318
v 0.000585 -0.051309 0.048071
v 0.000556 -0.047803 0.053516
v 0.000565 -0.039372 0.046999
v 0.000576 -0.030671 0.060433
v 0.001389 0.020534 0.058536
v -0.002119 -0.007314 -0.141506
v 0.001366 0.017289 0.061142
v 0.000260 0.107220 0.025007
v 0.000461 0.092711 0.037681
v 0.001189 0.005236 0.069620
v -0.001539 0.055089 -0.154121
v -0.001372 0.071633 -0.150947
v 0.000712 0.063125 0.048484
v -0.000463 0.127136 -0.090773
v 0.001359 -0.008735 0.078841
v 0.000565 -0.023391 0.067517
v 0.000001 0.123368 -0.001297
v -0.001863 0.020726 -0.151916
v -0.000770 0.116835 -0.115647
v 0.000526 -0.047524 0.058443
v -0.000068 0.127503 -0.013425
v 0.000557 -0.049008 0.055177
v 0.000982 -0.020201 0.075992
v -0.002002 0.005183 -0.147533
v -0.001705 0.034368 -0.153904
v 0.000455 -0.037647 0.060393
v 0.000512 -0.033434 0.060122
v -0.000620 0.122762 -0.103635
v 0.000866 0.050086 0.051768
v 0.000462 -0.040098 0.061305
v 0.001645 0.029750 0.053241
v 0.000505 -0.042948 0.061680
v -0.001386 -0.123037 -0.004112
v -0.001059 0.095888 -0.137921
v 0.000515 -0.045436 0.060235
v 0.000587 -0.046628 0.051030
v 0.001260 0.009787 0.066477
v 0.000577 -0.043007 0.048432
v 0.000619 0.071591 0.046198
v 0.000489 -0.025356 0.062695
v 0.000504 -0.024761 0.063475
v 0.001588 0.026563 0.054361
v 0.000361 0.100657 0.031664
v 0.001595 0.032463 0.052867
v 0.000515 -0.026080 0.062007
v -0.001211 0.086428 -0.144350
v -0.000324 0.132307 -0.073086
v -0.000287 0.133705 -0.059809
v 0.001456 0.023592 0.056008
v 0.001327 0.013916 0.063666
v -0.002330 -0.056634 -0.116286
v 0.001249 -0.016237 0.078999
v 0.001343 -0.012929 0.079611
v 0.000077 0.118367 0.009145
v -0.002210 -0.016603 -0.136391
v -0.000215 0.133349 -0.042444
v 0.000164 0.112992 0.017647
v -0.002311 -0.033445 -0.124538
v -0.002273 -0.023839 -0.131918
v 0.000814 -0.021534 0.073932
v 0.001450 0.035694 0.052634
v 0.000656 -0.022764 0.070446
v -0.000914 0.108691 -0.126370
v 0.000543 -0.024033 0.065150
v 0.006795 -0.011788 0.056699
v 0.064697 -0.033600 -0.014812
v 0.063160 -0.041050 -0.021842
v 0.060349 -0.051708 -0.015926
v 0.062204 -0.043840 -0.008862
v 0.055248 -0.062575 -0.007868
v 0.058699 -0.052999 -0.001864
v 0.049380 -0.070780 0.000745
v 0.053980 -0.061161 0.004993
v -0.003508 -0.019819 0.072999
v -0.002542 -0.021331 0.070259
v 0.045113 -0.076474 0.010453
v 0.049482 -0.066749 0.012929
v -0.013754 0.021359 0.033655
v -0.007261 -0.021628 0.058990
v -0.005889 0.002388 0.065236
v -0.012257 0.021590 0.034538
v 0.031305 -0.081555 0.031911
v 0.029630 -0.086290 0.028256
v 0.023441 -0.089695 0.035916
v 0.024143 -0.085814 0.039994
v -0.009380 -0.021240 0.057453
v 0.016525 -0.092185 0.042770
v 0.017083 -0.088162 0.046511
v 0.008647 -0.093176 0.046663
v 0.008791 -0.089194 0.050460
v -0.005432 0.010347 0.059856
v -0.007184 0.020394 0.045442
v 0.008273 -0.079545 0.053604
v 0.008685 -0.084437 0.052775
v -0.005504 0.006392 0.062781
v -0.014984 -0.018392 0.058168
v -0.013010 -0.020921 0.056604
v -0.006100 -0.012972 0.075813
v -0.006927 -0.009755 0.074474
v 0.015361 -0.078915 0.049823
v -0.006924 -0.016428 0.073568
v -0.004054 -0.018529 0.074279
v 0.016591 -0.083902 0.048581
v -0.015902 0.021234 0.033522
v -0.021839 0.022968 0.027922
v -0.005303 -0.015308 0.075751
v -0.002179 -0.017870 0.076601
v -0.019105 0.022144 0.031477
v -0.014811 0.021259 0.033531
v -0.011327 -0.014311 0.067660
v -0.006087 0.019213 0.050527
v 0.021813 -0.076429 0.044364
v 0.023381 -0.081448 0.042670
v 0.029316 -0.072363 0.038183
v 0.031022 -0.077208 0.035195
v -0.013808 -0.015779 0.062898
v 0.035755 -0.066849 0.034418
v 0.038257 -0.069916 0.029719
v 0.007737 -0.096142 0.040433
v -0.016892 0.021471 0.033351
v -0.017900 0.021715 0.032962
v -0.006644 -0.001811 0.068279
v 0.014797 -0.094946 0.036621
v 0.021161 -0.092864 0.030874
v 0.026277 -0.090405 0.024192
v 0.038928 -0.080499 0.019617
v -0.020883 0.022496 0.030779
v -0.002339 -0.022806 0.064852
v -0.009538 -0.015131 0.070319
v -0.008174 -0.015836 0.072121
v -0.002804 -0.023155 0.062524
v 0.032297 -0.087442 0.015780
v 0.039238 -0.082310 0.007558
v -0.010436 0.021348 0.037165
v 0.043946 -0.076688 -0.003146
v -0.005624 0.016742 0.054619
v -0.005550 0.013604 0.057565
v 0.050886 -0.068347 -0.013270
v 0.057737 -0.057384 -0.022402
v -0.002211 -0.022158 0.067511
v 0.060808 -0.044962 -0.029168
v 0.064718 -0.033095 -0.026953
v 0.014352 -0.074517 0.049737
v 0.007789 -0.074942 0.053197
v 0.021231 -0.072235 0.044797
v -0.007065 -0.005959 0.071815
v 0.027693 -0.068212 0.040387
v 0.032958 -0.063734 0.038030
v 0.037923 -0.051717 0.038257
v -0.004949 -0.022337 0.060633
v 0.036721 -0.058092 0.037607
v 0.036172 -0.039039 0.041385
v 0.037514 -0.045367 0.039583
v 0.043136 -0.031504 0.035692
v 0.044853 -0.040440 0.032391
v 0.041228 -0.043630 0.036198
v 0.001153 -0.018407 0.077749
v -0.004594 -0.017110 0.075132
v 0.039862 -0.035788 0.038704
v 0.046253 -0.025550 0.032597
v 0.048475 -0.035659 0.028271
v 0.006556 -0.097484 0.034570
v -0.028500 0.035806 0.040670
v -0.028232 0.033640 0.038405
v 0.012631 -0.096598 0.030974
v 0.017991 -0.095475 0.025386
v 0.021878 -0.094095 0.018726
v 0.026044 -0.091950 0.011284
v 0.031527 -0.088950 0.002765
v 0.037883 -0.083641 -0.007389
v -0.021576 0.039057 0.045599
v -0.003547 0.039373 0.051476
v -0.008776 0.039499 0.050260
v 0.046385 -0.074531 -0.018752
v -0.027981 0.029859 0.035992
v -0.029027 0.028125 0.034823
v -0.027812 0.031751 0.036314
v -0.028950 0.028442 0.035722
v -0.028419 0.029197 0.036058
v 0.055007 -0.061508 -0.028803
v -0.027556 0.031289 0.035351
v 0.058854 -0.048544 -0.035586
v -0.027549 0.030894 0.035104
v 0.018117 -0.098427 0.005136
v -0.027658 0.038710 0.043127
v 0.014444 -0.098463 0.011401
v 0.011557 -0.098756 0.017065
v -0.027596 0.030482 0.035541
v -0.028836 0.029097 0.033426
v 0.009027 -0.099317 0.021732
v -0.028923 0.028026 0.029356
v 0.004662 -0.100175 0.021167
v 0.001209 0.039364 0.052203
v -0.020549 0.050131 0.049108
v -0.050238 0.049548 0.026057
v 0.003969 -0.101904 0.012810
v -0.053161 0.043879 0.022906
v 0.005838 -0.103439 0.008120
v -0.045952 0.005966 0.027657
v -0.048558 0.007123 0.025041
v -0.017653 0.043765 0.049792
v 0.007674 -0.105727 0.004523
v 0.039896 -0.060011 0.033547
v 0.043146 -0.060476 0.028392
v 0.045023 -0.050310 0.029594
v 0.048942 -0.046853 0.024390
v -0.025813 0.071466 0.040548
v -0.031136 0.117562 -0.008515
v -0.024174 0.063602 0.043644
v -0.038758 0.055879 0.036862
v 0.047230 -0.058946 0.022328
v -0.031123 0.113214 0.000781
v 0.041537 -0.051963 0.034333
v 0.052296 -0.054721 0.015056
v 0.053231 -0.041641 0.018713
v 0.052302 -0.029417 0.024254
v 0.056503 -0.036690 0.013559
v -0.045563 0.054288 0.030646
v 0.056469 -0.048539 0.008326
v -0.053357 0.012934 0.018043
v -0.005935 0.056319 0.050217
v -0.055110 0.018750 0.016037
v 0.055939 -0.024505 0.020004
v -0.013882 0.056518 0.049353
v -0.027915 0.126486 -0.071839
v 0.058824 -0.019885 0.015786
v 0.059274 -0.030876 0.008779
v 0.059486 -0.042264 0.003332
v 0.041920 -0.072196 0.022958
v -0.012209 0.035722 0.046729
v 0.062235 -0.034896 -0.002634
v -0.036137 0.006654 0.033137
v -0.039178 0.006281 0.031718
v 0.061144 -0.015235 0.011331
v -0.031782 0.126486 -0.060406
v -0.052314 0.010309 0.020113
v -0.029276 0.090496 0.030125
v -0.008314 0.029450 0.044491
v -0.009502 0.032293 0.044862
v -0.030182 0.097193 0.023418
v 0.061429 -0.025300 0.004326
v 0.063664 -0.009145 0.005735
v 0.064180 -0.017698 -0.001769
v -0.030681 0.103165 0.016208
v 0.064627 -0.026843 -0.009189
v 0.066775 -0.025013 -0.023098
v -0.031566 0.121316 -0.019343
v -0.019624 0.010219 0.037201
v 0.061128 -0.032564 -0.050471
v 0.020743 -0.032543 0.050000
v 0.015725 -0.030772 0.052659
v -0.055336 0.037392 0.020156
v -0.056351 0.030669 0.018198
v -0.032356 0.126121 -0.046406
v -0.029036 0.007796 0.036080
v -0.056018 0.024558 0.016700
v -0.016007 0.128395 -0.079892
v 0.011131 -0.030196 0.056233
v -0.050788 0.008404 0.022542
v 0.007684 -0.029917 0.059132
v 0.004074 -0.030165 0.060714
v -0.031311 0.056348 0.042284
v -0.032742 0.007036 0.034586
v -0.007723 0.026401 0.043272
v -0.015166 0.012616 0.037735
v -0.011753 0.016087 0.038570
v -0.030935 0.108436 0.008881
v -0.009606 0.018957 0.039852
v -0.007817 0.023382 0.042053
v -0.024327 0.008682 0.037125
v -0.027697 0.081051 0.036424
v -0.031890 0.124302 -0.032188
v -0.042556 0.006105 0.029878
v -0.000364 0.129719 -0.082641
v 0.000790 0.056031 0.050525
v -0.008550 0.020889 0.041009
v -0.014863 0.039508 0.048305
v -0.022619 0.056514 0.046799
v 0.000377 -0.061825 0.054851
v -0.025787 -0.043551 0.047342
v -0.027165 -0.045722 0.045702
v -0.026638 -0.051551 0.042871
v -0.018436 -0.038621 0.052530
v -0.022846 -0.041132 0.049581
v -0.017886 -0.059277 0.049687
v -0.027615 -0.047644 0.044395
v -0.012256 -0.060892 0.052642
v -0.027599 -0.049619 0.043432
v -0.006402 -0.062030 0.054073
v 0.000477 -0.035500 0.060215
v -0.008576 -0.035233 0.058421
v -0.003994 -0.035032 0.059953
v -0.013435 -0.036482 0.055672
v -0.024970 -0.053922 0.043652
v -0.022422 -0.056589 0.046028
v 0.005075 -0.020088 0.073309
v 0.003875 -0.021493 0.070435
v 0.014402 0.021476 0.034637
v 0.008171 -0.021737 0.059251
v 0.007365 0.002555 0.065656
v 0.012964 0.021706 0.035316
v 0.010364 -0.021384 0.057834
v 0.006912 0.010513 0.060303
v 0.008152 0.020466 0.045894
v 0.007055 0.006579 0.063235
v 0.015950 -0.018397 0.058585
v 0.013983 -0.021006 0.057036
v 0.008003 -0.012833 0.076233
v 0.008757 -0.009568 0.074858
v 0.008368 -0.016362 0.073923
v 0.005768 -0.018747 0.074687
v 0.016393 0.021340 0.034766
v 0.021851 0.023168 0.030059
v 0.007187 -0.015274 0.076200
v 0.004386 -0.018160 0.077105
v 0.019478 0.022295 0.033136
v 0.015377 0.021362 0.034662
v 0.012257 -0.014229 0.067998
v 0.007327 0.019226 0.050923
v 0.014727 -0.015716 0.063287
v 0.017327 0.021574 0.034704
v 0.018305 0.021868 0.034449
v 0.008034 -0.001668 0.068648
v 0.021135 0.022684 0.032471
v 0.003249 -0.022679 0.064858
v 0.010580 -0.014995 0.070654
v 0.009358 -0.015695 0.072435
v 0.003574 -0.023021 0.062530
v 0.011096 0.021467 0.037711
v 0.007172 0.016830 0.055043
v 0.007267 0.013762 0.057982
v 0.003266 -0.022121 0.067573
v 0.008722 -0.005783 0.072176
v 0.005749 -0.022320 0.060751
v 0.006410 -0.017213 0.075581
v 0.029559 0.036120 0.042217
v 0.029244 0.033915 0.040092
v 0.022849 0.039027 0.046955
v 0.005667 0.039256 0.051806
v 0.010549 0.039305 0.050895
v 0.028599 0.030154 0.037791
v 0.029346 0.028567 0.036581
v 0.028775 0.031954 0.038156
v 0.029330 0.028803 0.037447
v 0.028924 0.029536 0.037758
v 0.028447 0.031474 0.037322
v 0.028361 0.031109 0.037089
v 0.028786 0.038937 0.044535
v 0.028321 0.030734 0.037424
v 0.029169 0.029637 0.035083
v 0.029278 0.028694 0.031225
v 0.021961 0.050095 0.050299
v 0.051005 0.050143 0.027107
v 0.053665 0.044511 0.023878
v 0.046625 0.006368 0.028893
v 0.049246 0.007608 0.026267
v 0.019155 0.043524 0.051067
v 0.026738 0.071715 0.041341
v 0.030946 0.117656 -0.008292
v 0.025239 0.063788 0.044503
v 0.039812 0.056346 0.038043
v 0.031045 0.113334 0.001048
v 0.046522 0.054846 0.031787
v 0.054185 0.013576 0.019320
v 0.007416 0.056258 0.050647
v 0.055906 0.019406 0.017302
v 0.015296 0.056493 0.050128
v 0.027176 0.126518 -0.071744
v 0.013743 0.035635 0.047612
v 0.036948 0.007171 0.034658
v 0.039915 0.006800 0.033138
v 0.031177 0.126528 -0.060284
v 0.053036 0.010900 0.021289
v 0.029868 0.090782 0.030765
v 0.009850 0.029582 0.045143
v 0.010969 0.032380 0.045532
v 0.030556 0.097432 0.023928
v 0.030876 0.103357 0.016614
v 0.031270 0.121392 -0.019152
v 0.020212 0.010371 0.037975
v 0.055580 0.038075 0.021080
v 0.056636 0.031402 0.019263
v 0.031864 0.126173 -0.046260
v 0.029705 0.008026 0.037118
v 0.056605 0.025263 0.017844
v 0.015250 0.128410 -0.079849
v 0.051532 0.008925 0.023699
v 0.032437 0.056695 0.043412
v 0.033470 0.007472 0.035964
v 0.008860 0.026578 0.043776
v 0.015769 0.012791 0.038489
v 0.012391 0.016230 0.039242
v 0.030983 0.108588 0.009208
v 0.010300 0.019065 0.040425
v 0.008705 0.023518 0.042480
v 0.024771 0.008855 0.037884
v 0.028488 0.081338 0.037168
v 0.031497 0.124364 -0.032020
v 0.043225 0.006565 0.031171
v 0.009338 0.021002 0.041488
v 0.016389 0.039288 0.049430
v 0.023885 0.056641 0.047834
v 0.026455 -0.043681 0.048150
v 0.027865 -0.045941 0.046509
v 0.027241 -0.052011 0.043582
v 0.019175 -0.038667 0.053357
v 0.023562 -0.041213 0.050389
v 0.018037 -0.059702 0.050027
v 0.028327 -0.047978 0.045232
v 0.012652 -0.061157 0.053089
v 0.028247 -0.050026 0.044166
v 0.006924 -0.062261 0.054669
v 0.009431 -0.035170 0.059246
v 0.004943 -0.034986 0.060583
v 0.014139 -0.036454 0.056502
v 0.025367 -0.054408 0.044127
v 0.022693 -0.057103 0.046340
v 0.030355 0.024370 0.023388
v -0.029751 0.024148 0.021164
f 4 2 1
f 8 6 5
f 13 15 14
f 17 19 18
f 32 30 29
f 36 34 33
f 37 39 38
f 21 23 20
f 25 27 24
f 41 43 42
f 48 46 45
f 52 50 49
f 53 55 54
f 60 58 57
f 29 62 61
f 66 64 63
f 67 6 68
f 72 70 69
f 76 74 73
f 77 79 78
f 81 83 82
f 59 86 85
f 88 90 89
f 96 94 93
f 100 98 97
f 101 103 102
f 106 34 87
f 108 115 107
f 117 36 118
f 124 126 125
f 131 129 128
f 132 134 133
f 142 140 139
f 148 60 147
f 144 127 124
f 149 151 150
f 156 154 153
f 159 158 157
f 116 164 105
f 171 169 168
f 174 173 172
f 179 181 180
f 186 188 187
f 194 196 195
f 199 139 198
f 206 208 207
f 213 211 210
f 202 214 201
f 96 216 54
f 92 43 44
f 97 246 100
f 250 229 228
f 252 58 253
f 258 256 255
f 260 229 259
f 110 112 113
f 114 263 109
f 265 267 266
f 56 270 269
f 274 249 250
f 185 63 64
f 280 278 276
f 285 283 157
f 288 211 212
f 141 92 46
f 289 175 176
f 148 105 106
f 312 170 171
f 238 42 43
f 318 160 317
f 310 308 307
f 241 325 324
f 160 240 317
f 47 307 308
f 108 315 164
f 345 86 119
f 348 350 349
f 356 358 357
f 355 353 352
f 363 32 362
f 149 150 176
f 364 253 365
f 366 368 367
f 183 371 63
f 163 161 160
f 209 101 208
f 378 165 166
f 379 381 380
f 383 3 4
f 284 386 385
f 387 389 388
f 391 229 249
f 73 397 396
f 405 407 406
f 203 411 410
f 414 413 412
f 1 357 4
f 277 131 275
f 254 57 58
f 358 415 351
f 417 386 408
f 401 192 420
f 419 127 143
f 421 182 422
f 103 302 409
f 428 368 174
f 380 359 356
f 62 266 323
f 140 431 430
f 357 351 348
f 356 379 380
f 415 403 434
f 437 436 435
f 438 440 439
f 188 450 449
f 452 454 453
f 265 181 421
f 224 64 225
f 237 213 427
f 275 128 458
f 281 460 459
f 50 79 461
f 73 282 281
f 468 466 465
f 390 352 359
f 482 484 483
f 489 487 486
f 493 495 494
f 472 470 469
f 502 500 499
f 220 222 223
f 512 143 66
f 518 511 80
f 513 230 286
f 205 31 244
f 189 451 188
f 163 532 8
f 533 225 251
f 446 447 412
f 335 540 334
f 544 546 545
f 329 291 292
f 199 262 238
f 385 416 550
f 532 191 247
f 363 118 243
f 236 237 250
f 578 580 579
f 573 571 570
f 561 562 272
f 241 259 240
f 590 592 591
f 545 595 594
f 503 155 504
f 606 624 623
f 478 480 479
f 646 648 647
f 590 689 684
f 564 651 650
f 728 184 727
f 714 716 715
f 692 575 693
f 541 581 578
f 346 248 400
f 161 230 160
f 128 94 95
f 698 704 703
f 574 576 575
f 290 401 328
f 630 725 726
f 733 735 734
f 755 496 493
f 759 481 760
f 757 762 761
f 764 466 467
f 768 3808 3809
f 759 488 489
f 492 475 771
f 474 769 473
f 773 465 772
f 771 486 483
f 484 775 491
f 774 489 486
f 495 764 756
f 495 761 494
f 137 784 136
f 325 797 547
f 165 51 52
f 369 29 370
f 730 568 569
f 90 301 89
f 243 516 242
f 800 806 805
f 817 808 816
f 816 823 822
f 306 447 807
f 815 809 808
f 829 828 825
f 726 501 502
f 274 424 423
f 879 881 880
f 884 879 885
f 219 217 211
f 906 904 897
f 455 205 542
f 898 830 829
f 903 880 881
f 906 897 898
f 377 519 165
f 923 948 946
f 946 951 950
f 3519 739 3517
f 900 886 880
f 225 65 144
f 182 442 422
f 809 947 824
f 954 962 961
f 927 965 966
f 885 880 886
f 925 966 967
f 343 341 340
f 965 971 968
f 968 970 969
f 972 969 973
f 963 981 978
f 336 338 339
f 992 827 828
f 810 996 959
f 1007 1002 1008
f 1012 827 1009
f 1011 1007 1008
f 294 292 291
f 907 920 919
f 1017 1019 1018
f 1020 1022 1021
f 1035 1020 1044
f 1061 1047 1046
f 1063 1046 1062
f 1044 1021 1045
f 1102 1097 1109
f 1116 1118 1117
f 1016 1014 1013
f 881 904 903
f 816 1127 817
f 1094 949 1097
f 514 167 515
f 146 81 82
f 1133 1130 1129
f 1102 1126 822
f 822 1116 816
f 1145 1148 1136
f 1076 1151 1069
f 1148 1086 1087
f 1109 1114 1136
f 1154 1156 1155
f 1153 967 1156
f 3464 463 3714
f 1144 1152 1151
f 1156 1163 1162
f 1164 1169 1165
f 1145 1176 1147
f 1114 1154 1171
f 1183 1164 1177
f 1184 1177 1185
f 1069 1062 1064
f 1023 1194 1022
f 1162 1170 1169
f 1195 1185 1191
f 1183 1176 1155
f 1201 1152 1196
f 1061 1201 1202
f 3825 843 3836
f 1203 1195 1034
f 1202 1184 1195
f 1218 1203 1217
f 1060 1202 1203
f 1225 1217 1219
f 671 694 670
f 1219 1024 1035
f 1217 1034 1024
f 1226 1015 1227
f 1243 1234 1233
f 1231 1229 1228
f 847 1233 843
f 843 1244 878
f 1233 1245 1244
f 1923 233 216
f 2100 499 500
f 3914 2135 3900
f 61 323 505
f 210 217 457
f 1299 1309 1300
f 3863 1231 3862
f 1066 1321 1322
f 1322 1228 1229
f 1060 1321 1047
f 1325 1323 1310
f 1244 1332 1330
f 1290 1242 1288
f 1337 1339 1338
f 1330 1340 1339
f 1341 1245 1294
f 1342 1332 1341
f 1343 1341 1344
f 1344 1294 1293
f 3857 1345 1346
f 1347 1342 1343
f 3856 1295 1345
f 1349 1348 1347
f 3861 1347 3853
f 3853 1343 3857
f 906 829 1353
f 905 1353 1354
f 865 1355 1357
f 1355 829 825
f 1357 825 826
f 1356 1353 1355
f 3834 1338 3833
f 866 1356 865
f 1358 1354 1356
f 3828 1337 3834
f 838 1012 841
f 1363 1338 1339
f 1368 1339 1340
f 1348 1340 1342
f 1371 3824 3829
f 524 526 523
f 528 530 527
f 1372 1369 1371
f 535 537 538
f 1367 1348 1350
f 1370 1359 1369
f 1369 3833 3824
f 1373 903 904
f 555 557 558
f 1374 910 1373
f 1373 905 1375
f 1374 1375 1376
f 1375 1354 1370
f 1378 908 1377
f 376 651 1387
f 1388 973 969
f 586 588 585
f 1390 1388 1391
f 1391 969 970
f 597 599 596
f 600 602 603
f 1392 970 979
f 608 610 607
f 612 523 611
f 614 616 613
f 617 25 24
f 620 622 619
f 1397 1391 1392
f 1398 1392 1399
f 1400 920 1378
f 1402 1165 1169
f 636 638 635
f 930 1402 929
f 641 643 644
f 929 1169 1170
f 1404 1403 1402
f 1411 1365 1406
f 1412 1415 1414
f 652 654 655
f 609 657 658
f 659 661 662
f 558 586 585
f 665 667 664
f 1413 1406 1412
f 1418 3810 3813
f 1417 1371 1416
f 1416 3829 3810
f 1419 1416 1418
f 1386 1374 1420
f 677 679 676
f 1385 1420 1421
f 1420 1376 1422
f 685 687 688
f 1421 1422 1423
f 528 691 658
f 1422 1372 1417
f 1018 747 1425
f 699 701 702
f 1424 579 1017
f 3663 1767 3660
f 700 711 712
f 1093 3754 1571
f 717 530 719
f 721 723 720
f 704 3543 3554
f 19 1426 1430
f 1429 1427 1426
f 1658 3542 3544
f 1439 1434 1438
f 1437 1435 1434
f 1426 1433 1432
f 1442 1432 1440
f 742 744 745
f 1432 1441 1440
f 751 753 750
f 1438 1403 1405
f 1446 1444 1443
f 1447 1446 1443
f 3860 1443 3848
f 1415 1445 1446
f 1414 1446 1448
f 2173 469 470
f 777 779 686
f 780 782 783
f 1676 1806 1675
f 3859 1349 3861
f 789 791 788
f 745 793 742
f 652 795 653
f 1455 1457 1456
f 1454 1350 1452
f 610 802 801
f 3831 698 703
f 1352 1045 1351
f 1015 1459 1460
f 811 813 814
f 2118 3817 2117
f 819 821 818
f 1466 1194 1190
f 1467 1465 1466
f 1182 1468 1467
f 832 833 831
f 835 837 834
f 1467 1190 1182
f 1469 1444 1445
f 840 712 690
f 1453 1469 1454
f 599 845 846
f 1226 3849 3855
f 851 853 850
f 855 856 854
f 858 860 857
f 861 863 864
f 1014 3855 3858
f 867 868 869
f 870 872 873
f 874 876 877
f 1310 1471 1309
f 1476 1427 1475
f 1461 1475 1460
f 887 889 890
f 788 892 891
f 894 896 893
f 1460 1227 1015
f 901 524 612
f 1465 1477 1464
f 1865 3500 1864
f 911 913 914
f 916 918 915
f 1850 3507 1851
f 921 895 894
f 1479 1436 1478
f 926 667 601
f 1481 563 1480
f 269 84 1482
f 931 933 916
f 934 614 869
f 936 688 937
f 938 662 939
f 1484 122 123
f 941 835 834
f 320 509 510
f 1849 3505 1850
f 84 1484 83
f 1487 1488 539
f 1757 3502 3509
f 365 1491 364
f 461 80 511
f 117 362 1496
f 1494 541 1495
f 926 957 958
f 1477 1433 1476
f 1709 1585 1700
f 119 1496 345
f 271 504 156
f 511 189 186
f 345 1492 365
f 255 344 254
f 57 299 132
f 1501 268 1500
f 267 1499 145
f 974 976 977
f 1678 1693 1676
f 3846 1807 3840
f 557 663 558
f 983 984 985
f 1443 3849 3848
f 421 268 265
f 989 991 988
f 1490 418 1504
f 279 309 310
f 997 676 679
f 998 999 875
f 1504 38 1505
f 1506 1507 1486
f 360 1508 1506
f 1506 207 360
f 939 1006 938
f 270 1483 269
f 66 546 512
f 1010 793 935
f 367 437 1509
f 244 363 243
f 1670 3534 1669
f 209 1510 226
f 235 1512 1511
f 1511 234 235
f 388 426 425
f 427 250 237
f 161 521 231
f 100 45 44
f 1025 608 1027
f 1029 1031 1028
f 939 1033 1032
f 41 594 99
f 1036 783 1037
f 702 1038 1039
f 1040 1042 1043
f 362 369 1493
f 187 477 186
f 70 539 198
f 1511 1521 234
f 1049 603 1048
f 613 869 614
f 860 1051 857
f 1005 1053 1006
f 753 1056 1054
f 1057 1059 1055
f 293 1522 292
f 288 1521 1522
f 292 1523 329
f 331 1508 1524
f 306 453 305
f 100 41 99
f 462 78 79
f 330 1524 462
f 635 1068 636
f 1485 1526 1528
f 206 1528 1510
f 1070 1072 831
f 942 1073 1074
f 916 1075 917
f 440 1530 439
f 157 1514 285
f 1529 5 1530
f 371 546 63
f 790 663 791
f 1077 857 1078
f 1403 1435 1165
f 1080 1082 1079
f 531 1529 440
f 21 1084 1085
f 272 1531 561
f 137 396 397
f 690 802 691
f 335 3567 581
f 1090 1029 1091
f 1092 794 1042
f 1533 137 138
f 661 1095 1096
f 69 445 72
f 1099 1101 1098
f 38 1536 1505
f 1104 1106 1103
f 852 1108 853
f 1377 909 1386
f 291 411 294
f 316 516 33
f 539 1533 534
f 1505 316 313
f 1110 1112 1113
f 1539 460 264
f 522 1537 1539
f 834 1120 1119
f 1122 1124 1121
f 612 1041 901
f 935 615 614
f 276 130 131
f 1686 3522 1685
f 193 1541 273
f 231 1540 287
f 556 982 557
f 365 85 345
f 190 318 1541
f 1810 3574 3528
f 3924 3512 3791
f 1132 985 1131
f 208 102 132
f 1134 662 661
f 1491 80 77
f 429 1542 147
f 1137 915 918
f 172 428 174
f 1139 1141 1142
f 549 54 55
f 1517 1518 296
f 976 1146 938
f 834 984 941
f 1543 286 115
f 1544 239 513
f 133 1544 1542
f 506 257 258
f 420 328 401
f 1158 1160 1157
f 587 1103 588
f 1513 1514 151
f 607 1027 608
f 304 1545 303
f 364 77 506
f 69 198 139
f 1006 976 938
f 700 1112 701
f 3877 3525 3787
f 1166 657 656
f 1167 858 1077
f 1300 3524 1299
f 1172 1174 1175
f 218 200 217
f 1179 1181 1178
f 372 97 98
f 89 227 88
f 1186 1188 1189
f 172 1517 1549
f 1482 81 1498
f 1090 1193 1030
f 394 353 1551
f 526 1198 1197
f 811 858 812
f 1199 1026 1025
f 606 697 696
f 1204 1206 743
f 1207 523 526
f 1209 867 613
f 914 685 936
f 1478 1441 1477
f 1029 1161 1091
f 1211 1213 1214
f 3858 1451 3859
f 844 1216 845
f 423 273 274
f 1220 1222 1083
f 22 1224 23
f 882 897 881
f 1519 173 387
f 1189 1232 1178
f 349 550 416
f 1071 1236 1072
f 1237 1239 745
f 1221 1189 1240
f 1510 1512 333
f 939 1241 1005
f 1556 5 67
f 1553 394 1551
f 404 67 347
f 1247 1249 1246
f 142 238 92
f 1251 635 1250
f 850 1253 851
f 1254 1077 1255
f 57 133 429
f 443 552 551
f 1187 1175 1188
f 1256 831 833
f 432 382 383
f 741 747 746
f 434 351 415
f 349 383 348
f 251 1481 1480
f 395 352 353
f 1518 1550 1551
f 1558 378 340
f 109 314 315
f 285 1513 407
f 395 393 392
f 202 410 1558
f 417 405 432
f 1246 1258 1247
f 3 297 2
f 1259 1261 1262
f 403 347 284
f 955 953 952
f 462 51 330
f 1096 687 1263
f 429 60 57
f 896 1265 932
f 1267 1268 1266
f 423 327 420
f 37 180 40
f 20 1187 1186
f 1256 1071 1070
f 155 156 504
f 1188 1269 1232
f 1236 1271 1262
f 1272 535 621
f 565 463 464
f 1273 745 1239
f 876 1255 1274
f 316 164 315
f 437 503 1509
f 194 1495 197
f 1275 864 863
f 624 631 630
f 1277 1137 1278
f 569 567 566
f 1481 125 366
f 324 547 326
f 1279 1107 1280
f 1525 329 1523
f 1281 1137 918
f 171 1553 1552
f 1488 396 1533
f 1557 1562 1559
f 1282 1206 1205
f 1053 1278 1281
f 778 607 1283
f 713 3566 3569
f 251 144 124
f 4 348 383
f 709 707 706
f 728 45 246
f 261 1563 544
f 789 1287 790
f 74 263 282
f 403 385 434
f 1178 1240 1189
f 1223 1289 1224
f 158 150 151
f 1220 1186 1221
f 296 354 433
f 784 1538 1566
f 1181 1291 1222
f 1269 1257 1246
f 1566 438 399
f 136 1566 1564
f 1563 169 1565
f 107 109 108
f 1297 1298 1296
f 1464 1476 1461
f 1520 507 508
f 1301 1303 1304
f 1306 1308 1305
f 175 1532 272
f 1532 200 201
f 1311 1312 1313
f 872 1315 1316
f 1317 1318 1319
f 3836 878 3828
f 1305 864 1276
f 1040 863 1320
f 1564 399 169
f 592 1575 591
f 591 1088 689
f 1581 1583 1582
f 1196 1147 1176
f 710 583 713
f 285 408 386
f 953 961 963
f 1594 1589 1593
f 1585 1587 1586
f 1592 1590 1589
f 3885 944 3899
f 1600 1598 1597
f 1604 1602 1601
f 1399 979 980
f 1589 1596 1595
f 1610 1608 1607
f 298 361 360
f 551 276 277
f 1627 3814 3819
f 859 818 860
f 1078 1328 1329
f 1555 1530 1556
f 572 680 681
f 772 776 774
f 977 918 917
f 404 392 393
f 1054 750 753
f 1644 1643 1642
f 932 1082 933
f 1067 1334 1068
f 1540 264 114
f 597 643 1336
f 471 762 470
f 1642 3831 3842
f 1644 3842 3843
f 923 950 927
f 96 548 95
f 520 522 521
f 445 443 442
f 849 848 842
f 480 755 493
f 1646 481 1639
f 311 1567 170
f 464 3497 3495
f 3497 1361 3495
f 234 236 235
f 190 192 191
f 153 152 149
f 231 286 230
f 1552 1551 1550
f 760 1648 488
f 3832 1649 3830
f 828 826 825
f 52 166 165
f 1663 1661 1660
f 287 115 286
f 668 670 669
f 634 640 639
f 553 559 554
f 118 33 516
f 492 491 490
f 3552 1651 3553
f 582 584 583
f 384 392 415
f 1381 1383 1380
f 1562 435 436
f 952 951 947
f 3529 583 584
f 1660 1667 1666
f 1394 1396 1393
f 1660 1664 1663
f 1671 1669 1668
f 1624 1673 1672
f 1407 1409 1410
f 1677 1675 1674
f 1613 1677 1625
f 1679 1676 1677
f 1626 3811 3814
f 534 198 539
f 176 150 159
f 803 734 800
f 400 191 192
f 65 143 144
f 3526 1656 3540
f 402 157 283
f 629 627 626
f 461 49 50
f 758 495 756
f 796 786 785
f 406 1513 1560
f 342 166 167
f 1694 1658 1695
f 1692 1694 1696
f 3557 1652 3552
f 3921 1703 3923
f 326 302 90
f 3916 1702 1706
f 3919 1698 1701
f 1699 3927 3918
f 1557 1560 1561
f 1127 1117 1128
f 400 289 346
f 1706 1707 1708
f 1707 1599 1600
f 1709 1708 1588
f 1714 1711 1713
f 3919 1709 1700
f 1704 1577 1703
f 1716 1713 1715
f 1559 1549 297
f 1722 1720 1719
f 1335 596 1489
f 410 377 378
f 973 1163 972
f 168 399 398
f 1571 1089 1093
f 1572 682 1571
f 749 647 754
f 1730 1723 1729
f 1594 1729 1592
f 1729 1591 1592
f 1731 1730 1583
f 1384 1377 1379
f 1732 1712 1714
f 1724 1731 1732
f 1712 1731 1580
f 1722 1732 1733
f 1721 1733 1734
f 1734 1716 1717
f 1735 1736 1697
f 1733 1714 1716
f 1663 1741 1668
f 1742 1740 1743
f 1738 1737 1735
f 1665 1666 1740
f 1665 1744 1664
f 1725 1746 1745
f 1591 1745 1590
f 1590 1747 1596
f 1745 1748 1747
f 1659 3538 3542
f 3287 3545 3282
f 1185 1182 1190
f 1664 1749 1741
f 1741 1739 1738
f 1746 1743 1748
f 1726 1742 1746
f 1153 924 925
f 1115 1153 1154
f 1654 3575 1655
f 1896 3549 1686
f 1720 1744 1726
f 1721 1749 1720
f 1750 1701 1698
f 1697 1750 1696
f 1151 1063 1062
f 1751 1670 1671
f 1695 1752 1751
f 961 986 981
f 1770 1768 1767
f 1766 1593 1765
f 1731 1579 1580
f 1579 1774 1578
f 3928 1771 3929
f 1764 3928 3917
f 1777 1775 1774
f 3762 1699 1700
f 1004 1128 1003
f 1774 1771 1772
f 987 1399 980
f 1578 1772 1764
f 1783 1781 1778
f 1597 1770 1767
f 639 3895 3884
f 3928 1769 1770
f 1793 1789 1788
f 3929 1798 1769
f 3508 3773 1806
f 1802 3924 3922
f 1788 1794 1793
f 1793 1795 1776
f 3773 1675 1806
f 1584 1783 1789
f 1771 3920 3929
f 1801 1798 1800
f 1768 1798 1799
f 1775 1797 1771
f 508 515 1520
f 1796 1802 1797
f 1800 3920 3922
f 1794 1804 1795
f 3532 1752 3547
f 485 1807 775
f 3809 1640 768
f 3837 1810 1653
f 485 1640 1808
f 1690 3770 3772
f 487 1648 1811
f 3839 1816 3822
f 3838 1648 3830
f 3839 1811 3838
f 1812 487 1811
f 1641 767 768
f 465 755 776
f 767 3823 3808
f 3822 3826 3847
f 1809 1815 767
f 3837 1651 3840
f 675 3541 3496
f 1814 1822 1821
f 1821 3821 3820
f 1824 1649 1825
f 1827 1850 1805
f 1668 1662 1663
f 1779 1848 1828
f 1790 1805 1794
f 1833 1853 1852
f 3521 693 575
f 1614 1616 1617
f 1852 3498 3501
f 1620 1622 1623
f 1855 1574 1861
f 1847 3501 3513
f 1766 1855 1782
f 1629 1631 1628
f 1633 1634 1632
f 1635 1637 1638
f 1848 1852 1847
f 1855 1863 1862
f 1803 1867 1802
f 1862 1831 1832
f 1782 1862 1781
f 3922 1865 1800
f 1873 1870 1869
f 1874 799 804
f 2045 3897 2044
f 1219 1295 1225
f 1615 1396 1395
f 3884 1877 1876
f 645 3786 3559
f 1345 1035 1346
f 634 3884 3880
f 15 1327 14
f 3910 1878 1893
f 1894 605 1893
f 3506 627 693
f 3560 645 3559
f 340 454 1558
f 1897 195 1898
f 1889 1877 1890
f 1901 129 1900
f 196 754 232
f 1705 3921 3916
f 340 166 343
f 1570 563 561
f 1904 194 1897
f 1781 1832 1780
f 1905 55 1906
f 1000 995 996
f 986 920 987
f 1191 1190 1194
f 2094 2075 2093
f 1920 1919 1915
f 453 1912 1911
f 1915 1918 1916
f 3882 2106 3901
f 1655 3531 1868
f 1916 1926 1925
f 704 3561 703
f 278 1925 1900
f 3565 1818 1820
f 1097 1115 1114
f 1927 727 1923
f 3578 3654 3758
f 1920 307 1929
f 1929 48 728
f 503 1497 1509
f 1902 787 796
f 1816 3820 3826
f 1925 1923 1924
f 1535 1568 1534
f 254 258 255
f 1509 366 367
f 119 35 36
f 219 293 294
f 141 47 431
f 542 244 245
f 1940 430 431
f 1779 1827 1790
f 1701 3915 3919
f 1661 3515 1667
f 270 754 647
f 197 749 196
f 1727 1212 1211
f 53 232 754
f 1465 1479 1478
f 1284 3854 1293
f 1951 412 413
f 168 1554 1553
f 1486 206 207
f 506 78 361
f 994 1007 993
f 951 963 964
f 1013 3861 1351
f 3826 1820 1818
f 1498 1954 1482
f 299 543 132
f 1754 1756 1753
f 1681 1683 1682
f 1696 1695 1697
f 13 738 737
f 473 475 474
f 482 768 1640
f 204 30 205
f 1761 820 819
f 611 1125 612
f 1501 1908 1909
f 1074 711 699
f 1960 82 83
f 120 1960 123
f 35 87 34
f 1773 1025 1031
f 1965 1569 1535
f 494 471 479
f 1966 1969 1968
f 446 1971 1967
f 174 125 126
f 1580 1578 1577
f 1785 1787 1784
f 1972 304 305
f 1254 875 999
f 1973 342 514
f 321 1973 509
f 1910 275 1907
f 509 514 508
f 1486 1527 1485
f 1974 804 1975
f 1977 1974 1978
f 1980 1966 1981
f 379 2 295
f 1718 1710 1701
f 884 992 883
f 1680 1678 1679
f 902 525 524
f 344 256 299
f 135 137 136
f 236 228 333
f 448 1967 1966
f 589 604 584
f 910 908 907
f 1981 1968 1987
f 1982 1987 1979
f 1988 1987 1989
f 1990 1989 1991
f 1991 1993 1992
f 322 320 319
f 992 830 883
f 1144 1086 1143
f 1995 1978 1994
f 1133 1118 1126
f 1997 1994 1996
f 870 1335 1489
f 805 1982 1998
f 727 2000 1999
f 1996 1988 1990
f 1994 1979 1988
f 1829 792 1273
f 1830 941 983
f 798 800 799
f 729 731 730
f 2011 2023 2022
f 1834 846 1159
f 402 284 347
f 2022 2024 2025
f 1838 989 988
f 810 952 809
f 1823 1840 644
f 1430 1432 1431
f 1215 1841 1079
f 149 176 177
f 1316 873 872
f 2112 1384 2106
f 1842 1844 1845
f 1159 845 1160
f 837 1846 1120
f 1971 2030 2027
f 517 370 189
f 858 833 812
f 1471 2027 1888
f 3551 626 627
f 2174 770 490
f 935 1854 1010
f 1613 1611 1618
f 1231 1225 1295
f 1856 891 892
f 1300 748 741
f 1150 1858 1859
f 1643 696 1642
f 1215 1264 1216
f 1320 902 901
f 1956 1944 1960
f 2031 669 1474
f 2034 1310 1299
f 1879 1656 1657
f 40 242 39
f 1992 2039 1456
f 888 957 889
f 1882 1996 1990
f 1078 1255 1077
f 1871 1192 1090
f 294 218 219
f 1323 2026 1471
f 123 83 1484
f 1324 2041 1323
f 384 359 352
f 1324 2038 2036
f 1883 1885 1829
f 287 114 107
f 1096 1134 661
f 915 931 916
f 806 1981 1982
f 3533 584 604
f 1425 2042 1018
f 1018 1948 1017
f 3562 740 3519
f 1948 649 646
f 1881 1990 1991
f 1900 130 278
f 992 994 993
f 923 925 924
f 3878 2047 3876
f 1643 625 606
f 2050 2051 2049
f 2045 1404 2047
f 3876 945 3885
f 1139 1079 1841
f 1037 892 982
f 2055 2057 2056
f 1198 718 717
f 1619 1612 1611
f 2058 1606 2059
f 2059 1607 2058
f 2058 1624 1605
f 71 179 37
f 405 1557 382
f 976 1006 977
f 322 1972 1911
f 2061 2063 2062
f 2066 2067 1825
f 2052 2064 2051
f 1609 2066 1647
f 1515 152 1516
f 1009 993 1007
f 1644 3815 2118
f 279 1916 278
f 1285 3862 1284
f 1647 1825 1649
f 2056 2067 2065
f 319 1953 1952
f 667 1913 1914
f 2070 625 2048
f 2052 2055 2063
f 2038 1655 1458
f 1606 2073 2072
f 1235 1270 1236
f 2072 2075 2074
f 2059 2072 2062
f 2074 2077 2076
f 1601 2078 2073
f 2049 1643 1645
f 1000 1001 994
f 1089 684 689
f 1931 1306 1930
f 1462 1021 1022
f 1932 1934 1935
f 875 1846 998
f 1936 1937 1938
f 44 46 92
f 1534 1956 120
f 1541 317 391
f 2081 2084 2083
f 146 1959 300
f 1360 1942 1361
f 985 1032 1033
f 1995 1892 2043
f 2079 2082 2081
f 2095 2076 2077
f 2081 2078 2079
f 2055 2054 2053
f 501 2095 500
f 2097 2099 2098
f 2098 2094 2083
f 2140 3893 3866
f 2141 3894 3893
f 2051 2048 2049
f 592 2101 1576
f 2071 2076 2096
f 2102 2098 2101
f 593 2102 592
f 1019 746 747
f 1950 12 1327
f 725 2096 501
f 1385 2104 1379
f 1379 2106 1384
f 2107 2100 2097
f 3908 502 3896
f 3896 499 3901
f 940 2109 944
f 928 1170 973
f 3868 684 3899
f 1962 1964 1961
f 3878 573 3897
f 2039 1968 1969
f 1389 2110 2109
f 1398 2113 1397
f 3757 3753 3743
f 3911 2107 2103
f 949 924 1115
f 260 324 326
f 1390 2113 2110
f 2070 2064 2071
f 3867 2103 593
f 2105 1421 2114
f 2114 1423 2115
f 3892 2115 3903
f 3908 2114 3892
f 554 1902 553
f 972 967 966
f 1765 1573 1574
f 1984 1986 1983
f 2053 2069 2057
f 3573 724 714
f 1625 1674 1673
f 3881 2119 2122
f 3903 2123 3904
f 56 1906 55
f 626 3879 629
f 2001 2003 2004
f 3912 2127 3907
f 2006 2008 2009
f 2127 1412 2128
f 2014 2016 2017
f 2018 2020 2021
f 1495 1947 197
f 1379 1386 1385
f 3814 1680 1618
f 2029 1884 2028
f 3902 2120 3887
f 629 3914 3872
f 682 943 1089
f 724 2121 716
f 1757 3821 3845
f 765 3844 3809
f 3851 715 3852
f 706 3870 3872
f 981 987 980
f 1457 1656 1880
f 2017 2032 2033
f 1458 1868 1457
f 1776 1792 1793
f 1959 1946 1958
f 3663 3725 3661
f 3913 2122 3850
f 1093 689 1088
f 966 968 972
f 3852 3881 3913
f 2172 2170 2171
f 670 2137 669
f 3761 1903 233
f 1429 28 1449
f 964 978 971
f 3841 1413 2127
f 1473 669 2137
f 3834 1359 1358
f 2138 1870 2137
f 1872 2137 1870
f 715 3888 3881
f 1881 1992 1880
f 3843 739 740
f 1837 3513 3514
f 253 59 85
f 1808 3840 1807
f 1647 3818 1609
f 3865 671 668
f 2112 3883 2111
f 1405 2044 1438
f 3829 1364 1366
f 273 391 249
f 576 3520 3555
f 3875 668 2031
f 1430 2140 2139
f 2136 3860 28
f 1430 18 19
f 3893 570 695
f 1442 2046 2141
f 1431 2141 2140
f 3869 3850 2136
f 3808 1817 766
f 3866 695 671
f 2142 798 2138
f 571 2142 694
f 3819 1618 1611
f 2143 2025 2142
f 694 2138 670
f 681 2144 572
f 2144 2022 2143
f 328 457 290
f 1572 2011 2144
f 630 3903 624
f 2085 2087 2088
f 2090 2092 2089
f 572 2143 571
f 1875 2153 2149
f 1873 2149 2154
f 2103 2097 2102
f 2157 2155 2156
f 2128 1414 2120
f 3874 589 582
f 3872 628 629
f 2149 2158 2159
f 2159 3905 3890
f 698 3902 705
f 3823 3827 1817
f 2158 3874 3905
f 1438 2046 1439
f 2035 2160 2161
f 2161 3889 3886
f 3871 605 589
f 3873 18 3875
f 370 61 451
f 649 413 648
f 2153 2156 2158
f 1428 1449 1450
f 1490 73 1488
f 3890 710 633
f 2155 3891 3871
f 1456 1880 1992
f 2125 2087 2124
f 2160 3890 3889
f 300 505 323
f 1064 1046 1065
f 2043 1891 2155
f 2129 2004 2003
f 2131 2133 2134
f 3848 1450 1449
f 1998 804 805
f 3879 3864 3914
f 474 490 770
f 1164 1182 1177
f 707 3909 3870
f 708 2162 707
f 2162 3886 3909
f 548 1905 458
f 1145 1114 1171
f 705 1650 704
f 2043 1977 1995
f 737 554 559
f 1034 1191 1023
f 458 1907 275
f 195 232 233
f 2040 1969 1970
f 2145 2147 2148
f 2054 2049 1645
f 3832 1639 3818
f 9 11 10
f 252 506 258
f 472 479 471
f 1865 3791 3503
f 900 910 907
f 1941 2151 1942
f 1921 1927 1919
f 2163 1898 2116
f 271 153 178
f 1904 12 9
f 282 264 460
f 1872 2154 2035
f 1326 1897 2163
f 628 693 627
f 1724 1719 1723
f 1549 436 172
f 1582 1730 1729
f 1921 1929 1928
f 3563 10 11
f 2152 1950 1949
f 475 774 771
f 769 2171 473
f 2171 476 473
f 476 772 475
f 1791 464 1760
f 2166 2168 2169
f 595 372 98
f 483 1641 482
f 762 2173 470
f 771 484 492
f 486 1809 483
f 297 1517 296
f 763 2174 762
f 776 759 489
f 184 2176 2000
f 412 303 414
f 2005 185 224
f 3811 1682 3846
f 2164 756 764
f 1472 2161 2162
f 950 964 965
f 2177 2179 2180
f 227 1510 333
f 764 467 2164
f 2182 2184 2181
f 2186 2018 2185
f 1985 2181 1986
f 214 729 1531
f 1545 1546 1569
f 865 842 866
f 849 1357 1362
f 452 1558 454
f 559 3188 737
f 16 737 3188
f 560 498 374
f 3193 3195 3194
f 3200 3198 3199
f 3211 3213 3212
f 3215 3217 3216
f 2187 2002 2001
f 2169 2189 2190
f 2192 2085 2191
f 2193 2195 2196
f 2198 2200 2197
f 1998 1979 1975
f 3664 3668 3671
f 2116 1903 1902
f 1859 2009 1150
f 3904 2126 3906
f 1135 1087 1130
f 2201 2015 2014
f 1149 110 1858
f 3221 3218 3215
f 2203 2205 2206
f 579 1895 1019
f 1755 2208 1756
f 3891 1893 605
f 1211 2150 1727
f 868 2210 2209
f 944 930 940
f 2130 2202 2201
f 233 1898 195
f 665 750 666
f 1167 999 618
f 2211 2213 2214
f 2215 2217 2218
f 3867 590 3868
f 2220 220 2219
f 823 948 1094
f 3225 3227 3226
f 266 455 265
f 3882 2107 3883
f 2221 3519 3517
f 2223 2225 2226
f 2207 2124 2208
f 673 3869 3864
f 817 996 815
f 2227 2146 2145
f 1947 646 749
f 3900 17 3873
f 2229 1638 1381
f 1679 1618 1680
f 1637 2232 2230
f 2233 1617 1616
f 2231 2236 2237
f 1381 2238 1382
f 3586 2242 3587
f 1630 2233 1631
f 1681 472 469
f 1408 2243 2244
f 3236 3238 3237
f 3232 3240 3235
f 1637 2238 1638
f 3237 3233 3234
f 1409 1634 2245
f 1380 2247 2246
f 1628 2245 1621
f 2249 1622 1633
f 1632 1408 2244
f 2248 1631 2250
f 2235 1637 1636
f 3245 3199 3198
f 631 2071 725
f 515 52 49
f 782 2251 1251
f 2253 2255 2252
f 397 459 784
f 1456 2040 1455
f 2040 2036 1455
f 1401 2111 1398
f 2041 1970 2026
f 1535 414 1965
f 1586 2080 2079
f 2256 1132 1886
f 1700 3918 3919
f 3815 1686 3817
f 1263 1886 1096
f 598 844 599
f 2257 2259 2260
f 2258 2262 2259
f 2259 2263 2216
f 2260 2216 2215
f 1967 1970 1969
f 2212 1963 2213
f 922 2218 2217
f 1312 1101 2264
f 1307 1286 789
f 1548 1546 1972
f 2266 2268 2265
f 2265 2270 2269
f 2272 2269 2271
f 2273 2265 2272
f 2275 2277 2274
f 2278 2277 2279
f 2284 3617 3639
f 2287 2286 2281
f 2288 2283 2287
f 2290 3639 3620
f 2291 2293 2294
f 2295 2294 2279
f 2296 2291 2295
f 2297 2292 2291
f 2294 2299 2300
f 2279 2300 2278
f 2298 2302 2292
f 2292 2303 2293
f 2293 2304 2299
f 2304 2306 2299
f 2306 2300 2299
f 2308 2310 2307
f 2302 2310 2303
f 2301 2307 2302
f 2312 2307 2311
f 2313 2315 2316
f 2318 2320 2317
f 3748 2322 2323
f 2324 2273 2326
f 2313 2326 2327
f 2328 2313 2316
f 2329 2324 2328
f 2331 2333 2330
f 2330 2267 2266
f 2325 2266 2273
f 2329 2330 2325
f 2333 2335 2267
f 2336 2333 2332
f 2338 2332 2337
f 2331 2337 2332
f 2329 2339 2331
f 2328 2340 2329
f 2316 2341 2328
f 2342 2315 2343
f 2344 2346 2347
f 2341 2347 2340
f 2342 2344 2341
f 2348 2345 2344
f 2350 2352 2353
f 2339 2353 2337
f 2340 2350 2339
f 2347 2351 2350
f 2337 2354 2338
f 2353 2355 2354
f 2356 2276 2357
f 2356 2358 2359
f 2356 2296 2295
f 2279 2356 2295
f 2360 2270 2268
f 2267 2360 2268
f 2362 2364 2365
f 2362 2361 2358
f 2366 2358 2357
f 2366 2363 2362
f 2357 2368 2366
f 2366 2369 2367
f 2276 2370 2368
f 2368 2282 2369
f 2372 2374 2371
f 2375 2377 2007
f 2378 2380 2381
f 2382 2381 2383
f 2384 2378 2382
f 2385 2379 2378
f 2388 2390 2387
f 2387 2392 2391
f 2393 2387 2391
f 2394 2388 2387
f 2186 2402 2400
f 2403 2327 2326
f 2272 2326 2273
f 2271 2403 2272
f 2405 2404 2403
f 2404 2408 2327
f 2409 2411 2412
f 2409 2271 2269
f 2413 2269 2270
f 2413 2410 2409
f 2417 2416 2418
f 2417 2406 2405
f 2412 2405 2271
f 2411 2417 2412
f 2406 2407 2404
f 3569 632 713
f 2420 2397 2421
f 2420 2423 2422
f 2424 2422 2419
f 2424 2398 2420
f 2425 2392 2426
f 2421 2426 2423
f 2397 2425 2421
f 2396 2391 2425
f 2427 2315 2314
f 2427 2408 2428
f 2430 2428 2429
f 2343 2427 2430
f 2432 2430 2431
f 2431 2429 2433
f 2435 2433 2434
f 2436 2431 2435
f 2428 2407 2437
f 2422 2407 2419
f 2438 2422 2423
f 2429 2437 2438
f 2440 2433 2439
f 2441 2433 2429
f 2442 2439 2441
f 2443 2440 2439
f 2445 2444 2443
f 2447 2443 2442
f 2383 2445 2447
f 2381 2446 2445
f 2448 2423 2426
f 2449 2426 2392
f 2441 2449 2442
f 2441 2438 2448
f 2449 2390 2450
f 2450 2389 2451
f 2447 2451 2383
f 2442 2450 2447
f 2451 2453 2452
f 2452 2455 2454
f 2382 2454 2384
f 2383 2452 2382
f 2456 2373 2372
f 2459 2461 2458
f 2463 2465 2462
f 2462 2285 2284
f 2466 2284 2290
f 2467 2462 2466
f 2461 3703 3701
f 2468 2470 2471
f 2472 2471 2473
f 2474 3701 3688
f 2475 2477 2478
f 2458 2453 2479
f 2479 2389 2388
f 2395 2479 2388
f 2480 2458 2479
f 2481 2483 2478
f 2484 2485 221
f 2471 2464 2463
f 2473 2463 2467
f 2487 2466 2486
f 2486 2290 2488
f 2490 2488 2489
f 2491 2486 2490
f 2492 2467 2487
f 2493 2487 2491
f 2494 2492 2493
f 2495 2473 2492
f 3690 2474 3688
f 3691 2496 3690
f 2498 2493 2499
f 2500 2499 2501
f 3700 2498 2500
f 3687 2494 2498
f 2306 2278 2300
f 2305 2504 2306
f 2504 2507 2506
f 2506 2288 2508
f 2274 2508 2275
f 2278 2506 2274
f 3633 2489 2488
f 3620 2488 2290
f 2507 2289 2288
f 2505 2509 2507
f 2508 2287 2511
f 2511 2281 2280
f 2370 2280 2282
f 2275 2511 2370
f 2512 2489 2513
f 2514 2513 2515
f 2517 2514 2516
f 2517 2490 2512
f 2499 2491 2517
f 2499 2516 2501
f 2510 2519 2518
f 2518 2521 2520
f 3616 2520 3621
f 3632 2518 3616
f 2522 2303 2310
f 2523 2310 2309
f 2305 2522 2524
f 2524 2523 2525
f 2519 2525 2521
f 2505 2524 2519
f 2308 2527 2526
f 2526 2529 2528
f 2531 2528 2530
f 2309 2526 2531
f 1214 2151 1211
f 2419 2418 2424
f 2533 2349 2317
f 2534 2317 2320
f 2535 2533 2534
f 2536 2345 2533
f 2537 2346 2536
f 2538 2536 2535
f 2539 2537 2538
f 2540 2351 2537
f 2312 2541 2527
f 2527 2542 2529
f 2543 2434 2544
f 2545 2544 2546
f 2319 2543 2545
f 2318 2435 2543
f 2514 2548 2547
f 2547 2550 2549
f 2552 2549 2551
f 2552 2514 2547
f 2520 2554 2553
f 2553 2556 2555
f 3590 2555 3593
f 3621 2553 3590
f 2523 2531 2557
f 2557 2530 2558
f 2525 2557 2559
f 2559 2558 2560
f 2554 2560 2556
f 2521 2559 2554
f 2561 2007 2006
f 2376 2225 2377
f 2564 2566 2563
f 2563 338 2567
f 2569 2567 2568
f 2570 2563 2569
f 2572 2574 2571
f 2571 2576 2575
f 2544 2575 2546
f 2544 2572 2571
f 2578 2569 2577
f 2579 2569 2568
f 2574 2579 2576
f 2573 2577 2574
f 2581 2583 2580
f 2584 2583 2585
f 3697 2580 2584
f 3676 2580 3675
f 2582 2552 2583
f 2583 2551 2585
f 2500 2589 2588
f 2590 2589 2591
f 3693 2588 2590
f 3695 2500 2588
f 2501 2591 2589
f 2592 2594 2595
f 2386 2503 2502
f 2596 2386 2374
f 2596 2373 2597
f 2599 2597 2598
f 2599 2379 2596
f 2600 2380 2599
f 2600 2598 2601
f 2603 2601 2602
f 2603 2446 2600
f 2604 2602 2605
f 2440 2605 2434
f 2444 2604 2440
f 2606 2581 2607
f 2606 2590 2591
f 2591 2582 2606
f 3676 2456 3689
f 3689 2372 3693
f 2478 2608 2481
f 2609 2611 2199
f 2564 2613 2612
f 2612 2598 2597
f 2457 2597 2373
f 2565 2612 2457
f 2614 2570 2578
f 2615 2578 2573
f 2602 2614 2615
f 2601 2613 2614
f 2572 2605 2616
f 2616 2602 2615
f 2573 2616 2615
f 1459 1045 1021
f 1265 1079 1082
f 1612 1609 1611
f 2067 2069 2068
f 1135 1136 1148
f 1938 2618 2617
f 95 458 128
f 2058 1608 1612
f 1454 1445 1367
f 655 1048 2619
f 722 2621 723
f 1131 1033 1134
f 562 366 1497
f 1723 1725 1591
f 1786 1122 1787
f 267 323 266
f 1325 1654 2038
f 1468 1435 1479
f 658 529 528
f 8 247 7
f 382 1559 3
f 788 1307 789
f 940 929 928
f 911 2623 912
f 2621 655 654
f 2624 2625 2626
f 998 27 26
f 635 2626 2625
f 2627 644 1840
f 2628 1840 2629
f 1200 2627 2628
f 1199 641 2627
f 1520 49 477
f 1452 1349 1451
f 2630 1859 1858
f 644 1335 1823
f 1197 717 2632
f 2632 719 1166
f 2628 1166 1200
f 2629 2632 2628
f 1762 1050 821
f 1823 873 1839
f 2634 794 652
f 1028 1027 1161
f 1042 2635 1043
f 93 1901 1924
f 2036 1458 1455
f 1527 1525 1526
f 877 1274 1277
f 134 797 1544
f 1328 931 1329
f 607 1091 1161
f 1043 2637 2636
f 2636 2639 2638
f 1275 2638 1276
f 1275 1043 2636
f 1272 2626 2640
f 2640 638 637
f 1110 2640 637
f 536 2640 2641
f 1472 1474 1473
f 2042 1951 649
f 1058 1105 1059
f 2642 2643 2644
f 1192 2644 1193
f 912 2642 1192
f 3898 3526 3786
f 1049 2620 2621
f 616 1885 613
f 1331 666 750
f 990 1198 525
f 1911 321 322
f 1298 1205 2645
f 76 1504 75
f 1502 421 422
f 610 658 691
f 1146 659 938
f 2646 914 936
f 1280 1238 1279
f 975 2647 2648
f 2647 975 974
f 1453 1452 1451
f 1514 158 151
f 835 1843 1842
f 1271 1173 1289
f 2649 813 2650
f 1893 1826 1894
f 1050 1937 1051
f 2651 814 813
f 1006 1281 977
f 2653 2654 2655
f 1001 1003 1002
f 585 679 558
f 2624 621 620
f 555 2028 556
f 1207 1197 2629
f 1626 478 472
f 426 419 1567
f 1030 1773 1031
f 3898 634 3880
f 534 138 262
f 1125 1042 1041
f 333 88 227
f 569 561 730
f 1489 871 870
f 1857 620 891
f 1673 3770 3763
f 622 864 1308
f 2647 974 2657
f 619 891 620
f 261 545 262
f 393 1556 404
f 2658 2647 2657
f 1075 2657 917
f 1081 2658 1075
f 1080 2659 2658
f 2644 1141 2660
f 2660 1140 1336
f 642 1336 643
f 1193 2660 642
f 679 555 558
f 1503 1500 1502
f 1318 1101 1100
f 2661 1139 1142
f 2661 2663 2662
f 2662 2659 2661
f 2662 2622 2664
f 2664 911 2646
f 2648 2646 1146
f 2648 2662 2664
f 2083 2093 2081
f 1442 1437 1439
f 519 330 51
f 1885 1209 613
f 799 805 804
f 1946 1952 1953
f 1302 1253 1252
f 566 224 533
f 1389 928 1388
f 683 681 680
f 836 1842 2665
f 2665 1845 1303
f 2666 1303 1302
f 24 2665 2666
f 831 2650 832
f 1845 1304 1303
f 2010 2012 2011
f 1051 2667 2668
f 1522 1511 1523
f 531 441 522
f 782 1251 1250
f 1250 2625 2669
f 2669 1857 1856
f 783 1856 1037
f 782 2669 783
f 720 2671 721
f 1055 1930 1056
f 1333 1251 2251
f 619 1308 1307
f 652 2619 2634
f 521 1539 1540
f 1838 537 2672
f 2672 536 2641
f 1113 2641 1110
f 1113 1838 2672
f 1016 1351 1045
f 3897 570 3894
f 226 104 101
f 3564 3827 1818
f 1036 1884 1883
f 2674 1304 2673
f 2673 1844 2675
f 1334 2675 1039
f 1333 2673 1334
f 2676 1039 2675
f 1843 2675 1844
f 942 2676 1843
f 1074 702 2676
f 811 859 858
f 752 1055 753
f 1200 656 1026
f 1120 874 2677
f 2677 877 1052
f 1241 1052 1005
f 1119 2677 1241
f 1560 151 1515
f 1208 611 523
f 215 736 214
f 1460 1462 1461
f 1208 1839 873
f 854 1282 1297
f 72 182 179
f 544 1565 512
f 217 456 457
f 2047 930 945
f 1204 1937 2633
f 913 686 685
f 840 1113 1112
f 1531 730 561
f 2678 1283 801
f 601 1914 602
f 1537 459 460
f 1819 3509 3527
f 991 862 538
f 2679 1073 1830
f 2680 983 2256
f 779 2256 1263
f 778 2680 779
f 2678 1830 2680
f 180 245 40
f 1886 1131 1134
f 1138 1274 1255
f 1841 1140 1139
f 75 314 74
f 193 420 192
f 2681 1099 1098
f 170 1565 169
f 349 417 432
f 1121 2684 2683
f 547 409 302
f 123 121 120
f 2643 1142 1141
f 1542 513 1543
f 899 907 919
f 1210 676 867
f 791 982 892
f 24 837 836
f 893 932 931
f 1860 863 862
f 535 862 861
f 832 813 812
f 2650 813 832
f 1569 1547 1568
f 181 542 180
f 660 937 688
f 2013 568 2012
f 887 2631 2630
f 1524 361 78
f 520 162 1529
f 2653 854 2685
f 1238 2655 2686
f 718 527 530
f 1492 518 1491
f 792 615 793
f 599 1835 596
f 290 456 175
f 312 1552 425
f 1248 1179 1249
f 153 177 178
f 1240 1222 1221
f 1257 1235 1071
f 1291 1083 1222
f 1052 1277 1053
f 743 2618 1204
f 444 430 443
f 23 1172 1187
f 2687 1180 1179
f 102 409 134
f 1283 610 801
f 373 650 651
f 1180 1084 1291
f 855 2655 1237
f 1173 1917 1174
f 2689 853 2688
f 2688 1108 1279
f 2686 1279 1238
f 2687 2688 2686
f 2691 1252 2690
f 2690 850 2689
f 1248 2689 2687
f 1248 2691 2690
f 2692 24 2666
f 2691 2666 1302
f 1247 2692 2691
f 1258 617 2692
f 394 1555 393
f 2693 1259 1223
f 1072 1262 1261
f 1257 1168 1258
f 398 1555 1554
f 871 1314 872
f 1178 1249 1179
f 1224 1173 1172
f 1010 2618 742
f 1175 1292 1269
f 2654 2686 2655
f 2694 1216 1264
f 71 1487 70
f 701 1111 1038
f 1072 2649 2650
f 1085 22 21
f 895 1264 896
f 1601 1605 1604
f 1259 1271 1289
f 21 1220 1083
f 988 538 537
f 598 1336 1140
f 820 1762 821
f 1050 818 821
f 1298 1761 2652
f 1168 618 617
f 858 1256 833
f 39 516 1536
f 2652 819 814
f 313 315 314
f 2026 1971 2027
f 2656 596 1835
f 814 818 811
f 2696 813 2649
f 1260 2649 1261
f 2693 2696 1260
f 2697 2651 2696
f 381 390 380
f 3818 1611 1609
f 1475 1428 1227
f 1292 1917 1235
f 1551 354 1518
f 1526 1523 1511
f 1593 1595 1573
f 1232 1246 1249
f 2695 1223 22
f 2698 1296 2697
f 2698 2693 2695
f 2685 2695 1085
f 2685 1297 2698
f 562 271 272
f 2652 1296 1298
f 1365 1364 1363
f 1958 1953 1957
f 585 2210 997
f 1561 1515 435
f 975 1146 976
f 347 68 346
f 1038 636 1068
f 2700 780 2699
f 2699 1036 1883
f 2701 1883 1829
f 851 2699 2701
f 2674 2251 2702
f 2702 781 2700
f 1253 2700 851
f 1301 2702 1253
f 1519 388 1550
f 1273 1280 2703
f 2703 1107 852
f 2701 852 851
f 1829 2703 2701
f 91 326 90
f 1784 2656 1785
f 2683 2705 2704
f 604 3499 3533
f 1669 3548 1662
f 2062 2060 2059
f 621 861 622
f 2023 732 2024
f 686 1263 687
f 857 2668 1328
f 883 882 879
f 637 1111 1110
f 2668 893 1328
f 2667 894 2668
f 1039 1068 1334
f 313 1504 1505
f 1911 305 453
f 1936 1964 2212
f 2707 2401 2183
f 2708 2183 2182
f 738 2116 554
f 2349 2432 2436
f 2711 2020 2019
f 2400 2019 2186
f 2714 2716 2713
f 2717 2719 2720
f 2721 2723 2724
f 2726 2728 2725
f 2725 2730 2729
f 2731 2729 2709
f 2732 2725 2731
f 2734 2736 2733
f 2738 2740 2737
f 2737 2741 2742
f 2744 2746 2743
f 2745 2748 2747
f 2749 2747 2751
f 2753 2751 2752
f 2250 2246 2248
f 2754 1614 2755
f 3598 2755 3609
f 3608 2747 3609
f 1617 2755 1614
f 2242 1620 2757
f 2191 2760 2759
f 2761 2760 2762
f 3648 2761 3649
f 3623 2759 3648
f 3209 3223 3224
f 1395 2236 2235
f 1395 1636 1615
f 1616 2229 2233
f 1617 2763 2756
f 2756 3628 3608
f 2765 2234 1630
f 2766 3628 3622
f 3202 3246 3247
f 1516 435 1515
f 2768 3552 3553
f 1495 578 1424
f 2135 28 17
f 3526 2773 2774
f 1690 3926 3925
f 2778 2780 2777
f 2777 2781 2782
f 2784 2777 2783
f 3555 575 576
f 1494 9 540
f 3529 2015 3566
f 451 505 450
f 2786 2788 2785
f 2779 2785 2780
f 2789 2741 2740
f 2790 2752 2789
f 2792 2794 2791
f 2793 2796 2794
f 2796 2750 2749
f 2794 2749 2753
f 2798 1396 2754
f 3591 2754 3598
f 2798 2800 1393
f 3591 2799 2798
f 2797 2795 2801
f 2791 2753 2790
f 216 232 54
f 3804 2807 3803
f 3805 2804 3803
f 2769 3557 3552
f 183 184 97
f 2811 2775 2776
f 2804 2776 2805
f 2809 2811 2804
f 2812 2813 2814
f 3805 2816 3795
f 3796 2815 3795
f 3798 2820 2821
f 3793 2819 3798
f 2824 2735 2819
f 2823 2824 2819
f 2825 2826 2724
f 3793 2827 3792
f 3796 2826 3792
f 2713 2829 2828
f 2828 2831 2830
f 2822 2828 2830
f 2821 2713 2828
f 2832 2822 2830
f 2833 2830 2831
f 2834 2832 2833
f 2835 2827 2832
f 2837 2839 2836
f 2836 2841 2840
f 2842 2840 2727
f 2843 2836 2842
f 2840 2845 2844
f 2718 2845 2719
f 2730 2844 2718
f 2727 2844 2728
f 2846 2719 2845
f 2846 2841 2847
f 2829 2847 2831
f 2829 2716 2846
f 2847 2839 2848
f 2848 2838 2849
f 2833 2849 2834
f 2831 2848 2833
f 2850 2851 2852
f 2853 2852 2854
f 2783 2782 2855
f 2785 2853 2856
f 2780 2856 2781
f 2857 2855 2782
f 2859 2782 2781
f 2861 2842 2860
f 2860 2727 2726
f 2862 2726 2732
f 2863 2860 2862
f 2861 2858 2857
f 2843 2857 2859
f 2856 2854 2864
f 2781 2864 2859
f 2837 2859 2864
f 2838 2864 2854
f 2852 2834 2849
f 2854 2849 2838
f 2865 2818 2835
f 2851 2835 2834
f 2813 2815 2865
f 2814 2865 2851
f 2866 2814 2850
f 2788 2850 2853
f 2866 2787 2867
f 2812 2867 2775
f 1892 1890 1891
f 2720 2846 2870
f 298 256 257
f 2872 2713 2820
f 3794 2735 2734
f 2729 2874 2873
f 2846 2715 2870
f 2876 2878 2875
f 2733 2878 2734
f 3806 2879 2880
f 3806 2872 3794
f 2882 2884 2881
f 2881 2715 2714
f 2880 2714 2872
f 2879 2881 2880
f 2885 2887 2888
f 2888 2890 2885
f 2885 2892 2891
f 2893 2885 2891
f 1942 2532 2894
f 2895 2720 2870
f 2884 2870 2715
f 2883 2895 2884
f 2896 2892 2895
f 2889 2717 2890
f 2890 2720 2892
f 2897 2891 2896
f 2898 2896 2883
f 2899 2883 2882
f 2900 2882 2879
f 3797 2879 3807
f 2876 2901 2877
f 2901 2904 2903
f 1785 1835 1834
f 2905 2899 2900
f 2907 2897 2898
f 3797 2903 3799
f 632 577 633
f 3532 2867 2787
f 434 550 350
f 2768 3640 3643
f 2910 1623 2249
f 2241 2758 2242
f 3640 2913 3652
f 1623 2757 1620
f 3587 2757 3652
f 2229 1380 2250
f 2765 1629 2914
f 2915 1629 2912
f 3642 2914 2915
f 3641 2765 2914
f 2919 3642 3613
f 2918 2912 2241
f 3614 2241 3586
f 3618 3613 3670
f 3541 2180 3496
f 3521 2188 3506
f 3705 714 3851
f 2925 2917 2924
f 2924 2916 2919
f 3610 2919 3618
f 3611 2924 3610
f 2926 2766 2925
f 3658 2925 3611
f 1715 1705 1710
f 785 498 796
f 1387 565 1791
f 374 1899 560
f 3573 2206 3556
f 2929 2886 2893
f 2932 2934 2931
f 1905 1908 1907
f 2930 2936 2937
f 2938 2930 2929
f 1493 517 518
f 1603 1586 1602
f 2939 2929 2908
f 2940 2908 2907
f 3665 1600 3661
f 2886 2937 2887
f 2906 2898 2899
f 2908 2893 2897
f 2942 2933 2941
f 2941 2937 2936
f 3501 2936 3513
f 3498 2941 3501
f 2943 2710 2873
f 2943 2874 2889
f 2945 2889 2888
f 2946 2943 2945
f 2932 2888 2887
f 2931 2945 2932
f 727 1929 728
f 2903 2947 2948
f 545 42 262
f 1480 533 251
f 2907 2949 2940
f 2906 2950 2949
f 1558 215 202
f 3799 2948 3801
f 2054 1644 2118
f 3705 2203 3573
f 1828 1849 1827
f 2953 2955 2952
f 2952 2957 2956
f 2956 2258 2952
f 2953 2258 2257
f 2454 2474 2496
f 3747 2959 3766
f 3747 2131 3737
f 2961 2963 2958
f 2958 2964 2959
f 222 2485 2965
f 2477 2966 2608
f 2631 2006 1859
f 2384 2496 2497
f 2967 2959 2964
f 2968 2970 2969
f 3759 2971 3784
f 3784 2960 3766
f 2972 2033 2032
f 2007 2973 2008
f 3560 2134 2133
f 1836 1832 1831
f 3506 2090 3551
f 955 959 956
f 672 674 673
f 633 713 632
f 2024 733 803
f 2025 803 798
f 425 1550 388
f 2975 888 887
f 1319 1157 2694
f 1212 2977 1213
f 889 2228 2227
f 1978 1975 1979
f 1138 1329 915
f 751 2979 2978
f 1619 1625 1624
f 2252 1728 1727
f 1157 845 1216
f 2706 1938 2617
f 2980 2254 2981
f 2982 887 2630
f 802 711 2679
f 678 2029 2028
f 527 690 528
f 1839 2629 1840
f 2983 602 1914
f 2983 1913 1331
f 2985 1331 1054
f 2986 2983 2985
f 2987 2635 2634
f 2985 2639 2986
f 2990 1318 2989
f 2991 2993 2994
f 2995 2994 2996
f 1106 2991 2995
f 1058 2992 2991
f 1415 1365 1367
f 1317 2217 2997
f 1932 2255 2980
f 926 2999 664
f 3001 2992 3000
f 3000 1057 2978
f 2999 2978 2979
f 2998 3000 2999
f 3002 2209 3003
f 3002 2996 2994
f 2993 3002 2994
f 3001 2998 3002
f 1103 2995 3004
f 3004 2996 3003
f 2209 3004 3003
f 588 3004 2210
f 295 433 381
f 2638 2988 3005
f 3005 1056 1930
f 1305 1930 1306
f 1276 3005 1305
f 1987 1993 1989
f 2633 1761 2645
f 1423 1417 1419
f 3561 739 703
f 2671 2704 2705
f 1473 2035 1472
f 922 2694 895
f 1401 1378 1384
f 556 1884 1037
f 842 3825 3836
f 1854 2617 1010
f 933 1081 1075
f 1440 1436 1437
f 529 719 530
f 1031 1027 1028
f 777 912 1871
f 2645 1204 2633
f 441 1538 1537
f 790 587 586
f 2065 1610 1607
f 1860 990 902
f 60 87 59
f 1424 1948 1947
f 332 1507 331
f 261 138 135
f 187 449 507
f 1719 1726 1725
f 1931 1059 3006
f 3006 1105 1104
f 1287 1104 587
f 1286 3006 1287
f 3007 3009 3010
f 3009 653 795
f 618 26 25
f 2029 1210 1209
f 957 600 2228
f 1049 2228 600
f 2631 3011 2561
f 890 2227 3011
f 3011 2145 3012
f 2561 3012 2375
f 1026 609 608
f 2706 1961 1964
f 3013 2485 3014
f 2148 1267 3015
f 3015 1266 1311
f 2997 1101 1317
f 642 1773 1193
f 186 461 511
f 1041 1320 901
f 1121 3017 1122
f 2984 2987 3018
f 3018 2634 2619
f 1048 3018 2619
f 603 2984 3018
f 2679 801 802
f 2062 2074 2061
f 2061 2076 2064
f 414 1545 1965
f 3016 2683 3019
f 3019 2704 2670
f 3020 2670 720
f 3007 3019 3020
f 1871 1091 777
f 3021 1122 3017
f 3022 3017 3010
f 1314 3022 1315
f 1784 3021 1314
f 1316 1763 611
f 3023 3010 3009
f 3023 795 1092
f 1763 1092 1125
f 1315 3023 1763
f 3016 3010 3017
f 752 2978 1057
f 2986 2637 2987
f 3024 653 3008
f 3020 3008 3007
f 720 3024 3020
f 723 654 3024
f 2681 1268 3025
f 2671 1268 721
f 2705 3025 2671
f 1313 3027 1311
f 3026 3029 3027
f 3027 3030 3031
f 1311 3031 3015
f 2012 731 2023
f 917 974 977
f 743 856 744
f 1888 2030 1425
f 2682 2684 3032
f 3032 1124 2989
f 1100 2989 1318
f 1099 3032 1100
f 1123 2989 1124
f 3033 1159 1158
f 2990 1158 1319
f 1123 3033 2990
f 1786 1834 3033
f 1054 2988 2985
f 2979 664 2999
f 2623 2663 2643
f 1095 688 687
f 3034 2261 2956
f 3036 2956 2957
f 3037 3034 3036
f 3038 3035 3034
f 3040 3026 1313
f 2263 3041 3040
f 3042 3043 3041
f 3041 3028 3026
f 3044 3043 3039
f 3046 3045 3044
f 3047 3049 3045
f 3043 3049 3028
f 3038 3051 3050
f 3050 3053 3052
f 3052 3044 3050
f 3039 3050 3044
f 3054 3039 3042
f 3042 2262 3054
f 2261 3054 2262
f 2216 2997 2217
f 2212 2667 1936
f 3056 2209 3055
f 934 1961 1854
f 2013 3757 567
f 3058 3060 3061
f 3059 3063 3060
f 3060 2213 1963
f 3061 1963 1962
f 3063 2214 2213
f 3062 3064 3063
f 3065 2260 3064
f 3064 2215 2214
f 3066 3031 3030
f 2608 3067 3066
f 2966 3068 3067
f 3031 3068 3015
f 2455 2461 2474
f 2476 2226 2477
f 3551 2089 3525
f 3526 3769 3786
f 433 355 381
f 2115 1419 2123
f 3509 2922 3527
f 3769 2131 2134
f 3069 2167 2166
f 2971 2928 2960
f 2961 2773 2962
f 3070 2478 2483
f 2610 3071 2954
f 2502 2374 2386
f 3072 2595 3073
f 2964 3052 2967
f 3048 3074 3049
f 2593 3075 3074
f 3075 3029 3074
f 3074 3028 3049
f 3072 3075 2592
f 3076 2482 2481
f 2481 3066 3076
f 3076 3030 3075
f 2967 3053 2970
f 2482 3073 2483
f 479 493 494
f 706 3873 709
f 3561 2221 3517
f 2013 3754 3755
f 3533 2016 3529
f 3562 2222 2974
f 1171 1155 1176
f 2586 2565 2587
f 2982 113 2484
f 2562 3077 3068
f 2376 3012 3077
f 3012 2148 3077
f 3077 3015 3068
f 2963 3046 2964
f 3051 2970 3053
f 1683 491 775
f 3850 1447 3860
f 1986 3734 3768
f 3079 2546 2575
f 3081 2575 2576
f 1983 3768 3765
f 3082 2319 2545
f 3080 2545 2546
f 3734 3082 3080
f 3732 2323 3082
f 1309 1888 748
f 3073 2772 2771
f 2760 3084 2762
f 2760 2088 3083
f 3085 3086 3087
f 3089 3090 3088
f 3089 3084 3085
f 3092 3090 3091
f 3093 2744 2743
f 2751 2748 3093
f 3093 2752 2751
f 2742 3093 3094
f 3094 2743 3095
f 3096 3098 3087
f 3099 3087 3086
f 3097 3095 3098
f 3100 2746 3101
f 3101 3102 3100
f 2764 2927 3101
f 2745 3101 2746
f 3102 3091 3100
f 3100 3095 2743
f 2869 3592 3634
f 3102 3104 3092
f 3658 2869 3634
f 2927 3103 3102
f 3098 3091 3090
f 3087 3090 3085
f 2088 3105 3083
f 3083 3086 3084
f 2483 2771 3070
f 2401 2185 2321
f 3099 3105 3106
f 2125 3106 3105
f 3108 2742 3107
f 3107 3094 3097
f 3110 3107 3109
f 3109 3097 3096
f 3111 3096 3099
f 3112 3109 3111
f 3113 2737 3108
f 3115 2722 3114
f 3117 3114 3116
f 3119 3116 3118
f 3118 3120 3121
f 3116 3113 3120
f 3122 3111 3123
f 3122 1755 1754
f 3124 3126 3127
f 3125 3121 3126
f 3128 3118 3125
f 3129 3125 3124
f 2020 3128 3129
f 3853 1346 1352
f 1065 1047 1066
f 1814 3830 1649
f 2021 3129 3130
f 3111 3106 3123
f 3123 2207 1755
f 2377 2224 2973
f 3014 113 112
f 1756 3782 3767
f 3131 2530 2528
f 3133 2528 2529
f 1753 3767 3775
f 3134 3127 3135
f 2327 2314 2313
f 2436 2317 2349
f 2018 3711 3712
f 2534 3137 2535
f 2320 3136 2534
f 2185 3712 3771
f 3138 2542 2539
f 3134 3744 3745
f 3785 3134 3745
f 3140 2539 2538
f 2535 3140 2538
f 3711 3130 3785
f 2558 3132 3141
f 3782 3141 3132
f 2560 3141 3142
f 3760 3142 3141
f 958 2976 2981
f 1933 2980 3143
f 2399 2418 2416
f 2348 2343 2432
f 2322 2319 2323
f 2718 2874 2730
f 2709 2873 2710
f 2894 1361 1942
f 346 176 347
f 1876 1882 1881
f 2802 3607 3592
f 3104 3088 3092
f 2974 3649 3603
f 3089 2761 2762
f 3088 3145 3089
f 2803 3603 3607
f 3870 692 628
f 2123 1418 2126
f 1365 1368 1367
f 1581 1782 1783
f 3569 2129 3520
f 3555 2002 3521
f 3146 2551 3147
f 3751 3147 3750
f 3742 3146 3751
f 3149 2585 3146
f 3196 3197 3195
f 3604 2191 3623
f 3142 2556 2560
f 3777 3150 3142
f 3646 2550 3593
f 3150 2555 2556
f 3778 3151 3150
f 3788 3152 3646
f 3153 2551 2549
f 3152 2549 2550
f 3781 3153 3152
f 3776 3147 3153
f 3148 2206 2205
f 2183 2321 2184
f 2132 2928 2133
f 3684 2204 2203
f 3719 2197 3721
f 2594 2773 2951
f 2595 2951 2772
f 1870 799 1869
f 3713 2178 3706
f 3706 3736 3790
f 336 3774 3722
f 339 3154 336
f 3789 3149 3742
f 3683 2584 3149
f 2963 3048 3047
f 3722 337 336
f 339 2566 2586
f 3156 2168 2167
f 2610 2167 2611
f 2954 3156 2610
f 3157 2953 2257
f 3707 2169 3709
f 2567 3159 2568
f 337 2567 338
f 3730 2166 3707
f 3764 1983 3765
f 2579 3081 2576
f 2568 3160 2579
f 3709 2190 3764
f 3065 3162 3161
f 3161 1984 2189
f 3157 2189 2168
f 2257 3161 3157
f 734 1922 806
f 3059 2708 3163
f 3163 2182 1985
f 3162 1985 1984
f 3062 3163 3162
f 3203 3205 3204
f 2122 1448 1447
f 3817 1685 3812
f 139 444 69
f 1570 566 533
f 2957 3165 3036
f 2955 3164 2957
f 1912 341 1973
f 3130 3124 3134
f 1548 319 1547
f 1949 1327 1887
f 2969 3078 3167
f 3167 3169 3168
f 3724 2017 3720
f 3720 2033 3759
f 3168 3165 3170
f 3170 3164 3171
f 3779 3171 3756
f 3724 3170 3779
f 3171 3166 3172
f 3172 3071 3173
f 3752 3173 3749
f 3756 3172 3752
f 3169 3036 3165
f 2593 2962 2594
f 3173 2609 3174
f 3174 2199 2198
f 3783 2198 3719
f 3749 3174 3783
f 2190 1984 1983
f 2196 2767 3148
f 2119 1414 1448
f 1464 1466 1465
f 2199 3069 2200
f 2457 2587 2565
f 2226 2562 2966
f 481 1627 1639
f 333 235 236
f 3078 3037 3169
f 3040 2997 2263
f 2219 1933 2220
f 2385 2497 2503
f 221 3175 2484
f 2220 3143 3175
f 3175 2976 2975
f 2484 2975 2982
f 2954 3166 2955
f 2630 110 2982
f 1547 1952 1955
f 2091 2188 2187
f 3733 2178 2177
f 1918 1927 1926
f 3563 111 3511
f 955 960 954
f 2037 112 3563
f 3143 2981 2976
f 2218 2214 2215
f 672 3787 3541
f 2152 3014 2037
f 1147 1143 1145
f 2248 1409 2245
f 1615 1635 1616
f 1410 2246 2247
f 3241 3242 3240
f 3177 1383 1382
f 2238 3176 1382
f 3176 2230 3178
f 1410 3179 1407
f 3179 2243 1407
f 1633 2800 2249
f 1621 2758 2912
f 1622 2245 1634
f 2236 3181 3182
f 2237 3182 3183
f 2250 2233 2229
f 2912 1628 1621
f 135 1564 1563
f 1567 512 1565
f 1085 2653 2685
f 3184 868 3056
f 869 3057 934
f 1266 1098 1312
f 1267 722 721
f 937 2646 936
f 2146 722 2147
f 2211 921 2667
f 1957 507 449
f 1313 2264 3040
f 1496 1493 1492
f 2681 2705 2682
f 2887 2933 2932
f 1687 1659 1694
f 145 1498 81
f 1317 1319 2694
f 37 418 71
f 1935 3185 2977
f 104 301 103
f 2101 2083 2084
f 543 360 207
f 1934 3186 3185
f 234 212 237
f 3845 1822 1824
f 1976 1874 1974
f 223 2219 220
f 3655 3605 3612
f 468 773 2165
f 1935 1728 1932
f 3240 3226 3235
f 3261 3250 3260
f 3215 3244 3264
f 3265 3215 3264
f 3267 3198 3196
f 3205 3269 3255
f 3214 3265 3270
f 3271 3214 3192
f 3251 3239 3236
f 3222 3266 3272
f 3232 3234 3233
f 3216 3243 3244
f 3196 3268 3267
f 3244 3254 3255
f 3238 3247 3246
f 3264 3255 3269
f 3253 3216 3217
f 3211 3221 3265
f 3257 3218 3256
f 3258 3272 3259
f 3274 3280 3273
f 3228 3262 3263
f 3275 3281 3280
f 3226 3273 3280
f 3236 3260 3251
f 3281 3236 3237
f 3287 3192 3189
f 3235 3280 3234
f 3234 3281 3237
f 3288 3259 3272
f 3260 3276 3251
f 3289 3278 3284
f 3210 3224 3283
f 3199 3201 3200
f 3228 3230 3229
f 3290 3285 3286
f 3282 3271 3287
f 3260 3262 3261
f 3243 3268 3254
f 3267 3241 3232
f 3194 3208 3193
f 3191 3269 3206
f 3270 3192 3214
f 3275 3230 3231
f 3264 3270 3265
f 3252 3276 3291
f 3248 3291 3223
f 3213 3279 3277
f 3272 3289 3288
f 3277 3212 3213
f 3228 3281 3231
f 3220 3253 3219
f 3219 3217 3257
f 3256 3222 3258
f 3247 3252 3248
f 3245 3232 3233
f 3266 3212 3289
f 3208 3255 3254
f 3288 3284 3285
f 3204 3208 3207
f 560 3187 559
f 3209 3201 3202
f 3189 3191 3190
f 448 807 447
f 647 122 270
f 1833 1780 1832
f 510 508 507
f 3210 1887 3201
f 1887 3200 3201
f 15 3197 3200
f 16 3195 3197
f 3195 3187 3194
f 3194 1899 3207
f 3207 375 3204
f 387 126 127
f 3189 1760 3287
f 3577 757 758
f 763 2172 2175
f 3583 3580 3581
f 3581 3579 3578
f 3594 3596 3595
f 3400 3602 3401
f 3626 3625 3627
f 3631 3599 3601
f 3636 3595 3596
f 3647 3588 3645
f 3650 3584 3647
f 3653 3580 3651
f 3653 3654 3579
f 1801 3656 3655
f 3651 3582 3650
f 3644 3595 3637
f 1767 3659 3660
f 1597 3661 1600
f 1708 3665 3664
f 3671 3667 3666
f 3666 3673 3672
f 1588 3664 1587
f 2080 3666 2082
f 2082 3672 2084
f 3674 3635 3631
f 3677 3636 3635
f 3682 3645 3681
f 3692 3650 3686
f 3681 3644 3680
f 786 3692 785
f 3694 3651 3692
f 785 3686 497
f 497 3682 650
f 650 3681 564
f 3696 3681 3680
f 3405 3605 3402
f 3702 3678 3677
f 3699 3679 3678
f 3645 3638 3644
f 1799 3659 1768
f 3708 3458 3460
f 3462 3708 3460
f 3714 564 3696
f 3615 3602 3600
f 3710 3696 3698
f 3635 3596 3599
f 3629 3627 3630
f 3597 3599 3596
f 3630 3715 3629
f 3627 3597 3594
f 3717 3723 3718
f 3715 3660 3629
f 3716 3725 3715
f 3668 3661 3725
f 3668 3717 3667
f 3667 3718 3673
f 3727 3673 3718
f 3728 3672 3673
f 3726 3718 3723
f 1576 2084 3672
f 3727 3731 3729
f 3203 1387 3190
f 3190 1791 3189
f 3283 1949 3210
f 317 259 391
f 2000 3653 3694
f 3601 3600 3602
f 3589 3584 3585
f 3577 756 2170
f 3585 3582 3583
f 3678 3637 3636
f 3204 376 3203
f 1801 3657 1799
f 3729 3728 3727
f 1575 3738 1088
f 3735 1576 3728
f 1776 1796 1775
f 1293 1290 1284
f 1326 1327 12
f 1294 1234 1290
f 878 1330 1337
f 497 374 498
f 122 413 121
f 3699 3704 3708
f 3606 3401 3602
f 3708 3698 3699
f 3464 3710 3462
f 3704 3443 3458
f 439 399 438
f 1512 1526 1511
f 1668 1738 1671
f 839 1362 838
f 1362 826 1012
f 3843 1896 3815
f 2053 2118 2117
f 3888 2120 2119
f 696 3816 3831
f 1826 639 640
f 3740 3729 3731
f 956 886 960
f 1980 1922 807
f 33 105 164
f 1343 3856 3857
f 3907 2128 3902
f 1766 1582 1594
f 14 2163 738
f 595 99 594
f 3233 3246 3245
f 1346 1044 1352
f 748 1425 747
f 3193 3254 3268
f 3190 3206 3203
f 3612 3606 3615
f 3624 3615 3625
f 3631 3443 3674
f 3679 3644 3637
f 3686 3647 3682
f 3702 3674 3704
f 3625 3600 3597
f 3601 3415 3631
f 3739 3735 3729
f 3630 3594 3741
f 3741 3716 3630
f 1284 1288 1285
f 3698 3680 3679
f 1778 1780 1779
f 1792 1584 1789
f 695 571 694
f 3638 3594 3595
f 3741 3588 3589
f 3247 3209 3202
f 3292 3294 3295
f 3296 3298 3299
f 3299 3300 3301
f 3302 3304 3305
f 3306 3308 3309
f 3307 3311 3308
f 3303 3301 3300
f 3312 3304 3313
f 3314 3316 3317
f 3318 3320 3321
f 3324 3321 3325
f 3326 3328 3323
f 3329 3331 3332
f 3333 3335 3336
f 3337 3339 3340
f 3333 3341 3342
f 3342 3343 3344
f 3319 3344 3343
f 3338 3334 3339
f 3346 3302 3347
f 3305 3347 3302
f 3312 3223 3349
f 3350 3340 3351
f 3312 3348 3305
f 3352 3341 3326
f 3311 3354 3308
f 3341 3327 3326
f 3359 3361 3362
f 3360 3250 3249
f 3318 3345 3319
f 3364 3318 3324
f 3314 3324 3365
f 3366 3301 3346
f 3299 3367 3296
f 3308 3368 3309
f 3369 3295 3294
f 3317 3364 3314
f 3370 3317 3316
f 3325 3365 3324
f 3352 3319 3343
f 3296 3353 3311
f 3297 3311 3310
f 3363 3354 3345
f 3345 3353 3344
f 3344 3367 3342
f 3366 3342 3367
f 3347 3334 3346
f 3339 3348 3340
f 3348 3351 3340
f 3363 3369 3368
f 3294 3368 3369
f 3293 3309 3294
f 3331 3374 3332
f 3346 3333 3366
f 3323 3352 3326
f 3356 3321 3320
f 3355 3325 3321
f 3357 3371 3325
f 3322 3320 3352
f 3361 3329 3362
f 3373 3375 3374
f 3374 3376 3332
f 3329 3376 3362
f 3327 3372 3328
f 3336 3375 3327
f 3335 3376 3375
f 3376 3337 3362
f 3337 3359 3362
f 3359 3276 3250
f 3377 3295 3370
f 3277 3315 3278
f 3371 3379 3365
f 3378 3358 3380
f 3365 3315 3314
f 3316 3279 3370
f 3282 3370 3279
f 3313 3224 3312
f 3378 3284 3379
f 3380 3285 3378
f 3379 3278 3315
f 3276 3351 3291
f 3291 3349 3223
f 3313 2965 3013
f 2965 3303 222
f 222 3300 223
f 223 3298 3186
f 3298 3185 3186
f 3297 2977 3185
f 3310 1213 2977
f 3307 1214 1213
f 2532 3306 3293
f 2894 3293 3292
f 2871 3292 3377
f 3253 3240 3242
f 3283 3013 2152
f 1997 1889 1892
f 1237 744 855
f 1535 120 121
f 1531 201 214
f 1119 1032 984
f 946 824 947
f 163 5 162
f 3589 3723 3741
f 1155 1162 1164
f 427 327 424
f 553 796 498
f 3381 2231 2237
f 3381 2230 2232
f 2237 3180 3381
f 3383 3385 3382
f 3384 3387 3385
f 3386 3389 3387
f 3388 3391 3389
f 3392 3394 3395
f 3395 3396 3397
f 3398 3397 3396
f 3400 3399 3398
f 3403 3405 3402
f 3406 3404 3403
f 3408 3407 3406
f 3410 3409 3408
f 3412 3411 3410
f 3415 3398 3414
f 3414 3396 3416
f 3416 3394 3417
f 3417 3393 3418
f 3393 3420 3418
f 3419 3421 3420
f 3390 3422 3421
f 3388 3423 3422
f 3386 3424 3423
f 3384 3425 3424
f 3425 3426 3184
f 2904 3428 2947
f 3429 2904 2902
f 3430 2902 2876
f 2875 3430 2876
f 3432 2733 2736
f 2825 3435 2824
f 3437 3439 3436
f 3441 3436 3440
f 2724 3434 2825
f 3436 3115 3117
f 3440 3117 3119
f 3443 3414 3442
f 3442 3416 3444
f 3444 3417 3445
f 3445 3418 3446
f 3446 3420 3447
f 3420 3448 3447
f 3421 3449 3448
f 3422 3450 3449
f 3423 3451 3450
f 3424 3452 3451
f 3425 3056 3452
f 3451 2253 2252
f 3450 2252 1727
f 3449 1727 2150
f 3448 2150 1941
f 3453 3448 1941
f 3454 3447 3453
f 3455 3446 3454
f 3456 3445 3455
f 3442 3456 3457
f 3443 3457 3458
f 3459 3458 3457
f 3457 3455 3459
f 3459 3454 3461
f 3462 3459 3461
f 3461 3453 3463
f 3464 3461 3463
f 3463 1941 1360
f 3404 3401 3405
f 3407 3399 3404
f 3409 3397 3407
f 3411 3395 3409
f 3465 3413 3412
f 3467 3469 3466
f 3465 3431 3433
f 3470 3466 3465
f 3438 3432 3435
f 3467 3438 3437
f 3468 3437 3441
f 3471 3468 3472
f 3472 3441 3473
f 3473 3440 2712
f 2712 3119 3128
f 3475 3472 3474
f 3474 3473 3476
f 3476 2712 2711
f 3477 2711 2400
f 3478 3476 3477
f 3479 3474 3478
f 3392 3413 3480
f 3466 3480 3413
f 3419 3392 3480
f 3390 3480 3391
f 3469 3391 3480
f 3389 3471 3475
f 3387 3475 3479
f 3385 3479 3481
f 3482 2400 2402
f 3483 3477 3482
f 3481 3478 3483
f 3484 2402 2707
f 3058 2707 2708
f 3061 3484 3058
f 3485 3482 3484
f 3382 3481 3486
f 3486 3483 3485
f 3426 3382 3487
f 3487 3486 1962
f 3486 3061 1962
f 1961 3487 1962
f 3057 3426 3487
f 3428 3402 3488
f 3427 3403 3428
f 3429 3406 3427
f 3430 3408 3429
f 3431 3410 3430
f 3470 3433 3432
f 3434 3438 3435
f 2723 3439 3434
f 2875 3433 3431
f 2736 3435 3432
f 2947 3488 3500
f 3464 1360 3497
f 1900 1924 1901
f 1736 1718 1750
f 1955 1943 1956
f 1671 1735 1751
f 1696 1698 1692
f 1800 1864 1801
f 2063 2056 2060
f 1737 1717 1736
f 1751 1697 1695
f 943 3899 684
f 3656 3402 3605
f 1577 1764 1703
f 3917 1599 3923
f 1945 82 1944
f 68 7 248
f 147 1543 148
f 1109 1133 1102
f 1503 1907 1908
f 1499 1909 1498
f 452 735 215
f 1824 3835 3845
f 1825 2068 1824
f 1463 1022 1194
f 841 1009 1011
f 1568 1955 1534
f 1926 1927 1923
f 1910 1502 1939
f 1939 422 442
f 309 1940 308
f 1804 1866 1803
f 269 1954 56
f 2065 2060 2056
f 3812 1758 3835
f 280 552 1940
f 1875 1869 1874
f 1739 1734 1737
f 1778 1790 1788
f 310 1915 279
f 1909 1906 1954
f 1789 1778 1788
f 978 980 979
f 1584 1731 1583
f 425 311 312
f 148 115 116
f 2044 3894 2046
f 277 1939 551
f 1943 1945 1944
f 1461 1463 1464
f 2253 3056 3055
f 2981 3489 958
f 2209 3489 3055
f 2254 3055 3489
f 2998 958 3489
f 2826 2721 2724
f 3490 2721 2817
f 2816 3490 2817
f 2334 2296 2335
f 2298 2334 2336
f 2301 2336 2338
f 2311 2338 2354
f 2312 2354 2355
f 2359 2361 2360
f 2335 2359 2360
f 2414 2365 2364
f 2413 2361 2365
f 2355 2540 2541
f 2541 2539 2542
f 2722 2739 2738
f 3114 2738 3113
f 3110 3121 3120
f 3108 3120 3113
f 3122 3127 3126
f 3112 3126 3121
f 3127 1753 3135
f 3139 2529 2542
f 3744 3133 3139
f 3490 2740 2739
f 3491 2789 3490
f 228 91 88
f 245 243 242
f 248 247 191
f 2 296 295
f 145 300 267
f 327 210 328
f 329 331 330
f 250 228 236
f 239 240 230
f 373 375 374
f 178 176 175
f 1218 1228 1321
f 3862 1295 3854
f 808 824 823
f 3858 1013 1014
f 3813 1411 1413
f 2154 2159 2160
f 3845 1758 1757
f 306 1922 452
f 2157 1976 1977
f 708 2031 1474
f 1450 1227 1428
f 1672 1605 1624
f 1813 1821 1816
f 1717 1715 1718
f 176 402 347
f 1710 3916 3915
f 1712 1577 1711
f 1705 1711 1704
f 971 979 970
f 822 1094 1102
f 2909 2793 2792
f 2810 2795 2793
f 2799 2249 2800
f 3662 2910 2799
f 2769 2801 2795
f 3177 3178 3179
f 3178 3180 3179
f 3181 1393 2800
f 3181 1632 3182
f 3182 2244 3183
f 3183 2243 3180
f 3492 2790 3491
f 2808 3491 2816
f 2239 3572 2240
f 1149 3571 3570
f 1150 3567 3571
f 2202 3566 2015
f 2921 3565 2923
f 3568 2133 2928
f 1777 1759 1792
f 1201 1183 1184
f 3561 2195 2194
f 3553 2770 2768
f 3927 1687 1692
f 1516 154 503
f 3549 2974 2803
f 3550 2779 2778
f 2771 3575 3546
f 3070 3546 3558
f 3547 2775 2867
f 1376 1370 1372
f 2767 3556 2206
f 2195 3543 2767
f 2775 3542 2776
f 3377 3545 2871
f 3804 3539 2806
f 2776 3538 2805
f 2240 3535 2920
f 2920 3669 3619
f 3548 2786 2779
f 1805 1851 1804
f 3534 2787 2786
f 2951 3540 3531
f 2772 3531 3575
f 2973 3530 3536
f 2224 3537 3530
f 1957 320 510
f 306 304 303
f 2770 3528 2913
f 2913 3574 2239
f 2923 3527 2922
f 308 431 47
f 207 132 543
f 1879 1881 1880
f 3733 3525 2089
f 2475 3558 3524
f 2476 3524 3523
f 2223 3523 3537
f 3522 2803 2802
f 2037 11 1950
f 1959 450 505
f 2003 3520 2129
f 9 334 540
f 2009 3518 3567
f 2008 3536 3518
f 3877 673 3879
f 3515 2778 2784
f 2935 3513 2936
f 111 3570 3511
f 3510 2935 2938
f 683 3885 943
f 3508 2810 2909
f 736 732 729
f 1795 1803 1796
f 3505 2938 2939
f 3507 2939 2940
f 2950 3504 2949
f 2940 3504 3507
f 3801 3512 2950
f 2868 3502 2869
f 2869 3522 2802
f 1024 1023 1020
f 3500 2948 2947
f 551 442 443
f 2972 3568 2928
f 2032 3499 2972
f 216 1924 1923
f 203 201 200
f 1828 1847 1837
f 1958 449 450
f 272 178 175
f 2871 3495 1361
f 3619 3564 2921
f 2801 3643 3662
f 2005 3654 2176
f 960 899 962
f 3657 3612 3624
f 3780 3646 3151
f 3151 3593 2555
f 2193 3623 2194
f 3607 3145 3144
f 3603 2761 3145
f 3592 3144 3104
f 2926 3634 3103
f 3634 3104 3103
f 3755 3746 3753
f 566 3758 2005
f 3488 1864 3500
f 1602 2079 2078
f 2868 3611 2922
f 2922 3610 2923
f 2923 3618 2921
f 3670 2918 3614
f 3619 3614 2920
f 2921 3670 3619
f 2920 3586 2240
f 3613 2915 2918
f 2917 3622 3641
f 2916 3641 3642
f 2239 3652 2913
f 2911 3652 2757
f 3643 2911 2910
f 2797 3662 3591
f 2797 3598 2750
f 3622 2763 2765
f 3608 2764 2745
f 2194 3648 2221
f 2221 3649 2222
f 2756 3609 2755
f 2750 3609 2747
f 3669 1817 3827
f 3763 1691 1699
f 2515 3590 2548
f 2548 3593 2550
f 2513 3632 3616
f 2513 3621 2515
f 2509 3620 2289
f 2510 3633 2509
f 2289 3639 2283
f 2283 3617 2286
f 2240 3587 2239
f 3659 3624 3626
f 716 3887 3888
f 727 3761 1923
f 2165 2170 2164
f 3660 3626 3629
f 3743 3578 3757
f 2175 769 770
f 2100 2095 2099
f 3758 3757 3578
f 640 3568 1826
f 1653 3553 1651
f 1895 3530 746
f 746 3537 741
f 1653 3528 3576
f 3762 1604 1672
f 2093 2073 2078
f 959 995 884
f 962 919 986
f 1400 1398 1399
f 1000 1127 1004
f 956 884 885
f 1662 3550 1661
f 2034 3546 1654
f 3926 3539 3802
f 3535 766 1817
f 3572 765 766
f 334 3571 335
f 1868 3540 1656
f 1684 1652 1678
f 1682 775 1807
f 1585 3762 1700
f 3763 1672 1673
f 2173 490 491
f 1658 3547 1752
f 3556 1650 724
f 1571 2010 1572
f 1587 3671 2080
f 2099 2077 2094
f 787 1999 786
f 2000 786 1999
f 3155 3697 3683
f 3713 3683 3789
f 2180 3685 3684
f 3496 3684 3705
f 1684 3840 1651
f 1760 3495 3545
f 2607 3693 2590
f 2581 3689 2607
f 2371 3700 3695
f 2371 3693 2372
f 2587 3675 2586
f 2586 3697 339
f 2497 3687 2503
f 2502 3687 3700
f 2494 3690 2495
f 3690 2472 2495
f 3688 2468 2472
f 3701 2469 2468
f 726 3892 630
f 581 3518 580
f 10 3570 334
f 1837 3510 1849
f 741 3523 1300
f 1299 3558 2034
f 1851 3504 1866
f 3527 1820 1819
f 580 3536 1895
f 1758 3522 3502
f 1693 3508 1806
f 3504 1867 1866
f 1894 3568 3499
f 2126 3813 3841
f 3906 3841 3912
f 2113 3867 2110
f 2179 3789 3685
f 624 3904 623
f 2192 3788 3780
f 2177 3787 3733
f 1364 3833 1338
f 3858 1470 1453
f 3135 3775 3744
f 2069 3835 2068
f 1351 3853 1352
f 2108 3901 499
f 2089 3736 3733
f 3828 1358 866
f 2001 3783 2187
f 2187 3719 2091
f 2130 3752 2004
f 2004 3749 2001
f 2014 3779 2201
f 2201 3756 2130
f 3167 3759 2969
f 3168 3720 3167
f 3159 3764 3160
f 3160 3765 3081
f 3730 3158 337
f 3158 3709 3159
f 2200 3730 3722
f 3685 3742 2204
f 3722 2197 2200
f 3790 2092 3721
f 3774 3721 2197
f 3154 3790 3774
f 3155 3706 3154
f 2091 3721 2092
f 2196 3750 3776
f 2193 3776 3781
f 3604 3781 3788
f 2086 3780 3778
f 2087 3778 3777
f 2204 3751 2205
f 2205 3750 3148
f 3909 574 692
f 2124 3777 3760
f 2208 3760 3782
f 3711 3140 3137
f 3785 3138 3140
f 3745 3139 3138
f 3771 3136 2322
f 3712 3137 3136
f 3775 3131 3133
f 3767 3132 3131
f 1813 3838 1814
f 1293 3856 1344
f 2184 3748 3732
f 2181 3732 3734
f 3765 3079 3081
f 3768 3080 3079
f 709 3875 2031
f 2774 3737 3769
f 3786 2134 3559
f 3809 766 765
f 2968 3766 2959
f 2969 3784 2968
f 2958 3737 2961
f 2132 3766 2960
f 2321 3771 3748
f 3860 1449 28
f 3905 582 710
f 3886 577 574
f 3847 1818 3827
f 705 3887 2121
f 3816 3907 698
f 2111 3911 2113
f 3810 1366 1411
f 1812 3822 1815
f 675 3852 674
f 3496 3851 675
f 2110 3868 2109
f 2104 3901 2106
f 2109 3899 944
f 3842 703 739
f 1680 3846 1684
f 1639 3819 3818
f 623 3906 697
f 2139 3866 3865
f 1808 3844 3837
f 3820 1819 1820
f 3872 3900 706
f 1646 3830 1648
f 3889 633 577
f 2139 3875 18
f 2156 3871 3874
f 674 3913 3869
f 2117 3812 2069
f 1815 3847 3823
f 3855 1444 1470
f 697 3912 3816
f 866 3836 3828
f 3864 2136 2135
f 3585 3726 3589
f 3583 3731 3585
f 3753 3738 3739
f 3740 3581 3743
f 1088 3746 1093
f 3739 3743 3753
f 2791 3493 2792
f 3492 2807 3493
f 2792 3494 2909
f 3493 2806 3494
f 3508 3494 3516
f 3516 2806 3539
f 2948 3791 3801
f 2105 3896 2104
f 3538 3804 2805
f 680 3876 683
f 1891 3910 3891
f 2905 3801 2950
f 2900 3799 2905
f 2901 3807 2877
f 2734 3806 3794
f 2877 3806 2878
f 2820 3794 2872
f 2818 3792 2827
f 2823 3792 2826
f 2822 3798 2821
f 2819 3800 3798
f 2817 3795 2816
f 2809 3795 2815
f 2808 3803 2807
f 2805 3803 2804
f 1702 3923 1599
f 3922 1797 1802
f 3915 1706 1709
f 3918 1692 1698
f 1657 3880 1879
f 1890 3895 3910
f 3772 1674 1675
f 1689 3772 3773
f 3926 3538 1688
f 3516 1689 3773
f 3917 1703 1764
f 1598 3928 1770
f 3880 1876 1879
f 1691 3925 3927
f 3925 1688 1687
f 1117 1118 3930
f 1066 1322 3930
f 1243 847 3930
f 3825 848 3930
f 1128 1117 3930
f 1129 1130 3930
f 841 1011 3930
f 1230 3863 3930
f 1242 1243 3930
f 1322 1229 3930
f 1064 1065 3930
f 1003 1128 3930
f 1229 1230 3930
f 3863 1285 3930
f 1285 1288 3930
f 848 839 3930
f 847 3825 3930
f 1118 1129 3930
f 1065 1066 3930
f 1087 1086 3930
f 1008 1002 3930
f 1011 1008 3930
f 1002 1003 3930
f 1076 1069 3930
f 838 841 3930
f 839 838 3930
f 1288 1242 3930
f 1130 1087 3930
f 1086 1076 3930
f 1069 1064 3930
f 2410 2414 3931
f 2411 2410 3931
f 3617 2285 3931
f 2394 2393 3931
f 2393 2396 3931
f 2281 2286 3931
f 2282 2280 3931
f 2398 2399 3931
f 2465 2464 3931
f 2396 2397 3931
f 2470 2469 3931
f 2399 2416 3931
f 2480 2395 3931
f 2459 2480 3931
f 2369 2282 3931
f 2460 2459 3931
f 2415 2411 3931
f 2416 2415 3931
f 2364 2363 3931
f 2286 3617 3931
f 2464 2470 3931
f 2469 3703 3931
f 2285 2465 3931
f 2414 2364 3931
f 2395 2394 3931
f 2363 2367 3931
f 2397 2398 3931
f 2280 2281 3931
f 3703 2460 3931
f 2367 2369 3931
f 4 3 2
f 8 7 6
f 13 16 15
f 17 28 19
f 32 31 30
f 36 35 34
f 37 40 39
f 21 22 23
f 25 26 27
f 41 44 43
f 48 47 46
f 52 51 50
f 53 56 55
f 60 59 58
f 29 30 62
f 66 65 64
f 67 5 6
f 72 71 70
f 76 75 74
f 77 80 79
f 81 84 83
f 59 87 86
f 88 91 90
f 96 95 94
f 100 99 98
f 101 104 103
f 106 105 34
f 108 116 115
f 117 119 36
f 124 127 126
f 131 130 129
f 132 102 134
f 142 141 140
f 148 106 60
f 144 143 127
f 149 152 151
f 156 155 154
f 159 150 158
f 116 108 164
f 171 170 169
f 174 126 173
f 179 182 181
f 186 189 188
f 194 197 196
f 199 142 139
f 206 209 208
f 213 212 211
f 202 215 214
f 96 93 216
f 92 238 43
f 97 184 246
f 250 249 229
f 252 254 58
f 258 257 256
f 260 91 229
f 110 111 112
f 114 264 263
f 265 268 267
f 56 53 270
f 274 273 249
f 185 183 63
f 280 279 278
f 285 284 283
f 288 219 211
f 141 142 92
f 289 290 175
f 148 116 105
f 312 311 170
f 238 262 42
f 318 163 160
f 310 309 308
f 241 239 325
f 160 230 240
f 47 48 307
f 108 109 315
f 345 85 86
f 348 351 350
f 356 359 358
f 355 354 353
f 363 31 32
f 364 252 253
f 366 125 368
f 183 372 371
f 163 162 161
f 209 226 101
f 378 377 165
f 379 295 381
f 383 382 3
f 284 285 386
f 387 127 389
f 391 259 229
f 73 281 397
f 405 408 407
f 203 218 411
f 414 121 413
f 1 356 357
f 277 276 131
f 254 344 57
f 358 384 415
f 417 416 386
f 401 400 192
f 419 389 127
f 421 181 182
f 103 301 302
f 428 367 368
f 380 390 359
f 62 204 266
f 140 141 431
f 357 358 351
f 356 1 379
f 415 392 403
f 437 428 436
f 438 441 440
f 188 451 450
f 265 455 181
f 224 185 64
f 237 212 213
f 275 131 128
f 281 282 460
f 50 462 79
f 73 74 282
f 468 467 466
f 390 355 352
f 482 485 484
f 489 488 487
f 493 496 495
f 472 471 470
f 502 501 500
f 220 221 222
f 512 419 143
f 518 517 511
f 513 239 230
f 205 30 31
f 189 370 451
f 163 318 532
f 533 224 225
f 446 448 447
f 335 541 540
f 544 512 546
f 329 519 291
f 199 534 262
f 385 386 416
f 532 190 191
f 363 117 118
f 578 581 580
f 573 572 571
f 561 563 562
f 241 260 259
f 590 593 592
f 545 546 595
f 503 154 155
f 606 625 624
f 478 481 480
f 646 649 648
f 590 591 689
f 564 565 651
f 728 246 184
f 714 724 716
f 692 574 575
f 541 335 581
f 346 68 248
f 161 231 230
f 128 129 94
f 698 705 704
f 574 577 576
f 290 289 401
f 630 631 725
f 733 736 735
f 755 466 496
f 759 480 481
f 757 763 762
f 764 496 466
f 768 767 3808
f 759 760 488
f 492 474 475
f 474 770 769
f 773 468 465
f 771 774 486
f 484 485 775
f 774 776 489
f 495 496 764
f 495 757 761
f 137 397 784
f 325 239 797
f 165 519 51
f 369 32 29
f 730 731 568
f 90 302 301
f 243 118 516
f 800 734 806
f 817 815 808
f 816 808 823
f 306 303 447
f 815 810 809
f 829 830 828
f 726 725 501
f 274 427 424
f 879 882 881
f 884 883 879
f 219 218 217
f 906 905 904
f 455 204 205
f 898 882 830
f 903 900 880
f 377 291 519
f 923 949 948
f 946 947 951
f 3519 740 739
f 900 899 886
f 225 64 65
f 182 445 442
f 809 952 947
f 954 960 962
f 927 950 965
f 885 879 880
f 925 927 966
f 343 342 341
f 965 964 971
f 968 971 970
f 972 968 969
f 963 961 981
f 336 337 338
f 992 993 827
f 810 815 996
f 1007 1001 1002
f 1012 826 827
f 1011 1009 1007
f 294 293 292
f 907 908 920
f 1017 579 1019
f 1020 1023 1022
f 1035 1024 1020
f 1061 1060 1047
f 1063 1061 1046
f 1044 1020 1021
f 1102 1094 1097
f 1116 1126 1118
f 1016 1015 1014
f 881 897 904
f 816 1116 1127
f 1094 948 949
f 514 342 167
f 146 145 81
f 1133 1135 1130
f 1102 1133 1126
f 822 1126 1116
f 1145 1143 1148
f 1076 1144 1151
f 1148 1143 1086
f 1109 1097 1114
f 1154 1153 1156
f 1153 925 967
f 3464 3497 463
f 1144 1147 1152
f 1156 967 1163
f 1164 1162 1169
f 1145 1171 1176
f 1114 1115 1154
f 1183 1155 1164
f 1184 1183 1177
f 1069 1151 1062
f 1023 1191 1194
f 1162 1163 1170
f 1195 1184 1185
f 1183 1196 1176
f 1201 1063 1152
f 1061 1063 1201
f 3825 847 843
f 1203 1202 1195
f 1202 1201 1184
f 1218 1060 1203
f 1060 1061 1202
f 1225 1218 1217
f 671 695 694
f 1219 1217 1024
f 1217 1203 1034
f 1226 1014 1015
f 1243 1242 1234
f 1231 1230 1229
f 847 1243 1233
f 843 1233 1244
f 1233 1234 1245
f 1923 3761 233
f 2100 2108 499
f 3914 3864 2135
f 61 62 323
f 210 211 217
f 1299 1310 1309
f 3863 1230 1231
f 1066 1047 1321
f 1322 1321 1228
f 1060 1218 1321
f 1325 1324 1323
f 1244 1245 1332
f 1290 1234 1242
f 1337 1330 1339
f 1330 1332 1340
f 1341 1332 1245
f 1342 1340 1332
f 1343 1342 1341
f 1344 1341 1294
f 3857 3856 1345
f 1347 1348 1342
f 3856 3854 1295
f 1349 1350 1348
f 3861 1349 1347
f 3853 1347 1343
f 906 898 829
f 905 906 1353
f 865 1356 1355
f 1355 1353 829
f 1357 1355 825
f 1356 1354 1353
f 3834 1337 1338
f 866 1358 1356
f 1358 1359 1354
f 3828 878 1337
f 838 1362 1012
f 1363 1364 1338
f 1368 1363 1339
f 1348 1368 1340
f 1371 1369 3824
f 524 525 526
f 528 529 530
f 1372 1370 1369
f 535 536 537
f 1367 1368 1348
f 1370 1354 1359
f 1369 1359 3833
f 1373 910 903
f 555 556 557
f 1374 909 910
f 1373 904 905
f 1374 1373 1375
f 1375 905 1354
f 1378 920 908
f 376 373 651
f 1388 928 973
f 586 587 588
f 1390 1389 1388
f 1391 1388 969
f 597 598 599
f 600 601 602
f 1392 1391 970
f 608 609 610
f 612 524 523
f 614 615 616
f 617 618 25
f 620 621 622
f 1397 1390 1391
f 1398 1397 1392
f 1400 987 920
f 1402 1403 1165
f 636 637 638
f 930 1404 1402
f 641 642 643
f 929 1402 1169
f 1404 1405 1403
f 1411 1366 1365
f 1412 1406 1415
f 652 653 654
f 609 656 657
f 659 660 661
f 558 663 586
f 665 666 667
f 1413 1411 1406
f 1418 1416 3810
f 1417 1372 1371
f 1416 1371 3829
f 1419 1417 1416
f 1386 909 1374
f 677 678 679
f 1385 1386 1420
f 1420 1374 1376
f 685 686 687
f 1421 1420 1422
f 528 690 691
f 1422 1376 1372
f 1018 1019 747
f 699 700 701
f 1424 578 579
f 3663 1597 1767
f 700 699 711
f 1093 3746 3754
f 717 718 530
f 721 722 723
f 704 1650 3543
f 19 1429 1426
f 1429 1428 1427
f 1658 1659 3542
f 1439 1437 1434
f 1437 1436 1435
f 1426 1427 1433
f 1442 1431 1432
f 742 743 744
f 1432 1433 1441
f 751 752 753
f 1438 1434 1403
f 1446 1445 1444
f 1447 1448 1446
f 3860 1447 1443
f 1415 1367 1445
f 1414 1415 1446
f 2173 1683 469
f 777 778 779
f 780 781 782
f 1676 1693 1806
f 3859 1451 1349
f 789 790 791
f 745 792 793
f 652 794 795
f 1455 1458 1457
f 1454 1367 1350
f 610 691 802
f 3831 3816 698
f 1352 1044 1045
f 1015 1016 1459
f 811 812 813
f 2118 3815 3817
f 819 820 821
f 1466 1463 1194
f 1467 1468 1465
f 1182 1165 1468
f 832 812 833
f 835 836 837
f 1467 1466 1190
f 1469 1470 1444
f 840 700 712
f 1453 1470 1469
f 599 844 845
f 1226 1450 3849
f 851 852 853
f 855 744 856
f 858 859 860
f 861 862 863
f 1014 1226 3855
f 867 676 868
f 870 871 872
f 874 875 876
f 1310 1323 1471
f 1476 1433 1427
f 1461 1476 1475
f 887 888 889
f 788 791 892
f 894 895 896
f 1460 1475 1227
f 901 902 524
f 1465 1478 1477
f 1865 3503 3500
f 911 912 913
f 916 917 918
f 1850 3505 3507
f 921 922 895
f 1479 1435 1436
f 926 664 667
f 1481 562 563
f 269 1483 84
f 931 932 933
f 934 935 614
f 936 685 688
f 938 659 662
f 1484 270 122
f 941 942 835
f 320 321 509
f 1849 3510 3505
f 84 1483 1484
f 1487 1490 1488
f 1757 1758 3502
f 365 1492 1491
f 461 79 80
f 117 363 362
f 1494 540 541
f 926 601 957
f 1477 1441 1433
f 1709 1588 1585
f 119 117 1496
f 271 1497 504
f 511 517 189
f 345 1496 1492
f 57 344 299
f 1501 1499 268
f 267 268 1499
f 974 975 976
f 1678 1652 1693
f 3846 1682 1807
f 557 982 663
f 983 941 984
f 1443 1444 3849
f 421 1500 268
f 989 990 991
f 1490 1487 418
f 279 280 309
f 997 868 676
f 998 26 999
f 1504 418 38
f 1506 1508 1507
f 360 361 1508
f 1506 1486 207
f 939 1005 1006
f 270 1484 1483
f 66 63 546
f 1010 742 793
f 367 428 437
f 244 31 363
f 1670 3532 3534
f 209 206 1510
f 388 389 426
f 427 274 250
f 161 520 521
f 100 246 45
f 1025 1026 608
f 1029 1030 1031
f 939 662 1033
f 41 42 594
f 1036 780 783
f 702 701 1038
f 1040 1041 1042
f 362 32 369
f 187 1520 477
f 70 1487 539
f 1049 600 603
f 613 867 869
f 860 1050 1051
f 1005 1052 1053
f 753 1055 1056
f 1057 1058 1059
f 293 288 1522
f 288 212 1521
f 292 1522 1523
f 331 1507 1508
f 306 452 453
f 100 44 41
f 462 1524 78
f 330 331 1524
f 635 1067 1068
f 1485 1527 1526
f 206 1485 1528
f 1070 1071 1072
f 942 941 1073
f 916 933 1075
f 440 1529 1530
f 157 158 1514
f 1529 162 5
f 371 595 546
f 790 586 663
f 1077 858 857
f 1403 1434 1435
f 1080 1081 1082
f 531 520 1529
f 21 1083 1084
f 272 1532 1531
f 690 712 802
f 335 3571 3567
f 1090 1030 1029
f 1092 795 794
f 1533 396 137
f 661 660 1095
f 69 444 445
f 1099 1100 1101
f 38 39 1536
f 1104 1105 1106
f 852 1107 1108
f 1377 908 909
f 291 377 411
f 316 1536 516
f 539 1488 1533
f 1505 1536 316
f 1110 1111 1112
f 1539 1537 460
f 522 441 1537
f 834 837 1120
f 1122 1123 1124
f 612 1125 1041
f 935 793 615
f 276 278 130
f 1686 3549 3522
f 193 190 1541
f 231 521 1540
f 556 1037 982
f 365 253 85
f 190 532 318
f 1810 765 3574
f 3924 1867 3512
f 1132 983 985
f 208 101 102
f 1134 1033 662
f 1491 518 80
f 429 133 1542
f 1137 1138 915
f 172 436 428
f 1139 1140 1141
f 549 96 54
f 1517 1519 1518
f 834 1119 984
f 1543 513 286
f 1544 797 239
f 133 134 1544
f 506 361 257
f 420 327 328
f 1158 1159 1160
f 587 1104 1103
f 607 1161 1027
f 304 1546 1545
f 364 1491 77
f 69 70 198
f 700 840 1112
f 3877 626 3525
f 1166 719 657
f 1167 1168 858
f 1300 3523 3524
f 1172 1173 1174
f 218 203 200
f 1179 1180 1181
f 372 183 97
f 89 104 227
f 1186 1187 1188
f 172 173 1517
f 1482 84 81
f 1090 1192 1193
f 394 395 353
f 526 525 1198
f 1199 1200 1026
f 606 623 697
f 1204 1205 1206
f 1207 1208 523
f 1209 1210 867
f 914 913 685
f 1478 1436 1441
f 1029 1028 1161
f 1211 1212 1213
f 3858 1453 1451
f 844 1215 1216
f 423 193 273
f 1220 1221 1222
f 22 1223 1224
f 882 898 897
f 1519 1517 173
f 1189 1188 1232
f 349 350 550
f 1071 1235 1236
f 1237 1238 1239
f 1221 1186 1189
f 1510 1528 1512
f 939 1032 1241
f 1556 1530 5
f 1553 1554 394
f 404 1556 67
f 1247 1248 1249
f 142 199 238
f 1251 1067 635
f 850 1252 1253
f 1254 1167 1077
f 57 132 133
f 443 430 552
f 1187 1172 1175
f 1256 1070 831
f 432 405 382
f 741 748 747
f 434 350 351
f 349 432 383
f 251 124 1481
f 395 384 352
f 1518 1519 1550
f 1558 410 378
f 109 263 314
f 285 1514 1513
f 395 394 393
f 202 203 410
f 417 408 405
f 1246 1257 1258
f 3 1559 297
f 1259 1260 1261
f 403 404 347
f 955 954 953
f 462 50 51
f 1096 1095 687
f 429 147 60
f 896 1264 1265
f 1267 721 1268
f 423 424 327
f 37 179 180
f 20 23 1187
f 1256 1168 1071
f 1188 1175 1269
f 1236 1270 1271
f 1272 536 535
f 565 564 463
f 1273 792 745
f 876 1254 1255
f 316 33 164
f 437 1516 503
f 194 1494 1495
f 1275 1276 864
f 624 625 631
f 1277 1274 1137
f 569 568 567
f 1481 124 125
f 324 325 547
f 1279 1108 1107
f 1525 332 329
f 1281 1278 1137
f 171 168 1553
f 1488 73 396
f 1557 1561 1562
f 1282 856 1206
f 1053 1277 1278
f 778 777 607
f 713 583 3566
f 251 225 144
f 4 357 348
f 709 708 707
f 728 48 45
f 261 135 1563
f 789 1286 1287
f 74 314 263
f 403 284 385
f 1178 1181 1240
f 1223 1259 1289
f 1220 20 1186
f 296 1518 354
f 784 459 1538
f 1181 1180 1291
f 1269 1292 1257
f 1566 1538 438
f 136 784 1566
f 1563 1564 169
f 107 114 109
f 1297 1282 1298
f 1464 1477 1476
f 1520 187 507
f 1301 1302 1303
f 1306 1307 1308
f 175 456 1532
f 1532 456 200
f 1311 1266 1312
f 872 1314 1315
f 3836 843 878
f 1305 1308 864
f 1040 1275 863
f 1564 1566 399
f 592 1576 1575
f 591 1575 1088
f 1581 1584 1583
f 1196 1152 1147
f 710 582 583
f 285 407 408
f 953 954 961
f 1594 1592 1589
f 1585 1588 1587
f 1592 1591 1590
f 3885 945 944
f 1600 1599 1598
f 1604 1603 1602
f 1399 1392 979
f 1589 1590 1596
f 1610 1609 1608
f 298 257 361
f 551 552 276
f 1627 1626 3814
f 859 811 818
f 1078 857 1328
f 1555 439 1530
f 572 573 680
f 772 465 776
f 977 1281 918
f 404 403 392
f 1054 1331 750
f 1644 1645 1643
f 932 1265 1082
f 1067 1333 1334
f 1540 1539 264
f 597 1335 643
f 471 761 762
f 1642 696 3831
f 1644 1642 3842
f 923 946 950
f 96 549 548
f 520 531 522
f 445 444 443
f 849 839 848
f 480 759 755
f 1646 760 481
f 311 426 1567
f 464 463 3497
f 3497 1360 1361
f 234 237 236
f 190 193 192
f 153 154 152
f 231 287 286
f 1552 1553 1551
f 760 1646 1648
f 3832 1647 1649
f 828 827 826
f 52 167 166
f 1663 1662 1661
f 287 107 115
f 668 671 670
f 634 645 640
f 553 560 559
f 118 36 33
f 492 484 491
f 3552 1652 1651
f 582 589 584
f 384 395 392
f 1381 1382 1383
f 1562 1561 435
f 952 953 951
f 3529 3566 583
f 1660 1661 1667
f 1394 1395 1396
f 1660 1665 1664
f 1671 1670 1669
f 1624 1625 1673
f 1407 1408 1409
f 1677 1676 1675
f 1613 1679 1677
f 1679 1678 1676
f 1626 1681 3811
f 534 199 198
f 803 733 734
f 400 248 191
f 65 66 143
f 3526 1657 1656
f 402 159 157
f 629 628 627
f 461 477 49
f 758 757 495
f 796 787 786
f 406 407 1513
f 342 343 166
f 1694 1659 1658
f 1692 1687 1694
f 3557 1693 1652
f 3921 1704 1703
f 326 547 302
f 3916 3921 1702
f 3919 3918 1698
f 1699 1691 3927
f 1557 406 1560
f 1127 1116 1117
f 400 401 289
f 1706 1702 1707
f 1707 1702 1599
f 1709 1706 1708
f 1714 1712 1711
f 3919 3915 1709
f 1704 1711 1577
f 1716 1714 1713
f 1559 1562 1549
f 1722 1721 1720
f 1335 597 596
f 410 411 377
f 973 1170 1163
f 168 169 399
f 1571 682 1089
f 1572 681 682
f 749 646 647
f 1730 1724 1723
f 1594 1582 1729
f 1729 1723 1591
f 1384 1378 1377
f 1732 1731 1712
f 1724 1730 1731
f 1722 1724 1732
f 1721 1722 1733
f 1734 1733 1716
f 1735 1737 1736
f 1733 1732 1714
f 1663 1664 1741
f 1742 1665 1740
f 1738 1739 1737
f 1665 1660 1666
f 1665 1742 1744
f 1725 1726 1746
f 1591 1725 1745
f 1590 1745 1747
f 1745 1746 1748
f 1659 1688 3538
f 3287 1760 3545
f 1185 1177 1182
f 1664 1744 1749
f 1741 1749 1739
f 1746 1742 1743
f 1726 1744 1742
f 1115 924 1153
f 1654 3546 3575
f 1896 3562 3549
f 1720 1749 1744
f 1721 1739 1749
f 1750 1718 1701
f 1697 1736 1750
f 1151 1152 1063
f 1751 1752 1670
f 1695 1658 1752
f 961 962 986
f 1770 1769 1768
f 1766 1594 1593
f 1731 1759 1579
f 1579 1777 1774
f 3928 1772 1771
f 1764 1772 3928
f 1777 1776 1775
f 3762 3763 1699
f 1004 1127 1128
f 1774 1775 1771
f 987 1400 1399
f 1578 1774 1772
f 1783 1782 1781
f 1597 1598 1770
f 639 1878 3895
f 3928 3929 1769
f 1793 1792 1789
f 3929 3920 1798
f 3508 3516 3773
f 1802 1867 3924
f 1788 1790 1794
f 1793 1794 1795
f 3773 3772 1675
f 1584 1581 1783
f 1771 1797 3920
f 1801 1799 1798
f 1768 1769 1798
f 1775 1796 1797
f 508 514 515
f 1796 1803 1802
f 1800 1798 3920
f 1794 1805 1804
f 3532 1670 1752
f 485 1808 1807
f 3809 3844 1640
f 3837 3844 1810
f 485 482 1640
f 1690 1691 3770
f 487 488 1648
f 3839 1813 1816
f 3838 1811 1648
f 3839 1812 1811
f 1812 1809 487
f 1641 1809 767
f 465 466 755
f 767 1815 3823
f 3822 1816 3826
f 1809 1812 1815
f 3837 1653 1651
f 675 672 3541
f 1814 1649 1822
f 1821 1822 3821
f 1824 1822 1649
f 1827 1849 1850
f 1668 1669 1662
f 1779 1780 1848
f 1790 1827 1805
f 1833 1836 1853
f 3521 3506 693
f 1614 1615 1616
f 1852 1853 3498
f 1620 1621 1622
f 1855 1765 1574
f 1847 1852 3501
f 1766 1765 1855
f 1629 1630 1631
f 1633 1622 1634
f 1635 1636 1637
f 1848 1833 1852
f 1855 1861 1863
f 1803 1866 1867
f 1862 1863 1831
f 1782 1855 1862
f 3922 3924 1865
f 1873 1872 1870
f 1874 1869 799
f 2045 3878 3897
f 1219 1345 1295
f 1615 1614 1396
f 3884 3895 1877
f 645 3898 3786
f 1345 1219 1035
f 634 639 3884
f 15 1887 1327
f 3910 3895 1878
f 1894 604 605
f 3506 3551 627
f 3560 640 645
f 340 341 454
f 1897 194 195
f 1889 1882 1877
f 1901 94 129
f 196 749 754
f 1705 1704 3921
f 340 378 166
f 1570 1480 563
f 1904 1494 194
f 1781 1862 1832
f 1905 549 55
f 1000 994 995
f 986 919 920
f 1191 1185 1190
f 2094 2077 2075
f 1920 1921 1919
f 453 454 1912
f 1915 1919 1918
f 3882 2112 2106
f 1655 3575 3531
f 1916 1918 1926
f 704 3554 3561
f 278 1916 1925
f 3565 3564 1818
f 1097 949 1115
f 1927 1928 727
f 3578 3579 3654
f 1920 310 307
f 1929 307 48
f 503 504 1497
f 1902 1903 787
f 1816 1821 3820
f 1925 1926 1923
f 1535 1569 1568
f 254 252 258
f 1509 1497 366
f 119 86 35
f 219 288 293
f 141 46 47
f 542 205 244
f 1940 552 430
f 1779 1828 1827
f 1701 1710 3915
f 1661 3550 3515
f 270 53 754
f 197 1947 749
f 1727 1728 1212
f 53 54 232
f 1465 1468 1479
f 1284 3862 3854
f 1951 446 412
f 168 398 1554
f 1486 1485 206
f 506 77 78
f 994 1001 1007
f 951 953 963
f 1013 3859 3861
f 3826 3820 1820
f 1498 1909 1954
f 299 298 543
f 1754 1755 1756
f 1681 469 1683
f 1696 1694 1695
f 13 14 738
f 473 476 475
f 482 1641 768
f 204 62 30
f 1761 1762 820
f 611 1763 1125
f 1501 1503 1908
f 1074 1073 711
f 1960 1944 82
f 120 1956 1960
f 35 86 87
f 1773 1199 1025
f 1965 1545 1569
f 494 761 471
f 1966 1967 1969
f 446 1951 1971
f 174 368 125
f 1580 1579 1578
f 1785 1786 1787
f 1972 1546 304
f 1254 876 875
f 1973 341 342
f 321 1912 1973
f 1910 277 275
f 509 1973 514
f 1486 1507 1527
f 1974 1874 804
f 1977 1976 1974
f 1980 448 1966
f 379 1 2
f 1718 1715 1710
f 884 995 992
f 1680 1684 1678
f 902 990 525
f 344 255 256
f 135 138 137
f 448 446 1967
f 589 605 604
f 910 909 908
f 1981 1966 1968
f 1982 1981 1987
f 1988 1979 1987
f 1990 1988 1989
f 1991 1989 1993
f 322 321 320
f 992 828 830
f 1144 1076 1086
f 1995 1977 1978
f 1133 1129 1118
f 1997 1995 1994
f 870 1823 1335
f 805 806 1982
f 727 184 2000
f 1996 1994 1988
f 1994 1978 1979
f 1829 616 792
f 1830 1073 941
f 798 803 800
f 729 732 731
f 2011 2012 2023
f 1834 1835 846
f 402 283 284
f 2022 2023 2024
f 1838 718 989
f 810 955 952
f 1823 1839 1840
f 1430 1426 1432
f 1215 844 1841
f 1316 1208 873
f 2112 1401 1384
f 1842 1843 1844
f 1159 846 845
f 837 27 1846
f 1971 1951 2030
f 517 369 370
f 1471 2026 2027
f 3551 3525 626
f 2174 2175 770
f 935 934 1854
f 1613 1619 1611
f 1231 1228 1225
f 1856 1857 891
f 1300 1309 748
f 1150 1149 1858
f 1643 606 696
f 1215 1265 1264
f 1320 1860 902
f 1956 1943 1944
f 2031 668 669
f 2034 1325 1310
f 1879 1880 1656
f 40 245 242
f 1992 1993 2039
f 888 958 957
f 1882 1889 1996
f 1078 1138 1255
f 1871 912 1192
f 294 411 218
f 1323 2041 2026
f 123 1960 83
f 1324 2036 2041
f 384 358 359
f 1324 1325 2038
f 1883 1884 1885
f 287 1540 114
f 1096 1886 1134
f 915 1329 931
f 806 1980 1981
f 3533 3529 584
f 1425 2030 2042
f 1018 2042 1948
f 3562 1896 740
f 1948 2042 649
f 1881 1882 1990
f 1900 129 130
f 992 995 994
f 923 927 925
f 3878 2045 2047
f 1643 2048 625
f 2050 2052 2051
f 2045 1405 1404
f 3876 2047 945
f 1139 1080 1079
f 1037 1856 892
f 2055 2053 2057
f 1198 989 718
f 1619 2058 1612
f 2058 1605 1606
f 2059 2060 1607
f 2058 1619 1624
f 71 72 179
f 405 406 1557
f 322 1548 1972
f 2061 2052 2063
f 2066 2065 2067
f 2052 2061 2064
f 1609 1610 2066
f 1515 151 152
f 1009 827 993
f 1644 3843 3815
f 279 1915 1916
f 1285 3863 3862
f 1647 2066 1825
f 2056 2057 2067
f 319 320 1953
f 667 666 1913
f 2070 631 625
f 2052 2050 2055
f 2038 1654 1655
f 1606 1601 2073
f 1235 1917 1270
f 2072 2073 2075
f 2059 1606 2072
f 2074 2075 2077
f 1601 1602 2078
f 2049 2048 1643
f 1000 1004 1001
f 1089 943 684
f 1931 1286 1306
f 1462 1459 1021
f 1932 1933 1934
f 875 874 1846
f 1936 1051 1937
f 44 45 46
f 1534 1955 1956
f 1541 318 317
f 2081 2082 2084
f 146 1945 1959
f 1360 1941 1942
f 985 984 1032
f 1995 1997 1892
f 2079 2080 2082
f 2095 2096 2076
f 2081 2093 2078
f 2055 2050 2054
f 501 2096 2095
f 2097 2100 2099
f 2098 2099 2094
f 2140 2141 3893
f 2141 2046 3894
f 2051 2070 2048
f 592 2102 2101
f 2071 2064 2076
f 2102 2097 2098
f 593 2103 2102
f 1019 1895 746
f 1950 11 12
f 725 2071 2096
f 1385 2105 2104
f 1379 2104 2106
f 2107 2108 2100
f 3908 726 502
f 3896 502 499
f 940 1389 2109
f 928 929 1170
f 3868 590 684
f 1962 1963 1964
f 3878 680 573
f 2039 1993 1968
f 1389 1390 2110
f 1398 2111 2113
f 3757 3755 3753
f 3911 3883 2107
f 949 923 924
f 260 241 324
f 1390 1397 2113
f 2070 2051 2064
f 3867 3911 2103
f 2105 1385 1421
f 2114 1421 1423
f 3892 2114 2115
f 3908 2105 2114
f 554 2116 1902
f 972 1163 967
f 1765 1593 1573
f 1984 1985 1986
f 2053 2117 2069
f 3573 3556 724
f 1625 1677 1674
f 3881 3888 2119
f 3903 2115 2123
f 56 1954 1906
f 626 3877 3879
f 2001 2002 2003
f 3912 3841 2127
f 2006 2007 2008
f 2127 1413 1412
f 2014 2015 2016
f 2018 2019 2020
f 1495 1424 1947
f 1379 1377 1386
f 3814 3811 1680
f 2029 1885 1884
f 3902 2128 2120
f 629 3879 3914
f 682 683 943
f 724 1650 2121
f 1757 1819 3821
f 765 1810 3844
f 3851 714 715
f 706 707 3870
f 981 986 987
f 1457 1868 1656
f 2017 2016 2032
f 1458 1655 1868
f 1776 1777 1792
f 1959 1945 1946
f 3663 3715 3725
f 3913 3881 2122
f 1093 1089 689
f 966 965 968
f 3852 715 3881
f 2172 3577 2170
f 670 2138 2137
f 3761 787 1903
f 1429 19 28
f 964 963 978
f 3841 3813 1413
f 1473 1474 669
f 3834 3833 1359
f 2138 798 1870
f 1872 1473 2137
f 715 716 3888
f 1881 1991 1992
f 3843 3842 739
f 1837 1847 3513
f 253 58 59
f 1808 3837 3840
f 1647 3832 3818
f 3865 3866 671
f 2112 3882 3883
f 1405 2045 2044
f 3829 3824 1364
f 273 1541 391
f 576 632 3520
f 3875 3865 668
f 1430 1431 2140
f 2136 3850 3860
f 1430 2139 18
f 3893 3894 570
f 1442 1439 2046
f 1431 1442 2141
f 3869 3913 3850
f 3808 3823 1817
f 3866 3893 695
f 2142 2025 798
f 571 2143 2142
f 3819 3814 1618
f 2143 2022 2025
f 694 2142 2138
f 681 1572 2144
f 2144 2011 2022
f 328 210 457
f 1572 2010 2011
f 630 3892 3903
f 2085 2086 2087
f 2090 2091 2092
f 572 2144 2143
f 1875 1976 2153
f 1873 1875 2149
f 2103 2107 2097
f 2157 2043 2155
f 2128 1412 1414
f 3874 3871 589
f 3872 3870 628
f 2149 2153 2158
f 2159 2158 3905
f 698 3907 3902
f 3823 3847 3827
f 2158 2156 3874
f 1438 2044 2046
f 2035 2154 2160
f 2161 2160 3889
f 3871 3891 605
f 3873 17 18
f 370 29 61
f 649 1951 413
f 2153 2157 2156
f 1428 1429 1449
f 1490 76 73
f 3890 3905 710
f 2155 1891 3891
f 1456 1457 1880
f 2125 2088 2087
f 2160 2159 3890
f 300 1959 505
f 1064 1062 1046
f 2043 1892 1891
f 2129 2130 2004
f 2131 2132 2133
f 3848 3849 1450
f 1998 1975 804
f 3879 673 3864
f 474 492 490
f 1164 1165 1182
f 707 2162 3909
f 708 1472 2162
f 2162 2161 3886
f 548 549 1905
f 1145 1136 1114
f 705 2121 1650
f 2043 2157 1977
f 737 738 554
f 1034 1195 1191
f 458 1905 1907
f 195 196 232
f 2040 2039 1969
f 2145 2146 2147
f 2054 2050 2049
f 3832 1646 1639
f 9 12 11
f 252 364 506
f 472 478 479
f 1865 3924 3791
f 900 903 910
f 1941 2150 2151
f 1921 1928 1927
f 2163 1897 1898
f 271 156 153
f 1904 1326 12
f 282 263 264
f 1872 1873 2154
f 1326 1904 1897
f 628 692 693
f 1724 1722 1719
f 1549 1562 436
f 1582 1583 1730
f 1921 1920 1929
f 3563 3511 10
f 2152 2037 1950
f 475 772 774
f 769 2172 2171
f 2171 2165 476
f 476 773 772
f 1791 565 464
f 2166 2167 2168
f 595 371 372
f 483 1809 1641
f 762 2174 2173
f 771 483 484
f 486 487 1809
f 297 1549 1517
f 763 2175 2174
f 776 755 759
f 184 185 2176
f 412 447 303
f 2005 2176 185
f 3811 1681 1682
f 2164 2170 756
f 1472 2035 2161
f 950 951 964
f 2177 2178 2179
f 227 226 1510
f 2182 2183 2184
f 2186 2019 2018
f 1985 2182 2181
f 214 736 729
f 865 849 842
f 849 865 1357
f 559 3187 3188
f 16 13 737
f 560 553 498
f 3193 3196 3195
f 3200 3197 3198
f 3211 3214 3213
f 3215 3218 3217
f 2187 2188 2002
f 2169 2168 2189
f 2192 2086 2085
f 2193 2194 2195
f 2198 2199 2200
f 1998 1982 1979
f 3664 3665 3668
f 2116 1898 1903
f 1859 2006 2009
f 3904 2123 2126
f 1135 1148 1087
f 2201 2202 2015
f 1149 111 110
f 3221 3222 3218
f 2203 2204 2205
f 579 580 1895
f 1755 2207 2208
f 3891 3910 1893
f 1211 2151 2150
f 868 997 2210
f 944 945 930
f 2130 2129 2202
f 233 1903 1898
f 665 751 750
f 1167 1254 999
f 2211 2212 2213
f 2215 2216 2217
f 3867 593 590
f 2220 221 220
f 823 824 948
f 3225 3220 3227
f 266 204 455
f 3882 2108 2107
f 2221 2222 3519
f 2223 2224 2225
f 2207 2125 2124
f 673 674 3869
f 817 1000 996
f 2227 2228 2146
f 1947 1948 646
f 3900 2135 17
f 2229 1635 1638
f 1679 1613 1618
f 1637 2231 2232
f 2233 2234 1617
f 2231 2235 2236
f 1381 1638 2238
f 3586 2241 2242
f 1630 2234 2233
f 1681 1626 472
f 1408 1407 2243
f 3236 3239 3238
f 3232 3241 3240
f 1637 2230 2238
f 3237 3238 3233
f 1409 1408 1634
f 1380 1383 2247
f 1628 2248 2245
f 2249 1623 1622
f 1632 1634 1408
f 2248 1628 1631
f 2235 2231 1637
f 3245 3246 3199
f 631 2070 2071
f 515 167 52
f 782 781 2251
f 2253 2254 2255
f 397 281 459
f 1456 2039 2040
f 2040 2041 2036
f 1401 2112 2111
f 2041 2040 1970
f 1535 121 414
f 1586 1587 2080
f 2256 983 1132
f 1700 1699 3918
f 3815 1896 1686
f 1263 2256 1886
f 598 1841 844
f 2257 2258 2259
f 2258 2261 2262
f 2259 2262 2263
f 2260 2259 2216
f 1967 1971 1970
f 2212 1964 1963
f 922 921 2218
f 1312 1098 1101
f 1307 1306 1286
f 1548 1569 1546
f 2266 2267 2268
f 2265 2268 2270
f 2272 2265 2269
f 2273 2266 2265
f 2275 2276 2277
f 2278 2274 2277
f 2284 2285 3617
f 2287 2283 2286
f 2288 2289 2283
f 2290 2284 3639
f 2291 2292 2293
f 2295 2291 2294
f 2296 2297 2291
f 2297 2298 2292
f 2294 2293 2299
f 2279 2294 2300
f 2298 2301 2302
f 2292 2302 2303
f 2293 2303 2304
f 2304 2305 2306
f 2308 2309 2310
f 2302 2307 2310
f 2301 2311 2307
f 2312 2308 2307
f 2313 2314 2315
f 2318 2319 2320
f 3748 3771 2322
f 2324 2325 2273
f 2313 2324 2326
f 2328 2324 2313
f 2329 2325 2324
f 2331 2332 2333
f 2330 2333 2267
f 2325 2330 2266
f 2329 2331 2330
f 2333 2334 2335
f 2336 2334 2333
f 2338 2336 2332
f 2331 2339 2337
f 2329 2340 2339
f 2328 2341 2340
f 2316 2342 2341
f 2342 2316 2315
f 2344 2345 2346
f 2341 2344 2347
f 2342 2348 2344
f 2348 2349 2345
f 2350 2351 2352
f 2339 2350 2353
f 2340 2347 2350
f 2347 2346 2351
f 2337 2353 2354
f 2353 2352 2355
f 2356 2277 2276
f 2356 2357 2358
f 2356 2359 2296
f 2279 2277 2356
f 2360 2361 2270
f 2267 2335 2360
f 2362 2363 2364
f 2362 2365 2361
f 2366 2362 2358
f 2366 2367 2363
f 2357 2276 2368
f 2366 2368 2369
f 2276 2275 2370
f 2368 2370 2282
f 2372 2373 2374
f 2375 2376 2377
f 2378 2379 2380
f 2382 2378 2381
f 2384 2385 2378
f 2385 2386 2379
f 2388 2389 2390
f 2387 2390 2392
f 2393 2394 2387
f 2394 2395 2388
f 2186 2401 2402
f 2403 2404 2327
f 2272 2403 2326
f 2271 2405 2403
f 2405 2406 2404
f 2404 2407 2408
f 2409 2410 2411
f 2409 2412 2271
f 2413 2409 2269
f 2413 2414 2410
f 2417 2415 2416
f 2417 2418 2406
f 2412 2417 2405
f 2411 2415 2417
f 2406 2419 2407
f 3569 3520 632
f 2420 2398 2397
f 2420 2421 2423
f 2424 2420 2422
f 2424 2399 2398
f 2425 2391 2392
f 2421 2425 2426
f 2397 2396 2425
f 2396 2393 2391
f 2427 2314 2408
f 2430 2427 2428
f 2343 2315 2427
f 2432 2343 2430
f 2431 2430 2429
f 2435 2431 2433
f 2436 2432 2431
f 2428 2408 2407
f 2422 2437 2407
f 2438 2437 2422
f 2429 2428 2437
f 2440 2434 2433
f 2441 2439 2433
f 2442 2443 2439
f 2443 2444 2440
f 2445 2446 2444
f 2447 2445 2443
f 2383 2381 2445
f 2381 2380 2446
f 2448 2438 2423
f 2449 2448 2426
f 2441 2448 2449
f 2441 2429 2438
f 2449 2392 2390
f 2450 2390 2389
f 2447 2450 2451
f 2442 2449 2450
f 2451 2389 2453
f 2452 2453 2455
f 2382 2452 2454
f 2383 2451 2452
f 2456 2457 2373
f 2459 2460 2461
f 2463 2464 2465
f 2462 2465 2285
f 2466 2462 2284
f 2467 2463 2462
f 2461 2460 3703
f 2468 2469 2470
f 2472 2468 2471
f 2474 2461 3701
f 2475 2476 2477
f 2458 2455 2453
f 2479 2453 2389
f 2395 2480 2479
f 2480 2459 2458
f 2481 2482 2483
f 2484 113 2485
f 2471 2470 2464
f 2473 2471 2463
f 2487 2467 2466
f 2486 2466 2290
f 2490 2486 2488
f 2491 2487 2486
f 2492 2473 2467
f 2493 2492 2487
f 2494 2495 2492
f 2495 2472 2473
f 3690 2496 2474
f 3691 2497 2496
f 2498 2494 2493
f 2500 2498 2499
f 3700 3687 2498
f 3687 3691 2494
f 2306 2504 2278
f 2305 2505 2504
f 2504 2505 2507
f 2506 2507 2288
f 2274 2506 2508
f 2278 2504 2506
f 3633 3632 2489
f 3620 3633 2488
f 2507 2509 2289
f 2505 2510 2509
f 2508 2288 2287
f 2511 2287 2281
f 2370 2511 2280
f 2275 2508 2511
f 2512 2490 2489
f 2514 2512 2513
f 2517 2512 2514
f 2517 2491 2490
f 2499 2493 2491
f 2499 2517 2516
f 2510 2505 2519
f 2518 2519 2521
f 3616 2518 2520
f 3632 2510 2518
f 2522 2304 2303
f 2523 2522 2310
f 2305 2304 2522
f 2524 2522 2523
f 2519 2524 2525
f 2505 2305 2524
f 2308 2312 2527
f 2526 2527 2529
f 2531 2526 2528
f 2309 2308 2526
f 1214 2532 2151
f 2419 2406 2418
f 2533 2345 2349
f 2534 2533 2317
f 2535 2536 2533
f 2536 2346 2345
f 2537 2351 2346
f 2538 2537 2536
f 2539 2540 2537
f 2540 2352 2351
f 2312 2355 2541
f 2527 2541 2542
f 2543 2435 2434
f 2545 2543 2544
f 2319 2318 2543
f 2318 2436 2435
f 2514 2515 2548
f 2547 2548 2550
f 2552 2547 2549
f 2552 2516 2514
f 2520 2521 2554
f 2553 2554 2556
f 3590 2553 2555
f 3621 2520 2553
f 2523 2309 2531
f 2557 2531 2530
f 2525 2523 2557
f 2559 2557 2558
f 2554 2559 2560
f 2521 2525 2559
f 2561 2375 2007
f 2376 2562 2225
f 2564 2565 2566
f 2563 2566 338
f 2569 2563 2567
f 2570 2564 2563
f 2572 2573 2574
f 2571 2574 2576
f 2544 2571 2575
f 2544 2434 2572
f 2578 2570 2569
f 2579 2577 2569
f 2574 2577 2579
f 2573 2578 2577
f 2581 2582 2583
f 2584 2580 2583
f 3697 3675 2580
f 3676 2581 2580
f 2582 2516 2552
f 2583 2552 2551
f 2500 2501 2589
f 2590 2588 2589
f 3693 3695 2588
f 3695 3700 2500
f 2501 2516 2591
f 2592 2593 2594
f 2386 2385 2503
f 2596 2379 2386
f 2596 2374 2373
f 2599 2596 2597
f 2599 2380 2379
f 2600 2446 2380
f 2600 2599 2598
f 2603 2600 2601
f 2603 2444 2446
f 2604 2603 2602
f 2440 2604 2605
f 2444 2603 2604
f 2606 2582 2581
f 2606 2607 2590
f 2591 2516 2582
f 3676 2587 2456
f 3689 2456 2372
f 2478 2477 2608
f 2609 2610 2611
f 2564 2570 2613
f 2612 2613 2598
f 2457 2612 2597
f 2565 2564 2612
f 2614 2613 2570
f 2615 2614 2578
f 2602 2601 2614
f 2601 2598 2613
f 2572 2434 2605
f 2616 2605 2602
f 2573 2572 2616
f 1459 1016 1045
f 1265 1215 1079
f 1612 1608 1609
f 2067 2057 2069
f 1135 1109 1136
f 1938 1937 2618
f 95 548 458
f 2058 1607 1608
f 1454 1469 1445
f 655 2620 1048
f 722 1049 2621
f 1131 985 1033
f 562 1481 366
f 1723 1719 1725
f 1786 1123 1122
f 267 300 323
f 1325 2034 1654
f 1468 1165 1435
f 658 657 529
f 8 532 247
f 382 1557 1559
f 788 619 1307
f 940 930 929
f 911 2622 2623
f 2621 2620 655
f 2624 1857 2625
f 998 1846 27
f 635 638 2626
f 2627 641 644
f 2628 2627 1840
f 1200 1199 2627
f 1199 1773 641
f 1520 515 49
f 1452 1350 1349
f 2630 2631 1859
f 644 643 1335
f 1197 1198 717
f 2632 717 719
f 2628 2632 1166
f 2629 1197 2632
f 1762 2633 1050
f 1823 870 873
f 2634 2635 794
f 1042 794 2635
f 93 94 1901
f 2036 2038 1458
f 1527 332 1525
f 877 876 1274
f 134 409 797
f 1328 893 931
f 607 777 1091
f 1043 2635 2637
f 2636 2637 2639
f 1275 2636 2638
f 1275 1040 1043
f 1272 2624 2626
f 2640 2626 638
f 1110 2641 2640
f 536 1272 2640
f 1472 708 1474
f 2042 2030 1951
f 1058 1106 1105
f 2642 2623 2643
f 1192 2642 2644
f 912 2623 2642
f 3898 1657 3526
f 1049 1048 2620
f 616 1829 1885
f 1331 1913 666
f 990 989 1198
f 1911 1912 321
f 1298 1282 1205
f 76 1490 1504
f 1502 1500 421
f 610 609 658
f 1146 937 659
f 2646 911 914
f 1280 1239 1238
f 1453 1454 1452
f 835 942 1843
f 1271 1270 1173
f 1893 1878 1826
f 1050 2633 1937
f 2651 2652 814
f 1006 1053 1281
f 2653 1084 2654
f 1001 1004 1003
f 585 997 679
f 2624 1272 621
f 555 678 2028
f 1207 526 1197
f 1626 1627 478
f 426 389 419
f 1030 1193 1773
f 3898 645 634
f 534 1533 138
f 1125 1092 1042
f 333 228 88
f 569 1570 561
f 1489 2656 871
f 1857 2624 620
f 1673 1674 3770
f 622 861 864
f 619 788 891
f 261 544 545
f 393 1555 1556
f 2658 2659 2647
f 1075 2658 2657
f 1081 1080 2658
f 1080 1139 2659
f 2644 2643 1141
f 2660 1141 1140
f 642 2660 1336
f 1193 2644 2660
f 679 678 555
f 1503 1501 1500
f 1318 1317 1101
f 2661 2659 1139
f 2661 1142 2663
f 2662 2647 2659
f 2662 2663 2622
f 2664 2622 911
f 2648 2664 2646
f 2648 2647 2662
f 2083 2094 2093
f 1442 1440 1437
f 519 329 330
f 1885 2029 1209
f 799 800 805
f 1946 1943 1952
f 1302 1301 1253
f 566 2005 224
f 1389 940 928
f 683 682 681
f 836 835 1842
f 2665 1842 1845
f 2666 2665 1303
f 24 836 2665
f 831 1072 2650
f 1845 1844 1304
f 2010 2013 2012
f 1051 1936 2667
f 1522 1521 1511
f 531 440 441
f 1250 635 2625
f 2669 2625 1857
f 783 2669 1856
f 782 1250 2669
f 720 2670 2671
f 1055 1931 1930
f 1333 1067 1251
f 619 622 1308
f 652 655 2619
f 521 522 1539
f 1838 988 537
f 2672 537 536
f 1113 2672 2641
f 1113 527 1838
f 1016 1013 1351
f 3897 573 570
f 226 227 104
f 3564 3669 3827
f 1036 1037 1884
f 2674 1301 1304
f 2673 1304 1844
f 1334 2673 2675
f 1333 2674 2673
f 2676 702 1039
f 1843 2676 2675
f 942 1074 2676
f 1074 699 702
f 752 1057 1055
f 1200 1166 656
f 1120 1846 874
f 2677 874 877
f 1241 2677 1052
f 1119 1120 2677
f 1560 1513 151
f 1208 1316 611
f 215 735 736
f 1460 1459 1462
f 1208 1207 1839
f 854 856 1282
f 72 445 182
f 544 1563 1565
f 217 200 456
f 2047 1404 930
f 1204 2618 1937
f 913 777 686
f 840 527 1113
f 1531 729 730
f 2678 778 1283
f 601 667 1914
f 1537 1538 459
f 1819 1757 3509
f 991 1860 862
f 2679 711 1073
f 2680 1830 983
f 779 2680 2256
f 778 2678 2680
f 2678 2679 1830
f 180 542 245
f 1886 1132 1131
f 1138 1137 1274
f 1841 598 1140
f 75 313 314
f 193 423 420
f 2681 2682 1099
f 170 1567 1565
f 349 416 417
f 1121 1124 2684
f 547 797 409
f 123 122 121
f 2643 2663 1142
f 1542 1544 513
f 899 900 907
f 1210 677 676
f 791 663 982
f 24 27 837
f 893 896 932
f 1860 1320 863
f 535 538 862
f 1569 1548 1547
f 181 455 542
f 660 659 937
f 2013 567 568
f 887 890 2631
f 1524 1508 361
f 520 161 162
f 2653 855 854
f 1238 1237 2655
f 718 1838 527
f 1492 1493 518
f 792 616 615
f 599 846 1835
f 290 457 456
f 312 171 1552
f 1248 2687 1179
f 153 149 177
f 1240 1181 1222
f 1257 1292 1235
f 1291 1084 1083
f 1052 877 1277
f 743 742 2618
f 444 140 430
f 23 1224 1172
f 2687 2654 1180
f 102 103 409
f 1283 607 610
f 373 497 650
f 1180 2654 1084
f 855 2653 2655
f 1173 1270 1917
f 2689 850 853
f 2688 853 1108
f 2686 2688 1279
f 2687 2689 2688
f 2691 1302 1252
f 2690 1252 850
f 1248 2690 2689
f 1248 1247 2691
f 2692 617 24
f 2691 2692 2666
f 1247 1258 2692
f 1258 1168 617
f 394 1554 1555
f 2693 1260 1259
f 1072 1236 1262
f 1257 1071 1168
f 398 439 1555
f 871 1784 1314
f 1178 1232 1249
f 1224 1289 1173
f 1010 2617 2618
f 1175 1174 1292
f 2654 2687 2686
f 2694 1157 1216
f 71 418 1487
f 701 1112 1111
f 1072 1261 2649
f 1085 2695 22
f 895 2694 1264
f 1601 1606 1605
f 1259 1262 1271
f 21 20 1220
f 988 991 538
f 598 597 1336
f 1050 860 818
f 1298 2645 1761
f 1168 1167 618
f 858 1168 1256
f 39 242 516
f 2652 1761 819
f 313 316 315
f 2026 1970 1971
f 2656 1489 596
f 814 819 818
f 2696 2651 813
f 1260 2696 2649
f 2693 2697 2696
f 2697 1296 2651
f 381 355 390
f 3818 3819 1611
f 1475 1427 1428
f 1292 1174 1917
f 1551 353 354
f 1526 1525 1523
f 1593 1589 1595
f 1232 1269 1246
f 2695 2693 1223
f 2698 1297 1296
f 2698 2697 2693
f 2685 2698 2695
f 2685 854 1297
f 562 1497 271
f 2652 2651 1296
f 1365 1366 1364
f 1958 1946 1953
f 585 588 2210
f 1561 1560 1515
f 975 2648 1146
f 347 67 68
f 1038 1111 636
f 2700 781 780
f 2699 780 1036
f 2701 2699 1883
f 851 2700 2699
f 2674 1333 2251
f 2702 2251 781
f 1253 2702 2700
f 1301 2674 2702
f 1519 387 388
f 1273 1239 1280
f 2703 1280 1107
f 2701 2703 852
f 1829 1273 2703
f 91 260 326
f 1784 871 2656
f 2683 2684 2705
f 604 1894 3499
f 1669 3534 3548
f 2062 2063 2060
f 621 535 861
f 2023 731 732
f 686 779 1263
f 857 1051 2668
f 883 830 882
f 637 636 1111
f 2668 894 893
f 2667 921 894
f 1039 1038 1068
f 313 75 1504
f 1911 1972 305
f 1936 2706 1964
f 2707 2402 2401
f 2708 2707 2183
f 738 2163 2116
f 2349 2348 2432
f 2711 2712 2020
f 2400 2711 2019
f 2714 2715 2716
f 2717 2718 2719
f 2721 2722 2723
f 2726 2727 2728
f 2725 2728 2730
f 2731 2725 2729
f 2732 2726 2725
f 2734 2735 2736
f 2738 2739 2740
f 2737 2740 2741
f 2744 2745 2746
f 2745 2744 2748
f 2749 2750 2747
f 2753 2749 2751
f 2250 1380 2246
f 2754 1396 1614
f 3598 2754 2755
f 3608 2745 2747
f 1617 2756 2755
f 2242 2758 1620
f 2191 2085 2760
f 2761 2759 2760
f 3648 2759 2761
f 3623 2191 2759
f 3209 3248 3223
f 1395 1394 2236
f 1395 2235 1636
f 1616 1635 2229
f 1617 2234 2763
f 2756 2763 3628
f 2765 2763 2234
f 2766 2764 3628
f 3202 3199 3246
f 1516 437 435
f 2768 2769 3552
f 1495 541 578
f 2135 2136 28
f 3526 3540 2773
f 1690 1689 3926
f 2778 2779 2780
f 2777 2780 2781
f 2784 2778 2777
f 3555 3521 575
f 1494 1904 9
f 3529 2016 2015
f 451 61 505
f 2786 2787 2788
f 2779 2786 2785
f 2789 2752 2741
f 2790 2753 2752
f 2792 2793 2794
f 2793 2795 2796
f 2796 2797 2750
f 2794 2796 2749
f 2798 1393 1396
f 3591 2798 2754
f 2798 2799 2800
f 3591 3662 2799
f 2797 2796 2795
f 2791 2794 2753
f 216 233 232
f 3804 2806 2807
f 3805 2809 2804
f 2769 2810 3557
f 183 185 184
f 2811 2812 2775
f 2804 2811 2776
f 2809 2813 2811
f 2812 2811 2813
f 3805 2808 2816
f 3796 2818 2815
f 3798 3800 2820
f 3793 2823 2819
f 2824 2736 2735
f 2823 2825 2824
f 2825 2823 2826
f 3793 2822 2827
f 3796 2817 2826
f 2713 2716 2829
f 2828 2829 2831
f 2822 2821 2828
f 2821 2820 2713
f 2832 2827 2822
f 2833 2832 2830
f 2834 2835 2832
f 2835 2818 2827
f 2837 2838 2839
f 2836 2839 2841
f 2842 2836 2840
f 2843 2837 2836
f 2840 2841 2845
f 2718 2844 2845
f 2730 2728 2844
f 2727 2840 2844
f 2846 2845 2841
f 2829 2846 2847
f 2847 2841 2839
f 2848 2839 2838
f 2833 2848 2849
f 2831 2847 2848
f 2850 2814 2851
f 2853 2850 2852
f 2783 2777 2782
f 2785 2788 2853
f 2780 2785 2856
f 2857 2858 2855
f 2859 2857 2782
f 2861 2843 2842
f 2860 2842 2727
f 2862 2860 2726
f 2863 2861 2860
f 2861 2863 2858
f 2843 2861 2857
f 2856 2853 2854
f 2781 2856 2864
f 2837 2843 2859
f 2838 2837 2864
f 2852 2851 2834
f 2854 2852 2849
f 2865 2815 2818
f 2851 2865 2835
f 2813 2809 2815
f 2814 2813 2865
f 2866 2812 2814
f 2788 2866 2850
f 2866 2788 2787
f 2812 2866 2867
f 1892 1889 1890
f 2720 2719 2846
f 298 299 256
f 2872 2714 2713
f 3794 3800 2735
f 2729 2730 2874
f 2846 2716 2715
f 2876 2877 2878
f 2733 2875 2878
f 3806 3807 2879
f 3806 2880 2872
f 2882 2883 2884
f 2881 2884 2715
f 2880 2881 2714
f 2879 2882 2881
f 2885 2886 2887
f 2888 2889 2890
f 2885 2890 2892
f 2893 2886 2885
f 1942 2151 2532
f 2895 2892 2720
f 2884 2895 2870
f 2883 2896 2895
f 2896 2891 2892
f 2889 2874 2717
f 2890 2717 2720
f 2897 2893 2891
f 2898 2897 2896
f 2899 2898 2883
f 2900 2899 2882
f 3797 2900 2879
f 2876 2902 2901
f 2901 2902 2904
f 1785 2656 1835
f 2905 2906 2899
f 2907 2908 2897
f 3797 2901 2903
f 632 576 577
f 3532 3547 2867
f 434 385 550
f 2768 2770 3640
f 2910 2911 1623
f 2241 2912 2758
f 3640 2770 2913
f 1623 2911 2757
f 3587 2242 2757
f 2229 1381 1380
f 2765 1630 1629
f 2915 2914 1629
f 3642 3641 2914
f 3641 3622 2765
f 2919 2916 3642
f 2918 2915 2912
f 3614 2918 2241
f 3618 2919 3613
f 3541 2177 2180
f 3521 2002 2188
f 3705 3573 714
f 2925 2766 2917
f 2924 2917 2916
f 3610 2924 2919
f 3611 2925 2924
f 2926 2927 2766
f 3658 2926 2925
f 1715 1713 1705
f 785 497 498
f 1387 651 565
f 374 375 1899
f 3573 2203 2206
f 2929 2930 2886
f 2932 2933 2934
f 1905 1906 1908
f 2930 2935 2936
f 2938 2935 2930
f 1493 369 517
f 1603 1585 1586
f 2939 2938 2929
f 2940 2939 2908
f 3665 1707 1600
f 2886 2930 2937
f 2906 2907 2898
f 2908 2929 2893
f 2942 2934 2933
f 2941 2933 2937
f 3501 2941 2936
f 3498 2942 2941
f 2943 2944 2710
f 2943 2873 2874
f 2945 2943 2889
f 2946 2944 2943
f 2932 2945 2888
f 2931 2946 2945
f 727 1928 1929
f 2903 2904 2947
f 545 594 42
f 1480 1570 533
f 2907 2906 2949
f 2906 2905 2950
f 1558 452 215
f 3799 2903 2948
f 2054 1645 1644
f 3705 3684 2203
f 1828 1837 1849
f 2953 2954 2955
f 2952 2955 2957
f 2956 2261 2258
f 2953 2952 2258
f 2454 2455 2474
f 3747 2958 2959
f 3747 2132 2131
f 2961 2962 2963
f 2958 2963 2964
f 222 221 2485
f 2477 2226 2966
f 2631 2561 2006
f 2384 2454 2496
f 2967 2968 2959
f 2968 2967 2970
f 3759 2033 2971
f 3784 2971 2960
f 2972 2971 2033
f 2007 2377 2973
f 3560 3559 2134
f 1836 1833 1832
f 3506 2188 2090
f 955 810 959
f 672 675 674
f 633 710 713
f 2024 732 733
f 2025 2024 803
f 425 1552 1550
f 2975 2976 888
f 1319 1158 1157
f 1212 1935 2977
f 889 957 2228
f 1978 1974 1975
f 1138 1078 1329
f 751 665 2979
f 1619 1613 1625
f 2252 2255 1728
f 1157 1160 845
f 2706 1936 1938
f 2980 2255 2254
f 2982 2975 887
f 802 712 711
f 678 677 2029
f 527 840 690
f 1839 1207 2629
f 2983 2984 602
f 2983 1914 1913
f 2985 2983 1331
f 2986 2984 2983
f 2987 2637 2635
f 2985 2988 2639
f 2990 1319 1318
f 2991 2992 2993
f 2995 2991 2994
f 1106 1058 2991
f 1058 1057 2992
f 1415 1406 1365
f 1317 922 2217
f 1932 1728 2255
f 926 2998 2999
f 3001 2993 2992
f 3000 2992 1057
f 2999 3000 2978
f 2998 3001 3000
f 3002 2998 2209
f 3002 3003 2996
f 2993 3001 3002
f 1103 1106 2995
f 3004 2995 2996
f 2209 2210 3004
f 588 1103 3004
f 295 296 433
f 2638 2639 2988
f 3005 2988 1056
f 1305 3005 1930
f 1276 2638 3005
f 1987 1968 1993
f 2633 1762 1761
f 1423 1422 1417
f 3561 3517 739
f 2671 2670 2704
f 1473 1872 2035
f 922 1317 2694
f 1401 1400 1378
f 556 2028 1884
f 842 848 3825
f 1854 2706 2617
f 933 1082 1081
f 1440 1441 1436
f 529 657 719
f 1031 1025 1027
f 777 913 912
f 2645 1205 1204
f 441 438 1538
f 790 1287 587
f 2065 2066 1610
f 1860 991 990
f 60 106 87
f 1424 1017 1948
f 332 1527 1507
f 261 262 138
f 187 188 449
f 1719 1720 1726
f 1931 1055 1059
f 3006 1059 1105
f 1287 3006 1104
f 1286 1931 3006
f 3007 3008 3009
f 3009 3008 653
f 618 999 26
f 2029 677 1210
f 957 601 600
f 1049 2146 2228
f 2631 890 3011
f 890 889 2227
f 3011 2227 2145
f 2561 3011 3012
f 1026 656 609
f 2706 1854 1961
f 3013 2965 2485
f 2148 2147 1267
f 3015 1267 1266
f 2997 2264 1101
f 642 641 1773
f 186 477 461
f 1041 1040 1320
f 1121 3016 3017
f 2984 2986 2987
f 3018 2987 2634
f 1048 603 3018
f 603 602 2984
f 2679 2678 801
f 2062 2072 2074
f 2061 2074 2076
f 414 303 1545
f 3016 1121 2683
f 3019 2683 2704
f 3020 3019 2670
f 3007 3016 3019
f 1871 1090 1091
f 3021 1787 1122
f 3022 3021 3017
f 1314 3021 3022
f 1784 1787 3021
f 1316 1315 1763
f 3023 3022 3010
f 3023 3009 795
f 1763 3023 1092
f 1315 3022 3023
f 3016 3007 3010
f 752 751 2978
f 2986 2639 2637
f 3024 654 653
f 3020 3024 3008
f 720 723 3024
f 723 2621 654
f 2681 1098 1268
f 2671 3025 1268
f 2705 2681 3025
f 1313 3026 3027
f 3026 3028 3029
f 3027 3029 3030
f 1311 3027 3031
f 2012 568 731
f 917 2657 974
f 743 1206 856
f 1888 2027 2030
f 2682 2705 2684
f 3032 2684 1124
f 1100 3032 2989
f 1099 2682 3032
f 1123 2990 2989
f 3033 1834 1159
f 2990 3033 1158
f 1123 1786 3033
f 1786 1785 1834
f 1054 1056 2988
f 2979 665 664
f 2623 2622 2663
f 1095 660 688
f 3034 3035 2261
f 3036 3034 2956
f 3037 3038 3034
f 3038 3039 3035
f 3040 3041 3026
f 2263 3042 3041
f 3042 3039 3043
f 3041 3043 3028
f 3044 3045 3043
f 3046 3047 3045
f 3047 3048 3049
f 3043 3045 3049
f 3038 3037 3051
f 3050 3051 3053
f 3052 3046 3044
f 3039 3038 3050
f 3054 3035 3039
f 3042 2263 2262
f 2261 3035 3054
f 2216 2263 2997
f 2212 2211 2667
f 3056 868 2209
f 934 3057 1961
f 2013 3755 3757
f 3058 3059 3060
f 3059 3062 3063
f 3060 3063 2213
f 3061 3060 1963
f 3063 3064 2214
f 3062 3065 3064
f 3065 2257 2260
f 3064 2260 2215
f 3066 3067 3031
f 2608 2966 3067
f 2966 2562 3068
f 3031 3067 3068
f 2455 2458 2461
f 2476 2223 2226
f 3551 2090 2089
f 3526 2774 3769
f 433 354 355
f 2115 1423 1419
f 3509 2868 2922
f 3769 3737 2131
f 3069 2611 2167
f 2971 2972 2928
f 2961 2774 2773
f 3070 2475 2478
f 2610 2609 3071
f 2502 2371 2374
f 3072 2592 2595
f 2964 3046 3052
f 3048 2593 3074
f 2593 2592 3075
f 3075 3030 3029
f 3074 3029 3028
f 3072 3076 3075
f 3076 3072 2482
f 2481 2608 3066
f 3076 3066 3030
f 2967 3052 3053
f 2482 3072 3073
f 479 480 493
f 706 3900 3873
f 3561 2194 2221
f 2013 2010 3754
f 3533 2032 2016
f 3562 3519 2222
f 1171 1154 1155
f 2586 2566 2565
f 2982 110 113
f 2562 2376 3077
f 2376 2375 3012
f 3012 2145 2148
f 3077 2148 3015
f 2963 3047 3046
f 3051 3078 2970
f 1683 2173 491
f 3850 2122 1447
f 1986 2181 3734
f 3079 3080 2546
f 3081 3079 2575
f 1983 1986 3768
f 3082 2323 2319
f 3080 3082 2545
f 3734 3732 3082
f 3732 3748 2323
f 1309 1471 1888
f 3073 2595 2772
f 2760 3083 3084
f 2760 2085 2088
f 3085 3084 3086
f 3089 3085 3090
f 3089 2762 3084
f 3092 3088 3090
f 3093 2748 2744
f 2751 2747 2748
f 3093 2741 2752
f 2742 2741 3093
f 3094 3093 2743
f 3096 3097 3098
f 3099 3096 3087
f 3097 3094 3095
f 3100 2743 2746
f 3101 2927 3102
f 2764 2766 2927
f 2745 2764 3101
f 3102 3092 3091
f 3100 3091 3095
f 2869 2802 3592
f 3102 3103 3104
f 3658 2868 2869
f 2927 2926 3103
f 3098 3095 3091
f 3087 3098 3090
f 2088 2125 3105
f 3083 3105 3086
f 2483 3073 2771
f 2401 2186 2185
f 3099 3086 3105
f 2125 2207 3106
f 3108 2737 2742
f 3107 2742 3094
f 3110 3108 3107
f 3109 3107 3097
f 3111 3109 3096
f 3112 3110 3109
f 3113 2738 2737
f 3115 2723 2722
f 3117 3115 3114
f 3119 3117 3116
f 3118 3116 3120
f 3116 3114 3113
f 3122 3112 3111
f 3122 3123 1755
f 3124 3125 3126
f 3125 3118 3121
f 3128 3119 3118
f 3129 3128 3125
f 2020 2712 3128
f 3853 3857 1346
f 1065 1046 1047
f 1814 3838 3830
f 2021 2020 3129
f 3111 3099 3106
f 3123 3106 2207
f 2377 2225 2224
f 3014 2485 113
f 1756 2208 3782
f 3131 3132 2530
f 3133 3131 2528
f 1753 1756 3767
f 3134 3124 3127
f 2327 2408 2314
f 2436 2318 2317
f 2018 2021 3711
f 2534 3136 3137
f 2320 2322 3136
f 2185 2018 3712
f 3138 3139 2542
f 3134 3135 3744
f 3785 3130 3134
f 3140 3138 2539
f 2535 3137 3140
f 3711 2021 3130
f 2558 2530 3132
f 3782 3760 3141
f 2560 2558 3141
f 3760 3777 3142
f 958 888 2976
f 1933 1932 2980
f 2399 2424 2418
f 2348 2342 2343
f 2322 2320 2319
f 2718 2717 2874
f 2709 2729 2873
f 2894 2871 1361
f 346 289 176
f 1876 1877 1882
f 2802 2803 3607
f 3104 3144 3088
f 2974 2222 3649
f 3089 3145 2761
f 3088 3144 3145
f 2803 2974 3603
f 3870 3909 692
f 2123 1419 1418
f 1365 1363 1368
f 1581 1766 1782
f 3569 2202 2129
f 3555 2003 2002
f 3146 2585 2551
f 3751 3146 3147
f 3742 3149 3146
f 3149 2584 2585
f 3196 3198 3197
f 3604 2192 2191
f 3142 3150 2556
f 3777 3778 3150
f 3646 3152 2550
f 3150 3151 2555
f 3778 3780 3151
f 3788 3781 3152
f 3153 3147 2551
f 3152 3153 2549
f 3781 3776 3153
f 3776 3750 3147
f 3148 2767 2206
f 2183 2401 2321
f 2132 2960 2928
f 3684 3685 2204
f 3719 2198 2197
f 2594 2962 2773
f 2595 2594 2951
f 1870 798 799
f 3713 2179 2178
f 3706 2178 3736
f 336 3154 3774
f 339 3155 3154
f 3789 3683 3149
f 3683 3697 2584
f 2963 2962 3048
f 3722 3730 337
f 339 338 2566
f 3156 3157 2168
f 2610 3156 2167
f 2954 2953 3156
f 3157 3156 2953
f 3707 2166 2169
f 2567 3158 3159
f 337 3158 2567
f 3730 3069 2166
f 3764 2190 1983
f 2579 3160 3081
f 2568 3159 3160
f 3709 2169 2190
f 3065 3062 3162
f 3161 3162 1984
f 3157 3161 2189
f 2257 3065 3161
f 734 735 1922
f 3059 3058 2708
f 3163 2708 2182
f 3162 3163 1985
f 3062 3059 3163
f 3203 3206 3205
f 2122 2119 1448
f 3817 1686 1685
f 139 140 444
f 1570 569 566
f 2957 3164 3165
f 2955 3166 3164
f 1912 454 341
f 3130 3129 3124
f 1548 322 319
f 1949 1950 1327
f 2969 2970 3078
f 3167 3078 3169
f 3724 2014 2017
f 3720 2017 2033
f 3168 3169 3165
f 3170 3165 3164
f 3779 3170 3171
f 3724 3168 3170
f 3171 3164 3166
f 3172 3166 3071
f 3752 3172 3173
f 3756 3171 3172
f 3169 3037 3036
f 2593 3048 2962
f 3173 3071 2609
f 3174 2609 2199
f 3783 3174 2198
f 3749 3173 3174
f 2190 2189 1984
f 2196 2195 2767
f 2119 2120 1414
f 1464 1463 1466
f 2199 2611 3069
f 2457 2456 2587
f 2226 2225 2562
f 481 478 1627
f 333 1512 235
f 3078 3051 3037
f 3040 2264 2997
f 2219 1934 1933
f 2385 2384 2497
f 221 2220 3175
f 2220 1933 3143
f 3175 3143 2976
f 2484 3175 2975
f 2954 3071 3166
f 2630 1858 110
f 1547 319 1952
f 2091 2090 2188
f 3733 3736 2178
f 1918 1919 1927
f 3563 112 111
f 955 956 960
f 2037 3014 112
f 3143 2980 2981
f 2218 2211 2214
f 672 3877 3787
f 2152 3013 3014
f 1147 1144 1143
f 2248 2246 1409
f 1615 1636 1635
f 1410 1409 2246
f 3241 3243 3242
f 1382 3176 3177
f 3177 1410 2247
f 2247 1383 3177
f 3176 2238 2230
f 1410 3177 3179
f 3179 3180 2243
f 1633 3181 2800
f 1621 1620 2758
f 1622 1621 2245
f 2236 1394 3181
f 2237 2236 3182
f 2250 1631 2233
f 2912 1629 1628
f 135 136 1564
f 1567 419 512
f 1085 1084 2653
f 3184 869 868
f 869 3184 3057
f 1266 1268 1098
f 1267 2147 722
f 937 1146 2646
f 2146 1049 722
f 2211 2218 921
f 1957 510 507
f 1313 1312 2264
f 1496 362 1493
f 2887 2937 2933
f 1687 1688 1659
f 145 1499 1498
f 37 38 418
f 1935 1934 3185
f 104 89 301
f 2101 2098 2083
f 543 298 360
f 1934 2219 3186
f 234 1521 212
f 3845 3821 1822
f 1976 1875 1874
f 223 3186 2219
f 3655 3656 3605
f 2165 2164 467
f 467 468 2165
f 773 476 2165
f 1935 1212 1728
f 3240 3225 3226
f 3261 3249 3250
f 3215 3216 3244
f 3265 3221 3215
f 3267 3245 3198
f 3205 3206 3269
f 3214 3211 3265
f 3271 3213 3214
f 3251 3252 3239
f 3222 3221 3266
f 3232 3235 3234
f 3216 3242 3243
f 3196 3193 3268
f 3244 3243 3254
f 3238 3239 3247
f 3264 3244 3255
f 3253 3242 3216
f 3211 3266 3221
f 3257 3217 3218
f 3258 3222 3272
f 3274 3275 3280
f 3228 3229 3262
f 3275 3231 3281
f 3226 3227 3273
f 3236 3263 3260
f 3281 3263 3236
f 3287 3271 3192
f 3235 3226 3280
f 3234 3280 3281
f 3288 3290 3259
f 3260 3250 3276
f 3289 3212 3278
f 3210 3209 3224
f 3199 3202 3201
f 3228 3231 3230
f 3290 3288 3285
f 3282 3279 3271
f 3260 3263 3262
f 3243 3241 3268
f 3267 3268 3241
f 3194 3207 3208
f 3191 3270 3269
f 3270 3191 3192
f 3275 3274 3230
f 3264 3269 3270
f 3252 3251 3276
f 3248 3252 3291
f 3213 3271 3279
f 3272 3266 3289
f 3277 3278 3212
f 3228 3263 3281
f 3220 3225 3253
f 3219 3253 3217
f 3256 3218 3222
f 3247 3239 3252
f 3245 3267 3232
f 3266 3211 3212
f 3208 3205 3255
f 3288 3289 3284
f 3204 3205 3208
f 560 1899 3187
f 3209 3210 3201
f 3189 3192 3191
f 448 1980 807
f 647 648 122
f 1833 1848 1780
f 510 509 508
f 3210 1949 1887
f 1887 15 3200
f 15 16 3197
f 16 3188 3195
f 3195 3188 3187
f 3194 3187 1899
f 3207 1899 375
f 387 173 126
f 3189 1791 1760
f 3577 763 757
f 763 3577 2172
f 3583 3582 3580
f 3581 3580 3579
f 3594 3597 3596
f 3400 3601 3602
f 3626 3624 3625
f 3631 3635 3599
f 3636 3637 3595
f 3647 3584 3588
f 3650 3582 3584
f 3653 3579 3580
f 3653 2176 3654
f 1801 1864 3656
f 3651 3580 3582
f 3644 3638 3595
f 1767 1768 3659
f 1597 3663 3661
f 1708 1707 3665
f 3671 3668 3667
f 3666 3667 3673
f 1588 1708 3664
f 2080 3671 3666
f 2082 3666 3672
f 3674 3677 3635
f 3677 3678 3636
f 3682 3647 3645
f 3692 3651 3650
f 3681 3645 3644
f 786 3694 3692
f 3694 3653 3651
f 785 3692 3686
f 497 3686 3682
f 650 3682 3681
f 3696 564 3681
f 3405 3606 3605
f 3702 3699 3678
f 3699 3698 3679
f 3645 3588 3638
f 1799 3657 3659
f 3708 3704 3458
f 3462 3710 3708
f 3714 463 564
f 3615 3606 3602
f 3710 3714 3696
f 3635 3636 3596
f 3629 3626 3627
f 3597 3600 3599
f 3630 3716 3715
f 3627 3625 3597
f 3717 3716 3723
f 3715 3663 3660
f 3716 3717 3725
f 3668 3665 3661
f 3668 3725 3717
f 3667 3717 3718
f 3727 3728 3673
f 3728 1576 3672
f 3726 3727 3718
f 1576 2101 2084
f 3727 3726 3731
f 3203 376 1387
f 3190 1387 1791
f 3283 2152 1949
f 317 240 259
f 2000 2176 3653
f 3601 3599 3600
f 3589 3588 3584
f 3577 758 756
f 3585 3584 3582
f 3678 3679 3637
f 3204 375 376
f 1801 3655 3657
f 3729 3735 3728
f 1575 3735 3738
f 3735 1575 1576
f 1776 1795 1796
f 1293 1294 1290
f 1326 14 1327
f 1294 1245 1234
f 878 1244 1330
f 497 373 374
f 122 648 413
f 3699 3702 3704
f 3606 3405 3401
f 3708 3710 3698
f 3464 3714 3710
f 3704 3674 3443
f 439 398 399
f 1512 1528 1526
f 1668 1741 1738
f 839 849 1362
f 1362 1357 826
f 3843 740 1896
f 2053 2054 2118
f 3888 3887 2120
f 696 697 3816
f 1826 1878 639
f 3740 3739 3729
f 956 885 886
f 1980 806 1922
f 33 34 105
f 1343 1344 3856
f 3907 2127 2128
f 1766 1581 1582
f 14 1326 2163
f 595 98 99
f 3233 3238 3246
f 1346 1035 1044
f 748 1888 1425
f 3193 3208 3254
f 3190 3191 3206
f 3612 3605 3606
f 3624 3612 3615
f 3631 3415 3443
f 3679 3680 3644
f 3686 3650 3647
f 3702 3677 3674
f 3625 3615 3600
f 3601 3400 3415
f 3739 3738 3735
f 3630 3627 3594
f 3741 3723 3716
f 1284 1290 1288
f 3698 3696 3680
f 1778 1781 1780
f 1792 1759 1584
f 695 570 571
f 3638 3741 3594
f 3741 3638 3588
f 3247 3248 3209
f 3292 3293 3294
f 3296 3297 3298
f 3299 3298 3300
f 3302 3303 3304
f 3306 3307 3308
f 3307 3310 3311
f 3303 3302 3301
f 3312 3305 3304
f 3314 3315 3316
f 3318 3319 3320
f 3324 3318 3321
f 3326 3327 3328
f 3329 3330 3331
f 3333 3334 3335
f 3337 3338 3339
f 3333 3336 3341
f 3342 3341 3343
f 3319 3345 3344
f 3338 3335 3334
f 3346 3301 3302
f 3305 3348 3347
f 3312 3224 3223
f 3350 3337 3340
f 3312 3349 3348
f 3352 3343 3341
f 3311 3353 3354
f 3341 3336 3327
f 3359 3360 3361
f 3360 3359 3250
f 3318 3363 3345
f 3364 3363 3318
f 3314 3364 3324
f 3366 3299 3301
f 3299 3366 3367
f 3308 3354 3368
f 3369 3317 3295
f 3317 3369 3364
f 3370 3295 3317
f 3325 3371 3365
f 3352 3320 3319
f 3296 3367 3353
f 3297 3296 3311
f 3363 3368 3354
f 3345 3354 3353
f 3344 3353 3367
f 3366 3333 3342
f 3347 3339 3334
f 3339 3347 3348
f 3348 3349 3351
f 3363 3364 3369
f 3294 3309 3368
f 3293 3306 3309
f 3331 3373 3374
f 3346 3334 3333
f 3323 3322 3352
f 3356 3355 3321
f 3355 3357 3325
f 3357 3358 3371
f 3322 3356 3320
f 3361 3330 3329
f 3373 3372 3375
f 3374 3375 3376
f 3329 3332 3376
f 3327 3375 3372
f 3336 3335 3375
f 3335 3338 3376
f 3376 3338 3337
f 3337 3350 3359
f 3359 3350 3276
f 3377 3292 3295
f 3277 3316 3315
f 3371 3378 3379
f 3378 3371 3358
f 3365 3379 3315
f 3316 3277 3279
f 3282 3377 3370
f 3313 3283 3224
f 3378 3285 3284
f 3380 3286 3285
f 3379 3284 3278
f 3276 3350 3351
f 3291 3351 3349
f 3313 3304 2965
f 2965 3304 3303
f 222 3303 3300
f 223 3300 3298
f 3298 3297 3185
f 3297 3310 2977
f 3310 3307 1213
f 3307 3306 1214
f 2532 1214 3306
f 2894 2532 3293
f 2871 2894 3292
f 3253 3225 3240
f 3283 3313 3013
f 1997 1996 1889
f 1237 745 744
f 1535 1534 120
f 1531 1532 201
f 1119 1241 1032
f 946 948 824
f 163 8 5
f 3589 3726 3723
f 1155 1156 1162
f 427 213 327
f 553 1902 796
f 3381 2232 2231
f 3381 3178 2230
f 2237 3183 3180
f 3383 3384 3385
f 3384 3386 3387
f 3386 3388 3389
f 3388 3390 3391
f 3392 3393 3394
f 3395 3394 3396
f 3398 3399 3397
f 3400 3401 3399
f 3403 3404 3405
f 3406 3407 3404
f 3408 3409 3407
f 3410 3411 3409
f 3412 3413 3411
f 3415 3400 3398
f 3414 3398 3396
f 3416 3396 3394
f 3417 3394 3393
f 3393 3419 3420
f 3419 3390 3421
f 3390 3388 3422
f 3388 3386 3423
f 3386 3384 3424
f 3384 3383 3425
f 3425 3383 3426
f 2904 3427 3428
f 3429 3427 2904
f 3430 3429 2902
f 2875 3431 3430
f 3432 3433 2733
f 2825 3434 3435
f 3437 3438 3439
f 3441 3437 3436
f 2724 2723 3434
f 3436 3439 3115
f 3440 3436 3117
f 3443 3415 3414
f 3442 3414 3416
f 3444 3416 3417
f 3445 3417 3418
f 3446 3418 3420
f 3420 3421 3448
f 3421 3422 3449
f 3422 3423 3450
f 3423 3424 3451
f 3424 3425 3452
f 3425 3184 3056
f 3451 3452 2253
f 3450 3451 2252
f 3449 3450 1727
f 3448 3449 2150
f 3453 3447 3448
f 3454 3446 3447
f 3455 3445 3446
f 3456 3444 3445
f 3442 3444 3456
f 3443 3442 3457
f 3459 3460 3458
f 3457 3456 3455
f 3459 3455 3454
f 3462 3460 3459
f 3461 3454 3453
f 3464 3462 3461
f 3463 3453 1941
f 3404 3399 3401
f 3407 3397 3399
f 3409 3395 3397
f 3411 3392 3395
f 3465 3466 3413
f 3467 3468 3469
f 3465 3412 3431
f 3470 3467 3466
f 3438 3470 3432
f 3467 3470 3438
f 3468 3467 3437
f 3471 3469 3468
f 3472 3468 3441
f 3473 3441 3440
f 2712 3440 3119
f 3475 3471 3472
f 3474 3472 3473
f 3476 3473 2712
f 3477 3476 2711
f 3478 3474 3476
f 3479 3475 3474
f 3392 3411 3413
f 3466 3469 3480
f 3419 3393 3392
f 3390 3419 3480
f 3469 3471 3391
f 3389 3391 3471
f 3387 3389 3475
f 3385 3387 3479
f 3482 3477 2400
f 3483 3478 3477
f 3481 3479 3478
f 3484 3482 2402
f 3058 3484 2707
f 3061 3485 3484
f 3485 3483 3482
f 3382 3385 3481
f 3486 3481 3483
f 3426 3383 3382
f 3487 3382 3486
f 3486 3485 3061
f 1961 3057 3487
f 3057 3184 3426
f 3428 3403 3402
f 3427 3406 3403
f 3429 3408 3406
f 3430 3410 3408
f 3431 3412 3410
f 3470 3465 3433
f 3434 3439 3438
f 2723 3115 3439
f 2875 2733 3433
f 2736 2824 3435
f 2947 3428 3488
f 3464 3463 1360
f 1900 1925 1924
f 1736 1717 1718
f 1955 1952 1943
f 1671 1738 1735
f 1696 1750 1698
f 1800 1865 1864
f 2063 2055 2056
f 1737 1734 1717
f 1751 1735 1697
f 943 3885 3899
f 3656 3488 3402
f 1577 1578 1764
f 3917 1598 1599
f 1945 146 82
f 68 6 7
f 147 1542 1543
f 1109 1135 1133
f 1503 1910 1907
f 1499 1501 1909
f 452 1922 735
f 1824 2068 3835
f 1825 2067 2068
f 1463 1462 1022
f 841 1012 1009
f 1568 1547 1955
f 1910 1503 1502
f 1939 1502 422
f 309 280 1940
f 1804 1851 1866
f 269 1482 1954
f 2065 1607 2060
f 3812 1685 1758
f 280 276 552
f 1875 1873 1869
f 1739 1721 1734
f 1778 1779 1790
f 310 1920 1915
f 1909 1908 1906
f 1789 1783 1778
f 978 981 980
f 1584 1759 1731
f 425 426 311
f 148 1543 115
f 2044 3897 3894
f 277 1910 1939
f 1943 1946 1945
f 1461 1462 1463
f 2253 3452 3056
f 2981 2254 3489
f 2209 2998 3489
f 2254 2253 3055
f 2998 926 958
f 2826 2817 2721
f 3490 2739 2721
f 2816 3491 3490
f 2334 2297 2296
f 2298 2297 2334
f 2301 2298 2336
f 2311 2301 2338
f 2312 2311 2354
f 2359 2358 2361
f 2335 2296 2359
f 2414 2413 2365
f 2413 2270 2361
f 2355 2352 2540
f 2541 2540 2539
f 2722 2721 2739
f 3114 2722 2738
f 3110 3112 3121
f 3108 3110 3120
f 3122 1754 3127
f 3112 3122 3126
f 3127 1754 1753
f 3139 3133 2529
f 3744 3775 3133
f 3490 2789 2740
f 3491 2790 2789
f 228 229 91
f 245 244 243
f 248 7 247
f 2 297 296
f 145 146 300
f 327 213 210
f 329 332 331
f 239 241 240
f 373 376 375
f 178 177 176
f 1218 1225 1228
f 3862 1231 1295
f 808 809 824
f 3858 3859 1013
f 3813 3810 1411
f 2154 2149 2159
f 3845 3835 1758
f 306 807 1922
f 2157 2153 1976
f 708 709 2031
f 1450 1226 1227
f 1672 1604 1605
f 1813 1814 1821
f 1717 1716 1715
f 176 159 402
f 1710 1705 3916
f 1712 1580 1577
f 1705 1713 1711
f 971 978 979
f 822 823 1094
f 2909 2810 2793
f 2810 2769 2795
f 2799 2910 2249
f 3662 3643 2910
f 2769 2768 2801
f 3177 3176 3178
f 3178 3381 3180
f 3181 1394 1393
f 3181 1633 1632
f 3182 1632 2244
f 3183 2244 2243
f 3492 2791 2790
f 2808 3492 3491
f 2239 3574 3572
f 1149 1150 3571
f 1150 2009 3567
f 2202 3569 3566
f 2921 3564 3565
f 3568 3560 2133
f 1777 1579 1759
f 1201 1196 1183
f 3561 3554 2195
f 3553 3576 2770
f 3927 3925 1687
f 1516 152 154
f 3549 3562 2974
f 3550 3548 2779
f 2771 2772 3575
f 3070 2771 3546
f 3547 3544 2775
f 1376 1375 1370
f 2767 3543 3556
f 2195 3554 3543
f 2775 3544 3542
f 3377 3282 3545
f 3804 3802 3539
f 2776 3542 3538
f 2240 3572 3535
f 2920 3535 3669
f 3548 3534 2786
f 1805 1850 1851
f 3534 3532 2787
f 2951 2773 3540
f 2772 2951 3531
f 2973 2224 3530
f 2224 2223 3537
f 1957 1953 320
f 306 305 304
f 2770 3576 3528
f 2913 3528 3574
f 2923 3565 3527
f 308 1940 431
f 207 208 132
f 1879 1876 1881
f 3733 3787 3525
f 2475 3070 3558
f 2476 2475 3524
f 2223 2476 3523
f 3522 3549 2803
f 2037 3563 11
f 1959 1958 450
f 2003 3555 3520
f 9 10 334
f 2009 2008 3518
f 2008 2973 3536
f 3877 672 673
f 3515 3550 2778
f 2935 3514 3513
f 111 1149 3570
f 3510 3514 2935
f 683 3876 3885
f 3508 3557 2810
f 736 733 732
f 1795 1804 1803
f 3505 3510 2938
f 3507 3505 2939
f 2950 3512 3504
f 2940 2949 3504
f 3801 3791 3512
f 2868 3509 3502
f 2869 3502 3522
f 1024 1034 1023
f 3500 3503 2948
f 551 1939 442
f 2972 3499 3568
f 2032 3533 3499
f 216 93 1924
f 203 202 201
f 1828 1848 1847
f 1958 1957 449
f 272 271 178
f 2871 3545 3495
f 3619 3669 3564
f 2801 2768 3643
f 2005 3758 3654
f 960 886 899
f 3657 3655 3612
f 3780 3788 3646
f 3151 3646 3593
f 2193 3604 3623
f 3607 3603 3145
f 3603 3649 2761
f 3592 3607 3144
f 2926 3658 3634
f 3634 3592 3104
f 3755 3754 3746
f 566 567 3758
f 3488 3656 1864
f 1602 1586 2079
f 2868 3658 3611
f 2922 3611 3610
f 2923 3610 3618
f 3670 3613 2918
f 3619 3670 3614
f 2921 3618 3670
f 2920 3614 3586
f 3613 3642 2915
f 2917 2766 3622
f 2916 2917 3641
f 2239 3587 3652
f 2911 3640 3652
f 3643 3640 2911
f 2797 2801 3662
f 2797 3591 3598
f 3622 3628 2763
f 3608 3628 2764
f 2194 3623 3648
f 2221 3648 3649
f 2756 3608 3609
f 2750 3598 3609
f 3669 3535 1817
f 3763 3770 1691
f 2515 3621 3590
f 2548 3590 3593
f 2513 2489 3632
f 2513 3616 3621
f 2509 3633 3620
f 2510 3632 3633
f 2289 3620 3639
f 2283 3639 3617
f 2240 3586 3587
f 3659 3657 3624
f 716 2121 3887
f 727 1999 3761
f 2165 2171 2170
f 3660 3659 3626
f 3743 3581 3578
f 2175 2172 769
f 2100 500 2095
f 3758 567 3757
f 640 3560 3568
f 1653 3576 3553
f 1895 3536 3530
f 746 3530 3537
f 1653 1810 3528
f 3762 1603 1604
f 2093 2075 2073
f 959 996 995
f 962 899 919
f 1400 1401 1398
f 1000 817 1127
f 956 959 884
f 1662 3548 3550
f 2034 3558 3546
f 3926 1689 3539
f 3535 3572 766
f 3572 3574 765
f 334 3570 3571
f 1868 3531 3540
f 1684 1651 1652
f 1682 1683 775
f 1585 1603 3762
f 3763 3762 1672
f 2173 2174 490
f 1658 3544 3547
f 3556 3543 1650
f 1571 3754 2010
f 1587 3664 3671
f 2099 2095 2077
f 787 3761 1999
f 2000 3694 786
f 3155 339 3697
f 3713 3155 3683
f 2180 2179 3685
f 3496 2180 3684
f 1684 3846 3840
f 1760 464 3495
f 2607 3689 3693
f 2581 3676 3689
f 2371 2502 3700
f 2371 3695 3693
f 2587 3676 3675
f 2586 3675 3697
f 2497 3691 3687
f 2502 2503 3687
f 2494 3691 3690
f 3690 3688 2472
f 3688 3701 2468
f 3701 3703 2469
f 726 3908 3892
f 581 3567 3518
f 10 3511 3570
f 1837 3514 3510
f 741 3537 3523
f 1299 3524 3558
f 1851 3507 3504
f 3527 3565 1820
f 580 3518 3536
f 1758 1685 3522
f 1693 3557 3508
f 3504 3512 1867
f 1894 1826 3568
f 2126 1418 3813
f 3906 2126 3841
f 2113 3911 3867
f 2179 3713 3789
f 624 3903 3904
f 2192 3604 3788
f 2177 3541 3787
f 1364 3824 3833
f 3858 3855 1470
f 3135 1753 3775
f 2069 3812 3835
f 1351 3861 3853
f 2108 3882 3901
f 2089 2092 3736
f 3828 3834 1358
f 2001 3749 3783
f 2187 3783 3719
f 2130 3756 3752
f 2004 3752 3749
f 2014 3724 3779
f 2201 3779 3756
f 3167 3720 3759
f 3168 3724 3720
f 3159 3709 3764
f 3160 3764 3765
f 3730 3707 3158
f 3158 3707 3709
f 2200 3069 3730
f 3685 3789 3742
f 3722 3774 2197
f 3790 3736 2092
f 3774 3790 3721
f 3154 3706 3790
f 3155 3713 3706
f 2091 3719 3721
f 2196 3148 3750
f 2193 2196 3776
f 3604 2193 3781
f 2086 2192 3780
f 2087 2086 3778
f 2204 3742 3751
f 2205 3751 3750
f 3909 3886 574
f 2124 2087 3777
f 2208 2124 3760
f 3711 3785 3140
f 3785 3745 3138
f 3745 3744 3139
f 3771 3712 3136
f 3712 3711 3137
f 3775 3767 3131
f 3767 3782 3132
f 1813 3839 3838
f 1293 3854 3856
f 2184 2321 3748
f 2181 2184 3732
f 3765 3768 3079
f 3768 3734 3080
f 709 3873 3875
f 2774 2961 3737
f 3786 3769 2134
f 3809 3808 766
f 2968 3784 3766
f 2969 3759 3784
f 2958 3747 3737
f 2132 3747 3766
f 2321 2185 3771
f 3860 3848 1449
f 3905 3874 582
f 3886 3889 577
f 3847 3826 1818
f 705 3902 3887
f 3816 3912 3907
f 2111 3883 3911
f 3810 3829 1366
f 1812 3839 3822
f 675 3851 3852
f 3496 3705 3851
f 2110 3867 3868
f 2104 3896 3901
f 2109 3868 3899
f 3842 3831 703
f 1680 3811 3846
f 1639 1627 3819
f 623 3904 3906
f 2139 2140 3866
f 1808 1640 3844
f 3820 3821 1819
f 3872 3914 3900
f 1646 3832 3830
f 3889 3890 633
f 2139 3865 3875
f 2156 2155 3871
f 674 3852 3913
f 2117 3817 3812
f 1815 3822 3847
f 3855 3849 1444
f 697 3906 3912
f 866 842 3836
f 3864 3869 2136
f 3585 3731 3726
f 3583 3740 3731
f 3753 3746 3738
f 3740 3583 3581
f 1088 3738 3746
f 3739 3740 3743
f 2791 3492 3493
f 3492 2808 2807
f 2792 3493 3494
f 3493 2807 2806
f 3508 2909 3494
f 3516 3494 2806
f 2948 3503 3791
f 2105 3908 3896
f 3538 3802 3804
f 680 3878 3876
f 1891 1890 3910
f 2905 3799 3801
f 2900 3797 3799
f 2901 3797 3807
f 2734 2878 3806
f 2877 3807 3806
f 2820 3800 3794
f 2818 3796 3792
f 2823 3793 3792
f 2822 3793 3798
f 2819 2735 3800
f 2817 3796 3795
f 2809 3805 3795
f 2808 3805 3803
f 2805 3804 3803
f 1702 3921 3923
f 3922 3920 1797
f 3915 3916 1706
f 3918 3927 1692
f 1657 3898 3880
f 1890 1877 3895
f 3772 3770 1674
f 1689 1690 3772
f 3926 3802 3538
f 3516 3539 1689
f 3917 3923 1703
f 1598 3917 3928
f 3880 3884 1876
f 1691 1690 3925
f 3925 3926 1688
