v 0.069240 -0.015470 -0.058080
v 0.073161 -0.016423 -0.057003
v 0.073666 -0.014756 -0.056767
v 0.069035 -0.013831 -0.057842
v 0.080768 -0.013174 -0.067751
v 0.080327 -0.009362 -0.064207
v 0.080381 -0.006222 -0.063825
v 0.079706 -0.006565 -0.066970
v 0.029598 -0.055841 -0.133960
v 0.012533 -0.056128 -0.139820
v 0.013551 -0.068864 -0.137714
v 0.030334 -0.070546 -0.130624
v 0.056355 -0.094344 -0.105210
v 0.049871 -0.086245 -0.113361
v 0.048383 -0.099310 -0.116903
v 0.059265 -0.102204 -0.101652
v 0.042965 0.053103 0.042637
v 0.050681 0.051807 0.036270
v 0.049564 0.045525 0.040084
v -0.070297 -0.015198 -0.057268
v -0.074334 -0.016141 -0.056263
v -0.074891 -0.014654 -0.056134
v -0.070543 -0.013775 -0.057054
v -0.082476 -0.013554 -0.068451
v -0.081215 -0.009908 -0.064885
v -0.080333 -0.006829 -0.064665
v -0.080627 -0.007211 -0.067728
v 0.041942 0.046211 0.044915
v 0.101868 0.010733 -0.078012
v 0.102030 0.007848 -0.079625
v 0.102680 0.006182 -0.077946
v 0.102416 0.008773 -0.076677
v 0.098067 -0.009249 -0.076882
v 0.097859 -0.001235 -0.078315
v 0.099292 0.001554 -0.078673
v 0.099296 -0.000701 -0.078332
v 0.098139 -0.020812 -0.074213
v 0.097154 -0.020052 -0.073532
v 0.098962 -0.015096 -0.075543
v 0.099797 -0.015398 -0.076542
v 0.085398 -0.043606 -0.046667
v 0.087759 -0.041181 -0.049124
v 0.088431 -0.043173 -0.050358
v 0.083352 -0.044605 -0.048710
v 0.079686 -0.043273 -0.049715
v 0.084224 -0.043436 -0.054148
v 0.082669 -0.039970 -0.055848
v 0.079134 -0.040304 -0.052172
v 0.096555 0.021146 -0.061688
v 0.096904 0.017796 -0.061505
v 0.095150 0.017084 -0.058676
v 0.094676 0.020426 -0.058843
v 0.080358 -0.015164 -0.075325
v 0.078531 -0.021788 -0.072631
v 0.084238 -0.016076 -0.074289
v 0.084654 -0.013270 -0.074854
v 0.094680 0.009636 -0.070272
v 0.095777 0.010981 -0.073737
v 0.096339 0.008697 -0.075123
v 0.095087 0.006788 -0.072525
v 0.097300 0.012781 -0.078882
v 0.097574 0.009672 -0.080592
v 0.082175 -0.033487 -0.044457
v 0.080182 -0.029234 -0.044035
v 0.080628 -0.027321 -0.045867
v 0.081834 -0.028638 -0.047004
v 0.079127 -0.013285 -0.064647
v 0.081289 -0.008912 -0.062366
v 0.094534 -0.032462 -0.067906
v 0.094221 -0.030438 -0.067358
v 0.095980 -0.025876 -0.071438
v 0.096119 -0.027149 -0.072039
v 0.091292 -0.027746 -0.065380
v 0.093260 -0.024725 -0.069155
v 0.094299 -0.023859 -0.071161
v 0.093171 -0.026325 -0.069111
v 0.097922 0.013403 -0.068772
v 0.095631 0.015272 -0.064094
v 0.096328 0.015796 -0.064529
v 0.098378 0.013505 -0.069851
v 0.087085 -0.000241 -0.074563
v 0.085745 0.005221 -0.072520
v 0.084453 0.004257 -0.072518
v 0.085762 -0.000432 -0.074355
v 0.098498 0.009766 -0.076622
v 0.098886 0.006869 -0.077846
v 0.096927 0.005825 -0.076867
v 0.084001 0.006761 -0.058794
v 0.084239 0.007756 -0.059976
v 0.084688 0.006013 -0.060489
v 0.084174 0.004676 -0.059147
v 0.087489 -0.043798 -0.054281
v 0.075899 -0.030382 -0.065269
v 0.078048 -0.029572 -0.066424
v 0.080606 -0.025351 -0.069644
v 0.079120 -0.024005 -0.069892
v 0.080424 -0.041870 -0.044342
v 0.083702 -0.041756 -0.043810
v 0.084767 -0.043163 -0.045290
v 0.081281 -0.043677 -0.045917
v 0.087198 0.011291 -0.059780
v 0.089465 0.010897 -0.062467
v 0.087703 0.009733 -0.061602
v 0.086087 0.009895 -0.059566
v 0.096458 -0.003383 -0.076766
v 0.095272 0.003784 -0.074583
v 0.095797 -0.013533 -0.070925
v 0.096151 -0.013214 -0.074318
v 0.095311 -0.017758 -0.072890
v -0.033189 -0.056218 -0.133805
v -0.016100 -0.056258 -0.139771
v -0.017208 -0.069093 -0.137631
v -0.034057 -0.071085 -0.130365
v 0.095362 -0.017981 -0.069711
v 0.095587 -0.005007 -0.070685
v 0.096121 -0.004716 -0.074550
v 0.099900 0.005254 -0.076394
v 0.099848 -0.001245 -0.077155
v 0.099492 0.005938 -0.077027
v 0.083370 0.008481 -0.069625
v 0.083074 0.011696 -0.073658
v 0.082030 0.004420 -0.076358
v 0.083482 0.005637 -0.071410
v 0.080884 -0.022693 -0.046987
v 0.082019 -0.020188 -0.048604
v 0.081163 -0.022824 -0.050232
v 0.080673 -0.025170 -0.049662
v 0.081563 -0.027657 -0.068452
v 0.079048 -0.030967 -0.065632
v 0.079935 -0.031716 -0.064911
v 0.082692 -0.029946 -0.066953
v 0.092045 0.012630 -0.064504
v 0.091980 0.006577 -0.065489
v 0.090247 0.006437 -0.064124
v 0.087714 -0.026587 -0.055795
v 0.087956 -0.025072 -0.058209
v 0.089586 -0.028425 -0.060108
v 0.089124 -0.030661 -0.057935
v 0.091233 -0.039483 -0.061221
v 0.088414 -0.039296 -0.061326
v 0.086370 -0.041735 -0.057648
v 0.089456 -0.042228 -0.057575
v 0.081006 -0.026569 -0.048252
v 0.080441 -0.025584 -0.046463
v 0.089662 0.000218 -0.076310
v 0.088210 0.006848 -0.074064
v 0.094071 0.004763 -0.070167
v 0.094569 0.002180 -0.071816
v 0.082518 -0.008693 -0.054074
v 0.079820 -0.008109 -0.055521
v 0.079741 -0.008921 -0.055771
v 0.083053 -0.010425 -0.053909
v 0.083109 -0.008594 -0.052284
v 0.083659 -0.010315 -0.052253
v 0.083387 -0.010688 -0.050584
v 0.082986 -0.009699 -0.050399
v 0.079061 -0.007873 -0.056676
v 0.079237 -0.008171 -0.056090
v 0.079669 -0.007613 -0.056452
v 0.083804 -0.005552 -0.067930
v 0.085830 -0.013911 -0.070376
v 0.082612 -0.013403 -0.070021
v 0.079128 -0.005252 -0.068293
v 0.096807 -0.011862 -0.076125
v 0.090893 0.016543 -0.054324
v 0.088730 0.018541 -0.054520
v 0.091602 0.022223 -0.059370
v 0.081707 -0.022976 -0.060943
v 0.084473 -0.022401 -0.057327
v 0.082894 -0.022666 -0.055562
v 0.080916 -0.023670 -0.059020
v 0.079779 -0.018134 -0.053866
v 0.078049 -0.021941 -0.052819
v 0.082360 -0.019739 -0.051998
v 0.082880 -0.002323 -0.051589
v 0.081224 -0.006387 -0.055527
v 0.082228 -0.007468 -0.053604
v 0.082599 -0.007094 -0.051840
v 0.097840 -0.021440 -0.075185
v 0.099702 -0.015782 -0.077902
v 0.097253 -0.015388 -0.078484
v 0.095673 -0.021584 -0.075846
v 0.080623 -0.037724 -0.042561
v 0.078036 -0.040855 -0.045667
v 0.079394 -0.034013 -0.041601
v 0.100996 0.017947 -0.071624
v 0.096484 0.020352 -0.072083
v 0.096835 0.018305 -0.074712
v 0.101419 0.015796 -0.074030
v 0.079033 -0.001160 -0.062105
v 0.079521 -0.003258 -0.061804
v 0.080077 -0.001654 -0.059930
v 0.079823 0.000282 -0.059881
v 0.057113 -0.040260 -0.112123
v 0.067453 -0.040294 -0.090865
v 0.069666 -0.025284 -0.098683
v 0.061379 -0.025432 -0.115835
v 0.092134 -0.036875 -0.061075
v 0.091516 -0.039324 -0.057609
v 0.084706 0.006096 -0.049214
v 0.083490 0.008548 -0.047640
v 0.083718 0.014594 -0.049624
v 0.085480 0.010681 -0.049349
v 0.098393 0.000929 -0.081764
v 0.102061 -0.000022 -0.080599
v 0.086693 0.011615 -0.057764
v 0.090936 0.015963 -0.060811
v 0.088385 0.013208 -0.060026
v 0.086493 0.011393 -0.058302
v 0.085465 0.003332 -0.055596
v 0.086428 0.004666 -0.054961
v 0.085080 0.005490 -0.055711
v 0.083834 0.003987 -0.055935
v 0.082260 0.014006 -0.046308
v 0.083543 0.019511 -0.049833
v 0.074900 -0.031504 -0.065518
v 0.086391 0.004688 -0.052494
v 0.087368 0.007679 -0.051481
v 0.087744 0.006512 -0.054335
v -0.060083 -0.095459 -0.104388
v -0.053667 -0.087287 -0.112574
v -0.052134 -0.100204 -0.116373
v -0.062875 -0.103272 -0.101065
v 0.079064 -0.027924 -0.041427
v 0.079799 -0.026055 -0.044282
v 0.085710 0.010119 -0.058304
v 0.085027 0.008946 -0.058307
v 0.083360 0.005273 -0.057900
v 0.083627 0.002962 -0.059520
v 0.090655 -0.004530 -0.066099
v 0.093132 -0.013251 -0.068350
v 0.074345 -0.024488 -0.082668
v 0.073130 -0.039759 -0.067847
v 0.084035 0.005714 -0.056013
v 0.083894 0.005801 -0.056324
v 0.082798 0.005041 -0.056991
v 0.082934 0.004587 -0.056272
v 0.090566 -0.041257 -0.054325
v 0.089019 0.002390 -0.063843
v 0.085585 0.000554 -0.061965
v 0.086166 0.003004 -0.061082
v 0.099904 -0.010079 -0.076592
v 0.100935 -0.001372 -0.077393
v 0.102534 -0.000703 -0.078954
v 0.101356 -0.010179 -0.077903
v 0.078455 -0.041923 -0.047490
v 0.079393 -0.004081 -0.062894
v 0.080992 -0.005823 -0.062072
v 0.080541 0.001894 -0.059941
v 0.081522 0.003502 -0.057869
v 0.079911 -0.022633 -0.044203
v 0.097416 0.013973 -0.073514
v 0.098014 0.012029 -0.075081
v 0.095639 0.012612 -0.072268
v 0.095122 0.013899 -0.070550
v 0.094220 0.015334 -0.066630
v 0.094655 0.016381 -0.066094
v 0.096539 0.015485 -0.071264
v 0.084249 0.001597 -0.061093
v 0.085322 0.003627 -0.060082
v 0.087246 -0.028048 -0.053698
v 0.088695 -0.034625 -0.054489
v 0.094218 -0.021657 -0.070465
v 0.093903 -0.021091 -0.067514
v 0.093702 -0.009179 -0.079702
v 0.093513 0.000573 -0.080431
v 0.091355 0.000272 -0.078259
v 0.091886 -0.008958 -0.078341
v 0.084598 -0.007116 -0.075039
v 0.081487 -0.006553 -0.075998
v 0.082501 -0.008473 -0.049617
v 0.081635 -0.004380 -0.047200
v 0.080316 0.001139 -0.060234
v 0.080889 0.002763 -0.057774
v 0.086234 -0.024983 -0.071055
v 0.082781 -0.033301 -0.063304
v 0.086748 -0.027592 -0.069236
v 0.078412 -0.033963 -0.060949
v 0.078550 -0.035292 -0.058162
v 0.081329 -0.035278 -0.059998
v 0.091262 -0.025884 -0.064330
v 0.093074 -0.024378 -0.067286
v 0.078333 -0.008050 -0.057539
v 0.076599 -0.009610 -0.059075
v 0.077905 -0.008822 -0.056994
v 0.093925 -0.004903 -0.067917
v 0.095034 -0.013286 -0.068916
v 0.086723 0.006808 -0.055181
v 0.083663 -0.003448 -0.057567
v 0.085053 0.000050 -0.054710
v 0.090015 0.010990 -0.054240
v 0.088415 0.008822 -0.055262
v 0.087825 0.007888 -0.054981
v 0.088847 0.008674 -0.053869
v 0.071901 -0.019281 -0.057615
v 0.075703 -0.020900 -0.056023
v 0.077050 -0.017370 -0.055726
v 0.093545 0.016842 -0.064835
v 0.093991 0.014826 -0.066182
v 0.090245 0.007539 -0.075727
v 0.085093 0.008099 -0.061229
v 0.085827 0.006379 -0.062058
v 0.085429 0.022007 -0.066774
v 0.085615 0.020083 -0.063233
v 0.085834 0.020380 -0.061886
v 0.085674 0.024883 -0.061479
v 0.078962 -0.038468 -0.053868
v 0.081603 -0.037853 -0.057009
v 0.080853 -0.036517 -0.057941
v 0.078707 -0.036889 -0.055703
v 0.082134 -0.022863 -0.054817
v 0.080666 -0.023960 -0.057801
v 0.095583 -0.019919 -0.073510
v 0.094733 -0.020912 -0.072385
v 0.095863 -0.016466 -0.074671
v 0.097263 -0.015166 -0.075564
v 0.080362 -0.000422 -0.063844
v 0.078752 -0.001768 -0.064538
v 0.085723 0.013492 -0.065231
v 0.088596 0.015979 -0.066621
v 0.087634 0.019031 -0.062348
v 0.085365 0.016950 -0.062288
v 0.092147 0.008397 -0.078066
v 0.085696 0.004767 -0.061580
v 0.086401 0.004930 -0.062594
v 0.085239 0.005310 -0.061155
v 0.082981 0.003003 -0.056321
v 0.084641 0.001881 -0.056294
v 0.089408 0.010734 -0.056190
v 0.093190 0.014797 -0.059704
v 0.092284 0.014315 -0.059641
v 0.088705 0.011228 -0.056946
v 0.084066 0.007565 -0.057323
v 0.014175 -0.043311 -0.144767
v 0.015893 -0.032132 -0.150484
v -0.042474 0.052747 0.041747
v -0.050515 0.051423 0.035489
v -0.049272 0.045219 0.039253
v -0.041290 0.045981 0.043948
v 0.086248 0.018953 -0.054351
v 0.087582 0.020978 -0.058644
v 0.088697 0.021618 -0.059143
v 0.086982 0.019734 -0.055593
v 0.094920 0.012530 -0.069958
v 0.099390 0.008625 -0.075678
v 0.081950 -0.006884 -0.060032
v 0.078411 -0.010320 -0.060449
v 0.068832 -0.012515 -0.059311
v 0.069118 -0.011149 -0.059395
v 0.069809 -0.011642 -0.060459
v 0.069307 -0.013320 -0.060552
v 0.071975 -0.018075 -0.061743
v 0.074980 -0.019280 -0.060121
v 0.074271 -0.021278 -0.058369
v 0.071209 -0.020738 -0.060944
v 0.068092 -0.015987 -0.060039
v 0.068499 -0.014236 -0.059460
v 0.069260 -0.015203 -0.060954
v 0.069354 -0.017381 -0.061575
v 0.092717 0.016075 -0.062532
v 0.094813 0.016130 -0.064072
v 0.100633 0.007659 -0.075069
v 0.100967 0.005203 -0.076541
v 0.098427 0.012806 -0.072429
v 0.098965 0.010942 -0.074019
v 0.082399 -0.017274 -0.048450
v 0.083343 -0.016981 -0.050866
v 0.083018 -0.018808 -0.050716
v 0.101614 0.011391 -0.075017
v 0.101634 0.013332 -0.076155
v 0.083569 -0.037465 -0.043714
v 0.082601 -0.039236 -0.042645
v 0.057493 -0.115096 -0.020152
v 0.068355 -0.107949 -0.036366
v 0.067601 -0.118248 -0.034978
v 0.056719 -0.125470 -0.020237
v 0.089446 0.013761 -0.052719
v 0.087781 0.016530 -0.052519
v 0.068728 -0.017680 -0.058656
v 0.068760 -0.018768 -0.060612
v 0.071253 -0.020526 -0.059196
v 0.073955 -0.012998 -0.056753
v 0.069731 -0.012448 -0.057641
v 0.071746 -0.015980 -0.061503
v 0.073288 -0.010369 -0.060067
v 0.074045 -0.009516 -0.058266
v 0.077253 -0.024530 -0.053713
v 0.079119 -0.024817 -0.056327
v 0.080819 -0.025047 -0.052399
v 0.068935 -0.019234 -0.061524
v 0.080399 0.000706 -0.061429
v 0.074897 -0.014737 -0.061031
v 0.078603 -0.017485 -0.062661
v 0.078464 -0.019951 -0.061508
v 0.074806 -0.016976 -0.061055
v 0.090018 -0.028935 -0.062160
v 0.090137 -0.026995 -0.062032
v 0.082941 -0.022218 -0.063092
v 0.086129 -0.022085 -0.060750
v 0.081527 -0.004049 -0.060311
v 0.083058 -0.000705 -0.058176
v 0.078644 -0.007782 -0.057238
v 0.075674 -0.012187 -0.060444
v 0.077974 -0.014364 -0.062558
v 0.074141 -0.011424 -0.056945
v 0.078086 -0.011286 -0.056177
v 0.077840 -0.010179 -0.056458
v 0.074036 -0.010319 -0.057212
v 0.088633 0.006372 -0.063324
v 0.086329 0.014188 -0.050858
v 0.088337 0.010887 -0.051681
v 0.084997 0.025873 -0.079697
v 0.082873 0.016396 -0.085744
v 0.084513 0.017928 -0.071356
v 0.071593 -0.013850 -0.061032
v 0.069888 -0.010109 -0.059096
v 0.070460 -0.010474 -0.057670
v 0.095314 -0.024481 -0.071038
v 0.082256 -0.025402 -0.051709
v 0.081361 0.001110 -0.057671
v 0.093114 -0.014844 -0.077842
v 0.092057 -0.020747 -0.075486
v 0.080644 0.002289 -0.057916
v 0.081694 0.003483 -0.056708
v 0.079952 -0.024418 -0.057257
v 0.081777 -0.023961 -0.053726
v 0.082112 0.003930 -0.056572
v 0.082807 -0.017678 -0.052463
v 0.093846 0.006443 -0.068747
v 0.085678 -0.036784 -0.062512
v 0.084212 -0.038533 -0.058980
v 0.070094 -0.011302 -0.057677
v 0.074010 -0.021223 -0.057847
v 0.072837 -0.011992 -0.060801
v 0.080716 -0.013473 -0.054554
v 0.080467 -0.015927 -0.054210
v 0.083117 -0.015173 -0.052710
v 0.087595 -0.021717 -0.062698
v 0.083275 -0.020769 -0.065730
v 0.084638 -0.019670 -0.067846
v 0.089294 -0.021027 -0.064539
v 0.090905 -0.026046 -0.072866
v 0.089563 -0.030841 -0.069075
v 0.092803 -0.032506 -0.068146
v 0.094349 -0.027573 -0.072503
v 0.085276 0.042013 -0.087960
v 0.085955 0.032454 -0.071721
v 0.086310 0.049388 -0.075226
v 0.091367 0.017190 -0.072036
v 0.091520 0.014625 -0.074070
v 0.096909 0.015585 -0.076850
v 0.085000 0.022951 -0.055352
v 0.086166 0.020274 -0.060010
v 0.085812 0.021109 -0.057965
v 0.097899 -0.009450 -0.080475
v 0.083748 0.001752 -0.050193
v 0.085765 0.002278 -0.053421
v 0.084790 -0.023394 -0.071677
v 0.089872 -0.023406 -0.062429
v 0.091970 -0.022712 -0.064814
v 0.098493 0.017804 -0.064382
v 0.095143 0.015755 -0.061773
v 0.014239 -0.133115 0.017563
v 0.013339 -0.140207 0.013591
v 0.009406 -0.005998 0.066325
v 0.010965 -0.006266 0.064966
v 0.009715 -0.004327 0.064009
v 0.008935 -0.004268 0.064620
v 0.009943 -0.015441 0.064631
v 0.009328 -0.013713 0.063615
v 0.010332 -0.013947 0.062929
v 0.011160 -0.015349 0.063599
v 0.006525 -0.004612 0.063668
v 0.005030 -0.007502 0.066440
v 0.006522 -0.006129 0.067973
v 0.007656 -0.003869 0.064522
v 0.097610 0.021173 -0.065312
v 0.013574 -0.015536 0.063875
v 0.012386 -0.013880 0.062912
v 0.013518 -0.013074 0.064657
v 0.015250 -0.014363 0.065551
v 0.005690 -0.014505 0.072808
v 0.007023 -0.012272 0.072960
v 0.005565 -0.013319 0.070488
v 0.005501 -0.015227 0.070067
v 0.008954 -0.011527 0.072349
v 0.011043 -0.011951 0.074087
v 0.012934 -0.011980 0.072275
v 0.010578 -0.011541 0.070694
v 0.005520 -0.011066 0.065582
v 0.006533 -0.012981 0.066751
v 0.004746 -0.011072 0.069255
v 0.013511 -0.011008 0.063055
v 0.011789 -0.012152 0.061722
v 0.010842 -0.008181 0.060990
v 0.012303 -0.007319 0.062004
v 0.062419 -0.097895 -0.021013
v 0.070227 -0.093950 -0.039805
v 0.037873 0.007318 0.039269
v 0.036920 0.004271 0.040550
v 0.032384 0.005682 0.041361
v 0.033524 0.008372 0.040246
v 0.083805 -0.012595 -0.051601
v 0.083261 -0.011724 -0.050110
v 0.091408 0.011609 -0.076021
v 0.097712 0.014204 -0.069333
v 0.091308 0.019087 -0.069531
v 0.089958 0.021359 -0.064573
v 0.088671 0.020058 -0.063457
v 0.089832 0.017410 -0.067920
v 0.100820 0.015082 -0.070625
v 0.084183 -0.027149 -0.050899
v 0.091571 0.001713 -0.065484
v 0.089359 0.021746 -0.061921
v 0.092867 0.023057 -0.062658
v 0.099148 -0.010090 -0.076451
v 0.101323 0.013321 -0.072856
v 0.099218 0.011891 -0.071689
v 0.091346 0.013474 -0.055139
v 0.085698 -0.017359 -0.070200
v 0.092642 -0.017257 -0.067796
v 0.091108 -0.019902 -0.066239
v -0.101883 0.011348 -0.080006
v -0.102065 0.008436 -0.081457
v -0.102346 0.006787 -0.079403
v -0.102130 0.009377 -0.078442
v -0.099136 -0.008983 -0.078157
v -0.098698 -0.000922 -0.079932
v -0.099534 0.001959 -0.080400
v -0.099989 -0.000350 -0.079889
v 0.084981 -0.019080 -0.069219
v 0.078467 -0.002761 -0.064190
v 0.079533 -0.021791 -0.041112
v 0.090227 -0.033962 -0.058908
v -0.099157 -0.020224 -0.074641
v -0.098371 -0.019639 -0.074210
v -0.100184 -0.014702 -0.075951
v -0.100570 -0.014858 -0.076876
v 0.090742 -0.032636 -0.062091
v 0.031786 -0.042202 -0.137849
v 0.035425 -0.030093 -0.142602
v 0.100943 -0.009972 -0.079613
v 0.092435 0.015659 -0.063325
v 0.086195 -0.027827 -0.052384
v 0.086131 -0.034480 -0.051113
v 0.084692 -0.033843 -0.048684
v 0.086253 0.005418 -0.062344
v 0.083783 -0.022182 -0.072010
v 0.083850 -0.019707 -0.072923
v 0.070142 -0.010715 -0.060268
v 0.087859 -0.029107 -0.069020
v 0.084306 -0.035070 -0.062971
v 0.072983 -0.089657 -0.058407
v 0.069395 -0.086287 -0.078700
v -0.086656 -0.043094 -0.047739
v -0.088998 -0.040762 -0.050094
v -0.089703 -0.042839 -0.051339
v -0.084860 -0.044197 -0.049815
v 0.070643 -0.098241 -0.073941
v 0.073102 -0.102398 -0.054490
v 0.080548 -0.006215 -0.042382
v 0.081351 -0.014186 -0.046071
v 0.080415 -0.015356 -0.043634
v 0.032178 -0.121498 0.009326
v 0.028356 -0.133708 0.005746
v 0.080722 -0.021000 -0.035799
v 0.082103 -0.020886 -0.024151
v 0.081526 -0.003449 -0.024694
v 0.081042 -0.010170 -0.035390
v 0.066298 0.033834 0.015060
v 0.068409 0.033638 0.010015
v 0.069282 0.023348 0.009482
v 0.066583 0.025434 0.013764
v 0.021393 0.092992 0.031724
v 0.010598 0.093751 0.033782
v 0.010572 0.101413 0.027797
v 0.021671 0.100320 0.025245
v 0.037230 -0.020754 -0.145080
v 0.038778 -0.009155 -0.148213
v 0.017946 -0.012752 -0.156662
v 0.016925 -0.023585 -0.153252
v 0.021641 0.117657 0.001820
v 0.010389 0.119365 0.004691
v 0.010471 0.124359 -0.005805
v -0.081328 -0.042854 -0.050708
v -0.085633 -0.043034 -0.055288
v -0.084193 -0.039780 -0.056866
v -0.080867 -0.040207 -0.053098
v 0.021868 0.122346 -0.008352
v 0.059041 0.003290 0.028472
v 0.061465 -0.004033 0.028611
v 0.056743 -0.004323 0.032924
v 0.054931 0.002974 0.031947
v 0.086585 -0.039868 -0.047397
v 0.085357 -0.038957 -0.045805
v -0.096955 0.021627 -0.063226
v -0.096990 0.018256 -0.063171
v -0.094910 0.017537 -0.060556
v -0.095091 0.020933 -0.060247
v -0.084301 -0.016177 -0.076017
v -0.082458 -0.022772 -0.073212
v -0.088133 -0.016948 -0.075284
v -0.088444 -0.014206 -0.075996
v 0.010631 0.128569 -0.018066
v 0.022253 0.126343 -0.020198
v 0.014333 0.016760 0.047718
v -0.094719 0.009656 -0.071991
v -0.096362 0.011061 -0.075508
v -0.096539 0.009018 -0.076982
v -0.095356 0.007044 -0.074365
v -0.097659 0.013326 -0.080737
v -0.098040 0.010158 -0.082458
v -0.083856 -0.033304 -0.044948
v -0.082262 -0.029001 -0.044288
v -0.082482 -0.027046 -0.046141
v -0.083389 -0.028423 -0.047446
v -0.080440 -0.013745 -0.064965
v -0.081511 -0.009318 -0.063074
v -0.095572 -0.031821 -0.068635
v -0.095660 -0.029973 -0.067910
v -0.097205 -0.025204 -0.071806
v -0.097172 -0.026402 -0.072633
v 0.014781 0.018756 0.044255
v 0.018627 0.014883 0.043078
v 0.018121 0.012643 0.045958
v 0.008924 0.065527 0.046756
v 0.009644 0.073154 0.042686
v 0.019123 0.073205 0.041270
v 0.018080 0.065840 0.046061
v 0.023261 0.011475 0.041632
v 0.022468 0.009466 0.043609
v 0.010472 0.108063 0.020924
v 0.021717 0.106789 0.018066
v 0.021180 0.131600 -0.072151
v -0.092495 -0.027489 -0.066184
v -0.094693 -0.024492 -0.070172
v -0.095607 -0.023523 -0.072066
v -0.094652 -0.026093 -0.069888
v 0.021947 0.132165 -0.063156
v 0.010082 0.134857 -0.063669
v -0.097943 0.013957 -0.070657
v -0.095579 0.015794 -0.065856
v -0.096297 0.016084 -0.066361
v -0.098371 0.013811 -0.071712
v 0.010914 0.133638 -0.076741
v 0.073732 -0.005053 -0.105064
v 0.078094 -0.006259 -0.088532
v 0.080609 0.006516 -0.089501
v 0.077530 0.012600 -0.106489
v 0.046633 -0.111950 -0.003877
v 0.043139 -0.124777 -0.006153
v -0.089292 -0.000396 -0.075393
v -0.087919 0.005089 -0.073343
v -0.087496 0.003720 -0.073217
v -0.089046 -0.001227 -0.075070
v -0.098619 0.010102 -0.078507
v -0.099044 0.007248 -0.079700
v -0.097191 0.006212 -0.078691
v -0.084665 0.006413 -0.059987
v -0.084752 0.007156 -0.061099
v -0.085021 0.005668 -0.061608
v -0.084701 0.004339 -0.060257
v -0.088777 -0.043630 -0.055480
v -0.079602 -0.031191 -0.065693
v -0.081253 -0.030035 -0.066906
v -0.084101 -0.025879 -0.070138
v -0.082862 -0.024872 -0.070476
v 0.057608 0.056951 0.022730
v 0.059568 0.062191 0.017813
v 0.063327 0.054531 0.013888
v 0.061359 0.050394 0.019316
v 0.007289 0.053357 0.052426
v 0.015462 0.053462 0.052459
v 0.013389 0.047211 0.052755
v 0.006529 0.047131 0.052980
v -0.082026 -0.041466 -0.045061
v -0.085120 -0.041135 -0.044705
v -0.086164 -0.042474 -0.046281
v -0.082843 -0.043075 -0.046979
v 0.066385 0.017503 0.013912
v 0.069663 0.013695 0.010739
v 0.068569 0.005086 0.015681
v 0.065120 0.010016 0.017763
v 0.061990 0.004688 0.024536
v -0.087770 0.010769 -0.061125
v -0.089923 0.010512 -0.063930
v -0.088244 0.009278 -0.062946
v -0.086715 0.009380 -0.060837
v 0.064723 -0.002180 0.024244
v -0.097722 -0.003034 -0.078260
v -0.095989 0.004138 -0.076312
v 0.020396 0.082920 0.037351
v 0.010190 0.083351 0.038944
v 0.066228 0.044603 0.011105
v 0.064505 0.042349 0.016810
v 0.011329 0.020384 0.050601
v 0.012060 0.021875 0.046155
v 0.009038 0.027632 0.049372
v -0.097194 -0.013155 -0.072578
v -0.097637 -0.012940 -0.075654
v -0.096859 -0.017354 -0.074309
v -0.096522 -0.017475 -0.071265
v 0.006090 0.027265 0.056699
v 0.005446 0.031115 0.054529
v 0.008475 0.030806 0.049958
v 0.036789 0.065425 0.038956
v 0.037986 0.072271 0.034251
v 0.046343 0.070971 0.028968
v 0.044944 0.064381 0.033444
v 0.021675 0.112449 0.010446
v -0.096443 -0.004543 -0.072647
v -0.097325 -0.004328 -0.076113
v 0.010396 0.113931 0.013383
v 0.005623 0.039650 0.052921
v 0.010212 0.039545 0.050882
v 0.008890 0.036479 0.050135
v -0.100028 0.005838 -0.078028
v -0.100607 -0.000830 -0.078405
v -0.099670 0.006468 -0.078900
v -0.085858 0.008298 -0.070449
v -0.085731 0.011408 -0.074421
v -0.085288 0.003751 -0.076999
v -0.086358 0.005142 -0.072197
v 0.005614 0.036635 0.052959
v 0.027214 0.007240 0.042305
v 0.028240 0.009611 0.040996
v 0.075634 -0.038719 -0.052065
v 0.077971 -0.039962 -0.050980
v 0.081203 0.013423 -0.038942
v 0.080659 0.001597 -0.036745
v 0.081394 0.011020 -0.025938
v 0.080343 0.025065 -0.028558
v 0.081834 0.037999 -0.032313
v 0.082452 0.047132 -0.037948
v 0.083828 0.030410 -0.046141
v 0.082551 0.023419 -0.041512
v 0.064261 -0.095388 -0.090884
v 0.061328 -0.084984 -0.096924
v 0.005758 0.024009 0.060402
v 0.005543 0.020837 0.063452
v 0.020089 0.032568 -0.163445
v -0.082047 -0.022328 -0.047343
v -0.083282 -0.019935 -0.048910
v -0.082421 -0.022397 -0.050472
v -0.082606 -0.024939 -0.049869
v 0.019528 0.017920 -0.163022
v 0.040984 0.022577 -0.153427
v 0.041213 0.036557 -0.153544
v 0.071173 -0.016672 -0.101979
v -0.084840 -0.027905 -0.068794
v -0.082263 -0.031236 -0.066018
v -0.082855 -0.031710 -0.065207
v -0.085327 -0.029662 -0.067167
v 0.076059 -0.015924 -0.086255
v 0.011952 -0.009352 0.066786
v 0.008309 -0.004898 0.062119
v 0.008511 -0.008426 0.061053
v 0.008044 -0.006035 0.062023
v 0.012255 -0.011896 0.068350
v 0.014704 -0.012564 0.069552
v 0.009513 -0.012236 0.061823
v 0.008806 -0.012050 0.062184
v 0.007948 -0.008147 0.061237
v 0.009602 -0.004361 0.062822
v 0.002422 -0.016020 0.075281
v 0.003138 -0.014536 0.078475
v 0.007469 -0.013222 0.077258
v 0.005763 -0.014790 0.074973
v 0.006286 -0.005802 0.063195
v 0.005257 -0.007857 0.063877
v 0.006247 -0.009798 0.071370
v 0.007988 -0.005986 0.067403
v 0.008306 -0.003964 0.064609
v 0.008094 -0.009077 0.070555
v 0.006747 -0.015263 0.067306
v 0.009975 -0.008960 0.068854
v -0.092227 0.012297 -0.066141
v -0.091910 0.006564 -0.067313
v -0.090357 0.006305 -0.065758
v -0.089099 -0.026623 -0.056425
v -0.089564 -0.025149 -0.058744
v -0.090644 -0.028369 -0.060816
v -0.090159 -0.030639 -0.058762
v 0.088638 -0.024154 -0.060299
v 0.073091 -0.076820 -0.033280
v 0.074735 -0.060448 -0.043910
v 0.072656 -0.060367 -0.053417
v -0.091972 -0.038979 -0.062228
v -0.089444 -0.039268 -0.062700
v -0.087640 -0.041750 -0.059036
v -0.090417 -0.042096 -0.058859
v -0.083116 -0.026350 -0.048536
v -0.082209 -0.025331 -0.046739
v -0.091355 0.000276 -0.077164
v -0.090359 0.006777 -0.074967
v 0.072341 -0.077065 -0.046808
v 0.088992 0.004514 -0.063819
v 0.072410 0.060215 -0.005837
v 0.073055 0.072564 -0.015743
v 0.079088 0.059926 -0.028131
v -0.094548 0.004955 -0.072164
v -0.095279 0.002566 -0.073704
v 0.079376 0.048623 -0.022576
v 0.072929 0.082538 -0.024478
v 0.078735 0.071317 -0.035743
v 0.082563 0.058234 -0.046493
v 0.085257 0.036424 -0.062353
v 0.045272 0.021377 0.034418
v 0.045479 0.021041 0.034254
v 0.043922 0.020603 0.035465
v -0.083701 -0.008963 -0.054417
v -0.080972 -0.008437 -0.055791
v -0.080957 -0.009190 -0.055892
v -0.084347 -0.010621 -0.054133
v 0.043777 0.020984 0.035652
v 0.044933 0.021688 0.034291
v 0.043601 0.021268 0.035203
v -0.084397 -0.008823 -0.052657
v -0.084991 -0.010456 -0.052504
v -0.084807 -0.010773 -0.050810
v -0.084422 -0.009822 -0.050679
v 0.046037 0.022121 0.033491
v 0.046426 0.021770 0.033569
v 0.046567 0.021399 0.033370
v 0.028492 0.021743 0.038219
v 0.028957 0.021911 0.037637
v 0.031325 0.021314 0.038583
v 0.031129 0.021118 0.039231
v 0.028268 0.021427 0.038371
v 0.031282 0.020636 0.039177
v -0.080222 -0.008265 -0.056733
v -0.080402 -0.008496 -0.056224
v -0.080816 -0.007995 -0.056683
v -0.085225 -0.004842 -0.070146
v -0.087301 -0.013083 -0.072324
v -0.084128 -0.013198 -0.071253
v -0.080926 -0.005169 -0.069693
v 0.027769 0.023326 0.032548
v 0.027526 0.023974 0.032587
v -0.098295 -0.011611 -0.077320
v 0.028774 0.022417 0.032776
v 0.026365 0.024132 0.035147
v 0.026287 0.025459 0.035172
v -0.091467 0.016851 -0.055939
v -0.089851 0.018789 -0.055626
v -0.092534 0.022494 -0.060475
v 0.027171 0.025852 0.032607
v 0.027265 0.024570 0.032544
v 0.026649 0.023511 0.035402
v -0.083785 -0.023652 -0.061405
v -0.086580 -0.022616 -0.057768
v -0.084314 -0.022417 -0.055988
v -0.082844 -0.023906 -0.059430
v -0.081213 -0.017919 -0.053866
v -0.079402 -0.021574 -0.052867
v -0.083792 -0.019493 -0.052172
v -0.083730 -0.002629 -0.052629
v -0.082278 -0.006707 -0.056078
v -0.083439 -0.007759 -0.054098
v -0.083825 -0.007356 -0.052449
v -0.098851 -0.020789 -0.075808
v -0.100201 -0.015195 -0.078437
v -0.098195 -0.015073 -0.079745
v -0.096973 -0.021032 -0.076796
v 0.024898 0.023286 0.035756
v 0.024476 0.023883 0.035501
v -0.082172 -0.037248 -0.043042
v -0.079774 -0.040739 -0.046420
v -0.081713 -0.033856 -0.041913
v -0.101197 0.018457 -0.073497
v -0.097032 0.020857 -0.073670
v -0.097299 0.018807 -0.076407
v -0.101510 0.016348 -0.076084
v -0.079936 -0.001433 -0.063096
v -0.080077 -0.003721 -0.062741
v -0.080730 -0.001971 -0.060960
v -0.080614 -0.000028 -0.060948
v 0.024548 0.025233 0.035642
v 0.036000 0.019577 0.039148
v 0.036364 0.018923 0.038879
v 0.031738 0.019367 0.039104
v 0.031539 0.020016 0.039193
v 0.035711 0.020151 0.039239
v 0.039013 0.020170 0.038432
v 0.039394 0.019627 0.038230
v 0.039679 0.018999 0.037854
v -0.060737 -0.041063 -0.111862
v -0.071164 -0.041362 -0.090428
v -0.073331 -0.026189 -0.098667
v -0.064896 -0.026168 -0.115830
v -0.093084 -0.036432 -0.061865
v -0.092388 -0.039071 -0.058628
v -0.084961 0.005908 -0.051316
v -0.084393 0.008415 -0.049109
v -0.085273 0.014628 -0.050452
v -0.086146 0.010538 -0.051213
v 0.028249 0.020279 0.038509
v 0.028198 0.020934 0.038476
v 0.039951 0.018312 0.037445
v 0.036669 0.018197 0.038496
v -0.099109 0.001247 -0.083751
v -0.102228 0.000445 -0.082087
v 0.031937 0.018609 0.038896
v 0.028195 0.019743 0.038583
v 0.024952 0.021296 0.037858
v 0.025426 0.021594 0.037778
v 0.036869 0.017404 0.038173
v 0.036878 0.016585 0.038127
v 0.031873 0.017048 0.038804
v 0.031965 0.017812 0.038745
v -0.087191 0.011295 -0.059282
v -0.091204 0.015624 -0.062420
v -0.088910 0.012866 -0.061455
v -0.087062 0.011034 -0.059594
v -0.085817 0.003192 -0.057277
v -0.086630 0.004660 -0.056734
v -0.085276 0.005337 -0.057129
v -0.084211 0.003801 -0.057368
v 0.040114 0.017495 0.037019
v 0.040162 0.016557 0.036929
v -0.083704 0.013869 -0.046961
v -0.084667 0.019467 -0.050501
v 0.048443 0.021595 0.031497
v 0.049050 0.022133 0.030738
v 0.049252 0.021346 0.030527
v -0.078556 -0.032439 -0.065741
v 0.048940 0.020867 0.030939
v 0.052430 0.018062 0.026535
v 0.053418 0.019568 0.025577
v 0.055689 0.018261 0.023602
v -0.086488 0.004563 -0.054523
v -0.087361 0.007586 -0.053764
v -0.087649 0.006520 -0.056441
v -0.081589 -0.027838 -0.041695
v -0.081795 -0.025861 -0.044554
v -0.086180 0.009679 -0.059622
v -0.085513 0.008490 -0.059635
v -0.083969 0.004953 -0.059054
v -0.084240 0.002523 -0.060629
v 0.054361 0.016669 0.025053
v -0.092346 -0.003966 -0.068352
v -0.094206 -0.012502 -0.070109
v 0.063955 0.006826 0.020907
v 0.056574 0.013785 0.023964
v 0.058060 0.015418 0.021768
v 0.047688 0.021178 0.032304
v 0.046812 0.020869 0.033157
v 0.047473 0.021768 0.032517
v 0.048191 0.022212 0.031774
v 0.048224 0.020490 0.031740
v 0.047238 0.020170 0.032789
v 0.045784 0.020530 0.034091
v 0.046159 0.019847 0.033802
v 0.044570 0.019418 0.035118
v 0.044253 0.020052 0.035335
v 0.042043 0.019744 0.036782
v -0.078126 -0.025510 -0.082783
v -0.076690 -0.040894 -0.067327
v 0.041713 0.020302 0.036952
v 0.042345 0.019111 0.036464
v 0.044882 0.018681 0.034821
v 0.042733 0.018424 0.036134
v 0.046623 0.019082 0.033320
v 0.047849 0.019450 0.032158
v 0.048794 0.019845 0.031066
v 0.049528 0.020269 0.030189
v 0.049962 0.020968 0.029620
v 0.049487 0.019048 0.030094
v 0.050235 0.018210 0.029091
v 0.048905 0.017692 0.030640
v 0.048440 0.018622 0.031382
v 0.050379 0.019608 0.029043
v 0.051278 0.018890 0.027820
v -0.084218 0.005557 -0.057258
v -0.084118 0.005710 -0.057513
v -0.083249 0.004715 -0.058137
v -0.083299 0.004373 -0.057569
v 0.047075 0.018313 0.032804
v 0.047407 0.017424 0.032235
v 0.045304 0.017053 0.033956
v 0.045131 0.018007 0.034483
v -0.091723 -0.041038 -0.055432
v -0.089798 0.002593 -0.065623
v -0.086636 0.000803 -0.063580
v -0.086818 0.003059 -0.062405
v 0.043044 0.017693 0.035759
v 0.043204 0.016725 0.035337
v -0.100819 -0.009596 -0.076993
v -0.101555 -0.000810 -0.078214
v -0.102680 -0.000155 -0.079887
v -0.101738 -0.009622 -0.078375
v 0.035595 0.020583 0.039380
v 0.035497 0.020900 0.038984
v 0.038708 0.020923 0.038266
v 0.038813 0.020572 0.038655
v 0.041486 0.020705 0.037110
v -0.080188 -0.041647 -0.048195
v -0.079664 -0.004588 -0.063868
v -0.081213 -0.006480 -0.062966
v 0.041453 0.021088 0.036738
v 0.038790 0.019898 0.035928
v 0.037975 0.020603 0.032085
v 0.040844 0.020670 0.031231
v 0.042102 0.020119 0.034747
v -0.080950 0.001382 -0.061115
v -0.082099 0.003136 -0.059000
v 0.035047 0.019694 0.036514
v 0.034683 0.020919 0.032707
v 0.031377 0.020226 0.036693
v -0.081822 -0.022541 -0.044601
v 0.031398 0.021610 0.032849
v 0.028880 0.021771 0.036441
v 0.037889 0.033860 0.039893
v 0.037950 0.034102 0.040439
v 0.043411 0.033177 0.039592
v 0.042990 0.032863 0.039017
v 0.052867 -0.005344 -0.136798
v 0.054264 0.010646 -0.140873
v 0.040393 0.005623 -0.151522
v 0.045810 0.030496 0.037523
v 0.045897 0.031277 0.037496
v 0.048233 0.030068 0.035691
v 0.047947 0.029328 0.035728
v 0.045656 0.029610 0.037511
v -0.097589 0.014172 -0.075253
v -0.098069 0.012315 -0.076928
v -0.095858 0.012744 -0.073939
v -0.095341 0.013998 -0.072187
v -0.094275 0.015284 -0.068171
v -0.094715 0.016790 -0.067675
v -0.096730 0.015645 -0.072956
v -0.085074 0.001302 -0.062212
v -0.085835 0.003455 -0.061179
v 0.047601 0.028468 0.035529
v 0.042653 0.030756 0.039324
v -0.088367 -0.028028 -0.054517
v -0.089791 -0.034497 -0.055450
v -0.095293 -0.021134 -0.071835
v -0.095236 -0.020655 -0.068785
v -0.095094 -0.009048 -0.080689
v -0.094601 0.000765 -0.081732
v -0.092881 0.000441 -0.079229
v -0.093780 -0.008833 -0.079088
v 0.042792 0.031650 0.039391
v 0.042848 0.032319 0.039127
v 0.047521 0.027232 0.030628
v 0.046653 0.028676 0.031507
v -0.087967 -0.008000 -0.075932
v -0.085172 -0.007499 -0.076699
v -0.084071 -0.008610 -0.049983
v -0.083011 -0.004522 -0.047884
v -0.081114 0.000826 -0.061268
v -0.081593 0.002365 -0.058938
v -0.089219 -0.024872 -0.071307
v -0.085292 -0.033047 -0.063592
v -0.089366 -0.027307 -0.069503
v -0.081168 -0.034141 -0.061332
v -0.081050 -0.035452 -0.058684
v -0.083666 -0.035268 -0.060532
v 0.046548 0.027333 0.034026
v 0.047207 0.026418 0.032764
v 0.047985 0.026545 0.029892
v 0.047635 0.025762 0.031794
v 0.047408 0.026983 0.026632
v 0.046658 0.027691 0.027360
v 0.045526 0.028563 0.028419
v -0.092397 -0.025595 -0.065214
v -0.094074 -0.023967 -0.068401
v 0.047842 0.026290 0.026204
v -0.079403 -0.008457 -0.057680
v -0.077928 -0.010069 -0.059048
v -0.079066 -0.009141 -0.056890
v -0.095209 -0.004537 -0.070010
v -0.096141 -0.012766 -0.070752
v -0.086765 0.006874 -0.056952
v 0.048104 0.025546 0.026012
v -0.084390 -0.003895 -0.058666
v -0.085522 -0.000219 -0.056228
v -0.089595 0.011226 -0.056603
v -0.088158 0.009042 -0.057266
v -0.087667 0.008037 -0.056939
v -0.088566 0.008789 -0.056173
v -0.073131 -0.018927 -0.056796
v -0.076927 -0.020561 -0.055444
v -0.078304 -0.017147 -0.055222
v 0.048036 0.024678 0.025910
v 0.047790 0.023816 0.026248
v 0.066997 -0.011823 0.021588
v 0.067025 0.000728 0.019921
v -0.093701 0.016828 -0.066515
v -0.094083 0.014620 -0.067864
v -0.091298 0.007831 -0.077012
v 0.069639 -0.008457 0.016728
v 0.047229 0.022208 0.032768
v -0.085705 0.007504 -0.062368
v -0.086186 0.006011 -0.063308
v 0.047953 0.022705 0.032005
v -0.086615 0.021870 -0.067639
v -0.086554 0.019927 -0.064150
v -0.086475 0.020200 -0.062815
v -0.086263 0.024703 -0.062384
v 0.046752 0.022563 0.032811
v -0.081009 -0.038492 -0.054609
v -0.083527 -0.037921 -0.057877
v -0.083060 -0.036602 -0.058619
v -0.081012 -0.036951 -0.056270
v -0.083447 -0.022573 -0.055259
v -0.082544 -0.023990 -0.058226
v 0.047205 0.022949 0.032238
v -0.096993 -0.019594 -0.074549
v -0.096093 -0.020552 -0.073492
v -0.097370 -0.016182 -0.075802
v -0.098764 -0.014944 -0.076534
v 0.048469 0.023287 0.031194
v 0.048922 0.022776 0.030913
v 0.045594 0.020875 0.032305
v 0.045180 0.021389 0.029259
v 0.046335 0.021896 0.028339
v -0.080994 -0.000479 -0.065078
v -0.079989 -0.001698 -0.065731
v -0.087195 0.013542 -0.066095
v -0.089593 0.016093 -0.067623
v -0.088313 0.019106 -0.063356
v -0.086684 0.016848 -0.063136
v -0.092887 0.008759 -0.079450
v 0.046572 0.021770 0.031120
v 0.044362 0.020308 0.033317
v 0.043347 0.020931 0.030257
v 0.046966 0.022408 0.027642
v 0.047494 0.023068 0.026819
v -0.086189 0.004722 -0.062903
v -0.086827 0.005000 -0.064125
v 0.047203 0.022269 0.030546
v -0.085627 0.005125 -0.062394
v 0.047681 0.022889 0.029686
v 0.047629 0.023494 0.031540
v -0.083513 0.002769 -0.057686
v -0.085190 0.001695 -0.057841
v -0.089148 0.010990 -0.058153
v -0.093137 0.014967 -0.061675
v -0.092220 0.014618 -0.061379
v -0.088722 0.011354 -0.058667
v 0.048184 0.024429 0.028869
v 0.048265 0.025077 0.029014
v 0.047930 0.024005 0.030731
v -0.084498 0.007196 -0.058506
v 0.048272 0.024598 0.030164
v 0.048012 0.023762 0.029054
v -0.017685 -0.043479 -0.144708
v -0.019322 -0.032301 -0.150443
v 0.048208 0.025845 0.029344
v 0.047998 0.025164 0.030808
v 0.049516 0.022137 0.030136
v 0.049410 0.023282 0.030157
v 0.050325 0.024340 0.029211
v 0.050212 0.021997 0.029271
v -0.087297 0.019069 -0.055320
v -0.088511 0.021008 -0.059561
v -0.089649 0.021746 -0.060175
v -0.088003 0.019826 -0.056626
v -0.095071 0.012563 -0.071622
v 0.051345 0.021906 0.028040
v 0.050942 0.020487 0.028319
v 0.051799 0.024814 0.028378
v 0.053320 0.025255 0.027398
v -0.099505 0.009149 -0.077794
v -0.082475 -0.007276 -0.060902
v -0.079556 -0.010735 -0.060847
v 0.052656 0.021894 0.026726
v 0.051970 0.020168 0.027057
v 0.048928 0.023790 0.030441
v -0.070297 -0.012610 -0.058628
v -0.070561 -0.011343 -0.058796
v -0.071236 -0.011814 -0.059885
v -0.070754 -0.013423 -0.059983
v 0.049230 0.024403 0.030012
v 0.051161 0.026092 0.029951
v -0.073307 -0.017680 -0.060491
v -0.076124 -0.018904 -0.059504
v -0.075493 -0.020844 -0.057846
v -0.072509 -0.020045 -0.059872
v 0.052186 0.026896 0.029577
v 0.049860 0.025478 0.030476
v 0.049385 0.026364 0.031986
v 0.050493 0.027159 0.031857
v -0.069717 -0.015934 -0.059191
v -0.070002 -0.014295 -0.058763
v -0.070754 -0.015227 -0.060172
v -0.070556 -0.017125 -0.060554
v 0.051214 0.027948 0.031782
v 0.049493 0.028156 0.033765
v -0.093074 0.016151 -0.064043
v -0.094796 0.016534 -0.065709
v 0.050046 0.028918 0.033729
v 0.048674 0.027370 0.033645
v 0.048810 0.025232 0.030923
v -0.100524 0.008323 -0.076944
v -0.100966 0.005829 -0.077812
v -0.098536 0.013184 -0.074415
v -0.099001 0.011398 -0.076148
v 0.048379 0.025921 0.031987
v 0.047805 0.026703 0.033299
v 0.047043 0.027573 0.034807
v -0.083826 -0.017115 -0.048679
v -0.084775 -0.016833 -0.050955
v -0.084398 -0.018616 -0.050893
v -0.101419 0.011982 -0.076933
v -0.101549 0.013931 -0.078233
v -0.084866 -0.036985 -0.044335
v -0.084013 -0.038712 -0.043225
v -0.057663 -0.116412 -0.020153
v -0.069003 -0.109361 -0.036142
v -0.068674 -0.120056 -0.035125
v -0.057577 -0.126883 -0.020473
v -0.089712 0.013934 -0.054717
v -0.088808 0.016707 -0.053788
v 0.045426 0.028840 0.036944
v 0.045096 0.028557 0.036156
v 0.042519 0.029880 0.038794
v -0.069931 -0.017308 -0.057751
v -0.070049 -0.018467 -0.059768
v -0.072613 -0.020036 -0.058291
v -0.075177 -0.013005 -0.056255
v -0.070813 -0.012354 -0.057035
v 0.042401 0.029522 0.038034
v 0.038384 0.034934 0.041612
v 0.044545 0.034304 0.040558
v 0.042279 0.030959 0.034970
v 0.040533 0.029983 0.031701
v 0.037959 0.030267 0.033083
v 0.038871 0.031483 0.036812
v -0.073230 -0.015908 -0.060490
v 0.026534 0.026241 0.035515
v 0.027106 0.027356 0.036183
v -0.074649 -0.010715 -0.059633
v -0.075100 -0.009711 -0.057968
v -0.079320 -0.024280 -0.053904
v -0.080991 -0.024543 -0.056591
v -0.082771 -0.024791 -0.052673
v -0.070338 -0.018741 -0.060456
v -0.080828 0.000478 -0.062663
v 0.027800 0.027792 0.033327
v 0.027162 0.026686 0.032790
v 0.025467 0.025988 0.036280
v 0.026729 0.027164 0.037144
v -0.076246 -0.014901 -0.060545
v -0.079686 -0.017700 -0.062594
v -0.079764 -0.020127 -0.061419
v -0.076312 -0.017034 -0.060382
v -0.091197 -0.028767 -0.062890
v -0.091231 -0.026814 -0.062796
v -0.084574 -0.023064 -0.063571
v -0.087950 -0.022682 -0.061235
v -0.082086 -0.004510 -0.061355
v -0.083812 -0.001071 -0.059365
v -0.079614 -0.008153 -0.057575
v -0.077035 -0.012417 -0.060234
v -0.079321 -0.014682 -0.062588
v -0.075336 -0.011513 -0.056573
v -0.079338 -0.011457 -0.055953
v -0.079053 -0.010381 -0.056256
v -0.075180 -0.010489 -0.056917
v -0.088868 0.006167 -0.064801
v -0.087273 0.014282 -0.052242
v -0.088334 0.010930 -0.053918
v -0.086701 0.025637 -0.080421
v -0.085396 0.016009 -0.086375
v -0.086478 0.017822 -0.072163
v -0.072962 -0.013879 -0.060281
v -0.071352 -0.010333 -0.058398
v -0.071542 -0.010532 -0.057252
v -0.096567 -0.024051 -0.071558
v -0.084241 -0.025193 -0.052033
v -0.082028 0.000776 -0.058866
v -0.094698 -0.014580 -0.078707
v -0.093740 -0.020311 -0.076211
v -0.081375 0.001973 -0.059145
v -0.082293 0.003218 -0.057994
v -0.081787 -0.024382 -0.057611
v -0.083017 -0.023536 -0.054134
v -0.082616 0.003682 -0.057916
v -0.084288 -0.017506 -0.052592
v -0.094108 0.006530 -0.070569
v 0.030916 0.030320 0.037876
v 0.031542 0.029638 0.034064
v -0.087206 -0.036688 -0.063549
v -0.085708 -0.038549 -0.060098
v 0.028881 0.029093 0.033825
v -0.071177 -0.011297 -0.057175
v 0.028509 0.028957 0.037131
v -0.075296 -0.020796 -0.057112
v -0.074257 -0.012181 -0.060161
v 0.031688 0.029341 0.039251
v 0.028735 0.028227 0.038212
v 0.038843 0.030126 0.039286
v -0.082163 -0.013504 -0.054527
v -0.081879 -0.015802 -0.054181
v -0.084614 -0.015133 -0.052779
v 0.021523 0.070279 -0.157901
v 0.021019 0.053744 -0.162225
v -0.089126 -0.022183 -0.063257
v -0.085109 -0.021667 -0.066136
v -0.085856 -0.020313 -0.068513
v -0.090488 -0.020949 -0.065102
v -0.092566 -0.025565 -0.073552
v -0.091288 -0.030632 -0.070028
v -0.093701 -0.032077 -0.069380
v -0.095599 -0.026970 -0.073466
v 0.041463 0.056146 -0.152460
v 0.041405 0.070564 -0.148880
v -0.086704 0.041765 -0.088627
v -0.087030 0.032243 -0.072526
v -0.087287 0.049152 -0.075995
v -0.091993 0.017592 -0.073410
v -0.092151 0.015004 -0.075520
v -0.097569 0.016022 -0.078634
v -0.085690 0.022884 -0.056138
v -0.086611 0.020124 -0.060948
v -0.086601 0.021230 -0.058662
v -0.098737 -0.009303 -0.082268
v 0.045235 0.030041 0.033007
v 0.043364 0.029409 0.030091
v 0.052185 0.072216 -0.140424
v 0.051183 0.081439 -0.136864
v 0.041775 0.082941 -0.142831
v 0.043872 -0.072371 -0.119483
v 0.032483 -0.083858 -0.128488
v -0.084158 0.001493 -0.051889
v -0.085999 0.002078 -0.055272
v 0.024392 0.025889 0.037302
v -0.088117 -0.023673 -0.072130
v 0.026032 0.027047 0.038061
v -0.091086 -0.023067 -0.063089
v -0.093023 -0.022213 -0.065714
v -0.098483 0.018263 -0.066176
v -0.094946 0.016075 -0.063658
v 0.023243 0.025059 0.036655
v 0.021879 0.025110 0.036697
v 0.022924 0.026236 0.037244
v 0.024629 0.027672 0.038121
v 0.028107 0.028378 0.038984
v 0.026989 0.029142 0.039342
v 0.030511 0.030632 0.040465
v 0.031299 0.029752 0.040078
v 0.038547 0.030438 0.040184
v 0.038278 0.031403 0.040509
v 0.029628 0.031638 0.040274
v 0.026046 0.030130 0.038950
v 0.028789 0.032553 0.039864
v 0.025516 0.031133 0.038716
v 0.038014 0.033204 0.040158
v 0.038117 0.032324 0.040525
v 0.025619 0.022032 0.037605
v 0.022556 0.022934 0.037016
v 0.026048 0.022357 0.037338
v 0.023732 0.023145 0.036895
v 0.027101 0.022544 0.036683
v 0.022969 0.023791 0.036635
v 0.021775 0.023709 0.036726
v -0.014115 -0.133448 0.017839
v -0.013627 -0.140428 0.013873
v 0.027197 0.022747 0.035689
v 0.021687 0.026763 0.036594
v 0.020529 0.025226 0.036406
v 0.020129 0.027390 0.036003
v 0.019063 0.025425 0.035991
v 0.022357 0.029513 0.037090
v 0.023448 0.028589 0.037396
v 0.020513 0.023614 0.036674
v 0.021247 0.022796 0.037063
v 0.019247 0.023612 0.036493
v 0.020119 0.022624 0.036930
v 0.027953 0.019205 0.038641
v 0.027596 0.018593 0.038712
v 0.024230 0.020861 0.037962
v 0.023449 0.020420 0.037960
v 0.036632 0.015492 0.038100
v 0.040051 0.015531 0.036958
v 0.036112 0.014159 0.038208
v -0.008721 -0.005896 0.065844
v -0.010200 -0.006190 0.064395
v -0.008932 -0.004255 0.063483
v -0.008200 -0.004165 0.064139
v 0.039753 0.013976 0.036993
v 0.030799 0.014895 0.039053
v 0.031477 0.016062 0.038892
v 0.042953 -0.133151 -0.007445
v 0.051144 0.017138 0.028145
v 0.052653 0.015418 0.027204
v 0.050836 0.014666 0.029313
v 0.049603 0.016639 0.029899
v 0.047863 0.016250 0.031659
v -0.009398 -0.015269 0.064226
v -0.008647 -0.013586 0.063090
v -0.009595 -0.013843 0.062231
v -0.010522 -0.015212 0.063084
v 0.048519 0.014188 0.031505
v 0.045843 0.014023 0.033525
v 0.045585 0.015901 0.033517
v 0.043242 0.015683 0.035189
v 0.043169 0.013969 0.035293
v 0.054461 0.021338 0.025046
v 0.055685 0.025045 0.025036
v 0.056576 0.020232 0.023014
v 0.058190 0.024395 0.022453
v 0.018085 0.028597 0.035995
v -0.005917 -0.004438 0.063273
v -0.004519 -0.007375 0.065980
v -0.005957 -0.006028 0.067588
v -0.007067 -0.003699 0.064126
v 0.017416 0.025988 0.035790
v 0.015705 0.029617 0.037252
v 0.015368 0.026814 0.036594
v 0.017445 0.032636 0.038935
v 0.019888 0.031553 0.037516
v 0.018065 0.023687 0.036327
v 0.018954 0.022364 0.036734
v 0.016400 0.023674 0.036698
v 0.017697 0.021888 0.037044
v 0.026925 0.017707 0.038734
v 0.026151 0.016641 0.038830
v 0.022543 0.019791 0.037933
v 0.021373 0.018964 0.038125
v 0.051491 -0.017286 -0.132806
v 0.055087 0.027528 -0.142411
v 0.052338 0.038662 0.037460
v 0.049925 0.035566 0.038606
v 0.046127 0.036753 0.041233
v 0.047978 0.040451 0.041267
v 0.054745 0.043347 0.034913
v 0.057481 0.039822 0.031488
v 0.055147 0.036332 0.033858
v 0.052719 0.033877 0.035576
v 0.056721 0.028113 0.026285
v 0.054807 0.028103 0.028211
v 0.054965 0.029959 0.030092
v 0.056868 0.030626 0.028324
v 0.059203 0.028198 0.023617
v 0.059632 0.031873 0.025741
v 0.056320 0.033204 0.030954
v 0.054156 0.031799 0.032681
v 0.058848 0.035504 0.028735
v 0.026406 0.037074 0.042659
v 0.027279 0.035634 0.041045
v 0.024068 0.033567 0.039071
v 0.022167 0.034387 0.039931
v 0.024940 0.038612 0.043648
v 0.019854 0.035308 0.040926
v 0.040947 0.041707 0.044603
v 0.039580 0.037697 0.043272
v 0.028236 0.033114 0.039581
v 0.025723 0.031660 0.038957
v 0.027938 0.033488 0.039628
v 0.025528 0.032120 0.038736
v 0.060125 0.093414 -0.117426
v 0.062761 0.099899 -0.104209
v 0.045298 0.110632 -0.110720
v 0.044215 0.102589 -0.123915
v 0.046045 0.031661 0.037625
v 0.046512 0.032023 0.038077
v 0.049110 0.030930 0.036092
v 0.048498 0.030500 0.035853
v 0.050494 0.029449 0.033790
v 0.051177 0.029942 0.033829
v 0.052456 0.028983 0.031663
v 0.051757 0.028531 0.031833
v 0.052429 0.027879 0.030312
v 0.053021 0.027878 0.029708
v 0.025134 0.032812 0.039148
v 0.027728 0.034088 0.040143
v 0.053725 0.059534 -0.142521
v 0.048386 0.078683 0.023681
v 0.056124 0.074955 0.016838
v 0.053814 0.068309 0.022944
v 0.047763 0.033279 0.038790
v 0.050550 0.032107 0.036276
v 0.052463 0.030792 0.033643
v 0.053556 0.029470 0.031358
v 0.053944 0.028486 0.029791
v 0.080070 -0.018659 -0.043396
v 0.080768 -0.018682 -0.045752
v 0.086649 -0.007519 -0.075069
v 0.084622 -0.000889 -0.074266
v 0.083331 0.002771 -0.073085
v 0.087360 0.011667 -0.057353
v 0.091407 0.015051 -0.060284
v 0.093474 -0.028253 -0.067787
v 0.090366 -0.030342 -0.063500
v -0.098107 0.021851 -0.066935
v 0.093338 -0.027164 -0.068415
v 0.098324 0.012067 -0.071929
v 0.098849 0.010189 -0.073455
v 0.099865 0.009964 -0.073342
v 0.045257 -0.041408 -0.126654
v 0.049801 -0.027350 -0.130257
v 0.099517 0.007886 -0.075089
v 0.082778 -0.013501 -0.049094
v 0.088057 -0.008094 -0.075449
v 0.090369 -0.008700 -0.077083
v 0.091494 -0.014287 -0.077050
v 0.090347 -0.013657 -0.076266
v 0.090626 -0.019750 -0.074927
v 0.089630 -0.018727 -0.074571
v 0.094876 -0.024042 -0.071202
v 0.097103 -0.020186 -0.073023
v 0.092514 0.015704 -0.061373
v 0.091661 0.014763 -0.059714
v 0.093519 0.015432 -0.061567
v 0.083503 -0.014840 -0.050828
v 0.085495 0.009747 -0.057175
v 0.085248 0.007304 -0.055878
v 0.084862 0.007597 -0.056558
v 0.079122 -0.009595 -0.056083
v 0.079118 -0.008583 -0.056154
v 0.080502 -0.011104 -0.055268
v 0.083235 -0.012660 -0.053487
v 0.077113 -0.021339 -0.054308
v 0.076491 -0.022868 -0.056600
v 0.077292 -0.024084 -0.055142
v 0.094420 0.022884 -0.065713
v 0.085278 0.006416 -0.055464
v 0.086804 0.007686 -0.055276
v 0.087167 0.008946 -0.055731
v 0.094461 0.015154 -0.061773
v 0.087314 0.009956 -0.056146
v 0.086501 0.009713 -0.056276
v 0.088103 0.011553 -0.057135
v 0.085841 0.009529 -0.056684
v 0.082875 -0.016738 -0.069389
v 0.081560 -0.017103 -0.067233
v 0.081175 0.004731 -0.044043
v 0.082450 0.001800 -0.047011
v 0.089666 -0.031134 -0.060764
v 0.083087 0.010949 -0.068500
v 0.083393 0.013805 -0.069154
v 0.098213 -0.015106 -0.075329
v 0.090703 -0.021580 -0.064408
v 0.088486 -0.022221 -0.062369
v 0.092632 -0.020313 -0.066202
v 0.094262 -0.017419 -0.067876
v 0.079566 0.000020 -0.062197
v 0.092477 0.004179 -0.066389
v 0.093312 0.001827 -0.067673
v 0.090740 0.004150 -0.064765
v 0.084990 0.018351 -0.066521
v 0.084695 0.018408 -0.064130
v 0.085347 0.011916 -0.065451
v 0.083884 0.016611 -0.063840
v 0.078994 -0.017541 -0.054748
v 0.079106 -0.024141 -0.057748
v 0.077996 -0.021935 -0.059246
v 0.080230 -0.023873 -0.058831
v 0.079545 -0.023006 -0.060705
v 0.079855 -0.021316 -0.062737
v 0.080289 -0.019226 -0.064412
v 0.079422 -0.016228 -0.065579
v 0.078191 -0.013045 -0.055836
v 0.085145 0.017993 -0.052707
v 0.077741 -0.015119 -0.055701
v 0.079549 -0.011096 -0.055746
v 0.079809 -0.013031 -0.055252
v 0.079575 -0.015209 -0.054844
v 0.085995 -0.025150 -0.054565
v 0.086416 -0.023361 -0.057673
v 0.084628 -0.024440 -0.053724
v 0.087194 -0.022663 -0.060240
v 0.083131 -0.024007 -0.053346
v 0.083094 0.012689 -0.066531
v 0.083546 0.016371 -0.065971
v 0.080114 -0.014724 -0.040816
v 0.071795 -0.002721 0.011124
v 0.073321 0.007488 0.005427
v 0.029203 -0.054329 0.043379
v 0.028273 -0.057213 0.043868
v 0.063263 -0.014926 0.026781
v 0.057609 -0.017473 0.033040
v 0.028432 -0.049745 0.054830
v 0.027480 -0.050617 0.054910
v 0.026265 -0.049898 0.055201
v 0.027178 -0.049409 0.054882
v 0.024660 -0.048204 0.053967
v 0.025484 -0.048427 0.053294
v 0.025700 -0.048656 0.054034
v 0.024923 -0.048617 0.054677
v 0.032803 -0.033191 0.052979
v 0.036521 -0.028818 0.050105
v 0.039324 -0.034139 0.049610
v 0.035724 -0.037708 0.052487
v 0.027405 -0.049669 0.045873
v 0.027046 -0.048391 0.046203
v 0.025768 -0.048299 0.050112
v 0.026268 -0.048854 0.049807
v 0.027291 -0.052350 0.046002
v 0.026121 -0.050139 0.049652
v 0.029530 -0.050406 0.043228
v 0.028558 -0.048189 0.043471
v 0.039830 -0.058243 0.050445
v 0.035336 -0.055293 0.052027
v 0.036239 -0.051516 0.052586
v 0.040511 -0.052849 0.050549
v 0.027971 -0.019440 0.050251
v 0.032586 -0.024089 0.050452
v 0.029133 -0.028507 0.052723
v 0.024936 -0.023400 0.052278
v 0.020629 -0.017872 0.052262
v 0.023594 -0.014710 0.050174
v 0.019909 -0.008251 0.056009
v 0.020889 -0.012158 0.057896
v 0.020643 -0.012897 0.061949
v 0.021100 -0.010332 0.060187
v 0.017870 -0.017380 0.060357
v 0.020756 -0.014851 0.056473
v 0.013213 -0.018818 0.061202
v -0.012949 -0.015380 0.063344
v -0.011699 -0.013770 0.062286
v -0.012870 -0.012936 0.064091
v -0.014645 -0.014225 0.065064
v 0.012779 -0.017586 0.062149
v 0.017630 -0.018428 0.058480
v -0.005184 -0.014484 0.072587
v -0.006507 -0.012278 0.072679
v -0.005191 -0.013202 0.070252
v -0.005085 -0.015152 0.069876
v 0.017639 -0.019951 0.056467
v 0.013544 -0.020061 0.060227
v 0.011792 -0.016209 0.063383
v 0.015008 -0.016171 0.063246
v -0.008357 -0.011533 0.071995
v -0.010412 -0.011924 0.073747
v -0.012329 -0.011934 0.071854
v -0.009977 -0.011500 0.070276
v -0.004958 -0.010954 0.065190
v -0.006127 -0.012826 0.066502
v -0.004299 -0.010946 0.068919
v -0.012743 -0.010904 0.062420
v -0.011045 -0.012070 0.061021
v -0.010082 -0.008079 0.060380
v -0.011478 -0.007235 0.061443
v 0.017196 -0.014183 0.064891
v 0.005004 -0.015579 0.072521
v 0.006504 -0.014236 0.074626
v 0.011252 0.018315 0.054567
v 0.014094 0.014084 0.051064
v 0.011146 0.015324 0.057391
v 0.013963 0.011632 0.053872
v 0.016124 -0.011736 0.068987
v 0.018594 -0.009782 0.066926
v 0.013512 -0.010388 0.073093
v 0.015044 -0.007366 0.072407
v 0.005439 0.034054 0.053479
v 0.002627 -0.019262 0.068155
v 0.003009 -0.020205 0.067804
v 0.002258 -0.017959 0.070075
v 0.022390 0.094631 -0.143602
v 0.022923 0.107622 -0.131381
v 0.022425 0.122465 -0.106179
v 0.020095 0.127569 -0.092955
v 0.006991 -0.039970 0.070574
v 0.006534 -0.037002 0.070671
v 0.014203 -0.041991 0.056773
v 0.008275 -0.041818 0.058164
v 0.008009 -0.045521 0.060988
v 0.013746 -0.045553 0.059557
v 0.018178 -0.045741 0.057313
v 0.019030 -0.042347 0.054658
v 0.014770 -0.038485 0.055213
v 0.008689 -0.038178 0.056631
v 0.013731 -0.047545 0.063092
v 0.008016 -0.047437 0.065223
v 0.007851 -0.045349 0.067980
v 0.013832 -0.045912 0.065365
v 0.020721 -0.025029 0.055721
v 0.016209 -0.023987 0.058995
v 0.011651 -0.023433 0.063300
v 0.008070 -0.023241 0.066453
v 0.007173 -0.020751 0.066157
v 0.010045 -0.020358 0.063543
v 0.006702 -0.019563 0.066162
v 0.009635 -0.019129 0.063895
v 0.009267 -0.018024 0.064312
v 0.009804 -0.016414 0.064728
v 0.007672 -0.016596 0.066023
v 0.008262 -0.015336 0.065717
v 0.006441 -0.018463 0.066249
v 0.005900 0.010234 0.072940
v 0.005500 0.014037 0.069564
v 0.011824 -0.035093 0.068895
v 0.006213 -0.034408 0.070250
v 0.005528 -0.029439 0.069101
v 0.010590 -0.029659 0.067871
v 0.015571 -0.030857 0.064845
v 0.017469 -0.037213 0.065993
v 0.003492 -0.021286 0.067667
v 0.012159 -0.037729 0.069024
v 0.012470 -0.040558 0.068682
v 0.017928 -0.039913 0.066070
v 0.018158 -0.042408 0.065639
v 0.022785 -0.040211 0.062595
v 0.021458 -0.033434 0.061311
v 0.027999 -0.036301 0.057762
v 0.027221 -0.043391 0.059266
v 0.036049 -0.047889 0.053676
v 0.030231 -0.050161 0.054497
v 0.030349 -0.048593 0.055234
v 0.030047 -0.047104 0.056254
v 0.035079 -0.044391 0.054741
v 0.039845 -0.047583 0.051320
v 0.038285 -0.042501 0.052040
v 0.032768 -0.040692 0.055784
v 0.029349 -0.045518 0.057394
v 0.028656 -0.048784 0.055516
v 0.027345 -0.048935 0.055341
v 0.028463 -0.047870 0.056421
v 0.027177 -0.048444 0.056136
v 0.027886 -0.047028 0.057467
v 0.026767 -0.047985 0.057006
v 0.025847 -0.047237 0.058263
v 0.026625 -0.045686 0.058985
v 0.024831 -0.048504 0.053825
v 0.023835 -0.048352 0.054856
v 0.024098 -0.048497 0.056241
v 0.024967 -0.048646 0.055162
v 0.025447 -0.048565 0.053338
v 0.025433 -0.048682 0.054568
v 0.025181 -0.047733 0.051146
v 0.023842 -0.046885 0.052844
v -0.062311 -0.098915 -0.020671
v -0.070998 -0.095122 -0.039407
v 0.025955 -0.048656 0.052628
v 0.026011 -0.048620 0.053739
v 0.026138 -0.048920 0.054931
v 0.026136 -0.048728 0.055432
v 0.025716 -0.048496 0.056172
v 0.024897 -0.048180 0.057218
v 0.018166 -0.044620 0.064525
v 0.022170 -0.044705 0.062274
v 0.021790 -0.046524 0.060924
v 0.018000 -0.046891 0.062539
v 0.021280 -0.047744 0.059366
v 0.019773 -0.038897 0.053250
v 0.017564 -0.047738 0.060723
v 0.022672 -0.043357 0.051982
v 0.023584 -0.040718 0.049723
v 0.021514 -0.046231 0.054666
v 0.026518 -0.046960 0.047218
v 0.024838 -0.045233 0.049636
v 0.027912 -0.046411 0.044512
v 0.025939 -0.043239 0.047428
v 0.021002 -0.048145 0.057416
v 0.022580 -0.042691 0.062710
v 0.013031 -0.043201 0.067334
v 0.007285 -0.042556 0.069429
v -0.037268 0.007110 0.038524
v -0.036476 0.004145 0.039963
v -0.031904 0.005772 0.041017
v -0.032895 0.008348 0.039725
v 0.006659 0.001931 0.080565
v 0.006515 0.006491 0.076530
v 0.025446 -0.049196 0.055271
v 0.014169 -0.145214 0.009344
v -0.085255 -0.012636 -0.051749
v -0.084738 -0.011791 -0.050331
v -0.092424 0.011896 -0.077512
v 0.029263 -0.051522 0.054303
v 0.026656 -0.054384 0.046038
v 0.025429 -0.050916 0.049863
v 0.036649 -0.063256 0.051350
v 0.031090 -0.067259 0.054255
v 0.028170 -0.062525 0.055831
v 0.032789 -0.059033 0.052887
v 0.024653 -0.054977 0.057900
v 0.027446 -0.053174 0.055371
v -0.097888 0.014891 -0.071245
v 0.025916 -0.051557 0.056231
v 0.023380 -0.052438 0.058708
v 0.022268 -0.050494 0.059181
v 0.024798 -0.050207 0.056526
v 0.020292 -0.047636 0.058030
v 0.015577 -0.046885 0.061307
v 0.015218 -0.050419 0.056224
v 0.020289 -0.050902 0.053560
v 0.023947 -0.050980 0.051097
v 0.023749 -0.048053 0.054888
v -0.091951 0.019473 -0.070848
v -0.090977 0.021518 -0.065784
v -0.089395 0.020227 -0.064566
v -0.090655 0.017589 -0.069038
v 0.020832 -0.047865 0.058794
v 0.023955 -0.048342 0.055710
v 0.015873 -0.047163 0.062328
v 0.028903 -0.140423 0.002354
v 0.024189 -0.049061 0.056399
v 0.021271 -0.048708 0.059046
v 0.016595 -0.048428 0.062861
v 0.017745 -0.050740 0.063287
v 0.018870 -0.053397 0.063300
v 0.019811 -0.056637 0.062242
v 0.022345 -0.065173 0.059540
v 0.023937 -0.070934 0.058722
v 0.015213 -0.066567 0.062518
v 0.016223 -0.072688 0.063153
v 0.014061 -0.057764 0.065963
v 0.013565 -0.053846 0.067458
v 0.012684 -0.050790 0.067323
v 0.011890 -0.048194 0.066370
v 0.004215 -0.023372 0.067751
v 0.006235 -0.016573 0.067349
v 0.005045 -0.016312 0.069848
v 0.008930 -0.012573 0.075527
v 0.002141 -0.016991 0.072449
v 0.011771 -0.010487 0.074926
v 0.009992 -0.011279 0.076635
v 0.010810 -0.009151 0.077570
v 0.012180 -0.008400 0.076074
v 0.008304 -0.012023 0.078132
v 0.009823 -0.009385 0.078930
v 0.003714 -0.013281 0.080137
v 0.005000 -0.009338 0.082870
v 0.006423 -0.002444 0.082972
v 0.005648 -0.006608 0.083585
v 0.011319 -0.007161 0.078309
v 0.012751 -0.004916 0.076612
v -0.100625 0.015461 -0.072545
v 0.013374 -0.001866 0.073603
v 0.016010 -0.004559 0.069399
v 0.010950 0.134339 -0.047255
v 0.011175 -0.046653 0.065566
v 0.010668 -0.046484 0.063626
v -0.085940 -0.027067 -0.051459
v -0.092176 0.002074 -0.067576
v 0.015408 -0.061142 0.049224
v 0.015318 -0.056414 0.051737
v 0.010447 -0.056376 0.053455
v -0.090316 0.021884 -0.063001
v -0.093854 0.023396 -0.063931
v 0.010600 -0.061550 0.050953
v 0.006044 -0.046417 0.064622
v -0.100437 -0.009791 -0.077302
v -0.100978 0.013851 -0.074949
v -0.099212 0.012257 -0.073642
v -0.091107 0.013707 -0.057333
v -0.086567 -0.016820 -0.071327
v -0.093699 -0.016434 -0.069055
v -0.092151 -0.019327 -0.067022
v -0.085853 -0.018902 -0.069893
v -0.079381 -0.002962 -0.065220
v 0.005874 -0.050064 0.059133
v 0.010476 -0.050026 0.058019
v 0.006263 -0.046423 0.066946
v 0.006775 -0.048100 0.068089
v 0.007394 -0.050777 0.069287
v 0.005905 -0.056583 0.054303
v 0.006071 -0.061809 0.051981
v -0.081845 -0.021761 -0.041565
v 0.024956 -0.055699 0.047242
v -0.091192 -0.033707 -0.059756
v -0.091946 -0.032267 -0.062758
v -0.035284 -0.042522 -0.137749
v -0.038839 -0.030439 -0.142536
v -0.101241 -0.009483 -0.080608
v 0.026093 -0.059472 0.045019
v 0.020479 -0.056498 0.049617
v 0.020972 -0.060580 0.047385
v 0.009225 -0.072191 0.066448
v 0.008559 -0.066617 0.065093
v 0.007724 -0.054499 0.069432
v 0.008013 -0.058628 0.067474
v 0.023016 0.116266 -0.119548
v 0.067268 0.080397 -0.007844
v 0.066291 0.073439 0.000543
v -0.092574 0.015340 -0.064812
v 0.058819 0.081618 0.008113
v 0.060426 0.086917 0.000255
v 0.067746 0.088178 -0.016515
v 0.060735 0.093569 -0.007995
v 0.041693 0.125166 -0.067907
v 0.042474 0.124980 -0.053010
v 0.022680 0.131619 -0.048501
v 0.036214 0.124780 -0.082626
v 0.048937 0.115660 -0.092573
v 0.051652 0.119009 -0.072301
v 0.051769 0.119526 -0.056209
v -0.087671 -0.027773 -0.053078
v -0.087718 -0.034450 -0.051916
v -0.085940 -0.033742 -0.049437
v -0.086526 0.005286 -0.063828
v 0.032061 -0.099062 -0.129668
v 0.054828 0.041218 -0.142694
v 0.050552 0.118868 -0.041818
v 0.041966 0.123486 -0.038693
v 0.041576 0.120614 -0.025830
v 0.049375 0.116853 -0.029622
v 0.022493 0.129525 -0.033654
v 0.010756 0.131954 -0.031688
v 0.018956 0.001086 -0.160499
v 0.005409 0.017703 0.066320
v 0.055441 -0.058372 -0.107838
v 0.067045 -0.058606 -0.087333
v 0.073077 -0.112641 -0.052666
v 0.076753 -0.032853 -0.062064
v 0.076054 -0.032096 -0.063151
v 0.072637 -0.074790 -0.063481
v 0.072118 -0.059830 -0.066147
v 0.043346 -0.057473 -0.122183
v 0.085805 -0.020249 -0.073297
v 0.086504 -0.016287 -0.074670
v 0.087438 -0.021399 -0.073185
v 0.088194 -0.017002 -0.074661
v 0.088407 -0.012547 -0.075300
v 0.088550 -0.023449 -0.072353
v 0.085551 0.018880 -0.061168
v 0.087058 0.020258 -0.060475
v -0.087020 -0.022646 -0.072726
v -0.087310 -0.020360 -0.073771
v 0.077436 -0.035502 -0.056741
v 0.076862 -0.034517 -0.058873
v -0.071520 -0.010942 -0.059660
v 0.076505 -0.035064 -0.057583
v 0.076498 -0.035733 -0.056028
v 0.077555 -0.036633 -0.054744
v 0.076697 -0.036462 -0.054537
v 0.084366 0.036130 -0.052548
v 0.074496 -0.035508 -0.059577
v 0.075431 -0.032557 -0.062459
v 0.076030 -0.033742 -0.060615
v 0.075386 -0.034707 -0.058799
v 0.075460 -0.036127 -0.056024
v 0.075988 -0.037291 -0.053717
v 0.077659 -0.038065 -0.053051
v -0.090047 -0.028830 -0.069567
v -0.086311 -0.034880 -0.063623
v -0.075443 -0.091137 -0.057645
v -0.073473 -0.088182 -0.077370
v -0.074557 -0.099756 -0.073198
v -0.074834 -0.103942 -0.054020
v -0.082623 -0.006328 -0.043029
v -0.083195 -0.014187 -0.046416
v -0.082707 -0.015420 -0.044029
v 0.089416 -0.024630 -0.072434
v 0.082801 -0.036660 -0.059690
v -0.031896 -0.122431 0.009503
v -0.028574 -0.134370 0.005678
v 0.085093 0.009899 -0.069172
v 0.085109 0.007845 -0.070860
v 0.087820 0.009639 -0.072439
v 0.087898 0.012185 -0.070623
v 0.062922 -0.016252 -0.119291
v 0.064492 -0.004068 -0.123326
v 0.015159 -0.096664 -0.136265
v 0.014854 -0.082010 -0.136532
v 0.080274 0.030807 -0.104646
v 0.085338 0.011828 -0.067176
v 0.088137 0.014209 -0.068706
v 0.087002 -0.011933 -0.075171
v 0.084756 0.010540 -0.067017
v 0.084546 0.008598 -0.068872
v 0.089724 0.015879 -0.070120
v 0.089690 0.013454 -0.072163
v 0.089345 0.010770 -0.073961
v 0.084455 0.006532 -0.070736
v -0.083443 -0.021091 -0.036403
v -0.083928 -0.021088 -0.024820
v -0.083306 -0.003806 -0.025339
v -0.083392 -0.010277 -0.036086
v 0.084277 0.016551 -0.068730
v 0.084964 0.064504 -0.077305
v 0.083785 0.057771 -0.092645
v 0.080645 0.082237 -0.080168
v 0.079671 0.076501 -0.096655
v 0.074559 0.069700 -0.113815
v 0.078350 0.049755 -0.110181
v 0.084869 0.018340 -0.062692
v 0.088037 0.020838 -0.061205
v 0.067934 0.094624 -0.024815
v 0.073100 0.089219 -0.032618
v 0.060670 0.099361 -0.015653
v 0.060201 0.104499 -0.022888
v 0.066962 0.100629 -0.032308
v 0.074318 0.093196 -0.045128
v 0.085075 0.055078 -0.061760
v 0.083300 0.070730 -0.061910
v 0.080133 0.075596 -0.047189
v -0.066349 0.033350 0.014077
v -0.068640 0.033263 0.008979
v -0.069325 0.022800 0.008489
v -0.066342 0.024876 0.012718
v 0.078752 0.088028 -0.063406
v 0.069676 0.102371 -0.051963
v 0.073205 0.098389 -0.067185
v 0.062009 0.110831 -0.056176
v 0.064083 0.108423 -0.071423
v 0.063711 0.105511 -0.088104
v 0.074905 0.093973 -0.083017
v 0.064713 0.105964 -0.038977
v 0.058344 0.109144 -0.028789
v 0.059108 0.112226 -0.042860
v 0.055861 0.113064 -0.033720
v 0.078042 0.077940 -0.039190
v 0.074275 -0.043673 -0.052587
v 0.076948 -0.043743 -0.045380
v -0.021491 0.092936 0.031222
v -0.010425 0.093707 0.033551
v -0.010702 0.101386 0.027540
v -0.021993 0.100266 0.024733
v 0.079955 -0.030619 -0.037125
v -0.040487 -0.021076 -0.145083
v -0.041822 -0.009424 -0.148277
v -0.021083 -0.012901 -0.156677
v -0.020235 -0.023751 -0.153236
v 0.076389 -0.000604 -0.001805
v 0.076858 0.012776 -0.004195
v 0.080624 0.003690 -0.014972
v 0.080140 -0.011163 -0.011342
v -0.022255 0.117569 0.001409
v -0.010969 0.119325 0.004471
v -0.011092 0.124315 -0.006007
v -0.022499 0.122255 -0.008733
v -0.058860 0.002868 0.027927
v -0.061127 -0.004401 0.028086
v -0.056418 -0.004688 0.032355
v -0.054601 0.002598 0.031398
v 0.075277 0.027266 -0.005686
v 0.079668 0.018742 -0.016513
v 0.078265 0.034266 -0.018911
v 0.073897 0.042817 -0.006364
v 0.064973 0.063552 -0.129994
v 0.067279 0.045920 -0.128945
v -0.087910 -0.039298 -0.048275
v -0.086692 -0.038354 -0.046513
v 0.068158 0.032335 -0.127791
v 0.052273 0.062259 0.027420
v -0.011268 0.128522 -0.018256
v -0.022887 0.126249 -0.020557
v 0.021998 0.084837 -0.150731
v 0.050623 0.086375 0.015898
v 0.056512 0.085415 -0.129100
v -0.001856 -0.081531 -0.138814
v 0.042635 0.091197 -0.136153
v 0.073834 0.088508 -0.099061
v 0.070091 0.082559 -0.113718
v 0.061701 0.075393 -0.129711
v 0.067342 0.014955 -0.126906
v 0.050173 0.113154 -0.021546
v 0.061930 0.027981 0.020271
v 0.060974 0.023103 0.018928
v 0.062231 0.033126 0.022323
v 0.059033 0.017876 0.020242
v 0.017694 0.010248 0.048417
v 0.017193 0.008187 0.050886
v 0.016710 0.005620 0.053033
v 0.020825 0.004867 0.048233
v 0.020068 0.001531 0.050285
v 0.013694 0.005884 0.059395
v 0.013845 0.008747 0.056452
v 0.016316 0.002562 0.055358
v 0.016281 -0.000895 0.057371
v 0.013789 0.002495 0.061907
v 0.020267 -0.015444 0.053258
v 0.021086 -0.010190 0.050901
v 0.018899 -0.005119 0.053354
v 0.023963 -0.001974 0.048592
v 0.022726 -0.005754 0.049908
v 0.019230 -0.001545 0.051837
v 0.025246 0.001761 0.046415
v 0.018173 -0.004313 0.060586
v 0.019486 -0.007516 0.064404
v 0.015145 -0.001027 0.065649
v 0.013002 0.001455 0.069701
v 0.012062 0.005346 0.066218
v 0.021561 0.007160 0.045937
v 0.026225 0.004471 0.044267
v 0.026590 -0.010019 0.049501
v 0.031406 -0.014165 0.049443
v 0.028597 -0.005096 0.047772
v 0.033471 -0.008651 0.047456
v 0.029921 -0.001059 0.045336
v 0.034786 -0.004284 0.044831
v 0.036016 -0.018727 0.049248
v 0.040023 -0.023728 0.048434
v 0.043706 -0.029766 0.047015
v 0.043018 -0.018031 0.045803
v 0.047155 -0.024529 0.044053
v 0.044964 -0.012331 0.042887
v 0.049753 -0.018287 0.040803
v -0.013548 0.016876 0.047590
v -0.013906 0.018925 0.044136
v -0.017877 0.015037 0.042914
v -0.017408 0.012810 0.045755
v -0.007979 0.065448 0.046466
v -0.008912 0.073059 0.042505
v -0.018684 0.073048 0.040985
v -0.017363 0.065681 0.045666
v 0.038579 -0.012986 0.046889
v 0.040179 -0.008095 0.044033
v 0.035986 0.000038 0.042363
v 0.031190 0.002485 0.043075
v 0.046115 0.000548 0.038055
v 0.045924 -0.005924 0.040217
v 0.041010 -0.002771 0.041432
v 0.041565 0.002513 0.039312
v 0.051454 -0.010579 0.037811
v 0.051271 -0.001808 0.036090
v 0.050332 0.004107 0.034397
v 0.035271 0.012283 0.038797
v 0.029885 0.013139 0.039510
v 0.039180 0.011847 0.037650
v 0.045791 0.005342 0.036360
v 0.042012 0.006424 0.037995
v 0.054550 0.012487 0.026577
v 0.052089 0.011645 0.029302
v 0.045931 0.011373 0.034332
v 0.042812 0.011533 0.036147
v 0.049099 0.011452 0.032053
v 0.025005 0.015052 0.039376
v 0.020219 0.017595 0.039187
v 0.068370 -0.072710 -0.083687
v 0.011504 0.009038 0.063590
v 0.011197 0.012166 0.060614
v 0.016504 0.036032 0.042844
v 0.014273 0.033370 0.041223
v 0.008522 0.033687 0.050092
v 0.021243 0.039457 0.045745
v 0.016215 0.020618 0.039059
v -0.022479 0.011688 0.041373
v -0.021726 0.009624 0.043317
v 0.014311 0.023360 0.038872
v 0.012895 0.027105 0.039080
v 0.012869 0.030218 0.039927
v -0.010822 0.108035 0.020671
v -0.022193 0.106722 0.017582
v -0.021851 0.131536 -0.072361
v -0.022594 0.132081 -0.063438
v -0.010739 0.134818 -0.063802
v -0.011592 0.133614 -0.076820
v 0.034285 0.053343 0.047851
v 0.030937 0.046702 0.049548
v 0.063032 0.066957 0.010207
v 0.067203 0.057567 0.006035
v 0.055992 0.048491 0.031015
v 0.059561 0.044128 0.027689
v 0.061661 0.038725 0.024650
v 0.069799 0.044973 0.003151
v 0.071735 0.031491 0.002439
v 0.073073 0.019030 0.003177
v -0.076915 -0.005670 -0.105386
v -0.081525 -0.007027 -0.088985
v -0.083660 0.005927 -0.089997
v -0.080259 0.012143 -0.106915
v 0.052042 0.098170 0.000766
v -0.046418 -0.113251 -0.003686
v -0.043242 -0.125880 -0.006340
v -0.002063 -0.094943 -0.138476
v 0.051706 0.103736 -0.006590
v 0.051816 0.092181 0.008388
v 0.041485 0.116827 -0.015857
v 0.041705 0.112499 -0.006968
v 0.051092 0.108730 -0.013985
v 0.042362 0.107477 0.000831
v 0.042891 0.101911 0.008103
v 0.042596 0.095978 0.015723
v 0.041634 0.089700 0.022956
v 0.039820 0.080883 0.029736
v 0.056832 -0.071849 -0.105085
v 0.008787 -0.004169 0.063242
v 0.008010 -0.004034 0.063774
v -0.057723 0.056557 0.021708
v -0.059731 0.061823 0.016637
v -0.063549 0.054163 0.012713
v -0.061545 0.050013 0.018297
v 0.007681 -0.004811 0.062662
v 0.007014 -0.004551 0.063173
v 0.006666 -0.006200 0.062732
v 0.008106 -0.013402 0.065081
v 0.006831 -0.011444 0.064042
v 0.006175 -0.007916 0.062680
v 0.079761 -0.038307 -0.038959
v -0.006111 0.053441 0.052212
v -0.014425 0.053505 0.051885
v -0.012232 0.047400 0.052338
v -0.005237 0.047293 0.052884
v -0.066169 0.016793 0.012974
v -0.069739 0.012935 0.010047
v -0.068650 0.004488 0.015162
v -0.065085 0.009386 0.017190
v -0.061866 0.004186 0.024178
v -0.064535 -0.002627 0.023783
v -0.020198 0.082801 0.036982
v -0.009678 0.083272 0.038774
v -0.066530 0.044266 0.010025
v -0.064706 0.041942 0.015845
v -0.010501 0.020474 0.050564
v -0.011164 0.021998 0.046106
v -0.007950 0.027682 0.049380
v -0.004476 0.027118 0.056511
v -0.003583 0.030937 0.054143
v -0.007132 0.030747 0.049821
v -0.036701 0.065252 0.038271
v -0.038076 0.072089 0.033457
v -0.046490 0.070693 0.027959
v -0.044939 0.064161 0.032627
v -0.022242 0.112370 0.009999
v -0.010890 0.113897 0.013145
v -0.003792 0.039783 0.052328
v -0.008680 0.039743 0.050372
v -0.007320 0.036546 0.049731
v -0.003624 0.036671 0.052317
v -0.026630 0.007422 0.041989
v -0.027553 0.009770 0.040614
v -0.078347 -0.039076 -0.052329
v -0.079875 -0.039858 -0.051640
v -0.082844 0.013088 -0.039408
v -0.082617 0.001273 -0.037275
v -0.082741 0.010581 -0.026529
v -0.081461 0.024657 -0.029325
v -0.082430 0.037637 -0.033296
v -0.082958 0.046809 -0.038968
v -0.084544 0.030202 -0.046979
v -0.083586 0.023178 -0.042189
v -0.068039 -0.096806 -0.089905
v -0.065182 -0.086425 -0.095713
v -0.004053 0.023801 0.060174
v -0.003795 0.020652 0.063231
v -0.022473 0.032480 -0.163525
v -0.022192 0.017813 -0.163085
v -0.043502 0.022387 -0.153575
v -0.043430 0.036402 -0.153717
v -0.074667 -0.017445 -0.102181
v -0.079763 -0.016847 -0.086611
v -0.011264 -0.009254 0.066227
v -0.007549 -0.004849 0.061554
v -0.007796 -0.008362 0.060449
v -0.007479 -0.005842 0.061457
v -0.011669 -0.011802 0.067864
v -0.014110 -0.012506 0.069112
v -0.008737 -0.012143 0.061113
v -0.008060 -0.011946 0.061553
v -0.007243 -0.008078 0.060712
v -0.008829 -0.004308 0.062260
v -0.001696 -0.016035 0.075191
v -0.002283 -0.014489 0.078343
v -0.006717 -0.013198 0.077014
v -0.005065 -0.014724 0.074749
v -0.005745 -0.005706 0.062707
v -0.004669 -0.007730 0.063480
v -0.005747 -0.009766 0.071044
v -0.007351 -0.005877 0.066980
v -0.007638 -0.003838 0.064170
v -0.007494 -0.009025 0.070154
v -0.006388 -0.015137 0.067135
v -0.009347 -0.008861 0.068388
v -0.089933 -0.024006 -0.060857
v -0.073801 -0.077481 -0.032973
v -0.077731 -0.061462 -0.043479
v -0.075822 -0.061703 -0.052428
v -0.074473 -0.078351 -0.046069
v -0.089188 0.004562 -0.065534
v -0.072773 0.059799 -0.007060
v -0.073500 0.072206 -0.016852
v -0.079516 0.059557 -0.029247
v -0.079793 0.048178 -0.023765
v -0.073410 0.082218 -0.025493
v -0.079203 0.070989 -0.036776
v -0.083085 0.057937 -0.047465
v -0.086012 0.036202 -0.063207
v -0.045041 0.021092 0.033701
v -0.045234 0.020724 0.033582
v -0.043667 0.020307 0.034816
v -0.043545 0.020691 0.034965
v -0.044745 0.021410 0.033604
v -0.043460 0.020959 0.034528
v -0.045813 0.021933 0.032682
v -0.046182 0.021513 0.032796
v -0.046307 0.021099 0.032666
v -0.027964 0.022036 0.037311
v -0.028417 0.022144 0.036607
v -0.030842 0.021436 0.037501
v -0.030663 0.021295 0.038312
v -0.027765 0.021652 0.037516
v -0.030821 0.020738 0.038362
v -0.027517 0.023676 0.030935
v -0.027377 0.024301 0.030976
v -0.028341 0.022802 0.031196
v -0.025753 0.024354 0.034147
v -0.025649 0.025502 0.033904
v -0.026888 0.025962 0.030871
v -0.027068 0.024874 0.030927
v -0.026088 0.023743 0.034354
v -0.024331 0.023661 0.034732
v -0.023817 0.024241 0.034473
v -0.023768 0.025499 0.034372
v -0.035597 0.019536 0.038328
v -0.035897 0.018869 0.038037
v -0.031269 0.019416 0.038257
v -0.031104 0.020080 0.038357
v -0.035353 0.020152 0.038441
v -0.038674 0.020076 0.037691
v -0.038975 0.019535 0.037426
v -0.039210 0.018873 0.037042
v -0.027785 0.020397 0.037664
v -0.027740 0.021069 0.037629
v -0.039453 0.018116 0.036645
v -0.036139 0.018093 0.037643
v -0.031398 0.018621 0.038053
v -0.027684 0.019850 0.037744
v -0.024380 0.021458 0.037056
v -0.024925 0.021765 0.036950
v -0.036315 0.017207 0.037360
v -0.036247 0.016373 0.037298
v -0.031201 0.016924 0.038031
v -0.031359 0.017748 0.037924
v -0.039615 0.017227 0.036253
v -0.039623 0.016243 0.036150
v -0.048155 0.021243 0.030798
v -0.048773 0.021805 0.030039
v -0.048950 0.020949 0.029844
v -0.048629 0.020438 0.030256
v -0.052050 0.017441 0.025876
v -0.053009 0.018978 0.024886
v -0.055314 0.017604 0.022902
v -0.054024 0.016001 0.024450
v -0.063983 0.006266 0.020501
v -0.056426 0.013084 0.023438
v -0.057890 0.014717 0.021158
v -0.047389 0.020831 0.031598
v -0.046491 0.020538 0.032455
v -0.047216 0.021481 0.031800
v -0.047930 0.021939 0.031050
v -0.047930 0.020064 0.031056
v -0.046899 0.019786 0.032101
v -0.045462 0.020202 0.033394
v -0.045792 0.019487 0.033086
v -0.044145 0.019106 0.034345
v -0.043879 0.019795 0.034593
v -0.041640 0.019604 0.035995
v -0.041439 0.020099 0.036262
v -0.041890 0.018904 0.035668
v -0.044473 0.018291 0.034085
v -0.042263 0.018128 0.035332
v -0.046271 0.018631 0.032642
v -0.047504 0.018975 0.031487
v -0.048464 0.019360 0.030383
v -0.049195 0.019796 0.029518
v -0.049627 0.020524 0.028943
v -0.049116 0.018514 0.029410
v -0.049835 0.017635 0.028406
v -0.048492 0.017117 0.029941
v -0.048050 0.018090 0.030700
v -0.050004 0.019092 0.028366
v -0.050872 0.018332 0.027146
v -0.046683 0.017800 0.032126
v -0.046978 0.016861 0.031542
v -0.044895 0.016534 0.033293
v -0.044726 0.017549 0.033799
v -0.042395 0.017349 0.034987
v -0.042566 0.016302 0.034613
v -0.035232 0.020609 0.038488
v -0.035204 0.020945 0.037870
v -0.038518 0.020830 0.037274
v -0.038525 0.020452 0.037844
v -0.041260 0.020477 0.036391
v -0.041360 0.020789 0.035995
v -0.038523 0.019597 0.035128
v -0.037424 0.020834 0.030786
v -0.039931 0.020896 0.029981
v -0.042027 0.019737 0.034072
v -0.034668 0.019587 0.035585
v -0.034142 0.021088 0.031430
v -0.030896 0.020298 0.035575
v -0.030843 0.021969 0.031408
v -0.028312 0.021895 0.035362
v -0.037125 0.033833 0.038596
v -0.037159 0.034048 0.039166
v -0.042630 0.033062 0.038314
v -0.042221 0.032775 0.037718
v -0.055801 -0.005683 -0.136936
v -0.056941 0.010343 -0.141077
v -0.043193 0.005398 -0.151631
v -0.045125 0.030279 0.036228
v -0.045156 0.031120 0.036205
v -0.047513 0.029885 0.034388
v -0.047263 0.029068 0.034408
v -0.045058 0.029278 0.036233
v -0.047004 0.028094 0.034230
v -0.042044 0.030511 0.038095
v -0.042090 0.031491 0.038135
v -0.042100 0.032202 0.037869
v -0.047377 0.026836 0.029506
v -0.046414 0.028252 0.030307
v -0.046202 0.026859 0.032780
v -0.046995 0.026038 0.031578
v -0.047988 0.026205 0.028812
v -0.047520 0.025409 0.030669
v -0.046712 0.026669 0.025305
v -0.045946 0.027312 0.025942
v -0.044859 0.028113 0.026927
v -0.047134 0.026042 0.024924
v -0.047288 0.025368 0.024749
v -0.047332 0.024570 0.024767
v -0.047084 0.023778 0.025134
v -0.066937 -0.012358 0.021159
v -0.066975 0.000254 0.019563
v -0.069735 -0.008910 0.016291
v -0.046972 0.021987 0.031968
v -0.047685 0.022501 0.031198
v -0.046512 0.022417 0.031930
v -0.046981 0.022787 0.031333
v -0.048223 0.023054 0.030370
v -0.048663 0.022508 0.030179
v -0.045392 0.020560 0.031553
v -0.044479 0.021483 0.028103
v -0.045510 0.021965 0.027173
v -0.046332 0.021540 0.030221
v -0.044290 0.019925 0.032544
v -0.042760 0.021054 0.029113
v -0.046350 0.022408 0.026521
v -0.046769 0.023117 0.025693
v -0.047089 0.022066 0.029626
v -0.047541 0.022720 0.028752
v -0.047452 0.023327 0.030646
v -0.048137 0.024137 0.027883
v -0.048148 0.024747 0.027896
v -0.047777 0.023779 0.029855
v -0.048108 0.024260 0.029192
v -0.047931 0.023536 0.028107
v -0.048145 0.025511 0.028222
v -0.047857 0.024801 0.029722
v -0.049231 0.021780 0.029442
v -0.049131 0.022967 0.029412
v -0.050025 0.023975 0.028373
v -0.049886 0.021590 0.028549
v -0.050951 0.021467 0.027277
v -0.050561 0.019999 0.027629
v -0.051332 0.024409 0.027437
v -0.052670 0.024869 0.026360
v -0.052197 0.021411 0.025914
v -0.051576 0.019624 0.026366
v -0.048649 0.023487 0.029607
v -0.048981 0.024071 0.029078
v -0.050659 0.025715 0.028874
v -0.051552 0.026560 0.028446
v -0.049515 0.025096 0.029468
v -0.048970 0.025975 0.030840
v -0.049912 0.026814 0.030667
v -0.050532 0.027651 0.030550
v -0.048835 0.027856 0.032476
v -0.049326 0.028679 0.032435
v -0.048161 0.026997 0.032393
v -0.048555 0.024876 0.029898
v -0.048094 0.025549 0.030871
v -0.047421 0.026297 0.032098
v -0.046568 0.027110 0.033560
v -0.044891 0.028382 0.035699
v -0.044637 0.027894 0.034908
v -0.041977 0.029510 0.037571
v -0.041953 0.028862 0.036860
v -0.037571 0.034858 0.040411
v -0.043775 0.034168 0.039324
v -0.041921 0.030348 0.033869
v -0.040109 0.029367 0.030268
v -0.037469 0.029697 0.031843
v -0.038535 0.030783 0.035835
v -0.025893 0.026161 0.034231
v -0.026419 0.027256 0.035001
v -0.027487 0.027603 0.031645
v -0.026861 0.026667 0.031058
v -0.024767 0.026117 0.034956
v -0.026044 0.027200 0.035881
v -0.030522 0.029841 0.036763
v -0.031201 0.028946 0.032514
v -0.028549 0.028662 0.032208
v -0.027949 0.028747 0.035967
v -0.031261 0.029108 0.038059
v -0.028102 0.028140 0.036998
v -0.038493 0.029496 0.038152
v -0.023355 0.070218 -0.157997
v -0.023120 0.053671 -0.162315
v -0.043395 0.056018 -0.152648
v -0.043083 0.070455 -0.149075
v -0.044849 0.029505 0.031852
v -0.042807 0.028858 0.028605
v -0.053698 0.072073 -0.140716
v -0.052532 0.081313 -0.137148
v -0.043236 0.082845 -0.143031
v -0.047637 -0.073260 -0.118893
v -0.036348 -0.084556 -0.128161
v -0.023539 0.026120 0.036101
v -0.025234 0.027178 0.036812
v -0.022368 0.025362 0.035578
v -0.020951 0.025426 0.035795
v -0.022004 0.026535 0.036178
v -0.023760 0.027891 0.036921
v -0.027407 0.028400 0.037724
v -0.026214 0.029235 0.038076
v -0.029859 0.030577 0.039242
v -0.030692 0.029681 0.038846
v -0.037995 0.030188 0.038984
v -0.037677 0.031225 0.039301
v -0.028888 0.031694 0.039040
v -0.025205 0.030292 0.037748
v -0.028019 0.032652 0.038597
v -0.024690 0.031271 0.037459
v -0.037296 0.033147 0.038920
v -0.037449 0.032211 0.039322
v -0.025053 0.022284 0.036811
v -0.021918 0.023180 0.036306
v -0.025451 0.022681 0.036455
v -0.023099 0.023450 0.036025
v -0.026567 0.022878 0.035677
v -0.022238 0.024080 0.035731
v -0.021028 0.023967 0.035989
v -0.026611 0.022915 0.034652
v -0.020702 0.027072 0.035713
v -0.019552 0.025526 0.035723
v -0.019057 0.027664 0.035330
v -0.018023 0.025711 0.035491
v -0.021416 0.029703 0.036021
v -0.022495 0.028858 0.036374
v -0.019726 0.023849 0.035998
v -0.020543 0.022997 0.036357
v -0.018414 0.023830 0.035941
v -0.019376 0.022801 0.036307
v -0.027373 0.019275 0.037828
v -0.026937 0.018609 0.037970
v -0.023599 0.021000 0.037208
v -0.022760 0.020540 0.037281
v -0.035937 0.015273 0.037274
v -0.039413 0.015222 0.036122
v -0.035346 0.013961 0.037426
v -0.039049 0.013650 0.036176
v -0.030029 0.014798 0.038392
v -0.030752 0.015957 0.038123
v -0.043306 -0.134175 -0.007668
v -0.050750 0.016522 0.027482
v -0.052304 0.014757 0.026595
v -0.050425 0.014029 0.028668
v -0.049175 0.016025 0.029206
v -0.047403 0.015670 0.030943
v -0.048044 0.013565 0.030812
v -0.045305 0.013470 0.032787
v -0.045108 0.015374 0.032808
v -0.042508 0.015287 0.034402
v -0.042532 0.013542 0.034491
v -0.053921 0.020828 0.024167
v -0.055007 0.024598 0.023969
v -0.056049 0.019654 0.022127
v -0.057579 0.023868 0.021425
v -0.016967 0.028802 0.035580
v -0.016334 0.026236 0.035387
v -0.014599 0.029708 0.036974
v -0.014292 0.026972 0.036405
v -0.016277 0.032670 0.038525
v -0.018815 0.031695 0.036848
v -0.017195 0.023892 0.035908
v -0.018171 0.022525 0.036280
v -0.015528 0.023875 0.036460
v -0.016898 0.022054 0.036772
v -0.026194 0.017720 0.038084
v -0.025359 0.016664 0.038300
v -0.021802 0.019898 0.037389
v -0.020611 0.019078 0.037736
v -0.054652 -0.017714 -0.132890
v -0.057420 0.027283 -0.142666
v -0.051952 0.038397 0.036451
v -0.049296 0.035339 0.037464
v -0.045384 0.036575 0.040051
v -0.047420 0.040196 0.040240
v -0.054661 0.042994 0.034138
v -0.057352 0.039466 0.030619
v -0.054787 0.036046 0.032826
v -0.052146 0.033655 0.034405
v -0.056053 0.027709 0.025175
v -0.054091 0.027762 0.027047
v -0.054282 0.029677 0.028901
v -0.056294 0.030255 0.027207
v -0.058617 0.027717 0.022578
v -0.059132 0.031419 0.024703
v -0.055820 0.032869 0.029853
v -0.053542 0.031558 0.031484
v -0.058511 0.035102 0.027739
v -0.025393 0.037069 0.041673
v -0.026343 0.035669 0.039927
v -0.023109 0.033671 0.038020
v -0.021097 0.034447 0.039112
v -0.023861 0.038636 0.042820
v -0.018679 0.035333 0.040338
v -0.040158 0.041562 0.043502
v -0.038740 0.037599 0.042101
v -0.027446 0.033172 0.038298
v -0.024913 0.031748 0.037680
v -0.027113 0.033561 0.038336
v -0.024664 0.032232 0.037502
v -0.061168 0.093281 -0.117780
v -0.063676 0.099745 -0.104646
v -0.046249 0.110526 -0.111015
v -0.045320 0.102494 -0.124159
v -0.045271 0.031536 0.036344
v -0.045731 0.031880 0.036832
v -0.048358 0.030783 0.034825
v -0.047747 0.030356 0.034565
v -0.049756 0.029264 0.032510
v -0.050449 0.029749 0.032580
v -0.051717 0.028741 0.030431
v -0.051020 0.028288 0.030575
v -0.051704 0.027595 0.029101
v -0.052300 0.027573 0.028529
v -0.024244 0.032873 0.037951
v -0.026868 0.034115 0.038937
v -0.055470 0.059368 -0.142809
v -0.048762 0.078412 0.022561
v -0.056484 0.074598 0.015681
v -0.053996 0.067942 0.021774
v -0.047029 0.033110 0.037573
v -0.049862 0.031911 0.035058
v -0.051768 0.030585 0.032413
v -0.052819 0.029233 0.030126
v -0.053179 0.028209 0.028563
v -0.082061 -0.018632 -0.043818
v -0.082700 -0.018659 -0.046104
v -0.089663 -0.008105 -0.075935
v -0.088203 -0.001890 -0.075109
v -0.086877 0.001846 -0.073679
v -0.087664 0.011540 -0.058829
v -0.091570 0.015036 -0.061781
v -0.094972 -0.027916 -0.068293
v -0.091887 -0.030137 -0.064080
v -0.094859 -0.026908 -0.069032
v -0.098437 0.012416 -0.073832
v -0.098862 0.010667 -0.075455
v -0.099716 0.010518 -0.075409
v -0.048798 -0.041930 -0.126483
v -0.053218 -0.027896 -0.130210
v -0.099626 0.008463 -0.077048
v -0.084405 -0.013507 -0.049273
v -0.090790 -0.008436 -0.076148
v -0.092666 -0.008819 -0.077774
v -0.093612 -0.014081 -0.077622
v -0.092809 -0.013641 -0.076822
v -0.092693 -0.019384 -0.075481
v -0.092109 -0.018505 -0.074979
v -0.096215 -0.023704 -0.071971
v -0.098592 -0.019882 -0.073991
v -0.092714 0.015795 -0.062884
v -0.091782 0.014920 -0.061318
v -0.093358 0.015709 -0.063134
v -0.084981 -0.014797 -0.050953
v -0.085950 0.009534 -0.058434
v -0.085320 0.007341 -0.057261
v -0.085040 0.007503 -0.057808
v -0.080341 -0.009858 -0.056019
v -0.080306 -0.008890 -0.056190
v -0.081855 -0.011246 -0.055325
v -0.084629 -0.012754 -0.053618
v -0.078417 -0.021054 -0.054081
v -0.077635 -0.022552 -0.056529
v -0.078457 -0.023630 -0.055346
v -0.095033 0.023345 -0.067131
v -0.085365 0.006450 -0.056944
v -0.086724 0.007814 -0.056969
v -0.087088 0.009098 -0.057427
v -0.094287 0.015513 -0.063467
v -0.087265 0.010036 -0.057829
v -0.086644 0.009742 -0.057754
v -0.088280 0.011550 -0.058711
v -0.086173 0.009413 -0.058041
v -0.083912 -0.016849 -0.070215
v -0.082844 -0.017659 -0.067855
v -0.082589 0.004491 -0.044827
v -0.083218 0.001597 -0.048377
v -0.091000 -0.031010 -0.061443
v -0.085495 0.011198 -0.069387
v -0.085504 0.014024 -0.069965
v -0.099728 -0.014795 -0.076103
v -0.091844 -0.021121 -0.065054
v -0.089842 -0.022073 -0.062820
v -0.093938 -0.019762 -0.067251
v -0.095334 -0.016744 -0.069280
v -0.080488 -0.000134 -0.063239
v -0.092655 0.004384 -0.068427
v -0.093958 0.002110 -0.069760
v -0.090895 0.004282 -0.066697
v -0.086377 0.018354 -0.067415
v -0.086185 0.018309 -0.064985
v -0.087201 0.011930 -0.066188
v -0.085498 0.016546 -0.064652
v -0.080328 -0.017366 -0.054498
v -0.080942 -0.024028 -0.057979
v -0.079251 -0.021771 -0.059165
v -0.081935 -0.023940 -0.059185
v -0.080945 -0.023154 -0.060891
v -0.081350 -0.021812 -0.062978
v -0.081726 -0.019883 -0.064663
v -0.080982 -0.016737 -0.065765
v -0.079508 -0.013113 -0.055554
v -0.086649 0.018120 -0.053379
v -0.079079 -0.015062 -0.055283
v -0.080842 -0.011271 -0.055664
v -0.081183 -0.013113 -0.055118
v -0.081002 -0.015202 -0.054647
v -0.087720 -0.025135 -0.055071
v -0.088266 -0.023516 -0.058170
v -0.085870 -0.024126 -0.054223
v -0.088735 -0.022802 -0.060689
v -0.084410 -0.023644 -0.053790
v -0.085099 0.013019 -0.067171
v -0.085485 0.016399 -0.066717
v -0.082675 -0.014788 -0.041296
v -0.072132 -0.003382 0.010744
v -0.073744 0.006718 0.004896
v -0.028038 -0.054576 0.043365
v -0.026965 -0.057486 0.043961
v -0.063055 -0.015435 0.026307
v -0.057395 -0.017907 0.032567
v -0.027223 -0.049764 0.054070
v -0.026335 -0.050665 0.054355
v -0.025227 -0.049936 0.054848
v -0.026106 -0.049399 0.054359
v -0.023640 -0.048423 0.053954
v -0.024500 -0.048631 0.053182
v -0.024710 -0.048819 0.053890
v -0.023904 -0.048765 0.054574
v -0.032304 -0.033311 0.052533
v -0.035947 -0.029040 0.049276
v -0.038603 -0.034405 0.049025
v -0.035140 -0.037868 0.052248
v -0.026451 -0.049868 0.045716
v -0.026131 -0.048572 0.045992
v -0.024766 -0.048474 0.049893
v -0.025280 -0.049037 0.049645
v -0.026214 -0.052566 0.045945
v -0.025099 -0.050340 0.049552
v -0.028571 -0.050649 0.043112
v -0.027690 -0.048389 0.043275
v -0.038400 -0.058640 0.049525
v -0.033900 -0.055541 0.050908
v -0.035081 -0.051699 0.051667
v -0.039409 -0.053194 0.049883
v -0.027800 -0.019519 0.049355
v -0.032214 -0.024261 0.049533
v -0.028754 -0.028600 0.052115
v -0.024645 -0.023421 0.051572
v -0.020513 -0.017731 0.051713
v -0.023525 -0.014617 0.049504
v -0.020207 -0.008028 0.055969
v -0.020779 -0.011920 0.057715
v -0.019995 -0.012606 0.061622
v -0.020757 -0.010155 0.060041
v -0.017270 -0.016935 0.059882
v -0.020605 -0.014535 0.056204
v -0.012603 -0.018375 0.060556
v -0.012116 -0.017280 0.061619
v -0.017306 -0.017977 0.057970
v -0.017398 -0.019671 0.055913
v -0.013066 -0.019679 0.059527
v -0.011157 -0.016017 0.062904
v -0.014340 -0.015949 0.062754
v -0.016514 -0.013970 0.064433
v -0.004420 -0.015559 0.072333
v -0.005906 -0.014231 0.074378
v -0.010328 0.018381 0.054542
v -0.013370 0.014216 0.050975
v -0.010308 0.015419 0.057360
v -0.013292 0.011763 0.053826
v -0.015503 -0.011654 0.068582
v -0.017868 -0.009568 0.066583
v -0.012888 -0.010362 0.072732
v -0.014430 -0.007265 0.072161
v -0.003359 0.033924 0.052888
v -0.001955 -0.019258 0.068012
v -0.002255 -0.020162 0.067539
v -0.001568 -0.017995 0.070024
v -0.023768 0.094583 -0.143708
v -0.024112 0.107573 -0.131500
v -0.023274 0.122399 -0.106373
v -0.020846 0.127509 -0.093141
v -0.005835 -0.039931 0.070254
v -0.005528 -0.037042 0.070204
v -0.013192 -0.042234 0.056583
v -0.007140 -0.041925 0.058028
v -0.006763 -0.045581 0.060801
v -0.012568 -0.045722 0.059273
v -0.017105 -0.045982 0.057004
v -0.018054 -0.042657 0.054415
v -0.013817 -0.038755 0.055024
v -0.007633 -0.038348 0.056495
v -0.012488 -0.047593 0.062697
v -0.006669 -0.047358 0.064980
v -0.006546 -0.045237 0.067714
v -0.012581 -0.045876 0.064919
v -0.020406 -0.024875 0.055206
v -0.015849 -0.023708 0.058440
v -0.011117 -0.023207 0.062636
v -0.007208 -0.023175 0.065528
v -0.006334 -0.020634 0.065436
v -0.009410 -0.020080 0.062875
v -0.005929 -0.019438 0.065697
v -0.008929 -0.018881 0.063315
v -0.008558 -0.017837 0.063852
v -0.009237 -0.016221 0.064311
v -0.007144 -0.016446 0.065724
v -0.007840 -0.015171 0.065455
v -0.005753 -0.018384 0.065962
v -0.004504 0.010136 0.072704
v -0.003996 0.013898 0.069308
v -0.010981 -0.035175 0.068243
v -0.005295 -0.034534 0.069628
v -0.004556 -0.029540 0.068227
v -0.009792 -0.029707 0.067038
v -0.015048 -0.030779 0.064355
v -0.016639 -0.037196 0.065452
v -0.002612 -0.021233 0.067193
v -0.011181 -0.037691 0.068487
v -0.011354 -0.040538 0.068222
v -0.016954 -0.039864 0.065540
v -0.017041 -0.042345 0.065097
v -0.021866 -0.040137 0.062004
v -0.021001 -0.033318 0.060930
v -0.027356 -0.036233 0.057358
v -0.026245 -0.043356 0.058537
v -0.035021 -0.048010 0.052878
v -0.028928 -0.050185 0.053493
v -0.029110 -0.048577 0.054301
v -0.028831 -0.047053 0.055332
v -0.034262 -0.044505 0.054190
v -0.039037 -0.047866 0.050918
v -0.037678 -0.042704 0.051850
v -0.032045 -0.040722 0.055411
v -0.028213 -0.045478 0.056526
v -0.027414 -0.048748 0.054689
v -0.026209 -0.048926 0.054732
v -0.027221 -0.047801 0.055558
v -0.025973 -0.048400 0.055417
v -0.026667 -0.046958 0.056585
v -0.025538 -0.047935 0.056228
v -0.024632 -0.047197 0.057475
v -0.025486 -0.045630 0.058153
v -0.023745 -0.048653 0.053466
v -0.022706 -0.048561 0.054449
v -0.022919 -0.048619 0.055693
v -0.023836 -0.048739 0.054687
v -0.024416 -0.048719 0.053048
v -0.024376 -0.048767 0.054204
v -0.024138 -0.047948 0.050880
v -0.022757 -0.047172 0.052560
v -0.024965 -0.048817 0.052430
v -0.025015 -0.048763 0.053507
v -0.025137 -0.048961 0.054616
v -0.025009 -0.048755 0.054917
v -0.024524 -0.048514 0.055543
v -0.023674 -0.048209 0.056534
v -0.016935 -0.044543 0.063995
v -0.021049 -0.044639 0.061600
v -0.020597 -0.046492 0.060279
v -0.016774 -0.046911 0.062036
v -0.020081 -0.047811 0.058808
v -0.018871 -0.039198 0.053041
v -0.016387 -0.047827 0.060328
v -0.021722 -0.043712 0.051749
v -0.022740 -0.041076 0.049499
v -0.020464 -0.046522 0.054352
v -0.025553 -0.047212 0.046975
v -0.023882 -0.045554 0.049394
v -0.027045 -0.046653 0.044272
v -0.025065 -0.043540 0.047176
v -0.019861 -0.048333 0.056989
v -0.021591 -0.042612 0.062047
v -0.011827 -0.043160 0.066894
v -0.006051 -0.042492 0.069141
v -0.005106 0.001805 0.080258
v -0.005090 0.006393 0.076275
v -0.024438 -0.049316 0.055034
v -0.015066 -0.145354 0.009251
v -0.027940 -0.051613 0.053459
v -0.025411 -0.054589 0.046088
v -0.024315 -0.051131 0.049874
v -0.035058 -0.063735 0.050505
v -0.029552 -0.067767 0.053700
v -0.026868 -0.062887 0.055357
v -0.031188 -0.059344 0.052045
v -0.023457 -0.055099 0.057591
v -0.026208 -0.053285 0.054836
v -0.024832 -0.051612 0.055873
v -0.022283 -0.052472 0.058442
v -0.021230 -0.050550 0.058982
v -0.023787 -0.050233 0.056282
v -0.019171 -0.047858 0.058102
v -0.014335 -0.047111 0.061343
v -0.013827 -0.050550 0.056337
v -0.018960 -0.051079 0.053672
v -0.022765 -0.051190 0.051184
v -0.022690 -0.048273 0.054929
v -0.019796 -0.048043 0.058778
v -0.022937 -0.048518 0.055663
v -0.014727 -0.047326 0.062276
v -0.028683 -0.140811 0.002316
v -0.023209 -0.049147 0.056274
v -0.020275 -0.048821 0.058955
v -0.015531 -0.048521 0.062730
v -0.016699 -0.050789 0.063077
v -0.017779 -0.053448 0.063028
v -0.018626 -0.056738 0.061950
v -0.020819 -0.065486 0.059116
v -0.022149 -0.071348 0.058267
v -0.013732 -0.066784 0.062091
v -0.014415 -0.072905 0.062744
v -0.012754 -0.057847 0.065538
v -0.012363 -0.053946 0.067087
v -0.011592 -0.050950 0.066973
v -0.010802 -0.048406 0.066153
v -0.003231 -0.023345 0.066968
v -0.005744 -0.016492 0.067160
v -0.004505 -0.016328 0.069710
v -0.008273 -0.012563 0.075243
v -0.001462 -0.017055 0.072383
v -0.011111 -0.010507 0.074649
v -0.009261 -0.011253 0.076357
v -0.010086 -0.009177 0.077379
v -0.011510 -0.008372 0.075860
v -0.007453 -0.011985 0.077864
v -0.008930 -0.009411 0.078754
v -0.002711 -0.013177 0.079948
v -0.003586 -0.009263 0.082571
v -0.004742 -0.002538 0.082578
v -0.004061 -0.006607 0.083269
v -0.010469 -0.007160 0.078180
v -0.011987 -0.004841 0.076470
v -0.012685 -0.001733 0.073439
v -0.015441 -0.004417 0.069177
v -0.011593 0.134277 -0.047474
v -0.010021 -0.046930 0.065438
v -0.009425 -0.046783 0.063573
v -0.013668 -0.061209 0.049414
v -0.013696 -0.056511 0.051877
v -0.008759 -0.056478 0.053551
v -0.008770 -0.061579 0.051109
v -0.004660 -0.046465 0.064629
v -0.004365 -0.050042 0.059212
v -0.009018 -0.050042 0.058151
v -0.004968 -0.046471 0.066897
v -0.005516 -0.048228 0.067904
v -0.006142 -0.050930 0.068941
v -0.004133 -0.056643 0.054374
v -0.004189 -0.061782 0.052076
v -0.023566 -0.055885 0.047361
v -0.024599 -0.059719 0.045183
v -0.018954 -0.056620 0.049779
v -0.019362 -0.060709 0.047583
v -0.007420 -0.072433 0.066062
v -0.006999 -0.066759 0.064732
v -0.006383 -0.054547 0.069031
v -0.006538 -0.058687 0.067031
v -0.024032 0.116213 -0.119691
v -0.067770 0.080063 -0.008914
v -0.066731 0.073062 -0.000615
v -0.059365 0.081288 0.007007
v -0.060980 0.086609 -0.000788
v -0.068253 0.087864 -0.017531
v -0.061292 0.093281 -0.008971
v -0.042365 0.125033 -0.068331
v -0.043103 0.124831 -0.053502
v -0.023314 0.131519 -0.048850
v -0.036956 0.124673 -0.082956
v -0.049753 0.115530 -0.092959
v -0.052352 0.118847 -0.072805
v -0.052401 0.119349 -0.056775
v -0.036219 -0.099862 -0.129286
v -0.056843 0.041020 -0.142972
v -0.051151 0.118680 -0.042435
v -0.042575 0.123324 -0.039240
v -0.042179 0.120442 -0.026425
v -0.049960 0.116653 -0.030291
v -0.023126 0.129428 -0.034002
v -0.011397 0.131904 -0.031875
v -0.021875 0.000960 -0.160540
v -0.003730 0.017513 0.066073
v -0.059177 -0.059410 -0.107172
v -0.070819 -0.059985 -0.086244
v -0.074416 -0.114374 -0.052465
v -0.079909 -0.033209 -0.062402
v -0.079510 -0.032640 -0.063511
v -0.075906 -0.076500 -0.062070
v -0.075619 -0.061365 -0.064861
v -0.047013 -0.058177 -0.121823
v -0.089005 -0.020603 -0.074005
v -0.089921 -0.016873 -0.075542
v -0.090200 -0.021278 -0.073485
v -0.091240 -0.017164 -0.075099
v -0.091174 -0.012797 -0.076029
v -0.090922 -0.023088 -0.072664
v -0.086392 0.018839 -0.062017
v -0.087863 0.020171 -0.061366
v -0.080209 -0.035728 -0.057182
v -0.079849 -0.034949 -0.059306
v -0.079483 -0.035347 -0.057936
v -0.079451 -0.036077 -0.056454
v -0.080069 -0.036754 -0.055280
v -0.079380 -0.036701 -0.055011
v -0.084957 0.035907 -0.053447
v -0.077548 -0.036119 -0.059648
v -0.078886 -0.033324 -0.062845
v -0.079083 -0.034245 -0.060981
v -0.078521 -0.035145 -0.059054
v -0.078194 -0.036165 -0.056313
v -0.078539 -0.037301 -0.054077
v -0.079937 -0.038206 -0.053646
v -0.091421 -0.024171 -0.072903
v -0.084709 -0.036643 -0.060505
v -0.087054 0.009956 -0.070119
v -0.087201 0.007809 -0.071710
v -0.089512 0.009766 -0.073408
v -0.089270 0.012376 -0.071707
v -0.066226 -0.016853 -0.119419
v -0.067433 -0.004517 -0.123559
v -0.019408 -0.097112 -0.136123
v -0.018693 -0.082330 -0.136459
v -0.082357 0.030492 -0.105174
v -0.087022 0.011883 -0.068102
v -0.089381 0.014367 -0.069763
v -0.090091 -0.012506 -0.076091
v -0.086983 0.010418 -0.067782
v -0.087003 0.008458 -0.069651
v -0.090639 0.016106 -0.071320
v -0.090615 0.013723 -0.073439
v -0.090909 0.010880 -0.075190
v -0.087071 0.006263 -0.071532
v -0.086106 0.016621 -0.069559
v -0.085825 0.064263 -0.078050
v -0.084966 0.057538 -0.093283
v -0.081416 0.082005 -0.080878
v -0.080666 0.076285 -0.097265
v -0.075841 0.069495 -0.114315
v -0.079969 0.049513 -0.110682
v -0.086034 0.018213 -0.063608
v -0.088992 0.020851 -0.062190
v -0.068451 0.094335 -0.025758
v -0.073606 0.088925 -0.033561
v -0.061222 0.099090 -0.016564
v -0.060753 0.104246 -0.023732
v -0.067494 0.100361 -0.033178
v -0.074854 0.092923 -0.046001
v -0.085773 0.054829 -0.062616
v -0.083948 0.070467 -0.062753
v -0.080665 0.075307 -0.048113
v -0.079371 0.087778 -0.064196
v -0.070264 0.102134 -0.052716
v -0.073846 0.098167 -0.067882
v -0.062642 0.110628 -0.056818
v -0.064769 0.108225 -0.072035
v -0.064486 0.105333 -0.088637
v -0.075621 0.093758 -0.083676
v -0.065270 0.105721 -0.039763
v -0.058903 0.108909 -0.029564
v -0.059700 0.112013 -0.043546
v -0.056436 0.112847 -0.034432
v -0.078537 0.077636 -0.040157
v -0.077842 -0.044660 -0.052285
v -0.080123 -0.044202 -0.045482
v -0.082478 -0.030636 -0.037514
v -0.076939 -0.001233 -0.002261
v -0.077440 0.012183 -0.004730
v -0.081405 0.003114 -0.015662
v -0.080840 -0.011660 -0.011962
v -0.075862 0.026740 -0.006474
v -0.080436 0.018261 -0.017324
v -0.078933 0.033779 -0.019933
v -0.074378 0.042342 -0.007466
v -0.066516 0.063362 -0.130385
v -0.069074 0.045707 -0.129315
v -0.070215 0.032072 -0.128172
v -0.052374 0.061894 0.026376
v -0.023589 0.084784 -0.150831
v -0.051204 0.086120 0.014831
v -0.057702 0.085283 -0.129425
v -0.043910 0.091105 -0.136367
v -0.074700 0.088312 -0.099635
v -0.071170 0.082386 -0.114177
v -0.063022 0.075230 -0.130089
v -0.069821 0.014612 -0.127246
v -0.050753 0.112941 -0.022271
v -0.061371 0.027437 0.019301
v -0.060389 0.022482 0.017968
v -0.061850 0.032651 0.021338
v -0.058696 0.017212 0.019469
v -0.017020 0.010393 0.048262
v -0.016562 0.008335 0.050795
v -0.016169 0.005770 0.052913
v -0.020225 0.005008 0.048035
v -0.019542 0.001646 0.049970
v -0.013174 0.006079 0.059328
v -0.013271 0.008908 0.056438
v -0.015934 0.002742 0.055287
v -0.016121 -0.000697 0.057309
v -0.013463 0.002717 0.061772
v -0.020564 -0.015234 0.053094
v -0.021415 -0.010024 0.050704
v -0.019109 -0.004887 0.053327
v -0.023458 -0.001940 0.048082
v -0.022438 -0.005690 0.049394
v -0.018982 -0.001406 0.051576
v -0.024655 0.001841 0.046080
v -0.017987 -0.004163 0.060528
v -0.018859 -0.007372 0.064185
v -0.014717 -0.000887 0.065484
v -0.012388 0.001616 0.069532
v -0.011448 0.005533 0.066093
v -0.020926 0.007290 0.045679
v -0.025745 0.004592 0.043977
v -0.026282 -0.009954 0.048807
v -0.031296 -0.014243 0.048737
v -0.028235 -0.005055 0.047294
v -0.033145 -0.008634 0.046950
v -0.029534 -0.000964 0.045036
v -0.034463 -0.004284 0.044470
v -0.035743 -0.018905 0.048397
v -0.039545 -0.023971 0.047549
v -0.043003 -0.030080 0.046240
v -0.042597 -0.018206 0.045241
v -0.046706 -0.024867 0.043436
v -0.044648 -0.012476 0.042445
v -0.049450 -0.018573 0.040321
v -0.038222 -0.013060 0.046313
v -0.039860 -0.008172 0.043589
v -0.035596 0.000029 0.041931
v -0.030781 0.002606 0.042764
v -0.045729 0.000251 0.037436
v -0.045520 -0.006097 0.039730
v -0.040589 -0.002912 0.040910
v -0.041074 0.002249 0.038578
v -0.051097 -0.010824 0.037331
v -0.050790 -0.002089 0.035554
v -0.049935 0.003763 0.033827
v -0.034471 0.012088 0.038121
v -0.029129 0.013080 0.038950
v -0.038423 0.011485 0.036837
v -0.045306 0.004992 0.035718
v -0.041375 0.006090 0.037210
v -0.054280 0.011808 0.026096
v -0.051804 0.010974 0.028765
v -0.045350 0.010850 0.033610
v -0.042106 0.011078 0.035328
v -0.048648 0.010855 0.031405
v -0.024178 0.015107 0.039010
v -0.019470 0.017740 0.038966
v -0.072287 -0.074411 -0.082191
v -0.010716 0.009186 0.063480
v -0.010399 0.012277 0.060523
v -0.015303 0.035988 0.042484
v -0.013059 0.033309 0.041067
v -0.006895 0.033670 0.049761
v -0.020094 0.039509 0.045124
v -0.015468 0.020810 0.038994
v -0.013427 0.023547 0.038826
v -0.011960 0.027166 0.039145
v -0.011783 0.030177 0.039929
v -0.033618 0.053135 0.046916
v -0.030030 0.046738 0.048500
v -0.063333 0.066589 0.009029
v -0.067486 0.057208 0.004828
v -0.056023 0.048075 0.030227
v -0.059524 0.043685 0.026923
v -0.061517 0.038218 0.023836
v -0.070171 0.044594 0.002045
v -0.072120 0.031044 0.001566
v -0.073416 0.018490 0.002365
v -0.052643 0.097925 -0.000144
v -0.052299 0.103500 -0.007437
v -0.052418 0.091930 0.007407
v -0.042091 0.116647 -0.016501
v -0.042319 0.112314 -0.007662
v -0.051676 0.108505 -0.014770
v -0.042981 0.107289 0.000081
v -0.043504 0.101726 0.007289
v -0.043180 0.095800 0.014836
v -0.042146 0.089539 0.021982
v -0.040095 0.080705 0.028797
v -0.060639 -0.073130 -0.104012
v -0.008074 -0.004082 0.062716
v -0.007349 -0.003897 0.063310
v -0.006966 -0.004727 0.062154
v -0.006345 -0.004421 0.062728
v -0.006054 -0.006099 0.062241
v -0.007523 -0.013256 0.064661
v -0.006107 -0.011294 0.063562
v -0.005561 -0.007826 0.062211
v -0.081751 -0.038145 -0.039136
v -0.074701 -0.109517 -0.071533
v -0.070127 -0.104936 -0.086472
v 0.071395 -0.108028 -0.071762
v 0.066457 -0.103588 -0.087017
v 0.029182 -0.147620 0.000074
v 0.043291 -0.141466 -0.008558
v 0.045257 -0.150073 -0.010231
v 0.030368 -0.155329 -0.001599
v 0.074091 -0.125487 -0.076670
v 0.072819 -0.118138 -0.068190
v 0.067862 -0.112748 -0.089009
v 0.071010 -0.120669 -0.096403
v 0.059350 -0.110335 -0.107334
v 0.062846 -0.119085 -0.113295
v 0.049266 -0.119593 -0.126423
v 0.047365 -0.109265 -0.121337
v 0.032895 -0.111351 -0.131366
v 0.036409 -0.122854 -0.135474
v 0.056789 -0.134933 -0.020456
v 0.067763 -0.128079 -0.035186
v 0.066429 -0.139225 -0.032217
v 0.055596 -0.142863 -0.019168
v 0.072955 -0.121318 -0.050288
v 0.073588 -0.131147 -0.053276
v 0.017488 -0.122055 -0.141085
v 0.015763 -0.108352 -0.136302
v 0.031792 -0.173151 -0.002984
v 0.014729 -0.175882 0.001957
v 0.014758 -0.166760 0.002032
v 0.031017 -0.163935 -0.002562
v 0.071222 -0.169595 -0.028671
v 0.088163 -0.159786 -0.048648
v 0.093282 -0.170520 -0.040495
v 0.074372 -0.180326 -0.022376
v 0.117284 -0.170152 -0.056952
v 0.127322 -0.157612 -0.083180
v 0.050682 -0.178633 -0.013566
v 0.052694 -0.187822 -0.007673
v -0.002595 -0.129902 -0.148390
v -0.002248 -0.116840 -0.140059
v 0.116528 -0.149996 -0.090556
v 0.112801 -0.146533 -0.116019
v 0.127668 -0.152429 -0.112022
v 0.064742 -0.170289 -0.166739
v 0.064303 -0.178396 -0.171716
v 0.083535 -0.173112 -0.166293
v 0.077259 -0.166409 -0.161313
v 0.087896 -0.134992 -0.112890
v 0.072345 -0.136902 -0.132170
v 0.084655 -0.144169 -0.136014
v 0.100145 -0.141625 -0.118820
v 0.045516 -0.155094 -0.157982
v 0.066616 -0.148275 -0.146930
v 0.055598 -0.142267 -0.144474
v 0.037205 -0.145872 -0.152078
v 0.105104 -0.144510 -0.091629
v 0.092426 -0.139831 -0.087896
v 0.096254 -0.151006 -0.068673
v 0.086178 -0.146747 -0.065622
v 0.078409 -0.153793 -0.045120
v 0.068238 -0.127996 -0.121602
v 0.052562 -0.130651 -0.134661
v 0.033463 -0.134331 -0.144777
v 0.013748 -0.134922 -0.149910
v -0.001832 -0.186237 -0.173746
v -0.001769 -0.172829 -0.169150
v 0.021970 -0.155461 -0.160778
v 0.017837 -0.145563 -0.155337
v 0.107519 -0.159053 -0.065334
v 0.077575 -0.139928 -0.061925
v 0.071850 -0.146116 -0.041145
v 0.081019 -0.189708 -0.011143
v 0.102460 -0.181372 -0.031846
v 0.056475 -0.196533 0.003155
v 0.034404 -0.201596 0.011998
v 0.022759 -0.168848 -0.168193
v 0.020003 -0.182664 -0.173217
v 0.047987 -0.178347 -0.172615
v 0.050815 -0.166323 -0.165905
v 0.064735 -0.160297 -0.027433
v 0.049118 -0.168458 -0.014060
v 0.031601 -0.182662 -0.001610
v 0.078122 -0.128236 -0.103560
v 0.080414 -0.133276 -0.082685
v 0.059617 -0.150978 -0.023672
v 0.047033 -0.159128 -0.012163
v 0.013805 -0.158571 0.004061
v 0.032203 -0.192476 0.003334
v 0.117207 -0.157188 -0.138063
v 0.100431 -0.165858 -0.155636
v 0.089686 -0.162807 -0.155442
v -0.002364 -0.157297 -0.162408
v -0.001322 -0.169900 0.002239
v -0.001688 -0.177965 0.001797
v -0.000381 -0.162980 0.004818
v 0.098177 -0.152479 -0.141092
v 0.073005 -0.158429 -0.155527
v -0.000891 -0.155238 0.008166
v -0.002216 -0.106083 -0.137708
v -0.001967 -0.187963 0.003157
v -0.001869 -0.198353 0.008360
v -0.001640 -0.209017 0.015421
v 0.013770 -0.151585 0.006567
v 0.014683 -0.195144 0.007333
v 0.014609 -0.184926 0.003436
v 0.015734 -0.205490 0.014104
v -0.001698 -0.143302 -0.155600
v -0.029399 -0.147658 -0.000071
v -0.044116 -0.142104 -0.008752
v -0.045993 -0.149949 -0.009979
v -0.030890 -0.155051 -0.001649
v -0.076382 -0.127205 -0.076997
v -0.074887 -0.119774 -0.068275
v -0.071151 -0.114006 -0.088933
v -0.074409 -0.122111 -0.096386
v -0.062819 -0.111376 -0.106980
v -0.066217 -0.120042 -0.113041
v -0.053207 -0.120660 -0.125744
v -0.051140 -0.110349 -0.120769
v -0.036939 -0.112297 -0.130781
v -0.040492 -0.123701 -0.134576
v -0.058081 -0.135995 -0.020721
v -0.069082 -0.129802 -0.035509
v -0.067725 -0.140035 -0.032426
v -0.056831 -0.143249 -0.019272
v -0.074002 -0.123188 -0.050347
v -0.074830 -0.132762 -0.053689
v -0.021744 -0.122693 -0.140305
v -0.020133 -0.109009 -0.135953
v -0.034508 -0.172619 -0.003196
v -0.017365 -0.175634 0.001918
v -0.016914 -0.166433 0.001749
v -0.033266 -0.163218 -0.002872
v -0.072615 -0.169974 -0.030433
v -0.089449 -0.160548 -0.050802
v -0.094833 -0.171045 -0.043176
v -0.076033 -0.181065 -0.024456
v -0.118567 -0.170485 -0.059568
v -0.128523 -0.157530 -0.084871
v -0.052946 -0.178588 -0.014466
v -0.055118 -0.188720 -0.008751
v -0.119425 -0.150190 -0.091817
v -0.116406 -0.146984 -0.116505
v -0.131178 -0.152536 -0.112949
v -0.069613 -0.170357 -0.167204
v -0.069381 -0.177992 -0.172097
v -0.087800 -0.173006 -0.166527
v -0.081957 -0.166648 -0.161646
v -0.092410 -0.135961 -0.112700
v -0.077322 -0.138244 -0.131941
v -0.088590 -0.144976 -0.135933
v -0.103496 -0.142214 -0.118891
v -0.049528 -0.155377 -0.158018
v -0.069986 -0.148725 -0.146866
v -0.059439 -0.142158 -0.143587
v -0.039756 -0.146388 -0.151924
v -0.107487 -0.144467 -0.092298
v -0.093161 -0.139669 -0.087963
v -0.098154 -0.151606 -0.070353
v -0.088103 -0.147659 -0.067043
v -0.079567 -0.154396 -0.046835
v -0.070718 -0.128581 -0.121560
v -0.055755 -0.131378 -0.134212
v -0.037722 -0.134728 -0.143808
v -0.018799 -0.135699 -0.149555
v -0.026218 -0.156359 -0.160903
v -0.022819 -0.144351 -0.154534
v -0.109315 -0.159572 -0.067447
v -0.079019 -0.140993 -0.062944
v -0.073250 -0.146605 -0.042040
v -0.083107 -0.190561 -0.013085
v -0.104036 -0.181621 -0.034518
v -0.059187 -0.197546 0.002281
v -0.037456 -0.202096 0.011637
v -0.029582 -0.168178 -0.168268
v -0.024019 -0.182556 -0.173490
v -0.048678 -0.179590 -0.173275
v -0.054643 -0.166569 -0.166268
v -0.066500 -0.160123 -0.028471
v -0.051435 -0.167718 -0.014595
v -0.034579 -0.182983 -0.001982
v -0.080980 -0.128963 -0.103531
v -0.082951 -0.134163 -0.083216
v -0.061431 -0.150817 -0.024033
v -0.048926 -0.158478 -0.012226
v -0.016338 -0.158363 0.003560
v -0.035321 -0.193102 0.002919
v -0.119057 -0.157475 -0.138365
v -0.103615 -0.166083 -0.155749
v -0.093043 -0.163179 -0.155690
v -0.101249 -0.153063 -0.141268
v -0.076067 -0.158892 -0.155860
v -0.015117 -0.151580 0.006276
v -0.017713 -0.195630 0.007468
v -0.017570 -0.185303 0.003384
v -0.017862 -0.204842 0.013648
v -0.007365 -0.006079 0.061417
v -0.080488 -0.039475 -0.016066
v -0.080581 -0.048211 -0.023171
v -0.076438 -0.059307 -0.015701
v -0.076648 -0.050030 -0.008482
v -0.069987 -0.070986 -0.005662
v -0.072282 -0.059604 0.000177
v -0.062730 -0.080013 0.005559
v -0.066884 -0.068423 0.008971
v -0.056394 -0.085893 0.017631
v -0.061162 -0.074331 0.019271
v -0.038707 -0.090114 0.043006
v -0.036333 -0.096193 0.038998
v -0.028695 -0.099156 0.047767
v -0.029713 -0.094031 0.052825
v -0.020062 -0.100962 0.055682
v -0.020848 -0.095909 0.060756
v -0.010295 -0.101160 0.060174
v -0.010393 -0.096283 0.065291
v 0.001306 -0.100506 0.062287
v 0.001286 -0.095448 0.067136
v 0.001259 -0.083254 0.070288
v -0.009133 -0.084052 0.069095
v -0.009986 -0.090233 0.068311
v 0.001344 -0.089927 0.069492
v -0.018082 -0.083980 0.065040
v -0.020078 -0.090281 0.063715
v -0.026009 -0.081857 0.058205
v -0.028689 -0.088267 0.056433
v -0.034924 -0.078142 0.050131
v -0.037877 -0.084373 0.046972
v -0.042894 -0.072659 0.045003
v -0.046625 -0.076910 0.040044
v -0.009209 -0.105229 0.053000
v 0.001374 -0.104575 0.055658
v -0.018051 -0.104971 0.048842
v -0.025848 -0.103749 0.042488
v -0.032365 -0.102235 0.035186
v -0.048000 -0.090007 0.029154
v -0.040408 -0.099661 0.026350
v -0.050871 -0.094564 0.015843
v -0.058391 -0.088772 0.002443
v -0.067347 -0.079339 -0.010758
v -0.075563 -0.066915 -0.022240
v -0.080338 -0.053834 -0.031655
v -0.082441 -0.040001 -0.029723
v -0.016474 -0.078409 0.064271
v -0.008209 -0.078233 0.068180
v -0.024424 -0.076307 0.057989
v -0.032175 -0.072629 0.052095
v -0.038573 -0.068285 0.048585
v -0.044046 -0.054871 0.047152
v -0.042983 -0.062122 0.047249
v -0.041453 -0.040777 0.048325
v -0.043224 -0.047696 0.047802
v -0.050203 -0.033531 0.041025
v -0.052936 -0.043889 0.038745
v -0.048019 -0.046569 0.043647
v -0.045990 -0.037760 0.044763
v -0.053876 -0.027172 0.036803
v -0.057520 -0.038958 0.033340
v -0.008489 -0.109531 0.047291
v 0.001402 -0.109374 0.048556
v -0.016128 -0.109246 0.043529
v -0.022665 -0.109000 0.038230
v -0.028154 -0.108988 0.031216
v -0.034522 -0.108656 0.023063
v -0.043310 -0.106004 0.013246
v -0.053366 -0.099319 -0.000383
v -0.064423 -0.088531 -0.015750
v -0.074438 -0.073360 -0.028614
v -0.078934 -0.059535 -0.038165
v -0.026707 -0.118788 0.019584
v -0.020818 -0.118010 0.026667
v -0.016354 -0.116872 0.032219
v -0.012598 -0.115432 0.036562
v -0.007025 -0.117262 0.036587
v 0.001302 -0.118470 0.036577
v -0.006628 -0.122349 0.030115
v 0.001201 -0.122452 0.030499
v -0.009862 -0.125379 0.025182
v 0.001050 -0.125946 0.026077
v -0.013358 -0.128194 0.020832
v 0.000698 -0.131005 0.022728
v -0.047486 -0.064944 0.043213
v -0.052349 -0.066449 0.037230
v -0.054030 -0.055083 0.037189
v -0.059342 -0.051816 0.030582
v -0.057908 -0.065300 0.029654
v -0.048712 -0.055999 0.043213
v -0.064282 -0.060965 0.020569
v -0.064702 -0.046531 0.023315
v -0.061915 -0.032492 0.027745
v -0.068428 -0.041263 0.016534
v -0.069197 -0.054457 0.011825
v -0.066073 -0.027545 0.022009
v -0.069188 -0.022841 0.016659
v -0.071297 -0.035192 0.010114
v -0.072489 -0.047725 0.005110
v -0.051983 -0.079971 0.031609
v -0.075697 -0.040088 -0.002364
v -0.071645 -0.018041 0.011295
v -0.073613 -0.029360 0.004364
v -0.074245 -0.011895 0.004926
v -0.076881 -0.021596 -0.002817
v -0.079385 -0.031789 -0.010375
v -0.083556 -0.030644 -0.025966
v 0.001034 -0.077334 0.069609
v -0.076678 -0.042847 -0.059568
v -0.024325 -0.031007 0.056534
v -0.018603 -0.028199 0.059606
v -0.013099 -0.026949 0.063541
v -0.008513 -0.026411 0.066216
v -0.003806 -0.026455 0.067476
v -0.000089 -0.142335 0.016508
v 0.000713 0.047254 0.053031
v 0.000159 -0.135954 0.020729
v 0.000939 -0.061843 0.052371
v -0.000321 0.133001 -0.030436
v 0.000867 -0.071481 0.068196
v 0.000883 -0.056601 0.054812
v 0.000840 0.007076 0.078362
v 0.000788 -0.066042 0.066526
v 0.000688 -0.054803 0.069582
v 0.000605 -0.048298 0.068598
v 0.000326 0.083214 0.039439
v 0.000653 -0.051243 0.069865
v 0.000456 -0.023674 0.067632
v 0.000921 0.002438 0.082076
v 0.000621 -0.046284 0.067360
v -0.001780 -0.056194 -0.140915
v 0.000763 -0.058270 0.067999
v 0.000741 -0.050091 0.059565
v 0.000720 -0.046456 0.065180
v 0.000582 -0.038367 0.057214
v 0.000494 -0.026984 0.068011
v 0.000927 0.025352 0.061270
v -0.001610 -0.014375 -0.159376
v 0.000917 0.022226 0.064249
v -0.000112 0.108404 0.022126
v 0.000186 0.093711 0.034451
v 0.000813 0.011317 0.074301
v -0.001124 0.052752 -0.166360
v -0.000986 0.070215 -0.162051
v 0.000505 0.065330 0.046761
v -0.000388 0.129130 -0.096529
v 0.000944 -0.002098 0.084274
v 0.000339 -0.017355 0.072472
v -0.000300 0.125185 -0.004474
v -0.001397 0.016198 -0.166791
v -0.000550 0.117926 -0.123196
v 0.000609 -0.045662 0.068334
v -0.000316 0.129518 -0.016856
v 0.000650 -0.047475 0.065522
v 0.000482 -0.013624 0.080498
v -0.001514 -0.000581 -0.163870
v -0.001264 0.030987 -0.167406
v 0.000468 -0.034827 0.069682
v 0.000461 -0.030108 0.068578
v -0.000465 0.124309 -0.110330
v 0.000659 0.053507 0.052087
v 0.000531 -0.037536 0.070550
v 0.001044 0.034158 0.054520
v 0.000553 -0.040592 0.070956
v -0.000599 -0.149140 0.011443
v -0.000744 0.095924 -0.147118
v 0.000581 -0.043267 0.069650
v 0.000655 -0.045354 0.061373
v 0.000886 0.015247 0.070416
v 0.000623 -0.041903 0.058832
v 0.000410 0.073110 0.043102
v 0.000334 -0.020297 0.068202
v 0.000326 -0.019361 0.068702
v 0.000984 0.031163 0.056102
v 0.000022 0.101695 0.028669
v 0.001056 0.036713 0.053927
v 0.000392 -0.021390 0.067838
v -0.000858 0.085799 -0.154448
v -0.000339 0.134614 -0.077961
v -0.000332 0.136038 -0.064454
v 0.000914 0.028297 0.058309
v 0.000946 0.019020 0.067118
v -0.001803 -0.068319 -0.139270
v 0.000698 -0.009783 0.083683
v 0.000853 -0.006458 0.084653
v -0.000267 0.119967 0.006154
v -0.001682 -0.024961 -0.155801
v -0.000324 0.135657 -0.046651
v -0.000207 0.114374 0.014761
v -0.001762 -0.044017 -0.146527
v -0.001731 -0.033402 -0.152747
v 0.000411 -0.014962 0.078568
v 0.000953 0.039812 0.053726
v 0.000346 -0.016425 0.075262
v -0.000642 0.109290 -0.134734
v 0.000341 -0.018290 0.070198
v 0.007976 -0.006235 0.061931
v 0.079840 -0.039266 -0.015552
v 0.079479 -0.048055 -0.022866
v 0.076047 -0.059010 -0.015542
v 0.076224 -0.049615 -0.008159
v 0.070045 -0.070347 -0.005756
v 0.071888 -0.058896 0.000348
v 0.063021 -0.079076 0.005356
v 0.066826 -0.067421 0.009019
v -0.004467 -0.013782 0.077737
v -0.003332 -0.015361 0.075004
v 0.057135 -0.084782 0.017521
v 0.061587 -0.073322 0.019279
v -0.016651 0.024977 0.035633
v -0.008940 -0.016622 0.064084
v -0.008180 0.008428 0.069951
v -0.014802 0.025375 0.036306
v 0.039856 -0.089102 0.043012
v 0.037409 -0.095119 0.038922
v 0.030172 -0.098043 0.047493
v 0.031280 -0.093107 0.052677
v -0.011547 -0.016372 0.062481
v 0.022107 -0.100281 0.055547
v 0.022901 -0.095343 0.060758
v 0.012546 -0.100895 0.060315
v 0.012623 -0.096053 0.065578
v -0.007234 0.015486 0.063530
v -0.009390 0.024776 0.047747
v 0.011348 -0.083771 0.069561
v 0.012105 -0.089990 0.068737
v -0.007409 0.012012 0.067046
v -0.018233 -0.013470 0.063050
v -0.015840 -0.016179 0.061515
v -0.007539 -0.006795 0.081001
v -0.008740 -0.003427 0.079875
v 0.020137 -0.083535 0.065214
v -0.008285 -0.010505 0.078402
v -0.005130 -0.012518 0.079028
v 0.022050 -0.089726 0.063822
v -0.019414 0.024622 0.035852
v -0.027061 0.025410 0.030803
v -0.006549 -0.009240 0.080739
v -0.003083 -0.011655 0.081287
v -0.023454 0.024961 0.034196
v -0.018037 0.024756 0.035718
v -0.013631 -0.008573 0.072552
v -0.008105 0.023867 0.053160
v 0.027829 -0.081267 0.058344
v 0.030270 -0.087503 0.056387
v 0.036640 -0.077409 0.050426
v 0.039124 -0.083497 0.047179
v -0.016713 -0.010377 0.067778
v 0.044208 -0.071857 0.045385
v 0.047582 -0.076014 0.040335
v 0.011526 -0.105004 0.053045
v -0.020637 0.024711 0.035792
v -0.021900 0.024750 0.035559
v -0.009167 0.004435 0.073303
v 0.019942 -0.104357 0.048774
v 0.027480 -0.102870 0.042440
v 0.033695 -0.101195 0.035170
v 0.049054 -0.088879 0.029256
v -0.025665 0.024930 0.033902
v -0.002957 -0.017150 0.069817
v -0.011365 -0.009322 0.075200
v -0.009717 -0.009979 0.076981
v -0.003646 -0.017886 0.067676
v 0.041790 -0.098656 0.026396
v 0.051736 -0.093530 0.015756
v -0.012636 0.025239 0.038986
v 0.058777 -0.087825 0.002120
v -0.007571 0.021581 0.057675
v -0.007294 0.018552 0.060934
v 0.067554 -0.078753 -0.011088
v 0.074592 -0.066349 -0.022237
v -0.002913 -0.016349 0.072366
v 0.077891 -0.053427 -0.031628
v 0.080646 -0.039904 -0.029360
v 0.018479 -0.078063 0.064587
v 0.010351 -0.078007 0.068636
v 0.026235 -0.075764 0.058342
v -0.009300 0.000447 0.077215
v 0.033894 -0.071944 0.052545
v 0.040203 -0.067671 0.049139
v 0.044961 -0.054396 0.047658
v -0.006246 -0.017195 0.065838
v 0.044098 -0.061542 0.047835
v 0.042115 -0.040415 0.048695
v 0.043969 -0.047267 0.048147
v 0.050668 -0.033079 0.041571
v 0.053436 -0.043329 0.039085
v 0.048765 -0.046088 0.044001
v 0.000585 -0.011875 0.082244
v -0.005738 -0.011090 0.079944
v 0.046651 -0.037339 0.045360
v 0.054120 -0.026722 0.037246
v 0.057800 -0.038382 0.033638
v 0.010829 -0.109358 0.047335
v -0.032258 0.039252 0.043528
v -0.032092 0.036843 0.041734
v 0.018188 -0.108740 0.043542
v 0.024417 -0.108151 0.038160
v 0.029588 -0.107990 0.031248
v 0.035662 -0.107692 0.023169
v 0.044067 -0.105044 0.013131
v 0.053512 -0.098126 -0.000738
v -0.024387 0.042746 0.047203
v -0.004440 0.043244 0.052477
v -0.010240 0.043293 0.051269
v 0.064760 -0.087840 -0.016230
v -0.033022 0.031996 0.039558
v -0.034718 0.029444 0.038371
v -0.031866 0.034701 0.039937
v -0.034264 0.030124 0.039157
v -0.033600 0.031002 0.039526
v 0.073495 -0.072794 -0.028882
v -0.031893 0.034147 0.039049
v 0.076275 -0.058752 -0.038323
v -0.031996 0.033722 0.038879
v 0.027525 -0.118162 0.019410
v -0.031094 0.042267 0.045294
v 0.022135 -0.117341 0.026462
v 0.018357 -0.116201 0.032060
v -0.032353 0.033034 0.039222
v -0.034455 0.030334 0.036899
v 0.015176 -0.115010 0.036452
v -0.034385 0.029415 0.032459
v 0.009709 -0.117098 0.036561
v 0.000838 0.043321 0.053246
v -0.023403 0.053380 0.050464
v -0.056626 0.051822 0.026175
v 0.008750 -0.122117 0.030017
v -0.060367 0.046294 0.023302
v 0.011307 -0.125177 0.024986
v -0.053040 0.007289 0.029905
v -0.056133 0.008234 0.026811
v -0.020141 0.047266 0.051170
v 0.014073 -0.127971 0.020609
v 0.048467 -0.064242 0.043526
v 0.052935 -0.065656 0.037523
v 0.054446 -0.054410 0.037476
v 0.059716 -0.051159 0.030752
v -0.028540 0.072623 0.038148
v -0.033225 0.119614 -0.012224
v -0.027328 0.065639 0.043022
v -0.043658 0.058512 0.037409
v 0.058442 -0.064484 0.029838
v -0.033429 0.115104 -0.002640
v 0.049690 -0.055457 0.043489
v 0.064476 -0.060120 0.020710
v 0.064702 -0.045744 0.023648
v 0.062071 -0.031896 0.028112
v 0.068257 -0.040475 0.016867
v -0.051190 0.056626 0.030736
v 0.068993 -0.053565 0.012040
v -0.061246 0.014038 0.018405
v -0.007013 0.059104 0.050091
v -0.062624 0.020167 0.015819
v 0.066079 -0.026929 0.022431
v -0.016021 0.059373 0.049864
v -0.028976 0.128635 -0.077151
v 0.069016 -0.022201 0.017068
v 0.070961 -0.034466 0.010528
v 0.072027 -0.047015 0.005442
v 0.052822 -0.079022 0.031863
v -0.014068 0.039604 0.048034
v 0.075184 -0.039543 -0.001937
v -0.041825 0.008933 0.036174
v -0.045257 0.008307 0.034570
v 0.071310 -0.017497 0.011685
v -0.033132 0.128722 -0.065340
v -0.060371 0.011373 0.020863
v -0.032330 0.091651 0.027462
v -0.009835 0.033479 0.045967
v -0.011161 0.036210 0.046222
v -0.033147 0.098518 0.020658
v 0.073193 -0.028747 0.004771
v 0.073803 -0.011394 0.005241
v 0.076484 -0.021075 -0.002389
v -0.033459 0.104675 0.013276
v 0.078898 -0.031404 -0.009904
v 0.082033 -0.030538 -0.025311
v -0.033473 0.123492 -0.023353
v -0.023291 0.013509 0.039854
v 0.073381 -0.041769 -0.060113
v 0.024711 -0.031109 0.056922
v 0.018922 -0.028420 0.059988
v -0.063048 0.039846 0.020706
v -0.063931 0.033037 0.018573
v -0.033940 0.128389 -0.051011
v -0.033772 0.010408 0.038861
v -0.063460 0.026466 0.016689
v -0.016473 0.130576 -0.085171
v 0.013584 -0.027141 0.064101
v -0.058679 0.009406 0.023831
v 0.009322 -0.026411 0.067152
v 0.004814 -0.026431 0.068343
v -0.035477 0.059114 0.043170
v -0.037977 0.009508 0.037594
v -0.009485 0.030471 0.044946
v -0.018521 0.016325 0.040437
v -0.014698 0.020046 0.041042
v -0.033480 0.110139 0.005725
v -0.012106 0.023075 0.042071
v -0.009824 0.027486 0.043927
v -0.028404 0.011603 0.039692
v -0.030542 0.082043 0.033700
v -0.033649 0.126549 -0.036496
v -0.049036 0.007841 0.032455
v -0.000351 0.131956 -0.087775
v 0.000581 0.058944 0.050134
v -0.010787 0.025026 0.043065
v -0.017002 0.043200 0.049621
v -0.025851 0.059369 0.047729
v 0.000878 -0.062006 0.066553
v -0.029910 -0.043339 0.056532
v -0.031237 -0.045972 0.055032
v -0.030390 -0.053134 0.052252
v -0.021832 -0.036957 0.061665
v -0.026809 -0.040323 0.058598
v -0.019622 -0.060740 0.060525
v -0.031583 -0.048314 0.053681
v -0.013086 -0.061860 0.063645
v -0.031566 -0.050795 0.052713
v -0.006658 -0.062623 0.065211
v 0.000456 -0.032442 0.069189
v -0.010534 -0.032396 0.067824
v -0.004960 -0.031999 0.069056
v -0.016170 -0.034060 0.065038
v -0.028154 -0.055834 0.053431
v -0.025020 -0.058508 0.056461
v 0.005315 -0.013884 0.077969
v 0.004063 -0.015405 0.075180
v 0.017625 0.024746 0.036033
v 0.009592 -0.016818 0.064545
v 0.009215 0.008340 0.070107
v 0.015805 0.025166 0.036523
v 0.012234 -0.016610 0.062983
v 0.008402 0.015496 0.063675
v 0.010287 0.024677 0.047719
v 0.008547 0.011984 0.067204
v 0.018981 -0.013798 0.063488
v 0.016554 -0.016516 0.062006
v 0.008733 -0.006771 0.081187
v 0.009892 -0.003425 0.080046
v 0.009192 -0.010518 0.078649
v 0.006080 -0.012601 0.079279
v 0.020295 0.024353 0.036484
v 0.027199 0.025155 0.032497
v 0.007717 -0.009254 0.080976
v 0.004274 -0.011747 0.081525
v 0.024227 0.024613 0.035312
v 0.018974 0.024494 0.036245
v 0.014217 -0.008666 0.072848
v 0.009151 0.023806 0.053167
v 0.017343 -0.010536 0.068127
v 0.021504 0.024412 0.036534
v 0.022742 0.024444 0.036468
v 0.010076 0.004318 0.073457
v 0.026182 0.024762 0.034968
v 0.003584 -0.017097 0.069914
v 0.012023 -0.009336 0.075484
v 0.010445 -0.009958 0.077217
v 0.004237 -0.017893 0.067849
v 0.013537 0.025082 0.038986
v 0.008795 0.021600 0.057735
v 0.008656 0.018631 0.061070
v 0.003533 -0.016272 0.072490
v 0.010334 0.000400 0.077369
v 0.006856 -0.017306 0.066131
v 0.006825 -0.011157 0.080224
v 0.033183 0.039304 0.044617
v 0.033004 0.036870 0.042880
v 0.025453 0.042610 0.048107
v 0.005990 0.043062 0.052751
v 0.011596 0.043025 0.051719
v 0.033686 0.032059 0.040752
v 0.034973 0.029933 0.039483
v 0.032716 0.034716 0.041134
v 0.034810 0.030305 0.040375
v 0.034204 0.031151 0.040713
v 0.032685 0.034119 0.040353
v 0.032736 0.033671 0.040193
v 0.032027 0.042298 0.046281
v 0.033075 0.033025 0.040468
v 0.034788 0.031040 0.037957
v 0.034857 0.030160 0.033871
v 0.024324 0.053451 0.051320
v 0.056533 0.052222 0.027104
v 0.060260 0.046695 0.024166
v 0.053321 0.007782 0.030418
v 0.056307 0.008808 0.027287
v 0.021209 0.047080 0.051975
v 0.028562 0.072804 0.038669
v 0.032599 0.119752 -0.011696
v 0.027613 0.065862 0.043558
v 0.043889 0.058805 0.038244
v 0.032804 0.115242 -0.002070
v 0.051155 0.056985 0.031622
v 0.061421 0.014724 0.019085
v 0.008071 0.059113 0.050439
v 0.063080 0.020848 0.016827
v 0.016953 0.059493 0.050438
v 0.028280 0.128720 -0.076877
v 0.015371 0.039419 0.048591
v 0.042509 0.009309 0.036949
v 0.045813 0.008736 0.035243
v 0.032478 0.128829 -0.064987
v 0.060389 0.012033 0.021351
v 0.031990 0.091733 0.028231
v 0.011125 0.033504 0.046112
v 0.012465 0.036180 0.046527
v 0.032662 0.098622 0.021390
v 0.032888 0.104797 0.013951
v 0.032851 0.123628 -0.022859
v 0.024107 0.013360 0.040163
v 0.062948 0.040328 0.021541
v 0.064072 0.033537 0.019555
v 0.033309 0.128512 -0.050593
v 0.034509 0.010526 0.039480
v 0.063895 0.027044 0.017703
v 0.015764 0.130615 -0.085046
v 0.058795 0.010026 0.024224
v 0.035864 0.059423 0.043996
v 0.038672 0.009799 0.038366
v 0.010515 0.030509 0.044930
v 0.019246 0.016120 0.040599
v 0.015452 0.019844 0.041125
v 0.032868 0.110272 0.006343
v 0.012971 0.022896 0.042114
v 0.010744 0.027422 0.043867
v 0.029147 0.011544 0.040170
v 0.030404 0.082179 0.034372
v 0.033028 0.126682 -0.036033
v 0.049459 0.008280 0.033057
v 0.011673 0.024894 0.043019
v 0.018209 0.042952 0.050351
v 0.026513 0.059609 0.048490
v 0.030856 -0.043301 0.057270
v 0.032304 -0.045906 0.055918
v 0.031736 -0.052948 0.053320
v 0.022564 -0.037017 0.062146
v 0.027693 -0.040341 0.059211
v 0.020872 -0.060591 0.060833
v 0.032822 -0.048291 0.054741
v 0.014514 -0.061739 0.064054
v 0.032826 -0.050709 0.053784
v 0.008246 -0.062507 0.065719
v 0.011327 -0.032274 0.068559
v 0.005877 -0.031864 0.069788
v 0.016807 -0.034043 0.065556
v 0.029527 -0.055584 0.054140
v 0.026345 -0.058300 0.056758
v 0.035751 0.026264 0.025825
v -0.034780 0.026370 0.024141
f 4 2 1
f 8 6 5
f 13 15 14
f 17 19 18
f 32 30 29
f 36 34 33
f 37 39 38
f 21 23 20
f 25 27 24
f 41 43 42
f 48 46 45
f 52 50 49
f 53 55 54
f 60 58 57
f 29 62 61
f 66 64 63
f 67 6 68
f 72 70 69
f 76 74 73
f 77 79 78
f 81 83 82
f 59 86 85
f 88 90 89
f 96 94 93
f 100 98 97
f 101 103 102
f 106 34 87
f 108 115 107
f 117 36 118
f 124 126 125
f 131 129 128
f 132 134 133
f 142 140 139
f 148 60 147
f 144 127 124
f 149 151 150
f 156 154 153
f 159 158 157
f 116 164 105
f 171 169 168
f 174 173 172
f 179 181 180
f 186 188 187
f 194 196 195
f 199 139 198
f 206 208 207
f 213 211 210
f 202 214 201
f 96 216 54
f 92 43 44
f 97 246 100
f 250 229 228
f 252 58 253
f 258 256 255
f 260 229 259
f 110 112 113
f 114 263 109
f 265 267 266
f 56 270 269
f 274 249 250
f 185 63 64
f 280 278 276
f 285 283 157
f 288 211 212
f 141 92 46
f 289 175 176
f 148 105 106
f 312 170 171
f 238 42 43
f 318 160 317
f 310 308 307
f 241 325 324
f 160 240 317
f 47 307 308
f 108 315 164
f 345 86 119
f 348 350 349
f 356 358 357
f 355 353 352
f 363 32 362
f 149 150 176
f 364 253 365
f 366 368 367
f 183 371 63
f 163 161 160
f 209 101 208
f 378 165 166
f 379 381 380
f 383 3 4
f 284 386 385
f 387 389 388
f 391 229 249
f 73 397 396
f 405 407 406
f 203 411 410
f 414 413 412
f 1 357 4
f 277 131 275
f 254 57 58
f 358 415 351
f 417 386 408
f 401 192 420
f 419 127 143
f 421 182 422
f 103 302 409
f 428 368 174
f 380 359 356
f 62 266 323
f 140 431 430
f 357 351 348
f 356 379 380
f 415 403 434
f 437 436 435
f 438 440 439
f 188 450 449
f 452 454 453
f 265 181 421
f 224 64 225
f 237 213 427
f 275 128 458
f 281 460 459
f 50 79 461
f 73 282 281
f 468 466 465
f 390 352 359
f 482 484 483
f 489 487 486
f 493 495 494
f 472 470 469
f 502 500 499
f 220 222 223
f 512 143 66
f 518 511 80
f 513 230 286
f 205 31 244
f 189 451 188
f 163 532 8
f 533 225 251
f 446 447 412
f 335 540 334
f 544 546 545
f 329 291 292
f 199 262 238
f 385 416 550
f 532 191 247
f 363 118 243
f 236 237 250
f 578 580 579
f 573 571 570
f 561 562 272
f 241 259 240
f 590 592 591
f 545 595 594
f 503 155 504
f 606 624 623
f 478 480 479
f 646 648 647
f 590 689 684
f 564 651 650
f 728 184 727
f 714 716 715
f 692 575 693
f 541 581 578
f 346 248 400
f 161 230 160
f 128 94 95
f 698 704 703
f 574 576 575
f 290 401 328
f 630 725 726
f 733 735 734
f 755 496 493
f 759 481 760
f 757 762 761
f 764 466 467
f 768 3808 3809
f 759 488 489
f 492 475 771
f 474 769 473
f 773 465 772
f 771 486 483
f 484 775 491
f 774 489 486
f 495 764 756
f 495 761 494
f 137 784 136
f 325 797 547
f 165 51 52
f 369 29 370
f 730 568 569
f 90 301 89
f 243 516 242
f 800 806 805
f 817 808 816
f 816 823 822
f 306 447 807
f 815 809 808
f 829 828 825
f 726 501 502
f 274 424 423
f 879 881 880
f 884 879 885
f 219 217 211
f 906 904 897
f 455 205 542
f 898 830 829
f 903 880 881
f 906 897 898
f 377 519 165
f 923 948 946
f 946 951 950
f 3519 739 3517
f 900 886 880
f 225 65 144
f 182 442 422
f 809 947 824
f 954 962 961
f 927 965 966
f 885 880 886
f 925 966 967
f 343 341 340
f 965 971 968
f 968 970 969
f 972 969 973
f 963 981 978
f 336 338 339
f 992 827 828
f 810 996 959
f 1007 1002 1008
f 1012 827 1009
f 1011 1007 1008
f 294 292 291
f 907 920 919
f 1017 1019 1018
f 1020 1022 1021
f 1035 1020 1044
f 1061 1047 1046
f 1063 1046 1062
f 1044 1021 1045
f 1102 1097 1109
f 1116 1118 1117
f 1016 1014 1013
f 881 904 903
f 816 1127 817
f 1094 949 1097
f 514 167 515
f 146 81 82
f 1133 1130 1129
f 1102 1126 822
f 822 1116 816
f 1145 1148 1136
f 1076 1151 1069
f 1148 1086 1087
f 1109 1114 1136
f 1154 1156 1155
f 1153 967 1156
f 3464 463 3714
f 1144 1152 1151
f 1156 1163 1162
f 1164 1169 1165
f 1145 1176 1147
f 1114 1154 1171
f 1183 1164 1177
f 1184 1177 1185
f 1069 1062 1064
f 1023 1194 1022
f 1162 1170 1169
f 1195 1185 1191
f 1183 1176 1155
f 1201 1152 1196
f 1061 1201 1202
f 3825 843 3836
f 1203 1195 1034
f 1202 1184 1195
f 1218 1203 1217
f 1060 1202 1203
f 1225 1217 1219
f 671 694 670
f 1219 1024 1035
f 1217 1034 1024
f 1226 1015 1227
f 1243 1234 1233
f 1231 1229 1228
f 847 1233 843
f 843 1244 878
f 1233 1245 1244
f 1923 233 216
f 2100 499 500
f 3914 2135 3900
f 61 323 505
f 210 217 457
f 1299 1309 1300
f 3863 1231 3862
f 1066 1321 1322
f 1322 1228 1229
f 1060 1321 1047
f 1325 1323 1310
f 1244 1332 1330
f 1290 1242 1288
f 1337 1339 1338
f 1330 1340 1339
f 1341 1245 1294
f 1342 1332 1341
f 1343 1341 1344
f 1344 1294 1293
f 3857 1345 1346
f 1347 1342 1343
f 3856 1295 1345
f 1349 1348 1347
f 3861 1347 3853
f 3853 1343 3857
f 906 829 1353
f 905 1353 1354
f 865 1355 1357
f 1355 829 825
f 1357 825 826
f 1356 1353 1355
f 3834 1338 3833
f 866 1356 865
f 1358 1354 1356
f 3828 1337 3834
f 838 1012 841
f 1363 1338 1339
f 1368 1339 1340
f 1348 1340 1342
f 1371 3824 3829
f 524 526 523
f 528 530 527
f 1372 1369 1371
f 535 537 538
f 1367 1348 1350
f 1370 1359 1369
f 1369 3833 3824
f 1373 903 904
f 555 557 558
f 1374 910 1373
f 1373 905 1375
f 1374 1375 1376
f 1375 1354 1370
f 1378 908 1377
f 376 651 1387
f 1388 973 969
f 586 588 585
f 1390 1388 1391
f 1391 969 970
f 597 599 596
f 600 602 603
f 1392 970 979
f 608 610 607
f 612 523 611
f 614 616 613
f 617 25 24
f 620 622 619
f 1397 1391 1392
f 1398 1392 1399
f 1400 920 1378
f 1402 1165 1169
f 636 638 635
f 930 1402 929
f 641 643 644
f 929 1169 1170
f 1404 1403 1402
f 1411 1365 1406
f 1412 1415 1414
f 652 654 655
f 609 657 658
f 659 661 662
f 558 586 585
f 665 667 664
f 1413 1406 1412
f 1418 3810 3813
f 1417 1371 1416
f 1416 3829 3810
f 1419 1416 1418
f 1386 1374 1420
f 677 679 676
f 1385 1420 1421
f 1420 1376 1422
f 685 687 688
f 1421 1422 1423
f 528 691 658
f 1422 1372 1417
f 1018 747 1425
f 699 701 702
f 1424 579 1017
f 3663 1767 3660
f 700 711 712
f 1093 3754 1571
f 717 530 719
f 721 723 720
f 704 3543 3554
f 19 1426 1430
f 1429 1427 1426
f 1658 3542 3544
f 1439 1434 1438
f 1437 1435 1434
f 1426 1433 1432
f 1442 1432 1440
f 742 744 745
f 1432 1441 1440
f 751 753 750
f 1438 1403 1405
f 1446 1444 1443
f 1447 1446 1443
f 3860 1443 3848
f 1415 1445 1446
f 1414 1446 1448
f 2173 469 470
f 777 779 686
f 780 782 783
f 1676 1806 1675
f 3859 1349 3861
f 789 791 788
f 745 793 742
f 652 795 653
f 1455 1457 1456
f 1454 1350 1452
f 610 802 801
f 3831 698 703
f 1352 1045 1351
f 1015 1459 1460
f 811 813 814
f 2118 3817 2117
f 819 821 818
f 1466 1194 1190
f 1467 1465 1466
f 1182 1468 1467
f 832 833 831
f 835 837 834
f 1467 1190 1182
f 1469 1444 1445
f 840 712 690
f 1453 1469 1454
f 599 845 846
f 1226 3849 3855
f 851 853 850
f 855 856 854
f 858 860 857
f 861 863 864
f 1014 3855 3858
f 867 868 869
f 870 872 873
f 874 876 877
f 1310 1471 1309
f 1476 1427 1475
f 1461 1475 1460
f 887 889 890
f 788 892 891
f 894 896 893
f 1460 1227 1015
f 901 524 612
f 1465 1477 1464
f 1865 3500 1864
f 911 913 914
f 916 918 915
f 1850 3507 1851
f 921 895 894
f 1479 1436 1478
f 926 667 601
f 1481 563 1480
f 269 84 1482
f 931 933 916
f 934 614 869
f 936 688 937
f 938 662 939
f 1484 122 123
f 941 835 834
f 320 509 510
f 1849 3505 1850
f 84 1484 83
f 1487 1488 539
f 1757 3502 3509
f 365 1491 364
f 461 80 511
f 117 362 1496
f 1494 541 1495
f 926 957 958
f 1477 1433 1476
f 1709 1585 1700
f 119 1496 345
f 271 504 156
f 511 189 186
f 345 1492 365
f 255 344 254
f 57 299 132
f 1501 268 1500
f 267 1499 145
f 974 976 977
f 1678 1693 1676
f 3846 1807 3840
f 557 663 558
f 983 984 985
f 1443 3849 3848
f 421 268 265
f 989 991 988
f 1490 418 1504
f 279 309 310
f 997 676 679
f 998 999 875
f 1504 38 1505
f 1506 1507 1486
f 360 1508 1506
f 1506 207 360
f 939 1006 938
f 270 1483 269
f 66 546 512
f 1010 793 935
f 367 437 1509
f 244 363 243
f 1670 3534 1669
f 209 1510 226
f 235 1512 1511
f 1511 234 235
f 388 426 425
f 427 250 237
f 161 521 231
f 100 45 44
f 1025 608 1027
f 1029 1031 1028
f 939 1033 1032
f 41 594 99
f 1036 783 1037
f 702 1038 1039
f 1040 1042 1043
f 362 369 1493
f 187 477 186
f 70 539 198
f 1511 1521 234
f 1049 603 1048
f 613 869 614
f 860 1051 857
f 1005 1053 1006
f 753 1056 1054
f 1057 1059 1055
f 293 1522 292
f 288 1521 1522
f 292 1523 329
f 331 1508 1524
f 306 453 305
f 100 41 99
f 462 78 79
f 330 1524 462
f 635 1068 636
f 1485 1526 1528
f 206 1528 1510
f 1070 1072 831
f 942 1073 1074
f 916 1075 917
f 440 1530 439
f 157 1514 285
f 1529 5 1530
f 371 546 63
f 790 663 791
f 1077 857 1078
f 1403 1435 1165
f 1080 1082 1079
f 531 1529 440
f 21 1084 1085
f 272 1531 561
f 137 396 397
f 690 802 691
f 335 3567 581
f 1090 1029 1091
f 1092 794 1042
f 1533 137 138
f 661 1095 1096
f 69 445 72
f 1099 1101 1098
f 38 1536 1505
f 1104 1106 1103
f 852 1108 853
f 1377 909 1386
f 291 411 294
f 316 516 33
f 539 1533 534
f 1505 316 313
f 1110 1112 1113
f 1539 460 264
f 522 1537 1539
f 834 1120 1119
f 1122 1124 1121
f 612 1041 901
f 935 615 614
f 276 130 131
f 1686 3522 1685
f 193 1541 273
f 231 1540 287
f 556 982 557
f 365 85 345
f 190 318 1541
f 1810 3574 3528
f 3924 3512 3791
f 1132 985 1131
f 208 102 132
f 1134 662 661
f 1491 80 77
f 429 1542 147
f 1137 915 918
f 172 428 174
f 1139 1141 1142
f 549 54 55
f 1517 1518 296
f 976 1146 938
f 834 984 941
f 1543 286 115
f 1544 239 513
f 133 1544 1542
f 506 257 258
f 420 328 401
f 1158 1160 1157
f 587 1103 588
f 1513 1514 151
f 607 1027 608
f 304 1545 303
f 364 77 506
f 69 198 139
f 1006 976 938
f 700 1112 701
f 3877 3525 3787
f 1166 657 656
f 1167 858 1077
f 1300 3524 1299
f 1172 1174 1175
f 218 200 217
f 1179 1181 1178
f 372 97 98
f 89 227 88
f 1186 1188 1189
f 172 1517 1549
f 1482 81 1498
f 1090 1193 1030
f 394 353 1551
f 526 1198 1197
f 811 858 812
f 1199 1026 1025
f 606 697 696
f 1204 1206 743
f 1207 523 526
f 1209 867 613
f 914 685 936
f 1478 1441 1477
f 1029 1161 1091
f 1211 1213 1214
f 3858 1451 3859
f 844 1216 845
f 423 273 274
f 1220 1222 1083
f 22 1224 23
f 882 897 881
f 1519 173 387
f 1189 1232 1178
f 349 550 416
f 1071 1236 1072
f 1237 1239 745
f 1221 1189 1240
f 1510 1512 333
f 939 1241 1005
f 1556 5 67
f 1553 394 1551
f 404 67 347
f 1247 1249 1246
f 142 238 92
f 1251 635 1250
f 850 1253 851
f 1254 1077 1255
f 57 133 429
f 443 552 551
f 1187 1175 1188
f 1256 831 833
f 432 382 383
f 741 747 746
f 434 351 415
f 349 383 348
f 251 1481 1480
f 395 352 353
f 1518 1550 1551
f 1558 378 340
f 109 314 315
f 285 1513 407
f 395 393 392
f 202 410 1558
f 417 405 432
f 1246 1258 1247
f 3 297 2
f 1259 1261 1262
f 403 347 284
f 955 953 952
f 462 51 330
f 1096 687 1263
f 429 60 57
f 896 1265 932
f 1267 1268 1266
f 423 327 420
f 37 180 40
f 20 1187 1186
f 1256 1071 1070
f 155 156 504
f 1188 1269 1232
f 1236 1271 1262
f 1272 535 621
f 565 463 464
f 1273 745 1239
f 876 1255 1274
f 316 164 315
f 437 503 1509
f 194 1495 197
f 1275 864 863
f 624 631 630
f 1277 1137 1278
f 569 567 566
f 1481 125 366
f 324 547 326
f 1279 1107 1280
f 1525 329 1523
f 1281 1137 918
f 171 1553 1552
f 1488 396 1533
f 1557 1562 1559
f 1282 1206 1205
f 1053 1278 1281
f 778 607 1283
f 713 3566 3569
f 251 144 124
f 4 348 383
f 709 707 706
f 728 45 246
f 261 1563 544
f 789 1287 790
f 74 263 282
f 403 385 434
f 1178 1240 1189
f 1223 1289 1224
f 158 150 151
f 1220 1186 1221
f 296 354 433
f 784 1538 1566
f 1181 1291 1222
f 1269 1257 1246
f 1566 438 399
f 136 1566 1564
f 1563 169 1565
f 107 109 108
f 1297 1298 1296
f 1464 1476 1461
f 1520 507 508
f 1301 1303 1304
f 1306 1308 1305
f 175 1532 272
f 1532 200 201
f 1311 1312 1313
f 872 1315 1316
f 1317 1318 1319
f 3836 878 3828
f 1305 864 1276
f 1040 863 1320
f 1564 399 169
f 592 1575 591
f 591 1088 689
f 1581 1583 1582
f 1196 1147 1176
f 710 583 713
f 285 408 386
f 953 961 963
f 1594 1589 1593
f 1585 1587 1586
f 1592 1590 1589
f 3885 944 3899
f 1600 1598 1597
f 1604 1602 1601
f 1399 979 980
f 1589 1596 1595
f 1610 1608 1607
f 298 361 360
f 551 276 277
f 1627 3814 3819
f 859 818 860
f 1078 1328 1329
f 1555 1530 1556
f 572 680 681
f 772 776 774
f 977 918 917
f 404 392 393
f 1054 750 753
f 1644 1643 1642
f 932 1082 933
f 1067 1334 1068
f 1540 264 114
f 597 643 1336
f 471 762 470
f 1642 3831 3842
f 1644 3842 3843
f 923 950 927
f 96 548 95
f 520 522 521
f 445 443 442
f 849 848 842
f 480 755 493
f 1646 481 1639
f 311 1567 170
f 464 3497 3495
f 3497 1361 3495
f 234 236 235
f 190 192 191
f 153 152 149
f 231 286 230
f 1552 1551 1550
f 760 1648 488
f 3832 1649 3830
f 828 826 825
f 52 166 165
f 1663 1661 1660
f 287 115 286
f 668 670 669
f 634 640 639
f 553 559 554
f 118 33 516
f 492 491 490
f 3552 1651 3553
f 582 584 583
f 384 392 415
f 1381 1383 1380
f 1562 435 436
f 952 951 947
f 3529 583 584
f 1660 1667 1666
f 1394 1396 1393
f 1660 1664 1663
f 1671 1669 1668
f 1624 1673 1672
f 1407 1409 1410
f 1677 1675 1674
f 1613 1677 1625
f 1679 1676 1677
f 1626 3811 3814
f 534 198 539
f 176 150 159
f 803 734 800
f 400 191 192
f 65 143 144
f 3526 1656 3540
f 402 157 283
f 629 627 626
f 461 49 50
f 758 495 756
f 796 786 785
f 406 1513 1560
f 342 166 167
f 1694 1658 1695
f 1692 1694 1696
f 3557 1652 3552
f 3921 1703 3923
f 326 302 90
f 3916 1702 1706
f 3919 1698 1701
f 1699 3927 3918
f 1557 1560 1561
f 1127 1117 1128
f 400 289 346
f 1706 1707 1708
f 1707 1599 1600
f 1709 1708 1588
f 1714 1711 1713
f 3919 1709 1700
f 1704 1577 1703
f 1716 1713 1715
f 1559 1549 297
f 1722 1720 1719
f 1335 596 1489
f 410 377 378
f 973 1163 972
f 168 399 398
f 1571 1089 1093
f 1572 682 1571
f 749 647 754
f 1730 1723 1729
f 1594 1729 1592
f 1729 1591 1592
f 1731 1730 1583
f 1384 1377 1379
f 1732 1712 1714
f 1724 1731 1732
f 1712 1731 1580
f 1722 1732 1733
f 1721 1733 1734
f 1734 1716 1717
f 1735 1736 1697
f 1733 1714 1716
f 1663 1741 1668
f 1742 1740 1743
f 1738 1737 1735
f 1665 1666 1740
f 1665 1744 1664
f 1725 1746 1745
f 1591 1745 1590
f 1590 1747 1596
f 1745 1748 1747
f 1659 3538 3542
f 3287 3545 3282
f 1185 1182 1190
f 1664 1749 1741
f 1741 1739 1738
f 1746 1743 1748
f 1726 1742 1746
f 1153 924 925
f 1115 1153 1154
f 1654 3575 1655
f 1896 3549 1686
f 1720 1744 1726
f 1721 1749 1720
f 1750 1701 1698
f 1697 1750 1696
f 1151 1063 1062
f 1751 1670 1671
f 1695 1752 1751
f 961 986 981
f 1770 1768 1767
f 1766 1593 1765
f 1731 1579 1580
f 1579 1774 1578
f 3928 1771 3929
f 1764 3928 3917
f 1777 1775 1774
f 3762 1699 1700
f 1004 1128 1003
f 1774 1771 1772
f 987 1399 980
f 1578 1772 1764
f 1783 1781 1778
f 1597 1770 1767
f 639 3895 3884
f 3928 1769 1770
f 1793 1789 1788
f 3929 1798 1769
f 3508 3773 1806
f 1802 3924 3922
f 1788 1794 1793
f 1793 1795 1776
f 3773 1675 1806
f 1584 1783 1789
f 1771 3920 3929
f 1801 1798 1800
f 1768 1798 1799
f 1775 1797 1771
f 508 515 1520
f 1796 1802 1797
f 1800 3920 3922
f 1794 1804 1795
f 3532 1752 3547
f 485 1807 775
f 3809 1640 768
f 3837 1810 1653
f 485 1640 1808
f 1690 3770 3772
f 487 1648 1811
f 3839 1816 3822
f 3838 1648 3830
f 3839 1811 3838
f 1812 487 1811
f 1641 767 768
f 465 755 776
f 767 3823 3808
f 3822 3826 3847
f 1809 1815 767
f 3837 1651 3840
f 675 3541 3496
f 1814 1822 1821
f 1821 3821 3820
f 1824 1649 1825
f 1827 1850 1805
f 1668 1662 1663
f 1779 1848 1828
f 1790 1805 1794
f 1833 1853 1852
f 3521 693 575
f 1614 1616 1617
f 1852 3498 3501
f 1620 1622 1623
f 1855 1574 1861
f 1847 3501 3513
f 1766 1855 1782
f 1629 1631 1628
f 1633 1634 1632
f 1635 1637 1638
f 1848 1852 1847
f 1855 1863 1862
f 1803 1867 1802
f 1862 1831 1832
f 1782 1862 1781
f 3922 1865 1800
f 1873 1870 1869
f 1874 799 804
f 2045 3897 2044
f 1219 1295 1225
f 1615 1396 1395
f 3884 1877 1876
f 645 3786 3559
f 1345 1035 1346
f 634 3884 3880
f 15 1327 14
f 3910 1878 1893
f 1894 605 1893
f 3506 627 693
f 3560 645 3559
f 340 454 1558
f 1897 195 1898
f 1889 1877 1890
f 1901 129 1900
f 196 754 232
f 1705 3921 3916
f 340 166 343
f 1570 563 561
f 1904 194 1897
f 1781 1832 1780
f 1905 55 1906
f 1000 995 996
f 986 920 987
f 1191 1190 1194
f 2094 2075 2093
f 1920 1919 1915
f 453 1912 1911
f 1915 1918 1916
f 3882 2106 3901
f 1655 3531 1868
f 1916 1926 1925
f 704 3561 703
f 278 1925 1900
f 3565 1818 1820
f 1097 1115 1114
f 1927 727 1923
f 3578 3654 3758
f 1920 307 1929
f 1929 48 728
f 503 1497 1509
f 1902 787 796
f 1816 3820 3826
f 1925 1923 1924
f 1535 1568 1534
f 254 258 255
f 1509 366 367
f 119 35 36
f 219 293 294
f 141 47 431
f 542 244 245
f 1940 430 431
f 1779 1827 1790
f 1701 3915 3919
f 1661 3515 1667
f 270 754 647
f 197 749 196
f 1727 1212 1211
f 53 232 754
f 1465 1479 1478
f 1284 3854 1293
f 1951 412 413
f 168 1554 1553
f 1486 206 207
f 506 78 361
f 994 1007 993
f 951 963 964
f 1013 3861 1351
f 3826 1820 1818
f 1498 1954 1482
f 299 543 132
f 1754 1756 1753
f 1681 1683 1682
f 1696 1695 1697
f 13 738 737
f 473 475 474
f 482 768 1640
f 204 30 205
f 1761 820 819
f 611 1125 612
f 1501 1908 1909
f 1074 711 699
f 1960 82 83
f 120 1960 123
f 35 87 34
f 1773 1025 1031
f 1965 1569 1535
f 494 471 479
f 1966 1969 1968
f 446 1971 1967
f 174 125 126
f 1580 1578 1577
f 1785 1787 1784
f 1972 304 305
f 1254 875 999
f 1973 342 514
f 321 1973 509
f 1910 275 1907
f 509 514 508
f 1486 1527 1485
f 1974 804 1975
f 1977 1974 1978
f 1980 1966 1981
f 379 2 295
f 1718 1710 1701
f 884 992 883
f 1680 1678 1679
f 902 525 524
f 344 256 299
f 135 137 136
f 236 228 333
f 448 1967 1966
f 589 604 584
f 910 908 907
f 1981 1968 1987
f 1982 1987 1979
f 1988 1987 1989
f 1990 1989 1991
f 1991 1993 1992
f 322 320 319
f 992 830 883
f 1144 1086 1143
f 1995 1978 1994
f 1133 1118 1126
f 1997 1994 1996
f 870 1335 1489
f 805 1982 1998
f 727 2000 1999
f 1996 1988 1990
f 1994 1979 1988
f 1829 792 1273
f 1830 941 983
f 798 800 799
f 729 731 730
f 2011 2023 2022
f 1834 846 1159
f 402 284 347
f 2022 2024 2025
f 1838 989 988
f 810 952 809
f 1823 1840 644
f 1430 1432 1431
f 1215 1841 1079
f 149 176 177
f 1316 873 872
f 2112 1384 2106
f 1842 1844 1845
f 1159 845 1160
f 837 1846 1120
f 1971 2030 2027
f 517 370 189
f 858 833 812
f 1471 2027 1888
f 3551 626 627
f 2174 770 490
f 935 1854 1010
f 1613 1611 1618
f 1231 1225 1295
f 1856 891 892
f 1300 748 741
f 1150 1858 1859
f 1643 696 1642
f 1215 1264 1216
f 1320 902 901
f 1956 1944 1960
f 2031 669 1474
f 2034 1310 1299
f 1879 1656 1657
f 40 242 39
f 1992 2039 1456
f 888 957 889
f 1882 1996 1990
f 1078 1255 1077
f 1871 1192 1090
f 294 218 219
f 1323 2026 1471
f 123 83 1484
f 1324 2041 1323
f 384 359 352
f 1324 2038 2036
f 1883 1885 1829
f 287 114 107
f 1096 1134 661
f 915 931 916
f 806 1981 1982
f 3533 584 604
f 1425 2042 1018
f 1018 1948 1017
f 3562 740 3519
f 1948 649 646
f 1881 1990 1991
f 1900 130 278
f 992 994 993
f 923 925 924
f 3878 2047 3876
f 1643 625 606
f 2050 2051 2049
f 2045 1404 2047
f 3876 945 3885
f 1139 1079 1841
f 1037 892 982
f 2055 2057 2056
f 1198 718 717
f 1619 1612 1611
f 2058 1606 2059
f 2059 1607 2058
f 2058 1624 1605
f 71 179 37
f 405 1557 382
f 976 1006 977
f 322 1972 1911
f 2061 2063 2062
f 2066 2067 1825
f 2052 2064 2051
f 1609 2066 1647
f 1515 152 1516
f 1009 993 1007
f 1644 3815 2118
f 279 1916 278
f 1285 3862 1284
f 1647 1825 1649
f 2056 2067 2065
f 319 1953 1952
f 667 1913 1914
f 2070 625 2048
f 2052 2055 2063
f 2038 1655 1458
f 1606 2073 2072
f 1235 1270 1236
f 2072 2075 2074
f 2059 2072 2062
f 2074 2077 2076
f 1601 2078 2073
f 2049 1643 1645
f 1000 1001 994
f 1089 684 689
f 1931 1306 1930
f 1462 1021 1022
f 1932 1934 1935
f 875 1846 998
f 1936 1937 1938
f 44 46 92
f 1534 1956 120
f 1541 317 391
f 2081 2084 2083
f 146 1959 300
f 1360 1942 1361
f 985 1032 1033
f 1995 1892 2043
f 2079 2082 2081
f 2095 2076 2077
f 2081 2078 2079
f 2055 2054 2053
f 501 2095 500
f 2097 2099 2098
f 2098 2094 2083
f 2140 3893 3866
f 2141 3894 3893
f 2051 2048 2049
f 592 2101 1576
f 2071 2076 2096
f 2102 2098 2101
f 593 2102 592
f 1019 746 747
f 1950 12 1327
f 725 2096 501
f 1385 2104 1379
f 1379 2106 1384
f 2107 2100 2097
f 3908 502 3896
f 3896 499 3901
f 940 2109 944
f 928 1170 973
f 3868 684 3899
f 1962 1964 1961
f 3878 573 3897
f 2039 1968 1969
f 1389 2110 2109
f 1398 2113 1397
f 3757 3753 3743
f 3911 2107 2103
f 949 924 1115
f 260 324 326
f 1390 2113 2110
f 2070 2064 2071
f 3867 2103 593
f 2105 1421 2114
f 2114 1423 2115
f 3892 2115 3903
f 3908 2114 3892
f 554 1902 553
f 972 967 966
f 1765 1573 1574
f 1984 1986 1983
f 2053 2069 2057
f 3573 724 714
f 1625 1674 1673
f 3881 2119 2122
f 3903 2123 3904
f 56 1906 55
f 626 3879 629
f 2001 2003 2004
f 3912 2127 3907
f 2006 2008 2009
f 2127 1412 2128
f 2014 2016 2017
f 2018 2020 2021
f 1495 1947 197
f 1379 1386 1385
f 3814 1680 1618
f 2029 1884 2028
f 3902 2120 3887
f 629 3914 3872
f 682 943 1089
f 724 2121 716
f 1757 3821 3845
f 765 3844 3809
f 3851 715 3852
f 706 3870 3872
f 981 987 980
f 1457 1656 1880
f 2017 2032 2033
f 1458 1868 1457
f 1776 1792 1793
f 1959 1946 1958
f 3663 3725 3661
f 3913 2122 3850
f 1093 689 1088
f 966 968 972
f 3852 3881 3913
f 2172 2170 2171
f 670 2137 669
f 3761 1903 233
f 1429 28 1449
f 964 978 971
f 3841 1413 2127
f 1473 669 2137
f 3834 1359 1358
f 2138 1870 2137
f 1872 2137 1870
f 715 3888 3881
f 1881 1992 1880
f 3843 739 740
f 1837 3513 3514
f 253 59 85
f 1808 3840 1807
f 1647 3818 1609
f 3865 671 668
f 2112 3883 2111
f 1405 2044 1438
f 3829 1364 1366
f 273 391 249
f 576 3520 3555
f 3875 668 2031
f 1430 2140 2139
f 2136 3860 28
f 1430 18 19
f 3893 570 695
f 1442 2046 2141
f 1431 2141 2140
f 3869 3850 2136
f 3808 1817 766
f 3866 695 671
f 2142 798 2138
f 571 2142 694
f 3819 1618 1611
f 2143 2025 2142
f 694 2138 670
f 681 2144 572
f 2144 2022 2143
f 328 457 290
f 1572 2011 2144
f 630 3903 624
f 2085 2087 2088
f 2090 2092 2089
f 572 2143 571
f 1875 2153 2149
f 1873 2149 2154
f 2103 2097 2102
f 2157 2155 2156
f 2128 1414 2120
f 3874 589 582
f 3872 628 629
f 2149 2158 2159
f 2159 3905 3890
f 698 3902 705
f 3823 3827 1817
f 2158 3874 3905
f 1438 2046 1439
f 2035 2160 2161
f 2161 3889 3886
f 3871 605 589
f 3873 18 3875
f 370 61 451
f 649 413 648
f 2153 2156 2158
f 1428 1449 1450
f 1490 73 1488
f 3890 710 633
f 2155 3891 3871
f 1456 1880 1992
f 2125 2087 2124
f 2160 3890 3889
f 300 505 323
f 1064 1046 1065
f 2043 1891 2155
f 2129 2004 2003
f 2131 2133 2134
f 3848 1450 1449
f 1998 804 805
f 3879 3864 3914
f 474 490 770
f 1164 1182 1177
f 707 3909 3870
f 708 2162 707
f 2162 3886 3909
f 548 1905 458
f 1145 1114 1171
f 705 1650 704
f 2043 1977 1995
f 737 554 559
f 1034 1191 1023
f 458 1907 275
f 195 232 233
f 2040 1969 1970
f 2145 2147 2148
f 2054 2049 1645
f 3832 1639 3818
f 9 11 10
f 252 506 258
f 472 479 471
f 1865 3791 3503
f 900 910 907
f 1941 2151 1942
f 1921 1927 1919
f 2163 1898 2116
f 271 153 178
f 1904 12 9
f 282 264 460
f 1872 2154 2035
f 1326 1897 2163
f 628 693 627
f 1724 1719 1723
f 1549 436 172
f 1582 1730 1729
f 1921 1929 1928
f 3563 10 11
f 2152 1950 1949
f 475 774 771
f 769 2171 473
f 2171 476 473
f 476 772 475
f 1791 464 1760
f 2166 2168 2169
f 595 372 98
f 483 1641 482
f 762 2173 470
f 771 484 492
f 486 1809 483
f 297 1517 296
f 763 2174 762
f 776 759 489
f 184 2176 2000
f 412 303 414
f 2005 185 224
f 3811 1682 3846
f 2164 756 764
f 1472 2161 2162
f 950 964 965
f 2177 2179 2180
f 227 1510 333
f 764 467 2164
f 2182 2184 2181
f 2186 2018 2185
f 1985 2181 1986
f 214 729 1531
f 1545 1546 1569
f 865 842 866
f 849 1357 1362
f 452 1558 454
f 559 3188 737
f 16 737 3188
f 560 498 374
f 3193 3195 3194
f 3200 3198 3199
f 3211 3213 3212
f 3215 3217 3216
f 2187 2002 2001
f 2169 2189 2190
f 2192 2085 2191
f 2193 2195 2196
f 2198 2200 2197
f 1998 1979 1975
f 3664 3668 3671
f 2116 1903 1902
f 1859 2009 1150
f 3904 2126 3906
f 1135 1087 1130
f 2201 2015 2014
f 1149 110 1858
f 3221 3218 3215
f 2203 2205 2206
f 579 1895 1019
f 1755 2208 1756
f 3891 1893 605
f 1211 2150 1727
f 868 2210 2209
f 944 930 940
f 2130 2202 2201
f 233 1898 195
f 665 750 666
f 1167 999 618
f 2211 2213 2214
f 2215 2217 2218
f 3867 590 3868
f 2220 220 2219
f 823 948 1094
f 3225 3227 3226
f 266 455 265
f 3882 2107 3883
f 2221 3519 3517
f 2223 2225 2226
f 2207 2124 2208
f 673 3869 3864
f 817 996 815
f 2227 2146 2145
f 1947 646 749
f 3900 17 3873
f 2229 1638 1381
f 1679 1618 1680
f 1637 2232 2230
f 2233 1617 1616
f 2231 2236 2237
f 1381 2238 1382
f 3586 2242 3587
f 1630 2233 1631
f 1681 472 469
f 1408 2243 2244
f 3236 3238 3237
f 3232 3240 3235
f 1637 2238 1638
f 3237 3233 3234
f 1409 1634 2245
f 1380 2247 2246
f 1628 2245 1621
f 2249 1622 1633
f 1632 1408 2244
f 2248 1631 2250
f 2235 1637 1636
f 3245 3199 3198
f 631 2071 725
f 515 52 49
f 782 2251 1251
f 2253 2255 2252
f 397 459 784
f 1456 2040 1455
f 2040 2036 1455
f 1401 2111 1398
f 2041 1970 2026
f 1535 414 1965
f 1586 2080 2079
f 2256 1132 1886
f 1700 3918 3919
f 3815 1686 3817
f 1263 1886 1096
f 598 844 599
f 2257 2259 2260
f 2258 2262 2259
f 2259 2263 2216
f 2260 2216 2215
f 1967 1970 1969
f 2212 1963 2213
f 922 2218 2217
f 1312 1101 2264
f 1307 1286 789
f 1548 1546 1972
f 2266 2268 2265
f 2265 2270 2269
f 2272 2269 2271
f 2273 2265 2272
f 2275 2277 2274
f 2278 2277 2279
f 2284 3617 3639
f 2287 2286 2281
f 2288 2283 2287
f 2290 3639 3620
f 2291 2293 2294
f 2295 2294 2279
f 2296 2291 2295
f 2297 2292 2291
f 2294 2299 2300
f 2279 2300 2278
f 2298 2302 2292
f 2292 2303 2293
f 2293 2304 2299
f 2304 2306 2299
f 2306 2300 2299
f 2308 2310 2307
f 2302 2310 2303
f 2301 2307 2302
f 2312 2307 2311
f 2313 2315 2316
f 2318 2320 2317
f 3748 2322 2323
f 2324 2273 2326
f 2313 2326 2327
f 2328 2313 2316
f 2329 2324 2328
f 2331 2333 2330
f 2330 2267 2266
f 2325 2266 2273
f 2329 2330 2325
f 2333 2335 2267
f 2336 2333 2332
f 2338 2332 2337
f 2331 2337 2332
f 2329 2339 2331
f 2328 2340 2329
f 2316 2341 2328
f 2342 2315 2343
f 2344 2346 2347
f 2341 2347 2340
f 2342 2344 2341
f 2348 2345 2344
f 2350 2352 2353
f 2339 2353 2337
f 2340 2350 2339
f 2347 2351 2350
f 2337 2354 2338
f 2353 2355 2354
f 2356 2276 2357
f 2356 2358 2359
f 2356 2296 2295
f 2279 2356 2295
f 2360 2270 2268
f 2267 2360 2268
f 2362 2364 2365
f 2362 2361 2358
f 2366 2358 2357
f 2366 2363 2362
f 2357 2368 2366
f 2366 2369 2367
f 2276 2370 2368
f 2368 2282 2369
f 2372 2374 2371
f 2375 2377 2007
f 2378 2380 2381
f 2382 2381 2383
f 2384 2378 2382
f 2385 2379 2378
f 2388 2390 2387
f 2387 2392 2391
f 2393 2387 2391
f 2394 2388 2387
f 2186 2402 2400
f 2403 2327 2326
f 2272 2326 2273
f 2271 2403 2272
f 2405 2404 2403
f 2404 2408 2327
f 2409 2411 2412
f 2409 2271 2269
f 2413 2269 2270
f 2413 2410 2409
f 2417 2416 2418
f 2417 2406 2405
f 2412 2405 2271
f 2411 2417 2412
f 2406 2407 2404
f 3569 632 713
f 2420 2397 2421
f 2420 2423 2422
f 2424 2422 2419
f 2424 2398 2420
f 2425 2392 2426
f 2421 2426 2423
f 2397 2425 2421
f 2396 2391 2425
f 2427 2315 2314
f 2427 2408 2428
f 2430 2428 2429
f 2343 2427 2430
f 2432 2430 2431
f 2431 2429 2433
f 2435 2433 2434
f 2436 2431 2435
f 2428 2407 2437
f 2422 2407 2419
f 2438 2422 2423
f 2429 2437 2438
f 2440 2433 2439
f 2441 2433 2429
f 2442 2439 2441
f 2443 2440 2439
f 2445 2444 2443
f 2447 2443 2442
f 2383 2445 2447
f 2381 2446 2445
f 2448 2423 2426
f 2449 2426 2392
f 2441 2449 2442
f 2441 2438 2448
f 2449 2390 2450
f 2450 2389 2451
f 2447 2451 2383
f 2442 2450 2447
f 2451 2453 2452
f 2452 2455 2454
f 2382 2454 2384
f 2383 2452 2382
f 2456 2373 2372
f 2459 2461 2458
f 2463 2465 2462
f 2462 2285 2284
f 2466 2284 2290
f 2467 2462 2466
f 2461 3703 3701
f 2468 2470 2471
f 2472 2471 2473
f 2474 3701 3688
f 2475 2477 2478
f 2458 2453 2479
f 2479 2389 2388
f 2395 2479 2388
f 2480 2458 2479
f 2481 2483 2478
f 2484 2485 221
f 2471 2464 2463
f 2473 2463 2467
f 2487 2466 2486
f 2486 2290 2488
f 2490 2488 2489
f 2491 2486 2490
f 2492 2467 2487
f 2493 2487 2491
f 2494 2492 2493
f 2495 2473 2492
f 3690 2474 3688
f 3691 2496 3690
f 2498 2493 2499
f 2500 2499 2501
f 3700 2498 2500
f 3687 2494 2498
f 2306 2278 2300
f 2305 2504 2306
f 2504 2507 2506
f 2506 2288 2508
f 2274 2508 2275
f 2278 2506 2274
f 3633 2489 2488
f 3620 2488 2290
f 2507 2289 2288
f 2505 2509 2507
f 2508 2287 2511
f 2511 2281 2280
f 2370 2280 2282
f 2275 2511 2370
f 2512 2489 2513
f 2514 2513 2515
f 2517 2514 2516
f 2517 2490 2512
f 2499 2491 2517
f 2499 2516 2501
f 2510 2519 2518
f 2518 2521 2520
f 3616 2520 3621
f 3632 2518 3616
f 2522 2303 2310
f 2523 2310 2309
f 2305 2522 2524
f 2524 2523 2525
f 2519 2525 2521
f 2505 2524 2519
f 2308 2527 2526
f 2526 2529 2528
f 2531 2528 2530
f 2309 2526 2531
f 1214 2151 1211
f 2419 2418 2424
f 2533 2349 2317
f 2534 2317 2320
f 2535 2533 2534
f 2536 2345 2533
f 2537 2346 2536
f 2538 2536 2535
f 2539 2537 2538
f 2540 2351 2537
f 2312 2541 2527
f 2527 2542 2529
f 2543 2434 2544
f 2545 2544 2546
f 2319 2543 2545
f 2318 2435 2543
f 2514 2548 2547
f 2547 2550 2549
f 2552 2549 2551
f 2552 2514 2547
f 2520 2554 2553
f 2553 2556 2555
f 3590 2555 3593
f 3621 2553 3590
f 2523 2531 2557
f 2557 2530 2558
f 2525 2557 2559
f 2559 2558 2560
f 2554 2560 2556
f 2521 2559 2554
f 2561 2007 2006
f 2376 2225 2377
f 2564 2566 2563
f 2563 338 2567
f 2569 2567 2568
f 2570 2563 2569
f 2572 2574 2571
f 2571 2576 2575
f 2544 2575 2546
f 2544 2572 2571
f 2578 2569 2577
f 2579 2569 2568
f 2574 2579 2576
f 2573 2577 2574
f 2581 2583 2580
f 2584 2583 2585
f 3697 2580 2584
f 3676 2580 3675
f 2582 2552 2583
f 2583 2551 2585
f 2500 2589 2588
f 2590 2589 2591
f 3693 2588 2590
f 3695 2500 2588
f 2501 2591 2589
f 2592 2594 2595
f 2386 2503 2502
f 2596 2386 2374
f 2596 2373 2597
f 2599 2597 2598
f 2599 2379 2596
f 2600 2380 2599
f 2600 2598 2601
f 2603 2601 2602
f 2603 2446 2600
f 2604 2602 2605
f 2440 2605 2434
f 2444 2604 2440
f 2606 2581 2607
f 2606 2590 2591
f 2591 2582 2606
f 3676 2456 3689
f 3689 2372 3693
f 2478 2608 2481
f 2609 2611 2199
f 2564 2613 2612
f 2612 2598 2597
f 2457 2597 2373
f 2565 2612 2457
f 2614 2570 2578
f 2615 2578 2573
f 2602 2614 2615
f 2601 2613 2614
f 2572 2605 2616
f 2616 2602 2615
f 2573 2616 2615
f 1459 1045 1021
f 1265 1079 1082
f 1612 1609 1611
f 2067 2069 2068
f 1135 1136 1148
f 1938 2618 2617
f 95 458 128
f 2058 1608 1612
f 1454 1445 1367
f 655 1048 2619
f 722 2621 723
f 1131 1033 1134
f 562 366 1497
f 1723 1725 1591
f 1786 1122 1787
f 267 323 266
f 1325 1654 2038
f 1468 1435 1479
f 658 529 528
f 8 247 7
f 382 1559 3
f 788 1307 789
f 940 929 928
f 911 2623 912
f 2621 655 654
f 2624 2625 2626
f 998 27 26
f 635 2626 2625
f 2627 644 1840
f 2628 1840 2629
f 1200 2627 2628
f 1199 641 2627
f 1520 49 477
f 1452 1349 1451
f 2630 1859 1858
f 644 1335 1823
f 1197 717 2632
f 2632 719 1166
f 2628 1166 1200
f 2629 2632 2628
f 1762 1050 821
f 1823 873 1839
f 2634 794 652
f 1028 1027 1161
f 1042 2635 1043
f 93 1901 1924
f 2036 1458 1455
f 1527 1525 1526
f 877 1274 1277
f 134 797 1544
f 1328 931 1329
f 607 1091 1161
f 1043 2637 2636
f 2636 2639 2638
f 1275 2638 1276
f 1275 1043 2636
f 1272 2626 2640
f 2640 638 637
f 1110 2640 637
f 536 2640 2641
f 1472 1474 1473
f 2042 1951 649
f 1058 1105 1059
f 2642 2643 2644
f 1192 2644 1193
f 912 2642 1192
f 3898 3526 3786
f 1049 2620 2621
f 616 1885 613
f 1331 666 750
f 990 1198 525
f 1911 321 322
f 1298 1205 2645
f 76 1504 75
f 1502 421 422
f 610 658 691
f 1146 659 938
f 2646 914 936
f 1280 1238 1279
f 975 2647 2648
f 2647 975 974
f 1453 1452 1451
f 1514 158 151
f 835 1843 1842
f 1271 1173 1289
f 2649 813 2650
f 1893 1826 1894
f 1050 1937 1051
f 2651 814 813
f 1006 1281 977
f 2653 2654 2655
f 1001 1003 1002
f 585 679 558
f 2624 621 620
f 555 2028 556
f 1207 1197 2629
f 1626 478 472
f 426 419 1567
f 1030 1773 1031
f 3898 634 3880
f 534 138 262
f 1125 1042 1041
f 333 88 227
f 569 561 730
f 1489 871 870
f 1857 620 891
f 1673 3770 3763
f 622 864 1308
f 2647 974 2657
f 619 891 620
f 261 545 262
f 393 1556 404
f 2658 2647 2657
f 1075 2657 917
f 1081 2658 1075
f 1080 2659 2658
f 2644 1141 2660
f 2660 1140 1336
f 642 1336 643
f 1193 2660 642
f 679 555 558
f 1503 1500 1502
f 1318 1101 1100
f 2661 1139 1142
f 2661 2663 2662
f 2662 2659 2661
f 2662 2622 2664
f 2664 911 2646
f 2648 2646 1146
f 2648 2662 2664
f 2083 2093 2081
f 1442 1437 1439
f 519 330 51
f 1885 1209 613
f 799 805 804
f 1946 1952 1953
f 1302 1253 1252
f 566 224 533
f 1389 928 1388
f 683 681 680
f 836 1842 2665
f 2665 1845 1303
f 2666 1303 1302
f 24 2665 2666
f 831 2650 832
f 1845 1304 1303
f 2010 2012 2011
f 1051 2667 2668
f 1522 1511 1523
f 531 441 522
f 782 1251 1250
f 1250 2625 2669
f 2669 1857 1856
f 783 1856 1037
f 782 2669 783
f 720 2671 721
f 1055 1930 1056
f 1333 1251 2251
f 619 1308 1307
f 652 2619 2634
f 521 1539 1540
f 1838 537 2672
f 2672 536 2641
f 1113 2641 1110
f 1113 1838 2672
f 1016 1351 1045
f 3897 570 3894
f 226 104 101
f 3564 3827 1818
f 1036 1884 1883
f 2674 1304 2673
f 2673 1844 2675
f 1334 2675 1039
f 1333 2673 1334
f 2676 1039 2675
f 1843 2675 1844
f 942 2676 1843
f 1074 702 2676
f 811 859 858
f 752 1055 753
f 1200 656 1026
f 1120 874 2677
f 2677 877 1052
f 1241 1052 1005
f 1119 2677 1241
f 1560 151 1515
f 1208 611 523
f 215 736 214
f 1460 1462 1461
f 1208 1839 873
f 854 1282 1297
f 72 182 179
f 544 1565 512
f 217 456 457
f 2047 930 945
f 1204 1937 2633
f 913 686 685
f 840 1113 1112
f 1531 730 561
f 2678 1283 801
f 601 1914 602
f 1537 459 460
f 1819 3509 3527
f 991 862 538
f 2679 1073 1830
f 2680 983 2256
f 779 2256 1263
f 778 2680 779
f 2678 1830 2680
f 180 245 40
f 1886 1131 1134
f 1138 1274 1255
f 1841 1140 1139
f 75 314 74
f 193 420 192
f 2681 1099 1098
f 170 1565 169
f 349 417 432
f 1121 2684 2683
f 547 409 302
f 123 121 120
f 2643 1142 1141
f 1542 513 1543
f 899 907 919
f 1210 676 867
f 791 982 892
f 24 837 836
f 893 932 931
f 1860 863 862
f 535 862 861
f 832 813 812
f 2650 813 832
f 1569 1547 1568
f 181 542 180
f 660 937 688
f 2013 568 2012
f 887 2631 2630
f 1524 361 78
f 520 162 1529
f 2653 854 2685
f 1238 2655 2686
f 718 527 530
f 1492 518 1491
f 792 615 793
f 599 1835 596
f 290 456 175
f 312 1552 425
f 1248 1179 1249
f 153 177 178
f 1240 1222 1221
f 1257 1235 1071
f 1291 1083 1222
f 1052 1277 1053
f 743 2618 1204
f 444 430 443
f 23 1172 1187
f 2687 1180 1179
f 102 409 134
f 1283 610 801
f 373 650 651
f 1180 1084 1291
f 855 2655 1237
f 1173 1917 1174
f 2689 853 2688
f 2688 1108 1279
f 2686 1279 1238
f 2687 2688 2686
f 2691 1252 2690
f 2690 850 2689
f 1248 2689 2687
f 1248 2691 2690
f 2692 24 2666
f 2691 2666 1302
f 1247 2692 2691
f 1258 617 2692
f 394 1555 393
f 2693 1259 1223
f 1072 1262 1261
f 1257 1168 1258
f 398 1555 1554
f 871 1314 872
f 1178 1249 1179
f 1224 1173 1172
f 1010 2618 742
f 1175 1292 1269
f 2654 2686 2655
f 2694 1216 1264
f 71 1487 70
f 701 1111 1038
f 1072 2649 2650
f 1085 22 21
f 895 1264 896
f 1601 1605 1604
f 1259 1271 1289
f 21 1220 1083
f 988 538 537
f 598 1336 1140
f 820 1762 821
f 1050 818 821
f 1298 1761 2652
f 1168 618 617
f 858 1256 833
f 39 516 1536
f 2652 819 814
f 313 315 314
f 2026 1971 2027
f 2656 596 1835
f 814 818 811
f 2696 813 2649
f 1260 2649 1261
f 2693 2696 1260
f 2697 2651 2696
f 381 390 380
f 3818 1611 1609
f 1475 1428 1227
f 1292 1917 1235
f 1551 354 1518
f 1526 1523 1511
f 1593 1595 1573
f 1232 1246 1249
f 2695 1223 22
f 2698 1296 2697
f 2698 2693 2695
f 2685 2695 1085
f 2685 1297 2698
f 562 271 272
f 2652 1296 1298
f 1365 1364 1363
f 1958 1953 1957
f 585 2210 997
f 1561 1515 435
f 975 1146 976
f 347 68 346
f 1038 636 1068
f 2700 780 2699
f 2699 1036 1883
f 2701 1883 1829
f 851 2699 2701
f 2674 2251 2702
f 2702 781 2700
f 1253 2700 851
f 1301 2702 1253
f 1519 388 1550
f 1273 1280 2703
f 2703 1107 852
f 2701 852 851
f 1829 2703 2701
f 91 326 90
f 1784 2656 1785
f 2683 2705 2704
f 604 3499 3533
f 1669 3548 1662
f 2062 2060 2059
f 621 861 622
f 2023 732 2024
f 686 1263 687
f 857 2668 1328
f 883 882 879
f 637 1111 1110
f 2668 893 1328
f 2667 894 2668
f 1039 1068 1334
f 313 1504 1505
f 1911 305 453
f 1936 1964 2212
f 2707 2401 2183
f 2708 2183 2182
f 738 2116 554
f 2349 2432 2436
f 2711 2020 2019
f 2400 2019 2186
f 2714 2716 2713
f 2717 2719 2720
f 2721 2723 2724
f 2726 2728 2725
f 2725 2730 2729
f 2731 2729 2709
f 2732 2725 2731
f 2734 2736 2733
f 2738 2740 2737
f 2737 2741 2742
f 2744 2746 2743
f 2745 2748 2747
f 2749 2747 2751
f 2753 2751 2752
f 2250 2246 2248
f 2754 1614 2755
f 3598 2755 3609
f 3608 2747 3609
f 1617 2755 1614
f 2242 1620 2757
f 2191 2760 2759
f 2761 2760 2762
f 3648 2761 3649
f 3623 2759 3648
f 3209 3223 3224
f 1395 2236 2235
f 1395 1636 1615
f 1616 2229 2233
f 1617 2763 2756
f 2756 3628 3608
f 2765 2234 1630
f 2766 3628 3622
f 3202 3246 3247
f 1516 435 1515
f 2768 3552 3553
f 1495 578 1424
f 2135 28 17
f 3526 2773 2774
f 1690 3926 3925
f 2778 2780 2777
f 2777 2781 2782
f 2784 2777 2783
f 3555 575 576
f 1494 9 540
f 3529 2015 3566
f 451 505 450
f 2786 2788 2785
f 2779 2785 2780
f 2789 2741 2740
f 2790 2752 2789
f 2792 2794 2791
f 2793 2796 2794
f 2796 2750 2749
f 2794 2749 2753
f 2798 1396 2754
f 3591 2754 3598
f 2798 2800 1393
f 3591 2799 2798
f 2797 2795 2801
f 2791 2753 2790
f 216 232 54
f 3804 2807 3803
f 3805 2804 3803
f 2769 3557 3552
f 183 184 97
f 2811 2775 2776
f 2804 2776 2805
f 2809 2811 2804
f 2812 2813 2814
f 3805 2816 3795
f 3796 2815 3795
f 3798 2820 2821
f 3793 2819 3798
f 2824 2735 2819
f 2823 2824 2819
f 2825 2826 2724
f 3793 2827 3792
f 3796 2826 3792
f 2713 2829 2828
f 2828 2831 2830
f 2822 2828 2830
f 2821 2713 2828
f 2832 2822 2830
f 2833 2830 2831
f 2834 2832 2833
f 2835 2827 2832
f 2837 2839 2836
f 2836 2841 2840
f 2842 2840 2727
f 2843 2836 2842
f 2840 2845 2844
f 2718 2845 2719
f 2730 2844 2718
f 2727 2844 2728
f 2846 2719 2845
f 2846 2841 2847
f 2829 2847 2831
f 2829 2716 2846
f 2847 2839 2848
f 2848 2838 2849
f 2833 2849 2834
f 2831 2848 2833
f 2850 2851 2852
f 2853 2852 2854
f 2783 2782 2855
f 2785 2853 2856
f 2780 2856 2781
f 2857 2855 2782
f 2859 2782 2781
f 2861 2842 2860
f 2860 2727 2726
f 2862 2726 2732
f 2863 2860 2862
f 2861 2858 2857
f 2843 2857 2859
f 2856 2854 2864
f 2781 2864 2859
f 2837 2859 2864
f 2838 2864 2854
f 2852 2834 2849
f 2854 2849 2838
f 2865 2818 2835
f 2851 2835 2834
f 2813 2815 2865
f 2814 2865 2851
f 2866 2814 2850
f 2788 2850 2853
f 2866 2787 2867
f 2812 2867 2775
f 1892 1890 1891
f 2720 2846 2870
f 298 256 257
f 2872 2713 2820
f 3794 2735 2734
f 2729 2874 2873
f 2846 2715 2870
f 2876 2878 2875
f 2733 2878 2734
f 3806 2879 2880
f 3806 2872 3794
f 2882 2884 2881
f 2881 2715 2714
f 2880 2714 2872
f 2879 2881 2880
f 2885 2887 2888
f 2888 2890 2885
f 2885 2892 2891
f 2893 2885 2891
f 1942 2532 2894
f 2895 2720 2870
f 2884 2870 2715
f 2883 2895 2884
f 2896 2892 2895
f 2889 2717 2890
f 2890 2720 2892
f 2897 2891 2896
f 2898 2896 2883
f 2899 2883 2882
f 2900 2882 2879
f 3797 2879 3807
f 2876 2901 2877
f 2901 2904 2903
f 1785 1835 1834
f 2905 2899 2900
f 2907 2897 2898
f 3797 2903 3799
f 632 577 633
f 3532 2867 2787
f 434 550 350
f 2768 3640 3643
f 2910 1623 2249
f 2241 2758 2242
f 3640 2913 3652
f 1623 2757 1620
f 3587 2757 3652
f 2229 1380 2250
f 2765 1629 2914
f 2915 1629 2912
f 3642 2914 2915
f 3641 2765 2914
f 2919 3642 3613
f 2918 2912 2241
f 3614 2241 3586
f 3618 3613 3670
f 3541 2180 3496
f 3521 2188 3506
f 3705 714 3851
f 2925 2917 2924
f 2924 2916 2919
f 3610 2919 3618
f 3611 2924 3610
f 2926 2766 2925
f 3658 2925 3611
f 1715 1705 1710
f 785 498 796
f 1387 565 1791
f 374 1899 560
f 3573 2206 3556
f 2929 2886 2893
f 2932 2934 2931
f 1905 1908 1907
f 2930 2936 2937
f 2938 2930 2929
f 1493 517 518
f 1603 1586 1602
f 2939 2929 2908
f 2940 2908 2907
f 3665 1600 3661
f 2886 2937 2887
f 2906 2898 2899
f 2908 2893 2897
f 2942 2933 2941
f 2941 2937 2936
f 3501 2936 3513
f 3498 2941 3501
f 2943 2710 2873
f 2943 2874 2889
f 2945 2889 2888
f 2946 2943 2945
f 2932 2888 2887
f 2931 2945 2932
f 727 1929 728
f 2903 2947 2948
f 545 42 262
f 1480 533 251
f 2907 2949 2940
f 2906 2950 2949
f 1558 215 202
f 3799 2948 3801
f 2054 1644 2118
f 3705 2203 3573
f 1828 1849 1827
f 2953 2955 2952
f 2952 2957 2956
f 2956 2258 2952
f 2953 2258 2257
f 2454 2474 2496
f 3747 2959 3766
f 3747 2131 3737
f 2961 2963 2958
f 2958 2964 2959
f 222 2485 2965
f 2477 2966 2608
f 2631 2006 1859
f 2384 2496 2497
f 2967 2959 2964
f 2968 2970 2969
f 3759 2971 3784
f 3784 2960 3766
f 2972 2033 2032
f 2007 2973 2008
f 3560 2134 2133
f 1836 1832 1831
f 3506 2090 3551
f 955 959 956
f 672 674 673
f 633 713 632
f 2024 733 803
f 2025 803 798
f 425 1550 388
f 2975 888 887
f 1319 1157 2694
f 1212 2977 1213
f 889 2228 2227
f 1978 1975 1979
f 1138 1329 915
f 751 2979 2978
f 1619 1625 1624
f 2252 1728 1727
f 1157 845 1216
f 2706 1938 2617
f 2980 2254 2981
f 2982 887 2630
f 802 711 2679
f 678 2029 2028
f 527 690 528
f 1839 2629 1840
f 2983 602 1914
f 2983 1913 1331
f 2985 1331 1054
f 2986 2983 2985
f 2987 2635 2634
f 2985 2639 2986
f 2990 1318 2989
f 2991 2993 2994
f 2995 2994 2996
f 1106 2991 2995
f 1058 2992 2991
f 1415 1365 1367
f 1317 2217 2997
f 1932 2255 2980
f 926 2999 664
f 3001 2992 3000
f 3000 1057 2978
f 2999 2978 2979
f 2998 3000 2999
f 3002 2209 3003
f 3002 2996 2994
f 2993 3002 2994
f 3001 2998 3002
f 1103 2995 3004
f 3004 2996 3003
f 2209 3004 3003
f 588 3004 2210
f 295 433 381
f 2638 2988 3005
f 3005 1056 1930
f 1305 1930 1306
f 1276 3005 1305
f 1987 1993 1989
f 2633 1761 2645
f 1423 1417 1419
f 3561 739 703
f 2671 2704 2705
f 1473 2035 1472
f 922 2694 895
f 1401 1378 1384
f 556 1884 1037
f 842 3825 3836
f 1854 2617 1010
f 933 1081 1075
f 1440 1436 1437
f 529 719 530
f 1031 1027 1028
f 777 912 1871
f 2645 1204 2633
f 441 1538 1537
f 790 587 586
f 2065 1610 1607
f 1860 990 902
f 60 87 59
f 1424 1948 1947
f 332 1507 331
f 261 138 135
f 187 449 507
f 1719 1726 1725
f 1931 1059 3006
f 3006 1105 1104
f 1287 1104 587
f 1286 3006 1287
f 3007 3009 3010
f 3009 653 795
f 618 26 25
f 2029 1210 1209
f 957 600 2228
f 1049 2228 600
f 2631 3011 2561
f 890 2227 3011
f 3011 2145 3012
f 2561 3012 2375
f 1026 609 608
f 2706 1961 1964
f 3013 2485 3014
f 2148 1267 3015
f 3015 1266 1311
f 2997 1101 1317
f 642 1773 1193
f 186 461 511
f 1041 1320 901
f 1121 3017 1122
f 2984 2987 3018
f 3018 2634 2619
f 1048 3018 2619
f 603 2984 3018
f 2679 801 802
f 2062 2074 2061
f 2061 2076 2064
f 414 1545 1965
f 3016 2683 3019
f 3019 2704 2670
f 3020 2670 720
f 3007 3019 3020
f 1871 1091 777
f 3021 1122 3017
f 3022 3017 3010
f 1314 3022 1315
f 1784 3021 1314
f 1316 1763 611
f 3023 3010 3009
f 3023 795 1092
f 1763 1092 1125
f 1315 3023 1763
f 3016 3010 3017
f 752 2978 1057
f 2986 2637 2987
f 3024 653 3008
f 3020 3008 3007
f 720 3024 3020
f 723 654 3024
f 2681 1268 3025
f 2671 1268 721
f 2705 3025 2671
f 1313 3027 1311
f 3026 3029 3027
f 3027 3030 3031
f 1311 3031 3015
f 2012 731 2023
f 917 974 977
f 743 856 744
f 1888 2030 1425
f 2682 2684 3032
f 3032 1124 2989
f 1100 2989 1318
f 1099 3032 1100
f 1123 2989 1124
f 3033 1159 1158
f 2990 1158 1319
f 1123 3033 2990
f 1786 1834 3033
f 1054 2988 2985
f 2979 664 2999
f 2623 2663 2643
f 1095 688 687
f 3034 2261 2956
f 3036 2956 2957
f 3037 3034 3036
f 3038 3035 3034
f 3040 3026 1313
f 2263 3041 3040
f 3042 3043 3041
f 3041 3028 3026
f 3044 3043 3039
f 3046 3045 3044
f 3047 3049 3045
f 3043 3049 3028
f 3038 3051 3050
f 3050 3053 3052
f 3052 3044 3050
f 3039 3050 3044
f 3054 3039 3042
f 3042 2262 3054
f 2261 3054 2262
f 2216 2997 2217
f 2212 2667 1936
f 3056 2209 3055
f 934 1961 1854
f 2013 3757 567
f 3058 3060 3061
f 3059 3063 3060
f 3060 2213 1963
f 3061 1963 1962
f 3063 2214 2213
f 3062 3064 3063
f 3065 2260 3064
f 3064 2215 2214
f 3066 3031 3030
f 2608 3067 3066
f 2966 3068 3067
f 3031 3068 3015
f 2455 2461 2474
f 2476 2226 2477
f 3551 2089 3525
f 3526 3769 3786
f 433 355 381
f 2115 1419 2123
f 3509 2922 3527
f 3769 2131 2134
f 3069 2167 2166
f 2971 2928 2960
f 2961 2773 2962
f 3070 2478 2483
f 2610 3071 2954
f 2502 2374 2386
f 3072 2595 3073
f 2964 3052 2967
f 3048 3074 3049
f 2593 3075 3074
f 3075 3029 3074
f 3074 3028 3049
f 3072 3075 2592
f 3076 2482 2481
f 2481 3066 3076
f 3076 3030 3075
f 2967 3053 2970
f 2482 3073 2483
f 479 493 494
f 706 3873 709
f 3561 2221 3517
f 2013 3754 3755
f 3533 2016 3529
f 3562 2222 2974
f 1171 1155 1176
f 2586 2565 2587
f 2982 113 2484
f 2562 3077 3068
f 2376 3012 3077
f 3012 2148 3077
f 3077 3015 3068
f 2963 3046 2964
f 3051 2970 3053
f 1683 491 775
f 3850 1447 3860
f 1986 3734 3768
f 3079 2546 2575
f 3081 2575 2576
f 1983 3768 3765
f 3082 2319 2545
f 3080 2545 2546
f 3734 3082 3080
f 3732 2323 3082
f 1309 1888 748
f 3073 2772 2771
f 2760 3084 2762
f 2760 2088 3083
f 3085 3086 3087
f 3089 3090 3088
f 3089 3084 3085
f 3092 3090 3091
f 3093 2744 2743
f 2751 2748 3093
f 3093 2752 2751
f 2742 3093 3094
f 3094 2743 3095
f 3096 3098 3087
f 3099 3087 3086
f 3097 3095 3098
f 3100 2746 3101
f 3101 3102 3100
f 2764 2927 3101
f 2745 3101 2746
f 3102 3091 3100
f 3100 3095 2743
f 2869 3592 3634
f 3102 3104 3092
f 3658 2869 3634
f 2927 3103 3102
f 3098 3091 3090
f 3087 3090 3085
f 2088 3105 3083
f 3083 3086 3084
f 2483 2771 3070
f 2401 2185 2321
f 3099 3105 3106
f 2125 3106 3105
f 3108 2742 3107
f 3107 3094 3097
f 3110 3107 3109
f 3109 3097 3096
f 3111 3096 3099
f 3112 3109 3111
f 3113 2737 3108
f 3115 2722 3114
f 3117 3114 3116
f 3119 3116 3118
f 3118 3120 3121
f 3116 3113 3120
f 3122 3111 3123
f 3122 1755 1754
f 3124 3126 3127
f 3125 3121 3126
f 3128 3118 3125
f 3129 3125 3124
f 2020 3128 3129
f 3853 1346 1352
f 1065 1047 1066
f 1814 3830 1649
f 2021 3129 3130
f 3111 3106 3123
f 3123 2207 1755
f 2377 2224 2973
f 3014 113 112
f 1756 3782 3767
f 3131 2530 2528
f 3133 2528 2529
f 1753 3767 3775
f 3134 3127 3135
f 2327 2314 2313
f 2436 2317 2349
f 2018 3711 3712
f 2534 3137 2535
f 2320 3136 2534
f 2185 3712 3771
f 3138 2542 2539
f 3134 3744 3745
f 3785 3134 3745
f 3140 2539 2538
f 2535 3140 2538
f 3711 3130 3785
f 2558 3132 3141
f 3782 3141 3132
f 2560 3141 3142
f 3760 3142 3141
f 958 2976 2981
f 1933 2980 3143
f 2399 2418 2416
f 2348 2343 2432
f 2322 2319 2323
f 2718 2874 2730
f 2709 2873 2710
f 2894 1361 1942
f 346 176 347
f 1876 1882 1881
f 2802 3607 3592
f 3104 3088 3092
f 2974 3649 3603
f 3089 2761 2762
f 3088 3145 3089
f 2803 3603 3607
f 3870 692 628
f 2123 1418 2126
f 1365 1368 1367
f 1581 1782 1783
f 3569 2129 3520
f 3555 2002 3521
f 3146 2551 3147
f 3751 3147 3750
f 3742 3146 3751
f 3149 2585 3146
f 3196 3197 3195
f 3604 2191 3623
f 3142 2556 2560
f 3777 3150 3142
f 3646 2550 3593
f 3150 2555 2556
f 3778 3151 3150
f 3788 3152 3646
f 3153 2551 2549
f 3152 2549 2550
f 3781 3153 3152
f 3776 3147 3153
f 3148 2206 2205
f 2183 2321 2184
f 2132 2928 2133
f 3684 2204 2203
f 3719 2197 3721
f 2594 2773 2951
f 2595 2951 2772
f 1870 799 1869
f 3713 2178 3706
f 3706 3736 3790
f 336 3774 3722
f 339 3154 336
f 3789 3149 3742
f 3683 2584 3149
f 2963 3048 3047
f 3722 337 336
f 339 2566 2586
f 3156 2168 2167
f 2610 2167 2611
f 2954 3156 2610
f 3157 2953 2257
f 3707 2169 3709
f 2567 3159 2568
f 337 2567 338
f 3730 2166 3707
f 3764 1983 3765
f 2579 3081 2576
f 2568 3160 2579
f 3709 2190 3764
f 3065 3162 3161
f 3161 1984 2189
f 3157 2189 2168
f 2257 3161 3157
f 734 1922 806
f 3059 2708 3163
f 3163 2182 1985
f 3162 1985 1984
f 3062 3163 3162
f 3203 3205 3204
f 2122 1448 1447
f 3817 1685 3812
f 139 444 69
f 1570 566 533
f 2957 3165 3036
f 2955 3164 2957
f 1912 341 1973
f 3130 3124 3134
f 1548 319 1547
f 1949 1327 1887
f 2969 3078 3167
f 3167 3169 3168
f 3724 2017 3720
f 3720 2033 3759
f 3168 3165 3170
f 3170 3164 3171
f 3779 3171 3756
f 3724 3170 3779
f 3171 3166 3172
f 3172 3071 3173
f 3752 3173 3749
f 3756 3172 3752
f 3169 3036 3165
f 2593 2962 2594
f 3173 2609 3174
f 3174 2199 2198
f 3783 2198 3719
f 3749 3174 3783
f 2190 1984 1983
f 2196 2767 3148
f 2119 1414 1448
f 1464 1466 1465
f 2199 3069 2200
f 2457 2587 2565
f 2226 2562 2966
f 481 1627 1639
f 333 235 236
f 3078 3037 3169
f 3040 2997 2263
f 2219 1933 2220
f 2385 2497 2503
f 221 3175 2484
f 2220 3143 3175
f 3175 2976 2975
f 2484 2975 2982
f 2954 3166 2955
f 2630 110 2982
f 1547 1952 1955
f 2091 2188 2187
f 3733 2178 2177
f 1918 1927 1926
f 3563 111 3511
f 955 960 954
f 2037 112 3563
f 3143 2981 2976
f 2218 2214 2215
f 672 3787 3541
f 2152 3014 2037
f 1147 1143 1145
f 2248 1409 2245
f 1615 1635 1616
f 1410 2246 2247
f 3241 3242 3240
f 3177 1383 1382
f 2238 3176 1382
f 3176 2230 3178
f 1410 3179 1407
f 3179 2243 1407
f 1633 2800 2249
f 1621 2758 2912
f 1622 2245 1634
f 2236 3181 3182
f 2237 3182 3183
f 2250 2233 2229
f 2912 1628 1621
f 135 1564 1563
f 1567 512 1565
f 1085 2653 2685
f 3184 868 3056
f 869 3057 934
f 1266 1098 1312
f 1267 722 721
f 937 2646 936
f 2146 722 2147
f 2211 921 2667
f 1957 507 449
f 1313 2264 3040
f 1496 1493 1492
f 2681 2705 2682
f 2887 2933 2932
f 1687 1659 1694
f 145 1498 81
f 1317 1319 2694
f 37 418 71
f 1935 3185 2977
f 104 301 103
f 2101 2083 2084
f 543 360 207
f 1934 3186 3185
f 234 212 237
f 3845 1822 1824
f 1976 1874 1974
f 223 2219 220
f 3655 3605 3612
f 468 773 2165
f 1935 1728 1932
f 3240 3226 3235
f 3261 3250 3260
f 3215 3244 3264
f 3265 3215 3264
f 3267 3198 3196
f 3205 3269 3255
f 3214 3265 3270
f 3271 3214 3192
f 3251 3239 3236
f 3222 3266 3272
f 3232 3234 3233
f 3216 3243 3244
f 3196 3268 3267
f 3244 3254 3255
f 3238 3247 3246
f 3264 3255 3269
f 3253 3216 3217
f 3211 3221 3265
f 3257 3218 3256
f 3258 3272 3259
f 3274 3280 3273
f 3228 3262 3263
f 3275 3281 3280
f 3226 3273 3280
f 3236 3260 3251
f 3281 3236 3237
f 3287 3192 3189
f 3235 3280 3234
f 3234 3281 3237
f 3288 3259 3272
f 3260 3276 3251
f 3289 3278 3284
f 3210 3224 3283
f 3199 3201 3200
f 3228 3230 3229
f 3290 3285 3286
f 3282 3271 3287
f 3260 3262 3261
f 3243 3268 3254
f 3267 3241 3232
f 3194 3208 3193
f 3191 3269 3206
f 3270 3192 3214
f 3275 3230 3231
f 3264 3270 3265
f 3252 3276 3291
f 3248 3291 3223
f 3213 3279 3277
f 3272 3289 3288
f 3277 3212 3213
f 3228 3281 3231
f 3220 3253 3219
f 3219 3217 3257
f 3256 3222 3258
f 3247 3252 3248
f 3245 3232 3233
f 3266 3212 3289
f 3208 3255 3254
f 3288 3284 3285
f 3204 3208 3207
f 560 3187 559
f 3209 3201 3202
f 3189 3191 3190
f 448 807 447
f 647 122 270
f 1833 1780 1832
f 510 508 507
f 3210 1887 3201
f 1887 3200 3201
f 15 3197 3200
f 16 3195 3197
f 3195 3187 3194
f 3194 1899 3207
f 3207 375 3204
f 387 126 127
f 3189 1760 3287
f 3577 757 758
f 763 2172 2175
f 3583 3580 3581
f 3581 3579 3578
f 3594 3596 3595
f 3400 3602 3401
f 3626 3625 3627
f 3631 3599 3601
f 3636 3595 3596
f 3647 3588 3645
f 3650 3584 3647
f 3653 3580 3651
f 3653 3654 3579
f 1801 3656 3655
f 3651 3582 3650
f 3644 3595 3637
f 1767 3659 3660
f 1597 3661 1600
f 1708 3665 3664
f 3671 3667 3666
f 3666 3673 3672
f 1588 3664 1587
f 2080 3666 2082
f 2082 3672 2084
f 3674 3635 3631
f 3677 3636 3635
f 3682 3645 3681
f 3692 3650 3686
f 3681 3644 3680
f 786 3692 785
f 3694 3651 3692
f 785 3686 497
f 497 3682 650
f 650 3681 564
f 3696 3681 3680
f 3405 3605 3402
f 3702 3678 3677
f 3699 3679 3678
f 3645 3638 3644
f 1799 3659 1768
f 3708 3458 3460
f 3462 3708 3460
f 3714 564 3696
f 3615 3602 3600
f 3710 3696 3698
f 3635 3596 3599
f 3629 3627 3630
f 3597 3599 3596
f 3630 3715 3629
f 3627 3597 3594
f 3717 3723 3718
f 3715 3660 3629
f 3716 3725 3715
f 3668 3661 3725
f 3668 3717 3667
f 3667 3718 3673
f 3727 3673 3718
f 3728 3672 3673
f 3726 3718 3723
f 1576 2084 3672
f 3727 3731 3729
f 3203 1387 3190
f 3190 1791 3189
f 3283 1949 3210
f 317 259 391
f 2000 3653 3694
f 3601 3600 3602
f 3589 3584 3585
f 3577 756 2170
f 3585 3582 3583
f 3678 3637 3636
f 3204 376 3203
f 1801 3657 1799
f 3729 3728 3727
f 1575 3738 1088
f 3735 1576 3728
f 1776 1796 1775
f 1293 1290 1284
f 1326 1327 12
f 1294 1234 1290
f 878 1330 1337
f 497 374 498
f 122 413 121
f 3699 3704 3708
f 3606 3401 3602
f 3708 3698 3699
f 3464 3710 3462
f 3704 3443 3458
f 439 399 438
f 1512 1526 1511
f 1668 1738 1671
f 839 1362 838
f 1362 826 1012
f 3843 1896 3815
f 2053 2118 2117
f 3888 2120 2119
f 696 3816 3831
f 1826 639 640
f 3740 3729 3731
f 956 886 960
f 1980 1922 807
f 33 105 164
f 1343 3856 3857
f 3907 2128 3902
f 1766 1582 1594
f 14 2163 738
f 595 99 594
f 3233 3246 3245
f 1346 1044 1352
f 748 1425 747
f 3193 3254 3268
f 3190 3206 3203
f 3612 3606 3615
f 3624 3615 3625
f 3631 3443 3674
f 3679 3644 3637
f 3686 3647 3682
f 3702 3674 3704
f 3625 3600 3597
f 3601 3415 3631
f 3739 3735 3729
f 3630 3594 3741
f 3741 3716 3630
f 1284 1288 1285
f 3698 3680 3679
f 1778 1780 1779
f 1792 1584 1789
f 695 571 694
f 3638 3594 3595
f 3741 3588 3589
f 3247 3209 3202
f 3292 3294 3295
f 3296 3298 3299
f 3299 3300 3301
f 3302 3304 3305
f 3306 3308 3309
f 3307 3311 3308
f 3303 3301 3300
f 3312 3304 3313
f 3314 3316 3317
f 3318 3320 3321
f 3324 3321 3325
f 3326 3328 3323
f 3329 3331 3332
f 3333 3335 3336
f 3337 3339 3340
f 3333 3341 3342
f 3342 3343 3344
f 3319 3344 3343
f 3338 3334 3339
f 3346 3302 3347
f 3305 3347 3302
f 3312 3223 3349
f 3350 3340 3351
f 3312 3348 3305
f 3352 3341 3326
f 3311 3354 3308
f 3341 3327 3326
f 3359 3361 3362
f 3360 3250 3249
f 3318 3345 3319
f 3364 3318 3324
f 3314 3324 3365
f 3366 3301 3346
f 3299 3367 3296
f 3308 3368 3309
f 3369 3295 3294
f 3317 3364 3314
f 3370 3317 3316
f 3325 3365 3324
f 3352 3319 3343
f 3296 3353 3311
f 3297 3311 3310
f 3363 3354 3345
f 3345 3353 3344
f 3344 3367 3342
f 3366 3342 3367
f 3347 3334 3346
f 3339 3348 3340
f 3348 3351 3340
f 3363 3369 3368
f 3294 3368 3369
f 3293 3309 3294
f 3331 3374 3332
f 3346 3333 3366
f 3323 3352 3326
f 3356 3321 3320
f 3355 3325 3321
f 3357 3371 3325
f 3322 3320 3352
f 3361 3329 3362
f 3373 3375 3374
f 3374 3376 3332
f 3329 3376 3362
f 3327 3372 3328
f 3336 3375 3327
f 3335 3376 3375
f 3376 3337 3362
f 3337 3359 3362
f 3359 3276 3250
f 3377 3295 3370
f 3277 3315 3278
f 3371 3379 3365
f 3378 3358 3380
f 3365 3315 3314
f 3316 3279 3370
f 3282 3370 3279
f 3313 3224 3312
f 3378 3284 3379
f 3380 3285 3378
f 3379 3278 3315
f 3276 3351 3291
f 3291 3349 3223
f 3313 2965 3013
f 2965 3303 222
f 222 3300 223
f 223 3298 3186
f 3298 3185 3186
f 3297 2977 3185
f 3310 1213 2977
f 3307 1214 1213
f 2532 3306 3293
f 2894 3293 3292
f 2871 3292 3377
f 3253 3240 3242
f 3283 3013 2152
f 1997 1889 1892
f 1237 744 855
f 1535 120 121
f 1531 201 214
f 1119 1032 984
f 946 824 947
f 163 5 162
f 3589 3723 3741
f 1155 1162 1164
f 427 327 424
f 553 796 498
f 3381 2231 2237
f 3381 2230 2232
f 2237 3180 3381
f 3383 3385 3382
f 3384 3387 3385
f 3386 3389 3387
f 3388 3391 3389
f 3392 3394 3395
f 3395 3396 3397
f 3398 3397 3396
f 3400 3399 3398
f 3403 3405 3402
f 3406 3404 3403
f 3408 3407 3406
f 3410 3409 3408
f 3412 3411 3410
f 3415 3398 3414
f 3414 3396 3416
f 3416 3394 3417
f 3417 3393 3418
f 3393 3420 3418
f 3419 3421 3420
f 3390 3422 3421
f 3388 3423 3422
f 3386 3424 3423
f 3384 3425 3424
f 3425 3426 3184
f 2904 3428 2947
f 3429 2904 2902
f 3430 2902 2876
f 2875 3430 2876
f 3432 2733 2736
f 2825 3435 2824
f 3437 3439 3436
f 3441 3436 3440
f 2724 3434 2825
f 3436 3115 3117
f 3440 3117 3119
f 3443 3414 3442
f 3442 3416 3444
f 3444 3417 3445
f 3445 3418 3446
f 3446 3420 3447
f 3420 3448 3447
f 3421 3449 3448
f 3422 3450 3449
f 3423 3451 3450
f 3424 3452 3451
f 3425 3056 3452
f 3451 2253 2252
f 3450 2252 1727
f 3449 1727 2150
f 3448 2150 1941
f 3453 3448 1941
f 3454 3447 3453
f 3455 3446 3454
f 3456 3445 3455
f 3442 3456 3457
f 3443 3457 3458
f 3459 3458 3457
f 3457 3455 3459
f 3459 3454 3461
f 3462 3459 3461
f 3461 3453 3463
f 3464 3461 3463
f 3463 1941 1360
f 3404 3401 3405
f 3407 3399 3404
f 3409 3397 3407
f 3411 3395 3409
f 3465 3413 3412
f 3467 3469 3466
f 3465 3431 3433
f 3470 3466 3465
f 3438 3432 3435
f 3467 3438 3437
f 3468 3437 3441
f 3471 3468 3472
f 3472 3441 3473
f 3473 3440 2712
f 2712 3119 3128
f 3475 3472 3474
f 3474 3473 3476
f 3476 2712 2711
f 3477 2711 2400
f 3478 3476 3477
f 3479 3474 3478
f 3392 3413 3480
f 3466 3480 3413
f 3419 3392 3480
f 3390 3480 3391
f 3469 3391 3480
f 3389 3471 3475
f 3387 3475 3479
f 3385 3479 3481
f 3482 2400 2402
f 3483 3477 3482
f 3481 3478 3483
f 3484 2402 2707
f 3058 2707 2708
f 3061 3484 3058
f 3485 3482 3484
f 3382 3481 3486
f 3486 3483 3485
f 3426 3382 3487
f 3487 3486 1962
f 3486 3061 1962
f 1961 3487 1962
f 3057 3426 3487
f 3428 3402 3488
f 3427 3403 3428
f 3429 3406 3427
f 3430 3408 3429
f 3431 3410 3430
f 3470 3433 3432
f 3434 3438 3435
f 2723 3439 3434
f 2875 3433 3431
f 2736 3435 3432
f 2947 3488 3500
f 3464 1360 3497
f 1900 1924 1901
f 1736 1718 1750
f 1955 1943 1956
f 1671 1735 1751
f 1696 1698 1692
f 1800 1864 1801
f 2063 2056 2060
f 1737 1717 1736
f 1751 1697 1695
f 943 3899 684
f 3656 3402 3605
f 1577 1764 1703
f 3917 1599 3923
f 1945 82 1944
f 68 7 248
f 147 1543 148
f 1109 1133 1102
f 1503 1907 1908
f 1499 1909 1498
f 452 735 215
f 1824 3835 3845
f 1825 2068 1824
f 1463 1022 1194
f 841 1009 1011
f 1568 1955 1534
f 1926 1927 1923
f 1910 1502 1939
f 1939 422 442
f 309 1940 308
f 1804 1866 1803
f 269 1954 56
f 2065 2060 2056
f 3812 1758 3835
f 280 552 1940
f 1875 1869 1874
f 1739 1734 1737
f 1778 1790 1788
f 310 1915 279
f 1909 1906 1954
f 1789 1778 1788
f 978 980 979
f 1584 1731 1583
f 425 311 312
f 148 115 116
f 2044 3894 2046
f 277 1939 551
f 1943 1945 1944
f 1461 1463 1464
f 2253 3056 3055
f 2981 3489 958
f 2209 3489 3055
f 2254 3055 3489
f 2998 958 3489
f 2826 2721 2724
f 3490 2721 2817
f 2816 3490 2817
f 2334 2296 2335
f 2298 2334 2336
f 2301 2336 2338
f 2311 2338 2354
f 2312 2354 2355
f 2359 2361 2360
f 2335 2359 2360
f 2414 2365 2364
f 2413 2361 2365
f 2355 2540 2541
f 2541 2539 2542
f 2722 2739 2738
f 3114 2738 3113
f 3110 3121 3120
f 3108 3120 3113
f 3122 3127 3126
f 3112 3126 3121
f 3127 1753 3135
f 3139 2529 2542
f 3744 3133 3139
f 3490 2740 2739
f 3491 2789 3490
f 228 91 88
f 245 243 242
f 248 247 191
f 2 296 295
f 145 300 267
f 327 210 328
f 329 331 330
f 250 228 236
f 239 240 230
f 373 375 374
f 178 176 175
f 1218 1228 1321
f 3862 1295 3854
f 808 824 823
f 3858 1013 1014
f 3813 1411 1413
f 2154 2159 2160
f 3845 1758 1757
f 306 1922 452
f 2157 1976 1977
f 708 2031 1474
f 1450 1227 1428
f 1672 1605 1624
f 1813 1821 1816
f 1717 1715 1718
f 176 402 347
f 1710 3916 3915
f 1712 1577 1711
f 1705 1711 1704
f 971 979 970
f 822 1094 1102
f 2909 2793 2792
f 2810 2795 2793
f 2799 2249 2800
f 3662 2910 2799
f 2769 2801 2795
f 3177 3178 3179
f 3178 3180 3179
f 3181 1393 2800
f 3181 1632 3182
f 3182 2244 3183
f 3183 2243 3180
f 3492 2790 3491
f 2808 3491 2816
f 2239 3572 2240
f 1149 3571 3570
f 1150 3567 3571
f 2202 3566 2015
f 2921 3565 2923
f 3568 2133 2928
f 1777 1759 1792
f 1201 1183 1184
f 3561 2195 2194
f 3553 2770 2768
f 3927 1687 1692
f 1516 154 503
f 3549 2974 2803
f 3550 2779 2778
f 2771 3575 3546
f 3070 3546 3558
f 3547 2775 2867
f 1376 1370 1372
f 2767 3556 2206
f 2195 3543 2767
f 2775 3542 2776
f 3377 3545 2871
f 3804 3539 2806
f 2776 3538 2805
f 2240 3535 2920
f 2920 3669 3619
f 3548 2786 2779
f 1805 1851 1804
f 3534 2787 2786
f 2951 3540 3531
f 2772 3531 3575
f 2973 3530 3536
f 2224 3537 3530
f 1957 320 510
f 306 304 303
f 2770 3528 2913
f 2913 3574 2239
f 2923 3527 2922
f 308 431 47
f 207 132 543
f 1879 1881 1880
f 3733 3525 2089
f 2475 3558 3524
f 2476 3524 3523
f 2223 3523 3537
f 3522 2803 2802
f 2037 11 1950
f 1959 450 505
f 2003 3520 2129
f 9 334 540
f 2009 3518 3567
f 2008 3536 3518
f 3877 673 3879
f 3515 2778 2784
f 2935 3513 2936
f 111 3570 3511
f 3510 2935 2938
f 683 3885 943
f 3508 2810 2909
f 736 732 729
f 1795 1803 1796
f 3505 2938 2939
f 3507 2939 2940
f 2950 3504 2949
f 2940 3504 3507
f 3801 3512 2950
f 2868 3502 2869
f 2869 3522 2802
f 1024 1023 1020
f 3500 2948 2947
f 551 442 443
f 2972 3568 2928
f 2032 3499 2972
f 216 1924 1923
f 203 201 200
f 1828 1847 1837
f 1958 449 450
f 272 178 175
f 2871 3495 1361
f 3619 3564 2921
f 2801 3643 3662
f 2005 3654 2176
f 960 899 962
f 3657 3612 3624
f 3780 3646 3151
f 3151 3593 2555
f 2193 3623 2194
f 3607 3145 3144
f 3603 2761 3145
f 3592 3144 3104
f 2926 3634 3103
f 3634 3104 3103
f 3755 3746 3753
f 566 3758 2005
f 3488 1864 3500
f 1602 2079 2078
f 2868 3611 2922
f 2922 3610 2923
f 2923 3618 2921
f 3670 2918 3614
f 3619 3614 2920
f 2921 3670 3619
f 2920 3586 2240
f 3613 2915 2918
f 2917 3622 3641
f 2916 3641 3642
f 2239 3652 2913
f 2911 3652 2757
f 3643 2911 2910
f 2797 3662 3591
f 2797 3598 2750
f 3622 2763 2765
f 3608 2764 2745
f 2194 3648 2221
f 2221 3649 2222
f 2756 3609 2755
f 2750 3609 2747
f 3669 1817 3827
f 3763 1691 1699
f 2515 3590 2548
f 2548 3593 2550
f 2513 3632 3616
f 2513 3621 2515
f 2509 3620 2289
f 2510 3633 2509
f 2289 3639 2283
f 2283 3617 2286
f 2240 3587 2239
f 3659 3624 3626
f 716 3887 3888
f 727 3761 1923
f 2165 2170 2164
f 3660 3626 3629
f 3743 3578 3757
f 2175 769 770
f 2100 2095 2099
f 3758 3757 3578
f 640 3568 1826
f 1653 3553 1651
f 1895 3530 746
f 746 3537 741
f 1653 3528 3576
f 3762 1604 1672
f 2093 2073 2078
f 959 995 884
f 962 919 986
f 1400 1398 1399
f 1000 1127 1004
f 956 884 885
f 1662 3550 1661
f 2034 3546 1654
f 3926 3539 3802
f 3535 766 1817
f 3572 765 766
f 334 3571 335
f 1868 3540 1656
f 1684 1652 1678
f 1682 775 1807
f 1585 3762 1700
f 3763 1672 1673
f 2173 490 491
f 1658 3547 1752
f 3556 1650 724
f 1571 2010 1572
f 1587 3671 2080
f 2099 2077 2094
f 787 1999 786
f 2000 786 1999
f 3155 3697 3683
f 3713 3683 3789
f 2180 3685 3684
f 3496 3684 3705
f 1684 3840 1651
f 1760 3495 3545
f 2607 3693 2590
f 2581 3689 2607
f 2371 3700 3695
f 2371 3693 2372
f 2587 3675 2586
f 2586 3697 339
f 2497 3687 2503
f 2502 3687 3700
f 2494 3690 2495
f 3690 2472 2495
f 3688 2468 2472
f 3701 2469 2468
f 726 3892 630
f 581 3518 580
f 10 3570 334
f 1837 3510 1849
f 741 3523 1300
f 1299 3558 2034
f 1851 3504 1866
f 3527 1820 1819
f 580 3536 1895
f 1758 3522 3502
f 1693 3508 1806
f 3504 1867 1866
f 1894 3568 3499
f 2126 3813 3841
f 3906 3841 3912
f 2113 3867 2110
f 2179 3789 3685
f 624 3904 623
f 2192 3788 3780
f 2177 3787 3733
f 1364 3833 1338
f 3858 1470 1453
f 3135 3775 3744
f 2069 3835 2068
f 1351 3853 1352
f 2108 3901 499
f 2089 3736 3733
f 3828 1358 866
f 2001 3783 2187
f 2187 3719 2091
f 2130 3752 2004
f 2004 3749 2001
f 2014 3779 2201
f 2201 3756 2130
f 3167 3759 2969
f 3168 3720 3167
f 3159 3764 3160
f 3160 3765 3081
f 3730 3158 337
f 3158 3709 3159
f 2200 3730 3722
f 3685 3742 2204
f 3722 2197 2200
f 3790 2092 3721
f 3774 3721 2197
f 3154 3790 3774
f 3155 3706 3154
f 2091 3721 2092
f 2196 3750 3776
f 2193 3776 3781
f 3604 3781 3788
f 2086 3780 3778
f 2087 3778 3777
f 2204 3751 2205
f 2205 3750 3148
f 3909 574 692
f 2124 3777 3760
f 2208 3760 3782
f 3711 3140 3137
f 3785 3138 3140
f 3745 3139 3138
f 3771 3136 2322
f 3712 3137 3136
f 3775 3131 3133
f 3767 3132 3131
f 1813 3838 1814
f 1293 3856 1344
f 2184 3748 3732
f 2181 3732 3734
f 3765 3079 3081
f 3768 3080 3079
f 709 3875 2031
f 2774 3737 3769
f 3786 2134 3559
f 3809 766 765
f 2968 3766 2959
f 2969 3784 2968
f 2958 3737 2961
f 2132 3766 2960
f 2321 3771 3748
f 3860 1449 28
f 3905 582 710
f 3886 577 574
f 3847 1818 3827
f 705 3887 2121
f 3816 3907 698
f 2111 3911 2113
f 3810 1366 1411
f 1812 3822 1815
f 675 3852 674
f 3496 3851 675
f 2110 3868 2109
f 2104 3901 2106
f 2109 3899 944
f 3842 703 739
f 1680 3846 1684
f 1639 3819 3818
f 623 3906 697
f 2139 3866 3865
f 1808 3844 3837
f 3820 1819 1820
f 3872 3900 706
f 1646 3830 1648
f 3889 633 577
f 2139 3875 18
f 2156 3871 3874
f 674 3913 3869
f 2117 3812 2069
f 1815 3847 3823
f 3855 1444 1470
f 697 3912 3816
f 866 3836 3828
f 3864 2136 2135
f 3585 3726 3589
f 3583 3731 3585
f 3753 3738 3739
f 3740 3581 3743
f 1088 3746 1093
f 3739 3743 3753
f 2791 3493 2792
f 3492 2807 3493
f 2792 3494 2909
f 3493 2806 3494
f 3508 3494 3516
f 3516 2806 3539
f 2948 3791 3801
f 2105 3896 2104
f 3538 3804 2805
f 680 3876 683
f 1891 3910 3891
f 2905 3801 2950
f 2900 3799 2905
f 2901 3807 2877
f 2734 3806 3794
f 2877 3806 2878
f 2820 3794 2872
f 2818 3792 2827
f 2823 3792 2826
f 2822 3798 2821
f 2819 3800 3798
f 2817 3795 2816
f 2809 3795 2815
f 2808 3803 2807
f 2805 3803 2804
f 1702 3923 1599
f 3922 1797 1802
f 3915 1706 1709
f 3918 1692 1698
f 1657 3880 1879
f 1890 3895 3910
f 3772 1674 1675
f 1689 3772 3773
f 3926 3538 1688
f 3516 1689 3773
f 3917 1703 1764
f 1598 3928 1770
f 3880 1876 1879
f 1691 3925 3927
f 3925 1688 1687
f 1117 1118 3930
f 1066 1322 3930
f 1243 847 3930
f 3825 848 3930
f 1128 1117 3930
f 1129 1130 3930
f 841 1011 3930
f 1230 3863 3930
f 1242 1243 3930
f 1322 1229 3930
f 1064 1065 3930
f 1003 1128 3930
f 1229 1230 3930
f 3863 1285 3930
f 1285 1288 3930
f 848 839 3930
f 847 3825 3930
f 1118 1129 3930
f 1065 1066 3930
f 1087 1086 3930
f 1008 1002 3930
f 1011 1008 3930
f 1002 1003 3930
f 1076 1069 3930
f 838 841 3930
f 839 838 3930
f 1288 1242 3930
f 1130 1087 3930
f 1086 1076 3930
f 1069 1064 3930
f 2410 2414 3931
f 2411 2410 3931
f 3617 2285 3931
f 2394 2393 3931
f 2393 2396 3931
f 2281 2286 3931
f 2282 2280 3931
f 2398 2399 3931
f 2465 2464 3931
f 2396 2397 3931
f 2470 2469 3931
f 2399 2416 3931
f 2480 2395 3931
f 2459 2480 3931
f 2369 2282 3931
f 2460 2459 3931
f 2415 2411 3931
f 2416 2415 3931
f 2364 2363 3931
f 2286 3617 3931
f 2464 2470 3931
f 2469 3703 3931
f 2285 2465 3931
f 2414 2364 3931
f 2395 2394 3931
f 2363 2367 3931
f 2397 2398 3931
f 2280 2281 3931
f 3703 2460 3931
f 2367 2369 3931
f 4 3 2
f 8 7 6
f 13 16 15
f 17 28 19
f 32 31 30
f 36 35 34
f 37 40 39
f 21 22 23
f 25 26 27
f 41 44 43
f 48 47 46
f 52 51 50
f 53 56 55
f 60 59 58
f 29 30 62
f 66 65 64
f 67 5 6
f 72 71 70
f 76 75 74
f 77 80 79
f 81 84 83
f 59 87 86
f 88 91 90
f 96 95 94
f 100 99 98
f 101 104 103
f 106 105 34
f 108 116 115
f 117 119 36
f 124 127 126
f 131 130 129
f 132 102 134
f 142 141 140
f 148 106 60
f 144 143 127
f 149 152 151
f 156 155 154
f 159 150 158
f 116 108 164
f 171 170 169
f 174 126 173
f 179 182 181
f 186 189 188
f 194 197 196
f 199 142 139
f 206 209 208
f 213 212 211
f 202 215 214
f 96 93 216
f 92 238 43
f 97 184 246
f 250 249 229
f 252 254 58
f 258 257 256
f 260 91 229
f 110 111 112
f 114 264 263
f 265 268 267
f 56 53 270
f 274 273 249
f 185 183 63
f 280 279 278
f 285 284 283
f 288 219 211
f 141 142 92
f 289 290 175
f 148 116 105
f 312 311 170
f 238 262 42
f 318 163 160
f 310 309 308
f 241 239 325
f 160 230 240
f 47 48 307
f 108 109 315
f 345 85 86
f 348 351 350
f 356 359 358
f 355 354 353
f 363 31 32
f 364 252 253
f 366 125 368
f 183 372 371
f 163 162 161
f 209 226 101
f 378 377 165
f 379 295 381
f 383 382 3
f 284 285 386
f 387 127 389
f 391 259 229
f 73 281 397
f 405 408 407
f 203 218 411
f 414 121 413
f 1 356 357
f 277 276 131
f 254 344 57
f 358 384 415
f 417 416 386
f 401 400 192
f 419 389 127
f 421 181 182
f 103 301 302
f 428 367 368
f 380 390 359
f 62 204 266
f 140 141 431
f 357 358 351
f 356 1 379
f 415 392 403
f 437 428 436
f 438 441 440
f 188 451 450
f 265 455 181
f 224 185 64
f 237 212 213
f 275 131 128
f 281 282 460
f 50 462 79
f 73 74 282
f 468 467 466
f 390 355 352
f 482 485 484
f 489 488 487
f 493 496 495
f 472 471 470
f 502 501 500
f 220 221 222
f 512 419 143
f 518 517 511
f 513 239 230
f 205 30 31
f 189 370 451
f 163 318 532
f 533 224 225
f 446 448 447
f 335 541 540
f 544 512 546
f 329 519 291
f 199 534 262
f 385 386 416
f 532 190 191
f 363 117 118
f 578 581 580
f 573 572 571
f 561 563 562
f 241 260 259
f 590 593 592
f 545 546 595
f 503 154 155
f 606 625 624
f 478 481 480
f 646 649 648
f 590 591 689
f 564 565 651
f 728 246 184
f 714 724 716
f 692 574 575
f 541 335 581
f 346 68 248
f 161 231 230
f 128 129 94
f 698 705 704
f 574 577 576
f 290 289 401
f 630 631 725
f 733 736 735
f 755 466 496
f 759 480 481
f 757 763 762
f 764 496 466
f 768 767 3808
f 759 760 488
f 492 474 475
f 474 770 769
f 773 468 465
f 771 774 486
f 484 485 775
f 774 776 489
f 495 496 764
f 495 757 761
f 137 397 784
f 325 239 797
f 165 519 51
f 369 32 29
f 730 731 568
f 90 302 301
f 243 118 516
f 800 734 806
f 817 815 808
f 816 808 823
f 306 303 447
f 815 810 809
f 829 830 828
f 726 725 501
f 274 427 424
f 879 882 881
f 884 883 879
f 219 218 217
f 906 905 904
f 455 204 205
f 898 882 830
f 903 900 880
f 377 291 519
f 923 949 948
f 946 947 951
f 3519 740 739
f 900 899 886
f 225 64 65
f 182 445 442
f 809 952 947
f 954 960 962
f 927 950 965
f 885 879 880
f 925 927 966
f 343 342 341
f 965 964 971
f 968 971 970
f 972 968 969
f 963 961 981
f 336 337 338
f 992 993 827
f 810 815 996
f 1007 1001 1002
f 1012 826 827
f 1011 1009 1007
f 294 293 292
f 907 908 920
f 1017 579 1019
f 1020 1023 1022
f 1035 1024 1020
f 1061 1060 1047
f 1063 1061 1046
f 1044 1020 1021
f 1102 1094 1097
f 1116 1126 1118
f 1016 1015 1014
f 881 897 904
f 816 1116 1127
f 1094 948 949
f 514 342 167
f 146 145 81
f 1133 1135 1130
f 1102 1133 1126
f 822 1126 1116
f 1145 1143 1148
f 1076 1144 1151
f 1148 1143 1086
f 1109 1097 1114
f 1154 1153 1156
f 1153 925 967
f 3464 3497 463
f 1144 1147 1152
f 1156 967 1163
f 1164 1162 1169
f 1145 1171 1176
f 1114 1115 1154
f 1183 1155 1164
f 1184 1183 1177
f 1069 1151 1062
f 1023 1191 1194
f 1162 1163 1170
f 1195 1184 1185
f 1183 1196 1176
f 1201 1063 1152
f 1061 1063 1201
f 3825 847 843
f 1203 1202 1195
f 1202 1201 1184
f 1218 1060 1203
f 1060 1061 1202
f 1225 1218 1217
f 671 695 694
f 1219 1217 1024
f 1217 1203 1034
f 1226 1014 1015
f 1243 1242 1234
f 1231 1230 1229
f 847 1243 1233
f 843 1233 1244
f 1233 1234 1245
f 1923 3761 233
f 2100 2108 499
f 3914 3864 2135
f 61 62 323
f 210 211 217
f 1299 1310 1309
f 3863 1230 1231
f 1066 1047 1321
f 1322 1321 1228
f 1060 1218 1321
f 1325 1324 1323
f 1244 1245 1332
f 1290 1234 1242
f 1337 1330 1339
f 1330 1332 1340
f 1341 1332 1245
f 1342 1340 1332
f 1343 1342 1341
f 1344 1341 1294
f 3857 3856 1345
f 1347 1348 1342
f 3856 3854 1295
f 1349 1350 1348
f 3861 1349 1347
f 3853 1347 1343
f 906 898 829
f 905 906 1353
f 865 1356 1355
f 1355 1353 829
f 1357 1355 825
f 1356 1354 1353
f 3834 1337 1338
f 866 1358 1356
f 1358 1359 1354
f 3828 878 1337
f 838 1362 1012
f 1363 1364 1338
f 1368 1363 1339
f 1348 1368 1340
f 1371 1369 3824
f 524 525 526
f 528 529 530
f 1372 1370 1369
f 535 536 537
f 1367 1368 1348
f 1370 1354 1359
f 1369 1359 3833
f 1373 910 903
f 555 556 557
f 1374 909 910
f 1373 904 905
f 1374 1373 1375
f 1375 905 1354
f 1378 920 908
f 376 373 651
f 1388 928 973
f 586 587 588
f 1390 1389 1388
f 1391 1388 969
f 597 598 599
f 600 601 602
f 1392 1391 970
f 608 609 610
f 612 524 523
f 614 615 616
f 617 618 25
f 620 621 622
f 1397 1390 1391
f 1398 1397 1392
f 1400 987 920
f 1402 1403 1165
f 636 637 638
f 930 1404 1402
f 641 642 643
f 929 1402 1169
f 1404 1405 1403
f 1411 1366 1365
f 1412 1406 1415
f 652 653 654
f 609 656 657
f 659 660 661
f 558 663 586
f 665 666 667
f 1413 1411 1406
f 1418 1416 3810
f 1417 1372 1371
f 1416 1371 3829
f 1419 1417 1416
f 1386 909 1374
f 677 678 679
f 1385 1386 1420
f 1420 1374 1376
f 685 686 687
f 1421 1420 1422
f 528 690 691
f 1422 1376 1372
f 1018 1019 747
f 699 700 701
f 1424 578 579
f 3663 1597 1767
f 700 699 711
f 1093 3746 3754
f 717 718 530
f 721 722 723
f 704 1650 3543
f 19 1429 1426
f 1429 1428 1427
f 1658 1659 3542
f 1439 1437 1434
f 1437 1436 1435
f 1426 1427 1433
f 1442 1431 1432
f 742 743 744
f 1432 1433 1441
f 751 752 753
f 1438 1434 1403
f 1446 1445 1444
f 1447 1448 1446
f 3860 1447 1443
f 1415 1367 1445
f 1414 1415 1446
f 2173 1683 469
f 777 778 779
f 780 781 782
f 1676 1693 1806
f 3859 1451 1349
f 789 790 791
f 745 792 793
f 652 794 795
f 1455 1458 1457
f 1454 1367 1350
f 610 691 802
f 3831 3816 698
f 1352 1044 1045
f 1015 1016 1459
f 811 812 813
f 2118 3815 3817
f 819 820 821
f 1466 1463 1194
f 1467 1468 1465
f 1182 1165 1468
f 832 812 833
f 835 836 837
f 1467 1466 1190
f 1469 1470 1444
f 840 700 712
f 1453 1470 1469
f 599 844 845
f 1226 1450 3849
f 851 852 853
f 855 744 856
f 858 859 860
f 861 862 863
f 1014 1226 3855
f 867 676 868
f 870 871 872
f 874 875 876
f 1310 1323 1471
f 1476 1433 1427
f 1461 1476 1475
f 887 888 889
f 788 791 892
f 894 895 896
f 1460 1475 1227
f 901 902 524
f 1465 1478 1477
f 1865 3503 3500
f 911 912 913
f 916 917 918
f 1850 3505 3507
f 921 922 895
f 1479 1435 1436
f 926 664 667
f 1481 562 563
f 269 1483 84
f 931 932 933
f 934 935 614
f 936 685 688
f 938 659 662
f 1484 270 122
f 941 942 835
f 320 321 509
f 1849 3510 3505
f 84 1483 1484
f 1487 1490 1488
f 1757 1758 3502
f 365 1492 1491
f 461 79 80
f 117 363 362
f 1494 540 541
f 926 601 957
f 1477 1441 1433
f 1709 1588 1585
f 119 117 1496
f 271 1497 504
f 511 517 189
f 345 1496 1492
f 57 344 299
f 1501 1499 268
f 267 268 1499
f 974 975 976
f 1678 1652 1693
f 3846 1682 1807
f 557 982 663
f 983 941 984
f 1443 1444 3849
f 421 1500 268
f 989 990 991
f 1490 1487 418
f 279 280 309
f 997 868 676
f 998 26 999
f 1504 418 38
f 1506 1508 1507
f 360 361 1508
f 1506 1486 207
f 939 1005 1006
f 270 1484 1483
f 66 63 546
f 1010 742 793
f 367 428 437
f 244 31 363
f 1670 3532 3534
f 209 206 1510
f 388 389 426
f 427 274 250
f 161 520 521
f 100 246 45
f 1025 1026 608
f 1029 1030 1031
f 939 662 1033
f 41 42 594
f 1036 780 783
f 702 701 1038
f 1040 1041 1042
f 362 32 369
f 187 1520 477
f 70 1487 539
f 1049 600 603
f 613 867 869
f 860 1050 1051
f 1005 1052 1053
f 753 1055 1056
f 1057 1058 1059
f 293 288 1522
f 288 212 1521
f 292 1522 1523
f 331 1507 1508
f 306 452 453
f 100 44 41
f 462 1524 78
f 330 331 1524
f 635 1067 1068
f 1485 1527 1526
f 206 1485 1528
f 1070 1071 1072
f 942 941 1073
f 916 933 1075
f 440 1529 1530
f 157 158 1514
f 1529 162 5
f 371 595 546
f 790 586 663
f 1077 858 857
f 1403 1434 1435
f 1080 1081 1082
f 531 520 1529
f 21 1083 1084
f 272 1532 1531
f 690 712 802
f 335 3571 3567
f 1090 1030 1029
f 1092 795 794
f 1533 396 137
f 661 660 1095
f 69 444 445
f 1099 1100 1101
f 38 39 1536
f 1104 1105 1106
f 852 1107 1108
f 1377 908 909
f 291 377 411
f 316 1536 516
f 539 1488 1533
f 1505 1536 316
f 1110 1111 1112
f 1539 1537 460
f 522 441 1537
f 834 837 1120
f 1122 1123 1124
f 612 1125 1041
f 935 793 615
f 276 278 130
f 1686 3549 3522
f 193 190 1541
f 231 521 1540
f 556 1037 982
f 365 253 85
f 190 532 318
f 1810 765 3574
f 3924 1867 3512
f 1132 983 985
f 208 101 102
f 1134 1033 662
f 1491 518 80
f 429 133 1542
f 1137 1138 915
f 172 436 428
f 1139 1140 1141
f 549 96 54
f 1517 1519 1518
f 834 1119 984
f 1543 513 286
f 1544 797 239
f 133 134 1544
f 506 361 257
f 420 327 328
f 1158 1159 1160
f 587 1104 1103
f 607 1161 1027
f 304 1546 1545
f 364 1491 77
f 69 70 198
f 700 840 1112
f 3877 626 3525
f 1166 719 657
f 1167 1168 858
f 1300 3523 3524
f 1172 1173 1174
f 218 203 200
f 1179 1180 1181
f 372 183 97
f 89 104 227
f 1186 1187 1188
f 172 173 1517
f 1482 84 81
f 1090 1192 1193
f 394 395 353
f 526 525 1198
f 1199 1200 1026
f 606 623 697
f 1204 1205 1206
f 1207 1208 523
f 1209 1210 867
f 914 913 685
f 1478 1436 1441
f 1029 1028 1161
f 1211 1212 1213
f 3858 1453 1451
f 844 1215 1216
f 423 193 273
f 1220 1221 1222
f 22 1223 1224
f 882 898 897
f 1519 1517 173
f 1189 1188 1232
f 349 350 550
f 1071 1235 1236
f 1237 1238 1239
f 1221 1186 1189
f 1510 1528 1512
f 939 1032 1241
f 1556 1530 5
f 1553 1554 394
f 404 1556 67
f 1247 1248 1249
f 142 199 238
f 1251 1067 635
f 850 1252 1253
f 1254 1167 1077
f 57 132 133
f 443 430 552
f 1187 1172 1175
f 1256 1070 831
f 432 405 382
f 741 748 747
f 434 350 351
f 349 432 383
f 251 124 1481
f 395 384 352
f 1518 1519 1550
f 1558 410 378
f 109 263 314
f 285 1514 1513
f 395 394 393
f 202 203 410
f 417 408 405
f 1246 1257 1258
f 3 1559 297
f 1259 1260 1261
f 403 404 347
f 955 954 953
f 462 50 51
f 1096 1095 687
f 429 147 60
f 896 1264 1265
f 1267 721 1268
f 423 424 327
f 37 179 180
f 20 23 1187
f 1256 1168 1071
f 1188 1175 1269
f 1236 1270 1271
f 1272 536 535
f 565 564 463
f 1273 792 745
f 876 1254 1255
f 316 33 164
f 437 1516 503
f 194 1494 1495
f 1275 1276 864
f 624 625 631
f 1277 1274 1137
f 569 568 567
f 1481 124 125
f 324 325 547
f 1279 1108 1107
f 1525 332 329
f 1281 1278 1137
f 171 168 1553
f 1488 73 396
f 1557 1561 1562
f 1282 856 1206
f 1053 1277 1278
f 778 777 607
f 713 583 3566
f 251 225 144
f 4 357 348
f 709 708 707
f 728 48 45
f 261 135 1563
f 789 1286 1287
f 74 314 263
f 403 284 385
f 1178 1181 1240
f 1223 1259 1289
f 1220 20 1186
f 296 1518 354
f 784 459 1538
f 1181 1180 1291
f 1269 1292 1257
f 1566 1538 438
f 136 784 1566
f 1563 1564 169
f 107 114 109
f 1297 1282 1298
f 1464 1477 1476
f 1520 187 507
f 1301 1302 1303
f 1306 1307 1308
f 175 456 1532
f 1532 456 200
f 1311 1266 1312
f 872 1314 1315
f 3836 843 878
f 1305 1308 864
f 1040 1275 863
f 1564 1566 399
f 592 1576 1575
f 591 1575 1088
f 1581 1584 1583
f 1196 1152 1147
f 710 582 583
f 285 407 408
f 953 954 961
f 1594 1592 1589
f 1585 1588 1587
f 1592 1591 1590
f 3885 945 944
f 1600 1599 1598
f 1604 1603 1602
f 1399 1392 979
f 1589 1590 1596
f 1610 1609 1608
f 298 257 361
f 551 552 276
f 1627 1626 3814
f 859 811 818
f 1078 857 1328
f 1555 439 1530
f 572 573 680
f 772 465 776
f 977 1281 918
f 404 403 392
f 1054 1331 750
f 1644 1645 1643
f 932 1265 1082
f 1067 1333 1334
f 1540 1539 264
f 597 1335 643
f 471 761 762
f 1642 696 3831
f 1644 1642 3842
f 923 946 950
f 96 549 548
f 520 531 522
f 445 444 443
f 849 839 848
f 480 759 755
f 1646 760 481
f 311 426 1567
f 464 463 3497
f 3497 1360 1361
f 234 237 236
f 190 193 192
f 153 154 152
f 231 287 286
f 1552 1553 1551
f 760 1646 1648
f 3832 1647 1649
f 828 827 826
f 52 167 166
f 1663 1662 1661
f 287 107 115
f 668 671 670
f 634 645 640
f 553 560 559
f 118 36 33
f 492 484 491
f 3552 1652 1651
f 582 589 584
f 384 395 392
f 1381 1382 1383
f 1562 1561 435
f 952 953 951
f 3529 3566 583
f 1660 1661 1667
f 1394 1395 1396
f 1660 1665 1664
f 1671 1670 1669
f 1624 1625 1673
f 1407 1408 1409
f 1677 1676 1675
f 1613 1679 1677
f 1679 1678 1676
f 1626 1681 3811
f 534 199 198
f 803 733 734
f 400 248 191
f 65 66 143
f 3526 1657 1656
f 402 159 157
f 629 628 627
f 461 477 49
f 758 757 495
f 796 787 786
f 406 407 1513
f 342 343 166
f 1694 1659 1658
f 1692 1687 1694
f 3557 1693 1652
f 3921 1704 1703
f 326 547 302
f 3916 3921 1702
f 3919 3918 1698
f 1699 1691 3927
f 1557 406 1560
f 1127 1116 1117
f 400 401 289
f 1706 1702 1707
f 1707 1702 1599
f 1709 1706 1708
f 1714 1712 1711
f 3919 3915 1709
f 1704 1711 1577
f 1716 1714 1713
f 1559 1562 1549
f 1722 1721 1720
f 1335 597 596
f 410 411 377
f 973 1170 1163
f 168 169 399
f 1571 682 1089
f 1572 681 682
f 749 646 647
f 1730 1724 1723
f 1594 1582 1729
f 1729 1723 1591
f 1384 1378 1377
f 1732 1731 1712
f 1724 1730 1731
f 1722 1724 1732
f 1721 1722 1733
f 1734 1733 1716
f 1735 1737 1736
f 1733 1732 1714
f 1663 1664 1741
f 1742 1665 1740
f 1738 1739 1737
f 1665 1660 1666
f 1665 1742 1744
f 1725 1726 1746
f 1591 1725 1745
f 1590 1745 1747
f 1745 1746 1748
f 1659 1688 3538
f 3287 1760 3545
f 1185 1177 1182
f 1664 1744 1749
f 1741 1749 1739
f 1746 1742 1743
f 1726 1744 1742
f 1115 924 1153
f 1654 3546 3575
f 1896 3562 3549
f 1720 1749 1744
f 1721 1739 1749
f 1750 1718 1701
f 1697 1736 1750
f 1151 1152 1063
f 1751 1752 1670
f 1695 1658 1752
f 961 962 986
f 1770 1769 1768
f 1766 1594 1593
f 1731 1759 1579
f 1579 1777 1774
f 3928 1772 1771
f 1764 1772 3928
f 1777 1776 1775
f 3762 3763 1699
f 1004 1127 1128
f 1774 1775 1771
f 987 1400 1399
f 1578 1774 1772
f 1783 1782 1781
f 1597 1598 1770
f 639 1878 3895
f 3928 3929 1769
f 1793 1792 1789
f 3929 3920 1798
f 3508 3516 3773
f 1802 1867 3924
f 1788 1790 1794
f 1793 1794 1795
f 3773 3772 1675
f 1584 1581 1783
f 1771 1797 3920
f 1801 1799 1798
f 1768 1769 1798
f 1775 1796 1797
f 508 514 515
f 1796 1803 1802
f 1800 1798 3920
f 1794 1805 1804
f 3532 1670 1752
f 485 1808 1807
f 3809 3844 1640
f 3837 3844 1810
f 485 482 1640
f 1690 1691 3770
f 487 488 1648
f 3839 1813 1816
f 3838 1811 1648
f 3839 1812 1811
f 1812 1809 487
f 1641 1809 767
f 465 466 755
f 767 1815 3823
f 3822 1816 3826
f 1809 1812 1815
f 3837 1653 1651
f 675 672 3541
f 1814 1649 1822
f 1821 1822 3821
f 1824 1822 1649
f 1827 1849 1850
f 1668 1669 1662
f 1779 1780 1848
f 1790 1827 1805
f 1833 1836 1853
f 3521 3506 693
f 1614 1615 1616
f 1852 1853 3498
f 1620 1621 1622
f 1855 1765 1574
f 1847 1852 3501
f 1766 1765 1855
f 1629 1630 1631
f 1633 1622 1634
f 1635 1636 1637
f 1848 1833 1852
f 1855 1861 1863
f 1803 1866 1867
f 1862 1863 1831
f 1782 1855 1862
f 3922 3924 1865
f 1873 1872 1870
f 1874 1869 799
f 2045 3878 3897
f 1219 1345 1295
f 1615 1614 1396
f 3884 3895 1877
f 645 3898 3786
f 1345 1219 1035
f 634 639 3884
f 15 1887 1327
f 3910 3895 1878
f 1894 604 605
f 3506 3551 627
f 3560 640 645
f 340 341 454
f 1897 194 195
f 1889 1882 1877
f 1901 94 129
f 196 749 754
f 1705 1704 3921
f 340 378 166
f 1570 1480 563
f 1904 1494 194
f 1781 1862 1832
f 1905 549 55
f 1000 994 995
f 986 919 920
f 1191 1185 1190
f 2094 2077 2075
f 1920 1921 1919
f 453 454 1912
f 1915 1919 1918
f 3882 2112 2106
f 1655 3575 3531
f 1916 1918 1926
f 704 3554 3561
f 278 1916 1925
f 3565 3564 1818
f 1097 949 1115
f 1927 1928 727
f 3578 3579 3654
f 1920 310 307
f 1929 307 48
f 503 504 1497
f 1902 1903 787
f 1816 1821 3820
f 1925 1926 1923
f 1535 1569 1568
f 254 252 258
f 1509 1497 366
f 119 86 35
f 219 288 293
f 141 46 47
f 542 205 244
f 1940 552 430
f 1779 1828 1827
f 1701 1710 3915
f 1661 3550 3515
f 270 53 754
f 197 1947 749
f 1727 1728 1212
f 53 54 232
f 1465 1468 1479
f 1284 3862 3854
f 1951 446 412
f 168 398 1554
f 1486 1485 206
f 506 77 78
f 994 1001 1007
f 951 953 963
f 1013 3859 3861
f 3826 3820 1820
f 1498 1909 1954
f 299 298 543
f 1754 1755 1756
f 1681 469 1683
f 1696 1694 1695
f 13 14 738
f 473 476 475
f 482 1641 768
f 204 62 30
f 1761 1762 820
f 611 1763 1125
f 1501 1503 1908
f 1074 1073 711
f 1960 1944 82
f 120 1956 1960
f 35 86 87
f 1773 1199 1025
f 1965 1545 1569
f 494 761 471
f 1966 1967 1969
f 446 1951 1971
f 174 368 125
f 1580 1579 1578
f 1785 1786 1787
f 1972 1546 304
f 1254 876 875
f 1973 341 342
f 321 1912 1973
f 1910 277 275
f 509 1973 514
f 1486 1507 1527
f 1974 1874 804
f 1977 1976 1974
f 1980 448 1966
f 379 1 2
f 1718 1715 1710
f 884 995 992
f 1680 1684 1678
f 902 990 525
f 344 255 256
f 135 138 137
f 448 446 1967
f 589 605 604
f 910 909 908
f 1981 1966 1968
f 1982 1981 1987
f 1988 1979 1987
f 1990 1988 1989
f 1991 1989 1993
f 322 321 320
f 992 828 830
f 1144 1076 1086
f 1995 1977 1978
f 1133 1129 1118
f 1997 1995 1994
f 870 1823 1335
f 805 806 1982
f 727 184 2000
f 1996 1994 1988
f 1994 1978 1979
f 1829 616 792
f 1830 1073 941
f 798 803 800
f 729 732 731
f 2011 2012 2023
f 1834 1835 846
f 402 283 284
f 2022 2023 2024
f 1838 718 989
f 810 955 952
f 1823 1839 1840
f 1430 1426 1432
f 1215 844 1841
f 1316 1208 873
f 2112 1401 1384
f 1842 1843 1844
f 1159 846 845
f 837 27 1846
f 1971 1951 2030
f 517 369 370
f 1471 2026 2027
f 3551 3525 626
f 2174 2175 770
f 935 934 1854
f 1613 1619 1611
f 1231 1228 1225
f 1856 1857 891
f 1300 1309 748
f 1150 1149 1858
f 1643 606 696
f 1215 1265 1264
f 1320 1860 902
f 1956 1943 1944
f 2031 668 669
f 2034 1325 1310
f 1879 1880 1656
f 40 245 242
f 1992 1993 2039
f 888 958 957
f 1882 1889 1996
f 1078 1138 1255
f 1871 912 1192
f 294 411 218
f 1323 2041 2026
f 123 1960 83
f 1324 2036 2041
f 384 358 359
f 1324 1325 2038
f 1883 1884 1885
f 287 1540 114
f 1096 1886 1134
f 915 1329 931
f 806 1980 1981
f 3533 3529 584
f 1425 2030 2042
f 1018 2042 1948
f 3562 1896 740
f 1948 2042 649
f 1881 1882 1990
f 1900 129 130
f 992 995 994
f 923 927 925
f 3878 2045 2047
f 1643 2048 625
f 2050 2052 2051
f 2045 1405 1404
f 3876 2047 945
f 1139 1080 1079
f 1037 1856 892
f 2055 2053 2057
f 1198 989 718
f 1619 2058 1612
f 2058 1605 1606
f 2059 2060 1607
f 2058 1619 1624
f 71 72 179
f 405 406 1557
f 322 1548 1972
f 2061 2052 2063
f 2066 2065 2067
f 2052 2061 2064
f 1609 1610 2066
f 1515 151 152
f 1009 827 993
f 1644 3843 3815
f 279 1915 1916
f 1285 3863 3862
f 1647 2066 1825
f 2056 2057 2067
f 319 320 1953
f 667 666 1913
f 2070 631 625
f 2052 2050 2055
f 2038 1654 1655
f 1606 1601 2073
f 1235 1917 1270
f 2072 2073 2075
f 2059 1606 2072
f 2074 2075 2077
f 1601 1602 2078
f 2049 2048 1643
f 1000 1004 1001
f 1089 943 684
f 1931 1286 1306
f 1462 1459 1021
f 1932 1933 1934
f 875 874 1846
f 1936 1051 1937
f 44 45 46
f 1534 1955 1956
f 1541 318 317
f 2081 2082 2084
f 146 1945 1959
f 1360 1941 1942
f 985 984 1032
f 1995 1997 1892
f 2079 2080 2082
f 2095 2096 2076
f 2081 2093 2078
f 2055 2050 2054
f 501 2096 2095
f 2097 2100 2099
f 2098 2099 2094
f 2140 2141 3893
f 2141 2046 3894
f 2051 2070 2048
f 592 2102 2101
f 2071 2064 2076
f 2102 2097 2098
f 593 2103 2102
f 1019 1895 746
f 1950 11 12
f 725 2071 2096
f 1385 2105 2104
f 1379 2104 2106
f 2107 2108 2100
f 3908 726 502
f 3896 502 499
f 940 1389 2109
f 928 929 1170
f 3868 590 684
f 1962 1963 1964
f 3878 680 573
f 2039 1993 1968
f 1389 1390 2110
f 1398 2111 2113
f 3757 3755 3753
f 3911 3883 2107
f 949 923 924
f 260 241 324
f 1390 1397 2113
f 2070 2051 2064
f 3867 3911 2103
f 2105 1385 1421
f 2114 1421 1423
f 3892 2114 2115
f 3908 2105 2114
f 554 2116 1902
f 972 1163 967
f 1765 1593 1573
f 1984 1985 1986
f 2053 2117 2069
f 3573 3556 724
f 1625 1677 1674
f 3881 3888 2119
f 3903 2115 2123
f 56 1954 1906
f 626 3877 3879
f 2001 2002 2003
f 3912 3841 2127
f 2006 2007 2008
f 2127 1413 1412
f 2014 2015 2016
f 2018 2019 2020
f 1495 1424 1947
f 1379 1377 1386
f 3814 3811 1680
f 2029 1885 1884
f 3902 2128 2120
f 629 3879 3914
f 682 683 943
f 724 1650 2121
f 1757 1819 3821
f 765 1810 3844
f 3851 714 715
f 706 707 3870
f 981 986 987
f 1457 1868 1656
f 2017 2016 2032
f 1458 1655 1868
f 1776 1777 1792
f 1959 1945 1946
f 3663 3715 3725
f 3913 3881 2122
f 1093 1089 689
f 966 965 968
f 3852 715 3881
f 2172 3577 2170
f 670 2138 2137
f 3761 787 1903
f 1429 19 28
f 964 963 978
f 3841 3813 1413
f 1473 1474 669
f 3834 3833 1359
f 2138 798 1870
f 1872 1473 2137
f 715 716 3888
f 1881 1991 1992
f 3843 3842 739
f 1837 1847 3513
f 253 58 59
f 1808 3837 3840
f 1647 3832 3818
f 3865 3866 671
f 2112 3882 3883
f 1405 2045 2044
f 3829 3824 1364
f 273 1541 391
f 576 632 3520
f 3875 3865 668
f 1430 1431 2140
f 2136 3850 3860
f 1430 2139 18
f 3893 3894 570
f 1442 1439 2046
f 1431 1442 2141
f 3869 3913 3850
f 3808 3823 1817
f 3866 3893 695
f 2142 2025 798
f 571 2143 2142
f 3819 3814 1618
f 2143 2022 2025
f 694 2142 2138
f 681 1572 2144
f 2144 2011 2022
f 328 210 457
f 1572 2010 2011
f 630 3892 3903
f 2085 2086 2087
f 2090 2091 2092
f 572 2144 2143
f 1875 1976 2153
f 1873 1875 2149
f 2103 2107 2097
f 2157 2043 2155
f 2128 1412 1414
f 3874 3871 589
f 3872 3870 628
f 2149 2153 2158
f 2159 2158 3905
f 698 3907 3902
f 3823 3847 3827
f 2158 2156 3874
f 1438 2044 2046
f 2035 2154 2160
f 2161 2160 3889
f 3871 3891 605
f 3873 17 18
f 370 29 61
f 649 1951 413
f 2153 2157 2156
f 1428 1429 1449
f 1490 76 73
f 3890 3905 710
f 2155 1891 3891
f 1456 1457 1880
f 2125 2088 2087
f 2160 2159 3890
f 300 1959 505
f 1064 1062 1046
f 2043 1892 1891
f 2129 2130 2004
f 2131 2132 2133
f 3848 3849 1450
f 1998 1975 804
f 3879 673 3864
f 474 492 490
f 1164 1165 1182
f 707 2162 3909
f 708 1472 2162
f 2162 2161 3886
f 548 549 1905
f 1145 1136 1114
f 705 2121 1650
f 2043 2157 1977
f 737 738 554
f 1034 1195 1191
f 458 1905 1907
f 195 196 232
f 2040 2039 1969
f 2145 2146 2147
f 2054 2050 2049
f 3832 1646 1639
f 9 12 11
f 252 364 506
f 472 478 479
f 1865 3924 3791
f 900 903 910
f 1941 2150 2151
f 1921 1928 1927
f 2163 1897 1898
f 271 156 153
f 1904 1326 12
f 282 263 264
f 1872 1873 2154
f 1326 1904 1897
f 628 692 693
f 1724 1722 1719
f 1549 1562 436
f 1582 1583 1730
f 1921 1920 1929
f 3563 3511 10
f 2152 2037 1950
f 475 772 774
f 769 2172 2171
f 2171 2165 476
f 476 773 772
f 1791 565 464
f 2166 2167 2168
f 595 371 372
f 483 1809 1641
f 762 2174 2173
f 771 483 484
f 486 487 1809
f 297 1549 1517
f 763 2175 2174
f 776 755 759
f 184 185 2176
f 412 447 303
f 2005 2176 185
f 3811 1681 1682
f 2164 2170 756
f 1472 2035 2161
f 950 951 964
f 2177 2178 2179
f 227 226 1510
f 2182 2183 2184
f 2186 2019 2018
f 1985 2182 2181
f 214 736 729
f 865 849 842
f 849 865 1357
f 559 3187 3188
f 16 13 737
f 560 553 498
f 3193 3196 3195
f 3200 3197 3198
f 3211 3214 3213
f 3215 3218 3217
f 2187 2188 2002
f 2169 2168 2189
f 2192 2086 2085
f 2193 2194 2195
f 2198 2199 2200
f 1998 1982 1979
f 3664 3665 3668
f 2116 1898 1903
f 1859 2006 2009
f 3904 2123 2126
f 1135 1148 1087
f 2201 2202 2015
f 1149 111 110
f 3221 3222 3218
f 2203 2204 2205
f 579 580 1895
f 1755 2207 2208
f 3891 3910 1893
f 1211 2151 2150
f 868 997 2210
f 944 945 930
f 2130 2129 2202
f 233 1903 1898
f 665 751 750
f 1167 1254 999
f 2211 2212 2213
f 2215 2216 2217
f 3867 593 590
f 2220 221 220
f 823 824 948
f 3225 3220 3227
f 266 204 455
f 3882 2108 2107
f 2221 2222 3519
f 2223 2224 2225
f 2207 2125 2124
f 673 674 3869
f 817 1000 996
f 2227 2228 2146
f 1947 1948 646
f 3900 2135 17
f 2229 1635 1638
f 1679 1613 1618
f 1637 2231 2232
f 2233 2234 1617
f 2231 2235 2236
f 1381 1638 2238
f 3586 2241 2242
f 1630 2234 2233
f 1681 1626 472
f 1408 1407 2243
f 3236 3239 3238
f 3232 3241 3240
f 1637 2230 2238
f 3237 3238 3233
f 1409 1408 1634
f 1380 1383 2247
f 1628 2248 2245
f 2249 1623 1622
f 1632 1634 1408
f 2248 1628 1631
f 2235 2231 1637
f 3245 3246 3199
f 631 2070 2071
f 515 167 52
f 782 781 2251
f 2253 2254 2255
f 397 281 459
f 1456 2039 2040
f 2040 2041 2036
f 1401 2112 2111
f 2041 2040 1970
f 1535 121 414
f 1586 1587 2080
f 2256 983 1132
f 1700 1699 3918
f 3815 1896 1686
f 1263 2256 1886
f 598 1841 844
f 2257 2258 2259
f 2258 2261 2262
f 2259 2262 2263
f 2260 2259 2216
f 1967 1971 1970
f 2212 1964 1963
f 922 921 2218
f 1312 1098 1101
f 1307 1306 1286
f 1548 1569 1546
f 2266 2267 2268
f 2265 2268 2270
f 2272 2265 2269
f 2273 2266 2265
f 2275 2276 2277
f 2278 2274 2277
f 2284 2285 3617
f 2287 2283 2286
f 2288 2289 2283
f 2290 2284 3639
f 2291 2292 2293
f 2295 2291 2294
f 2296 2297 2291
f 2297 2298 2292
f 2294 2293 2299
f 2279 2294 2300
f 2298 2301 2302
f 2292 2302 2303
f 2293 2303 2304
f 2304 2305 2306
f 2308 2309 2310
f 2302 2307 2310
f 2301 2311 2307
f 2312 2308 2307
f 2313 2314 2315
f 2318 2319 2320
f 3748 3771 2322
f 2324 2325 2273
f 2313 2324 2326
f 2328 2324 2313
f 2329 2325 2324
f 2331 2332 2333
f 2330 2333 2267
f 2325 2330 2266
f 2329 2331 2330
f 2333 2334 2335
f 2336 2334 2333
f 2338 2336 2332
f 2331 2339 2337
f 2329 2340 2339
f 2328 2341 2340
f 2316 2342 2341
f 2342 2316 2315
f 2344 2345 2346
f 2341 2344 2347
f 2342 2348 2344
f 2348 2349 2345
f 2350 2351 2352
f 2339 2350 2353
f 2340 2347 2350
f 2347 2346 2351
f 2337 2353 2354
f 2353 2352 2355
f 2356 2277 2276
f 2356 2357 2358
f 2356 2359 2296
f 2279 2277 2356
f 2360 2361 2270
f 2267 2335 2360
f 2362 2363 2364
f 2362 2365 2361
f 2366 2362 2358
f 2366 2367 2363
f 2357 2276 2368
f 2366 2368 2369
f 2276 2275 2370
f 2368 2370 2282
f 2372 2373 2374
f 2375 2376 2377
f 2378 2379 2380
f 2382 2378 2381
f 2384 2385 2378
f 2385 2386 2379
f 2388 2389 2390
f 2387 2390 2392
f 2393 2394 2387
f 2394 2395 2388
f 2186 2401 2402
f 2403 2404 2327
f 2272 2403 2326
f 2271 2405 2403
f 2405 2406 2404
f 2404 2407 2408
f 2409 2410 2411
f 2409 2412 2271
f 2413 2409 2269
f 2413 2414 2410
f 2417 2415 2416
f 2417 2418 2406
f 2412 2417 2405
f 2411 2415 2417
f 2406 2419 2407
f 3569 3520 632
f 2420 2398 2397
f 2420 2421 2423
f 2424 2420 2422
f 2424 2399 2398
f 2425 2391 2392
f 2421 2425 2426
f 2397 2396 2425
f 2396 2393 2391
f 2427 2314 2408
f 2430 2427 2428
f 2343 2315 2427
f 2432 2343 2430
f 2431 2430 2429
f 2435 2431 2433
f 2436 2432 2431
f 2428 2408 2407
f 2422 2437 2407
f 2438 2437 2422
f 2429 2428 2437
f 2440 2434 2433
f 2441 2439 2433
f 2442 2443 2439
f 2443 2444 2440
f 2445 2446 2444
f 2447 2445 2443
f 2383 2381 2445
f 2381 2380 2446
f 2448 2438 2423
f 2449 2448 2426
f 2441 2448 2449
f 2441 2429 2438
f 2449 2392 2390
f 2450 2390 2389
f 2447 2450 2451
f 2442 2449 2450
f 2451 2389 2453
f 2452 2453 2455
f 2382 2452 2454
f 2383 2451 2452
f 2456 2457 2373
f 2459 2460 2461
f 2463 2464 2465
f 2462 2465 2285
f 2466 2462 2284
f 2467 2463 2462
f 2461 2460 3703
f 2468 2469 2470
f 2472 2468 2471
f 2474 2461 3701
f 2475 2476 2477
f 2458 2455 2453
f 2479 2453 2389
f 2395 2480 2479
f 2480 2459 2458
f 2481 2482 2483
f 2484 113 2485
f 2471 2470 2464
f 2473 2471 2463
f 2487 2467 2466
f 2486 2466 2290
f 2490 2486 2488
f 2491 2487 2486
f 2492 2473 2467
f 2493 2492 2487
f 2494 2495 2492
f 2495 2472 2473
f 3690 2496 2474
f 3691 2497 2496
f 2498 2494 2493
f 2500 2498 2499
f 3700 3687 2498
f 3687 3691 2494
f 2306 2504 2278
f 2305 2505 2504
f 2504 2505 2507
f 2506 2507 2288
f 2274 2506 2508
f 2278 2504 2506
f 3633 3632 2489
f 3620 3633 2488
f 2507 2509 2289
f 2505 2510 2509
f 2508 2288 2287
f 2511 2287 2281
f 2370 2511 2280
f 2275 2508 2511
f 2512 2490 2489
f 2514 2512 2513
f 2517 2512 2514
f 2517 2491 2490
f 2499 2493 2491
f 2499 2517 2516
f 2510 2505 2519
f 2518 2519 2521
f 3616 2518 2520
f 3632 2510 2518
f 2522 2304 2303
f 2523 2522 2310
f 2305 2304 2522
f 2524 2522 2523
f 2519 2524 2525
f 2505 2305 2524
f 2308 2312 2527
f 2526 2527 2529
f 2531 2526 2528
f 2309 2308 2526
f 1214 2532 2151
f 2419 2406 2418
f 2533 2345 2349
f 2534 2533 2317
f 2535 2536 2533
f 2536 2346 2345
f 2537 2351 2346
f 2538 2537 2536
f 2539 2540 2537
f 2540 2352 2351
f 2312 2355 2541
f 2527 2541 2542
f 2543 2435 2434
f 2545 2543 2544
f 2319 2318 2543
f 2318 2436 2435
f 2514 2515 2548
f 2547 2548 2550
f 2552 2547 2549
f 2552 2516 2514
f 2520 2521 2554
f 2553 2554 2556
f 3590 2553 2555
f 3621 2520 2553
f 2523 2309 2531
f 2557 2531 2530
f 2525 2523 2557
f 2559 2557 2558
f 2554 2559 2560
f 2521 2525 2559
f 2561 2375 2007
f 2376 2562 2225
f 2564 2565 2566
f 2563 2566 338
f 2569 2563 2567
f 2570 2564 2563
f 2572 2573 2574
f 2571 2574 2576
f 2544 2571 2575
f 2544 2434 2572
f 2578 2570 2569
f 2579 2577 2569
f 2574 2577 2579
f 2573 2578 2577
f 2581 2582 2583
f 2584 2580 2583
f 3697 3675 2580
f 3676 2581 2580
f 2582 2516 2552
f 2583 2552 2551
f 2500 2501 2589
f 2590 2588 2589
f 3693 3695 2588
f 3695 3700 2500
f 2501 2516 2591
f 2592 2593 2594
f 2386 2385 2503
f 2596 2379 2386
f 2596 2374 2373
f 2599 2596 2597
f 2599 2380 2379
f 2600 2446 2380
f 2600 2599 2598
f 2603 2600 2601
f 2603 2444 2446
f 2604 2603 2602
f 2440 2604 2605
f 2444 2603 2604
f 2606 2582 2581
f 2606 2607 2590
f 2591 2516 2582
f 3676 2587 2456
f 3689 2456 2372
f 2478 2477 2608
f 2609 2610 2611
f 2564 2570 2613
f 2612 2613 2598
f 2457 2612 2597
f 2565 2564 2612
f 2614 2613 2570
f 2615 2614 2578
f 2602 2601 2614
f 2601 2598 2613
f 2572 2434 2605
f 2616 2605 2602
f 2573 2572 2616
f 1459 1016 1045
f 1265 1215 1079
f 1612 1608 1609
f 2067 2057 2069
f 1135 1109 1136
f 1938 1937 2618
f 95 548 458
f 2058 1607 1608
f 1454 1469 1445
f 655 2620 1048
f 722 1049 2621
f 1131 985 1033
f 562 1481 366
f 1723 1719 1725
f 1786 1123 1122
f 267 300 323
f 1325 2034 1654
f 1468 1165 1435
f 658 657 529
f 8 532 247
f 382 1557 1559
f 788 619 1307
f 940 930 929
f 911 2622 2623
f 2621 2620 655
f 2624 1857 2625
f 998 1846 27
f 635 638 2626
f 2627 641 644
f 2628 2627 1840
f 1200 1199 2627
f 1199 1773 641
f 1520 515 49
f 1452 1350 1349
f 2630 2631 1859
f 644 643 1335
f 1197 1198 717
f 2632 717 719
f 2628 2632 1166
f 2629 1197 2632
f 1762 2633 1050
f 1823 870 873
f 2634 2635 794
f 1042 794 2635
f 93 94 1901
f 2036 2038 1458
f 1527 332 1525
f 877 876 1274
f 134 409 797
f 1328 893 931
f 607 777 1091
f 1043 2635 2637
f 2636 2637 2639
f 1275 2636 2638
f 1275 1040 1043
f 1272 2624 2626
f 2640 2626 638
f 1110 2641 2640
f 536 1272 2640
f 1472 708 1474
f 2042 2030 1951
f 1058 1106 1105
f 2642 2623 2643
f 1192 2642 2644
f 912 2623 2642
f 3898 1657 3526
f 1049 1048 2620
f 616 1829 1885
f 1331 1913 666
f 990 989 1198
f 1911 1912 321
f 1298 1282 1205
f 76 1490 1504
f 1502 1500 421
f 610 609 658
f 1146 937 659
f 2646 911 914
f 1280 1239 1238
f 1453 1454 1452
f 835 942 1843
f 1271 1270 1173
f 1893 1878 1826
f 1050 2633 1937
f 2651 2652 814
f 1006 1053 1281
f 2653 1084 2654
f 1001 1004 1003
f 585 997 679
f 2624 1272 621
f 555 678 2028
f 1207 526 1197
f 1626 1627 478
f 426 389 419
f 1030 1193 1773
f 3898 645 634
f 534 1533 138
f 1125 1092 1042
f 333 228 88
f 569 1570 561
f 1489 2656 871
f 1857 2624 620
f 1673 1674 3770
f 622 861 864
f 619 788 891
f 261 544 545
f 393 1555 1556
f 2658 2659 2647
f 1075 2658 2657
f 1081 1080 2658
f 1080 1139 2659
f 2644 2643 1141
f 2660 1141 1140
f 642 2660 1336
f 1193 2644 2660
f 679 678 555
f 1503 1501 1500
f 1318 1317 1101
f 2661 2659 1139
f 2661 1142 2663
f 2662 2647 2659
f 2662 2663 2622
f 2664 2622 911
f 2648 2664 2646
f 2648 2647 2662
f 2083 2094 2093
f 1442 1440 1437
f 519 329 330
f 1885 2029 1209
f 799 800 805
f 1946 1943 1952
f 1302 1301 1253
f 566 2005 224
f 1389 940 928
f 683 682 681
f 836 835 1842
f 2665 1842 1845
f 2666 2665 1303
f 24 836 2665
f 831 1072 2650
f 1845 1844 1304
f 2010 2013 2012
f 1051 1936 2667
f 1522 1521 1511
f 531 440 441
f 1250 635 2625
f 2669 2625 1857
f 783 2669 1856
f 782 1250 2669
f 720 2670 2671
f 1055 1931 1930
f 1333 1067 1251
f 619 622 1308
f 652 655 2619
f 521 522 1539
f 1838 988 537
f 2672 537 536
f 1113 2672 2641
f 1113 527 1838
f 1016 1013 1351
f 3897 573 570
f 226 227 104
f 3564 3669 3827
f 1036 1037 1884
f 2674 1301 1304
f 2673 1304 1844
f 1334 2673 2675
f 1333 2674 2673
f 2676 702 1039
f 1843 2676 2675
f 942 1074 2676
f 1074 699 702
f 752 1057 1055
f 1200 1166 656
f 1120 1846 874
f 2677 874 877
f 1241 2677 1052
f 1119 1120 2677
f 1560 1513 151
f 1208 1316 611
f 215 735 736
f 1460 1459 1462
f 1208 1207 1839
f 854 856 1282
f 72 445 182
f 544 1563 1565
f 217 200 456
f 2047 1404 930
f 1204 2618 1937
f 913 777 686
f 840 527 1113
f 1531 729 730
f 2678 778 1283
f 601 667 1914
f 1537 1538 459
f 1819 1757 3509
f 991 1860 862
f 2679 711 1073
f 2680 1830 983
f 779 2680 2256
f 778 2678 2680
f 2678 2679 1830
f 180 542 245
f 1886 1132 1131
f 1138 1137 1274
f 1841 598 1140
f 75 313 314
f 193 423 420
f 2681 2682 1099
f 170 1567 1565
f 349 416 417
f 1121 1124 2684
f 547 797 409
f 123 122 121
f 2643 2663 1142
f 1542 1544 513
f 899 900 907
f 1210 677 676
f 791 663 982
f 24 27 837
f 893 896 932
f 1860 1320 863
f 535 538 862
f 1569 1548 1547
f 181 455 542
f 660 659 937
f 2013 567 568
f 887 890 2631
f 1524 1508 361
f 520 161 162
f 2653 855 854
f 1238 1237 2655
f 718 1838 527
f 1492 1493 518
f 792 616 615
f 599 846 1835
f 290 457 456
f 312 171 1552
f 1248 2687 1179
f 153 149 177
f 1240 1181 1222
f 1257 1292 1235
f 1291 1084 1083
f 1052 877 1277
f 743 742 2618
f 444 140 430
f 23 1224 1172
f 2687 2654 1180
f 102 103 409
f 1283 607 610
f 373 497 650
f 1180 2654 1084
f 855 2653 2655
f 1173 1270 1917
f 2689 850 853
f 2688 853 1108
f 2686 2688 1279
f 2687 2689 2688
f 2691 1302 1252
f 2690 1252 850
f 1248 2690 2689
f 1248 1247 2691
f 2692 617 24
f 2691 2692 2666
f 1247 1258 2692
f 1258 1168 617
f 394 1554 1555
f 2693 1260 1259
f 1072 1236 1262
f 1257 1071 1168
f 398 439 1555
f 871 1784 1314
f 1178 1232 1249
f 1224 1289 1173
f 1010 2617 2618
f 1175 1174 1292
f 2654 2687 2686
f 2694 1157 1216
f 71 418 1487
f 701 1112 1111
f 1072 1261 2649
f 1085 2695 22
f 895 2694 1264
f 1601 1606 1605
f 1259 1262 1271
f 21 20 1220
f 988 991 538
f 598 597 1336
f 1050 860 818
f 1298 2645 1761
f 1168 1167 618
f 858 1168 1256
f 39 242 516
f 2652 1761 819
f 313 316 315
f 2026 1970 1971
f 2656 1489 596
f 814 819 818
f 2696 2651 813
f 1260 2696 2649
f 2693 2697 2696
f 2697 1296 2651
f 381 355 390
f 3818 3819 1611
f 1475 1427 1428
f 1292 1174 1917
f 1551 353 354
f 1526 1525 1523
f 1593 1589 1595
f 1232 1269 1246
f 2695 2693 1223
f 2698 1297 1296
f 2698 2697 2693
f 2685 2698 2695
f 2685 854 1297
f 562 1497 271
f 2652 2651 1296
f 1365 1366 1364
f 1958 1946 1953
f 585 588 2210
f 1561 1560 1515
f 975 2648 1146
f 347 67 68
f 1038 1111 636
f 2700 781 780
f 2699 780 1036
f 2701 2699 1883
f 851 2700 2699
f 2674 1333 2251
f 2702 2251 781
f 1253 2702 2700
f 1301 2674 2702
f 1519 387 388
f 1273 1239 1280
f 2703 1280 1107
f 2701 2703 852
f 1829 1273 2703
f 91 260 326
f 1784 871 2656
f 2683 2684 2705
f 604 1894 3499
f 1669 3534 3548
f 2062 2063 2060
f 621 535 861
f 2023 731 732
f 686 779 1263
f 857 1051 2668
f 883 830 882
f 637 636 1111
f 2668 894 893
f 2667 921 894
f 1039 1038 1068
f 313 75 1504
f 1911 1972 305
f 1936 2706 1964
f 2707 2402 2401
f 2708 2707 2183
f 738 2163 2116
f 2349 2348 2432
f 2711 2712 2020
f 2400 2711 2019
f 2714 2715 2716
f 2717 2718 2719
f 2721 2722 2723
f 2726 2727 2728
f 2725 2728 2730
f 2731 2725 2729
f 2732 2726 2725
f 2734 2735 2736
f 2738 2739 2740
f 2737 2740 2741
f 2744 2745 2746
f 2745 2744 2748
f 2749 2750 2747
f 2753 2749 2751
f 2250 1380 2246
f 2754 1396 1614
f 3598 2754 2755
f 3608 2745 2747
f 1617 2756 2755
f 2242 2758 1620
f 2191 2085 2760
f 2761 2759 2760
f 3648 2759 2761
f 3623 2191 2759
f 3209 3248 3223
f 1395 1394 2236
f 1395 2235 1636
f 1616 1635 2229
f 1617 2234 2763
f 2756 2763 3628
f 2765 2763 2234
f 2766 2764 3628
f 3202 3199 3246
f 1516 437 435
f 2768 2769 3552
f 1495 541 578
f 2135 2136 28
f 3526 3540 2773
f 1690 1689 3926
f 2778 2779 2780
f 2777 2780 2781
f 2784 2778 2777
f 3555 3521 575
f 1494 1904 9
f 3529 2016 2015
f 451 61 505
f 2786 2787 2788
f 2779 2786 2785
f 2789 2752 2741
f 2790 2753 2752
f 2792 2793 2794
f 2793 2795 2796
f 2796 2797 2750
f 2794 2796 2749
f 2798 1393 1396
f 3591 2798 2754
f 2798 2799 2800
f 3591 3662 2799
f 2797 2796 2795
f 2791 2794 2753
f 216 233 232
f 3804 2806 2807
f 3805 2809 2804
f 2769 2810 3557
f 183 185 184
f 2811 2812 2775
f 2804 2811 2776
f 2809 2813 2811
f 2812 2811 2813
f 3805 2808 2816
f 3796 2818 2815
f 3798 3800 2820
f 3793 2823 2819
f 2824 2736 2735
f 2823 2825 2824
f 2825 2823 2826
f 3793 2822 2827
f 3796 2817 2826
f 2713 2716 2829
f 2828 2829 2831
f 2822 2821 2828
f 2821 2820 2713
f 2832 2827 2822
f 2833 2832 2830
f 2834 2835 2832
f 2835 2818 2827
f 2837 2838 2839
f 2836 2839 2841
f 2842 2836 2840
f 2843 2837 2836
f 2840 2841 2845
f 2718 2844 2845
f 2730 2728 2844
f 2727 2840 2844
f 2846 2845 2841
f 2829 2846 2847
f 2847 2841 2839
f 2848 2839 2838
f 2833 2848 2849
f 2831 2847 2848
f 2850 2814 2851
f 2853 2850 2852
f 2783 2777 2782
f 2785 2788 2853
f 2780 2785 2856
f 2857 2858 2855
f 2859 2857 2782
f 2861 2843 2842
f 2860 2842 2727
f 2862 2860 2726
f 2863 2861 2860
f 2861 2863 2858
f 2843 2861 2857
f 2856 2853 2854
f 2781 2856 2864
f 2837 2843 2859
f 2838 2837 2864
f 2852 2851 2834
f 2854 2852 2849
f 2865 2815 2818
f 2851 2865 2835
f 2813 2809 2815
f 2814 2813 2865
f 2866 2812 2814
f 2788 2866 2850
f 2866 2788 2787
f 2812 2866 2867
f 1892 1889 1890
f 2720 2719 2846
f 298 299 256
f 2872 2714 2713
f 3794 3800 2735
f 2729 2730 2874
f 2846 2716 2715
f 2876 2877 2878
f 2733 2875 2878
f 3806 3807 2879
f 3806 2880 2872
f 2882 2883 2884
f 2881 2884 2715
f 2880 2881 2714
f 2879 2882 2881
f 2885 2886 2887
f 2888 2889 2890
f 2885 2890 2892
f 2893 2886 2885
f 1942 2151 2532
f 2895 2892 2720
f 2884 2895 2870
f 2883 2896 2895
f 2896 2891 2892
f 2889 2874 2717
f 2890 2717 2720
f 2897 2893 2891
f 2898 2897 2896
f 2899 2898 2883
f 2900 2899 2882
f 3797 2900 2879
f 2876 2902 2901
f 2901 2902 2904
f 1785 2656 1835
f 2905 2906 2899
f 2907 2908 2897
f 3797 2901 2903
f 632 576 577
f 3532 3547 2867
f 434 385 550
f 2768 2770 3640
f 2910 2911 1623
f 2241 2912 2758
f 3640 2770 2913
f 1623 2911 2757
f 3587 2242 2757
f 2229 1381 1380
f 2765 1630 1629
f 2915 2914 1629
f 3642 3641 2914
f 3641 3622 2765
f 2919 2916 3642
f 2918 2915 2912
f 3614 2918 2241
f 3618 2919 3613
f 3541 2177 2180
f 3521 2002 2188
f 3705 3573 714
f 2925 2766 2917
f 2924 2917 2916
f 3610 2924 2919
f 3611 2925 2924
f 2926 2927 2766
f 3658 2926 2925
f 1715 1713 1705
f 785 497 498
f 1387 651 565
f 374 375 1899
f 3573 2203 2206
f 2929 2930 2886
f 2932 2933 2934
f 1905 1906 1908
f 2930 2935 2936
f 2938 2935 2930
f 1493 369 517
f 1603 1585 1586
f 2939 2938 2929
f 2940 2939 2908
f 3665 1707 1600
f 2886 2930 2937
f 2906 2907 2898
f 2908 2929 2893
f 2942 2934 2933
f 2941 2933 2937
f 3501 2941 2936
f 3498 2942 2941
f 2943 2944 2710
f 2943 2873 2874
f 2945 2943 2889
f 2946 2944 2943
f 2932 2945 2888
f 2931 2946 2945
f 727 1928 1929
f 2903 2904 2947
f 545 594 42
f 1480 1570 533
f 2907 2906 2949
f 2906 2905 2950
f 1558 452 215
f 3799 2903 2948
f 2054 1645 1644
f 3705 3684 2203
f 1828 1837 1849
f 2953 2954 2955
f 2952 2955 2957
f 2956 2261 2258
f 2953 2952 2258
f 2454 2455 2474
f 3747 2958 2959
f 3747 2132 2131
f 2961 2962 2963
f 2958 2963 2964
f 222 221 2485
f 2477 2226 2966
f 2631 2561 2006
f 2384 2454 2496
f 2967 2968 2959
f 2968 2967 2970
f 3759 2033 2971
f 3784 2971 2960
f 2972 2971 2033
f 2007 2377 2973
f 3560 3559 2134
f 1836 1833 1832
f 3506 2188 2090
f 955 810 959
f 672 675 674
f 633 710 713
f 2024 732 733
f 2025 2024 803
f 425 1552 1550
f 2975 2976 888
f 1319 1158 1157
f 1212 1935 2977
f 889 957 2228
f 1978 1974 1975
f 1138 1078 1329
f 751 665 2979
f 1619 1613 1625
f 2252 2255 1728
f 1157 1160 845
f 2706 1936 1938
f 2980 2255 2254
f 2982 2975 887
f 802 712 711
f 678 677 2029
f 527 840 690
f 1839 1207 2629
f 2983 2984 602
f 2983 1914 1913
f 2985 2983 1331
f 2986 2984 2983
f 2987 2637 2635
f 2985 2988 2639
f 2990 1319 1318
f 2991 2992 2993
f 2995 2991 2994
f 1106 1058 2991
f 1058 1057 2992
f 1415 1406 1365
f 1317 922 2217
f 1932 1728 2255
f 926 2998 2999
f 3001 2993 2992
f 3000 2992 1057
f 2999 3000 2978
f 2998 3001 3000
f 3002 2998 2209
f 3002 3003 2996
f 2993 3001 3002
f 1103 1106 2995
f 3004 2995 2996
f 2209 2210 3004
f 588 1103 3004
f 295 296 433
f 2638 2639 2988
f 3005 2988 1056
f 1305 3005 1930
f 1276 2638 3005
f 1987 1968 1993
f 2633 1762 1761
f 1423 1422 1417
f 3561 3517 739
f 2671 2670 2704
f 1473 1872 2035
f 922 1317 2694
f 1401 1400 1378
f 556 2028 1884
f 842 848 3825
f 1854 2706 2617
f 933 1082 1081
f 1440 1441 1436
f 529 657 719
f 1031 1025 1027
f 777 913 912
f 2645 1205 1204
f 441 438 1538
f 790 1287 587
f 2065 2066 1610
f 1860 991 990
f 60 106 87
f 1424 1017 1948
f 332 1527 1507
f 261 262 138
f 187 188 449
f 1719 1720 1726
f 1931 1055 1059
f 3006 1059 1105
f 1287 3006 1104
f 1286 1931 3006
f 3007 3008 3009
f 3009 3008 653
f 618 999 26
f 2029 677 1210
f 957 601 600
f 1049 2146 2228
f 2631 890 3011
f 890 889 2227
f 3011 2227 2145
f 2561 3011 3012
f 1026 656 609
f 2706 1854 1961
f 3013 2965 2485
f 2148 2147 1267
f 3015 1267 1266
f 2997 2264 1101
f 642 641 1773
f 186 477 461
f 1041 1040 1320
f 1121 3016 3017
f 2984 2986 2987
f 3018 2987 2634
f 1048 603 3018
f 603 602 2984
f 2679 2678 801
f 2062 2072 2074
f 2061 2074 2076
f 414 303 1545
f 3016 1121 2683
f 3019 2683 2704
f 3020 3019 2670
f 3007 3016 3019
f 1871 1090 1091
f 3021 1787 1122
f 3022 3021 3017
f 1314 3021 3022
f 1784 1787 3021
f 1316 1315 1763
f 3023 3022 3010
f 3023 3009 795
f 1763 3023 1092
f 1315 3022 3023
f 3016 3007 3010
f 752 751 2978
f 2986 2639 2637
f 3024 654 653
f 3020 3024 3008
f 720 723 3024
f 723 2621 654
f 2681 1098 1268
f 2671 3025 1268
f 2705 2681 3025
f 1313 3026 3027
f 3026 3028 3029
f 3027 3029 3030
f 1311 3027 3031
f 2012 568 731
f 917 2657 974
f 743 1206 856
f 1888 2027 2030
f 2682 2705 2684
f 3032 2684 1124
f 1100 3032 2989
f 1099 2682 3032
f 1123 2990 2989
f 3033 1834 1159
f 2990 3033 1158
f 1123 1786 3033
f 1786 1785 1834
f 1054 1056 2988
f 2979 665 664
f 2623 2622 2663
f 1095 660 688
f 3034 3035 2261
f 3036 3034 2956
f 3037 3038 3034
f 3038 3039 3035
f 3040 3041 3026
f 2263 3042 3041
f 3042 3039 3043
f 3041 3043 3028
f 3044 3045 3043
f 3046 3047 3045
f 3047 3048 3049
f 3043 3045 3049
f 3038 3037 3051
f 3050 3051 3053
f 3052 3046 3044
f 3039 3038 3050
f 3054 3035 3039
f 3042 2263 2262
f 2261 3035 3054
f 2216 2263 2997
f 2212 2211 2667
f 3056 868 2209
f 934 3057 1961
f 2013 3755 3757
f 3058 3059 3060
f 3059 3062 3063
f 3060 3063 2213
f 3061 3060 1963
f 3063 3064 2214
f 3062 3065 3064
f 3065 2257 2260
f 3064 2260 2215
f 3066 3067 3031
f 2608 2966 3067
f 2966 2562 3068
f 3031 3067 3068
f 2455 2458 2461
f 2476 2223 2226
f 3551 2090 2089
f 3526 2774 3769
f 433 354 355
f 2115 1423 1419
f 3509 2868 2922
f 3769 3737 2131
f 3069 2611 2167
f 2971 2972 2928
f 2961 2774 2773
f 3070 2475 2478
f 2610 2609 3071
f 2502 2371 2374
f 3072 2592 2595
f 2964 3046 3052
f 3048 2593 3074
f 2593 2592 3075
f 3075 3030 3029
f 3074 3029 3028
f 3072 3076 3075
f 3076 3072 2482
f 2481 2608 3066
f 3076 3066 3030
f 2967 3052 3053
f 2482 3072 3073
f 479 480 493
f 706 3900 3873
f 3561 2194 2221
f 2013 2010 3754
f 3533 2032 2016
f 3562 3519 2222
f 1171 1154 1155
f 2586 2566 2565
f 2982 110 113
f 2562 2376 3077
f 2376 2375 3012
f 3012 2145 2148
f 3077 2148 3015
f 2963 3047 3046
f 3051 3078 2970
f 1683 2173 491
f 3850 2122 1447
f 1986 2181 3734
f 3079 3080 2546
f 3081 3079 2575
f 1983 1986 3768
f 3082 2323 2319
f 3080 3082 2545
f 3734 3732 3082
f 3732 3748 2323
f 1309 1471 1888
f 3073 2595 2772
f 2760 3083 3084
f 2760 2085 2088
f 3085 3084 3086
f 3089 3085 3090
f 3089 2762 3084
f 3092 3088 3090
f 3093 2748 2744
f 2751 2747 2748
f 3093 2741 2752
f 2742 2741 3093
f 3094 3093 2743
f 3096 3097 3098
f 3099 3096 3087
f 3097 3094 3095
f 3100 2743 2746
f 3101 2927 3102
f 2764 2766 2927
f 2745 2764 3101
f 3102 3092 3091
f 3100 3091 3095
f 2869 2802 3592
f 3102 3103 3104
f 3658 2868 2869
f 2927 2926 3103
f 3098 3095 3091
f 3087 3098 3090
f 2088 2125 3105
f 3083 3105 3086
f 2483 3073 2771
f 2401 2186 2185
f 3099 3086 3105
f 2125 2207 3106
f 3108 2737 2742
f 3107 2742 3094
f 3110 3108 3107
f 3109 3107 3097
f 3111 3109 3096
f 3112 3110 3109
f 3113 2738 2737
f 3115 2723 2722
f 3117 3115 3114
f 3119 3117 3116
f 3118 3116 3120
f 3116 3114 3113
f 3122 3112 3111
f 3122 3123 1755
f 3124 3125 3126
f 3125 3118 3121
f 3128 3119 3118
f 3129 3128 3125
f 2020 2712 3128
f 3853 3857 1346
f 1065 1046 1047
f 1814 3838 3830
f 2021 2020 3129
f 3111 3099 3106
f 3123 3106 2207
f 2377 2225 2224
f 3014 2485 113
f 1756 2208 3782
f 3131 3132 2530
f 3133 3131 2528
f 1753 1756 3767
f 3134 3124 3127
f 2327 2408 2314
f 2436 2318 2317
f 2018 2021 3711
f 2534 3136 3137
f 2320 2322 3136
f 2185 2018 3712
f 3138 3139 2542
f 3134 3135 3744
f 3785 3130 3134
f 3140 3138 2539
f 2535 3137 3140
f 3711 2021 3130
f 2558 2530 3132
f 3782 3760 3141
f 2560 2558 3141
f 3760 3777 3142
f 958 888 2976
f 1933 1932 2980
f 2399 2424 2418
f 2348 2342 2343
f 2322 2320 2319
f 2718 2717 2874
f 2709 2729 2873
f 2894 2871 1361
f 346 289 176
f 1876 1877 1882
f 2802 2803 3607
f 3104 3144 3088
f 2974 2222 3649
f 3089 3145 2761
f 3088 3144 3145
f 2803 2974 3603
f 3870 3909 692
f 2123 1419 1418
f 1365 1363 1368
f 1581 1766 1782
f 3569 2202 2129
f 3555 2003 2002
f 3146 2585 2551
f 3751 3146 3147
f 3742 3149 3146
f 3149 2584 2585
f 3196 3198 3197
f 3604 2192 2191
f 3142 3150 2556
f 3777 3778 3150
f 3646 3152 2550
f 3150 3151 2555
f 3778 3780 3151
f 3788 3781 3152
f 3153 3147 2551
f 3152 3153 2549
f 3781 3776 3153
f 3776 3750 3147
f 3148 2767 2206
f 2183 2401 2321
f 2132 2960 2928
f 3684 3685 2204
f 3719 2198 2197
f 2594 2962 2773
f 2595 2594 2951
f 1870 798 799
f 3713 2179 2178
f 3706 2178 3736
f 336 3154 3774
f 339 3155 3154
f 3789 3683 3149
f 3683 3697 2584
f 2963 2962 3048
f 3722 3730 337
f 339 338 2566
f 3156 3157 2168
f 2610 3156 2167
f 2954 2953 3156
f 3157 3156 2953
f 3707 2166 2169
f 2567 3158 3159
f 337 3158 2567
f 3730 3069 2166
f 3764 2190 1983
f 2579 3160 3081
f 2568 3159 3160
f 3709 2169 2190
f 3065 3062 3162
f 3161 3162 1984
f 3157 3161 2189
f 2257 3065 3161
f 734 735 1922
f 3059 3058 2708
f 3163 2708 2182
f 3162 3163 1985
f 3062 3059 3163
f 3203 3206 3205
f 2122 2119 1448
f 3817 1686 1685
f 139 140 444
f 1570 569 566
f 2957 3164 3165
f 2955 3166 3164
f 1912 454 341
f 3130 3129 3124
f 1548 322 319
f 1949 1950 1327
f 2969 2970 3078
f 3167 3078 3169
f 3724 2014 2017
f 3720 2017 2033
f 3168 3169 3165
f 3170 3165 3164
f 3779 3170 3171
f 3724 3168 3170
f 3171 3164 3166
f 3172 3166 3071
f 3752 3172 3173
f 3756 3171 3172
f 3169 3037 3036
f 2593 3048 2962
f 3173 3071 2609
f 3174 2609 2199
f 3783 3174 2198
f 3749 3173 3174
f 2190 2189 1984
f 2196 2195 2767
f 2119 2120 1414
f 1464 1463 1466
f 2199 2611 3069
f 2457 2456 2587
f 2226 2225 2562
f 481 478 1627
f 333 1512 235
f 3078 3051 3037
f 3040 2264 2997
f 2219 1934 1933
f 2385 2384 2497
f 221 2220 3175
f 2220 1933 3143
f 3175 3143 2976
f 2484 3175 2975
f 2954 3071 3166
f 2630 1858 110
f 1547 319 1952
f 2091 2090 2188
f 3733 3736 2178
f 1918 1919 1927
f 3563 112 111
f 955 956 960
f 2037 3014 112
f 3143 2980 2981
f 2218 2211 2214
f 672 3877 3787
f 2152 3013 3014
f 1147 1144 1143
f 2248 2246 1409
f 1615 1636 1635
f 1410 1409 2246
f 3241 3243 3242
f 1382 3176 3177
f 3177 1410 2247
f 2247 1383 3177
f 3176 2238 2230
f 1410 3177 3179
f 3179 3180 2243
f 1633 3181 2800
f 1621 1620 2758
f 1622 1621 2245
f 2236 1394 3181
f 2237 2236 3182
f 2250 1631 2233
f 2912 1629 1628
f 135 136 1564
f 1567 419 512
f 1085 1084 2653
f 3184 869 868
f 869 3184 3057
f 1266 1268 1098
f 1267 2147 722
f 937 1146 2646
f 2146 1049 722
f 2211 2218 921
f 1957 510 507
f 1313 1312 2264
f 1496 362 1493
f 2887 2937 2933
f 1687 1688 1659
f 145 1499 1498
f 37 38 418
f 1935 1934 3185
f 104 89 301
f 2101 2098 2083
f 543 298 360
f 1934 2219 3186
f 234 1521 212
f 3845 3821 1822
f 1976 1875 1874
f 223 3186 2219
f 3655 3656 3605
f 2165 2164 467
f 467 468 2165
f 773 476 2165
f 1935 1212 1728
f 3240 3225 3226
f 3261 3249 3250
f 3215 3216 3244
f 3265 3221 3215
f 3267 3245 3198
f 3205 3206 3269
f 3214 3211 3265
f 3271 3213 3214
f 3251 3252 3239
f 3222 3221 3266
f 3232 3235 3234
f 3216 3242 3243
f 3196 3193 3268
f 3244 3243 3254
f 3238 3239 3247
f 3264 3244 3255
f 3253 3242 3216
f 3211 3266 3221
f 3257 3217 3218
f 3258 3222 3272
f 3274 3275 3280
f 3228 3229 3262
f 3275 3231 3281
f 3226 3227 3273
f 3236 3263 3260
f 3281 3263 3236
f 3287 3271 3192
f 3235 3226 3280
f 3234 3280 3281
f 3288 3290 3259
f 3260 3250 3276
f 3289 3212 3278
f 3210 3209 3224
f 3199 3202 3201
f 3228 3231 3230
f 3290 3288 3285
f 3282 3279 3271
f 3260 3263 3262
f 3243 3241 3268
f 3267 3268 3241
f 3194 3207 3208
f 3191 3270 3269
f 3270 3191 3192
f 3275 3274 3230
f 3264 3269 3270
f 3252 3251 3276
f 3248 3252 3291
f 3213 3271 3279
f 3272 3266 3289
f 3277 3278 3212
f 3228 3263 3281
f 3220 3225 3253
f 3219 3253 3217
f 3256 3218 3222
f 3247 3239 3252
f 3245 3267 3232
f 3266 3211 3212
f 3208 3205 3255
f 3288 3289 3284
f 3204 3205 3208
f 560 1899 3187
f 3209 3210 3201
f 3189 3192 3191
f 448 1980 807
f 647 648 122
f 1833 1848 1780
f 510 509 508
f 3210 1949 1887
f 1887 15 3200
f 15 16 3197
f 16 3188 3195
f 3195 3188 3187
f 3194 3187 1899
f 3207 1899 375
f 387 173 126
f 3189 1791 1760
f 3577 763 757
f 763 3577 2172
f 3583 3582 3580
f 3581 3580 3579
f 3594 3597 3596
f 3400 3601 3602
f 3626 3624 3625
f 3631 3635 3599
f 3636 3637 3595
f 3647 3584 3588
f 3650 3582 3584
f 3653 3579 3580
f 3653 2176 3654
f 1801 1864 3656
f 3651 3580 3582
f 3644 3638 3595
f 1767 1768 3659
f 1597 3663 3661
f 1708 1707 3665
f 3671 3668 3667
f 3666 3667 3673
f 1588 1708 3664
f 2080 3671 3666
f 2082 3666 3672
f 3674 3677 3635
f 3677 3678 3636
f 3682 3647 3645
f 3692 3651 3650
f 3681 3645 3644
f 786 3694 3692
f 3694 3653 3651
f 785 3692 3686
f 497 3686 3682
f 650 3682 3681
f 3696 564 3681
f 3405 3606 3605
f 3702 3699 3678
f 3699 3698 3679
f 3645 3588 3638
f 1799 3657 3659
f 3708 3704 3458
f 3462 3710 3708
f 3714 463 564
f 3615 3606 3602
f 3710 3714 3696
f 3635 3636 3596
f 3629 3626 3627
f 3597 3600 3599
f 3630 3716 3715
f 3627 3625 3597
f 3717 3716 3723
f 3715 3663 3660
f 3716 3717 3725
f 3668 3665 3661
f 3668 3725 3717
f 3667 3717 3718
f 3727 3728 3673
f 3728 1576 3672
f 3726 3727 3718
f 1576 2101 2084
f 3727 3726 3731
f 3203 376 1387
f 3190 1387 1791
f 3283 2152 1949
f 317 240 259
f 2000 2176 3653
f 3601 3599 3600
f 3589 3588 3584
f 3577 758 756
f 3585 3584 3582
f 3678 3679 3637
f 3204 375 376
f 1801 3655 3657
f 3729 3735 3728
f 1575 3735 3738
f 3735 1575 1576
f 1776 1795 1796
f 1293 1294 1290
f 1326 14 1327
f 1294 1245 1234
f 878 1244 1330
f 497 373 374
f 122 648 413
f 3699 3702 3704
f 3606 3405 3401
f 3708 3710 3698
f 3464 3714 3710
f 3704 3674 3443
f 439 398 399
f 1512 1528 1526
f 1668 1741 1738
f 839 849 1362
f 1362 1357 826
f 3843 740 1896
f 2053 2054 2118
f 3888 3887 2120
f 696 697 3816
f 1826 1878 639
f 3740 3739 3729
f 956 885 886
f 1980 806 1922
f 33 34 105
f 1343 1344 3856
f 3907 2127 2128
f 1766 1581 1582
f 14 1326 2163
f 595 98 99
f 3233 3238 3246
f 1346 1035 1044
f 748 1888 1425
f 3193 3208 3254
f 3190 3191 3206
f 3612 3605 3606
f 3624 3612 3615
f 3631 3415 3443
f 3679 3680 3644
f 3686 3650 3647
f 3702 3677 3674
f 3625 3615 3600
f 3601 3400 3415
f 3739 3738 3735
f 3630 3627 3594
f 3741 3723 3716
f 1284 1290 1288
f 3698 3696 3680
f 1778 1781 1780
f 1792 1759 1584
f 695 570 571
f 3638 3741 3594
f 3741 3638 3588
f 3247 3248 3209
f 3292 3293 3294
f 3296 3297 3298
f 3299 3298 3300
f 3302 3303 3304
f 3306 3307 3308
f 3307 3310 3311
f 3303 3302 3301
f 3312 3305 3304
f 3314 3315 3316
f 3318 3319 3320
f 3324 3318 3321
f 3326 3327 3328
f 3329 3330 3331
f 3333 3334 3335
f 3337 3338 3339
f 3333 3336 3341
f 3342 3341 3343
f 3319 3345 3344
f 3338 3335 3334
f 3346 3301 3302
f 3305 3348 3347
f 3312 3224 3223
f 3350 3337 3340
f 3312 3349 3348
f 3352 3343 3341
f 3311 3353 3354
f 3341 3336 3327
f 3359 3360 3361
f 3360 3359 3250
f 3318 3363 3345
f 3364 3363 3318
f 3314 3364 3324
f 3366 3299 3301
f 3299 3366 3367
f 3308 3354 3368
f 3369 3317 3295
f 3317 3369 3364
f 3370 3295 3317
f 3325 3371 3365
f 3352 3320 3319
f 3296 3367 3353
f 3297 3296 3311
f 3363 3368 3354
f 3345 3354 3353
f 3344 3353 3367
f 3366 3333 3342
f 3347 3339 3334
f 3339 3347 3348
f 3348 3349 3351
f 3363 3364 3369
f 3294 3309 3368
f 3293 3306 3309
f 3331 3373 3374
f 3346 3334 3333
f 3323 3322 3352
f 3356 3355 3321
f 3355 3357 3325
f 3357 3358 3371
f 3322 3356 3320
f 3361 3330 3329
f 3373 3372 3375
f 3374 3375 3376
f 3329 3332 3376
f 3327 3375 3372
f 3336 3335 3375
f 3335 3338 3376
f 3376 3338 3337
f 3337 3350 3359
f 3359 3350 3276
f 3377 3292 3295
f 3277 3316 3315
f 3371 3378 3379
f 3378 3371 3358
f 3365 3379 3315
f 3316 3277 3279
f 3282 3377 3370
f 3313 3283 3224
f 3378 3285 3284
f 3380 3286 3285
f 3379 3284 3278
f 3276 3350 3351
f 3291 3351 3349
f 3313 3304 2965
f 2965 3304 3303
f 222 3303 3300
f 223 3300 3298
f 3298 3297 3185
f 3297 3310 2977
f 3310 3307 1213
f 3307 3306 1214
f 2532 1214 3306
f 2894 2532 3293
f 2871 2894 3292
f 3253 3225 3240
f 3283 3313 3013
f 1997 1996 1889
f 1237 745 744
f 1535 1534 120
f 1531 1532 201
f 1119 1241 1032
f 946 948 824
f 163 8 5
f 3589 3726 3723
f 1155 1156 1162
f 427 213 327
f 553 1902 796
f 3381 2232 2231
f 3381 3178 2230
f 2237 3183 3180
f 3383 3384 3385
f 3384 3386 3387
f 3386 3388 3389
f 3388 3390 3391
f 3392 3393 3394
f 3395 3394 3396
f 3398 3399 3397
f 3400 3401 3399
f 3403 3404 3405
f 3406 3407 3404
f 3408 3409 3407
f 3410 3411 3409
f 3412 3413 3411
f 3415 3400 3398
f 3414 3398 3396
f 3416 3396 3394
f 3417 3394 3393
f 3393 3419 3420
f 3419 3390 3421
f 3390 3388 3422
f 3388 3386 3423
f 3386 3384 3424
f 3384 3383 3425
f 3425 3383 3426
f 2904 3427 3428
f 3429 3427 2904
f 3430 3429 2902
f 2875 3431 3430
f 3432 3433 2733
f 2825 3434 3435
f 3437 3438 3439
f 3441 3437 3436
f 2724 2723 3434
f 3436 3439 3115
f 3440 3436 3117
f 3443 3415 3414
f 3442 3414 3416
f 3444 3416 3417
f 3445 3417 3418
f 3446 3418 3420
f 3420 3421 3448
f 3421 3422 3449
f 3422 3423 3450
f 3423 3424 3451
f 3424 3425 3452
f 3425 3184 3056
f 3451 3452 2253
f 3450 3451 2252
f 3449 3450 1727
f 3448 3449 2150
f 3453 3447 3448
f 3454 3446 3447
f 3455 3445 3446
f 3456 3444 3445
f 3442 3444 3456
f 3443 3442 3457
f 3459 3460 3458
f 3457 3456 3455
f 3459 3455 3454
f 3462 3460 3459
f 3461 3454 3453
f 3464 3462 3461
f 3463 3453 1941
f 3404 3399 3401
f 3407 3397 3399
f 3409 3395 3397
f 3411 3392 3395
f 3465 3466 3413
f 3467 3468 3469
f 3465 3412 3431
f 3470 3467 3466
f 3438 3470 3432
f 3467 3470 3438
f 3468 3467 3437
f 3471 3469 3468
f 3472 3468 3441
f 3473 3441 3440
f 2712 3440 3119
f 3475 3471 3472
f 3474 3472 3473
f 3476 3473 2712
f 3477 3476 2711
f 3478 3474 3476
f 3479 3475 3474
f 3392 3411 3413
f 3466 3469 3480
f 3419 3393 3392
f 3390 3419 3480
f 3469 3471 3391
f 3389 3391 3471
f 3387 3389 3475
f 3385 3387 3479
f 3482 3477 2400
f 3483 3478 3477
f 3481 3479 3478
f 3484 3482 2402
f 3058 3484 2707
f 3061 3485 3484
f 3485 3483 3482
f 3382 3385 3481
f 3486 3481 3483
f 3426 3383 3382
f 3487 3382 3486
f 3486 3485 3061
f 1961 3057 3487
f 3057 3184 3426
f 3428 3403 3402
f 3427 3406 3403
f 3429 3408 3406
f 3430 3410 3408
f 3431 3412 3410
f 3470 3465 3433
f 3434 3439 3438
f 2723 3115 3439
f 2875 2733 3433
f 2736 2824 3435
f 2947 3428 3488
f 3464 3463 1360
f 1900 1925 1924
f 1736 1717 1718
f 1955 1952 1943
f 1671 1738 1735
f 1696 1750 1698
f 1800 1865 1864
f 2063 2055 2056
f 1737 1734 1717
f 1751 1735 1697
f 943 3885 3899
f 3656 3488 3402
f 1577 1578 1764
f 3917 1598 1599
f 1945 146 82
f 68 6 7
f 147 1542 1543
f 1109 1135 1133
f 1503 1910 1907
f 1499 1501 1909
f 452 1922 735
f 1824 2068 3835
f 1825 2067 2068
f 1463 1462 1022
f 841 1012 1009
f 1568 1547 1955
f 1910 1503 1502
f 1939 1502 422
f 309 280 1940
f 1804 1851 1866
f 269 1482 1954
f 2065 1607 2060
f 3812 1685 1758
f 280 276 552
f 1875 1873 1869
f 1739 1721 1734
f 1778 1779 1790
f 310 1920 1915
f 1909 1908 1906
f 1789 1783 1778
f 978 981 980
f 1584 1759 1731
f 425 426 311
f 148 1543 115
f 2044 3897 3894
f 277 1910 1939
f 1943 1946 1945
f 1461 1462 1463
f 2253 3452 3056
f 2981 2254 3489
f 2209 2998 3489
f 2254 2253 3055
f 2998 926 958
f 2826 2817 2721
f 3490 2739 2721
f 2816 3491 3490
f 2334 2297 2296
f 2298 2297 2334
f 2301 2298 2336
f 2311 2301 2338
f 2312 2311 2354
f 2359 2358 2361
f 2335 2296 2359
f 2414 2413 2365
f 2413 2270 2361
f 2355 2352 2540
f 2541 2540 2539
f 2722 2721 2739
f 3114 2722 2738
f 3110 3112 3121
f 3108 3110 3120
f 3122 1754 3127
f 3112 3122 3126
f 3127 1754 1753
f 3139 3133 2529
f 3744 3775 3133
f 3490 2789 2740
f 3491 2790 2789
f 228 229 91
f 245 244 243
f 248 7 247
f 2 297 296
f 145 146 300
f 327 213 210
f 329 332 331
f 239 241 240
f 373 376 375
f 178 177 176
f 1218 1225 1228
f 3862 1231 1295
f 808 809 824
f 3858 3859 1013
f 3813 3810 1411
f 2154 2149 2159
f 3845 3835 1758
f 306 807 1922
f 2157 2153 1976
f 708 709 2031
f 1450 1226 1227
f 1672 1604 1605
f 1813 1814 1821
f 1717 1716 1715
f 176 159 402
f 1710 1705 3916
f 1712 1580 1577
f 1705 1713 1711
f 971 978 979
f 822 823 1094
f 2909 2810 2793
f 2810 2769 2795
f 2799 2910 2249
f 3662 3643 2910
f 2769 2768 2801
f 3177 3176 3178
f 3178 3381 3180
f 3181 1394 1393
f 3181 1633 1632
f 3182 1632 2244
f 3183 2244 2243
f 3492 2791 2790
f 2808 3492 3491
f 2239 3574 3572
f 1149 1150 3571
f 1150 2009 3567
f 2202 3569 3566
f 2921 3564 3565
f 3568 3560 2133
f 1777 1579 1759
f 1201 1196 1183
f 3561 3554 2195
f 3553 3576 2770
f 3927 3925 1687
f 1516 152 154
f 3549 3562 2974
f 3550 3548 2779
f 2771 2772 3575
f 3070 2771 3546
f 3547 3544 2775
f 1376 1375 1370
f 2767 3543 3556
f 2195 3554 3543
f 2775 3544 3542
f 3377 3282 3545
f 3804 3802 3539
f 2776 3542 3538
f 2240 3572 3535
f 2920 3535 3669
f 3548 3534 2786
f 1805 1850 1851
f 3534 3532 2787
f 2951 2773 3540
f 2772 2951 3531
f 2973 2224 3530
f 2224 2223 3537
f 1957 1953 320
f 306 305 304
f 2770 3576 3528
f 2913 3528 3574
f 2923 3565 3527
f 308 1940 431
f 207 208 132
f 1879 1876 1881
f 3733 3787 3525
f 2475 3070 3558
f 2476 2475 3524
f 2223 2476 3523
f 3522 3549 2803
f 2037 3563 11
f 1959 1958 450
f 2003 3555 3520
f 9 10 334
f 2009 2008 3518
f 2008 2973 3536
f 3877 672 673
f 3515 3550 2778
f 2935 3514 3513
f 111 1149 3570
f 3510 3514 2935
f 683 3876 3885
f 3508 3557 2810
f 736 733 732
f 1795 1804 1803
f 3505 3510 2938
f 3507 3505 2939
f 2950 3512 3504
f 2940 2949 3504
f 3801 3791 3512
f 2868 3509 3502
f 2869 3502 3522
f 1024 1034 1023
f 3500 3503 2948
f 551 1939 442
f 2972 3499 3568
f 2032 3533 3499
f 216 93 1924
f 203 202 201
f 1828 1848 1847
f 1958 1957 449
f 272 271 178
f 2871 3545 3495
f 3619 3669 3564
f 2801 2768 3643
f 2005 3758 3654
f 960 886 899
f 3657 3655 3612
f 3780 3788 3646
f 3151 3646 3593
f 2193 3604 3623
f 3607 3603 3145
f 3603 3649 2761
f 3592 3607 3144
f 2926 3658 3634
f 3634 3592 3104
f 3755 3754 3746
f 566 567 3758
f 3488 3656 1864
f 1602 1586 2079
f 2868 3658 3611
f 2922 3611 3610
f 2923 3610 3618
f 3670 3613 2918
f 3619 3670 3614
f 2921 3618 3670
f 2920 3614 3586
f 3613 3642 2915
f 2917 2766 3622
f 2916 2917 3641
f 2239 3587 3652
f 2911 3640 3652
f 3643 3640 2911
f 2797 2801 3662
f 2797 3591 3598
f 3622 3628 2763
f 3608 3628 2764
f 2194 3623 3648
f 2221 3648 3649
f 2756 3608 3609
f 2750 3598 3609
f 3669 3535 1817
f 3763 3770 1691
f 2515 3621 3590
f 2548 3590 3593
f 2513 2489 3632
f 2513 3616 3621
f 2509 3633 3620
f 2510 3632 3633
f 2289 3620 3639
f 2283 3639 3617
f 2240 3586 3587
f 3659 3657 3624
f 716 2121 3887
f 727 1999 3761
f 2165 2171 2170
f 3660 3659 3626
f 3743 3581 3578
f 2175 2172 769
f 2100 500 2095
f 3758 567 3757
f 640 3560 3568
f 1653 3576 3553
f 1895 3536 3530
f 746 3530 3537
f 1653 1810 3528
f 3762 1603 1604
f 2093 2075 2073
f 959 996 995
f 962 899 919
f 1400 1401 1398
f 1000 817 1127
f 956 959 884
f 1662 3548 3550
f 2034 3558 3546
f 3926 1689 3539
f 3535 3572 766
f 3572 3574 765
f 334 3570 3571
f 1868 3531 3540
f 1684 1651 1652
f 1682 1683 775
f 1585 1603 3762
f 3763 3762 1672
f 2173 2174 490
f 1658 3544 3547
f 3556 3543 1650
f 1571 3754 2010
f 1587 3664 3671
f 2099 2095 2077
f 787 3761 1999
f 2000 3694 786
f 3155 339 3697
f 3713 3155 3683
f 2180 2179 3685
f 3496 2180 3684
f 1684 3846 3840
f 1760 464 3495
f 2607 3689 3693
f 2581 3676 3689
f 2371 2502 3700
f 2371 3695 3693
f 2587 3676 3675
f 2586 3675 3697
f 2497 3691 3687
f 2502 2503 3687
f 2494 3691 3690
f 3690 3688 2472
f 3688 3701 2468
f 3701 3703 2469
f 726 3908 3892
f 581 3567 3518
f 10 3511 3570
f 1837 3514 3510
f 741 3537 3523
f 1299 3524 3558
f 1851 3507 3504
f 3527 3565 1820
f 580 3518 3536
f 1758 1685 3522
f 1693 3557 3508
f 3504 3512 1867
f 1894 1826 3568
f 2126 1418 3813
f 3906 2126 3841
f 2113 3911 3867
f 2179 3713 3789
f 624 3903 3904
f 2192 3604 3788
f 2177 3541 3787
f 1364 3824 3833
f 3858 3855 1470
f 3135 1753 3775
f 2069 3812 3835
f 1351 3861 3853
f 2108 3882 3901
f 2089 2092 3736
f 3828 3834 1358
f 2001 3749 3783
f 2187 3783 3719
f 2130 3756 3752
f 2004 3752 3749
f 2014 3724 3779
f 2201 3779 3756
f 3167 3720 3759
f 3168 3724 3720
f 3159 3709 3764
f 3160 3764 3765
f 3730 3707 3158
f 3158 3707 3709
f 2200 3069 3730
f 3685 3789 3742
f 3722 3774 2197
f 3790 3736 2092
f 3774 3790 3721
f 3154 3706 3790
f 3155 3713 3706
f 2091 3719 3721
f 2196 3148 3750
f 2193 2196 3776
f 3604 2193 3781
f 2086 2192 3780
f 2087 2086 3778
f 2204 3742 3751
f 2205 3751 3750
f 3909 3886 574
f 2124 2087 3777
f 2208 2124 3760
f 3711 3785 3140
f 3785 3745 3138
f 3745 3744 3139
f 3771 3712 3136
f 3712 3711 3137
f 3775 3767 3131
f 3767 3782 3132
f 1813 3839 3838
f 1293 3854 3856
f 2184 2321 3748
f 2181 2184 3732
f 3765 3768 3079
f 3768 3734 3080
f 709 3873 3875
f 2774 2961 3737
f 3786 3769 2134
f 3809 3808 766
f 2968 3784 3766
f 2969 3759 3784
f 2958 3747 3737
f 2132 3747 3766
f 2321 2185 3771
f 3860 3848 1449
f 3905 3874 582
f 3886 3889 577
f 3847 3826 1818
f 705 3902 3887
f 3816 3912 3907
f 2111 3883 3911
f 3810 3829 1366
f 1812 3839 3822
f 675 3851 3852
f 3496 3705 3851
f 2110 3867 3868
f 2104 3896 3901
f 2109 3868 3899
f 3842 3831 703
f 1680 3811 3846
f 1639 1627 3819
f 623 3904 3906
f 2139 2140 3866
f 1808 1640 3844
f 3820 3821 1819
f 3872 3914 3900
f 1646 3832 3830
f 3889 3890 633
f 2139 3865 3875
f 2156 2155 3871
f 674 3852 3913
f 2117 3817 3812
f 1815 3822 3847
f 3855 3849 1444
f 697 3906 3912
f 866 842 3836
f 3864 3869 2136
f 3585 3731 3726
f 3583 3740 3731
f 3753 3746 3738
f 3740 3583 3581
f 1088 3738 3746
f 3739 3740 3743
f 2791 3492 3493
f 3492 2808 2807
f 2792 3493 3494
f 3493 2807 2806
f 3508 2909 3494
f 3516 3494 2806
f 2948 3503 3791
f 2105 3908 3896
f 3538 3802 3804
f 680 3878 3876
f 1891 1890 3910
f 2905 3799 3801
f 2900 3797 3799
f 2901 3797 3807
f 2734 2878 3806
f 2877 3807 3806
f 2820 3800 3794
f 2818 3796 3792
f 2823 3793 3792
f 2822 3793 3798
f 2819 2735 3800
f 2817 3796 3795
f 2809 3805 3795
f 2808 3805 3803
f 2805 3804 3803
f 1702 3921 3923
f 3922 3920 1797
f 3915 3916 1706
f 3918 3927 1692
f 1657 3898 3880
f 1890 1877 3895
f 3772 3770 1674
f 1689 1690 3772
f 3926 3802 3538
f 3516 3539 1689
f 3917 3923 1703
f 1598 3917 3928
f 3880 3884 1876
f 1691 1690 3925
f 3925 3926 1688
