v 0.063024 -0.010526 -0.047212
v 0.066844 -0.011606 -0.046199
v 0.067559 -0.010136 -0.046050
v 0.063463 -0.009091 -0.046901
v 0.076704 -0.009311 -0.055558
v 0.076330 -0.005999 -0.052379
v 0.075727 -0.003064 -0.052124
v 0.076218 -0.003490 -0.054565
v 0.026102 -0.043528 -0.108076
v 0.011929 -0.043294 -0.112517
v 0.011620 -0.055678 -0.109536
v 0.024324 -0.057584 -0.103938
v 0.040006 -0.081480 -0.085013
v 0.035830 -0.073130 -0.090149
v 0.034290 -0.086868 -0.094718
v 0.041586 -0.089619 -0.085273
v 0.039757 0.048002 0.037735
v 0.046831 0.046774 0.031922
v 0.045880 0.040986 0.035596
v -0.062608 -0.009975 -0.051345
v -0.066330 -0.011098 -0.050408
v -0.067017 -0.009697 -0.050224
v -0.062789 -0.008592 -0.051013
v -0.075657 -0.008767 -0.060287
v -0.075545 -0.005626 -0.056854
v -0.075362 -0.002578 -0.056472
v -0.075612 -0.002816 -0.059050
v 0.038781 0.041540 0.039901
v 0.095252 0.012175 -0.065345
v 0.095221 0.009688 -0.066631
v 0.095429 0.008283 -0.064840
v 0.095286 0.010486 -0.063809
v 0.091018 -0.006308 -0.064147
v 0.091249 0.001216 -0.065574
v 0.092546 0.003618 -0.065858
v 0.092369 0.001646 -0.065348
v 0.090204 -0.016694 -0.061761
v 0.089194 -0.015941 -0.061191
v 0.091220 -0.011456 -0.062733
v 0.092147 -0.011867 -0.063605
v 0.072547 -0.035817 -0.039502
v 0.075989 -0.033912 -0.041298
v 0.076193 -0.036078 -0.042387
v 0.071088 -0.037695 -0.040619
v 0.067977 -0.035781 -0.041606
v 0.073372 -0.036627 -0.045436
v 0.072976 -0.033128 -0.046348
v 0.068643 -0.032925 -0.043250
v 0.090258 0.021505 -0.051596
v 0.090571 0.018402 -0.051291
v 0.089085 0.017664 -0.049086
v 0.088705 0.020905 -0.049144
v 0.073897 -0.008713 -0.061771
v 0.071961 -0.015174 -0.059543
v 0.078090 -0.010307 -0.061715
v 0.078538 -0.007796 -0.061980
v 0.089130 0.011258 -0.058365
v 0.089837 0.012278 -0.061715
v 0.090003 0.010254 -0.062820
v 0.089294 0.008784 -0.060395
v 0.091299 0.014044 -0.066236
v 0.091536 0.011296 -0.067488
v 0.071537 -0.026516 -0.037906
v 0.070914 -0.022839 -0.037187
v 0.071924 -0.021427 -0.038329
v 0.072445 -0.022479 -0.039455
v 0.074748 -0.009521 -0.052841
v 0.076230 -0.005534 -0.051067
v 0.085716 -0.027276 -0.056855
v 0.085582 -0.025246 -0.055918
v 0.087873 -0.021120 -0.059265
v 0.088065 -0.022483 -0.060269
v 0.082757 -0.022604 -0.054279
v 0.085368 -0.020086 -0.057663
v 0.086497 -0.019364 -0.059228
v 0.085115 -0.021535 -0.057353
v 0.091684 0.014478 -0.057499
v 0.089493 0.016481 -0.053341
v 0.090259 0.016326 -0.053586
v 0.092179 0.014124 -0.058162
v 0.081515 0.003045 -0.061097
v 0.080483 0.007636 -0.059332
v 0.078673 0.007473 -0.059573
v 0.079825 0.003506 -0.061114
v 0.091840 0.011030 -0.064195
v 0.092169 0.008470 -0.065227
v 0.090517 0.007782 -0.064330
v 0.078589 0.009354 -0.048275
v 0.078450 0.010041 -0.049107
v 0.079128 0.008453 -0.049529
v 0.078658 0.007261 -0.048259
v 0.076217 -0.037545 -0.045505
v 0.069429 -0.023614 -0.053134
v 0.071534 -0.023002 -0.054279
v 0.074437 -0.019135 -0.057131
v 0.072974 -0.017835 -0.057579
v 0.067630 -0.033732 -0.038113
v 0.070761 -0.033657 -0.037817
v 0.071909 -0.035082 -0.038784
v 0.068435 -0.035941 -0.038834
v 0.081684 0.013498 -0.049153
v 0.084370 0.012825 -0.051257
v 0.082497 0.011910 -0.050717
v 0.080565 0.012313 -0.049029
v 0.089947 -0.000566 -0.064272
v 0.089383 0.006140 -0.062156
v 0.088488 -0.009753 -0.059136
v 0.089042 -0.009713 -0.062133
v 0.088070 -0.013725 -0.061126
v -0.027740 -0.043628 -0.108756
v -0.013530 -0.043331 -0.112746
v -0.013157 -0.055728 -0.109914
v -0.025922 -0.057673 -0.104803
v 0.087599 -0.013766 -0.058104
v 0.088704 -0.001615 -0.059044
v 0.089334 -0.001594 -0.062378
v 0.092883 0.007254 -0.063390
v 0.092681 0.001322 -0.063929
v 0.092707 0.007685 -0.064288
v 0.077871 0.011001 -0.058215
v 0.077697 0.014623 -0.063014
v 0.076338 0.008806 -0.064316
v 0.077509 0.009097 -0.059522
v 0.072899 -0.017582 -0.038743
v 0.074365 -0.015467 -0.039858
v 0.073234 -0.017684 -0.041403
v 0.072485 -0.019875 -0.041087
v 0.075238 -0.021319 -0.056019
v 0.072450 -0.024284 -0.053573
v 0.073056 -0.024952 -0.052953
v 0.076049 -0.023296 -0.054490
v 0.086951 0.013977 -0.053100
v 0.087093 0.008794 -0.053520
v 0.085188 0.008697 -0.052316
v 0.078257 -0.021267 -0.046321
v 0.078940 -0.020025 -0.048379
v 0.080267 -0.023065 -0.050063
v 0.079522 -0.025051 -0.048234
v 0.081309 -0.033764 -0.051130
v 0.078856 -0.033504 -0.051436
v 0.076142 -0.035504 -0.048331
v 0.078877 -0.036252 -0.048199
v 0.072299 -0.020959 -0.040158
v 0.072290 -0.020111 -0.038573
v 0.084282 0.003174 -0.062665
v 0.083163 0.008970 -0.060677
v 0.088710 0.007184 -0.058323
v 0.088713 0.004877 -0.059829
v 0.076508 -0.005236 -0.044420
v 0.074111 -0.004565 -0.045503
v 0.073826 -0.005264 -0.045739
v 0.076748 -0.006827 -0.044343
v 0.076729 -0.005132 -0.042871
v 0.077039 -0.006651 -0.042786
v 0.076624 -0.006936 -0.041338
v 0.076277 -0.006038 -0.041257
v 0.073451 -0.004167 -0.046417
v 0.073533 -0.004483 -0.045940
v 0.074105 -0.004061 -0.046263
v 0.078690 -0.001995 -0.056126
v 0.079723 -0.009763 -0.058319
v 0.077909 -0.009398 -0.057521
v 0.075802 -0.002251 -0.055599
v 0.089829 -0.008605 -0.063732
v 0.085165 0.017149 -0.045378
v 0.083287 0.018969 -0.045528
v 0.085949 0.022678 -0.049820
v 0.074138 -0.018354 -0.050877
v 0.076340 -0.017921 -0.047763
v 0.074563 -0.017940 -0.046258
v 0.073239 -0.018943 -0.049199
v 0.072715 -0.013503 -0.044075
v 0.070609 -0.016868 -0.043220
v 0.074842 -0.014995 -0.042763
v 0.077263 0.000365 -0.042479
v 0.075796 -0.003223 -0.045575
v 0.076277 -0.004141 -0.044039
v 0.076512 -0.003846 -0.042600
v 0.090266 -0.017448 -0.062933
v 0.092151 -0.012421 -0.065066
v 0.090359 -0.012291 -0.066068
v 0.088482 -0.017638 -0.064070
v 0.068575 -0.029963 -0.036773
v 0.065522 -0.032062 -0.039899
v 0.068457 -0.026701 -0.036041
v 0.094261 0.018332 -0.060498
v 0.090450 0.020706 -0.061046
v 0.090767 0.018936 -0.063168
v 0.094721 0.016561 -0.062425
v 0.074555 0.001892 -0.050689
v 0.074861 -0.000201 -0.050492
v 0.075278 0.001348 -0.048911
v 0.074982 0.003061 -0.048883
v 0.049961 -0.030045 -0.091791
v 0.057994 -0.030263 -0.073080
v 0.062525 -0.016728 -0.081624
v 0.055493 -0.016851 -0.097693
v 0.082313 -0.031058 -0.050683
v 0.080868 -0.033256 -0.048060
v 0.078645 0.007752 -0.041454
v 0.077430 0.009870 -0.040973
v 0.078780 0.014908 -0.042748
v 0.079852 0.011570 -0.042123
v 0.092125 0.003153 -0.068471
v 0.095101 0.002359 -0.067449
v 0.081204 0.014062 -0.047385
v 0.085319 0.017247 -0.050206
v 0.082986 0.015017 -0.049334
v 0.080837 0.013760 -0.047866
v 0.080322 0.005499 -0.045993
v 0.081161 0.006848 -0.045702
v 0.079751 0.007671 -0.045794
v 0.078651 0.006360 -0.045874
v 0.077053 0.014551 -0.040399
v 0.078976 0.019130 -0.043735
v 0.067622 -0.024067 -0.052736
v 0.080782 0.006537 -0.043667
v 0.081618 0.009046 -0.043387
v 0.082334 0.008265 -0.045588
v -0.041918 -0.081416 -0.086574
v -0.037647 -0.073133 -0.091607
v -0.035973 -0.086943 -0.095985
v -0.043562 -0.089594 -0.086744
v 0.070036 -0.021806 -0.035389
v 0.071529 -0.020323 -0.037070
v 0.080032 0.012637 -0.047862
v 0.079342 0.011551 -0.047914
v 0.077921 0.007924 -0.047474
v 0.078260 0.005569 -0.048582
v 0.084655 -0.001012 -0.054913
v 0.086101 -0.009310 -0.056744
v 0.066671 -0.016499 -0.067862
v 0.062909 -0.030067 -0.053613
v 0.078568 0.008112 -0.045778
v 0.078341 0.008579 -0.046043
v 0.077280 0.007618 -0.046724
v 0.077592 0.007110 -0.045935
v 0.079231 -0.034811 -0.045582
v 0.083503 0.005347 -0.052771
v 0.080047 0.003786 -0.050911
v 0.080703 0.005844 -0.050122
v 0.092415 -0.006852 -0.063463
v 0.093604 0.001369 -0.063897
v 0.095114 0.001855 -0.065417
v 0.093807 -0.007068 -0.064703
v 0.066353 -0.033971 -0.040053
v 0.074943 -0.000871 -0.051462
v 0.076008 -0.002746 -0.050872
v 0.075371 0.004395 -0.048931
v 0.076136 0.006111 -0.047426
v 0.072039 -0.017419 -0.036721
v 0.091120 0.014918 -0.061689
v 0.091485 0.013096 -0.062942
v 0.089584 0.013770 -0.060465
v 0.089204 0.014907 -0.058922
v 0.088074 0.016064 -0.055315
v 0.088511 0.017604 -0.054936
v 0.090512 0.016335 -0.059732
v 0.079035 0.004446 -0.049894
v 0.079820 0.006310 -0.049121
v 0.077555 -0.022382 -0.044594
v 0.078451 -0.028354 -0.045381
v 0.086695 -0.017221 -0.058980
v 0.085849 -0.016425 -0.056180
v 0.087671 -0.006260 -0.066380
v 0.087734 0.002939 -0.066688
v 0.085776 0.003016 -0.064666
v 0.085958 -0.005558 -0.065135
v 0.078595 -0.002322 -0.061770
v 0.075365 -0.001082 -0.062772
v 0.075831 -0.004922 -0.040749
v 0.075140 -0.001275 -0.039088
v 0.075283 0.003892 -0.049240
v 0.075713 0.005319 -0.047275
v 0.079879 -0.018987 -0.058373
v 0.075709 -0.026478 -0.051290
v 0.080189 -0.021487 -0.056645
v 0.071037 -0.026838 -0.049454
v 0.070572 -0.028053 -0.047260
v 0.073581 -0.028279 -0.048734
v 0.082626 -0.020651 -0.053612
v 0.084738 -0.019434 -0.056102
v 0.072687 -0.004406 -0.047222
v 0.071321 -0.005922 -0.048492
v 0.072240 -0.004863 -0.046584
v 0.087510 -0.001511 -0.056645
v 0.087762 -0.009470 -0.057358
v 0.081384 0.008975 -0.045933
v 0.078523 -0.000797 -0.047354
v 0.079753 0.002470 -0.045078
v 0.084416 0.012205 -0.045648
v 0.082982 0.010575 -0.046184
v 0.082468 0.009761 -0.046007
v 0.083416 0.010144 -0.045361
v 0.065517 -0.014353 -0.046762
v 0.068940 -0.015845 -0.045394
v 0.070464 -0.012652 -0.045241
v 0.087767 0.017716 -0.053830
v 0.088176 0.015734 -0.054913
v 0.084862 0.009530 -0.062393
v 0.079453 0.010267 -0.050192
v 0.080314 0.008648 -0.050943
v 0.080701 0.022613 -0.059041
v 0.080500 0.020369 -0.055390
v 0.080693 0.020250 -0.054047
v 0.081023 0.024383 -0.054683
v 0.069461 -0.031091 -0.044222
v 0.072692 -0.030927 -0.046810
v 0.072546 -0.029446 -0.047238
v 0.070047 -0.029515 -0.045389
v 0.073856 -0.018085 -0.045567
v 0.072860 -0.019173 -0.048206
v 0.087985 -0.015816 -0.061373
v 0.087226 -0.016692 -0.060480
v 0.088702 -0.012759 -0.062450
v 0.089782 -0.011557 -0.063011
v 0.075439 0.002851 -0.052495
v 0.074652 0.001622 -0.052659
v 0.080813 0.013985 -0.054855
v 0.083210 0.016181 -0.056334
v 0.082203 0.019033 -0.053203
v 0.080367 0.017077 -0.053066
v 0.086519 0.010170 -0.064658
v 0.080224 0.007399 -0.050602
v 0.080886 0.007604 -0.051610
v 0.079751 0.007821 -0.050162
v 0.077917 0.005519 -0.046026
v 0.079664 0.004278 -0.046382
v 0.083901 0.012275 -0.046715
v 0.087792 0.015576 -0.049825
v 0.086904 0.015553 -0.049453
v 0.083188 0.012963 -0.046953
v 0.078471 0.010095 -0.047043
v 0.013195 -0.031258 -0.119090
v 0.015003 -0.021124 -0.126736
v -0.038792 0.047612 0.036876
v -0.046066 0.046408 0.031378
v -0.045191 0.040646 0.034643
v -0.037981 0.041246 0.038689
v 0.080818 0.019237 -0.045986
v 0.082029 0.021065 -0.049922
v 0.083064 0.021922 -0.049941
v 0.081468 0.020111 -0.046771
v 0.089171 0.013691 -0.058287
v 0.092707 0.009998 -0.063265
v 0.076714 -0.003888 -0.049414
v 0.073439 -0.006757 -0.049557
v 0.063279 -0.007921 -0.048688
v 0.063651 -0.006651 -0.048762
v 0.064393 -0.007194 -0.050079
v 0.063886 -0.008748 -0.050211
v 0.065990 -0.013060 -0.050231
v 0.068533 -0.014166 -0.049177
v 0.067628 -0.016094 -0.047723
v 0.064934 -0.015337 -0.049727
v 0.062378 -0.011297 -0.049257
v 0.062860 -0.009610 -0.048922
v 0.063686 -0.010513 -0.050420
v 0.063293 -0.012489 -0.050663
v 0.087372 0.017560 -0.051664
v 0.088804 0.017441 -0.053230
v 0.093668 0.009378 -0.062217
v 0.093805 0.007359 -0.063197
v 0.092049 0.013653 -0.060657
v 0.092419 0.011991 -0.061907
v 0.074982 -0.012830 -0.039640
v 0.076052 -0.012658 -0.041569
v 0.075547 -0.014292 -0.041524
v 0.094901 0.012701 -0.062315
v 0.095046 0.014369 -0.063971
v 0.071752 -0.029961 -0.037603
v 0.070076 -0.031366 -0.036933
v 0.038268 -0.094621 -0.027628
v 0.048901 -0.091392 -0.037273
v 0.048578 -0.101461 -0.037720
v 0.039034 -0.105076 -0.028509
v 0.083814 0.014466 -0.044391
v 0.082317 0.016880 -0.044226
v 0.062527 -0.012623 -0.047614
v 0.062466 -0.013893 -0.049714
v 0.064925 -0.015580 -0.048215
v 0.068001 -0.008528 -0.046061
v 0.063853 -0.007683 -0.046809
v 0.066410 -0.011316 -0.050230
v 0.067952 -0.006299 -0.049442
v 0.068359 -0.005216 -0.047654
v 0.069758 -0.019483 -0.044466
v 0.071269 -0.019795 -0.046924
v 0.072738 -0.019971 -0.043429
v 0.062913 -0.014226 -0.050482
v 0.075290 0.003734 -0.050409
v 0.069690 -0.010304 -0.049787
v 0.072678 -0.012913 -0.051390
v 0.071945 -0.015095 -0.050625
v 0.069213 -0.012302 -0.049760
v 0.080920 -0.023519 -0.051619
v 0.081194 -0.021665 -0.051607
v 0.075488 -0.017468 -0.052701
v 0.078299 -0.017674 -0.050676
v 0.076603 -0.001038 -0.049495
v 0.078271 0.001884 -0.047772
v 0.073047 -0.004278 -0.046966
v 0.070564 -0.008056 -0.049545
v 0.072963 -0.010268 -0.051245
v 0.068313 -0.007033 -0.046241
v 0.072152 -0.007199 -0.045744
v 0.072043 -0.006088 -0.045982
v 0.068346 -0.005999 -0.046533
v 0.083262 0.008713 -0.052010
v 0.081058 0.014618 -0.043287
v 0.082868 0.011781 -0.043720
v 0.080773 0.027240 -0.070939
v 0.078155 0.019548 -0.074922
v 0.079597 0.019704 -0.062351
v 0.066530 -0.009386 -0.049957
v 0.064614 -0.005598 -0.048277
v 0.064788 -0.005855 -0.046824
v 0.087173 -0.019860 -0.058920
v 0.073664 -0.020231 -0.043012
v 0.076460 0.003774 -0.046991
v 0.086668 -0.011281 -0.065085
v 0.085243 -0.016205 -0.063165
v 0.075692 0.004987 -0.047260
v 0.076582 0.006097 -0.046184
v 0.072160 -0.019565 -0.047700
v 0.073411 -0.019002 -0.044617
v 0.076937 0.006512 -0.046134
v 0.075564 -0.013191 -0.043069
v 0.088777 0.008581 -0.056797
v 0.077364 -0.030546 -0.051650
v 0.075075 -0.032062 -0.048857
v 0.064307 -0.006653 -0.046864
v 0.067446 -0.016244 -0.047059
v 0.067589 -0.007650 -0.050084
v 0.074247 -0.009412 -0.044653
v 0.073629 -0.011530 -0.044341
v 0.076243 -0.011027 -0.043260
v 0.079863 -0.017197 -0.052369
v 0.076402 -0.015956 -0.054866
v 0.077715 -0.014870 -0.056780
v 0.081743 -0.016361 -0.053886
v 0.083760 -0.020953 -0.060813
v 0.081946 -0.025263 -0.057531
v 0.084096 -0.027582 -0.057790
v 0.086512 -0.023039 -0.061442
v 0.081916 0.042422 -0.080033
v 0.081922 0.032406 -0.064550
v 0.083011 0.048409 -0.069001
v 0.085686 0.017602 -0.060622
v 0.085829 0.015464 -0.062034
v 0.091094 0.016485 -0.064803
v 0.080353 0.022181 -0.048822
v 0.080917 0.019799 -0.052267
v 0.080476 0.020733 -0.049970
v 0.091486 -0.006812 -0.067511
v 0.078014 0.003940 -0.041603
v 0.080276 0.004470 -0.044154
v 0.078578 -0.017551 -0.059132
v 0.081410 -0.018282 -0.051925
v 0.083762 -0.017726 -0.053915
v 0.091901 0.018319 -0.053652
v 0.089168 0.016394 -0.051470
v 0.007132 -0.101842 -0.002142
v 0.007535 -0.110552 -0.005795
v 0.007655 -0.007805 0.060244
v 0.009077 -0.008041 0.058889
v 0.008039 -0.006115 0.057970
v 0.007336 -0.006060 0.058605
v 0.008066 -0.016770 0.058637
v 0.007350 -0.015208 0.057544
v 0.008186 -0.015434 0.056791
v 0.009065 -0.016730 0.057687
v 0.004873 -0.006328 0.057698
v 0.003346 -0.009278 0.060421
v 0.004898 -0.007938 0.061806
v 0.006063 -0.005629 0.058503
v 0.091376 0.021568 -0.054718
v 0.011176 -0.016926 0.058027
v 0.010098 -0.015352 0.057002
v 0.011118 -0.014684 0.058723
v 0.012658 -0.015929 0.059623
v 0.004290 -0.015825 0.066258
v 0.005378 -0.013780 0.066455
v 0.004223 -0.014781 0.064189
v 0.004244 -0.016535 0.063754
v 0.007012 -0.013188 0.065893
v 0.008794 -0.013638 0.067382
v 0.010466 -0.013797 0.065809
v 0.008413 -0.013328 0.064353
v 0.003894 -0.012745 0.059560
v 0.005059 -0.014551 0.060677
v 0.003317 -0.012661 0.063065
v 0.011138 -0.012595 0.057112
v 0.009549 -0.013694 0.055800
v 0.008836 -0.009876 0.055133
v 0.010159 -0.009025 0.056144
v 0.040900 -0.078718 -0.025926
v 0.050341 -0.077919 -0.038008
v 0.034917 0.005449 0.037673
v 0.033982 0.002629 0.038878
v 0.029716 0.003812 0.039676
v 0.030834 0.006286 0.038620
v 0.076971 -0.008733 -0.042184
v 0.076393 -0.007910 -0.040931
v 0.085985 0.012908 -0.063310
v 0.091693 0.015318 -0.058114
v 0.085530 0.019335 -0.058790
v 0.084249 0.021588 -0.054455
v 0.083035 0.020194 -0.053728
v 0.084169 0.017561 -0.057402
v 0.094024 0.015760 -0.059073
v 0.074826 -0.021654 -0.042640
v 0.085777 0.004756 -0.054362
v 0.083611 0.022089 -0.052241
v 0.087202 0.023552 -0.052677
v 0.091629 -0.006810 -0.063504
v 0.094505 0.014321 -0.060812
v 0.092716 0.012848 -0.059626
v 0.085676 0.014241 -0.046133
v 0.079167 -0.012890 -0.058572
v 0.085403 -0.012866 -0.056316
v 0.083745 -0.015249 -0.055249
v -0.094199 0.012578 -0.069445
v -0.094154 0.010099 -0.070703
v -0.094265 0.008749 -0.068991
v -0.094096 0.010961 -0.068136
v -0.090423 -0.005632 -0.068354
v -0.090509 0.001685 -0.069846
v -0.091742 0.004111 -0.070230
v -0.091784 0.002156 -0.069779
v 0.078205 -0.014419 -0.057909
v 0.074522 0.000509 -0.052416
v 0.071194 -0.016465 -0.034635
v 0.080307 -0.028175 -0.048993
v -0.089976 -0.015667 -0.065310
v -0.089056 -0.015050 -0.065072
v -0.090838 -0.010561 -0.066585
v -0.091792 -0.010954 -0.067129
v 0.081543 -0.027042 -0.051311
v 0.029216 -0.030809 -0.113561
v 0.032786 -0.019840 -0.120359
v 0.093739 -0.007041 -0.066644
v 0.086651 0.016616 -0.052297
v 0.076604 -0.022208 -0.043812
v 0.075946 -0.027797 -0.042698
v 0.074464 -0.027128 -0.041056
v 0.080742 0.007926 -0.051301
v 0.077696 -0.016324 -0.059617
v 0.077675 -0.013917 -0.060592
v 0.064751 -0.006326 -0.049731
v 0.080854 -0.023231 -0.056899
v 0.076711 -0.028513 -0.051449
v 0.055224 -0.075570 -0.049737
v 0.051388 -0.073203 -0.063856
v -0.073163 -0.034492 -0.043226
v -0.076283 -0.032609 -0.045140
v -0.076430 -0.034467 -0.046529
v -0.071563 -0.035511 -0.044905
v 0.051405 -0.084937 -0.062409
v 0.054043 -0.088209 -0.048955
v 0.073227 -0.002622 -0.035885
v 0.074028 -0.010058 -0.037822
v 0.072848 -0.010934 -0.036132
v 0.018647 -0.093148 -0.006427
v 0.016924 -0.106496 -0.010653
v 0.070057 -0.015491 -0.031137
v 0.069135 -0.015767 -0.021646
v 0.071763 -0.000413 -0.022097
v 0.071382 -0.005939 -0.031034
v 0.060608 0.030953 0.013451
v 0.062385 0.031344 0.008720
v 0.063109 0.022024 0.009102
v 0.061111 0.023334 0.013203
v 0.020368 0.085670 0.028322
v 0.010233 0.086471 0.030398
v 0.010362 0.093673 0.024435
v 0.020735 0.092572 0.021937
v 0.034967 -0.011959 -0.125170
v 0.037038 -0.001785 -0.130378
v 0.017340 -0.004433 -0.137310
v 0.016127 -0.013854 -0.131684
v 0.021147 0.109520 -0.000226
v 0.010522 0.111076 0.002420
v 0.010680 0.116144 -0.007526
v -0.068525 -0.033996 -0.045775
v -0.073019 -0.034883 -0.050082
v -0.072394 -0.031738 -0.051197
v -0.068876 -0.031558 -0.047764
v 0.021506 0.114318 -0.009836
v 0.054062 0.002978 0.027737
v 0.056101 -0.003230 0.028076
v 0.052105 -0.003743 0.031979
v 0.050474 0.002485 0.030852
v 0.074717 -0.032346 -0.040170
v 0.073485 -0.031295 -0.039159
v -0.089663 0.021465 -0.054950
v -0.089679 0.018351 -0.055011
v -0.087751 0.017704 -0.052852
v -0.087841 0.020875 -0.052458
v -0.075485 -0.009254 -0.065575
v -0.073505 -0.015526 -0.063574
v -0.079483 -0.010699 -0.065801
v -0.079809 -0.008240 -0.066151
v 0.010889 0.120540 -0.019183
v 0.021985 0.118519 -0.021095
v 0.012020 0.012590 0.044459
v -0.087245 0.011512 -0.062855
v -0.088500 0.012575 -0.066158
v -0.088863 0.010617 -0.067273
v -0.087836 0.009063 -0.064778
v -0.090445 0.014388 -0.070273
v -0.090612 0.011682 -0.071654
v -0.072118 -0.025576 -0.041113
v -0.071220 -0.022066 -0.040461
v -0.072020 -0.020660 -0.041818
v -0.072889 -0.021556 -0.042768
v -0.073679 -0.009084 -0.057464
v -0.075678 -0.005146 -0.055405
v -0.084751 -0.025621 -0.060831
v -0.085102 -0.023933 -0.059766
v -0.087555 -0.019964 -0.062849
v -0.087387 -0.021113 -0.063961
v 0.012532 0.014487 0.041569
v 0.016240 0.011189 0.040490
v 0.015684 0.009172 0.042857
v 0.008120 0.060090 0.043355
v 0.009062 0.067484 0.040226
v 0.018131 0.067481 0.038858
v 0.016700 0.060175 0.042413
v 0.020892 0.008516 0.039530
v 0.020007 0.006595 0.041099
v 0.010392 0.100000 0.017793
v 0.020914 0.098776 0.015067
v 0.021329 0.125043 -0.070910
v -0.082563 -0.021720 -0.058202
v -0.085037 -0.019286 -0.061610
v -0.086265 -0.018540 -0.063250
v -0.084860 -0.020641 -0.061351
v 0.021904 0.125181 -0.062538
v 0.010484 0.127839 -0.062940
v -0.090684 0.014617 -0.061775
v -0.088473 0.016473 -0.057539
v -0.089047 0.016424 -0.057689
v -0.090883 0.014461 -0.062512
v 0.011454 0.127042 -0.075410
v 0.068891 0.000909 -0.090464
v 0.072394 -0.000417 -0.074637
v 0.075571 0.011283 -0.076711
v 0.073417 0.016962 -0.093781
v 0.027930 -0.088228 -0.015308
v 0.026618 -0.100696 -0.019141
v -0.082181 0.002962 -0.065201
v -0.080878 0.007729 -0.063355
v -0.079771 0.007259 -0.063381
v -0.081008 0.003132 -0.065056
v -0.090982 0.011495 -0.068640
v -0.091347 0.008952 -0.069646
v -0.089449 0.008181 -0.068718
v -0.077645 0.009195 -0.052466
v -0.078085 0.009927 -0.053172
v -0.078753 0.008339 -0.053561
v -0.078308 0.007280 -0.052292
v -0.075917 -0.035621 -0.050055
v -0.070533 -0.023597 -0.057622
v -0.072398 -0.022754 -0.058752
v -0.075339 -0.018938 -0.061476
v -0.074264 -0.017858 -0.061833
v 0.054178 0.052169 0.020010
v 0.056179 0.057018 0.015498
v 0.059616 0.050177 0.012038
v 0.057151 0.046316 0.016896
v 0.006441 0.048119 0.047559
v 0.014063 0.048163 0.047313
v 0.012073 0.042175 0.047687
v 0.005675 0.041997 0.048154
v -0.068511 -0.032481 -0.041303
v -0.071671 -0.032610 -0.040880
v -0.072666 -0.033901 -0.042137
v -0.069320 -0.034230 -0.042538
v 0.061195 0.016027 0.014134
v 0.063603 0.013024 0.011002
v 0.062512 0.004971 0.015887
v 0.059880 0.009063 0.017988
v 0.056719 0.004321 0.024228
v -0.080668 0.013260 -0.053253
v -0.082994 0.012745 -0.055497
v -0.081474 0.011760 -0.054792
v -0.079754 0.012059 -0.053073
v 0.058932 -0.001545 0.023980
v -0.089290 -0.000104 -0.068391
v -0.088144 0.006519 -0.066481
v 0.019431 0.076424 0.034537
v 0.009720 0.076886 0.036141
v 0.061553 0.041195 0.009455
v 0.059178 0.038930 0.014592
v 0.009249 0.015843 0.047000
v 0.010003 0.017298 0.043264
v 0.007157 0.022440 0.045758
v -0.088328 -0.009327 -0.062977
v -0.088800 -0.009169 -0.066075
v -0.087782 -0.013146 -0.064921
v -0.087507 -0.013258 -0.061819
v 0.004326 0.021744 0.051866
v 0.004271 0.025639 0.050157
v 0.007080 0.025526 0.046188
v 0.034607 0.059873 0.035265
v 0.036214 0.066544 0.031436
v 0.043890 0.065227 0.026032
v 0.042354 0.058980 0.030049
v 0.021027 0.104313 0.007885
v -0.088200 -0.001377 -0.062934
v -0.088768 -0.001196 -0.066408
v 0.010431 0.105689 0.010632
v 0.004706 0.034525 0.048318
v 0.009019 0.034627 0.046451
v 0.007790 0.031395 0.046125
v -0.092155 0.007820 -0.068005
v -0.092257 0.001844 -0.068419
v -0.091917 0.008159 -0.068689
v -0.078786 0.010971 -0.061542
v -0.078626 0.014305 -0.065651
v -0.077781 0.008317 -0.067173
v -0.079002 0.008849 -0.063009
v 0.004667 0.031398 0.048620
v 0.024647 0.005009 0.040341
v 0.025697 0.007223 0.039240
v 0.065597 -0.029962 -0.043667
v 0.067126 -0.032177 -0.042668
v 0.074922 0.014388 -0.034459
v 0.072869 0.004169 -0.032470
v 0.072482 0.012565 -0.023462
v 0.074451 0.024918 -0.025612
v 0.077353 0.036450 -0.029294
v 0.078547 0.044729 -0.034892
v 0.079522 0.029164 -0.041429
v 0.077799 0.023004 -0.036885
v 0.046203 -0.082567 -0.074372
v 0.044389 -0.071950 -0.077148
v 0.004192 0.018654 0.054923
v 0.004101 0.015714 0.057705
v 0.019933 0.036575 -0.150057
v -0.072415 -0.017006 -0.042801
v -0.073931 -0.015047 -0.044033
v -0.072788 -0.017165 -0.045506
v -0.072237 -0.019164 -0.045078
v 0.019260 0.023358 -0.147763
v 0.039838 0.027139 -0.139429
v 0.040309 0.039705 -0.141337
v 0.065345 -0.009403 -0.086015
v -0.075858 -0.020809 -0.060234
v -0.073013 -0.023829 -0.058105
v -0.073392 -0.024287 -0.057510
v -0.076365 -0.022598 -0.058825
v 0.069552 -0.008957 -0.071476
v 0.009750 -0.011128 0.060650
v 0.006572 -0.006616 0.056216
v 0.006611 -0.010298 0.055139
v 0.006303 -0.007632 0.056213
v 0.009928 -0.013706 0.062190
v 0.012133 -0.014356 0.063296
v 0.007464 -0.013822 0.055693
v 0.006755 -0.013668 0.056068
v 0.006051 -0.010026 0.055379
v 0.007846 -0.006135 0.056825
v 0.001506 -0.017370 0.068483
v 0.002117 -0.015912 0.071335
v 0.005796 -0.014592 0.070152
v 0.004331 -0.016038 0.068144
v 0.004365 -0.007549 0.057481
v 0.003509 -0.009648 0.058117
v 0.004635 -0.011482 0.064998
v 0.006326 -0.007776 0.061273
v 0.006725 -0.005758 0.058600
v 0.006280 -0.010838 0.064250
v 0.005415 -0.016604 0.061234
v 0.007962 -0.010777 0.062655
v -0.084927 0.014131 -0.057603
v -0.085309 0.008921 -0.057907
v -0.083847 0.008723 -0.056629
v -0.078465 -0.020451 -0.050234
v -0.079100 -0.019378 -0.052274
v -0.080284 -0.022174 -0.053933
v -0.079375 -0.023980 -0.052267
v 0.079886 -0.019060 -0.050121
v 0.051373 -0.060309 -0.033041
v 0.055820 -0.046112 -0.039281
v 0.056358 -0.046937 -0.044360
v -0.080383 -0.031914 -0.055426
v -0.077944 -0.032032 -0.056306
v -0.075566 -0.034008 -0.053163
v -0.078226 -0.034422 -0.052736
v -0.072473 -0.020127 -0.043824
v -0.072049 -0.019430 -0.042336
v -0.084390 0.003311 -0.066967
v -0.083058 0.009147 -0.064916
v 0.053481 -0.061944 -0.040863
v 0.083496 0.007177 -0.052585
v 0.068493 0.056274 -0.005983
v 0.069901 0.067444 -0.015736
v 0.075552 0.056215 -0.026729
v -0.087079 0.007404 -0.062539
v -0.087517 0.005187 -0.063992
v 0.075148 0.045936 -0.021128
v 0.070295 0.077028 -0.024081
v 0.075802 0.066763 -0.034441
v 0.079326 0.055033 -0.043512
v 0.081415 0.035347 -0.056412
v 0.042247 0.018106 0.032862
v 0.042480 0.017850 0.032790
v 0.041014 0.017389 0.033981
v -0.075877 -0.004805 -0.048622
v -0.073459 -0.004106 -0.049737
v -0.073216 -0.004846 -0.049898
v -0.076157 -0.006412 -0.048466
v 0.040849 0.017717 0.034096
v 0.041912 0.018237 0.032624
v 0.040679 0.017829 0.033587
v -0.076114 -0.004722 -0.047040
v -0.076503 -0.006244 -0.046902
v -0.076122 -0.006582 -0.045472
v -0.075747 -0.005684 -0.045392
v 0.042949 0.018708 0.031815
v 0.043314 0.018522 0.032021
v 0.043464 0.018239 0.031924
v 0.025895 0.018184 0.036644
v 0.026330 0.018283 0.035853
v 0.028690 0.017681 0.036763
v 0.028490 0.017586 0.037624
v 0.025724 0.017916 0.036897
v 0.028705 0.017188 0.037675
v -0.072772 -0.003721 -0.050662
v -0.072892 -0.004057 -0.050142
v -0.073427 -0.003575 -0.050542
v -0.078245 -0.000960 -0.061035
v -0.079268 -0.008889 -0.062654
v -0.077276 -0.008742 -0.062110
v -0.075330 -0.001581 -0.060154
v 0.025014 0.019590 0.030689
v 0.024761 0.020248 0.030786
v -0.089357 -0.007935 -0.067710
v 0.026038 0.018644 0.030880
v 0.023812 0.020442 0.033476
v 0.023740 0.021533 0.033695
v -0.084175 0.017112 -0.048715
v -0.082534 0.019006 -0.048461
v -0.085322 0.022603 -0.052863
v 0.024385 0.021954 0.031094
v 0.024503 0.020832 0.030842
v 0.024079 0.019852 0.033573
v -0.073789 -0.018355 -0.055421
v -0.076328 -0.017488 -0.051901
v -0.074384 -0.017437 -0.050403
v -0.072917 -0.018736 -0.053633
v -0.072120 -0.013097 -0.048297
v -0.070035 -0.016400 -0.047477
v -0.074397 -0.014599 -0.046937
v -0.076579 0.000919 -0.046567
v -0.074918 -0.002629 -0.049795
v -0.075619 -0.003679 -0.048257
v -0.075890 -0.003457 -0.046778
v -0.089738 -0.016279 -0.066494
v -0.091638 -0.011383 -0.068596
v -0.089786 -0.011413 -0.069998
v -0.087883 -0.016533 -0.067953
v 0.022407 0.019668 0.034211
v 0.022079 0.020166 0.034149
v -0.069287 -0.028978 -0.039960
v -0.066313 -0.030938 -0.043100
v -0.069149 -0.025890 -0.039118
v -0.093598 0.018518 -0.064138
v -0.089865 0.020851 -0.064624
v -0.090153 0.019124 -0.066899
v -0.094000 0.016795 -0.066201
v -0.074391 0.002354 -0.055054
v -0.074613 0.000284 -0.054782
v -0.074830 0.001655 -0.053227
v -0.074660 0.003491 -0.053297
v 0.022215 0.021216 0.034410
v 0.033318 0.016252 0.037630
v 0.033665 0.015685 0.037353
v 0.029180 0.016080 0.037588
v 0.028992 0.016652 0.037694
v 0.033015 0.016749 0.037730
v 0.036250 0.016827 0.036928
v 0.036626 0.016347 0.036741
v 0.036904 0.015811 0.036378
v -0.051698 -0.030289 -0.093578
v -0.059778 -0.030472 -0.075671
v -0.064223 -0.017093 -0.084126
v -0.057142 -0.017191 -0.099584
v -0.081721 -0.029546 -0.054790
v -0.080479 -0.031687 -0.052285
v -0.077992 0.008093 -0.044890
v -0.076867 0.010112 -0.043740
v -0.077862 0.015129 -0.045209
v -0.078907 0.011850 -0.045124
v 0.025792 0.016927 0.037022
v 0.025727 0.017501 0.037000
v 0.037150 0.015211 0.035989
v 0.033929 0.015046 0.036963
v -0.091082 0.003702 -0.072714
v -0.093914 0.002938 -0.071333
v 0.029344 0.015382 0.037363
v 0.025718 0.016405 0.037085
v 0.022557 0.017792 0.036468
v 0.022989 0.018133 0.036340
v 0.034093 0.014369 0.036692
v 0.034013 0.013620 0.036643
v 0.029193 0.013999 0.037280
v 0.029330 0.014680 0.037216
v -0.079932 0.013864 -0.051532
v -0.083687 0.017327 -0.054554
v -0.081458 0.014846 -0.053654
v -0.079710 0.013465 -0.052089
v -0.079301 0.005832 -0.050162
v -0.080098 0.006968 -0.049641
v -0.078728 0.007828 -0.049881
v -0.077745 0.006556 -0.050069
v 0.037273 0.014497 0.035627
v 0.037218 0.013677 0.035549
v -0.076287 0.014633 -0.042478
v -0.078056 0.019153 -0.045547
v 0.045198 0.018559 0.030234
v 0.045755 0.019062 0.029513
v 0.045924 0.018371 0.029393
v -0.068982 -0.024221 -0.056822
v 0.045630 0.017926 0.029779
v 0.048856 0.015576 0.026174
v 0.049878 0.016914 0.025323
v 0.052048 0.015782 0.023692
v -0.079741 0.006961 -0.047541
v -0.080609 0.009304 -0.046942
v -0.081172 0.008428 -0.049339
v -0.070182 -0.021153 -0.038570
v -0.071377 -0.019667 -0.040647
v -0.079093 0.012367 -0.051950
v -0.078535 0.011296 -0.052001
v -0.077068 0.007978 -0.051657
v -0.077861 0.005907 -0.052567
v 0.050661 0.014387 0.025016
v -0.084056 -0.000586 -0.058763
v -0.085582 -0.008769 -0.060303
v 0.058622 0.006165 0.020921
v 0.052661 0.011897 0.024145
v 0.054187 0.013425 0.022131
v 0.044528 0.018098 0.030973
v 0.043727 0.017752 0.031786
v 0.044293 0.018640 0.031105
v 0.044946 0.019084 0.030411
v 0.045008 0.017519 0.030516
v 0.044116 0.017143 0.031501
v 0.042797 0.017389 0.032703
v 0.043149 0.016765 0.032477
v 0.041635 0.016316 0.033734
v 0.041351 0.016881 0.033906
v 0.039207 0.016515 0.035311
v -0.068307 -0.016845 -0.071237
v -0.064481 -0.030136 -0.057001
v 0.038878 0.017032 0.035443
v 0.039494 0.015976 0.035031
v 0.041893 0.015668 0.033500
v 0.039830 0.015372 0.034731
v 0.043538 0.016111 0.032078
v 0.044627 0.016543 0.030973
v 0.045482 0.016980 0.029947
v 0.046152 0.017410 0.029151
v 0.046574 0.018049 0.028630
v 0.046069 0.016304 0.029102
v 0.046728 0.015607 0.028283
v 0.045451 0.015067 0.029656
v 0.045093 0.015846 0.030288
v 0.046923 0.016846 0.028166
v 0.047760 0.016247 0.027179
v -0.077566 0.008183 -0.049896
v -0.077284 0.008534 -0.050174
v -0.076419 0.007693 -0.050910
v -0.076777 0.007214 -0.050116
v 0.043853 0.015468 0.031635
v 0.044064 0.014723 0.031131
v 0.042143 0.014270 0.032779
v 0.042056 0.015102 0.033237
v -0.079177 -0.033276 -0.049789
v -0.082809 0.005515 -0.056662
v -0.079869 0.004061 -0.054921
v -0.080613 0.005929 -0.053955
v 0.040074 0.014736 0.034426
v 0.040133 0.013921 0.034076
v -0.091903 -0.006042 -0.067248
v -0.093125 0.001916 -0.068089
v -0.094170 0.002379 -0.069524
v -0.093001 -0.006214 -0.068434
v 0.032883 0.017084 0.037731
v 0.032807 0.017206 0.037101
v 0.035954 0.017261 0.036470
v 0.036060 0.017160 0.037017
v 0.038642 0.017366 0.035512
v -0.067131 -0.032408 -0.043829
v -0.074630 -0.000371 -0.055679
v -0.075714 -0.002207 -0.055125
v 0.038623 0.017471 0.034999
v 0.036027 0.016144 0.033997
v 0.035187 0.016762 0.030219
v 0.038026 0.016843 0.029411
v 0.039228 0.016395 0.032855
v -0.075234 0.004939 -0.052966
v -0.075506 0.006333 -0.051683
v 0.032342 0.015924 0.034501
v 0.031917 0.017085 0.030793
v 0.028730 0.016486 0.034676
v -0.071699 -0.016924 -0.040579
v 0.028670 0.017792 0.030939
v 0.026261 0.018083 0.034447
v 0.035059 0.029925 0.037283
v 0.035151 0.030249 0.037368
v 0.039914 0.029582 0.036264
v 0.039571 0.029202 0.036176
v 0.050431 0.001061 -0.120528
v 0.052031 0.015729 -0.126421
v 0.039005 0.011613 -0.135613
v 0.042429 0.026957 0.035245
v 0.042468 0.027755 0.034935
v 0.044699 0.026610 0.033261
v 0.044477 0.025841 0.033564
v 0.042323 0.026036 0.035424
v -0.090117 0.015241 -0.066069
v -0.090515 0.013501 -0.067380
v -0.088304 0.013965 -0.064883
v -0.087880 0.015083 -0.063352
v -0.087008 0.016231 -0.059744
v -0.087552 0.017714 -0.059345
v -0.089365 0.016605 -0.064102
v -0.078758 0.004781 -0.053846
v -0.079711 0.006381 -0.053020
v 0.044215 0.024954 0.033534
v 0.039433 0.027105 0.037221
v -0.077846 -0.021427 -0.048459
v -0.078381 -0.027117 -0.049470
v -0.086316 -0.016591 -0.062779
v -0.085806 -0.015894 -0.059828
v -0.087086 -0.005607 -0.070674
v -0.087162 0.003372 -0.071063
v -0.085561 0.003297 -0.068997
v -0.085720 -0.005065 -0.069331
v 0.039524 0.028061 0.037079
v 0.039510 0.028726 0.036556
v 0.044390 0.023482 0.028729
v 0.043474 0.025007 0.029603
v -0.079918 -0.002802 -0.065804
v -0.076937 -0.001682 -0.066321
v -0.075321 -0.004630 -0.044878
v -0.074855 -0.001012 -0.042791
v -0.074971 0.004317 -0.053624
v -0.075225 0.005655 -0.051654
v -0.080272 -0.018389 -0.062419
v -0.075628 -0.025642 -0.055909
v -0.080208 -0.020732 -0.060931
v -0.071326 -0.026188 -0.054100
v -0.070689 -0.027253 -0.051973
v -0.073430 -0.027416 -0.053523
v 0.043305 0.023751 0.032104
v 0.044035 0.022768 0.030893
v 0.044843 0.022738 0.028001
v 0.044486 0.022024 0.029944
v 0.044427 0.023214 0.024807
v 0.043644 0.023991 0.025540
v 0.042450 0.024937 0.026602
v -0.082611 -0.019974 -0.057391
v -0.084647 -0.018795 -0.059918
v 0.044877 0.022497 0.024393
v -0.072033 -0.003955 -0.051368
v -0.070457 -0.005427 -0.052625
v -0.071591 -0.004479 -0.050824
v -0.086725 -0.001210 -0.060423
v -0.087433 -0.009045 -0.061020
v -0.080227 0.009020 -0.049845
v 0.045155 0.021770 0.024237
v -0.077842 -0.000108 -0.051553
v -0.078871 0.003148 -0.049264
v -0.083180 0.012178 -0.049403
v -0.081714 0.010550 -0.050059
v -0.081207 0.009789 -0.049856
v -0.082144 0.010211 -0.049089
v -0.065073 -0.013754 -0.050990
v -0.068340 -0.015356 -0.049676
v -0.069845 -0.012196 -0.049470
v 0.045083 0.020951 0.024179
v 0.044785 0.020142 0.024505
v 0.060752 -0.009970 0.021606
v 0.060969 0.001056 0.019951
v -0.086231 0.017932 -0.058231
v -0.086481 0.015958 -0.059353
v -0.084416 0.009810 -0.066633
v 0.063149 -0.006883 0.017017
v 0.044047 0.018981 0.031247
v -0.079029 0.010178 -0.054273
v -0.079843 0.008589 -0.054995
v 0.044705 0.019459 0.030517
v -0.080382 0.022297 -0.060433
v -0.079876 0.020080 -0.057072
v -0.079913 0.020039 -0.055827
v -0.080324 0.024169 -0.055957
v 0.043574 0.019193 0.031152
v -0.069519 -0.029992 -0.048891
v -0.072432 -0.029872 -0.051705
v -0.072388 -0.028530 -0.052072
v -0.070032 -0.028587 -0.050124
v -0.073585 -0.017574 -0.049794
v -0.072596 -0.018871 -0.052587
v 0.043967 0.019552 0.030598
v -0.087921 -0.015097 -0.065401
v -0.087075 -0.016010 -0.064413
v -0.088479 -0.012075 -0.066370
v -0.089526 -0.010827 -0.067095
v 0.045194 0.019965 0.029740
v 0.045622 0.019608 0.029612
v 0.042551 0.017317 0.030495
v 0.042259 0.017675 0.027496
v 0.043363 0.018264 0.026560
v -0.075494 0.003280 -0.056763
v -0.074531 0.002136 -0.057095
v -0.080285 0.014050 -0.057991
v -0.082537 0.016284 -0.059495
v -0.081469 0.018971 -0.055966
v -0.079840 0.016984 -0.055769
v -0.085930 0.010501 -0.068856
v 0.043457 0.018282 0.029329
v 0.041413 0.016699 0.031536
v 0.040484 0.017148 0.028478
v 0.043920 0.018784 0.025833
v 0.044447 0.019449 0.025045
v -0.080022 0.007410 -0.054499
v -0.080559 0.007632 -0.055495
v 0.044007 0.018776 0.028743
v -0.079455 0.007754 -0.054133
v 0.044459 0.019365 0.027920
v 0.044379 0.020006 0.029901
v -0.077141 0.005782 -0.050347
v -0.078746 0.004670 -0.050671
v -0.082496 0.012260 -0.050688
v -0.086192 0.015664 -0.053872
v -0.085481 0.015532 -0.053553
v -0.081852 0.012942 -0.051010
v 0.045051 0.020765 0.027168
v 0.045147 0.021347 0.027248
v 0.044723 0.020473 0.029156
v -0.077480 0.010051 -0.051225
v 0.045107 0.020981 0.028508
v 0.044833 0.020151 0.027334
v -0.014833 -0.031313 -0.119403
v -0.016636 -0.021194 -0.127073
v 0.045082 0.022065 0.027510
v 0.044849 0.021475 0.029058
v 0.046187 0.019081 0.028998
v 0.046091 0.020083 0.028919
v 0.046994 0.021074 0.027996
v 0.046843 0.018956 0.028245
v -0.080123 0.019190 -0.048646
v -0.081300 0.021006 -0.052562
v -0.082352 0.021900 -0.052814
v -0.080725 0.020110 -0.049531
v -0.087464 0.013933 -0.062791
v 0.047940 0.018899 0.027172
v 0.047503 0.017633 0.027512
v 0.048406 0.021555 0.027227
v 0.049786 0.022063 0.026302
v -0.091802 0.010390 -0.067498
v -0.076267 -0.003428 -0.053595
v -0.072501 -0.006263 -0.053900
v 0.049209 0.018944 0.026079
v 0.048506 0.017390 0.026510
v 0.045642 0.020444 0.029066
v -0.062594 -0.007313 -0.052768
v -0.062932 -0.006109 -0.052856
v -0.063713 -0.006579 -0.054011
v -0.063296 -0.008083 -0.054088
v 0.045979 0.020949 0.028553
v 0.047769 0.022684 0.028447
v -0.065617 -0.012438 -0.054384
v -0.068064 -0.013765 -0.053424
v -0.067076 -0.015626 -0.052006
v -0.064580 -0.014712 -0.053901
v 0.048678 0.023521 0.027996
v 0.046565 0.022034 0.028988
v 0.046066 0.022875 0.030288
v 0.047055 0.023716 0.030112
v -0.061857 -0.010504 -0.053314
v -0.062243 -0.008900 -0.052910
v -0.063163 -0.009747 -0.054310
v -0.062988 -0.011657 -0.054651
v 0.047649 0.024530 0.029856
v 0.046002 0.024700 0.031781
v -0.085703 0.017575 -0.056086
v -0.087578 0.017545 -0.057600
v 0.046452 0.025494 0.031513
v 0.045309 0.023874 0.031783
v 0.045589 0.021664 0.029308
v -0.092629 0.009945 -0.066805
v -0.092900 0.007903 -0.067716
v -0.091097 0.013885 -0.064814
v -0.091384 0.012325 -0.066075
v 0.045166 0.022328 0.030247
v 0.044551 0.023149 0.031459
v 0.043748 0.024045 0.032872
v -0.074536 -0.012492 -0.043857
v -0.075572 -0.012309 -0.045786
v -0.075119 -0.013922 -0.045738
v -0.093567 0.013180 -0.066762
v -0.094091 0.014739 -0.067940
v -0.072348 -0.028942 -0.040829
v -0.070869 -0.030398 -0.040001
v -0.040631 -0.093951 -0.029422
v -0.050488 -0.090699 -0.039455
v -0.050491 -0.100910 -0.039578
v -0.041400 -0.104424 -0.030071
v -0.082725 0.014501 -0.047792
v -0.081426 0.016916 -0.047190
v 0.042133 0.025277 0.034953
v 0.041815 0.025006 0.034177
v 0.039303 0.026217 0.036818
v -0.062179 -0.011999 -0.051829
v -0.062240 -0.013038 -0.053841
v -0.064646 -0.014810 -0.052452
v -0.067440 -0.008132 -0.050270
v -0.063356 -0.007324 -0.050944
v 0.039143 0.025956 0.036078
v 0.035561 0.031141 0.037920
v 0.040954 0.030678 0.036649
v 0.039050 0.027364 0.033007
v 0.037375 0.026403 0.029894
v 0.034847 0.026649 0.031286
v 0.035696 0.027854 0.034914
v -0.065819 -0.010795 -0.054246
v 0.023968 0.022215 0.033992
v 0.024461 0.023320 0.034607
v -0.067168 -0.005820 -0.053448
v -0.067785 -0.004849 -0.051860
v -0.069314 -0.018877 -0.048643
v -0.070905 -0.019337 -0.051254
v -0.072450 -0.019336 -0.047594
v -0.062675 -0.013413 -0.054525
v -0.075224 0.004215 -0.054444
v 0.024928 0.023914 0.031778
v 0.024352 0.022757 0.031259
v 0.023050 0.021896 0.034938
v 0.024244 0.023007 0.035699
v -0.068909 -0.009913 -0.054081
v -0.071926 -0.012686 -0.055989
v -0.071231 -0.014879 -0.055138
v -0.068522 -0.011877 -0.054023
v -0.080885 -0.022579 -0.055509
v -0.081209 -0.020893 -0.055428
v -0.074990 -0.017404 -0.057180
v -0.078050 -0.017398 -0.054874
v -0.076251 -0.000624 -0.053721
v -0.077570 0.002315 -0.052093
v -0.072416 -0.003864 -0.051086
v -0.069700 -0.007695 -0.053756
v -0.072010 -0.009960 -0.055743
v -0.067750 -0.006679 -0.050446
v -0.071555 -0.006812 -0.049933
v -0.071440 -0.005715 -0.050189
v -0.067770 -0.005655 -0.050736
v -0.082395 0.008606 -0.056109
v -0.079929 0.014841 -0.046189
v -0.081538 0.011989 -0.047130
v -0.080928 0.026911 -0.072261
v -0.078977 0.019159 -0.076830
v -0.079801 0.019339 -0.064200
v -0.065881 -0.008963 -0.054089
v -0.063843 -0.005124 -0.052539
v -0.064247 -0.005542 -0.050999
v -0.086897 -0.018811 -0.062708
v -0.073685 -0.019442 -0.046961
v -0.075822 0.004103 -0.051347
v -0.086470 -0.010609 -0.069314
v -0.085026 -0.015389 -0.067341
v -0.075146 0.005270 -0.051616
v -0.076005 0.006311 -0.050540
v -0.071777 -0.019227 -0.052111
v -0.073104 -0.018419 -0.048829
v -0.076258 0.006697 -0.050405
v -0.075064 -0.012838 -0.047261
v -0.086945 0.008806 -0.061126
v 0.027993 0.026514 0.036206
v 0.028547 0.025956 0.032410
v -0.076452 -0.029352 -0.056682
v -0.074430 -0.030837 -0.053870
v 0.025948 0.025315 0.032244
v -0.063800 -0.006326 -0.051016
v 0.025701 0.025032 0.035538
v -0.067006 -0.015606 -0.051312
v -0.066859 -0.007210 -0.054044
v 0.028872 0.025396 0.037660
v 0.026107 0.024132 0.036701
v 0.035707 0.026426 0.037488
v -0.073639 -0.009025 -0.048814
v -0.073016 -0.011142 -0.048556
v -0.075724 -0.010678 -0.047412
v 0.021559 0.071621 -0.147756
v 0.020967 0.056375 -0.150548
v -0.079659 -0.016842 -0.056338
v -0.076203 -0.015935 -0.059153
v -0.077501 -0.014796 -0.060888
v -0.081394 -0.015841 -0.057671
v -0.083259 -0.019978 -0.065176
v -0.081076 -0.024167 -0.062288
v -0.083122 -0.026003 -0.062185
v -0.085647 -0.021690 -0.065488
v 0.040776 0.057978 -0.141841
v 0.040894 0.071192 -0.139659
v -0.081918 0.042144 -0.080861
v -0.081609 0.032133 -0.065567
v -0.082637 0.048162 -0.069630
v -0.085154 0.017854 -0.064313
v -0.085289 0.015709 -0.065866
v -0.090219 0.016811 -0.068717
v -0.079519 0.022091 -0.050414
v -0.080094 0.019699 -0.054111
v -0.079915 0.020570 -0.052227
v -0.090508 -0.006055 -0.071731
v 0.042020 0.026430 0.031058
v 0.040233 0.025826 0.028272
v 0.051249 0.072115 -0.132165
v 0.050454 0.080484 -0.129535
v 0.041397 0.082487 -0.134834
v 0.033462 -0.059598 -0.095278
v 0.023426 -0.070469 -0.101697
v -0.077237 0.004501 -0.045520
v -0.079313 0.005055 -0.048224
v 0.022204 0.021713 0.036099
v -0.079338 -0.017184 -0.063146
v 0.023728 0.022856 0.036699
v -0.081423 -0.017680 -0.055648
v -0.083626 -0.017107 -0.057556
v -0.090923 0.018440 -0.057528
v -0.087717 0.016562 -0.055516
v 0.021134 0.020941 0.035585
v 0.019928 0.020894 0.035773
v 0.020902 0.021960 0.036191
v 0.022496 0.023402 0.036846
v 0.025635 0.024238 0.037481
v 0.024661 0.024965 0.037813
v 0.027912 0.026596 0.038749
v 0.028629 0.025687 0.038468
v 0.035520 0.026656 0.038296
v 0.035255 0.027673 0.038445
v 0.027214 0.027519 0.038460
v 0.023926 0.025841 0.037410
v 0.026606 0.028332 0.037907
v 0.023529 0.026818 0.036980
v 0.034985 0.029440 0.037743
v 0.035064 0.028688 0.038273
v 0.023185 0.018442 0.036251
v 0.020277 0.019216 0.035825
v 0.023543 0.018760 0.035864
v 0.021371 0.019443 0.035564
v 0.024532 0.018914 0.034986
v 0.020752 0.019912 0.035475
v 0.019675 0.019757 0.035705
v -0.010302 -0.101481 -0.003219
v -0.010221 -0.110274 -0.006712
v 0.024605 0.019087 0.033758
v 0.019845 0.022381 0.035657
v 0.018773 0.020937 0.035549
v 0.018508 0.022885 0.035057
v 0.017502 0.021059 0.035207
v 0.020545 0.025070 0.035627
v 0.021513 0.024178 0.036247
v 0.018560 0.019605 0.035668
v 0.019128 0.019003 0.035898
v 0.017442 0.019567 0.035485
v 0.018133 0.018795 0.035749
v 0.025470 0.015891 0.037156
v 0.025111 0.015334 0.037230
v 0.021891 0.017336 0.036610
v 0.021189 0.016885 0.036599
v 0.033717 0.012635 0.036592
v 0.037003 0.012784 0.035531
v 0.033197 0.011448 0.036674
v -0.008670 -0.007556 0.059806
v -0.010119 -0.007770 0.058453
v -0.009099 -0.005866 0.057512
v -0.008364 -0.005831 0.058123
v 0.036652 0.011401 0.035542
v 0.028176 0.011990 0.037481
v 0.028801 0.013063 0.037338
v 0.027401 -0.109510 -0.021085
v 0.047550 0.014724 0.027564
v 0.048927 0.013240 0.026884
v 0.047148 0.012482 0.028680
v 0.046042 0.014198 0.029073
v 0.044405 0.013731 0.030636
v -0.009215 -0.016518 0.058208
v -0.008536 -0.014913 0.057123
v -0.009336 -0.015109 0.056406
v -0.010137 -0.016427 0.057281
v 0.044949 0.011906 0.030602
v 0.042437 0.011655 0.032419
v 0.042310 0.013269 0.032355
v 0.040057 0.013023 0.033909
v 0.039890 0.011511 0.033989
v 0.050920 0.018528 0.024648
v 0.052037 0.021955 0.024195
v 0.053005 0.017567 0.022853
v 0.054437 0.021442 0.021937
v 0.016814 0.023843 0.035074
v -0.005932 -0.006131 0.057216
v -0.004400 -0.009033 0.060044
v -0.005945 -0.007736 0.061376
v -0.007072 -0.005433 0.058013
v 0.016050 0.021512 0.035000
v 0.014544 0.024758 0.035943
v 0.014196 0.022169 0.035675
v 0.016046 0.027726 0.036798
v 0.018392 0.026810 0.035997
v 0.016405 0.019618 0.035320
v 0.017103 0.018514 0.035564
v 0.014903 0.019571 0.035682
v 0.015975 0.018056 0.035877
v 0.024491 0.014467 0.037233
v 0.023779 0.013462 0.037313
v 0.020379 0.016262 0.036558
v 0.019317 0.015464 0.036755
v 0.048287 -0.009727 -0.115042
v 0.053233 0.031092 -0.129894
v 0.048434 0.034626 0.033559
v 0.046101 0.031816 0.034590
v 0.042473 0.032946 0.036855
v 0.044360 0.036297 0.036752
v 0.050623 0.039025 0.031272
v 0.053127 0.035848 0.028534
v 0.051050 0.032497 0.030719
v 0.048764 0.030199 0.032112
v 0.052789 0.024838 0.024903
v 0.051027 0.024758 0.026599
v 0.051026 0.026498 0.027866
v 0.052803 0.027175 0.026368
v 0.055162 0.024979 0.022545
v 0.055417 0.028431 0.024072
v 0.052191 0.029584 0.028407
v 0.050155 0.028238 0.029847
v 0.054548 0.031835 0.026401
v 0.024286 0.032703 0.038956
v 0.025290 0.031274 0.038133
v 0.022212 0.029056 0.036990
v 0.020355 0.029783 0.037328
v 0.022893 0.033996 0.039868
v 0.018178 0.030509 0.038015
v 0.037828 0.037512 0.039781
v 0.036543 0.033770 0.038872
v 0.026158 0.028893 0.037388
v 0.023742 0.027403 0.037003
v 0.025963 0.029245 0.037367
v 0.023589 0.027759 0.036802
v 0.059357 0.090784 -0.112032
v 0.061788 0.096568 -0.099703
v 0.044874 0.107239 -0.106076
v 0.043877 0.100168 -0.118145
v 0.042564 0.028135 0.034687
v 0.042889 0.028538 0.034773
v 0.045379 0.027511 0.032968
v 0.044890 0.027056 0.033026
v 0.046786 0.026048 0.031234
v 0.047387 0.026525 0.031060
v 0.048712 0.025558 0.029333
v 0.048064 0.025125 0.029574
v 0.048777 0.024489 0.028380
v 0.049383 0.024484 0.027926
v 0.023262 0.028550 0.036881
v 0.025779 0.029877 0.037538
v 0.052550 0.060536 -0.133023
v 0.045562 0.072205 0.020710
v 0.052762 0.068786 0.014323
v 0.050780 0.062613 0.020136
v 0.044062 0.029710 0.034997
v 0.046730 0.028578 0.032850
v 0.048580 0.027310 0.030728
v 0.049680 0.026024 0.028907
v 0.050129 0.025084 0.027748
v 0.072406 -0.013843 -0.036086
v 0.073357 -0.014039 -0.037656
v 0.080900 -0.003380 -0.061684
v 0.078484 0.003740 -0.061199
v 0.077168 0.007076 -0.060410
v 0.081848 0.013859 -0.047083
v 0.086012 0.016786 -0.049786
v 0.085015 -0.023122 -0.056091
v 0.081574 -0.024947 -0.052467
v -0.090673 0.021589 -0.058244
v 0.085042 -0.022224 -0.056733
v 0.091968 0.012998 -0.059973
v 0.092312 0.011397 -0.061114
v 0.093170 0.011243 -0.060855
v 0.040610 -0.030442 -0.103697
v 0.045389 -0.018160 -0.110335
v 0.092724 0.009452 -0.062403
v 0.075737 -0.009491 -0.040100
v 0.082589 -0.004280 -0.061833
v 0.084874 -0.005185 -0.063513
v 0.085377 -0.010348 -0.064046
v 0.084539 -0.009571 -0.062992
v 0.084258 -0.015020 -0.062191
v 0.083574 -0.013800 -0.061510
v 0.086859 -0.019530 -0.059157
v 0.088840 -0.015927 -0.060979
v 0.087152 0.017244 -0.050728
v 0.086369 0.016186 -0.049369
v 0.087619 0.016838 -0.050988
v 0.076477 -0.010748 -0.041525
v 0.079863 0.012509 -0.046889
v 0.079784 0.009864 -0.045919
v 0.079272 0.010295 -0.046234
v 0.073266 -0.005753 -0.045850
v 0.073368 -0.004788 -0.045949
v 0.074257 -0.007271 -0.045350
v 0.076688 -0.008849 -0.043959
v 0.070061 -0.016359 -0.044142
v 0.069318 -0.017750 -0.046484
v 0.069596 -0.018743 -0.045688
v 0.088495 0.023273 -0.055337
v 0.079885 0.008890 -0.045762
v 0.081405 0.009860 -0.045866
v 0.081690 0.011070 -0.046101
v 0.088473 0.016417 -0.051306
v 0.081779 0.011924 -0.046296
v 0.081017 0.012052 -0.046220
v 0.082618 0.013513 -0.046990
v 0.080297 0.012139 -0.046350
v 0.077335 -0.012313 -0.057439
v 0.075866 -0.012527 -0.055729
v 0.074866 0.006698 -0.037932
v 0.076154 0.004148 -0.039436
v 0.080317 -0.025574 -0.050416
v 0.077964 0.012886 -0.057195
v 0.078234 0.015764 -0.059187
v 0.090393 -0.011355 -0.062810
v 0.082828 -0.016722 -0.053654
v 0.080428 -0.017412 -0.051908
v 0.084881 -0.015638 -0.055130
v 0.086634 -0.013135 -0.056432
v 0.074867 0.003019 -0.050810
v 0.087128 0.006812 -0.054773
v 0.087534 0.004710 -0.056227
v 0.085364 0.006839 -0.053303
v 0.079983 0.019367 -0.058218
v 0.079818 0.019004 -0.055535
v 0.080342 0.013190 -0.055029
v 0.079085 0.017132 -0.054422
v 0.072212 -0.012912 -0.044560
v 0.071538 -0.019055 -0.048052
v 0.071032 -0.016961 -0.048766
v 0.072608 -0.018953 -0.048928
v 0.072386 -0.018110 -0.050279
v 0.072987 -0.016514 -0.052003
v 0.073948 -0.014480 -0.053211
v 0.074408 -0.012005 -0.053694
v 0.072071 -0.008810 -0.045435
v 0.080264 0.017739 -0.045279
v 0.071459 -0.010680 -0.045260
v 0.073483 -0.007155 -0.045555
v 0.073534 -0.008936 -0.045087
v 0.073143 -0.010907 -0.044654
v 0.076934 -0.020117 -0.045377
v 0.077790 -0.018615 -0.047987
v 0.075494 -0.019388 -0.044832
v 0.078919 -0.017981 -0.050129
v 0.074316 -0.019008 -0.044436
v 0.078253 0.014183 -0.055915
v 0.078751 0.017409 -0.056629
v 0.071956 -0.010118 -0.034383
v 0.065232 -0.001669 0.011717
v 0.066737 0.007762 0.005961
v 0.025015 -0.050300 0.035964
v 0.023884 -0.053180 0.036370
v 0.057495 -0.012754 0.026325
v 0.052612 -0.015228 0.031623
v 0.024728 -0.044965 0.047432
v 0.023977 -0.045684 0.047554
v 0.022945 -0.045244 0.047805
v 0.023698 -0.044805 0.047496
v 0.021237 -0.044519 0.046364
v 0.022075 -0.044698 0.045680
v 0.022306 -0.044734 0.046494
v 0.021589 -0.044550 0.047182
v 0.028776 -0.029576 0.047591
v 0.032314 -0.025492 0.045372
v 0.034646 -0.029821 0.044421
v 0.031221 -0.033161 0.046658
v 0.023898 -0.045743 0.038530
v 0.023735 -0.044440 0.038938
v 0.022501 -0.044471 0.042662
v 0.022913 -0.045037 0.042330
v 0.023537 -0.048468 0.038531
v 0.022627 -0.046377 0.042128
v 0.025678 -0.046411 0.035984
v 0.025004 -0.044196 0.036387
v 0.033585 -0.051137 0.042023
v 0.030208 -0.048943 0.044381
v 0.031114 -0.045710 0.045122
v 0.034597 -0.046351 0.042804
v 0.024797 -0.018124 0.046566
v 0.028863 -0.021768 0.046149
v 0.025536 -0.025732 0.048022
v 0.021815 -0.021631 0.048202
v 0.018091 -0.017088 0.048745
v 0.020800 -0.014349 0.046950
v 0.016388 -0.009464 0.051874
v 0.017108 -0.013018 0.053259
v 0.016807 -0.013979 0.056691
v 0.017070 -0.011812 0.055357
v 0.014781 -0.017877 0.055263
v 0.017223 -0.015219 0.051917
v 0.010938 -0.019281 0.056052
v -0.012133 -0.016618 0.057678
v -0.011146 -0.015037 0.056648
v -0.012081 -0.014374 0.058375
v -0.013539 -0.015639 0.059304
v 0.010571 -0.018569 0.056902
v 0.014818 -0.018406 0.053796
v -0.005212 -0.015736 0.065958
v -0.006310 -0.013679 0.066131
v -0.005378 -0.014679 0.063835
v -0.005314 -0.016481 0.063469
v 0.015182 -0.019417 0.052123
v 0.011377 -0.019938 0.055113
v 0.009685 -0.017490 0.057681
v 0.012466 -0.017411 0.057582
v -0.007919 -0.013058 0.065584
v -0.009590 -0.013542 0.067194
v -0.011322 -0.013597 0.065584
v -0.009337 -0.013131 0.064062
v -0.005059 -0.012490 0.059088
v -0.006314 -0.014353 0.060245
v -0.004424 -0.012482 0.062642
v -0.012195 -0.012295 0.056757
v -0.010676 -0.013360 0.055428
v -0.009961 -0.009581 0.054778
v -0.011256 -0.008731 0.055775
v 0.014337 -0.015549 0.059077
v 0.003731 -0.016814 0.065951
v 0.004971 -0.015569 0.067849
v 0.009145 0.013795 0.050270
v 0.011894 0.010242 0.047304
v 0.009071 0.011130 0.052742
v 0.011782 0.008010 0.049712
v 0.013399 -0.013505 0.062795
v 0.015335 -0.011542 0.061113
v 0.011013 -0.012289 0.066474
v 0.012382 -0.009627 0.065994
v 0.004433 0.028659 0.049230
v 0.001653 -0.020350 0.062020
v 0.001986 -0.021115 0.061701
v 0.001365 -0.019242 0.063757
v 0.022537 0.093672 -0.136078
v 0.023082 0.105586 -0.125061
v 0.022468 0.118068 -0.102518
v 0.020238 0.122168 -0.090380
v 0.005668 -0.037176 0.062803
v 0.005218 -0.034625 0.062883
v 0.012235 -0.038501 0.049389
v 0.006705 -0.038356 0.050580
v 0.006344 -0.041989 0.053067
v 0.011594 -0.042006 0.051825
v 0.015721 -0.042175 0.049814
v 0.016661 -0.038757 0.047471
v 0.012808 -0.035013 0.048053
v 0.007143 -0.034753 0.049322
v 0.011490 -0.043976 0.055080
v 0.006338 -0.043894 0.057010
v 0.006285 -0.042000 0.059837
v 0.011595 -0.042521 0.057356
v 0.017952 -0.023611 0.051117
v 0.013893 -0.023039 0.053713
v 0.009708 -0.023076 0.057179
v 0.006432 -0.023287 0.059789
v 0.005679 -0.021282 0.059976
v 0.008234 -0.020634 0.057773
v 0.005279 -0.020418 0.060214
v 0.007843 -0.019895 0.058282
v 0.007552 -0.019101 0.058681
v 0.008005 -0.017653 0.058854
v 0.006199 -0.017838 0.060092
v 0.006689 -0.016679 0.059717
v 0.005088 -0.019526 0.060328
v 0.004121 0.005801 0.066147
v 0.003952 0.009354 0.063185
v 0.009826 -0.032922 0.061004
v 0.004819 -0.032508 0.062319
v 0.004171 -0.028562 0.061334
v 0.008576 -0.028567 0.060136
v 0.013085 -0.029234 0.057701
v 0.014865 -0.034553 0.058450
v 0.002413 -0.021917 0.061422
v 0.010217 -0.035113 0.061249
v 0.010518 -0.037618 0.060900
v 0.015341 -0.036916 0.058503
v 0.015561 -0.039199 0.058015
v 0.019591 -0.036979 0.055292
v 0.018438 -0.031034 0.054807
v 0.024182 -0.033170 0.051463
v 0.023467 -0.039641 0.051925
v 0.031063 -0.042801 0.046177
v 0.026172 -0.045078 0.047089
v 0.026339 -0.043928 0.047777
v 0.026006 -0.042697 0.048732
v 0.030247 -0.039648 0.047440
v 0.034392 -0.042034 0.044058
v 0.033298 -0.037369 0.045380
v 0.028273 -0.036497 0.049035
v 0.025315 -0.041382 0.049933
v 0.024877 -0.044304 0.048043
v 0.023809 -0.044535 0.047905
v 0.024667 -0.043618 0.048935
v 0.023593 -0.044238 0.048664
v 0.024088 -0.042926 0.049970
v 0.023165 -0.043944 0.049547
v 0.022336 -0.043371 0.050805
v 0.022975 -0.041834 0.051525
v 0.021646 -0.044724 0.046375
v 0.020750 -0.044656 0.047468
v 0.020887 -0.044723 0.048836
v 0.021702 -0.044785 0.047750
v 0.022178 -0.044746 0.045793
v 0.022146 -0.044741 0.047094
v 0.022009 -0.043914 0.043780
v 0.020782 -0.043183 0.045577
v -0.043244 -0.078003 -0.028132
v -0.051433 -0.077114 -0.040521
v 0.022606 -0.044897 0.045029
v 0.022627 -0.044720 0.046215
v 0.022776 -0.044673 0.047480
v 0.022739 -0.044620 0.047992
v 0.022298 -0.044529 0.048753
v 0.021530 -0.044336 0.049796
v 0.015516 -0.041265 0.056804
v 0.019088 -0.041173 0.054747
v 0.018741 -0.042920 0.053370
v 0.015337 -0.043379 0.054768
v 0.018303 -0.044100 0.051803
v 0.017407 -0.035325 0.046349
v 0.015005 -0.044141 0.052974
v 0.019938 -0.039700 0.044984
v 0.020835 -0.037038 0.042974
v 0.018718 -0.042614 0.047376
v 0.023347 -0.043043 0.040038
v 0.021830 -0.041415 0.042603
v 0.024598 -0.042476 0.037550
v 0.022876 -0.039406 0.040625
v 0.018160 -0.044501 0.049910
v 0.019457 -0.039259 0.055263
v 0.010938 -0.040051 0.059488
v 0.005869 -0.039481 0.061516
v -0.035234 0.005296 0.036217
v -0.034382 0.002545 0.037529
v -0.030252 0.003802 0.038594
v -0.031299 0.006232 0.037485
v 0.004871 -0.001781 0.072634
v 0.004606 0.002294 0.069294
v 0.022167 -0.044798 0.047845
v 0.008240 -0.117370 -0.008799
v -0.076482 -0.008358 -0.046313
v -0.075917 -0.007582 -0.045088
v -0.085329 0.013229 -0.067384
v 0.025414 -0.046288 0.046948
v 0.022669 -0.050521 0.038464
v 0.021786 -0.047262 0.042277
v 0.030538 -0.055450 0.042538
v 0.025587 -0.059585 0.045066
v 0.023633 -0.055697 0.047265
v 0.027728 -0.052193 0.044937
v 0.021254 -0.049522 0.049905
v 0.023830 -0.047817 0.047878
v -0.090693 0.015349 -0.062267
v 0.022598 -0.046534 0.048684
v 0.020267 -0.047466 0.050790
v 0.019328 -0.045905 0.051308
v 0.021617 -0.045506 0.048974
v 0.017261 -0.044079 0.050053
v 0.013044 -0.043436 0.052794
v 0.012287 -0.046920 0.047984
v 0.016834 -0.047388 0.045731
v 0.020277 -0.047429 0.043458
v 0.020365 -0.044450 0.047240
v -0.085082 0.019441 -0.062220
v -0.083744 0.021606 -0.057691
v -0.082351 0.020229 -0.056809
v -0.083521 0.017716 -0.060743
v 0.017922 -0.043963 0.050837
v 0.020724 -0.044369 0.048062
v 0.013422 -0.043445 0.053851
v 0.017492 -0.114265 -0.014038
v 0.021021 -0.044692 0.048810
v 0.018404 -0.044461 0.051185
v 0.014172 -0.044325 0.054502
v 0.015208 -0.046292 0.054921
v 0.016123 -0.048592 0.054845
v 0.016831 -0.051381 0.053652
v 0.018408 -0.058272 0.050172
v 0.019195 -0.062953 0.048573
v 0.012370 -0.059790 0.052708
v 0.012702 -0.064572 0.051871
v 0.011692 -0.052673 0.057049
v 0.011338 -0.049200 0.058695
v 0.010668 -0.046469 0.058525
v 0.009946 -0.044221 0.057529
v 0.003031 -0.023582 0.061101
v 0.004930 -0.017776 0.061277
v 0.003844 -0.017548 0.063548
v 0.007024 -0.014056 0.068651
v 0.001254 -0.018317 0.065910
v 0.009470 -0.012303 0.068021
v 0.007896 -0.012914 0.069509
v 0.008636 -0.011208 0.070282
v 0.009858 -0.010585 0.069085
v 0.006441 -0.013529 0.070802
v 0.007743 -0.011389 0.071324
v 0.002589 -0.014697 0.072662
v 0.003624 -0.011318 0.074784
v 0.004745 -0.005503 0.074682
v 0.004104 -0.009033 0.075297
v 0.009072 -0.009526 0.070835
v 0.010294 -0.007594 0.069526
v -0.092970 0.016065 -0.063187
v 0.010739 -0.004824 0.067042
v 0.013017 -0.007024 0.063477
v 0.011113 0.126965 -0.047130
v 0.009230 -0.043052 0.056579
v 0.008751 -0.043081 0.054606
v -0.075308 -0.020642 -0.046173
v -0.084798 0.004945 -0.058186
v 0.011753 -0.056897 0.041273
v 0.011928 -0.052638 0.043703
v 0.007668 -0.052542 0.045006
v -0.083030 0.022031 -0.055296
v -0.086579 0.023424 -0.055880
v 0.007504 -0.057205 0.042625
v 0.004612 -0.042961 0.055352
v -0.091049 -0.006027 -0.067699
v -0.093308 0.014731 -0.065070
v -0.091546 0.013275 -0.064074
v -0.084325 0.014307 -0.049867
v -0.078522 -0.012100 -0.062607
v -0.084879 -0.012073 -0.059928
v -0.083238 -0.014493 -0.058883
v -0.077671 -0.013896 -0.061848
v -0.074498 0.000997 -0.056636
v 0.004119 -0.046495 0.050151
v 0.008114 -0.046524 0.049358
v 0.004835 -0.042844 0.057626
v 0.005323 -0.044222 0.058895
v 0.005876 -0.046532 0.060245
v 0.003705 -0.052692 0.045554
v 0.003649 -0.057338 0.043281
v -0.071201 -0.016069 -0.038078
v 0.020933 -0.051927 0.039586
v -0.080039 -0.026874 -0.053063
v -0.081204 -0.025769 -0.055307
v -0.030866 -0.030923 -0.114186
v -0.034414 -0.019990 -0.121089
v -0.092711 -0.006157 -0.070318
v 0.021698 -0.055349 0.037432
v 0.016703 -0.052714 0.041831
v 0.016917 -0.056521 0.039606
v 0.006799 -0.064727 0.054643
v 0.006560 -0.060348 0.054773
v 0.006056 -0.049916 0.060554
v 0.006157 -0.053756 0.058677
v 0.023149 0.113123 -0.114469
v 0.064316 0.074355 -0.008763
v 0.062811 0.067898 -0.000672
v -0.085187 0.016734 -0.056820
v 0.055509 0.075193 0.006012
v 0.057521 0.080369 -0.001364
v 0.065121 0.082086 -0.016953
v 0.058225 0.086888 -0.009163
v 0.041140 0.119264 -0.066175
v 0.041766 0.118510 -0.052041
v 0.022451 0.124358 -0.048355
v 0.035882 0.119566 -0.080007
v 0.048309 0.111361 -0.089033
v 0.050748 0.113888 -0.069826
v 0.050776 0.113620 -0.054707
v -0.077058 -0.021221 -0.047409
v -0.076180 -0.026668 -0.046488
v -0.074829 -0.025990 -0.044441
v -0.080271 0.007887 -0.055325
v 0.023083 -0.085721 -0.103426
v 0.053355 0.043421 -0.131810
v 0.049454 0.112436 -0.041029
v 0.041116 0.116595 -0.038359
v 0.040574 0.113416 -0.026058
v 0.048137 0.110074 -0.029402
v 0.022267 0.121976 -0.033979
v 0.011020 0.124222 -0.032157
v 0.018545 0.007967 -0.143249
v 0.003941 0.012799 0.060315
v 0.044905 -0.046691 -0.086608
v 0.053730 -0.046875 -0.069146
v 0.053292 -0.098397 -0.049668
v 0.069710 -0.025834 -0.050373
v 0.069342 -0.025218 -0.051257
v 0.056105 -0.061222 -0.051780
v 0.057767 -0.047717 -0.052569
v 0.036176 -0.045553 -0.098369
v 0.079634 -0.014600 -0.060644
v 0.080494 -0.011076 -0.061721
v 0.081247 -0.015836 -0.060304
v 0.082278 -0.012006 -0.061520
v 0.082676 -0.008169 -0.061938
v 0.082216 -0.017907 -0.059513
v 0.080427 0.018728 -0.052753
v 0.081590 0.020071 -0.051873
v -0.078696 -0.016229 -0.063738
v -0.078949 -0.014061 -0.064708
v 0.069163 -0.028040 -0.046323
v 0.069024 -0.027184 -0.047986
v -0.064040 -0.005760 -0.053759
v 0.068429 -0.027526 -0.047107
v 0.068112 -0.028173 -0.045891
v 0.068754 -0.029108 -0.044863
v 0.067942 -0.028818 -0.044847
v 0.080413 0.034472 -0.047612
v 0.066326 -0.027458 -0.048395
v 0.068461 -0.025405 -0.050723
v 0.068635 -0.026479 -0.049293
v 0.067440 -0.027231 -0.048047
v 0.067099 -0.028395 -0.046099
v 0.066956 -0.029437 -0.044497
v 0.068037 -0.030375 -0.043860
v -0.080467 -0.022312 -0.061408
v -0.076148 -0.027520 -0.056318
v -0.056469 -0.074808 -0.052673
v -0.054278 -0.072739 -0.066291
v -0.054593 -0.084359 -0.064757
v -0.055504 -0.087439 -0.051534
v -0.073566 -0.002639 -0.039060
v -0.073874 -0.009889 -0.041858
v -0.072947 -0.010826 -0.039894
v 0.082740 -0.019273 -0.059930
v 0.074498 -0.029910 -0.048881
v -0.021577 -0.092459 -0.008004
v -0.019759 -0.105924 -0.012088
v 0.080222 0.011147 -0.057157
v 0.080035 0.009744 -0.058233
v 0.082750 0.011234 -0.059682
v 0.082843 0.013189 -0.058642
v 0.058266 -0.008802 -0.102298
v 0.060971 0.001796 -0.108212
v 0.011271 -0.083881 -0.107689
v 0.011561 -0.068608 -0.107347
v 0.076803 0.033139 -0.094348
v 0.080496 0.012644 -0.055892
v 0.083052 0.014701 -0.057547
v 0.081073 -0.007283 -0.061913
v 0.079833 0.011941 -0.055674
v 0.079403 0.010485 -0.056982
v 0.084287 0.016186 -0.059023
v 0.084344 0.014185 -0.060343
v 0.084244 0.012070 -0.061297
v 0.078923 0.009075 -0.058339
v -0.070641 -0.015198 -0.033926
v -0.069678 -0.015491 -0.023783
v -0.072194 -0.000349 -0.024031
v -0.071969 -0.005885 -0.033557
v 0.079350 0.017977 -0.059834
v 0.082312 0.062396 -0.072213
v 0.081172 0.056928 -0.085947
v 0.078561 0.079009 -0.076139
v 0.077658 0.074411 -0.091190
v 0.072691 0.068823 -0.106820
v 0.075901 0.050438 -0.101532
v 0.079911 0.018588 -0.054123
v 0.082434 0.020942 -0.051985
v 0.065665 0.088449 -0.024832
v 0.070797 0.083529 -0.031992
v 0.058502 0.092653 -0.016349
v 0.058335 0.097842 -0.023108
v 0.064981 0.094523 -0.031863
v 0.072203 0.087861 -0.043805
v 0.081811 0.052998 -0.057004
v 0.080662 0.067467 -0.058346
v 0.077559 0.071241 -0.045073
v -0.060467 0.030657 0.012748
v -0.062174 0.030955 0.008113
v -0.062871 0.021755 0.008020
v -0.060798 0.023065 0.012113
v 0.076706 0.083633 -0.060811
v 0.067984 0.097030 -0.050251
v 0.071604 0.093569 -0.064765
v 0.060694 0.105484 -0.054198
v 0.062760 0.103678 -0.068733
v 0.062545 0.101343 -0.084654
v 0.073279 0.089848 -0.079782
v 0.063015 0.099987 -0.038073
v 0.056734 0.102618 -0.028537
v 0.057739 0.106291 -0.041632
v 0.054456 0.106699 -0.033066
v 0.075532 0.072812 -0.038065
v 0.061384 -0.032252 -0.044916
v 0.062433 -0.033018 -0.039745
v -0.019144 0.085447 0.028415
v -0.009094 0.086359 0.030403
v -0.009172 0.093566 0.024504
v -0.019515 0.092386 0.022125
v 0.068383 -0.023750 -0.032839
v -0.036504 -0.012132 -0.125898
v -0.038433 -0.001958 -0.131008
v -0.018812 -0.004522 -0.137643
v -0.017707 -0.013936 -0.132038
v 0.069437 0.000944 -0.000543
v 0.069268 0.013424 -0.003550
v 0.072321 0.005495 -0.013435
v 0.070156 -0.007636 -0.009703
v -0.020019 0.109421 0.000022
v -0.009370 0.111019 0.002549
v -0.009561 0.116096 -0.007398
v -0.020411 0.114233 -0.009595
v -0.053879 0.003051 0.026161
v -0.055934 -0.002906 0.026480
v -0.051986 -0.003509 0.030360
v -0.050360 0.002508 0.029280
v 0.068123 0.026864 -0.005455
v 0.071474 0.019425 -0.015375
v 0.072940 0.033061 -0.017305
v 0.068987 0.040640 -0.006042
v 0.063391 0.063719 -0.121636
v 0.065466 0.047202 -0.119314
v -0.075149 -0.031178 -0.043740
v -0.074038 -0.030239 -0.042453
v 0.065810 0.034678 -0.117019
v 0.049312 0.057039 0.024347
v -0.009809 0.120498 -0.019060
v -0.020928 0.118443 -0.020864
v 0.022103 0.084989 -0.141956
v 0.047670 0.079422 0.013149
v 0.055729 0.083640 -0.122732
v -0.000717 -0.067991 -0.109202
v 0.042311 0.089752 -0.129273
v 0.072304 0.085301 -0.094680
v 0.068781 0.080414 -0.107984
v 0.060494 0.074434 -0.122547
v 0.064400 0.018900 -0.114250
v 0.048735 0.106155 -0.021837
v 0.057554 0.024859 0.019477
v 0.056982 0.020328 0.018957
v 0.057599 0.029654 0.020683
v 0.055284 0.015574 0.020669
v 0.015317 0.007067 0.045030
v 0.014799 0.005051 0.047096
v 0.014269 0.002815 0.049160
v 0.018332 0.002290 0.044895
v 0.017538 -0.000648 0.046831
v 0.011259 0.002641 0.054532
v 0.011570 0.005396 0.052062
v 0.013866 -0.000025 0.051237
v 0.013636 -0.003135 0.053182
v 0.011265 -0.000346 0.057037
v 0.017399 -0.015433 0.049575
v 0.018375 -0.010792 0.047725
v 0.016118 -0.006602 0.049831
v 0.021196 -0.003542 0.045317
v 0.019969 -0.006840 0.046719
v 0.016771 -0.003350 0.048445
v 0.022539 -0.000256 0.043404
v 0.014583 -0.006403 0.055960
v 0.015767 -0.009504 0.059053
v 0.012172 -0.003681 0.060280
v 0.010265 -0.001620 0.063689
v 0.009447 0.001967 0.060537
v 0.019075 0.004473 0.043014
v 0.023614 0.002370 0.041844
v 0.023480 -0.010284 0.046054
v 0.027955 -0.013546 0.045602
v 0.025461 -0.005987 0.044393
v 0.029946 -0.008750 0.043862
v 0.026956 -0.002447 0.042597
v 0.031442 -0.004958 0.041946
v 0.032016 -0.017104 0.044988
v 0.035508 -0.021053 0.043953
v 0.038721 -0.025969 0.042244
v 0.038485 -0.016152 0.041970
v 0.042103 -0.021516 0.040052
v 0.040683 -0.011314 0.040000
v 0.045014 -0.016221 0.037931
v -0.012711 0.012497 0.043619
v -0.013221 0.014366 0.040644
v -0.016982 0.011077 0.039536
v -0.016397 0.009079 0.041939
v -0.007200 0.060070 0.043063
v -0.008060 0.067453 0.040045
v -0.017028 0.067380 0.038594
v -0.015672 0.060121 0.041983
v 0.034544 -0.012170 0.043104
v 0.036359 -0.007979 0.041057
v 0.032909 -0.001145 0.040287
v 0.028410 0.000795 0.041043
v 0.042388 -0.000176 0.036405
v 0.042008 -0.005771 0.038208
v 0.037494 -0.003348 0.039241
v 0.038276 0.001279 0.037654
v 0.047122 -0.009553 0.036101
v 0.047137 -0.001900 0.034724
v 0.046341 0.003168 0.033133
v 0.032399 0.009772 0.037243
v 0.027345 0.010421 0.037911
v 0.036080 0.009491 0.036123
v 0.042245 0.003962 0.034995
v 0.038750 0.004705 0.036430
v 0.050549 0.010732 0.026478
v 0.048234 0.009897 0.028841
v 0.042433 0.009325 0.033177
v 0.039504 0.009329 0.034779
v 0.045399 0.009559 0.031193
v 0.022713 0.011978 0.037808
v 0.018233 0.014147 0.037667
v 0.051975 -0.059890 -0.066371
v 0.009089 0.005238 0.057992
v 0.008996 0.008288 0.055458
v 0.015075 0.031012 0.039824
v 0.013004 0.028242 0.038685
v 0.007404 0.028479 0.046221
v 0.019432 0.034756 0.041744
v 0.014537 0.016817 0.037673
v -0.021638 0.008454 0.038598
v -0.020733 0.006502 0.040123
v 0.012933 0.019155 0.037590
v 0.011863 0.022303 0.037659
v 0.011792 0.025177 0.038080
v -0.009196 0.099911 0.017900
v -0.019722 0.098627 0.015301
v -0.020462 0.124997 -0.070789
v -0.020972 0.125121 -0.062365
v -0.009557 0.127811 -0.062858
v -0.010589 0.127025 -0.075364
v 0.031679 0.048247 0.042557
v 0.028406 0.041959 0.044025
v 0.059411 0.061571 0.008399
v 0.063327 0.053251 0.004830
v 0.051603 0.043790 0.027411
v 0.054694 0.039816 0.024603
v 0.056784 0.034858 0.022291
v 0.065040 0.042080 0.002429
v 0.065147 0.030137 0.001953
v 0.066034 0.018662 0.003147
v -0.070280 0.000493 -0.092377
v -0.073907 -0.000915 -0.077277
v -0.076837 0.010838 -0.078881
v -0.074464 0.016589 -0.095327
v 0.049735 0.090998 -0.001030
v -0.030780 -0.087428 -0.017085
v -0.029489 -0.099958 -0.020647
v -0.000623 -0.082651 -0.108967
v 0.049731 0.096539 -0.007896
v 0.049163 0.085099 0.006112
v 0.040302 0.109411 -0.016627
v 0.040300 0.104946 -0.008273
v 0.049408 0.101592 -0.014786
v 0.040696 0.099870 -0.000997
v 0.040942 0.094336 0.005774
v 0.040385 0.088525 0.012932
v 0.039260 0.082486 0.019770
v 0.037708 0.074349 0.026664
v 0.042379 -0.059008 -0.083574
v 0.007081 -0.005865 0.057218
v 0.006399 -0.005734 0.057750
v -0.053141 0.051781 0.019842
v -0.055098 0.056642 0.015605
v -0.058657 0.049761 0.012004
v -0.056475 0.045957 0.016639
v 0.005963 -0.006446 0.056731
v 0.005350 -0.006204 0.057229
v 0.004757 -0.007969 0.056991
v 0.006311 -0.014951 0.058953
v 0.004962 -0.013128 0.057976
v 0.004320 -0.009758 0.056894
v 0.066198 -0.029907 -0.034634
v -0.005820 0.048117 0.047261
v -0.013333 0.048105 0.046567
v -0.011508 0.042109 0.047034
v -0.005197 0.041977 0.047948
v -0.060720 0.015847 0.012695
v -0.063279 0.012888 0.009683
v -0.062350 0.004982 0.014508
v -0.059519 0.008956 0.016503
v -0.056461 0.004354 0.022773
v -0.058769 -0.001308 0.022507
v -0.018260 0.076234 0.034459
v -0.008649 0.076820 0.036054
v -0.060908 0.040758 0.009209
v -0.058932 0.038611 0.014211
v -0.009816 0.015727 0.046249
v -0.010602 0.017141 0.042380
v -0.007509 0.022267 0.045060
v -0.004218 0.021564 0.051356
v -0.003825 0.025387 0.049400
v -0.007088 0.025279 0.045431
v -0.033450 0.059622 0.034954
v -0.034932 0.066234 0.031358
v -0.042602 0.064860 0.026096
v -0.041092 0.058637 0.029796
v -0.019867 0.104193 0.008134
v -0.009250 0.105618 0.010756
v -0.004253 0.034455 0.047789
v -0.008758 0.034482 0.045813
v -0.007623 0.031198 0.045408
v -0.004191 0.031272 0.047916
v -0.025487 0.004949 0.039418
v -0.026514 0.007158 0.038301
v -0.066119 -0.029262 -0.047471
v -0.067682 -0.030864 -0.046754
v -0.074358 0.014347 -0.036260
v -0.072901 0.004216 -0.034631
v -0.072435 0.012493 -0.025016
v -0.073683 0.024716 -0.026826
v -0.076397 0.036204 -0.030173
v -0.077628 0.044491 -0.035484
v -0.078604 0.029021 -0.042606
v -0.076891 0.022904 -0.038344
v -0.048499 -0.082309 -0.076181
v -0.046572 -0.071786 -0.078984
v -0.003949 0.018480 0.054574
v -0.003813 0.015549 0.057406
v -0.020838 0.036500 -0.150249
v -0.020385 0.023276 -0.148005
v -0.040835 0.026984 -0.139872
v -0.041068 0.039567 -0.141673
v -0.066936 -0.009831 -0.088287
v -0.071182 -0.009448 -0.074516
v -0.010776 -0.010827 0.060282
v -0.007736 -0.006279 0.055822
v -0.007759 -0.009980 0.054747
v -0.007355 -0.007383 0.055846
v -0.010870 -0.013407 0.061875
v -0.012987 -0.014093 0.063053
v -0.008643 -0.013490 0.055287
v -0.007958 -0.013334 0.055635
v -0.007204 -0.009711 0.054958
v -0.008929 -0.005851 0.056406
v -0.002137 -0.017339 0.068375
v -0.002564 -0.015815 0.071207
v -0.006377 -0.014463 0.069959
v -0.005019 -0.015917 0.067903
v -0.005409 -0.007236 0.057120
v -0.004620 -0.009389 0.057658
v -0.005663 -0.011329 0.064604
v -0.007341 -0.007564 0.060832
v -0.007737 -0.005550 0.058111
v -0.007272 -0.010644 0.063870
v -0.006631 -0.016492 0.060885
v -0.008963 -0.010511 0.062276
v -0.079929 -0.018433 -0.053964
v -0.053459 -0.059811 -0.035658
v -0.058250 -0.045977 -0.042015
v -0.057941 -0.046534 -0.047477
v -0.054671 -0.061399 -0.043861
v -0.082725 0.007142 -0.056594
v -0.067581 0.055935 -0.006012
v -0.068937 0.067182 -0.015521
v -0.074621 0.055943 -0.026865
v -0.074221 0.045621 -0.021522
v -0.069330 0.076802 -0.023792
v -0.074880 0.066525 -0.034354
v -0.078486 0.054803 -0.043777
v -0.080838 0.035113 -0.057242
v -0.042778 0.017833 0.031918
v -0.042993 0.017543 0.031826
v -0.041500 0.017085 0.033019
v -0.041340 0.017429 0.033153
v -0.042495 0.018018 0.031710
v -0.041169 0.017627 0.032712
v -0.043553 0.018457 0.030862
v -0.043871 0.018238 0.031047
v -0.044000 0.017933 0.030936
v -0.026273 0.018066 0.035260
v -0.026617 0.018235 0.034515
v -0.028973 0.017672 0.035500
v -0.028867 0.017466 0.036305
v -0.026169 0.017742 0.035524
v -0.029126 0.016999 0.036389
v -0.025209 0.019618 0.029016
v -0.025044 0.020203 0.029050
v -0.026135 0.018743 0.029267
v -0.024078 0.020254 0.031945
v -0.023803 0.021268 0.032013
v -0.024555 0.021729 0.029097
v -0.024837 0.020700 0.029026
v -0.024301 0.019738 0.032123
v -0.022778 0.019503 0.032652
v -0.022471 0.019919 0.032492
v -0.022450 0.020925 0.032627
v -0.033790 0.016020 0.036430
v -0.034122 0.015442 0.036115
v -0.029649 0.015842 0.036290
v -0.029459 0.016424 0.036402
v -0.033495 0.016550 0.036553
v -0.036718 0.016611 0.035834
v -0.037077 0.016119 0.035569
v -0.037328 0.015573 0.035157
v -0.026272 0.016684 0.035675
v -0.026193 0.017271 0.035644
v -0.037554 0.014951 0.034705
v -0.034358 0.014786 0.035665
v -0.029807 0.015130 0.036029
v -0.026206 0.016162 0.035719
v -0.023059 0.017558 0.035040
v -0.023471 0.017904 0.034949
v -0.034504 0.014067 0.035332
v -0.034429 0.013319 0.035225
v -0.029645 0.013700 0.035865
v -0.029783 0.014398 0.035832
v -0.037686 0.014200 0.034284
v -0.037626 0.013366 0.034134
v -0.045685 0.018239 0.029136
v -0.046266 0.018747 0.028433
v -0.046375 0.018047 0.028239
v -0.046067 0.017599 0.028602
v -0.048903 0.015269 0.024726
v -0.049836 0.016633 0.023880
v -0.051844 0.015530 0.022226
v -0.050584 0.014110 0.023539
v -0.058394 0.006109 0.019490
v -0.052468 0.011656 0.022672
v -0.053872 0.013203 0.020641
v -0.045006 0.017786 0.029889
v -0.044194 0.017450 0.030724
v -0.044845 0.018325 0.030101
v -0.045509 0.018769 0.029395
v -0.045453 0.017195 0.029353
v -0.044552 0.016835 0.030352
v -0.043230 0.017099 0.031626
v -0.043559 0.016477 0.031305
v -0.042027 0.016040 0.032527
v -0.041757 0.016625 0.032789
v -0.039627 0.016302 0.034168
v -0.039348 0.016776 0.034441
v -0.039881 0.015740 0.033815
v -0.042294 0.015367 0.032229
v -0.040233 0.015090 0.033453
v -0.043937 0.015797 0.030826
v -0.045029 0.016215 0.029724
v -0.045874 0.016650 0.028696
v -0.046537 0.017079 0.027913
v -0.046950 0.017726 0.027408
v -0.046396 0.015967 0.027780
v -0.046959 0.015276 0.026888
v -0.045732 0.014725 0.028254
v -0.045442 0.015508 0.028956
v -0.047220 0.016518 0.026857
v -0.047934 0.015934 0.025794
v -0.044222 0.015140 0.030293
v -0.044390 0.014377 0.029725
v -0.042509 0.013943 0.031372
v -0.042451 0.014790 0.031895
v -0.040461 0.014436 0.033064
v -0.040501 0.013601 0.032642
v -0.033276 0.016959 0.036537
v -0.033102 0.017254 0.035909
v -0.036298 0.017288 0.035331
v -0.036466 0.016983 0.035947
v -0.039103 0.017137 0.034541
v -0.039041 0.017414 0.034021
v -0.036325 0.016152 0.032931
v -0.035319 0.016950 0.028730
v -0.038149 0.017015 0.027957
v -0.039675 0.016395 0.031847
v -0.032531 0.015963 0.033361
v -0.031973 0.017236 0.029319
v -0.028873 0.016492 0.033445
v -0.028695 0.017946 0.029402
v -0.026416 0.018065 0.033175
v -0.034815 0.029563 0.035376
v -0.034844 0.029895 0.035474
v -0.039533 0.029228 0.034457
v -0.039268 0.028817 0.034338
v -0.051725 0.000825 -0.121373
v -0.053126 0.015494 -0.127192
v -0.040220 0.011448 -0.136148
v -0.042175 0.026617 0.033591
v -0.042128 0.027390 0.033206
v -0.044385 0.026314 0.031623
v -0.044279 0.025541 0.032001
v -0.042178 0.025688 0.033850
v -0.044158 0.024630 0.032056
v -0.039211 0.026763 0.035514
v -0.039216 0.027672 0.035293
v -0.039178 0.028312 0.034739
v -0.044946 0.023327 0.027633
v -0.043910 0.024817 0.028389
v -0.043618 0.023449 0.030867
v -0.044505 0.022541 0.029780
v -0.045504 0.022629 0.026938
v -0.045100 0.021862 0.028909
v -0.044595 0.023090 0.023449
v -0.043757 0.023802 0.024094
v -0.042500 0.024666 0.025036
v -0.045070 0.022406 0.023075
v -0.045328 0.021690 0.022940
v -0.045286 0.020857 0.022896
v -0.045032 0.020045 0.023226
v -0.060705 -0.009484 0.020039
v -0.060847 0.001159 0.018553
v -0.063162 -0.006565 0.015510
v -0.044626 0.018688 0.030256
v -0.045294 0.019174 0.029514
v -0.044201 0.018947 0.030175
v -0.044628 0.019307 0.029602
v -0.045773 0.019694 0.028708
v -0.046174 0.019313 0.028569
v -0.043122 0.017143 0.029540
v -0.042428 0.017735 0.026145
v -0.043549 0.018239 0.025252
v -0.044044 0.018089 0.028349
v -0.041871 0.016652 0.030579
v -0.040657 0.017265 0.027094
v -0.044197 0.018739 0.024509
v -0.044697 0.019390 0.023749
v -0.044667 0.018602 0.027720
v -0.045146 0.019158 0.026899
v -0.045061 0.019764 0.028913
v -0.045698 0.020573 0.026141
v -0.045787 0.021208 0.026189
v -0.045357 0.020228 0.028150
v -0.045711 0.020778 0.027480
v -0.045498 0.019940 0.026315
v -0.045741 0.021940 0.026445
v -0.045469 0.021300 0.028032
v -0.046651 0.018768 0.027870
v -0.046568 0.019787 0.027825
v -0.047347 0.020805 0.026812
v -0.047201 0.018650 0.027039
v -0.048131 0.018614 0.025862
v -0.047761 0.017321 0.026210
v -0.048444 0.021326 0.025875
v -0.049544 0.021882 0.024807
v -0.049192 0.018683 0.024665
v -0.048611 0.017091 0.025123
v -0.046128 0.020167 0.027983
v -0.046431 0.020706 0.027436
v -0.047807 0.022465 0.027104
v -0.048491 0.023340 0.026524
v -0.046828 0.021797 0.027778
v -0.046220 0.022632 0.028998
v -0.047002 0.023489 0.028702
v -0.047410 0.024331 0.028337
v -0.045874 0.024451 0.030294
v -0.046168 0.025255 0.029942
v -0.045352 0.023613 0.030392
v -0.046013 0.021442 0.028202
v -0.045522 0.022105 0.029097
v -0.044764 0.022880 0.030201
v -0.043834 0.023698 0.031506
v -0.042103 0.024873 0.033483
v -0.041904 0.024603 0.032742
v -0.039185 0.025847 0.035205
v -0.039109 0.025553 0.034485
v -0.035166 0.030823 0.036064
v -0.040471 0.030383 0.034874
v -0.039111 0.027027 0.031549
v -0.037367 0.026050 0.028149
v -0.034757 0.026317 0.029588
v -0.035587 0.027525 0.033347
v -0.023919 0.021980 0.032250
v -0.024324 0.023119 0.032797
v -0.024880 0.023737 0.029715
v -0.024412 0.022557 0.029206
v -0.023135 0.021608 0.033126
v -0.024207 0.022741 0.033823
v -0.027746 0.026382 0.034399
v -0.028373 0.025691 0.030471
v -0.025812 0.025127 0.030228
v -0.025499 0.024885 0.033687
v -0.028667 0.025192 0.035739
v -0.025989 0.023894 0.034773
v -0.035523 0.026147 0.035693
v -0.022009 0.071564 -0.147852
v -0.021642 0.056309 -0.150689
v -0.041302 0.057858 -0.142076
v -0.041204 0.071088 -0.139813
v -0.042240 0.026155 0.029736
v -0.040242 0.025500 0.026590
v -0.051407 0.071977 -0.132344
v -0.050462 0.080364 -0.129639
v -0.041513 0.082395 -0.134926
v -0.035217 -0.059672 -0.096662
v -0.024959 -0.070541 -0.102674
v -0.022431 0.021389 0.034252
v -0.023810 0.022547 0.034798
v -0.021499 0.020623 0.033829
v -0.020374 0.020608 0.034057
v -0.021227 0.021665 0.034348
v -0.022664 0.023103 0.034909
v -0.025587 0.023959 0.035540
v -0.024666 0.024653 0.035835
v -0.027770 0.026289 0.036796
v -0.028504 0.025452 0.036545
v -0.035324 0.026348 0.036502
v -0.035000 0.027321 0.036586
v -0.027106 0.027188 0.036481
v -0.023988 0.025543 0.035439
v -0.026526 0.028010 0.035895
v -0.023569 0.026526 0.034931
v -0.034702 0.029023 0.035841
v -0.034759 0.028256 0.036393
v -0.023669 0.018250 0.034815
v -0.020796 0.018980 0.034358
v -0.023944 0.018620 0.034402
v -0.021807 0.019230 0.034026
v -0.024869 0.018827 0.033551
v -0.021217 0.019648 0.033875
v -0.020211 0.019496 0.034162
v -0.024773 0.019027 0.032417
v -0.020231 0.022107 0.033916
v -0.019263 0.020681 0.033963
v -0.018884 0.022628 0.033421
v -0.018018 0.020820 0.033727
v -0.020718 0.024794 0.033696
v -0.021767 0.023902 0.034390
v -0.019124 0.019353 0.034176
v -0.019680 0.018750 0.034416
v -0.018023 0.019326 0.034084
v -0.018716 0.018545 0.034332
v -0.025970 0.015637 0.035756
v -0.025626 0.015062 0.035829
v -0.022421 0.017090 0.035169
v -0.021755 0.016634 0.035207
v -0.034139 0.012341 0.035155
v -0.037379 0.012483 0.034058
v -0.033606 0.011170 0.035273
v -0.037011 0.011094 0.034068
v -0.028702 0.011728 0.036173
v -0.029289 0.012783 0.035954
v -0.030048 -0.108966 -0.022201
v -0.047677 0.014398 0.026118
v -0.048967 0.012931 0.025396
v -0.047245 0.012158 0.027187
v -0.046237 0.013855 0.027618
v -0.044665 0.013392 0.029170
v -0.045125 0.011550 0.029096
v -0.042680 0.011309 0.030908
v -0.042653 0.012935 0.030901
v -0.040390 0.012713 0.032429
v -0.040189 0.011200 0.032488
v -0.050728 0.018297 0.023177
v -0.051695 0.021791 0.022722
v -0.052701 0.017351 0.021409
v -0.054088 0.021265 0.020549
v -0.017242 0.023577 0.033653
v -0.016572 0.021266 0.033582
v -0.014974 0.024434 0.034757
v -0.014708 0.021899 0.034439
v -0.016253 0.027406 0.035584
v -0.018621 0.026550 0.034394
v -0.017014 0.019388 0.033984
v -0.017715 0.018278 0.034243
v -0.015541 0.019351 0.034438
v -0.016629 0.017840 0.034654
v -0.025053 0.014202 0.035909
v -0.024381 0.013222 0.036082
v -0.020973 0.016021 0.035255
v -0.019967 0.015247 0.035554
v -0.049738 -0.009985 -0.116095
v -0.054060 0.030880 -0.130494
v -0.047829 0.034372 0.032329
v -0.045489 0.031570 0.033061
v -0.041872 0.032677 0.035200
v -0.043690 0.036007 0.035377
v -0.050139 0.038727 0.030501
v -0.052776 0.035625 0.027638
v -0.050543 0.032306 0.029509
v -0.048184 0.030015 0.030658
v -0.052407 0.024687 0.023482
v -0.050596 0.024636 0.025092
v -0.050523 0.026393 0.026380
v -0.052401 0.027033 0.025000
v -0.054820 0.024811 0.021234
v -0.055073 0.028264 0.022828
v -0.051718 0.029436 0.027074
v -0.049627 0.028105 0.028392
v -0.054179 0.031653 0.025282
v -0.023994 0.032408 0.037275
v -0.025135 0.030998 0.036238
v -0.022251 0.028803 0.035063
v -0.020328 0.029520 0.035698
v -0.022626 0.033712 0.038449
v -0.018151 0.030201 0.036705
v -0.037179 0.037233 0.038176
v -0.036028 0.033488 0.037102
v -0.026057 0.028568 0.035353
v -0.023717 0.027093 0.034922
v -0.025885 0.028955 0.035299
v -0.023619 0.027485 0.034733
v -0.059054 0.090666 -0.112044
v -0.061344 0.096437 -0.099670
v -0.044460 0.107148 -0.106040
v -0.043638 0.100083 -0.118153
v -0.042199 0.027775 0.032933
v -0.042447 0.028228 0.033037
v -0.044908 0.027270 0.031304
v -0.044502 0.026761 0.031335
v -0.046407 0.025824 0.029611
v -0.046924 0.026343 0.029460
v -0.048256 0.025421 0.027757
v -0.047688 0.024951 0.027994
v -0.048434 0.024337 0.026827
v -0.048997 0.024352 0.026377
v -0.023221 0.028262 0.034830
v -0.025645 0.029571 0.035520
v -0.052907 0.060377 -0.133308
v -0.044370 0.071896 0.021064
v -0.051692 0.068474 0.014683
v -0.049585 0.062232 0.020298
v -0.043525 0.029451 0.033317
v -0.046194 0.028363 0.031272
v -0.048057 0.027155 0.029178
v -0.049160 0.025907 0.027358
v -0.049656 0.024975 0.026191
v -0.072219 -0.013559 -0.039853
v -0.073042 -0.013719 -0.041738
v -0.081762 -0.003569 -0.065746
v -0.079984 0.003142 -0.065076
v -0.078761 0.006493 -0.064020
v -0.080581 0.013798 -0.051187
v -0.084372 0.016799 -0.054054
v -0.084717 -0.021975 -0.059930
v -0.081403 -0.023860 -0.056379
v -0.084804 -0.021208 -0.060627
v -0.090909 0.013401 -0.064402
v -0.091264 0.011914 -0.065650
v -0.092006 0.011775 -0.065412
v -0.042288 -0.030618 -0.104759
v -0.047007 -0.018413 -0.111602
v -0.091832 0.010021 -0.067021
v -0.075288 -0.009187 -0.044294
v -0.083052 -0.004245 -0.066006
v -0.084987 -0.004898 -0.067738
v -0.085364 -0.009794 -0.068154
v -0.084714 -0.009198 -0.067099
v -0.084282 -0.014380 -0.066321
v -0.083809 -0.013339 -0.065590
v -0.086625 -0.018614 -0.063149
v -0.088651 -0.015180 -0.065111
v -0.085584 0.017250 -0.055038
v -0.084942 0.016174 -0.053520
v -0.086338 0.016861 -0.055275
v -0.076047 -0.010407 -0.045678
v -0.078802 0.012212 -0.051070
v -0.078561 0.009855 -0.049972
v -0.078056 0.010249 -0.050387
v -0.072654 -0.005346 -0.050017
v -0.072726 -0.004383 -0.050128
v -0.073659 -0.006878 -0.049470
v -0.076150 -0.008455 -0.048068
v -0.069423 -0.015911 -0.048442
v -0.068689 -0.017302 -0.050837
v -0.068997 -0.018304 -0.049906
v -0.087927 0.023256 -0.058723
v -0.078740 0.008908 -0.049769
v -0.080123 0.009879 -0.049828
v -0.080411 0.011022 -0.050084
v -0.087122 0.016455 -0.055535
v -0.080463 0.011934 -0.050318
v -0.079743 0.011978 -0.050260
v -0.081302 0.013497 -0.051063
v -0.079093 0.011986 -0.050470
v -0.076648 -0.011972 -0.061950
v -0.075317 -0.012557 -0.060372
v -0.074777 0.006858 -0.040496
v -0.075892 0.004485 -0.042793
v -0.080216 -0.024465 -0.054360
v -0.078225 0.012798 -0.060422
v -0.078420 0.015485 -0.061812
v -0.089964 -0.010553 -0.066857
v -0.082554 -0.016044 -0.057239
v -0.080265 -0.016846 -0.055681
v -0.084689 -0.014988 -0.058651
v -0.086366 -0.012562 -0.059944
v -0.074673 0.003512 -0.055197
v -0.085679 0.006930 -0.058858
v -0.086264 0.004924 -0.060184
v -0.084213 0.006901 -0.057359
v -0.079635 0.019002 -0.060035
v -0.079321 0.018746 -0.057682
v -0.079866 0.013135 -0.058260
v -0.078639 0.016967 -0.057121
v -0.071593 -0.012490 -0.048794
v -0.070932 -0.018724 -0.052534
v -0.070268 -0.016639 -0.053303
v -0.072090 -0.018759 -0.053519
v -0.071599 -0.017964 -0.054934
v -0.072279 -0.016489 -0.056693
v -0.073321 -0.014417 -0.057916
v -0.073644 -0.011763 -0.058430
v -0.071478 -0.008424 -0.049629
v -0.079480 0.017827 -0.047592
v -0.070869 -0.010268 -0.049457
v -0.072879 -0.006758 -0.049702
v -0.072931 -0.008548 -0.049252
v -0.072538 -0.010505 -0.048860
v -0.077229 -0.019343 -0.049213
v -0.077903 -0.018078 -0.051968
v -0.075695 -0.018610 -0.048622
v -0.078809 -0.017471 -0.054060
v -0.074370 -0.018315 -0.048388
v -0.078298 0.013857 -0.059040
v -0.078585 0.017095 -0.059093
v -0.072417 -0.010035 -0.037715
v -0.065296 -0.001543 0.010334
v -0.066673 0.007736 0.004701
v -0.026336 -0.049659 0.035835
v -0.025253 -0.052608 0.036220
v -0.057477 -0.012224 0.024730
v -0.052637 -0.014690 0.030054
v -0.025449 -0.044252 0.046880
v -0.024807 -0.044997 0.047077
v -0.023785 -0.044637 0.047413
v -0.024469 -0.044179 0.047040
v -0.022160 -0.044002 0.046185
v -0.023081 -0.044089 0.045505
v -0.023229 -0.044160 0.046244
v -0.022433 -0.044021 0.046934
v -0.029330 -0.029206 0.046636
v -0.032765 -0.025073 0.044103
v -0.035006 -0.029238 0.043262
v -0.031699 -0.032644 0.045683
v -0.024999 -0.045041 0.038403
v -0.024783 -0.043755 0.038783
v -0.023538 -0.043812 0.042474
v -0.023985 -0.044331 0.042182
v -0.024728 -0.047829 0.038406
v -0.023734 -0.045717 0.041987
v -0.026853 -0.045697 0.035864
v -0.026084 -0.043488 0.036245
v -0.034536 -0.050044 0.041111
v -0.031014 -0.047965 0.043492
v -0.031820 -0.044837 0.044250
v -0.035368 -0.045372 0.041900
v -0.025544 -0.017938 0.045401
v -0.029425 -0.021466 0.044924
v -0.026150 -0.025445 0.047053
v -0.022522 -0.021438 0.047260
v -0.019112 -0.016965 0.048026
v -0.021792 -0.014246 0.045975
v -0.017757 -0.009407 0.051436
v -0.018296 -0.012946 0.052822
v -0.017708 -0.013861 0.056320
v -0.018159 -0.011747 0.054970
v -0.015680 -0.017646 0.054738
v -0.018370 -0.015117 0.051419
v -0.011790 -0.019019 0.055404
v -0.011409 -0.018259 0.056302
v -0.015834 -0.018249 0.053175
v -0.016141 -0.019281 0.051361
v -0.012212 -0.019752 0.054372
v -0.010662 -0.017203 0.057218
v -0.013354 -0.017130 0.057167
v -0.015146 -0.015331 0.058766
v -0.004582 -0.016764 0.065713
v -0.005736 -0.015465 0.067583
v -0.009631 0.013726 0.049678
v -0.012569 0.010187 0.046580
v -0.009601 0.011100 0.052259
v -0.012426 0.007957 0.049081
v -0.014186 -0.013297 0.062572
v -0.016018 -0.011402 0.060791
v -0.011790 -0.012150 0.066328
v -0.013027 -0.009515 0.065840
v -0.003890 0.028449 0.048441
v -0.002617 -0.020387 0.061904
v -0.002877 -0.021085 0.061501
v -0.002296 -0.019269 0.063701
v -0.022575 0.093626 -0.136111
v -0.022928 0.105542 -0.125071
v -0.021911 0.118015 -0.102462
v -0.019533 0.122122 -0.090298
v -0.005882 -0.037094 0.062528
v -0.005449 -0.034593 0.062518
v -0.012792 -0.038465 0.049164
v -0.007207 -0.038348 0.050456
v -0.006833 -0.041973 0.052930
v -0.012125 -0.042003 0.051595
v -0.016330 -0.042102 0.049548
v -0.017265 -0.038626 0.047228
v -0.013354 -0.034959 0.047843
v -0.007644 -0.034745 0.049175
v -0.011995 -0.043918 0.054808
v -0.006763 -0.043805 0.056865
v -0.006635 -0.041865 0.059618
v -0.012033 -0.042366 0.056999
v -0.018695 -0.023442 0.050190
v -0.014638 -0.022879 0.052874
v -0.010422 -0.022919 0.056456
v -0.007101 -0.023193 0.059151
v -0.006468 -0.021167 0.059443
v -0.009027 -0.020464 0.057125
v -0.006176 -0.020318 0.059805
v -0.008681 -0.019674 0.057693
v -0.008476 -0.018905 0.058165
v -0.009082 -0.017427 0.058396
v -0.007316 -0.017707 0.059673
v -0.007900 -0.016484 0.059306
v -0.006086 -0.019479 0.060027
v -0.004197 0.005700 0.065885
v -0.003927 0.009237 0.062910
v -0.010109 -0.032908 0.060442
v -0.005147 -0.032528 0.061898
v -0.004622 -0.028564 0.060840
v -0.009042 -0.028532 0.059492
v -0.013632 -0.029114 0.057029
v -0.015191 -0.034443 0.057816
v -0.003190 -0.021863 0.061120
v -0.010474 -0.035001 0.060741
v -0.010782 -0.037515 0.060458
v -0.015671 -0.036754 0.057929
v -0.015921 -0.039003 0.057502
v -0.019976 -0.036752 0.054653
v -0.018985 -0.030859 0.054064
v -0.024595 -0.032882 0.050674
v -0.023967 -0.039257 0.051257
v -0.031673 -0.042003 0.045347
v -0.026873 -0.044297 0.046419
v -0.027005 -0.043193 0.047144
v -0.026613 -0.042042 0.048097
v -0.030781 -0.039007 0.046592
v -0.035060 -0.041187 0.043213
v -0.033859 -0.036694 0.044503
v -0.028745 -0.036044 0.048157
v -0.025860 -0.040833 0.049256
v -0.025547 -0.043633 0.047495
v -0.024548 -0.043905 0.047444
v -0.025284 -0.043012 0.048381
v -0.024264 -0.043655 0.048190
v -0.024650 -0.042394 0.049389
v -0.023777 -0.043433 0.049048
v -0.022870 -0.042949 0.050280
v -0.023475 -0.041422 0.050925
v -0.022530 -0.044239 0.046079
v -0.021528 -0.044312 0.047143
v -0.021576 -0.044371 0.048453
v -0.022485 -0.044324 0.047394
v -0.023147 -0.044138 0.045554
v -0.023007 -0.044202 0.046775
v -0.022982 -0.043352 0.043538
v -0.021646 -0.042760 0.045298
v -0.023644 -0.044225 0.044860
v -0.023574 -0.044085 0.045968
v -0.023603 -0.044119 0.047117
v -0.023499 -0.044066 0.047598
v -0.022985 -0.044050 0.048327
v -0.022129 -0.043938 0.049338
v -0.015914 -0.041034 0.056339
v -0.019543 -0.040902 0.054205
v -0.019237 -0.042651 0.052871
v -0.015829 -0.043199 0.054363
v -0.018892 -0.043876 0.051386
v -0.017991 -0.035103 0.046114
v -0.015576 -0.044024 0.052666
v -0.020671 -0.039392 0.044714
v -0.021555 -0.036660 0.042716
v -0.019436 -0.042403 0.047084
v -0.024338 -0.042410 0.039835
v -0.022713 -0.040929 0.042355
v -0.025597 -0.041809 0.037369
v -0.023725 -0.038865 0.040390
v -0.018831 -0.044319 0.049573
v -0.019894 -0.039001 0.054672
v -0.011299 -0.039912 0.059071
v -0.006138 -0.039383 0.061258
v -0.004882 -0.001907 0.072437
v -0.004682 0.002189 0.069067
v -0.023001 -0.044276 0.047513
v -0.010753 -0.117208 -0.009625
v -0.026200 -0.045510 0.046363
v -0.023939 -0.049967 0.038331
v -0.022885 -0.046713 0.042130
v -0.031814 -0.054341 0.041777
v -0.027124 -0.058560 0.044366
v -0.025005 -0.054817 0.046672
v -0.028804 -0.051236 0.044189
v -0.022360 -0.048853 0.049628
v -0.024783 -0.047077 0.047456
v -0.023514 -0.045901 0.048324
v -0.021232 -0.046901 0.050521
v -0.020143 -0.045411 0.051018
v -0.022476 -0.044968 0.048647
v -0.017949 -0.043745 0.049881
v -0.013601 -0.043157 0.052662
v -0.013069 -0.046766 0.047838
v -0.017761 -0.047123 0.045578
v -0.021294 -0.047026 0.043302
v -0.021183 -0.044040 0.047066
v -0.018575 -0.043583 0.050598
v -0.021477 -0.043940 0.047825
v -0.013959 -0.043195 0.053620
v -0.019931 -0.113841 -0.014914
v -0.021818 -0.044195 0.048528
v -0.019111 -0.044035 0.050910
v -0.014778 -0.044026 0.054218
v -0.015972 -0.045913 0.054633
v -0.017076 -0.048136 0.054605
v -0.018012 -0.050850 0.053453
v -0.019927 -0.057560 0.049716
v -0.020843 -0.062122 0.047976
v -0.013914 -0.059318 0.052229
v -0.014290 -0.063986 0.051327
v -0.012776 -0.052309 0.056817
v -0.012216 -0.048866 0.058405
v -0.011338 -0.046233 0.058183
v -0.010478 -0.044050 0.057247
v -0.003694 -0.023536 0.060663
v -0.006061 -0.017764 0.060992
v -0.004866 -0.017604 0.063359
v -0.007757 -0.013988 0.068445
v -0.002083 -0.018354 0.065833
v -0.010196 -0.012246 0.067937
v -0.008551 -0.012870 0.069407
v -0.009222 -0.011201 0.070277
v -0.010468 -0.010539 0.069036
v -0.006974 -0.013450 0.070664
v -0.008228 -0.011405 0.071324
v -0.002872 -0.014561 0.072500
v -0.003675 -0.011234 0.074598
v -0.004651 -0.005614 0.074426
v -0.004065 -0.009043 0.075098
v -0.009559 -0.009527 0.070852
v -0.010812 -0.007547 0.069489
v -0.011345 -0.004717 0.066921
v -0.013735 -0.006904 0.063228
v -0.010132 0.126919 -0.046990
v -0.009703 -0.042888 0.056377
v -0.009242 -0.042872 0.054508
v -0.013135 -0.056861 0.041043
v -0.013087 -0.052591 0.043512
v -0.008723 -0.052564 0.044848
v -0.008819 -0.057269 0.042408
v -0.005056 -0.042716 0.055360
v -0.004833 -0.046264 0.050157
v -0.008852 -0.046281 0.049303
v -0.005228 -0.042656 0.057564
v -0.005757 -0.044095 0.058702
v -0.006411 -0.046415 0.059933
v -0.004757 -0.052667 0.045482
v -0.004889 -0.057377 0.043174
v -0.022202 -0.051505 0.039441
v -0.023156 -0.054883 0.037282
v -0.017951 -0.052484 0.041665
v -0.018362 -0.056245 0.039426
v -0.008268 -0.064436 0.053891
v -0.007892 -0.060013 0.053989
v -0.006759 -0.049740 0.060182
v -0.007225 -0.053488 0.058378
v -0.022801 0.113077 -0.114454
v -0.063322 0.074110 -0.008378
v -0.061849 0.067611 -0.000343
v -0.054507 0.074926 0.006469
v -0.056506 0.080128 -0.000913
v -0.064125 0.081862 -0.016571
v -0.057202 0.086672 -0.008713
v -0.040332 0.119167 -0.065970
v -0.040872 0.118403 -0.051773
v -0.021476 0.124286 -0.048135
v -0.035184 0.119484 -0.079874
v -0.047733 0.111256 -0.088934
v -0.050024 0.113765 -0.069641
v -0.049934 0.113492 -0.054442
v -0.024444 -0.085844 -0.104216
v -0.053932 0.043237 -0.132234
v -0.048538 0.112303 -0.040705
v -0.040160 0.116479 -0.038041
v -0.039572 0.113292 -0.025703
v -0.047168 0.109933 -0.029034
v -0.021253 0.121903 -0.033754
v -0.009988 0.124182 -0.032034
v -0.019862 0.007880 -0.143538
v -0.003775 0.012655 0.060035
v -0.046760 -0.046810 -0.088510
v -0.055750 -0.046865 -0.071694
v -0.054816 -0.097641 -0.051844
v -0.070325 -0.025489 -0.054978
v -0.070153 -0.024970 -0.055801
v -0.057822 -0.060591 -0.054941
v -0.059499 -0.047364 -0.055724
v -0.037896 -0.045695 -0.099648
v -0.080577 -0.014505 -0.064655
v -0.081466 -0.011160 -0.065738
v -0.081753 -0.015406 -0.064227
v -0.082872 -0.011783 -0.065484
v -0.083123 -0.008063 -0.066071
v -0.082337 -0.017284 -0.063618
v -0.079735 0.018462 -0.055005
v -0.080952 0.019920 -0.054308
v -0.069418 -0.027283 -0.050910
v -0.069445 -0.026618 -0.052605
v -0.068839 -0.026858 -0.051589
v -0.068522 -0.027408 -0.050375
v -0.068939 -0.028169 -0.049404
v -0.068332 -0.027943 -0.049267
v -0.079615 0.034275 -0.048470
v -0.067207 -0.027298 -0.052512
v -0.069483 -0.025344 -0.055206
v -0.069350 -0.026204 -0.053834
v -0.068221 -0.026961 -0.052476
v -0.067397 -0.027753 -0.050399
v -0.067184 -0.028606 -0.048719
v -0.068408 -0.029314 -0.048216
v -0.082595 -0.018476 -0.064152
v -0.074015 -0.028887 -0.053832
v -0.080113 0.011358 -0.060726
v -0.080299 0.009867 -0.061942
v -0.082436 0.011488 -0.063564
v -0.082301 0.013477 -0.062342
v -0.059779 -0.009150 -0.103905
v -0.062231 0.001477 -0.109454
v -0.012489 -0.083906 -0.108138
v -0.012968 -0.068665 -0.107821
v -0.077342 0.032824 -0.095451
v -0.080124 0.012823 -0.059312
v -0.082333 0.014949 -0.061031
v -0.081903 -0.007433 -0.066001
v -0.079566 0.012131 -0.059175
v -0.079568 0.010682 -0.060572
v -0.083539 0.016458 -0.062568
v -0.083617 0.014530 -0.064103
v -0.083705 0.012367 -0.065336
v -0.079493 0.009129 -0.062005
v -0.079316 0.017599 -0.061836
v -0.081834 0.062175 -0.072516
v -0.080990 0.056695 -0.086396
v -0.077983 0.078814 -0.076191
v -0.077310 0.074213 -0.091372
v -0.072615 0.068625 -0.107102
v -0.076105 0.050196 -0.102103
v -0.079248 0.018393 -0.056366
v -0.081824 0.020869 -0.054799
v -0.064678 0.088246 -0.024445
v -0.069846 0.083323 -0.031673
v -0.057484 0.092458 -0.015911
v -0.057335 0.097664 -0.022690
v -0.064022 0.094336 -0.031496
v -0.071309 0.087666 -0.043545
v -0.081171 0.052772 -0.057485
v -0.079961 0.067252 -0.058481
v -0.076709 0.071025 -0.045006
v -0.075944 0.083441 -0.060695
v -0.067144 0.096858 -0.049996
v -0.070846 0.093401 -0.064577
v -0.059896 0.105334 -0.053957
v -0.062048 0.103527 -0.068559
v -0.061941 0.101200 -0.084546
v -0.072624 0.089677 -0.079680
v -0.062097 0.099816 -0.037737
v -0.055765 0.102454 -0.028148
v -0.056859 0.106139 -0.041325
v -0.053521 0.106547 -0.032711
v -0.074609 0.072595 -0.037845
v -0.062363 -0.031949 -0.048197
v -0.063688 -0.032601 -0.042879
v -0.068878 -0.023156 -0.035613
v -0.069482 0.001094 -0.001941
v -0.069148 0.013317 -0.004611
v -0.072388 0.005452 -0.014888
v -0.070376 -0.007419 -0.011454
v -0.067835 0.026471 -0.006240
v -0.071314 0.019154 -0.016396
v -0.072184 0.032713 -0.018075
v -0.068257 0.040234 -0.006507
v -0.063559 0.063533 -0.121948
v -0.065846 0.046995 -0.119761
v -0.066389 0.034431 -0.117697
v -0.048029 0.056634 0.024194
v -0.022340 0.084938 -0.142016
v -0.046571 0.079150 0.013627
v -0.055580 0.083518 -0.122795
v -0.042248 0.089666 -0.129321
v -0.071818 0.085134 -0.094681
v -0.068517 0.080256 -0.108068
v -0.060468 0.074279 -0.122710
v -0.065303 0.018610 -0.115233
v -0.047729 0.106003 -0.021434
v -0.057175 0.024696 0.018323
v -0.056523 0.020168 0.017609
v -0.057362 0.029453 0.019678
v -0.054888 0.015354 0.019167
v -0.016002 0.006973 0.044174
v -0.015490 0.004997 0.046367
v -0.014967 0.002758 0.048446
v -0.018978 0.002188 0.043995
v -0.018236 -0.000733 0.045926
v -0.012051 0.002676 0.054080
v -0.012285 0.005378 0.051515
v -0.014696 -0.000036 0.050623
v -0.014662 -0.003112 0.052672
v -0.012196 -0.000268 0.056602
v -0.018682 -0.015343 0.049028
v -0.019658 -0.010736 0.047078
v -0.017359 -0.006577 0.049268
v -0.021838 -0.003605 0.044260
v -0.020850 -0.006861 0.045711
v -0.017675 -0.003389 0.047636
v -0.023127 -0.000341 0.042401
v -0.015656 -0.006362 0.055547
v -0.016603 -0.009424 0.058692
v -0.013068 -0.003602 0.059958
v -0.011003 -0.001493 0.063489
v -0.010202 0.002066 0.060236
v -0.019770 0.004362 0.042052
v -0.024332 0.002302 0.040885
v -0.024277 -0.010226 0.044853
v -0.028708 -0.013388 0.044358
v -0.026077 -0.005959 0.043262
v -0.030486 -0.008603 0.042695
v -0.027530 -0.002453 0.041597
v -0.031893 -0.004886 0.040838
v -0.032595 -0.016815 0.043663
v -0.035905 -0.020627 0.042533
v -0.038941 -0.025343 0.040877
v -0.038719 -0.015713 0.040606
v -0.042292 -0.020934 0.038646
v -0.040831 -0.010986 0.038616
v -0.045085 -0.015722 0.036497
v -0.034912 -0.011879 0.041844
v -0.036618 -0.007795 0.039775
v -0.033297 -0.001162 0.039113
v -0.029018 0.000789 0.040088
v -0.042377 -0.000216 0.034751
v -0.041979 -0.005604 0.036707
v -0.037620 -0.003320 0.037810
v -0.038415 0.001156 0.036046
v -0.047046 -0.009228 0.034611
v -0.046954 -0.001780 0.033151
v -0.046286 0.003105 0.031557
v -0.032796 0.009524 0.035884
v -0.027968 0.010204 0.036735
v -0.036406 0.009178 0.034630
v -0.042242 0.003791 0.033316
v -0.038874 0.004502 0.034810
v -0.050464 0.010462 0.024999
v -0.048208 0.009591 0.027310
v -0.042583 0.009012 0.031610
v -0.039709 0.009010 0.033205
v -0.045494 0.009229 0.029647
v -0.023364 0.011798 0.036714
v -0.018942 0.013982 0.036598
v -0.054406 -0.059607 -0.068848
v -0.009735 0.005286 0.057661
v -0.009613 0.008302 0.055061
v -0.015120 0.030679 0.038834
v -0.013268 0.027886 0.037841
v -0.007226 0.028255 0.045447
v -0.019188 0.034463 0.040654
v -0.015237 0.016646 0.036578
v -0.013605 0.018942 0.036499
v -0.012428 0.022004 0.036662
v -0.012290 0.024813 0.037219
v -0.030713 0.047947 0.041498
v -0.027610 0.041760 0.042695
v -0.058426 0.061243 0.008654
v -0.062428 0.052875 0.004870
v -0.051098 0.043479 0.026986
v -0.054434 0.039561 0.024078
v -0.056616 0.034637 0.021564
v -0.064359 0.041646 0.002110
v -0.064859 0.029719 0.001281
v -0.065876 0.018404 0.002098
v -0.048677 0.090791 -0.000562
v -0.048682 0.096355 -0.007443
v -0.048095 0.084863 0.006589
v -0.039265 0.109276 -0.016243
v -0.039236 0.104796 -0.007865
v -0.048375 0.101426 -0.014355
v -0.039611 0.099700 -0.000572
v -0.039835 0.094139 0.006210
v -0.039241 0.088289 0.013364
v -0.038041 0.082200 0.020171
v -0.036414 0.074038 0.026889
v -0.044379 -0.058987 -0.085435
v -0.008155 -0.005598 0.056761
v -0.007432 -0.005506 0.057269
v -0.007098 -0.006150 0.056282
v -0.006444 -0.005983 0.056751
v -0.005841 -0.007652 0.056608
v -0.007544 -0.014673 0.058515
v -0.006158 -0.012807 0.057486
v -0.005409 -0.009442 0.056464
v -0.067366 -0.029291 -0.037644
v -0.054582 -0.094405 -0.065376
v -0.050013 -0.091441 -0.076530
v 0.051551 -0.094937 -0.063246
v 0.047467 -0.091709 -0.074798
v 0.017966 -0.121848 -0.016506
v 0.028546 -0.118061 -0.022376
v 0.030602 -0.127541 -0.023927
v 0.019171 -0.130474 -0.018615
v 0.054728 -0.113682 -0.071324
v 0.052683 -0.104462 -0.064919
v 0.048888 -0.101235 -0.078601
v 0.052472 -0.110541 -0.085334
v 0.042925 -0.099463 -0.090624
v 0.046773 -0.109490 -0.097062
v 0.037070 -0.110322 -0.105418
v 0.034491 -0.098499 -0.099702
v 0.023936 -0.099127 -0.105823
v 0.026045 -0.112315 -0.110109
v 0.039899 -0.114260 -0.029528
v 0.048732 -0.110649 -0.039501
v 0.049132 -0.120876 -0.041619
v 0.040562 -0.123520 -0.031036
v 0.053182 -0.107215 -0.051153
v 0.054116 -0.117166 -0.055694
v 0.012989 -0.112107 -0.113207
v 0.012014 -0.097339 -0.109087
v 0.021945 -0.149831 -0.022034
v 0.009911 -0.151031 -0.019893
v 0.009561 -0.141437 -0.017342
v 0.020937 -0.140240 -0.020371
v 0.050763 -0.154906 -0.040768
v 0.063852 -0.149802 -0.053628
v 0.070285 -0.158222 -0.051128
v 0.055397 -0.164041 -0.037717
v 0.090834 -0.157396 -0.063918
v 0.099606 -0.146262 -0.083573
v 0.035830 -0.158143 -0.030547
v 0.038778 -0.167012 -0.026459
v -0.000714 -0.123376 -0.120718
v -0.000569 -0.109756 -0.114302
v 0.090151 -0.140381 -0.085804
v 0.088862 -0.136361 -0.106342
v 0.101111 -0.141565 -0.105543
v 0.049161 -0.158324 -0.142074
v 0.049090 -0.165059 -0.145575
v 0.064040 -0.159980 -0.143332
v 0.059824 -0.154232 -0.138913
v 0.068769 -0.125141 -0.099490
v 0.058280 -0.126171 -0.112174
v 0.066743 -0.133361 -0.118038
v 0.078709 -0.130966 -0.104778
v 0.034007 -0.144399 -0.131479
v 0.051281 -0.138348 -0.125601
v 0.044568 -0.130611 -0.119428
v 0.029884 -0.135461 -0.124166
v 0.080705 -0.135163 -0.084853
v 0.069753 -0.130021 -0.081824
v 0.072898 -0.142920 -0.068002
v 0.064377 -0.136403 -0.066109
v 0.057179 -0.141165 -0.051686
v 0.052648 -0.118101 -0.104495
v 0.041028 -0.120818 -0.112272
v 0.026816 -0.124549 -0.116803
v 0.012398 -0.125731 -0.119911
v -0.001488 -0.173621 -0.139331
v -0.001262 -0.162026 -0.135958
v 0.016168 -0.148024 -0.131955
v 0.014559 -0.136727 -0.125734
v 0.081725 -0.149629 -0.067439
v 0.057562 -0.127589 -0.062348
v 0.052340 -0.131159 -0.047664
v 0.062148 -0.170732 -0.028367
v 0.079099 -0.165914 -0.044436
v 0.042809 -0.174281 -0.017423
v 0.025431 -0.176461 -0.010629
v 0.017162 -0.158941 -0.137528
v 0.016422 -0.170980 -0.140340
v 0.034735 -0.166977 -0.143593
v 0.038072 -0.155129 -0.139225
v 0.046220 -0.144071 -0.038991
v 0.034170 -0.147830 -0.029537
v 0.022123 -0.160126 -0.022387
v 0.059396 -0.118681 -0.092065
v 0.060328 -0.122822 -0.077277
v 0.042919 -0.133353 -0.035078
v 0.032576 -0.137992 -0.026476
v 0.008733 -0.132312 -0.014109
v 0.023271 -0.168715 -0.018298
v 0.091297 -0.145979 -0.124592
v 0.078105 -0.153595 -0.136566
v 0.070689 -0.150330 -0.134401
v -0.000906 -0.149660 -0.131500
v -0.001331 -0.142479 -0.016554
v -0.001255 -0.151941 -0.020837
v -0.001075 -0.133700 -0.012815
v 0.076051 -0.141705 -0.124827
v 0.056177 -0.147146 -0.133382
v -0.001111 -0.125800 -0.009964
v -0.000547 -0.096113 -0.110322
v -0.001191 -0.163317 -0.023816
v -0.001373 -0.173560 -0.019955
v -0.001513 -0.182620 -0.011160
v 0.008399 -0.124360 -0.011215
v 0.010494 -0.171166 -0.017993
v 0.010074 -0.161398 -0.021301
v 0.011366 -0.180368 -0.010810
v -0.000525 -0.136350 -0.126244
v -0.020365 -0.121594 -0.016979
v -0.031126 -0.117679 -0.023267
v -0.033111 -0.127245 -0.024590
v -0.021532 -0.130350 -0.018878
v -0.056607 -0.113522 -0.072798
v -0.054841 -0.104099 -0.066856
v -0.051385 -0.100934 -0.080190
v -0.054627 -0.110494 -0.086319
v -0.044652 -0.099423 -0.091800
v -0.048425 -0.109648 -0.097476
v -0.038551 -0.110717 -0.105425
v -0.035941 -0.098711 -0.100477
v -0.025194 -0.099326 -0.106233
v -0.027355 -0.112629 -0.110198
v -0.042417 -0.113814 -0.030897
v -0.050822 -0.110345 -0.041080
v -0.051290 -0.120536 -0.042838
v -0.043149 -0.123106 -0.032013
v -0.054647 -0.106701 -0.052959
v -0.055595 -0.116929 -0.057300
v -0.014020 -0.112124 -0.113346
v -0.013088 -0.097373 -0.109385
v -0.024271 -0.149819 -0.021989
v -0.012122 -0.151031 -0.019792
v -0.011803 -0.141339 -0.017426
v -0.023420 -0.140119 -0.020657
v -0.053492 -0.154877 -0.041013
v -0.066239 -0.150045 -0.054358
v -0.072830 -0.158536 -0.051463
v -0.058202 -0.164155 -0.037753
v -0.093705 -0.157129 -0.063815
v -0.102162 -0.145718 -0.083025
v -0.038410 -0.158104 -0.030491
v -0.041383 -0.166747 -0.026350
v -0.093014 -0.140162 -0.085604
v -0.091566 -0.136487 -0.105902
v -0.103981 -0.141306 -0.105033
v -0.051816 -0.158224 -0.141568
v -0.051912 -0.164815 -0.144935
v -0.066714 -0.159784 -0.142733
v -0.062548 -0.154154 -0.138484
v -0.071056 -0.125503 -0.099402
v -0.060309 -0.126457 -0.111811
v -0.068774 -0.133674 -0.117597
v -0.080909 -0.131203 -0.104458
v -0.036017 -0.144604 -0.131087
v -0.053022 -0.138792 -0.125283
v -0.046379 -0.131386 -0.119345
v -0.030811 -0.135915 -0.124234
v -0.083060 -0.135018 -0.084711
v -0.071692 -0.129903 -0.082034
v -0.075146 -0.143008 -0.068391
v -0.066520 -0.136485 -0.066917
v -0.059441 -0.141243 -0.052641
v -0.054071 -0.118388 -0.104405
v -0.042503 -0.121281 -0.112031
v -0.028573 -0.124802 -0.116884
v -0.014120 -0.125565 -0.120104
v -0.018141 -0.147703 -0.131553
v -0.016062 -0.137787 -0.126265
v -0.084221 -0.149644 -0.067518
v -0.059424 -0.127421 -0.063558
v -0.054611 -0.131058 -0.048811
v -0.065010 -0.170277 -0.028243
v -0.082036 -0.165690 -0.044360
v -0.045584 -0.173736 -0.017227
v -0.028347 -0.176141 -0.010333
v -0.019719 -0.159151 -0.137083
v -0.018594 -0.171243 -0.140034
v -0.036351 -0.167404 -0.143006
v -0.040222 -0.155205 -0.138769
v -0.049049 -0.144044 -0.039516
v -0.036851 -0.147873 -0.029779
v -0.024487 -0.159987 -0.022198
v -0.061151 -0.118802 -0.092464
v -0.062214 -0.122755 -0.078082
v -0.045753 -0.133103 -0.035803
v -0.035341 -0.137821 -0.026969
v -0.011170 -0.132246 -0.014569
v -0.025805 -0.168423 -0.018170
v -0.093378 -0.145717 -0.123920
v -0.080456 -0.153451 -0.135934
v -0.072893 -0.150403 -0.133957
v -0.078173 -0.141825 -0.124286
v -0.058045 -0.147305 -0.132966
v -0.010729 -0.124261 -0.011888
v -0.013042 -0.170812 -0.017783
v -0.012411 -0.161231 -0.021112
v -0.014091 -0.179889 -0.010769
v -0.007228 -0.007611 0.055768
v -0.066690 -0.031425 -0.016891
v -0.065788 -0.038636 -0.024185
v -0.063269 -0.048883 -0.017935
v -0.064531 -0.041140 -0.010670
v -0.058158 -0.059070 -0.009759
v -0.061224 -0.049732 -0.003412
v -0.051653 -0.066119 -0.001131
v -0.056529 -0.057090 0.003676
v -0.046717 -0.070539 0.008418
v -0.051483 -0.061775 0.011735
v -0.033879 -0.075060 0.031475
v -0.032507 -0.079150 0.026862
v -0.025950 -0.082288 0.034745
v -0.026343 -0.078903 0.039603
v -0.018824 -0.084712 0.041733
v -0.019173 -0.081218 0.046301
v -0.010977 -0.085750 0.045807
v -0.010781 -0.082326 0.050393
v -0.001526 -0.085958 0.047669
v -0.001347 -0.082391 0.052157
v -0.000997 -0.073450 0.056109
v -0.009664 -0.073203 0.054660
v -0.010341 -0.077854 0.053389
v -0.001177 -0.078336 0.054702
v -0.016942 -0.072419 0.050912
v -0.018414 -0.077233 0.049142
v -0.023496 -0.069953 0.045494
v -0.025342 -0.074864 0.043145
v -0.031060 -0.066004 0.039109
v -0.033145 -0.070746 0.035434
v -0.037555 -0.060885 0.034702
v -0.040352 -0.064093 0.029713
v -0.010275 -0.088057 0.038881
v -0.001728 -0.088339 0.041565
v -0.017435 -0.086934 0.034888
v -0.023916 -0.084690 0.028910
v -0.029195 -0.082108 0.021834
v -0.041084 -0.073935 0.018048
v -0.034162 -0.079409 0.013029
v -0.040193 -0.075216 0.004438
v -0.045267 -0.071006 -0.005960
v -0.053301 -0.064357 -0.015776
v -0.059982 -0.054192 -0.024711
v -0.063459 -0.042479 -0.031633
v -0.066622 -0.030956 -0.029459
v -0.015788 -0.068205 0.051132
v -0.008913 -0.068879 0.054534
v -0.022754 -0.065874 0.046304
v -0.029276 -0.061992 0.041751
v -0.034505 -0.057593 0.038852
v -0.039060 -0.046240 0.038721
v -0.038023 -0.052398 0.037899
v -0.037364 -0.034424 0.041753
v -0.038653 -0.040222 0.040191
v -0.045027 -0.027856 0.035801
v -0.046578 -0.036316 0.032415
v -0.042590 -0.038822 0.036436
v -0.041329 -0.031517 0.038764
v -0.048704 -0.022536 0.032774
v -0.050659 -0.032064 0.028161
v -0.009321 -0.088607 0.032019
v -0.001940 -0.088899 0.033544
v -0.015437 -0.087807 0.028269
v -0.020539 -0.086099 0.022345
v -0.024012 -0.084315 0.015163
v -0.027543 -0.082033 0.007174
v -0.031457 -0.079795 -0.001704
v -0.037533 -0.076587 -0.011243
v -0.046949 -0.069532 -0.021968
v -0.055959 -0.057771 -0.031429
v -0.060302 -0.045417 -0.037929
v -0.019018 -0.087732 0.000327
v -0.016141 -0.087102 0.006647
v -0.013708 -0.087781 0.012713
v -0.011330 -0.089034 0.017909
v -0.007363 -0.089306 0.017076
v -0.002200 -0.088843 0.016321
v -0.006429 -0.089840 0.007817
v -0.002006 -0.089569 0.008051
v -0.007946 -0.091759 0.002940
v -0.001814 -0.091982 0.002900
v -0.009602 -0.095219 -0.000312
v -0.001742 -0.097594 0.000402
v -0.041476 -0.054235 0.033656
v -0.045110 -0.055085 0.028275
v -0.046739 -0.045544 0.029514
v -0.050957 -0.042670 0.023968
v -0.049336 -0.054136 0.021844
v -0.042817 -0.046607 0.034568
v -0.054503 -0.050582 0.014287
v -0.055486 -0.038113 0.018096
v -0.054788 -0.026530 0.024080
v -0.059058 -0.033779 0.012793
v -0.059021 -0.045037 0.007261
v -0.058629 -0.022264 0.019558
v -0.061664 -0.018198 0.015126
v -0.062041 -0.028557 0.007856
v -0.061990 -0.039387 0.002047
v -0.044305 -0.066562 0.021984
v -0.064615 -0.032655 -0.004108
v -0.064145 -0.014135 0.010491
v -0.064348 -0.023669 0.003291
v -0.066726 -0.008611 0.004692
v -0.066953 -0.016657 -0.003085
v -0.066728 -0.025366 -0.010852
v -0.068320 -0.023282 -0.025292
v -0.000904 -0.069070 0.056364
v -0.063138 -0.030967 -0.052957
v -0.022030 -0.028416 0.050669
v -0.016923 -0.026561 0.053351
v -0.011989 -0.025994 0.056688
v -0.008015 -0.025840 0.059188
v -0.004080 -0.026087 0.060633
v -0.001300 -0.111621 -0.004710
v 0.000253 0.041983 0.048314
v -0.001570 -0.103755 -0.001409
v -0.000605 -0.057429 0.043423
v 0.000528 0.125100 -0.031071
v -0.000800 -0.064638 0.055938
v -0.000537 -0.052659 0.045829
v 0.000030 0.002857 0.070667
v -0.000726 -0.060107 0.055449
v -0.000367 -0.050137 0.060766
v -0.000258 -0.044341 0.059206
v 0.000497 0.077014 0.036745
v -0.000273 -0.046916 0.060641
v -0.000322 -0.023851 0.061164
v 0.000064 -0.001235 0.073854
v -0.000235 -0.042611 0.057922
v -0.000798 -0.043228 -0.113434
v -0.000447 -0.053362 0.059137
v -0.000327 -0.046331 0.050390
v -0.000257 -0.042864 0.055831
v -0.000250 -0.034939 0.049770
v -0.000232 -0.026538 0.060958
v 0.000208 0.019839 0.055758
v -0.000765 -0.005246 -0.138870
v 0.000183 0.016875 0.058484
v 0.000594 0.100400 0.018984
v 0.000538 0.086640 0.031209
v 0.000054 0.006684 0.067327
v -0.000400 0.056117 -0.153775
v -0.000286 0.072237 -0.151080
v 0.000394 0.060117 0.043421
v 0.000338 0.123877 -0.093639
v 0.000095 -0.005145 0.075910
v -0.000411 -0.018762 0.065984
v 0.000570 0.116871 -0.006346
v -0.000615 0.022428 -0.150501
v 0.000127 0.115290 -0.117462
v -0.000185 -0.042302 0.060200
v 0.000551 0.121348 -0.018147
v -0.000209 -0.043910 0.057295
v -0.000161 -0.015093 0.073130
v -0.000701 0.007109 -0.145528
v -0.000512 0.035766 -0.153041
v -0.000159 -0.032787 0.062100
v -0.000194 -0.029070 0.061169
v 0.000229 0.120460 -0.105922
v 0.000323 0.048203 0.047432
v -0.000157 -0.034996 0.063012
v 0.000302 0.028650 0.049980
v -0.000128 -0.037732 0.063241
v -0.001185 -0.118965 -0.007619
v -0.000071 0.095524 -0.138914
v -0.000147 -0.040168 0.061815
v -0.000205 -0.041788 0.053360
v 0.000092 0.010345 0.064050
v -0.000235 -0.038424 0.051099
v 0.000448 0.067652 0.040568
v -0.000441 -0.021285 0.062042
v -0.000442 -0.020554 0.062482
v 0.000251 0.025643 0.051208
v 0.000576 0.094078 0.025363
v 0.000301 0.031296 0.049497
v -0.000385 -0.022114 0.061665
v -0.000176 0.086568 -0.144927
v 0.000432 0.128009 -0.076572
v 0.000454 0.129123 -0.063465
v 0.000214 0.022708 0.053134
v 0.000196 0.013912 0.061117
v -0.000776 -0.055056 -0.111034
v -0.000004 -0.011694 0.075620
v 0.000066 -0.008898 0.076340
v 0.000585 0.111627 0.003769
v -0.000805 -0.014481 -0.133092
v 0.000493 0.128220 -0.046434
v 0.000594 0.106133 0.011941
v -0.000812 -0.031480 -0.119990
v -0.000819 -0.021754 -0.127962
v -0.000253 -0.016394 0.071548
v 0.000241 0.034508 0.049130
v -0.000344 -0.017844 0.068531
v 0.000028 0.107775 -0.127767
v -0.000428 -0.019635 0.063840
v 0.006133 -0.007892 0.056172
v 0.065605 -0.031997 -0.014706
v 0.063573 -0.038953 -0.021746
v 0.060796 -0.049300 -0.015601
v 0.063451 -0.041883 -0.008508
v 0.056200 -0.060084 -0.007521
v 0.060295 -0.050818 -0.001359
v 0.049676 -0.067362 0.000891
v 0.055262 -0.058527 0.005577
v -0.004403 -0.015034 0.070579
v -0.003516 -0.016578 0.068141
v 0.044402 -0.071855 0.010071
v 0.049941 -0.063181 0.013368
v -0.016713 0.020226 0.033806
v -0.008830 -0.017822 0.058322
v -0.007269 0.004277 0.063501
v -0.015060 0.020547 0.034357
v 0.031297 -0.076106 0.032278
v 0.029614 -0.080056 0.027657
v 0.023024 -0.082998 0.035432
v 0.023673 -0.079785 0.040229
v -0.010979 -0.017523 0.056961
v 0.015815 -0.085261 0.042191
v 0.016441 -0.081981 0.046722
v 0.007929 -0.086183 0.046071
v 0.008100 -0.082865 0.050698
v -0.006727 0.010954 0.057775
v -0.008892 0.019636 0.043724
v 0.007577 -0.073657 0.055065
v 0.008018 -0.078378 0.053774
v -0.006801 0.007609 0.060810
v -0.016480 -0.014755 0.057501
v -0.014608 -0.017239 0.056112
v -0.006959 -0.009244 0.073157
v -0.007948 -0.006422 0.072203
v 0.014904 -0.073190 0.051389
v -0.007693 -0.012223 0.071082
v -0.004932 -0.013903 0.071640
v 0.016057 -0.078042 0.049610
v -0.019043 0.019932 0.034086
v -0.024795 0.021149 0.029018
v -0.006149 -0.011225 0.072970
v -0.003199 -0.013241 0.073559
v -0.022330 0.020385 0.032438
v -0.017878 0.020036 0.033931
v -0.012390 -0.010559 0.066185
v -0.007479 0.018684 0.048444
v 0.021588 -0.070994 0.046099
v 0.023021 -0.075842 0.043703
v 0.029235 -0.067211 0.039815
v 0.030988 -0.071919 0.036174
v -0.015157 -0.012120 0.061834
v 0.035866 -0.062178 0.035508
v 0.038437 -0.065395 0.030621
v 0.007017 -0.088229 0.039093
v -0.020095 0.020016 0.034061
v -0.021138 0.020095 0.033819
v -0.008002 0.000706 0.066681
v 0.014200 -0.087185 0.035333
v 0.020747 -0.085196 0.029510
v 0.025896 -0.082867 0.022534
v 0.038531 -0.075167 0.019157
v -0.023985 0.020720 0.031868
v -0.003545 -0.018429 0.063497
v -0.010394 -0.011251 0.068464
v -0.008933 -0.011805 0.069938
v -0.004187 -0.019056 0.061527
v 0.031096 -0.080182 0.014023
v 0.037226 -0.076077 0.006053
v -0.012954 0.020321 0.036579
v 0.042748 -0.071936 -0.003786
v -0.006948 0.016496 0.052405
v -0.006817 0.013692 0.055306
v 0.050589 -0.065066 -0.013354
v 0.057158 -0.054474 -0.022205
v -0.003303 -0.017561 0.065763
v 0.060839 -0.042588 -0.028808
v 0.065802 -0.031549 -0.026896
v 0.014091 -0.068905 0.051731
v 0.007220 -0.069248 0.055115
v 0.021042 -0.066866 0.046898
v -0.008321 -0.003012 0.070005
v 0.027653 -0.063147 0.042422
v 0.033103 -0.058821 0.039624
v 0.038137 -0.047331 0.039654
v -0.006502 -0.018408 0.059886
v 0.036844 -0.053606 0.038862
v 0.036857 -0.035151 0.042791
v 0.037950 -0.041113 0.041124
v 0.044774 -0.028654 0.037179
v 0.046035 -0.037257 0.033750
v 0.041985 -0.039795 0.037601
v -0.000067 -0.013554 0.074451
v -0.005462 -0.012733 0.072374
v 0.040985 -0.032323 0.040027
v 0.048546 -0.023221 0.034249
v 0.050196 -0.032926 0.029625
v 0.005799 -0.088495 0.032207
v -0.030115 0.034830 0.038416
v -0.030218 0.032508 0.037209
v 0.011908 -0.087830 0.028699
v 0.017175 -0.086434 0.022856
v 0.020596 -0.084877 0.015897
v 0.024055 -0.082648 0.008165
v 0.028360 -0.080450 -0.000163
v 0.034957 -0.077419 -0.009151
v -0.022750 0.037791 0.042022
v -0.004690 0.037956 0.047788
v -0.009976 0.038063 0.046407
v 0.044242 -0.070322 -0.019550
v -0.030690 0.027814 0.036796
v -0.031741 0.025931 0.035918
v -0.030135 0.030378 0.036074
v -0.031769 0.026147 0.036774
v -0.031149 0.026970 0.036953
v 0.053235 -0.058162 -0.028868
v -0.030145 0.029700 0.035776
v 0.057537 -0.045438 -0.035171
v -0.030251 0.029187 0.035900
v 0.015680 -0.088061 0.001235
v -0.028979 0.037572 0.040114
v 0.012572 -0.087489 0.007298
v 0.009970 -0.088031 0.013127
v -0.030319 0.028632 0.036324
v -0.031516 0.027091 0.034459
v 0.007609 -0.089042 0.018220
v -0.031629 0.026184 0.030315
v 0.003329 -0.089242 0.017214
v 0.000227 0.038061 0.048618
v -0.021400 0.048039 0.044909
v -0.051789 0.047323 0.023563
v 0.002623 -0.089790 0.007962
v -0.055091 0.042266 0.020887
v 0.004350 -0.091760 0.003191
v -0.049095 0.006478 0.028081
v -0.051761 0.007475 0.025371
v -0.018589 0.042074 0.045467
v 0.006183 -0.095358 0.000473
v 0.040119 -0.055507 0.034620
v 0.043635 -0.056309 0.029407
v 0.045765 -0.046637 0.030761
v 0.050096 -0.043720 0.025376
v -0.026144 0.066866 0.035864
v -0.030704 0.111878 -0.012535
v -0.024780 0.060027 0.039338
v -0.039773 0.053153 0.033468
v 0.048000 -0.055377 0.023194
v -0.030697 0.107224 -0.003447
v 0.041863 -0.047735 0.035617
v 0.053407 -0.051816 0.015855
v 0.054780 -0.039076 0.019712
v 0.054493 -0.027321 0.025676
v 0.058496 -0.034683 0.014507
v -0.046776 0.051522 0.027636
v 0.058119 -0.046194 0.009060
v -0.056685 0.012828 0.017962
v -0.006506 0.053722 0.045587
v -0.058182 0.018466 0.015603
v 0.058419 -0.023017 0.021228
v -0.014545 0.053781 0.044892
v -0.027400 0.122685 -0.074889
v 0.061495 -0.018846 0.016833
v 0.061558 -0.029338 0.009637
v 0.061302 -0.040314 0.003945
v 0.042283 -0.067872 0.023231
v -0.013668 0.034484 0.043417
v 0.063980 -0.033390 -0.002129
v -0.039346 0.007082 0.033855
v -0.042371 0.006712 0.032388
v 0.063969 -0.014573 0.012174
v -0.031318 0.122242 -0.063663
v -0.055645 0.010396 0.020113
v -0.029024 0.084146 0.025112
v -0.009973 0.028117 0.041928
v -0.011202 0.030919 0.042139
v -0.029838 0.090735 0.018582
v 0.063876 -0.024254 0.005111
v 0.066553 -0.008906 0.006293
v 0.066568 -0.017078 -0.001310
v -0.030290 0.096760 0.011569
v 0.066070 -0.025890 -0.008862
v 0.067813 -0.023834 -0.022989
v -0.031133 0.115973 -0.023157
v -0.022515 0.010270 0.037408
v 0.062156 -0.031256 -0.049450
v 0.021400 -0.028647 0.051559
v 0.016261 -0.026735 0.054142
v -0.057523 0.036362 0.018550
v -0.058758 0.030038 0.016987
v -0.031917 0.121483 -0.049848
v -0.032115 0.008074 0.036606
v -0.058709 0.024098 0.015873
v -0.015345 0.124551 -0.083045
v 0.011338 -0.026147 0.057386
v -0.054041 0.008652 0.022692
v 0.007481 -0.025887 0.059867
v 0.003534 -0.026096 0.061102
v -0.032216 0.053617 0.038546
v -0.035927 0.007431 0.035289
v -0.009494 0.025072 0.041209
v -0.017871 0.012516 0.037672
v -0.014234 0.015656 0.038112
v -0.030521 0.102197 0.004447
v -0.011922 0.018276 0.039051
v -0.009752 0.022187 0.040480
v -0.027320 0.008848 0.037442
v -0.027710 0.075373 0.031456
v -0.031459 0.119309 -0.035808
v -0.045728 0.006531 0.030438
v 0.000406 0.125736 -0.085939
v 0.000335 0.053711 0.045859
v -0.010696 0.019957 0.039863
v -0.016059 0.038123 0.044463
v -0.023389 0.053754 0.042677
v -0.000553 -0.056575 0.056674
v -0.027043 -0.038666 0.049116
v -0.028435 -0.040711 0.047614
v -0.028166 -0.046464 0.045213
v -0.019749 -0.033913 0.054418
v -0.024242 -0.036454 0.051345
v -0.018986 -0.054032 0.051694
v -0.028981 -0.042662 0.046450
v -0.013265 -0.055591 0.054473
v -0.029024 -0.044499 0.045584
v -0.007451 -0.056724 0.055881
v -0.000164 -0.030899 0.061644
v -0.009603 -0.030641 0.060034
v -0.004898 -0.030480 0.061404
v -0.014623 -0.031784 0.057460
v -0.026388 -0.048854 0.046026
v -0.023707 -0.051462 0.048169
v 0.003932 -0.015186 0.070772
v 0.002888 -0.016669 0.068334
v 0.016132 0.020471 0.035178
v 0.007842 -0.018039 0.058836
v 0.006875 0.004263 0.063753
v 0.014480 0.020780 0.035619
v 0.010070 -0.017815 0.057491
v 0.006456 0.011005 0.058103
v 0.008365 0.019794 0.044529
v 0.006502 0.007644 0.061108
v 0.015704 -0.014946 0.057853
v 0.013752 -0.017497 0.056566
v 0.006710 -0.009191 0.073191
v 0.007702 -0.006374 0.072275
v 0.007187 -0.012243 0.071135
v 0.004550 -0.014036 0.071823
v 0.018485 0.020178 0.035583
v 0.024427 0.021353 0.030957
v 0.005866 -0.011222 0.073035
v 0.003050 -0.013381 0.073764
v 0.021941 0.020661 0.034164
v 0.017314 0.020273 0.035375
v 0.011674 -0.010725 0.066310
v 0.007083 0.018772 0.049047
v 0.014445 -0.012295 0.062091
v 0.019557 0.020276 0.035635
v 0.020665 0.020376 0.035470
v 0.007515 0.000632 0.066845
v 0.023664 0.020948 0.033507
v 0.002557 -0.018347 0.063604
v 0.009700 -0.011310 0.068516
v 0.008307 -0.011818 0.069965
v 0.003104 -0.019000 0.061714
v 0.012344 0.020569 0.037664
v 0.006721 0.016572 0.052858
v 0.006690 0.013773 0.055640
v 0.002477 -0.017555 0.065929
v 0.007974 -0.003024 0.070095
v 0.005452 -0.018487 0.060260
v 0.005134 -0.012803 0.072507
v 0.030596 0.035112 0.040112
v 0.030579 0.032801 0.039034
v 0.023282 0.038018 0.043269
v 0.005111 0.037985 0.048107
v 0.010375 0.038153 0.046996
v 0.030918 0.028188 0.038739
v 0.031975 0.026115 0.037802
v 0.030399 0.030687 0.038003
v 0.031937 0.026397 0.038657
v 0.031381 0.027286 0.038863
v 0.030345 0.030022 0.037759
v 0.030436 0.029532 0.037879
v 0.029544 0.037845 0.041587
v 0.030514 0.029010 0.038281
v 0.031735 0.027334 0.036182
v 0.031798 0.026539 0.032131
v 0.022299 0.048167 0.045993
v 0.052542 0.047662 0.023906
v 0.055455 0.042542 0.021273
v 0.049161 0.006628 0.029615
v 0.051895 0.007622 0.026864
v 0.019311 0.042161 0.046649
v 0.027313 0.067086 0.036081
v 0.031771 0.111991 -0.012864
v 0.025815 0.060160 0.039737
v 0.040850 0.053473 0.033977
v 0.031793 0.107352 -0.003793
v 0.047835 0.051910 0.028023
v 0.057151 0.013027 0.019524
v 0.007255 0.053731 0.045949
v 0.058717 0.018644 0.017038
v 0.015440 0.053846 0.045512
v 0.028194 0.122748 -0.075028
v 0.013882 0.034700 0.044295
v 0.039206 0.007333 0.035452
v 0.042294 0.006947 0.033971
v 0.032194 0.122320 -0.063862
v 0.055955 0.010574 0.021598
v 0.030295 0.084428 0.024868
v 0.009817 0.028390 0.042666
v 0.011156 0.031211 0.042900
v 0.031045 0.090961 0.018258
v 0.031449 0.096942 0.011217
v 0.032164 0.116077 -0.023467
v 0.021827 0.010362 0.038395
v 0.057616 0.036610 0.019083
v 0.058875 0.030270 0.017838
v 0.032858 0.121572 -0.050099
v 0.031723 0.008215 0.037852
v 0.059073 0.024303 0.016990
v 0.016135 0.124580 -0.083112
v 0.054294 0.008799 0.024148
v 0.033226 0.053903 0.039143
v 0.035625 0.007668 0.036763
v 0.009088 0.025365 0.041987
v 0.017126 0.012623 0.038653
v 0.013499 0.015793 0.039092
v 0.031646 0.102348 0.004092
v 0.011235 0.018437 0.040013
v 0.009237 0.022429 0.041333
v 0.026601 0.008975 0.038481
v 0.028969 0.075659 0.031418
v 0.032450 0.119406 -0.036095
v 0.045701 0.006735 0.031989
v 0.010118 0.020167 0.040800
v 0.016533 0.038285 0.045460
v 0.024356 0.053907 0.043368
v 0.026524 -0.039140 0.049881
v 0.027870 -0.041345 0.048370
v 0.027391 -0.047280 0.046010
v 0.019365 -0.034110 0.055092
v 0.023799 -0.036772 0.052039
v 0.017525 -0.054682 0.051960
v 0.028363 -0.043433 0.047206
v 0.011961 -0.055996 0.054770
v 0.028343 -0.045312 0.046384
v 0.006158 -0.057052 0.056298
v 0.009247 -0.030647 0.060627
v 0.004546 -0.030458 0.061856
v 0.014172 -0.031877 0.058088
v 0.025390 -0.049671 0.046614
v 0.022503 -0.052230 0.048588
v 0.032824 0.022532 0.024126
v -0.032590 0.022447 0.022147
f 4 2 1
f 8 6 5
f 13 15 14
f 17 19 18
f 32 30 29
f 36 34 33
f 37 39 38
f 21 23 20
f 25 27 24
f 41 43 42
f 48 46 45
f 52 50 49
f 53 55 54
f 60 58 57
f 29 62 61
f 66 64 63
f 67 6 68
f 72 70 69
f 76 74 73
f 77 79 78
f 81 83 82
f 59 86 85
f 88 90 89
f 96 94 93
f 100 98 97
f 101 103 102
f 106 34 87
f 108 115 107
f 117 36 118
f 124 126 125
f 131 129 128
f 132 134 133
f 142 140 139
f 148 60 147
f 144 127 124
f 149 151 150
f 156 154 153
f 159 158 157
f 116 164 105
f 171 169 168
f 174 173 172
f 179 181 180
f 186 188 187
f 194 196 195
f 199 139 198
f 206 208 207
f 213 211 210
f 202 214 201
f 96 216 54
f 92 43 44
f 97 246 100
f 250 229 228
f 252 58 253
f 258 256 255
f 260 229 259
f 110 112 113
f 114 263 109
f 265 267 266
f 56 270 269
f 274 249 250
f 185 63 64
f 280 278 276
f 285 283 157
f 288 211 212
f 141 92 46
f 289 175 176
f 148 105 106
f 312 170 171
f 238 42 43
f 318 160 317
f 310 308 307
f 241 325 324
f 160 240 317
f 47 307 308
f 108 315 164
f 345 86 119
f 348 350 349
f 356 358 357
f 355 353 352
f 363 32 362
f 149 150 176
f 364 253 365
f 366 368 367
f 183 371 63
f 163 161 160
f 209 101 208
f 378 165 166
f 379 381 380
f 383 3 4
f 284 386 385
f 387 389 388
f 391 229 249
f 73 397 396
f 405 407 406
f 203 411 410
f 414 413 412
f 1 357 4
f 277 131 275
f 254 57 58
f 358 415 351
f 417 386 408
f 401 192 420
f 419 127 143
f 421 182 422
f 103 302 409
f 428 368 174
f 380 359 356
f 62 266 323
f 140 431 430
f 357 351 348
f 356 379 380
f 415 403 434
f 437 436 435
f 438 440 439
f 188 450 449
f 452 454 453
f 265 181 421
f 224 64 225
f 237 213 427
f 275 128 458
f 281 460 459
f 50 79 461
f 73 282 281
f 468 466 465
f 390 352 359
f 482 484 483
f 489 487 486
f 493 495 494
f 472 470 469
f 502 500 499
f 220 222 223
f 512 143 66
f 518 511 80
f 513 230 286
f 205 31 244
f 189 451 188
f 163 532 8
f 533 225 251
f 446 447 412
f 335 540 334
f 544 546 545
f 329 291 292
f 199 262 238
f 385 416 550
f 532 191 247
f 363 118 243
f 236 237 250
f 578 580 579
f 573 571 570
f 561 562 272
f 241 259 240
f 590 592 591
f 545 595 594
f 503 155 504
f 606 624 623
f 478 480 479
f 646 648 647
f 590 689 684
f 564 651 650
f 728 184 727
f 714 716 715
f 692 575 693
f 541 581 578
f 346 248 400
f 161 230 160
f 128 94 95
f 698 704 703
f 574 576 575
f 290 401 328
f 630 725 726
f 733 735 734
f 755 496 493
f 759 481 760
f 757 762 761
f 764 466 467
f 768 3808 3809
f 759 488 489
f 492 475 771
f 474 769 473
f 773 465 772
f 771 486 483
f 484 775 491
f 774 489 486
f 495 764 756
f 495 761 494
f 137 784 136
f 325 797 547
f 165 51 52
f 369 29 370
f 730 568 569
f 90 301 89
f 243 516 242
f 800 806 805
f 817 808 816
f 816 823 822
f 306 447 807
f 815 809 808
f 829 828 825
f 726 501 502
f 274 424 423
f 879 881 880
f 884 879 885
f 219 217 211
f 906 904 897
f 455 205 542
f 898 830 829
f 903 880 881
f 906 897 898
f 377 519 165
f 923 948 946
f 946 951 950
f 3519 739 3517
f 900 886 880
f 225 65 144
f 182 442 422
f 809 947 824
f 954 962 961
f 927 965 966
f 885 880 886
f 925 966 967
f 343 341 340
f 965 971 968
f 968 970 969
f 972 969 973
f 963 981 978
f 336 338 339
f 992 827 828
f 810 996 959
f 1007 1002 1008
f 1012 827 1009
f 1011 1007 1008
f 294 292 291
f 907 920 919
f 1017 1019 1018
f 1020 1022 1021
f 1035 1020 1044
f 1061 1047 1046
f 1063 1046 1062
f 1044 1021 1045
f 1102 1097 1109
f 1116 1118 1117
f 1016 1014 1013
f 881 904 903
f 816 1127 817
f 1094 949 1097
f 514 167 515
f 146 81 82
f 1133 1130 1129
f 1102 1126 822
f 822 1116 816
f 1145 1148 1136
f 1076 1151 1069
f 1148 1086 1087
f 1109 1114 1136
f 1154 1156 1155
f 1153 967 1156
f 3464 463 3714
f 1144 1152 1151
f 1156 1163 1162
f 1164 1169 1165
f 1145 1176 1147
f 1114 1154 1171
f 1183 1164 1177
f 1184 1177 1185
f 1069 1062 1064
f 1023 1194 1022
f 1162 1170 1169
f 1195 1185 1191
f 1183 1176 1155
f 1201 1152 1196
f 1061 1201 1202
f 3825 843 3836
f 1203 1195 1034
f 1202 1184 1195
f 1218 1203 1217
f 1060 1202 1203
f 1225 1217 1219
f 671 694 670
f 1219 1024 1035
f 1217 1034 1024
f 1226 1015 1227
f 1243 1234 1233
f 1231 1229 1228
f 847 1233 843
f 843 1244 878
f 1233 1245 1244
f 1923 233 216
f 2100 499 500
f 3914 2135 3900
f 61 323 505
f 210 217 457
f 1299 1309 1300
f 3863 1231 3862
f 1066 1321 1322
f 1322 1228 1229
f 1060 1321 1047
f 1325 1323 1310
f 1244 1332 1330
f 1290 1242 1288
f 1337 1339 1338
f 1330 1340 1339
f 1341 1245 1294
f 1342 1332 1341
f 1343 1341 1344
f 1344 1294 1293
f 3857 1345 1346
f 1347 1342 1343
f 3856 1295 1345
f 1349 1348 1347
f 3861 1347 3853
f 3853 1343 3857
f 906 829 1353
f 905 1353 1354
f 865 1355 1357
f 1355 829 825
f 1357 825 826
f 1356 1353 1355
f 3834 1338 3833
f 866 1356 865
f 1358 1354 1356
f 3828 1337 3834
f 838 1012 841
f 1363 1338 1339
f 1368 1339 1340
f 1348 1340 1342
f 1371 3824 3829
f 524 526 523
f 528 530 527
f 1372 1369 1371
f 535 537 538
f 1367 1348 1350
f 1370 1359 1369
f 1369 3833 3824
f 1373 903 904
f 555 557 558
f 1374 910 1373
f 1373 905 1375
f 1374 1375 1376
f 1375 1354 1370
f 1378 908 1377
f 376 651 1387
f 1388 973 969
f 586 588 585
f 1390 1388 1391
f 1391 969 970
f 597 599 596
f 600 602 603
f 1392 970 979
f 608 610 607
f 612 523 611
f 614 616 613
f 617 25 24
f 620 622 619
f 1397 1391 1392
f 1398 1392 1399
f 1400 920 1378
f 1402 1165 1169
f 636 638 635
f 930 1402 929
f 641 643 644
f 929 1169 1170
f 1404 1403 1402
f 1411 1365 1406
f 1412 1415 1414
f 652 654 655
f 609 657 658
f 659 661 662
f 558 586 585
f 665 667 664
f 1413 1406 1412
f 1418 3810 3813
f 1417 1371 1416
f 1416 3829 3810
f 1419 1416 1418
f 1386 1374 1420
f 677 679 676
f 1385 1420 1421
f 1420 1376 1422
f 685 687 688
f 1421 1422 1423
f 528 691 658
f 1422 1372 1417
f 1018 747 1425
f 699 701 702
f 1424 579 1017
f 3663 1767 3660
f 700 711 712
f 1093 3754 1571
f 717 530 719
f 721 723 720
f 704 3543 3554
f 19 1426 1430
f 1429 1427 1426
f 1658 3542 3544
f 1439 1434 1438
f 1437 1435 1434
f 1426 1433 1432
f 1442 1432 1440
f 742 744 745
f 1432 1441 1440
f 751 753 750
f 1438 1403 1405
f 1446 1444 1443
f 1447 1446 1443
f 3860 1443 3848
f 1415 1445 1446
f 1414 1446 1448
f 2173 469 470
f 777 779 686
f 780 782 783
f 1676 1806 1675
f 3859 1349 3861
f 789 791 788
f 745 793 742
f 652 795 653
f 1455 1457 1456
f 1454 1350 1452
f 610 802 801
f 3831 698 703
f 1352 1045 1351
f 1015 1459 1460
f 811 813 814
f 2118 3817 2117
f 819 821 818
f 1466 1194 1190
f 1467 1465 1466
f 1182 1468 1467
f 832 833 831
f 835 837 834
f 1467 1190 1182
f 1469 1444 1445
f 840 712 690
f 1453 1469 1454
f 599 845 846
f 1226 3849 3855
f 851 853 850
f 855 856 854
f 858 860 857
f 861 863 864
f 1014 3855 3858
f 867 868 869
f 870 872 873
f 874 876 877
f 1310 1471 1309
f 1476 1427 1475
f 1461 1475 1460
f 887 889 890
f 788 892 891
f 894 896 893
f 1460 1227 1015
f 901 524 612
f 1465 1477 1464
f 1865 3500 1864
f 911 913 914
f 916 918 915
f 1850 3507 1851
f 921 895 894
f 1479 1436 1478
f 926 667 601
f 1481 563 1480
f 269 84 1482
f 931 933 916
f 934 614 869
f 936 688 937
f 938 662 939
f 1484 122 123
f 941 835 834
f 320 509 510
f 1849 3505 1850
f 84 1484 83
f 1487 1488 539
f 1757 3502 3509
f 365 1491 364
f 461 80 511
f 117 362 1496
f 1494 541 1495
f 926 957 958
f 1477 1433 1476
f 1709 1585 1700
f 119 1496 345
f 271 504 156
f 511 189 186
f 345 1492 365
f 255 344 254
f 57 299 132
f 1501 268 1500
f 267 1499 145
f 974 976 977
f 1678 1693 1676
f 3846 1807 3840
f 557 663 558
f 983 984 985
f 1443 3849 3848
f 421 268 265
f 989 991 988
f 1490 418 1504
f 279 309 310
f 997 676 679
f 998 999 875
f 1504 38 1505
f 1506 1507 1486
f 360 1508 1506
f 1506 207 360
f 939 1006 938
f 270 1483 269
f 66 546 512
f 1010 793 935
f 367 437 1509
f 244 363 243
f 1670 3534 1669
f 209 1510 226
f 235 1512 1511
f 1511 234 235
f 388 426 425
f 427 250 237
f 161 521 231
f 100 45 44
f 1025 608 1027
f 1029 1031 1028
f 939 1033 1032
f 41 594 99
f 1036 783 1037
f 702 1038 1039
f 1040 1042 1043
f 362 369 1493
f 187 477 186
f 70 539 198
f 1511 1521 234
f 1049 603 1048
f 613 869 614
f 860 1051 857
f 1005 1053 1006
f 753 1056 1054
f 1057 1059 1055
f 293 1522 292
f 288 1521 1522
f 292 1523 329
f 331 1508 1524
f 306 453 305
f 100 41 99
f 462 78 79
f 330 1524 462
f 635 1068 636
f 1485 1526 1528
f 206 1528 1510
f 1070 1072 831
f 942 1073 1074
f 916 1075 917
f 440 1530 439
f 157 1514 285
f 1529 5 1530
f 371 546 63
f 790 663 791
f 1077 857 1078
f 1403 1435 1165
f 1080 1082 1079
f 531 1529 440
f 21 1084 1085
f 272 1531 561
f 137 396 397
f 690 802 691
f 335 3567 581
f 1090 1029 1091
f 1092 794 1042
f 1533 137 138
f 661 1095 1096
f 69 445 72
f 1099 1101 1098
f 38 1536 1505
f 1104 1106 1103
f 852 1108 853
f 1377 909 1386
f 291 411 294
f 316 516 33
f 539 1533 534
f 1505 316 313
f 1110 1112 1113
f 1539 460 264
f 522 1537 1539
f 834 1120 1119
f 1122 1124 1121
f 612 1041 901
f 935 615 614
f 276 130 131
f 1686 3522 1685
f 193 1541 273
f 231 1540 287
f 556 982 557
f 365 85 345
f 190 318 1541
f 1810 3574 3528
f 3924 3512 3791
f 1132 985 1131
f 208 102 132
f 1134 662 661
f 1491 80 77
f 429 1542 147
f 1137 915 918
f 172 428 174
f 1139 1141 1142
f 549 54 55
f 1517 1518 296
f 976 1146 938
f 834 984 941
f 1543 286 115
f 1544 239 513
f 133 1544 1542
f 506 257 258
f 420 328 401
f 1158 1160 1157
f 587 1103 588
f 1513 1514 151
f 607 1027 608
f 304 1545 303
f 364 77 506
f 69 198 139
f 1006 976 938
f 700 1112 701
f 3877 3525 3787
f 1166 657 656
f 1167 858 1077
f 1300 3524 1299
f 1172 1174 1175
f 218 200 217
f 1179 1181 1178
f 372 97 98
f 89 227 88
f 1186 1188 1189
f 172 1517 1549
f 1482 81 1498
f 1090 1193 1030
f 394 353 1551
f 526 1198 1197
f 811 858 812
f 1199 1026 1025
f 606 697 696
f 1204 1206 743
f 1207 523 526
f 1209 867 613
f 914 685 936
f 1478 1441 1477
f 1029 1161 1091
f 1211 1213 1214
f 3858 1451 3859
f 844 1216 845
f 423 273 274
f 1220 1222 1083
f 22 1224 23
f 882 897 881
f 1519 173 387
f 1189 1232 1178
f 349 550 416
f 1071 1236 1072
f 1237 1239 745
f 1221 1189 1240
f 1510 1512 333
f 939 1241 1005
f 1556 5 67
f 1553 394 1551
f 404 67 347
f 1247 1249 1246
f 142 238 92
f 1251 635 1250
f 850 1253 851
f 1254 1077 1255
f 57 133 429
f 443 552 551
f 1187 1175 1188
f 1256 831 833
f 432 382 383
f 741 747 746
f 434 351 415
f 349 383 348
f 251 1481 1480
f 395 352 353
f 1518 1550 1551
f 1558 378 340
f 109 314 315
f 285 1513 407
f 395 393 392
f 202 410 1558
f 417 405 432
f 1246 1258 1247
f 3 297 2
f 1259 1261 1262
f 403 347 284
f 955 953 952
f 462 51 330
f 1096 687 1263
f 429 60 57
f 896 1265 932
f 1267 1268 1266
f 423 327 420
f 37 180 40
f 20 1187 1186
f 1256 1071 1070
f 155 156 504
f 1188 1269 1232
f 1236 1271 1262
f 1272 535 621
f 565 463 464
f 1273 745 1239
f 876 1255 1274
f 316 164 315
f 437 503 1509
f 194 1495 197
f 1275 864 863
f 624 631 630
f 1277 1137 1278
f 569 567 566
f 1481 125 366
f 324 547 326
f 1279 1107 1280
f 1525 329 1523
f 1281 1137 918
f 171 1553 1552
f 1488 396 1533
f 1557 1562 1559
f 1282 1206 1205
f 1053 1278 1281
f 778 607 1283
f 713 3566 3569
f 251 144 124
f 4 348 383
f 709 707 706
f 728 45 246
f 261 1563 544
f 789 1287 790
f 74 263 282
f 403 385 434
f 1178 1240 1189
f 1223 1289 1224
f 158 150 151
f 1220 1186 1221
f 296 354 433
f 784 1538 1566
f 1181 1291 1222
f 1269 1257 1246
f 1566 438 399
f 136 1566 1564
f 1563 169 1565
f 107 109 108
f 1297 1298 1296
f 1464 1476 1461
f 1520 507 508
f 1301 1303 1304
f 1306 1308 1305
f 175 1532 272
f 1532 200 201
f 1311 1312 1313
f 872 1315 1316
f 1317 1318 1319
f 3836 878 3828
f 1305 864 1276
f 1040 863 1320
f 1564 399 169
f 592 1575 591
f 591 1088 689
f 1581 1583 1582
f 1196 1147 1176
f 710 583 713
f 285 408 386
f 953 961 963
f 1594 1589 1593
f 1585 1587 1586
f 1592 1590 1589
f 3885 944 3899
f 1600 1598 1597
f 1604 1602 1601
f 1399 979 980
f 1589 1596 1595
f 1610 1608 1607
f 298 361 360
f 551 276 277
f 1627 3814 3819
f 859 818 860
f 1078 1328 1329
f 1555 1530 1556
f 572 680 681
f 772 776 774
f 977 918 917
f 404 392 393
f 1054 750 753
f 1644 1643 1642
f 932 1082 933
f 1067 1334 1068
f 1540 264 114
f 597 643 1336
f 471 762 470
f 1642 3831 3842
f 1644 3842 3843
f 923 950 927
f 96 548 95
f 520 522 521
f 445 443 442
f 849 848 842
f 480 755 493
f 1646 481 1639
f 311 1567 170
f 464 3497 3495
f 3497 1361 3495
f 234 236 235
f 190 192 191
f 153 152 149
f 231 286 230
f 1552 1551 1550
f 760 1648 488
f 3832 1649 3830
f 828 826 825
f 52 166 165
f 1663 1661 1660
f 287 115 286
f 668 670 669
f 634 640 639
f 553 559 554
f 118 33 516
f 492 491 490
f 3552 1651 3553
f 582 584 583
f 384 392 415
f 1381 1383 1380
f 1562 435 436
f 952 951 947
f 3529 583 584
f 1660 1667 1666
f 1394 1396 1393
f 1660 1664 1663
f 1671 1669 1668
f 1624 1673 1672
f 1407 1409 1410
f 1677 1675 1674
f 1613 1677 1625
f 1679 1676 1677
f 1626 3811 3814
f 534 198 539
f 176 150 159
f 803 734 800
f 400 191 192
f 65 143 144
f 3526 1656 3540
f 402 157 283
f 629 627 626
f 461 49 50
f 758 495 756
f 796 786 785
f 406 1513 1560
f 342 166 167
f 1694 1658 1695
f 1692 1694 1696
f 3557 1652 3552
f 3921 1703 3923
f 326 302 90
f 3916 1702 1706
f 3919 1698 1701
f 1699 3927 3918
f 1557 1560 1561
f 1127 1117 1128
f 400 289 346
f 1706 1707 1708
f 1707 1599 1600
f 1709 1708 1588
f 1714 1711 1713
f 3919 1709 1700
f 1704 1577 1703
f 1716 1713 1715
f 1559 1549 297
f 1722 1720 1719
f 1335 596 1489
f 410 377 378
f 973 1163 972
f 168 399 398
f 1571 1089 1093
f 1572 682 1571
f 749 647 754
f 1730 1723 1729
f 1594 1729 1592
f 1729 1591 1592
f 1731 1730 1583
f 1384 1377 1379
f 1732 1712 1714
f 1724 1731 1732
f 1712 1731 1580
f 1722 1732 1733
f 1721 1733 1734
f 1734 1716 1717
f 1735 1736 1697
f 1733 1714 1716
f 1663 1741 1668
f 1742 1740 1743
f 1738 1737 1735
f 1665 1666 1740
f 1665 1744 1664
f 1725 1746 1745
f 1591 1745 1590
f 1590 1747 1596
f 1745 1748 1747
f 1659 3538 3542
f 3287 3545 3282
f 1185 1182 1190
f 1664 1749 1741
f 1741 1739 1738
f 1746 1743 1748
f 1726 1742 1746
f 1153 924 925
f 1115 1153 1154
f 1654 3575 1655
f 1896 3549 1686
f 1720 1744 1726
f 1721 1749 1720
f 1750 1701 1698
f 1697 1750 1696
f 1151 1063 1062
f 1751 1670 1671
f 1695 1752 1751
f 961 986 981
f 1770 1768 1767
f 1766 1593 1765
f 1731 1579 1580
f 1579 1774 1578
f 3928 1771 3929
f 1764 3928 3917
f 1777 1775 1774
f 3762 1699 1700
f 1004 1128 1003
f 1774 1771 1772
f 987 1399 980
f 1578 1772 1764
f 1783 1781 1778
f 1597 1770 1767
f 639 3895 3884
f 3928 1769 1770
f 1793 1789 1788
f 3929 1798 1769
f 3508 3773 1806
f 1802 3924 3922
f 1788 1794 1793
f 1793 1795 1776
f 3773 1675 1806
f 1584 1783 1789
f 1771 3920 3929
f 1801 1798 1800
f 1768 1798 1799
f 1775 1797 1771
f 508 515 1520
f 1796 1802 1797
f 1800 3920 3922
f 1794 1804 1795
f 3532 1752 3547
f 485 1807 775
f 3809 1640 768
f 3837 1810 1653
f 485 1640 1808
f 1690 3770 3772
f 487 1648 1811
f 3839 1816 3822
f 3838 1648 3830
f 3839 1811 3838
f 1812 487 1811
f 1641 767 768
f 465 755 776
f 767 3823 3808
f 3822 3826 3847
f 1809 1815 767
f 3837 1651 3840
f 675 3541 3496
f 1814 1822 1821
f 1821 3821 3820
f 1824 1649 1825
f 1827 1850 1805
f 1668 1662 1663
f 1779 1848 1828
f 1790 1805 1794
f 1833 1853 1852
f 3521 693 575
f 1614 1616 1617
f 1852 3498 3501
f 1620 1622 1623
f 1855 1574 1861
f 1847 3501 3513
f 1766 1855 1782
f 1629 1631 1628
f 1633 1634 1632
f 1635 1637 1638
f 1848 1852 1847
f 1855 1863 1862
f 1803 1867 1802
f 1862 1831 1832
f 1782 1862 1781
f 3922 1865 1800
f 1873 1870 1869
f 1874 799 804
f 2045 3897 2044
f 1219 1295 1225
f 1615 1396 1395
f 3884 1877 1876
f 645 3786 3559
f 1345 1035 1346
f 634 3884 3880
f 15 1327 14
f 3910 1878 1893
f 1894 605 1893
f 3506 627 693
f 3560 645 3559
f 340 454 1558
f 1897 195 1898
f 1889 1877 1890
f 1901 129 1900
f 196 754 232
f 1705 3921 3916
f 340 166 343
f 1570 563 561
f 1904 194 1897
f 1781 1832 1780
f 1905 55 1906
f 1000 995 996
f 986 920 987
f 1191 1190 1194
f 2094 2075 2093
f 1920 1919 1915
f 453 1912 1911
f 1915 1918 1916
f 3882 2106 3901
f 1655 3531 1868
f 1916 1926 1925
f 704 3561 703
f 278 1925 1900
f 3565 1818 1820
f 1097 1115 1114
f 1927 727 1923
f 3578 3654 3758
f 1920 307 1929
f 1929 48 728
f 503 1497 1509
f 1902 787 796
f 1816 3820 3826
f 1925 1923 1924
f 1535 1568 1534
f 254 258 255
f 1509 366 367
f 119 35 36
f 219 293 294
f 141 47 431
f 542 244 245
f 1940 430 431
f 1779 1827 1790
f 1701 3915 3919
f 1661 3515 1667
f 270 754 647
f 197 749 196
f 1727 1212 1211
f 53 232 754
f 1465 1479 1478
f 1284 3854 1293
f 1951 412 413
f 168 1554 1553
f 1486 206 207
f 506 78 361
f 994 1007 993
f 951 963 964
f 1013 3861 1351
f 3826 1820 1818
f 1498 1954 1482
f 299 543 132
f 1754 1756 1753
f 1681 1683 1682
f 1696 1695 1697
f 13 738 737
f 473 475 474
f 482 768 1640
f 204 30 205
f 1761 820 819
f 611 1125 612
f 1501 1908 1909
f 1074 711 699
f 1960 82 83
f 120 1960 123
f 35 87 34
f 1773 1025 1031
f 1965 1569 1535
f 494 471 479
f 1966 1969 1968
f 446 1971 1967
f 174 125 126
f 1580 1578 1577
f 1785 1787 1784
f 1972 304 305
f 1254 875 999
f 1973 342 514
f 321 1973 509
f 1910 275 1907
f 509 514 508
f 1486 1527 1485
f 1974 804 1975
f 1977 1974 1978
f 1980 1966 1981
f 379 2 295
f 1718 1710 1701
f 884 992 883
f 1680 1678 1679
f 902 525 524
f 344 256 299
f 135 137 136
f 236 228 333
f 448 1967 1966
f 589 604 584
f 910 908 907
f 1981 1968 1987
f 1982 1987 1979
f 1988 1987 1989
f 1990 1989 1991
f 1991 1993 1992
f 322 320 319
f 992 830 883
f 1144 1086 1143
f 1995 1978 1994
f 1133 1118 1126
f 1997 1994 1996
f 870 1335 1489
f 805 1982 1998
f 727 2000 1999
f 1996 1988 1990
f 1994 1979 1988
f 1829 792 1273
f 1830 941 983
f 798 800 799
f 729 731 730
f 2011 2023 2022
f 1834 846 1159
f 402 284 347
f 2022 2024 2025
f 1838 989 988
f 810 952 809
f 1823 1840 644
f 1430 1432 1431
f 1215 1841 1079
f 149 176 177
f 1316 873 872
f 2112 1384 2106
f 1842 1844 1845
f 1159 845 1160
f 837 1846 1120
f 1971 2030 2027
f 517 370 189
f 858 833 812
f 1471 2027 1888
f 3551 626 627
f 2174 770 490
f 935 1854 1010
f 1613 1611 1618
f 1231 1225 1295
f 1856 891 892
f 1300 748 741
f 1150 1858 1859
f 1643 696 1642
f 1215 1264 1216
f 1320 902 901
f 1956 1944 1960
f 2031 669 1474
f 2034 1310 1299
f 1879 1656 1657
f 40 242 39
f 1992 2039 1456
f 888 957 889
f 1882 1996 1990
f 1078 1255 1077
f 1871 1192 1090
f 294 218 219
f 1323 2026 1471
f 123 83 1484
f 1324 2041 1323
f 384 359 352
f 1324 2038 2036
f 1883 1885 1829
f 287 114 107
f 1096 1134 661
f 915 931 916
f 806 1981 1982
f 3533 584 604
f 1425 2042 1018
f 1018 1948 1017
f 3562 740 3519
f 1948 649 646
f 1881 1990 1991
f 1900 130 278
f 992 994 993
f 923 925 924
f 3878 2047 3876
f 1643 625 606
f 2050 2051 2049
f 2045 1404 2047
f 3876 945 3885
f 1139 1079 1841
f 1037 892 982
f 2055 2057 2056
f 1198 718 717
f 1619 1612 1611
f 2058 1606 2059
f 2059 1607 2058
f 2058 1624 1605
f 71 179 37
f 405 1557 382
f 976 1006 977
f 322 1972 1911
f 2061 2063 2062
f 2066 2067 1825
f 2052 2064 2051
f 1609 2066 1647
f 1515 152 1516
f 1009 993 1007
f 1644 3815 2118
f 279 1916 278
f 1285 3862 1284
f 1647 1825 1649
f 2056 2067 2065
f 319 1953 1952
f 667 1913 1914
f 2070 625 2048
f 2052 2055 2063
f 2038 1655 1458
f 1606 2073 2072
f 1235 1270 1236
f 2072 2075 2074
f 2059 2072 2062
f 2074 2077 2076
f 1601 2078 2073
f 2049 1643 1645
f 1000 1001 994
f 1089 684 689
f 1931 1306 1930
f 1462 1021 1022
f 1932 1934 1935
f 875 1846 998
f 1936 1937 1938
f 44 46 92
f 1534 1956 120
f 1541 317 391
f 2081 2084 2083
f 146 1959 300
f 1360 1942 1361
f 985 1032 1033
f 1995 1892 2043
f 2079 2082 2081
f 2095 2076 2077
f 2081 2078 2079
f 2055 2054 2053
f 501 2095 500
f 2097 2099 2098
f 2098 2094 2083
f 2140 3893 3866
f 2141 3894 3893
f 2051 2048 2049
f 592 2101 1576
f 2071 2076 2096
f 2102 2098 2101
f 593 2102 592
f 1019 746 747
f 1950 12 1327
f 725 2096 501
f 1385 2104 1379
f 1379 2106 1384
f 2107 2100 2097
f 3908 502 3896
f 3896 499 3901
f 940 2109 944
f 928 1170 973
f 3868 684 3899
f 1962 1964 1961
f 3878 573 3897
f 2039 1968 1969
f 1389 2110 2109
f 1398 2113 1397
f 3757 3753 3743
f 3911 2107 2103
f 949 924 1115
f 260 324 326
f 1390 2113 2110
f 2070 2064 2071
f 3867 2103 593
f 2105 1421 2114
f 2114 1423 2115
f 3892 2115 3903
f 3908 2114 3892
f 554 1902 553
f 972 967 966
f 1765 1573 1574
f 1984 1986 1983
f 2053 2069 2057
f 3573 724 714
f 1625 1674 1673
f 3881 2119 2122
f 3903 2123 3904
f 56 1906 55
f 626 3879 629
f 2001 2003 2004
f 3912 2127 3907
f 2006 2008 2009
f 2127 1412 2128
f 2014 2016 2017
f 2018 2020 2021
f 1495 1947 197
f 1379 1386 1385
f 3814 1680 1618
f 2029 1884 2028
f 3902 2120 3887
f 629 3914 3872
f 682 943 1089
f 724 2121 716
f 1757 3821 3845
f 765 3844 3809
f 3851 715 3852
f 706 3870 3872
f 981 987 980
f 1457 1656 1880
f 2017 2032 2033
f 1458 1868 1457
f 1776 1792 1793
f 1959 1946 1958
f 3663 3725 3661
f 3913 2122 3850
f 1093 689 1088
f 966 968 972
f 3852 3881 3913
f 2172 2170 2171
f 670 2137 669
f 3761 1903 233
f 1429 28 1449
f 964 978 971
f 3841 1413 2127
f 1473 669 2137
f 3834 1359 1358
f 2138 1870 2137
f 1872 2137 1870
f 715 3888 3881
f 1881 1992 1880
f 3843 739 740
f 1837 3513 3514
f 253 59 85
f 1808 3840 1807
f 1647 3818 1609
f 3865 671 668
f 2112 3883 2111
f 1405 2044 1438
f 3829 1364 1366
f 273 391 249
f 576 3520 3555
f 3875 668 2031
f 1430 2140 2139
f 2136 3860 28
f 1430 18 19
f 3893 570 695
f 1442 2046 2141
f 1431 2141 2140
f 3869 3850 2136
f 3808 1817 766
f 3866 695 671
f 2142 798 2138
f 571 2142 694
f 3819 1618 1611
f 2143 2025 2142
f 694 2138 670
f 681 2144 572
f 2144 2022 2143
f 328 457 290
f 1572 2011 2144
f 630 3903 624
f 2085 2087 2088
f 2090 2092 2089
f 572 2143 571
f 1875 2153 2149
f 1873 2149 2154
f 2103 2097 2102
f 2157 2155 2156
f 2128 1414 2120
f 3874 589 582
f 3872 628 629
f 2149 2158 2159
f 2159 3905 3890
f 698 3902 705
f 3823 3827 1817
f 2158 3874 3905
f 1438 2046 1439
f 2035 2160 2161
f 2161 3889 3886
f 3871 605 589
f 3873 18 3875
f 370 61 451
f 649 413 648
f 2153 2156 2158
f 1428 1449 1450
f 1490 73 1488
f 3890 710 633
f 2155 3891 3871
f 1456 1880 1992
f 2125 2087 2124
f 2160 3890 3889
f 300 505 323
f 1064 1046 1065
f 2043 1891 2155
f 2129 2004 2003
f 2131 2133 2134
f 3848 1450 1449
f 1998 804 805
f 3879 3864 3914
f 474 490 770
f 1164 1182 1177
f 707 3909 3870
f 708 2162 707
f 2162 3886 3909
f 548 1905 458
f 1145 1114 1171
f 705 1650 704
f 2043 1977 1995
f 737 554 559
f 1034 1191 1023
f 458 1907 275
f 195 232 233
f 2040 1969 1970
f 2145 2147 2148
f 2054 2049 1645
f 3832 1639 3818
f 9 11 10
f 252 506 258
f 472 479 471
f 1865 3791 3503
f 900 910 907
f 1941 2151 1942
f 1921 1927 1919
f 2163 1898 2116
f 271 153 178
f 1904 12 9
f 282 264 460
f 1872 2154 2035
f 1326 1897 2163
f 628 693 627
f 1724 1719 1723
f 1549 436 172
f 1582 1730 1729
f 1921 1929 1928
f 3563 10 11
f 2152 1950 1949
f 475 774 771
f 769 2171 473
f 2171 476 473
f 476 772 475
f 1791 464 1760
f 2166 2168 2169
f 595 372 98
f 483 1641 482
f 762 2173 470
f 771 484 492
f 486 1809 483
f 297 1517 296
f 763 2174 762
f 776 759 489
f 184 2176 2000
f 412 303 414
f 2005 185 224
f 3811 1682 3846
f 2164 756 764
f 1472 2161 2162
f 950 964 965
f 2177 2179 2180
f 227 1510 333
f 764 467 2164
f 2182 2184 2181
f 2186 2018 2185
f 1985 2181 1986
f 214 729 1531
f 1545 1546 1569
f 865 842 866
f 849 1357 1362
f 452 1558 454
f 559 3188 737
f 16 737 3188
f 560 498 374
f 3193 3195 3194
f 3200 3198 3199
f 3211 3213 3212
f 3215 3217 3216
f 2187 2002 2001
f 2169 2189 2190
f 2192 2085 2191
f 2193 2195 2196
f 2198 2200 2197
f 1998 1979 1975
f 3664 3668 3671
f 2116 1903 1902
f 1859 2009 1150
f 3904 2126 3906
f 1135 1087 1130
f 2201 2015 2014
f 1149 110 1858
f 3221 3218 3215
f 2203 2205 2206
f 579 1895 1019
f 1755 2208 1756
f 3891 1893 605
f 1211 2150 1727
f 868 2210 2209
f 944 930 940
f 2130 2202 2201
f 233 1898 195
f 665 750 666
f 1167 999 618
f 2211 2213 2214
f 2215 2217 2218
f 3867 590 3868
f 2220 220 2219
f 823 948 1094
f 3225 3227 3226
f 266 455 265
f 3882 2107 3883
f 2221 3519 3517
f 2223 2225 2226
f 2207 2124 2208
f 673 3869 3864
f 817 996 815
f 2227 2146 2145
f 1947 646 749
f 3900 17 3873
f 2229 1638 1381
f 1679 1618 1680
f 1637 2232 2230
f 2233 1617 1616
f 2231 2236 2237
f 1381 2238 1382
f 3586 2242 3587
f 1630 2233 1631
f 1681 472 469
f 1408 2243 2244
f 3236 3238 3237
f 3232 3240 3235
f 1637 2238 1638
f 3237 3233 3234
f 1409 1634 2245
f 1380 2247 2246
f 1628 2245 1621
f 2249 1622 1633
f 1632 1408 2244
f 2248 1631 2250
f 2235 1637 1636
f 3245 3199 3198
f 631 2071 725
f 515 52 49
f 782 2251 1251
f 2253 2255 2252
f 397 459 784
f 1456 2040 1455
f 2040 2036 1455
f 1401 2111 1398
f 2041 1970 2026
f 1535 414 1965
f 1586 2080 2079
f 2256 1132 1886
f 1700 3918 3919
f 3815 1686 3817
f 1263 1886 1096
f 598 844 599
f 2257 2259 2260
f 2258 2262 2259
f 2259 2263 2216
f 2260 2216 2215
f 1967 1970 1969
f 2212 1963 2213
f 922 2218 2217
f 1312 1101 2264
f 1307 1286 789
f 1548 1546 1972
f 2266 2268 2265
f 2265 2270 2269
f 2272 2269 2271
f 2273 2265 2272
f 2275 2277 2274
f 2278 2277 2279
f 2284 3617 3639
f 2287 2286 2281
f 2288 2283 2287
f 2290 3639 3620
f 2291 2293 2294
f 2295 2294 2279
f 2296 2291 2295
f 2297 2292 2291
f 2294 2299 2300
f 2279 2300 2278
f 2298 2302 2292
f 2292 2303 2293
f 2293 2304 2299
f 2304 2306 2299
f 2306 2300 2299
f 2308 2310 2307
f 2302 2310 2303
f 2301 2307 2302
f 2312 2307 2311
f 2313 2315 2316
f 2318 2320 2317
f 3748 2322 2323
f 2324 2273 2326
f 2313 2326 2327
f 2328 2313 2316
f 2329 2324 2328
f 2331 2333 2330
f 2330 2267 2266
f 2325 2266 2273
f 2329 2330 2325
f 2333 2335 2267
f 2336 2333 2332
f 2338 2332 2337
f 2331 2337 2332
f 2329 2339 2331
f 2328 2340 2329
f 2316 2341 2328
f 2342 2315 2343
f 2344 2346 2347
f 2341 2347 2340
f 2342 2344 2341
f 2348 2345 2344
f 2350 2352 2353
f 2339 2353 2337
f 2340 2350 2339
f 2347 2351 2350
f 2337 2354 2338
f 2353 2355 2354
f 2356 2276 2357
f 2356 2358 2359
f 2356 2296 2295
f 2279 2356 2295
f 2360 2270 2268
f 2267 2360 2268
f 2362 2364 2365
f 2362 2361 2358
f 2366 2358 2357
f 2366 2363 2362
f 2357 2368 2366
f 2366 2369 2367
f 2276 2370 2368
f 2368 2282 2369
f 2372 2374 2371
f 2375 2377 2007
f 2378 2380 2381
f 2382 2381 2383
f 2384 2378 2382
f 2385 2379 2378
f 2388 2390 2387
f 2387 2392 2391
f 2393 2387 2391
f 2394 2388 2387
f 2186 2402 2400
f 2403 2327 2326
f 2272 2326 2273
f 2271 2403 2272
f 2405 2404 2403
f 2404 2408 2327
f 2409 2411 2412
f 2409 2271 2269
f 2413 2269 2270
f 2413 2410 2409
f 2417 2416 2418
f 2417 2406 2405
f 2412 2405 2271
f 2411 2417 2412
f 2406 2407 2404
f 3569 632 713
f 2420 2397 2421
f 2420 2423 2422
f 2424 2422 2419
f 2424 2398 2420
f 2425 2392 2426
f 2421 2426 2423
f 2397 2425 2421
f 2396 2391 2425
f 2427 2315 2314
f 2427 2408 2428
f 2430 2428 2429
f 2343 2427 2430
f 2432 2430 2431
f 2431 2429 2433
f 2435 2433 2434
f 2436 2431 2435
f 2428 2407 2437
f 2422 2407 2419
f 2438 2422 2423
f 2429 2437 2438
f 2440 2433 2439
f 2441 2433 2429
f 2442 2439 2441
f 2443 2440 2439
f 2445 2444 2443
f 2447 2443 2442
f 2383 2445 2447
f 2381 2446 2445
f 2448 2423 2426
f 2449 2426 2392
f 2441 2449 2442
f 2441 2438 2448
f 2449 2390 2450
f 2450 2389 2451
f 2447 2451 2383
f 2442 2450 2447
f 2451 2453 2452
f 2452 2455 2454
f 2382 2454 2384
f 2383 2452 2382
f 2456 2373 2372
f 2459 2461 2458
f 2463 2465 2462
f 2462 2285 2284
f 2466 2284 2290
f 2467 2462 2466
f 2461 3703 3701
f 2468 2470 2471
f 2472 2471 2473
f 2474 3701 3688
f 2475 2477 2478
f 2458 2453 2479
f 2479 2389 2388
f 2395 2479 2388
f 2480 2458 2479
f 2481 2483 2478
f 2484 2485 221
f 2471 2464 2463
f 2473 2463 2467
f 2487 2466 2486
f 2486 2290 2488
f 2490 2488 2489
f 2491 2486 2490
f 2492 2467 2487
f 2493 2487 2491
f 2494 2492 2493
f 2495 2473 2492
f 3690 2474 3688
f 3691 2496 3690
f 2498 2493 2499
f 2500 2499 2501
f 3700 2498 2500
f 3687 2494 2498
f 2306 2278 2300
f 2305 2504 2306
f 2504 2507 2506
f 2506 2288 2508
f 2274 2508 2275
f 2278 2506 2274
f 3633 2489 2488
f 3620 2488 2290
f 2507 2289 2288
f 2505 2509 2507
f 2508 2287 2511
f 2511 2281 2280
f 2370 2280 2282
f 2275 2511 2370
f 2512 2489 2513
f 2514 2513 2515
f 2517 2514 2516
f 2517 2490 2512
f 2499 2491 2517
f 2499 2516 2501
f 2510 2519 2518
f 2518 2521 2520
f 3616 2520 3621
f 3632 2518 3616
f 2522 2303 2310
f 2523 2310 2309
f 2305 2522 2524
f 2524 2523 2525
f 2519 2525 2521
f 2505 2524 2519
f 2308 2527 2526
f 2526 2529 2528
f 2531 2528 2530
f 2309 2526 2531
f 1214 2151 1211
f 2419 2418 2424
f 2533 2349 2317
f 2534 2317 2320
f 2535 2533 2534
f 2536 2345 2533
f 2537 2346 2536
f 2538 2536 2535
f 2539 2537 2538
f 2540 2351 2537
f 2312 2541 2527
f 2527 2542 2529
f 2543 2434 2544
f 2545 2544 2546
f 2319 2543 2545
f 2318 2435 2543
f 2514 2548 2547
f 2547 2550 2549
f 2552 2549 2551
f 2552 2514 2547
f 2520 2554 2553
f 2553 2556 2555
f 3590 2555 3593
f 3621 2553 3590
f 2523 2531 2557
f 2557 2530 2558
f 2525 2557 2559
f 2559 2558 2560
f 2554 2560 2556
f 2521 2559 2554
f 2561 2007 2006
f 2376 2225 2377
f 2564 2566 2563
f 2563 338 2567
f 2569 2567 2568
f 2570 2563 2569
f 2572 2574 2571
f 2571 2576 2575
f 2544 2575 2546
f 2544 2572 2571
f 2578 2569 2577
f 2579 2569 2568
f 2574 2579 2576
f 2573 2577 2574
f 2581 2583 2580
f 2584 2583 2585
f 3697 2580 2584
f 3676 2580 3675
f 2582 2552 2583
f 2583 2551 2585
f 2500 2589 2588
f 2590 2589 2591
f 3693 2588 2590
f 3695 2500 2588
f 2501 2591 2589
f 2592 2594 2595
f 2386 2503 2502
f 2596 2386 2374
f 2596 2373 2597
f 2599 2597 2598
f 2599 2379 2596
f 2600 2380 2599
f 2600 2598 2601
f 2603 2601 2602
f 2603 2446 2600
f 2604 2602 2605
f 2440 2605 2434
f 2444 2604 2440
f 2606 2581 2607
f 2606 2590 2591
f 2591 2582 2606
f 3676 2456 3689
f 3689 2372 3693
f 2478 2608 2481
f 2609 2611 2199
f 2564 2613 2612
f 2612 2598 2597
f 2457 2597 2373
f 2565 2612 2457
f 2614 2570 2578
f 2615 2578 2573
f 2602 2614 2615
f 2601 2613 2614
f 2572 2605 2616
f 2616 2602 2615
f 2573 2616 2615
f 1459 1045 1021
f 1265 1079 1082
f 1612 1609 1611
f 2067 2069 2068
f 1135 1136 1148
f 1938 2618 2617
f 95 458 128
f 2058 1608 1612
f 1454 1445 1367
f 655 1048 2619
f 722 2621 723
f 1131 1033 1134
f 562 366 1497
f 1723 1725 1591
f 1786 1122 1787
f 267 323 266
f 1325 1654 2038
f 1468 1435 1479
f 658 529 528
f 8 247 7
f 382 1559 3
f 788 1307 789
f 940 929 928
f 911 2623 912
f 2621 655 654
f 2624 2625 2626
f 998 27 26
f 635 2626 2625
f 2627 644 1840
f 2628 1840 2629
f 1200 2627 2628
f 1199 641 2627
f 1520 49 477
f 1452 1349 1451
f 2630 1859 1858
f 644 1335 1823
f 1197 717 2632
f 2632 719 1166
f 2628 1166 1200
f 2629 2632 2628
f 1762 1050 821
f 1823 873 1839
f 2634 794 652
f 1028 1027 1161
f 1042 2635 1043
f 93 1901 1924
f 2036 1458 1455
f 1527 1525 1526
f 877 1274 1277
f 134 797 1544
f 1328 931 1329
f 607 1091 1161
f 1043 2637 2636
f 2636 2639 2638
f 1275 2638 1276
f 1275 1043 2636
f 1272 2626 2640
f 2640 638 637
f 1110 2640 637
f 536 2640 2641
f 1472 1474 1473
f 2042 1951 649
f 1058 1105 1059
f 2642 2643 2644
f 1192 2644 1193
f 912 2642 1192
f 3898 3526 3786
f 1049 2620 2621
f 616 1885 613
f 1331 666 750
f 990 1198 525
f 1911 321 322
f 1298 1205 2645
f 76 1504 75
f 1502 421 422
f 610 658 691
f 1146 659 938
f 2646 914 936
f 1280 1238 1279
f 975 2647 2648
f 2647 975 974
f 1453 1452 1451
f 1514 158 151
f 835 1843 1842
f 1271 1173 1289
f 2649 813 2650
f 1893 1826 1894
f 1050 1937 1051
f 2651 814 813
f 1006 1281 977
f 2653 2654 2655
f 1001 1003 1002
f 585 679 558
f 2624 621 620
f 555 2028 556
f 1207 1197 2629
f 1626 478 472
f 426 419 1567
f 1030 1773 1031
f 3898 634 3880
f 534 138 262
f 1125 1042 1041
f 333 88 227
f 569 561 730
f 1489 871 870
f 1857 620 891
f 1673 3770 3763
f 622 864 1308
f 2647 974 2657
f 619 891 620
f 261 545 262
f 393 1556 404
f 2658 2647 2657
f 1075 2657 917
f 1081 2658 1075
f 1080 2659 2658
f 2644 1141 2660
f 2660 1140 1336
f 642 1336 643
f 1193 2660 642
f 679 555 558
f 1503 1500 1502
f 1318 1101 1100
f 2661 1139 1142
f 2661 2663 2662
f 2662 2659 2661
f 2662 2622 2664
f 2664 911 2646
f 2648 2646 1146
f 2648 2662 2664
f 2083 2093 2081
f 1442 1437 1439
f 519 330 51
f 1885 1209 613
f 799 805 804
f 1946 1952 1953
f 1302 1253 1252
f 566 224 533
f 1389 928 1388
f 683 681 680
f 836 1842 2665
f 2665 1845 1303
f 2666 1303 1302
f 24 2665 2666
f 831 2650 832
f 1845 1304 1303
f 2010 2012 2011
f 1051 2667 2668
f 1522 1511 1523
f 531 441 522
f 782 1251 1250
f 1250 2625 2669
f 2669 1857 1856
f 783 1856 1037
f 782 2669 783
f 720 2671 721
f 1055 1930 1056
f 1333 1251 2251
f 619 1308 1307
f 652 2619 2634
f 521 1539 1540
f 1838 537 2672
f 2672 536 2641
f 1113 2641 1110
f 1113 1838 2672
f 1016 1351 1045
f 3897 570 3894
f 226 104 101
f 3564 3827 1818
f 1036 1884 1883
f 2674 1304 2673
f 2673 1844 2675
f 1334 2675 1039
f 1333 2673 1334
f 2676 1039 2675
f 1843 2675 1844
f 942 2676 1843
f 1074 702 2676
f 811 859 858
f 752 1055 753
f 1200 656 1026
f 1120 874 2677
f 2677 877 1052
f 1241 1052 1005
f 1119 2677 1241
f 1560 151 1515
f 1208 611 523
f 215 736 214
f 1460 1462 1461
f 1208 1839 873
f 854 1282 1297
f 72 182 179
f 544 1565 512
f 217 456 457
f 2047 930 945
f 1204 1937 2633
f 913 686 685
f 840 1113 1112
f 1531 730 561
f 2678 1283 801
f 601 1914 602
f 1537 459 460
f 1819 3509 3527
f 991 862 538
f 2679 1073 1830
f 2680 983 2256
f 779 2256 1263
f 778 2680 779
f 2678 1830 2680
f 180 245 40
f 1886 1131 1134
f 1138 1274 1255
f 1841 1140 1139
f 75 314 74
f 193 420 192
f 2681 1099 1098
f 170 1565 169
f 349 417 432
f 1121 2684 2683
f 547 409 302
f 123 121 120
f 2643 1142 1141
f 1542 513 1543
f 899 907 919
f 1210 676 867
f 791 982 892
f 24 837 836
f 893 932 931
f 1860 863 862
f 535 862 861
f 832 813 812
f 2650 813 832
f 1569 1547 1568
f 181 542 180
f 660 937 688
f 2013 568 2012
f 887 2631 2630
f 1524 361 78
f 520 162 1529
f 2653 854 2685
f 1238 2655 2686
f 718 527 530
f 1492 518 1491
f 792 615 793
f 599 1835 596
f 290 456 175
f 312 1552 425
f 1248 1179 1249
f 153 177 178
f 1240 1222 1221
f 1257 1235 1071
f 1291 1083 1222
f 1052 1277 1053
f 743 2618 1204
f 444 430 443
f 23 1172 1187
f 2687 1180 1179
f 102 409 134
f 1283 610 801
f 373 650 651
f 1180 1084 1291
f 855 2655 1237
f 1173 1917 1174
f 2689 853 2688
f 2688 1108 1279
f 2686 1279 1238
f 2687 2688 2686
f 2691 1252 2690
f 2690 850 2689
f 1248 2689 2687
f 1248 2691 2690
f 2692 24 2666
f 2691 2666 1302
f 1247 2692 2691
f 1258 617 2692
f 394 1555 393
f 2693 1259 1223
f 1072 1262 1261
f 1257 1168 1258
f 398 1555 1554
f 871 1314 872
f 1178 1249 1179
f 1224 1173 1172
f 1010 2618 742
f 1175 1292 1269
f 2654 2686 2655
f 2694 1216 1264
f 71 1487 70
f 701 1111 1038
f 1072 2649 2650
f 1085 22 21
f 895 1264 896
f 1601 1605 1604
f 1259 1271 1289
f 21 1220 1083
f 988 538 537
f 598 1336 1140
f 820 1762 821
f 1050 818 821
f 1298 1761 2652
f 1168 618 617
f 858 1256 833
f 39 516 1536
f 2652 819 814
f 313 315 314
f 2026 1971 2027
f 2656 596 1835
f 814 818 811
f 2696 813 2649
f 1260 2649 1261
f 2693 2696 1260
f 2697 2651 2696
f 381 390 380
f 3818 1611 1609
f 1475 1428 1227
f 1292 1917 1235
f 1551 354 1518
f 1526 1523 1511
f 1593 1595 1573
f 1232 1246 1249
f 2695 1223 22
f 2698 1296 2697
f 2698 2693 2695
f 2685 2695 1085
f 2685 1297 2698
f 562 271 272
f 2652 1296 1298
f 1365 1364 1363
f 1958 1953 1957
f 585 2210 997
f 1561 1515 435
f 975 1146 976
f 347 68 346
f 1038 636 1068
f 2700 780 2699
f 2699 1036 1883
f 2701 1883 1829
f 851 2699 2701
f 2674 2251 2702
f 2702 781 2700
f 1253 2700 851
f 1301 2702 1253
f 1519 388 1550
f 1273 1280 2703
f 2703 1107 852
f 2701 852 851
f 1829 2703 2701
f 91 326 90
f 1784 2656 1785
f 2683 2705 2704
f 604 3499 3533
f 1669 3548 1662
f 2062 2060 2059
f 621 861 622
f 2023 732 2024
f 686 1263 687
f 857 2668 1328
f 883 882 879
f 637 1111 1110
f 2668 893 1328
f 2667 894 2668
f 1039 1068 1334
f 313 1504 1505
f 1911 305 453
f 1936 1964 2212
f 2707 2401 2183
f 2708 2183 2182
f 738 2116 554
f 2349 2432 2436
f 2711 2020 2019
f 2400 2019 2186
f 2714 2716 2713
f 2717 2719 2720
f 2721 2723 2724
f 2726 2728 2725
f 2725 2730 2729
f 2731 2729 2709
f 2732 2725 2731
f 2734 2736 2733
f 2738 2740 2737
f 2737 2741 2742
f 2744 2746 2743
f 2745 2748 2747
f 2749 2747 2751
f 2753 2751 2752
f 2250 2246 2248
f 2754 1614 2755
f 3598 2755 3609
f 3608 2747 3609
f 1617 2755 1614
f 2242 1620 2757
f 2191 2760 2759
f 2761 2760 2762
f 3648 2761 3649
f 3623 2759 3648
f 3209 3223 3224
f 1395 2236 2235
f 1395 1636 1615
f 1616 2229 2233
f 1617 2763 2756
f 2756 3628 3608
f 2765 2234 1630
f 2766 3628 3622
f 3202 3246 3247
f 1516 435 1515
f 2768 3552 3553
f 1495 578 1424
f 2135 28 17
f 3526 2773 2774
f 1690 3926 3925
f 2778 2780 2777
f 2777 2781 2782
f 2784 2777 2783
f 3555 575 576
f 1494 9 540
f 3529 2015 3566
f 451 505 450
f 2786 2788 2785
f 2779 2785 2780
f 2789 2741 2740
f 2790 2752 2789
f 2792 2794 2791
f 2793 2796 2794
f 2796 2750 2749
f 2794 2749 2753
f 2798 1396 2754
f 3591 2754 3598
f 2798 2800 1393
f 3591 2799 2798
f 2797 2795 2801
f 2791 2753 2790
f 216 232 54
f 3804 2807 3803
f 3805 2804 3803
f 2769 3557 3552
f 183 184 97
f 2811 2775 2776
f 2804 2776 2805
f 2809 2811 2804
f 2812 2813 2814
f 3805 2816 3795
f 3796 2815 3795
f 3798 2820 2821
f 3793 2819 3798
f 2824 2735 2819
f 2823 2824 2819
f 2825 2826 2724
f 3793 2827 3792
f 3796 2826 3792
f 2713 2829 2828
f 2828 2831 2830
f 2822 2828 2830
f 2821 2713 2828
f 2832 2822 2830
f 2833 2830 2831
f 2834 2832 2833
f 2835 2827 2832
f 2837 2839 2836
f 2836 2841 2840
f 2842 2840 2727
f 2843 2836 2842
f 2840 2845 2844
f 2718 2845 2719
f 2730 2844 2718
f 2727 2844 2728
f 2846 2719 2845
f 2846 2841 2847
f 2829 2847 2831
f 2829 2716 2846
f 2847 2839 2848
f 2848 2838 2849
f 2833 2849 2834
f 2831 2848 2833
f 2850 2851 2852
f 2853 2852 2854
f 2783 2782 2855
f 2785 2853 2856
f 2780 2856 2781
f 2857 2855 2782
f 2859 2782 2781
f 2861 2842 2860
f 2860 2727 2726
f 2862 2726 2732
f 2863 2860 2862
f 2861 2858 2857
f 2843 2857 2859
f 2856 2854 2864
f 2781 2864 2859
f 2837 2859 2864
f 2838 2864 2854
f 2852 2834 2849
f 2854 2849 2838
f 2865 2818 2835
f 2851 2835 2834
f 2813 2815 2865
f 2814 2865 2851
f 2866 2814 2850
f 2788 2850 2853
f 2866 2787 2867
f 2812 2867 2775
f 1892 1890 1891
f 2720 2846 2870
f 298 256 257
f 2872 2713 2820
f 3794 2735 2734
f 2729 2874 2873
f 2846 2715 2870
f 2876 2878 2875
f 2733 2878 2734
f 3806 2879 2880
f 3806 2872 3794
f 2882 2884 2881
f 2881 2715 2714
f 2880 2714 2872
f 2879 2881 2880
f 2885 2887 2888
f 2888 2890 2885
f 2885 2892 2891
f 2893 2885 2891
f 1942 2532 2894
f 2895 2720 2870
f 2884 2870 2715
f 2883 2895 2884
f 2896 2892 2895
f 2889 2717 2890
f 2890 2720 2892
f 2897 2891 2896
f 2898 2896 2883
f 2899 2883 2882
f 2900 2882 2879
f 3797 2879 3807
f 2876 2901 2877
f 2901 2904 2903
f 1785 1835 1834
f 2905 2899 2900
f 2907 2897 2898
f 3797 2903 3799
f 632 577 633
f 3532 2867 2787
f 434 550 350
f 2768 3640 3643
f 2910 1623 2249
f 2241 2758 2242
f 3640 2913 3652
f 1623 2757 1620
f 3587 2757 3652
f 2229 1380 2250
f 2765 1629 2914
f 2915 1629 2912
f 3642 2914 2915
f 3641 2765 2914
f 2919 3642 3613
f 2918 2912 2241
f 3614 2241 3586
f 3618 3613 3670
f 3541 2180 3496
f 3521 2188 3506
f 3705 714 3851
f 2925 2917 2924
f 2924 2916 2919
f 3610 2919 3618
f 3611 2924 3610
f 2926 2766 2925
f 3658 2925 3611
f 1715 1705 1710
f 785 498 796
f 1387 565 1791
f 374 1899 560
f 3573 2206 3556
f 2929 2886 2893
f 2932 2934 2931
f 1905 1908 1907
f 2930 2936 2937
f 2938 2930 2929
f 1493 517 518
f 1603 1586 1602
f 2939 2929 2908
f 2940 2908 2907
f 3665 1600 3661
f 2886 2937 2887
f 2906 2898 2899
f 2908 2893 2897
f 2942 2933 2941
f 2941 2937 2936
f 3501 2936 3513
f 3498 2941 3501
f 2943 2710 2873
f 2943 2874 2889
f 2945 2889 2888
f 2946 2943 2945
f 2932 2888 2887
f 2931 2945 2932
f 727 1929 728
f 2903 2947 2948
f 545 42 262
f 1480 533 251
f 2907 2949 2940
f 2906 2950 2949
f 1558 215 202
f 3799 2948 3801
f 2054 1644 2118
f 3705 2203 3573
f 1828 1849 1827
f 2953 2955 2952
f 2952 2957 2956
f 2956 2258 2952
f 2953 2258 2257
f 2454 2474 2496
f 3747 2959 3766
f 3747 2131 3737
f 2961 2963 2958
f 2958 2964 2959
f 222 2485 2965
f 2477 2966 2608
f 2631 2006 1859
f 2384 2496 2497
f 2967 2959 2964
f 2968 2970 2969
f 3759 2971 3784
f 3784 2960 3766
f 2972 2033 2032
f 2007 2973 2008
f 3560 2134 2133
f 1836 1832 1831
f 3506 2090 3551
f 955 959 956
f 672 674 673
f 633 713 632
f 2024 733 803
f 2025 803 798
f 425 1550 388
f 2975 888 887
f 1319 1157 2694
f 1212 2977 1213
f 889 2228 2227
f 1978 1975 1979
f 1138 1329 915
f 751 2979 2978
f 1619 1625 1624
f 2252 1728 1727
f 1157 845 1216
f 2706 1938 2617
f 2980 2254 2981
f 2982 887 2630
f 802 711 2679
f 678 2029 2028
f 527 690 528
f 1839 2629 1840
f 2983 602 1914
f 2983 1913 1331
f 2985 1331 1054
f 2986 2983 2985
f 2987 2635 2634
f 2985 2639 2986
f 2990 1318 2989
f 2991 2993 2994
f 2995 2994 2996
f 1106 2991 2995
f 1058 2992 2991
f 1415 1365 1367
f 1317 2217 2997
f 1932 2255 2980
f 926 2999 664
f 3001 2992 3000
f 3000 1057 2978
f 2999 2978 2979
f 2998 3000 2999
f 3002 2209 3003
f 3002 2996 2994
f 2993 3002 2994
f 3001 2998 3002
f 1103 2995 3004
f 3004 2996 3003
f 2209 3004 3003
f 588 3004 2210
f 295 433 381
f 2638 2988 3005
f 3005 1056 1930
f 1305 1930 1306
f 1276 3005 1305
f 1987 1993 1989
f 2633 1761 2645
f 1423 1417 1419
f 3561 739 703
f 2671 2704 2705
f 1473 2035 1472
f 922 2694 895
f 1401 1378 1384
f 556 1884 1037
f 842 3825 3836
f 1854 2617 1010
f 933 1081 1075
f 1440 1436 1437
f 529 719 530
f 1031 1027 1028
f 777 912 1871
f 2645 1204 2633
f 441 1538 1537
f 790 587 586
f 2065 1610 1607
f 1860 990 902
f 60 87 59
f 1424 1948 1947
f 332 1507 331
f 261 138 135
f 187 449 507
f 1719 1726 1725
f 1931 1059 3006
f 3006 1105 1104
f 1287 1104 587
f 1286 3006 1287
f 3007 3009 3010
f 3009 653 795
f 618 26 25
f 2029 1210 1209
f 957 600 2228
f 1049 2228 600
f 2631 3011 2561
f 890 2227 3011
f 3011 2145 3012
f 2561 3012 2375
f 1026 609 608
f 2706 1961 1964
f 3013 2485 3014
f 2148 1267 3015
f 3015 1266 1311
f 2997 1101 1317
f 642 1773 1193
f 186 461 511
f 1041 1320 901
f 1121 3017 1122
f 2984 2987 3018
f 3018 2634 2619
f 1048 3018 2619
f 603 2984 3018
f 2679 801 802
f 2062 2074 2061
f 2061 2076 2064
f 414 1545 1965
f 3016 2683 3019
f 3019 2704 2670
f 3020 2670 720
f 3007 3019 3020
f 1871 1091 777
f 3021 1122 3017
f 3022 3017 3010
f 1314 3022 1315
f 1784 3021 1314
f 1316 1763 611
f 3023 3010 3009
f 3023 795 1092
f 1763 1092 1125
f 1315 3023 1763
f 3016 3010 3017
f 752 2978 1057
f 2986 2637 2987
f 3024 653 3008
f 3020 3008 3007
f 720 3024 3020
f 723 654 3024
f 2681 1268 3025
f 2671 1268 721
f 2705 3025 2671
f 1313 3027 1311
f 3026 3029 3027
f 3027 3030 3031
f 1311 3031 3015
f 2012 731 2023
f 917 974 977
f 743 856 744
f 1888 2030 1425
f 2682 2684 3032
f 3032 1124 2989
f 1100 2989 1318
f 1099 3032 1100
f 1123 2989 1124
f 3033 1159 1158
f 2990 1158 1319
f 1123 3033 2990
f 1786 1834 3033
f 1054 2988 2985
f 2979 664 2999
f 2623 2663 2643
f 1095 688 687
f 3034 2261 2956
f 3036 2956 2957
f 3037 3034 3036
f 3038 3035 3034
f 3040 3026 1313
f 2263 3041 3040
f 3042 3043 3041
f 3041 3028 3026
f 3044 3043 3039
f 3046 3045 3044
f 3047 3049 3045
f 3043 3049 3028
f 3038 3051 3050
f 3050 3053 3052
f 3052 3044 3050
f 3039 3050 3044
f 3054 3039 3042
f 3042 2262 3054
f 2261 3054 2262
f 2216 2997 2217
f 2212 2667 1936
f 3056 2209 3055
f 934 1961 1854
f 2013 3757 567
f 3058 3060 3061
f 3059 3063 3060
f 3060 2213 1963
f 3061 1963 1962
f 3063 2214 2213
f 3062 3064 3063
f 3065 2260 3064
f 3064 2215 2214
f 3066 3031 3030
f 2608 3067 3066
f 2966 3068 3067
f 3031 3068 3015
f 2455 2461 2474
f 2476 2226 2477
f 3551 2089 3525
f 3526 3769 3786
f 433 355 381
f 2115 1419 2123
f 3509 2922 3527
f 3769 2131 2134
f 3069 2167 2166
f 2971 2928 2960
f 2961 2773 2962
f 3070 2478 2483
f 2610 3071 2954
f 2502 2374 2386
f 3072 2595 3073
f 2964 3052 2967
f 3048 3074 3049
f 2593 3075 3074
f 3075 3029 3074
f 3074 3028 3049
f 3072 3075 2592
f 3076 2482 2481
f 2481 3066 3076
f 3076 3030 3075
f 2967 3053 2970
f 2482 3073 2483
f 479 493 494
f 706 3873 709
f 3561 2221 3517
f 2013 3754 3755
f 3533 2016 3529
f 3562 2222 2974
f 1171 1155 1176
f 2586 2565 2587
f 2982 113 2484
f 2562 3077 3068
f 2376 3012 3077
f 3012 2148 3077
f 3077 3015 3068
f 2963 3046 2964
f 3051 2970 3053
f 1683 491 775
f 3850 1447 3860
f 1986 3734 3768
f 3079 2546 2575
f 3081 2575 2576
f 1983 3768 3765
f 3082 2319 2545
f 3080 2545 2546
f 3734 3082 3080
f 3732 2323 3082
f 1309 1888 748
f 3073 2772 2771
f 2760 3084 2762
f 2760 2088 3083
f 3085 3086 3087
f 3089 3090 3088
f 3089 3084 3085
f 3092 3090 3091
f 3093 2744 2743
f 2751 2748 3093
f 3093 2752 2751
f 2742 3093 3094
f 3094 2743 3095
f 3096 3098 3087
f 3099 3087 3086
f 3097 3095 3098
f 3100 2746 3101
f 3101 3102 3100
f 2764 2927 3101
f 2745 3101 2746
f 3102 3091 3100
f 3100 3095 2743
f 2869 3592 3634
f 3102 3104 3092
f 3658 2869 3634
f 2927 3103 3102
f 3098 3091 3090
f 3087 3090 3085
f 2088 3105 3083
f 3083 3086 3084
f 2483 2771 3070
f 2401 2185 2321
f 3099 3105 3106
f 2125 3106 3105
f 3108 2742 3107
f 3107 3094 3097
f 3110 3107 3109
f 3109 3097 3096
f 3111 3096 3099
f 3112 3109 3111
f 3113 2737 3108
f 3115 2722 3114
f 3117 3114 3116
f 3119 3116 3118
f 3118 3120 3121
f 3116 3113 3120
f 3122 3111 3123
f 3122 1755 1754
f 3124 3126 3127
f 3125 3121 3126
f 3128 3118 3125
f 3129 3125 3124
f 2020 3128 3129
f 3853 1346 1352
f 1065 1047 1066
f 1814 3830 1649
f 2021 3129 3130
f 3111 3106 3123
f 3123 2207 1755
f 2377 2224 2973
f 3014 113 112
f 1756 3782 3767
f 3131 2530 2528
f 3133 2528 2529
f 1753 3767 3775
f 3134 3127 3135
f 2327 2314 2313
f 2436 2317 2349
f 2018 3711 3712
f 2534 3137 2535
f 2320 3136 2534
f 2185 3712 3771
f 3138 2542 2539
f 3134 3744 3745
f 3785 3134 3745
f 3140 2539 2538
f 2535 3140 2538
f 3711 3130 3785
f 2558 3132 3141
f 3782 3141 3132
f 2560 3141 3142
f 3760 3142 3141
f 958 2976 2981
f 1933 2980 3143
f 2399 2418 2416
f 2348 2343 2432
f 2322 2319 2323
f 2718 2874 2730
f 2709 2873 2710
f 2894 1361 1942
f 346 176 347
f 1876 1882 1881
f 2802 3607 3592
f 3104 3088 3092
f 2974 3649 3603
f 3089 2761 2762
f 3088 3145 3089
f 2803 3603 3607
f 3870 692 628
f 2123 1418 2126
f 1365 1368 1367
f 1581 1782 1783
f 3569 2129 3520
f 3555 2002 3521
f 3146 2551 3147
f 3751 3147 3750
f 3742 3146 3751
f 3149 2585 3146
f 3196 3197 3195
f 3604 2191 3623
f 3142 2556 2560
f 3777 3150 3142
f 3646 2550 3593
f 3150 2555 2556
f 3778 3151 3150
f 3788 3152 3646
f 3153 2551 2549
f 3152 2549 2550
f 3781 3153 3152
f 3776 3147 3153
f 3148 2206 2205
f 2183 2321 2184
f 2132 2928 2133
f 3684 2204 2203
f 3719 2197 3721
f 2594 2773 2951
f 2595 2951 2772
f 1870 799 1869
f 3713 2178 3706
f 3706 3736 3790
f 336 3774 3722
f 339 3154 336
f 3789 3149 3742
f 3683 2584 3149
f 2963 3048 3047
f 3722 337 336
f 339 2566 2586
f 3156 2168 2167
f 2610 2167 2611
f 2954 3156 2610
f 3157 2953 2257
f 3707 2169 3709
f 2567 3159 2568
f 337 2567 338
f 3730 2166 3707
f 3764 1983 3765
f 2579 3081 2576
f 2568 3160 2579
f 3709 2190 3764
f 3065 3162 3161
f 3161 1984 2189
f 3157 2189 2168
f 2257 3161 3157
f 734 1922 806
f 3059 2708 3163
f 3163 2182 1985
f 3162 1985 1984
f 3062 3163 3162
f 3203 3205 3204
f 2122 1448 1447
f 3817 1685 3812
f 139 444 69
f 1570 566 533
f 2957 3165 3036
f 2955 3164 2957
f 1912 341 1973
f 3130 3124 3134
f 1548 319 1547
f 1949 1327 1887
f 2969 3078 3167
f 3167 3169 3168
f 3724 2017 3720
f 3720 2033 3759
f 3168 3165 3170
f 3170 3164 3171
f 3779 3171 3756
f 3724 3170 3779
f 3171 3166 3172
f 3172 3071 3173
f 3752 3173 3749
f 3756 3172 3752
f 3169 3036 3165
f 2593 2962 2594
f 3173 2609 3174
f 3174 2199 2198
f 3783 2198 3719
f 3749 3174 3783
f 2190 1984 1983
f 2196 2767 3148
f 2119 1414 1448
f 1464 1466 1465
f 2199 3069 2200
f 2457 2587 2565
f 2226 2562 2966
f 481 1627 1639
f 333 235 236
f 3078 3037 3169
f 3040 2997 2263
f 2219 1933 2220
f 2385 2497 2503
f 221 3175 2484
f 2220 3143 3175
f 3175 2976 2975
f 2484 2975 2982
f 2954 3166 2955
f 2630 110 2982
f 1547 1952 1955
f 2091 2188 2187
f 3733 2178 2177
f 1918 1927 1926
f 3563 111 3511
f 955 960 954
f 2037 112 3563
f 3143 2981 2976
f 2218 2214 2215
f 672 3787 3541
f 2152 3014 2037
f 1147 1143 1145
f 2248 1409 2245
f 1615 1635 1616
f 1410 2246 2247
f 3241 3242 3240
f 3177 1383 1382
f 2238 3176 1382
f 3176 2230 3178
f 1410 3179 1407
f 3179 2243 1407
f 1633 2800 2249
f 1621 2758 2912
f 1622 2245 1634
f 2236 3181 3182
f 2237 3182 3183
f 2250 2233 2229
f 2912 1628 1621
f 135 1564 1563
f 1567 512 1565
f 1085 2653 2685
f 3184 868 3056
f 869 3057 934
f 1266 1098 1312
f 1267 722 721
f 937 2646 936
f 2146 722 2147
f 2211 921 2667
f 1957 507 449
f 1313 2264 3040
f 1496 1493 1492
f 2681 2705 2682
f 2887 2933 2932
f 1687 1659 1694
f 145 1498 81
f 1317 1319 2694
f 37 418 71
f 1935 3185 2977
f 104 301 103
f 2101 2083 2084
f 543 360 207
f 1934 3186 3185
f 234 212 237
f 3845 1822 1824
f 1976 1874 1974
f 223 2219 220
f 3655 3605 3612
f 468 773 2165
f 1935 1728 1932
f 3240 3226 3235
f 3261 3250 3260
f 3215 3244 3264
f 3265 3215 3264
f 3267 3198 3196
f 3205 3269 3255
f 3214 3265 3270
f 3271 3214 3192
f 3251 3239 3236
f 3222 3266 3272
f 3232 3234 3233
f 3216 3243 3244
f 3196 3268 3267
f 3244 3254 3255
f 3238 3247 3246
f 3264 3255 3269
f 3253 3216 3217
f 3211 3221 3265
f 3257 3218 3256
f 3258 3272 3259
f 3274 3280 3273
f 3228 3262 3263
f 3275 3281 3280
f 3226 3273 3280
f 3236 3260 3251
f 3281 3236 3237
f 3287 3192 3189
f 3235 3280 3234
f 3234 3281 3237
f 3288 3259 3272
f 3260 3276 3251
f 3289 3278 3284
f 3210 3224 3283
f 3199 3201 3200
f 3228 3230 3229
f 3290 3285 3286
f 3282 3271 3287
f 3260 3262 3261
f 3243 3268 3254
f 3267 3241 3232
f 3194 3208 3193
f 3191 3269 3206
f 3270 3192 3214
f 3275 3230 3231
f 3264 3270 3265
f 3252 3276 3291
f 3248 3291 3223
f 3213 3279 3277
f 3272 3289 3288
f 3277 3212 3213
f 3228 3281 3231
f 3220 3253 3219
f 3219 3217 3257
f 3256 3222 3258
f 3247 3252 3248
f 3245 3232 3233
f 3266 3212 3289
f 3208 3255 3254
f 3288 3284 3285
f 3204 3208 3207
f 560 3187 559
f 3209 3201 3202
f 3189 3191 3190
f 448 807 447
f 647 122 270
f 1833 1780 1832
f 510 508 507
f 3210 1887 3201
f 1887 3200 3201
f 15 3197 3200
f 16 3195 3197
f 3195 3187 3194
f 3194 1899 3207
f 3207 375 3204
f 387 126 127
f 3189 1760 3287
f 3577 757 758
f 763 2172 2175
f 3583 3580 3581
f 3581 3579 3578
f 3594 3596 3595
f 3400 3602 3401
f 3626 3625 3627
f 3631 3599 3601
f 3636 3595 3596
f 3647 3588 3645
f 3650 3584 3647
f 3653 3580 3651
f 3653 3654 3579
f 1801 3656 3655
f 3651 3582 3650
f 3644 3595 3637
f 1767 3659 3660
f 1597 3661 1600
f 1708 3665 3664
f 3671 3667 3666
f 3666 3673 3672
f 1588 3664 1587
f 2080 3666 2082
f 2082 3672 2084
f 3674 3635 3631
f 3677 3636 3635
f 3682 3645 3681
f 3692 3650 3686
f 3681 3644 3680
f 786 3692 785
f 3694 3651 3692
f 785 3686 497
f 497 3682 650
f 650 3681 564
f 3696 3681 3680
f 3405 3605 3402
f 3702 3678 3677
f 3699 3679 3678
f 3645 3638 3644
f 1799 3659 1768
f 3708 3458 3460
f 3462 3708 3460
f 3714 564 3696
f 3615 3602 3600
f 3710 3696 3698
f 3635 3596 3599
f 3629 3627 3630
f 3597 3599 3596
f 3630 3715 3629
f 3627 3597 3594
f 3717 3723 3718
f 3715 3660 3629
f 3716 3725 3715
f 3668 3661 3725
f 3668 3717 3667
f 3667 3718 3673
f 3727 3673 3718
f 3728 3672 3673
f 3726 3718 3723
f 1576 2084 3672
f 3727 3731 3729
f 3203 1387 3190
f 3190 1791 3189
f 3283 1949 3210
f 317 259 391
f 2000 3653 3694
f 3601 3600 3602
f 3589 3584 3585
f 3577 756 2170
f 3585 3582 3583
f 3678 3637 3636
f 3204 376 3203
f 1801 3657 1799
f 3729 3728 3727
f 1575 3738 1088
f 3735 1576 3728
f 1776 1796 1775
f 1293 1290 1284
f 1326 1327 12
f 1294 1234 1290
f 878 1330 1337
f 497 374 498
f 122 413 121
f 3699 3704 3708
f 3606 3401 3602
f 3708 3698 3699
f 3464 3710 3462
f 3704 3443 3458
f 439 399 438
f 1512 1526 1511
f 1668 1738 1671
f 839 1362 838
f 1362 826 1012
f 3843 1896 3815
f 2053 2118 2117
f 3888 2120 2119
f 696 3816 3831
f 1826 639 640
f 3740 3729 3731
f 956 886 960
f 1980 1922 807
f 33 105 164
f 1343 3856 3857
f 3907 2128 3902
f 1766 1582 1594
f 14 2163 738
f 595 99 594
f 3233 3246 3245
f 1346 1044 1352
f 748 1425 747
f 3193 3254 3268
f 3190 3206 3203
f 3612 3606 3615
f 3624 3615 3625
f 3631 3443 3674
f 3679 3644 3637
f 3686 3647 3682
f 3702 3674 3704
f 3625 3600 3597
f 3601 3415 3631
f 3739 3735 3729
f 3630 3594 3741
f 3741 3716 3630
f 1284 1288 1285
f 3698 3680 3679
f 1778 1780 1779
f 1792 1584 1789
f 695 571 694
f 3638 3594 3595
f 3741 3588 3589
f 3247 3209 3202
f 3292 3294 3295
f 3296 3298 3299
f 3299 3300 3301
f 3302 3304 3305
f 3306 3308 3309
f 3307 3311 3308
f 3303 3301 3300
f 3312 3304 3313
f 3314 3316 3317
f 3318 3320 3321
f 3324 3321 3325
f 3326 3328 3323
f 3329 3331 3332
f 3333 3335 3336
f 3337 3339 3340
f 3333 3341 3342
f 3342 3343 3344
f 3319 3344 3343
f 3338 3334 3339
f 3346 3302 3347
f 3305 3347 3302
f 3312 3223 3349
f 3350 3340 3351
f 3312 3348 3305
f 3352 3341 3326
f 3311 3354 3308
f 3341 3327 3326
f 3359 3361 3362
f 3360 3250 3249
f 3318 3345 3319
f 3364 3318 3324
f 3314 3324 3365
f 3366 3301 3346
f 3299 3367 3296
f 3308 3368 3309
f 3369 3295 3294
f 3317 3364 3314
f 3370 3317 3316
f 3325 3365 3324
f 3352 3319 3343
f 3296 3353 3311
f 3297 3311 3310
f 3363 3354 3345
f 3345 3353 3344
f 3344 3367 3342
f 3366 3342 3367
f 3347 3334 3346
f 3339 3348 3340
f 3348 3351 3340
f 3363 3369 3368
f 3294 3368 3369
f 3293 3309 3294
f 3331 3374 3332
f 3346 3333 3366
f 3323 3352 3326
f 3356 3321 3320
f 3355 3325 3321
f 3357 3371 3325
f 3322 3320 3352
f 3361 3329 3362
f 3373 3375 3374
f 3374 3376 3332
f 3329 3376 3362
f 3327 3372 3328
f 3336 3375 3327
f 3335 3376 3375
f 3376 3337 3362
f 3337 3359 3362
f 3359 3276 3250
f 3377 3295 3370
f 3277 3315 3278
f 3371 3379 3365
f 3378 3358 3380
f 3365 3315 3314
f 3316 3279 3370
f 3282 3370 3279
f 3313 3224 3312
f 3378 3284 3379
f 3380 3285 3378
f 3379 3278 3315
f 3276 3351 3291
f 3291 3349 3223
f 3313 2965 3013
f 2965 3303 222
f 222 3300 223
f 223 3298 3186
f 3298 3185 3186
f 3297 2977 3185
f 3310 1213 2977
f 3307 1214 1213
f 2532 3306 3293
f 2894 3293 3292
f 2871 3292 3377
f 3253 3240 3242
f 3283 3013 2152
f 1997 1889 1892
f 1237 744 855
f 1535 120 121
f 1531 201 214
f 1119 1032 984
f 946 824 947
f 163 5 162
f 3589 3723 3741
f 1155 1162 1164
f 427 327 424
f 553 796 498
f 3381 2231 2237
f 3381 2230 2232
f 2237 3180 3381
f 3383 3385 3382
f 3384 3387 3385
f 3386 3389 3387
f 3388 3391 3389
f 3392 3394 3395
f 3395 3396 3397
f 3398 3397 3396
f 3400 3399 3398
f 3403 3405 3402
f 3406 3404 3403
f 3408 3407 3406
f 3410 3409 3408
f 3412 3411 3410
f 3415 3398 3414
f 3414 3396 3416
f 3416 3394 3417
f 3417 3393 3418
f 3393 3420 3418
f 3419 3421 3420
f 3390 3422 3421
f 3388 3423 3422
f 3386 3424 3423
f 3384 3425 3424
f 3425 3426 3184
f 2904 3428 2947
f 3429 2904 2902
f 3430 2902 2876
f 2875 3430 2876
f 3432 2733 2736
f 2825 3435 2824
f 3437 3439 3436
f 3441 3436 3440
f 2724 3434 2825
f 3436 3115 3117
f 3440 3117 3119
f 3443 3414 3442
f 3442 3416 3444
f 3444 3417 3445
f 3445 3418 3446
f 3446 3420 3447
f 3420 3448 3447
f 3421 3449 3448
f 3422 3450 3449
f 3423 3451 3450
f 3424 3452 3451
f 3425 3056 3452
f 3451 2253 2252
f 3450 2252 1727
f 3449 1727 2150
f 3448 2150 1941
f 3453 3448 1941
f 3454 3447 3453
f 3455 3446 3454
f 3456 3445 3455
f 3442 3456 3457
f 3443 3457 3458
f 3459 3458 3457
f 3457 3455 3459
f 3459 3454 3461
f 3462 3459 3461
f 3461 3453 3463
f 3464 3461 3463
f 3463 1941 1360
f 3404 3401 3405
f 3407 3399 3404
f 3409 3397 3407
f 3411 3395 3409
f 3465 3413 3412
f 3467 3469 3466
f 3465 3431 3433
f 3470 3466 3465
f 3438 3432 3435
f 3467 3438 3437
f 3468 3437 3441
f 3471 3468 3472
f 3472 3441 3473
f 3473 3440 2712
f 2712 3119 3128
f 3475 3472 3474
f 3474 3473 3476
f 3476 2712 2711
f 3477 2711 2400
f 3478 3476 3477
f 3479 3474 3478
f 3392 3413 3480
f 3466 3480 3413
f 3419 3392 3480
f 3390 3480 3391
f 3469 3391 3480
f 3389 3471 3475
f 3387 3475 3479
f 3385 3479 3481
f 3482 2400 2402
f 3483 3477 3482
f 3481 3478 3483
f 3484 2402 2707
f 3058 2707 2708
f 3061 3484 3058
f 3485 3482 3484
f 3382 3481 3486
f 3486 3483 3485
f 3426 3382 3487
f 3487 3486 1962
f 3486 3061 1962
f 1961 3487 1962
f 3057 3426 3487
f 3428 3402 3488
f 3427 3403 3428
f 3429 3406 3427
f 3430 3408 3429
f 3431 3410 3430
f 3470 3433 3432
f 3434 3438 3435
f 2723 3439 3434
f 2875 3433 3431
f 2736 3435 3432
f 2947 3488 3500
f 3464 1360 3497
f 1900 1924 1901
f 1736 1718 1750
f 1955 1943 1956
f 1671 1735 1751
f 1696 1698 1692
f 1800 1864 1801
f 2063 2056 2060
f 1737 1717 1736
f 1751 1697 1695
f 943 3899 684
f 3656 3402 3605
f 1577 1764 1703
f 3917 1599 3923
f 1945 82 1944
f 68 7 248
f 147 1543 148
f 1109 1133 1102
f 1503 1907 1908
f 1499 1909 1498
f 452 735 215
f 1824 3835 3845
f 1825 2068 1824
f 1463 1022 1194
f 841 1009 1011
f 1568 1955 1534
f 1926 1927 1923
f 1910 1502 1939
f 1939 422 442
f 309 1940 308
f 1804 1866 1803
f 269 1954 56
f 2065 2060 2056
f 3812 1758 3835
f 280 552 1940
f 1875 1869 1874
f 1739 1734 1737
f 1778 1790 1788
f 310 1915 279
f 1909 1906 1954
f 1789 1778 1788
f 978 980 979
f 1584 1731 1583
f 425 311 312
f 148 115 116
f 2044 3894 2046
f 277 1939 551
f 1943 1945 1944
f 1461 1463 1464
f 2253 3056 3055
f 2981 3489 958
f 2209 3489 3055
f 2254 3055 3489
f 2998 958 3489
f 2826 2721 2724
f 3490 2721 2817
f 2816 3490 2817
f 2334 2296 2335
f 2298 2334 2336
f 2301 2336 2338
f 2311 2338 2354
f 2312 2354 2355
f 2359 2361 2360
f 2335 2359 2360
f 2414 2365 2364
f 2413 2361 2365
f 2355 2540 2541
f 2541 2539 2542
f 2722 2739 2738
f 3114 2738 3113
f 3110 3121 3120
f 3108 3120 3113
f 3122 3127 3126
f 3112 3126 3121
f 3127 1753 3135
f 3139 2529 2542
f 3744 3133 3139
f 3490 2740 2739
f 3491 2789 3490
f 228 91 88
f 245 243 242
f 248 247 191
f 2 296 295
f 145 300 267
f 327 210 328
f 329 331 330
f 250 228 236
f 239 240 230
f 373 375 374
f 178 176 175
f 1218 1228 1321
f 3862 1295 3854
f 808 824 823
f 3858 1013 1014
f 3813 1411 1413
f 2154 2159 2160
f 3845 1758 1757
f 306 1922 452
f 2157 1976 1977
f 708 2031 1474
f 1450 1227 1428
f 1672 1605 1624
f 1813 1821 1816
f 1717 1715 1718
f 176 402 347
f 1710 3916 3915
f 1712 1577 1711
f 1705 1711 1704
f 971 979 970
f 822 1094 1102
f 2909 2793 2792
f 2810 2795 2793
f 2799 2249 2800
f 3662 2910 2799
f 2769 2801 2795
f 3177 3178 3179
f 3178 3180 3179
f 3181 1393 2800
f 3181 1632 3182
f 3182 2244 3183
f 3183 2243 3180
f 3492 2790 3491
f 2808 3491 2816
f 2239 3572 2240
f 1149 3571 3570
f 1150 3567 3571
f 2202 3566 2015
f 2921 3565 2923
f 3568 2133 2928
f 1777 1759 1792
f 1201 1183 1184
f 3561 2195 2194
f 3553 2770 2768
f 3927 1687 1692
f 1516 154 503
f 3549 2974 2803
f 3550 2779 2778
f 2771 3575 3546
f 3070 3546 3558
f 3547 2775 2867
f 1376 1370 1372
f 2767 3556 2206
f 2195 3543 2767
f 2775 3542 2776
f 3377 3545 2871
f 3804 3539 2806
f 2776 3538 2805
f 2240 3535 2920
f 2920 3669 3619
f 3548 2786 2779
f 1805 1851 1804
f 3534 2787 2786
f 2951 3540 3531
f 2772 3531 3575
f 2973 3530 3536
f 2224 3537 3530
f 1957 320 510
f 306 304 303
f 2770 3528 2913
f 2913 3574 2239
f 2923 3527 2922
f 308 431 47
f 207 132 543
f 1879 1881 1880
f 3733 3525 2089
f 2475 3558 3524
f 2476 3524 3523
f 2223 3523 3537
f 3522 2803 2802
f 2037 11 1950
f 1959 450 505
f 2003 3520 2129
f 9 334 540
f 2009 3518 3567
f 2008 3536 3518
f 3877 673 3879
f 3515 2778 2784
f 2935 3513 2936
f 111 3570 3511
f 3510 2935 2938
f 683 3885 943
f 3508 2810 2909
f 736 732 729
f 1795 1803 1796
f 3505 2938 2939
f 3507 2939 2940
f 2950 3504 2949
f 2940 3504 3507
f 3801 3512 2950
f 2868 3502 2869
f 2869 3522 2802
f 1024 1023 1020
f 3500 2948 2947
f 551 442 443
f 2972 3568 2928
f 2032 3499 2972
f 216 1924 1923
f 203 201 200
f 1828 1847 1837
f 1958 449 450
f 272 178 175
f 2871 3495 1361
f 3619 3564 2921
f 2801 3643 3662
f 2005 3654 2176
f 960 899 962
f 3657 3612 3624
f 3780 3646 3151
f 3151 3593 2555
f 2193 3623 2194
f 3607 3145 3144
f 3603 2761 3145
f 3592 3144 3104
f 2926 3634 3103
f 3634 3104 3103
f 3755 3746 3753
f 566 3758 2005
f 3488 1864 3500
f 1602 2079 2078
f 2868 3611 2922
f 2922 3610 2923
f 2923 3618 2921
f 3670 2918 3614
f 3619 3614 2920
f 2921 3670 3619
f 2920 3586 2240
f 3613 2915 2918
f 2917 3622 3641
f 2916 3641 3642
f 2239 3652 2913
f 2911 3652 2757
f 3643 2911 2910
f 2797 3662 3591
f 2797 3598 2750
f 3622 2763 2765
f 3608 2764 2745
f 2194 3648 2221
f 2221 3649 2222
f 2756 3609 2755
f 2750 3609 2747
f 3669 1817 3827
f 3763 1691 1699
f 2515 3590 2548
f 2548 3593 2550
f 2513 3632 3616
f 2513 3621 2515
f 2509 3620 2289
f 2510 3633 2509
f 2289 3639 2283
f 2283 3617 2286
f 2240 3587 2239
f 3659 3624 3626
f 716 3887 3888
f 727 3761 1923
f 2165 2170 2164
f 3660 3626 3629
f 3743 3578 3757
f 2175 769 770
f 2100 2095 2099
f 3758 3757 3578
f 640 3568 1826
f 1653 3553 1651
f 1895 3530 746
f 746 3537 741
f 1653 3528 3576
f 3762 1604 1672
f 2093 2073 2078
f 959 995 884
f 962 919 986
f 1400 1398 1399
f 1000 1127 1004
f 956 884 885
f 1662 3550 1661
f 2034 3546 1654
f 3926 3539 3802
f 3535 766 1817
f 3572 765 766
f 334 3571 335
f 1868 3540 1656
f 1684 1652 1678
f 1682 775 1807
f 1585 3762 1700
f 3763 1672 1673
f 2173 490 491
f 1658 3547 1752
f 3556 1650 724
f 1571 2010 1572
f 1587 3671 2080
f 2099 2077 2094
f 787 1999 786
f 2000 786 1999
f 3155 3697 3683
f 3713 3683 3789
f 2180 3685 3684
f 3496 3684 3705
f 1684 3840 1651
f 1760 3495 3545
f 2607 3693 2590
f 2581 3689 2607
f 2371 3700 3695
f 2371 3693 2372
f 2587 3675 2586
f 2586 3697 339
f 2497 3687 2503
f 2502 3687 3700
f 2494 3690 2495
f 3690 2472 2495
f 3688 2468 2472
f 3701 2469 2468
f 726 3892 630
f 581 3518 580
f 10 3570 334
f 1837 3510 1849
f 741 3523 1300
f 1299 3558 2034
f 1851 3504 1866
f 3527 1820 1819
f 580 3536 1895
f 1758 3522 3502
f 1693 3508 1806
f 3504 1867 1866
f 1894 3568 3499
f 2126 3813 3841
f 3906 3841 3912
f 2113 3867 2110
f 2179 3789 3685
f 624 3904 623
f 2192 3788 3780
f 2177 3787 3733
f 1364 3833 1338
f 3858 1470 1453
f 3135 3775 3744
f 2069 3835 2068
f 1351 3853 1352
f 2108 3901 499
f 2089 3736 3733
f 3828 1358 866
f 2001 3783 2187
f 2187 3719 2091
f 2130 3752 2004
f 2004 3749 2001
f 2014 3779 2201
f 2201 3756 2130
f 3167 3759 2969
f 3168 3720 3167
f 3159 3764 3160
f 3160 3765 3081
f 3730 3158 337
f 3158 3709 3159
f 2200 3730 3722
f 3685 3742 2204
f 3722 2197 2200
f 3790 2092 3721
f 3774 3721 2197
f 3154 3790 3774
f 3155 3706 3154
f 2091 3721 2092
f 2196 3750 3776
f 2193 3776 3781
f 3604 3781 3788
f 2086 3780 3778
f 2087 3778 3777
f 2204 3751 2205
f 2205 3750 3148
f 3909 574 692
f 2124 3777 3760
f 2208 3760 3782
f 3711 3140 3137
f 3785 3138 3140
f 3745 3139 3138
f 3771 3136 2322
f 3712 3137 3136
f 3775 3131 3133
f 3767 3132 3131
f 1813 3838 1814
f 1293 3856 1344
f 2184 3748 3732
f 2181 3732 3734
f 3765 3079 3081
f 3768 3080 3079
f 709 3875 2031
f 2774 3737 3769
f 3786 2134 3559
f 3809 766 765
f 2968 3766 2959
f 2969 3784 2968
f 2958 3737 2961
f 2132 3766 2960
f 2321 3771 3748
f 3860 1449 28
f 3905 582 710
f 3886 577 574
f 3847 1818 3827
f 705 3887 2121
f 3816 3907 698
f 2111 3911 2113
f 3810 1366 1411
f 1812 3822 1815
f 675 3852 674
f 3496 3851 675
f 2110 3868 2109
f 2104 3901 2106
f 2109 3899 944
f 3842 703 739
f 1680 3846 1684
f 1639 3819 3818
f 623 3906 697
f 2139 3866 3865
f 1808 3844 3837
f 3820 1819 1820
f 3872 3900 706
f 1646 3830 1648
f 3889 633 577
f 2139 3875 18
f 2156 3871 3874
f 674 3913 3869
f 2117 3812 2069
f 1815 3847 3823
f 3855 1444 1470
f 697 3912 3816
f 866 3836 3828
f 3864 2136 2135
f 3585 3726 3589
f 3583 3731 3585
f 3753 3738 3739
f 3740 3581 3743
f 1088 3746 1093
f 3739 3743 3753
f 2791 3493 2792
f 3492 2807 3493
f 2792 3494 2909
f 3493 2806 3494
f 3508 3494 3516
f 3516 2806 3539
f 2948 3791 3801
f 2105 3896 2104
f 3538 3804 2805
f 680 3876 683
f 1891 3910 3891
f 2905 3801 2950
f 2900 3799 2905
f 2901 3807 2877
f 2734 3806 3794
f 2877 3806 2878
f 2820 3794 2872
f 2818 3792 2827
f 2823 3792 2826
f 2822 3798 2821
f 2819 3800 3798
f 2817 3795 2816
f 2809 3795 2815
f 2808 3803 2807
f 2805 3803 2804
f 1702 3923 1599
f 3922 1797 1802
f 3915 1706 1709
f 3918 1692 1698
f 1657 3880 1879
f 1890 3895 3910
f 3772 1674 1675
f 1689 3772 3773
f 3926 3538 1688
f 3516 1689 3773
f 3917 1703 1764
f 1598 3928 1770
f 3880 1876 1879
f 1691 3925 3927
f 3925 1688 1687
f 1117 1118 3930
f 1066 1322 3930
f 1243 847 3930
f 3825 848 3930
f 1128 1117 3930
f 1129 1130 3930
f 841 1011 3930
f 1230 3863 3930
f 1242 1243 3930
f 1322 1229 3930
f 1064 1065 3930
f 1003 1128 3930
f 1229 1230 3930
f 3863 1285 3930
f 1285 1288 3930
f 848 839 3930
f 847 3825 3930
f 1118 1129 3930
f 1065 1066 3930
f 1087 1086 3930
f 1008 1002 3930
f 1011 1008 3930
f 1002 1003 3930
f 1076 1069 3930
f 838 841 3930
f 839 838 3930
f 1288 1242 3930
f 1130 1087 3930
f 1086 1076 3930
f 1069 1064 3930
f 2410 2414 3931
f 2411 2410 3931
f 3617 2285 3931
f 2394 2393 3931
f 2393 2396 3931
f 2281 2286 3931
f 2282 2280 3931
f 2398 2399 3931
f 2465 2464 3931
f 2396 2397 3931
f 2470 2469 3931
f 2399 2416 3931
f 2480 2395 3931
f 2459 2480 3931
f 2369 2282 3931
f 2460 2459 3931
f 2415 2411 3931
f 2416 2415 3931
f 2364 2363 3931
f 2286 3617 3931
f 2464 2470 3931
f 2469 3703 3931
f 2285 2465 3931
f 2414 2364 3931
f 2395 2394 3931
f 2363 2367 3931
f 2397 2398 3931
f 2280 2281 3931
f 3703 2460 3931
f 2367 2369 3931
f 4 3 2
f 8 7 6
f 13 16 15
f 17 28 19
f 32 31 30
f 36 35 34
f 37 40 39
f 21 22 23
f 25 26 27
f 41 44 43
f 48 47 46
f 52 51 50
f 53 56 55
f 60 59 58
f 29 30 62
f 66 65 64
f 67 5 6
f 72 71 70
f 76 75 74
f 77 80 79
f 81 84 83
f 59 87 86
f 88 91 90
f 96 95 94
f 100 99 98
f 101 104 103
f 106 105 34
f 108 116 115
f 117 119 36
f 124 127 126
f 131 130 129
f 132 102 134
f 142 141 140
f 148 106 60
f 144 143 127
f 149 152 151
f 156 155 154
f 159 150 158
f 116 108 164
f 171 170 169
f 174 126 173
f 179 182 181
f 186 189 188
f 194 197 196
f 199 142 139
f 206 209 208
f 213 212 211
f 202 215 214
f 96 93 216
f 92 238 43
f 97 184 246
f 250 249 229
f 252 254 58
f 258 257 256
f 260 91 229
f 110 111 112
f 114 264 263
f 265 268 267
f 56 53 270
f 274 273 249
f 185 183 63
f 280 279 278
f 285 284 283
f 288 219 211
f 141 142 92
f 289 290 175
f 148 116 105
f 312 311 170
f 238 262 42
f 318 163 160
f 310 309 308
f 241 239 325
f 160 230 240
f 47 48 307
f 108 109 315
f 345 85 86
f 348 351 350
f 356 359 358
f 355 354 353
f 363 31 32
f 364 252 253
f 366 125 368
f 183 372 371
f 163 162 161
f 209 226 101
f 378 377 165
f 379 295 381
f 383 382 3
f 284 285 386
f 387 127 389
f 391 259 229
f 73 281 397
f 405 408 407
f 203 218 411
f 414 121 413
f 1 356 357
f 277 276 131
f 254 344 57
f 358 384 415
f 417 416 386
f 401 400 192
f 419 389 127
f 421 181 182
f 103 301 302
f 428 367 368
f 380 390 359
f 62 204 266
f 140 141 431
f 357 358 351
f 356 1 379
f 415 392 403
f 437 428 436
f 438 441 440
f 188 451 450
f 265 455 181
f 224 185 64
f 237 212 213
f 275 131 128
f 281 282 460
f 50 462 79
f 73 74 282
f 468 467 466
f 390 355 352
f 482 485 484
f 489 488 487
f 493 496 495
f 472 471 470
f 502 501 500
f 220 221 222
f 512 419 143
f 518 517 511
f 513 239 230
f 205 30 31
f 189 370 451
f 163 318 532
f 533 224 225
f 446 448 447
f 335 541 540
f 544 512 546
f 329 519 291
f 199 534 262
f 385 386 416
f 532 190 191
f 363 117 118
f 578 581 580
f 573 572 571
f 561 563 562
f 241 260 259
f 590 593 592
f 545 546 595
f 503 154 155
f 606 625 624
f 478 481 480
f 646 649 648
f 590 591 689
f 564 565 651
f 728 246 184
f 714 724 716
f 692 574 575
f 541 335 581
f 346 68 248
f 161 231 230
f 128 129 94
f 698 705 704
f 574 577 576
f 290 289 401
f 630 631 725
f 733 736 735
f 755 466 496
f 759 480 481
f 757 763 762
f 764 496 466
f 768 767 3808
f 759 760 488
f 492 474 475
f 474 770 769
f 773 468 465
f 771 774 486
f 484 485 775
f 774 776 489
f 495 496 764
f 495 757 761
f 137 397 784
f 325 239 797
f 165 519 51
f 369 32 29
f 730 731 568
f 90 302 301
f 243 118 516
f 800 734 806
f 817 815 808
f 816 808 823
f 306 303 447
f 815 810 809
f 829 830 828
f 726 725 501
f 274 427 424
f 879 882 881
f 884 883 879
f 219 218 217
f 906 905 904
f 455 204 205
f 898 882 830
f 903 900 880
f 377 291 519
f 923 949 948
f 946 947 951
f 3519 740 739
f 900 899 886
f 225 64 65
f 182 445 442
f 809 952 947
f 954 960 962
f 927 950 965
f 885 879 880
f 925 927 966
f 343 342 341
f 965 964 971
f 968 971 970
f 972 968 969
f 963 961 981
f 336 337 338
f 992 993 827
f 810 815 996
f 1007 1001 1002
f 1012 826 827
f 1011 1009 1007
f 294 293 292
f 907 908 920
f 1017 579 1019
f 1020 1023 1022
f 1035 1024 1020
f 1061 1060 1047
f 1063 1061 1046
f 1044 1020 1021
f 1102 1094 1097
f 1116 1126 1118
f 1016 1015 1014
f 881 897 904
f 816 1116 1127
f 1094 948 949
f 514 342 167
f 146 145 81
f 1133 1135 1130
f 1102 1133 1126
f 822 1126 1116
f 1145 1143 1148
f 1076 1144 1151
f 1148 1143 1086
f 1109 1097 1114
f 1154 1153 1156
f 1153 925 967
f 3464 3497 463
f 1144 1147 1152
f 1156 967 1163
f 1164 1162 1169
f 1145 1171 1176
f 1114 1115 1154
f 1183 1155 1164
f 1184 1183 1177
f 1069 1151 1062
f 1023 1191 1194
f 1162 1163 1170
f 1195 1184 1185
f 1183 1196 1176
f 1201 1063 1152
f 1061 1063 1201
f 3825 847 843
f 1203 1202 1195
f 1202 1201 1184
f 1218 1060 1203
f 1060 1061 1202
f 1225 1218 1217
f 671 695 694
f 1219 1217 1024
f 1217 1203 1034
f 1226 1014 1015
f 1243 1242 1234
f 1231 1230 1229
f 847 1243 1233
f 843 1233 1244
f 1233 1234 1245
f 1923 3761 233
f 2100 2108 499
f 3914 3864 2135
f 61 62 323
f 210 211 217
f 1299 1310 1309
f 3863 1230 1231
f 1066 1047 1321
f 1322 1321 1228
f 1060 1218 1321
f 1325 1324 1323
f 1244 1245 1332
f 1290 1234 1242
f 1337 1330 1339
f 1330 1332 1340
f 1341 1332 1245
f 1342 1340 1332
f 1343 1342 1341
f 1344 1341 1294
f 3857 3856 1345
f 1347 1348 1342
f 3856 3854 1295
f 1349 1350 1348
f 3861 1349 1347
f 3853 1347 1343
f 906 898 829
f 905 906 1353
f 865 1356 1355
f 1355 1353 829
f 1357 1355 825
f 1356 1354 1353
f 3834 1337 1338
f 866 1358 1356
f 1358 1359 1354
f 3828 878 1337
f 838 1362 1012
f 1363 1364 1338
f 1368 1363 1339
f 1348 1368 1340
f 1371 1369 3824
f 524 525 526
f 528 529 530
f 1372 1370 1369
f 535 536 537
f 1367 1368 1348
f 1370 1354 1359
f 1369 1359 3833
f 1373 910 903
f 555 556 557
f 1374 909 910
f 1373 904 905
f 1374 1373 1375
f 1375 905 1354
f 1378 920 908
f 376 373 651
f 1388 928 973
f 586 587 588
f 1390 1389 1388
f 1391 1388 969
f 597 598 599
f 600 601 602
f 1392 1391 970
f 608 609 610
f 612 524 523
f 614 615 616
f 617 618 25
f 620 621 622
f 1397 1390 1391
f 1398 1397 1392
f 1400 987 920
f 1402 1403 1165
f 636 637 638
f 930 1404 1402
f 641 642 643
f 929 1402 1169
f 1404 1405 1403
f 1411 1366 1365
f 1412 1406 1415
f 652 653 654
f 609 656 657
f 659 660 661
f 558 663 586
f 665 666 667
f 1413 1411 1406
f 1418 1416 3810
f 1417 1372 1371
f 1416 1371 3829
f 1419 1417 1416
f 1386 909 1374
f 677 678 679
f 1385 1386 1420
f 1420 1374 1376
f 685 686 687
f 1421 1420 1422
f 528 690 691
f 1422 1376 1372
f 1018 1019 747
f 699 700 701
f 1424 578 579
f 3663 1597 1767
f 700 699 711
f 1093 3746 3754
f 717 718 530
f 721 722 723
f 704 1650 3543
f 19 1429 1426
f 1429 1428 1427
f 1658 1659 3542
f 1439 1437 1434
f 1437 1436 1435
f 1426 1427 1433
f 1442 1431 1432
f 742 743 744
f 1432 1433 1441
f 751 752 753
f 1438 1434 1403
f 1446 1445 1444
f 1447 1448 1446
f 3860 1447 1443
f 1415 1367 1445
f 1414 1415 1446
f 2173 1683 469
f 777 778 779
f 780 781 782
f 1676 1693 1806
f 3859 1451 1349
f 789 790 791
f 745 792 793
f 652 794 795
f 1455 1458 1457
f 1454 1367 1350
f 610 691 802
f 3831 3816 698
f 1352 1044 1045
f 1015 1016 1459
f 811 812 813
f 2118 3815 3817
f 819 820 821
f 1466 1463 1194
f 1467 1468 1465
f 1182 1165 1468
f 832 812 833
f 835 836 837
f 1467 1466 1190
f 1469 1470 1444
f 840 700 712
f 1453 1470 1469
f 599 844 845
f 1226 1450 3849
f 851 852 853
f 855 744 856
f 858 859 860
f 861 862 863
f 1014 1226 3855
f 867 676 868
f 870 871 872
f 874 875 876
f 1310 1323 1471
f 1476 1433 1427
f 1461 1476 1475
f 887 888 889
f 788 791 892
f 894 895 896
f 1460 1475 1227
f 901 902 524
f 1465 1478 1477
f 1865 3503 3500
f 911 912 913
f 916 917 918
f 1850 3505 3507
f 921 922 895
f 1479 1435 1436
f 926 664 667
f 1481 562 563
f 269 1483 84
f 931 932 933
f 934 935 614
f 936 685 688
f 938 659 662
f 1484 270 122
f 941 942 835
f 320 321 509
f 1849 3510 3505
f 84 1483 1484
f 1487 1490 1488
f 1757 1758 3502
f 365 1492 1491
f 461 79 80
f 117 363 362
f 1494 540 541
f 926 601 957
f 1477 1441 1433
f 1709 1588 1585
f 119 117 1496
f 271 1497 504
f 511 517 189
f 345 1496 1492
f 57 344 299
f 1501 1499 268
f 267 268 1499
f 974 975 976
f 1678 1652 1693
f 3846 1682 1807
f 557 982 663
f 983 941 984
f 1443 1444 3849
f 421 1500 268
f 989 990 991
f 1490 1487 418
f 279 280 309
f 997 868 676
f 998 26 999
f 1504 418 38
f 1506 1508 1507
f 360 361 1508
f 1506 1486 207
f 939 1005 1006
f 270 1484 1483
f 66 63 546
f 1010 742 793
f 367 428 437
f 244 31 363
f 1670 3532 3534
f 209 206 1510
f 388 389 426
f 427 274 250
f 161 520 521
f 100 246 45
f 1025 1026 608
f 1029 1030 1031
f 939 662 1033
f 41 42 594
f 1036 780 783
f 702 701 1038
f 1040 1041 1042
f 362 32 369
f 187 1520 477
f 70 1487 539
f 1049 600 603
f 613 867 869
f 860 1050 1051
f 1005 1052 1053
f 753 1055 1056
f 1057 1058 1059
f 293 288 1522
f 288 212 1521
f 292 1522 1523
f 331 1507 1508
f 306 452 453
f 100 44 41
f 462 1524 78
f 330 331 1524
f 635 1067 1068
f 1485 1527 1526
f 206 1485 1528
f 1070 1071 1072
f 942 941 1073
f 916 933 1075
f 440 1529 1530
f 157 158 1514
f 1529 162 5
f 371 595 546
f 790 586 663
f 1077 858 857
f 1403 1434 1435
f 1080 1081 1082
f 531 520 1529
f 21 1083 1084
f 272 1532 1531
f 690 712 802
f 335 3571 3567
f 1090 1030 1029
f 1092 795 794
f 1533 396 137
f 661 660 1095
f 69 444 445
f 1099 1100 1101
f 38 39 1536
f 1104 1105 1106
f 852 1107 1108
f 1377 908 909
f 291 377 411
f 316 1536 516
f 539 1488 1533
f 1505 1536 316
f 1110 1111 1112
f 1539 1537 460
f 522 441 1537
f 834 837 1120
f 1122 1123 1124
f 612 1125 1041
f 935 793 615
f 276 278 130
f 1686 3549 3522
f 193 190 1541
f 231 521 1540
f 556 1037 982
f 365 253 85
f 190 532 318
f 1810 765 3574
f 3924 1867 3512
f 1132 983 985
f 208 101 102
f 1134 1033 662
f 1491 518 80
f 429 133 1542
f 1137 1138 915
f 172 436 428
f 1139 1140 1141
f 549 96 54
f 1517 1519 1518
f 834 1119 984
f 1543 513 286
f 1544 797 239
f 133 134 1544
f 506 361 257
f 420 327 328
f 1158 1159 1160
f 587 1104 1103
f 607 1161 1027
f 304 1546 1545
f 364 1491 77
f 69 70 198
f 700 840 1112
f 3877 626 3525
f 1166 719 657
f 1167 1168 858
f 1300 3523 3524
f 1172 1173 1174
f 218 203 200
f 1179 1180 1181
f 372 183 97
f 89 104 227
f 1186 1187 1188
f 172 173 1517
f 1482 84 81
f 1090 1192 1193
f 394 395 353
f 526 525 1198
f 1199 1200 1026
f 606 623 697
f 1204 1205 1206
f 1207 1208 523
f 1209 1210 867
f 914 913 685
f 1478 1436 1441
f 1029 1028 1161
f 1211 1212 1213
f 3858 1453 1451
f 844 1215 1216
f 423 193 273
f 1220 1221 1222
f 22 1223 1224
f 882 898 897
f 1519 1517 173
f 1189 1188 1232
f 349 350 550
f 1071 1235 1236
f 1237 1238 1239
f 1221 1186 1189
f 1510 1528 1512
f 939 1032 1241
f 1556 1530 5
f 1553 1554 394
f 404 1556 67
f 1247 1248 1249
f 142 199 238
f 1251 1067 635
f 850 1252 1253
f 1254 1167 1077
f 57 132 133
f 443 430 552
f 1187 1172 1175
f 1256 1070 831
f 432 405 382
f 741 748 747
f 434 350 351
f 349 432 383
f 251 124 1481
f 395 384 352
f 1518 1519 1550
f 1558 410 378
f 109 263 314
f 285 1514 1513
f 395 394 393
f 202 203 410
f 417 408 405
f 1246 1257 1258
f 3 1559 297
f 1259 1260 1261
f 403 404 347
f 955 954 953
f 462 50 51
f 1096 1095 687
f 429 147 60
f 896 1264 1265
f 1267 721 1268
f 423 424 327
f 37 179 180
f 20 23 1187
f 1256 1168 1071
f 1188 1175 1269
f 1236 1270 1271
f 1272 536 535
f 565 564 463
f 1273 792 745
f 876 1254 1255
f 316 33 164
f 437 1516 503
f 194 1494 1495
f 1275 1276 864
f 624 625 631
f 1277 1274 1137
f 569 568 567
f 1481 124 125
f 324 325 547
f 1279 1108 1107
f 1525 332 329
f 1281 1278 1137
f 171 168 1553
f 1488 73 396
f 1557 1561 1562
f 1282 856 1206
f 1053 1277 1278
f 778 777 607
f 713 583 3566
f 251 225 144
f 4 357 348
f 709 708 707
f 728 48 45
f 261 135 1563
f 789 1286 1287
f 74 314 263
f 403 284 385
f 1178 1181 1240
f 1223 1259 1289
f 1220 20 1186
f 296 1518 354
f 784 459 1538
f 1181 1180 1291
f 1269 1292 1257
f 1566 1538 438
f 136 784 1566
f 1563 1564 169
f 107 114 109
f 1297 1282 1298
f 1464 1477 1476
f 1520 187 507
f 1301 1302 1303
f 1306 1307 1308
f 175 456 1532
f 1532 456 200
f 1311 1266 1312
f 872 1314 1315
f 3836 843 878
f 1305 1308 864
f 1040 1275 863
f 1564 1566 399
f 592 1576 1575
f 591 1575 1088
f 1581 1584 1583
f 1196 1152 1147
f 710 582 583
f 285 407 408
f 953 954 961
f 1594 1592 1589
f 1585 1588 1587
f 1592 1591 1590
f 3885 945 944
f 1600 1599 1598
f 1604 1603 1602
f 1399 1392 979
f 1589 1590 1596
f 1610 1609 1608
f 298 257 361
f 551 552 276
f 1627 1626 3814
f 859 811 818
f 1078 857 1328
f 1555 439 1530
f 572 573 680
f 772 465 776
f 977 1281 918
f 404 403 392
f 1054 1331 750
f 1644 1645 1643
f 932 1265 1082
f 1067 1333 1334
f 1540 1539 264
f 597 1335 643
f 471 761 762
f 1642 696 3831
f 1644 1642 3842
f 923 946 950
f 96 549 548
f 520 531 522
f 445 444 443
f 849 839 848
f 480 759 755
f 1646 760 481
f 311 426 1567
f 464 463 3497
f 3497 1360 1361
f 234 237 236
f 190 193 192
f 153 154 152
f 231 287 286
f 1552 1553 1551
f 760 1646 1648
f 3832 1647 1649
f 828 827 826
f 52 167 166
f 1663 1662 1661
f 287 107 115
f 668 671 670
f 634 645 640
f 553 560 559
f 118 36 33
f 492 484 491
f 3552 1652 1651
f 582 589 584
f 384 395 392
f 1381 1382 1383
f 1562 1561 435
f 952 953 951
f 3529 3566 583
f 1660 1661 1667
f 1394 1395 1396
f 1660 1665 1664
f 1671 1670 1669
f 1624 1625 1673
f 1407 1408 1409
f 1677 1676 1675
f 1613 1679 1677
f 1679 1678 1676
f 1626 1681 3811
f 534 199 198
f 803 733 734
f 400 248 191
f 65 66 143
f 3526 1657 1656
f 402 159 157
f 629 628 627
f 461 477 49
f 758 757 495
f 796 787 786
f 406 407 1513
f 342 343 166
f 1694 1659 1658
f 1692 1687 1694
f 3557 1693 1652
f 3921 1704 1703
f 326 547 302
f 3916 3921 1702
f 3919 3918 1698
f 1699 1691 3927
f 1557 406 1560
f 1127 1116 1117
f 400 401 289
f 1706 1702 1707
f 1707 1702 1599
f 1709 1706 1708
f 1714 1712 1711
f 3919 3915 1709
f 1704 1711 1577
f 1716 1714 1713
f 1559 1562 1549
f 1722 1721 1720
f 1335 597 596
f 410 411 377
f 973 1170 1163
f 168 169 399
f 1571 682 1089
f 1572 681 682
f 749 646 647
f 1730 1724 1723
f 1594 1582 1729
f 1729 1723 1591
f 1384 1378 1377
f 1732 1731 1712
f 1724 1730 1731
f 1722 1724 1732
f 1721 1722 1733
f 1734 1733 1716
f 1735 1737 1736
f 1733 1732 1714
f 1663 1664 1741
f 1742 1665 1740
f 1738 1739 1737
f 1665 1660 1666
f 1665 1742 1744
f 1725 1726 1746
f 1591 1725 1745
f 1590 1745 1747
f 1745 1746 1748
f 1659 1688 3538
f 3287 1760 3545
f 1185 1177 1182
f 1664 1744 1749
f 1741 1749 1739
f 1746 1742 1743
f 1726 1744 1742
f 1115 924 1153
f 1654 3546 3575
f 1896 3562 3549
f 1720 1749 1744
f 1721 1739 1749
f 1750 1718 1701
f 1697 1736 1750
f 1151 1152 1063
f 1751 1752 1670
f 1695 1658 1752
f 961 962 986
f 1770 1769 1768
f 1766 1594 1593
f 1731 1759 1579
f 1579 1777 1774
f 3928 1772 1771
f 1764 1772 3928
f 1777 1776 1775
f 3762 3763 1699
f 1004 1127 1128
f 1774 1775 1771
f 987 1400 1399
f 1578 1774 1772
f 1783 1782 1781
f 1597 1598 1770
f 639 1878 3895
f 3928 3929 1769
f 1793 1792 1789
f 3929 3920 1798
f 3508 3516 3773
f 1802 1867 3924
f 1788 1790 1794
f 1793 1794 1795
f 3773 3772 1675
f 1584 1581 1783
f 1771 1797 3920
f 1801 1799 1798
f 1768 1769 1798
f 1775 1796 1797
f 508 514 515
f 1796 1803 1802
f 1800 1798 3920
f 1794 1805 1804
f 3532 1670 1752
f 485 1808 1807
f 3809 3844 1640
f 3837 3844 1810
f 485 482 1640
f 1690 1691 3770
f 487 488 1648
f 3839 1813 1816
f 3838 1811 1648
f 3839 1812 1811
f 1812 1809 487
f 1641 1809 767
f 465 466 755
f 767 1815 3823
f 3822 1816 3826
f 1809 1812 1815
f 3837 1653 1651
f 675 672 3541
f 1814 1649 1822
f 1821 1822 3821
f 1824 1822 1649
f 1827 1849 1850
f 1668 1669 1662
f 1779 1780 1848
f 1790 1827 1805
f 1833 1836 1853
f 3521 3506 693
f 1614 1615 1616
f 1852 1853 3498
f 1620 1621 1622
f 1855 1765 1574
f 1847 1852 3501
f 1766 1765 1855
f 1629 1630 1631
f 1633 1622 1634
f 1635 1636 1637
f 1848 1833 1852
f 1855 1861 1863
f 1803 1866 1867
f 1862 1863 1831
f 1782 1855 1862
f 3922 3924 1865
f 1873 1872 1870
f 1874 1869 799
f 2045 3878 3897
f 1219 1345 1295
f 1615 1614 1396
f 3884 3895 1877
f 645 3898 3786
f 1345 1219 1035
f 634 639 3884
f 15 1887 1327
f 3910 3895 1878
f 1894 604 605
f 3506 3551 627
f 3560 640 645
f 340 341 454
f 1897 194 195
f 1889 1882 1877
f 1901 94 129
f 196 749 754
f 1705 1704 3921
f 340 378 166
f 1570 1480 563
f 1904 1494 194
f 1781 1862 1832
f 1905 549 55
f 1000 994 995
f 986 919 920
f 1191 1185 1190
f 2094 2077 2075
f 1920 1921 1919
f 453 454 1912
f 1915 1919 1918
f 3882 2112 2106
f 1655 3575 3531
f 1916 1918 1926
f 704 3554 3561
f 278 1916 1925
f 3565 3564 1818
f 1097 949 1115
f 1927 1928 727
f 3578 3579 3654
f 1920 310 307
f 1929 307 48
f 503 504 1497
f 1902 1903 787
f 1816 1821 3820
f 1925 1926 1923
f 1535 1569 1568
f 254 252 258
f 1509 1497 366
f 119 86 35
f 219 288 293
f 141 46 47
f 542 205 244
f 1940 552 430
f 1779 1828 1827
f 1701 1710 3915
f 1661 3550 3515
f 270 53 754
f 197 1947 749
f 1727 1728 1212
f 53 54 232
f 1465 1468 1479
f 1284 3862 3854
f 1951 446 412
f 168 398 1554
f 1486 1485 206
f 506 77 78
f 994 1001 1007
f 951 953 963
f 1013 3859 3861
f 3826 3820 1820
f 1498 1909 1954
f 299 298 543
f 1754 1755 1756
f 1681 469 1683
f 1696 1694 1695
f 13 14 738
f 473 476 475
f 482 1641 768
f 204 62 30
f 1761 1762 820
f 611 1763 1125
f 1501 1503 1908
f 1074 1073 711
f 1960 1944 82
f 120 1956 1960
f 35 86 87
f 1773 1199 1025
f 1965 1545 1569
f 494 761 471
f 1966 1967 1969
f 446 1951 1971
f 174 368 125
f 1580 1579 1578
f 1785 1786 1787
f 1972 1546 304
f 1254 876 875
f 1973 341 342
f 321 1912 1973
f 1910 277 275
f 509 1973 514
f 1486 1507 1527
f 1974 1874 804
f 1977 1976 1974
f 1980 448 1966
f 379 1 2
f 1718 1715 1710
f 884 995 992
f 1680 1684 1678
f 902 990 525
f 344 255 256
f 135 138 137
f 448 446 1967
f 589 605 604
f 910 909 908
f 1981 1966 1968
f 1982 1981 1987
f 1988 1979 1987
f 1990 1988 1989
f 1991 1989 1993
f 322 321 320
f 992 828 830
f 1144 1076 1086
f 1995 1977 1978
f 1133 1129 1118
f 1997 1995 1994
f 870 1823 1335
f 805 806 1982
f 727 184 2000
f 1996 1994 1988
f 1994 1978 1979
f 1829 616 792
f 1830 1073 941
f 798 803 800
f 729 732 731
f 2011 2012 2023
f 1834 1835 846
f 402 283 284
f 2022 2023 2024
f 1838 718 989
f 810 955 952
f 1823 1839 1840
f 1430 1426 1432
f 1215 844 1841
f 1316 1208 873
f 2112 1401 1384
f 1842 1843 1844
f 1159 846 845
f 837 27 1846
f 1971 1951 2030
f 517 369 370
f 1471 2026 2027
f 3551 3525 626
f 2174 2175 770
f 935 934 1854
f 1613 1619 1611
f 1231 1228 1225
f 1856 1857 891
f 1300 1309 748
f 1150 1149 1858
f 1643 606 696
f 1215 1265 1264
f 1320 1860 902
f 1956 1943 1944
f 2031 668 669
f 2034 1325 1310
f 1879 1880 1656
f 40 245 242
f 1992 1993 2039
f 888 958 957
f 1882 1889 1996
f 1078 1138 1255
f 1871 912 1192
f 294 411 218
f 1323 2041 2026
f 123 1960 83
f 1324 2036 2041
f 384 358 359
f 1324 1325 2038
f 1883 1884 1885
f 287 1540 114
f 1096 1886 1134
f 915 1329 931
f 806 1980 1981
f 3533 3529 584
f 1425 2030 2042
f 1018 2042 1948
f 3562 1896 740
f 1948 2042 649
f 1881 1882 1990
f 1900 129 130
f 992 995 994
f 923 927 925
f 3878 2045 2047
f 1643 2048 625
f 2050 2052 2051
f 2045 1405 1404
f 3876 2047 945
f 1139 1080 1079
f 1037 1856 892
f 2055 2053 2057
f 1198 989 718
f 1619 2058 1612
f 2058 1605 1606
f 2059 2060 1607
f 2058 1619 1624
f 71 72 179
f 405 406 1557
f 322 1548 1972
f 2061 2052 2063
f 2066 2065 2067
f 2052 2061 2064
f 1609 1610 2066
f 1515 151 152
f 1009 827 993
f 1644 3843 3815
f 279 1915 1916
f 1285 3863 3862
f 1647 2066 1825
f 2056 2057 2067
f 319 320 1953
f 667 666 1913
f 2070 631 625
f 2052 2050 2055
f 2038 1654 1655
f 1606 1601 2073
f 1235 1917 1270
f 2072 2073 2075
f 2059 1606 2072
f 2074 2075 2077
f 1601 1602 2078
f 2049 2048 1643
f 1000 1004 1001
f 1089 943 684
f 1931 1286 1306
f 1462 1459 1021
f 1932 1933 1934
f 875 874 1846
f 1936 1051 1937
f 44 45 46
f 1534 1955 1956
f 1541 318 317
f 2081 2082 2084
f 146 1945 1959
f 1360 1941 1942
f 985 984 1032
f 1995 1997 1892
f 2079 2080 2082
f 2095 2096 2076
f 2081 2093 2078
f 2055 2050 2054
f 501 2096 2095
f 2097 2100 2099
f 2098 2099 2094
f 2140 2141 3893
f 2141 2046 3894
f 2051 2070 2048
f 592 2102 2101
f 2071 2064 2076
f 2102 2097 2098
f 593 2103 2102
f 1019 1895 746
f 1950 11 12
f 725 2071 2096
f 1385 2105 2104
f 1379 2104 2106
f 2107 2108 2100
f 3908 726 502
f 3896 502 499
f 940 1389 2109
f 928 929 1170
f 3868 590 684
f 1962 1963 1964
f 3878 680 573
f 2039 1993 1968
f 1389 1390 2110
f 1398 2111 2113
f 3757 3755 3753
f 3911 3883 2107
f 949 923 924
f 260 241 324
f 1390 1397 2113
f 2070 2051 2064
f 3867 3911 2103
f 2105 1385 1421
f 2114 1421 1423
f 3892 2114 2115
f 3908 2105 2114
f 554 2116 1902
f 972 1163 967
f 1765 1593 1573
f 1984 1985 1986
f 2053 2117 2069
f 3573 3556 724
f 1625 1677 1674
f 3881 3888 2119
f 3903 2115 2123
f 56 1954 1906
f 626 3877 3879
f 2001 2002 2003
f 3912 3841 2127
f 2006 2007 2008
f 2127 1413 1412
f 2014 2015 2016
f 2018 2019 2020
f 1495 1424 1947
f 1379 1377 1386
f 3814 3811 1680
f 2029 1885 1884
f 3902 2128 2120
f 629 3879 3914
f 682 683 943
f 724 1650 2121
f 1757 1819 3821
f 765 1810 3844
f 3851 714 715
f 706 707 3870
f 981 986 987
f 1457 1868 1656
f 2017 2016 2032
f 1458 1655 1868
f 1776 1777 1792
f 1959 1945 1946
f 3663 3715 3725
f 3913 3881 2122
f 1093 1089 689
f 966 965 968
f 3852 715 3881
f 2172 3577 2170
f 670 2138 2137
f 3761 787 1903
f 1429 19 28
f 964 963 978
f 3841 3813 1413
f 1473 1474 669
f 3834 3833 1359
f 2138 798 1870
f 1872 1473 2137
f 715 716 3888
f 1881 1991 1992
f 3843 3842 739
f 1837 1847 3513
f 253 58 59
f 1808 3837 3840
f 1647 3832 3818
f 3865 3866 671
f 2112 3882 3883
f 1405 2045 2044
f 3829 3824 1364
f 273 1541 391
f 576 632 3520
f 3875 3865 668
f 1430 1431 2140
f 2136 3850 3860
f 1430 2139 18
f 3893 3894 570
f 1442 1439 2046
f 1431 1442 2141
f 3869 3913 3850
f 3808 3823 1817
f 3866 3893 695
f 2142 2025 798
f 571 2143 2142
f 3819 3814 1618
f 2143 2022 2025
f 694 2142 2138
f 681 1572 2144
f 2144 2011 2022
f 328 210 457
f 1572 2010 2011
f 630 3892 3903
f 2085 2086 2087
f 2090 2091 2092
f 572 2144 2143
f 1875 1976 2153
f 1873 1875 2149
f 2103 2107 2097
f 2157 2043 2155
f 2128 1412 1414
f 3874 3871 589
f 3872 3870 628
f 2149 2153 2158
f 2159 2158 3905
f 698 3907 3902
f 3823 3847 3827
f 2158 2156 3874
f 1438 2044 2046
f 2035 2154 2160
f 2161 2160 3889
f 3871 3891 605
f 3873 17 18
f 370 29 61
f 649 1951 413
f 2153 2157 2156
f 1428 1429 1449
f 1490 76 73
f 3890 3905 710
f 2155 1891 3891
f 1456 1457 1880
f 2125 2088 2087
f 2160 2159 3890
f 300 1959 505
f 1064 1062 1046
f 2043 1892 1891
f 2129 2130 2004
f 2131 2132 2133
f 3848 3849 1450
f 1998 1975 804
f 3879 673 3864
f 474 492 490
f 1164 1165 1182
f 707 2162 3909
f 708 1472 2162
f 2162 2161 3886
f 548 549 1905
f 1145 1136 1114
f 705 2121 1650
f 2043 2157 1977
f 737 738 554
f 1034 1195 1191
f 458 1905 1907
f 195 196 232
f 2040 2039 1969
f 2145 2146 2147
f 2054 2050 2049
f 3832 1646 1639
f 9 12 11
f 252 364 506
f 472 478 479
f 1865 3924 3791
f 900 903 910
f 1941 2150 2151
f 1921 1928 1927
f 2163 1897 1898
f 271 156 153
f 1904 1326 12
f 282 263 264
f 1872 1873 2154
f 1326 1904 1897
f 628 692 693
f 1724 1722 1719
f 1549 1562 436
f 1582 1583 1730
f 1921 1920 1929
f 3563 3511 10
f 2152 2037 1950
f 475 772 774
f 769 2172 2171
f 2171 2165 476
f 476 773 772
f 1791 565 464
f 2166 2167 2168
f 595 371 372
f 483 1809 1641
f 762 2174 2173
f 771 483 484
f 486 487 1809
f 297 1549 1517
f 763 2175 2174
f 776 755 759
f 184 185 2176
f 412 447 303
f 2005 2176 185
f 3811 1681 1682
f 2164 2170 756
f 1472 2035 2161
f 950 951 964
f 2177 2178 2179
f 227 226 1510
f 2182 2183 2184
f 2186 2019 2018
f 1985 2182 2181
f 214 736 729
f 865 849 842
f 849 865 1357
f 559 3187 3188
f 16 13 737
f 560 553 498
f 3193 3196 3195
f 3200 3197 3198
f 3211 3214 3213
f 3215 3218 3217
f 2187 2188 2002
f 2169 2168 2189
f 2192 2086 2085
f 2193 2194 2195
f 2198 2199 2200
f 1998 1982 1979
f 3664 3665 3668
f 2116 1898 1903
f 1859 2006 2009
f 3904 2123 2126
f 1135 1148 1087
f 2201 2202 2015
f 1149 111 110
f 3221 3222 3218
f 2203 2204 2205
f 579 580 1895
f 1755 2207 2208
f 3891 3910 1893
f 1211 2151 2150
f 868 997 2210
f 944 945 930
f 2130 2129 2202
f 233 1903 1898
f 665 751 750
f 1167 1254 999
f 2211 2212 2213
f 2215 2216 2217
f 3867 593 590
f 2220 221 220
f 823 824 948
f 3225 3220 3227
f 266 204 455
f 3882 2108 2107
f 2221 2222 3519
f 2223 2224 2225
f 2207 2125 2124
f 673 674 3869
f 817 1000 996
f 2227 2228 2146
f 1947 1948 646
f 3900 2135 17
f 2229 1635 1638
f 1679 1613 1618
f 1637 2231 2232
f 2233 2234 1617
f 2231 2235 2236
f 1381 1638 2238
f 3586 2241 2242
f 1630 2234 2233
f 1681 1626 472
f 1408 1407 2243
f 3236 3239 3238
f 3232 3241 3240
f 1637 2230 2238
f 3237 3238 3233
f 1409 1408 1634
f 1380 1383 2247
f 1628 2248 2245
f 2249 1623 1622
f 1632 1634 1408
f 2248 1628 1631
f 2235 2231 1637
f 3245 3246 3199
f 631 2070 2071
f 515 167 52
f 782 781 2251
f 2253 2254 2255
f 397 281 459
f 1456 2039 2040
f 2040 2041 2036
f 1401 2112 2111
f 2041 2040 1970
f 1535 121 414
f 1586 1587 2080
f 2256 983 1132
f 1700 1699 3918
f 3815 1896 1686
f 1263 2256 1886
f 598 1841 844
f 2257 2258 2259
f 2258 2261 2262
f 2259 2262 2263
f 2260 2259 2216
f 1967 1971 1970
f 2212 1964 1963
f 922 921 2218
f 1312 1098 1101
f 1307 1306 1286
f 1548 1569 1546
f 2266 2267 2268
f 2265 2268 2270
f 2272 2265 2269
f 2273 2266 2265
f 2275 2276 2277
f 2278 2274 2277
f 2284 2285 3617
f 2287 2283 2286
f 2288 2289 2283
f 2290 2284 3639
f 2291 2292 2293
f 2295 2291 2294
f 2296 2297 2291
f 2297 2298 2292
f 2294 2293 2299
f 2279 2294 2300
f 2298 2301 2302
f 2292 2302 2303
f 2293 2303 2304
f 2304 2305 2306
f 2308 2309 2310
f 2302 2307 2310
f 2301 2311 2307
f 2312 2308 2307
f 2313 2314 2315
f 2318 2319 2320
f 3748 3771 2322
f 2324 2325 2273
f 2313 2324 2326
f 2328 2324 2313
f 2329 2325 2324
f 2331 2332 2333
f 2330 2333 2267
f 2325 2330 2266
f 2329 2331 2330
f 2333 2334 2335
f 2336 2334 2333
f 2338 2336 2332
f 2331 2339 2337
f 2329 2340 2339
f 2328 2341 2340
f 2316 2342 2341
f 2342 2316 2315
f 2344 2345 2346
f 2341 2344 2347
f 2342 2348 2344
f 2348 2349 2345
f 2350 2351 2352
f 2339 2350 2353
f 2340 2347 2350
f 2347 2346 2351
f 2337 2353 2354
f 2353 2352 2355
f 2356 2277 2276
f 2356 2357 2358
f 2356 2359 2296
f 2279 2277 2356
f 2360 2361 2270
f 2267 2335 2360
f 2362 2363 2364
f 2362 2365 2361
f 2366 2362 2358
f 2366 2367 2363
f 2357 2276 2368
f 2366 2368 2369
f 2276 2275 2370
f 2368 2370 2282
f 2372 2373 2374
f 2375 2376 2377
f 2378 2379 2380
f 2382 2378 2381
f 2384 2385 2378
f 2385 2386 2379
f 2388 2389 2390
f 2387 2390 2392
f 2393 2394 2387
f 2394 2395 2388
f 2186 2401 2402
f 2403 2404 2327
f 2272 2403 2326
f 2271 2405 2403
f 2405 2406 2404
f 2404 2407 2408
f 2409 2410 2411
f 2409 2412 2271
f 2413 2409 2269
f 2413 2414 2410
f 2417 2415 2416
f 2417 2418 2406
f 2412 2417 2405
f 2411 2415 2417
f 2406 2419 2407
f 3569 3520 632
f 2420 2398 2397
f 2420 2421 2423
f 2424 2420 2422
f 2424 2399 2398
f 2425 2391 2392
f 2421 2425 2426
f 2397 2396 2425
f 2396 2393 2391
f 2427 2314 2408
f 2430 2427 2428
f 2343 2315 2427
f 2432 2343 2430
f 2431 2430 2429
f 2435 2431 2433
f 2436 2432 2431
f 2428 2408 2407
f 2422 2437 2407
f 2438 2437 2422
f 2429 2428 2437
f 2440 2434 2433
f 2441 2439 2433
f 2442 2443 2439
f 2443 2444 2440
f 2445 2446 2444
f 2447 2445 2443
f 2383 2381 2445
f 2381 2380 2446
f 2448 2438 2423
f 2449 2448 2426
f 2441 2448 2449
f 2441 2429 2438
f 2449 2392 2390
f 2450 2390 2389
f 2447 2450 2451
f 2442 2449 2450
f 2451 2389 2453
f 2452 2453 2455
f 2382 2452 2454
f 2383 2451 2452
f 2456 2457 2373
f 2459 2460 2461
f 2463 2464 2465
f 2462 2465 2285
f 2466 2462 2284
f 2467 2463 2462
f 2461 2460 3703
f 2468 2469 2470
f 2472 2468 2471
f 2474 2461 3701
f 2475 2476 2477
f 2458 2455 2453
f 2479 2453 2389
f 2395 2480 2479
f 2480 2459 2458
f 2481 2482 2483
f 2484 113 2485
f 2471 2470 2464
f 2473 2471 2463
f 2487 2467 2466
f 2486 2466 2290
f 2490 2486 2488
f 2491 2487 2486
f 2492 2473 2467
f 2493 2492 2487
f 2494 2495 2492
f 2495 2472 2473
f 3690 2496 2474
f 3691 2497 2496
f 2498 2494 2493
f 2500 2498 2499
f 3700 3687 2498
f 3687 3691 2494
f 2306 2504 2278
f 2305 2505 2504
f 2504 2505 2507
f 2506 2507 2288
f 2274 2506 2508
f 2278 2504 2506
f 3633 3632 2489
f 3620 3633 2488
f 2507 2509 2289
f 2505 2510 2509
f 2508 2288 2287
f 2511 2287 2281
f 2370 2511 2280
f 2275 2508 2511
f 2512 2490 2489
f 2514 2512 2513
f 2517 2512 2514
f 2517 2491 2490
f 2499 2493 2491
f 2499 2517 2516
f 2510 2505 2519
f 2518 2519 2521
f 3616 2518 2520
f 3632 2510 2518
f 2522 2304 2303
f 2523 2522 2310
f 2305 2304 2522
f 2524 2522 2523
f 2519 2524 2525
f 2505 2305 2524
f 2308 2312 2527
f 2526 2527 2529
f 2531 2526 2528
f 2309 2308 2526
f 1214 2532 2151
f 2419 2406 2418
f 2533 2345 2349
f 2534 2533 2317
f 2535 2536 2533
f 2536 2346 2345
f 2537 2351 2346
f 2538 2537 2536
f 2539 2540 2537
f 2540 2352 2351
f 2312 2355 2541
f 2527 2541 2542
f 2543 2435 2434
f 2545 2543 2544
f 2319 2318 2543
f 2318 2436 2435
f 2514 2515 2548
f 2547 2548 2550
f 2552 2547 2549
f 2552 2516 2514
f 2520 2521 2554
f 2553 2554 2556
f 3590 2553 2555
f 3621 2520 2553
f 2523 2309 2531
f 2557 2531 2530
f 2525 2523 2557
f 2559 2557 2558
f 2554 2559 2560
f 2521 2525 2559
f 2561 2375 2007
f 2376 2562 2225
f 2564 2565 2566
f 2563 2566 338
f 2569 2563 2567
f 2570 2564 2563
f 2572 2573 2574
f 2571 2574 2576
f 2544 2571 2575
f 2544 2434 2572
f 2578 2570 2569
f 2579 2577 2569
f 2574 2577 2579
f 2573 2578 2577
f 2581 2582 2583
f 2584 2580 2583
f 3697 3675 2580
f 3676 2581 2580
f 2582 2516 2552
f 2583 2552 2551
f 2500 2501 2589
f 2590 2588 2589
f 3693 3695 2588
f 3695 3700 2500
f 2501 2516 2591
f 2592 2593 2594
f 2386 2385 2503
f 2596 2379 2386
f 2596 2374 2373
f 2599 2596 2597
f 2599 2380 2379
f 2600 2446 2380
f 2600 2599 2598
f 2603 2600 2601
f 2603 2444 2446
f 2604 2603 2602
f 2440 2604 2605
f 2444 2603 2604
f 2606 2582 2581
f 2606 2607 2590
f 2591 2516 2582
f 3676 2587 2456
f 3689 2456 2372
f 2478 2477 2608
f 2609 2610 2611
f 2564 2570 2613
f 2612 2613 2598
f 2457 2612 2597
f 2565 2564 2612
f 2614 2613 2570
f 2615 2614 2578
f 2602 2601 2614
f 2601 2598 2613
f 2572 2434 2605
f 2616 2605 2602
f 2573 2572 2616
f 1459 1016 1045
f 1265 1215 1079
f 1612 1608 1609
f 2067 2057 2069
f 1135 1109 1136
f 1938 1937 2618
f 95 548 458
f 2058 1607 1608
f 1454 1469 1445
f 655 2620 1048
f 722 1049 2621
f 1131 985 1033
f 562 1481 366
f 1723 1719 1725
f 1786 1123 1122
f 267 300 323
f 1325 2034 1654
f 1468 1165 1435
f 658 657 529
f 8 532 247
f 382 1557 1559
f 788 619 1307
f 940 930 929
f 911 2622 2623
f 2621 2620 655
f 2624 1857 2625
f 998 1846 27
f 635 638 2626
f 2627 641 644
f 2628 2627 1840
f 1200 1199 2627
f 1199 1773 641
f 1520 515 49
f 1452 1350 1349
f 2630 2631 1859
f 644 643 1335
f 1197 1198 717
f 2632 717 719
f 2628 2632 1166
f 2629 1197 2632
f 1762 2633 1050
f 1823 870 873
f 2634 2635 794
f 1042 794 2635
f 93 94 1901
f 2036 2038 1458
f 1527 332 1525
f 877 876 1274
f 134 409 797
f 1328 893 931
f 607 777 1091
f 1043 2635 2637
f 2636 2637 2639
f 1275 2636 2638
f 1275 1040 1043
f 1272 2624 2626
f 2640 2626 638
f 1110 2641 2640
f 536 1272 2640
f 1472 708 1474
f 2042 2030 1951
f 1058 1106 1105
f 2642 2623 2643
f 1192 2642 2644
f 912 2623 2642
f 3898 1657 3526
f 1049 1048 2620
f 616 1829 1885
f 1331 1913 666
f 990 989 1198
f 1911 1912 321
f 1298 1282 1205
f 76 1490 1504
f 1502 1500 421
f 610 609 658
f 1146 937 659
f 2646 911 914
f 1280 1239 1238
f 1453 1454 1452
f 835 942 1843
f 1271 1270 1173
f 1893 1878 1826
f 1050 2633 1937
f 2651 2652 814
f 1006 1053 1281
f 2653 1084 2654
f 1001 1004 1003
f 585 997 679
f 2624 1272 621
f 555 678 2028
f 1207 526 1197
f 1626 1627 478
f 426 389 419
f 1030 1193 1773
f 3898 645 634
f 534 1533 138
f 1125 1092 1042
f 333 228 88
f 569 1570 561
f 1489 2656 871
f 1857 2624 620
f 1673 1674 3770
f 622 861 864
f 619 788 891
f 261 544 545
f 393 1555 1556
f 2658 2659 2647
f 1075 2658 2657
f 1081 1080 2658
f 1080 1139 2659
f 2644 2643 1141
f 2660 1141 1140
f 642 2660 1336
f 1193 2644 2660
f 679 678 555
f 1503 1501 1500
f 1318 1317 1101
f 2661 2659 1139
f 2661 1142 2663
f 2662 2647 2659
f 2662 2663 2622
f 2664 2622 911
f 2648 2664 2646
f 2648 2647 2662
f 2083 2094 2093
f 1442 1440 1437
f 519 329 330
f 1885 2029 1209
f 799 800 805
f 1946 1943 1952
f 1302 1301 1253
f 566 2005 224
f 1389 940 928
f 683 682 681
f 836 835 1842
f 2665 1842 1845
f 2666 2665 1303
f 24 836 2665
f 831 1072 2650
f 1845 1844 1304
f 2010 2013 2012
f 1051 1936 2667
f 1522 1521 1511
f 531 440 441
f 1250 635 2625
f 2669 2625 1857
f 783 2669 1856
f 782 1250 2669
f 720 2670 2671
f 1055 1931 1930
f 1333 1067 1251
f 619 622 1308
f 652 655 2619
f 521 522 1539
f 1838 988 537
f 2672 537 536
f 1113 2672 2641
f 1113 527 1838
f 1016 1013 1351
f 3897 573 570
f 226 227 104
f 3564 3669 3827
f 1036 1037 1884
f 2674 1301 1304
f 2673 1304 1844
f 1334 2673 2675
f 1333 2674 2673
f 2676 702 1039
f 1843 2676 2675
f 942 1074 2676
f 1074 699 702
f 752 1057 1055
f 1200 1166 656
f 1120 1846 874
f 2677 874 877
f 1241 2677 1052
f 1119 1120 2677
f 1560 1513 151
f 1208 1316 611
f 215 735 736
f 1460 1459 1462
f 1208 1207 1839
f 854 856 1282
f 72 445 182
f 544 1563 1565
f 217 200 456
f 2047 1404 930
f 1204 2618 1937
f 913 777 686
f 840 527 1113
f 1531 729 730
f 2678 778 1283
f 601 667 1914
f 1537 1538 459
f 1819 1757 3509
f 991 1860 862
f 2679 711 1073
f 2680 1830 983
f 779 2680 2256
f 778 2678 2680
f 2678 2679 1830
f 180 542 245
f 1886 1132 1131
f 1138 1137 1274
f 1841 598 1140
f 75 313 314
f 193 423 420
f 2681 2682 1099
f 170 1567 1565
f 349 416 417
f 1121 1124 2684
f 547 797 409
f 123 122 121
f 2643 2663 1142
f 1542 1544 513
f 899 900 907
f 1210 677 676
f 791 663 982
f 24 27 837
f 893 896 932
f 1860 1320 863
f 535 538 862
f 1569 1548 1547
f 181 455 542
f 660 659 937
f 2013 567 568
f 887 890 2631
f 1524 1508 361
f 520 161 162
f 2653 855 854
f 1238 1237 2655
f 718 1838 527
f 1492 1493 518
f 792 616 615
f 599 846 1835
f 290 457 456
f 312 171 1552
f 1248 2687 1179
f 153 149 177
f 1240 1181 1222
f 1257 1292 1235
f 1291 1084 1083
f 1052 877 1277
f 743 742 2618
f 444 140 430
f 23 1224 1172
f 2687 2654 1180
f 102 103 409
f 1283 607 610
f 373 497 650
f 1180 2654 1084
f 855 2653 2655
f 1173 1270 1917
f 2689 850 853
f 2688 853 1108
f 2686 2688 1279
f 2687 2689 2688
f 2691 1302 1252
f 2690 1252 850
f 1248 2690 2689
f 1248 1247 2691
f 2692 617 24
f 2691 2692 2666
f 1247 1258 2692
f 1258 1168 617
f 394 1554 1555
f 2693 1260 1259
f 1072 1236 1262
f 1257 1071 1168
f 398 439 1555
f 871 1784 1314
f 1178 1232 1249
f 1224 1289 1173
f 1010 2617 2618
f 1175 1174 1292
f 2654 2687 2686
f 2694 1157 1216
f 71 418 1487
f 701 1112 1111
f 1072 1261 2649
f 1085 2695 22
f 895 2694 1264
f 1601 1606 1605
f 1259 1262 1271
f 21 20 1220
f 988 991 538
f 598 597 1336
f 1050 860 818
f 1298 2645 1761
f 1168 1167 618
f 858 1168 1256
f 39 242 516
f 2652 1761 819
f 313 316 315
f 2026 1970 1971
f 2656 1489 596
f 814 819 818
f 2696 2651 813
f 1260 2696 2649
f 2693 2697 2696
f 2697 1296 2651
f 381 355 390
f 3818 3819 1611
f 1475 1427 1428
f 1292 1174 1917
f 1551 353 354
f 1526 1525 1523
f 1593 1589 1595
f 1232 1269 1246
f 2695 2693 1223
f 2698 1297 1296
f 2698 2697 2693
f 2685 2698 2695
f 2685 854 1297
f 562 1497 271
f 2652 2651 1296
f 1365 1366 1364
f 1958 1946 1953
f 585 588 2210
f 1561 1560 1515
f 975 2648 1146
f 347 67 68
f 1038 1111 636
f 2700 781 780
f 2699 780 1036
f 2701 2699 1883
f 851 2700 2699
f 2674 1333 2251
f 2702 2251 781
f 1253 2702 2700
f 1301 2674 2702
f 1519 387 388
f 1273 1239 1280
f 2703 1280 1107
f 2701 2703 852
f 1829 1273 2703
f 91 260 326
f 1784 871 2656
f 2683 2684 2705
f 604 1894 3499
f 1669 3534 3548
f 2062 2063 2060
f 621 535 861
f 2023 731 732
f 686 779 1263
f 857 1051 2668
f 883 830 882
f 637 636 1111
f 2668 894 893
f 2667 921 894
f 1039 1038 1068
f 313 75 1504
f 1911 1972 305
f 1936 2706 1964
f 2707 2402 2401
f 2708 2707 2183
f 738 2163 2116
f 2349 2348 2432
f 2711 2712 2020
f 2400 2711 2019
f 2714 2715 2716
f 2717 2718 2719
f 2721 2722 2723
f 2726 2727 2728
f 2725 2728 2730
f 2731 2725 2729
f 2732 2726 2725
f 2734 2735 2736
f 2738 2739 2740
f 2737 2740 2741
f 2744 2745 2746
f 2745 2744 2748
f 2749 2750 2747
f 2753 2749 2751
f 2250 1380 2246
f 2754 1396 1614
f 3598 2754 2755
f 3608 2745 2747
f 1617 2756 2755
f 2242 2758 1620
f 2191 2085 2760
f 2761 2759 2760
f 3648 2759 2761
f 3623 2191 2759
f 3209 3248 3223
f 1395 1394 2236
f 1395 2235 1636
f 1616 1635 2229
f 1617 2234 2763
f 2756 2763 3628
f 2765 2763 2234
f 2766 2764 3628
f 3202 3199 3246
f 1516 437 435
f 2768 2769 3552
f 1495 541 578
f 2135 2136 28
f 3526 3540 2773
f 1690 1689 3926
f 2778 2779 2780
f 2777 2780 2781
f 2784 2778 2777
f 3555 3521 575
f 1494 1904 9
f 3529 2016 2015
f 451 61 505
f 2786 2787 2788
f 2779 2786 2785
f 2789 2752 2741
f 2790 2753 2752
f 2792 2793 2794
f 2793 2795 2796
f 2796 2797 2750
f 2794 2796 2749
f 2798 1393 1396
f 3591 2798 2754
f 2798 2799 2800
f 3591 3662 2799
f 2797 2796 2795
f 2791 2794 2753
f 216 233 232
f 3804 2806 2807
f 3805 2809 2804
f 2769 2810 3557
f 183 185 184
f 2811 2812 2775
f 2804 2811 2776
f 2809 2813 2811
f 2812 2811 2813
f 3805 2808 2816
f 3796 2818 2815
f 3798 3800 2820
f 3793 2823 2819
f 2824 2736 2735
f 2823 2825 2824
f 2825 2823 2826
f 3793 2822 2827
f 3796 2817 2826
f 2713 2716 2829
f 2828 2829 2831
f 2822 2821 2828
f 2821 2820 2713
f 2832 2827 2822
f 2833 2832 2830
f 2834 2835 2832
f 2835 2818 2827
f 2837 2838 2839
f 2836 2839 2841
f 2842 2836 2840
f 2843 2837 2836
f 2840 2841 2845
f 2718 2844 2845
f 2730 2728 2844
f 2727 2840 2844
f 2846 2845 2841
f 2829 2846 2847
f 2847 2841 2839
f 2848 2839 2838
f 2833 2848 2849
f 2831 2847 2848
f 2850 2814 2851
f 2853 2850 2852
f 2783 2777 2782
f 2785 2788 2853
f 2780 2785 2856
f 2857 2858 2855
f 2859 2857 2782
f 2861 2843 2842
f 2860 2842 2727
f 2862 2860 2726
f 2863 2861 2860
f 2861 2863 2858
f 2843 2861 2857
f 2856 2853 2854
f 2781 2856 2864
f 2837 2843 2859
f 2838 2837 2864
f 2852 2851 2834
f 2854 2852 2849
f 2865 2815 2818
f 2851 2865 2835
f 2813 2809 2815
f 2814 2813 2865
f 2866 2812 2814
f 2788 2866 2850
f 2866 2788 2787
f 2812 2866 2867
f 1892 1889 1890
f 2720 2719 2846
f 298 299 256
f 2872 2714 2713
f 3794 3800 2735
f 2729 2730 2874
f 2846 2716 2715
f 2876 2877 2878
f 2733 2875 2878
f 3806 3807 2879
f 3806 2880 2872
f 2882 2883 2884
f 2881 2884 2715
f 2880 2881 2714
f 2879 2882 2881
f 2885 2886 2887
f 2888 2889 2890
f 2885 2890 2892
f 2893 2886 2885
f 1942 2151 2532
f 2895 2892 2720
f 2884 2895 2870
f 2883 2896 2895
f 2896 2891 2892
f 2889 2874 2717
f 2890 2717 2720
f 2897 2893 2891
f 2898 2897 2896
f 2899 2898 2883
f 2900 2899 2882
f 3797 2900 2879
f 2876 2902 2901
f 2901 2902 2904
f 1785 2656 1835
f 2905 2906 2899
f 2907 2908 2897
f 3797 2901 2903
f 632 576 577
f 3532 3547 2867
f 434 385 550
f 2768 2770 3640
f 2910 2911 1623
f 2241 2912 2758
f 3640 2770 2913
f 1623 2911 2757
f 3587 2242 2757
f 2229 1381 1380
f 2765 1630 1629
f 2915 2914 1629
f 3642 3641 2914
f 3641 3622 2765
f 2919 2916 3642
f 2918 2915 2912
f 3614 2918 2241
f 3618 2919 3613
f 3541 2177 2180
f 3521 2002 2188
f 3705 3573 714
f 2925 2766 2917
f 2924 2917 2916
f 3610 2924 2919
f 3611 2925 2924
f 2926 2927 2766
f 3658 2926 2925
f 1715 1713 1705
f 785 497 498
f 1387 651 565
f 374 375 1899
f 3573 2203 2206
f 2929 2930 2886
f 2932 2933 2934
f 1905 1906 1908
f 2930 2935 2936
f 2938 2935 2930
f 1493 369 517
f 1603 1585 1586
f 2939 2938 2929
f 2940 2939 2908
f 3665 1707 1600
f 2886 2930 2937
f 2906 2907 2898
f 2908 2929 2893
f 2942 2934 2933
f 2941 2933 2937
f 3501 2941 2936
f 3498 2942 2941
f 2943 2944 2710
f 2943 2873 2874
f 2945 2943 2889
f 2946 2944 2943
f 2932 2945 2888
f 2931 2946 2945
f 727 1928 1929
f 2903 2904 2947
f 545 594 42
f 1480 1570 533
f 2907 2906 2949
f 2906 2905 2950
f 1558 452 215
f 3799 2903 2948
f 2054 1645 1644
f 3705 3684 2203
f 1828 1837 1849
f 2953 2954 2955
f 2952 2955 2957
f 2956 2261 2258
f 2953 2952 2258
f 2454 2455 2474
f 3747 2958 2959
f 3747 2132 2131
f 2961 2962 2963
f 2958 2963 2964
f 222 221 2485
f 2477 2226 2966
f 2631 2561 2006
f 2384 2454 2496
f 2967 2968 2959
f 2968 2967 2970
f 3759 2033 2971
f 3784 2971 2960
f 2972 2971 2033
f 2007 2377 2973
f 3560 3559 2134
f 1836 1833 1832
f 3506 2188 2090
f 955 810 959
f 672 675 674
f 633 710 713
f 2024 732 733
f 2025 2024 803
f 425 1552 1550
f 2975 2976 888
f 1319 1158 1157
f 1212 1935 2977
f 889 957 2228
f 1978 1974 1975
f 1138 1078 1329
f 751 665 2979
f 1619 1613 1625
f 2252 2255 1728
f 1157 1160 845
f 2706 1936 1938
f 2980 2255 2254
f 2982 2975 887
f 802 712 711
f 678 677 2029
f 527 840 690
f 1839 1207 2629
f 2983 2984 602
f 2983 1914 1913
f 2985 2983 1331
f 2986 2984 2983
f 2987 2637 2635
f 2985 2988 2639
f 2990 1319 1318
f 2991 2992 2993
f 2995 2991 2994
f 1106 1058 2991
f 1058 1057 2992
f 1415 1406 1365
f 1317 922 2217
f 1932 1728 2255
f 926 2998 2999
f 3001 2993 2992
f 3000 2992 1057
f 2999 3000 2978
f 2998 3001 3000
f 3002 2998 2209
f 3002 3003 2996
f 2993 3001 3002
f 1103 1106 2995
f 3004 2995 2996
f 2209 2210 3004
f 588 1103 3004
f 295 296 433
f 2638 2639 2988
f 3005 2988 1056
f 1305 3005 1930
f 1276 2638 3005
f 1987 1968 1993
f 2633 1762 1761
f 1423 1422 1417
f 3561 3517 739
f 2671 2670 2704
f 1473 1872 2035
f 922 1317 2694
f 1401 1400 1378
f 556 2028 1884
f 842 848 3825
f 1854 2706 2617
f 933 1082 1081
f 1440 1441 1436
f 529 657 719
f 1031 1025 1027
f 777 913 912
f 2645 1205 1204
f 441 438 1538
f 790 1287 587
f 2065 2066 1610
f 1860 991 990
f 60 106 87
f 1424 1017 1948
f 332 1527 1507
f 261 262 138
f 187 188 449
f 1719 1720 1726
f 1931 1055 1059
f 3006 1059 1105
f 1287 3006 1104
f 1286 1931 3006
f 3007 3008 3009
f 3009 3008 653
f 618 999 26
f 2029 677 1210
f 957 601 600
f 1049 2146 2228
f 2631 890 3011
f 890 889 2227
f 3011 2227 2145
f 2561 3011 3012
f 1026 656 609
f 2706 1854 1961
f 3013 2965 2485
f 2148 2147 1267
f 3015 1267 1266
f 2997 2264 1101
f 642 641 1773
f 186 477 461
f 1041 1040 1320
f 1121 3016 3017
f 2984 2986 2987
f 3018 2987 2634
f 1048 603 3018
f 603 602 2984
f 2679 2678 801
f 2062 2072 2074
f 2061 2074 2076
f 414 303 1545
f 3016 1121 2683
f 3019 2683 2704
f 3020 3019 2670
f 3007 3016 3019
f 1871 1090 1091
f 3021 1787 1122
f 3022 3021 3017
f 1314 3021 3022
f 1784 1787 3021
f 1316 1315 1763
f 3023 3022 3010
f 3023 3009 795
f 1763 3023 1092
f 1315 3022 3023
f 3016 3007 3010
f 752 751 2978
f 2986 2639 2637
f 3024 654 653
f 3020 3024 3008
f 720 723 3024
f 723 2621 654
f 2681 1098 1268
f 2671 3025 1268
f 2705 2681 3025
f 1313 3026 3027
f 3026 3028 3029
f 3027 3029 3030
f 1311 3027 3031
f 2012 568 731
f 917 2657 974
f 743 1206 856
f 1888 2027 2030
f 2682 2705 2684
f 3032 2684 1124
f 1100 3032 2989
f 1099 2682 3032
f 1123 2990 2989
f 3033 1834 1159
f 2990 3033 1158
f 1123 1786 3033
f 1786 1785 1834
f 1054 1056 2988
f 2979 665 664
f 2623 2622 2663
f 1095 660 688
f 3034 3035 2261
f 3036 3034 2956
f 3037 3038 3034
f 3038 3039 3035
f 3040 3041 3026
f 2263 3042 3041
f 3042 3039 3043
f 3041 3043 3028
f 3044 3045 3043
f 3046 3047 3045
f 3047 3048 3049
f 3043 3045 3049
f 3038 3037 3051
f 3050 3051 3053
f 3052 3046 3044
f 3039 3038 3050
f 3054 3035 3039
f 3042 2263 2262
f 2261 3035 3054
f 2216 2263 2997
f 2212 2211 2667
f 3056 868 2209
f 934 3057 1961
f 2013 3755 3757
f 3058 3059 3060
f 3059 3062 3063
f 3060 3063 2213
f 3061 3060 1963
f 3063 3064 2214
f 3062 3065 3064
f 3065 2257 2260
f 3064 2260 2215
f 3066 3067 3031
f 2608 2966 3067
f 2966 2562 3068
f 3031 3067 3068
f 2455 2458 2461
f 2476 2223 2226
f 3551 2090 2089
f 3526 2774 3769
f 433 354 355
f 2115 1423 1419
f 3509 2868 2922
f 3769 3737 2131
f 3069 2611 2167
f 2971 2972 2928
f 2961 2774 2773
f 3070 2475 2478
f 2610 2609 3071
f 2502 2371 2374
f 3072 2592 2595
f 2964 3046 3052
f 3048 2593 3074
f 2593 2592 3075
f 3075 3030 3029
f 3074 3029 3028
f 3072 3076 3075
f 3076 3072 2482
f 2481 2608 3066
f 3076 3066 3030
f 2967 3052 3053
f 2482 3072 3073
f 479 480 493
f 706 3900 3873
f 3561 2194 2221
f 2013 2010 3754
f 3533 2032 2016
f 3562 3519 2222
f 1171 1154 1155
f 2586 2566 2565
f 2982 110 113
f 2562 2376 3077
f 2376 2375 3012
f 3012 2145 2148
f 3077 2148 3015
f 2963 3047 3046
f 3051 3078 2970
f 1683 2173 491
f 3850 2122 1447
f 1986 2181 3734
f 3079 3080 2546
f 3081 3079 2575
f 1983 1986 3768
f 3082 2323 2319
f 3080 3082 2545
f 3734 3732 3082
f 3732 3748 2323
f 1309 1471 1888
f 3073 2595 2772
f 2760 3083 3084
f 2760 2085 2088
f 3085 3084 3086
f 3089 3085 3090
f 3089 2762 3084
f 3092 3088 3090
f 3093 2748 2744
f 2751 2747 2748
f 3093 2741 2752
f 2742 2741 3093
f 3094 3093 2743
f 3096 3097 3098
f 3099 3096 3087
f 3097 3094 3095
f 3100 2743 2746
f 3101 2927 3102
f 2764 2766 2927
f 2745 2764 3101
f 3102 3092 3091
f 3100 3091 3095
f 2869 2802 3592
f 3102 3103 3104
f 3658 2868 2869
f 2927 2926 3103
f 3098 3095 3091
f 3087 3098 3090
f 2088 2125 3105
f 3083 3105 3086
f 2483 3073 2771
f 2401 2186 2185
f 3099 3086 3105
f 2125 2207 3106
f 3108 2737 2742
f 3107 2742 3094
f 3110 3108 3107
f 3109 3107 3097
f 3111 3109 3096
f 3112 3110 3109
f 3113 2738 2737
f 3115 2723 2722
f 3117 3115 3114
f 3119 3117 3116
f 3118 3116 3120
f 3116 3114 3113
f 3122 3112 3111
f 3122 3123 1755
f 3124 3125 3126
f 3125 3118 3121
f 3128 3119 3118
f 3129 3128 3125
f 2020 2712 3128
f 3853 3857 1346
f 1065 1046 1047
f 1814 3838 3830
f 2021 2020 3129
f 3111 3099 3106
f 3123 3106 2207
f 2377 2225 2224
f 3014 2485 113
f 1756 2208 3782
f 3131 3132 2530
f 3133 3131 2528
f 1753 1756 3767
f 3134 3124 3127
f 2327 2408 2314
f 2436 2318 2317
f 2018 2021 3711
f 2534 3136 3137
f 2320 2322 3136
f 2185 2018 3712
f 3138 3139 2542
f 3134 3135 3744
f 3785 3130 3134
f 3140 3138 2539
f 2535 3137 3140
f 3711 2021 3130
f 2558 2530 3132
f 3782 3760 3141
f 2560 2558 3141
f 3760 3777 3142
f 958 888 2976
f 1933 1932 2980
f 2399 2424 2418
f 2348 2342 2343
f 2322 2320 2319
f 2718 2717 2874
f 2709 2729 2873
f 2894 2871 1361
f 346 289 176
f 1876 1877 1882
f 2802 2803 3607
f 3104 3144 3088
f 2974 2222 3649
f 3089 3145 2761
f 3088 3144 3145
f 2803 2974 3603
f 3870 3909 692
f 2123 1419 1418
f 1365 1363 1368
f 1581 1766 1782
f 3569 2202 2129
f 3555 2003 2002
f 3146 2585 2551
f 3751 3146 3147
f 3742 3149 3146
f 3149 2584 2585
f 3196 3198 3197
f 3604 2192 2191
f 3142 3150 2556
f 3777 3778 3150
f 3646 3152 2550
f 3150 3151 2555
f 3778 3780 3151
f 3788 3781 3152
f 3153 3147 2551
f 3152 3153 2549
f 3781 3776 3153
f 3776 3750 3147
f 3148 2767 2206
f 2183 2401 2321
f 2132 2960 2928
f 3684 3685 2204
f 3719 2198 2197
f 2594 2962 2773
f 2595 2594 2951
f 1870 798 799
f 3713 2179 2178
f 3706 2178 3736
f 336 3154 3774
f 339 3155 3154
f 3789 3683 3149
f 3683 3697 2584
f 2963 2962 3048
f 3722 3730 337
f 339 338 2566
f 3156 3157 2168
f 2610 3156 2167
f 2954 2953 3156
f 3157 3156 2953
f 3707 2166 2169
f 2567 3158 3159
f 337 3158 2567
f 3730 3069 2166
f 3764 2190 1983
f 2579 3160 3081
f 2568 3159 3160
f 3709 2169 2190
f 3065 3062 3162
f 3161 3162 1984
f 3157 3161 2189
f 2257 3065 3161
f 734 735 1922
f 3059 3058 2708
f 3163 2708 2182
f 3162 3163 1985
f 3062 3059 3163
f 3203 3206 3205
f 2122 2119 1448
f 3817 1686 1685
f 139 140 444
f 1570 569 566
f 2957 3164 3165
f 2955 3166 3164
f 1912 454 341
f 3130 3129 3124
f 1548 322 319
f 1949 1950 1327
f 2969 2970 3078
f 3167 3078 3169
f 3724 2014 2017
f 3720 2017 2033
f 3168 3169 3165
f 3170 3165 3164
f 3779 3170 3171
f 3724 3168 3170
f 3171 3164 3166
f 3172 3166 3071
f 3752 3172 3173
f 3756 3171 3172
f 3169 3037 3036
f 2593 3048 2962
f 3173 3071 2609
f 3174 2609 2199
f 3783 3174 2198
f 3749 3173 3174
f 2190 2189 1984
f 2196 2195 2767
f 2119 2120 1414
f 1464 1463 1466
f 2199 2611 3069
f 2457 2456 2587
f 2226 2225 2562
f 481 478 1627
f 333 1512 235
f 3078 3051 3037
f 3040 2264 2997
f 2219 1934 1933
f 2385 2384 2497
f 221 2220 3175
f 2220 1933 3143
f 3175 3143 2976
f 2484 3175 2975
f 2954 3071 3166
f 2630 1858 110
f 1547 319 1952
f 2091 2090 2188
f 3733 3736 2178
f 1918 1919 1927
f 3563 112 111
f 955 956 960
f 2037 3014 112
f 3143 2980 2981
f 2218 2211 2214
f 672 3877 3787
f 2152 3013 3014
f 1147 1144 1143
f 2248 2246 1409
f 1615 1636 1635
f 1410 1409 2246
f 3241 3243 3242
f 1382 3176 3177
f 3177 1410 2247
f 2247 1383 3177
f 3176 2238 2230
f 1410 3177 3179
f 3179 3180 2243
f 1633 3181 2800
f 1621 1620 2758
f 1622 1621 2245
f 2236 1394 3181
f 2237 2236 3182
f 2250 1631 2233
f 2912 1629 1628
f 135 136 1564
f 1567 419 512
f 1085 1084 2653
f 3184 869 868
f 869 3184 3057
f 1266 1268 1098
f 1267 2147 722
f 937 1146 2646
f 2146 1049 722
f 2211 2218 921
f 1957 510 507
f 1313 1312 2264
f 1496 362 1493
f 2887 2937 2933
f 1687 1688 1659
f 145 1499 1498
f 37 38 418
f 1935 1934 3185
f 104 89 301
f 2101 2098 2083
f 543 298 360
f 1934 2219 3186
f 234 1521 212
f 3845 3821 1822
f 1976 1875 1874
f 223 3186 2219
f 3655 3656 3605
f 2165 2164 467
f 467 468 2165
f 773 476 2165
f 1935 1212 1728
f 3240 3225 3226
f 3261 3249 3250
f 3215 3216 3244
f 3265 3221 3215
f 3267 3245 3198
f 3205 3206 3269
f 3214 3211 3265
f 3271 3213 3214
f 3251 3252 3239
f 3222 3221 3266
f 3232 3235 3234
f 3216 3242 3243
f 3196 3193 3268
f 3244 3243 3254
f 3238 3239 3247
f 3264 3244 3255
f 3253 3242 3216
f 3211 3266 3221
f 3257 3217 3218
f 3258 3222 3272
f 3274 3275 3280
f 3228 3229 3262
f 3275 3231 3281
f 3226 3227 3273
f 3236 3263 3260
f 3281 3263 3236
f 3287 3271 3192
f 3235 3226 3280
f 3234 3280 3281
f 3288 3290 3259
f 3260 3250 3276
f 3289 3212 3278
f 3210 3209 3224
f 3199 3202 3201
f 3228 3231 3230
f 3290 3288 3285
f 3282 3279 3271
f 3260 3263 3262
f 3243 3241 3268
f 3267 3268 3241
f 3194 3207 3208
f 3191 3270 3269
f 3270 3191 3192
f 3275 3274 3230
f 3264 3269 3270
f 3252 3251 3276
f 3248 3252 3291
f 3213 3271 3279
f 3272 3266 3289
f 3277 3278 3212
f 3228 3263 3281
f 3220 3225 3253
f 3219 3253 3217
f 3256 3218 3222
f 3247 3239 3252
f 3245 3267 3232
f 3266 3211 3212
f 3208 3205 3255
f 3288 3289 3284
f 3204 3205 3208
f 560 1899 3187
f 3209 3210 3201
f 3189 3192 3191
f 448 1980 807
f 647 648 122
f 1833 1848 1780
f 510 509 508
f 3210 1949 1887
f 1887 15 3200
f 15 16 3197
f 16 3188 3195
f 3195 3188 3187
f 3194 3187 1899
f 3207 1899 375
f 387 173 126
f 3189 1791 1760
f 3577 763 757
f 763 3577 2172
f 3583 3582 3580
f 3581 3580 3579
f 3594 3597 3596
f 3400 3601 3602
f 3626 3624 3625
f 3631 3635 3599
f 3636 3637 3595
f 3647 3584 3588
f 3650 3582 3584
f 3653 3579 3580
f 3653 2176 3654
f 1801 1864 3656
f 3651 3580 3582
f 3644 3638 3595
f 1767 1768 3659
f 1597 3663 3661
f 1708 1707 3665
f 3671 3668 3667
f 3666 3667 3673
f 1588 1708 3664
f 2080 3671 3666
f 2082 3666 3672
f 3674 3677 3635
f 3677 3678 3636
f 3682 3647 3645
f 3692 3651 3650
f 3681 3645 3644
f 786 3694 3692
f 3694 3653 3651
f 785 3692 3686
f 497 3686 3682
f 650 3682 3681
f 3696 564 3681
f 3405 3606 3605
f 3702 3699 3678
f 3699 3698 3679
f 3645 3588 3638
f 1799 3657 3659
f 3708 3704 3458
f 3462 3710 3708
f 3714 463 564
f 3615 3606 3602
f 3710 3714 3696
f 3635 3636 3596
f 3629 3626 3627
f 3597 3600 3599
f 3630 3716 3715
f 3627 3625 3597
f 3717 3716 3723
f 3715 3663 3660
f 3716 3717 3725
f 3668 3665 3661
f 3668 3725 3717
f 3667 3717 3718
f 3727 3728 3673
f 3728 1576 3672
f 3726 3727 3718
f 1576 2101 2084
f 3727 3726 3731
f 3203 376 1387
f 3190 1387 1791
f 3283 2152 1949
f 317 240 259
f 2000 2176 3653
f 3601 3599 3600
f 3589 3588 3584
f 3577 758 756
f 3585 3584 3582
f 3678 3679 3637
f 3204 375 376
f 1801 3655 3657
f 3729 3735 3728
f 1575 3735 3738
f 3735 1575 1576
f 1776 1795 1796
f 1293 1294 1290
f 1326 14 1327
f 1294 1245 1234
f 878 1244 1330
f 497 373 374
f 122 648 413
f 3699 3702 3704
f 3606 3405 3401
f 3708 3710 3698
f 3464 3714 3710
f 3704 3674 3443
f 439 398 399
f 1512 1528 1526
f 1668 1741 1738
f 839 849 1362
f 1362 1357 826
f 3843 740 1896
f 2053 2054 2118
f 3888 3887 2120
f 696 697 3816
f 1826 1878 639
f 3740 3739 3729
f 956 885 886
f 1980 806 1922
f 33 34 105
f 1343 1344 3856
f 3907 2127 2128
f 1766 1581 1582
f 14 1326 2163
f 595 98 99
f 3233 3238 3246
f 1346 1035 1044
f 748 1888 1425
f 3193 3208 3254
f 3190 3191 3206
f 3612 3605 3606
f 3624 3612 3615
f 3631 3415 3443
f 3679 3680 3644
f 3686 3650 3647
f 3702 3677 3674
f 3625 3615 3600
f 3601 3400 3415
f 3739 3738 3735
f 3630 3627 3594
f 3741 3723 3716
f 1284 1290 1288
f 3698 3696 3680
f 1778 1781 1780
f 1792 1759 1584
f 695 570 571
f 3638 3741 3594
f 3741 3638 3588
f 3247 3248 3209
f 3292 3293 3294
f 3296 3297 3298
f 3299 3298 3300
f 3302 3303 3304
f 3306 3307 3308
f 3307 3310 3311
f 3303 3302 3301
f 3312 3305 3304
f 3314 3315 3316
f 3318 3319 3320
f 3324 3318 3321
f 3326 3327 3328
f 3329 3330 3331
f 3333 3334 3335
f 3337 3338 3339
f 3333 3336 3341
f 3342 3341 3343
f 3319 3345 3344
f 3338 3335 3334
f 3346 3301 3302
f 3305 3348 3347
f 3312 3224 3223
f 3350 3337 3340
f 3312 3349 3348
f 3352 3343 3341
f 3311 3353 3354
f 3341 3336 3327
f 3359 3360 3361
f 3360 3359 3250
f 3318 3363 3345
f 3364 3363 3318
f 3314 3364 3324
f 3366 3299 3301
f 3299 3366 3367
f 3308 3354 3368
f 3369 3317 3295
f 3317 3369 3364
f 3370 3295 3317
f 3325 3371 3365
f 3352 3320 3319
f 3296 3367 3353
f 3297 3296 3311
f 3363 3368 3354
f 3345 3354 3353
f 3344 3353 3367
f 3366 3333 3342
f 3347 3339 3334
f 3339 3347 3348
f 3348 3349 3351
f 3363 3364 3369
f 3294 3309 3368
f 3293 3306 3309
f 3331 3373 3374
f 3346 3334 3333
f 3323 3322 3352
f 3356 3355 3321
f 3355 3357 3325
f 3357 3358 3371
f 3322 3356 3320
f 3361 3330 3329
f 3373 3372 3375
f 3374 3375 3376
f 3329 3332 3376
f 3327 3375 3372
f 3336 3335 3375
f 3335 3338 3376
f 3376 3338 3337
f 3337 3350 3359
f 3359 3350 3276
f 3377 3292 3295
f 3277 3316 3315
f 3371 3378 3379
f 3378 3371 3358
f 3365 3379 3315
f 3316 3277 3279
f 3282 3377 3370
f 3313 3283 3224
f 3378 3285 3284
f 3380 3286 3285
f 3379 3284 3278
f 3276 3350 3351
f 3291 3351 3349
f 3313 3304 2965
f 2965 3304 3303
f 222 3303 3300
f 223 3300 3298
f 3298 3297 3185
f 3297 3310 2977
f 3310 3307 1213
f 3307 3306 1214
f 2532 1214 3306
f 2894 2532 3293
f 2871 2894 3292
f 3253 3225 3240
f 3283 3313 3013
f 1997 1996 1889
f 1237 745 744
f 1535 1534 120
f 1531 1532 201
f 1119 1241 1032
f 946 948 824
f 163 8 5
f 3589 3726 3723
f 1155 1156 1162
f 427 213 327
f 553 1902 796
f 3381 2232 2231
f 3381 3178 2230
f 2237 3183 3180
f 3383 3384 3385
f 3384 3386 3387
f 3386 3388 3389
f 3388 3390 3391
f 3392 3393 3394
f 3395 3394 3396
f 3398 3399 3397
f 3400 3401 3399
f 3403 3404 3405
f 3406 3407 3404
f 3408 3409 3407
f 3410 3411 3409
f 3412 3413 3411
f 3415 3400 3398
f 3414 3398 3396
f 3416 3396 3394
f 3417 3394 3393
f 3393 3419 3420
f 3419 3390 3421
f 3390 3388 3422
f 3388 3386 3423
f 3386 3384 3424
f 3384 3383 3425
f 3425 3383 3426
f 2904 3427 3428
f 3429 3427 2904
f 3430 3429 2902
f 2875 3431 3430
f 3432 3433 2733
f 2825 3434 3435
f 3437 3438 3439
f 3441 3437 3436
f 2724 2723 3434
f 3436 3439 3115
f 3440 3436 3117
f 3443 3415 3414
f 3442 3414 3416
f 3444 3416 3417
f 3445 3417 3418
f 3446 3418 3420
f 3420 3421 3448
f 3421 3422 3449
f 3422 3423 3450
f 3423 3424 3451
f 3424 3425 3452
f 3425 3184 3056
f 3451 3452 2253
f 3450 3451 2252
f 3449 3450 1727
f 3448 3449 2150
f 3453 3447 3448
f 3454 3446 3447
f 3455 3445 3446
f 3456 3444 3445
f 3442 3444 3456
f 3443 3442 3457
f 3459 3460 3458
f 3457 3456 3455
f 3459 3455 3454
f 3462 3460 3459
f 3461 3454 3453
f 3464 3462 3461
f 3463 3453 1941
f 3404 3399 3401
f 3407 3397 3399
f 3409 3395 3397
f 3411 3392 3395
f 3465 3466 3413
f 3467 3468 3469
f 3465 3412 3431
f 3470 3467 3466
f 3438 3470 3432
f 3467 3470 3438
f 3468 3467 3437
f 3471 3469 3468
f 3472 3468 3441
f 3473 3441 3440
f 2712 3440 3119
f 3475 3471 3472
f 3474 3472 3473
f 3476 3473 2712
f 3477 3476 2711
f 3478 3474 3476
f 3479 3475 3474
f 3392 3411 3413
f 3466 3469 3480
f 3419 3393 3392
f 3390 3419 3480
f 3469 3471 3391
f 3389 3391 3471
f 3387 3389 3475
f 3385 3387 3479
f 3482 3477 2400
f 3483 3478 3477
f 3481 3479 3478
f 3484 3482 2402
f 3058 3484 2707
f 3061 3485 3484
f 3485 3483 3482
f 3382 3385 3481
f 3486 3481 3483
f 3426 3383 3382
f 3487 3382 3486
f 3486 3485 3061
f 1961 3057 3487
f 3057 3184 3426
f 3428 3403 3402
f 3427 3406 3403
f 3429 3408 3406
f 3430 3410 3408
f 3431 3412 3410
f 3470 3465 3433
f 3434 3439 3438
f 2723 3115 3439
f 2875 2733 3433
f 2736 2824 3435
f 2947 3428 3488
f 3464 3463 1360
f 1900 1925 1924
f 1736 1717 1718
f 1955 1952 1943
f 1671 1738 1735
f 1696 1750 1698
f 1800 1865 1864
f 2063 2055 2056
f 1737 1734 1717
f 1751 1735 1697
f 943 3885 3899
f 3656 3488 3402
f 1577 1578 1764
f 3917 1598 1599
f 1945 146 82
f 68 6 7
f 147 1542 1543
f 1109 1135 1133
f 1503 1910 1907
f 1499 1501 1909
f 452 1922 735
f 1824 2068 3835
f 1825 2067 2068
f 1463 1462 1022
f 841 1012 1009
f 1568 1547 1955
f 1910 1503 1502
f 1939 1502 422
f 309 280 1940
f 1804 1851 1866
f 269 1482 1954
f 2065 1607 2060
f 3812 1685 1758
f 280 276 552
f 1875 1873 1869
f 1739 1721 1734
f 1778 1779 1790
f 310 1920 1915
f 1909 1908 1906
f 1789 1783 1778
f 978 981 980
f 1584 1759 1731
f 425 426 311
f 148 1543 115
f 2044 3897 3894
f 277 1910 1939
f 1943 1946 1945
f 1461 1462 1463
f 2253 3452 3056
f 2981 2254 3489
f 2209 2998 3489
f 2254 2253 3055
f 2998 926 958
f 2826 2817 2721
f 3490 2739 2721
f 2816 3491 3490
f 2334 2297 2296
f 2298 2297 2334
f 2301 2298 2336
f 2311 2301 2338
f 2312 2311 2354
f 2359 2358 2361
f 2335 2296 2359
f 2414 2413 2365
f 2413 2270 2361
f 2355 2352 2540
f 2541 2540 2539
f 2722 2721 2739
f 3114 2722 2738
f 3110 3112 3121
f 3108 3110 3120
f 3122 1754 3127
f 3112 3122 3126
f 3127 1754 1753
f 3139 3133 2529
f 3744 3775 3133
f 3490 2789 2740
f 3491 2790 2789
f 228 229 91
f 245 244 243
f 248 7 247
f 2 297 296
f 145 146 300
f 327 213 210
f 329 332 331
f 239 241 240
f 373 376 375
f 178 177 176
f 1218 1225 1228
f 3862 1231 1295
f 808 809 824
f 3858 3859 1013
f 3813 3810 1411
f 2154 2149 2159
f 3845 3835 1758
f 306 807 1922
f 2157 2153 1976
f 708 709 2031
f 1450 1226 1227
f 1672 1604 1605
f 1813 1814 1821
f 1717 1716 1715
f 176 159 402
f 1710 1705 3916
f 1712 1580 1577
f 1705 1713 1711
f 971 978 979
f 822 823 1094
f 2909 2810 2793
f 2810 2769 2795
f 2799 2910 2249
f 3662 3643 2910
f 2769 2768 2801
f 3177 3176 3178
f 3178 3381 3180
f 3181 1394 1393
f 3181 1633 1632
f 3182 1632 2244
f 3183 2244 2243
f 3492 2791 2790
f 2808 3492 3491
f 2239 3574 3572
f 1149 1150 3571
f 1150 2009 3567
f 2202 3569 3566
f 2921 3564 3565
f 3568 3560 2133
f 1777 1579 1759
f 1201 1196 1183
f 3561 3554 2195
f 3553 3576 2770
f 3927 3925 1687
f 1516 152 154
f 3549 3562 2974
f 3550 3548 2779
f 2771 2772 3575
f 3070 2771 3546
f 3547 3544 2775
f 1376 1375 1370
f 2767 3543 3556
f 2195 3554 3543
f 2775 3544 3542
f 3377 3282 3545
f 3804 3802 3539
f 2776 3542 3538
f 2240 3572 3535
f 2920 3535 3669
f 3548 3534 2786
f 1805 1850 1851
f 3534 3532 2787
f 2951 2773 3540
f 2772 2951 3531
f 2973 2224 3530
f 2224 2223 3537
f 1957 1953 320
f 306 305 304
f 2770 3576 3528
f 2913 3528 3574
f 2923 3565 3527
f 308 1940 431
f 207 208 132
f 1879 1876 1881
f 3733 3787 3525
f 2475 3070 3558
f 2476 2475 3524
f 2223 2476 3523
f 3522 3549 2803
f 2037 3563 11
f 1959 1958 450
f 2003 3555 3520
f 9 10 334
f 2009 2008 3518
f 2008 2973 3536
f 3877 672 673
f 3515 3550 2778
f 2935 3514 3513
f 111 1149 3570
f 3510 3514 2935
f 683 3876 3885
f 3508 3557 2810
f 736 733 732
f 1795 1804 1803
f 3505 3510 2938
f 3507 3505 2939
f 2950 3512 3504
f 2940 2949 3504
f 3801 3791 3512
f 2868 3509 3502
f 2869 3502 3522
f 1024 1034 1023
f 3500 3503 2948
f 551 1939 442
f 2972 3499 3568
f 2032 3533 3499
f 216 93 1924
f 203 202 201
f 1828 1848 1847
f 1958 1957 449
f 272 271 178
f 2871 3545 3495
f 3619 3669 3564
f 2801 2768 3643
f 2005 3758 3654
f 960 886 899
f 3657 3655 3612
f 3780 3788 3646
f 3151 3646 3593
f 2193 3604 3623
f 3607 3603 3145
f 3603 3649 2761
f 3592 3607 3144
f 2926 3658 3634
f 3634 3592 3104
f 3755 3754 3746
f 566 567 3758
f 3488 3656 1864
f 1602 1586 2079
f 2868 3658 3611
f 2922 3611 3610
f 2923 3610 3618
f 3670 3613 2918
f 3619 3670 3614
f 2921 3618 3670
f 2920 3614 3586
f 3613 3642 2915
f 2917 2766 3622
f 2916 2917 3641
f 2239 3587 3652
f 2911 3640 3652
f 3643 3640 2911
f 2797 2801 3662
f 2797 3591 3598
f 3622 3628 2763
f 3608 3628 2764
f 2194 3623 3648
f 2221 3648 3649
f 2756 3608 3609
f 2750 3598 3609
f 3669 3535 1817
f 3763 3770 1691
f 2515 3621 3590
f 2548 3590 3593
f 2513 2489 3632
f 2513 3616 3621
f 2509 3633 3620
f 2510 3632 3633
f 2289 3620 3639
f 2283 3639 3617
f 2240 3586 3587
f 3659 3657 3624
f 716 2121 3887
f 727 1999 3761
f 2165 2171 2170
f 3660 3659 3626
f 3743 3581 3578
f 2175 2172 769
f 2100 500 2095
f 3758 567 3757
f 640 3560 3568
f 1653 3576 3553
f 1895 3536 3530
f 746 3530 3537
f 1653 1810 3528
f 3762 1603 1604
f 2093 2075 2073
f 959 996 995
f 962 899 919
f 1400 1401 1398
f 1000 817 1127
f 956 959 884
f 1662 3548 3550
f 2034 3558 3546
f 3926 1689 3539
f 3535 3572 766
f 3572 3574 765
f 334 3570 3571
f 1868 3531 3540
f 1684 1651 1652
f 1682 1683 775
f 1585 1603 3762
f 3763 3762 1672
f 2173 2174 490
f 1658 3544 3547
f 3556 3543 1650
f 1571 3754 2010
f 1587 3664 3671
f 2099 2095 2077
f 787 3761 1999
f 2000 3694 786
f 3155 339 3697
f 3713 3155 3683
f 2180 2179 3685
f 3496 2180 3684
f 1684 3846 3840
f 1760 464 3495
f 2607 3689 3693
f 2581 3676 3689
f 2371 2502 3700
f 2371 3695 3693
f 2587 3676 3675
f 2586 3675 3697
f 2497 3691 3687
f 2502 2503 3687
f 2494 3691 3690
f 3690 3688 2472
f 3688 3701 2468
f 3701 3703 2469
f 726 3908 3892
f 581 3567 3518
f 10 3511 3570
f 1837 3514 3510
f 741 3537 3523
f 1299 3524 3558
f 1851 3507 3504
f 3527 3565 1820
f 580 3518 3536
f 1758 1685 3522
f 1693 3557 3508
f 3504 3512 1867
f 1894 1826 3568
f 2126 1418 3813
f 3906 2126 3841
f 2113 3911 3867
f 2179 3713 3789
f 624 3903 3904
f 2192 3604 3788
f 2177 3541 3787
f 1364 3824 3833
f 3858 3855 1470
f 3135 1753 3775
f 2069 3812 3835
f 1351 3861 3853
f 2108 3882 3901
f 2089 2092 3736
f 3828 3834 1358
f 2001 3749 3783
f 2187 3783 3719
f 2130 3756 3752
f 2004 3752 3749
f 2014 3724 3779
f 2201 3779 3756
f 3167 3720 3759
f 3168 3724 3720
f 3159 3709 3764
f 3160 3764 3765
f 3730 3707 3158
f 3158 3707 3709
f 2200 3069 3730
f 3685 3789 3742
f 3722 3774 2197
f 3790 3736 2092
f 3774 3790 3721
f 3154 3706 3790
f 3155 3713 3706
f 2091 3719 3721
f 2196 3148 3750
f 2193 2196 3776
f 3604 2193 3781
f 2086 2192 3780
f 2087 2086 3778
f 2204 3742 3751
f 2205 3751 3750
f 3909 3886 574
f 2124 2087 3777
f 2208 2124 3760
f 3711 3785 3140
f 3785 3745 3138
f 3745 3744 3139
f 3771 3712 3136
f 3712 3711 3137
f 3775 3767 3131
f 3767 3782 3132
f 1813 3839 3838
f 1293 3854 3856
f 2184 2321 3748
f 2181 2184 3732
f 3765 3768 3079
f 3768 3734 3080
f 709 3873 3875
f 2774 2961 3737
f 3786 3769 2134
f 3809 3808 766
f 2968 3784 3766
f 2969 3759 3784
f 2958 3747 3737
f 2132 3747 3766
f 2321 2185 3771
f 3860 3848 1449
f 3905 3874 582
f 3886 3889 577
f 3847 3826 1818
f 705 3902 3887
f 3816 3912 3907
f 2111 3883 3911
f 3810 3829 1366
f 1812 3839 3822
f 675 3851 3852
f 3496 3705 3851
f 2110 3867 3868
f 2104 3896 3901
f 2109 3868 3899
f 3842 3831 703
f 1680 3811 3846
f 1639 1627 3819
f 623 3904 3906
f 2139 2140 3866
f 1808 1640 3844
f 3820 3821 1819
f 3872 3914 3900
f 1646 3832 3830
f 3889 3890 633
f 2139 3865 3875
f 2156 2155 3871
f 674 3852 3913
f 2117 3817 3812
f 1815 3822 3847
f 3855 3849 1444
f 697 3906 3912
f 866 842 3836
f 3864 3869 2136
f 3585 3731 3726
f 3583 3740 3731
f 3753 3746 3738
f 3740 3583 3581
f 1088 3738 3746
f 3739 3740 3743
f 2791 3492 3493
f 3492 2808 2807
f 2792 3493 3494
f 3493 2807 2806
f 3508 2909 3494
f 3516 3494 2806
f 2948 3503 3791
f 2105 3908 3896
f 3538 3802 3804
f 680 3878 3876
f 1891 1890 3910
f 2905 3799 3801
f 2900 3797 3799
f 2901 3797 3807
f 2734 2878 3806
f 2877 3807 3806
f 2820 3800 3794
f 2818 3796 3792
f 2823 3793 3792
f 2822 3793 3798
f 2819 2735 3800
f 2817 3796 3795
f 2809 3805 3795
f 2808 3805 3803
f 2805 3804 3803
f 1702 3921 3923
f 3922 3920 1797
f 3915 3916 1706
f 3918 3927 1692
f 1657 3898 3880
f 1890 1877 3895
f 3772 3770 1674
f 1689 1690 3772
f 3926 3802 3538
f 3516 3539 1689
f 3917 3923 1703
f 1598 3917 3928
f 3880 3884 1876
f 1691 1690 3925
f 3925 3926 1688
