v 0.063542 -0.009484 -0.046666
v 0.067450 -0.010460 -0.045830
v 0.068184 -0.008908 -0.045797
v 0.064058 -0.008022 -0.046471
v 0.076534 -0.007956 -0.056070
v 0.075695 -0.004434 -0.052839
v 0.074989 -0.001185 -0.052782
v 0.075288 -0.001690 -0.055544
v 0.026648 -0.045972 -0.112083
v 0.011766 -0.045958 -0.116820
v 0.011746 -0.057977 -0.114648
v 0.025509 -0.059522 -0.108932
v 0.044605 -0.081890 -0.090201
v 0.039487 -0.074245 -0.095352
v 0.038067 -0.086626 -0.100209
v 0.046580 -0.089010 -0.090033
v 0.040096 0.048434 0.041307
v 0.047439 0.047381 0.035649
v 0.046337 0.040938 0.039026
v -0.064356 -0.009225 -0.047890
v -0.068296 -0.010194 -0.047111
v -0.068921 -0.008763 -0.047087
v -0.064434 -0.007720 -0.047736
v -0.077054 -0.007752 -0.057426
v -0.075775 -0.004311 -0.054203
v -0.075277 -0.001187 -0.054084
v -0.075616 -0.001523 -0.056725
v 0.039143 0.041337 0.043342
v 0.096533 0.014154 -0.065283
v 0.096388 0.011525 -0.066584
v 0.096545 0.010146 -0.064728
v 0.096523 0.012549 -0.063797
v 0.092126 -0.004569 -0.063905
v 0.092200 0.003122 -0.065494
v 0.093642 0.005653 -0.065826
v 0.093400 0.003598 -0.065262
v 0.091231 -0.015222 -0.061400
v 0.090251 -0.014425 -0.060923
v 0.092260 -0.009819 -0.062290
v 0.093074 -0.010212 -0.063078
v 0.075289 -0.035247 -0.039964
v 0.077885 -0.033450 -0.041724
v 0.078623 -0.035307 -0.042697
v 0.073835 -0.036618 -0.041251
v 0.070770 -0.035060 -0.042226
v 0.075689 -0.035936 -0.045902
v 0.074856 -0.032571 -0.046726
v 0.070911 -0.032461 -0.043694
v 0.091702 0.024605 -0.050321
v 0.091868 0.021419 -0.050000
v 0.090049 0.020890 -0.047440
v 0.089962 0.024149 -0.047495
v 0.074723 -0.009370 -0.061964
v 0.072602 -0.015706 -0.059701
v 0.078646 -0.010574 -0.061706
v 0.079335 -0.007988 -0.062075
v 0.089909 0.013456 -0.058216
v 0.090751 0.014567 -0.061593
v 0.090936 0.012480 -0.062773
v 0.090073 0.010800 -0.060325
v 0.092212 0.016188 -0.066419
v 0.092377 0.013258 -0.067757
v 0.073481 -0.026098 -0.038373
v 0.072647 -0.022334 -0.037677
v 0.073341 -0.020679 -0.038861
v 0.073826 -0.021753 -0.040014
v 0.074706 -0.008200 -0.053031
v 0.075997 -0.003912 -0.051266
v 0.087046 -0.026043 -0.056500
v 0.086816 -0.024098 -0.055783
v 0.088913 -0.019890 -0.059128
v 0.089147 -0.021212 -0.059909
v 0.083939 -0.021075 -0.054271
v 0.086343 -0.018546 -0.057651
v 0.087559 -0.017864 -0.059239
v 0.086162 -0.020080 -0.057409
v 0.092867 0.016899 -0.056732
v 0.090609 0.018993 -0.052476
v 0.091180 0.019238 -0.052779
v 0.093053 0.016930 -0.057798
v 0.082703 0.004022 -0.061336
v 0.081864 0.009028 -0.059564
v 0.080321 0.008364 -0.059853
v 0.081195 0.004025 -0.061367
v 0.093000 0.013420 -0.064197
v 0.093338 0.010692 -0.065250
v 0.091475 0.009858 -0.064303
v 0.078602 0.011763 -0.048321
v 0.078737 0.012332 -0.049071
v 0.079313 0.010640 -0.049527
v 0.078668 0.009480 -0.048338
v 0.078410 -0.036485 -0.045800
v 0.069880 -0.023727 -0.053246
v 0.071948 -0.022965 -0.054489
v 0.074821 -0.019176 -0.057501
v 0.073343 -0.017978 -0.057680
v 0.070822 -0.033263 -0.038789
v 0.073745 -0.033215 -0.038217
v 0.074686 -0.034653 -0.039204
v 0.071571 -0.035017 -0.039641
v 0.082142 0.015778 -0.048835
v 0.084723 0.015131 -0.051106
v 0.082823 0.014167 -0.050523
v 0.080920 0.014547 -0.048742
v 0.090870 0.001211 -0.064179
v 0.090234 0.008023 -0.062074
v 0.089838 -0.008170 -0.059267
v 0.090257 -0.008114 -0.062111
v 0.089106 -0.012204 -0.061043
v -0.029271 -0.046199 -0.111908
v -0.014430 -0.046036 -0.116763
v -0.014455 -0.058112 -0.114551
v -0.028199 -0.059839 -0.108655
v 0.089015 -0.012221 -0.058289
v 0.089870 0.000022 -0.059083
v 0.090433 0.000101 -0.062291
v 0.093905 0.009318 -0.063340
v 0.093592 0.003230 -0.063796
v 0.093819 0.009830 -0.064243
v 0.079252 0.012400 -0.057913
v 0.078944 0.015280 -0.062318
v 0.077709 0.008682 -0.064037
v 0.079194 0.009823 -0.059516
v 0.074075 -0.016581 -0.039110
v 0.075592 -0.014389 -0.040151
v 0.074602 -0.016723 -0.041574
v 0.073981 -0.018805 -0.041441
v 0.075659 -0.021146 -0.056335
v 0.073002 -0.024087 -0.053800
v 0.073748 -0.024533 -0.053142
v 0.076525 -0.022929 -0.054820
v 0.087438 0.016494 -0.052856
v 0.087323 0.010845 -0.053718
v 0.085578 0.010770 -0.052455
v 0.080063 -0.019765 -0.046295
v 0.080904 -0.018279 -0.048136
v 0.082077 -0.021518 -0.049926
v 0.080959 -0.023768 -0.048359
v 0.083146 -0.032596 -0.050825
v 0.080521 -0.032413 -0.051288
v 0.078027 -0.034604 -0.048407
v 0.080792 -0.035165 -0.048103
v 0.073666 -0.019985 -0.040595
v 0.073609 -0.019241 -0.039053
v 0.085225 0.004432 -0.062963
v 0.084352 0.010535 -0.060969
v 0.089200 0.009105 -0.058357
v 0.089478 0.006671 -0.059756
v 0.077280 -0.003645 -0.044361
v 0.074645 -0.002941 -0.045377
v 0.074416 -0.003639 -0.045608
v 0.077638 -0.005309 -0.044311
v 0.077781 -0.003597 -0.042938
v 0.078188 -0.005183 -0.042895
v 0.077895 -0.005576 -0.041400
v 0.077537 -0.004642 -0.041293
v 0.073938 -0.002601 -0.046325
v 0.074039 -0.002881 -0.045823
v 0.074565 -0.002432 -0.046188
v 0.079044 -0.000156 -0.057009
v 0.080612 -0.008137 -0.059287
v 0.078162 -0.007971 -0.058169
v 0.075015 -0.000353 -0.056576
v 0.090952 -0.006942 -0.063567
v 0.086250 0.020395 -0.043247
v 0.084290 0.022243 -0.043476
v 0.086918 0.025971 -0.048177
v 0.075711 -0.016674 -0.050597
v 0.077850 -0.016057 -0.047593
v 0.075863 -0.016290 -0.046131
v 0.074643 -0.017473 -0.049080
v 0.073675 -0.012281 -0.044051
v 0.071706 -0.015815 -0.043253
v 0.076059 -0.013900 -0.042933
v 0.077786 0.002243 -0.042402
v 0.076201 -0.001540 -0.045566
v 0.077065 -0.002527 -0.044042
v 0.077456 -0.002249 -0.042609
v 0.091265 -0.016007 -0.062503
v 0.093217 -0.010795 -0.064551
v 0.091214 -0.010700 -0.065618
v 0.089260 -0.016276 -0.063646
v 0.071344 -0.029731 -0.037267
v 0.069031 -0.032245 -0.040177
v 0.071230 -0.026587 -0.036263
v 0.095816 0.021153 -0.059829
v 0.091433 0.023716 -0.060480
v 0.091740 0.021603 -0.062883
v 0.096144 0.019012 -0.061964
v 0.073753 0.003879 -0.051341
v 0.074136 0.001768 -0.051090
v 0.074573 0.003355 -0.049249
v 0.074290 0.005264 -0.049233
v 0.051380 -0.031963 -0.094030
v 0.059968 -0.031898 -0.074776
v 0.063848 -0.018182 -0.082790
v 0.056582 -0.018511 -0.098999
v 0.084049 -0.030024 -0.050488
v 0.082682 -0.032333 -0.048011
v 0.079015 0.010145 -0.040846
v 0.078593 0.012026 -0.039705
v 0.079998 0.017441 -0.040762
v 0.080617 0.014152 -0.040603
v 0.092875 0.004916 -0.068594
v 0.096086 0.004075 -0.067230
v 0.081675 0.016324 -0.046857
v 0.086102 0.019982 -0.049548
v 0.083644 0.017468 -0.048950
v 0.081429 0.016113 -0.047494
v 0.079811 0.008082 -0.045833
v 0.080673 0.009462 -0.045278
v 0.079317 0.010416 -0.045487
v 0.078115 0.008955 -0.045686
v 0.078691 0.016598 -0.038589
v 0.080186 0.021549 -0.041597
v 0.068514 -0.024600 -0.052911
v 0.080669 0.009070 -0.043323
v 0.081663 0.011731 -0.042573
v 0.081958 0.010993 -0.044896
v -0.047307 -0.082707 -0.089064
v -0.042179 -0.074897 -0.094458
v -0.040578 -0.087315 -0.099577
v -0.049217 -0.089957 -0.089001
v 0.072136 -0.021469 -0.035641
v 0.072980 -0.019656 -0.037548
v 0.080511 0.014897 -0.047567
v 0.079691 0.013858 -0.047670
v 0.077774 0.010442 -0.047554
v 0.078038 0.007860 -0.048753
v 0.085605 0.000849 -0.055739
v 0.087302 -0.007575 -0.057617
v 0.067930 -0.017550 -0.068497
v 0.065131 -0.031429 -0.054344
v 0.078271 0.010821 -0.045499
v 0.078194 0.011080 -0.045813
v 0.077031 0.010228 -0.046627
v 0.077151 0.009727 -0.045763
v 0.081192 -0.033973 -0.045688
v 0.084154 0.007254 -0.053022
v 0.080482 0.005732 -0.051417
v 0.080941 0.007900 -0.050384
v 0.093305 -0.005121 -0.063019
v 0.094438 0.003223 -0.063789
v 0.095934 0.003662 -0.065301
v 0.094648 -0.005368 -0.064255
v 0.069401 -0.033406 -0.040751
v 0.074080 0.000952 -0.052122
v 0.075539 -0.000876 -0.051247
v 0.074780 0.006780 -0.049141
v 0.075765 0.008672 -0.047530
v 0.073348 -0.016639 -0.037145
v 0.092140 0.017504 -0.061517
v 0.092592 0.015572 -0.062885
v 0.090462 0.016191 -0.060251
v 0.090094 0.017425 -0.058679
v 0.089310 0.018612 -0.054877
v 0.089785 0.020091 -0.054421
v 0.091450 0.018995 -0.059421
v 0.078975 0.006464 -0.050242
v 0.079940 0.008425 -0.049252
v 0.078902 -0.021187 -0.044913
v 0.079600 -0.027473 -0.045773
v 0.087572 -0.015674 -0.058977
v 0.087210 -0.014876 -0.056327
v 0.088444 -0.004767 -0.066436
v 0.088407 0.004629 -0.067158
v 0.086555 0.004471 -0.065041
v 0.086743 -0.004337 -0.065209
v 0.079700 -0.002248 -0.061983
v 0.076556 -0.001488 -0.062896
v 0.077095 -0.003508 -0.040770
v 0.076462 0.000209 -0.038879
v 0.074710 0.006192 -0.049618
v 0.075101 0.007782 -0.047415
v 0.080343 -0.018608 -0.058711
v 0.076455 -0.026013 -0.051541
v 0.080671 -0.020959 -0.056991
v 0.072012 -0.026499 -0.049617
v 0.071859 -0.027650 -0.047430
v 0.074678 -0.027783 -0.048901
v 0.084031 -0.019043 -0.053565
v 0.085876 -0.017840 -0.056203
v 0.073097 -0.002852 -0.047036
v 0.071796 -0.004516 -0.048134
v 0.072751 -0.003391 -0.046438
v 0.088636 0.000184 -0.056860
v 0.089095 -0.007817 -0.057730
v 0.080985 0.011604 -0.045324
v 0.078573 0.001146 -0.047505
v 0.079806 0.004621 -0.045082
v 0.084401 0.015261 -0.044276
v 0.082697 0.013394 -0.045226
v 0.082094 0.012512 -0.045215
v 0.083153 0.013029 -0.044402
v 0.066123 -0.013310 -0.046273
v 0.069757 -0.014769 -0.045117
v 0.071206 -0.011429 -0.044985
v 0.088685 0.020514 -0.053307
v 0.089098 0.018424 -0.054502
v 0.085901 0.011260 -0.062715
v 0.079731 0.012549 -0.050198
v 0.080620 0.010851 -0.050963
v 0.081537 0.023863 -0.057132
v 0.081367 0.022031 -0.053537
v 0.081679 0.022326 -0.052226
v 0.081944 0.026288 -0.052507
v 0.071358 -0.030692 -0.044540
v 0.074265 -0.030344 -0.046991
v 0.073921 -0.028927 -0.047398
v 0.071586 -0.029131 -0.045646
v 0.075144 -0.016569 -0.045444
v 0.074236 -0.017814 -0.048160
v 0.089094 -0.014270 -0.061299
v 0.088295 -0.015145 -0.060462
v 0.089809 -0.011161 -0.062331
v 0.090988 -0.009957 -0.062808
v 0.075382 0.004460 -0.052724
v 0.073860 0.003364 -0.053501
v 0.082143 0.016407 -0.053951
v 0.084562 0.018873 -0.055354
v 0.083329 0.021853 -0.051788
v 0.081618 0.019560 -0.051740
v 0.087341 0.012063 -0.065178
v 0.080469 0.009493 -0.050798
v 0.081248 0.009681 -0.051830
v 0.079937 0.009965 -0.050277
v 0.077329 0.007958 -0.045996
v 0.079118 0.006665 -0.046298
v 0.083783 0.015148 -0.045681
v 0.087977 0.018711 -0.048689
v 0.087159 0.018228 -0.048465
v 0.083277 0.015594 -0.046120
v 0.078475 0.012622 -0.046897
v 0.013152 -0.033956 -0.122599
v 0.014967 -0.023738 -0.129383
v -0.039618 0.048221 0.040592
v -0.047052 0.047116 0.034996
v -0.045947 0.040650 0.038303
v -0.038645 0.041128 0.042562
v 0.081690 0.022459 -0.043799
v 0.082995 0.024247 -0.048079
v 0.083970 0.025175 -0.048221
v 0.082280 0.023366 -0.044838
v 0.090083 0.016124 -0.058024
v 0.093967 0.012266 -0.063092
v 0.076666 -0.002071 -0.049360
v 0.073746 -0.005393 -0.049354
v 0.063889 -0.006735 -0.048223
v 0.064237 -0.005420 -0.048420
v 0.064961 -0.005967 -0.049517
v 0.064446 -0.007644 -0.049485
v 0.066446 -0.012000 -0.049882
v 0.069099 -0.013112 -0.048898
v 0.068257 -0.015107 -0.047403
v 0.065370 -0.014527 -0.049401
v 0.062988 -0.010260 -0.048515
v 0.063484 -0.008485 -0.048222
v 0.064296 -0.009466 -0.049601
v 0.063830 -0.011492 -0.049893
v 0.088062 0.020035 -0.051074
v 0.089932 0.019966 -0.052552
v 0.094713 0.011525 -0.062204
v 0.094811 0.009346 -0.063224
v 0.093234 0.016150 -0.060366
v 0.093649 0.014404 -0.061689
v 0.076185 -0.011704 -0.039883
v 0.077290 -0.011450 -0.041754
v 0.076802 -0.013150 -0.041766
v 0.095945 0.015019 -0.062379
v 0.096406 0.016586 -0.063782
v 0.074014 -0.029676 -0.038021
v 0.072890 -0.031041 -0.037274
v 0.046364 -0.100779 -0.025845
v 0.054951 -0.094962 -0.037814
v 0.053881 -0.104200 -0.037835
v 0.045360 -0.109780 -0.026437
v 0.084591 0.017552 -0.042330
v 0.083476 0.020073 -0.041782
v 0.063007 -0.011655 -0.047036
v 0.062968 -0.012838 -0.049001
v 0.065455 -0.014578 -0.047641
v 0.068570 -0.007210 -0.045857
v 0.064344 -0.006507 -0.046535
v 0.066867 -0.010247 -0.049777
v 0.068479 -0.005006 -0.049004
v 0.068822 -0.003839 -0.047457
v 0.071064 -0.018411 -0.044517
v 0.072745 -0.018695 -0.046944
v 0.074213 -0.018813 -0.043509
v 0.063373 -0.013332 -0.049784
v 0.074882 0.005623 -0.050519
v 0.070124 -0.009149 -0.049539
v 0.073254 -0.011598 -0.051276
v 0.072808 -0.013813 -0.050440
v 0.069802 -0.011138 -0.049517
v 0.082443 -0.022043 -0.051550
v 0.082845 -0.020042 -0.051449
v 0.077033 -0.015821 -0.052267
v 0.080013 -0.015710 -0.050219
v 0.076023 0.000888 -0.049679
v 0.077682 0.004084 -0.047845
v 0.073378 -0.002672 -0.046707
v 0.070942 -0.006870 -0.049195
v 0.073305 -0.009052 -0.051092
v 0.068839 -0.005659 -0.046075
v 0.072740 -0.005747 -0.045607
v 0.072587 -0.004651 -0.045847
v 0.068807 -0.004614 -0.046366
v 0.083611 0.010815 -0.051994
v 0.082078 0.017540 -0.041072
v 0.083257 0.014650 -0.042220
v 0.081559 0.028048 -0.069300
v 0.079134 0.019720 -0.074010
v 0.080511 0.020594 -0.060942
v 0.066865 -0.008282 -0.049539
v 0.065162 -0.004335 -0.048049
v 0.065229 -0.004542 -0.046601
v 0.088163 -0.018529 -0.058879
v 0.075194 -0.018986 -0.043217
v 0.075788 0.006038 -0.047151
v 0.087377 -0.010004 -0.065083
v 0.085886 -0.015181 -0.063236
v 0.074946 0.007316 -0.047449
v 0.075964 0.008518 -0.046226
v 0.073566 -0.018330 -0.047673
v 0.074743 -0.017650 -0.044553
v 0.076365 0.009029 -0.046107
v 0.076678 -0.011999 -0.043128
v 0.089156 0.010580 -0.056879
v 0.078514 -0.029782 -0.051804
v 0.076586 -0.031338 -0.049018
v 0.064766 -0.005421 -0.046647
v 0.068132 -0.015188 -0.046646
v 0.068067 -0.006454 -0.049690
v 0.075092 -0.007989 -0.044559
v 0.074514 -0.010220 -0.044264
v 0.077346 -0.009736 -0.043314
v 0.081628 -0.015291 -0.051812
v 0.077976 -0.014511 -0.054479
v 0.079207 -0.013610 -0.056528
v 0.083320 -0.014695 -0.053523
v 0.084410 -0.020016 -0.060943
v 0.082747 -0.024348 -0.057679
v 0.085336 -0.026117 -0.057346
v 0.087400 -0.021678 -0.060969
v 0.082518 0.043489 -0.078035
v 0.082679 0.033833 -0.062430
v 0.083634 0.050147 -0.066572
v 0.086775 0.020280 -0.060222
v 0.086952 0.017820 -0.061903
v 0.092105 0.018818 -0.064737
v 0.081391 0.024699 -0.046576
v 0.082036 0.022323 -0.050366
v 0.081506 0.023875 -0.047881
v 0.092280 -0.005145 -0.067352
v 0.078282 0.006142 -0.041376
v 0.080233 0.006822 -0.044032
v 0.079044 -0.017373 -0.059421
v 0.083097 -0.016563 -0.051717
v 0.085222 -0.016128 -0.053864
v 0.093374 0.021218 -0.052686
v 0.089961 0.019439 -0.050347
v 0.010436 -0.113752 -0.000279
v 0.010283 -0.119509 -0.004136
v 0.008859 -0.011508 0.053728
v 0.010365 -0.011792 0.052355
v 0.009390 -0.009875 0.051323
v 0.008624 -0.009791 0.051965
v 0.008963 -0.020526 0.052359
v 0.008460 -0.018917 0.051313
v 0.009358 -0.019158 0.050722
v 0.009999 -0.020495 0.051492
v 0.005994 -0.010112 0.051129
v 0.004398 -0.013086 0.053858
v 0.005932 -0.011654 0.055399
v 0.007241 -0.009322 0.051961
v 0.092643 0.024582 -0.053812
v 0.012068 -0.020655 0.051966
v 0.011157 -0.019167 0.050811
v 0.012211 -0.018383 0.052538
v 0.013495 -0.019609 0.053731
v 0.005260 -0.020002 0.060122
v 0.006422 -0.017863 0.060337
v 0.005138 -0.018743 0.057828
v 0.005044 -0.020558 0.057439
v 0.008039 -0.017130 0.059834
v 0.009793 -0.017703 0.061625
v 0.011397 -0.017662 0.060002
v 0.009422 -0.017079 0.058328
v 0.004944 -0.016461 0.052967
v 0.005941 -0.018286 0.054204
v 0.004262 -0.016509 0.056536
v 0.012431 -0.016428 0.050746
v 0.010698 -0.017561 0.049488
v 0.010129 -0.013822 0.048489
v 0.011606 -0.012844 0.049553
v 0.050546 -0.085236 -0.024675
v 0.057162 -0.082027 -0.038482
v 0.035607 0.004000 0.037527
v 0.034747 0.001043 0.038313
v 0.030346 0.002065 0.038772
v 0.031407 0.004718 0.038202
v 0.078180 -0.007370 -0.042336
v 0.077686 -0.006574 -0.041027
v 0.087030 0.014956 -0.063525
v 0.092974 0.017684 -0.057498
v 0.086573 0.022288 -0.058062
v 0.085269 0.024650 -0.053343
v 0.084137 0.023131 -0.052488
v 0.085433 0.020413 -0.056510
v 0.095364 0.018476 -0.058568
v 0.076278 -0.020523 -0.042978
v 0.086671 0.006597 -0.054385
v 0.084602 0.025211 -0.050876
v 0.088160 0.026701 -0.051373
v 0.092667 -0.005082 -0.063188
v 0.095754 0.016777 -0.060557
v 0.093665 0.015425 -0.059393
v 0.086130 0.017432 -0.044455
v 0.080207 -0.011452 -0.058846
v 0.086646 -0.011276 -0.056739
v 0.085109 -0.013680 -0.055165
v -0.096577 0.014406 -0.066807
v -0.096426 0.011754 -0.068024
v -0.096566 0.010433 -0.066132
v -0.096570 0.012841 -0.065402
v -0.092613 -0.004188 -0.065373
v -0.092805 0.003381 -0.067017
v -0.094100 0.005905 -0.067459
v -0.094033 0.003852 -0.066928
v 0.079402 -0.013073 -0.057873
v 0.073423 0.002311 -0.053327
v 0.073065 -0.015968 -0.034890
v 0.081810 -0.027049 -0.049024
v -0.091813 -0.014779 -0.062233
v -0.091067 -0.014076 -0.061884
v -0.092957 -0.009439 -0.063300
v -0.093625 -0.009837 -0.063997
v 0.082940 -0.025862 -0.051323
v 0.029553 -0.033345 -0.116657
v 0.033154 -0.022216 -0.122627
v 0.094719 -0.005380 -0.066160
v 0.087666 0.019183 -0.051803
v 0.077906 -0.021101 -0.044235
v 0.076932 -0.027180 -0.043465
v 0.075529 -0.026636 -0.041820
v 0.081088 0.010037 -0.051387
v 0.078081 -0.016333 -0.059826
v 0.078134 -0.014060 -0.060598
v 0.065318 -0.005074 -0.049306
v 0.081475 -0.022504 -0.057157
v 0.077636 -0.027916 -0.051684
v 0.059433 -0.077967 -0.052186
v 0.055879 -0.074778 -0.067281
v -0.076487 -0.034912 -0.040899
v -0.078892 -0.033004 -0.042659
v -0.079653 -0.034948 -0.043732
v -0.075158 -0.036166 -0.042325
v 0.056198 -0.085934 -0.065794
v 0.058355 -0.090088 -0.051399
v 0.075295 -0.001641 -0.035445
v 0.075499 -0.008975 -0.037967
v 0.074470 -0.010112 -0.036321
v 0.025133 -0.104938 -0.004527
v 0.021636 -0.115129 -0.009063
v 0.073728 -0.015547 -0.030835
v 0.073690 -0.016274 -0.020779
v 0.075167 -0.000178 -0.020509
v 0.074860 -0.005659 -0.030150
v 0.062020 0.031347 0.016374
v 0.064120 0.032323 0.011741
v 0.065023 0.022412 0.011593
v 0.062587 0.023466 0.015656
v 0.020526 0.090363 0.033250
v 0.010246 0.090974 0.035467
v 0.010279 0.098708 0.029389
v 0.020836 0.097718 0.026790
v 0.035265 -0.014064 -0.126527
v 0.037234 -0.003571 -0.130959
v 0.017284 -0.006525 -0.138264
v 0.016095 -0.016251 -0.133463
v 0.021077 0.115190 0.004299
v 0.010238 0.116826 0.006987
v 0.010351 0.121875 -0.003083
v -0.072175 -0.034654 -0.043093
v -0.076561 -0.035348 -0.046908
v -0.075633 -0.032103 -0.047650
v -0.072253 -0.032117 -0.044470
v 0.021380 0.119929 -0.005428
v 0.055728 0.001892 0.028653
v 0.057886 -0.004452 0.028394
v 0.053710 -0.005204 0.032045
v 0.051989 0.001233 0.031547
v 0.076694 -0.031927 -0.040630
v 0.075551 -0.031018 -0.039639
v -0.091996 0.025009 -0.051728
v -0.091959 0.021874 -0.051590
v -0.089660 0.021476 -0.049246
v -0.090114 0.024680 -0.048823
v -0.076770 -0.010017 -0.062426
v -0.074617 -0.016234 -0.060212
v -0.080713 -0.011144 -0.062448
v -0.081260 -0.008604 -0.062843
v 0.010527 0.126149 -0.014864
v 0.021815 0.123986 -0.016802
v 0.012255 0.010583 0.043254
v -0.089360 0.013691 -0.059987
v -0.090670 0.014866 -0.063395
v -0.091194 0.012756 -0.064497
v -0.090205 0.011044 -0.061948
v -0.092441 0.016347 -0.067739
v -0.092618 0.013395 -0.069134
v -0.074426 -0.025752 -0.039128
v -0.073697 -0.021982 -0.038387
v -0.074278 -0.020319 -0.039693
v -0.074526 -0.021435 -0.040853
v -0.074940 -0.008090 -0.054439
v -0.076332 -0.003878 -0.052697
v -0.087059 -0.025475 -0.057719
v -0.087224 -0.023600 -0.056770
v -0.089440 -0.019403 -0.059969
v -0.089345 -0.020688 -0.060960
v 0.012910 0.012747 0.040896
v 0.016714 0.009498 0.039703
v 0.016146 0.007212 0.041498
v 0.008086 0.061889 0.047226
v 0.009051 0.070188 0.044814
v 0.018240 0.070427 0.043387
v 0.016713 0.062124 0.046264
v 0.021442 0.006898 0.038892
v 0.020583 0.004755 0.039940
v 0.010230 0.105416 0.022618
v 0.020962 0.104230 0.019821
v 0.020977 0.129618 -0.067038
v -0.084640 -0.020765 -0.055127
v -0.087018 -0.018220 -0.058645
v -0.088296 -0.017553 -0.060255
v -0.086838 -0.019723 -0.058354
v 0.021629 0.130045 -0.058539
v 0.010039 0.132724 -0.058975
v -0.092987 0.017343 -0.058579
v -0.090626 0.019422 -0.054288
v -0.091152 0.019623 -0.054591
v -0.093191 0.017271 -0.059562
v 0.010955 0.131639 -0.071565
v 0.069812 -0.000060 -0.090572
v 0.073525 -0.001155 -0.074753
v 0.076619 0.010820 -0.076396
v 0.074203 0.016479 -0.093234
v 0.037047 -0.097434 -0.012992
v 0.034190 -0.108469 -0.016412
v -0.084111 0.003691 -0.062122
v -0.082819 0.008888 -0.060439
v -0.081555 0.008052 -0.060589
v -0.082680 0.003502 -0.062006
v -0.093314 0.013716 -0.065985
v -0.093708 0.010966 -0.066990
v -0.091833 0.010123 -0.065952
v -0.078774 0.011790 -0.049754
v -0.079023 0.012198 -0.050402
v -0.079794 0.010591 -0.050760
v -0.079061 0.009589 -0.049579
v -0.079274 -0.036101 -0.047012
v -0.071786 -0.024118 -0.053774
v -0.073743 -0.023328 -0.055054
v -0.076437 -0.019457 -0.058092
v -0.075150 -0.018374 -0.058294
v 0.054921 0.054364 0.024030
v 0.056839 0.060165 0.019634
v 0.060494 0.052784 0.015891
v 0.058250 0.047954 0.020620
v 0.006517 0.048543 0.050251
v 0.014129 0.048617 0.050055
v 0.012186 0.042183 0.050116
v 0.005788 0.041991 0.050405
v -0.072316 -0.032967 -0.039403
v -0.075076 -0.032837 -0.039025
v -0.075989 -0.034260 -0.040051
v -0.073011 -0.034722 -0.040510
v 0.062803 0.015892 0.016212
v 0.065671 0.013010 0.013072
v 0.064636 0.004533 0.017615
v 0.061575 0.008614 0.019768
v 0.058470 0.003393 0.025496
v -0.082186 0.015593 -0.050354
v -0.084631 0.015103 -0.052696
v -0.082904 0.014075 -0.051994
v -0.081068 0.014364 -0.050207
v 0.060883 -0.002544 0.024785
v -0.091599 0.001499 -0.065537
v -0.090535 0.008325 -0.063645
v 0.019604 0.080351 0.039389
v 0.009759 0.080561 0.041124
v 0.062845 0.043076 0.012961
v 0.060626 0.039915 0.017967
v 0.009431 0.013773 0.045751
v 0.010308 0.015491 0.042586
v 0.007640 0.020719 0.045488
v -0.090785 -0.007815 -0.060376
v -0.091084 -0.007773 -0.063331
v -0.089853 -0.011804 -0.062178
v -0.089902 -0.011843 -0.059169
v 0.004686 0.019614 0.050680
v 0.004642 0.023855 0.049855
v 0.007568 0.023936 0.046441
v 0.034912 0.062114 0.039414
v 0.036548 0.069797 0.035896
v 0.044310 0.068573 0.030432
v 0.042784 0.061375 0.034247
v 0.021017 0.109936 0.012527
v -0.090540 0.000310 -0.060388
v -0.091156 0.000388 -0.063611
v 0.010202 0.111338 0.015327
v 0.004849 0.033662 0.049468
v 0.009174 0.033802 0.048040
v 0.007994 0.030270 0.047158
v -0.094468 0.009677 -0.065161
v -0.094411 0.003487 -0.065408
v -0.094262 0.010152 -0.066041
v -0.080584 0.012130 -0.058562
v -0.080367 0.014896 -0.062715
v -0.079386 0.008068 -0.064326
v -0.080723 0.009317 -0.060051
v 0.004853 0.030221 0.049278
v 0.025242 0.003232 0.039297
v 0.026221 0.005617 0.038674
v 0.068369 -0.030555 -0.043671
v 0.069710 -0.031816 -0.043110
v 0.077354 0.015840 -0.032495
v 0.075719 0.005066 -0.030877
v 0.076187 0.013356 -0.021180
v 0.076539 0.026425 -0.023277
v 0.078673 0.038524 -0.026730
v 0.079588 0.047265 -0.032063
v 0.080651 0.031484 -0.039011
v 0.079274 0.024999 -0.034722
v 0.051103 -0.083062 -0.078794
v 0.048758 -0.073205 -0.081598
v 0.004606 0.016232 0.052728
v 0.004564 0.013138 0.054908
v 0.019777 0.035776 -0.149080
v -0.074792 -0.016248 -0.040405
v -0.076221 -0.014104 -0.041606
v -0.075337 -0.016319 -0.042925
v -0.074712 -0.018350 -0.042559
v 0.019138 0.022074 -0.147350
v 0.039907 0.026196 -0.138750
v 0.040316 0.039262 -0.140116
v 0.066419 -0.010657 -0.086667
v -0.077138 -0.021288 -0.056852
v -0.074546 -0.024266 -0.054361
v -0.075138 -0.024608 -0.053738
v -0.077976 -0.023022 -0.055358
v 0.070677 -0.009922 -0.071946
v 0.010950 -0.014815 0.054377
v 0.007837 -0.010567 0.049443
v 0.007802 -0.014187 0.048474
v 0.007523 -0.011751 0.049505
v 0.010938 -0.017333 0.056175
v 0.012971 -0.018112 0.057549
v 0.008686 -0.017603 0.049437
v 0.008006 -0.017411 0.049744
v 0.007266 -0.013884 0.048619
v 0.009185 -0.009983 0.050174
v 0.002245 -0.021772 0.062511
v 0.002915 -0.020450 0.065656
v 0.006862 -0.019054 0.064496
v 0.005336 -0.020456 0.062267
v 0.005583 -0.011455 0.050772
v 0.004634 -0.013450 0.051364
v 0.005668 -0.015323 0.058710
v 0.007448 -0.011482 0.054806
v 0.007961 -0.009454 0.052009
v 0.007336 -0.014592 0.057973
v 0.006169 -0.020430 0.054818
v 0.009093 -0.014444 0.056365
v -0.086840 0.016525 -0.054732
v -0.087004 0.011035 -0.055254
v -0.085404 0.010896 -0.053931
v -0.080484 -0.019531 -0.047286
v -0.081504 -0.018157 -0.049063
v -0.082384 -0.021277 -0.050929
v -0.081181 -0.023429 -0.049450
v 0.081811 -0.017271 -0.049805
v 0.060131 -0.065449 -0.032665
v 0.064053 -0.050312 -0.039509
v 0.062455 -0.050208 -0.044960
v -0.083243 -0.032035 -0.052059
v -0.080865 -0.032275 -0.052739
v -0.078805 -0.034397 -0.049754
v -0.081270 -0.034823 -0.049461
v -0.074506 -0.019569 -0.041530
v -0.074476 -0.018873 -0.040044
v -0.086339 0.004223 -0.063672
v -0.084982 0.010495 -0.061978
v 0.059920 -0.065932 -0.041769
v 0.083943 0.009188 -0.052709
v 0.069664 0.059333 -0.002511
v 0.070784 0.071312 -0.011984
v 0.076531 0.059301 -0.023442
v -0.089219 0.009346 -0.059900
v -0.089861 0.006971 -0.061258
v 0.076412 0.048375 -0.018127
v 0.070982 0.081131 -0.020277
v 0.076560 0.070328 -0.030926
v 0.080105 0.057921 -0.040429
v 0.082189 0.037284 -0.053989
v 0.042772 0.018131 0.034398
v 0.043060 0.017767 0.034351
v 0.041560 0.017335 0.035553
v -0.077634 -0.003557 -0.045873
v -0.075046 -0.002882 -0.046873
v -0.074852 -0.003569 -0.047094
v -0.077997 -0.005179 -0.045785
v 0.041377 0.017756 0.035632
v 0.042366 0.018384 0.034131
v 0.041130 0.017993 0.035111
v -0.078071 -0.003512 -0.044457
v -0.078466 -0.005051 -0.044397
v -0.078222 -0.005442 -0.042897
v -0.077858 -0.004529 -0.042801
v 0.043450 0.018794 0.033302
v 0.043862 0.018516 0.033532
v 0.044057 0.018137 0.033462
v 0.026131 0.018459 0.037932
v 0.026586 0.018638 0.037220
v 0.028984 0.018066 0.038220
v 0.028751 0.017888 0.038999
v 0.025998 0.018053 0.038224
v 0.029045 0.017366 0.039094
v -0.074422 -0.002623 -0.047814
v -0.074483 -0.002850 -0.047305
v -0.075017 -0.002408 -0.047693
v -0.079666 0.000625 -0.058559
v -0.081283 -0.007457 -0.060371
v -0.078891 -0.007556 -0.059423
v -0.075593 0.000142 -0.058038
v 0.025265 0.019923 0.032083
v 0.024968 0.020560 0.032084
v -0.091564 -0.006550 -0.064817
v 0.026339 0.018991 0.032334
v 0.023993 0.020688 0.034470
v 0.023825 0.021890 0.034413
v -0.086388 0.020839 -0.044707
v -0.084827 0.022614 -0.044428
v -0.087241 0.026400 -0.049189
v 0.024459 0.022360 0.032019
v 0.024661 0.021124 0.032024
v 0.024325 0.020148 0.034721
v -0.076843 -0.016871 -0.051659
v -0.078961 -0.015884 -0.048512
v -0.076984 -0.015984 -0.047133
v -0.075680 -0.017332 -0.050148
v -0.074470 -0.012020 -0.045521
v -0.072526 -0.015464 -0.044628
v -0.076845 -0.013611 -0.044392
v -0.078000 0.002397 -0.044042
v -0.076482 -0.001386 -0.047179
v -0.077389 -0.002449 -0.045595
v -0.077749 -0.002184 -0.044171
v -0.091528 -0.015518 -0.063399
v -0.093389 -0.010343 -0.065407
v -0.091472 -0.010421 -0.066747
v -0.089587 -0.015908 -0.064745
v 0.022637 0.019848 0.035311
v 0.022263 0.020275 0.035101
v -0.072671 -0.029312 -0.037876
v -0.070610 -0.032133 -0.040631
v -0.072526 -0.026249 -0.036844
v -0.096026 0.021448 -0.061387
v -0.091742 0.024022 -0.061884
v -0.092042 0.021827 -0.064261
v -0.096368 0.019285 -0.063549
v -0.074558 0.004248 -0.052775
v -0.074741 0.001986 -0.052427
v -0.075189 0.003670 -0.050755
v -0.075165 0.005630 -0.050792
v 0.022293 0.021426 0.035104
v 0.033660 0.016288 0.039113
v 0.034035 0.015584 0.038803
v 0.029563 0.016064 0.038975
v 0.029370 0.016740 0.039096
v 0.033316 0.016899 0.039244
v 0.036621 0.016904 0.038510
v 0.036979 0.016296 0.038263
v 0.037334 0.015640 0.037857
v -0.053804 -0.032450 -0.093746
v -0.062352 -0.032494 -0.074415
v -0.066079 -0.018747 -0.082693
v -0.058817 -0.019001 -0.098874
v -0.084354 -0.029470 -0.051534
v -0.083150 -0.031815 -0.049119
v -0.079143 0.010326 -0.042516
v -0.078744 0.012221 -0.041018
v -0.080411 0.017731 -0.041718
v -0.080657 0.014416 -0.042125
v 0.026189 0.016935 0.038387
v 0.026104 0.017559 0.038361
v 0.037669 0.014893 0.037399
v 0.034362 0.014774 0.038347
v -0.092909 0.005134 -0.070065
v -0.095845 0.004417 -0.068404
v 0.029750 0.015188 0.038698
v 0.026090 0.016294 0.038389
v 0.022881 0.017592 0.037647
v 0.023334 0.018091 0.037633
v 0.034665 0.013916 0.037991
v 0.034549 0.012982 0.037821
v 0.029724 0.013308 0.038323
v 0.029824 0.014223 0.038425
v -0.081607 0.016293 -0.048594
v -0.085818 0.019916 -0.051478
v -0.083478 0.017420 -0.050699
v -0.081433 0.016017 -0.049089
v -0.080213 0.008363 -0.047443
v -0.080977 0.009748 -0.046822
v -0.079649 0.010613 -0.046916
v -0.078622 0.009168 -0.047175
v 0.037893 0.014062 0.036978
v 0.037878 0.013097 0.036812
v -0.079013 0.016723 -0.039389
v -0.080509 0.021698 -0.042168
v 0.045859 0.018316 0.031665
v 0.046434 0.018815 0.030962
v 0.046629 0.018054 0.030789
v -0.070392 -0.024998 -0.053216
v 0.046329 0.017579 0.031166
v 0.049708 0.014822 0.027567
v 0.050695 0.016189 0.026814
v 0.052939 0.014938 0.025270
v -0.080858 0.009340 -0.044999
v -0.081784 0.011985 -0.044203
v -0.082084 0.011283 -0.046517
v -0.073323 -0.021154 -0.036344
v -0.073975 -0.019318 -0.038393
v -0.080525 0.014756 -0.049110
v -0.079809 0.013715 -0.049207
v -0.078175 0.010533 -0.048926
v -0.078535 0.008078 -0.050107
v 0.051583 0.013505 0.026466
v -0.085986 0.001481 -0.056609
v -0.087931 -0.007047 -0.058250
v 0.060368 0.005438 0.022511
v 0.053758 0.011048 0.025700
v 0.055202 0.012624 0.023779
v 0.045142 0.017885 0.032442
v 0.044296 0.017578 0.033296
v 0.044925 0.018511 0.032614
v 0.045610 0.018929 0.031901
v 0.045684 0.017205 0.031929
v 0.044729 0.016875 0.032958
v 0.043353 0.017220 0.034203
v 0.043718 0.016481 0.033951
v 0.042163 0.016040 0.035180
v 0.041844 0.016732 0.035402
v 0.039598 0.016444 0.036851
v -0.070054 -0.018121 -0.068584
v -0.067298 -0.031979 -0.054025
v 0.039337 0.017043 0.037038
v 0.039976 0.015763 0.036496
v 0.042507 0.015298 0.034908
v 0.040392 0.015029 0.036143
v 0.044199 0.015729 0.033485
v 0.045311 0.016151 0.032355
v 0.046206 0.016564 0.031310
v 0.046888 0.016988 0.030523
v 0.047307 0.017654 0.030018
v 0.046835 0.015783 0.030441
v 0.047533 0.014980 0.029617
v 0.046242 0.014456 0.030969
v 0.045825 0.015348 0.031622
v 0.047687 0.016335 0.029526
v 0.048549 0.015639 0.028547
v -0.078552 0.010963 -0.046875
v -0.078381 0.011211 -0.047201
v -0.077484 0.010271 -0.047983
v -0.077668 0.009865 -0.047190
v 0.044554 0.014989 0.032984
v 0.044813 0.014144 0.032434
v 0.042897 0.013738 0.034080
v 0.042743 0.014637 0.034589
v -0.082042 -0.033573 -0.046841
v -0.084453 0.007654 -0.054093
v -0.081140 0.006318 -0.052620
v -0.081777 0.008130 -0.051402
v 0.040708 0.014282 0.035779
v 0.040864 0.013365 0.035356
v -0.093783 -0.004678 -0.064024
v -0.095145 0.003529 -0.064987
v -0.096200 0.003977 -0.066497
v -0.094727 -0.004884 -0.065238
v 0.033186 0.017367 0.039200
v 0.033085 0.017612 0.038578
v 0.036255 0.017613 0.037937
v 0.036470 0.017363 0.038533
v 0.039114 0.017490 0.037040
v -0.070939 -0.033150 -0.041396
v -0.074655 0.001078 -0.053399
v -0.075956 -0.000819 -0.052639
v 0.038979 0.017767 0.036463
v 0.036388 0.016510 0.035411
v 0.035538 0.017091 0.031666
v 0.038396 0.017143 0.030855
v 0.039575 0.016741 0.034264
v -0.075413 0.007012 -0.050603
v -0.076431 0.008795 -0.048919
v 0.032691 0.016334 0.035925
v 0.032266 0.017445 0.032224
v 0.029067 0.016902 0.036132
v -0.074176 -0.016371 -0.038288
v 0.029011 0.018139 0.032399
v 0.026576 0.018483 0.035830
v 0.035234 0.029441 0.038269
v 0.035531 0.029544 0.038824
v 0.040273 0.028936 0.038260
v 0.039762 0.028773 0.037609
v 0.050787 -0.000383 -0.120712
v 0.052349 0.014702 -0.126031
v 0.039129 0.010210 -0.135536
v 0.042968 0.027112 0.036584
v 0.043022 0.027599 0.036506
v 0.045412 0.026450 0.035109
v 0.045150 0.025931 0.035150
v 0.042828 0.026460 0.036578
v -0.092356 0.017692 -0.063277
v -0.092824 0.015858 -0.064677
v -0.090523 0.016304 -0.061991
v -0.090106 0.017490 -0.060454
v -0.089259 0.018582 -0.056632
v -0.089829 0.020347 -0.056221
v -0.091559 0.019121 -0.061230
v -0.079553 0.006861 -0.051585
v -0.080709 0.008560 -0.050351
v 0.044848 0.025259 0.034915
v 0.039789 0.027582 0.038080
v -0.079219 -0.020852 -0.045982
v -0.080164 -0.027026 -0.046836
v -0.088363 -0.015350 -0.059968
v -0.088075 -0.014527 -0.057047
v -0.088687 -0.004585 -0.067410
v -0.088873 0.004645 -0.068155
v -0.087292 0.004386 -0.065831
v -0.087284 -0.004276 -0.066049
v 0.039899 0.028199 0.038120
v 0.039848 0.028538 0.037779
v 0.044789 0.023843 0.029962
v 0.043865 0.025412 0.030753
v -0.081483 -0.002925 -0.062533
v -0.078418 -0.002210 -0.063262
v -0.077503 -0.003429 -0.042282
v -0.076880 0.000300 -0.040308
v -0.075565 0.006575 -0.051111
v -0.076024 0.007982 -0.048915
v -0.081665 -0.018652 -0.059244
v -0.077607 -0.025956 -0.052225
v -0.081768 -0.020904 -0.057632
v -0.073336 -0.026577 -0.050241
v -0.073084 -0.027594 -0.048131
v -0.075782 -0.027740 -0.049712
v 0.043817 0.024193 0.033284
v 0.044561 0.023106 0.032179
v 0.045223 0.023073 0.029276
v 0.044978 0.022313 0.031270
v 0.044853 0.023557 0.026081
v 0.044060 0.024369 0.026769
v 0.042844 0.025363 0.027765
v -0.084740 -0.018792 -0.054398
v -0.086691 -0.017576 -0.057040
v 0.045328 0.022800 0.025696
v -0.073587 -0.002899 -0.048615
v -0.071929 -0.004440 -0.049727
v -0.073298 -0.003455 -0.047925
v -0.088836 0.000700 -0.058003
v -0.089840 -0.007407 -0.058626
v -0.081153 0.011899 -0.046852
v 0.045647 0.022016 0.025565
v -0.078893 0.001378 -0.049191
v -0.079985 0.004931 -0.046862
v -0.084266 0.015634 -0.046020
v -0.082692 0.013755 -0.046821
v -0.082113 0.012862 -0.046790
v -0.083106 0.013366 -0.046075
v -0.067081 -0.012960 -0.047527
v -0.070668 -0.014469 -0.046366
v -0.072036 -0.011199 -0.046325
v 0.045633 0.021110 0.025538
v 0.045307 0.020292 0.025878
v 0.062983 -0.011097 0.021957
v 0.063063 0.000337 0.021274
v -0.088407 0.020620 -0.055240
v -0.088678 0.018422 -0.056392
v -0.086412 0.011277 -0.063729
v 0.065506 -0.007700 0.017899
v 0.044636 0.018939 0.032736
v -0.080079 0.012416 -0.051483
v -0.081087 0.010773 -0.052195
v 0.045324 0.019390 0.031988
v -0.082263 0.023678 -0.057321
v -0.081897 0.021921 -0.053836
v -0.082016 0.022255 -0.052570
v -0.082274 0.026198 -0.052727
v 0.044119 0.019235 0.032618
v -0.072586 -0.030450 -0.045287
v -0.075324 -0.030225 -0.047982
v -0.075018 -0.028865 -0.048278
v -0.072745 -0.028955 -0.046336
v -0.076175 -0.016236 -0.046558
v -0.075242 -0.017547 -0.049276
v 0.044543 0.019570 0.032036
v -0.089946 -0.013996 -0.062430
v -0.089109 -0.014852 -0.061510
v -0.090560 -0.010814 -0.063502
v -0.091788 -0.009651 -0.064057
v 0.045834 0.019885 0.031195
v 0.046304 0.019419 0.031096
v 0.042973 0.017527 0.031958
v 0.042684 0.017908 0.028959
v 0.043846 0.018445 0.028009
v -0.075751 0.005141 -0.054375
v -0.074696 0.003893 -0.054993
v -0.082771 0.016504 -0.054778
v -0.084811 0.019135 -0.056311
v -0.083618 0.022005 -0.052567
v -0.082167 0.019579 -0.052381
v -0.087786 0.012078 -0.066188
v 0.043929 0.018410 0.030786
v 0.041798 0.016970 0.033008
v 0.040877 0.017424 0.029931
v 0.044365 0.018996 0.027229
v 0.044936 0.019616 0.026433
v -0.081205 0.009607 -0.051892
v -0.081922 0.009810 -0.052895
v 0.044468 0.018916 0.030147
v -0.080571 0.010003 -0.051443
v 0.044959 0.019471 0.029305
v 0.044961 0.020023 0.031318
v -0.077982 0.008224 -0.047577
v -0.079579 0.006979 -0.047978
v -0.083606 0.015567 -0.047342
v -0.087760 0.019094 -0.050532
v -0.086920 0.018640 -0.050261
v -0.083173 0.015906 -0.047824
v 0.045597 0.020865 0.028546
v 0.045638 0.021529 0.028596
v 0.045350 0.020458 0.030576
v -0.078620 0.012632 -0.048354
v 0.045718 0.021047 0.029914
v 0.045355 0.020246 0.028713
v -0.015742 -0.034059 -0.122527
v -0.017451 -0.023847 -0.129319
v 0.045518 0.022332 0.028828
v 0.045419 0.021644 0.030441
v 0.046897 0.018793 0.030429
v 0.046816 0.019845 0.030399
v 0.047789 0.020777 0.029551
v 0.047589 0.018610 0.029694
v -0.082247 0.022690 -0.044600
v -0.083391 0.024437 -0.048777
v -0.084317 0.025498 -0.049084
v -0.082749 0.023639 -0.045670
v -0.089642 0.016296 -0.059878
v 0.048725 0.018470 0.028693
v 0.048269 0.017153 0.028923
v 0.049245 0.021156 0.028943
v 0.050719 0.021469 0.028301
v -0.094254 0.012619 -0.064955
v -0.077075 -0.001918 -0.050969
v -0.073810 -0.005199 -0.050961
v 0.050031 0.018377 0.027714
v 0.049298 0.016794 0.027948
v 0.046336 0.020301 0.030530
v -0.064228 -0.006535 -0.049506
v -0.064511 -0.005308 -0.049734
v -0.065261 -0.005849 -0.050855
v -0.064810 -0.007460 -0.050789
v 0.046681 0.020865 0.030038
v 0.048618 0.022458 0.030204
v -0.067378 -0.011564 -0.051129
v -0.070106 -0.012770 -0.050082
v -0.069248 -0.014733 -0.048646
v -0.066493 -0.013994 -0.050592
v 0.049613 0.023110 0.029992
v 0.047352 0.021904 0.030564
v 0.046853 0.022892 0.031879
v 0.047904 0.023591 0.031891
v -0.063588 -0.009841 -0.049865
v -0.063920 -0.008193 -0.049531
v -0.064782 -0.009148 -0.050911
v -0.064742 -0.011096 -0.051235
v 0.048569 0.024246 0.031904
v 0.046781 0.024698 0.033509
v -0.087883 0.020210 -0.052952
v -0.089698 0.020379 -0.054454
v 0.047287 0.025289 0.033527
v 0.046045 0.024040 0.033311
v 0.046258 0.021694 0.030757
v -0.095027 0.011955 -0.064056
v -0.095237 0.009684 -0.064767
v -0.093454 0.016459 -0.062191
v -0.093851 0.014756 -0.063562
v 0.045821 0.022480 0.031664
v 0.045207 0.023433 0.032836
v 0.044334 0.024491 0.034117
v -0.076757 -0.011486 -0.041357
v -0.077835 -0.011202 -0.043251
v -0.077426 -0.012880 -0.043271
v -0.096053 0.015376 -0.064083
v -0.096500 0.016886 -0.065364
v -0.075157 -0.029230 -0.038726
v -0.074175 -0.030638 -0.037960
v -0.046504 -0.101619 -0.025008
v -0.055484 -0.095889 -0.036524
v -0.054903 -0.105470 -0.036607
v -0.046011 -0.110805 -0.025586
v -0.084549 0.017931 -0.044005
v -0.083921 0.020364 -0.042926
v 0.042603 0.025882 0.035984
v 0.042264 0.025575 0.035184
v 0.039633 0.026937 0.037584
v -0.063970 -0.011279 -0.048291
v -0.064067 -0.012455 -0.050400
v -0.066594 -0.014093 -0.048979
v -0.069230 -0.007149 -0.047223
v -0.064971 -0.006439 -0.047798
v 0.039479 0.026635 0.036855
v 0.036120 0.030227 0.040013
v 0.041484 0.029885 0.039345
v 0.039388 0.027928 0.033869
v 0.037680 0.026946 0.030880
v 0.035125 0.027217 0.032219
v 0.035956 0.028525 0.035611
v -0.067378 -0.009916 -0.050982
v 0.024035 0.022715 0.034617
v 0.024517 0.023970 0.035154
v -0.068697 -0.004955 -0.050484
v -0.069378 -0.003952 -0.048851
v -0.071823 -0.017925 -0.045785
v -0.073512 -0.018199 -0.048187
v -0.074997 -0.018296 -0.044690
v -0.064464 -0.012798 -0.051162
v -0.075376 0.006147 -0.052159
v 0.025017 0.024516 0.032595
v 0.024425 0.023264 0.032125
v 0.023089 0.022287 0.035505
v 0.024249 0.023591 0.036156
v -0.070469 -0.008950 -0.050866
v -0.073902 -0.011608 -0.052629
v -0.073645 -0.013730 -0.051657
v -0.070361 -0.010846 -0.050742
v -0.083009 -0.021725 -0.052411
v -0.083411 -0.019811 -0.052339
v -0.078152 -0.016093 -0.053312
v -0.080962 -0.015867 -0.051230
v -0.076450 0.001076 -0.051182
v -0.078151 0.004366 -0.049487
v -0.073798 -0.002681 -0.048295
v -0.071203 -0.006747 -0.050679
v -0.073577 -0.008916 -0.052558
v -0.069446 -0.005661 -0.047485
v -0.073340 -0.005725 -0.047072
v -0.073179 -0.004670 -0.047328
v -0.069379 -0.004674 -0.047780
v -0.083922 0.010776 -0.053268
v -0.082237 0.017915 -0.042351
v -0.083011 0.015062 -0.043934
v -0.082574 0.027774 -0.069429
v -0.080560 0.019307 -0.074183
v -0.081655 0.020336 -0.061192
v -0.067181 -0.008133 -0.050780
v -0.065419 -0.004280 -0.049347
v -0.065790 -0.004605 -0.047946
v -0.088894 -0.018101 -0.059683
v -0.076011 -0.018529 -0.044245
v -0.076472 0.006340 -0.048704
v -0.088030 -0.009885 -0.066027
v -0.086533 -0.015011 -0.064179
v -0.075828 0.007607 -0.049014
v -0.076800 0.008756 -0.047811
v -0.074401 -0.017989 -0.048852
v -0.075678 -0.017234 -0.045740
v -0.077077 0.009219 -0.047634
v -0.077396 -0.011751 -0.044647
v -0.088937 0.010831 -0.058430
v 0.028112 0.027358 0.036689
v 0.028734 0.026645 0.033216
v -0.079030 -0.029715 -0.053119
v -0.077372 -0.031204 -0.050214
v 0.026078 0.025984 0.033033
v -0.065349 -0.005417 -0.047960
v 0.025769 0.025805 0.036031
v -0.069172 -0.014797 -0.047931
v -0.068369 -0.006380 -0.050971
v 0.028915 0.026291 0.037959
v 0.026109 0.024909 0.037058
v 0.035887 0.027244 0.038000
v -0.075610 -0.007809 -0.046005
v -0.075186 -0.010001 -0.045776
v -0.077859 -0.009511 -0.044759
v 0.021322 0.071860 -0.145875
v 0.020770 0.056089 -0.149082
v -0.082442 -0.015480 -0.052794
v -0.078983 -0.014867 -0.055515
v -0.079993 -0.013801 -0.057525
v -0.083998 -0.014551 -0.054376
v -0.084963 -0.019877 -0.062054
v -0.083092 -0.024300 -0.059080
v -0.085571 -0.025906 -0.058771
v -0.087672 -0.021346 -0.062284
v 0.040720 0.058042 -0.140161
v 0.040782 0.071765 -0.137595
v -0.083392 0.043250 -0.078097
v -0.083321 0.033643 -0.062559
v -0.084209 0.049957 -0.066658
v -0.086985 0.020591 -0.061525
v -0.087193 0.018003 -0.063163
v -0.092076 0.019129 -0.066201
v -0.081704 0.024765 -0.046934
v -0.082281 0.022322 -0.050727
v -0.081944 0.024018 -0.048334
v -0.092186 -0.004860 -0.068699
v 0.042406 0.026908 0.032072
v 0.040591 0.026312 0.029347
v 0.051240 0.073054 -0.129907
v 0.050386 0.081823 -0.127028
v 0.041239 0.083557 -0.132454
v 0.035869 -0.061308 -0.099822
v 0.025473 -0.071476 -0.107612
v -0.078407 0.006374 -0.043146
v -0.080461 0.007119 -0.045766
v 0.022304 0.021909 0.036654
v -0.080567 -0.017553 -0.059954
v 0.023802 0.023232 0.037140
v -0.083828 -0.016300 -0.052447
v -0.085878 -0.015722 -0.054598
v -0.093371 0.021647 -0.054399
v -0.089591 0.019951 -0.052233
v 0.021263 0.020965 0.036255
v 0.020109 0.020625 0.036498
v 0.021055 0.021848 0.036808
v 0.022632 0.023454 0.037342
v 0.025693 0.024821 0.037819
v 0.024778 0.025230 0.038181
v 0.028027 0.027099 0.039050
v 0.028648 0.026469 0.038706
v 0.035755 0.027390 0.038797
v 0.035541 0.028070 0.039020
v 0.027361 0.027559 0.038900
v 0.024101 0.025652 0.037960
v 0.026830 0.027956 0.038452
v 0.023832 0.026336 0.037611
v 0.035206 0.029241 0.038610
v 0.035376 0.028748 0.039016
v 0.023453 0.018422 0.037458
v 0.020547 0.018977 0.036886
v 0.023787 0.018924 0.037036
v 0.021623 0.019477 0.036591
v 0.024774 0.019197 0.036229
v 0.020953 0.019836 0.036374
v 0.019886 0.019415 0.036617
v -0.010574 -0.114027 0.000076
v -0.010429 -0.119851 -0.003726
v 0.024894 0.019434 0.035032
v 0.020042 0.021949 0.036378
v 0.019005 0.020344 0.036336
v 0.018811 0.022118 0.035920
v 0.017777 0.020211 0.036001
v 0.020907 0.024436 0.036467
v 0.021704 0.023820 0.036913
v 0.018795 0.018993 0.036527
v 0.019430 0.018459 0.036819
v 0.017701 0.018704 0.036269
v 0.018446 0.017970 0.036562
v 0.025858 0.015573 0.038338
v 0.025549 0.014709 0.038223
v 0.022218 0.016905 0.037651
v 0.021527 0.016182 0.037493
v 0.034254 0.011791 0.037611
v 0.037652 0.011991 0.036669
v 0.033741 0.010387 0.037495
v -0.008465 -0.011554 0.053607
v -0.009924 -0.011846 0.052213
v -0.008941 -0.009934 0.051208
v -0.008199 -0.009838 0.051862
v 0.037312 0.010390 0.036518
v 0.028681 0.010892 0.038141
v 0.029292 0.012206 0.038230
v 0.033849 -0.115663 -0.017685
v 0.048414 0.013969 0.028904
v 0.049879 0.012345 0.028258
v 0.048086 0.011587 0.029990
v 0.046903 0.013453 0.030380
v 0.045233 0.013017 0.031915
v -0.008811 -0.020384 0.052388
v -0.008223 -0.018808 0.051283
v -0.009028 -0.019075 0.050573
v -0.009738 -0.020362 0.051453
v 0.045869 0.011090 0.031870
v 0.043308 0.010819 0.033614
v 0.043100 0.012628 0.033632
v 0.040788 0.012299 0.035134
v 0.040652 0.010581 0.035096
v 0.051769 0.017868 0.026396
v 0.053016 0.021261 0.026329
v 0.053919 0.016900 0.024671
v 0.055352 0.020788 0.024016
v 0.017195 0.022707 0.035972
v -0.005701 -0.010067 0.051073
v -0.004203 -0.013035 0.053800
v -0.005660 -0.011663 0.055331
v -0.006942 -0.009311 0.051900
v 0.016381 0.020463 0.035804
v 0.014918 0.023440 0.036905
v 0.014506 0.020877 0.036370
v 0.016421 0.026476 0.038233
v 0.018815 0.025744 0.037113
v 0.016697 0.018515 0.035986
v 0.017446 0.017424 0.036252
v 0.015224 0.018234 0.036178
v 0.016350 0.016729 0.036379
v 0.024900 0.013575 0.038033
v 0.024200 0.012318 0.037913
v 0.020724 0.015298 0.037288
v 0.019705 0.014256 0.037290
v 0.048803 -0.011429 -0.115814
v 0.053464 0.030578 -0.128893
v 0.049192 0.034310 0.036978
v 0.046967 0.031252 0.037964
v 0.043142 0.032200 0.040165
v 0.044993 0.035820 0.040253
v 0.051196 0.039055 0.034520
v 0.053815 0.035682 0.031489
v 0.051929 0.032157 0.033847
v 0.049763 0.029701 0.035381
v 0.053784 0.024187 0.027358
v 0.052092 0.024084 0.029058
v 0.052148 0.025873 0.030695
v 0.053801 0.026588 0.029058
v 0.056022 0.024338 0.024882
v 0.056263 0.027830 0.026629
v 0.053191 0.029050 0.031335
v 0.051249 0.027686 0.032927
v 0.055345 0.031396 0.029196
v 0.024943 0.031687 0.041324
v 0.025839 0.030236 0.039713
v 0.022621 0.028120 0.038138
v 0.020822 0.028724 0.039090
v 0.023307 0.032972 0.042271
v 0.018573 0.029376 0.040004
v 0.038482 0.036763 0.043047
v 0.037215 0.032770 0.041751
v 0.026503 0.028276 0.038102
v 0.024110 0.026827 0.037688
v 0.026368 0.028499 0.038248
v 0.023953 0.027044 0.037631
v 0.059297 0.093023 -0.109086
v 0.061796 0.099220 -0.096576
v 0.044711 0.109892 -0.102940
v 0.043691 0.102264 -0.115249
v 0.043068 0.027726 0.036506
v 0.043546 0.027959 0.037204
v 0.046245 0.026972 0.035655
v 0.045590 0.026671 0.035185
v 0.047637 0.025657 0.033617
v 0.048385 0.025985 0.033807
v 0.049815 0.024976 0.031972
v 0.049036 0.024692 0.031970
v 0.049787 0.024010 0.030720
v 0.050448 0.023881 0.030277
v 0.023770 0.027714 0.038013
v 0.026325 0.028995 0.038704
v 0.052607 0.060993 -0.131108
v 0.046111 0.076422 0.025236
v 0.053450 0.072879 0.018687
v 0.051295 0.066067 0.024464
v 0.044883 0.029046 0.037975
v 0.047720 0.027988 0.035911
v 0.049681 0.026713 0.033738
v 0.050847 0.025391 0.031819
v 0.051262 0.024427 0.030447
v 0.073837 -0.013099 -0.036412
v 0.074597 -0.013081 -0.038016
v 0.081939 -0.002829 -0.061890
v 0.079857 0.003817 -0.061407
v 0.078866 0.007222 -0.060601
v 0.082128 0.016252 -0.046477
v 0.086479 0.019221 -0.049129
v 0.086064 -0.021951 -0.056204
v 0.082865 -0.023609 -0.052454
v -0.092967 0.025053 -0.055318
v 0.086154 -0.020858 -0.056746
v 0.092893 0.015568 -0.059730
v 0.093270 0.013811 -0.060976
v 0.094164 0.013613 -0.060763
v 0.041441 -0.032729 -0.106563
v 0.046162 -0.020152 -0.112010
v 0.093762 0.011685 -0.062352
v 0.077047 -0.008245 -0.040254
v 0.083477 -0.003471 -0.062103
v 0.085674 -0.004104 -0.063711
v 0.086080 -0.009315 -0.064143
v 0.085300 -0.008689 -0.063058
v 0.084817 -0.014183 -0.062400
v 0.084146 -0.013135 -0.061746
v 0.087944 -0.018087 -0.059117
v 0.090258 -0.014546 -0.060745
v 0.087711 0.019713 -0.050038
v 0.086705 0.018716 -0.048518
v 0.088532 0.019367 -0.050202
v 0.077747 -0.009481 -0.041704
v 0.080212 0.014836 -0.046456
v 0.079599 0.012403 -0.045470
v 0.079335 0.012726 -0.045933
v 0.073824 -0.004213 -0.045709
v 0.073903 -0.003233 -0.045826
v 0.074999 -0.005741 -0.045225
v 0.077663 -0.007404 -0.043976
v 0.070997 -0.015237 -0.044019
v 0.070252 -0.016657 -0.046316
v 0.070808 -0.017765 -0.045553
v 0.089412 0.026414 -0.054356
v 0.079540 0.011465 -0.045283
v 0.081110 0.012521 -0.045194
v 0.081533 0.013710 -0.045320
v 0.089379 0.019078 -0.050377
v 0.081775 0.014578 -0.045540
v 0.081040 0.014524 -0.045589
v 0.082790 0.016036 -0.046282
v 0.080502 0.014449 -0.045873
v 0.077968 -0.011010 -0.057654
v 0.076479 -0.011252 -0.055781
v 0.076663 0.008328 -0.036764
v 0.077046 0.006090 -0.038971
v 0.081838 -0.024237 -0.050378
v 0.079096 0.014880 -0.056836
v 0.079242 0.017137 -0.058210
v 0.091574 -0.009762 -0.062472
v 0.084354 -0.015048 -0.053475
v 0.082158 -0.015574 -0.051548
v 0.086262 -0.014042 -0.055178
v 0.087974 -0.011518 -0.056741
v 0.074265 0.005052 -0.051352
v 0.087642 0.008743 -0.054890
v 0.088310 0.006516 -0.056224
v 0.085887 0.008810 -0.053481
v 0.080804 0.020737 -0.056543
v 0.080614 0.020856 -0.054061
v 0.081389 0.015361 -0.054096
v 0.079910 0.019413 -0.053294
v 0.073069 -0.011670 -0.044417
v 0.072941 -0.017965 -0.047971
v 0.071952 -0.015797 -0.048600
v 0.073975 -0.017699 -0.048874
v 0.073469 -0.016762 -0.050148
v 0.074067 -0.015029 -0.051825
v 0.074866 -0.013034 -0.053134
v 0.074752 -0.010683 -0.053955
v 0.072751 -0.007420 -0.045284
v 0.081426 0.020705 -0.042953
v 0.072193 -0.009371 -0.045074
v 0.074135 -0.005658 -0.045418
v 0.074292 -0.007506 -0.044969
v 0.073969 -0.009564 -0.044545
v 0.078522 -0.018578 -0.045417
v 0.079576 -0.016792 -0.047774
v 0.076918 -0.017878 -0.044846
v 0.080741 -0.016058 -0.049735
v 0.075748 -0.017559 -0.044430
v 0.078979 0.016296 -0.055165
v 0.079460 0.019283 -0.055407
v 0.074193 -0.009561 -0.034382
v 0.067624 -0.002107 0.013145
v 0.069153 0.007763 0.007906
v 0.025896 -0.052836 0.024489
v 0.024819 -0.055785 0.024871
v 0.059553 -0.014237 0.026151
v 0.054701 -0.017180 0.031004
v 0.025099 -0.047562 0.036710
v 0.024293 -0.048154 0.036732
v 0.023380 -0.047559 0.036840
v 0.024191 -0.047339 0.036613
v 0.022032 -0.046989 0.034949
v 0.022841 -0.047143 0.034318
v 0.023013 -0.047166 0.035188
v 0.022264 -0.046921 0.035855
v 0.029742 -0.032729 0.040476
v 0.033899 -0.028708 0.041124
v 0.036332 -0.033077 0.039524
v 0.032331 -0.036364 0.039497
v 0.024773 -0.048255 0.027127
v 0.024544 -0.046974 0.027527
v 0.023281 -0.046959 0.031300
v 0.023770 -0.047544 0.030955
v 0.024472 -0.051026 0.027136
v 0.023536 -0.048901 0.030745
v 0.026501 -0.048839 0.024533
v 0.025788 -0.046649 0.024981
v 0.034660 -0.054171 0.033921
v 0.030758 -0.051798 0.034730
v 0.031784 -0.048743 0.035561
v 0.035684 -0.049586 0.034671
v 0.025864 -0.021018 0.042414
v 0.030178 -0.024872 0.042106
v 0.026488 -0.028891 0.041389
v 0.022668 -0.024588 0.041615
v 0.018810 -0.019795 0.042461
v 0.021752 -0.017018 0.042611
v 0.017244 -0.012483 0.047071
v 0.017880 -0.016293 0.047869
v 0.017401 -0.017440 0.051208
v 0.017683 -0.015120 0.050251
v 0.015437 -0.021286 0.049041
v 0.017990 -0.018513 0.046181
v 0.011549 -0.022441 0.048986
v -0.011787 -0.020552 0.051827
v -0.010822 -0.019091 0.050669
v -0.011883 -0.018340 0.052379
v -0.013193 -0.019554 0.053552
v 0.011154 -0.021921 0.050149
v 0.015486 -0.021577 0.047244
v -0.004936 -0.019934 0.060082
v -0.006086 -0.017848 0.060245
v -0.004979 -0.018671 0.057840
v -0.004851 -0.020492 0.057469
v 0.015815 -0.022288 0.045070
v 0.012023 -0.022913 0.047672
v 0.010460 -0.021205 0.051385
v 0.013190 -0.021080 0.051543
v -0.007672 -0.017194 0.059683
v -0.009373 -0.017725 0.061425
v -0.011046 -0.017680 0.059789
v -0.009069 -0.017172 0.058150
v -0.004755 -0.016400 0.052992
v -0.005837 -0.018201 0.054283
v -0.004089 -0.016454 0.056533
v -0.012021 -0.016406 0.050578
v -0.010341 -0.017514 0.049312
v -0.009749 -0.013793 0.048385
v -0.011132 -0.012873 0.049419
v 0.014966 -0.019244 0.053282
v 0.004604 -0.021069 0.059832
v 0.006024 -0.019874 0.061911
v 0.009397 0.011541 0.048458
v 0.012134 0.008010 0.045491
v 0.009407 0.008760 0.050361
v 0.012142 0.005645 0.047440
v 0.014098 -0.017287 0.057142
v 0.015528 -0.015161 0.055628
v 0.011891 -0.016213 0.060844
v 0.012659 -0.013350 0.060533
v 0.004735 0.027149 0.049515
v 0.002183 -0.023914 0.054989
v 0.002408 -0.024452 0.054179
v 0.001957 -0.023070 0.057158
v 0.022233 0.094978 -0.133545
v 0.022756 0.107458 -0.122257
v 0.022154 0.121302 -0.099153
v 0.019887 0.126010 -0.086784
v 0.006031 -0.040219 0.052616
v 0.005550 -0.037745 0.052569
v 0.012812 -0.040409 0.038467
v 0.007225 -0.040216 0.039928
v 0.006877 -0.044088 0.042642
v 0.012136 -0.044093 0.041135
v 0.016301 -0.044301 0.038869
v 0.017206 -0.040824 0.036327
v 0.013431 -0.036899 0.037020
v 0.007699 -0.036559 0.038564
v 0.012068 -0.046379 0.044495
v 0.006888 -0.046412 0.046684
v 0.006805 -0.044817 0.049724
v 0.012184 -0.045170 0.046994
v 0.018520 -0.026609 0.043270
v 0.014495 -0.026050 0.045719
v 0.010216 -0.026078 0.048984
v 0.006812 -0.026335 0.051425
v 0.006073 -0.024423 0.052068
v 0.008757 -0.023703 0.050058
v 0.005705 -0.023731 0.052708
v 0.008368 -0.023129 0.050946
v 0.008136 -0.022572 0.051696
v 0.008772 -0.021406 0.052491
v 0.006856 -0.021601 0.053587
v 0.007460 -0.020424 0.053321
v 0.005589 -0.023032 0.053206
v 0.004653 0.002600 0.061775
v 0.004482 0.006440 0.059371
v 0.010157 -0.036047 0.050837
v 0.005165 -0.035656 0.052182
v 0.004526 -0.031661 0.052063
v 0.008944 -0.031629 0.050768
v 0.013541 -0.032309 0.048355
v 0.015185 -0.037678 0.048256
v 0.002775 -0.025077 0.053463
v 0.010544 -0.038191 0.050940
v 0.010919 -0.040624 0.050635
v 0.015688 -0.039925 0.048163
v 0.016013 -0.042066 0.047637
v 0.019906 -0.040068 0.045004
v 0.018869 -0.034199 0.045421
v 0.024626 -0.036187 0.042066
v 0.023782 -0.042628 0.041605
v 0.031624 -0.045680 0.036702
v 0.026491 -0.047820 0.036586
v 0.026697 -0.046616 0.037237
v 0.026405 -0.045502 0.038247
v 0.030778 -0.042665 0.038185
v 0.035396 -0.045020 0.035917
v 0.034317 -0.040538 0.037602
v 0.028714 -0.039581 0.039917
v 0.025671 -0.044263 0.039572
v 0.025317 -0.046938 0.037336
v 0.024341 -0.047065 0.037030
v 0.025138 -0.046291 0.038235
v 0.024141 -0.046805 0.037837
v 0.024545 -0.045665 0.039372
v 0.023713 -0.046535 0.038767
v 0.022832 -0.045991 0.040131
v 0.023397 -0.044644 0.041022
v 0.022341 -0.047128 0.035177
v 0.021404 -0.046994 0.036369
v 0.021524 -0.047080 0.037875
v 0.022375 -0.047169 0.036697
v 0.022885 -0.047180 0.034512
v 0.022828 -0.047148 0.035951
v 0.022700 -0.046325 0.032460
v 0.021395 -0.045462 0.034356
v -0.050741 -0.085819 -0.023775
v -0.057432 -0.082640 -0.037328
v 0.023398 -0.047390 0.033658
v 0.023376 -0.047140 0.034908
v 0.023377 -0.047148 0.036414
v 0.023345 -0.047072 0.037007
v 0.022912 -0.046988 0.037835
v 0.022107 -0.046792 0.038951
v 0.016041 -0.043935 0.046341
v 0.019585 -0.043907 0.044170
v 0.019318 -0.045438 0.042624
v 0.015933 -0.045841 0.044113
v 0.018932 -0.046462 0.040905
v 0.017955 -0.037400 0.035139
v 0.015598 -0.046456 0.042134
v 0.020511 -0.041926 0.033701
v 0.021434 -0.039285 0.031633
v 0.019309 -0.044830 0.036268
v 0.024063 -0.045515 0.028621
v 0.022461 -0.043774 0.031255
v 0.025321 -0.044902 0.026173
v 0.023509 -0.041774 0.029268
v 0.018782 -0.046833 0.038882
v 0.019853 -0.042189 0.044821
v 0.011428 -0.042901 0.049223
v 0.006321 -0.042435 0.051427
v -0.035139 0.003952 0.036575
v -0.034370 0.001037 0.037537
v -0.029990 0.002210 0.038341
v -0.030954 0.004811 0.037601
v 0.005318 -0.005549 0.067308
v 0.005014 -0.001197 0.064423
v 0.022715 -0.047082 0.036698
v 0.010582 -0.124074 -0.007170
v -0.078559 -0.007185 -0.043802
v -0.078065 -0.006440 -0.042519
v -0.087123 0.015154 -0.064777
v 0.025697 -0.048889 0.036383
v 0.023643 -0.053100 0.027041
v 0.022731 -0.049822 0.030892
v 0.031456 -0.058483 0.033848
v 0.026670 -0.062392 0.035980
v 0.024320 -0.058381 0.037433
v 0.028307 -0.055014 0.034989
v 0.021563 -0.051929 0.039450
v 0.024133 -0.050283 0.037288
v -0.093093 0.018130 -0.059384
v 0.022940 -0.048890 0.037937
v 0.020651 -0.049741 0.040118
v 0.019814 -0.048118 0.040464
v 0.022049 -0.047789 0.038052
v 0.018008 -0.046636 0.038764
v 0.013721 -0.046079 0.041722
v 0.013175 -0.049670 0.036891
v 0.017787 -0.050080 0.034442
v 0.021201 -0.050069 0.032071
v 0.021141 -0.046962 0.035834
v -0.086834 0.022639 -0.059321
v -0.085401 0.025102 -0.054547
v -0.084276 0.023504 -0.053516
v -0.085495 0.020827 -0.057673
v 0.018634 -0.046336 0.039680
v 0.021386 -0.046773 0.036787
v 0.014101 -0.045864 0.042861
v 0.021781 -0.120847 -0.011623
v 0.021605 -0.046982 0.037685
v 0.018999 -0.046725 0.040123
v 0.014783 -0.046622 0.043602
v 0.015761 -0.048531 0.044167
v 0.016567 -0.050798 0.044284
v 0.017232 -0.053655 0.043420
v 0.019327 -0.060946 0.041000
v 0.020508 -0.065924 0.040174
v 0.013235 -0.062577 0.044086
v 0.013928 -0.067659 0.043966
v 0.012189 -0.054913 0.047024
v 0.011822 -0.051392 0.048212
v 0.011208 -0.048729 0.047857
v 0.010565 -0.046561 0.046824
v 0.003398 -0.026680 0.052734
v 0.005598 -0.021625 0.054765
v 0.004568 -0.021609 0.057182
v 0.008100 -0.018338 0.062857
v 0.001928 -0.022489 0.059641
v 0.010433 -0.016371 0.062515
v 0.008956 -0.017149 0.064026
v 0.009489 -0.015228 0.064989
v 0.010504 -0.014477 0.063706
v 0.007507 -0.017905 0.065367
v 0.008665 -0.015506 0.066130
v 0.003390 -0.019205 0.067212
v 0.004394 -0.015551 0.069521
v 0.005284 -0.009473 0.069224
v 0.004798 -0.013142 0.069962
v 0.009806 -0.013460 0.065627
v 0.010788 -0.011344 0.064270
v -0.095496 0.018776 -0.060277
v 0.011007 -0.008374 0.061885
v 0.013022 -0.010608 0.058224
v 0.010765 0.132101 -0.043042
v 0.009886 -0.045523 0.045830
v 0.009365 -0.045765 0.043829
v -0.076935 -0.020141 -0.043924
v -0.086787 0.006977 -0.055540
v 0.013001 -0.059665 0.030070
v 0.013043 -0.055395 0.032525
v 0.008688 -0.055317 0.034035
v -0.084825 0.025609 -0.051872
v -0.088383 0.027198 -0.052612
v 0.008719 -0.059969 0.031580
v 0.005135 -0.045629 0.044766
v -0.093389 -0.004729 -0.064524
v -0.095804 0.017145 -0.062345
v -0.093940 0.015781 -0.061231
v -0.085733 0.017950 -0.046291
v -0.080689 -0.010932 -0.059850
v -0.087273 -0.010617 -0.057414
v -0.085694 -0.013181 -0.055912
v -0.079968 -0.012833 -0.058795
v -0.074272 0.002597 -0.054604
v 0.004778 -0.049255 0.039543
v 0.008896 -0.049294 0.038512
v 0.005402 -0.045278 0.047122
v 0.005894 -0.046488 0.048427
v 0.006428 -0.048731 0.049739
v 0.004539 -0.055476 0.034805
v 0.004672 -0.060081 0.032427
v -0.074016 -0.015746 -0.035902
v 0.021947 -0.054578 0.028176
v -0.082275 -0.026578 -0.050005
v -0.083527 -0.025371 -0.052173
v -0.032083 -0.033546 -0.116527
v -0.035564 -0.022443 -0.122509
v -0.094425 -0.004896 -0.067138
v 0.022781 -0.058052 0.026005
v 0.017803 -0.055429 0.030510
v 0.018129 -0.059286 0.028308
v 0.007770 -0.067847 0.046708
v 0.007388 -0.063218 0.046433
v 0.006586 -0.052016 0.050069
v 0.006698 -0.055933 0.048765
v 0.022816 0.115618 -0.111400
v 0.065132 0.078775 -0.004705
v 0.063800 0.071965 0.003331
v -0.087292 0.019087 -0.053708
v 0.056357 0.079727 0.010344
v 0.058299 0.085072 0.002895
v 0.065824 0.086543 -0.012946
v 0.058886 0.091700 -0.004952
v 0.041041 0.123435 -0.062411
v 0.041735 0.123054 -0.048118
v 0.022252 0.129419 -0.044260
v 0.035697 0.123301 -0.076428
v 0.048217 0.114556 -0.085668
v 0.050762 0.117590 -0.066241
v 0.050839 0.117815 -0.050912
v -0.078500 -0.020677 -0.045130
v -0.077650 -0.026733 -0.044449
v -0.076264 -0.026233 -0.042706
v -0.081618 0.010047 -0.052578
v 0.025006 -0.084870 -0.109651
v 0.053491 0.043399 -0.130302
v 0.049570 0.116978 -0.037084
v 0.041149 0.121428 -0.034307
v 0.040673 0.118472 -0.021899
v 0.048317 0.114859 -0.025346
v 0.022073 0.127243 -0.029794
v 0.010643 0.129617 -0.027962
v 0.018455 0.006248 -0.143475
v 0.004445 0.010096 0.057044
v 0.047264 -0.048587 -0.089708
v 0.056926 -0.048784 -0.071443
v 0.057729 -0.099393 -0.051477
v 0.070487 -0.025664 -0.050493
v 0.069928 -0.025193 -0.051398
v 0.060564 -0.063871 -0.053744
v 0.061837 -0.049923 -0.053809
v 0.037655 -0.047651 -0.102047
v 0.080161 -0.014518 -0.060819
v 0.081170 -0.010917 -0.061891
v 0.081751 -0.015477 -0.060598
v 0.082917 -0.011548 -0.061701
v 0.083440 -0.007554 -0.062109
v 0.082674 -0.017368 -0.059876
v 0.081539 0.021303 -0.051096
v 0.082647 0.023058 -0.050188
v -0.079809 -0.016689 -0.060479
v -0.080040 -0.014534 -0.061361
v 0.070587 -0.027718 -0.046520
v 0.070244 -0.026914 -0.048106
v -0.065569 -0.004995 -0.050661
v 0.069812 -0.027335 -0.047297
v 0.069632 -0.027951 -0.046106
v 0.070414 -0.028805 -0.045091
v 0.069644 -0.028643 -0.045049
v 0.081309 0.036818 -0.045039
v 0.067805 -0.027892 -0.048393
v 0.069183 -0.025457 -0.050741
v 0.069648 -0.026398 -0.049374
v 0.068760 -0.027201 -0.048195
v 0.068831 -0.028483 -0.046265
v 0.069000 -0.029495 -0.044650
v 0.070122 -0.030132 -0.044144
v -0.082269 -0.022426 -0.058088
v -0.078461 -0.027844 -0.052694
v -0.061197 -0.078967 -0.050722
v -0.058979 -0.075785 -0.065923
v -0.059364 -0.086921 -0.064492
v -0.059941 -0.091132 -0.049826
v -0.076250 -0.001713 -0.036637
v -0.076209 -0.008894 -0.039368
v -0.075319 -0.010028 -0.037589
v 0.083265 -0.018533 -0.060211
v 0.075759 -0.029302 -0.049048
v -0.025531 -0.105545 -0.003716
v -0.021942 -0.115839 -0.008320
v 0.081669 0.013172 -0.056880
v 0.081459 0.011452 -0.058252
v 0.084054 0.013084 -0.059685
v 0.084207 0.015369 -0.058321
v 0.059102 -0.010296 -0.103057
v 0.061580 0.000660 -0.108226
v 0.011755 -0.083710 -0.114714
v 0.011964 -0.070162 -0.113579
v 0.077431 0.033371 -0.093013
v 0.081854 0.014932 -0.055287
v 0.084415 0.017179 -0.056881
v 0.081963 -0.006921 -0.062105
v 0.081125 0.014021 -0.055106
v 0.080870 0.012293 -0.056695
v 0.085595 0.018853 -0.058360
v 0.085669 0.016539 -0.059981
v 0.085474 0.014061 -0.061340
v 0.080547 0.010470 -0.058345
v -0.074690 -0.015340 -0.031719
v -0.074408 -0.016042 -0.021547
v -0.075811 -0.000123 -0.021369
v -0.075881 -0.005611 -0.031133
v 0.080206 0.019298 -0.058410
v 0.082802 0.064602 -0.069437
v 0.081611 0.058470 -0.083537
v 0.078920 0.081733 -0.073038
v 0.077959 0.076504 -0.088405
v 0.072931 0.070266 -0.104377
v 0.076280 0.051218 -0.099586
v 0.080802 0.020742 -0.052662
v 0.083453 0.023996 -0.050468
v 0.066232 0.092938 -0.020853
v 0.071358 0.087717 -0.028167
v 0.059042 0.097475 -0.012197
v 0.058758 0.102606 -0.019021
v 0.065431 0.098940 -0.027940
v 0.072671 0.091813 -0.040103
v 0.082492 0.055320 -0.054258
v 0.081210 0.070299 -0.055240
v 0.078153 0.074672 -0.041644
v -0.061793 0.031014 0.015641
v -0.063913 0.032103 0.011043
v -0.064791 0.022276 0.010787
v -0.062231 0.023179 0.014831
v 0.077101 0.087017 -0.057384
v 0.068289 0.100935 -0.046570
v 0.071856 0.097145 -0.061232
v 0.060860 0.109352 -0.050533
v 0.062911 0.107181 -0.065229
v 0.062629 0.104493 -0.081307
v 0.073517 0.093018 -0.076436
v 0.063348 0.104291 -0.034211
v 0.057052 0.107269 -0.024521
v 0.057944 0.110533 -0.037805
v 0.054689 0.111223 -0.029116
v 0.076149 0.076679 -0.034400
v 0.066567 -0.034686 -0.044765
v 0.068146 -0.035065 -0.039938
v -0.020006 0.090371 0.033171
v -0.009575 0.090973 0.035432
v -0.009789 0.098712 0.029351
v -0.020493 0.097734 0.026711
v 0.072333 -0.024142 -0.032705
v -0.037508 -0.014293 -0.126442
v -0.039299 -0.003778 -0.130902
v -0.019464 -0.006635 -0.138225
v -0.018441 -0.016366 -0.133410
v 0.071739 0.000859 0.000972
v 0.072041 0.013742 -0.001189
v 0.075178 0.005798 -0.011561
v 0.073203 -0.008026 -0.008685
v -0.021080 0.115180 0.004245
v -0.010174 0.116824 0.006958
v -0.010376 0.121868 -0.003107
v -0.021454 0.119910 -0.005469
v -0.055111 0.002040 0.027763
v -0.057293 -0.004136 0.027527
v -0.053156 -0.004914 0.031132
v -0.051428 0.001370 0.030627
v 0.070640 0.027761 -0.002633
v 0.074805 0.020163 -0.012684
v 0.074669 0.034692 -0.014635
v 0.070498 0.042578 -0.003040
v 0.063550 0.064607 -0.119486
v 0.065683 0.047612 -0.117524
v -0.077846 -0.031464 -0.041485
v -0.076686 -0.030529 -0.040420
v 0.066160 0.034714 -0.115617
v 0.049808 0.059651 0.028526
v -0.010625 0.126136 -0.014882
v -0.021948 0.123958 -0.016832
v 0.021828 0.085756 -0.139724
v 0.048353 0.084193 0.017692
v 0.055673 0.085411 -0.120007
v -0.001375 -0.070089 -0.115041
v 0.042129 0.091320 -0.126626
v 0.072485 0.087939 -0.091583
v 0.068878 0.082441 -0.105171
v 0.060555 0.075825 -0.120056
v 0.064891 0.018386 -0.113467
v 0.048999 0.111108 -0.017691
v 0.058372 0.024269 0.021800
v 0.057774 0.019674 0.020956
v 0.058312 0.029133 0.023322
v 0.056151 0.014841 0.022353
v 0.015841 0.004927 0.043287
v 0.015360 0.002777 0.044972
v 0.014869 0.000427 0.046723
v 0.019023 0.000096 0.042977
v 0.018255 -0.003013 0.044463
v 0.011886 -0.000016 0.051164
v 0.012059 0.002930 0.049325
v 0.014462 -0.002648 0.048130
v 0.014059 -0.006049 0.049259
v 0.011684 -0.003289 0.053064
v 0.018193 -0.018346 0.043899
v 0.019352 -0.013462 0.043636
v 0.016891 -0.009384 0.045828
v 0.022123 -0.005812 0.043240
v 0.020920 -0.009316 0.043848
v 0.017484 -0.005930 0.045332
v 0.023415 -0.002347 0.041788
v 0.014962 -0.009606 0.051313
v 0.015911 -0.013001 0.053891
v 0.012299 -0.007040 0.055518
v 0.010541 -0.004973 0.058841
v 0.009962 -0.001068 0.056304
v 0.019716 0.002447 0.041478
v 0.024364 0.000426 0.040495
v 0.024550 -0.012791 0.043529
v 0.029212 -0.016221 0.043413
v 0.026630 -0.008197 0.042757
v 0.031370 -0.011021 0.042617
v 0.027958 -0.004461 0.041223
v 0.032737 -0.006940 0.040990
v 0.033621 -0.019958 0.042978
v 0.037395 -0.024081 0.041753
v 0.040812 -0.029178 0.039510
v 0.040577 -0.018771 0.040957
v 0.044483 -0.024327 0.038672
v 0.042606 -0.013468 0.039506
v 0.047261 -0.018547 0.037261
v -0.011915 0.010602 0.042930
v -0.012551 0.012791 0.040560
v -0.016405 0.009544 0.039359
v -0.015833 0.007242 0.041115
v -0.007360 0.061874 0.047057
v -0.008322 0.070186 0.044724
v -0.017570 0.070412 0.043228
v -0.016017 0.062114 0.046004
v 0.036314 -0.014554 0.042134
v 0.037998 -0.009991 0.040503
v 0.033896 -0.002924 0.039400
v 0.029187 -0.001073 0.039840
v 0.043713 -0.001674 0.036562
v 0.043628 -0.007554 0.038029
v 0.038830 -0.005076 0.038857
v 0.039288 -0.000222 0.037472
v 0.048902 -0.011455 0.035755
v 0.048633 -0.003457 0.034915
v 0.047640 0.001863 0.033757
v 0.032988 0.008519 0.037762
v 0.027883 0.009081 0.038241
v 0.036770 0.008328 0.036852
v 0.043259 0.002629 0.035379
v 0.039587 0.003338 0.036647
v 0.051677 0.009848 0.027905
v 0.049350 0.008931 0.030141
v 0.043295 0.008303 0.034195
v 0.040286 0.008247 0.035676
v 0.046392 0.008581 0.032359
v 0.023220 0.010644 0.038130
v 0.018700 0.012792 0.037911
v 0.056080 -0.061834 -0.069282
v 0.009765 0.002489 0.054363
v 0.009577 0.005733 0.052369
v 0.015246 0.029900 0.041534
v 0.013300 0.026963 0.039859
v 0.007769 0.027112 0.046880
v 0.019665 0.033721 0.044055
v 0.014924 0.015382 0.037877
v -0.021124 0.006990 0.038557
v -0.020279 0.004813 0.039620
v 0.013251 0.017687 0.037781
v 0.012131 0.020898 0.038075
v 0.012122 0.023782 0.038879
v -0.009909 0.105422 0.022581
v -0.020763 0.104240 0.019746
v -0.021280 0.129584 -0.067040
v -0.021884 0.130005 -0.058546
v -0.010300 0.132705 -0.058978
v -0.011263 0.131627 -0.071565
v 0.031857 0.048576 0.045894
v 0.028737 0.041764 0.047302
v 0.060264 0.065296 0.012494
v 0.064379 0.056322 0.008564
v 0.052469 0.044424 0.030949
v 0.055555 0.039881 0.027841
v 0.057570 0.034531 0.025213
v 0.066437 0.044138 0.005700
v 0.067245 0.031204 0.004897
v 0.068479 0.019093 0.005626
v -0.071703 -0.000557 -0.090607
v -0.075418 -0.001762 -0.074908
v -0.078334 0.010297 -0.076530
v -0.075835 0.016064 -0.093285
v 0.050307 0.096090 0.003358
v -0.037416 -0.098181 -0.012140
v -0.034348 -0.109316 -0.015688
v -0.001413 -0.083349 -0.115999
v 0.050198 0.101659 -0.003584
v 0.049817 0.090075 0.010578
v 0.040476 0.114633 -0.012368
v 0.040559 0.110273 -0.003918
v 0.049770 0.106661 -0.010555
v 0.041045 0.105228 0.003452
v 0.041372 0.099636 0.010315
v 0.040868 0.093659 0.017555
v 0.039750 0.087326 0.024452
v 0.038100 0.078533 0.031284
v 0.045847 -0.060781 -0.087484
v 0.008373 -0.009720 0.050532
v 0.007627 -0.009500 0.051097
v -0.054519 0.054232 0.023483
v -0.056592 0.060124 0.019178
v -0.060210 0.052667 0.015369
v -0.057907 0.047743 0.020059
v 0.007171 -0.010362 0.050002
v 0.006518 -0.010052 0.050562
v 0.005983 -0.011926 0.050247
v 0.007336 -0.018651 0.052595
v 0.006164 -0.016826 0.051473
v 0.005486 -0.013555 0.050136
v 0.070526 -0.030565 -0.034619
v -0.005774 0.048587 0.050098
v -0.013438 0.048667 0.049624
v -0.011459 0.042293 0.049748
v -0.005010 0.042050 0.050360
v -0.062257 0.015694 0.015314
v -0.065223 0.012936 0.012264
v -0.064115 0.004594 0.016775
v -0.061027 0.008518 0.018909
v -0.057796 0.003514 0.024683
v -0.060267 -0.002269 0.023989
v -0.018954 0.080340 0.039293
v -0.009002 0.080562 0.041082
v -0.062532 0.042894 0.012333
v -0.060331 0.039634 0.017347
v -0.009019 0.013789 0.045464
v -0.009899 0.015504 0.042294
v -0.006889 0.020715 0.045178
v -0.003455 0.019518 0.050276
v -0.003208 0.023826 0.049328
v -0.006535 0.023943 0.046009
v -0.034425 0.062081 0.039052
v -0.036144 0.069815 0.035660
v -0.044020 0.068601 0.030124
v -0.042353 0.061334 0.033813
v -0.020932 0.109937 0.012461
v -0.010024 0.111341 0.015293
v -0.003813 0.033743 0.049228
v -0.008325 0.033912 0.047703
v -0.007024 0.030346 0.046742
v -0.003632 0.030283 0.048825
v -0.025115 0.003331 0.039105
v -0.026065 0.005691 0.038369
v -0.069935 -0.030443 -0.043937
v -0.071194 -0.031524 -0.043687
v -0.077580 0.015856 -0.033287
v -0.076295 0.005081 -0.031868
v -0.076313 0.013440 -0.022015
v -0.076473 0.026401 -0.023976
v -0.078587 0.038383 -0.027239
v -0.079617 0.047122 -0.032417
v -0.080781 0.031452 -0.039436
v -0.079361 0.024997 -0.035319
v -0.054101 -0.084022 -0.077470
v -0.051663 -0.074049 -0.080337
v -0.003291 0.016078 0.052392
v -0.003238 0.012976 0.054587
v -0.021388 0.035696 -0.149064
v -0.020946 0.021983 -0.147329
v -0.041591 0.026028 -0.138720
v -0.041798 0.039117 -0.140092
v -0.068497 -0.011208 -0.086669
v -0.072730 -0.010548 -0.072103
v -0.010577 -0.014827 0.054217
v -0.007464 -0.010553 0.049348
v -0.007514 -0.014151 0.048401
v -0.007268 -0.011661 0.049439
v -0.010630 -0.017342 0.056005
v -0.012642 -0.018103 0.057333
v -0.008344 -0.017544 0.049301
v -0.007731 -0.017331 0.049684
v -0.007001 -0.013841 0.048596
v -0.008737 -0.010029 0.050058
v -0.001675 -0.021717 0.062470
v -0.002182 -0.020307 0.065543
v -0.006251 -0.018924 0.064312
v -0.004805 -0.020308 0.062144
v -0.005346 -0.011405 0.050721
v -0.004409 -0.013381 0.051374
v -0.005398 -0.015343 0.058643
v -0.007104 -0.011519 0.054708
v -0.007588 -0.009483 0.051921
v -0.007008 -0.014652 0.057861
v -0.006094 -0.020347 0.054893
v -0.008743 -0.014490 0.056228
v -0.082419 -0.017104 -0.050682
v -0.061342 -0.065908 -0.031827
v -0.066483 -0.050914 -0.038820
v -0.064713 -0.050880 -0.044113
v -0.061424 -0.066696 -0.040697
v -0.084365 0.009264 -0.053853
v -0.069530 0.059156 -0.002953
v -0.070806 0.071178 -0.012252
v -0.076525 0.059132 -0.023759
v -0.076275 0.048178 -0.018592
v -0.071083 0.080998 -0.020447
v -0.076657 0.070175 -0.031125
v -0.080265 0.057767 -0.040632
v -0.082600 0.037137 -0.054144
v -0.042667 0.017973 0.033287
v -0.042906 0.017594 0.033222
v -0.041377 0.017175 0.034391
v -0.041233 0.017609 0.034490
v -0.042321 0.018243 0.033050
v -0.041060 0.017829 0.034011
v -0.043378 0.018671 0.032232
v -0.043774 0.018353 0.032460
v -0.043940 0.017950 0.032377
v -0.025886 0.018489 0.036631
v -0.026314 0.018694 0.035878
v -0.028679 0.018108 0.036837
v -0.028500 0.017885 0.037683
v -0.025757 0.018032 0.036945
v -0.028796 0.017321 0.037787
v -0.025046 0.020094 0.030454
v -0.024804 0.020695 0.030489
v -0.026060 0.019189 0.030734
v -0.023770 0.020722 0.033209
v -0.023573 0.021840 0.033279
v -0.024311 0.022362 0.030603
v -0.024551 0.021210 0.030490
v -0.024043 0.020211 0.033398
v -0.022383 0.019882 0.034032
v -0.022036 0.020292 0.033856
v -0.022042 0.021396 0.034020
v -0.033414 0.016212 0.037851
v -0.033763 0.015514 0.037569
v -0.029299 0.015998 0.037768
v -0.029124 0.016677 0.037842
v -0.033089 0.016825 0.037946
v -0.036389 0.016803 0.037244
v -0.036723 0.016202 0.037007
v -0.037049 0.015550 0.036622
v -0.025930 0.016889 0.037164
v -0.025853 0.017514 0.037101
v -0.037357 0.014796 0.036192
v -0.034049 0.014704 0.037141
v -0.029457 0.015140 0.037520
v -0.025813 0.016260 0.037211
v -0.022604 0.017605 0.036474
v -0.023076 0.018083 0.036404
v -0.034331 0.013833 0.036824
v -0.034174 0.012899 0.036705
v -0.029350 0.013273 0.037279
v -0.029494 0.014183 0.037302
v -0.037586 0.013939 0.035814
v -0.037550 0.012957 0.035681
v -0.045730 0.018096 0.030680
v -0.046312 0.018607 0.030017
v -0.046473 0.017818 0.029851
v -0.046160 0.017333 0.030198
v -0.049276 0.014561 0.026669
v -0.050235 0.015916 0.025921
v -0.052423 0.014659 0.024399
v -0.051111 0.013243 0.025606
v -0.059816 0.005454 0.021711
v -0.053226 0.010822 0.024886
v -0.054643 0.012382 0.022949
v -0.045000 0.017675 0.031392
v -0.044144 0.017381 0.032195
v -0.044821 0.018321 0.031582
v -0.045510 0.018745 0.030920
v -0.045506 0.016968 0.030916
v -0.044543 0.016655 0.031873
v -0.043149 0.017042 0.033058
v -0.043471 0.016297 0.032798
v -0.041889 0.015884 0.033991
v -0.041602 0.016584 0.034207
v -0.039337 0.016331 0.035598
v -0.039126 0.016904 0.035824
v -0.039688 0.015645 0.035270
v -0.042239 0.015116 0.033751
v -0.040103 0.014890 0.034947
v -0.043949 0.015512 0.032380
v -0.045096 0.015901 0.031313
v -0.045986 0.016308 0.030323
v -0.046678 0.016731 0.029579
v -0.047107 0.017403 0.029110
v -0.046571 0.015513 0.029485
v -0.047200 0.014706 0.028679
v -0.045931 0.014176 0.029995
v -0.045573 0.015076 0.030617
v -0.047423 0.016066 0.028606
v -0.048208 0.015367 0.027640
v -0.044303 0.014736 0.031921
v -0.044532 0.013867 0.031412
v -0.042622 0.013494 0.033020
v -0.042483 0.014422 0.033480
v -0.040514 0.014090 0.034635
v -0.040665 0.013135 0.034267
v -0.032937 0.017332 0.037887
v -0.032764 0.017630 0.037206
v -0.035995 0.017592 0.036651
v -0.036255 0.017268 0.037310
v -0.038952 0.017358 0.035876
v -0.038838 0.017667 0.035333
v -0.036127 0.016510 0.034191
v -0.035274 0.017241 0.030218
v -0.038237 0.017257 0.029465
v -0.039431 0.016694 0.033126
v -0.032353 0.016354 0.034612
v -0.031948 0.017597 0.030774
v -0.028710 0.016953 0.034732
v -0.028672 0.018329 0.030871
v -0.026256 0.018556 0.034425
v -0.034716 0.029328 0.037071
v -0.034972 0.029440 0.037596
v -0.039707 0.028739 0.037044
v -0.039228 0.028574 0.036384
v -0.052724 -0.000656 -0.120662
v -0.054099 0.014441 -0.125997
v -0.041011 0.010023 -0.135497
v -0.042488 0.026816 0.035522
v -0.042468 0.027326 0.035325
v -0.044822 0.026174 0.033918
v -0.044653 0.025617 0.034062
v -0.042432 0.026118 0.035604
v -0.044457 0.024905 0.033915
v -0.039391 0.027288 0.037127
v -0.039419 0.027931 0.037034
v -0.039318 0.028297 0.036596
v -0.044756 0.023652 0.029021
v -0.043784 0.025187 0.029819
v -0.043618 0.023852 0.032380
v -0.044429 0.022840 0.031266
v -0.045238 0.022928 0.028333
v -0.044928 0.022114 0.030361
v -0.044625 0.023467 0.024950
v -0.043816 0.024225 0.025623
v -0.042593 0.025166 0.026599
v -0.045091 0.022741 0.024568
v -0.045357 0.021959 0.024440
v -0.045260 0.021115 0.024383
v -0.044973 0.020341 0.024685
v -0.062477 -0.010645 0.021154
v -0.062503 0.000499 0.020487
v -0.065054 -0.007369 0.017088
v -0.044544 0.018792 0.031704
v -0.045223 0.019261 0.031001
v -0.044024 0.019142 0.031574
v -0.044423 0.019502 0.031039
v -0.045703 0.019755 0.030249
v -0.046188 0.019244 0.030150
v -0.042879 0.017424 0.030923
v -0.042415 0.017968 0.027658
v -0.043542 0.018501 0.026748
v -0.043831 0.018334 0.029728
v -0.041693 0.016863 0.031904
v -0.040612 0.017515 0.028574
v -0.044118 0.019056 0.025957
v -0.044632 0.019692 0.025207
v -0.044374 0.018877 0.029075
v -0.044831 0.019431 0.028278
v -0.044832 0.019953 0.030366
v -0.045429 0.020772 0.027572
v -0.045540 0.021401 0.027648
v -0.045196 0.020329 0.029657
v -0.045547 0.020898 0.028993
v -0.045208 0.020170 0.027721
v -0.045487 0.022179 0.027876
v -0.045308 0.021467 0.029529
v -0.046745 0.018574 0.029512
v -0.046643 0.019657 0.029475
v -0.047503 0.020575 0.028594
v -0.047366 0.018376 0.028790
v -0.048394 0.018212 0.027777
v -0.047992 0.016888 0.028025
v -0.048766 0.020923 0.027930
v -0.050065 0.021220 0.027185
v -0.049557 0.018106 0.026768
v -0.048915 0.016523 0.027049
v -0.046152 0.020131 0.029608
v -0.046452 0.020676 0.029109
v -0.048113 0.022225 0.029141
v -0.048955 0.022880 0.028843
v -0.046999 0.021691 0.029567
v -0.046444 0.022633 0.030847
v -0.047371 0.023327 0.030793
v -0.047894 0.023998 0.030718
v -0.046268 0.024396 0.032412
v -0.046651 0.025020 0.032322
v -0.045631 0.023720 0.032287
v -0.046022 0.021487 0.029819
v -0.045572 0.022234 0.030711
v -0.044898 0.023112 0.031877
v -0.044010 0.024097 0.033182
v -0.042290 0.025469 0.035068
v -0.042007 0.025202 0.034255
v -0.039315 0.026568 0.036685
v -0.039239 0.026340 0.035943
v -0.035538 0.030112 0.038819
v -0.040890 0.029665 0.038131
v -0.039181 0.027666 0.032958
v -0.037461 0.026768 0.029699
v -0.034887 0.027105 0.031042
v -0.035691 0.028353 0.034673
v -0.023811 0.022644 0.033486
v -0.024211 0.023919 0.034021
v -0.024789 0.024521 0.031188
v -0.024249 0.023256 0.030707
v -0.022841 0.022215 0.034438
v -0.023998 0.023518 0.035080
v -0.027805 0.027364 0.035644
v -0.028458 0.026615 0.031931
v -0.025836 0.025990 0.031680
v -0.025444 0.025800 0.034913
v -0.028589 0.026233 0.036941
v -0.025815 0.024858 0.035999
v -0.035595 0.027064 0.037065
v -0.022562 0.071801 -0.145862
v -0.022190 0.056020 -0.149068
v -0.042016 0.057920 -0.140138
v -0.041911 0.071661 -0.137574
v -0.042242 0.026642 0.031168
v -0.040343 0.026092 0.028181
v -0.052249 0.072920 -0.129882
v -0.051285 0.081708 -0.127005
v -0.042222 0.083467 -0.132434
v -0.038554 -0.061825 -0.099231
v -0.028165 -0.071900 -0.107258
v -0.022020 0.021835 0.035635
v -0.023500 0.023154 0.036135
v -0.020995 0.020910 0.035214
v -0.019802 0.020618 0.035481
v -0.020737 0.021814 0.035800
v -0.022295 0.023407 0.036342
v -0.025361 0.024738 0.036844
v -0.024419 0.025163 0.037205
v -0.027650 0.026997 0.038104
v -0.028320 0.026375 0.037755
v -0.035385 0.027133 0.037910
v -0.035091 0.027870 0.038077
v -0.026953 0.027483 0.037869
v -0.023699 0.025630 0.036919
v -0.026379 0.027925 0.037330
v -0.023369 0.026358 0.036485
v -0.034702 0.029061 0.037450
v -0.034876 0.028553 0.037934
v -0.023202 0.018436 0.036236
v -0.020270 0.019016 0.035731
v -0.023540 0.018951 0.035768
v -0.021350 0.019505 0.035388
v -0.024524 0.019230 0.034918
v -0.020690 0.019848 0.035223
v -0.019594 0.019463 0.035522
v -0.024581 0.019517 0.033660
v -0.019700 0.021947 0.035411
v -0.018662 0.020378 0.035400
v -0.018403 0.022154 0.035062
v -0.017395 0.020259 0.035179
v -0.020446 0.024479 0.035447
v -0.021329 0.023813 0.035932
v -0.018482 0.019065 0.035517
v -0.019126 0.018519 0.035755
v -0.017359 0.018792 0.035385
v -0.018127 0.018061 0.035617
v -0.025556 0.015556 0.037219
v -0.025207 0.014709 0.037198
v -0.021911 0.016933 0.036553
v -0.021195 0.016232 0.036501
v -0.033825 0.011723 0.036533
v -0.037238 0.011873 0.035546
v -0.033253 0.010346 0.036463
v -0.036832 0.010290 0.035422
v -0.028264 0.010895 0.037273
v -0.028884 0.012188 0.037231
v -0.034101 -0.116498 -0.017070
v -0.048006 0.013703 0.027981
v -0.049449 0.012090 0.027353
v -0.047628 0.011342 0.029041
v -0.046515 0.013184 0.029418
v -0.044867 0.012750 0.030907
v -0.045441 0.010834 0.030886
v -0.042889 0.010593 0.032564
v -0.042782 0.012379 0.032582
v -0.040514 0.012088 0.034048
v -0.040196 0.010420 0.033988
v -0.051188 0.017583 0.025414
v -0.052343 0.020968 0.025239
v -0.053299 0.016601 0.023729
v -0.054761 0.020448 0.023031
v -0.016755 0.022763 0.035333
v -0.015967 0.020513 0.035087
v -0.014470 0.023500 0.036407
v -0.014070 0.020926 0.035885
v -0.015901 0.026555 0.037665
v -0.018324 0.025818 0.036324
v -0.016319 0.018594 0.035223
v -0.017102 0.017528 0.035448
v -0.014835 0.018311 0.035578
v -0.015995 0.016824 0.035714
v -0.024541 0.013606 0.037124
v -0.023830 0.012369 0.037143
v -0.020370 0.015376 0.036428
v -0.019357 0.014339 0.036585
v -0.050896 -0.011750 -0.115737
v -0.054991 0.030352 -0.128867
v -0.048688 0.033983 0.036056
v -0.046368 0.030971 0.036838
v -0.042549 0.031941 0.039032
v -0.044471 0.035543 0.039307
v -0.050897 0.038727 0.033843
v -0.053533 0.035292 0.030748
v -0.051437 0.031806 0.032907
v -0.049127 0.029417 0.034239
v -0.053141 0.023854 0.026290
v -0.051318 0.023831 0.027888
v -0.051379 0.025603 0.029524
v -0.053197 0.026235 0.028021
v -0.055470 0.023980 0.023912
v -0.055759 0.027435 0.025691
v -0.052594 0.028702 0.030296
v -0.050561 0.027409 0.031760
v -0.054925 0.030996 0.028329
v -0.024367 0.031661 0.040404
v -0.025279 0.030272 0.038609
v -0.022093 0.028192 0.037085
v -0.020256 0.028797 0.038225
v -0.022732 0.033005 0.041522
v -0.017992 0.029463 0.039339
v -0.037909 0.036545 0.042054
v -0.036620 0.032573 0.040633
v -0.026006 0.028269 0.036917
v -0.023616 0.026851 0.036516
v -0.025844 0.028533 0.037013
v -0.023445 0.027099 0.036452
v -0.059970 0.092914 -0.109070
v -0.062365 0.099103 -0.096567
v -0.045312 0.109810 -0.102928
v -0.044416 0.102184 -0.115234
v -0.042493 0.027489 0.035274
v -0.042933 0.027727 0.035966
v -0.045575 0.026747 0.034368
v -0.044965 0.026417 0.033929
v -0.046953 0.025411 0.032348
v -0.047649 0.025760 0.032517
v -0.048997 0.024765 0.030695
v -0.048277 0.024461 0.030715
v -0.049018 0.023788 0.029484
v -0.049657 0.023665 0.029049
v -0.023217 0.027793 0.036816
v -0.025770 0.029032 0.037500
v -0.053766 0.060835 -0.131083
v -0.046006 0.076475 0.024975
v -0.053404 0.072882 0.018374
v -0.051079 0.066076 0.024079
v -0.044249 0.028809 0.036748
v -0.047042 0.027744 0.034667
v -0.048920 0.026484 0.032466
v -0.050013 0.025168 0.030558
v -0.050424 0.024206 0.029189
v -0.074623 -0.012910 -0.037619
v -0.075270 -0.012867 -0.039355
v -0.083451 -0.003260 -0.062637
v -0.081532 0.003079 -0.061818
v -0.080400 0.006550 -0.061020
v -0.082099 0.016379 -0.048161
v -0.086255 0.019418 -0.050950
v -0.086719 -0.021467 -0.057007
v -0.083520 -0.023199 -0.053277
v -0.086837 -0.020469 -0.057629
v -0.093185 0.015926 -0.061566
v -0.093542 0.014233 -0.062891
v -0.094379 0.014057 -0.062712
v -0.043934 -0.033054 -0.106354
v -0.048460 -0.020519 -0.111865
v -0.094143 0.012113 -0.064282
v -0.077521 -0.008096 -0.041731
v -0.084799 -0.003748 -0.062787
v -0.086680 -0.004249 -0.064429
v -0.086856 -0.009236 -0.064946
v -0.086292 -0.008764 -0.063838
v -0.085762 -0.014108 -0.063139
v -0.085336 -0.013186 -0.062394
v -0.088712 -0.017751 -0.060097
v -0.091194 -0.014294 -0.061911
v -0.087512 0.019940 -0.051878
v -0.086516 0.019033 -0.050317
v -0.088236 0.019723 -0.052040
v -0.078187 -0.009271 -0.043168
v -0.080260 0.014826 -0.047995
v -0.079628 0.012661 -0.046906
v -0.079263 0.012889 -0.047429
v -0.074354 -0.004202 -0.047211
v -0.074390 -0.003227 -0.047313
v -0.075450 -0.005611 -0.046680
v -0.078056 -0.007224 -0.045432
v -0.071857 -0.014951 -0.045364
v -0.071142 -0.016364 -0.047633
v -0.071621 -0.017392 -0.046909
v -0.089751 0.026800 -0.055716
v -0.079711 0.011723 -0.046725
v -0.081108 0.012859 -0.046715
v -0.081524 0.014023 -0.046883
v -0.089100 0.019518 -0.052214
v -0.081685 0.014878 -0.047171
v -0.081032 0.014741 -0.047164
v -0.082739 0.016256 -0.047970
v -0.080512 0.014541 -0.047467
v -0.078692 -0.010856 -0.058772
v -0.077358 -0.011482 -0.057006
v -0.077049 0.008392 -0.037868
v -0.077350 0.006190 -0.040449
v -0.082330 -0.023852 -0.051306
v -0.080332 0.014825 -0.057622
v -0.080328 0.017112 -0.058803
v -0.092419 -0.009440 -0.063667
v -0.085028 -0.014629 -0.054107
v -0.082844 -0.015383 -0.052325
v -0.087034 -0.013547 -0.055781
v -0.088771 -0.011006 -0.057350
v -0.075039 0.005600 -0.052915
v -0.087590 0.008953 -0.056256
v -0.088403 0.006861 -0.057616
v -0.085948 0.008995 -0.054710
v -0.081697 0.020586 -0.056854
v -0.081414 0.020754 -0.054505
v -0.082396 0.015279 -0.054951
v -0.080743 0.019355 -0.053919
v -0.073837 -0.011445 -0.045840
v -0.073720 -0.017608 -0.049262
v -0.072745 -0.015472 -0.049855
v -0.074905 -0.017458 -0.050052
v -0.074340 -0.016641 -0.051320
v -0.075030 -0.015134 -0.052984
v -0.075844 -0.013277 -0.054328
v -0.075379 -0.010701 -0.055275
v -0.073393 -0.007343 -0.046723
v -0.082213 0.020981 -0.043542
v -0.072932 -0.009225 -0.046455
v -0.074669 -0.005585 -0.046877
v -0.074854 -0.007383 -0.046405
v -0.074634 -0.009402 -0.045982
v -0.079345 -0.018264 -0.046265
v -0.080452 -0.016664 -0.048665
v -0.077920 -0.017525 -0.045728
v -0.081449 -0.016014 -0.050640
v -0.076749 -0.017195 -0.045443
v -0.080213 0.016262 -0.055856
v -0.080531 0.019190 -0.055930
v -0.075182 -0.009488 -0.035514
v -0.067290 -0.001966 0.012350
v -0.068867 0.007835 0.007144
v -0.025892 -0.052300 0.024823
v -0.024834 -0.055315 0.025187
v -0.059053 -0.013749 0.025320
v -0.054212 -0.016650 0.030222
v -0.024807 -0.047022 0.036640
v -0.024078 -0.047616 0.036765
v -0.023174 -0.047070 0.036911
v -0.023937 -0.046831 0.036617
v -0.021799 -0.046537 0.035136
v -0.022671 -0.046641 0.034520
v -0.022814 -0.046706 0.035327
v -0.022031 -0.046473 0.035983
v -0.029403 -0.032441 0.039910
v -0.033561 -0.028321 0.040295
v -0.035781 -0.032549 0.038759
v -0.031811 -0.035958 0.038940
v -0.024722 -0.047716 0.027436
v -0.024480 -0.046476 0.027831
v -0.023152 -0.046478 0.031567
v -0.023674 -0.047004 0.031245
v -0.024422 -0.050509 0.027439
v -0.023444 -0.048367 0.031018
v -0.026481 -0.048280 0.024872
v -0.025750 -0.046120 0.025308
v -0.034346 -0.053252 0.033294
v -0.030432 -0.051017 0.034266
v -0.031441 -0.048054 0.035153
v -0.035308 -0.048789 0.034114
v -0.025738 -0.020809 0.041794
v -0.029919 -0.024584 0.041306
v -0.026204 -0.028652 0.040724
v -0.022432 -0.024384 0.040957
v -0.018822 -0.019678 0.042236
v -0.021787 -0.016912 0.042240
v -0.017344 -0.012455 0.047093
v -0.017819 -0.016219 0.047878
v -0.017039 -0.017333 0.051085
v -0.017447 -0.015099 0.050180
v -0.015188 -0.021100 0.048949
v -0.017932 -0.018387 0.046181
v -0.011314 -0.022225 0.048866
v -0.010872 -0.021720 0.050054
v -0.015429 -0.021418 0.047195
v -0.015830 -0.022184 0.045005
v -0.011817 -0.022764 0.047475
v -0.010201 -0.021050 0.051325
v -0.012895 -0.020963 0.051414
v -0.014662 -0.019176 0.053121
v -0.004227 -0.020994 0.059794
v -0.005564 -0.019788 0.061796
v -0.008870 0.011536 0.048171
v -0.011802 0.008033 0.045182
v -0.008904 0.008729 0.050080
v -0.011790 0.005647 0.047150
v -0.013758 -0.017269 0.056935
v -0.015133 -0.015094 0.055431
v -0.011491 -0.016219 0.060618
v -0.012284 -0.013356 0.060329
v -0.003348 0.027166 0.048968
v -0.001889 -0.023898 0.054999
v -0.002139 -0.024413 0.054185
v -0.001590 -0.023084 0.057165
v -0.023161 0.094933 -0.133534
v -0.023546 0.107416 -0.122247
v -0.022663 0.121255 -0.099148
v -0.020298 0.125972 -0.086782
v -0.005417 -0.040175 0.052455
v -0.005002 -0.037727 0.052394
v -0.012287 -0.040512 0.038541
v -0.006655 -0.040276 0.039944
v -0.006269 -0.044117 0.042635
v -0.011572 -0.044152 0.041153
v -0.015784 -0.044341 0.038935
v -0.016726 -0.040858 0.036449
v -0.012956 -0.037001 0.037111
v -0.007165 -0.036649 0.038605
v -0.011490 -0.046364 0.044450
v -0.006239 -0.046382 0.046654
v -0.006163 -0.044735 0.049629
v -0.011612 -0.045065 0.046872
v -0.018339 -0.026486 0.042907
v -0.014247 -0.025944 0.045419
v -0.009882 -0.025988 0.048679
v -0.006436 -0.026256 0.051145
v -0.005759 -0.024320 0.051928
v -0.008461 -0.023564 0.049862
v -0.005437 -0.023631 0.052670
v -0.008082 -0.022949 0.050830
v -0.007859 -0.022408 0.051638
v -0.008595 -0.021262 0.052497
v -0.006712 -0.021499 0.053628
v -0.007390 -0.020303 0.053390
v -0.005344 -0.022967 0.053217
v -0.003573 0.002396 0.061393
v -0.003313 0.006246 0.058998
v -0.009666 -0.036039 0.050601
v -0.004714 -0.035664 0.051954
v -0.004093 -0.031634 0.051810
v -0.008550 -0.031605 0.050476
v -0.013224 -0.032271 0.048137
v -0.014756 -0.037578 0.048045
v -0.002477 -0.025030 0.053417
v -0.010042 -0.038112 0.050756
v -0.010354 -0.040512 0.050454
v -0.015236 -0.039794 0.047988
v -0.015513 -0.041909 0.047460
v -0.019483 -0.039877 0.044826
v -0.018581 -0.034096 0.045230
v -0.024242 -0.035922 0.041863
v -0.023415 -0.042358 0.041434
v -0.031286 -0.045106 0.036383
v -0.026204 -0.047244 0.036413
v -0.026389 -0.046096 0.037087
v -0.026052 -0.045042 0.038084
v -0.030406 -0.042195 0.037886
v -0.035003 -0.044392 0.035496
v -0.033858 -0.040030 0.037162
v -0.028325 -0.039235 0.039615
v -0.025292 -0.043879 0.039384
v -0.024957 -0.046442 0.037230
v -0.024024 -0.046577 0.036995
v -0.024730 -0.045844 0.038111
v -0.023757 -0.046370 0.037761
v -0.024108 -0.045274 0.039220
v -0.023276 -0.046162 0.038664
v -0.022358 -0.045683 0.040000
v -0.022943 -0.044334 0.040852
v -0.022028 -0.046806 0.035315
v -0.020991 -0.046791 0.036465
v -0.021076 -0.046853 0.037882
v -0.022011 -0.046845 0.036740
v -0.022663 -0.046727 0.034697
v -0.022558 -0.046744 0.036038
v -0.022469 -0.045952 0.032694
v -0.021028 -0.045219 0.034547
v -0.023256 -0.046862 0.033885
v -0.023176 -0.046646 0.035062
v -0.023141 -0.046694 0.036469
v -0.023011 -0.046649 0.037007
v -0.022500 -0.046643 0.037793
v -0.021635 -0.046522 0.038877
v -0.015518 -0.043787 0.046197
v -0.019107 -0.043703 0.044025
v -0.018821 -0.045264 0.042525
v -0.015394 -0.045739 0.044037
v -0.018436 -0.046332 0.040872
v -0.017533 -0.037403 0.035303
v -0.015076 -0.046441 0.042142
v -0.020125 -0.041821 0.033902
v -0.021118 -0.039117 0.031880
v -0.018848 -0.044755 0.036391
v -0.023922 -0.045096 0.028912
v -0.022189 -0.043494 0.031515
v -0.025231 -0.044440 0.026491
v -0.023301 -0.041429 0.029553
v -0.018300 -0.046767 0.038932
v -0.019415 -0.041984 0.044653
v -0.010884 -0.042780 0.049058
v -0.005681 -0.042356 0.051290
v -0.004185 -0.005715 0.066961
v -0.003978 -0.001365 0.064093
v -0.022500 -0.046603 0.036791
v -0.010982 -0.124492 -0.006689
v -0.025462 -0.048296 0.036332
v -0.023580 -0.052618 0.027340
v -0.022606 -0.049348 0.031141
v -0.031318 -0.057563 0.033544
v -0.026764 -0.061606 0.036091
v -0.024320 -0.057636 0.037579
v -0.028141 -0.054199 0.034822
v -0.021493 -0.051366 0.039690
v -0.023993 -0.049693 0.037401
v -0.022789 -0.048362 0.038084
v -0.020534 -0.049254 0.040309
v -0.019608 -0.047683 0.040604
v -0.021872 -0.047314 0.038182
v -0.017620 -0.046331 0.038911
v -0.013213 -0.045838 0.041829
v -0.012760 -0.049457 0.036998
v -0.017488 -0.049781 0.034607
v -0.021010 -0.049690 0.032280
v -0.020843 -0.046583 0.036002
v -0.018285 -0.045996 0.039814
v -0.021108 -0.046383 0.036922
v -0.013621 -0.045620 0.042942
v -0.021994 -0.121476 -0.010831
v -0.021379 -0.046538 0.037814
v -0.018709 -0.046334 0.040256
v -0.014379 -0.046323 0.043668
v -0.015461 -0.048173 0.044253
v -0.016369 -0.050403 0.044407
v -0.017138 -0.053213 0.043626
v -0.019288 -0.060356 0.041133
v -0.020532 -0.065300 0.040233
v -0.013163 -0.062158 0.044098
v -0.013796 -0.067241 0.043936
v -0.011891 -0.054575 0.047058
v -0.011485 -0.051064 0.048159
v -0.010774 -0.048495 0.047796
v -0.010044 -0.046379 0.046808
v -0.003038 -0.026625 0.052570
v -0.005426 -0.021579 0.054809
v -0.004291 -0.021575 0.057177
v -0.007612 -0.018293 0.062678
v -0.001483 -0.022481 0.059639
v -0.009976 -0.016391 0.062294
v -0.008405 -0.017124 0.063799
v -0.008936 -0.015271 0.064755
v -0.010016 -0.014521 0.063472
v -0.006830 -0.017804 0.065117
v -0.007980 -0.015538 0.065874
v -0.002525 -0.019031 0.067026
v -0.003287 -0.015455 0.069173
v -0.004065 -0.009591 0.068822
v -0.003601 -0.013148 0.069551
v -0.009161 -0.013534 0.065374
v -0.010200 -0.011426 0.064011
v -0.010486 -0.008418 0.061637
v -0.012697 -0.010543 0.058030
v -0.010980 0.132074 -0.043051
v -0.009306 -0.045349 0.045875
v -0.008754 -0.045598 0.043910
v -0.012829 -0.059438 0.030219
v -0.012781 -0.055180 0.032654
v -0.008331 -0.055167 0.034108
v -0.008459 -0.059818 0.031666
v -0.004520 -0.045566 0.044828
v -0.004318 -0.049213 0.039603
v -0.008467 -0.049182 0.038592
v -0.004758 -0.045228 0.047167
v -0.005255 -0.046441 0.048398
v -0.005826 -0.048642 0.049638
v -0.004183 -0.055393 0.034844
v -0.004391 -0.060007 0.032463
v -0.021857 -0.054172 0.028442
v -0.022749 -0.057620 0.026290
v -0.017651 -0.055117 0.030714
v -0.018062 -0.058954 0.028531
v -0.007531 -0.067641 0.046350
v -0.007096 -0.062918 0.046145
v -0.006056 -0.051848 0.049888
v -0.006418 -0.055727 0.048628
v -0.023470 0.115575 -0.111392
v -0.065181 0.078688 -0.004942
v -0.063786 0.071880 0.002997
v -0.056397 0.079714 0.010066
v -0.058351 0.085025 0.002664
v -0.065906 0.086439 -0.013130
v -0.058966 0.091632 -0.005130
v -0.041374 0.123359 -0.062415
v -0.042007 0.122977 -0.048131
v -0.022472 0.129375 -0.044274
v -0.036106 0.123233 -0.076426
v -0.048702 0.114464 -0.085661
v -0.051140 0.117488 -0.066244
v -0.051137 0.117717 -0.050926
v -0.027552 -0.085347 -0.109512
v -0.054820 0.043212 -0.130278
v -0.049816 0.116884 -0.037110
v -0.041373 0.121353 -0.034332
v -0.040857 0.118403 -0.021939
v -0.048521 0.114770 -0.025388
v -0.022256 0.127206 -0.029814
v -0.010805 0.129599 -0.027974
v -0.020455 0.006147 -0.143447
v -0.003184 0.009909 0.056688
v -0.049868 -0.049172 -0.089116
v -0.059563 -0.049520 -0.070605
v -0.059269 -0.100598 -0.050020
v -0.072030 -0.025851 -0.051059
v -0.071666 -0.025487 -0.051946
v -0.062868 -0.064789 -0.052475
v -0.064212 -0.050695 -0.052864
v -0.040255 -0.048065 -0.101682
v -0.081907 -0.014866 -0.061471
v -0.082930 -0.011342 -0.062538
v -0.083170 -0.015577 -0.061091
v -0.084347 -0.011760 -0.062324
v -0.084711 -0.007795 -0.062845
v -0.083843 -0.017338 -0.060435
v -0.081937 0.021291 -0.051571
v -0.082999 0.023092 -0.050740
v -0.071862 -0.027546 -0.047064
v -0.071543 -0.026871 -0.048702
v -0.071132 -0.027112 -0.047726
v -0.071024 -0.027738 -0.046584
v -0.071727 -0.028561 -0.045663
v -0.071054 -0.028378 -0.045498
v -0.081535 0.036721 -0.045289
v -0.069391 -0.027981 -0.048614
v -0.070946 -0.025780 -0.051246
v -0.071149 -0.026494 -0.049873
v -0.070225 -0.027092 -0.048534
v -0.069939 -0.027994 -0.046564
v -0.070185 -0.029038 -0.044979
v -0.071531 -0.029888 -0.044676
v -0.084162 -0.018426 -0.060977
v -0.076661 -0.029229 -0.050085
v -0.082425 0.013241 -0.057850
v -0.082362 0.011389 -0.059115
v -0.084520 0.013172 -0.060748
v -0.084508 0.015559 -0.059427
v -0.061190 -0.010738 -0.102994
v -0.063443 0.000291 -0.108199
v -0.014518 -0.083947 -0.114662
v -0.014730 -0.070347 -0.113492
v -0.078702 0.033058 -0.093061
v -0.082513 0.015025 -0.056272
v -0.084606 0.017441 -0.057994
v -0.083532 -0.007346 -0.062791
v -0.082124 0.013935 -0.055977
v -0.081960 0.012161 -0.057510
v -0.085536 0.019255 -0.059611
v -0.085636 0.016862 -0.061253
v -0.085648 0.014227 -0.062536
v -0.081750 0.010241 -0.059120
v -0.081330 0.019132 -0.058746
v -0.083300 0.064424 -0.069496
v -0.082342 0.058269 -0.083567
v -0.079357 0.081572 -0.073075
v -0.078572 0.076332 -0.088419
v -0.073753 0.070084 -0.104372
v -0.077308 0.050988 -0.099592
v -0.081402 0.020673 -0.053159
v -0.083759 0.024225 -0.051266
v -0.066358 0.092825 -0.020982
v -0.071505 0.087585 -0.028287
v -0.059153 0.097389 -0.012329
v -0.058906 0.102510 -0.019113
v -0.065600 0.098821 -0.028028
v -0.072873 0.091674 -0.040189
v -0.082845 0.055162 -0.054392
v -0.081527 0.070136 -0.055337
v -0.078351 0.074517 -0.041770
v -0.077403 0.086867 -0.057442
v -0.068557 0.100803 -0.046614
v -0.072184 0.097009 -0.061259
v -0.061175 0.109233 -0.050552
v -0.063283 0.107055 -0.065240
v -0.063081 0.104371 -0.081308
v -0.073916 0.092875 -0.076456
v -0.063563 0.104170 -0.034267
v -0.057238 0.107166 -0.024582
v -0.058202 0.110420 -0.037836
v -0.054910 0.111118 -0.029157
v -0.076294 0.076535 -0.034538
v -0.068691 -0.035075 -0.044607
v -0.070285 -0.035202 -0.040018
v -0.073417 -0.023793 -0.033279
v -0.071635 0.001046 0.000241
v -0.071868 0.013930 -0.001911
v -0.075245 0.005861 -0.012258
v -0.073478 -0.007816 -0.009339
v -0.070485 0.027805 -0.003324
v -0.074595 0.020293 -0.013480
v -0.074516 0.034562 -0.015267
v -0.070310 0.042420 -0.003629
v -0.064560 0.064428 -0.119467
v -0.066854 0.047408 -0.117505
v -0.067479 0.034464 -0.115608
v -0.049414 0.059594 0.028017
v -0.022905 0.085706 -0.139712
v -0.048360 0.084215 0.017453
v -0.056457 0.085296 -0.119987
v -0.042980 0.091237 -0.126607
v -0.073009 0.087794 -0.091588
v -0.069569 0.082297 -0.105159
v -0.061424 0.075678 -0.120035
v -0.066458 0.018073 -0.113462
v -0.049165 0.111026 -0.017754
v -0.057805 0.023913 0.020957
v -0.057136 0.019345 0.020062
v -0.057941 0.028731 0.022512
v -0.055567 0.014533 0.021466
v -0.015535 0.004945 0.042925
v -0.015049 0.002787 0.044636
v -0.014632 0.000441 0.046393
v -0.018755 0.000110 0.042586
v -0.018061 -0.003003 0.044040
v -0.011632 -0.000014 0.050943
v -0.011757 0.002933 0.049061
v -0.014340 -0.002626 0.047883
v -0.014027 -0.006044 0.049098
v -0.011556 -0.003272 0.052876
v -0.018395 -0.018286 0.043955
v -0.019520 -0.013427 0.043488
v -0.016949 -0.009376 0.045693
v -0.021907 -0.005767 0.042740
v -0.020863 -0.009282 0.043422
v -0.017422 -0.005924 0.044989
v -0.023118 -0.002294 0.041366
v -0.014806 -0.009621 0.051196
v -0.015558 -0.012981 0.053721
v -0.012090 -0.007021 0.055326
v -0.010158 -0.004978 0.058621
v -0.009576 -0.001091 0.056082
v -0.019439 0.002484 0.041115
v -0.024135 0.000532 0.040241
v -0.024489 -0.012706 0.043057
v -0.029102 -0.016104 0.042881
v -0.026394 -0.008114 0.042192
v -0.031085 -0.010892 0.041972
v -0.027683 -0.004336 0.040842
v -0.032408 -0.006807 0.040406
v -0.033378 -0.019740 0.042298
v -0.037051 -0.023715 0.040936
v -0.040244 -0.028595 0.038689
v -0.040081 -0.018405 0.040192
v -0.043965 -0.023797 0.037926
v -0.042121 -0.013156 0.038727
v -0.046725 -0.018067 0.036524
v -0.035895 -0.014326 0.041406
v -0.037565 -0.009786 0.039770
v -0.033529 -0.002838 0.038804
v -0.028926 -0.000924 0.039587
v -0.043204 -0.001613 0.035544
v -0.043057 -0.007312 0.037150
v -0.038339 -0.004958 0.037994
v -0.038792 -0.000275 0.036372
v -0.048318 -0.011062 0.034927
v -0.047996 -0.003213 0.033984
v -0.047113 0.001925 0.032794
v -0.032469 0.008509 0.036811
v -0.027516 0.009092 0.037543
v -0.036243 0.008224 0.035728
v -0.042721 0.002591 0.034265
v -0.039041 0.003255 0.035464
v -0.051175 0.009625 0.027068
v -0.048838 0.008730 0.029231
v -0.042794 0.008143 0.033091
v -0.039735 0.008114 0.034497
v -0.045918 0.008379 0.031355
v -0.022831 0.010716 0.037524
v -0.018373 0.012878 0.037385
v -0.058944 -0.062721 -0.068075
v -0.009298 0.002450 0.054123
v -0.009102 0.005682 0.052099
v -0.014699 0.029965 0.041080
v -0.012753 0.027016 0.039520
v -0.006659 0.027156 0.046396
v -0.019098 0.033782 0.043497
v -0.014600 0.015472 0.037405
v -0.012946 0.017757 0.037365
v -0.011782 0.020925 0.037810
v -0.011683 0.023810 0.038595
v -0.031270 0.048465 0.045156
v -0.028114 0.041742 0.046454
v -0.060168 0.065235 0.012103
v -0.064183 0.056179 0.008069
v -0.052139 0.044106 0.030344
v -0.055292 0.039524 0.027224
v -0.057282 0.034150 0.024530
v -0.066200 0.043974 0.005101
v -0.067088 0.031129 0.004226
v -0.068354 0.019105 0.004881
v -0.050370 0.096055 0.003193
v -0.050293 0.101604 -0.003710
v -0.049851 0.090068 0.010374
v -0.040620 0.114573 -0.012429
v -0.040662 0.110227 -0.004003
v -0.049899 0.106589 -0.010647
v -0.041104 0.105200 0.003339
v -0.041384 0.099628 0.010173
v -0.040824 0.093675 0.017386
v -0.039626 0.087371 0.024262
v -0.037834 0.078599 0.031107
v -0.048615 -0.061491 -0.086506
v -0.007985 -0.009738 0.050424
v -0.007275 -0.009501 0.051014
v -0.006824 -0.010338 0.049913
v -0.006202 -0.010022 0.050491
v -0.005715 -0.011878 0.050207
v -0.007199 -0.018546 0.052631
v -0.005917 -0.016754 0.051482
v -0.005254 -0.013502 0.050118
v -0.071991 -0.030330 -0.034889
v -0.059432 -0.096158 -0.064875
v -0.055713 -0.092476 -0.077562
v 0.056607 -0.095090 -0.065979
v 0.052674 -0.091446 -0.078756
v 0.021914 -0.126512 -0.013176
v 0.033930 -0.122400 -0.018545
v 0.034582 -0.129842 -0.019609
v 0.022433 -0.133145 -0.014086
v 0.060092 -0.111662 -0.071317
v 0.057653 -0.103702 -0.066696
v 0.054549 -0.099670 -0.081628
v 0.058351 -0.107728 -0.087016
v 0.047746 -0.097630 -0.094704
v 0.051552 -0.106741 -0.100445
v 0.040519 -0.107405 -0.110920
v 0.037773 -0.096740 -0.104826
v 0.025713 -0.096555 -0.112420
v 0.028085 -0.108123 -0.118245
v 0.045055 -0.117443 -0.027157
v 0.053503 -0.112227 -0.038631
v 0.053943 -0.121011 -0.039425
v 0.045104 -0.125223 -0.028035
v 0.057739 -0.107494 -0.051959
v 0.058904 -0.115912 -0.054608
v 0.013714 -0.107202 -0.123081
v 0.012417 -0.094973 -0.116745
v 0.023782 -0.148990 -0.014432
v 0.010708 -0.150785 -0.012327
v 0.010816 -0.142370 -0.012486
v 0.023317 -0.140930 -0.014613
v 0.055474 -0.150730 -0.031693
v 0.070849 -0.144012 -0.044664
v 0.077134 -0.151670 -0.039919
v 0.060243 -0.158506 -0.026128
v 0.098333 -0.151356 -0.053459
v 0.107616 -0.141527 -0.076408
v 0.038899 -0.155591 -0.021128
v 0.041730 -0.163381 -0.015053
v -0.001042 -0.117445 -0.132439
v -0.001164 -0.105586 -0.123956
v 0.097825 -0.136107 -0.080417
v 0.096308 -0.132715 -0.104297
v 0.109183 -0.137849 -0.101803
v 0.054721 -0.155442 -0.147687
v 0.054911 -0.162304 -0.151318
v 0.070493 -0.157715 -0.146948
v 0.065853 -0.151685 -0.143036
v 0.074917 -0.121887 -0.099909
v 0.063034 -0.123301 -0.116129
v 0.072562 -0.130149 -0.120693
v 0.085493 -0.127480 -0.104269
v 0.037791 -0.139693 -0.140655
v 0.055960 -0.134782 -0.131646
v 0.048116 -0.126850 -0.126987
v 0.032681 -0.130114 -0.134799
v 0.088016 -0.130995 -0.080933
v 0.076328 -0.125997 -0.078872
v 0.080836 -0.137433 -0.061276
v 0.071306 -0.131577 -0.060492
v 0.063059 -0.136857 -0.044677
v 0.057470 -0.115171 -0.107535
v 0.044810 -0.117150 -0.118457
v 0.029257 -0.119207 -0.127052
v 0.013331 -0.119445 -0.132098
v -0.001028 -0.168438 -0.153122
v -0.000898 -0.156055 -0.149913
v 0.018265 -0.141750 -0.144348
v 0.016221 -0.130259 -0.138429
v 0.089665 -0.143785 -0.058789
v 0.063427 -0.124489 -0.058498
v 0.057324 -0.129190 -0.043161
v 0.065927 -0.166912 -0.016401
v 0.084880 -0.160548 -0.032457
v 0.045275 -0.171865 -0.005203
v 0.026689 -0.175085 0.001624
v 0.020052 -0.153620 -0.149520
v 0.019008 -0.166051 -0.152892
v 0.039145 -0.163371 -0.152313
v 0.042618 -0.151354 -0.146996
v 0.050302 -0.141471 -0.032256
v 0.037118 -0.146534 -0.022295
v 0.023957 -0.157952 -0.012593
v 0.065263 -0.115512 -0.092595
v 0.066344 -0.119645 -0.075377
v 0.047015 -0.132825 -0.030490
v 0.035787 -0.138270 -0.021252
v 0.010488 -0.134846 -0.011257
v 0.024846 -0.166353 -0.006958
v 0.098980 -0.142638 -0.123798
v 0.085343 -0.150929 -0.138180
v 0.077162 -0.147669 -0.137163
v -0.000807 -0.142772 -0.145256
v -0.001242 -0.143421 -0.012196
v -0.001564 -0.151631 -0.012853
v -0.000611 -0.135863 -0.010063
v 0.082756 -0.138411 -0.126250
v 0.061681 -0.143911 -0.138297
v -0.000140 -0.130066 -0.007779
v -0.001345 -0.094574 -0.118037
v -0.001685 -0.161318 -0.011562
v -0.001992 -0.170668 -0.005220
v -0.002273 -0.180782 0.003895
v 0.010449 -0.128993 -0.009347
v 0.010608 -0.169046 -0.005130
v 0.010468 -0.159761 -0.010604
v 0.011489 -0.178751 0.003266
v -0.000556 -0.129620 -0.139419
v -0.022169 -0.127096 -0.012481
v -0.034434 -0.123182 -0.017882
v -0.035797 -0.130531 -0.019023
v -0.023329 -0.133647 -0.013751
v -0.062143 -0.112691 -0.071303
v -0.059918 -0.104899 -0.065847
v -0.057196 -0.100747 -0.080900
v -0.060405 -0.108658 -0.086928
v -0.049996 -0.098514 -0.094220
v -0.053313 -0.107491 -0.100425
v -0.042291 -0.107978 -0.110909
v -0.039922 -0.097445 -0.104604
v -0.027885 -0.097082 -0.112331
v -0.030121 -0.108593 -0.118108
v -0.046159 -0.118516 -0.026203
v -0.054901 -0.113647 -0.037536
v -0.055542 -0.122053 -0.038698
v -0.046644 -0.126140 -0.027231
v -0.059241 -0.108844 -0.050745
v -0.060587 -0.117091 -0.054304
v -0.015809 -0.107593 -0.122760
v -0.014929 -0.095315 -0.116640
v -0.026443 -0.149103 -0.014399
v -0.013364 -0.150893 -0.012530
v -0.012660 -0.142595 -0.012533
v -0.025198 -0.141204 -0.014497
v -0.057969 -0.151178 -0.033181
v -0.072762 -0.144522 -0.046839
v -0.079244 -0.151995 -0.042199
v -0.063033 -0.158722 -0.027897
v -0.100653 -0.151079 -0.056102
v -0.109266 -0.140921 -0.078758
v -0.041754 -0.155729 -0.021783
v -0.044881 -0.163413 -0.016104
v -0.099688 -0.135642 -0.082437
v -0.097993 -0.132469 -0.105760
v -0.110816 -0.137257 -0.103594
v -0.056538 -0.155074 -0.148891
v -0.056835 -0.161720 -0.152576
v -0.072149 -0.157149 -0.148322
v -0.067643 -0.151292 -0.144336
v -0.076541 -0.122143 -0.100744
v -0.064558 -0.123438 -0.116739
v -0.073874 -0.130119 -0.121774
v -0.086789 -0.127448 -0.105441
v -0.039256 -0.139585 -0.141453
v -0.057241 -0.134663 -0.132689
v -0.049654 -0.126896 -0.127759
v -0.033436 -0.130170 -0.135476
v -0.089595 -0.130597 -0.082528
v -0.078021 -0.126031 -0.080132
v -0.082357 -0.137744 -0.063181
v -0.073007 -0.132123 -0.062085
v -0.064944 -0.137489 -0.046288
v -0.058720 -0.115573 -0.107917
v -0.046248 -0.117352 -0.118771
v -0.031186 -0.119316 -0.127150
v -0.015545 -0.119449 -0.131883
v -0.019908 -0.141692 -0.144620
v -0.017652 -0.130286 -0.138610
v -0.091338 -0.143914 -0.061095
v -0.065112 -0.125234 -0.059396
v -0.059093 -0.129942 -0.043595
v -0.069361 -0.166406 -0.017909
v -0.087839 -0.160181 -0.034711
v -0.048985 -0.171465 -0.006255
v -0.030825 -0.175141 0.001142
v -0.021553 -0.153687 -0.150039
v -0.020147 -0.166106 -0.153365
v -0.040256 -0.163241 -0.153434
v -0.044081 -0.151140 -0.148011
v -0.052590 -0.142012 -0.032941
v -0.039729 -0.146789 -0.022440
v -0.027001 -0.157856 -0.012747
v -0.066763 -0.116001 -0.093008
v -0.068118 -0.120202 -0.076072
v -0.048966 -0.133499 -0.030298
v -0.037868 -0.138697 -0.020883
v -0.011528 -0.135215 -0.011057
v -0.028303 -0.166358 -0.007501
v -0.100011 -0.142149 -0.125440
v -0.086639 -0.150439 -0.139667
v -0.078428 -0.147350 -0.138598
v -0.083976 -0.138215 -0.127644
v -0.062923 -0.143696 -0.139567
v -0.010888 -0.129445 -0.008872
v -0.014419 -0.169111 -0.005412
v -0.013752 -0.159801 -0.010846
v -0.015758 -0.178795 0.002858
v -0.007138 -0.011892 0.049340
v -0.071134 -0.033303 -0.014900
v -0.070849 -0.041047 -0.022104
v -0.067111 -0.051663 -0.016185
v -0.067885 -0.043488 -0.009044
v -0.060999 -0.062559 -0.008413
v -0.063839 -0.052518 -0.002276
v -0.055028 -0.071191 0.000051
v -0.059091 -0.060694 0.004216
v -0.049857 -0.076377 0.009149
v -0.054226 -0.066153 0.011696
v -0.033324 -0.079158 0.027704
v -0.031630 -0.084337 0.024556
v -0.024920 -0.086974 0.031262
v -0.025591 -0.082815 0.034980
v -0.017718 -0.088918 0.037487
v -0.018254 -0.084953 0.041103
v -0.009734 -0.089870 0.040921
v -0.009704 -0.086142 0.044752
v -0.000333 -0.090131 0.042289
v -0.000203 -0.086320 0.046108
v 0.000024 -0.076996 0.049046
v -0.008837 -0.076919 0.047926
v -0.009371 -0.081626 0.047127
v -0.000101 -0.082172 0.048165
v -0.016515 -0.076058 0.044468
v -0.017764 -0.080904 0.043264
v -0.023391 -0.073567 0.039169
v -0.024878 -0.078508 0.037590
v -0.031075 -0.069655 0.032872
v -0.032943 -0.074545 0.030505
v -0.037864 -0.064472 0.029575
v -0.041144 -0.067864 0.025998
v -0.008886 -0.093162 0.035207
v -0.000511 -0.093296 0.037160
v -0.016132 -0.092395 0.031959
v -0.022846 -0.091019 0.026854
v -0.028658 -0.089477 0.020914
v -0.042127 -0.079336 0.017286
v -0.035550 -0.087562 0.013730
v -0.044429 -0.083483 0.006556
v -0.050517 -0.078521 -0.003547
v -0.057462 -0.069366 -0.013542
v -0.065199 -0.057960 -0.022460
v -0.069757 -0.045408 -0.029412
v -0.072521 -0.032859 -0.027164
v -0.015368 -0.071748 0.044319
v -0.008204 -0.072376 0.047434
v -0.022637 -0.069322 0.039415
v -0.029150 -0.065348 0.034541
v -0.034265 -0.061102 0.032078
v -0.039576 -0.049668 0.032706
v -0.038193 -0.055740 0.031846
v -0.037985 -0.037773 0.036457
v -0.039200 -0.043589 0.034208
v -0.046787 -0.030905 0.034354
v -0.048385 -0.039508 0.030143
v -0.043816 -0.042246 0.032462
v -0.042542 -0.034880 0.035636
v -0.050649 -0.025147 0.032485
v -0.052853 -0.035023 0.027357
v -0.008094 -0.096044 0.030347
v -0.000600 -0.096366 0.031176
v -0.014434 -0.095564 0.027190
v -0.020109 -0.095299 0.022485
v -0.024711 -0.095100 0.016603
v -0.029957 -0.094216 0.009846
v -0.036769 -0.091930 0.002176
v -0.044593 -0.086663 -0.007321
v -0.053560 -0.076738 -0.018547
v -0.062901 -0.062914 -0.028365
v -0.067837 -0.049771 -0.035374
v -0.022263 -0.102477 0.004764
v -0.017878 -0.101874 0.010676
v -0.014364 -0.101097 0.015595
v -0.011240 -0.100314 0.019433
v -0.006852 -0.101661 0.019006
v -0.000481 -0.102432 0.018841
v -0.006193 -0.105503 0.012131
v -0.000251 -0.105323 0.012252
v -0.008529 -0.107709 0.007725
v -0.000089 -0.108156 0.007440
v -0.010608 -0.109950 0.003640
v 0.000009 -0.111864 0.003635
v -0.042348 -0.057931 0.029273
v -0.046641 -0.058899 0.025330
v -0.048613 -0.049052 0.026759
v -0.053409 -0.046015 0.022799
v -0.051569 -0.057960 0.020380
v -0.044004 -0.050141 0.030215
v -0.057334 -0.054080 0.014102
v -0.058299 -0.041093 0.018099
v -0.057108 -0.028992 0.024180
v -0.061725 -0.036267 0.013497
v -0.061703 -0.048006 0.007865
v -0.060864 -0.024199 0.020219
v -0.063876 -0.019707 0.016173
v -0.064478 -0.030550 0.008909
v -0.064572 -0.041800 0.003141
v -0.045583 -0.070898 0.020426
v -0.067454 -0.034549 -0.002669
v -0.066316 -0.015201 0.011862
v -0.066687 -0.025098 0.004569
v -0.068922 -0.009253 0.006458
v -0.069703 -0.017595 -0.001438
v -0.070488 -0.026633 -0.009010
v -0.073602 -0.024536 -0.023109
v 0.000053 -0.072372 0.048617
v -0.067508 -0.033374 -0.049237
v -0.021619 -0.031749 0.042601
v -0.016486 -0.029735 0.045155
v -0.011492 -0.029076 0.048358
v -0.007420 -0.028861 0.050684
v -0.003484 -0.029137 0.052065
v -0.000012 -0.120478 -0.002631
v 0.000423 0.041877 0.050455
v -0.000007 -0.115163 0.001088
v 0.000159 -0.060112 0.032741
v -0.000066 0.130626 -0.026877
v 0.000092 -0.067675 0.047841
v 0.000190 -0.055416 0.035245
v 0.000577 -0.000861 0.065485
v 0.000132 -0.062932 0.047238
v 0.000288 -0.052258 0.050556
v 0.000318 -0.046671 0.048882
v 0.000390 0.080334 0.041773
v 0.000327 -0.049124 0.050311
v 0.000175 -0.026927 0.052846
v 0.000626 -0.005149 0.068316
v 0.000325 -0.045115 0.047515
v -0.001336 -0.045959 -0.117692
v 0.000273 -0.055627 0.049594
v 0.000271 -0.049082 0.039954
v 0.000309 -0.045550 0.045357
v 0.000290 -0.036711 0.039208
v 0.000218 -0.029605 0.052148
v 0.000712 0.017491 0.053684
v -0.001136 -0.007556 -0.140094
v 0.000692 0.014337 0.055763
v 0.000211 0.105711 0.023847
v 0.000378 0.090851 0.036361
v 0.000595 0.003339 0.062777
v -0.000762 0.055538 -0.152480
v -0.000669 0.072183 -0.149353
v 0.000379 0.061670 0.047339
v -0.000217 0.127630 -0.090113
v 0.000665 -0.009170 0.070284
v 0.000215 -0.022763 0.059598
v 0.000012 0.122669 -0.001901
v -0.000957 0.020880 -0.150294
v -0.000360 0.117494 -0.114512
v 0.000316 -0.045223 0.050255
v -0.000030 0.127064 -0.013827
v 0.000323 -0.046565 0.047176
v 0.000417 -0.019582 0.067558
v -0.001050 0.005148 -0.145989
v -0.000860 0.034683 -0.152252
v 0.000239 -0.035961 0.052017
v 0.000238 -0.032151 0.051899
v -0.000289 0.123367 -0.102702
v 0.000391 0.048533 0.050064
v 0.000246 -0.038179 0.052732
v 0.000708 0.027085 0.049983
v 0.000313 -0.040796 0.053047
v -0.000126 -0.125456 -0.005429
v -0.000504 0.096549 -0.136504
v 0.000314 -0.043177 0.051756
v 0.000318 -0.044084 0.043146
v 0.000646 0.007356 0.060166
v 0.000304 -0.040390 0.040631
v 0.000365 0.070034 0.045166
v 0.000141 -0.024686 0.054755
v 0.000166 -0.024128 0.055596
v 0.000742 0.023725 0.050587
v 0.000299 0.098930 0.030383
v 0.000663 0.030045 0.049942
v 0.000142 -0.025310 0.053893
v -0.000583 0.087048 -0.142832
v -0.000154 0.132614 -0.072747
v -0.000138 0.133939 -0.059566
v 0.000727 0.020559 0.051689
v 0.000675 0.011174 0.057814
v -0.001351 -0.057621 -0.115810
v 0.000552 -0.015963 0.070231
v 0.000635 -0.013025 0.070843
v 0.000065 0.117395 0.008342
v -0.001212 -0.017060 -0.135157
v -0.000105 0.133408 -0.042397
v 0.000131 0.111744 0.016654
v -0.001315 -0.034266 -0.123739
v -0.001272 -0.024496 -0.130897
v 0.000340 -0.020877 0.065733
v 0.000582 0.033567 0.050113
v 0.000260 -0.022142 0.062439
v -0.000430 0.109366 -0.125079
v 0.000184 -0.023405 0.057244
v 0.007395 -0.011967 0.049382
v 0.070490 -0.033673 -0.014363
v 0.069399 -0.041237 -0.021710
v 0.065899 -0.051899 -0.016036
v 0.067354 -0.043952 -0.008698
v 0.059977 -0.062710 -0.008450
v 0.063308 -0.053029 -0.002085
v 0.053898 -0.071141 -0.000231
v 0.058528 -0.061225 0.004263
v -0.004192 -0.019519 0.064965
v -0.003198 -0.020980 0.062360
v 0.049187 -0.076813 0.008766
v 0.053834 -0.066789 0.011628
v -0.016025 0.019435 0.035148
v -0.008270 -0.021532 0.052209
v -0.006652 0.001048 0.059216
v -0.014355 0.019522 0.035632
v 0.032756 -0.079775 0.027287
v 0.030871 -0.084759 0.023952
v 0.023928 -0.087325 0.030633
v 0.024788 -0.083340 0.034431
v -0.010458 -0.021223 0.050936
v 0.016766 -0.089324 0.037088
v 0.017566 -0.085479 0.040810
v 0.008941 -0.090215 0.040823
v 0.009165 -0.086478 0.044674
v -0.006087 0.008305 0.054698
v -0.008229 0.018015 0.043770
v 0.008697 -0.077182 0.048031
v 0.009153 -0.081923 0.047099
v -0.006247 0.004655 0.057050
v -0.015855 -0.018446 0.051969
v -0.014079 -0.020949 0.050377
v -0.006527 -0.013285 0.067617
v -0.007308 -0.010349 0.066632
v 0.016291 -0.076550 0.044345
v -0.007519 -0.016466 0.065607
v -0.004728 -0.018318 0.066156
v 0.017352 -0.081425 0.042996
v -0.018384 0.019568 0.035426
v -0.024409 0.021699 0.030519
v -0.005854 -0.015390 0.067513
v -0.002852 -0.017598 0.068177
v -0.021823 0.020708 0.033831
v -0.017209 0.019472 0.035284
v -0.011949 -0.014558 0.060527
v -0.006679 0.016684 0.047616
v 0.023176 -0.074226 0.038930
v 0.024384 -0.079108 0.037149
v 0.030831 -0.070492 0.032747
v 0.032563 -0.075297 0.030215
v -0.014542 -0.015957 0.056273
v 0.037768 -0.065471 0.029815
v 0.040948 -0.068788 0.026046
v 0.008020 -0.093370 0.034993
v -0.019457 0.019874 0.035432
v -0.020546 0.020212 0.035178
v -0.007247 -0.002813 0.061805
v 0.015176 -0.092594 0.031477
v 0.021890 -0.091199 0.026232
v 0.027733 -0.089740 0.020260
v 0.041791 -0.080033 0.016858
v -0.023574 0.021178 0.033146
v -0.002860 -0.022316 0.057115
v -0.010104 -0.015321 0.062834
v -0.008741 -0.015956 0.064388
v -0.003432 -0.022746 0.055032
v 0.035045 -0.087837 0.013125
v 0.043716 -0.083605 0.005911
v -0.012308 0.019172 0.037568
v 0.049122 -0.078023 -0.004211
v -0.006166 0.014209 0.050643
v -0.006157 0.011193 0.052731
v 0.056234 -0.069156 -0.013989
v 0.063740 -0.057910 -0.022591
v -0.002811 -0.021757 0.059740
v 0.067677 -0.045352 -0.029256
v 0.071292 -0.033135 -0.026628
v 0.015378 -0.072206 0.044315
v 0.008303 -0.072589 0.047656
v 0.022578 -0.069990 0.039241
v -0.007551 -0.006793 0.064619
v 0.029063 -0.066176 0.034409
v 0.034394 -0.062076 0.032396
v 0.039887 -0.050562 0.033246
v -0.005791 -0.022081 0.053507
v 0.038426 -0.056732 0.032418
v 0.038528 -0.038386 0.037104
v 0.039651 -0.044311 0.034752
v 0.047322 -0.031589 0.035010
v 0.048743 -0.040258 0.030728
v 0.044275 -0.043012 0.033077
v 0.000498 -0.017954 0.069060
v -0.005221 -0.017018 0.066931
v 0.043138 -0.035578 0.036372
v 0.051119 -0.025768 0.033149
v 0.053130 -0.035718 0.027921
v 0.007177 -0.096203 0.030092
v -0.030715 0.033965 0.041993
v -0.030616 0.031654 0.040185
v 0.013476 -0.095701 0.026744
v 0.019350 -0.095365 0.021897
v 0.023986 -0.095056 0.015980
v 0.029324 -0.094167 0.009189
v 0.036288 -0.091783 0.001459
v 0.043639 -0.086056 -0.008235
v -0.022976 0.037354 0.045469
v -0.004384 0.037591 0.049748
v -0.009719 0.037838 0.048682
v 0.052693 -0.076405 -0.019414
v -0.030689 0.028226 0.038228
v -0.031738 0.026960 0.037176
v -0.030330 0.029755 0.038352
v -0.031678 0.027061 0.038048
v -0.031163 0.027709 0.038322
v 0.061437 -0.062687 -0.028941
v -0.030120 0.029310 0.037537
v 0.065643 -0.049420 -0.035652
v -0.030177 0.028973 0.037342
v 0.021825 -0.102291 0.004135
v -0.029533 0.037020 0.043771
v 0.017310 -0.101803 0.010108
v 0.013702 -0.101101 0.015111
v -0.030245 0.028680 0.037774
v -0.031622 0.028062 0.035737
v 0.010521 -0.100414 0.019059
v -0.031772 0.027067 0.031774
v 0.006043 -0.101723 0.018788
v 0.000480 0.037499 0.050158
v -0.021733 0.048601 0.048310
v -0.053099 0.048735 0.027096
v 0.005791 -0.105439 0.011873
v -0.056308 0.043039 0.024173
v 0.008275 -0.107590 0.007336
v -0.049944 0.005484 0.029739
v -0.052764 0.006582 0.027340
v -0.018819 0.042218 0.048744
v 0.010378 -0.109739 0.003186
v 0.042401 -0.058924 0.029620
v 0.046508 -0.059785 0.025507
v 0.048721 -0.049881 0.027161
v 0.053452 -0.046773 0.023199
v -0.027012 0.070207 0.040384
v -0.031929 0.117396 -0.008571
v -0.025386 0.062238 0.043422
v -0.040788 0.054711 0.037276
v 0.051440 -0.058785 0.020521
v -0.031968 0.112857 0.000589
v 0.044246 -0.051073 0.030653
v 0.057134 -0.054853 0.014280
v 0.058262 -0.041824 0.018551
v 0.057355 -0.029654 0.024792
v 0.061677 -0.036928 0.013981
v -0.048035 0.053351 0.031413
v 0.061396 -0.048681 0.008128
v -0.057754 0.012220 0.020339
v -0.006550 0.054763 0.048921
v -0.059195 0.017956 0.018093
v 0.061134 -0.024818 0.020898
v -0.014733 0.054936 0.048309
v -0.028276 0.126899 -0.071280
v 0.064148 -0.020246 0.016876
v 0.064413 -0.031116 0.009458
v 0.064295 -0.042393 0.003527
v 0.045324 -0.071654 0.020295
v -0.013357 0.033929 0.045764
v 0.067173 -0.035058 -0.002177
v -0.039427 0.005992 0.034813
v -0.042649 0.005667 0.033560
v 0.066530 -0.015628 0.012596
v -0.032296 0.126816 -0.059969
v -0.056737 0.009669 0.022455
v -0.030278 0.089267 0.029534
v -0.009467 0.027102 0.043292
v -0.010661 0.030200 0.043977
v -0.031155 0.096168 0.022878
v 0.066602 -0.025544 0.005197
v 0.069054 -0.009548 0.007201
v 0.069574 -0.017923 -0.000765
v -0.031620 0.102368 0.015766
v 0.070144 -0.026984 -0.008429
v 0.073064 -0.024906 -0.022425
v -0.032310 0.121315 -0.019264
v -0.021959 0.008984 0.037764
v 0.065456 -0.032928 -0.049529
v 0.021858 -0.031907 0.042900
v 0.016751 -0.029834 0.045407
v -0.058586 0.036488 0.021600
v -0.059628 0.029710 0.019818
v -0.032982 0.126360 -0.046086
v -0.031762 0.006840 0.037134
v -0.059671 0.023695 0.018517
v -0.016058 0.128794 -0.079383
v 0.011799 -0.029138 0.048619
v -0.055141 0.007831 0.024849
v 0.007839 -0.028925 0.051003
v 0.003893 -0.029188 0.052301
v -0.032892 0.054994 0.042270
v -0.035771 0.006262 0.035997
v -0.008955 0.023929 0.042296
v -0.017273 0.011183 0.037983
v -0.013593 0.014295 0.038496
v -0.031831 0.107865 0.008559
v -0.011245 0.016871 0.039504
v -0.009192 0.020942 0.041277
v -0.026849 0.007542 0.037898
v -0.028784 0.079770 0.036008
v -0.032588 0.124435 -0.031982
v -0.046255 0.005523 0.031842
v -0.000173 0.130092 -0.082202
v 0.000385 0.054541 0.049073
v -0.010061 0.018605 0.040464
v -0.016000 0.037875 0.047266
v -0.023774 0.055018 0.046253
v 0.000246 -0.059280 0.048027
v -0.026476 -0.041884 0.039710
v -0.027863 -0.043857 0.038060
v -0.027445 -0.049411 0.035417
v -0.019298 -0.037140 0.045032
v -0.023638 -0.039653 0.041981
v -0.018102 -0.056561 0.042445
v -0.028381 -0.045666 0.036816
v -0.012396 -0.058111 0.045544
v -0.028385 -0.047565 0.035867
v -0.006583 -0.059379 0.047232
v 0.000244 -0.034013 0.051961
v -0.009149 -0.033738 0.050538
v -0.004412 -0.033566 0.051891
v -0.014221 -0.034977 0.048070
v -0.025598 -0.051599 0.036240
v -0.022841 -0.054059 0.038623
v 0.004905 -0.019736 0.065157
v 0.003772 -0.021114 0.062451
v 0.016421 0.019376 0.035888
v 0.008501 -0.021688 0.052246
v 0.007405 0.001156 0.059507
v 0.014778 0.019465 0.036187
v 0.010749 -0.021402 0.051028
v 0.006912 0.008436 0.055034
v 0.008724 0.018014 0.044034
v 0.007109 0.004801 0.057393
v 0.016236 -0.018578 0.052138
v 0.014382 -0.021086 0.050488
v 0.007454 -0.013227 0.067976
v 0.008208 -0.010227 0.066972
v 0.008212 -0.016493 0.065869
v 0.005512 -0.018483 0.066403
v 0.018709 0.019503 0.036387
v 0.024505 0.021656 0.031985
v 0.006751 -0.015408 0.067832
v 0.003827 -0.017749 0.068427
v 0.022049 0.020719 0.034984
v 0.017565 0.019409 0.036147
v 0.012324 -0.014556 0.060744
v 0.007372 0.016703 0.047911
v 0.014887 -0.016014 0.056472
v 0.019755 0.019830 0.036467
v 0.020819 0.020216 0.036268
v 0.007914 -0.002734 0.062071
v 0.023747 0.021164 0.034339
v 0.003203 -0.022330 0.057119
v 0.010574 -0.015303 0.063068
v 0.009298 -0.015944 0.064623
v 0.003667 -0.022756 0.054992
v 0.012623 0.019122 0.037894
v 0.007027 0.014290 0.050973
v 0.007150 0.011330 0.053074
v 0.003238 -0.021801 0.059759
v 0.008365 -0.006672 0.064926
v 0.005991 -0.022159 0.053479
v 0.006075 -0.017119 0.067227
v 0.031294 0.034102 0.042963
v 0.031194 0.031733 0.041295
v 0.023561 0.037329 0.046134
v 0.005256 0.037531 0.049823
v 0.010481 0.037723 0.048992
v 0.031143 0.028358 0.039251
v 0.032061 0.027045 0.038158
v 0.030895 0.029773 0.039559
v 0.032015 0.027225 0.038963
v 0.031576 0.027873 0.039211
v 0.030651 0.029329 0.038775
v 0.030656 0.029021 0.038514
v 0.030087 0.037124 0.044576
v 0.030716 0.028774 0.038886
v 0.031916 0.028136 0.036734
v 0.032050 0.027177 0.032991
v 0.022406 0.048604 0.048998
v 0.053482 0.048968 0.027684
v 0.056627 0.043342 0.024772
v 0.050498 0.005522 0.030701
v 0.053322 0.006652 0.028197
v 0.019513 0.042110 0.049467
v 0.027548 0.070228 0.040585
v 0.031815 0.117433 -0.008517
v 0.025969 0.062272 0.043744
v 0.041267 0.054864 0.037848
v 0.031907 0.112882 0.000662
v 0.048470 0.053536 0.031985
v 0.058354 0.012446 0.021239
v 0.007271 0.054750 0.049129
v 0.059844 0.018241 0.019045
v 0.015441 0.054949 0.048721
v 0.027926 0.126949 -0.071280
v 0.014044 0.033815 0.046219
v 0.039998 0.006095 0.036028
v 0.043185 0.005765 0.034686
v 0.032004 0.126872 -0.059964
v 0.057292 0.009812 0.023272
v 0.030598 0.089230 0.029659
v 0.010211 0.027085 0.043595
v 0.011332 0.030155 0.044300
v 0.031336 0.096144 0.023003
v 0.031699 0.102361 0.015878
v 0.032149 0.121363 -0.019226
v 0.022331 0.008890 0.038234
v 0.058847 0.036838 0.022247
v 0.059911 0.030116 0.020598
v 0.032738 0.126418 -0.046072
v 0.032278 0.006792 0.037914
v 0.060167 0.024046 0.019365
v 0.015700 0.128816 -0.079383
v 0.055743 0.007901 0.025659
v 0.033417 0.055099 0.042798
v 0.036287 0.006345 0.037076
v 0.009553 0.023930 0.042558
v 0.017591 0.011105 0.038374
v 0.013922 0.014223 0.038854
v 0.031832 0.107875 0.008652
v 0.011594 0.016828 0.039807
v 0.009643 0.020942 0.041502
v 0.027099 0.007504 0.038371
v 0.029244 0.079754 0.036141
v 0.032386 0.124491 -0.031958
v 0.046746 0.005594 0.032860
v 0.010451 0.018592 0.040718
v 0.016696 0.037742 0.047862
v 0.024434 0.055060 0.046789
v 0.026829 -0.042228 0.039921
v 0.028215 -0.044321 0.038296
v 0.027694 -0.050071 0.035657
v 0.019721 -0.037291 0.045216
v 0.024017 -0.039901 0.042141
v 0.018070 -0.057079 0.042211
v 0.028717 -0.046214 0.037070
v 0.012616 -0.058478 0.045479
v 0.028682 -0.048174 0.036143
v 0.006795 -0.059640 0.047396
v 0.009610 -0.033756 0.050825
v 0.004866 -0.033571 0.052146
v 0.014588 -0.035011 0.048284
v 0.025773 -0.052273 0.036201
v 0.022930 -0.054740 0.038365
v 0.033145 0.022822 0.025326
v -0.032761 0.023001 0.023702
f 4 2 1
f 8 6 5
f 13 15 14
f 17 19 18
f 32 30 29
f 36 34 33
f 37 39 38
f 21 23 20
f 25 27 24
f 41 43 42
f 48 46 45
f 52 50 49
f 53 55 54
f 60 58 57
f 29 62 61
f 66 64 63
f 67 6 68
f 72 70 69
f 76 74 73
f 77 79 78
f 81 83 82
f 59 86 85
f 88 90 89
f 96 94 93
f 100 98 97
f 101 103 102
f 106 34 87
f 108 115 107
f 117 36 118
f 124 126 125
f 131 129 128
f 132 134 133
f 142 140 139
f 148 60 147
f 144 127 124
f 149 151 150
f 156 154 153
f 159 158 157
f 116 164 105
f 171 169 168
f 174 173 172
f 179 181 180
f 186 188 187
f 194 196 195
f 199 139 198
f 206 208 207
f 213 211 210
f 202 214 201
f 96 216 54
f 92 43 44
f 97 246 100
f 250 229 228
f 252 58 253
f 258 256 255
f 260 229 259
f 110 112 113
f 114 263 109
f 265 267 266
f 56 270 269
f 274 249 250
f 185 63 64
f 280 278 276
f 285 283 157
f 288 211 212
f 141 92 46
f 289 175 176
f 148 105 106
f 312 170 171
f 238 42 43
f 318 160 317
f 310 308 307
f 241 325 324
f 160 240 317
f 47 307 308
f 108 315 164
f 345 86 119
f 348 350 349
f 356 358 357
f 355 353 352
f 363 32 362
f 149 150 176
f 364 253 365
f 366 368 367
f 183 371 63
f 163 161 160
f 209 101 208
f 378 165 166
f 379 381 380
f 383 3 4
f 284 386 385
f 387 389 388
f 391 229 249
f 73 397 396
f 405 407 406
f 203 411 410
f 414 413 412
f 1 357 4
f 277 131 275
f 254 57 58
f 358 415 351
f 417 386 408
f 401 192 420
f 419 127 143
f 421 182 422
f 103 302 409
f 428 368 174
f 380 359 356
f 62 266 323
f 140 431 430
f 357 351 348
f 356 379 380
f 415 403 434
f 437 436 435
f 438 440 439
f 188 450 449
f 452 454 453
f 265 181 421
f 224 64 225
f 237 213 427
f 275 128 458
f 281 460 459
f 50 79 461
f 73 282 281
f 468 466 465
f 390 352 359
f 482 484 483
f 489 487 486
f 493 495 494
f 472 470 469
f 502 500 499
f 220 222 223
f 512 143 66
f 518 511 80
f 513 230 286
f 205 31 244
f 189 451 188
f 163 532 8
f 533 225 251
f 446 447 412
f 335 540 334
f 544 546 545
f 329 291 292
f 199 262 238
f 385 416 550
f 532 191 247
f 363 118 243
f 236 237 250
f 578 580 579
f 573 571 570
f 561 562 272
f 241 259 240
f 590 592 591
f 545 595 594
f 503 155 504
f 606 624 623
f 478 480 479
f 646 648 647
f 590 689 684
f 564 651 650
f 728 184 727
f 714 716 715
f 692 575 693
f 541 581 578
f 346 248 400
f 161 230 160
f 128 94 95
f 698 704 703
f 574 576 575
f 290 401 328
f 630 725 726
f 733 735 734
f 755 496 493
f 759 481 760
f 757 762 761
f 764 466 467
f 768 3808 3809
f 759 488 489
f 492 475 771
f 474 769 473
f 773 465 772
f 771 486 483
f 484 775 491
f 774 489 486
f 495 764 756
f 495 761 494
f 137 784 136
f 325 797 547
f 165 51 52
f 369 29 370
f 730 568 569
f 90 301 89
f 243 516 242
f 800 806 805
f 817 808 816
f 816 823 822
f 306 447 807
f 815 809 808
f 829 828 825
f 726 501 502
f 274 424 423
f 879 881 880
f 884 879 885
f 219 217 211
f 906 904 897
f 455 205 542
f 898 830 829
f 903 880 881
f 906 897 898
f 377 519 165
f 923 948 946
f 946 951 950
f 3519 739 3517
f 900 886 880
f 225 65 144
f 182 442 422
f 809 947 824
f 954 962 961
f 927 965 966
f 885 880 886
f 925 966 967
f 343 341 340
f 965 971 968
f 968 970 969
f 972 969 973
f 963 981 978
f 336 338 339
f 992 827 828
f 810 996 959
f 1007 1002 1008
f 1012 827 1009
f 1011 1007 1008
f 294 292 291
f 907 920 919
f 1017 1019 1018
f 1020 1022 1021
f 1035 1020 1044
f 1061 1047 1046
f 1063 1046 1062
f 1044 1021 1045
f 1102 1097 1109
f 1116 1118 1117
f 1016 1014 1013
f 881 904 903
f 816 1127 817
f 1094 949 1097
f 514 167 515
f 146 81 82
f 1133 1130 1129
f 1102 1126 822
f 822 1116 816
f 1145 1148 1136
f 1076 1151 1069
f 1148 1086 1087
f 1109 1114 1136
f 1154 1156 1155
f 1153 967 1156
f 3464 463 3714
f 1144 1152 1151
f 1156 1163 1162
f 1164 1169 1165
f 1145 1176 1147
f 1114 1154 1171
f 1183 1164 1177
f 1184 1177 1185
f 1069 1062 1064
f 1023 1194 1022
f 1162 1170 1169
f 1195 1185 1191
f 1183 1176 1155
f 1201 1152 1196
f 1061 1201 1202
f 3825 843 3836
f 1203 1195 1034
f 1202 1184 1195
f 1218 1203 1217
f 1060 1202 1203
f 1225 1217 1219
f 671 694 670
f 1219 1024 1035
f 1217 1034 1024
f 1226 1015 1227
f 1243 1234 1233
f 1231 1229 1228
f 847 1233 843
f 843 1244 878
f 1233 1245 1244
f 1923 233 216
f 2100 499 500
f 3914 2135 3900
f 61 323 505
f 210 217 457
f 1299 1309 1300
f 3863 1231 3862
f 1066 1321 1322
f 1322 1228 1229
f 1060 1321 1047
f 1325 1323 1310
f 1244 1332 1330
f 1290 1242 1288
f 1337 1339 1338
f 1330 1340 1339
f 1341 1245 1294
f 1342 1332 1341
f 1343 1341 1344
f 1344 1294 1293
f 3857 1345 1346
f 1347 1342 1343
f 3856 1295 1345
f 1349 1348 1347
f 3861 1347 3853
f 3853 1343 3857
f 906 829 1353
f 905 1353 1354
f 865 1355 1357
f 1355 829 825
f 1357 825 826
f 1356 1353 1355
f 3834 1338 3833
f 866 1356 865
f 1358 1354 1356
f 3828 1337 3834
f 838 1012 841
f 1363 1338 1339
f 1368 1339 1340
f 1348 1340 1342
f 1371 3824 3829
f 524 526 523
f 528 530 527
f 1372 1369 1371
f 535 537 538
f 1367 1348 1350
f 1370 1359 1369
f 1369 3833 3824
f 1373 903 904
f 555 557 558
f 1374 910 1373
f 1373 905 1375
f 1374 1375 1376
f 1375 1354 1370
f 1378 908 1377
f 376 651 1387
f 1388 973 969
f 586 588 585
f 1390 1388 1391
f 1391 969 970
f 597 599 596
f 600 602 603
f 1392 970 979
f 608 610 607
f 612 523 611
f 614 616 613
f 617 25 24
f 620 622 619
f 1397 1391 1392
f 1398 1392 1399
f 1400 920 1378
f 1402 1165 1169
f 636 638 635
f 930 1402 929
f 641 643 644
f 929 1169 1170
f 1404 1403 1402
f 1411 1365 1406
f 1412 1415 1414
f 652 654 655
f 609 657 658
f 659 661 662
f 558 586 585
f 665 667 664
f 1413 1406 1412
f 1418 3810 3813
f 1417 1371 1416
f 1416 3829 3810
f 1419 1416 1418
f 1386 1374 1420
f 677 679 676
f 1385 1420 1421
f 1420 1376 1422
f 685 687 688
f 1421 1422 1423
f 528 691 658
f 1422 1372 1417
f 1018 747 1425
f 699 701 702
f 1424 579 1017
f 3663 1767 3660
f 700 711 712
f 1093 3754 1571
f 717 530 719
f 721 723 720
f 704 3543 3554
f 19 1426 1430
f 1429 1427 1426
f 1658 3542 3544
f 1439 1434 1438
f 1437 1435 1434
f 1426 1433 1432
f 1442 1432 1440
f 742 744 745
f 1432 1441 1440
f 751 753 750
f 1438 1403 1405
f 1446 1444 1443
f 1447 1446 1443
f 3860 1443 3848
f 1415 1445 1446
f 1414 1446 1448
f 2173 469 470
f 777 779 686
f 780 782 783
f 1676 1806 1675
f 3859 1349 3861
f 789 791 788
f 745 793 742
f 652 795 653
f 1455 1457 1456
f 1454 1350 1452
f 610 802 801
f 3831 698 703
f 1352 1045 1351
f 1015 1459 1460
f 811 813 814
f 2118 3817 2117
f 819 821 818
f 1466 1194 1190
f 1467 1465 1466
f 1182 1468 1467
f 832 833 831
f 835 837 834
f 1467 1190 1182
f 1469 1444 1445
f 840 712 690
f 1453 1469 1454
f 599 845 846
f 1226 3849 3855
f 851 853 850
f 855 856 854
f 858 860 857
f 861 863 864
f 1014 3855 3858
f 867 868 869
f 870 872 873
f 874 876 877
f 1310 1471 1309
f 1476 1427 1475
f 1461 1475 1460
f 887 889 890
f 788 892 891
f 894 896 893
f 1460 1227 1015
f 901 524 612
f 1465 1477 1464
f 1865 3500 1864
f 911 913 914
f 916 918 915
f 1850 3507 1851
f 921 895 894
f 1479 1436 1478
f 926 667 601
f 1481 563 1480
f 269 84 1482
f 931 933 916
f 934 614 869
f 936 688 937
f 938 662 939
f 1484 122 123
f 941 835 834
f 320 509 510
f 1849 3505 1850
f 84 1484 83
f 1487 1488 539
f 1757 3502 3509
f 365 1491 364
f 461 80 511
f 117 362 1496
f 1494 541 1495
f 926 957 958
f 1477 1433 1476
f 1709 1585 1700
f 119 1496 345
f 271 504 156
f 511 189 186
f 345 1492 365
f 255 344 254
f 57 299 132
f 1501 268 1500
f 267 1499 145
f 974 976 977
f 1678 1693 1676
f 3846 1807 3840
f 557 663 558
f 983 984 985
f 1443 3849 3848
f 421 268 265
f 989 991 988
f 1490 418 1504
f 279 309 310
f 997 676 679
f 998 999 875
f 1504 38 1505
f 1506 1507 1486
f 360 1508 1506
f 1506 207 360
f 939 1006 938
f 270 1483 269
f 66 546 512
f 1010 793 935
f 367 437 1509
f 244 363 243
f 1670 3534 1669
f 209 1510 226
f 235 1512 1511
f 1511 234 235
f 388 426 425
f 427 250 237
f 161 521 231
f 100 45 44
f 1025 608 1027
f 1029 1031 1028
f 939 1033 1032
f 41 594 99
f 1036 783 1037
f 702 1038 1039
f 1040 1042 1043
f 362 369 1493
f 187 477 186
f 70 539 198
f 1511 1521 234
f 1049 603 1048
f 613 869 614
f 860 1051 857
f 1005 1053 1006
f 753 1056 1054
f 1057 1059 1055
f 293 1522 292
f 288 1521 1522
f 292 1523 329
f 331 1508 1524
f 306 453 305
f 100 41 99
f 462 78 79
f 330 1524 462
f 635 1068 636
f 1485 1526 1528
f 206 1528 1510
f 1070 1072 831
f 942 1073 1074
f 916 1075 917
f 440 1530 439
f 157 1514 285
f 1529 5 1530
f 371 546 63
f 790 663 791
f 1077 857 1078
f 1403 1435 1165
f 1080 1082 1079
f 531 1529 440
f 21 1084 1085
f 272 1531 561
f 137 396 397
f 690 802 691
f 335 3567 581
f 1090 1029 1091
f 1092 794 1042
f 1533 137 138
f 661 1095 1096
f 69 445 72
f 1099 1101 1098
f 38 1536 1505
f 1104 1106 1103
f 852 1108 853
f 1377 909 1386
f 291 411 294
f 316 516 33
f 539 1533 534
f 1505 316 313
f 1110 1112 1113
f 1539 460 264
f 522 1537 1539
f 834 1120 1119
f 1122 1124 1121
f 612 1041 901
f 935 615 614
f 276 130 131
f 1686 3522 1685
f 193 1541 273
f 231 1540 287
f 556 982 557
f 365 85 345
f 190 318 1541
f 1810 3574 3528
f 3924 3512 3791
f 1132 985 1131
f 208 102 132
f 1134 662 661
f 1491 80 77
f 429 1542 147
f 1137 915 918
f 172 428 174
f 1139 1141 1142
f 549 54 55
f 1517 1518 296
f 976 1146 938
f 834 984 941
f 1543 286 115
f 1544 239 513
f 133 1544 1542
f 506 257 258
f 420 328 401
f 1158 1160 1157
f 587 1103 588
f 1513 1514 151
f 607 1027 608
f 304 1545 303
f 364 77 506
f 69 198 139
f 1006 976 938
f 700 1112 701
f 3877 3525 3787
f 1166 657 656
f 1167 858 1077
f 1300 3524 1299
f 1172 1174 1175
f 218 200 217
f 1179 1181 1178
f 372 97 98
f 89 227 88
f 1186 1188 1189
f 172 1517 1549
f 1482 81 1498
f 1090 1193 1030
f 394 353 1551
f 526 1198 1197
f 811 858 812
f 1199 1026 1025
f 606 697 696
f 1204 1206 743
f 1207 523 526
f 1209 867 613
f 914 685 936
f 1478 1441 1477
f 1029 1161 1091
f 1211 1213 1214
f 3858 1451 3859
f 844 1216 845
f 423 273 274
f 1220 1222 1083
f 22 1224 23
f 882 897 881
f 1519 173 387
f 1189 1232 1178
f 349 550 416
f 1071 1236 1072
f 1237 1239 745
f 1221 1189 1240
f 1510 1512 333
f 939 1241 1005
f 1556 5 67
f 1553 394 1551
f 404 67 347
f 1247 1249 1246
f 142 238 92
f 1251 635 1250
f 850 1253 851
f 1254 1077 1255
f 57 133 429
f 443 552 551
f 1187 1175 1188
f 1256 831 833
f 432 382 383
f 741 747 746
f 434 351 415
f 349 383 348
f 251 1481 1480
f 395 352 353
f 1518 1550 1551
f 1558 378 340
f 109 314 315
f 285 1513 407
f 395 393 392
f 202 410 1558
f 417 405 432
f 1246 1258 1247
f 3 297 2
f 1259 1261 1262
f 403 347 284
f 955 953 952
f 462 51 330
f 1096 687 1263
f 429 60 57
f 896 1265 932
f 1267 1268 1266
f 423 327 420
f 37 180 40
f 20 1187 1186
f 1256 1071 1070
f 155 156 504
f 1188 1269 1232
f 1236 1271 1262
f 1272 535 621
f 565 463 464
f 1273 745 1239
f 876 1255 1274
f 316 164 315
f 437 503 1509
f 194 1495 197
f 1275 864 863
f 624 631 630
f 1277 1137 1278
f 569 567 566
f 1481 125 366
f 324 547 326
f 1279 1107 1280
f 1525 329 1523
f 1281 1137 918
f 171 1553 1552
f 1488 396 1533
f 1557 1562 1559
f 1282 1206 1205
f 1053 1278 1281
f 778 607 1283
f 713 3566 3569
f 251 144 124
f 4 348 383
f 709 707 706
f 728 45 246
f 261 1563 544
f 789 1287 790
f 74 263 282
f 403 385 434
f 1178 1240 1189
f 1223 1289 1224
f 158 150 151
f 1220 1186 1221
f 296 354 433
f 784 1538 1566
f 1181 1291 1222
f 1269 1257 1246
f 1566 438 399
f 136 1566 1564
f 1563 169 1565
f 107 109 108
f 1297 1298 1296
f 1464 1476 1461
f 1520 507 508
f 1301 1303 1304
f 1306 1308 1305
f 175 1532 272
f 1532 200 201
f 1311 1312 1313
f 872 1315 1316
f 1317 1318 1319
f 3836 878 3828
f 1305 864 1276
f 1040 863 1320
f 1564 399 169
f 592 1575 591
f 591 1088 689
f 1581 1583 1582
f 1196 1147 1176
f 710 583 713
f 285 408 386
f 953 961 963
f 1594 1589 1593
f 1585 1587 1586
f 1592 1590 1589
f 3885 944 3899
f 1600 1598 1597
f 1604 1602 1601
f 1399 979 980
f 1589 1596 1595
f 1610 1608 1607
f 298 361 360
f 551 276 277
f 1627 3814 3819
f 859 818 860
f 1078 1328 1329
f 1555 1530 1556
f 572 680 681
f 772 776 774
f 977 918 917
f 404 392 393
f 1054 750 753
f 1644 1643 1642
f 932 1082 933
f 1067 1334 1068
f 1540 264 114
f 597 643 1336
f 471 762 470
f 1642 3831 3842
f 1644 3842 3843
f 923 950 927
f 96 548 95
f 520 522 521
f 445 443 442
f 849 848 842
f 480 755 493
f 1646 481 1639
f 311 1567 170
f 464 3497 3495
f 3497 1361 3495
f 234 236 235
f 190 192 191
f 153 152 149
f 231 286 230
f 1552 1551 1550
f 760 1648 488
f 3832 1649 3830
f 828 826 825
f 52 166 165
f 1663 1661 1660
f 287 115 286
f 668 670 669
f 634 640 639
f 553 559 554
f 118 33 516
f 492 491 490
f 3552 1651 3553
f 582 584 583
f 384 392 415
f 1381 1383 1380
f 1562 435 436
f 952 951 947
f 3529 583 584
f 1660 1667 1666
f 1394 1396 1393
f 1660 1664 1663
f 1671 1669 1668
f 1624 1673 1672
f 1407 1409 1410
f 1677 1675 1674
f 1613 1677 1625
f 1679 1676 1677
f 1626 3811 3814
f 534 198 539
f 176 150 159
f 803 734 800
f 400 191 192
f 65 143 144
f 3526 1656 3540
f 402 157 283
f 629 627 626
f 461 49 50
f 758 495 756
f 796 786 785
f 406 1513 1560
f 342 166 167
f 1694 1658 1695
f 1692 1694 1696
f 3557 1652 3552
f 3921 1703 3923
f 326 302 90
f 3916 1702 1706
f 3919 1698 1701
f 1699 3927 3918
f 1557 1560 1561
f 1127 1117 1128
f 400 289 346
f 1706 1707 1708
f 1707 1599 1600
f 1709 1708 1588
f 1714 1711 1713
f 3919 1709 1700
f 1704 1577 1703
f 1716 1713 1715
f 1559 1549 297
f 1722 1720 1719
f 1335 596 1489
f 410 377 378
f 973 1163 972
f 168 399 398
f 1571 1089 1093
f 1572 682 1571
f 749 647 754
f 1730 1723 1729
f 1594 1729 1592
f 1729 1591 1592
f 1731 1730 1583
f 1384 1377 1379
f 1732 1712 1714
f 1724 1731 1732
f 1712 1731 1580
f 1722 1732 1733
f 1721 1733 1734
f 1734 1716 1717
f 1735 1736 1697
f 1733 1714 1716
f 1663 1741 1668
f 1742 1740 1743
f 1738 1737 1735
f 1665 1666 1740
f 1665 1744 1664
f 1725 1746 1745
f 1591 1745 1590
f 1590 1747 1596
f 1745 1748 1747
f 1659 3538 3542
f 3287 3545 3282
f 1185 1182 1190
f 1664 1749 1741
f 1741 1739 1738
f 1746 1743 1748
f 1726 1742 1746
f 1153 924 925
f 1115 1153 1154
f 1654 3575 1655
f 1896 3549 1686
f 1720 1744 1726
f 1721 1749 1720
f 1750 1701 1698
f 1697 1750 1696
f 1151 1063 1062
f 1751 1670 1671
f 1695 1752 1751
f 961 986 981
f 1770 1768 1767
f 1766 1593 1765
f 1731 1579 1580
f 1579 1774 1578
f 3928 1771 3929
f 1764 3928 3917
f 1777 1775 1774
f 3762 1699 1700
f 1004 1128 1003
f 1774 1771 1772
f 987 1399 980
f 1578 1772 1764
f 1783 1781 1778
f 1597 1770 1767
f 639 3895 3884
f 3928 1769 1770
f 1793 1789 1788
f 3929 1798 1769
f 3508 3773 1806
f 1802 3924 3922
f 1788 1794 1793
f 1793 1795 1776
f 3773 1675 1806
f 1584 1783 1789
f 1771 3920 3929
f 1801 1798 1800
f 1768 1798 1799
f 1775 1797 1771
f 508 515 1520
f 1796 1802 1797
f 1800 3920 3922
f 1794 1804 1795
f 3532 1752 3547
f 485 1807 775
f 3809 1640 768
f 3837 1810 1653
f 485 1640 1808
f 1690 3770 3772
f 487 1648 1811
f 3839 1816 3822
f 3838 1648 3830
f 3839 1811 3838
f 1812 487 1811
f 1641 767 768
f 465 755 776
f 767 3823 3808
f 3822 3826 3847
f 1809 1815 767
f 3837 1651 3840
f 675 3541 3496
f 1814 1822 1821
f 1821 3821 3820
f 1824 1649 1825
f 1827 1850 1805
f 1668 1662 1663
f 1779 1848 1828
f 1790 1805 1794
f 1833 1853 1852
f 3521 693 575
f 1614 1616 1617
f 1852 3498 3501
f 1620 1622 1623
f 1855 1574 1861
f 1847 3501 3513
f 1766 1855 1782
f 1629 1631 1628
f 1633 1634 1632
f 1635 1637 1638
f 1848 1852 1847
f 1855 1863 1862
f 1803 1867 1802
f 1862 1831 1832
f 1782 1862 1781
f 3922 1865 1800
f 1873 1870 1869
f 1874 799 804
f 2045 3897 2044
f 1219 1295 1225
f 1615 1396 1395
f 3884 1877 1876
f 645 3786 3559
f 1345 1035 1346
f 634 3884 3880
f 15 1327 14
f 3910 1878 1893
f 1894 605 1893
f 3506 627 693
f 3560 645 3559
f 340 454 1558
f 1897 195 1898
f 1889 1877 1890
f 1901 129 1900
f 196 754 232
f 1705 3921 3916
f 340 166 343
f 1570 563 561
f 1904 194 1897
f 1781 1832 1780
f 1905 55 1906
f 1000 995 996
f 986 920 987
f 1191 1190 1194
f 2094 2075 2093
f 1920 1919 1915
f 453 1912 1911
f 1915 1918 1916
f 3882 2106 3901
f 1655 3531 1868
f 1916 1926 1925
f 704 3561 703
f 278 1925 1900
f 3565 1818 1820
f 1097 1115 1114
f 1927 727 1923
f 3578 3654 3758
f 1920 307 1929
f 1929 48 728
f 503 1497 1509
f 1902 787 796
f 1816 3820 3826
f 1925 1923 1924
f 1535 1568 1534
f 254 258 255
f 1509 366 367
f 119 35 36
f 219 293 294
f 141 47 431
f 542 244 245
f 1940 430 431
f 1779 1827 1790
f 1701 3915 3919
f 1661 3515 1667
f 270 754 647
f 197 749 196
f 1727 1212 1211
f 53 232 754
f 1465 1479 1478
f 1284 3854 1293
f 1951 412 413
f 168 1554 1553
f 1486 206 207
f 506 78 361
f 994 1007 993
f 951 963 964
f 1013 3861 1351
f 3826 1820 1818
f 1498 1954 1482
f 299 543 132
f 1754 1756 1753
f 1681 1683 1682
f 1696 1695 1697
f 13 738 737
f 473 475 474
f 482 768 1640
f 204 30 205
f 1761 820 819
f 611 1125 612
f 1501 1908 1909
f 1074 711 699
f 1960 82 83
f 120 1960 123
f 35 87 34
f 1773 1025 1031
f 1965 1569 1535
f 494 471 479
f 1966 1969 1968
f 446 1971 1967
f 174 125 126
f 1580 1578 1577
f 1785 1787 1784
f 1972 304 305
f 1254 875 999
f 1973 342 514
f 321 1973 509
f 1910 275 1907
f 509 514 508
f 1486 1527 1485
f 1974 804 1975
f 1977 1974 1978
f 1980 1966 1981
f 379 2 295
f 1718 1710 1701
f 884 992 883
f 1680 1678 1679
f 902 525 524
f 344 256 299
f 135 137 136
f 236 228 333
f 448 1967 1966
f 589 604 584
f 910 908 907
f 1981 1968 1987
f 1982 1987 1979
f 1988 1987 1989
f 1990 1989 1991
f 1991 1993 1992
f 322 320 319
f 992 830 883
f 1144 1086 1143
f 1995 1978 1994
f 1133 1118 1126
f 1997 1994 1996
f 870 1335 1489
f 805 1982 1998
f 727 2000 1999
f 1996 1988 1990
f 1994 1979 1988
f 1829 792 1273
f 1830 941 983
f 798 800 799
f 729 731 730
f 2011 2023 2022
f 1834 846 1159
f 402 284 347
f 2022 2024 2025
f 1838 989 988
f 810 952 809
f 1823 1840 644
f 1430 1432 1431
f 1215 1841 1079
f 149 176 177
f 1316 873 872
f 2112 1384 2106
f 1842 1844 1845
f 1159 845 1160
f 837 1846 1120
f 1971 2030 2027
f 517 370 189
f 858 833 812
f 1471 2027 1888
f 3551 626 627
f 2174 770 490
f 935 1854 1010
f 1613 1611 1618
f 1231 1225 1295
f 1856 891 892
f 1300 748 741
f 1150 1858 1859
f 1643 696 1642
f 1215 1264 1216
f 1320 902 901
f 1956 1944 1960
f 2031 669 1474
f 2034 1310 1299
f 1879 1656 1657
f 40 242 39
f 1992 2039 1456
f 888 957 889
f 1882 1996 1990
f 1078 1255 1077
f 1871 1192 1090
f 294 218 219
f 1323 2026 1471
f 123 83 1484
f 1324 2041 1323
f 384 359 352
f 1324 2038 2036
f 1883 1885 1829
f 287 114 107
f 1096 1134 661
f 915 931 916
f 806 1981 1982
f 3533 584 604
f 1425 2042 1018
f 1018 1948 1017
f 3562 740 3519
f 1948 649 646
f 1881 1990 1991
f 1900 130 278
f 992 994 993
f 923 925 924
f 3878 2047 3876
f 1643 625 606
f 2050 2051 2049
f 2045 1404 2047
f 3876 945 3885
f 1139 1079 1841
f 1037 892 982
f 2055 2057 2056
f 1198 718 717
f 1619 1612 1611
f 2058 1606 2059
f 2059 1607 2058
f 2058 1624 1605
f 71 179 37
f 405 1557 382
f 976 1006 977
f 322 1972 1911
f 2061 2063 2062
f 2066 2067 1825
f 2052 2064 2051
f 1609 2066 1647
f 1515 152 1516
f 1009 993 1007
f 1644 3815 2118
f 279 1916 278
f 1285 3862 1284
f 1647 1825 1649
f 2056 2067 2065
f 319 1953 1952
f 667 1913 1914
f 2070 625 2048
f 2052 2055 2063
f 2038 1655 1458
f 1606 2073 2072
f 1235 1270 1236
f 2072 2075 2074
f 2059 2072 2062
f 2074 2077 2076
f 1601 2078 2073
f 2049 1643 1645
f 1000 1001 994
f 1089 684 689
f 1931 1306 1930
f 1462 1021 1022
f 1932 1934 1935
f 875 1846 998
f 1936 1937 1938
f 44 46 92
f 1534 1956 120
f 1541 317 391
f 2081 2084 2083
f 146 1959 300
f 1360 1942 1361
f 985 1032 1033
f 1995 1892 2043
f 2079 2082 2081
f 2095 2076 2077
f 2081 2078 2079
f 2055 2054 2053
f 501 2095 500
f 2097 2099 2098
f 2098 2094 2083
f 2140 3893 3866
f 2141 3894 3893
f 2051 2048 2049
f 592 2101 1576
f 2071 2076 2096
f 2102 2098 2101
f 593 2102 592
f 1019 746 747
f 1950 12 1327
f 725 2096 501
f 1385 2104 1379
f 1379 2106 1384
f 2107 2100 2097
f 3908 502 3896
f 3896 499 3901
f 940 2109 944
f 928 1170 973
f 3868 684 3899
f 1962 1964 1961
f 3878 573 3897
f 2039 1968 1969
f 1389 2110 2109
f 1398 2113 1397
f 3757 3753 3743
f 3911 2107 2103
f 949 924 1115
f 260 324 326
f 1390 2113 2110
f 2070 2064 2071
f 3867 2103 593
f 2105 1421 2114
f 2114 1423 2115
f 3892 2115 3903
f 3908 2114 3892
f 554 1902 553
f 972 967 966
f 1765 1573 1574
f 1984 1986 1983
f 2053 2069 2057
f 3573 724 714
f 1625 1674 1673
f 3881 2119 2122
f 3903 2123 3904
f 56 1906 55
f 626 3879 629
f 2001 2003 2004
f 3912 2127 3907
f 2006 2008 2009
f 2127 1412 2128
f 2014 2016 2017
f 2018 2020 2021
f 1495 1947 197
f 1379 1386 1385
f 3814 1680 1618
f 2029 1884 2028
f 3902 2120 3887
f 629 3914 3872
f 682 943 1089
f 724 2121 716
f 1757 3821 3845
f 765 3844 3809
f 3851 715 3852
f 706 3870 3872
f 981 987 980
f 1457 1656 1880
f 2017 2032 2033
f 1458 1868 1457
f 1776 1792 1793
f 1959 1946 1958
f 3663 3725 3661
f 3913 2122 3850
f 1093 689 1088
f 966 968 972
f 3852 3881 3913
f 2172 2170 2171
f 670 2137 669
f 3761 1903 233
f 1429 28 1449
f 964 978 971
f 3841 1413 2127
f 1473 669 2137
f 3834 1359 1358
f 2138 1870 2137
f 1872 2137 1870
f 715 3888 3881
f 1881 1992 1880
f 3843 739 740
f 1837 3513 3514
f 253 59 85
f 1808 3840 1807
f 1647 3818 1609
f 3865 671 668
f 2112 3883 2111
f 1405 2044 1438
f 3829 1364 1366
f 273 391 249
f 576 3520 3555
f 3875 668 2031
f 1430 2140 2139
f 2136 3860 28
f 1430 18 19
f 3893 570 695
f 1442 2046 2141
f 1431 2141 2140
f 3869 3850 2136
f 3808 1817 766
f 3866 695 671
f 2142 798 2138
f 571 2142 694
f 3819 1618 1611
f 2143 2025 2142
f 694 2138 670
f 681 2144 572
f 2144 2022 2143
f 328 457 290
f 1572 2011 2144
f 630 3903 624
f 2085 2087 2088
f 2090 2092 2089
f 572 2143 571
f 1875 2153 2149
f 1873 2149 2154
f 2103 2097 2102
f 2157 2155 2156
f 2128 1414 2120
f 3874 589 582
f 3872 628 629
f 2149 2158 2159
f 2159 3905 3890
f 698 3902 705
f 3823 3827 1817
f 2158 3874 3905
f 1438 2046 1439
f 2035 2160 2161
f 2161 3889 3886
f 3871 605 589
f 3873 18 3875
f 370 61 451
f 649 413 648
f 2153 2156 2158
f 1428 1449 1450
f 1490 73 1488
f 3890 710 633
f 2155 3891 3871
f 1456 1880 1992
f 2125 2087 2124
f 2160 3890 3889
f 300 505 323
f 1064 1046 1065
f 2043 1891 2155
f 2129 2004 2003
f 2131 2133 2134
f 3848 1450 1449
f 1998 804 805
f 3879 3864 3914
f 474 490 770
f 1164 1182 1177
f 707 3909 3870
f 708 2162 707
f 2162 3886 3909
f 548 1905 458
f 1145 1114 1171
f 705 1650 704
f 2043 1977 1995
f 737 554 559
f 1034 1191 1023
f 458 1907 275
f 195 232 233
f 2040 1969 1970
f 2145 2147 2148
f 2054 2049 1645
f 3832 1639 3818
f 9 11 10
f 252 506 258
f 472 479 471
f 1865 3791 3503
f 900 910 907
f 1941 2151 1942
f 1921 1927 1919
f 2163 1898 2116
f 271 153 178
f 1904 12 9
f 282 264 460
f 1872 2154 2035
f 1326 1897 2163
f 628 693 627
f 1724 1719 1723
f 1549 436 172
f 1582 1730 1729
f 1921 1929 1928
f 3563 10 11
f 2152 1950 1949
f 475 774 771
f 769 2171 473
f 2171 476 473
f 476 772 475
f 1791 464 1760
f 2166 2168 2169
f 595 372 98
f 483 1641 482
f 762 2173 470
f 771 484 492
f 486 1809 483
f 297 1517 296
f 763 2174 762
f 776 759 489
f 184 2176 2000
f 412 303 414
f 2005 185 224
f 3811 1682 3846
f 2164 756 764
f 1472 2161 2162
f 950 964 965
f 2177 2179 2180
f 227 1510 333
f 764 467 2164
f 2182 2184 2181
f 2186 2018 2185
f 1985 2181 1986
f 214 729 1531
f 1545 1546 1569
f 865 842 866
f 849 1357 1362
f 452 1558 454
f 559 3188 737
f 16 737 3188
f 560 498 374
f 3193 3195 3194
f 3200 3198 3199
f 3211 3213 3212
f 3215 3217 3216
f 2187 2002 2001
f 2169 2189 2190
f 2192 2085 2191
f 2193 2195 2196
f 2198 2200 2197
f 1998 1979 1975
f 3664 3668 3671
f 2116 1903 1902
f 1859 2009 1150
f 3904 2126 3906
f 1135 1087 1130
f 2201 2015 2014
f 1149 110 1858
f 3221 3218 3215
f 2203 2205 2206
f 579 1895 1019
f 1755 2208 1756
f 3891 1893 605
f 1211 2150 1727
f 868 2210 2209
f 944 930 940
f 2130 2202 2201
f 233 1898 195
f 665 750 666
f 1167 999 618
f 2211 2213 2214
f 2215 2217 2218
f 3867 590 3868
f 2220 220 2219
f 823 948 1094
f 3225 3227 3226
f 266 455 265
f 3882 2107 3883
f 2221 3519 3517
f 2223 2225 2226
f 2207 2124 2208
f 673 3869 3864
f 817 996 815
f 2227 2146 2145
f 1947 646 749
f 3900 17 3873
f 2229 1638 1381
f 1679 1618 1680
f 1637 2232 2230
f 2233 1617 1616
f 2231 2236 2237
f 1381 2238 1382
f 3586 2242 3587
f 1630 2233 1631
f 1681 472 469
f 1408 2243 2244
f 3236 3238 3237
f 3232 3240 3235
f 1637 2238 1638
f 3237 3233 3234
f 1409 1634 2245
f 1380 2247 2246
f 1628 2245 1621
f 2249 1622 1633
f 1632 1408 2244
f 2248 1631 2250
f 2235 1637 1636
f 3245 3199 3198
f 631 2071 725
f 515 52 49
f 782 2251 1251
f 2253 2255 2252
f 397 459 784
f 1456 2040 1455
f 2040 2036 1455
f 1401 2111 1398
f 2041 1970 2026
f 1535 414 1965
f 1586 2080 2079
f 2256 1132 1886
f 1700 3918 3919
f 3815 1686 3817
f 1263 1886 1096
f 598 844 599
f 2257 2259 2260
f 2258 2262 2259
f 2259 2263 2216
f 2260 2216 2215
f 1967 1970 1969
f 2212 1963 2213
f 922 2218 2217
f 1312 1101 2264
f 1307 1286 789
f 1548 1546 1972
f 2266 2268 2265
f 2265 2270 2269
f 2272 2269 2271
f 2273 2265 2272
f 2275 2277 2274
f 2278 2277 2279
f 2284 3617 3639
f 2287 2286 2281
f 2288 2283 2287
f 2290 3639 3620
f 2291 2293 2294
f 2295 2294 2279
f 2296 2291 2295
f 2297 2292 2291
f 2294 2299 2300
f 2279 2300 2278
f 2298 2302 2292
f 2292 2303 2293
f 2293 2304 2299
f 2304 2306 2299
f 2306 2300 2299
f 2308 2310 2307
f 2302 2310 2303
f 2301 2307 2302
f 2312 2307 2311
f 2313 2315 2316
f 2318 2320 2317
f 3748 2322 2323
f 2324 2273 2326
f 2313 2326 2327
f 2328 2313 2316
f 2329 2324 2328
f 2331 2333 2330
f 2330 2267 2266
f 2325 2266 2273
f 2329 2330 2325
f 2333 2335 2267
f 2336 2333 2332
f 2338 2332 2337
f 2331 2337 2332
f 2329 2339 2331
f 2328 2340 2329
f 2316 2341 2328
f 2342 2315 2343
f 2344 2346 2347
f 2341 2347 2340
f 2342 2344 2341
f 2348 2345 2344
f 2350 2352 2353
f 2339 2353 2337
f 2340 2350 2339
f 2347 2351 2350
f 2337 2354 2338
f 2353 2355 2354
f 2356 2276 2357
f 2356 2358 2359
f 2356 2296 2295
f 2279 2356 2295
f 2360 2270 2268
f 2267 2360 2268
f 2362 2364 2365
f 2362 2361 2358
f 2366 2358 2357
f 2366 2363 2362
f 2357 2368 2366
f 2366 2369 2367
f 2276 2370 2368
f 2368 2282 2369
f 2372 2374 2371
f 2375 2377 2007
f 2378 2380 2381
f 2382 2381 2383
f 2384 2378 2382
f 2385 2379 2378
f 2388 2390 2387
f 2387 2392 2391
f 2393 2387 2391
f 2394 2388 2387
f 2186 2402 2400
f 2403 2327 2326
f 2272 2326 2273
f 2271 2403 2272
f 2405 2404 2403
f 2404 2408 2327
f 2409 2411 2412
f 2409 2271 2269
f 2413 2269 2270
f 2413 2410 2409
f 2417 2416 2418
f 2417 2406 2405
f 2412 2405 2271
f 2411 2417 2412
f 2406 2407 2404
f 3569 632 713
f 2420 2397 2421
f 2420 2423 2422
f 2424 2422 2419
f 2424 2398 2420
f 2425 2392 2426
f 2421 2426 2423
f 2397 2425 2421
f 2396 2391 2425
f 2427 2315 2314
f 2427 2408 2428
f 2430 2428 2429
f 2343 2427 2430
f 2432 2430 2431
f 2431 2429 2433
f 2435 2433 2434
f 2436 2431 2435
f 2428 2407 2437
f 2422 2407 2419
f 2438 2422 2423
f 2429 2437 2438
f 2440 2433 2439
f 2441 2433 2429
f 2442 2439 2441
f 2443 2440 2439
f 2445 2444 2443
f 2447 2443 2442
f 2383 2445 2447
f 2381 2446 2445
f 2448 2423 2426
f 2449 2426 2392
f 2441 2449 2442
f 2441 2438 2448
f 2449 2390 2450
f 2450 2389 2451
f 2447 2451 2383
f 2442 2450 2447
f 2451 2453 2452
f 2452 2455 2454
f 2382 2454 2384
f 2383 2452 2382
f 2456 2373 2372
f 2459 2461 2458
f 2463 2465 2462
f 2462 2285 2284
f 2466 2284 2290
f 2467 2462 2466
f 2461 3703 3701
f 2468 2470 2471
f 2472 2471 2473
f 2474 3701 3688
f 2475 2477 2478
f 2458 2453 2479
f 2479 2389 2388
f 2395 2479 2388
f 2480 2458 2479
f 2481 2483 2478
f 2484 2485 221
f 2471 2464 2463
f 2473 2463 2467
f 2487 2466 2486
f 2486 2290 2488
f 2490 2488 2489
f 2491 2486 2490
f 2492 2467 2487
f 2493 2487 2491
f 2494 2492 2493
f 2495 2473 2492
f 3690 2474 3688
f 3691 2496 3690
f 2498 2493 2499
f 2500 2499 2501
f 3700 2498 2500
f 3687 2494 2498
f 2306 2278 2300
f 2305 2504 2306
f 2504 2507 2506
f 2506 2288 2508
f 2274 2508 2275
f 2278 2506 2274
f 3633 2489 2488
f 3620 2488 2290
f 2507 2289 2288
f 2505 2509 2507
f 2508 2287 2511
f 2511 2281 2280
f 2370 2280 2282
f 2275 2511 2370
f 2512 2489 2513
f 2514 2513 2515
f 2517 2514 2516
f 2517 2490 2512
f 2499 2491 2517
f 2499 2516 2501
f 2510 2519 2518
f 2518 2521 2520
f 3616 2520 3621
f 3632 2518 3616
f 2522 2303 2310
f 2523 2310 2309
f 2305 2522 2524
f 2524 2523 2525
f 2519 2525 2521
f 2505 2524 2519
f 2308 2527 2526
f 2526 2529 2528
f 2531 2528 2530
f 2309 2526 2531
f 1214 2151 1211
f 2419 2418 2424
f 2533 2349 2317
f 2534 2317 2320
f 2535 2533 2534
f 2536 2345 2533
f 2537 2346 2536
f 2538 2536 2535
f 2539 2537 2538
f 2540 2351 2537
f 2312 2541 2527
f 2527 2542 2529
f 2543 2434 2544
f 2545 2544 2546
f 2319 2543 2545
f 2318 2435 2543
f 2514 2548 2547
f 2547 2550 2549
f 2552 2549 2551
f 2552 2514 2547
f 2520 2554 2553
f 2553 2556 2555
f 3590 2555 3593
f 3621 2553 3590
f 2523 2531 2557
f 2557 2530 2558
f 2525 2557 2559
f 2559 2558 2560
f 2554 2560 2556
f 2521 2559 2554
f 2561 2007 2006
f 2376 2225 2377
f 2564 2566 2563
f 2563 338 2567
f 2569 2567 2568
f 2570 2563 2569
f 2572 2574 2571
f 2571 2576 2575
f 2544 2575 2546
f 2544 2572 2571
f 2578 2569 2577
f 2579 2569 2568
f 2574 2579 2576
f 2573 2577 2574
f 2581 2583 2580
f 2584 2583 2585
f 3697 2580 2584
f 3676 2580 3675
f 2582 2552 2583
f 2583 2551 2585
f 2500 2589 2588
f 2590 2589 2591
f 3693 2588 2590
f 3695 2500 2588
f 2501 2591 2589
f 2592 2594 2595
f 2386 2503 2502
f 2596 2386 2374
f 2596 2373 2597
f 2599 2597 2598
f 2599 2379 2596
f 2600 2380 2599
f 2600 2598 2601
f 2603 2601 2602
f 2603 2446 2600
f 2604 2602 2605
f 2440 2605 2434
f 2444 2604 2440
f 2606 2581 2607
f 2606 2590 2591
f 2591 2582 2606
f 3676 2456 3689
f 3689 2372 3693
f 2478 2608 2481
f 2609 2611 2199
f 2564 2613 2612
f 2612 2598 2597
f 2457 2597 2373
f 2565 2612 2457
f 2614 2570 2578
f 2615 2578 2573
f 2602 2614 2615
f 2601 2613 2614
f 2572 2605 2616
f 2616 2602 2615
f 2573 2616 2615
f 1459 1045 1021
f 1265 1079 1082
f 1612 1609 1611
f 2067 2069 2068
f 1135 1136 1148
f 1938 2618 2617
f 95 458 128
f 2058 1608 1612
f 1454 1445 1367
f 655 1048 2619
f 722 2621 723
f 1131 1033 1134
f 562 366 1497
f 1723 1725 1591
f 1786 1122 1787
f 267 323 266
f 1325 1654 2038
f 1468 1435 1479
f 658 529 528
f 8 247 7
f 382 1559 3
f 788 1307 789
f 940 929 928
f 911 2623 912
f 2621 655 654
f 2624 2625 2626
f 998 27 26
f 635 2626 2625
f 2627 644 1840
f 2628 1840 2629
f 1200 2627 2628
f 1199 641 2627
f 1520 49 477
f 1452 1349 1451
f 2630 1859 1858
f 644 1335 1823
f 1197 717 2632
f 2632 719 1166
f 2628 1166 1200
f 2629 2632 2628
f 1762 1050 821
f 1823 873 1839
f 2634 794 652
f 1028 1027 1161
f 1042 2635 1043
f 93 1901 1924
f 2036 1458 1455
f 1527 1525 1526
f 877 1274 1277
f 134 797 1544
f 1328 931 1329
f 607 1091 1161
f 1043 2637 2636
f 2636 2639 2638
f 1275 2638 1276
f 1275 1043 2636
f 1272 2626 2640
f 2640 638 637
f 1110 2640 637
f 536 2640 2641
f 1472 1474 1473
f 2042 1951 649
f 1058 1105 1059
f 2642 2643 2644
f 1192 2644 1193
f 912 2642 1192
f 3898 3526 3786
f 1049 2620 2621
f 616 1885 613
f 1331 666 750
f 990 1198 525
f 1911 321 322
f 1298 1205 2645
f 76 1504 75
f 1502 421 422
f 610 658 691
f 1146 659 938
f 2646 914 936
f 1280 1238 1279
f 975 2647 2648
f 2647 975 974
f 1453 1452 1451
f 1514 158 151
f 835 1843 1842
f 1271 1173 1289
f 2649 813 2650
f 1893 1826 1894
f 1050 1937 1051
f 2651 814 813
f 1006 1281 977
f 2653 2654 2655
f 1001 1003 1002
f 585 679 558
f 2624 621 620
f 555 2028 556
f 1207 1197 2629
f 1626 478 472
f 426 419 1567
f 1030 1773 1031
f 3898 634 3880
f 534 138 262
f 1125 1042 1041
f 333 88 227
f 569 561 730
f 1489 871 870
f 1857 620 891
f 1673 3770 3763
f 622 864 1308
f 2647 974 2657
f 619 891 620
f 261 545 262
f 393 1556 404
f 2658 2647 2657
f 1075 2657 917
f 1081 2658 1075
f 1080 2659 2658
f 2644 1141 2660
f 2660 1140 1336
f 642 1336 643
f 1193 2660 642
f 679 555 558
f 1503 1500 1502
f 1318 1101 1100
f 2661 1139 1142
f 2661 2663 2662
f 2662 2659 2661
f 2662 2622 2664
f 2664 911 2646
f 2648 2646 1146
f 2648 2662 2664
f 2083 2093 2081
f 1442 1437 1439
f 519 330 51
f 1885 1209 613
f 799 805 804
f 1946 1952 1953
f 1302 1253 1252
f 566 224 533
f 1389 928 1388
f 683 681 680
f 836 1842 2665
f 2665 1845 1303
f 2666 1303 1302
f 24 2665 2666
f 831 2650 832
f 1845 1304 1303
f 2010 2012 2011
f 1051 2667 2668
f 1522 1511 1523
f 531 441 522
f 782 1251 1250
f 1250 2625 2669
f 2669 1857 1856
f 783 1856 1037
f 782 2669 783
f 720 2671 721
f 1055 1930 1056
f 1333 1251 2251
f 619 1308 1307
f 652 2619 2634
f 521 1539 1540
f 1838 537 2672
f 2672 536 2641
f 1113 2641 1110
f 1113 1838 2672
f 1016 1351 1045
f 3897 570 3894
f 226 104 101
f 3564 3827 1818
f 1036 1884 1883
f 2674 1304 2673
f 2673 1844 2675
f 1334 2675 1039
f 1333 2673 1334
f 2676 1039 2675
f 1843 2675 1844
f 942 2676 1843
f 1074 702 2676
f 811 859 858
f 752 1055 753
f 1200 656 1026
f 1120 874 2677
f 2677 877 1052
f 1241 1052 1005
f 1119 2677 1241
f 1560 151 1515
f 1208 611 523
f 215 736 214
f 1460 1462 1461
f 1208 1839 873
f 854 1282 1297
f 72 182 179
f 544 1565 512
f 217 456 457
f 2047 930 945
f 1204 1937 2633
f 913 686 685
f 840 1113 1112
f 1531 730 561
f 2678 1283 801
f 601 1914 602
f 1537 459 460
f 1819 3509 3527
f 991 862 538
f 2679 1073 1830
f 2680 983 2256
f 779 2256 1263
f 778 2680 779
f 2678 1830 2680
f 180 245 40
f 1886 1131 1134
f 1138 1274 1255
f 1841 1140 1139
f 75 314 74
f 193 420 192
f 2681 1099 1098
f 170 1565 169
f 349 417 432
f 1121 2684 2683
f 547 409 302
f 123 121 120
f 2643 1142 1141
f 1542 513 1543
f 899 907 919
f 1210 676 867
f 791 982 892
f 24 837 836
f 893 932 931
f 1860 863 862
f 535 862 861
f 832 813 812
f 2650 813 832
f 1569 1547 1568
f 181 542 180
f 660 937 688
f 2013 568 2012
f 887 2631 2630
f 1524 361 78
f 520 162 1529
f 2653 854 2685
f 1238 2655 2686
f 718 527 530
f 1492 518 1491
f 792 615 793
f 599 1835 596
f 290 456 175
f 312 1552 425
f 1248 1179 1249
f 153 177 178
f 1240 1222 1221
f 1257 1235 1071
f 1291 1083 1222
f 1052 1277 1053
f 743 2618 1204
f 444 430 443
f 23 1172 1187
f 2687 1180 1179
f 102 409 134
f 1283 610 801
f 373 650 651
f 1180 1084 1291
f 855 2655 1237
f 1173 1917 1174
f 2689 853 2688
f 2688 1108 1279
f 2686 1279 1238
f 2687 2688 2686
f 2691 1252 2690
f 2690 850 2689
f 1248 2689 2687
f 1248 2691 2690
f 2692 24 2666
f 2691 2666 1302
f 1247 2692 2691
f 1258 617 2692
f 394 1555 393
f 2693 1259 1223
f 1072 1262 1261
f 1257 1168 1258
f 398 1555 1554
f 871 1314 872
f 1178 1249 1179
f 1224 1173 1172
f 1010 2618 742
f 1175 1292 1269
f 2654 2686 2655
f 2694 1216 1264
f 71 1487 70
f 701 1111 1038
f 1072 2649 2650
f 1085 22 21
f 895 1264 896
f 1601 1605 1604
f 1259 1271 1289
f 21 1220 1083
f 988 538 537
f 598 1336 1140
f 820 1762 821
f 1050 818 821
f 1298 1761 2652
f 1168 618 617
f 858 1256 833
f 39 516 1536
f 2652 819 814
f 313 315 314
f 2026 1971 2027
f 2656 596 1835
f 814 818 811
f 2696 813 2649
f 1260 2649 1261
f 2693 2696 1260
f 2697 2651 2696
f 381 390 380
f 3818 1611 1609
f 1475 1428 1227
f 1292 1917 1235
f 1551 354 1518
f 1526 1523 1511
f 1593 1595 1573
f 1232 1246 1249
f 2695 1223 22
f 2698 1296 2697
f 2698 2693 2695
f 2685 2695 1085
f 2685 1297 2698
f 562 271 272
f 2652 1296 1298
f 1365 1364 1363
f 1958 1953 1957
f 585 2210 997
f 1561 1515 435
f 975 1146 976
f 347 68 346
f 1038 636 1068
f 2700 780 2699
f 2699 1036 1883
f 2701 1883 1829
f 851 2699 2701
f 2674 2251 2702
f 2702 781 2700
f 1253 2700 851
f 1301 2702 1253
f 1519 388 1550
f 1273 1280 2703
f 2703 1107 852
f 2701 852 851
f 1829 2703 2701
f 91 326 90
f 1784 2656 1785
f 2683 2705 2704
f 604 3499 3533
f 1669 3548 1662
f 2062 2060 2059
f 621 861 622
f 2023 732 2024
f 686 1263 687
f 857 2668 1328
f 883 882 879
f 637 1111 1110
f 2668 893 1328
f 2667 894 2668
f 1039 1068 1334
f 313 1504 1505
f 1911 305 453
f 1936 1964 2212
f 2707 2401 2183
f 2708 2183 2182
f 738 2116 554
f 2349 2432 2436
f 2711 2020 2019
f 2400 2019 2186
f 2714 2716 2713
f 2717 2719 2720
f 2721 2723 2724
f 2726 2728 2725
f 2725 2730 2729
f 2731 2729 2709
f 2732 2725 2731
f 2734 2736 2733
f 2738 2740 2737
f 2737 2741 2742
f 2744 2746 2743
f 2745 2748 2747
f 2749 2747 2751
f 2753 2751 2752
f 2250 2246 2248
f 2754 1614 2755
f 3598 2755 3609
f 3608 2747 3609
f 1617 2755 1614
f 2242 1620 2757
f 2191 2760 2759
f 2761 2760 2762
f 3648 2761 3649
f 3623 2759 3648
f 3209 3223 3224
f 1395 2236 2235
f 1395 1636 1615
f 1616 2229 2233
f 1617 2763 2756
f 2756 3628 3608
f 2765 2234 1630
f 2766 3628 3622
f 3202 3246 3247
f 1516 435 1515
f 2768 3552 3553
f 1495 578 1424
f 2135 28 17
f 3526 2773 2774
f 1690 3926 3925
f 2778 2780 2777
f 2777 2781 2782
f 2784 2777 2783
f 3555 575 576
f 1494 9 540
f 3529 2015 3566
f 451 505 450
f 2786 2788 2785
f 2779 2785 2780
f 2789 2741 2740
f 2790 2752 2789
f 2792 2794 2791
f 2793 2796 2794
f 2796 2750 2749
f 2794 2749 2753
f 2798 1396 2754
f 3591 2754 3598
f 2798 2800 1393
f 3591 2799 2798
f 2797 2795 2801
f 2791 2753 2790
f 216 232 54
f 3804 2807 3803
f 3805 2804 3803
f 2769 3557 3552
f 183 184 97
f 2811 2775 2776
f 2804 2776 2805
f 2809 2811 2804
f 2812 2813 2814
f 3805 2816 3795
f 3796 2815 3795
f 3798 2820 2821
f 3793 2819 3798
f 2824 2735 2819
f 2823 2824 2819
f 2825 2826 2724
f 3793 2827 3792
f 3796 2826 3792
f 2713 2829 2828
f 2828 2831 2830
f 2822 2828 2830
f 2821 2713 2828
f 2832 2822 2830
f 2833 2830 2831
f 2834 2832 2833
f 2835 2827 2832
f 2837 2839 2836
f 2836 2841 2840
f 2842 2840 2727
f 2843 2836 2842
f 2840 2845 2844
f 2718 2845 2719
f 2730 2844 2718
f 2727 2844 2728
f 2846 2719 2845
f 2846 2841 2847
f 2829 2847 2831
f 2829 2716 2846
f 2847 2839 2848
f 2848 2838 2849
f 2833 2849 2834
f 2831 2848 2833
f 2850 2851 2852
f 2853 2852 2854
f 2783 2782 2855
f 2785 2853 2856
f 2780 2856 2781
f 2857 2855 2782
f 2859 2782 2781
f 2861 2842 2860
f 2860 2727 2726
f 2862 2726 2732
f 2863 2860 2862
f 2861 2858 2857
f 2843 2857 2859
f 2856 2854 2864
f 2781 2864 2859
f 2837 2859 2864
f 2838 2864 2854
f 2852 2834 2849
f 2854 2849 2838
f 2865 2818 2835
f 2851 2835 2834
f 2813 2815 2865
f 2814 2865 2851
f 2866 2814 2850
f 2788 2850 2853
f 2866 2787 2867
f 2812 2867 2775
f 1892 1890 1891
f 2720 2846 2870
f 298 256 257
f 2872 2713 2820
f 3794 2735 2734
f 2729 2874 2873
f 2846 2715 2870
f 2876 2878 2875
f 2733 2878 2734
f 3806 2879 2880
f 3806 2872 3794
f 2882 2884 2881
f 2881 2715 2714
f 2880 2714 2872
f 2879 2881 2880
f 2885 2887 2888
f 2888 2890 2885
f 2885 2892 2891
f 2893 2885 2891
f 1942 2532 2894
f 2895 2720 2870
f 2884 2870 2715
f 2883 2895 2884
f 2896 2892 2895
f 2889 2717 2890
f 2890 2720 2892
f 2897 2891 2896
f 2898 2896 2883
f 2899 2883 2882
f 2900 2882 2879
f 3797 2879 3807
f 2876 2901 2877
f 2901 2904 2903
f 1785 1835 1834
f 2905 2899 2900
f 2907 2897 2898
f 3797 2903 3799
f 632 577 633
f 3532 2867 2787
f 434 550 350
f 2768 3640 3643
f 2910 1623 2249
f 2241 2758 2242
f 3640 2913 3652
f 1623 2757 1620
f 3587 2757 3652
f 2229 1380 2250
f 2765 1629 2914
f 2915 1629 2912
f 3642 2914 2915
f 3641 2765 2914
f 2919 3642 3613
f 2918 2912 2241
f 3614 2241 3586
f 3618 3613 3670
f 3541 2180 3496
f 3521 2188 3506
f 3705 714 3851
f 2925 2917 2924
f 2924 2916 2919
f 3610 2919 3618
f 3611 2924 3610
f 2926 2766 2925
f 3658 2925 3611
f 1715 1705 1710
f 785 498 796
f 1387 565 1791
f 374 1899 560
f 3573 2206 3556
f 2929 2886 2893
f 2932 2934 2931
f 1905 1908 1907
f 2930 2936 2937
f 2938 2930 2929
f 1493 517 518
f 1603 1586 1602
f 2939 2929 2908
f 2940 2908 2907
f 3665 1600 3661
f 2886 2937 2887
f 2906 2898 2899
f 2908 2893 2897
f 2942 2933 2941
f 2941 2937 2936
f 3501 2936 3513
f 3498 2941 3501
f 2943 2710 2873
f 2943 2874 2889
f 2945 2889 2888
f 2946 2943 2945
f 2932 2888 2887
f 2931 2945 2932
f 727 1929 728
f 2903 2947 2948
f 545 42 262
f 1480 533 251
f 2907 2949 2940
f 2906 2950 2949
f 1558 215 202
f 3799 2948 3801
f 2054 1644 2118
f 3705 2203 3573
f 1828 1849 1827
f 2953 2955 2952
f 2952 2957 2956
f 2956 2258 2952
f 2953 2258 2257
f 2454 2474 2496
f 3747 2959 3766
f 3747 2131 3737
f 2961 2963 2958
f 2958 2964 2959
f 222 2485 2965
f 2477 2966 2608
f 2631 2006 1859
f 2384 2496 2497
f 2967 2959 2964
f 2968 2970 2969
f 3759 2971 3784
f 3784 2960 3766
f 2972 2033 2032
f 2007 2973 2008
f 3560 2134 2133
f 1836 1832 1831
f 3506 2090 3551
f 955 959 956
f 672 674 673
f 633 713 632
f 2024 733 803
f 2025 803 798
f 425 1550 388
f 2975 888 887
f 1319 1157 2694
f 1212 2977 1213
f 889 2228 2227
f 1978 1975 1979
f 1138 1329 915
f 751 2979 2978
f 1619 1625 1624
f 2252 1728 1727
f 1157 845 1216
f 2706 1938 2617
f 2980 2254 2981
f 2982 887 2630
f 802 711 2679
f 678 2029 2028
f 527 690 528
f 1839 2629 1840
f 2983 602 1914
f 2983 1913 1331
f 2985 1331 1054
f 2986 2983 2985
f 2987 2635 2634
f 2985 2639 2986
f 2990 1318 2989
f 2991 2993 2994
f 2995 2994 2996
f 1106 2991 2995
f 1058 2992 2991
f 1415 1365 1367
f 1317 2217 2997
f 1932 2255 2980
f 926 2999 664
f 3001 2992 3000
f 3000 1057 2978
f 2999 2978 2979
f 2998 3000 2999
f 3002 2209 3003
f 3002 2996 2994
f 2993 3002 2994
f 3001 2998 3002
f 1103 2995 3004
f 3004 2996 3003
f 2209 3004 3003
f 588 3004 2210
f 295 433 381
f 2638 2988 3005
f 3005 1056 1930
f 1305 1930 1306
f 1276 3005 1305
f 1987 1993 1989
f 2633 1761 2645
f 1423 1417 1419
f 3561 739 703
f 2671 2704 2705
f 1473 2035 1472
f 922 2694 895
f 1401 1378 1384
f 556 1884 1037
f 842 3825 3836
f 1854 2617 1010
f 933 1081 1075
f 1440 1436 1437
f 529 719 530
f 1031 1027 1028
f 777 912 1871
f 2645 1204 2633
f 441 1538 1537
f 790 587 586
f 2065 1610 1607
f 1860 990 902
f 60 87 59
f 1424 1948 1947
f 332 1507 331
f 261 138 135
f 187 449 507
f 1719 1726 1725
f 1931 1059 3006
f 3006 1105 1104
f 1287 1104 587
f 1286 3006 1287
f 3007 3009 3010
f 3009 653 795
f 618 26 25
f 2029 1210 1209
f 957 600 2228
f 1049 2228 600
f 2631 3011 2561
f 890 2227 3011
f 3011 2145 3012
f 2561 3012 2375
f 1026 609 608
f 2706 1961 1964
f 3013 2485 3014
f 2148 1267 3015
f 3015 1266 1311
f 2997 1101 1317
f 642 1773 1193
f 186 461 511
f 1041 1320 901
f 1121 3017 1122
f 2984 2987 3018
f 3018 2634 2619
f 1048 3018 2619
f 603 2984 3018
f 2679 801 802
f 2062 2074 2061
f 2061 2076 2064
f 414 1545 1965
f 3016 2683 3019
f 3019 2704 2670
f 3020 2670 720
f 3007 3019 3020
f 1871 1091 777
f 3021 1122 3017
f 3022 3017 3010
f 1314 3022 1315
f 1784 3021 1314
f 1316 1763 611
f 3023 3010 3009
f 3023 795 1092
f 1763 1092 1125
f 1315 3023 1763
f 3016 3010 3017
f 752 2978 1057
f 2986 2637 2987
f 3024 653 3008
f 3020 3008 3007
f 720 3024 3020
f 723 654 3024
f 2681 1268 3025
f 2671 1268 721
f 2705 3025 2671
f 1313 3027 1311
f 3026 3029 3027
f 3027 3030 3031
f 1311 3031 3015
f 2012 731 2023
f 917 974 977
f 743 856 744
f 1888 2030 1425
f 2682 2684 3032
f 3032 1124 2989
f 1100 2989 1318
f 1099 3032 1100
f 1123 2989 1124
f 3033 1159 1158
f 2990 1158 1319
f 1123 3033 2990
f 1786 1834 3033
f 1054 2988 2985
f 2979 664 2999
f 2623 2663 2643
f 1095 688 687
f 3034 2261 2956
f 3036 2956 2957
f 3037 3034 3036
f 3038 3035 3034
f 3040 3026 1313
f 2263 3041 3040
f 3042 3043 3041
f 3041 3028 3026
f 3044 3043 3039
f 3046 3045 3044
f 3047 3049 3045
f 3043 3049 3028
f 3038 3051 3050
f 3050 3053 3052
f 3052 3044 3050
f 3039 3050 3044
f 3054 3039 3042
f 3042 2262 3054
f 2261 3054 2262
f 2216 2997 2217
f 2212 2667 1936
f 3056 2209 3055
f 934 1961 1854
f 2013 3757 567
f 3058 3060 3061
f 3059 3063 3060
f 3060 2213 1963
f 3061 1963 1962
f 3063 2214 2213
f 3062 3064 3063
f 3065 2260 3064
f 3064 2215 2214
f 3066 3031 3030
f 2608 3067 3066
f 2966 3068 3067
f 3031 3068 3015
f 2455 2461 2474
f 2476 2226 2477
f 3551 2089 3525
f 3526 3769 3786
f 433 355 381
f 2115 1419 2123
f 3509 2922 3527
f 3769 2131 2134
f 3069 2167 2166
f 2971 2928 2960
f 2961 2773 2962
f 3070 2478 2483
f 2610 3071 2954
f 2502 2374 2386
f 3072 2595 3073
f 2964 3052 2967
f 3048 3074 3049
f 2593 3075 3074
f 3075 3029 3074
f 3074 3028 3049
f 3072 3075 2592
f 3076 2482 2481
f 2481 3066 3076
f 3076 3030 3075
f 2967 3053 2970
f 2482 3073 2483
f 479 493 494
f 706 3873 709
f 3561 2221 3517
f 2013 3754 3755
f 3533 2016 3529
f 3562 2222 2974
f 1171 1155 1176
f 2586 2565 2587
f 2982 113 2484
f 2562 3077 3068
f 2376 3012 3077
f 3012 2148 3077
f 3077 3015 3068
f 2963 3046 2964
f 3051 2970 3053
f 1683 491 775
f 3850 1447 3860
f 1986 3734 3768
f 3079 2546 2575
f 3081 2575 2576
f 1983 3768 3765
f 3082 2319 2545
f 3080 2545 2546
f 3734 3082 3080
f 3732 2323 3082
f 1309 1888 748
f 3073 2772 2771
f 2760 3084 2762
f 2760 2088 3083
f 3085 3086 3087
f 3089 3090 3088
f 3089 3084 3085
f 3092 3090 3091
f 3093 2744 2743
f 2751 2748 3093
f 3093 2752 2751
f 2742 3093 3094
f 3094 2743 3095
f 3096 3098 3087
f 3099 3087 3086
f 3097 3095 3098
f 3100 2746 3101
f 3101 3102 3100
f 2764 2927 3101
f 2745 3101 2746
f 3102 3091 3100
f 3100 3095 2743
f 2869 3592 3634
f 3102 3104 3092
f 3658 2869 3634
f 2927 3103 3102
f 3098 3091 3090
f 3087 3090 3085
f 2088 3105 3083
f 3083 3086 3084
f 2483 2771 3070
f 2401 2185 2321
f 3099 3105 3106
f 2125 3106 3105
f 3108 2742 3107
f 3107 3094 3097
f 3110 3107 3109
f 3109 3097 3096
f 3111 3096 3099
f 3112 3109 3111
f 3113 2737 3108
f 3115 2722 3114
f 3117 3114 3116
f 3119 3116 3118
f 3118 3120 3121
f 3116 3113 3120
f 3122 3111 3123
f 3122 1755 1754
f 3124 3126 3127
f 3125 3121 3126
f 3128 3118 3125
f 3129 3125 3124
f 2020 3128 3129
f 3853 1346 1352
f 1065 1047 1066
f 1814 3830 1649
f 2021 3129 3130
f 3111 3106 3123
f 3123 2207 1755
f 2377 2224 2973
f 3014 113 112
f 1756 3782 3767
f 3131 2530 2528
f 3133 2528 2529
f 1753 3767 3775
f 3134 3127 3135
f 2327 2314 2313
f 2436 2317 2349
f 2018 3711 3712
f 2534 3137 2535
f 2320 3136 2534
f 2185 3712 3771
f 3138 2542 2539
f 3134 3744 3745
f 3785 3134 3745
f 3140 2539 2538
f 2535 3140 2538
f 3711 3130 3785
f 2558 3132 3141
f 3782 3141 3132
f 2560 3141 3142
f 3760 3142 3141
f 958 2976 2981
f 1933 2980 3143
f 2399 2418 2416
f 2348 2343 2432
f 2322 2319 2323
f 2718 2874 2730
f 2709 2873 2710
f 2894 1361 1942
f 346 176 347
f 1876 1882 1881
f 2802 3607 3592
f 3104 3088 3092
f 2974 3649 3603
f 3089 2761 2762
f 3088 3145 3089
f 2803 3603 3607
f 3870 692 628
f 2123 1418 2126
f 1365 1368 1367
f 1581 1782 1783
f 3569 2129 3520
f 3555 2002 3521
f 3146 2551 3147
f 3751 3147 3750
f 3742 3146 3751
f 3149 2585 3146
f 3196 3197 3195
f 3604 2191 3623
f 3142 2556 2560
f 3777 3150 3142
f 3646 2550 3593
f 3150 2555 2556
f 3778 3151 3150
f 3788 3152 3646
f 3153 2551 2549
f 3152 2549 2550
f 3781 3153 3152
f 3776 3147 3153
f 3148 2206 2205
f 2183 2321 2184
f 2132 2928 2133
f 3684 2204 2203
f 3719 2197 3721
f 2594 2773 2951
f 2595 2951 2772
f 1870 799 1869
f 3713 2178 3706
f 3706 3736 3790
f 336 3774 3722
f 339 3154 336
f 3789 3149 3742
f 3683 2584 3149
f 2963 3048 3047
f 3722 337 336
f 339 2566 2586
f 3156 2168 2167
f 2610 2167 2611
f 2954 3156 2610
f 3157 2953 2257
f 3707 2169 3709
f 2567 3159 2568
f 337 2567 338
f 3730 2166 3707
f 3764 1983 3765
f 2579 3081 2576
f 2568 3160 2579
f 3709 2190 3764
f 3065 3162 3161
f 3161 1984 2189
f 3157 2189 2168
f 2257 3161 3157
f 734 1922 806
f 3059 2708 3163
f 3163 2182 1985
f 3162 1985 1984
f 3062 3163 3162
f 3203 3205 3204
f 2122 1448 1447
f 3817 1685 3812
f 139 444 69
f 1570 566 533
f 2957 3165 3036
f 2955 3164 2957
f 1912 341 1973
f 3130 3124 3134
f 1548 319 1547
f 1949 1327 1887
f 2969 3078 3167
f 3167 3169 3168
f 3724 2017 3720
f 3720 2033 3759
f 3168 3165 3170
f 3170 3164 3171
f 3779 3171 3756
f 3724 3170 3779
f 3171 3166 3172
f 3172 3071 3173
f 3752 3173 3749
f 3756 3172 3752
f 3169 3036 3165
f 2593 2962 2594
f 3173 2609 3174
f 3174 2199 2198
f 3783 2198 3719
f 3749 3174 3783
f 2190 1984 1983
f 2196 2767 3148
f 2119 1414 1448
f 1464 1466 1465
f 2199 3069 2200
f 2457 2587 2565
f 2226 2562 2966
f 481 1627 1639
f 333 235 236
f 3078 3037 3169
f 3040 2997 2263
f 2219 1933 2220
f 2385 2497 2503
f 221 3175 2484
f 2220 3143 3175
f 3175 2976 2975
f 2484 2975 2982
f 2954 3166 2955
f 2630 110 2982
f 1547 1952 1955
f 2091 2188 2187
f 3733 2178 2177
f 1918 1927 1926
f 3563 111 3511
f 955 960 954
f 2037 112 3563
f 3143 2981 2976
f 2218 2214 2215
f 672 3787 3541
f 2152 3014 2037
f 1147 1143 1145
f 2248 1409 2245
f 1615 1635 1616
f 1410 2246 2247
f 3241 3242 3240
f 3177 1383 1382
f 2238 3176 1382
f 3176 2230 3178
f 1410 3179 1407
f 3179 2243 1407
f 1633 2800 2249
f 1621 2758 2912
f 1622 2245 1634
f 2236 3181 3182
f 2237 3182 3183
f 2250 2233 2229
f 2912 1628 1621
f 135 1564 1563
f 1567 512 1565
f 1085 2653 2685
f 3184 868 3056
f 869 3057 934
f 1266 1098 1312
f 1267 722 721
f 937 2646 936
f 2146 722 2147
f 2211 921 2667
f 1957 507 449
f 1313 2264 3040
f 1496 1493 1492
f 2681 2705 2682
f 2887 2933 2932
f 1687 1659 1694
f 145 1498 81
f 1317 1319 2694
f 37 418 71
f 1935 3185 2977
f 104 301 103
f 2101 2083 2084
f 543 360 207
f 1934 3186 3185
f 234 212 237
f 3845 1822 1824
f 1976 1874 1974
f 223 2219 220
f 3655 3605 3612
f 468 773 2165
f 1935 1728 1932
f 3240 3226 3235
f 3261 3250 3260
f 3215 3244 3264
f 3265 3215 3264
f 3267 3198 3196
f 3205 3269 3255
f 3214 3265 3270
f 3271 3214 3192
f 3251 3239 3236
f 3222 3266 3272
f 3232 3234 3233
f 3216 3243 3244
f 3196 3268 3267
f 3244 3254 3255
f 3238 3247 3246
f 3264 3255 3269
f 3253 3216 3217
f 3211 3221 3265
f 3257 3218 3256
f 3258 3272 3259
f 3274 3280 3273
f 3228 3262 3263
f 3275 3281 3280
f 3226 3273 3280
f 3236 3260 3251
f 3281 3236 3237
f 3287 3192 3189
f 3235 3280 3234
f 3234 3281 3237
f 3288 3259 3272
f 3260 3276 3251
f 3289 3278 3284
f 3210 3224 3283
f 3199 3201 3200
f 3228 3230 3229
f 3290 3285 3286
f 3282 3271 3287
f 3260 3262 3261
f 3243 3268 3254
f 3267 3241 3232
f 3194 3208 3193
f 3191 3269 3206
f 3270 3192 3214
f 3275 3230 3231
f 3264 3270 3265
f 3252 3276 3291
f 3248 3291 3223
f 3213 3279 3277
f 3272 3289 3288
f 3277 3212 3213
f 3228 3281 3231
f 3220 3253 3219
f 3219 3217 3257
f 3256 3222 3258
f 3247 3252 3248
f 3245 3232 3233
f 3266 3212 3289
f 3208 3255 3254
f 3288 3284 3285
f 3204 3208 3207
f 560 3187 559
f 3209 3201 3202
f 3189 3191 3190
f 448 807 447
f 647 122 270
f 1833 1780 1832
f 510 508 507
f 3210 1887 3201
f 1887 3200 3201
f 15 3197 3200
f 16 3195 3197
f 3195 3187 3194
f 3194 1899 3207
f 3207 375 3204
f 387 126 127
f 3189 1760 3287
f 3577 757 758
f 763 2172 2175
f 3583 3580 3581
f 3581 3579 3578
f 3594 3596 3595
f 3400 3602 3401
f 3626 3625 3627
f 3631 3599 3601
f 3636 3595 3596
f 3647 3588 3645
f 3650 3584 3647
f 3653 3580 3651
f 3653 3654 3579
f 1801 3656 3655
f 3651 3582 3650
f 3644 3595 3637
f 1767 3659 3660
f 1597 3661 1600
f 1708 3665 3664
f 3671 3667 3666
f 3666 3673 3672
f 1588 3664 1587
f 2080 3666 2082
f 2082 3672 2084
f 3674 3635 3631
f 3677 3636 3635
f 3682 3645 3681
f 3692 3650 3686
f 3681 3644 3680
f 786 3692 785
f 3694 3651 3692
f 785 3686 497
f 497 3682 650
f 650 3681 564
f 3696 3681 3680
f 3405 3605 3402
f 3702 3678 3677
f 3699 3679 3678
f 3645 3638 3644
f 1799 3659 1768
f 3708 3458 3460
f 3462 3708 3460
f 3714 564 3696
f 3615 3602 3600
f 3710 3696 3698
f 3635 3596 3599
f 3629 3627 3630
f 3597 3599 3596
f 3630 3715 3629
f 3627 3597 3594
f 3717 3723 3718
f 3715 3660 3629
f 3716 3725 3715
f 3668 3661 3725
f 3668 3717 3667
f 3667 3718 3673
f 3727 3673 3718
f 3728 3672 3673
f 3726 3718 3723
f 1576 2084 3672
f 3727 3731 3729
f 3203 1387 3190
f 3190 1791 3189
f 3283 1949 3210
f 317 259 391
f 2000 3653 3694
f 3601 3600 3602
f 3589 3584 3585
f 3577 756 2170
f 3585 3582 3583
f 3678 3637 3636
f 3204 376 3203
f 1801 3657 1799
f 3729 3728 3727
f 1575 3738 1088
f 3735 1576 3728
f 1776 1796 1775
f 1293 1290 1284
f 1326 1327 12
f 1294 1234 1290
f 878 1330 1337
f 497 374 498
f 122 413 121
f 3699 3704 3708
f 3606 3401 3602
f 3708 3698 3699
f 3464 3710 3462
f 3704 3443 3458
f 439 399 438
f 1512 1526 1511
f 1668 1738 1671
f 839 1362 838
f 1362 826 1012
f 3843 1896 3815
f 2053 2118 2117
f 3888 2120 2119
f 696 3816 3831
f 1826 639 640
f 3740 3729 3731
f 956 886 960
f 1980 1922 807
f 33 105 164
f 1343 3856 3857
f 3907 2128 3902
f 1766 1582 1594
f 14 2163 738
f 595 99 594
f 3233 3246 3245
f 1346 1044 1352
f 748 1425 747
f 3193 3254 3268
f 3190 3206 3203
f 3612 3606 3615
f 3624 3615 3625
f 3631 3443 3674
f 3679 3644 3637
f 3686 3647 3682
f 3702 3674 3704
f 3625 3600 3597
f 3601 3415 3631
f 3739 3735 3729
f 3630 3594 3741
f 3741 3716 3630
f 1284 1288 1285
f 3698 3680 3679
f 1778 1780 1779
f 1792 1584 1789
f 695 571 694
f 3638 3594 3595
f 3741 3588 3589
f 3247 3209 3202
f 3292 3294 3295
f 3296 3298 3299
f 3299 3300 3301
f 3302 3304 3305
f 3306 3308 3309
f 3307 3311 3308
f 3303 3301 3300
f 3312 3304 3313
f 3314 3316 3317
f 3318 3320 3321
f 3324 3321 3325
f 3326 3328 3323
f 3329 3331 3332
f 3333 3335 3336
f 3337 3339 3340
f 3333 3341 3342
f 3342 3343 3344
f 3319 3344 3343
f 3338 3334 3339
f 3346 3302 3347
f 3305 3347 3302
f 3312 3223 3349
f 3350 3340 3351
f 3312 3348 3305
f 3352 3341 3326
f 3311 3354 3308
f 3341 3327 3326
f 3359 3361 3362
f 3360 3250 3249
f 3318 3345 3319
f 3364 3318 3324
f 3314 3324 3365
f 3366 3301 3346
f 3299 3367 3296
f 3308 3368 3309
f 3369 3295 3294
f 3317 3364 3314
f 3370 3317 3316
f 3325 3365 3324
f 3352 3319 3343
f 3296 3353 3311
f 3297 3311 3310
f 3363 3354 3345
f 3345 3353 3344
f 3344 3367 3342
f 3366 3342 3367
f 3347 3334 3346
f 3339 3348 3340
f 3348 3351 3340
f 3363 3369 3368
f 3294 3368 3369
f 3293 3309 3294
f 3331 3374 3332
f 3346 3333 3366
f 3323 3352 3326
f 3356 3321 3320
f 3355 3325 3321
f 3357 3371 3325
f 3322 3320 3352
f 3361 3329 3362
f 3373 3375 3374
f 3374 3376 3332
f 3329 3376 3362
f 3327 3372 3328
f 3336 3375 3327
f 3335 3376 3375
f 3376 3337 3362
f 3337 3359 3362
f 3359 3276 3250
f 3377 3295 3370
f 3277 3315 3278
f 3371 3379 3365
f 3378 3358 3380
f 3365 3315 3314
f 3316 3279 3370
f 3282 3370 3279
f 3313 3224 3312
f 3378 3284 3379
f 3380 3285 3378
f 3379 3278 3315
f 3276 3351 3291
f 3291 3349 3223
f 3313 2965 3013
f 2965 3303 222
f 222 3300 223
f 223 3298 3186
f 3298 3185 3186
f 3297 2977 3185
f 3310 1213 2977
f 3307 1214 1213
f 2532 3306 3293
f 2894 3293 3292
f 2871 3292 3377
f 3253 3240 3242
f 3283 3013 2152
f 1997 1889 1892
f 1237 744 855
f 1535 120 121
f 1531 201 214
f 1119 1032 984
f 946 824 947
f 163 5 162
f 3589 3723 3741
f 1155 1162 1164
f 427 327 424
f 553 796 498
f 3381 2231 2237
f 3381 2230 2232
f 2237 3180 3381
f 3383 3385 3382
f 3384 3387 3385
f 3386 3389 3387
f 3388 3391 3389
f 3392 3394 3395
f 3395 3396 3397
f 3398 3397 3396
f 3400 3399 3398
f 3403 3405 3402
f 3406 3404 3403
f 3408 3407 3406
f 3410 3409 3408
f 3412 3411 3410
f 3415 3398 3414
f 3414 3396 3416
f 3416 3394 3417
f 3417 3393 3418
f 3393 3420 3418
f 3419 3421 3420
f 3390 3422 3421
f 3388 3423 3422
f 3386 3424 3423
f 3384 3425 3424
f 3425 3426 3184
f 2904 3428 2947
f 3429 2904 2902
f 3430 2902 2876
f 2875 3430 2876
f 3432 2733 2736
f 2825 3435 2824
f 3437 3439 3436
f 3441 3436 3440
f 2724 3434 2825
f 3436 3115 3117
f 3440 3117 3119
f 3443 3414 3442
f 3442 3416 3444
f 3444 3417 3445
f 3445 3418 3446
f 3446 3420 3447
f 3420 3448 3447
f 3421 3449 3448
f 3422 3450 3449
f 3423 3451 3450
f 3424 3452 3451
f 3425 3056 3452
f 3451 2253 2252
f 3450 2252 1727
f 3449 1727 2150
f 3448 2150 1941
f 3453 3448 1941
f 3454 3447 3453
f 3455 3446 3454
f 3456 3445 3455
f 3442 3456 3457
f 3443 3457 3458
f 3459 3458 3457
f 3457 3455 3459
f 3459 3454 3461
f 3462 3459 3461
f 3461 3453 3463
f 3464 3461 3463
f 3463 1941 1360
f 3404 3401 3405
f 3407 3399 3404
f 3409 3397 3407
f 3411 3395 3409
f 3465 3413 3412
f 3467 3469 3466
f 3465 3431 3433
f 3470 3466 3465
f 3438 3432 3435
f 3467 3438 3437
f 3468 3437 3441
f 3471 3468 3472
f 3472 3441 3473
f 3473 3440 2712
f 2712 3119 3128
f 3475 3472 3474
f 3474 3473 3476
f 3476 2712 2711
f 3477 2711 2400
f 3478 3476 3477
f 3479 3474 3478
f 3392 3413 3480
f 3466 3480 3413
f 3419 3392 3480
f 3390 3480 3391
f 3469 3391 3480
f 3389 3471 3475
f 3387 3475 3479
f 3385 3479 3481
f 3482 2400 2402
f 3483 3477 3482
f 3481 3478 3483
f 3484 2402 2707
f 3058 2707 2708
f 3061 3484 3058
f 3485 3482 3484
f 3382 3481 3486
f 3486 3483 3485
f 3426 3382 3487
f 3487 3486 1962
f 3486 3061 1962
f 1961 3487 1962
f 3057 3426 3487
f 3428 3402 3488
f 3427 3403 3428
f 3429 3406 3427
f 3430 3408 3429
f 3431 3410 3430
f 3470 3433 3432
f 3434 3438 3435
f 2723 3439 3434
f 2875 3433 3431
f 2736 3435 3432
f 2947 3488 3500
f 3464 1360 3497
f 1900 1924 1901
f 1736 1718 1750
f 1955 1943 1956
f 1671 1735 1751
f 1696 1698 1692
f 1800 1864 1801
f 2063 2056 2060
f 1737 1717 1736
f 1751 1697 1695
f 943 3899 684
f 3656 3402 3605
f 1577 1764 1703
f 3917 1599 3923
f 1945 82 1944
f 68 7 248
f 147 1543 148
f 1109 1133 1102
f 1503 1907 1908
f 1499 1909 1498
f 452 735 215
f 1824 3835 3845
f 1825 2068 1824
f 1463 1022 1194
f 841 1009 1011
f 1568 1955 1534
f 1926 1927 1923
f 1910 1502 1939
f 1939 422 442
f 309 1940 308
f 1804 1866 1803
f 269 1954 56
f 2065 2060 2056
f 3812 1758 3835
f 280 552 1940
f 1875 1869 1874
f 1739 1734 1737
f 1778 1790 1788
f 310 1915 279
f 1909 1906 1954
f 1789 1778 1788
f 978 980 979
f 1584 1731 1583
f 425 311 312
f 148 115 116
f 2044 3894 2046
f 277 1939 551
f 1943 1945 1944
f 1461 1463 1464
f 2253 3056 3055
f 2981 3489 958
f 2209 3489 3055
f 2254 3055 3489
f 2998 958 3489
f 2826 2721 2724
f 3490 2721 2817
f 2816 3490 2817
f 2334 2296 2335
f 2298 2334 2336
f 2301 2336 2338
f 2311 2338 2354
f 2312 2354 2355
f 2359 2361 2360
f 2335 2359 2360
f 2414 2365 2364
f 2413 2361 2365
f 2355 2540 2541
f 2541 2539 2542
f 2722 2739 2738
f 3114 2738 3113
f 3110 3121 3120
f 3108 3120 3113
f 3122 3127 3126
f 3112 3126 3121
f 3127 1753 3135
f 3139 2529 2542
f 3744 3133 3139
f 3490 2740 2739
f 3491 2789 3490
f 228 91 88
f 245 243 242
f 248 247 191
f 2 296 295
f 145 300 267
f 327 210 328
f 329 331 330
f 250 228 236
f 239 240 230
f 373 375 374
f 178 176 175
f 1218 1228 1321
f 3862 1295 3854
f 808 824 823
f 3858 1013 1014
f 3813 1411 1413
f 2154 2159 2160
f 3845 1758 1757
f 306 1922 452
f 2157 1976 1977
f 708 2031 1474
f 1450 1227 1428
f 1672 1605 1624
f 1813 1821 1816
f 1717 1715 1718
f 176 402 347
f 1710 3916 3915
f 1712 1577 1711
f 1705 1711 1704
f 971 979 970
f 822 1094 1102
f 2909 2793 2792
f 2810 2795 2793
f 2799 2249 2800
f 3662 2910 2799
f 2769 2801 2795
f 3177 3178 3179
f 3178 3180 3179
f 3181 1393 2800
f 3181 1632 3182
f 3182 2244 3183
f 3183 2243 3180
f 3492 2790 3491
f 2808 3491 2816
f 2239 3572 2240
f 1149 3571 3570
f 1150 3567 3571
f 2202 3566 2015
f 2921 3565 2923
f 3568 2133 2928
f 1777 1759 1792
f 1201 1183 1184
f 3561 2195 2194
f 3553 2770 2768
f 3927 1687 1692
f 1516 154 503
f 3549 2974 2803
f 3550 2779 2778
f 2771 3575 3546
f 3070 3546 3558
f 3547 2775 2867
f 1376 1370 1372
f 2767 3556 2206
f 2195 3543 2767
f 2775 3542 2776
f 3377 3545 2871
f 3804 3539 2806
f 2776 3538 2805
f 2240 3535 2920
f 2920 3669 3619
f 3548 2786 2779
f 1805 1851 1804
f 3534 2787 2786
f 2951 3540 3531
f 2772 3531 3575
f 2973 3530 3536
f 2224 3537 3530
f 1957 320 510
f 306 304 303
f 2770 3528 2913
f 2913 3574 2239
f 2923 3527 2922
f 308 431 47
f 207 132 543
f 1879 1881 1880
f 3733 3525 2089
f 2475 3558 3524
f 2476 3524 3523
f 2223 3523 3537
f 3522 2803 2802
f 2037 11 1950
f 1959 450 505
f 2003 3520 2129
f 9 334 540
f 2009 3518 3567
f 2008 3536 3518
f 3877 673 3879
f 3515 2778 2784
f 2935 3513 2936
f 111 3570 3511
f 3510 2935 2938
f 683 3885 943
f 3508 2810 2909
f 736 732 729
f 1795 1803 1796
f 3505 2938 2939
f 3507 2939 2940
f 2950 3504 2949
f 2940 3504 3507
f 3801 3512 2950
f 2868 3502 2869
f 2869 3522 2802
f 1024 1023 1020
f 3500 2948 2947
f 551 442 443
f 2972 3568 2928
f 2032 3499 2972
f 216 1924 1923
f 203 201 200
f 1828 1847 1837
f 1958 449 450
f 272 178 175
f 2871 3495 1361
f 3619 3564 2921
f 2801 3643 3662
f 2005 3654 2176
f 960 899 962
f 3657 3612 3624
f 3780 3646 3151
f 3151 3593 2555
f 2193 3623 2194
f 3607 3145 3144
f 3603 2761 3145
f 3592 3144 3104
f 2926 3634 3103
f 3634 3104 3103
f 3755 3746 3753
f 566 3758 2005
f 3488 1864 3500
f 1602 2079 2078
f 2868 3611 2922
f 2922 3610 2923
f 2923 3618 2921
f 3670 2918 3614
f 3619 3614 2920
f 2921 3670 3619
f 2920 3586 2240
f 3613 2915 2918
f 2917 3622 3641
f 2916 3641 3642
f 2239 3652 2913
f 2911 3652 2757
f 3643 2911 2910
f 2797 3662 3591
f 2797 3598 2750
f 3622 2763 2765
f 3608 2764 2745
f 2194 3648 2221
f 2221 3649 2222
f 2756 3609 2755
f 2750 3609 2747
f 3669 1817 3827
f 3763 1691 1699
f 2515 3590 2548
f 2548 3593 2550
f 2513 3632 3616
f 2513 3621 2515
f 2509 3620 2289
f 2510 3633 2509
f 2289 3639 2283
f 2283 3617 2286
f 2240 3587 2239
f 3659 3624 3626
f 716 3887 3888
f 727 3761 1923
f 2165 2170 2164
f 3660 3626 3629
f 3743 3578 3757
f 2175 769 770
f 2100 2095 2099
f 3758 3757 3578
f 640 3568 1826
f 1653 3553 1651
f 1895 3530 746
f 746 3537 741
f 1653 3528 3576
f 3762 1604 1672
f 2093 2073 2078
f 959 995 884
f 962 919 986
f 1400 1398 1399
f 1000 1127 1004
f 956 884 885
f 1662 3550 1661
f 2034 3546 1654
f 3926 3539 3802
f 3535 766 1817
f 3572 765 766
f 334 3571 335
f 1868 3540 1656
f 1684 1652 1678
f 1682 775 1807
f 1585 3762 1700
f 3763 1672 1673
f 2173 490 491
f 1658 3547 1752
f 3556 1650 724
f 1571 2010 1572
f 1587 3671 2080
f 2099 2077 2094
f 787 1999 786
f 2000 786 1999
f 3155 3697 3683
f 3713 3683 3789
f 2180 3685 3684
f 3496 3684 3705
f 1684 3840 1651
f 1760 3495 3545
f 2607 3693 2590
f 2581 3689 2607
f 2371 3700 3695
f 2371 3693 2372
f 2587 3675 2586
f 2586 3697 339
f 2497 3687 2503
f 2502 3687 3700
f 2494 3690 2495
f 3690 2472 2495
f 3688 2468 2472
f 3701 2469 2468
f 726 3892 630
f 581 3518 580
f 10 3570 334
f 1837 3510 1849
f 741 3523 1300
f 1299 3558 2034
f 1851 3504 1866
f 3527 1820 1819
f 580 3536 1895
f 1758 3522 3502
f 1693 3508 1806
f 3504 1867 1866
f 1894 3568 3499
f 2126 3813 3841
f 3906 3841 3912
f 2113 3867 2110
f 2179 3789 3685
f 624 3904 623
f 2192 3788 3780
f 2177 3787 3733
f 1364 3833 1338
f 3858 1470 1453
f 3135 3775 3744
f 2069 3835 2068
f 1351 3853 1352
f 2108 3901 499
f 2089 3736 3733
f 3828 1358 866
f 2001 3783 2187
f 2187 3719 2091
f 2130 3752 2004
f 2004 3749 2001
f 2014 3779 2201
f 2201 3756 2130
f 3167 3759 2969
f 3168 3720 3167
f 3159 3764 3160
f 3160 3765 3081
f 3730 3158 337
f 3158 3709 3159
f 2200 3730 3722
f 3685 3742 2204
f 3722 2197 2200
f 3790 2092 3721
f 3774 3721 2197
f 3154 3790 3774
f 3155 3706 3154
f 2091 3721 2092
f 2196 3750 3776
f 2193 3776 3781
f 3604 3781 3788
f 2086 3780 3778
f 2087 3778 3777
f 2204 3751 2205
f 2205 3750 3148
f 3909 574 692
f 2124 3777 3760
f 2208 3760 3782
f 3711 3140 3137
f 3785 3138 3140
f 3745 3139 3138
f 3771 3136 2322
f 3712 3137 3136
f 3775 3131 3133
f 3767 3132 3131
f 1813 3838 1814
f 1293 3856 1344
f 2184 3748 3732
f 2181 3732 3734
f 3765 3079 3081
f 3768 3080 3079
f 709 3875 2031
f 2774 3737 3769
f 3786 2134 3559
f 3809 766 765
f 2968 3766 2959
f 2969 3784 2968
f 2958 3737 2961
f 2132 3766 2960
f 2321 3771 3748
f 3860 1449 28
f 3905 582 710
f 3886 577 574
f 3847 1818 3827
f 705 3887 2121
f 3816 3907 698
f 2111 3911 2113
f 3810 1366 1411
f 1812 3822 1815
f 675 3852 674
f 3496 3851 675
f 2110 3868 2109
f 2104 3901 2106
f 2109 3899 944
f 3842 703 739
f 1680 3846 1684
f 1639 3819 3818
f 623 3906 697
f 2139 3866 3865
f 1808 3844 3837
f 3820 1819 1820
f 3872 3900 706
f 1646 3830 1648
f 3889 633 577
f 2139 3875 18
f 2156 3871 3874
f 674 3913 3869
f 2117 3812 2069
f 1815 3847 3823
f 3855 1444 1470
f 697 3912 3816
f 866 3836 3828
f 3864 2136 2135
f 3585 3726 3589
f 3583 3731 3585
f 3753 3738 3739
f 3740 3581 3743
f 1088 3746 1093
f 3739 3743 3753
f 2791 3493 2792
f 3492 2807 3493
f 2792 3494 2909
f 3493 2806 3494
f 3508 3494 3516
f 3516 2806 3539
f 2948 3791 3801
f 2105 3896 2104
f 3538 3804 2805
f 680 3876 683
f 1891 3910 3891
f 2905 3801 2950
f 2900 3799 2905
f 2901 3807 2877
f 2734 3806 3794
f 2877 3806 2878
f 2820 3794 2872
f 2818 3792 2827
f 2823 3792 2826
f 2822 3798 2821
f 2819 3800 3798
f 2817 3795 2816
f 2809 3795 2815
f 2808 3803 2807
f 2805 3803 2804
f 1702 3923 1599
f 3922 1797 1802
f 3915 1706 1709
f 3918 1692 1698
f 1657 3880 1879
f 1890 3895 3910
f 3772 1674 1675
f 1689 3772 3773
f 3926 3538 1688
f 3516 1689 3773
f 3917 1703 1764
f 1598 3928 1770
f 3880 1876 1879
f 1691 3925 3927
f 3925 1688 1687
f 1117 1118 3930
f 1066 1322 3930
f 1243 847 3930
f 3825 848 3930
f 1128 1117 3930
f 1129 1130 3930
f 841 1011 3930
f 1230 3863 3930
f 1242 1243 3930
f 1322 1229 3930
f 1064 1065 3930
f 1003 1128 3930
f 1229 1230 3930
f 3863 1285 3930
f 1285 1288 3930
f 848 839 3930
f 847 3825 3930
f 1118 1129 3930
f 1065 1066 3930
f 1087 1086 3930
f 1008 1002 3930
f 1011 1008 3930
f 1002 1003 3930
f 1076 1069 3930
f 838 841 3930
f 839 838 3930
f 1288 1242 3930
f 1130 1087 3930
f 1086 1076 3930
f 1069 1064 3930
f 2410 2414 3931
f 2411 2410 3931
f 3617 2285 3931
f 2394 2393 3931
f 2393 2396 3931
f 2281 2286 3931
f 2282 2280 3931
f 2398 2399 3931
f 2465 2464 3931
f 2396 2397 3931
f 2470 2469 3931
f 2399 2416 3931
f 2480 2395 3931
f 2459 2480 3931
f 2369 2282 3931
f 2460 2459 3931
f 2415 2411 3931
f 2416 2415 3931
f 2364 2363 3931
f 2286 3617 3931
f 2464 2470 3931
f 2469 3703 3931
f 2285 2465 3931
f 2414 2364 3931
f 2395 2394 3931
f 2363 2367 3931
f 2397 2398 3931
f 2280 2281 3931
f 3703 2460 3931
f 2367 2369 3931
f 4 3 2
f 8 7 6
f 13 16 15
f 17 28 19
f 32 31 30
f 36 35 34
f 37 40 39
f 21 22 23
f 25 26 27
f 41 44 43
f 48 47 46
f 52 51 50
f 53 56 55
f 60 59 58
f 29 30 62
f 66 65 64
f 67 5 6
f 72 71 70
f 76 75 74
f 77 80 79
f 81 84 83
f 59 87 86
f 88 91 90
f 96 95 94
f 100 99 98
f 101 104 103
f 106 105 34
f 108 116 115
f 117 119 36
f 124 127 126
f 131 130 129
f 132 102 134
f 142 141 140
f 148 106 60
f 144 143 127
f 149 152 151
f 156 155 154
f 159 150 158
f 116 108 164
f 171 170 169
f 174 126 173
f 179 182 181
f 186 189 188
f 194 197 196
f 199 142 139
f 206 209 208
f 213 212 211
f 202 215 214
f 96 93 216
f 92 238 43
f 97 184 246
f 250 249 229
f 252 254 58
f 258 257 256
f 260 91 229
f 110 111 112
f 114 264 263
f 265 268 267
f 56 53 270
f 274 273 249
f 185 183 63
f 280 279 278
f 285 284 283
f 288 219 211
f 141 142 92
f 289 290 175
f 148 116 105
f 312 311 170
f 238 262 42
f 318 163 160
f 310 309 308
f 241 239 325
f 160 230 240
f 47 48 307
f 108 109 315
f 345 85 86
f 348 351 350
f 356 359 358
f 355 354 353
f 363 31 32
f 364 252 253
f 366 125 368
f 183 372 371
f 163 162 161
f 209 226 101
f 378 377 165
f 379 295 381
f 383 382 3
f 284 285 386
f 387 127 389
f 391 259 229
f 73 281 397
f 405 408 407
f 203 218 411
f 414 121 413
f 1 356 357
f 277 276 131
f 254 344 57
f 358 384 415
f 417 416 386
f 401 400 192
f 419 389 127
f 421 181 182
f 103 301 302
f 428 367 368
f 380 390 359
f 62 204 266
f 140 141 431
f 357 358 351
f 356 1 379
f 415 392 403
f 437 428 436
f 438 441 440
f 188 451 450
f 265 455 181
f 224 185 64
f 237 212 213
f 275 131 128
f 281 282 460
f 50 462 79
f 73 74 282
f 468 467 466
f 390 355 352
f 482 485 484
f 489 488 487
f 493 496 495
f 472 471 470
f 502 501 500
f 220 221 222
f 512 419 143
f 518 517 511
f 513 239 230
f 205 30 31
f 189 370 451
f 163 318 532
f 533 224 225
f 446 448 447
f 335 541 540
f 544 512 546
f 329 519 291
f 199 534 262
f 385 386 416
f 532 190 191
f 363 117 118
f 578 581 580
f 573 572 571
f 561 563 562
f 241 260 259
f 590 593 592
f 545 546 595
f 503 154 155
f 606 625 624
f 478 481 480
f 646 649 648
f 590 591 689
f 564 565 651
f 728 246 184
f 714 724 716
f 692 574 575
f 541 335 581
f 346 68 248
f 161 231 230
f 128 129 94
f 698 705 704
f 574 577 576
f 290 289 401
f 630 631 725
f 733 736 735
f 755 466 496
f 759 480 481
f 757 763 762
f 764 496 466
f 768 767 3808
f 759 760 488
f 492 474 475
f 474 770 769
f 773 468 465
f 771 774 486
f 484 485 775
f 774 776 489
f 495 496 764
f 495 757 761
f 137 397 784
f 325 239 797
f 165 519 51
f 369 32 29
f 730 731 568
f 90 302 301
f 243 118 516
f 800 734 806
f 817 815 808
f 816 808 823
f 306 303 447
f 815 810 809
f 829 830 828
f 726 725 501
f 274 427 424
f 879 882 881
f 884 883 879
f 219 218 217
f 906 905 904
f 455 204 205
f 898 882 830
f 903 900 880
f 377 291 519
f 923 949 948
f 946 947 951
f 3519 740 739
f 900 899 886
f 225 64 65
f 182 445 442
f 809 952 947
f 954 960 962
f 927 950 965
f 885 879 880
f 925 927 966
f 343 342 341
f 965 964 971
f 968 971 970
f 972 968 969
f 963 961 981
f 336 337 338
f 992 993 827
f 810 815 996
f 1007 1001 1002
f 1012 826 827
f 1011 1009 1007
f 294 293 292
f 907 908 920
f 1017 579 1019
f 1020 1023 1022
f 1035 1024 1020
f 1061 1060 1047
f 1063 1061 1046
f 1044 1020 1021
f 1102 1094 1097
f 1116 1126 1118
f 1016 1015 1014
f 881 897 904
f 816 1116 1127
f 1094 948 949
f 514 342 167
f 146 145 81
f 1133 1135 1130
f 1102 1133 1126
f 822 1126 1116
f 1145 1143 1148
f 1076 1144 1151
f 1148 1143 1086
f 1109 1097 1114
f 1154 1153 1156
f 1153 925 967
f 3464 3497 463
f 1144 1147 1152
f 1156 967 1163
f 1164 1162 1169
f 1145 1171 1176
f 1114 1115 1154
f 1183 1155 1164
f 1184 1183 1177
f 1069 1151 1062
f 1023 1191 1194
f 1162 1163 1170
f 1195 1184 1185
f 1183 1196 1176
f 1201 1063 1152
f 1061 1063 1201
f 3825 847 843
f 1203 1202 1195
f 1202 1201 1184
f 1218 1060 1203
f 1060 1061 1202
f 1225 1218 1217
f 671 695 694
f 1219 1217 1024
f 1217 1203 1034
f 1226 1014 1015
f 1243 1242 1234
f 1231 1230 1229
f 847 1243 1233
f 843 1233 1244
f 1233 1234 1245
f 1923 3761 233
f 2100 2108 499
f 3914 3864 2135
f 61 62 323
f 210 211 217
f 1299 1310 1309
f 3863 1230 1231
f 1066 1047 1321
f 1322 1321 1228
f 1060 1218 1321
f 1325 1324 1323
f 1244 1245 1332
f 1290 1234 1242
f 1337 1330 1339
f 1330 1332 1340
f 1341 1332 1245
f 1342 1340 1332
f 1343 1342 1341
f 1344 1341 1294
f 3857 3856 1345
f 1347 1348 1342
f 3856 3854 1295
f 1349 1350 1348
f 3861 1349 1347
f 3853 1347 1343
f 906 898 829
f 905 906 1353
f 865 1356 1355
f 1355 1353 829
f 1357 1355 825
f 1356 1354 1353
f 3834 1337 1338
f 866 1358 1356
f 1358 1359 1354
f 3828 878 1337
f 838 1362 1012
f 1363 1364 1338
f 1368 1363 1339
f 1348 1368 1340
f 1371 1369 3824
f 524 525 526
f 528 529 530
f 1372 1370 1369
f 535 536 537
f 1367 1368 1348
f 1370 1354 1359
f 1369 1359 3833
f 1373 910 903
f 555 556 557
f 1374 909 910
f 1373 904 905
f 1374 1373 1375
f 1375 905 1354
f 1378 920 908
f 376 373 651
f 1388 928 973
f 586 587 588
f 1390 1389 1388
f 1391 1388 969
f 597 598 599
f 600 601 602
f 1392 1391 970
f 608 609 610
f 612 524 523
f 614 615 616
f 617 618 25
f 620 621 622
f 1397 1390 1391
f 1398 1397 1392
f 1400 987 920
f 1402 1403 1165
f 636 637 638
f 930 1404 1402
f 641 642 643
f 929 1402 1169
f 1404 1405 1403
f 1411 1366 1365
f 1412 1406 1415
f 652 653 654
f 609 656 657
f 659 660 661
f 558 663 586
f 665 666 667
f 1413 1411 1406
f 1418 1416 3810
f 1417 1372 1371
f 1416 1371 3829
f 1419 1417 1416
f 1386 909 1374
f 677 678 679
f 1385 1386 1420
f 1420 1374 1376
f 685 686 687
f 1421 1420 1422
f 528 690 691
f 1422 1376 1372
f 1018 1019 747
f 699 700 701
f 1424 578 579
f 3663 1597 1767
f 700 699 711
f 1093 3746 3754
f 717 718 530
f 721 722 723
f 704 1650 3543
f 19 1429 1426
f 1429 1428 1427
f 1658 1659 3542
f 1439 1437 1434
f 1437 1436 1435
f 1426 1427 1433
f 1442 1431 1432
f 742 743 744
f 1432 1433 1441
f 751 752 753
f 1438 1434 1403
f 1446 1445 1444
f 1447 1448 1446
f 3860 1447 1443
f 1415 1367 1445
f 1414 1415 1446
f 2173 1683 469
f 777 778 779
f 780 781 782
f 1676 1693 1806
f 3859 1451 1349
f 789 790 791
f 745 792 793
f 652 794 795
f 1455 1458 1457
f 1454 1367 1350
f 610 691 802
f 3831 3816 698
f 1352 1044 1045
f 1015 1016 1459
f 811 812 813
f 2118 3815 3817
f 819 820 821
f 1466 1463 1194
f 1467 1468 1465
f 1182 1165 1468
f 832 812 833
f 835 836 837
f 1467 1466 1190
f 1469 1470 1444
f 840 700 712
f 1453 1470 1469
f 599 844 845
f 1226 1450 3849
f 851 852 853
f 855 744 856
f 858 859 860
f 861 862 863
f 1014 1226 3855
f 867 676 868
f 870 871 872
f 874 875 876
f 1310 1323 1471
f 1476 1433 1427
f 1461 1476 1475
f 887 888 889
f 788 791 892
f 894 895 896
f 1460 1475 1227
f 901 902 524
f 1465 1478 1477
f 1865 3503 3500
f 911 912 913
f 916 917 918
f 1850 3505 3507
f 921 922 895
f 1479 1435 1436
f 926 664 667
f 1481 562 563
f 269 1483 84
f 931 932 933
f 934 935 614
f 936 685 688
f 938 659 662
f 1484 270 122
f 941 942 835
f 320 321 509
f 1849 3510 3505
f 84 1483 1484
f 1487 1490 1488
f 1757 1758 3502
f 365 1492 1491
f 461 79 80
f 117 363 362
f 1494 540 541
f 926 601 957
f 1477 1441 1433
f 1709 1588 1585
f 119 117 1496
f 271 1497 504
f 511 517 189
f 345 1496 1492
f 57 344 299
f 1501 1499 268
f 267 268 1499
f 974 975 976
f 1678 1652 1693
f 3846 1682 1807
f 557 982 663
f 983 941 984
f 1443 1444 3849
f 421 1500 268
f 989 990 991
f 1490 1487 418
f 279 280 309
f 997 868 676
f 998 26 999
f 1504 418 38
f 1506 1508 1507
f 360 361 1508
f 1506 1486 207
f 939 1005 1006
f 270 1484 1483
f 66 63 546
f 1010 742 793
f 367 428 437
f 244 31 363
f 1670 3532 3534
f 209 206 1510
f 388 389 426
f 427 274 250
f 161 520 521
f 100 246 45
f 1025 1026 608
f 1029 1030 1031
f 939 662 1033
f 41 42 594
f 1036 780 783
f 702 701 1038
f 1040 1041 1042
f 362 32 369
f 187 1520 477
f 70 1487 539
f 1049 600 603
f 613 867 869
f 860 1050 1051
f 1005 1052 1053
f 753 1055 1056
f 1057 1058 1059
f 293 288 1522
f 288 212 1521
f 292 1522 1523
f 331 1507 1508
f 306 452 453
f 100 44 41
f 462 1524 78
f 330 331 1524
f 635 1067 1068
f 1485 1527 1526
f 206 1485 1528
f 1070 1071 1072
f 942 941 1073
f 916 933 1075
f 440 1529 1530
f 157 158 1514
f 1529 162 5
f 371 595 546
f 790 586 663
f 1077 858 857
f 1403 1434 1435
f 1080 1081 1082
f 531 520 1529
f 21 1083 1084
f 272 1532 1531
f 690 712 802
f 335 3571 3567
f 1090 1030 1029
f 1092 795 794
f 1533 396 137
f 661 660 1095
f 69 444 445
f 1099 1100 1101
f 38 39 1536
f 1104 1105 1106
f 852 1107 1108
f 1377 908 909
f 291 377 411
f 316 1536 516
f 539 1488 1533
f 1505 1536 316
f 1110 1111 1112
f 1539 1537 460
f 522 441 1537
f 834 837 1120
f 1122 1123 1124
f 612 1125 1041
f 935 793 615
f 276 278 130
f 1686 3549 3522
f 193 190 1541
f 231 521 1540
f 556 1037 982
f 365 253 85
f 190 532 318
f 1810 765 3574
f 3924 1867 3512
f 1132 983 985
f 208 101 102
f 1134 1033 662
f 1491 518 80
f 429 133 1542
f 1137 1138 915
f 172 436 428
f 1139 1140 1141
f 549 96 54
f 1517 1519 1518
f 834 1119 984
f 1543 513 286
f 1544 797 239
f 133 134 1544
f 506 361 257
f 420 327 328
f 1158 1159 1160
f 587 1104 1103
f 607 1161 1027
f 304 1546 1545
f 364 1491 77
f 69 70 198
f 700 840 1112
f 3877 626 3525
f 1166 719 657
f 1167 1168 858
f 1300 3523 3524
f 1172 1173 1174
f 218 203 200
f 1179 1180 1181
f 372 183 97
f 89 104 227
f 1186 1187 1188
f 172 173 1517
f 1482 84 81
f 1090 1192 1193
f 394 395 353
f 526 525 1198
f 1199 1200 1026
f 606 623 697
f 1204 1205 1206
f 1207 1208 523
f 1209 1210 867
f 914 913 685
f 1478 1436 1441
f 1029 1028 1161
f 1211 1212 1213
f 3858 1453 1451
f 844 1215 1216
f 423 193 273
f 1220 1221 1222
f 22 1223 1224
f 882 898 897
f 1519 1517 173
f 1189 1188 1232
f 349 350 550
f 1071 1235 1236
f 1237 1238 1239
f 1221 1186 1189
f 1510 1528 1512
f 939 1032 1241
f 1556 1530 5
f 1553 1554 394
f 404 1556 67
f 1247 1248 1249
f 142 199 238
f 1251 1067 635
f 850 1252 1253
f 1254 1167 1077
f 57 132 133
f 443 430 552
f 1187 1172 1175
f 1256 1070 831
f 432 405 382
f 741 748 747
f 434 350 351
f 349 432 383
f 251 124 1481
f 395 384 352
f 1518 1519 1550
f 1558 410 378
f 109 263 314
f 285 1514 1513
f 395 394 393
f 202 203 410
f 417 408 405
f 1246 1257 1258
f 3 1559 297
f 1259 1260 1261
f 403 404 347
f 955 954 953
f 462 50 51
f 1096 1095 687
f 429 147 60
f 896 1264 1265
f 1267 721 1268
f 423 424 327
f 37 179 180
f 20 23 1187
f 1256 1168 1071
f 1188 1175 1269
f 1236 1270 1271
f 1272 536 535
f 565 564 463
f 1273 792 745
f 876 1254 1255
f 316 33 164
f 437 1516 503
f 194 1494 1495
f 1275 1276 864
f 624 625 631
f 1277 1274 1137
f 569 568 567
f 1481 124 125
f 324 325 547
f 1279 1108 1107
f 1525 332 329
f 1281 1278 1137
f 171 168 1553
f 1488 73 396
f 1557 1561 1562
f 1282 856 1206
f 1053 1277 1278
f 778 777 607
f 713 583 3566
f 251 225 144
f 4 357 348
f 709 708 707
f 728 48 45
f 261 135 1563
f 789 1286 1287
f 74 314 263
f 403 284 385
f 1178 1181 1240
f 1223 1259 1289
f 1220 20 1186
f 296 1518 354
f 784 459 1538
f 1181 1180 1291
f 1269 1292 1257
f 1566 1538 438
f 136 784 1566
f 1563 1564 169
f 107 114 109
f 1297 1282 1298
f 1464 1477 1476
f 1520 187 507
f 1301 1302 1303
f 1306 1307 1308
f 175 456 1532
f 1532 456 200
f 1311 1266 1312
f 872 1314 1315
f 3836 843 878
f 1305 1308 864
f 1040 1275 863
f 1564 1566 399
f 592 1576 1575
f 591 1575 1088
f 1581 1584 1583
f 1196 1152 1147
f 710 582 583
f 285 407 408
f 953 954 961
f 1594 1592 1589
f 1585 1588 1587
f 1592 1591 1590
f 3885 945 944
f 1600 1599 1598
f 1604 1603 1602
f 1399 1392 979
f 1589 1590 1596
f 1610 1609 1608
f 298 257 361
f 551 552 276
f 1627 1626 3814
f 859 811 818
f 1078 857 1328
f 1555 439 1530
f 572 573 680
f 772 465 776
f 977 1281 918
f 404 403 392
f 1054 1331 750
f 1644 1645 1643
f 932 1265 1082
f 1067 1333 1334
f 1540 1539 264
f 597 1335 643
f 471 761 762
f 1642 696 3831
f 1644 1642 3842
f 923 946 950
f 96 549 548
f 520 531 522
f 445 444 443
f 849 839 848
f 480 759 755
f 1646 760 481
f 311 426 1567
f 464 463 3497
f 3497 1360 1361
f 234 237 236
f 190 193 192
f 153 154 152
f 231 287 286
f 1552 1553 1551
f 760 1646 1648
f 3832 1647 1649
f 828 827 826
f 52 167 166
f 1663 1662 1661
f 287 107 115
f 668 671 670
f 634 645 640
f 553 560 559
f 118 36 33
f 492 484 491
f 3552 1652 1651
f 582 589 584
f 384 395 392
f 1381 1382 1383
f 1562 1561 435
f 952 953 951
f 3529 3566 583
f 1660 1661 1667
f 1394 1395 1396
f 1660 1665 1664
f 1671 1670 1669
f 1624 1625 1673
f 1407 1408 1409
f 1677 1676 1675
f 1613 1679 1677
f 1679 1678 1676
f 1626 1681 3811
f 534 199 198
f 803 733 734
f 400 248 191
f 65 66 143
f 3526 1657 1656
f 402 159 157
f 629 628 627
f 461 477 49
f 758 757 495
f 796 787 786
f 406 407 1513
f 342 343 166
f 1694 1659 1658
f 1692 1687 1694
f 3557 1693 1652
f 3921 1704 1703
f 326 547 302
f 3916 3921 1702
f 3919 3918 1698
f 1699 1691 3927
f 1557 406 1560
f 1127 1116 1117
f 400 401 289
f 1706 1702 1707
f 1707 1702 1599
f 1709 1706 1708
f 1714 1712 1711
f 3919 3915 1709
f 1704 1711 1577
f 1716 1714 1713
f 1559 1562 1549
f 1722 1721 1720
f 1335 597 596
f 410 411 377
f 973 1170 1163
f 168 169 399
f 1571 682 1089
f 1572 681 682
f 749 646 647
f 1730 1724 1723
f 1594 1582 1729
f 1729 1723 1591
f 1384 1378 1377
f 1732 1731 1712
f 1724 1730 1731
f 1722 1724 1732
f 1721 1722 1733
f 1734 1733 1716
f 1735 1737 1736
f 1733 1732 1714
f 1663 1664 1741
f 1742 1665 1740
f 1738 1739 1737
f 1665 1660 1666
f 1665 1742 1744
f 1725 1726 1746
f 1591 1725 1745
f 1590 1745 1747
f 1745 1746 1748
f 1659 1688 3538
f 3287 1760 3545
f 1185 1177 1182
f 1664 1744 1749
f 1741 1749 1739
f 1746 1742 1743
f 1726 1744 1742
f 1115 924 1153
f 1654 3546 3575
f 1896 3562 3549
f 1720 1749 1744
f 1721 1739 1749
f 1750 1718 1701
f 1697 1736 1750
f 1151 1152 1063
f 1751 1752 1670
f 1695 1658 1752
f 961 962 986
f 1770 1769 1768
f 1766 1594 1593
f 1731 1759 1579
f 1579 1777 1774
f 3928 1772 1771
f 1764 1772 3928
f 1777 1776 1775
f 3762 3763 1699
f 1004 1127 1128
f 1774 1775 1771
f 987 1400 1399
f 1578 1774 1772
f 1783 1782 1781
f 1597 1598 1770
f 639 1878 3895
f 3928 3929 1769
f 1793 1792 1789
f 3929 3920 1798
f 3508 3516 3773
f 1802 1867 3924
f 1788 1790 1794
f 1793 1794 1795
f 3773 3772 1675
f 1584 1581 1783
f 1771 1797 3920
f 1801 1799 1798
f 1768 1769 1798
f 1775 1796 1797
f 508 514 515
f 1796 1803 1802
f 1800 1798 3920
f 1794 1805 1804
f 3532 1670 1752
f 485 1808 1807
f 3809 3844 1640
f 3837 3844 1810
f 485 482 1640
f 1690 1691 3770
f 487 488 1648
f 3839 1813 1816
f 3838 1811 1648
f 3839 1812 1811
f 1812 1809 487
f 1641 1809 767
f 465 466 755
f 767 1815 3823
f 3822 1816 3826
f 1809 1812 1815
f 3837 1653 1651
f 675 672 3541
f 1814 1649 1822
f 1821 1822 3821
f 1824 1822 1649
f 1827 1849 1850
f 1668 1669 1662
f 1779 1780 1848
f 1790 1827 1805
f 1833 1836 1853
f 3521 3506 693
f 1614 1615 1616
f 1852 1853 3498
f 1620 1621 1622
f 1855 1765 1574
f 1847 1852 3501
f 1766 1765 1855
f 1629 1630 1631
f 1633 1622 1634
f 1635 1636 1637
f 1848 1833 1852
f 1855 1861 1863
f 1803 1866 1867
f 1862 1863 1831
f 1782 1855 1862
f 3922 3924 1865
f 1873 1872 1870
f 1874 1869 799
f 2045 3878 3897
f 1219 1345 1295
f 1615 1614 1396
f 3884 3895 1877
f 645 3898 3786
f 1345 1219 1035
f 634 639 3884
f 15 1887 1327
f 3910 3895 1878
f 1894 604 605
f 3506 3551 627
f 3560 640 645
f 340 341 454
f 1897 194 195
f 1889 1882 1877
f 1901 94 129
f 196 749 754
f 1705 1704 3921
f 340 378 166
f 1570 1480 563
f 1904 1494 194
f 1781 1862 1832
f 1905 549 55
f 1000 994 995
f 986 919 920
f 1191 1185 1190
f 2094 2077 2075
f 1920 1921 1919
f 453 454 1912
f 1915 1919 1918
f 3882 2112 2106
f 1655 3575 3531
f 1916 1918 1926
f 704 3554 3561
f 278 1916 1925
f 3565 3564 1818
f 1097 949 1115
f 1927 1928 727
f 3578 3579 3654
f 1920 310 307
f 1929 307 48
f 503 504 1497
f 1902 1903 787
f 1816 1821 3820
f 1925 1926 1923
f 1535 1569 1568
f 254 252 258
f 1509 1497 366
f 119 86 35
f 219 288 293
f 141 46 47
f 542 205 244
f 1940 552 430
f 1779 1828 1827
f 1701 1710 3915
f 1661 3550 3515
f 270 53 754
f 197 1947 749
f 1727 1728 1212
f 53 54 232
f 1465 1468 1479
f 1284 3862 3854
f 1951 446 412
f 168 398 1554
f 1486 1485 206
f 506 77 78
f 994 1001 1007
f 951 953 963
f 1013 3859 3861
f 3826 3820 1820
f 1498 1909 1954
f 299 298 543
f 1754 1755 1756
f 1681 469 1683
f 1696 1694 1695
f 13 14 738
f 473 476 475
f 482 1641 768
f 204 62 30
f 1761 1762 820
f 611 1763 1125
f 1501 1503 1908
f 1074 1073 711
f 1960 1944 82
f 120 1956 1960
f 35 86 87
f 1773 1199 1025
f 1965 1545 1569
f 494 761 471
f 1966 1967 1969
f 446 1951 1971
f 174 368 125
f 1580 1579 1578
f 1785 1786 1787
f 1972 1546 304
f 1254 876 875
f 1973 341 342
f 321 1912 1973
f 1910 277 275
f 509 1973 514
f 1486 1507 1527
f 1974 1874 804
f 1977 1976 1974
f 1980 448 1966
f 379 1 2
f 1718 1715 1710
f 884 995 992
f 1680 1684 1678
f 902 990 525
f 344 255 256
f 135 138 137
f 448 446 1967
f 589 605 604
f 910 909 908
f 1981 1966 1968
f 1982 1981 1987
f 1988 1979 1987
f 1990 1988 1989
f 1991 1989 1993
f 322 321 320
f 992 828 830
f 1144 1076 1086
f 1995 1977 1978
f 1133 1129 1118
f 1997 1995 1994
f 870 1823 1335
f 805 806 1982
f 727 184 2000
f 1996 1994 1988
f 1994 1978 1979
f 1829 616 792
f 1830 1073 941
f 798 803 800
f 729 732 731
f 2011 2012 2023
f 1834 1835 846
f 402 283 284
f 2022 2023 2024
f 1838 718 989
f 810 955 952
f 1823 1839 1840
f 1430 1426 1432
f 1215 844 1841
f 1316 1208 873
f 2112 1401 1384
f 1842 1843 1844
f 1159 846 845
f 837 27 1846
f 1971 1951 2030
f 517 369 370
f 1471 2026 2027
f 3551 3525 626
f 2174 2175 770
f 935 934 1854
f 1613 1619 1611
f 1231 1228 1225
f 1856 1857 891
f 1300 1309 748
f 1150 1149 1858
f 1643 606 696
f 1215 1265 1264
f 1320 1860 902
f 1956 1943 1944
f 2031 668 669
f 2034 1325 1310
f 1879 1880 1656
f 40 245 242
f 1992 1993 2039
f 888 958 957
f 1882 1889 1996
f 1078 1138 1255
f 1871 912 1192
f 294 411 218
f 1323 2041 2026
f 123 1960 83
f 1324 2036 2041
f 384 358 359
f 1324 1325 2038
f 1883 1884 1885
f 287 1540 114
f 1096 1886 1134
f 915 1329 931
f 806 1980 1981
f 3533 3529 584
f 1425 2030 2042
f 1018 2042 1948
f 3562 1896 740
f 1948 2042 649
f 1881 1882 1990
f 1900 129 130
f 992 995 994
f 923 927 925
f 3878 2045 2047
f 1643 2048 625
f 2050 2052 2051
f 2045 1405 1404
f 3876 2047 945
f 1139 1080 1079
f 1037 1856 892
f 2055 2053 2057
f 1198 989 718
f 1619 2058 1612
f 2058 1605 1606
f 2059 2060 1607
f 2058 1619 1624
f 71 72 179
f 405 406 1557
f 322 1548 1972
f 2061 2052 2063
f 2066 2065 2067
f 2052 2061 2064
f 1609 1610 2066
f 1515 151 152
f 1009 827 993
f 1644 3843 3815
f 279 1915 1916
f 1285 3863 3862
f 1647 2066 1825
f 2056 2057 2067
f 319 320 1953
f 667 666 1913
f 2070 631 625
f 2052 2050 2055
f 2038 1654 1655
f 1606 1601 2073
f 1235 1917 1270
f 2072 2073 2075
f 2059 1606 2072
f 2074 2075 2077
f 1601 1602 2078
f 2049 2048 1643
f 1000 1004 1001
f 1089 943 684
f 1931 1286 1306
f 1462 1459 1021
f 1932 1933 1934
f 875 874 1846
f 1936 1051 1937
f 44 45 46
f 1534 1955 1956
f 1541 318 317
f 2081 2082 2084
f 146 1945 1959
f 1360 1941 1942
f 985 984 1032
f 1995 1997 1892
f 2079 2080 2082
f 2095 2096 2076
f 2081 2093 2078
f 2055 2050 2054
f 501 2096 2095
f 2097 2100 2099
f 2098 2099 2094
f 2140 2141 3893
f 2141 2046 3894
f 2051 2070 2048
f 592 2102 2101
f 2071 2064 2076
f 2102 2097 2098
f 593 2103 2102
f 1019 1895 746
f 1950 11 12
f 725 2071 2096
f 1385 2105 2104
f 1379 2104 2106
f 2107 2108 2100
f 3908 726 502
f 3896 502 499
f 940 1389 2109
f 928 929 1170
f 3868 590 684
f 1962 1963 1964
f 3878 680 573
f 2039 1993 1968
f 1389 1390 2110
f 1398 2111 2113
f 3757 3755 3753
f 3911 3883 2107
f 949 923 924
f 260 241 324
f 1390 1397 2113
f 2070 2051 2064
f 3867 3911 2103
f 2105 1385 1421
f 2114 1421 1423
f 3892 2114 2115
f 3908 2105 2114
f 554 2116 1902
f 972 1163 967
f 1765 1593 1573
f 1984 1985 1986
f 2053 2117 2069
f 3573 3556 724
f 1625 1677 1674
f 3881 3888 2119
f 3903 2115 2123
f 56 1954 1906
f 626 3877 3879
f 2001 2002 2003
f 3912 3841 2127
f 2006 2007 2008
f 2127 1413 1412
f 2014 2015 2016
f 2018 2019 2020
f 1495 1424 1947
f 1379 1377 1386
f 3814 3811 1680
f 2029 1885 1884
f 3902 2128 2120
f 629 3879 3914
f 682 683 943
f 724 1650 2121
f 1757 1819 3821
f 765 1810 3844
f 3851 714 715
f 706 707 3870
f 981 986 987
f 1457 1868 1656
f 2017 2016 2032
f 1458 1655 1868
f 1776 1777 1792
f 1959 1945 1946
f 3663 3715 3725
f 3913 3881 2122
f 1093 1089 689
f 966 965 968
f 3852 715 3881
f 2172 3577 2170
f 670 2138 2137
f 3761 787 1903
f 1429 19 28
f 964 963 978
f 3841 3813 1413
f 1473 1474 669
f 3834 3833 1359
f 2138 798 1870
f 1872 1473 2137
f 715 716 3888
f 1881 1991 1992
f 3843 3842 739
f 1837 1847 3513
f 253 58 59
f 1808 3837 3840
f 1647 3832 3818
f 3865 3866 671
f 2112 3882 3883
f 1405 2045 2044
f 3829 3824 1364
f 273 1541 391
f 576 632 3520
f 3875 3865 668
f 1430 1431 2140
f 2136 3850 3860
f 1430 2139 18
f 3893 3894 570
f 1442 1439 2046
f 1431 1442 2141
f 3869 3913 3850
f 3808 3823 1817
f 3866 3893 695
f 2142 2025 798
f 571 2143 2142
f 3819 3814 1618
f 2143 2022 2025
f 694 2142 2138
f 681 1572 2144
f 2144 2011 2022
f 328 210 457
f 1572 2010 2011
f 630 3892 3903
f 2085 2086 2087
f 2090 2091 2092
f 572 2144 2143
f 1875 1976 2153
f 1873 1875 2149
f 2103 2107 2097
f 2157 2043 2155
f 2128 1412 1414
f 3874 3871 589
f 3872 3870 628
f 2149 2153 2158
f 2159 2158 3905
f 698 3907 3902
f 3823 3847 3827
f 2158 2156 3874
f 1438 2044 2046
f 2035 2154 2160
f 2161 2160 3889
f 3871 3891 605
f 3873 17 18
f 370 29 61
f 649 1951 413
f 2153 2157 2156
f 1428 1429 1449
f 1490 76 73
f 3890 3905 710
f 2155 1891 3891
f 1456 1457 1880
f 2125 2088 2087
f 2160 2159 3890
f 300 1959 505
f 1064 1062 1046
f 2043 1892 1891
f 2129 2130 2004
f 2131 2132 2133
f 3848 3849 1450
f 1998 1975 804
f 3879 673 3864
f 474 492 490
f 1164 1165 1182
f 707 2162 3909
f 708 1472 2162
f 2162 2161 3886
f 548 549 1905
f 1145 1136 1114
f 705 2121 1650
f 2043 2157 1977
f 737 738 554
f 1034 1195 1191
f 458 1905 1907
f 195 196 232
f 2040 2039 1969
f 2145 2146 2147
f 2054 2050 2049
f 3832 1646 1639
f 9 12 11
f 252 364 506
f 472 478 479
f 1865 3924 3791
f 900 903 910
f 1941 2150 2151
f 1921 1928 1927
f 2163 1897 1898
f 271 156 153
f 1904 1326 12
f 282 263 264
f 1872 1873 2154
f 1326 1904 1897
f 628 692 693
f 1724 1722 1719
f 1549 1562 436
f 1582 1583 1730
f 1921 1920 1929
f 3563 3511 10
f 2152 2037 1950
f 475 772 774
f 769 2172 2171
f 2171 2165 476
f 476 773 772
f 1791 565 464
f 2166 2167 2168
f 595 371 372
f 483 1809 1641
f 762 2174 2173
f 771 483 484
f 486 487 1809
f 297 1549 1517
f 763 2175 2174
f 776 755 759
f 184 185 2176
f 412 447 303
f 2005 2176 185
f 3811 1681 1682
f 2164 2170 756
f 1472 2035 2161
f 950 951 964
f 2177 2178 2179
f 227 226 1510
f 2182 2183 2184
f 2186 2019 2018
f 1985 2182 2181
f 214 736 729
f 865 849 842
f 849 865 1357
f 559 3187 3188
f 16 13 737
f 560 553 498
f 3193 3196 3195
f 3200 3197 3198
f 3211 3214 3213
f 3215 3218 3217
f 2187 2188 2002
f 2169 2168 2189
f 2192 2086 2085
f 2193 2194 2195
f 2198 2199 2200
f 1998 1982 1979
f 3664 3665 3668
f 2116 1898 1903
f 1859 2006 2009
f 3904 2123 2126
f 1135 1148 1087
f 2201 2202 2015
f 1149 111 110
f 3221 3222 3218
f 2203 2204 2205
f 579 580 1895
f 1755 2207 2208
f 3891 3910 1893
f 1211 2151 2150
f 868 997 2210
f 944 945 930
f 2130 2129 2202
f 233 1903 1898
f 665 751 750
f 1167 1254 999
f 2211 2212 2213
f 2215 2216 2217
f 3867 593 590
f 2220 221 220
f 823 824 948
f 3225 3220 3227
f 266 204 455
f 3882 2108 2107
f 2221 2222 3519
f 2223 2224 2225
f 2207 2125 2124
f 673 674 3869
f 817 1000 996
f 2227 2228 2146
f 1947 1948 646
f 3900 2135 17
f 2229 1635 1638
f 1679 1613 1618
f 1637 2231 2232
f 2233 2234 1617
f 2231 2235 2236
f 1381 1638 2238
f 3586 2241 2242
f 1630 2234 2233
f 1681 1626 472
f 1408 1407 2243
f 3236 3239 3238
f 3232 3241 3240
f 1637 2230 2238
f 3237 3238 3233
f 1409 1408 1634
f 1380 1383 2247
f 1628 2248 2245
f 2249 1623 1622
f 1632 1634 1408
f 2248 1628 1631
f 2235 2231 1637
f 3245 3246 3199
f 631 2070 2071
f 515 167 52
f 782 781 2251
f 2253 2254 2255
f 397 281 459
f 1456 2039 2040
f 2040 2041 2036
f 1401 2112 2111
f 2041 2040 1970
f 1535 121 414
f 1586 1587 2080
f 2256 983 1132
f 1700 1699 3918
f 3815 1896 1686
f 1263 2256 1886
f 598 1841 844
f 2257 2258 2259
f 2258 2261 2262
f 2259 2262 2263
f 2260 2259 2216
f 1967 1971 1970
f 2212 1964 1963
f 922 921 2218
f 1312 1098 1101
f 1307 1306 1286
f 1548 1569 1546
f 2266 2267 2268
f 2265 2268 2270
f 2272 2265 2269
f 2273 2266 2265
f 2275 2276 2277
f 2278 2274 2277
f 2284 2285 3617
f 2287 2283 2286
f 2288 2289 2283
f 2290 2284 3639
f 2291 2292 2293
f 2295 2291 2294
f 2296 2297 2291
f 2297 2298 2292
f 2294 2293 2299
f 2279 2294 2300
f 2298 2301 2302
f 2292 2302 2303
f 2293 2303 2304
f 2304 2305 2306
f 2308 2309 2310
f 2302 2307 2310
f 2301 2311 2307
f 2312 2308 2307
f 2313 2314 2315
f 2318 2319 2320
f 3748 3771 2322
f 2324 2325 2273
f 2313 2324 2326
f 2328 2324 2313
f 2329 2325 2324
f 2331 2332 2333
f 2330 2333 2267
f 2325 2330 2266
f 2329 2331 2330
f 2333 2334 2335
f 2336 2334 2333
f 2338 2336 2332
f 2331 2339 2337
f 2329 2340 2339
f 2328 2341 2340
f 2316 2342 2341
f 2342 2316 2315
f 2344 2345 2346
f 2341 2344 2347
f 2342 2348 2344
f 2348 2349 2345
f 2350 2351 2352
f 2339 2350 2353
f 2340 2347 2350
f 2347 2346 2351
f 2337 2353 2354
f 2353 2352 2355
f 2356 2277 2276
f 2356 2357 2358
f 2356 2359 2296
f 2279 2277 2356
f 2360 2361 2270
f 2267 2335 2360
f 2362 2363 2364
f 2362 2365 2361
f 2366 2362 2358
f 2366 2367 2363
f 2357 2276 2368
f 2366 2368 2369
f 2276 2275 2370
f 2368 2370 2282
f 2372 2373 2374
f 2375 2376 2377
f 2378 2379 2380
f 2382 2378 2381
f 2384 2385 2378
f 2385 2386 2379
f 2388 2389 2390
f 2387 2390 2392
f 2393 2394 2387
f 2394 2395 2388
f 2186 2401 2402
f 2403 2404 2327
f 2272 2403 2326
f 2271 2405 2403
f 2405 2406 2404
f 2404 2407 2408
f 2409 2410 2411
f 2409 2412 2271
f 2413 2409 2269
f 2413 2414 2410
f 2417 2415 2416
f 2417 2418 2406
f 2412 2417 2405
f 2411 2415 2417
f 2406 2419 2407
f 3569 3520 632
f 2420 2398 2397
f 2420 2421 2423
f 2424 2420 2422
f 2424 2399 2398
f 2425 2391 2392
f 2421 2425 2426
f 2397 2396 2425
f 2396 2393 2391
f 2427 2314 2408
f 2430 2427 2428
f 2343 2315 2427
f 2432 2343 2430
f 2431 2430 2429
f 2435 2431 2433
f 2436 2432 2431
f 2428 2408 2407
f 2422 2437 2407
f 2438 2437 2422
f 2429 2428 2437
f 2440 2434 2433
f 2441 2439 2433
f 2442 2443 2439
f 2443 2444 2440
f 2445 2446 2444
f 2447 2445 2443
f 2383 2381 2445
f 2381 2380 2446
f 2448 2438 2423
f 2449 2448 2426
f 2441 2448 2449
f 2441 2429 2438
f 2449 2392 2390
f 2450 2390 2389
f 2447 2450 2451
f 2442 2449 2450
f 2451 2389 2453
f 2452 2453 2455
f 2382 2452 2454
f 2383 2451 2452
f 2456 2457 2373
f 2459 2460 2461
f 2463 2464 2465
f 2462 2465 2285
f 2466 2462 2284
f 2467 2463 2462
f 2461 2460 3703
f 2468 2469 2470
f 2472 2468 2471
f 2474 2461 3701
f 2475 2476 2477
f 2458 2455 2453
f 2479 2453 2389
f 2395 2480 2479
f 2480 2459 2458
f 2481 2482 2483
f 2484 113 2485
f 2471 2470 2464
f 2473 2471 2463
f 2487 2467 2466
f 2486 2466 2290
f 2490 2486 2488
f 2491 2487 2486
f 2492 2473 2467
f 2493 2492 2487
f 2494 2495 2492
f 2495 2472 2473
f 3690 2496 2474
f 3691 2497 2496
f 2498 2494 2493
f 2500 2498 2499
f 3700 3687 2498
f 3687 3691 2494
f 2306 2504 2278
f 2305 2505 2504
f 2504 2505 2507
f 2506 2507 2288
f 2274 2506 2508
f 2278 2504 2506
f 3633 3632 2489
f 3620 3633 2488
f 2507 2509 2289
f 2505 2510 2509
f 2508 2288 2287
f 2511 2287 2281
f 2370 2511 2280
f 2275 2508 2511
f 2512 2490 2489
f 2514 2512 2513
f 2517 2512 2514
f 2517 2491 2490
f 2499 2493 2491
f 2499 2517 2516
f 2510 2505 2519
f 2518 2519 2521
f 3616 2518 2520
f 3632 2510 2518
f 2522 2304 2303
f 2523 2522 2310
f 2305 2304 2522
f 2524 2522 2523
f 2519 2524 2525
f 2505 2305 2524
f 2308 2312 2527
f 2526 2527 2529
f 2531 2526 2528
f 2309 2308 2526
f 1214 2532 2151
f 2419 2406 2418
f 2533 2345 2349
f 2534 2533 2317
f 2535 2536 2533
f 2536 2346 2345
f 2537 2351 2346
f 2538 2537 2536
f 2539 2540 2537
f 2540 2352 2351
f 2312 2355 2541
f 2527 2541 2542
f 2543 2435 2434
f 2545 2543 2544
f 2319 2318 2543
f 2318 2436 2435
f 2514 2515 2548
f 2547 2548 2550
f 2552 2547 2549
f 2552 2516 2514
f 2520 2521 2554
f 2553 2554 2556
f 3590 2553 2555
f 3621 2520 2553
f 2523 2309 2531
f 2557 2531 2530
f 2525 2523 2557
f 2559 2557 2558
f 2554 2559 2560
f 2521 2525 2559
f 2561 2375 2007
f 2376 2562 2225
f 2564 2565 2566
f 2563 2566 338
f 2569 2563 2567
f 2570 2564 2563
f 2572 2573 2574
f 2571 2574 2576
f 2544 2571 2575
f 2544 2434 2572
f 2578 2570 2569
f 2579 2577 2569
f 2574 2577 2579
f 2573 2578 2577
f 2581 2582 2583
f 2584 2580 2583
f 3697 3675 2580
f 3676 2581 2580
f 2582 2516 2552
f 2583 2552 2551
f 2500 2501 2589
f 2590 2588 2589
f 3693 3695 2588
f 3695 3700 2500
f 2501 2516 2591
f 2592 2593 2594
f 2386 2385 2503
f 2596 2379 2386
f 2596 2374 2373
f 2599 2596 2597
f 2599 2380 2379
f 2600 2446 2380
f 2600 2599 2598
f 2603 2600 2601
f 2603 2444 2446
f 2604 2603 2602
f 2440 2604 2605
f 2444 2603 2604
f 2606 2582 2581
f 2606 2607 2590
f 2591 2516 2582
f 3676 2587 2456
f 3689 2456 2372
f 2478 2477 2608
f 2609 2610 2611
f 2564 2570 2613
f 2612 2613 2598
f 2457 2612 2597
f 2565 2564 2612
f 2614 2613 2570
f 2615 2614 2578
f 2602 2601 2614
f 2601 2598 2613
f 2572 2434 2605
f 2616 2605 2602
f 2573 2572 2616
f 1459 1016 1045
f 1265 1215 1079
f 1612 1608 1609
f 2067 2057 2069
f 1135 1109 1136
f 1938 1937 2618
f 95 548 458
f 2058 1607 1608
f 1454 1469 1445
f 655 2620 1048
f 722 1049 2621
f 1131 985 1033
f 562 1481 366
f 1723 1719 1725
f 1786 1123 1122
f 267 300 323
f 1325 2034 1654
f 1468 1165 1435
f 658 657 529
f 8 532 247
f 382 1557 1559
f 788 619 1307
f 940 930 929
f 911 2622 2623
f 2621 2620 655
f 2624 1857 2625
f 998 1846 27
f 635 638 2626
f 2627 641 644
f 2628 2627 1840
f 1200 1199 2627
f 1199 1773 641
f 1520 515 49
f 1452 1350 1349
f 2630 2631 1859
f 644 643 1335
f 1197 1198 717
f 2632 717 719
f 2628 2632 1166
f 2629 1197 2632
f 1762 2633 1050
f 1823 870 873
f 2634 2635 794
f 1042 794 2635
f 93 94 1901
f 2036 2038 1458
f 1527 332 1525
f 877 876 1274
f 134 409 797
f 1328 893 931
f 607 777 1091
f 1043 2635 2637
f 2636 2637 2639
f 1275 2636 2638
f 1275 1040 1043
f 1272 2624 2626
f 2640 2626 638
f 1110 2641 2640
f 536 1272 2640
f 1472 708 1474
f 2042 2030 1951
f 1058 1106 1105
f 2642 2623 2643
f 1192 2642 2644
f 912 2623 2642
f 3898 1657 3526
f 1049 1048 2620
f 616 1829 1885
f 1331 1913 666
f 990 989 1198
f 1911 1912 321
f 1298 1282 1205
f 76 1490 1504
f 1502 1500 421
f 610 609 658
f 1146 937 659
f 2646 911 914
f 1280 1239 1238
f 1453 1454 1452
f 835 942 1843
f 1271 1270 1173
f 1893 1878 1826
f 1050 2633 1937
f 2651 2652 814
f 1006 1053 1281
f 2653 1084 2654
f 1001 1004 1003
f 585 997 679
f 2624 1272 621
f 555 678 2028
f 1207 526 1197
f 1626 1627 478
f 426 389 419
f 1030 1193 1773
f 3898 645 634
f 534 1533 138
f 1125 1092 1042
f 333 228 88
f 569 1570 561
f 1489 2656 871
f 1857 2624 620
f 1673 1674 3770
f 622 861 864
f 619 788 891
f 261 544 545
f 393 1555 1556
f 2658 2659 2647
f 1075 2658 2657
f 1081 1080 2658
f 1080 1139 2659
f 2644 2643 1141
f 2660 1141 1140
f 642 2660 1336
f 1193 2644 2660
f 679 678 555
f 1503 1501 1500
f 1318 1317 1101
f 2661 2659 1139
f 2661 1142 2663
f 2662 2647 2659
f 2662 2663 2622
f 2664 2622 911
f 2648 2664 2646
f 2648 2647 2662
f 2083 2094 2093
f 1442 1440 1437
f 519 329 330
f 1885 2029 1209
f 799 800 805
f 1946 1943 1952
f 1302 1301 1253
f 566 2005 224
f 1389 940 928
f 683 682 681
f 836 835 1842
f 2665 1842 1845
f 2666 2665 1303
f 24 836 2665
f 831 1072 2650
f 1845 1844 1304
f 2010 2013 2012
f 1051 1936 2667
f 1522 1521 1511
f 531 440 441
f 1250 635 2625
f 2669 2625 1857
f 783 2669 1856
f 782 1250 2669
f 720 2670 2671
f 1055 1931 1930
f 1333 1067 1251
f 619 622 1308
f 652 655 2619
f 521 522 1539
f 1838 988 537
f 2672 537 536
f 1113 2672 2641
f 1113 527 1838
f 1016 1013 1351
f 3897 573 570
f 226 227 104
f 3564 3669 3827
f 1036 1037 1884
f 2674 1301 1304
f 2673 1304 1844
f 1334 2673 2675
f 1333 2674 2673
f 2676 702 1039
f 1843 2676 2675
f 942 1074 2676
f 1074 699 702
f 752 1057 1055
f 1200 1166 656
f 1120 1846 874
f 2677 874 877
f 1241 2677 1052
f 1119 1120 2677
f 1560 1513 151
f 1208 1316 611
f 215 735 736
f 1460 1459 1462
f 1208 1207 1839
f 854 856 1282
f 72 445 182
f 544 1563 1565
f 217 200 456
f 2047 1404 930
f 1204 2618 1937
f 913 777 686
f 840 527 1113
f 1531 729 730
f 2678 778 1283
f 601 667 1914
f 1537 1538 459
f 1819 1757 3509
f 991 1860 862
f 2679 711 1073
f 2680 1830 983
f 779 2680 2256
f 778 2678 2680
f 2678 2679 1830
f 180 542 245
f 1886 1132 1131
f 1138 1137 1274
f 1841 598 1140
f 75 313 314
f 193 423 420
f 2681 2682 1099
f 170 1567 1565
f 349 416 417
f 1121 1124 2684
f 547 797 409
f 123 122 121
f 2643 2663 1142
f 1542 1544 513
f 899 900 907
f 1210 677 676
f 791 663 982
f 24 27 837
f 893 896 932
f 1860 1320 863
f 535 538 862
f 1569 1548 1547
f 181 455 542
f 660 659 937
f 2013 567 568
f 887 890 2631
f 1524 1508 361
f 520 161 162
f 2653 855 854
f 1238 1237 2655
f 718 1838 527
f 1492 1493 518
f 792 616 615
f 599 846 1835
f 290 457 456
f 312 171 1552
f 1248 2687 1179
f 153 149 177
f 1240 1181 1222
f 1257 1292 1235
f 1291 1084 1083
f 1052 877 1277
f 743 742 2618
f 444 140 430
f 23 1224 1172
f 2687 2654 1180
f 102 103 409
f 1283 607 610
f 373 497 650
f 1180 2654 1084
f 855 2653 2655
f 1173 1270 1917
f 2689 850 853
f 2688 853 1108
f 2686 2688 1279
f 2687 2689 2688
f 2691 1302 1252
f 2690 1252 850
f 1248 2690 2689
f 1248 1247 2691
f 2692 617 24
f 2691 2692 2666
f 1247 1258 2692
f 1258 1168 617
f 394 1554 1555
f 2693 1260 1259
f 1072 1236 1262
f 1257 1071 1168
f 398 439 1555
f 871 1784 1314
f 1178 1232 1249
f 1224 1289 1173
f 1010 2617 2618
f 1175 1174 1292
f 2654 2687 2686
f 2694 1157 1216
f 71 418 1487
f 701 1112 1111
f 1072 1261 2649
f 1085 2695 22
f 895 2694 1264
f 1601 1606 1605
f 1259 1262 1271
f 21 20 1220
f 988 991 538
f 598 597 1336
f 1050 860 818
f 1298 2645 1761
f 1168 1167 618
f 858 1168 1256
f 39 242 516
f 2652 1761 819
f 313 316 315
f 2026 1970 1971
f 2656 1489 596
f 814 819 818
f 2696 2651 813
f 1260 2696 2649
f 2693 2697 2696
f 2697 1296 2651
f 381 355 390
f 3818 3819 1611
f 1475 1427 1428
f 1292 1174 1917
f 1551 353 354
f 1526 1525 1523
f 1593 1589 1595
f 1232 1269 1246
f 2695 2693 1223
f 2698 1297 1296
f 2698 2697 2693
f 2685 2698 2695
f 2685 854 1297
f 562 1497 271
f 2652 2651 1296
f 1365 1366 1364
f 1958 1946 1953
f 585 588 2210
f 1561 1560 1515
f 975 2648 1146
f 347 67 68
f 1038 1111 636
f 2700 781 780
f 2699 780 1036
f 2701 2699 1883
f 851 2700 2699
f 2674 1333 2251
f 2702 2251 781
f 1253 2702 2700
f 1301 2674 2702
f 1519 387 388
f 1273 1239 1280
f 2703 1280 1107
f 2701 2703 852
f 1829 1273 2703
f 91 260 326
f 1784 871 2656
f 2683 2684 2705
f 604 1894 3499
f 1669 3534 3548
f 2062 2063 2060
f 621 535 861
f 2023 731 732
f 686 779 1263
f 857 1051 2668
f 883 830 882
f 637 636 1111
f 2668 894 893
f 2667 921 894
f 1039 1038 1068
f 313 75 1504
f 1911 1972 305
f 1936 2706 1964
f 2707 2402 2401
f 2708 2707 2183
f 738 2163 2116
f 2349 2348 2432
f 2711 2712 2020
f 2400 2711 2019
f 2714 2715 2716
f 2717 2718 2719
f 2721 2722 2723
f 2726 2727 2728
f 2725 2728 2730
f 2731 2725 2729
f 2732 2726 2725
f 2734 2735 2736
f 2738 2739 2740
f 2737 2740 2741
f 2744 2745 2746
f 2745 2744 2748
f 2749 2750 2747
f 2753 2749 2751
f 2250 1380 2246
f 2754 1396 1614
f 3598 2754 2755
f 3608 2745 2747
f 1617 2756 2755
f 2242 2758 1620
f 2191 2085 2760
f 2761 2759 2760
f 3648 2759 2761
f 3623 2191 2759
f 3209 3248 3223
f 1395 1394 2236
f 1395 2235 1636
f 1616 1635 2229
f 1617 2234 2763
f 2756 2763 3628
f 2765 2763 2234
f 2766 2764 3628
f 3202 3199 3246
f 1516 437 435
f 2768 2769 3552
f 1495 541 578
f 2135 2136 28
f 3526 3540 2773
f 1690 1689 3926
f 2778 2779 2780
f 2777 2780 2781
f 2784 2778 2777
f 3555 3521 575
f 1494 1904 9
f 3529 2016 2015
f 451 61 505
f 2786 2787 2788
f 2779 2786 2785
f 2789 2752 2741
f 2790 2753 2752
f 2792 2793 2794
f 2793 2795 2796
f 2796 2797 2750
f 2794 2796 2749
f 2798 1393 1396
f 3591 2798 2754
f 2798 2799 2800
f 3591 3662 2799
f 2797 2796 2795
f 2791 2794 2753
f 216 233 232
f 3804 2806 2807
f 3805 2809 2804
f 2769 2810 3557
f 183 185 184
f 2811 2812 2775
f 2804 2811 2776
f 2809 2813 2811
f 2812 2811 2813
f 3805 2808 2816
f 3796 2818 2815
f 3798 3800 2820
f 3793 2823 2819
f 2824 2736 2735
f 2823 2825 2824
f 2825 2823 2826
f 3793 2822 2827
f 3796 2817 2826
f 2713 2716 2829
f 2828 2829 2831
f 2822 2821 2828
f 2821 2820 2713
f 2832 2827 2822
f 2833 2832 2830
f 2834 2835 2832
f 2835 2818 2827
f 2837 2838 2839
f 2836 2839 2841
f 2842 2836 2840
f 2843 2837 2836
f 2840 2841 2845
f 2718 2844 2845
f 2730 2728 2844
f 2727 2840 2844
f 2846 2845 2841
f 2829 2846 2847
f 2847 2841 2839
f 2848 2839 2838
f 2833 2848 2849
f 2831 2847 2848
f 2850 2814 2851
f 2853 2850 2852
f 2783 2777 2782
f 2785 2788 2853
f 2780 2785 2856
f 2857 2858 2855
f 2859 2857 2782
f 2861 2843 2842
f 2860 2842 2727
f 2862 2860 2726
f 2863 2861 2860
f 2861 2863 2858
f 2843 2861 2857
f 2856 2853 2854
f 2781 2856 2864
f 2837 2843 2859
f 2838 2837 2864
f 2852 2851 2834
f 2854 2852 2849
f 2865 2815 2818
f 2851 2865 2835
f 2813 2809 2815
f 2814 2813 2865
f 2866 2812 2814
f 2788 2866 2850
f 2866 2788 2787
f 2812 2866 2867
f 1892 1889 1890
f 2720 2719 2846
f 298 299 256
f 2872 2714 2713
f 3794 3800 2735
f 2729 2730 2874
f 2846 2716 2715
f 2876 2877 2878
f 2733 2875 2878
f 3806 3807 2879
f 3806 2880 2872
f 2882 2883 2884
f 2881 2884 2715
f 2880 2881 2714
f 2879 2882 2881
f 2885 2886 2887
f 2888 2889 2890
f 2885 2890 2892
f 2893 2886 2885
f 1942 2151 2532
f 2895 2892 2720
f 2884 2895 2870
f 2883 2896 2895
f 2896 2891 2892
f 2889 2874 2717
f 2890 2717 2720
f 2897 2893 2891
f 2898 2897 2896
f 2899 2898 2883
f 2900 2899 2882
f 3797 2900 2879
f 2876 2902 2901
f 2901 2902 2904
f 1785 2656 1835
f 2905 2906 2899
f 2907 2908 2897
f 3797 2901 2903
f 632 576 577
f 3532 3547 2867
f 434 385 550
f 2768 2770 3640
f 2910 2911 1623
f 2241 2912 2758
f 3640 2770 2913
f 1623 2911 2757
f 3587 2242 2757
f 2229 1381 1380
f 2765 1630 1629
f 2915 2914 1629
f 3642 3641 2914
f 3641 3622 2765
f 2919 2916 3642
f 2918 2915 2912
f 3614 2918 2241
f 3618 2919 3613
f 3541 2177 2180
f 3521 2002 2188
f 3705 3573 714
f 2925 2766 2917
f 2924 2917 2916
f 3610 2924 2919
f 3611 2925 2924
f 2926 2927 2766
f 3658 2926 2925
f 1715 1713 1705
f 785 497 498
f 1387 651 565
f 374 375 1899
f 3573 2203 2206
f 2929 2930 2886
f 2932 2933 2934
f 1905 1906 1908
f 2930 2935 2936
f 2938 2935 2930
f 1493 369 517
f 1603 1585 1586
f 2939 2938 2929
f 2940 2939 2908
f 3665 1707 1600
f 2886 2930 2937
f 2906 2907 2898
f 2908 2929 2893
f 2942 2934 2933
f 2941 2933 2937
f 3501 2941 2936
f 3498 2942 2941
f 2943 2944 2710
f 2943 2873 2874
f 2945 2943 2889
f 2946 2944 2943
f 2932 2945 2888
f 2931 2946 2945
f 727 1928 1929
f 2903 2904 2947
f 545 594 42
f 1480 1570 533
f 2907 2906 2949
f 2906 2905 2950
f 1558 452 215
f 3799 2903 2948
f 2054 1645 1644
f 3705 3684 2203
f 1828 1837 1849
f 2953 2954 2955
f 2952 2955 2957
f 2956 2261 2258
f 2953 2952 2258
f 2454 2455 2474
f 3747 2958 2959
f 3747 2132 2131
f 2961 2962 2963
f 2958 2963 2964
f 222 221 2485
f 2477 2226 2966
f 2631 2561 2006
f 2384 2454 2496
f 2967 2968 2959
f 2968 2967 2970
f 3759 2033 2971
f 3784 2971 2960
f 2972 2971 2033
f 2007 2377 2973
f 3560 3559 2134
f 1836 1833 1832
f 3506 2188 2090
f 955 810 959
f 672 675 674
f 633 710 713
f 2024 732 733
f 2025 2024 803
f 425 1552 1550
f 2975 2976 888
f 1319 1158 1157
f 1212 1935 2977
f 889 957 2228
f 1978 1974 1975
f 1138 1078 1329
f 751 665 2979
f 1619 1613 1625
f 2252 2255 1728
f 1157 1160 845
f 2706 1936 1938
f 2980 2255 2254
f 2982 2975 887
f 802 712 711
f 678 677 2029
f 527 840 690
f 1839 1207 2629
f 2983 2984 602
f 2983 1914 1913
f 2985 2983 1331
f 2986 2984 2983
f 2987 2637 2635
f 2985 2988 2639
f 2990 1319 1318
f 2991 2992 2993
f 2995 2991 2994
f 1106 1058 2991
f 1058 1057 2992
f 1415 1406 1365
f 1317 922 2217
f 1932 1728 2255
f 926 2998 2999
f 3001 2993 2992
f 3000 2992 1057
f 2999 3000 2978
f 2998 3001 3000
f 3002 2998 2209
f 3002 3003 2996
f 2993 3001 3002
f 1103 1106 2995
f 3004 2995 2996
f 2209 2210 3004
f 588 1103 3004
f 295 296 433
f 2638 2639 2988
f 3005 2988 1056
f 1305 3005 1930
f 1276 2638 3005
f 1987 1968 1993
f 2633 1762 1761
f 1423 1422 1417
f 3561 3517 739
f 2671 2670 2704
f 1473 1872 2035
f 922 1317 2694
f 1401 1400 1378
f 556 2028 1884
f 842 848 3825
f 1854 2706 2617
f 933 1082 1081
f 1440 1441 1436
f 529 657 719
f 1031 1025 1027
f 777 913 912
f 2645 1205 1204
f 441 438 1538
f 790 1287 587
f 2065 2066 1610
f 1860 991 990
f 60 106 87
f 1424 1017 1948
f 332 1527 1507
f 261 262 138
f 187 188 449
f 1719 1720 1726
f 1931 1055 1059
f 3006 1059 1105
f 1287 3006 1104
f 1286 1931 3006
f 3007 3008 3009
f 3009 3008 653
f 618 999 26
f 2029 677 1210
f 957 601 600
f 1049 2146 2228
f 2631 890 3011
f 890 889 2227
f 3011 2227 2145
f 2561 3011 3012
f 1026 656 609
f 2706 1854 1961
f 3013 2965 2485
f 2148 2147 1267
f 3015 1267 1266
f 2997 2264 1101
f 642 641 1773
f 186 477 461
f 1041 1040 1320
f 1121 3016 3017
f 2984 2986 2987
f 3018 2987 2634
f 1048 603 3018
f 603 602 2984
f 2679 2678 801
f 2062 2072 2074
f 2061 2074 2076
f 414 303 1545
f 3016 1121 2683
f 3019 2683 2704
f 3020 3019 2670
f 3007 3016 3019
f 1871 1090 1091
f 3021 1787 1122
f 3022 3021 3017
f 1314 3021 3022
f 1784 1787 3021
f 1316 1315 1763
f 3023 3022 3010
f 3023 3009 795
f 1763 3023 1092
f 1315 3022 3023
f 3016 3007 3010
f 752 751 2978
f 2986 2639 2637
f 3024 654 653
f 3020 3024 3008
f 720 723 3024
f 723 2621 654
f 2681 1098 1268
f 2671 3025 1268
f 2705 2681 3025
f 1313 3026 3027
f 3026 3028 3029
f 3027 3029 3030
f 1311 3027 3031
f 2012 568 731
f 917 2657 974
f 743 1206 856
f 1888 2027 2030
f 2682 2705 2684
f 3032 2684 1124
f 1100 3032 2989
f 1099 2682 3032
f 1123 2990 2989
f 3033 1834 1159
f 2990 3033 1158
f 1123 1786 3033
f 1786 1785 1834
f 1054 1056 2988
f 2979 665 664
f 2623 2622 2663
f 1095 660 688
f 3034 3035 2261
f 3036 3034 2956
f 3037 3038 3034
f 3038 3039 3035
f 3040 3041 3026
f 2263 3042 3041
f 3042 3039 3043
f 3041 3043 3028
f 3044 3045 3043
f 3046 3047 3045
f 3047 3048 3049
f 3043 3045 3049
f 3038 3037 3051
f 3050 3051 3053
f 3052 3046 3044
f 3039 3038 3050
f 3054 3035 3039
f 3042 2263 2262
f 2261 3035 3054
f 2216 2263 2997
f 2212 2211 2667
f 3056 868 2209
f 934 3057 1961
f 2013 3755 3757
f 3058 3059 3060
f 3059 3062 3063
f 3060 3063 2213
f 3061 3060 1963
f 3063 3064 2214
f 3062 3065 3064
f 3065 2257 2260
f 3064 2260 2215
f 3066 3067 3031
f 2608 2966 3067
f 2966 2562 3068
f 3031 3067 3068
f 2455 2458 2461
f 2476 2223 2226
f 3551 2090 2089
f 3526 2774 3769
f 433 354 355
f 2115 1423 1419
f 3509 2868 2922
f 3769 3737 2131
f 3069 2611 2167
f 2971 2972 2928
f 2961 2774 2773
f 3070 2475 2478
f 2610 2609 3071
f 2502 2371 2374
f 3072 2592 2595
f 2964 3046 3052
f 3048 2593 3074
f 2593 2592 3075
f 3075 3030 3029
f 3074 3029 3028
f 3072 3076 3075
f 3076 3072 2482
f 2481 2608 3066
f 3076 3066 3030
f 2967 3052 3053
f 2482 3072 3073
f 479 480 493
f 706 3900 3873
f 3561 2194 2221
f 2013 2010 3754
f 3533 2032 2016
f 3562 3519 2222
f 1171 1154 1155
f 2586 2566 2565
f 2982 110 113
f 2562 2376 3077
f 2376 2375 3012
f 3012 2145 2148
f 3077 2148 3015
f 2963 3047 3046
f 3051 3078 2970
f 1683 2173 491
f 3850 2122 1447
f 1986 2181 3734
f 3079 3080 2546
f 3081 3079 2575
f 1983 1986 3768
f 3082 2323 2319
f 3080 3082 2545
f 3734 3732 3082
f 3732 3748 2323
f 1309 1471 1888
f 3073 2595 2772
f 2760 3083 3084
f 2760 2085 2088
f 3085 3084 3086
f 3089 3085 3090
f 3089 2762 3084
f 3092 3088 3090
f 3093 2748 2744
f 2751 2747 2748
f 3093 2741 2752
f 2742 2741 3093
f 3094 3093 2743
f 3096 3097 3098
f 3099 3096 3087
f 3097 3094 3095
f 3100 2743 2746
f 3101 2927 3102
f 2764 2766 2927
f 2745 2764 3101
f 3102 3092 3091
f 3100 3091 3095
f 2869 2802 3592
f 3102 3103 3104
f 3658 2868 2869
f 2927 2926 3103
f 3098 3095 3091
f 3087 3098 3090
f 2088 2125 3105
f 3083 3105 3086
f 2483 3073 2771
f 2401 2186 2185
f 3099 3086 3105
f 2125 2207 3106
f 3108 2737 2742
f 3107 2742 3094
f 3110 3108 3107
f 3109 3107 3097
f 3111 3109 3096
f 3112 3110 3109
f 3113 2738 2737
f 3115 2723 2722
f 3117 3115 3114
f 3119 3117 3116
f 3118 3116 3120
f 3116 3114 3113
f 3122 3112 3111
f 3122 3123 1755
f 3124 3125 3126
f 3125 3118 3121
f 3128 3119 3118
f 3129 3128 3125
f 2020 2712 3128
f 3853 3857 1346
f 1065 1046 1047
f 1814 3838 3830
f 2021 2020 3129
f 3111 3099 3106
f 3123 3106 2207
f 2377 2225 2224
f 3014 2485 113
f 1756 2208 3782
f 3131 3132 2530
f 3133 3131 2528
f 1753 1756 3767
f 3134 3124 3127
f 2327 2408 2314
f 2436 2318 2317
f 2018 2021 3711
f 2534 3136 3137
f 2320 2322 3136
f 2185 2018 3712
f 3138 3139 2542
f 3134 3135 3744
f 3785 3130 3134
f 3140 3138 2539
f 2535 3137 3140
f 3711 2021 3130
f 2558 2530 3132
f 3782 3760 3141
f 2560 2558 3141
f 3760 3777 3142
f 958 888 2976
f 1933 1932 2980
f 2399 2424 2418
f 2348 2342 2343
f 2322 2320 2319
f 2718 2717 2874
f 2709 2729 2873
f 2894 2871 1361
f 346 289 176
f 1876 1877 1882
f 2802 2803 3607
f 3104 3144 3088
f 2974 2222 3649
f 3089 3145 2761
f 3088 3144 3145
f 2803 2974 3603
f 3870 3909 692
f 2123 1419 1418
f 1365 1363 1368
f 1581 1766 1782
f 3569 2202 2129
f 3555 2003 2002
f 3146 2585 2551
f 3751 3146 3147
f 3742 3149 3146
f 3149 2584 2585
f 3196 3198 3197
f 3604 2192 2191
f 3142 3150 2556
f 3777 3778 3150
f 3646 3152 2550
f 3150 3151 2555
f 3778 3780 3151
f 3788 3781 3152
f 3153 3147 2551
f 3152 3153 2549
f 3781 3776 3153
f 3776 3750 3147
f 3148 2767 2206
f 2183 2401 2321
f 2132 2960 2928
f 3684 3685 2204
f 3719 2198 2197
f 2594 2962 2773
f 2595 2594 2951
f 1870 798 799
f 3713 2179 2178
f 3706 2178 3736
f 336 3154 3774
f 339 3155 3154
f 3789 3683 3149
f 3683 3697 2584
f 2963 2962 3048
f 3722 3730 337
f 339 338 2566
f 3156 3157 2168
f 2610 3156 2167
f 2954 2953 3156
f 3157 3156 2953
f 3707 2166 2169
f 2567 3158 3159
f 337 3158 2567
f 3730 3069 2166
f 3764 2190 1983
f 2579 3160 3081
f 2568 3159 3160
f 3709 2169 2190
f 3065 3062 3162
f 3161 3162 1984
f 3157 3161 2189
f 2257 3065 3161
f 734 735 1922
f 3059 3058 2708
f 3163 2708 2182
f 3162 3163 1985
f 3062 3059 3163
f 3203 3206 3205
f 2122 2119 1448
f 3817 1686 1685
f 139 140 444
f 1570 569 566
f 2957 3164 3165
f 2955 3166 3164
f 1912 454 341
f 3130 3129 3124
f 1548 322 319
f 1949 1950 1327
f 2969 2970 3078
f 3167 3078 3169
f 3724 2014 2017
f 3720 2017 2033
f 3168 3169 3165
f 3170 3165 3164
f 3779 3170 3171
f 3724 3168 3170
f 3171 3164 3166
f 3172 3166 3071
f 3752 3172 3173
f 3756 3171 3172
f 3169 3037 3036
f 2593 3048 2962
f 3173 3071 2609
f 3174 2609 2199
f 3783 3174 2198
f 3749 3173 3174
f 2190 2189 1984
f 2196 2195 2767
f 2119 2120 1414
f 1464 1463 1466
f 2199 2611 3069
f 2457 2456 2587
f 2226 2225 2562
f 481 478 1627
f 333 1512 235
f 3078 3051 3037
f 3040 2264 2997
f 2219 1934 1933
f 2385 2384 2497
f 221 2220 3175
f 2220 1933 3143
f 3175 3143 2976
f 2484 3175 2975
f 2954 3071 3166
f 2630 1858 110
f 1547 319 1952
f 2091 2090 2188
f 3733 3736 2178
f 1918 1919 1927
f 3563 112 111
f 955 956 960
f 2037 3014 112
f 3143 2980 2981
f 2218 2211 2214
f 672 3877 3787
f 2152 3013 3014
f 1147 1144 1143
f 2248 2246 1409
f 1615 1636 1635
f 1410 1409 2246
f 3241 3243 3242
f 1382 3176 3177
f 3177 1410 2247
f 2247 1383 3177
f 3176 2238 2230
f 1410 3177 3179
f 3179 3180 2243
f 1633 3181 2800
f 1621 1620 2758
f 1622 1621 2245
f 2236 1394 3181
f 2237 2236 3182
f 2250 1631 2233
f 2912 1629 1628
f 135 136 1564
f 1567 419 512
f 1085 1084 2653
f 3184 869 868
f 869 3184 3057
f 1266 1268 1098
f 1267 2147 722
f 937 1146 2646
f 2146 1049 722
f 2211 2218 921
f 1957 510 507
f 1313 1312 2264
f 1496 362 1493
f 2887 2937 2933
f 1687 1688 1659
f 145 1499 1498
f 37 38 418
f 1935 1934 3185
f 104 89 301
f 2101 2098 2083
f 543 298 360
f 1934 2219 3186
f 234 1521 212
f 3845 3821 1822
f 1976 1875 1874
f 223 3186 2219
f 3655 3656 3605
f 2165 2164 467
f 467 468 2165
f 773 476 2165
f 1935 1212 1728
f 3240 3225 3226
f 3261 3249 3250
f 3215 3216 3244
f 3265 3221 3215
f 3267 3245 3198
f 3205 3206 3269
f 3214 3211 3265
f 3271 3213 3214
f 3251 3252 3239
f 3222 3221 3266
f 3232 3235 3234
f 3216 3242 3243
f 3196 3193 3268
f 3244 3243 3254
f 3238 3239 3247
f 3264 3244 3255
f 3253 3242 3216
f 3211 3266 3221
f 3257 3217 3218
f 3258 3222 3272
f 3274 3275 3280
f 3228 3229 3262
f 3275 3231 3281
f 3226 3227 3273
f 3236 3263 3260
f 3281 3263 3236
f 3287 3271 3192
f 3235 3226 3280
f 3234 3280 3281
f 3288 3290 3259
f 3260 3250 3276
f 3289 3212 3278
f 3210 3209 3224
f 3199 3202 3201
f 3228 3231 3230
f 3290 3288 3285
f 3282 3279 3271
f 3260 3263 3262
f 3243 3241 3268
f 3267 3268 3241
f 3194 3207 3208
f 3191 3270 3269
f 3270 3191 3192
f 3275 3274 3230
f 3264 3269 3270
f 3252 3251 3276
f 3248 3252 3291
f 3213 3271 3279
f 3272 3266 3289
f 3277 3278 3212
f 3228 3263 3281
f 3220 3225 3253
f 3219 3253 3217
f 3256 3218 3222
f 3247 3239 3252
f 3245 3267 3232
f 3266 3211 3212
f 3208 3205 3255
f 3288 3289 3284
f 3204 3205 3208
f 560 1899 3187
f 3209 3210 3201
f 3189 3192 3191
f 448 1980 807
f 647 648 122
f 1833 1848 1780
f 510 509 508
f 3210 1949 1887
f 1887 15 3200
f 15 16 3197
f 16 3188 3195
f 3195 3188 3187
f 3194 3187 1899
f 3207 1899 375
f 387 173 126
f 3189 1791 1760
f 3577 763 757
f 763 3577 2172
f 3583 3582 3580
f 3581 3580 3579
f 3594 3597 3596
f 3400 3601 3602
f 3626 3624 3625
f 3631 3635 3599
f 3636 3637 3595
f 3647 3584 3588
f 3650 3582 3584
f 3653 3579 3580
f 3653 2176 3654
f 1801 1864 3656
f 3651 3580 3582
f 3644 3638 3595
f 1767 1768 3659
f 1597 3663 3661
f 1708 1707 3665
f 3671 3668 3667
f 3666 3667 3673
f 1588 1708 3664
f 2080 3671 3666
f 2082 3666 3672
f 3674 3677 3635
f 3677 3678 3636
f 3682 3647 3645
f 3692 3651 3650
f 3681 3645 3644
f 786 3694 3692
f 3694 3653 3651
f 785 3692 3686
f 497 3686 3682
f 650 3682 3681
f 3696 564 3681
f 3405 3606 3605
f 3702 3699 3678
f 3699 3698 3679
f 3645 3588 3638
f 1799 3657 3659
f 3708 3704 3458
f 3462 3710 3708
f 3714 463 564
f 3615 3606 3602
f 3710 3714 3696
f 3635 3636 3596
f 3629 3626 3627
f 3597 3600 3599
f 3630 3716 3715
f 3627 3625 3597
f 3717 3716 3723
f 3715 3663 3660
f 3716 3717 3725
f 3668 3665 3661
f 3668 3725 3717
f 3667 3717 3718
f 3727 3728 3673
f 3728 1576 3672
f 3726 3727 3718
f 1576 2101 2084
f 3727 3726 3731
f 3203 376 1387
f 3190 1387 1791
f 3283 2152 1949
f 317 240 259
f 2000 2176 3653
f 3601 3599 3600
f 3589 3588 3584
f 3577 758 756
f 3585 3584 3582
f 3678 3679 3637
f 3204 375 376
f 1801 3655 3657
f 3729 3735 3728
f 1575 3735 3738
f 3735 1575 1576
f 1776 1795 1796
f 1293 1294 1290
f 1326 14 1327
f 1294 1245 1234
f 878 1244 1330
f 497 373 374
f 122 648 413
f 3699 3702 3704
f 3606 3405 3401
f 3708 3710 3698
f 3464 3714 3710
f 3704 3674 3443
f 439 398 399
f 1512 1528 1526
f 1668 1741 1738
f 839 849 1362
f 1362 1357 826
f 3843 740 1896
f 2053 2054 2118
f 3888 3887 2120
f 696 697 3816
f 1826 1878 639
f 3740 3739 3729
f 956 885 886
f 1980 806 1922
f 33 34 105
f 1343 1344 3856
f 3907 2127 2128
f 1766 1581 1582
f 14 1326 2163
f 595 98 99
f 3233 3238 3246
f 1346 1035 1044
f 748 1888 1425
f 3193 3208 3254
f 3190 3191 3206
f 3612 3605 3606
f 3624 3612 3615
f 3631 3415 3443
f 3679 3680 3644
f 3686 3650 3647
f 3702 3677 3674
f 3625 3615 3600
f 3601 3400 3415
f 3739 3738 3735
f 3630 3627 3594
f 3741 3723 3716
f 1284 1290 1288
f 3698 3696 3680
f 1778 1781 1780
f 1792 1759 1584
f 695 570 571
f 3638 3741 3594
f 3741 3638 3588
f 3247 3248 3209
f 3292 3293 3294
f 3296 3297 3298
f 3299 3298 3300
f 3302 3303 3304
f 3306 3307 3308
f 3307 3310 3311
f 3303 3302 3301
f 3312 3305 3304
f 3314 3315 3316
f 3318 3319 3320
f 3324 3318 3321
f 3326 3327 3328
f 3329 3330 3331
f 3333 3334 3335
f 3337 3338 3339
f 3333 3336 3341
f 3342 3341 3343
f 3319 3345 3344
f 3338 3335 3334
f 3346 3301 3302
f 3305 3348 3347
f 3312 3224 3223
f 3350 3337 3340
f 3312 3349 3348
f 3352 3343 3341
f 3311 3353 3354
f 3341 3336 3327
f 3359 3360 3361
f 3360 3359 3250
f 3318 3363 3345
f 3364 3363 3318
f 3314 3364 3324
f 3366 3299 3301
f 3299 3366 3367
f 3308 3354 3368
f 3369 3317 3295
f 3317 3369 3364
f 3370 3295 3317
f 3325 3371 3365
f 3352 3320 3319
f 3296 3367 3353
f 3297 3296 3311
f 3363 3368 3354
f 3345 3354 3353
f 3344 3353 3367
f 3366 3333 3342
f 3347 3339 3334
f 3339 3347 3348
f 3348 3349 3351
f 3363 3364 3369
f 3294 3309 3368
f 3293 3306 3309
f 3331 3373 3374
f 3346 3334 3333
f 3323 3322 3352
f 3356 3355 3321
f 3355 3357 3325
f 3357 3358 3371
f 3322 3356 3320
f 3361 3330 3329
f 3373 3372 3375
f 3374 3375 3376
f 3329 3332 3376
f 3327 3375 3372
f 3336 3335 3375
f 3335 3338 3376
f 3376 3338 3337
f 3337 3350 3359
f 3359 3350 3276
f 3377 3292 3295
f 3277 3316 3315
f 3371 3378 3379
f 3378 3371 3358
f 3365 3379 3315
f 3316 3277 3279
f 3282 3377 3370
f 3313 3283 3224
f 3378 3285 3284
f 3380 3286 3285
f 3379 3284 3278
f 3276 3350 3351
f 3291 3351 3349
f 3313 3304 2965
f 2965 3304 3303
f 222 3303 3300
f 223 3300 3298
f 3298 3297 3185
f 3297 3310 2977
f 3310 3307 1213
f 3307 3306 1214
f 2532 1214 3306
f 2894 2532 3293
f 2871 2894 3292
f 3253 3225 3240
f 3283 3313 3013
f 1997 1996 1889
f 1237 745 744
f 1535 1534 120
f 1531 1532 201
f 1119 1241 1032
f 946 948 824
f 163 8 5
f 3589 3726 3723
f 1155 1156 1162
f 427 213 327
f 553 1902 796
f 3381 2232 2231
f 3381 3178 2230
f 2237 3183 3180
f 3383 3384 3385
f 3384 3386 3387
f 3386 3388 3389
f 3388 3390 3391
f 3392 3393 3394
f 3395 3394 3396
f 3398 3399 3397
f 3400 3401 3399
f 3403 3404 3405
f 3406 3407 3404
f 3408 3409 3407
f 3410 3411 3409
f 3412 3413 3411
f 3415 3400 3398
f 3414 3398 3396
f 3416 3396 3394
f 3417 3394 3393
f 3393 3419 3420
f 3419 3390 3421
f 3390 3388 3422
f 3388 3386 3423
f 3386 3384 3424
f 3384 3383 3425
f 3425 3383 3426
f 2904 3427 3428
f 3429 3427 2904
f 3430 3429 2902
f 2875 3431 3430
f 3432 3433 2733
f 2825 3434 3435
f 3437 3438 3439
f 3441 3437 3436
f 2724 2723 3434
f 3436 3439 3115
f 3440 3436 3117
f 3443 3415 3414
f 3442 3414 3416
f 3444 3416 3417
f 3445 3417 3418
f 3446 3418 3420
f 3420 3421 3448
f 3421 3422 3449
f 3422 3423 3450
f 3423 3424 3451
f 3424 3425 3452
f 3425 3184 3056
f 3451 3452 2253
f 3450 3451 2252
f 3449 3450 1727
f 3448 3449 2150
f 3453 3447 3448
f 3454 3446 3447
f 3455 3445 3446
f 3456 3444 3445
f 3442 3444 3456
f 3443 3442 3457
f 3459 3460 3458
f 3457 3456 3455
f 3459 3455 3454
f 3462 3460 3459
f 3461 3454 3453
f 3464 3462 3461
f 3463 3453 1941
f 3404 3399 3401
f 3407 3397 3399
f 3409 3395 3397
f 3411 3392 3395
f 3465 3466 3413
f 3467 3468 3469
f 3465 3412 3431
f 3470 3467 3466
f 3438 3470 3432
f 3467 3470 3438
f 3468 3467 3437
f 3471 3469 3468
f 3472 3468 3441
f 3473 3441 3440
f 2712 3440 3119
f 3475 3471 3472
f 3474 3472 3473
f 3476 3473 2712
f 3477 3476 2711
f 3478 3474 3476
f 3479 3475 3474
f 3392 3411 3413
f 3466 3469 3480
f 3419 3393 3392
f 3390 3419 3480
f 3469 3471 3391
f 3389 3391 3471
f 3387 3389 3475
f 3385 3387 3479
f 3482 3477 2400
f 3483 3478 3477
f 3481 3479 3478
f 3484 3482 2402
f 3058 3484 2707
f 3061 3485 3484
f 3485 3483 3482
f 3382 3385 3481
f 3486 3481 3483
f 3426 3383 3382
f 3487 3382 3486
f 3486 3485 3061
f 1961 3057 3487
f 3057 3184 3426
f 3428 3403 3402
f 3427 3406 3403
f 3429 3408 3406
f 3430 3410 3408
f 3431 3412 3410
f 3470 3465 3433
f 3434 3439 3438
f 2723 3115 3439
f 2875 2733 3433
f 2736 2824 3435
f 2947 3428 3488
f 3464 3463 1360
f 1900 1925 1924
f 1736 1717 1718
f 1955 1952 1943
f 1671 1738 1735
f 1696 1750 1698
f 1800 1865 1864
f 2063 2055 2056
f 1737 1734 1717
f 1751 1735 1697
f 943 3885 3899
f 3656 3488 3402
f 1577 1578 1764
f 3917 1598 1599
f 1945 146 82
f 68 6 7
f 147 1542 1543
f 1109 1135 1133
f 1503 1910 1907
f 1499 1501 1909
f 452 1922 735
f 1824 2068 3835
f 1825 2067 2068
f 1463 1462 1022
f 841 1012 1009
f 1568 1547 1955
f 1910 1503 1502
f 1939 1502 422
f 309 280 1940
f 1804 1851 1866
f 269 1482 1954
f 2065 1607 2060
f 3812 1685 1758
f 280 276 552
f 1875 1873 1869
f 1739 1721 1734
f 1778 1779 1790
f 310 1920 1915
f 1909 1908 1906
f 1789 1783 1778
f 978 981 980
f 1584 1759 1731
f 425 426 311
f 148 1543 115
f 2044 3897 3894
f 277 1910 1939
f 1943 1946 1945
f 1461 1462 1463
f 2253 3452 3056
f 2981 2254 3489
f 2209 2998 3489
f 2254 2253 3055
f 2998 926 958
f 2826 2817 2721
f 3490 2739 2721
f 2816 3491 3490
f 2334 2297 2296
f 2298 2297 2334
f 2301 2298 2336
f 2311 2301 2338
f 2312 2311 2354
f 2359 2358 2361
f 2335 2296 2359
f 2414 2413 2365
f 2413 2270 2361
f 2355 2352 2540
f 2541 2540 2539
f 2722 2721 2739
f 3114 2722 2738
f 3110 3112 3121
f 3108 3110 3120
f 3122 1754 3127
f 3112 3122 3126
f 3127 1754 1753
f 3139 3133 2529
f 3744 3775 3133
f 3490 2789 2740
f 3491 2790 2789
f 228 229 91
f 245 244 243
f 248 7 247
f 2 297 296
f 145 146 300
f 327 213 210
f 329 332 331
f 239 241 240
f 373 376 375
f 178 177 176
f 1218 1225 1228
f 3862 1231 1295
f 808 809 824
f 3858 3859 1013
f 3813 3810 1411
f 2154 2149 2159
f 3845 3835 1758
f 306 807 1922
f 2157 2153 1976
f 708 709 2031
f 1450 1226 1227
f 1672 1604 1605
f 1813 1814 1821
f 1717 1716 1715
f 176 159 402
f 1710 1705 3916
f 1712 1580 1577
f 1705 1713 1711
f 971 978 979
f 822 823 1094
f 2909 2810 2793
f 2810 2769 2795
f 2799 2910 2249
f 3662 3643 2910
f 2769 2768 2801
f 3177 3176 3178
f 3178 3381 3180
f 3181 1394 1393
f 3181 1633 1632
f 3182 1632 2244
f 3183 2244 2243
f 3492 2791 2790
f 2808 3492 3491
f 2239 3574 3572
f 1149 1150 3571
f 1150 2009 3567
f 2202 3569 3566
f 2921 3564 3565
f 3568 3560 2133
f 1777 1579 1759
f 1201 1196 1183
f 3561 3554 2195
f 3553 3576 2770
f 3927 3925 1687
f 1516 152 154
f 3549 3562 2974
f 3550 3548 2779
f 2771 2772 3575
f 3070 2771 3546
f 3547 3544 2775
f 1376 1375 1370
f 2767 3543 3556
f 2195 3554 3543
f 2775 3544 3542
f 3377 3282 3545
f 3804 3802 3539
f 2776 3542 3538
f 2240 3572 3535
f 2920 3535 3669
f 3548 3534 2786
f 1805 1850 1851
f 3534 3532 2787
f 2951 2773 3540
f 2772 2951 3531
f 2973 2224 3530
f 2224 2223 3537
f 1957 1953 320
f 306 305 304
f 2770 3576 3528
f 2913 3528 3574
f 2923 3565 3527
f 308 1940 431
f 207 208 132
f 1879 1876 1881
f 3733 3787 3525
f 2475 3070 3558
f 2476 2475 3524
f 2223 2476 3523
f 3522 3549 2803
f 2037 3563 11
f 1959 1958 450
f 2003 3555 3520
f 9 10 334
f 2009 2008 3518
f 2008 2973 3536
f 3877 672 673
f 3515 3550 2778
f 2935 3514 3513
f 111 1149 3570
f 3510 3514 2935
f 683 3876 3885
f 3508 3557 2810
f 736 733 732
f 1795 1804 1803
f 3505 3510 2938
f 3507 3505 2939
f 2950 3512 3504
f 2940 2949 3504
f 3801 3791 3512
f 2868 3509 3502
f 2869 3502 3522
f 1024 1034 1023
f 3500 3503 2948
f 551 1939 442
f 2972 3499 3568
f 2032 3533 3499
f 216 93 1924
f 203 202 201
f 1828 1848 1847
f 1958 1957 449
f 272 271 178
f 2871 3545 3495
f 3619 3669 3564
f 2801 2768 3643
f 2005 3758 3654
f 960 886 899
f 3657 3655 3612
f 3780 3788 3646
f 3151 3646 3593
f 2193 3604 3623
f 3607 3603 3145
f 3603 3649 2761
f 3592 3607 3144
f 2926 3658 3634
f 3634 3592 3104
f 3755 3754 3746
f 566 567 3758
f 3488 3656 1864
f 1602 1586 2079
f 2868 3658 3611
f 2922 3611 3610
f 2923 3610 3618
f 3670 3613 2918
f 3619 3670 3614
f 2921 3618 3670
f 2920 3614 3586
f 3613 3642 2915
f 2917 2766 3622
f 2916 2917 3641
f 2239 3587 3652
f 2911 3640 3652
f 3643 3640 2911
f 2797 2801 3662
f 2797 3591 3598
f 3622 3628 2763
f 3608 3628 2764
f 2194 3623 3648
f 2221 3648 3649
f 2756 3608 3609
f 2750 3598 3609
f 3669 3535 1817
f 3763 3770 1691
f 2515 3621 3590
f 2548 3590 3593
f 2513 2489 3632
f 2513 3616 3621
f 2509 3633 3620
f 2510 3632 3633
f 2289 3620 3639
f 2283 3639 3617
f 2240 3586 3587
f 3659 3657 3624
f 716 2121 3887
f 727 1999 3761
f 2165 2171 2170
f 3660 3659 3626
f 3743 3581 3578
f 2175 2172 769
f 2100 500 2095
f 3758 567 3757
f 640 3560 3568
f 1653 3576 3553
f 1895 3536 3530
f 746 3530 3537
f 1653 1810 3528
f 3762 1603 1604
f 2093 2075 2073
f 959 996 995
f 962 899 919
f 1400 1401 1398
f 1000 817 1127
f 956 959 884
f 1662 3548 3550
f 2034 3558 3546
f 3926 1689 3539
f 3535 3572 766
f 3572 3574 765
f 334 3570 3571
f 1868 3531 3540
f 1684 1651 1652
f 1682 1683 775
f 1585 1603 3762
f 3763 3762 1672
f 2173 2174 490
f 1658 3544 3547
f 3556 3543 1650
f 1571 3754 2010
f 1587 3664 3671
f 2099 2095 2077
f 787 3761 1999
f 2000 3694 786
f 3155 339 3697
f 3713 3155 3683
f 2180 2179 3685
f 3496 2180 3684
f 1684 3846 3840
f 1760 464 3495
f 2607 3689 3693
f 2581 3676 3689
f 2371 2502 3700
f 2371 3695 3693
f 2587 3676 3675
f 2586 3675 3697
f 2497 3691 3687
f 2502 2503 3687
f 2494 3691 3690
f 3690 3688 2472
f 3688 3701 2468
f 3701 3703 2469
f 726 3908 3892
f 581 3567 3518
f 10 3511 3570
f 1837 3514 3510
f 741 3537 3523
f 1299 3524 3558
f 1851 3507 3504
f 3527 3565 1820
f 580 3518 3536
f 1758 1685 3522
f 1693 3557 3508
f 3504 3512 1867
f 1894 1826 3568
f 2126 1418 3813
f 3906 2126 3841
f 2113 3911 3867
f 2179 3713 3789
f 624 3903 3904
f 2192 3604 3788
f 2177 3541 3787
f 1364 3824 3833
f 3858 3855 1470
f 3135 1753 3775
f 2069 3812 3835
f 1351 3861 3853
f 2108 3882 3901
f 2089 2092 3736
f 3828 3834 1358
f 2001 3749 3783
f 2187 3783 3719
f 2130 3756 3752
f 2004 3752 3749
f 2014 3724 3779
f 2201 3779 3756
f 3167 3720 3759
f 3168 3724 3720
f 3159 3709 3764
f 3160 3764 3765
f 3730 3707 3158
f 3158 3707 3709
f 2200 3069 3730
f 3685 3789 3742
f 3722 3774 2197
f 3790 3736 2092
f 3774 3790 3721
f 3154 3706 3790
f 3155 3713 3706
f 2091 3719 3721
f 2196 3148 3750
f 2193 2196 3776
f 3604 2193 3781
f 2086 2192 3780
f 2087 2086 3778
f 2204 3742 3751
f 2205 3751 3750
f 3909 3886 574
f 2124 2087 3777
f 2208 2124 3760
f 3711 3785 3140
f 3785 3745 3138
f 3745 3744 3139
f 3771 3712 3136
f 3712 3711 3137
f 3775 3767 3131
f 3767 3782 3132
f 1813 3839 3838
f 1293 3854 3856
f 2184 2321 3748
f 2181 2184 3732
f 3765 3768 3079
f 3768 3734 3080
f 709 3873 3875
f 2774 2961 3737
f 3786 3769 2134
f 3809 3808 766
f 2968 3784 3766
f 2969 3759 3784
f 2958 3747 3737
f 2132 3747 3766
f 2321 2185 3771
f 3860 3848 1449
f 3905 3874 582
f 3886 3889 577
f 3847 3826 1818
f 705 3902 3887
f 3816 3912 3907
f 2111 3883 3911
f 3810 3829 1366
f 1812 3839 3822
f 675 3851 3852
f 3496 3705 3851
f 2110 3867 3868
f 2104 3896 3901
f 2109 3868 3899
f 3842 3831 703
f 1680 3811 3846
f 1639 1627 3819
f 623 3904 3906
f 2139 2140 3866
f 1808 1640 3844
f 3820 3821 1819
f 3872 3914 3900
f 1646 3832 3830
f 3889 3890 633
f 2139 3865 3875
f 2156 2155 3871
f 674 3852 3913
f 2117 3817 3812
f 1815 3822 3847
f 3855 3849 1444
f 697 3906 3912
f 866 842 3836
f 3864 3869 2136
f 3585 3731 3726
f 3583 3740 3731
f 3753 3746 3738
f 3740 3583 3581
f 1088 3738 3746
f 3739 3740 3743
f 2791 3492 3493
f 3492 2808 2807
f 2792 3493 3494
f 3493 2807 2806
f 3508 2909 3494
f 3516 3494 2806
f 2948 3503 3791
f 2105 3908 3896
f 3538 3802 3804
f 680 3878 3876
f 1891 1890 3910
f 2905 3799 3801
f 2900 3797 3799
f 2901 3797 3807
f 2734 2878 3806
f 2877 3807 3806
f 2820 3800 3794
f 2818 3796 3792
f 2823 3793 3792
f 2822 3793 3798
f 2819 2735 3800
f 2817 3796 3795
f 2809 3805 3795
f 2808 3805 3803
f 2805 3804 3803
f 1702 3921 3923
f 3922 3920 1797
f 3915 3916 1706
f 3918 3927 1692
f 1657 3898 3880
f 1890 1877 3895
f 3772 3770 1674
f 1689 1690 3772
f 3926 3802 3538
f 3516 3539 1689
f 3917 3923 1703
f 1598 3917 3928
f 3880 3884 1876
f 1691 1690 3925
f 3925 3926 1688
